taxa,PC1,PC2,PC3
IITA-TMS-IBA30572,-46.901397027102,66.0691826315697,3.61127625054174
IITA-TMS-IBA8700018-42(4X),-28.0221376876532,21.5150567691862,-1.31733439339619
IITA-TMS-IBA30001,-28.2143995985074,-15.0877024775079,22.8706505502168
IITA-TMS-IBA30040,48.4970131789128,-20.7558064539873,5.86122894999422
IITA-TMS-IBA30555,48.5529917049761,-30.8814976395009,27.4527844471059
IITA-TMS-IBA30555P3-2,-46.7760055794245,66.1697895119184,3.91806530536124
IITA-TMS-IBA4(2)1425,-35.4401795425164,13.8993810421624,21.6310319374108
IITA-TMS-IBA40764,-35.5471056308225,16.5861100269337,7.29963974468736
IITA-TMS-IBA42025,-35.358299450261,10.0941544932859,18.6519094241507
IITA-TMS-IBA71673,36.7149161862796,33.4798745865913,17.4796155395981
IITA-TMS-IBA8101635,22.9216104517701,45.7338053466688,-6.84474410507492
IITA-TMS-IBA8200058,-35.3218995606563,38.6016075737554,6.48702317447287
IITA-TMS-IBA8400353,-46.2133167647821,66.0231413225231,3.84144765917975
IITA-TMS-IBA8500680,-16.3661669542368,-5.61191041895331,5.13129702130287
IITA-TMS-IBA8700052,37.0427042739148,32.1541281072945,19.782603017532
IITA-TMS-IBA8802343,-25.4216952064494,-22.4937778976841,37.7205689716118
IITA-TMS-IBA8900250,23.5688391820037,37.5740971400811,-28.3407117060809
IITA-TMS-IBA8900963,0.871007277795744,17.4455465589062,-4.81272186603726
IITA-TMS-IBA8902195,-14.4633626244313,10.6269759914897,29.6091586370216
IITA-TMS-IBA9000099,0.255119374617732,22.6843217307881,6.02441596788943
IITA-TMS-IBA9100153(3X),-42.8544581617174,30.6344583147875,2.34739168174999
IITA-TMS-IBA9100255(3X),-22.6414056947636,33.4737563883124,1.18873208445911
IITA-TMS-IBA9100416,-34.9888979684213,25.7336774320968,10.4055543731099
IITA-TMS-IBA9100420,38.1143050650831,1.60256636949315,2.60852921092922
IITA-TMS-BAD9100455,-37.8698538107687,27.050540742364,-18.0172902215446
IITA-TMS-IBA9100459,12.5443430385807,35.2924945104919,-4.99561189852435
IITA-TMS-IBA9101730,-25.6759044637843,40.5533677308033,11.175124480284
IITA-TMS-IBA9102312,37.7694296164709,1.73681272059517,2.20151339408661
IITA-TMS-IBA9102322,37.8935259991865,-0.584107765896307,-12.6537432202812
IITA-TMS-IBA9102324,-28.7998391655723,11.2718640593087,3.89425427712071
IITA-TMS-IBA9102325,36.7702385408539,3.57904403062459,6.72910676921578
IITA-TMS-IBA91934,24.3527947754907,42.950368505066,-31.5985346085222
B9100462,37.8555036338422,1.74843037875976,2.3429787936356
IITA-TMS-IBA920057,-26.7880368344797,-8.81227846653114,16.9610614693997
IITA-TMS-IBA920067,39.0790004546801,-10.0512301388899,-17.3021002162014
IITA-TMS-BAD9200061,35.7437102185432,-2.98683211756737,-29.3031061681657
IITA-TMS-BAD9200068,35.7827449522465,-13.4131969583249,-15.513622110857
IITA-TMS-IBA000338,-29.6496133872151,8.92305387301121,-2.55073090560487
IITA-TMS-IBA000342,10.2787161659176,0.516371427964047,3.29772808348719
IITA-TMS-IBA000345,-29.0630269110333,11.9077350929008,-0.216149330632938
IITA-TMS-IBA000346,-28.2068594758977,-3.64655425506786,9.51871265485725
IITA-TMS-IBA000350,34.4892260759236,2.21497365100916,3.34537924020743
IITA-TMS-IBA000351,-29.7985919704235,5.02021349149231,-7.24532031535637
IITA-TMS-IBA000354,30.3525796323346,3.08514839531544,-4.18606725806357
IITA-TMS-IBA000355,21.5710778211361,4.73080745525868,0.931817685934795
IITA-TMS-IBA000364,-33.4658706477614,21.5579622109344,-5.75194929315369
IITA-TMS-IBA000378,39.759172836503,-12.9996472474462,3.6379845345556
IITA-TMS-IBA000388,-31.1707161711958,8.1916908519919,-2.92162432198813
IITA-TMS-IBA011115,34.8671626494289,6.69037355172465,8.08720907418375
IITA-TMS-IBA011224,-14.4284828314736,3.15184625311204,35.0632743443481
IITA-TMS-IBA011235,31.0765286302848,-12.4115497309352,-19.1162473980147
IITA-TMS-IBA011273,41.2424350864147,8.84936009927659,23.777026551595
IITA-TMS-IBA011331,41.0224518274547,18.6305587103861,29.2353830017199
IITA-TMS-IBA011335,37.9554032870206,32.3173852698587,19.3759365024624
IITA-TMS-IBA011368,-2.17014845457415,38.1708298288755,51.9351152383885
IITA-TMS-IBA011371,-9.40306883926703,59.024014797012,35.0366769306041
IITA-TMS-IBA011412,-23.0741297799138,14.4139579192342,18.1005167195943
IITA-TMS-IBA011413,15.620804547591,19.6514915975513,36.5874010753217
IITA-TMS-IBA011442,-3.23348574097752,25.3012468012504,23.9429003219421
IITA-TMS-IBA011646,36.0456065182938,26.0940409891548,19.4099770938281
IITA-TMS-IBA011663,40.3513870687215,2.43066147700183,14.8755823307432
IITA-TMS-IBA30211,-35.5998096071197,16.3746777431311,7.27369965507699
50395,34.3124550865123,27.1931930050543,-12.7771795048365
IITA-TMS-IBA60142,-31.2844064429153,-10.6884345330297,18.2914269834117
IITA-TMS-IBA60506,35.7600583476067,18.0758993691878,-3.12096969671515
IITA-TMS-IBA8400316(4X),-39.5919157629092,44.1743511866275,-1.26207534040712
IITA-TMS-IBA9001554,-32.1762452563063,39.2485598861507,27.059363569344
IITA-TMS-IBA920110,-29.8211815770902,3.57083844241525,1.10134959683233
IITA-TMS-IBA4(2)1443,32.4849043959151,11.5756973233133,11.1856688789052
IITA-TMS-IBA000017,-32.2035197812067,21.501776569394,-11.8286350537526
IITA-TMS-IBA000028,32.0785074738359,38.8497632977234,-1.74680368360301
IITA-TMS-IBA000049,-30.7732721770695,14.0543112147526,2.82018227629687
IITA-TMS-IBA000061,-0.749285462008437,-11.5172243693079,9.26621350346181
IITA-TMS-IBA000070,37.0343406566886,-14.4685649876276,-22.4578274206271
IITA-TMS-IBA000093,35.8247305134339,8.64956583653714,-1.74756343513824
IITA-TMS-IBA000101,24.322630637503,37.8513212221562,-12.981398917456
IITA-TMS-IBA000107,9.94487441107369,10.8027277613183,-24.4233414324792
IITA-TMS-IBA011206,19.1368369465552,-13.3564815195953,29.756981216558
IITA-TMS-IBA011231,34.4390161437988,21.7209677940185,10.3593892888936
IITA-TMS-IBA011296,27.2984173116584,3.91668054648951,-12.1993904149665
IITA-TMS-IBA011404,33.0472965975005,26.6148664364355,20.8337424952239
IITA-TMS-IBA011417,-5.43759571670285,34.4255679152112,39.8314906070323
IITA-TMS-IBA011423,33.6714936939161,-21.7405908711602,-0.771059623807035
IITA-TMS-IBA011551,-29.948947550161,-1.92042022286088,16.6564875757346
IITA-TMS-IBA011560,38.0487874887767,7.94342938636623,14.6960434467242
IITA-TMS-IBA011635,37.5370510173581,15.8800255111736,20.317075583377
IITA-TMS-IBA011659,-13.9178740709125,1.34052857821594,35.0223714659596
IITA-TMS-IBA90853,32.1852385851856,2.31437179227554,-1.7917986080911
IITA-TMS-IBA920053,21.5334473439936,31.5484480188761,3.36379722547888
IITA-TMS-IBA920211,38.1340109057316,-11.9507360762497,-27.6779338254721
IITA-TMS-IBA920258,-36.1646853737246,37.2289493493646,5.32507330816468
IITA-TMS-IBA920269,34.5531542815961,9.28936463972052,-22.6914132008003
IITA-TMS-IBA010034,-27.9059489445683,-7.92909249498875,11.5744268567737
IITA-TMS-IBA010040,34.6610305747637,-0.241587731499975,-4.07894633248281
IITA-TMS-IBA010045,38.319950722344,-7.41716053806434,3.8704799119903
IITA-TMS-IBA010046,-15.5763749781293,-17.991485570417,17.3595011205643
IITA-TMS-IBA010085,-23.556386184059,-34.7655190353904,-1.30865688400075
IITA-TMS-IBA010090,0.176279219277674,-4.00916591849798,26.8048613216607
IITA-TMS-IBA010098,41.8390447342822,-10.7791169615665,1.53702982444956
IITA-TMS-IBA010103,-24.5887078094039,-21.4985315182007,9.06633568340018
IITA-TMS-IBA010131,33.7939762057251,17.8567954784807,4.57769286809889
IITA-TMS-IBA010134,33.5405127503484,-4.772846669596,-0.971293758873451
IITA-TMS-IBA010169,-16.064086409911,-17.7933383380182,17.3165125305906
IITA-TMS-IBA010171,28.3278063701312,26.9853089513513,-12.2422483038065
IITA-TMS-IBA010265,33.6788769011162,-21.8500752104471,-0.861569497156748
IITA-TMS-IBA010732,-31.3057871134155,0.821460862977681,19.944599540332
IITA-TMS-IBA010760,39.8274655178906,-3.63112920269423,7.61737295841144
IITA-TMS-IBA010819,37.2015546870309,23.1181974386602,20.3318132947723
IITA-TMS-IBA010903,21.1675574244216,35.5156888183514,-9.40100558289027
IITA-TMS-IBA011086,-20.082827502703,10.9935291347478,30.3909658110634
IITA-TMS-IBA011097,-27.6129496366726,5.27015146927086,4.67758197352215
IITA-TMS-IBA011731,-11.8096347742852,-51.9933839967123,18.3051248501437
IITA-TMS-IBA011732,-11.4562808305059,-52.0118665536007,18.6734853976317
IITA-TMS-IBA011735,-15.7770796227228,-55.632917753831,19.730793826856
IITA-TMS-IBA011760,20.8254834418256,4.58399507008042,19.2964214223007
IITA-TMS-IBA011797,51.4533017645434,-36.3026819722453,25.0417365744569
IITA-TMS-IBA011807,25.9487658014253,10.4708051884838,-35.4300460586099
IITA-TMS-IBA011813,31.1427886549966,-13.2144274011756,-18.9190031502465
IITA-TMS-IBA010536,39.8255658447372,4.94596945699778,23.4859744442126
IITA-TMS-IBA010615,-8.09354519473357,-2.57001259776533,-2.97027953292655
IITA-TMS-IBA010622,14.0292003629288,7.59937095139564,7.12032629694113
IITA-TMS-IBA000203,-28.5053281675671,-31.7965679411739,-2.90220930016832
IITA-TMS-IBA000210,26.1844642835213,-12.4910073270094,-3.33718333012538
IITA-TMS-IBA000211,-38.3908785257077,16.2324156007637,-9.61648944850141
IITA-TMS-IBA000214,-2.51617681861522,-28.1209614916511,-5.6294078005868
IITA-TMS-IBA000222,32.2746030524619,8.24175321041703,-4.60236841690434
IITA-TMS-IBA011802,-28.1034502568489,5.50992551128893,-5.92701248774393
IITA-TMS-IBA020091,-37.5463840756931,12.4919018535826,-18.878522544441
IITA-TMS-IBA020103,-30.4362516882913,1.74475034983915,-2.40975336982784
IITA-TMS-IBA020105,33.7194658214484,8.67319608693818,-29.7270719050397
IITA-TMS-IBA020129,31.4772126472625,15.5703929515289,-23.3536077264268
IITA-TMS-IBA020131,-26.6473841466827,0.234797509294223,7.31496627498473
IITA-TMS-IBA020133,-1.21607669932698,1.29854735710707,22.0529869700402
IITA-TMS-IBA020134,27.3620206032286,3.82802288239003,-12.3078202674087
IITA-TMS-IBA020233,-26.1443858596147,-8.0561206580037,14.1316227406332
IITA-TMS-IBA020285,-19.8971834479211,-44.3955314672123,17.8324554582595
IITA-TMS-IBA020388,34.0920927767149,-21.6768370859489,-34.3027112257699
IITA-TMS-IBA020409,27.1413565435944,12.0957335046816,-30.764017694171
IITA-TMS-IBA020431,38.899922201004,-19.1096294313491,-10.3687150084419
IITA-TMS-IBA020432,-31.7211437697272,-7.12794079187513,-6.05282290607406
IITA-TMS-IBA020444,27.4057710670011,3.82971073331643,-12.2262035821229
IITA-TMS-IBA020452,32.5652873780429,13.7681781391756,-2.09768431698693
IITA-TMS-IBA030061,29.0810424251741,-13.1337943061095,2.46651332156479
IITA-TMS-IBA030075,30.2953241658668,3.04443970793241,-8.638822429862
IITA-TMS-IBA030141,40.7147959154802,-9.08907277665893,2.27839864435025
IITA-TMS-IBA030177,-2.39693903732613,-0.931905921594619,27.6506004219573
IITA-TMS-IBA030213,-25.8693184203802,-8.12158935093766,20.1604252090749
IITA-TMS-IBA9101730(4X),-25.5404565838534,40.662772218715,11.3627734088353
IITA-TMS-IBA9102316(4X),36.7791246887608,3.574233359719,6.93413025384273
IITA-TMS-IBA9102325(4X),36.3895613684177,3.84677923772123,6.96535183718223
IITA-TMS-IBA91934(4X),24.2269905879169,42.5561346545049,-31.6487873692356
IITA-TMS-IBA920057(4X),-26.6557509477605,-8.61175572528371,16.7136551574023
IITA-TMS-IBA920067(4X),38.9518670970726,-9.94569332934241,-17.0786644115137
IITA-TMS-IBA010606,-16.1830761290903,-17.8526194762567,16.9784744303032
IITA-TMS-IBA011752,54.3212801135635,-53.2109156669096,26.8661855811355
IITA-TMS-IBA83672,-31.6064319361094,15.9888391389568,18.9179302268902
IITA-TMS-IBA8801504,-37.7415006296227,32.0738468684747,10.453294931635
IITA-TMS-IBA020527,-35.8714865511064,36.505450927655,4.98613315171693
IITA-TMS-IBA020588,-30.9886505028272,20.2693872341993,21.1286347218907
IITA-TMS-IBA020570,-31.2162041506121,20.0061419659707,21.2002676117728
IITA-TMS-IBA020516,-40.1883655575852,2.33878180591741,7.93125809502166
IITA-TMS-IBA020510,-33.1841976542978,24.7888076486774,11.4627885156236
IITA-TMS-IBA020514,26.5215425862022,40.7507819707461,-10.3774724943758
IITA-TMS-IBA020540,-14.52078352221,1.72348164790781,-12.7058076433425
IITA-TMS-IBA030242,-13.7607053491886,17.2810999831263,5.04701046935919
IITA-TMS-IBA030275,-12.2466344543443,30.2261361523174,-9.44584853082199
IITA-TMS-IBA030264,-28.1960722649618,5.86349842326586,15.0253124222564
IITA-TMS-IBA030292,-10.3563105373976,7.56838710764004,12.4961160622715
IITA-TMS-IBA030265,10.6080009768764,26.305648330348,-6.99816314650848
IITA-TMS-IBA030279,11.8341448269028,35.6488188595341,-1.46793515752202
IITA-TMS-IBA030256,31.4864618766827,36.4701450068925,-62.0314927530227
IITA-TMS-IBA030284,28.5302302838265,-1.99966502561736,-5.3939902869276
IITA-TMS-IBA030224,-1.9827395383116,26.5539831744644,-14.8228522193957
IITA-TMS-IBA030276,-27.4186153150824,21.1928651769448,23.7481055959709
IITA-TMS-IBA030273,-31.6885255974789,21.0890701366368,15.7906523271583
IITA-TMS-IBA030305,26.108614777388,30.2840210931083,-10.4012778852112
IITA-TMS-IBA030254,30.3255437630307,29.4730243754071,7.19972909135952
I974045,34.4856524992594,29.6633664117947,17.478875033151
IITA-TMS-IBA051646,-3.18438294983654,34.0442568651391,40.488928155542
IITA-TMS-IBA051600,39.2553594163567,30.3600924625949,36.9845793645019
IITA-TMS-IBA051626,39.7436682449585,31.3416890262587,37.2857287623925
IITA-TMS-IBA051662,39.2863066881512,31.4171018814824,37.0993562123735
IITA-TMS-IBA051658,35.4208955354733,24.0229319029601,24.5908989349187
IITA-TMS-IBA051652,37.3735514270795,34.3967645433476,35.6294201019335
IITA-TMS-IBA050127,-18.3698756707803,3.45521964197227,15.7276263251156
IITA-TMS-IBA051636,42.8754306448801,18.601172293023,40.6974946166413
IITA-TMS-IBA050100,42.0448019507541,-6.92869380371127,19.8162954462738
IITA-TMS-IBA051632,-4.89426998505413,13.8592808567457,33.2987655380766
IITA-TMS-IBA051599,43.4116740422253,12.4754023157194,32.4042668568885
IITA-TMS-IBA051601,19.5645124709605,14.8682545325894,4.6592042619941
IITA-TMS-IBA050303,12.4588382623052,10.8464428776398,14.2093409944482
IITA-TMS-IBA051631,-23.060413229696,18.3772834958245,30.4683286787755
IITA-TMS-IBA051625,39.7265596358309,30.9818215771161,36.7323060245686
IITA-TMS-IBA051654,38.623442222435,18.9022021649669,25.5932339800709
IITA-TMS-IBA051653,25.2100962393067,-11.8696066762155,-31.2820944800974
IITA-TMS-IBA050473,26.3365491975709,-0.190272087681044,30.0493128334033
IITA-TMS-IBA050186,20.3262412527699,60.8791001250737,19.075571343906
IITA-TMS-IBA050327,21.073053537117,-4.50230627458292,18.5450506323719
IITA-TMS-IBA051740,38.4746380145676,2.3544737098812,-6.53113314023869
IITA-TMS-IBA050741,21.3118923143636,-5.86824016082788,17.6330610064665
IITA-TMS-IBA050286,-0.98466314619899,45.6698606593177,1.37770213222456
IITA-TMS-IBA050099,37.9782044977623,-0.810535005963977,13.6404241763104
IITA-TMS-IBA051814,38.0214654588755,4.59555403054093,1.80053407698319
IITA-TMS-IBA050998,45.2678871266332,-4.01070202051935,21.1834387471369
IITA-TMS-IBA050231,-20.6081994714596,19.9064102178991,7.79395916092689
IITA-TMS-IBA051553,24.3854820584912,-17.3317250296206,-20.3154044952781
IITA-TMS-IBA050128,43.7627803881693,-1.46230598103224,9.52026585696101
IITA-TMS-IBA050311,39.583820509049,5.47031438820206,14.0092493051312
IITA-TMS-IBA050024,33.0158438177372,-3.01034258661648,-5.60027767366656
IITA-TMS-IBA050125,-29.5481769178991,13.8314882095311,26.9402913241031
IITA-TMS-IBA051274,-42.5784484530191,-10.6171203064132,4.76299837824481
IITA-TMS-IBA051570,35.269769109338,-3.4305061103102,-3.43479731369366
BAHKYEHEMAA,23.4473690678521,-17.0355145238562,3.33837900472399
BA95070,-41.7575297075065,27.1089300509745,8.34714293621019
DOKUNBAHKYE,-19.0214465962272,-21.762825932854,18.3546859083184
IITA-TMS-IBA030007,-24.9912574798647,7.77157726533719,6.41551637362776
IITA-TMS-IBA030028,-22.3464627526212,18.6974069794104,13.179141178214
IITA-TMS-IBA030059,-13.2407274125001,25.0467545300262,-14.3856072695442
IITA-TMS-IBA030013,27.5933741875958,3.77126799345613,-6.79522330078796
IITA-TMS-IBA030042,20.1741312576212,51.82981537148,-9.00816311301627
IITA-TMS-IBA030060,31.5978178254438,35.9739343183399,-61.492705000973
IITA-TMS-IBA030006A,-37.916886066947,13.7699810504785,0.0887426876323415
IITA-TMS-IBA030006B,31.4308330765233,10.916857222029,-34.7690051431657
IITA-TMS-IBA030015,28.8421670959347,22.7264150486553,11.2605716725026
IITA-TMS-IBA030057,36.0788903047263,0.603105914187853,-9.92747695904474
ESAMBAHKYE,32.0534811184753,12.2878167429763,-1.70727266877433
IITA-TMS-IBA030030,-32.4274933140162,26.3674329314503,6.08787470688172
IITA-TMS-IBA030055A,31.4801318165564,36.2332277255132,-62.2100611218325
IITA-TMS-IBA011811,40.1708222654332,4.62968337565175,23.7155164734901
95NA-00063,36.3212495358244,-2.50282329143638,-7.94641225933849
IITA-TMS-BAD92033,36.8899471417592,0.678837075591288,-23.2641735368698
CH92108,-33.5268259018877,22.2678826938443,3.78491516018243
IITA-TMS-IBA070835,35.9947645291425,20.7933971133442,21.9110996856167
IITA-TMS-IBA070525,-16.5069514070135,12.7942989569735,29.4361107693754
IITA-TMS-IBA070952,-10.9384360431903,-4.19925117263995,26.7161787900181
IITA-TMS-IBA070749,43.83494226888,8.35839885523693,25.6665344139023
IITA-TMS-IBA070498,35.2217051399746,28.0153704015164,18.5311358658717
IITA-TMS-IBA070539,36.2647344572297,35.1893292168284,20.8960342658082
IITA-TMS-IBA070632,32.9225441023386,36.6117011713753,15.8733402445701
IITA-TMS-IBA070520,38.2161574223159,30.3093238381607,38.5360310063104
IITA-TMS-IBA070751,36.5509793288499,19.6479473114623,25.6881892371317
IITA-TMS-IBA070620,10.6909541637886,20.3702910384237,8.92278314092774
IITA-TMS-IBA070752,35.5219199202375,15.4164425300421,14.9933697666065
IITA-TMS-IBA070675,-5.50122890983052,18.986374441238,28.0267520085383
IITA-TMS-IBA070756,23.274758061421,3.32675536555574,7.29537027881631
IITA-TMS-IBA070999,-8.38759034360072,58.2285691507171,29.556842621813
IITA-TMS-IBA070553,34.0306865231023,10.910041281267,11.4775516893714
IITA-TMS-IBA070910,42.614025144333,24.6976110066851,33.2643665326528
IITA-TMS-IBA070593,42.5100995458138,24.6560063752254,32.9771701237879
IITA-TMS-IBA070481,34.0222525806194,53.6001223131347,15.3735996885628
IITA-TMS-IBA070576,37.291647436573,37.2483261084713,33.3794103031193
IITA-TMS-IBA070874,-12.623204566967,72.1874301682597,29.5342234465062
IITA-TMS-IBA070808,-3.63798076819,22.4599448115954,33.5971021642812
IITA-TMS-IBA070614,39.6700029425242,14.8966837960183,15.2053084480116
IITA-TMS-IBA070649,0.755584762932698,13.5983019018678,27.8814898088468
IITA-TMS-IBA070974,36.7803731548019,23.9549846006849,20.7866117144169
IITA-TMS-IBA30555-7,-29.5377989527271,-2.83160467939587,23.1617267621313
IITA-TMS-IBA020509,-33.2133034402305,24.7070769913853,10.8555155416934
IITA-TMS-IBA071393,-19.6334790203419,-22.7789239325793,-8.29127535570096
IITA-TMS-IBA071378,-31.2827454319054,-40.2097216289077,-21.832499090083
IITA-TMS-IBA070134,-8.99807463315056,22.1920430985877,11.5573808340248
IITA-TMS-IBA070337,40.6160180997414,10.628050082713,22.0387707227213
IITA-TMS-IBA070004,-33.7258797347208,-3.26285073205622,30.790987195322
IITA-TMS-IBA070299,-4.57098444364092,7.21664372490955,15.3736409175937
IITA-TMS-IBA070126,-12.6617132391208,-21.8823914734304,6.99502024308488
IITA-TMS-IBA071295,37.5326039448554,14.2455803189592,4.05617393161339
IITA-TMS-IBA070067,-16.9723146780413,57.2856803600715,10.461743065653
IITA-TMS-IBA070374,44.6106368418443,-26.1440489648735,0.239214178963803
IITA-TMS-IBA070258,-25.8656044996666,-32.5306917889266,13.2644621841948
IITA-TMS-IBA070048,-36.572916227611,25.406373274073,14.0895208260891
IITA-TMS-IBA070094,-30.1241956427597,-5.93731999833615,-4.95279920999493
IITA-TMS-IBA071313,-36.5567511906122,-32.6361567143736,-24.7404213245263
IITA-TMS-IBA070045,-29.939284176957,-30.746513488815,-11.8845495239931
IITA-TMS-IBA062630,-31.8880305768594,-37.0598639008934,-31.0836298013598
IITA-TMS-IBA063046,-34.8338511114039,-29.1005004258772,-14.5627093911656
58308,-28.7336535748437,-2.76890351941435,22.7508095298022
IITA-TMS-IBA060889,38.1054395512221,31.5201234779196,31.1202513270644
IITA-TMS-IBA061101,41.8980499641215,14.6410555350177,36.3522286517589
IITA-TMS-IBA061155,-2.64318520291648,23.3461751408901,37.7527354634959
IITA-TMS-IBA061348,32.5851914281236,22.3728429117794,18.1529298784677
IITA-TMS-IBA061404,-5.50245564944092,28.8934114791205,38.5342610881989
IITA-TMS-IBA061577,30.5332596361884,5.00252745725842,21.2318083942539
IITA-TMS-IBA061635,34.6928986696089,52.429288151336,21.6857678920215
IITA-TMS-IBA061640,-10.0297964076632,43.2104233133762,27.0859694885631
IITA-TMS-IBA061673,37.0326599269096,19.7383187049322,18.6344316577367
IITA-TMS-IBA061679,-11.3612145967292,54.8271723280151,19.3178286158019
IITA-TMS-IBA061744,-30.1715920800715,30.1471937614198,22.1241523757141
IITA-TMS-IBA061766,40.0882328964549,7.71727733102023,21.826294638905
IITA-TMS-IBA061856,30.6332455951449,5.88654203036979,29.0672819095902
IITA-TMS-IBA061911,17.8018302551978,39.7927547575901,27.3338493867366
IITA-TMS-IBA062021,-2.19801825985054,36.2033282255054,24.7326297844246
IITA-TMS-IBA062052,34.9578570115408,23.3549871180312,22.3414189791832
IITA-TMS-IBA062116,-5.33689186486032,28.1680228035444,31.0937017849569
IITA-TMS-IBA062231,38.9720508761113,3.99258213425611,19.8841083728812
IITA-TMS-IBA070628,35.8961273626093,34.4565516293244,27.2870997482421
IITA-TMS-IBA070824,36.4507767712623,35.3138446483816,20.8015822224591
IITA-TMS-IBA070962,19.3329293806298,28.2197831489278,32.9587944545752
IITA-TMS-IBA070982,30.864096879971,13.3816222545791,10.4893596590654
ICB5-10(80411),18.3202960885332,38.4033192019114,-3.1856355303365
IITA-TMS-IBA100198,42.0586923079422,4.76506648309713,27.4261853881695
IITA-TMS-IBA100224,-26.8193004162247,-5.32953572455886,28.2121564312612
IITA-TMS-IBA100330,39.4860409119258,-4.05855547551666,6.13548708949242
IITA-TMS-IBA100449,27.1191101781828,17.4780656254719,24.4240668460024
IITA-TMS-IBA100634,-17.4410312128148,3.03740573110685,14.8677813086607
IITA-TMS-IBA100649,-16.6867690930629,6.85917508907899,23.8169329236339
IITA-TMS-IBA100791,-2.86180981916969,18.5358932173293,40.8536599295631
IITA-TMS-IBA101014,-13.4774289293477,-5.55059487888172,16.9714753846196
IITA-TMS-IBA101040,-29.7903093080383,-4.83308617714234,12.5364208551521
IITA-TMS-IBA101075,27.3729442217643,-12.930411031817,-19.6446623512822
IITA-TMS-IBA101094,28.933544884073,26.2296379729504,16.5121645852494
IITA-TMS-IBA101129,36.6199493379201,1.79798300630376,-1.36602601269627
IITA-TMS-IBA101251,26.5910801144997,-5.64622330698428,13.4643899009939
IITA-TMS-IBA010728,36.0124675392227,7.41874128709583,2.49845842965499
IITA-TMS-IBA101438,-27.6264852833831,-10.0941113889498,27.7749247914061
IITA-TMS-IBA101457,-24.4411834441679,0.346309452428443,28.5736516214338
IITA-TMS-IBA101573,32.5691513732713,16.7168906568418,2.11761978144328
IITA-TMS-IBA010753,29.0962577965579,22.5785974848712,-4.56297895142446
IITA-TMS-IBA101618,9.98247120610145,-2.56832165771378,21.0038634216904
IITA-TMS-IBA101645,-31.295205468966,14.7157767447865,0.438412151662796
IITA-TMS-IBA101765,-33.5571915888125,27.1992773548575,12.6432328518144
IITA-TMS-IBA101782,0.258085957125048,-14.5990064653214,-26.8080787784404
IITA-TMS-IBA101803,-34.9074879031896,15.4775767823602,8.76577423359983
IITA-TMS-IBA101819,-20.9592868522175,0.92006589928007,17.5294205955878
IITA-TMS-IBA101841,-21.145647553892,-28.436011385112,21.1513534521589
IITA-TMS-IBA101857,-25.1835431049461,3.90436894117162,19.3134133929373
IITA-TMS-IBA101878,-17.7332735896598,-5.54968097576769,11.4946873425938
IITA-TMS-IBA101893,-10.4608824647027,57.9776860051942,40.4770133074703
IITA-TMS-IBA101898,-3.80140878087998,24.5124829164426,35.9731626216615
IITA-TMS-IBA101917,-8.4664333024026,42.3234138777306,51.3447968224004
IITA-TMS-IBA101921,-7.78320880751218,48.5163010906186,31.5305836137024
IITA-TMS-IBA101927,-8.91351972195829,53.2910650827598,32.6919729631319
IITA-TMS-IBA101976,38.9797320662421,14.6041877098286,18.8878433270961
IITA-TMS-IBA102091,-2.55380622170032,34.8911988382105,51.3384292198086
IITA-TMS-IBA102094,-1.50630869513806,21.8418524313872,51.2935806324996
IITA-TMS-IBA102097,37.5884398417528,41.8566078220561,43.4631828989288
IITA-TMS-IBA102122,38.7822255233094,25.8368037087078,32.7499753440356
IITA-TMS-IBA102123,36.9050321661514,33.7270353704776,33.2941964874394
IITA-TMS-IBA102125,37.2244046735149,38.6944777943035,41.1727293180605
IITA-TMS-IBA102133,38.4015925119186,38.5876670648775,40.7235145962857
IITA-TMS-IBA102178,40.3708170868689,13.9729623445024,21.3666522204898
IITA-TMS-IBA102199,38.9279801109543,8.28368568979471,19.879011717474
IITA-TMS-IBA102202,39.6975069448833,6.15249822796218,20.6671300084942
IITA-TMS-IBA102210,38.6338081743558,9.06522079865914,14.8103238288088
IITA-TMS-IBA102217,31.8944780039003,56.0163865022187,32.9745075666141
IITA-TMS-IBA102219,29.5594297503295,59.0151137382006,26.5307597707839
IITA-TMS-IBA102222,-5.42550489378562,40.5837018763399,37.4032352149352
IITA-TMS-IBA102224,-4.76462309880542,35.550545154548,48.2360492462213
IITA-TMS-IBA102227,34.0207504362391,40.3487712357867,29.8445624259725
IITA-TMS-IBA102233,34.8547505725311,19.3923806833715,22.1538366326865
IITA-TMS-IBA102250,34.83604314107,50.6309628684616,38.3830588161527
IITA-TMS-IBA102273,37.5844393895236,11.834910067472,13.9048896328491
IITA-TMS-IBA102277,37.577679210745,28.7275908461269,27.7027898984679
IITA-TMS-IBA102278,38.7695274220202,17.5400763198889,22.2045714939763
IITA-TMS-IBA102289,39.0457434942188,19.4334616111307,28.8186074336639
IITA-TMS-IBA102294,40.0504264977296,23.4170294972034,21.8977885173807
IITA-TMS-IBA102353,27.8518044693352,56.039354463694,11.6939510457847
IITA-TMS-IBA102357,38.5761076001029,45.6203796387028,40.2230851262826
IITA-TMS-IBA102364,35.9500597984771,46.1938319862164,36.4340863589002
IITA-TMS-IBA102390,41.1744593779765,8.26747912925923,22.3685193104647
IITA-TMS-IBA102397,35.4775842553134,26.7169033081938,24.6061341087885
IITA-TMS-IBA102399,-13.162548472958,3.36572826704873,30.0838333511289
IITA-TMS-IBA102400,35.3239926435151,13.2312841562857,19.8530258916571
IITA-TMS-IBA102404,29.6915069510844,52.5666231042028,24.0371458521773
IITA-TMS-IBA102410,36.683236946588,33.6706125091158,25.2484490904182
IITA-TMS-IBA102427,17.749158563479,29.4890455529847,13.4472282781291
IITA-TMS-IBA102428,-2.04183536318213,16.2788904586243,41.2182181249408
IITA-TMS-IBA102431,40.2095781181311,22.8633510240072,35.249701560704
IITA-TMS-IBA102448,37.1439882003219,20.4028975790536,19.1340699423427
IITA-TMS-IBA102480,-16.5155222045471,-4.69831147465465,35.4819998344265
IITA-TMS-IBA102489,-28.3960249855767,29.4773554820458,13.425827068295
IITA-TMS-IBA102535,34.5661021249559,14.3424895054792,25.278517976289
IITA-TMS-IBA102545,-22.3385449767033,38.6675788078015,19.2537238058189
IITA-TMS-IBA102546,-9.06319349731998,40.1429710812186,22.8739668604308
IITA-TMS-IBA102554,23.9311639300788,56.5397606718415,29.8393007487464
IITA-TMS-IBA102574,15.5349292011147,18.4893624837622,27.8399765548003
IITA-TMS-IBA102600,-8.63631110237668,40.3294057633355,23.3841446913519
IITA-TMS-IBA102608,-8.58447460613122,52.0692029645595,28.5543344472906
IITA-TMS-IBA102612,20.4566400903131,20.7487833131268,31.025313635883
IITA-TMS-IBA102616,-9.90556722061465,61.4993427812111,29.9669006236195
IITA-TMS-IBA102618,30.6528135952747,52.8605204076728,20.2815814251555
IITA-TMS-IBA102638,-6.49077721672233,46.4197285314992,25.9990121742275
IITA-TMS-IBA102640,32.4592410937855,43.6154359317734,20.232958342394
IITA-TMS-IBA102654,37.5375908831641,30.9740024430181,26.4177538396548
IITA-TMS-IBA102658,-8.53681454065147,25.4465269988018,30.0206517159012
IITA-TMS-IBA102659,35.8282146754186,26.7638384472367,16.0440028802772
IITA-TMS-IBA102666,-13.2366066452103,24.5160908895708,36.7811338142139
IITA-TMS-IBA102675,34.9680175841545,35.0514330910781,25.2882350466915
IITA-TMS-IBA102676,-13.7753617460508,26.2038899424423,35.2727577487974
IITA-TMS-IBA102677,42.1605589122052,21.911281155023,35.6808854404451
IITA-TMS-IBA102686,31.223888757703,1.58017465896848,19.4052680962646
IITA-TMS-IBA102691,34.3438176985088,33.5295240052481,33.1043960555319
IITA-TMS-IBA102708,37.4853649853827,9.01961282610175,18.5113715176588
IITA-TMS-IBA102710,20.7806178348509,15.120079842649,22.7394005601255
IITA-TMS-IBA102716,-10.3665860404003,54.1453290783185,25.6320348898169
IITA-TMS-IBA102718,32.5548475951862,56.3610739024637,29.6838696231203
IITA-TMS-IBA102721,-0.57076890085813,37.3976876812379,24.4075510840498
IITA-TMS-IBA102731,-13.4346427510551,69.6299684783818,13.9847076929858
IITA-TMS-IBA102736,30.1590285812576,59.5235301390244,17.5478640706158
IITA-TMS-IBA102741,-4.43148190694676,23.334765679347,30.1199449114641
IITA-TMS-IBA102767,-8.3312677688409,36.6509059470039,26.9837650909712
IITA-TMS-IBA102815,18.4107053296313,17.1417426553634,13.2944686152008
IITA-TMS-IBA102820,33.9908640432508,40.4786193902053,29.9064004288386
IITA-TMS-IBA102896,33.2549734657912,28.6960359880319,18.3182590324424
IITA-TMS-IBA102898,33.0090067613427,20.1591884970136,16.1461241731004
IITA-TMS-IBA102910,35.6183395301242,20.7011966692847,16.3734707569432
IITA-TMS-IBA020093,-21.0708956357858,4.3853252333472,-2.09547410715569
IITA-TMS-IBA020100,-20.2868928875796,-10.6955677786692,2.51503072949129
IITA-TMS-IBA030060A,18.9151752237628,37.0494252270172,-34.0655188254055
IITA-TMS-IBA050251,-22.884705210918,18.7984657024678,30.3716275645544
IITA-TMS-IBA061365,-2.8057349044253,23.0568083739773,37.5726024535897
IITA-TMS-IBA070536,36.9664463422161,29.2723607041982,32.2683303944116
IITA-TMS-IBA070557,37.9992284105072,9.04153091718612,16.5329754387319
IITA-TMS-IBA070670,36.2721233534717,21.0188446522257,10.0899127056117
IITA-TMS-IBA070683,0.635074662770321,20.7171263810172,34.0161533160091
IITA-TMS-IBA070703,-10.0661022805617,13.1335003669181,42.6039138897238
IITA-TMS-IBA070736,-3.27592574411681,15.5443319412992,19.0620472207855
IITA-TMS-IBA070738,0.728821740688074,20.8401688842047,33.9549262731346
IITA-TMS-IBA070753,39.2532960950164,28.0318942084273,32.9178536618265
IITA-TMS-IBA071026,39.2304952639767,21.6500838331007,33.6892440540735
IITA-TMS-IBA082032,-30.0111615419474,24.3567768406546,13.0002650578921
IITA-TMS-IBA082159,-24.4013462974373,18.8531837547719,25.945550542259
IITA-TMS-IBA082189,-5.39237970617855,44.8390895399932,39.5519254456043
IITA-TMS-IBA082393,0.718503053140429,7.74488489063541,24.5777656497894
IITA-TMS-IBA082418,36.8590193114371,48.2315249948045,46.4808197943702
IITA-TMS-IBA082425,-5.56243431247434,16.5076117535618,22.5180423078336
IITA-TMS-IBA082432,-10.5907826353916,36.7721643237326,18.3169727384716
IITA-TMS-IBA082636,-2.92239025348985,41.3107393307417,45.4936257600326
IITA-TMS-IBA082708,-6.17288850308165,55.9768658903859,42.7377906657452
IITA-TMS-IBA082993,-23.5950300141222,-7.26135721866653,13.8421343808035
IITA-TMS-IBA083043,34.9156351285071,44.286049181406,34.8041575810613
IITA-TMS-IBA083196,28.5054498093038,24.8841495256206,12.9050601915438
IITA-TMS-IBA083389,-13.6432205525944,76.2973948274303,41.8967987327642
IITA-TMS-IBA083426,37.5739150964702,50.836609068547,52.1144230309465
IITA-TMS-IBA083535,-3.57815480112602,23.6872921158367,36.3065763670867
IITA-TMS-IBA083565,33.1640979701634,50.6304589287168,27.2377046446026
IITA-TMS-IBA083568,-24.4922077421602,25.462361038538,41.9925360843619
IITA-TMS-IBA083579,-37.1448431154672,18.1075045044933,44.0472139906708
IITA-TMS-IBA083580,-24.1309418383008,25.1063878869303,41.9577208803914
IITA-TMS-IBA083594,19.5705957245793,31.0941744686721,19.9969654060942
IITA-TMS-IBA083718,-26.4017924321275,20.3086395304623,11.5191102790787
IITA-TMS-IBA083724,-24.8816484900649,21.5466277384922,21.3267518805809
IITA-TMS-IBA083739,-27.8291555726336,29.4511518350992,20.5650774238352
IITA-TMS-IBA083774,43.4364238596278,16.1670958839872,36.3777994452603
IITA-TMS-IBA083849,-26.1206115718285,15.0005882388461,13.9366226071722
IITA-TMS-IBA088674,34.8471586133374,8.68185242953199,10.9463850725141
IITA-TMS-IBA088682,56.7679922038709,-61.1744751163976,35.9597653420445
IITA-TMS-IBA088686,33.6610178226977,53.5652363964707,19.1761458481184
IITA-TMS-IBA088691,56.8337962590388,-61.2953427205261,35.9871325512473
IITA-TMS-IBA088693,50.2161837005339,-54.1246229704303,-13.4403390232421
IITA-TMS-IBA088705,-46.5221546487889,66.2266643034722,3.97721519884904
IITA-TMS-IBA088736,31.7347923591352,0.622326330956137,0.543569580652785
IITA-TMS-IBA088744,34.8008290792459,-6.89935102440058,-4.92581004835621
IITA-TMS-IBA090454,-11.428570636704,40.4587623583203,17.9750412988833
IITA-TMS-IBA090485,28.1465956195694,17.79354553862,-23.6767825020432
IITA-TMS-IBA090486,35.2849489082449,3.80718668794253,-7.39594842822319
IITA-TMS-IBA090488,31.6474013614983,-28.8346311806751,-40.0589388700581
IITA-TMS-IBA090498,-38.5321517380716,-28.5563561830592,-40.868272539019
IITA-TMS-IBA090504,12.8907119011943,-21.3283124391555,-26.3236354911973
IITA-TMS-IBA090506,13.4447799878108,-6.73185392846908,-29.5016303056501
IITA-TMS-IBA090508,-96.8220503429795,-29.3076810526461,-3.31643315855305
IITA-TMS-IBA090509,23.2330489918254,-16.4982592505107,-32.7969066940447
IITA-TMS-IBA090510,-33.5433670814839,-19.4104974541798,-17.3424450689928
IITA-TMS-IBA090516,-97.1992002848512,-11.897571719205,3.80479246693595
IITA-TMS-IBA090520,-69.2511441220677,-11.5181502907504,-3.83178955011802
IITA-TMS-IBA090521,-33.1565631352629,-10.4212963192304,-13.0005357178277
IITA-TMS-IBA090522,-37.183684284073,-10.1372034796567,-18.0302835505143
IITA-TMS-IBA090523,-36.8293037630511,-10.2382146664805,-18.027052844689
IITA-TMS-IBA090536,-12.3642918432456,-21.2535504135666,-38.9511166570494
IITA-TMS-IBA090537,-29.7958525121243,-45.7256641683289,-19.930467473747
IITA-TMS-IBA090546,-33.0545363346275,12.738376454551,-0.435644793999657
IITA-TMS-IBA090564,22.3636728702055,-10.5188496631133,16.4065027064634
IITA-TMS-IBA090574,40.5120892146604,-13.4346188254902,8.42534410508272
IITA-TMS-IBA090576,-14.638316028811,-18.4719843630117,6.29159485179813
IITA-TMS-IBA090578,-19.8445927629639,-31.6317318314112,14.9450197273734
IITA-TMS-IBA090581,42.0483311981836,-10.6511179021194,4.4050659513002
IITA-TMS-IBA090590,22.5810013134575,-34.9338928552189,-24.0856215859708
IITA-TMS-IBA090616,37.8824605302109,-10.8150886501933,-1.73222021196982
AR124,37.2256806438787,-19.3783471147202,0.170357705521785
AR144,0.394731688067584,14.6081608499849,33.8100695846353
AR155,37.5500615978875,-4.77362392949822,5.33258362143426
AR182,48.6418063629449,-34.7320244368842,17.4232321099839
AR311,42.8767951788125,-18.4967446473679,-2.83841954365263
AR3913,-5.87510458118023,18.8445876704873,27.2922452654216
AR945,-24.5232642767346,-20.4257508803307,12.0056516395018
AR95,-22.1685620080179,-33.6471419247768,10.4216018005663
COB1103,-40.5709330401753,0.138969468020975,-5.74253603314537
COB1139,22.6255051487368,46.420402945085,12.3856562121356
COB1163,-36.3129977641966,31.9680411197571,27.338890185899
COB4100,10.8108990143551,-13.6538754749965,-24.8816274080881
COB427,25.8743645696561,-16.6091864967938,-22.8938027236919
COB452,11.0808987396612,-9.88927712459763,-28.2084363616814
COB474,-26.1494642900501,-16.4102808169178,-22.5435319856114
COB475,-39.1872735047286,-19.7529468359533,-21.0287701220459
COB477,16.2950241167954,-9.74666469888017,-24.4470624776002
COB479,-38.9270249191964,-14.9206323239655,-14.7194345527375
COB5104,-54.0011778686146,-9.22060805429573,-12.4839067392145
COB512,-38.018241135069,-18.4423290030087,-18.6840616851272
COB517,-65.2710358709046,-18.6031806967885,-4.54807498596841
COB524,-24.0525336483047,-37.5406137254834,-0.971922331837995
COB528,-39.2087760836922,-23.7445451653766,-18.8501843304576
COB536,-37.3161978670209,-27.2607037724903,-18.1727654069284
COB54,-38.1922097059592,-26.6021344230232,-17.8454802267311
COB544,24.1819313386626,-17.3486824030669,-20.3477274038475
COB548,-37.7738875896943,-18.4373939425632,-18.1615810062627
COB553,-11.3103956745598,-22.0723493626953,-21.9517593958414
COB557,-34.7500782254134,-29.0475751035549,-6.84792155765272
COB561,-5.00548899731879,-16.2785549861348,-28.7836233716426
COB61,22.7269907228338,-24.150349348664,-19.7195373882848
COB619,-13.3215103177205,-13.292324229124,14.5516324990531
COB631,-22.7692712256944,-21.4715867771178,-18.7598709354547
COB641,25.8232652846629,-17.2169586532887,-39.8563812747732
COB7180,-10.4919891526445,-6.27196128331223,10.9041803850865
COB7197,20.2188047505774,1.42463538714882,15.0699251521915
COB725,-29.910654221499,-2.80779231263688,18.1881073377588
CR14B218,-16.4874367125267,14.664391370884,11.8274394628445
CR14B67,38.0223608764949,6.80576007741643,11.321548652202
CR15B3,39.4340956184801,-9.76430457983039,10.3551843958203
CR15B4,43.1315369863125,-6.62028568867504,12.6555783299051
CR15B62,31.9807452878133,5.57248638065617,6.6616862778232
CR15B7,38.1118712304402,7.77549052335724,13.1057410126819
CR20A2,22.4280234725951,23.6671488227635,15.7794131668497
CR247,5.90272170062479,-12.0021069340689,12.3659039466656
CR249,-45.3910405233976,64.9742506812927,3.7323605544225
CR346,-20.4756411285834,-21.9288940749648,18.6819240954613
CR3510,-19.5202956870358,-21.6460429000131,18.8779940030755
CR3514,-25.4496698772831,-12.3429997782699,19.1238999459928
CR362,42.2560871685762,-6.64829847532472,3.50887966814536
CR3913,-28.3702678290835,18.5944345571933,13.6131161359623
CR417,39.2768502187598,-13.6479073313285,3.93836477690502
CR424,36.0437123520365,-7.77803240422007,7.37096351677472
CR446,40.0783161959473,-9.36660091047741,3.49151916937816
CR4510,44.184409873227,-13.4378009915019,6.38188749901538
CR492,36.9878009548014,-18.3657212027265,6.6984684460834
CR52A2,41.0180873836347,-12.5617062298379,7.93901778222515
CR52A26,-24.7172065500614,-26.7562857261682,14.4400421273506
CR52A31,40.7333268640898,-22.3518016640381,4.48403940894757
CR52A37,-25.0438751522719,-28.2885999470342,8.34594597497194
CR52A4,5.88263690133611,-12.0411347088622,12.7992092601649
CR52A6,38.4142184584145,-11.9933839872998,-4.25522368875851
CR533,40.7424926459254,-11.8620876198039,16.5606927848461
CR594,38.7124257066636,-15.0668701673958,8.5224892030657
CR60B10,37.4322351489343,-1.31515474078387,5.21734014324367
CR8A22,-15.8104204061353,-18.1902909839571,16.965794907332
CW45036,36.8389686501652,-17.0416555578782,1.41508898671142
CW45046,-24.916437599744,-21.0113120793241,11.1767238491251
CW45072,-30.5008915008784,-14.3326422368633,10.7659318919824
CW45133,28.5635084853801,21.5427934977776,17.2899268906488
CW45180,6.43399012230313,13.8866308623554,8.68991213274498
CW48216,40.614185872903,-9.41271575669927,3.55455990193383
CW4823,37.3753568157446,-12.1394864482661,10.0394631591958
CW48515,38.0048111452486,6.82052962035028,11.0842038593174
CW5251,-10.7199086451846,-3.80657730594864,4.29465885628162
COB511,-37.8969862448332,-18.5409978106612,-18.2998996345165
CR52A9,-21.4548891737351,-33.7469724370941,10.3306735003026
AR1410,-27.8881228750017,-4.07236813302085,8.92453733835286
CW45617,37.0950149680247,-3.32654397346984,-0.261732290524521
CR100215,-39.3038679626648,-58.7442326208322,-54.0156380629028
CO08002,39.1420504329171,26.9441709440691,36.1170521883309
CO08016,39.5577917517231,-5.67654065170501,6.0937629037267
CO08019,36.7641070387464,12.5676657400476,16.6486856741544
CO08020,34.7293235422063,43.082511558138,18.6920081021893
CPCR15B-16,38.9132847056675,0.497331333000404,8.8442641414567
GCO0486,30.9160647495898,-2.71854243988801,-2.55043315348311
GCO076,37.2310588993845,-13.5955909182373,1.86319352363063
GCO082,0.874998465791158,-11.4022343411534,16.5846528230883
GCO084,4.72129257000698,14.7100700958023,9.3402677761287
GCO100,32.2047173682478,0.873164180590008,5.41950774940764
GCO134,-29.8933811056925,-9.86378563740242,9.11214311250895
GCO135,14.3353540163423,18.0587556115831,11.0400823845281
GCO194,36.2463293305067,-6.22360649870364,14.238267517456
GCO200,-3.85066916958806,5.99195107799557,-1.94301322111879
GCO244,37.6605045378533,-12.4973951665467,6.28963231514255
GCO273,-27.9683561541391,-25.4184306157073,2.74003353503443
GCO278,38.13913646679,-20.4253588612645,-10.5670231349586
GCO279,-27.0689042760543,-8.09553329774504,4.44980095005731
GCO282,4.45323653340854,14.6478727786282,9.32066419580399
CR41-10,44.2956786856066,-13.430929601258,6.54046482049506
I991732,-2.61556190892269,37.516207023519,51.3782499848038
I996075,31.4138545494408,5.94351618633642,-2.75259864662992
IITA-TMS-IBA088673,-46.3361069451368,65.7380879809398,4.18557095487091
IITA-TMS-IBA088747,33.0333641522218,-4.25403736412591,-1.3746646592826
IITA-TMS-IBA088716,41.9255937415188,-10.149077156672,4.04460333984753
IITA-TMS-IBA088741,32.6152412411442,-1.26000081910819,-7.60182052761471
IITA-TMS-IBA088684,-0.603755889216511,24.7122905064678,43.8137291484614
IITA-TMS-IBA061771,40.0300489513532,11.5935089982729,23.0430971570525
IITA-TMS-IBA062426,36.3454479246549,-11.9587616445781,2.08974640992335
IITA-TMS-IBA9102324(4X),25.9703903987941,17.7754233481255,-7.58493991749974
ANKRA,56.3605093443733,-60.4395882356832,35.5836801928275
IITA-TMS-IBA91934(4X)(SEX),24.1554207551351,43.1361857048976,-31.4818044572398
ANG18,38.3079205651254,0.645470313690207,-1.20109763649038
ANG14,48.8565403333175,-27.5310504044641,14.5924957103558
ANG26,44.5807257477375,-13.351864362784,-0.367549535143523
CM5306-8,-12.683735594831,-35.6309288756676,16.2301715637165
B-BLILKP,-2.72355133333657,-11.2055349930458,21.6317228510429
88713,35.6044877279374,13.2535553678939,2.7630357091443
IITA-TMS-IBA00070,36.289367530171,-13.275041642565,-22.0828932425567
F1P002,36.6395143901522,17.1201541378361,13.673034061138
F3P016,33.8350531663899,19.3187099111331,4.39762025027048
F3P018,-18.7272172775115,7.38570216124624,16.2531316146282
F3P024,34.5901635837838,23.1932181432976,8.0041380288678
F3P027,35.4488902181821,23.3033211531053,14.2887581789682
F3P029,35.1097691019603,21.1749218324803,9.65339320750889
F3P033,35.2713520809086,14.6954020000895,5.63382020368678
F3P038,33.8490824125698,31.6094857724502,17.0204637380556
F3P039,35.2543583541817,23.9613154117538,-0.0306161886348851
F4P006,-19.1977548192542,29.6494218079069,-0.420581075866161
F4P010,-12.1430850807331,8.8675351716459,16.9535543484231
F20P001,-11.7218248527938,-4.01485576351239,5.98990481193837
F21P001,39.342430688091,-5.40101831299198,4.95442717822568
F21P002,42.6398546442665,-11.7019525922113,6.04164531608368
F21P003,42.7841734760457,-13.6803023913287,-0.0891243495114653
F24P004,38.4721264927781,20.4918127146554,3.89516547086921
F24P005,36.3517161657552,23.2449558570354,3.13964762564535
F28P001,-13.5793665078051,42.3742263406046,13.0961891881965
F31P001,-33.250679791442,24.2265053381914,-1.53969967508126
F33P002,-21.0776278379571,37.9072801232799,-4.65357905670048
F35P003,37.0104019272208,4.28292645216506,2.00381068563225
F35P005,35.4902102374553,7.21881747399352,-6.37601276903157
F37P001,-25.3200086030112,9.48513477104793,-7.54538398042071
F37P002,-32.4741900201611,18.3204680265434,38.7817229050169
F37P006,28.9236540203896,20.5202736411657,-13.7938972762906
F39P005,40.0657121478365,-1.46341616533819,21.9955097427863
F39P006,34.610456392634,17.0971197423077,16.4651025219355
F39P007,-28.8554599536592,-1.55934367758041,12.8337395844147
F40P001,37.7930578358125,3.72835923416924,10.0023275084659
F40P003,-25.6523075101786,-6.88167416964887,22.5182399002344
F40P005,41.3254315437589,-5.55853258256151,22.112568415282
F40P007,-21.6629105267157,-15.2478948922192,18.678824953361
F42P001,-8.85941420834956,-7.69738765303391,-6.99210443102374
F44P001,-66.6782792767721,-15.9158602531967,13.2673350692469
F44P003,-26.9473477919229,-22.6750238382989,-6.03307406367575
F45P001,-29.8711536953899,-19.3094285552009,-5.67079625747094
F52P001,29.8406871968079,-1.112164032161,8.34970106584324
F52P002,37.5540512888023,19.5164432895358,19.8277734603478
F66P001,22.0382754316764,32.2856006608874,16.8027337256013
F67P001,-25.0273808005701,2.24765250284523,19.3212358743567
F69P001,31.8186865502602,9.42404498636971,3.54528547403803
F79P017,32.7608638419556,35.168093157706,8.47136954798179
F86P004,31.8610923526553,12.8352987541361,-7.14445615892351
F100P004,30.2104834281169,2.07399355863636,-14.165527550302
F100P005,19.1422795319039,-6.85856602746035,1.26780694219404
F100P006,31.282318285647,5.6187473746651,-6.47206690329298
F76P001,33.3813360544041,-8.02461131012331,-8.29905420931801
F79P001,-20.8918533374123,18.9874795624928,10.4731174195063
F81P002,34.7387948921657,14.7601476689754,0.980667239695365
F84P001,-5.95661734354512,10.0091034572174,21.7487910899835
F84P005,35.1720021017936,13.1800096897219,13.9164057107717
F86P002,22.8795202998541,4.58436307425117,12.3401053731249
F89P001,-9.38227941593664,23.1549437505776,8.98037014464703
F89P002,-51.8833214429741,-7.51075467701997,17.9678142324581
F90P001,-13.3494090541426,3.44931904544702,22.1342950095263
F93P002,-13.3464230981955,-2.3422377435825,19.6368814882765
F99P003,-28.8317138216829,2.96144673158933,19.4683953572083
F99P004,-24.2542897088236,10.3174335015872,2.60032233641311
F100P002,34.9145348745399,-5.97556628571875,-9.05574985957793
F100P003,-31.7621218338585,-3.91638851366163,3.20225073070559
F117P003,31.8496620710783,-0.641540770042123,-3.11559881664311
F117P005,-65.9994414006886,-13.9095784184513,18.3244985632864
F117P007,-33.3790107015129,4.96821412871022,2.56634806084619
F118P004,-29.5683852685685,-24.5644703144352,-16.9750007285943
F118P007,-26.6718670516241,-10.4377050426033,28.0921237636073
F118P009,33.5661166628672,9.22148175426434,19.7000492220643
F118P010,3.11862551729403,0.0658401135480786,19.8870665534538
F118P012,-27.6419363930537,0.000902952649801854,20.8517520508718
F118P013,-22.7875303546735,-12.9681356339884,23.6796442202608
F118P016,32.893125007272,3.07439597731417,15.5938178061972
F118P017,-29.3822277475611,-4.16873182994501,21.3607188589781
F118P018,-28.3174701753711,8.94673916566241,34.2423245057073
F104P001,36.8930923344862,16.9761260938847,10.2545992634573
F105P001,36.3903528571667,5.64671575182085,-5.04573731485464
F105P002,-6.92870463302515,-0.283637117847745,17.4583125229076
F105P004,-5.55094354461966,19.6041076583422,17.408581267228
F108P001,30.2816405420921,5.4219038488795,6.82168556564987
F108P002,-2.57024615009218,3.35114511064331,11.333038585804
F109P001,30.8753472637745,10.0288276004059,4.19383007377645
F110P001,29.2195142581152,10.3792559968638,4.89684165777276
F111P003,14.9342399178668,-8.84381230526959,8.3409848166868
F111P004,37.610348681564,-11.1515519808121,5.11038550036162
F113P001,-25.6347220204578,-13.8231239953538,19.723858520955
F114P005,-2.22934029496726,-15.2260927122198,-6.86973836817567
F115P001,34.9712105341898,-4.97332523511658,-11.4285246700776
F117P001,-37.4639565281529,4.05626273166847,-5.88073935575673
F117P002,29.0614685320397,2.54995145830881,-29.8071280733979
F118P001,20.6616866954818,-10.1078226705515,-5.28404200768805
F118P002,-29.2722400174019,-13.6519949788505,1.83733481598915
F119P001,-69.225512857294,0.384724461735123,37.7820727895939
F120P008,-31.3674499913692,26.4731497002533,1.81116138151484
F119P005,-8.2955563961822,5.06586093563543,2.27652660199119
F119P006,-9.9386746302528,16.7303240021114,8.21528282252788
F119P008,28.0719879124766,4.37812936881619,11.4128810029229
F119P011,20.7754089697658,4.94731288552444,-8.88060216422392
F119P013,-26.504410404673,-6.06718568391731,10.9888208837057
F119P015,36.5657022145129,11.5487684857448,6.20523362138164
F119P016,35.1419844907814,6.66260907915615,7.79512637801103
F119P017,-27.6780095656226,4.12284800693645,9.7746640632959
F119P019,33.0880734860265,21.7565491270681,-3.93515041950452
F119P020,-28.5931528940999,-1.55583939248766,1.72178851880958
F119P031,-24.3046333884895,-11.3733138278918,14.9746887195551
F120P001,-29.7936352553397,23.973813431117,14.0152550515852
F120P004,-15.2303242507666,8.44763027290956,8.4696221126554
F120P006,-26.1921246282172,2.87999878504619,17.1910647062456
F123P004,-19.4257210689196,20.2487804411096,12.1784362801501
F124P001,21.6605085056822,-1.84409272133514,-17.6196405846501
F124P002,20.4546949798661,8.56073807427795,-12.524720013167
F124P004,17.4405891495965,15.8648802877468,-13.0982649666125
F125P001,24.06527284024,26.2678386890027,11.7178254014648
F126P001,13.3913016281098,-2.70803962318504,9.27611515685464
F126P002,12.7707269750962,7.98740430267862,11.9730145643272
F126P003,8.75617281675013,17.3896976132169,19.9731487260294
F127P002,11.4226219662458,23.6699650489454,27.0885896072777
F127P003,31.3751250076511,25.0601144789547,-0.464899625476195
F128P001,35.7203693054158,16.4766892053802,16.6006372373279
F128P002,34.2365676717255,6.66813723344188,5.45475317799591
F129P004,44.3870316302296,-4.70988267882436,14.0814560149468
F130P002,4.07564471838297,13.17783723444,-6.25104807143312
F131P001,-33.5753699725918,-5.58552824410859,8.20101509491693
F132P002,-30.4701131871204,3.9477896537299,9.85541721556917
F133P002,-65.6583101330464,-10.1212597360277,40.9619326166669
F133P003,40.467062635687,-6.08815424763063,8.79756653187981
F135P002,-42.9393966982215,10.283919022968,0.636095107020609
F137P001,13.8631871231889,0.150292277469003,16.6583039110227
F138P001,-13.5868365735022,-1.31921236607934,26.8818302994933
F138P004,-6.08393106334288,11.410897753202,23.9162434712237
F139P001,29.2256284650884,13.4654069211853,1.6746300020718
F140P001,35.193882301818,17.8840132280579,1.21689980972034
F142P001,35.104175554952,21.4653875744584,-2.64841591928313
F142P002,39.6140739762966,13.6492882183105,13.6920260179173
F143P001,-28.342882919706,0.576924111758138,20.2848136970776
F143P002,34.2836729491465,9.25174791888274,11.4297762704873
F144P002,-8.27429534759748,22.8034247500885,12.7492233171663
F146P001,-1.77835847177774,12.233080162119,33.9310139332808
F146P002,-4.61545591639007,13.6289006936444,33.0212761354723
F147P003,-36.789357099892,-3.86476495563891,12.2546476450697
F149P002,33.1840663300256,32.1834865692316,4.73480302932501
F152P003,38.9423234669671,27.0724420913321,23.6139059067036
F153P001,-57.9938557256778,26.4476836102704,34.4656437878785
F154P001,31.7595684016465,-8.83679288919321,-23.11504035396
F157P001,-28.4984164913216,3.75531735073922,11.4699316038496
F159P001,4.10494220942585,27.1595435537884,3.84471938543877
F161P001,-12.1788897667865,20.1338914447043,5.67941668901829
F163P001,11.9095922394769,-0.798108012429266,6.2118546379577
F164P001,-18.7567134661322,7.82404346675043,23.4435889086405
F165P001,-89.5436812754763,25.1302042609652,14.4233767019013
F165P002,-3.41232440808298,19.5925792272113,9.78448070662272
F169P001,-7.3548932516916,22.2412623891643,16.9037333597964
F172P001,-5.32085768590529,10.3713865239808,29.7955938853697
F179P001,26.2361520189011,17.9490509942076,0.381504578862859
F187P001,-55.1157860781169,-3.6515860345033,26.1496487245244
F195P001,19.8770871458289,25.7965265092873,18.2917438011718
F196P001,-65.0362587352717,5.73938862823321,39.2999520874435
F197P001,40.2529258751652,-42.1172992015641,-15.2094465513724
F199P001,0.990562312854642,14.9074988101392,17.9564909986964
F201P001,-5.8796953430732,7.499463370876,15.6359312044115
F204P001,-29.1269594479302,12.3758662896607,14.7526374188144
F205P001,31.6248729647757,9.20934314371724,-1.43267645897671
F209P001,35.3831507299955,6.10886792901417,-1.50448656916717
F209P002,29.9218157340886,-6.24943383187371,-21.8198033376672
F28R2P07,39.454427972556,13.2389789305871,9.29799781394856
I030572,-46.2023938407192,66.2581091152131,3.75972255887386
GCO047P1,32.5402698161444,-34.4071751985294,-17.1341771452235
F10_30_R2,10.3395682983696,-16.1791785688615,4.96501884229864
EYOPE,-24.3471036655884,-22.7508318340005,20.277569777283
COLICANANA,-47.6474631975558,29.5693371799919,0.953932038853955
BOUNOUA_BLANC,52.042140151419,-28.2899903906434,26.0933597262324
96_1444,38.5942989498957,-2.59297520755499,6.73971464125179
95_0109,29.104539307404,35.627123213824,-7.20575832075418
IITA-TMS-IBA030555,-4.78156265990316,50.7586418195465,1.9580008139513
F162C1bP004,33.4586848117457,5.33006115958213,6.25639646927274
F1C1bP005,29.5422945715106,-2.16207662467562,-4.89986953828413
F179C1bP002,-18.1827323798582,-9.88393771131665,16.2799469019478
F154C1bP033,34.7129243597756,23.3616916156665,22.2269494576356
F135C1bP001,42.9444262435211,-2.70645384337126,15.1235293938878
F136C1bP002,34.5262136034139,-11.8126835043273,-8.2710747130892
F185C1bP001,-21.3681151914483,-15.5596939225454,16.2483355065712
F171C1bP002,-21.2405244594319,-16.0758284067164,8.94337857191218
F154C1bP023,34.7563518129648,8.02041254973905,10.0104648646427
F161C1bP004,31.3156336542613,5.71750883207671,-0.0593697173717904
F159C1bP001,-25.8027661386014,-24.5898899000706,23.6809310963428
F159C1bP007,35.7089382075211,-4.91333340786484,11.5079826971858
F88C1bP015,35.7245591128155,5.81701058344274,5.90096846805641
F91C1bP010,-8.74321552760723,-26.7969010593275,19.6859629559209
F40C1bP002,40.640263615713,10.9831384076687,22.476377971116
F78C1bP003,29.1990392435284,17.9615207094873,-1.67476600776945
F56C1bP012,-32.0748107238821,-2.86328899626257,-3.37868003997281
F55C1bP020,-30.2770996781757,-46.9613110350573,-9.1158525263685
F56C1bP014,-28.3098379506295,-3.64593015866363,10.6490251156803
F16C1bP007,-22.9084436917297,-10.3171512609691,24.6763714552736
F56C1bP001,-29.0530824911755,-2.91654424762388,8.29275297191595
F87C1bP007,-33.6029322683759,27.8816692955243,16.342115705909
F81C1bP004,18.6690239306824,-10.9604497900169,-0.603755943874144
F75C1bP012,17.8800774563012,3.07647322366019,0.897468740667045
F55C1bP027,28.6957356714633,-23.8793698333558,-24.5982892695312
IITA-TMS-IBA154810,39.5473733049384,32.5417613140956,31.8348354925693
IITA-TMS-IBA090091,9.56776174910715,41.9003899460276,24.6857293797021
IITA-TMS-IBA102103,40.4333283204619,15.6534532513336,37.6504077072886
IITA-TMS-IBA070064,21.1406921158114,48.368390038811,-4.91526673484411
IITA-TMS-IBA085006,38.0615652079114,43.420996484568,31.160839982897
IITA-TMS-IBA090144,41.6527642026647,23.8193996412964,29.2597592738411
IITA-TMS-IBA940237,-10.8152365038203,-27.6678422334777,-8.79015847222532
IITA-TMS-IBA961642,41.0421380141455,-24.3371363138679,-11.7464371282993
IITA-TMS-ONN8500066,-34.9679983263009,-3.51986418924959,6.07779938015161
IITA-TMS-ONN8700813,-25.4471025295228,1.21880939577608,7.19379821438006
IITA-TMS-ONN920168,-32.9023617601484,22.4002514515998,3.40520426445884
IITA-TMS-JOS920230,-27.4800273306374,-0.936169634744052,19.2734209199555
IITA-TMS-WAR4080,-46.5378977262116,66.0052152977162,3.94564295065838
IITA-TMS-WAR4092,-46.859014849382,65.5459249069663,3.47658018452815
IITA-TMS-WAR820249,-6.58286749548981,25.6328585018797,14.5782867657579
IITA-TMS-WAR820422,-4.66238605643698,29.6398601713168,13.920746699218
IITA-TMS-WAR940009,33.5496161499178,25.7803423859969,6.4495972022648
IITA-TMS-JOS920253,-23.9260301603315,-0.56396660251658,13.7833420615541
IITA-TMS-WAR940017,-2.4537536195293,-9.22822593079711,4.45754233429193
IITA-TMS-WAR940038,-31.267103008937,18.9728284805936,4.6086716329654
IITA-TMS-WAR940727,-34.7722293523272,26.9121955068153,22.8760569044105
IITA-TMS-ZAR920250,29.6549541638357,19.647773549146,1.33836527507631
IITA-TMS-ZAR930151,41.2048938671883,-13.8342753411045,-8.13474675827225
IITA-TMS-ZAR940153,37.748723595161,-9.11008953544274,-8.11748675724334
IITA-TMS-ZAR940394,9.60624531184022,22.8402023947174,-6.89511338957468
IITA-TMS-ZAR950154,40.4739404463982,-14.0712712845626,1.95019349028332
IITA-TMS-ZAR950415,-17.6598901424086,21.1685790870734,-4.61958347022035
IITA-TMS-ZAR950432,-20.9760343401191,41.6142168608206,2.90178633463061
IITA-TMS-ZAR950680,28.1889363827209,38.3013469230042,-3.66605214007789
IITA-TMS-ZAR950826,29.9905794739611,7.15183324418251,0.729840741342896
IITA-TMS-ZAR960058,41.177306503494,-8.96719403797075,-4.61839280785294
IITA-TMS-ZAR970002,-16.4466816142148,8.04402422608938,7.17911141218852
IITA-TMS-IBA940239,-27.5960874235474,-29.9273342400768,-2.09113125753325
IITA-TMS-MOK940583,33.8141205388491,40.5596352417292,19.1008215814411
IITA-TMS-IBA920325,37.0249292672879,-9.60220809838834,-11.3829416720361
IITA-TMS-IBA920326,37.3381202173527,-9.91452637157028,-11.5853097556439
IITA-TMS-IBA920342,35.8062227505855,-0.809135820380642,-20.1240161965872
IITA-TMS-IBA920397,-26.8766238802924,-27.5241409655042,8.83131468334158
IITA-TMS-IBA920398,34.5929553675318,6.52731104353365,-1.66290941865662
IITA-TMS-IBA920427,39.8377407730573,-6.97492868350613,-8.19191710184344
IITA-TMS-IBA920429,-26.0368472392373,-20.0796910985302,14.4069106029552
IITA-TMS-IBA940263,-14.0715832531388,10.4121672992542,14.3600798581918
IITA-TMS-IBA930098,-11.3897125986746,8.22554043557156,4.0881948850569
IITA-TMS-IBA930184,-62.0280448931114,12.9986294376627,26.7319895389814
IITA-TMS-IBA930267,34.1697580889379,-2.90316357116167,-22.9825125286087
IITA-TMS-IBA930591(4X),-32.6171404536982,30.3498061329338,1.91740045748268
IITA-TMS-IBA930602(4X),-33.5683993371133,21.3609393887527,-5.90126160640147
IITA-TMS-IBA940006,-33.4075426416201,25.1681140807721,15.1300382824456
IITA-TMS-IBA940018,-23.6835485322744,-2.2221261622653,10.9233016501671
IITA-TMS-IBA940020,36.0718830904368,2.11973217461121,-14.1235711240121
IITA-TMS-IBA940026,33.1819124755527,4.87531695247236,-30.9442734868275
IITA-TMS-IBA940039,33.2729333884458,9.11879374681036,4.60264555627089
IITA-TMS-IBA940270,37.9753992924913,-14.5750753503982,-8.37333285307772
IITA-TMS-IBA940330,37.4491975984348,23.3247822158076,20.3735676416384
IITA-TMS-IBA940459,-32.1972553291491,15.4748790771133,24.8147546326869
IITA-TMS-IBA950041,29.8032228963184,37.2545838659387,4.24436785653086
IITA-TMS-IBA950058,27.1601892631021,20.000636197573,-17.1239641457785
IITA-TMS-IBA950061,30.9950650704813,23.4195588739784,10.9964870646094
IITA-TMS-IBA950063,33.3310236726439,18.7040088994127,-1.94268436341536
IITA-TMS-IBA950104,-28.1831952128958,-12.4047824942636,2.9576906025784
IITA-TMS-IBA950248,-0.312649753950072,-10.1075708458528,14.5588653947786
IITA-TMS-IBA950279,-32.5682653578941,13.1639414404292,9.8686949191941
IITA-TMS-IBA950289,23.9759708138889,40.0800392541432,-3.65005017343138
IITA-TMS-IBA950306,0.782992187531806,-30.4022836844677,3.57078517803957
IITA-TMS-IBA950379,42.3319782560367,-7.94423813891638,12.5411136020483
IITA-TMS-IBA950528,-24.2527329935045,-21.7036107640731,12.7512159343826
IITA-TMS-IBA950645,-9.25374376848713,10.6814764850212,10.9241273517265
IITA-TMS-ONN71762,-30.1154819287647,16.6535168271635,8.61846013911887
IITA-TMS-IBA950902,1.00713925648492,-21.8817264391682,15.9342521334166
IITA-TMS-IBA950925,36.7609610584599,5.30091916640518,12.9152232475244
IITA-TMS-IBA950971,43.3475548907675,-8.99176146021445,22.0712852747459
IITA-TMS-IBA950986,33.338924685439,18.7142853464049,-1.66433822183761
IITA-TMS-IBA951038,23.6069722803235,2.8098605542742,10.932376946011
IITA-TMS-IBA960011,34.1490116843864,3.23862290145589,-0.406059954245239
IITA-TMS-IBA960016,1.09843943101048,-8.36591629642648,-1.74419198830859
IITA-TMS-IBA960023,31.5300260506795,22.9356360527239,-18.7252470940648
IITA-TMS-IBA960035,34.4089254656678,11.8768113917678,4.79800275198453
IITA-TMS-IBA960062,36.7906956849282,-3.45635861534459,-0.198509943637374
IITA-TMS-IBA960102,34.0588413501084,1.20519452140313,-1.02022013418182
IITA-TMS-IBA960249,-15.4747420163179,-23.7791823296444,5.86602508565938
IITA-TMS-IBA960304,11.34341386494,-29.5417532029311,2.77648357191959
IITA-TMS-IBA960409,42.2446534374964,-17.3154603773793,-8.02766431612554
IITA-TMS-IBA960532,31.5762017874793,22.1012107694498,-18.4375158880327
IITA-TMS-IBA960557,41.5534277148717,-7.19807610975631,14.3470832620413
IITA-TMS-IBA960565,32.8740739985124,8.98301621076853,5.75473526141851
IITA-TMS-IBA960590,33.348198259829,12.6725915789822,3.37260962906057
IITA-TMS-IBA960595,5.38357946664439,-22.7700461569203,9.39073134170914
IITA-TMS-IBA960596,33.1876936481337,8.62313306433255,-7.30300013537204
IITA-TMS-IBA960603,-27.0460714062457,10.2664141672476,8.89088426365864
IITA-TMS-IBA960619,39.1666753352152,7.8075013651472,13.8550568084355
IITA-TMS-IBA960869,-4.16400125354042,-11.3190988756948,-4.67971834517634
IITA-TMS-IBA960963,31.290596593381,-13.4316400916911,-19.0660260623943
IITA-TMS-IBA961039,-23.4896244616815,23.0481489397927,8.19858539427102
IITA-TMS-IBA961087,-17.2943334410691,-6.8935801209955,3.15535873128498
IITA-TMS-IBA961089A,-19.6525016860056,-4.2417324946497,24.6501947569788
IITA-TMS-IBA961317,-13.0677319007471,15.161846753001,10.5744387150901
IITA-TMS-IBA961427,3.43921664692107,-43.6520617337391,25.6253345263181
IITA-TMS-IBA961439,-13.1358363257508,-26.1907933822571,-11.4559125521955
IITA-TMS-IBA961551,40.2199454302141,4.22135797571367,-5.17877575262546
IITA-TMS-IBA961569,-21.2108268291602,4.56169710005995,-2.03210664620333
IITA-TMS-IBA961613,-28.5550534921059,11.589793015891,-12.9629359099653
IITA-TMS-IBA961630,38.2739958248634,8.08709207892599,-5.22847095156107
IITA-TMS-IBA961632,-21.4190736434914,-28.6080315034615,9.5690146763644
IITA-TMS-IBA970103,-0.563316519827614,-26.5439738512209,7.41483418527062
IITA-TMS-IBA970162,-0.967495020339099,1.46280147803172,22.2640697588516
IITA-TMS-IBA970211,39.110340694807,-8.38881026379004,-2.56808418884444
IITA-TMS-IBA970255,-0.744841609410183,-26.1311597277021,7.28969213186569
IITA-TMS-IBA970286,30.0019982455161,4.90136482312111,-7.59151697800634
IITA-TMS-IBA970296,32.0946450063803,19.0098801509096,-6.36500772838926
IITA-TMS-IBA970299,40.9594356217995,-21.6539385485535,-5.59023073944719
IITA-TMS-IBA970335,10.0316835613158,1.23401588206931,-16.2847387135105
IITA-TMS-IBA970425,-39.6027971160432,-57.6849324033894,-53.4267136477222
IITA-TMS-IBA971149,9.55982687384972,1.15427631473267,-16.5932362845711
IITA-TMS-IBA971228,-29.6450689249944,-30.3282042078313,-11.8175311620622
IITA-TMS-IBA972205,-39.3133344994279,-58.1648659722927,-53.5613463525049
IITA-TMS-IBA974013,-19.8261566098726,-2.36348298789006,1.5026176624401
IITA-TMS-IBA974580,-14.4726165644311,-36.0102602843477,-22.1752343822756
IITA-TMS-IBA974766,-29.9378472253057,-45.9759283277607,-7.02830383734282
IITA-TMS-IBA974779,31.66977949083,-40.4889793794176,-27.8117503561581
IITA-TMS-IBA980002,-30.8504311764086,-7.71469771288104,5.72991557037209
IITA-TMS-IBA980196,-28.1140710872059,-7.66053829636173,19.4804251726206
IITA-TMS-IBA980378,-1.38710279302321,14.7408018967266,-3.89607729359121
IITA-TMS-IBA980406,28.7264782710148,30.2706352465394,-9.55852999833362
IITA-TMS-IBA980505,-32.5972387347204,-15.6754418473232,10.937217308551
IITA-TMS-IBA980581,-30.07059817048,11.6696501714856,17.8637680480682
IITA-TMS-IBA982101,4.28266244010979,14.6763764732697,9.49522317036691
IITA-TMS-IBA982226,23.0783031022273,39.414045016332,-17.0361924016514
IITA-TMS-IBA991903,-32.313024146389,5.37061838482708,13.6439408056115
IITA-TMS-IBA940561,-12.9684682391723,63.3262916170946,38.6131295222518
IITA-TMS-IBA930007,-40.8100184733667,41.7213734845302,-54.7626308352807
IITA-TMS-IBA930084,39.9842428907651,-19.2624086399714,-14.3993329199085
IITA-TMS-IBA930114,-18.3011218802593,12.3093624359918,8.3541553901382
IITA-TMS-IBA930134,35.737538785942,-3.25452701649598,-23.4624768992758
IITA-TMS-IBA930223,-27.9857823396324,-0.973446196300707,19.4678019148579
IITA-TMS-IBA930248,-37.2417763753677,28.2283575793867,9.26653257386235
IITA-TMS-IBA930265,31.1207291445461,14.9161663271537,-6.11966896500344
IITA-TMS-IBA930266,36.90696507961,1.36130452265774,-6.21047003641091
IITA-TMS-IBA930272,40.0354261126793,-19.3286468242559,-14.4295045285179
IITA-TMS-IBA950211,-11.9270491424371,6.04987208760367,10.5583225750199
IITA-TMS-IBA950269,-40.1505893639271,11.8130883513369,5.03690578438869
IITA-TMS-IBA950947,-3.09100454385321,25.8829755589807,18.3106149001691
IITA-TMS-IBA960860,-18.2296586602402,-6.3936649305673,3.44123532319865
IITA-TMS-IBA960986,36.7831254518922,1.8213020239774,2.09475287556788
IITA-TMS-IBA961165,31.3147621473692,22.0630411270292,-18.5071022160642
IITA-TMS-IBA961431,40.2330887908263,-20.3618522200241,-4.71686445363089
IITA-TMS-IBA961556,-20.7264704822212,-9.04142706766436,7.8250091595918
IITA-TMS-IBA974763,-36.9526088632448,-31.658897605927,-24.1334524365909
IITA-TMS-IBA980510,40.8801154812999,5.47373032358603,2.18671007669225
IITA-TMS-IBA982132,36.3917213792578,5.59609004232228,12.0318860042833
IITA-TMS-IBA990111,-32.3070136270013,36.0515145844666,7.36657066061039
IITA-TMS-IBA990114,24.8245652143205,40.2594484360872,-21.6407895151936
IITA-TMS-IBA990119,32.9784654698232,-2.43072187153583,-12.7981221144577
IITA-TMS-IBA990222,26.3861201192714,17.5551587623376,-8.18251806083176
IITA-TMS-IBA990240,32.2240034191122,9.63126749879079,-9.36118563556623
IITA-TMS-IBA990304,-32.194675542483,37.1908364922385,0.64560302116331
IITA-TMS-IBA990411,30.0588649552539,10.6260992383592,-28.2114607676777
IITA-TMS-IBA990503,-22.2917019967156,30.0946575046997,-18.3016679823374
IITA-TMS-IBA990543,31.0266789383077,24.0145505473802,-7.16143283010204
IITA-TMS-IBA990554,-29.7109289610697,-6.2647880863348,-0.848514988238401
IITA-TMS-IBA990564,-6.89337188433297,17.9841276424945,-4.58382890539194
IITA-TMS-IBA990621,32.6509136516462,-6.22744512380288,-23.3812509559714
IITA-TMS-IBA991579,-23.420968100996,3.40176538060482,34.7817032198554
IITA-TMS-IBA991590,-29.0410452052963,16.100682218989,12.9299714402334
IITA-TMS-IBA991702,-39.5520985380701,27.5833759517645,8.8075468145575
IITA-TMS-IBA991734,26.117088179257,44.8729057154945,-6.13541785517805
IITA-TMS-IBA992123,34.3116556343916,11.2756481969103,9.71011795872448
IITA-TMS-IBA993073,-25.345052186816,-15.9893721706895,14.0743384618475
IITA-TMS-IBA993151,34.2280208760586,11.5517425097815,9.60475368472588
IITA-TMS-IBA996012,36.3656516971704,0.416522390723926,-12.3764363932595
IITA-TMS-IBA996016,38.2866014726192,-1.13576495180833,-12.1423953417397
IITA-TMS-IBA996017,38.0139175429536,3.31542428601385,-11.6209161046806
IITA-TMS-IBA996069,32.0463554061956,11.1239758120705,0.140321635163192
IITA-TMS-IBA996076,31.3172671469719,6.07993202802303,-2.8073589998204
IITA-TMS-IBA997533,43.4327075867708,-23.2161095759844,-7.34652335612806
IITA-TMS-KAN950286,8.6506770034516,30.5942195133723,-15.0062992311285
IITA-TMS-MOK980004,35.3825783176724,-11.1178887367831,-13.2607383228608
IITA-TMS-MOK980028,38.2941244271743,-23.1908080276004,-22.019194055897
IITA-TMS-MOK980040,33.7160854235083,15.9963286383356,6.77190713401601
IITA-TMS-MOK980057,-32.8048116463093,-19.2067467065365,-3.70895481384812
IITA-TMS-MOK980068,-28.7794213304233,-9.61590473929603,-9.58032846206453
IITA-TMS-MOK980115,-20.5085277651282,-30.2651449938574,20.8390263374733
IITA-TMS-MM961751,43.8216870216255,-21.6014014762284,4.31204916844147
IITA-TMS-MM961871,-32.1112715957731,2.01866483011316,23.3031169030468
IITA-TMS-MM963665,-14.4856934370953,-20.7553901509902,8.56702630508511
IITA-TMS-MM964496,35.9925510554524,11.0862411547717,-0.957461791772386
IITA-TMS-MM965280,-1.0959704407528,-28.1888556265387,5.97936269294651
IITA-TMS-MMM96JW1,36.5378669373251,-11.1640851628014,-5.35942871685194
IITA-TMS-ZAR980135,27.6152952168678,34.7280265476531,-10.8868602308836
IITA-TMS-ZAR980137,36.6572312208992,7.76960614569339,5.92155595250814
IITA-TMS-ZAR980139,-34.6234739623616,13.2383231543337,15.6291485782306
IITA-TMS-ZAR980144,-31.5610985639178,6.35350589902009,20.7088417499857
IITA-TMS-ZAR980190,26.3366641797765,34.7504809371661,-19.1697803489619
IITA-TMS-MM970134,26.9243085561526,21.6055050459139,-0.74802689740334
IITA-TMS-MM980299,34.0288750600784,10.0776847347367,5.07266610269212
IITA-TMS-IBA920417,37.0494946740018,0.634136177232978,-23.2037003047708
IITA-TMS-IBA920457,37.935671229788,-11.4792621094703,-27.8605970362159
IITA-TMS-IBA940066,-66.7590168200261,37.3323441932096,15.0496688481619
IITA-TMS-IBA960804,11.5408140606684,-29.9732485224036,2.99183282000654
IITA-TMS-IBA990313,-14.0059679905126,1.50140659847437,35.2150709762333
IITA-TMS-IBA997032,-2.34323103501241,38.2888889880184,51.9134755660404
IITA-TMS-MM970016,-7.95015081225919,-16.5575230297078,-0.334153242268589
IITA-TMS-MM971660,-23.5402654446308,2.33161026611132,20.5402988898005
MM97JW2,35.8928008780334,-2.59970725587631,2.54377005594389
IITA-TMS-MM972480,-30.7180968791223,-13.8451828418162,10.265995021833
IITA-TMS-IBA920342(4X),35.7848448700743,-1.25825719410902,-20.2793217107207
IITA-TMS-IBA930070,9.28647823891186,16.7406696058172,6.06304401678948
IITA-TMS-IBA960325,24.2364549336755,21.6180476855152,14.446611392391
IITA-TMS-MH950414,-27.2329900723939,-21.1113267187376,-0.308663359643953
SL861(4X),-35.5331490571482,43.1866732647429,8.98523226135313
IITA-TMS-MM970092,40.5148116971908,-4.53506906582646,11.6079789254713
IITA-TMS-IBA970219,25.7532924425762,37.4912101493683,-10.7677841980946
IITA-TMS-IBA997578,33.4046210140273,12.5962277861813,3.13993037982908
IITA-TMS-KAN930061,35.508062810051,-2.88170696255942,-29.3666941424733
IITA-TMS-MM970043,-23.297536622176,-12.4382634886192,17.3954420180997
IITA-TMS-MM970227,-27.643191470215,0.964156942313768,16.3289329537756
IITA-TMS-MM970646,-22.8289060632775,-11.701674871121,18.9346267187424
IITA-TMS-MM970806,-20.917126753104,-1.28568817397296,28.6409006603299
IITA-TMS-MM971141,-19.3032825410204,15.0531629377077,22.7762187977909
IITA-TMS-MM971405,-25.6053774534568,3.33151377168707,21.0006274737239
IITA-TMS-MM971899,30.232287263482,20.3166160060683,12.3359042400843
IITA-TMS-MM971909,-7.63547631678705,-1.44506725732977,1.07657215944383
IITA-TMS-MM972220,21.8134758329954,15.8931156599685,-16.0224946694607
IITA-TMS-MM972320,1.91082003869505,30.587074271301,41.6382247186067
IITA-TMS-ONN8400401,29.1976800429815,23.3367768574645,1.31548511782635
IITA-TMS-ONN8800279,-31.9890928757362,29.582335310624,1.30833259670467
IITA-TMS-MOK000004,-33.5395929031305,25.5295063101392,-5.47563722140154
IITA-TMS-MOK000115C,-33.400656947995,5.14935338123645,-16.3439695263401
IITA-TMS-MOK000141,27.5438405682785,3.16999012549928,-10.152821912332
IITA-TMS-MOK000142,-31.5815825261276,-3.37947451742042,1.1640282440566
IITA-TMS-MOK000146,-33.8708888995754,4.55470138666429,-16.8012793436556
IITA-TMS-MM980163,-30.9537371601884,6.51094198293581,21.0381714086604
IITA-TMS-MM990214,-13.0535677992935,10.3054257470652,20.4067969995588
IITA-TMS-MM990302,37.5848727819947,-1.27468255059307,10.8105880995269
IITA-TMS-MM990477,42.8071060705164,-21.1023826338394,-3.98390765104031
IITA-TMS-ZAR000120,30.6781530056949,24.3907279135236,-18.8353289571281
IITA-TMS-ZAR000104,43.7329703365922,-34.329134083104,-15.5612629960157
IITA-TMS-IBA960129,42.6421017955858,-18.148371416105,-8.89912234852731
IITA-TMS-MOK000015,-32.8163699770929,26.0319959943487,-5.0122644658362
IITA-TMS-MOK000044,-38.1915964832505,32.9579819047744,14.8824410990995
IITA-TMS-MOK000063,-30.4449614815043,-8.66879534365568,-0.534418924866842
IITA-TMS-MM963635,-20.2320284631619,-20.5895264631773,10.2296301529208
IITA-TMS-MM990268,42.8385977544772,-21.4826424668472,-3.87134819336533
IITA-TMS-ONN8800119,32.1943086340856,11.7013765464055,15.7112132683446
IITA-TMS-MM980057,-32.4979420322776,-18.947845995892,-3.81613274979122
IITA-TMS-IBA920509(4X),-42.8015056839967,33.9996372120825,-2.37137453300924
IITA-TMS-MM966583,37.0119735550163,1.3600569620888,8.24880841882837
IITA-TMS-MM980931,-38.810649758198,24.2241886738291,17.1969442712095
IITA-TMS-MM961839,26.4306072869083,-12.1729003436413,-3.92397176410759
IITA-TMS-MM980471,-6.28799623682758,7.24889633106231,25.257719091576
IITA-TMS-MM981020,30.8035346716597,22.9999765639872,8.89738785547397
IITA-TMS-MM980747,24.4846126199493,46.9716113439345,-4.28782640284492
IITA-TMS-MM013004,35.17370539125,3.9935110236798,8.7627485418118
IITA-TMS-MM011196,45.6759372918889,-30.0578105313769,9.55841142349415
IITA-TMS-MM985136,11.7696456363345,19.852259180421,28.8979700785178
IITA-TMS-MM980034,-34.2929382536248,13.4573431982693,15.7553941891526
IITA-TMS-MM964500,36.9490247249987,1.5642040007393,8.48873137721954
IITA-TMS-MM960287,41.1870240907098,-9.7554910051416,1.46744720208985
IITA-TMS-MM983437,30.803822257875,23.1079055001051,8.86634745877816
IITA-TMS-MM960259,-26.2470000054366,24.3727488534876,14.5513553968011
IITA-TMS-MM964019,-31.1888124035269,1.11361462418708,5.59800703919186
IITA-TMS-MM010540,38.1205312315186,-2.46342501232766,-2.68369762330564
IITA-TMS-MM968676,7.35713408536309,28.6988780319069,0.231051506823454
IITA-TMS-MM965055,41.5982350192821,-12.2461791028147,2.09521298248286
IITA-TMS-MM961669,30.3515531823678,14.3471457601317,-1.89657860950217
IITA-TMS-MM974580,-4.31518370471566,21.2125091223933,10.7399040175994
IITA-TMS-MM970287,33.0910508224267,-7.94485341574347,4.62808038082174
IITA-TMS-MM972346,35.6779214563038,-7.15787975150133,-0.946899230121322
IITA-TMS-ZAR000156,32.4149855562183,5.05166832972017,-0.369587516675339
IITA-TMS-ZAR990207,35.7321929344534,-3.58777046766529,-9.12662487488052
IITA-TMS-MM980604,36.2085267869716,22.7123836977438,15.6551462328172
MV990395,36.114322616988,8.0452643557518,6.22715969145388
IITA-TMS-ZAR000200,34.5334046022491,-3.29543066113027,-4.28041749560344
IITA-TMS-ZAR010130,-20.0552612994715,-14.937387880335,-16.0126643697702
IITA-TMS-ZAR010087,44.2957477862619,-15.9155122480987,-6.17645373198256
IITA-TMS-ZAR010071,-11.5286678816375,-31.9653011879961,-11.1164133540558
IITA-TMS-ZAR010153,1.54721339276579,13.1226824182261,3.63119956238223
IITA-TMS-ZAR000012,-24.0930907617866,24.6745272780675,-3.6199181319962
IITA-TMS-ZAR010125,-34.6659569127346,10.5724745835526,3.31390137470871
IITA-TMS-ZAR010053,35.3487720869019,4.60028244591374,4.1865369463149
IITA-TMS-ZAR010055,26.563569724221,16.9159687569054,-22.0067233735504
IITA-TMS-ZAR010116,35.2363191897896,4.45025762758484,4.36341825045978
IITA-TMS-IBA950961,-19.5424386561782,24.977784057044,0.87819143324342
SIMONYE,48.1744632738324,-33.5955583238717,19.5554580918686
SILIRA,-32.3737231926785,14.6798615345582,11.1337531301754
L930447,37.0605264248466,-4.19831027784798,-15.8135508459611
L930425,35.9249857287297,0.465921317754209,-17.0456410692473
IITA-TMS-MM967204,-9.32616345785721,-15.5913505049488,-3.46054921267503
IITA-TMS-ZAR970474,-23.2027711779314,18.6899098654153,13.4371957339035
IITA-TMS-MM011161,43.0306652676749,4.22513550570271,15.2062473597189
IITA-TMS-MM971750,39.8731174407945,-4.43865593859903,-4.79009914171028
IITA-TMS-IBAMP080243,43.3322487269909,-19.6689281490537,-7.48122884170578
IITA-TMS-IBAMP080340,21.2361199478003,-10.2166683094675,1.46544150098121
IITA-TMS-IBAMP080427,9.10592716567863,-25.2584118254383,11.1003179353939
IITA-TMS-IBAMP080575,46.3106451985355,-40.4819390671259,-7.09287510111355
IITA-TMS-IBAMP080742,-36.918633456094,-32.540023936001,-24.26217175928
IITA-TMS-IBAMP080814,-24.2659352355328,-10.4079106859897,6.46096205113265
IITA-TMS-IBAMP081175,-42.794693418327,26.9005034046811,10.5135384988507
IITA-TMS-IBAMP081831,28.4294111678582,21.7100682566891,-5.5830446683513
NASE12,-27.8057526233138,-21.1103960980225,-1.01040907594027
NASE8,-35.7467455742948,41.9445295042126,-1.53011102517192
NR010004,-14.1034799672428,1.01171978089386,2.31179849877288
NR7734,-35.8460664426672,7.00503788551571,15.9080711967846
NR8082,-11.4180524366887,-4.66426195826116,4.57599486819664
NR8212,-35.5466790590723,20.0684075772624,24.8173757953896
NR8421,-23.3162206352083,-17.4539676035952,42.0871751950081
NR87184,-24.9898004611698,-12.1675786447857,21.756781574655
NR89123,-25.9990803295353,-8.82308963657655,15.3636709064983
NR8949,-26.8732171323264,-8.79723588318193,15.7688454257186
NR930199,-39.1114839848932,24.143096448862,5.40740069558438
SM1620-18,-9.6428491338612,36.2173633822828,45.4770390023816
SM1799-21,-40.8157511841361,34.3631402924093,-0.896960747371667
TMEB1,47.373716996875,-44.0965437949899,-8.559248026115
TMEB11,51.3055812941183,-44.5557760213554,0.278841963394327
TMEB117,56.8560048696723,-61.1666620638458,36.0267788891725
TMEB117(4X),56.6396778977084,-61.2154308879154,35.7424038285875
TMEB119,42.2232573256643,-21.4201622280038,7.72576434337207
TMEB12,50.9169842583251,-44.1497660520249,0.21544996884676
TME3,51.4726380894395,-44.4222449559845,0.408882788114605
IITA-TMS-ZAR980098,-33.2232396875349,6.09047022913961,-0.357036186772905
PRECOSE-DE-ANGOLA,41.2522131455564,-2.58454829846288,1.19509424646289
NR060117,-23.1807604073322,-5.28398844504316,14.9464699180331
NR060189,-26.3835897385405,-13.7601061573342,23.3447160913464
NR060242,-21.9399903656777,-30.0949795848778,-1.62371743554851
NR060169,7.31655211060522,35.3824098875681,14.8154855277524
NR060246,35.8749889442464,-14.7698202796084,-13.2753827856492
NR060333,41.1437449409803,-12.6377717701241,7.56003604573276
NR060135,27.4718115765129,19.6137379054568,-6.57343760167222
NR060080,21.7011719596849,-4.41907284679906,-32.6905232244827
NR100011,-2.35529175877667,43.568102111294,56.2245510987931
NR100024,-14.987296209373,42.1421985674634,57.4443915120451
NR100079,37.2236490926467,49.4131621000718,42.0191578037835
NR100094,-27.3107970887972,10.6886331973882,33.88295395923
NR100105,-31.4400014617788,2.90327108257968,23.7161283615304
NR100106,39.9700084453555,-15.3740856530908,14.9394475184278
NR100116,9.8157151787833,4.67429176709004,-7.83242129160975
NR100122,23.2670207184436,16.1769083642157,25.9802344416391
NR100126,-1.20396926609595,32.3513649064907,41.2548502584321
NR100131,38.7785480245814,6.17969227818287,5.39791854498286
NR100145,35.669188524621,0.19900251981376,0.31561028740684
NR100069,-2.69383774128566,35.3683341043781,54.982189857735
NR100155,39.0453316035944,6.08589765769772,5.50139643751112
NR100156,20.0549990274097,33.8567292850239,0.422659267559565
NR100158,-30.1631764005855,-4.94724842412207,-8.12848340917858
NR100173,45.1103123283972,-7.54191816729762,23.308699116927
NR100185,-0.242246445143601,26.9437585336675,46.2857231701885
NR100194,32.970538914274,3.7783647207528,-4.90859126839754
NR100196,27.4428981462838,33.3765529254152,12.7716368193044
NR100199,12.9566082108155,46.688363004115,47.3477645547404
NR100070,-30.0347743506349,18.2478705738794,13.8447101124352
NR100201,-3.41709745774799,47.9427733278814,54.783510074988
NR100216,-4.08842317898485,40.7029178207965,54.0685604847582
NR100222,14.8669090644539,32.0869316504768,5.39884298752596
NR100224,30.3042150700846,4.07490792856942,8.93860800475855
NR100225,-11.0742885675184,46.5743487403274,12.3866884947151
NR100226,-7.72343004334311,7.16286873667186,8.25756235222544
NR100230,38.0963149591446,48.8362063754748,52.817850202845
NR100233,33.469373358561,14.2854279965627,0.975517511630892
NR100238,39.7923871738646,41.0189293287599,45.1293940417692
NR100242,-32.6148846000542,8.30057306306054,17.0192433221335
NR100077,-0.985031005902953,-14.0824508061599,10.907640895077
NR100243,-29.9016917744868,-0.872265331181983,-1.98635466571269
NR100248,-80.7848553085483,-49.2939779361385,17.7028840179786
NR100249,35.3820138491742,-6.41551177430299,0.277069426835595
NR100252,-34.0896109675558,23.1877129590652,-8.11044088159285
NR100265,-18.288781238479,0.205176896941889,12.5406822758613
NR100268,37.3500202858735,0.279623431190522,11.8190916440187
NR100269,-7.0772266875352,10.564061524689,4.85887419147248
NR100273,32.2003399976136,8.80079775482085,-5.35296746453637
NR100287,-41.933278972552,33.3788634624579,68.0506382592931
NR100290,5.6522117222518,-12.1991895893741,1.28346094433672
NR100291,-22.7652181237562,-19.7452476075377,8.4015534814779
NR100297,36.2340891891026,9.3182260098268,-6.57876800745681
NR100299,-5.18017779717711,32.1616637363377,37.5454866000681
NR100302,-28.7235334451427,-16.3534798407734,11.6527804597165
NR100306,36.9846180667076,51.2141193784573,47.7369216067172
NR100310,-1.23120810511778,33.1472713687051,45.303617051848
NR100312,37.1343613056143,-10.1018559434042,4.27818171584605
NR100313,-1.64136651921555,34.5742287985805,49.6736213439944
NR100321,15.460851295372,21.3606387275834,9.27155388764352
NR100322,41.4100665950358,0.953662225245872,9.01655559470219
NR100323,-1.34934992373466,-13.8128247304376,10.9142686016739
NR100324,-32.1535803064363,-15.5635546537399,10.5197888428867
NR100325,24.8855338052844,20.3276993132618,-27.6574098498697
NR100327,-24.4877708393506,-14.3630022431564,16.5670107104323
NR100329,-27.4284318492768,-5.52803477572915,6.49229995642799
NR100334,-72.9924693945221,-19.8275730414915,-2.89715520961088
NR100354,11.3728019192185,24.0265215153816,5.22693525101862
NR100357,-27.2084185182755,-5.88522926235205,6.79823154060352
NR100375,37.5488529581682,-2.90934499516821,11.8879842860508
NR100401,39.2679524273934,46.1878550794744,46.957404439418
NR100424,-36.0904964037945,-36.3288945832436,-1.75556702366171
NR100429,-33.0033232626935,-7.01891307592731,15.3577058613634
NR100431,-21.1004018980985,13.0203292508213,21.4209170404597
NR100432,31.9319527064619,8.50037141919191,-5.25691104395456
NR100433,35.7447367533366,2.36595221902614,4.90383707255256
NR100435,9.53881685439244,5.19173664828881,-7.87877735461879
NR100441,-43.3620848925821,10.4029822165296,37.6499241748619
NR100449,-20.6619240659186,-13.9588995644051,30.3795169639504
NR100450,38.0734320734012,-10.1616505297812,3.5363052964936
NR100451,-28.0195839616185,-8.59619335536729,11.8123977075919
NR100455,41.9041091025392,-26.6645052779553,-5.56515949639292
NR100462,10.8695721691809,-0.0638334202103374,-1.46909632130224
NR100474,39.4983236096063,5.12601616020466,11.3221000985908
NR100486,34.2728879125684,10.3797705599297,10.9554899133788
NR100499,-2.68923542532067,33.7440758425958,52.7972305112626
NR100501,36.4759489254388,1.69500111227302,2.41082731309906
NR100012,39.3556663130094,15.6060465600925,16.8827223228052
NR100013,39.0112337058432,0.880350322077178,14.8514508616867
NR100017,-25.2525760253408,2.38307207952522,6.77475306790507
NR100018,41.1820672295624,-11.8218026204013,7.10452888716775
NR100019,-27.9492270669248,-15.8986073545474,12.1428487193768
NR100372,-42.6419192197973,16.0846831931722,43.1920320066239
NR100022,31.3521676632125,-31.2642903627574,4.92404339561027
NR100023,42.1201848587147,-7.88245916814135,12.7390288177891
NR100418,4.78866844738373,12.7389298585483,33.2889521083126
NR100412,-18.1590182856741,11.3161143565864,34.5996434707624
NR100414,31.2148007817688,-23.5507968136361,-31.8606154617123
NR100410,22.1505144505261,21.2827949543857,2.74880383146064
NR100417,34.5604029483847,4.82368700643867,11.5768761118189
NR100420,36.2308931336245,-13.1223038274985,-13.3921504981481
NR100411,34.1182208443005,0.643844893465806,16.3483693306056
NR100408,-0.146174131883792,36.55070028544,49.2426397079946
NR100168,33.1737514406895,0.18177755604064,16.5496181030385
NR050100,7.35319437435853,-6.13413994198022,7.39450004660928
NR050046,-13.8609458341361,8.69487650516615,8.10933884447677
NR050266,5.75379271545396,-3.95996142293245,6.99341297760521
NR050028,-10.1724658033331,23.4032845387828,11.8886270815405
NR050200,-33.6387656390371,-24.2133520519814,-11.6163490027064
NR050362,-30.3315631368723,-24.0785182592512,9.81597641680295
NR050107,31.0832104993201,45.2277456514214,16.9916218364635
NR050067,-9.79392688398497,-2.34385691751561,-6.36301340126375
NR050052,11.4142078343031,-29.8273351090913,2.93042338360552
NR060251,20.0080184270939,14.3554103576896,4.9947243649846
NR070632,20.048102583616,14.303205188103,5.29867293305519
NR090022,-27.4413634910313,-30.3131079724479,8.09251713142376
NR090026,-1.5386074076891,15.769831079083,22.1070224745224
NR090040,33.8141465326726,4.18485317288083,4.98597861620455
NR090054,-27.2486389213957,-13.4863572568058,8.11139201496725
NR090068,35.576987043506,-8.22803131592853,-2.61136605946961
NR090072,-21.1574788564787,-22.9845480405715,11.6416445876087
NR090074,-27.2073314366464,-8.58132368461916,23.2233736700206
NR090076,16.5883400509954,5.57156674880127,0.384266364373822
NR090077,-26.8468506705096,-20.7817352612211,17.2044581616364
NR090078,-3.62771791008173,-6.87586353400577,1.74750498666418
NR090080,-47.5167692939376,-6.7903060158925,22.835447073173
NR090085,-30.9079328004106,-12.559443722077,11.9865691798579
NR090115,46.2893599504098,-29.3077737149038,7.114887071664
NR090116,-26.005975150277,-3.34380702551877,12.6809650219588
NR090119,-23.6251864038715,4.62932482507223,28.7774261834818
NR090127,36.570717242616,-22.2344309645792,0.527682796091661
NR090128,33.4663207553034,-6.84254662330669,0.232909784576215
NR090146,-19.7691809784194,-13.1542060118933,18.3267184716508
NR090150,-6.44322056580554,-0.0950961582164058,27.2198049427834
NR090162,35.3269750855826,6.57545406529548,19.2139327481919
NR090165,37.7948615611095,17.4321375692307,22.6020054736673
NR090176,18.4365147307237,-9.45372919395636,24.2690035541346
NR090182,28.9343947554707,19.0989674254533,22.393162202692
NR090187,39.7585197342025,15.7693667573109,26.498002968996
NR090191,-1.74795194900037,16.1094614880646,41.5741170169397
NR090206,32.052936207374,17.2822790685788,13.4877636865039
NR090290,40.4036325221667,7.28218268230545,26.407238533393
NR090310,-25.6203156451885,-18.3714538468218,13.3487430630574
NR090317,-19.1037204220536,-10.5514580654888,8.57067805400858
NR110005,-15.830337110638,16.3064687227024,18.8669444748885
NR110009,38.9150925137493,0.580509452344003,9.82695936727152
NR110012,36.4730151477061,-11.8695931580436,-12.1970277372347
NR110014,-5.13009721911233,14.6258189485897,-2.12449819070094
NR110016,39.1907148391032,-8.34504821204359,-12.3282296791066
NR110017,-16.6336596383418,13.4821304962403,6.59277914818234
NR110021,34.3413240282884,6.03295139364772,17.5947999441844
NR110025,-6.20588186132074,6.04423099167939,21.5930240216906
NR110030,-17.2287533716738,-13.6428880621126,29.139724897764
NR110036,-4.69623547304877,7.53466705778682,24.0740055506714
NR110044,35.5817209463585,29.9798641584451,7.87360253410214
NR110048,-17.6634844171688,18.0347009771138,13.3683697793588
NR110052,-19.1142139996307,9.1931903881374,10.3168926230353
NR110072,2.54674772302473,-37.0231028721327,14.2518405195719
NR110078,41.5158619903891,-4.31340632450921,-0.905275080723122
NR110079,37.6102410135143,-1.67125791230281,1.46131190859743
NR110080,34.0181549353116,13.7225069587247,2.89700757650864
NR110081,-7.5144317881038,29.4338118973595,18.8116443492847
NR110083,12.1699604411071,15.0889902956997,-8.18398663120953
NR110084,34.2664518006954,3.01366539203977,-4.25903141135067
NR110088,33.0599966187767,17.1977700765336,-2.99382045903749
NR110092,-31.9056269552344,16.4467973806981,20.8500300745001
NR110095,27.5301273382443,5.98470335379155,-6.41953284238083
NR110104,29.757469798133,11.0576863931976,-12.3145804158016
NR110105,30.3247587023828,-0.703555912165713,-14.6181186752527
NR110108,-91.4756087690426,-20.7522148192885,11.4427011230292
NR110109,-25.7251348526138,-13.4416217445426,18.159002956851
NR110110,-28.8765948966593,-12.6934463879126,-2.47471981994315
NR110112,31.3001182749169,18.5792333664528,11.3253727452505
NR110115,40.9322399995124,8.85526424369113,24.1209439062185
NR110118,36.5832236674143,43.4004447362206,26.7110903815886
NR110122,-25.210622923231,-12.4864487169075,21.8311633704784
NR110126,-3.89955268503844,11.3320437769475,36.6641790680607
NR110133,-25.141926763467,16.3265939403744,37.8240186991323
NR110141,-4.17708216300462,24.7891302164595,37.7141144871394
NR110143,41.7048412552809,7.34308159027724,26.2005681155769
NR110145,17.209804867436,-17.7931798477649,-1.56786446410274
NR110153,-13.4848578413759,-14.8021601690938,33.677005197156
NR110158,-26.4989748670548,0.748605512429792,20.657123337438
NR110159,36.281393552634,26.0653935691715,25.2762636528598
NR110165,-4.5886967955221,2.64883831854503,-10.5662027836301
NR110166,29.6191133782982,26.4957326927154,-15.3301921579936
NR110167,32.4275480309809,16.3892081201145,-4.26822674330108
NR110168,29.5936582912149,25.0711016398019,-10.573192275088
NR110171,-35.5445992181412,-18.7365072367036,24.9503182312751
NR110176,-27.6658212439928,-17.760175849521,-5.33654622133955
NR110178,-4.67390308510797,-4.43207986755749,2.1930879477858
NR110179,37.6953641231523,14.6323671633519,17.9925722175356
NR110181,40.0152011388363,6.7924322919248,12.4029987607742
NR110183,-34.2591287592402,29.7465482465211,26.2911406811292
NR110194,1.67731156055235,-10.4739816692818,-3.23031346382092
NR110212,33.6910697070983,10.1732038104846,-0.120215869325809
NR110213,30.7301606081929,21.3772179822531,-0.535485411990998
NR110214,36.3493161091099,9.03755009759155,13.7124380351754
NR110223,27.4756894784979,30.6711972102962,2.27875035051935
NR110232,30.2117748469476,5.90642234507302,5.73698256967512
NR110237,-13.8822027841036,-9.41446588801067,11.5131831667782
NR110255,-32.8969419907822,0.154511742405955,-7.25246739599617
NR110260,16.9147665286763,-4.37209115136816,-1.87614386755655
NR110265,36.5908571734146,-1.69922405381718,10.3816794457879
NR110267,36.0191076242791,2.25932345473965,-8.16490890492812
NR110270,-48.7089993372432,-12.5335473570422,18.1975308356711
NR110276,33.3787723802548,0.639147555522394,-2.06358597871671
NR110282,-28.1521055332186,-10.9485012039498,12.3086767327883
NR110289,-26.2600233071371,-19.4055281070971,21.2160169436097
NR110290,40.1728861827433,-13.618769565597,21.9805746838726
NR110294,25.2882640534939,-7.64662274753657,-11.5712393181226
NR110295,-45.9174839974191,-15.1090733031917,30.7586521992638
NR110298,-34.3514803484204,8.63194067961756,6.35486518066515
NR110301,-30.3869354463562,-37.8516706708425,-21.2937704948395
NR110309,-10.0013065670135,33.9992442285873,26.681153332083
NR110317,-44.5653165887494,-20.429460525646,8.36455396761005
NR110320,-37.8139897320819,26.7903703692187,14.7580840499116
NR110325,20.0934855724938,21.1965849563517,8.73166710140302
NR110327,37.4493634517028,-20.5774132998227,-26.8746026563098
NR110328,-27.6914975538196,-19.8987294234589,-7.43574034479221
NR110330,-18.8312366036982,-32.5343687691568,7.5771601134375
NR110331,23.049800929403,-10.3683273304115,-21.7643406897066
NR110337,11.6935832518056,7.38304134001479,-37.4531306187905
NR110341,-7.57348775420444,23.9392209016995,25.3615436636085
NR110342,12.4590904101155,-6.58029025772569,3.10899613174573
NR110343,21.4337116775686,6.40363372391578,21.5234602507243
NR110345,-3.09000606821809,-4.41519630362418,18.2089048547852
NR110348,39.8433330358664,-8.46230583197236,20.527393580678
NR110350,-61.8115371723406,-29.7434865992252,20.5137098245123
NR110361,-10.014860306931,-0.726292296812292,22.7321511191553
NR110365,46.667186597554,-20.6676087903162,5.34951394737255
NR110367,34.8873873473317,31.0110684380395,15.5458068033641
NR110370,-5.2056668235553,10.8785493276214,19.1307374207341
NR110372,37.9143289247168,-4.66444295987832,-9.67488683126706
NR110376,35.7780445777283,-4.32355219793665,-11.5970124438598
NR110377,-3.44685414118397,2.32004244634413,14.2800294750082
NR110383,-20.3557470265782,-2.15896389059602,-0.347342906853443
NR110385,-16.1011800655657,-3.87833981086946,5.22163825926608
NR110386,31.2571618956086,17.6911064763006,-10.79640270462
NR110433,46.3727849013324,-19.1767839224969,26.78307036937
NR110439,36.6161850538974,6.22996206287791,3.22675575828115
NR110450,-24.3814267215548,-0.628529135658629,21.1080629817121
NR110472,32.9684002715233,20.7167564781948,19.1456712979244
NR110476,43.2203170922744,-19.0979142235294,13.2668250731494
NR110485,37.8246176506796,-2.39768094642914,1.93508522920392
NR110487,25.842817804761,3.08481747399786,1.63186514294389
NR110489,17.7248577742893,11.7417911780478,17.5684005460251
NR110490,36.5068172471932,12.964778811269,21.2922186618084
NR110493,37.6005763626845,14.7570235481856,14.1814095672952
NR110495,2.84326520850366,12.7946227448827,26.0595552761152
NR110512,38.2423095881365,-16.6895551554163,-8.9218348584401
NR1S1011,-65.6119397552453,-5.62702714401661,46.9104370015253
NR1S1018,-35.2077178769134,-31.3555664923596,-13.9285042646527
NR1S1048,-7.50272277033834,26.1031074076396,39.4068462164761
NR1S1049,24.5345863789716,31.724765818924,-1.01697644834166
NR1S1059,39.4878763646144,41.566728244958,44.4488882751326
NR1S1061,-29.4733496137678,12.6539893074056,16.0983780160079
NR1S1070,-28.7774027995456,36.2603161685396,58.6242874497587
NR1S1083,33.7161788608746,-10.9233735110959,10.9814816250729
NR1S1097,11.3567948240048,-29.4994497695381,2.96042076833331
NR1S1099,39.833438477758,-5.01659682293347,13.696132952911
NR1S1106,-24.4144371869766,-42.5304894787387,6.7313981725272
NR1S1112,-26.4835361034175,8.27360050444619,23.1232343324728
NR1S1137,33.4273959635497,14.1341977925342,1.29030620228265
NR1S1141,49.4398397634038,-53.3495841475448,-12.8223252317545
NR1S1146,31.7841802212098,17.9610964756974,8.54183931143528
NR1S1151,-26.9552775654468,4.81384389098246,27.4649288547225
NR1S1176,35.4839819035463,-6.76702445459056,-0.153055518192298
NR1S1190,-21.5801104280244,36.7944453105638,65.9893639737261
NR1S1200,39.6124433185198,42.4041331680655,53.9782100977881
NR1S1206,-2.04954894238237,35.0257774732663,54.20528548096
NR1S1210,-64.9465271401245,-3.48781734652668,45.6820015779967
NR1S1217,35.4947024261979,38.9096610583247,20.5384220689203
NWAIBIBI,47.2150196593034,-25.4847324073426,4.12735665046737
NR110106,-32.2419826359137,-1.24104539657418,-8.64456477875416
NR110160,-5.78019519897124,17.7214229727794,-4.84557188082442
NR110238,-7.5351377800317,26.0610164157048,39.5746584973266
NR110312,-3.11345305553961,-10.8010547470829,-0.391117555698777
NR110315,6.82122679655632,25.6883632462395,-4.83885366772221
NR110031,-5.54968194176914,16.7222374923152,7.3497525949439
NR110384,-9.52284548850235,34.6557007338077,26.437724398157
NR110043,-14.6948682083831,45.6287129144502,23.4220191886564
NR110478,-5.79694908987377,27.0441232643986,10.3570950378091
NR090200,31.4467642322132,29.209377059387,15.3697408974709
NR090037,-20.4334766897806,-22.1539342647,18.7758431988979
MH944041,47.8275722928739,-44.1662682181996,-8.36211163259608
NR020007,29.3499624034063,20.0415678300229,-11.2743113755541
NR030174,33.3642566890692,-14.2235202668398,-12.1633018845415
NR030211,5.27543118212468,21.3945261057573,17.8883681132291
TME11646,36.193478956077,24.7204933407998,18.989998658606
TME258,-30.3669399252613,16.4684258242333,8.67411952417355
MM975280,-45.6761015482866,64.6372496495184,3.69780997803241
MP080831,28.5157192976232,21.5708729394911,-5.38923573917447
NR010161,-2.38899894433086,30.6185337614131,18.5662284433535
NR060186,6.96974471811958,36.7726625322956,15.5328655904818
NR1S1020,-21.5776243080342,11.7403675580878,32.9168524940208
NR1S1050,-6.93679865113524,16.5599856935971,16.4497692745388
NR1S1108,34.9536024016368,13.825594699807,5.01745541457367
NR1S1159,39.6704758421288,-4.86404161255086,14.0968453196496
NR1S1185,38.7230709160394,-7.87338726378391,-9.98763142018572
RB98509,50.3505348222601,-54.6749610616996,-13.4494185276535
MV990395(DRC),35.9660757627668,8.49647749090328,6.14017357547284
IITA-TMS-IBA970290,-24.2110383388895,-34.4869471750115,1.21319778965785
SS5(NASE5),-23.3832331757444,6.41951179434759,12.7523467283788
IITA-TMS-IBA950594,5.92443911276767,29.3977328318782,-12.4934620852084
IITA-TMS-MOK000068,26.736833118989,-0.0235436163093129,-9.70020807813688
TMEB1000,46.8618408709404,-30.9443276849391,-4.10151025251516
TMEB1002,47.3152033197516,-24.7355511952095,4.34728332629475
TMEB1006,46.3818923806816,-21.6965479916232,5.16494049431946
TMEB1008,45.6135312868215,-29.7982561146767,10.7924621296559
TMEB1018,34.5364100018059,26.8616484900435,-12.3547032612302
TMEB1021,47.6819275842265,-25.8828094830516,4.13348553174433
TMEB1022,-35.0098074176314,19.7010008176802,24.6682496543696
TMEB1024,44.6692573635743,-21.760086082696,6.43042327495197
TMEB1025,50.707710194999,-35.7374421557583,15.4092221294291
TMEB1027,-46.2404214016364,66.0470878857378,3.97475092641772
TMEB1040,42.7312648482098,-27.1730060859024,-10.346949117074
TMEB1042,50.4384413284833,-42.1263644097251,24.5412226982887
TMEB1044,50.5113979299575,-42.2965925304647,24.5007069234504
TMEB1048,-34.7122924059312,18.5963501688978,23.6682478561689
TMEB1050,42.5169651585813,-26.4387758475798,-11.0805364178816
TMEB1052,56.7217672158384,-61.2363280976899,36.0195087100844
TMEB1070,-46.8782354862286,65.7593896963595,3.83704513189897
TMEB1105,-32.4476541845223,14.2050648902443,21.6821828789329
TMEB1108,37.8643591001613,-17.2583905223165,-13.7871258651993
TMEB1120,-35.7065580690152,13.9746731498043,21.03929742758
TMEB1148,-22.757146786151,34.497609235029,11.150705804839
TMEB1156,55.9958080925149,-60.1879685464487,35.1903340263066
TMEB1200,-8.30127216117301,-1.03631382770378,-8.3272494909611
TMEB1215,-19.544666167535,24.2646964749896,18.7300252795853
TMEB1218,39.1502097273715,-10.069494882269,-17.2187098385202
TMEB1221,32.7778431410176,-21.2416710281691,0.14403896914139
TMEB1222,34.4055898977043,5.6069242817377,-4.24298055959088
TMEB1224,41.3615134431625,-11.8228220121737,2.49700036588335
TMEB1227,51.0778026250992,-44.1109076337092,0.134924261209291
TMEB1228,25.2021379896506,39.8575273936913,-23.5166958867874
TMEB1240,-86.2791472102033,5.90301217154397,16.2710895797688
TMEB1242,41.4874512408045,-16.2723801102825,20.1585108918322
TMEB1244,41.2860337714893,-11.6826685530424,2.0798310115357
TMEB1248,-22.2777938915669,18.8037149987434,18.5297702202961
TMEB1253,36.9466495804627,3.20512504484536,7.27345756174348
TMEB1254,-14.523134433878,-24.4751718392124,26.2379242657906
TMEB1260,-18.716368020284,-0.643963379559678,14.8543900763737
TMEB1263,42.2898554606094,-11.8130063810851,22.0537552577334
TMEB1264,-23.9044555443391,37.6630576934494,11.257696797616
TMEB1266,30.5767780946367,-2.12311341887454,1.85361113134676
TMEB1267,-7.25734298354677,10.4867527784811,17.8516901331868
TMEB1268,33.8972837063999,11.9877408209875,6.75425930035003
TMEB1269,34.6069112126848,14.3872594154636,4.69173173791042
TMEB1272,56.8806171831733,-61.3209503529731,36.3963568055033
ISSIANG,36.7405631747062,5.90896940721019,8.44346519111833
M.TAI-25,33.5841602776642,17.7037639729259,4.40910904463004
LEBAMBA,39.882761863851,-14.2215626171156,11.5655239229411
NO7,42.2857992995407,-13.1352184532973,7.77316586264048
MAUNJILI,37.2403584211885,0.808864663177297,-1.94071760943935
MOCUBA,42.512066414076,-7.83604510382792,-0.864150426344862
NO2PLAN,-24.0255720169754,-15.382392592586,28.2883725134904
TMEB1168,56.6547350317979,-60.8794012864778,35.9999518223348
MBOM-9,11.3686019734162,-29.9584743817419,2.90126134245784
MZP40003-4,36.1169788799878,7.22930948064972,7.60991603979335
TMEB10,46.8409274498663,-22.9704108952481,5.34412573137697
TMEB101,56.8140896543168,-61.008834787219,35.8707985422296
TMEB102,43.0263618397534,-16.8038680366067,-10.1047698883444
TMEB103,56.5724768827643,-60.6533975065963,35.75209911184
TMEB104,42.4791584606108,-16.6301445219519,-10.5573363191671
TMEB107,56.880933197927,-61.21718112433,35.7292183316493
TMEB109,30.5607211506331,-31.7364974567819,13.5974641311799
TMEB111,56.8715129667087,-61.4404209934316,36.0758516689246
TMEB121,42.9333108906616,-14.9597954601634,19.9252214685619
TMEB123,49.7715823452371,-48.1057971891692,24.4397108163505
TMEB126,-32.0174878061632,32.8133290466441,9.57348931385033
TMEB127,-35.9560985350637,43.2923553907422,9.08628530347229
TMEB1001,46.6241409811086,-19.2003252403986,5.18303398989924
TMEB1009,41.395557725593,-16.0277412531777,20.2122738114467
TMEB1010,45.2441976263973,-30.1493310578564,-2.01639913045549
TMEB1019,47.5905191901503,-26.09211396757,3.80659872780683
TMEB1032,-45.8562126979923,66.4998318071223,3.39822620474563
TMEB1034,-43.9109319393702,59.5774094979441,2.20110195733553
TMEB1038,44.9478054068484,-8.72178503166442,7.15792153599847
TMEB1045,43.9123035597454,-29.092887693908,-1.70480413703716
TMEB1046,47.5541076011084,-25.6727399206552,3.53984869246053
TMEB1047,47.4767401085204,-44.2204188654219,-8.6580854378892
TMEB1049,43.1234655679892,-24.7904543613495,-3.84705344670918
TMEB1099,-31.9386259422356,14.4639567833456,21.5119289483864
TMEB1109,-30.6567628051277,-6.91952645204085,5.10425749308959
TMEB1116,-31.7113473662921,5.43756971957183,10.9097152651845
TMEB1131,55.0331386701628,-57.8379482327936,34.713261396606
TMEB1143,47.5059391137931,-44.3461288678318,-8.88266911146237
TMEB1164,32.2346321687826,28.2044083607064,15.809124001809
TMEB1199,50.8978820845807,-44.1939308982938,0.42371039816321
TMEB1212,-32.2058342028981,14.3734016586914,21.7538931652099
TMEB1231,37.1596548853912,1.48557381326747,-0.817116690955942
TMEB1232,-5.19506275567603,-9.90908654823041,13.9978772994517
TMEB1234,50.979174262273,-43.7872946368566,0.317462441123084
TMEB1237,36.7391136912225,2.60863794622032,5.49189434204502
TMEB1243,41.3103750296691,-15.126364082969,19.2574228200428
TMEB1245,19.9618096996619,-5.01007305389889,-0.707685281910862
TMEB1246,30.956779567399,8.87002442281996,3.31483636356431
TMEB1249,36.5765350525659,3.18678615424267,6.92334265096799
TMEB1257,47.5189652600161,-41.4531187975146,16.3395709812279
TMEB1258,41.9992411214653,-12.0870444292561,-2.71669868759209
TMEB1135,-32.3992618563551,13.8935734339437,21.840214991049
TMEB1238,37.8598076384452,1.57594915605779,2.08950479923602
TMEB1081,-3.14235515600601,5.35843567073577,13.2124392143803
TMEB115,44.3939159139822,-48.673938442078,30.4257295498512
NR15F1P013,-11.2806633787411,28.080094492255,-5.85911247009261
NR15F1P015,31.3841667225745,17.7063953439487,-0.630338909970523
NR15F1P017,-84.258797805044,-4.80034093119818,20.665948495847
NR15F1P018,-88.2569809090229,9.51531850797695,7.65423302783285
NR15F1P021,23.5930436663026,23.0114060514155,1.35791220275715
NR15F1P024,4.49364365669813,17.0109005909197,-10.7598719553396
NR15F1P025,-28.5783867730897,-0.810817318858991,7.82871735051929
NR15F1P029,35.6389152577539,6.21193473501161,5.89966915485584
NR15F1P032,-56.7353797579207,-8.81188110078839,21.4434551911228
NR15F1P040,35.8017609336424,-2.99946121798092,5.51853491778272
NR15F1P042,31.0921976649469,22.8493616263818,-2.55182268809873
NR15F3P007,-41.192602630216,10.7540228126442,31.1746869317405
NR15F3P009,28.6316748451158,38.4088520160434,2.24122090121921
NR15F3P012,-52.6785386075537,12.9691240271281,40.2664806985695
NR15F3P015,35.9497703134622,17.8491445543727,11.6263571958832
NR15F3P017,6.33750915567283,25.6123332721985,2.6963157539552
NR15F4P007,-15.7907359939407,13.9203342668437,10.1331394706452
NR15F23P003,3.9094487550817,3.88637531352687,-22.9748205164135
NR15F24P001,-19.6687107082941,14.3411912357706,-3.74555945172953
NR15F24P002,36.2403006487813,17.9105367580506,-0.771266865284873
NR15F24P007,-17.7905718281206,10.5756797337025,9.30363088916509
NR15F25P001,-36.0836334838534,27.7067356975348,-3.81044536081086
NR15F41P001,-16.1261659344477,5.54393234631996,6.12922486465282
NR15F41P002,-18.5356180682708,0.915887111720949,14.9179742025898
NR15F44P002,-26.9387732582952,-22.052778667262,-2.08730751768237
NR15F68P002,-78.2940799979095,9.35450817921555,2.85979958745657
NR15F81P001,-16.0280580015201,5.99541581434204,20.5955156643454
NR15F93P001,32.795005594614,23.2748170495585,1.15818627154741
NR15F99P001,-22.014853898426,3.93088265686001,1.10391335791865
NR15F99P006,30.2041803176396,24.9730153086381,-8.38349723001523
NR15F100P001,-32.1230896637595,-12.9956018723348,-1.16584549889647
NR15F116P003,28.3558834048699,7.66011017851401,-22.6746431802033
NR15F116P004,-50.2754298752659,5.29667584247369,-7.33744612664157
NR15F118P008,26.2562754477801,3.80976716086233,10.1803419694602
NR15F116P001,-38.0597707214598,-1.43233441800809,-15.8291886166377
NR15F119P018,-27.3834793366238,-4.3802998490027,7.3177082050692
NR15F135P001,31.384856261102,10.4340476869682,7.13524896834311
NR15F4R22P01,-16.1170086034011,32.311064465942,0.868189783408071
NR15F4R27P05,36.096595765196,-9.71717839957591,-5.15741506022394
NR15F12R27P05,-10.0975291070002,28.5392053251081,-5.23106500852586
NR15F19R10P01,34.7785728433143,-0.605667361176483,4.89563122670551
NR15F24R26P01,44.7234397178633,-6.20026906748959,7.36532884073612
NR15F27R14P01,-30.8982340520985,-27.540412949928,0.977727258615487
NR15F28R13P01,-40.1855497147266,-11.1943743333801,22.2405042726178
IITA-TMS-IBA960592,19.7390729275913,-13.0308439304415,30.3231372224338
TAJIRIKA,-28.2193308660742,-15.9663827070588,6.62052016834327
SHIBE,-34.3823377809921,12.6028253165521,6.08811394718075
SAUTI,26.3314711939543,-2.49265982511952,-13.9021373328184
SAGONJA,26.4114032533671,1.4458272497418,-14.4434253319959
PAPKING_IRRUA_,34.9848530866826,30.5682395955908,20.8471389902494
P8_P2B2,46.1721127742207,-18.3382699205492,12.0146859691346
ORERA,41.9141865455131,-17.0579504198922,3.42844163548516
NZIVA,33.9903853202929,15.913541149807,7.79116906166401
NANCHINYAYA_II,24.4584621506534,37.866933478265,-28.264081518735
NANCHINYAYA,47.8742172957432,-33.8654643140719,19.3966450145775
MBOMA11,47.9297645319047,-37.3523981114329,19.3945218595171
L9_304_714,38.119127315294,-7.12705831782977,-1.96447206891794
L9_304_614,37.5533976552325,-4.89416355493921,-16.1051695154574
L9_304_259,34.7045654941599,2.85161230110506,-1.17531722968995
L9_204_1613,-32.574194292333,14.6925009718405,11.1621280444052
KIBANDEMENO,36.0994139205679,-15.4232652664718,-0.48271509420236
KBH2006_26,-16.9474738872717,-8.68406529247305,6.56573533834695
KALAWE,40.0702147177933,-0.146635996870144,6.15438919648668
NASE14,-33.4899701780274,38.3781137982168,3.65916829104513
MM060130,45.2531223713077,-18.6324365478249,14.9908030465163
Mkumba,1.47048488790657,-27.2906735287592,18.7242414259262
NR15C1aF100P001,38.5063639798171,-0.357522469193896,12.8330440933935
NR15C1aF116P001,31.4830202238345,10.5610543287675,7.31486626378594
NR15C1aF23P003,3.20262710399094,4.3944594798759,-23.0332671012684
NR15C1aF24P001,-19.0802601087964,14.0507120775169,-3.87732407234649
NR15C1aF24R26P01,34.6334536214955,-1.76411709736075,-5.98486153484134
NR15C1aF25P001,6.10111200554279,26.374312670907,3.04186785199524
NR15C1aF28R13P01,-3.46851776717603,-5.27260110667994,-13.8423942160033
NR15C1aF44P002,-27.4611106659162,-22.4320523995378,-1.82658270653146
NR15C1aF4P007,31.0144696955752,-5.09072010758922,-6.17766087871793
NR15C1aF4R22P01,-16.2146257086386,32.1431015755608,0.717572532745463
NR15C1aF68P007,-3.87102798403816,-5.27421376321319,-13.5808980481807
NR15C1aF93P001,-34.2438909525737,5.00514097869188,2.9702421145492
NR15C1aF99P006,-0.0452704501725579,-6.27406457952413,15.4748314548372
NR15C1aF9P002,-23.2515455178549,7.45538175165873,14.3561341423361
KIZIMBANI,35.328906499811,23.7956758364554,24.2982261638692
NR18C2bF10P0015,-5.34243166226427,-29.4641028807641,-16.2523022872171
NR18C2bF10P0019,-4.58773918977778,-33.2005038623292,-11.4979497746748
NR18C2bF1P0058,7.72084236697135,-15.900631767455,10.717514542157
NR18C2bF1P0081,2.53017586243761,-13.1412558485371,-1.23733024275992
NR18C2bF3P0002,-11.5787912764603,3.24011091200557,16.4976074782267
NR18C2bF3P0041,30.5114568416021,-6.39950627548297,-1.3483535616491
NR18C2bF7P0024,32.9256924135007,-14.3234381761219,-22.3784345758417
NR18C2bF7P0043,-4.44366565325946,-26.060313417365,-18.6225395297319
NR18C2bF116P0001,-45.5781049913046,2.45830828878873,15.051798600813
NR18C2bF134P0009,6.25649778473629,4.14301701014297,14.0476627730885
NR18C2bF135P0043,34.2507539956799,-0.186628422120461,2.3643568411569
NR18C2bF135P0089,36.1351933660177,-10.8022423178126,5.66214851274364
NR18C2bF139P0003,35.6742470322665,0.827083601017672,0.712596771571056
NR18C2bF141P0005,33.0655647159303,-12.8574168921268,-13.0887916822663
NR18C2bF141P0006,33.5433150486401,-0.751685878806261,-5.94507236063221
NR18C2bF143P0003,28.2267347071947,2.72919997396331,-4.10090611133864
NR18C2bF143P0004,-33.8590042033184,-13.8827934004199,-0.633291629593187
NR18C2bF144P0006,30.7666588920676,0.947136454511038,-3.24286738106285
NR18C2bF144P0011,33.3484168954869,-1.52927672918698,-3.77622815683805
NR18C2bF146P0005,7.0916093073771,-9.62345401415713,8.87493723380377
NR18C2bF148P0010,-30.6060659753223,-16.7018662545857,9.59253177865172
NR18C2bF148P0012,-30.8297951829286,-8.69168342401125,12.9568580654026
NR18C2bF148P0021,19.7306784952336,4.35608453473334,2.54973697894903
NR18C2bF148P0023,-28.4841503700199,-20.442086285622,-0.317767962034307
NR18C2bF151P0002,-6.2646943553362,8.33977276359039,24.1973132985383
NR18C2bF152P0002,-30.1688057386174,-12.0861625970888,6.45557014397424
NR18C2bF152P0020,4.45160671275204,12.285386865031,21.9259527809507
NR18C2bF153P0005,32.9302438233378,-7.97693426048618,-11.4517139896513
NR18C2bF154P0007,-92.9088179556934,-16.7119876994115,25.8076565776298
NR18C2bF158P0002,-31.3601720444453,-11.4613289288011,7.25628076911577
NR18C2bF162P0010,-10.5908452514514,13.4532427896291,24.2746509931161
NR18C2bF171P0003,29.4392607927835,9.53411930802978,0.0922768765164605
NR18C2bF175P0002,35.9393012749058,-2.84041736418226,3.5594189115312
NR18C2bF175P0003,36.5785503378148,5.10430085990719,5.27798249990023
NR18C2bF175P0008,18.4083350742098,-0.202579993919606,-7.94670693725347
NR18C2bF175P0012,18.5340494148384,0.496999682378169,-1.3760985500393
NR18C2bF175P0014,21.5063219369645,1.25586218891544,7.6140401206558
NR18C2bF175P0017,33.4125984911614,1.73534698063945,-1.46650347763516
NR18C2bF175P0019,19.607784563656,1.80566481014618,-0.812922543848129
NR18C2bF175P0037,32.3701333836419,1.20153995524791,-5.90457457599093
NR18C2bF175P0040,11.2346026390846,1.76405282883764,7.8222589785914
NR18C2bF175P0045,17.2245641912834,7.41187722810536,-0.141244836740842
NR18C2bF176P0024,-13.4103595460971,-10.763299914065,6.98326149468664
NR18C2bF176P0030,-63.7285577083477,-15.1678370306383,14.5873556967543
NR18C2bF11P0005,32.9824670490717,-4.64600763660884,-0.177823846248661
NR18C2bF11P0007,36.2803789221392,-3.34155673790429,11.461947174659
NR18C2bF12P0010,-27.4925062231641,-7.81581102124689,23.1520011694049
NR18C2bF13P0003,-37.5913655246672,-16.7954452885773,21.3152802865423
NR18C2bF13P0005,36.1074029742637,-3.27393377481017,15.8241702519688
NR18C2bF19P0007,-32.9390786566272,-43.083172935501,-2.72299977400763
NR18C2bF22P0013,-32.1505223202004,-4.16186364556973,3.7017207846496
NR18C2bF24P0004,38.6543092002276,-22.1413721472695,-4.18903295316366
NR18C2bF26P0001,-32.678312587435,-7.5411891431821,-1.24927834777441
NR18C2bF34P0001,-5.37329696250812,-9.79118376017372,16.4258507690349
NR18C2bF36P0008,-8.49928473368756,11.7120590939208,16.3364535824173
NR18C2bF41P0016,-7.33970445319144,-4.67708555678005,25.4215304332439
NR18C2bF47P0005,4.41873019156986,-17.2560926966647,1.25725182132425
NR18C2bF53P0003,-31.3887779605745,-17.7000122912683,4.17414622357829
NR18C2bF60P0002,35.9270857129937,-4.88875187371252,0.162752381457156
NR18C2bF64P0003,33.8069148116888,-4.16349485133791,1.17882387207193
NR18C2bF67P0009,32.2398970681251,1.39600039486304,5.51384611475176
NR18C2bF69P0003,-59.7789766378025,-19.0528614932284,18.2541948618479
NR18C2bF97P0006,35.4724379335533,-8.87517997960103,-3.29114485156162
NR18C2bF98P0006,-29.6478185789296,2.276140727759,17.297100736184
NR18C2bF101P0001,17.8584849518498,4.81023732071118,7.15573889560134
NR18C2bF101P0005,-32.0048537202402,-3.96533098281102,6.13521688368437
NR18C2bF102P0039,35.2134499223572,12.4904933451706,6.83149004004987
NR18C2bF106P0015,-10.005093770159,15.2220365378005,25.1415773050456
NR18C2bF108P0002,-72.0433197168547,4.03958726579484,30.259553699832
NR18C2bF110P0011,-5.55855980423033,-9.47417975304322,17.0927267862744
NR18C2bF110P0055,35.694026126136,-1.89840089970961,7.33398300055609
NR18C2bF110P0075,-5.38966006747856,-3.83574984458132,15.7940717801955
NR18C2bF110P0081,-4.63842368144746,-1.19641423495671,15.0823275902432
NR18C2bF111P0006,36.2198311886029,-6.9570070766129,-4.42033592136143
NR18C2bF111P0010,34.778735238785,5.94821760335516,-1.42353777948903
NR18C2bF176P0033,-97.3894986586464,-16.2960818273515,23.7654424378128
NR18C2bF177P0002,29.5431938513683,12.2417643458705,8.33789414689152
NR18C2bF177P0004,29.7222112129818,12.0622795655104,8.68559529897277
NR18C2bF182P0007,34.4169198687914,9.70748117450765,5.5394666450156
NR18C2bF190P0005,-10.0130859585718,12.845531277644,18.1417736033146
NR18C2bF193P0004,-31.8267348573996,-14.1435802759914,4.87808285617509
NR18C2bF198P0002,13.0963785139442,11.8013831729248,1.87817529938357
NR18C2bF200P0003,-46.7494939531184,1.29669234197707,10.8908287001369
NR18C2bF205P0010,-29.9926406046415,1.90008986841864,13.7818402284832
NR18C2bF223P0002,-30.0614561335665,2.59298959500301,24.9310790073947
NR18C2bF228P0014,34.3797045142316,10.8776003363174,1.53265867863142
NR18C2bF239P0010,32.7749941737752,-10.8842241135946,-5.84094820365799
NR18C2bF249P0009,-29.8640559663167,-1.09372708523365,23.5827294418013
NR18C2bF255P0002,-29.5678460619205,-13.6953484352512,5.4695559024913
NR18C2bF255P0008,33.4873701353981,-8.32857027226455,-6.25986708763446
NR18C2bF255P0012,-31.4661328531985,-6.52814641912929,0.329287747424626
NR18C2bF255P0014,-30.5119967138476,5.01400128620609,0.3684995316237
NR18C2bF258P0001,-94.44756479766,-15.8983418757044,15.050240128114
NR18C2bF258P0002,32.0704318002244,1.84534075907406,-2.36830010884471
NR18C2bF258P0005,-31.6045704802867,3.95164645767617,7.1194915799865
NR18C2bF258P0011,-51.8824797702155,4.67508582814104,-2.37938183538019
NR18C2bF260P0001,34.1411747300469,8.74581755288041,8.85479266053028
NR18C2bF260P0004,-28.6678769377134,-5.11663991542623,18.278297645837
NR18C2bF277P0006,-7.44936648614162,0.959053636176554,23.2934238325763
NR18C2bF280P0001,-69.764062421066,-10.5697274674289,26.8601855656046
NR18C2bF283P0010,-34.0069659764005,4.12029441525787,6.43280649001575
NR18C2bF284P0004,-27.6080027108062,-8.53352912997682,15.0447881290874
NR18C2bF284P0005,36.1924416736198,-0.664773063814067,-2.79963967142907
NR18C2bF286P0004,-32.5693064447725,-13.3786642429629,5.06830360646171
NR18C2bF286P0007,-31.8696238159049,-14.5214821359446,7.99131631208871
NR18C2bF286P0008,29.7828072431024,-0.388985491317673,-11.3129280438299
NR18C2bF287P0002,14.7909368662742,-3.98538390282814,3.62607272989118
NR18C2bF287P0004,20.6689383794318,-2.33496520343305,0.976359894545077
NR18C2bF287P0006,-31.0044406286428,-1.62618818598926,10.3688169762529
NR18C2bF287P0007,-42.8461211405119,-6.10768515571244,19.7447473924395
NR18C2bF287P0008,-29.2279702881607,-10.6219064144337,18.6313844461676
NR18C2bF287P0010,-30.0373136151051,-0.647802096012567,16.4447691280601
NR18C2bF287P0015,-45.4778599173162,2.87401648789843,19.3221771713132
NR18C2bF287P0017,16.4854603617449,6.22256226702945,5.4784807677427
NR18C2bF287P0018,-32.5768312078785,4.4845781368792,16.3836986354078
NR18C2bF287P0019,-42.1173826681172,-8.50051785898598,8.21831986832126
NR18C2bF289P0005,-69.7207164916058,-11.7400338501145,25.7596433588806
NR18C2bF293P0001,31.3702142170549,9.8135577705395,0.064950276263979
NR18C2bF295P0001,33.4922588797625,2.11846993375142,3.12026460987847
NR18C2bF296P0001,-30.9677446677856,-14.2114856663978,4.19446840366228
NR18C2bF299P0001,-30.8630285415285,-12.6414525881963,17.3291025753387
NR18C2bF300P0001,-56.131285216472,-20.028940757626,5.03592146792099
NR18C2bF301P0003,-8.80498906050569,-14.4884512395664,-0.366872231605412
NR18C2bF301P0009,-27.9445759088113,-16.7481611242482,13.1065572311112
NR18C2bF302P0003,-30.5795878260155,-14.2848106859024,-2.53600145197907
NR18C2bF303P0015,35.0335963460869,-4.64006516410277,4.77213901621298
NR18C2bF303P0017,32.0154029785321,-6.89615968855909,-3.09935695746318
NR18C2bF303P0018,-28.1478010029092,-9.7447457171812,15.2169430109909
NR18C2bF303P0019,-30.8414747434523,-17.6278943659228,4.49959014958038
NR18C2bF303P0020,-30.7449920818667,-20.3394688211856,8.95690012466383
NR18C2bF315P0001,32.6373458519722,22.4414013528135,20.5999195364126
NR18C2bF317P0010,-32.6545508012887,-1.26326231412131,11.699861418005
NR18C2bF317P0011,18.0206914591358,2.651952297136,4.83649891381221
NR18C2bF317P0013,33.9949814835723,6.32870591813216,2.50009405543464
NR18C2bF317P0022,17.5835927374938,3.24337128028955,4.38929629560194
NR18C2bF324P0003,-90.4610729306987,-33.3016307362004,22.7064226549662
NR18C2bF326P0001,17.9374072069406,1.12725502582093,15.1727473654857
NR18C2bF336P0014,-9.4874837658441,7.61118121768899,13.9219526715865
NR18C2bF338P0005,-10.0885275072274,-12.3596476942633,4.85274247298703
NR18C2bF345P0006,34.4256660410536,18.4267178096068,19.6025770260834
NR18C2bF347P0004,32.1770030214019,4.84111181290512,-1.12803148632648
NR18C2bF349P0006,-6.27786432493582,2.74424924506517,19.4575419689186
NR18C2bF351P0001,-11.8152875359713,6.89052902792521,12.5651003277496
NR18C2bF351P0005,-25.2063203730739,8.48404965494891,12.6835793937198
NR18C2bF354P0006,-47.4179606314921,-11.6178406378213,22.6393018570467
NR18C2bF355P0003,-11.1234101152676,5.69045526530958,12.3337543952234
NR18C2bF356P0004,-29.8586429614029,-9.54171789811866,15.3454131419831
NR18C2bF358P0005,35.1943765627463,-14.717243021915,2.94709519581499
NR18C2bF359P0010,29.7900775757081,-8.20323646528117,-15.200078829094
NR18C2bF360P0004,-27.1118000500612,-6.73598836401993,19.4333733757731
NR18C2bF360P0006,-29.9092805553098,-1.7184298221836,26.7917697547517
NR18C2bF361P0012,-61.6728862757067,-13.4791750067324,29.1863378422629
NR18C2bF363P0009,32.7128536618228,5.97405912453126,3.07167831250907
NR18C2bF364P0009,27.0802284577344,16.1067210155137,9.14123994350245
NR18C2bF365P0007,-32.942609946513,-1.41634479470238,2.12543111690443
NR18C2bF366P0020,-8.00606207546447,6.05331816656397,28.8735479883434
NR18C2bF369P0009,26.7605886328846,-21.1257818223998,-16.6992621847044
NR18C2bF370P0004,-22.2727420893247,-1.76465418618709,10.2026882383483
NR18C2bF377P0002,33.4470080781436,11.7195369841922,16.3783250869194
NR18C2bF381P0003,-32.5235834346125,-8.62369077531547,5.87503429929091
NR18C2bF382P0012,-73.8575467412082,-11.5373585234651,22.5439799221853
NR18C2bF384P0002,-28.494771731689,-25.8107943567966,5.511972313018
NR18C2bF393P0005,-37.6505972228815,-17.7124912129737,-13.6010732336574
NR18C2bF394P0017,19.9068652036149,2.69201840490236,9.32968063648702
NR18C2bF403P0004,-31.5667641359222,-0.860811310829386,16.5155778050775
NR18C2bF404P0005,-33.0559722447518,-12.4605795867274,7.97815721260782
NR18C2bF407P0005,-30.1794978781702,6.15968044760696,34.4152000938006
NR18C2bF407P0015,-73.5485160872017,2.53813560480493,42.4884872131245
NR18C2bF408P0014,-33.1427379077499,4.82219216607592,17.7940851905212
NR18C2bF414P0003,34.2858970944932,-6.31264009280676,9.54262165342316
NR18C2bF415P0014,33.2066589574053,4.8780919654434,3.2050146159911
NR18C2bF418P0007,33.665730980957,-1.08775261973139,-0.767394113778146
NR18C2bF419P0008,33.1102365126084,-14.3512943166259,-3.80262956189301
NR18C2bF422P0003,-29.1281457515853,6.21130440635858,24.0968771052935
NR18C2bF431P0002,-34.2874378778823,13.7426878211246,7.52556694182674
NR18C2bF431P0003,-30.234181634637,-7.13961850798866,17.646173582214
NR18C2bF437P0006,-18.6106734657152,-11.278627688298,7.16489612846803
NR18C2bF438P0009,-7.26270895715634,-1.7470062608752,22.5820702712838
NR18C2bF438P0010,-8.52661303095027,-2.21218046888386,15.5376891227277
NR18C2bF438P0014,-7.92171653853012,-0.517872398009231,16.260125658347
NR18C2bF440P0001,37.5257145152012,-10.2771320099032,-7.8520647165292
NR18C2bF440P0007,36.2942173570303,-10.2779500161791,0.0522091540019034
NR18C2bF440P0009,41.5956839845926,-14.4015237011281,2.44616059207176
NR18C2bF450P0001,-30.0735085885445,-1.7637042410901,11.9752151387461
NR18C2bF452P0003,-28.1789344583154,-8.48456125675561,17.3830516905747
NR18C2bF453P0001,32.1516314841823,26.6459542287433,18.7728581907859
NR18C2bF454P0034,-56.7957464903128,-27.3181895266886,9.68470492641965
NR18C2bF464P0001,-20.2108294305543,0.959897953003149,15.2731070268421
NR18C2bF469P0008,31.2177708381377,5.16525278834708,3.13390875783576
NR18C2bF471P0004,-27.9017644288731,-6.33315030229692,12.5627653809905
NR18C2bF471P0007,-33.27033147578,-7.24042690035038,4.38362595706698
NR18C2bF471P0013,-29.9588161475725,-4.79155450725268,7.5687563476759
NR18C2bF471P0018,-32.7309941736312,-4.33272587351412,7.02229990798156
NR18C2bF472P0001,-71.3787888129554,-32.4944729353326,6.09326724929621
NR18C2bF476P0026,-33.427211199196,-14.5096671787557,-6.09327896807619
NR18C2bF476P0032,29.8297495198233,-5.75089753246177,-13.2195492070478
NR18C2bF483P0007,-25.4956464123501,-3.49303437446091,22.6368983723438
NR18C2bF486P0011,-34.7288605699698,-22.5689409959203,-11.0371635324903
NR18C2bF488P0010,-8.66658694821449,12.6541863146216,21.9787601929109
NR18C2bF490P0016,-48.3109304029109,-21.2746167503213,-4.77900550255528
NR18C2bF491P0002,-28.381494915129,-34.7138276352885,-3.32494373317795
NR18C2bF491P0005,-29.0863473695148,-33.7018808599813,-2.03530471847747
NR18C2bF497P0008,-43.8344158571632,-17.2733890156419,4.08322030349713
NR18C2bF497P0022,-29.1081715076868,0.519149411419297,18.637791044008
NR18C2bF502P0004,-8.80597676773614,13.7088038484175,15.7175900467625
NR18C2bF502P0007,17.7919748094191,19.246326543254,19.7038937805553
NR18C2bF504P0038,31.8700320937632,4.92039243039836,0.023054440813612
NR18C2bF504P0138,35.1873707856946,1.73010579782248,7.68396713000552
NR18C2bF504P0216,-8.03279302262379,0.374134062613524,15.3072285412475
NR18C2bF504P0223,-6.77934790108494,-8.84062001031176,18.0090152883403
NR18C2bF504P0247,31.3642154855591,-6.69560811904616,-8.57594710292769
NR18C2bF505P0010,-5.85885325222577,-2.47132672421767,18.8514527520596
NR18C2bF505P0019,-1.75038715800997,-2.34081821440737,27.0604399263671
NR18C2bF505P0036,-29.163184902764,-0.0283541154813778,26.2946081965068
NR18C2bF507P0009,-7.28699348749719,2.44122002066922,17.7871175331617
NR18C2bF507P0024,-37.4762847280126,-0.172263218267654,16.9726534015261
NR18C2bF508P0003,-67.769849285434,0.597902062304732,34.0641597531206
NR18C2bF510P0001,-42.0518304336667,-15.8622445946878,19.2786109558286
NR18C2bF512P0016,-55.5396544078193,-12.5514414461725,18.3856608824855
NR18C2bF513P0014,32.0256382025011,0.384505185718293,6.53528334950989
NR18C2bF516P0042,-5.09793069178599,-13.8577614415481,18.4181199676317
NR18C2bF524P0005,-30.4972933806638,-27.3976442140671,-5.72690153143009
NR18C2bF525P0001,34.6350179784155,-5.76647734277374,-13.8385120525551
NR18C2bF525P0003,35.4726901223969,-10.3446734321023,-11.9477269388318
NR18C2bF529P0018,-64.4415794304886,-13.5225581305658,30.9527633347302
NR18C2bF533P0014,33.2953472686892,-11.3108451542326,-0.582692168860329
NR18C2bF533P0026,32.8772804871454,-5.56842826436832,-0.761257899697095
NR18C2bF538P0004,20.2022922076607,-1.70441866515572,3.74575949152757
NR18C2bF541P0008,32.6848821192746,10.387320326926,12.6314443810942
NR18C2bF554P0005,35.9868616171845,-13.9338866779726,4.42650307040249
NR18C2bF558P0003,-11.2792689858489,-1.94329034996073,14.2081481727432
NR18C2bF558P0012,-13.7930342974875,-8.63642228792996,15.1844740111759
NR18C2bF559P0015,-7.47191677610119,8.57206437598412,26.1048851545634
NR18C2bF559P0026,-6.32807982938168,-1.04870278557162,23.2445884180483
NR18C2bF559P0051,-8.60157558470936,9.09483123861074,28.0117875491765
NR18C2bF559P0055,-47.7774616928236,-2.64758827536402,30.9522430644306
NR18C2bF559P0064,-12.0693911241419,11.8971264509656,20.5297120236868
NR18C2bF560P0007,-29.2955268520329,-12.4335170824436,14.9930007184354
NR18C2bF560P0019,-11.5134294559737,-5.65254180816913,10.7028996655953
NR18C2bF562P0010,27.7225586797258,4.66668832305697,-9.19485295848478
NR18C2bF563P0003,36.538481974661,-10.3365508172976,-2.46916033492573
NR18C2bF563P0008,36.0429878404348,-5.29619688253198,5.95178194995942
NR18C2bF563P0010,36.4608825225685,-8.06262394027375,-0.835421648812051
NR18C2bF563P0011,36.266336076255,-4.42549816330227,11.9370801436979
NR18C2bF572P0007,-30.8903017673573,-17.2553630753296,4.0983204726497
NR18C2bF572P0012,-90.5829438025203,-29.1852855703701,27.0784517184672
NR18C2bF572P0014,-33.235682233582,-15.789017482246,-2.73476974631338
NR18C2bF573P0006,30.499001420909,-3.74307694598094,-4.98039696201642
NR18C2bF574P0006,30.8748301035312,-6.23880396613996,-3.9027523140915
NR18C2bF574P0011,31.3942906606693,-19.1218093168627,-7.89309765592484
NR18C2bF575P0026,-9.61084806344943,21.5318894976156,20.1794302665973
NR18C2bF582P0008,29.5392158828331,-13.1999400322938,-19.5232044771903
NR18C2bF582P0016,11.3282312291773,-19.8044036317591,4.49900004990465
NR18C2bF586P0008,29.6555326364461,-9.7962889938353,-11.6872900229805
L9_304_25,37.7587562291649,2.47810931932447,-2.24271985672259
IITA-TMS-IKN120210,41.0054847161583,-4.05988822559543,18.7573754849714
IITA-TMS-IKN130010,5.39788551114342,41.3640633950996,56.4516325363147
KALESO,-18.4399299442777,-35.776699933408,22.3622319084457
NR130124,-32.1766135103856,2.29949533183217,13.4438909285523
TMEB1775,-21.3075031343255,32.6528069207692,-6.90851100916423
TMEB1347,-19.2585766349803,5.11602088901747,8.86590479867204
TMEB1776,32.5539559971588,22.6001661580246,-1.63620366280431
TMEB1341,-18.7162468849972,18.2325587228463,9.27970142468484
TMEB1981,36.4475750993295,-6.47710865750746,-3.71632550323182
TMEB1937,-31.6545362973448,17.9455181817326,17.3704152761232
TMEB1349,-2.16921588648704,9.01353912290985,13.5732643765555
TMEB1788,-24.1130181111004,37.5795139729733,-8.92538437915728
TMEB1786,41.22964139539,-15.6527624177364,-1.19600726723171
TMEB1346,26.6655106266376,18.4756285465331,-1.73697177336962
TMEB789,48.2286071892901,-34.3246912646994,19.262786507902
TMEB1310,-1.7913357610581,-40.156944642154,24.2121826131619
TMEB539,46.9598803576794,-30.8354698251738,16.7505644756948
TMEB2,43.9563957378364,-26.0222153963776,-17.5093646154638
TMEB778,-12.6763695718243,-37.9914221354675,7.48547196865236
TMEB590,-45.6121747801169,62.5593552964949,4.36061383360393
TMEB1333,-35.510524751483,37.968937443445,6.63237185666239
TMEB1332,-35.6460441407417,38.1736077952313,6.46515131662395
TMEB2146,39.4533647282093,-9.98104301128734,18.9538399057577
TMEB2139,-35.636480145486,42.5333914575588,9.03019890484566
TMEB2135,-25.2173284514226,12.5676289941153,28.0542411107749
TMEB2141,-26.3987703996532,-8.96206071153683,16.6051033085773
TMEB13,47.6022245079242,-43.9443663484299,-8.61486179343546
TMEB1309,45.9358754628794,-29.6853971529003,13.7953713320158
TMEB1334,-46.534833174083,64.4628645218938,4.06739476087823
TMEB1336,-27.8467230583014,-21.0460365753907,-0.396052089320676
TMEB14,51.1984318279233,-44.2091458270114,0.180818706111056
TMEB145,37.7178366113298,-32.6918770958754,12.4246145686229
TMEB1738,56.3953576490375,-61.0033974427836,36.1822625883839
TMEB1794,5.90442763552554,-0.336625036497426,18.2215820398209
TMEB199,49.6078381225254,-54.1195225878934,-13.4063970642119
TMEB203,47.5906122399501,-44.3494626140539,-8.85701665391811
TMEB203(4X),47.3545493279989,-44.0766820786882,-9.00192840688879
TMEB204,50.2010566610584,-54.8727018008965,-13.7055717841268
TMEB207,38.0976070387257,1.06663104002626,6.45314652221283
TMEB225,50.2885148375861,-54.1627073381855,-13.2356043425685
TMEB237,44.5265291544729,-10.2210942349927,2.44608351294807
TMEB239,50.595404692317,-44.1018336121033,-0.0209227389677743
TMEB279,43.3494730107306,-26.0444932559465,-20.4985528326859
TMEB282,32.5389765877973,-30.614301006099,-1.85647329571136
TMEB296,52.0217502817787,-28.2586655233129,26.329323411738
TMEB379,-1.07732522592484,10.0810108318269,9.72476870531017
TMEB388,-32.941287482522,37.6356720750663,4.19616128411966
TMEB4,50.8702271146833,-44.1123678503586,0.0464719271789021
TMEB419,47.6405348027029,-47.9465017769381,-11.6128390663665
TMEB5,51.0964067101355,-44.118235753919,0.204306706807365
TMEB594,42.2788668636357,-14.0308695212492,2.30706572837278
TMEB6,51.3124393053566,-44.2460110001201,0.387142507401025
TMEB693,56.576687926776,-61.3892095222785,36.1910260406899
TMEB7,51.2579917390298,-44.3536766833031,0.229545660891224
TMEB785,-12.4236784496044,-38.1543354865526,6.92138903424438
TMEB8,47.7241254751802,-19.9621581651856,9.18989292111062
TMEB9,39.8933034933134,-50.8706482029162,-23.3568195207444
TMS000338,-30.4337764908811,7.55086111278725,-2.43720083173418
TMS000346,-28.0819422612551,-3.91841560387046,9.29031321491572
TMS000354,30.3579795478556,1.91304151133285,-3.3112666896795
TMS000364,-28.1748631293369,-3.82859376290353,8.99574495657018
TMS000388,-31.2702896072987,7.90054603601353,-2.62564580508365
TMS010128,43.6058388296271,-1.37048545235134,9.43817501357461
TMS011097,-15.630446040653,2.60741681527011,-12.8519292724301
TMS050540,-24.5870317963357,-21.5129847429481,8.87865854979042
TMS050751,36.6413803075258,20.0915820819924,25.6827285458942
TMS050752,34.5474876277262,15.6290502563552,14.9862267765427
TMS070099,38.1018960532368,-1.18023236949801,14.0553844540422
TMS070352,20.8550006966116,-4.7872414302226,18.6687191750027
TMS070489,34.6990293096093,27.4506536252076,18.1849350003274
TMS070863,-14.4505923039677,28.8682852800756,47.561120509756
TMS010632,37.4134494658126,16.4139246017044,20.4008050691739
TMS000355,-70.0584258268261,-11.6097805431171,-3.68821153021134
TMS13F1008P0006,35.3634714503869,5.67572854712763,9.10065697388984
TMS13F1008P0020,33.0308826550792,16.6735697263599,3.18600034270204
TMS13F1020P0002,-34.8163000807494,-11.7366783908119,18.1240202112491
TMS13F1020P0004,-30.8522496120934,-4.90945115002784,15.7512451246221
TMS13F1024P0002,-33.8638718860682,-16.4594238875779,4.22462618570129
TMS13F1028P0007,-88.2242542084989,-2.60447573013744,-4.31993901664404
TMS13F1034P0019,-79.5127640939553,11.5624700788142,-25.2434155940243
TMS13F1045P0019,-42.8702224660888,11.9592215162642,13.1879339949404
TMS13F1050P0008,-41.0312750450221,-19.4738874328863,10.8631659657432
TMS000210,26.4847522408937,-12.159808483858,-3.51686473259508
TMS13F1024P0003,-36.5245224058638,-9.03603249065922,11.0081107291712
TMS13F1028P0005,29.5034816853588,27.3466000716669,-31.3572258962914
TMS13F1034P0004,-29.6443453561992,23.308574391885,-28.2130954294381
TMS13F1037P0005,-38.6648192643054,-6.85594701019411,-25.8204288418772
TMS13F1039P0003,-65.8993059052889,-42.1646498733037,-4.85768457399733
TMS13F1045P0017,31.2319010848418,22.6057095961229,3.18410678350889
TMS13F1047P0012,-79.752008338282,-30.227310132222,8.29512416987224
TMS13F1051P0010,-26.749309385325,-64.1274117609251,-33.8624245431815
TMS13F1053P0002,-41.3130060019013,-10.9034070952651,-57.0314618347453
TMS13F1002P0009,27.2826200976559,12.853543487418,-13.4094443449183
TMS13F1003P0003,33.8806935620638,6.36219533412371,1.73267734700551
TMS13F1006P0002,35.3352568291484,5.73192553936329,11.7777413757172
TMS13F1006P0008,36.6876140014738,3.32519632512716,0.691678014388908
TMS13F1006P0011,35.6400454698493,10.9412917283426,16.0487886179156
TMS13F1007P0005,13.58450869347,-2.96439493063724,9.54945333278608
TMS13F1008P0017,-1.58706051891314,4.70920013172086,20.1837736283247
TMS13F1008P0023,-30.5009626792559,10.6530881170105,14.1341943142893
TMS13F1009P0003,30.9657572249121,12.7509932790085,1.80741862088019
TMS13F1009P0012,34.4207211848322,3.91179668099812,-0.0696214222256185
TMS13F1016P0002,-44.3064188340377,-9.2866299586999,-15.3863113907141
TMS13F1016P0005,-35.0177028590051,-13.0908953553625,-19.3375524073456
TMS13F1017P0003,-38.8668154385575,3.79416933657803,-11.5922699914737
TMS13F1017P0006,-29.3437365567189,6.23957254090668,-13.2800983012298
TMS13F1017P0009,-33.9481240641162,22.7438157658961,-2.11518737918302
TMS13F1018P0003,-18.3118268695095,6.12421829664447,8.70441328769293
TMS13F1018P0009,29.5810360680866,12.822811161771,0.0189110746803973
TMS13F1020P0001,37.0240598077534,4.78405297031364,-1.38751487561998
TMS13F1024P0005,35.010236305527,-2.47651701776582,2.37905543599481
TMS13F1028P0001,-95.9381125726569,18.812584373484,-12.9100684413709
TMS13F1028P0004,-91.0335917380485,3.46753682318293,-15.6995481833007
TMS13F1028P0010,-79.1682271003763,5.59181125158712,-20.630636376411
TMS13F1034P0003,32.9614851488355,7.54385428405382,-7.25626948019417
TMS13F1034P0009,-26.5302361389459,-5.70132810153842,7.87875538980022
TMS13F1034P0012,-88.4297156712995,8.41716916255926,-11.1224659140591
TMS13F1034P0018,26.79353991697,25.7860020389064,-38.8250938819548
TMS13F1036P0002,10.8885199115021,19.4895817592383,-0.44221214460586
TMS13F1037P0001,-2.27837606732543,18.5658071893007,-37.3609459937105
TMS13F1037P0004,-35.752620907355,7.07715533981614,-30.5310696504731
TMS13F1037P0007,-33.7921427768653,5.16616930648729,-41.2037113597214
TMS13F1037P0010,-68.6934105218668,3.09073040028801,-15.8905616618988
TMS13F1039P0008,6.96587652980388,-28.6132197741849,-17.4059661054048
TMS13F1039P0011,20.2580060485092,-34.0210768793934,-18.4438092888909
TMS13F1045P0013,-31.2040418647775,13.8103093527282,17.4275842147154
TMS13F1045P0016,22.1567203263305,24.999769848552,9.41360034101703
TMS13F1047P0011,29.0261281441866,-1.71565259670573,-9.20220173611705
TMS13F1050P0003,8.95239556516639,-18.5465924520229,-5.36256627287465
TMS13F1050P0006,-26.1929046420002,-12.1536865916241,6.11005101119409
TMS13F1050P0009,-90.5874933223927,-28.6184816575147,3.64648546887133
TMS13F1050P0012,35.0602896723122,-17.562305906182,-9.13401524813725
TMS13F1051P0003,25.9310949871345,-3.77290941307632,-30.1792337993472
TMS13F1051P0012,13.7826473077924,-21.3135291469671,-1.80918462615461
TMS13F1051P0015,37.3014831575421,-53.7228047038127,-41.3329495826036
TMS13F1051P0021,12.858316378773,-33.0044697517359,-4.72404413029631
TMS13F1051P0024,13.3952014085349,-21.5724290061706,-6.31961712598484
TMS13F1053P0001,-43.4669791475287,-19.7438470358813,-48.1784611665413
TMS13F1053P0007,16.9084915204794,10.2064338399908,-75.9475948385664
TMS13F1053P0010,-40.3105296622469,-15.9460383841213,-58.2951579551499
TMS13F1056P0001,10.5348651043663,8.96855428860378,-37.9169147138974
TMS13F1056P0010,22.0067265533533,-7.1070246065846,-39.8061261563778
TMS13F1056P0013,-23.9939788071993,-21.3011573345578,16.1551740324602
TMS13F1056P0019,17.4377394529237,-10.5661842736216,-41.3160596278234
TMS13F1059P0003,40.5870292172943,-5.76334038362592,3.32679370254046
TMS13F1002P0008,3.94802750444994,9.86017460814271,0.616288045391253
TMS13F1003P0011,31.9898109376656,7.31855790060775,6.05725930759366
TMS13F1003P0014,-33.8372049661514,9.94480825747363,8.14791912352071
TMS13F1006P0017,22.2867090146155,0.0454523648742682,9.9428292508615
TMS13F1006P0020,37.662638521307,2.07290209623382,20.9380120935367
TMS13F1006P0029,29.2949559027315,31.7121301048521,-2.3973353482246
TMS13F1007P0004,-29.4084106894256,0.426376636024319,24.3827697973661
TMS13F1008P0001,-31.361674243644,15.1596392246193,18.9602642402219
TMS13F1008P0007,2.57977363175867,13.1544132818409,18.0824614282344
TMS13F1008P0016,-29.2164674263691,-0.151659047603052,8.14921711905976
TMS13F1008P0019,30.5551663014637,24.6889323841552,0.13419071540244
TMS13F1008P0022,35.0688477462259,7.55268652618492,10.4351840038274
TMS13F1008P0025,-28.4918608622668,3.43645803725405,13.4759865165314
TMS13F1009P0002,-26.1618423219577,-10.0841597046228,3.43279272784147
TMS13F1009P0005,32.4052572334764,10.1628836421607,-8.19114825548126
TMS13F1009P0020,34.1542490506051,-3.73710117010169,-11.8402075832566
TMS13F1009P0029,37.3276344902947,-7.46185221663604,-10.2442121668397
TMS13F1016P0004,1.8010850133273,-10.9229236531746,-39.821800403437
TMS13F1017P0005,-39.9697298820385,9.36819643444564,0.102113082572854
TMS13F1017P0008,-31.4053304731212,6.42730574276236,-4.77222325070729
TMS13F1020P0003,27.0848158523311,0.36360286232847,-9.48152748659233
TMS13F1024P0001,14.8071367366834,-0.455879027012171,4.41175256444898
TMS13F1024P0004,-28.0100947643506,-2.93821442985666,14.5723736445662
TMS13F1028P0006,27.6085597028215,23.7328082233687,-37.3499820708605
TMS13F1028P0009,-90.8983339245966,-2.30992250381628,-11.1797010330647
TMS13F1034P0005,-21.2497174928665,-19.582693902145,2.55256695750835
TMS13F1034P0008,-32.7644662162257,20.3219817864996,-23.9179801736693
TMS13F1034P0020,31.907714386887,-2.5029460037584,-7.04594414295611
TMS13F1036P0010,-26.1361639056545,9.12191085074311,-4.84529758165104
TMS13F1037P0006,22.639036881874,8.50048662284252,-24.5085060637176
TMS13F1039P0007,-32.8170472517862,-35.0227380033388,-6.50024544236636
TMS13F1045P0006,-30.2953044373079,7.07690745882829,13.9843510556383
TMS13F1045P0012,30.3498362537172,24.9237848417623,6.49746635632035
TMS13F1050P0002,-4.71768004905982,-13.6774704770347,8.67844026485879
TMS13F1050P0005,-28.0298984466401,-14.8322497677453,7.86116031753505
TMS13F1050P0011,-20.1607839552648,-12.7457634562127,-11.5973868464872
TMS13F1050P0014,-24.4078205947618,-12.0176092159452,2.5640763858105
TMS13F1051P0005,-22.422537984585,-69.941150125781,-17.8115345647098
TMS13F1051P0014,12.6658341547151,-18.8375204109386,10.0798127176519
TMS13F1051P0020,-3.85837038518007,-71.8001974710425,-28.1126852003251
TMS13F1051P0029,-22.3083265667295,-57.0910624281402,-24.8600727908001
TMS13F1051P0033,-26.1884382393657,12.357858557467,19.0495313889315
TMS13F1051P0052,15.7151933812812,-25.0141956038195,-3.19093373564678
TMS13F1053P0006,-98.374669325847,-23.7514912595152,-46.8660017814948
TMS13F1053P0009,-39.7954916673886,-8.25063152278618,-62.3033936225087
TMS13F1053P0012,23.9835184438384,1.01511935172763,-53.9030951367802
TMS13F1053P0015,-35.0516101715407,-23.554057054051,-50.5545499720926
TMS13F1056P0003,25.6014075508328,4.26241536941073,-32.4893865713845
TMS13F1056P0021,-2.63545099085599,-3.53585247432082,-45.2079385066941
TMS13F1056P0024,0.127508013000703,27.7128147667935,40.561398894577
TMS13F1059P0002,-21.2361936920361,-27.3464256513227,9.87151094167999
TMS13F1003P0016,-32.9788844022161,-11.0842341302537,17.3862337452048
TMS13F1006P0027,-0.478720275278325,0.428575701293873,11.597703179406
TMS13F1007P0001,-28.0918784903716,-10.9518713415909,10.4867833387812
TMS13F1018P0005,-26.9881815846059,4.96151822925129,8.35508689043588
TMS13F1018P0011,-27.6045794670867,12.2552300508945,16.6217717799908
TMS13F1030P0004,-29.8691860076519,-29.3977360878262,-7.28270733075683
TMS13F1034P0002,-23.5758348458286,-17.7868599202745,4.13288134613364
TMS13F1045P0018,-33.6730830233261,7.95421648670084,10.9807285097862
TMS13F1050P0004,32.1192851591738,-9.03979475997664,-5.24655149132745
TMEB340,37.1980506432538,-35.444182233959,-5.44701697480945
TMEB402,51.5758618352974,-42.6575346050927,15.5752124890827
TMEB408,44.3218850684289,-7.10431815081625,0.17456437037238
TMEB424,-25.2516845745511,8.75304810247058,15.1160202489623
TMEB443,47.0382024134426,-43.7166535523281,-8.07785903552911
TMEB463,47.9495582554095,-24.5801432091446,-0.769129069543859
TMEB468,44.8122270893939,-44.0013781864038,-8.43580599029494
TMEB474,47.3603352537716,-43.7524601763795,-9.03510569849086
TMEB486,48.2260018600437,-26.3630123645985,12.9520873214694
TMEB508,44.7171391298824,-30.016302363975,-10.840275664966
TMEB542,-30.8322719107211,32.9300686619476,4.87220485940308
TMEB557,45.6658529919436,-37.9894749789702,1.75582110586107
TMEB600,47.3210072250176,-38.1882632206284,6.94267149203423
TMEB700,49.6569671330101,-32.5435132497994,28.6553560918314
TMEB701,-45.5000743867498,65.4531363520725,3.62348366606222
TMEB702,47.2411661211001,-27.6296000078103,26.2327302205372
TMEB762,49.7168312386321,-35.7554040393901,27.5412455473904
TMEB791,52.4051849684342,-45.2412277566759,23.1839903404491
TMEB849,-21.8610359957615,-19.9543503239369,28.8614017883419
TMEB857,55.7283085165415,-61.058334699425,36.0235709367946
TMEB900,48.5468889163578,-37.9677744539445,14.1978281789457
TMEB909,-36.2721144851684,43.4949764403162,8.97449986426164
TMEB947,-45.3805260354029,63.9050811914007,4.15330036592229
TMEB948,-45.6162648919344,63.4258688237791,3.77247451505178
TMEB949,50.5272164621577,-42.5906917889506,0.0208286333930398
TMEB952,-33.0219143095656,1.14299341375302,12.325716018309
TMEB955,43.3598590044747,-17.5742077241693,0.286395395845467
TMEB961,34.0675753702891,-22.4750502323988,11.1418128446906
TMEB971,44.4366664984205,-17.1910359806717,-3.87452772663491
TMEB975,33.397936511206,17.1417602060385,9.55589831127715
TMEB984,51.0525700901742,-44.1191869622451,0.092284684229275
TMEB992,46.6771925226512,-38.7115480043758,-7.10073870692657
TMEB1274,41.3088389621224,-11.3650299867504,2.87297400416949
TMEB1284,40.7332738559715,-10.0105855955514,2.30938419392555
TMEB1289,40.7753076788865,-10.6998480199552,2.030843924431
TMEB1368,56.8235506655779,-61.0227582961246,35.9484428254472
TMEB1408,53.3239497005716,-55.8526823619695,11.581663989641
TMEB1412,-46.2581988478666,65.2608128294645,3.73426984301915
TMEB1418,56.9544499654014,-61.2664999794341,36.4049524675828
TMEB1428,47.9835951216155,-26.1812335883021,13.4369293427793
TMEB1442,56.3757115292615,-60.0904861314298,35.4939680256582
TMEB1448,44.1438848401365,-38.6667033204698,-6.42034106678081
TMEB1463,34.2887821374192,26.2991283895227,-12.7171502188631
TMEB1468,43.4139133156655,-7.66837369451281,7.05081596175418
TMEB1470,35.628862377644,-2.86372269905664,8.41997339283906
TMEB1471,45.3886525562384,-9.92963745867725,7.45188544452486
TMEB1484,45.2135577524521,-37.0390176879677,6.89700311948146
TMEB1490,48.2796800670091,-23.7796805637955,-0.18031169000145
TMEB1491,39.7921689738813,-13.664529186551,-1.17095627382906
TMEB1502,46.5558791833059,-30.731783417572,4.55115186855225
TMEB1503,-46.9237409422135,66.1161791020872,3.67094630667472
TMEB1515,-44.2017344189896,60.8589504484552,4.44210265808933
TMEB1529,39.8969762985003,-11.5273446357084,-7.32508726444873
TMEB1540,-33.6681662550949,26.9921305964021,22.5407277981256
TMEB1548,40.0291413040332,-11.3409587969899,-7.05852682770956
TMEB1551,-34.3043152853976,26.8920820011277,22.7079486145203
TMEB1552,-33.3421649285876,25.510847303759,22.5811208831589
TMEB1556,48.3959291705351,-24.4978942776882,-0.0263759366203491
TMEB1559,56.8449227805657,-61.1699935323939,36.2920151996838
TMEB1560,56.8385968516995,-61.1937949310998,35.8233215098626
TMEB1571,-34.5284392720066,26.59038625112,22.8023635388021
TMEB1572,54.1224109710164,-57.4649398369512,35.0588392685282
TMEB1574,56.9622799308428,-61.3353150302289,36.3180378986562
TMEB1582,48.3314189524119,-36.0194996968934,1.88803085434002
TMEB1589,47.6289968711861,-41.5115130340982,2.52427191303883
TMEB1591,41.9732235476264,-8.69399646720999,9.19453143332035
TMEB1592,-31.1180582473997,27.3426563574782,27.262505424573
TMEB1602,48.7428918558633,-29.9413370732089,15.4760373314125
TMEB1607,-46.8685336993676,65.862527386135,3.90035512865165
TMEB1608,49.3102248145591,-51.7253869527445,33.3760482753875
TMEB1612,55.3560588722529,-59.7583613300555,34.8105527493486
TMEB1620,51.3600437536071,-52.5256386156871,18.2282401781132
TMEB1622,49.2511275325784,-42.3723888734052,0.533792509282756
TMEB1624,50.5896352280601,-43.4606139183704,0.609948805712289
TMEB1625,56.8109081139526,-61.5285421908696,36.1610455809074
TMEB1627,-8.05221588337827,-33.279732996145,30.8700009692119
TMEB1628,55.8910551276345,-60.5002837159252,35.2259018209136
TMEB1639,47.7629651898183,-37.4264176313427,5.32891610587256
TMEB1640,51.2860827398885,-54.1696740774451,18.3847198668976
TMEB1648,49.7571536299139,-43.4532674559359,15.2812561802867
TMEB1652,48.8037537238327,-41.6757854651124,0.704938892998519
TMEB1656,48.3405902368194,-41.6824432886236,0.0747213137747668
TMEB1667,56.8913176859628,-61.4326457196051,36.1812654091069
TMEB1669,56.872590304311,-61.3592975129172,36.1267228075832
TMEB1670,56.8532954507487,-61.0456726699075,36.247369209526
TMEB1712,48.1858802693374,-31.9555030214627,28.5632873098342
TMEB1720,48.8913271816667,-32.7818663867848,18.1773584198383
TMEB1740,42.3490784096601,-12.4732736396799,7.06027220470213
TMEB1742,51.1440713854122,-44.021681401261,0.186376732142515
TMEB1822,38.8492603511012,4.47131679883213,14.2764682107526
TMEB1824,43.1473310019244,-13.2909232116925,7.34800141891583
TMEB1826,50.1563804109603,-29.3717751760366,12.9093272300323
TMEB1827,43.3659593499222,-13.5284818007948,7.05840378042913
TMEB1829,44.48011866382,-21.960450503332,15.5789664390455
TMEB1842,47.6374546787846,-44.3619600715129,-8.66972443269253
TMEB1848,52.1784253155325,-45.0756424104781,20.9954845085016
TMEB1853,51.1686510648974,-44.5736893207167,0.199104422195204
TMEB1854,44.2342372590175,-26.361786806341,-17.149653241938
TMEB1855,50.8786542634316,-42.5608894188753,0.467591300067794
TMEB1865,45.4085767330171,-30.2258785720376,-2.37535245972738
TMEB1869,40.472301395135,-21.746102859654,3.09004879003992
TMEB1882,24.6017819481078,46.8611981460813,-4.06611199373857
TMEB1883,30.671179288381,22.9849362295736,9.01234189447367
TMEB1884,12.1120558922827,19.7631219501071,29.0539817637541
TMEB1885,7.7728909709723,28.6480571132532,0.654109754934531
TMEB1889,41.3122822748151,-9.93857458061171,1.50484247528904
TMEB1902,36.8771756927814,2.18596446552573,8.27570454651548
TMEB1904,-17.2413441988312,43.9676343422585,7.80999781011526
TMEB1906,-39.1453424926886,24.1922243491443,17.1391838232011
TMEB1914,34.5356442655344,29.6429216476804,17.4820710334167
TMEB1916,38.2436617268515,1.93931404307188,0.876920765700035
TMEB1922,30.4516048130825,29.7784433595661,19.7630542452807
TMEB1924,25.1550613219376,26.3734273868137,10.8767449986542
TMEB1942,56.4133260743952,-60.7496598487982,35.6142403613941
TMEB2001,45.0434163605268,-39.2346315617706,1.16699432255835
TMEB2002,45.4355241034994,-9.1996488704519,7.45739946287556
TMEB2006,50.3172608185035,-54.2957195408067,-13.3166983159248
TMEB2009,55.9880711011606,-59.7139670399768,32.9164235142706
TMEB2010,47.1696421951997,-30.5393667963568,8.85578274928701
TMEB2015,50.227000427895,-54.4664678741204,-13.525988181734
TMEB2019,41.6171586669071,-25.0358383176732,-8.85246394873091
TMEB2020,47.7804288166724,-44.4863400939093,-8.57160912362829
TMEB2021,45.551091445409,-44.3936186348828,-8.6048429016252
TMEB2028,47.4080277804302,-26.5164630053134,-9.54817764479734
TMEB2050,42.9792222793168,-10.310847937776,-1.93126529199877
TMEB2055,45.5329944287002,-9.46269655339433,7.36278897959123
TMEB2056,36.8310779790111,2.16951081038698,-28.8390011312871
TMEB2058,47.65655390487,-44.3793396302058,-8.96801704544106
TMEB2059,46.0030412218293,-34.7586886787458,9.58363203075668
TMEB2060,43.9456081948169,-26.2722248201234,-17.2780278028149
TMEB2065,44.2752081139239,-19.2587586430683,0.460609425864411
TMEB2066,44.0927645045337,-12.4392998782791,-7.58584553632239
TMEB2068,45.4841932721944,-44.5163399199751,-8.57668492284261
TMEB2080,47.7574438504019,-36.223621920301,3.95690075276672
TMEB2081,45.4120209603296,-9.47064643742035,7.28872124734573
TMEB2085,36.8159043653425,3.04874520731513,6.45498326390499
TMEB2088,48.5304442479534,-29.103106087153,25.3744556087503
TMEB2089,36.9117106460934,2.03997738490222,-28.3651412593909
TMEB2092,56.7749483068879,-61.3772428441874,36.1559988919576
TMEB2095,47.0972970493705,-42.2919295083804,-8.28003326917814
TMEB2099,-24.2519875598575,-21.6259521482304,13.070426097803
TMEB2100,37.3070447862385,0.0613192677146251,8.73755752262657
TMEB2108,-34.4123743343525,13.3611248835971,16.1696627439415
TMEB1887,7.39146997116996,28.8753524259153,0.272995407510438
TMEB2069,38.443236403842,-17.5732466407715,-14.1518813818432
TMEB1661,56.4757712887007,-60.6028853275816,35.3972914798516
TMEB1462,46.1469414215219,-41.4951998111903,-4.17217752168257
TMEB19,48.5583581745464,-42.6413699475077,15.420694159609
TMEB20,44.0057373981783,-26.2679457654932,-17.8648345667189
TMEB21,46.562902405264,-27.5546707401773,-4.73381431468352
TMEB23,47.8810019517894,-26.5892154890203,5.51663011430243
TMEB24,47.8457100263566,-27.0783662168178,4.13126874230617
TMEB25,51.2021208856052,-42.8458008548532,21.3617455913835
TMEB26,47.3976121990531,-37.5294852279595,0.750728914948984
TMEB28,41.8446214684579,-41.0317512138717,-6.17446854830665
TMEB30,36.7761799987206,-27.552407694411,-1.66216070249963
TMEB31,46.4762571724771,-27.9861136847927,-4.43411085282028
TMEB33,46.9950604759559,-28.9903194438951,3.39084719761567
TMEB34,48.6867974585997,-29.4181705294006,11.3658842543566
TMEB35,51.1208752690724,-43.9456600141383,0.28122960510281
TMEB37,42.3899485706771,-15.9029015547893,-11.5388372433735
TMEB43,56.784406663846,-61.1723852955306,35.9736467248935
TMEB47,45.1967471510808,-29.8522892801561,-1.90408322637364
TMEB49,-47.1636509474284,65.3419079388544,4.04688270246403
TMEB51,56.0543027795273,-60.0818981635381,34.9948804624422
TMEB55,38.6434214321838,-18.1714027220138,-14.0045463031435
TMEB62,48.7347124599127,-40.7149249729122,-0.210713053444807
TMEB63,48.0597417371319,-37.4616277398349,7.84440072886232
TMEB69,56.8923495980473,-61.2856779565062,36.240337998766
TMEB72,56.856966300097,-61.2514028971844,36.2270653194923
TMEB75,56.8445192843116,-61.2916179861107,36.0602433325921
TMEB77,56.7713190786235,-60.9079360617191,36.0672364644556
TMEB78,55.3557510789212,-58.5658399967616,33.6821606323122
TMEB81,56.5437015306139,-60.6537828818113,35.6744978796855
TMEB84,45.575820545231,-52.8151269950171,33.7358682758206
TMEB86,56.9272351086793,-61.5004652332846,36.0704682880575
TMEB91,56.9113301314614,-61.5246916313728,36.1395541112203
TMEB93,57.0174936088552,-61.3014304314858,36.4175507016705
TMEB95,56.8390049668119,-61.5057763646602,36.1472872853249
TMEB96,56.8956632596751,-61.1922284791482,36.0966244218735
TMEB98,54.9797012634795,-59.8853621098055,35.2286043890976
TMEB99,-28.3209672574054,4.18345831773986,24.2474201918542
TMEB128,-34.7142491524715,39.9971685020069,8.41399419313966
TMEB130,-8.16829087890081,5.64347483004131,18.3545348254045
TMEB131,41.9169916827886,-9.32440067880268,-1.1793843370693
TMEB132,-8.61128774160471,5.66822556314466,18.7806674187944
TMEB134,-33.8281573206051,13.6392018974853,17.4360974885932
TMEB135,-7.93388640371874,4.99731336296881,18.2221297230762
TMEB136,-8.6143188072319,5.93545357966379,18.1116430952018
TMEB137,-8.71538311167627,5.57892969242445,18.194556832181
TMEB138,42.5426846730718,-14.1532837870323,2.44942076476659
TMEB139,-8.71742921424345,4.79940630532707,18.6649962316018
TMEB146,23.1518118507816,6.59687922060716,4.38474682561925
TMEB147,28.8702057611665,21.4897700316575,-19.1954006321378
TMEB148,-36.105688985349,29.1527510765652,9.47875468380772
TMEB150,36.8715566555605,16.4809145002549,15.3426055094116
TMEB151,-9.14719288429063,13.2384578468034,7.07117363059211
TMEB152,28.9000824634418,31.9225163792849,0.853390180693058
TMEB153,-10.089720810716,-4.00712921417125,12.2385613666018
TMEB154,-9.25009915947169,-4.2178814600974,13.0073626009587
TMEB156,-9.36624239937577,-7.67545389601543,16.7785728290293
TMEB157,4.73669320952743,35.6733302664523,-2.76385182747932
TMEB158,-41.2522423202321,40.8622340335359,-6.57938569040441
TMEB159,-41.094993455082,42.4645091684211,-7.12027748988979
TMEB160,33.8448716574424,-20.4580662324401,-13.7552120837001
TMEB161,-31.7565988199962,12.9079825152801,16.2853695596248
TMEB162,24.160399103222,45.178817937825,-9.19674515734614
TMEB164,-38.7540932972913,51.1843080829666,15.0684297297394
TMEB167,30.797178997605,21.7979935129489,2.63682574736316
TMEB168,-30.8086478723911,8.69252636243995,13.8162125888825
TMEB169,-28.3444851591592,42.8187760152343,-7.46219476617172
TMEB170,-28.4661855904433,1.40076736775924,13.1605500665326
TMEB171,-16.5611114022289,27.6469936778046,6.76533546993763
TMEB172,52.5883839291363,-44.0607945530409,22.9544100038075
TMEB173,53.2865804076343,-46.3313387200225,23.3042176733117
TMEB174,-4.1989245504997,-10.85579334895,22.0597723894845
TMEB175,-4.47980772556111,-9.36449675709237,16.1692452785923
TMEB176,30.8762130690761,-5.99919031934661,-5.04665763085975
TMEB179,-25.2221419833638,-8.47308917659957,16.2539624271644
TMEB182,-21.0552282059417,25.2451603154332,-2.40671063883396
TMEB183,39.613267209969,-0.295195823390662,-6.30715893914144
TMEB185,38.2810675288661,-9.50779533074587,17.8842905309897
TMEB186,-22.5687166758479,8.54891545141223,17.4907129946361
TMEB187,-3.13664254999544,-11.9039271093272,21.1257165760542
TMEB188,-37.0918034159093,19.9734094790186,-0.396072878199524
TMEB189,-37.04418420773,20.203566313652,-0.81393464543194
TMEB191,-2.06203935420892,5.40362073682632,7.00028984519651
TMEB192,26.2860195231687,38.858961466639,-1.39931800155383
TMEB193,26.239411726622,38.7456158976795,-1.27203334791913
TMEB197,45.9052948814246,-29.5293191562515,4.04869679271784
TMEB198,44.7771513368166,-8.85105054526179,7.36290764487461
TMEB202,45.9572570683362,-48.3317839377192,-11.6176372148125
TMEB205,22.7322231535933,13.793212741106,-2.46697817485863
TMEB206,22.5756300468233,15.9241322001553,-2.3101160379732
TMEB208,37.6137531741361,1.04888398818464,6.80765576512799
TMEB209,-31.7169139734737,21.9318340775404,3.53618045827531
TMEB210,14.7717400230595,14.409541288951,4.63290498711238
TMEB211,-40.4826587956567,41.9135717314764,-6.88876976846032
TMEB212,-25.0963144153995,-6.3589926911885,14.712520865134
TMEB213,38.3685681063353,8.626697171853,8.98759001670954
TMEB215,40.3723876496353,-3.7870737470522,24.3522726822993
TMEB216,-0.875083906904175,-7.66824300456336,14.4875629116686
TMEB219,-21.1775199643187,-22.4417150020727,26.6541829196894
TMEB220,34.4060370231252,22.0590447381061,5.71359666408072
TMEB221,33.4772265939317,18.7338042394469,11.0777678046956
TMEB222,35.2722333904869,13.1812592318606,3.02957049345939
TMEB223,34.8878104801109,19.9347847085346,6.3515709201489
TMEB224,31.4844536372914,19.3766350637526,3.00156178858332
TMEB232,-35.983138214518,41.4721864125668,13.8924900667612
TMEB234,56.5424442529791,-60.8699417677641,35.5301704846412
TMEB235,48.0153669091579,-23.8392957819947,0.631742078749122
TMEB243,48.4541844953665,-33.5552181761613,20.1542322377805
TMEB247,47.5418336684813,-44.2169021885353,-8.89675476315474
TMEB251,10.410561498078,-21.0025766687651,17.238956341228
TMEB252,46.8705425829256,-33.4535699803764,29.0485526074851
TMEB255,-27.6186555298646,-1.93547697423473,21.5479571845844
TMEB256,49.5337011664176,-32.4088810051369,27.2093176628857
TMEB262,46.0401978288141,-36.8104325694007,10.2165534043452
TMEB265,47.4251929463515,-29.0442408776842,24.0396975959018
TMEB270,40.651467076989,-34.6370747138802,18.6614643755663
TMEB274,-33.2886555960471,17.5718149770119,26.6297738533739
TMEB286,43.9477048428502,-25.9735312736551,7.54824136888167
TMEB287,19.3017296275925,-20.6857840858973,5.04366256395863
TMEB288,45.0189144125472,-41.0750332183003,-7.40855407908058
TMEB291,56.7401521992398,-61.4427785895642,36.0766241460309
TMEB329,38.3680028267074,-17.6711980983646,-14.2792215146149
TMEB339,-31.8616022949116,20.4944836727074,21.6091498061878
TMEB380,56.9020297609622,-61.3402310308414,36.378260013624
TMEB381,56.8679159446415,-61.4438666615796,36.1720868716793
TMEB391,56.7218689621455,-60.9985659074071,35.7430458029879
TMEB394,45.3996240281081,-9.24016361628608,7.58872560411248
TMEB396,44.9009714452639,-9.15823390310248,7.18271452052829
TMEB397,49.5081516305311,-40.7708009595483,6.12674813092824
TMEB398,45.4305427626527,-9.12672106366377,7.30280942099004
TMEB401,48.5624810818871,-29.6824234822115,26.3209416036358
TMEB403,51.6686614045586,-39.7749471720422,10.7213080980395
TMEB410,52.5875155858297,-46.4256108894536,13.0715850310975
TMEB412,51.0489489817437,-40.5765022922788,28.0692112520935
TMEB416,51.3584160919781,-40.7251960761424,28.1730858959827
TMEB418,55.9586110966172,-60.2260230974597,36.3221396138476
TMEB421,27.1592817693558,29.4830191846687,-8.19128487560613
TMEB422,25.4909239660497,37.2936590943356,-5.88745859864195
TMEB423,-25.3759663162302,8.75613069368054,15.0624788291555
TMEB427,18.7881048361043,22.4460662263618,-14.0870245253254
TMEB428,-30.6948499493229,18.3411626814468,22.7766107767995
TMEB430,11.3431877369841,-5.45466876624948,19.0498716369655
TMEB431,10.027013607984,-6.36294731147287,21.0983621967901
TMEB433,47.7306675036336,-44.4394256091378,-8.85508567888286
TMEB435,50.3901237833432,-54.5070405261641,-13.1920609840509
TMEB437,47.4515333444939,-44.1124480065615,-8.18937859486294
TMEB439,-34.5839348253957,26.2812643964271,22.6353853475784
TMEB440,-34.2426302248469,25.814405730829,22.5197064675419
TMEB449,47.5723995754406,-43.8526628410022,-8.64096871150935
TMEB454,44.2718788396339,-7.29210092048389,-0.122519227616024
TMEB455,50.3025004022774,-54.3895698242828,-13.219656144475
TMEB459,42.3701547404044,-17.0259286697687,-12.4239820635203
TMEB469,42.7247972665312,-40.2090984305043,-6.09496520420766
TMEB477,50.2824266459841,-54.0622235759511,-13.1968570064124
TMEB478,47.6695951986283,-43.9767184969737,-8.6396075925092
TMEB480,49.9775437912207,-53.8063051808984,-13.1601888135074
TMEB481,50.2491435332553,-53.989673726082,-13.0738214234318
TMEB482,50.3091589650284,-54.4916050835069,-13.6727378006909
TMEB491,44.4427382953224,-30.1590571993302,-10.3983319750258
TMEB494,49.595870814556,-52.4306301023643,-13.4270015100986
TMEB496,48.9258855663484,-44.6274532303266,11.2836073143195
TMEB497,48.7062836776594,-31.9942062720477,12.7917516097889
TMEB499,44.3776821563871,-23.7667191711351,-1.05775532754944
TMEB503,38.263704717547,0.722927690498979,6.55054303621132
TMEB506,52.0762993719551,-28.3747391634951,26.4818366231024
TMEB507,45.1982840302386,-12.7032571968661,4.89518226890988
TMEB514,44.1365038331852,-18.6930633575299,-0.697242894853023
TMEB515,45.1652287967023,-9.07294349640561,7.03195949143107
TMEB516,40.7949476649316,-12.119770101855,2.74866611919427
TMEB527,50.3596986387317,-54.3603586372653,-13.030640889308
TMEB533,55.3610030325183,-57.5660948112605,32.6839255574256
TMEB534,56.2244229399549,-59.1438425986624,35.2800141772811
TMEB537,41.2558220373693,-14.7656376205442,-3.61020336175249
TMEB538,40.4271655092846,-4.47710302664634,2.56130591666033
TMEB540,47.7693112669021,-37.6395491033155,19.3585283849737
TMEB546,47.656180221587,-28.7391190646568,18.4329829562805
TMEB568,56.5359041253386,-60.3764388916256,35.821992218342
TMEB583,45.4364310340258,-9.28039099493261,7.30805129926416
TMEB585,42.958974280261,-14.8481661743957,-2.6978474423402
TMEB586,52.8047705595578,-53.1595664863506,29.0431175837125
TMEB591,34.2750688960013,-15.0052642819572,6.28388805464319
TMEB592,42.5709119735881,-14.9968714487839,3.20794317845249
TMEB597,42.7721767949556,-18.0951079517553,4.3891422116937
TMEB599,49.9758440039374,-39.7406020427689,7.19490355600183
TMEB604,4.83011906584878,-8.26267183683192,21.4506621791874
TMEB613,-30.6545052633876,17.2846560280626,21.0420385725706
TMEB614,44.5050289092489,-40.9249454943218,7.67988651705285
TMEB615,-46.4276913184772,65.9751893270633,3.59894508820315
TMEB620,53.0589526603335,-48.3314248750256,20.892285319731
TMEB621,45.8744939537224,-26.9776723944712,-0.548175831541328
TMEB624,43.8945170686861,-26.7220942801739,-21.6122179387547
TMEB625,36.8199091951634,2.31675991183279,-28.9571499335761
TMEB628,-8.00491499849003,-33.9982045659875,31.1578021444267
TMEB629,-7.60268727544334,-33.8289711998239,31.1342267526109
TMEB630,-7.8109744107652,-33.2583632965008,31.0799075776959
TMEB633,47.4691865393586,-41.1666466531155,2.51833899473214
TMEB634,54.8125968271603,-54.3880973172397,27.8632538940861
TMEB636,56.77210114578,-61.5619309749861,36.2922964060047
TMEB637,51.1045397096759,-39.5193459281982,19.4834088020223
TMEB638,56.8451397644515,-60.8888425994391,36.3233644459171
TMEB640,53.7271511327403,-56.5667165458815,11.9785740833915
TMEB641,54.3797026894003,-36.5793167232402,26.3287248330863
TMEB644,45.4155038457419,-21.9136399129643,19.8333676609562
TMEB708,48.676537568462,-30.0802268803171,26.9621209677008
TMEB711,50.5682204635477,-36.0573245261127,25.9810298757418
TMEB713,48.7305935686709,-39.1545030081173,5.08001357250916
TMEB721,41.6161199747812,-21.9438756159787,7.84452854350974
TMEB735,-37.4328098977953,43.5733911386889,5.62433234757281
TMEB738,46.6965515691534,-40.5385437738069,2.14131234950667
TMEB745,56.8055792572737,-61.2656356167213,36.2218569119998
TMEB757,49.8894354082085,-36.2697966079372,27.5729254081069
TMEB771,-46.9917232283683,65.5114181285729,4.2261704602042
TMEB781,-11.8358583147867,-36.165318906878,7.3964211004385
TMEB783,10.1953790559035,-20.0061938829075,9.12782106772914
TMEB786,20.6085401130456,-15.8755074350882,-0.5788377078962
TMEB790,41.7038324126702,-9.11914983725862,5.52561528866342
TMEB813,50.58987241307,-52.8888807692566,21.4360402609623
TMEB829,-29.680449437565,3.24872193117611,20.5413825343388
TMEB885,52.4052996721566,-50.0435466584725,22.4251386142768
TMEB898,48.973852815422,-37.7952950561868,13.6763181570956
TMEB911,-35.8370030094894,42.7210890646201,9.91671758251725
TMEB916,31.6969833867399,-19.291253123978,8.10796623203746
TMEB921,42.0245527729402,-18.5952763507074,1.40305027398585
TMEB922,51.2620717039867,-46.1404735553612,24.1006716714578
TMEB923,47.2958140003632,-36.7976055694758,18.2570504367307
TMEB930,42.7680781269946,-17.6144653391586,3.7189103523767
TMEB931,-46.12342131569,64.083401806345,3.74031060319619
TMEB933,36.6241633889833,2.11306384007119,-28.4128370379771
TMEB937,-44.8615655412939,62.2294756648093,2.98153247079983
TMEB939,47.4860576008956,-43.7840825953379,-8.18080464861129
TMEB941,-43.1335281963635,57.3716154340954,3.32926942664141
TMEB934,47.6490727787702,-44.2755249365167,-8.63783236757713
TMEB953,42.1015588758778,-31.7041752493613,-5.95919808478196
TMEB956,-19.8887970778207,-11.1095482484489,14.3939096745915
TMEB960,47.5901480529446,-20.6456142063243,7.89609571729606
TMEB977,50.4902077533213,-43.5084500732086,-0.306851295933852
TMEB981,43.2019180248946,-35.2458003515893,-6.88146856773997
TMEB982,46.884006594231,-41.1907510969352,-0.15290123833844
TMEB983,-7.91589131406722,-0.720787911806858,-9.17510725261749
TMEB985,49.5348888838625,-38.3539917019884,0.663118996423112
TMEB945,41.6375705353743,-20.6726563210573,1.85304856932832
TMEB965,45.1631343878379,-16.8844257409396,2.53094292670496
TMEB966,44.6511750503599,-16.3411807522185,2.52379240710822
TMEB990,45.512684996594,-10.2099517016477,6.87271019276956
TMEB994,42.7819891266042,-8.9124140643387,-1.83475848530068
TMEB996,45.0440363247561,-29.9282756411036,-2.28143701633457
TMEB998,45.2538804471032,-30.2878951861752,-2.42272925340811
TMEB1273,-30.8316552042603,23.3511088213506,21.8680558270979
TMEB1275,40.4070248303386,-10.5533131577071,2.10204351264483
TMEB1276,-45.4125079569196,63.4429478424227,3.41725297515455
TMEB1277,27.8029277464457,23.986887749957,-7.27272120523332
TMEB1278,42.1841728229394,-16.1299220335331,-19.2507232189862
TMEB1279,32.710189009616,-4.88880922182505,2.77133894882724
TMEB1280,45.3171290875946,-9.33931254394658,7.17596674406671
TMEB1282,49.7902363423416,-39.8426381321497,6.93992921568161
TMEB1283,41.5226721723886,-11.5274486945417,2.73581621885441
TMEB1286,32.5982683638993,-4.42746333118373,2.57645324990577
TMEB1294,38.0368977860883,-9.85904790371162,7.37336529420525
TMEB1295,-19.0547869783119,-0.415439144789144,14.7252027071296
TMEB1296,-46.4570348360668,65.7971967213528,3.9265661189912
TMEB1298,-11.735014843844,12.5929683678828,11.6778382445026
TMEB1299,-35.5538136151379,48.5772437495122,4.96603036852645
TMEB1303,41.1361660684743,-11.2723855799888,2.43462304222305
TMEB1304,37.0643739209634,0.464245894747899,-22.7777623765914
TMEB1305,36.8281629838992,3.6834357091119,7.01545304354818
TMEB1314,-25.6818854737512,4.80330845765978,13.548911483419
TMEB1315,32.2617712391544,6.98622448292641,2.29598348939313
TMEB1317,13.880680462773,11.4485271951592,5.11189018934737
TMEB1321,32.5398297584355,17.1643552862067,13.6051597214699
TMEB1329,49.2542080770272,-39.3199922863985,20.4934590217247
TMEB1335,43.8504538407764,-36.416495899198,-1.78241580781107
TMEB1337,-19.0925688938762,18.4601762096405,9.27293424437058
TMEB1340,43.5901563377193,-39.2556684749866,-8.44645846762895
TMEB1342,4.52088101959719,-7.84839853813936,6.42768841656133
TMEB1345,6.1983853650912,-0.240013688761825,18.5727181667901
TMEB1348,38.9653815779628,-3.98848844841319,13.3328549471057
TMEB1350,14.6262670368612,10.0668832932482,-1.77824205289778
TMEB1351,-19.2464001169695,17.9552397128783,9.4339780570032
TMEB1353,56.6049626991296,-61.0465616404232,36.1953063071406
TMEB1360,42.9801995428956,-19.9124065400834,0.728914285572345
TMEB1364,41.4191800365389,-1.73542650280374,-3.05026377600818
TMEB1367,56.2449196420981,-60.4537072894568,35.7284122339715
TMEB1369,52.7312204280291,-59.0315559595517,21.427913097843
TMEB1370,51.7229981562651,-54.8234866534803,11.6398868047666
TMEB1380,45.6184309057233,-30.6078424653781,19.8859905085276
TMEB1381,50.5466374845978,-35.6082145661131,19.7133469432871
TMEB1382,50.5944386593359,-35.3138447410368,19.8483985518389
TMEB1383,45.2811395897336,-9.47685363843165,7.10968484477399
TMEB1384,50.2174847362586,-54.0276300517724,-13.4087313705758
TMEB1386,43.4684902468362,-34.7095891799318,8.60988050260098
TMEB1391,49.9951840886643,-32.7834942882821,28.6851905721769
TMEB1393,56.117991552358,-60.6762290261125,35.6806128260178
TMEB1394,50.0959744058807,-33.0679789637632,28.4407354234905
TMEB1411,44.1776832715024,-23.705311004802,1.59006641825585
TMEB1417,50.5258755471441,-37.5035160473373,2.80771887115121
TMEB1419,49.8235820138941,-51.3146867539827,-11.4585021411233
TMEB1430,56.3436885204238,-60.6118415431608,35.8044189621212
TMEB1431,-16.0904442185559,12.1835440806715,7.95447590461378
TMEB1432,-46.2397065853994,64.7465855293082,3.59135334582249
TMEB1433,52.6416030457035,-43.4255397625504,9.09830609739636
TMEB1441,56.0316050914482,-59.8191911616466,35.0840264766023
TMEB1443,56.8874361700217,-61.2921463982726,36.1610252839023
TMEB1446,48.57261098403,-29.310032725522,14.0967813082669
TMEB1447,47.3790467641506,-20.8667568951501,9.57183838693044
TMEB1450,47.6418741422946,-44.1426761958776,-8.63435691762751
TMEB1458,35.5141830844365,18.4204353964993,-12.4010966262406
TMEB1485,40.5595417950973,-17.7630909791002,-16.6730865948721
TMEB1486,45.3988192471252,-9.39007411482577,7.60382668061506
TMEB1488,47.9921121197444,-34.1275797252759,1.0918353881872
TMEB1497,33.3269381203879,-0.935549175240244,7.06566345332658
TMEB1499,45.6028464809346,-45.8964084064956,15.9964367602774
TMEB1501,14.9532283081088,-15.3485277651661,13.9529814813799
TMEB1509,45.1166490823381,-37.4199932022003,6.43722140073469
TMEB1510,49.4001819921936,-47.5714555293525,17.0578299046602
TMEB1517,28.571019225137,0.955495013188573,8.21761661173831
TMEB1519,48.36491463272,-35.8773419372357,2.03954961915196
TMEB1531,45.2560397092239,-9.41424100833938,7.20627892869358
TMEB1534,39.8982285437494,-11.6009986312275,-7.07938667730369
TMEB1541,-34.1362605333355,26.842968621029,22.6941878258024
TMEB1549,48.8856263971833,-36.1517608258829,3.17097007256077
TMEB1575,-34.3470060069978,26.8668041392486,22.3529206814548
TMEB1588,-46.6004820586776,65.9121997985129,4.07785175255987
TMEB1590,48.3875048595402,-36.1713062563736,2.12993374622866
TMEB1593,47.6711581538453,-44.4751597134411,-8.57345813073979
TMEB1597,56.8457987777575,-61.379341207662,36.2617117355196
TMEB1599,50.6848170069003,-37.7204009836179,2.61204374459479
TMEB1601,56.911399560831,-61.285508015243,35.8668396042759
TMEB1609,50.6663253096295,-55.9525131612697,10.0250861661622
TMEB1631,54.9570089420485,-55.8041552479366,32.6637024276028
TMEB1635,56.4005892932738,-60.8567247240249,36.334220065552
TMEB1641,47.467476681221,-28.8181265396589,24.2482461551168
TMEB1646,51.953356719992,-47.7359832221545,19.7351434500557
TMEB1705,51.7996931299855,-47.5647495611333,20.0230823534389
TMEB1709,-37.4215728069434,43.5005255870234,-1.77949779261085
TMEB1711,48.2136902818622,-32.2332517408768,28.5712207887957
TMEB1715,40.6523870229402,-4.51822772712181,-2.01864551102121
TMEB1718,43.4429240805258,-17.391340787154,1.12386853911285
TMEB1719,49.1993620589906,-33.2689565466432,18.5531102642838
TMEB1783,43.8794944900822,-18.0051430829835,0.468490226296068
TMEB1732,49.7250931312222,-39.3418852207593,21.0608791155276
TMEB1733,47.6686843027205,-56.9596089745796,34.3855794234318
TMEB1735,-24.6982494240549,-16.688923837459,19.2159558120453
TMEB1736,43.9914233175018,-18.7222910173764,-5.69607422224888
TMEB1741,51.0232946348161,-43.7523628039433,0.627304871181411
TMEB1765,50.469410963191,-46.6920380829238,9.00268143260314
TMEB1774,46.775610412853,-27.7763224603492,23.5529391443785
TMEB1777,33.044812986928,20.5274289775135,0.137276238727094
TMEB1785,43.4272787791303,-14.0523968567964,-4.66486920446496
TMEB1787,-19.1588624403161,-29.1604844296869,20.2291772478526
TMEB1793,30.8529490901849,10.1966107921894,-3.90195771562746
TMEB1795,38.422869149049,-1.91097138452251,12.6566048942697
TMEB1796,32.4225618908553,21.8543915172758,3.75449509822364
TMEB1797,46.8105811025644,-29.8276940846927,23.8840598376455
TMEB1798,31.6066027552008,23.5521000360284,4.38146272840322
TMEB1800,-19.2755845537618,5.20883557664958,8.5763234945249
TMEB1803,37.5713577453158,-0.681469625590989,10.4985688653982
TMEB1804,-18.2520448141878,5.52352409571989,8.61620986114191
TMEB1805,38.6604428326839,2.46982131637225,-1.00095137443309
TMEB1806,37.2578356991476,11.3837958462958,5.83166598387944
TMEB1808,47.6059565107298,-44.2604431833087,-8.87583322299835
TMEB1809,2.43004532401121,14.1799531041931,11.2588672073423
TMEB1810,38.9747172233581,3.82169941936984,14.6586795395822
TMEB1812,33.9767780309909,30.5085337580509,18.3188412850943
TMEB1813,31.8210322625611,27.9983406166794,17.7780536640541
TMEB1815,36.0556421905671,8.44017131454436,6.48755089477881
TMEB1816,-20.5346005565309,-24.6304777629142,23.4904016458568
TMEB1818,34.4802255922532,-8.67773554464355,-3.95198703959515
TMEB1821,6.03965128555547,-0.375090025833473,18.7472683598995
TMEB1831,43.3356176670163,-14.5467662841579,2.43842045190116
TMEB1833,2.08121688394691,13.6309546764482,10.8774474747266
TMEB1837,14.8224257578064,10.6928285808382,-1.89399663955843
TMEB1841,51.0558540101263,-44.1922305525447,0.0905989301831146
TMEB1845,51.0358116011742,-43.8488201699992,0.32684952158008
TMEB1945,43.8407530023808,-21.501437313222,4.2335129857688
TMEB1846,47.7122771437925,-44.1992914626001,-8.45296235094142
TMEB1851,50.1075035902172,-41.7530628947042,0.436416173473642
TMEB1858,44.7342800282047,-23.3021840366829,4.23498405457862
TMEB1875,40.3770886886324,-21.544322222011,3.05934544979279
TMEB1876,46.1713963974648,-18.4016812602597,11.8529755624681
TMEB1879,34.3942353304013,30.1827721542547,15.8683434886064
TMEB1886,-30.8935419232002,1.1005652043788,6.2087832208128
TMEB1888,7.84218908493441,28.3042126944784,0.931652043947316
TMEB1890,43.8810618226335,-17.0241969121687,0.920212116871995
TMEB1891,-26.2381712940658,24.0868987485451,14.9421540563556
TMEB1894,34.3803444369446,28.9957470584754,15.4462903756335
TMEB1897,38.2120464487282,-15.0552609695428,-2.13687883050519
TMEB1907,-33.4736630203097,12.8800622591309,15.4424882212194
TMEB1908,36.5171155347034,7.08038969171471,-15.5438678092392
TMEB1909,30.5749697080304,13.8795519628967,-1.49613341384998
TMEB1913,42.740275907036,4.24710653311412,14.9055387494648
TMEB1915,30.0414814536836,7.16355089417438,1.30047356832315
TMEB1917,35.1198923885344,13.3853848702656,-1.13708536954936
TMEB1921,31.2921995447619,5.60309708840334,-1.56089679557872
TMEB1923,-66.8637211722748,37.3644196487051,2.27678612331589
TMEB1928,-31.3607532585453,19.4044717713376,29.8757429489924
TMEB1931,27.8526967870104,31.3790897102646,-1.06934900060792
TMEB1932,31.9899825573448,23.858117773735,6.16211439769905
TMEB1941,56.6210938786057,-60.92432869285,35.460388847487
TMEB1947,45.4043324363512,-9.09427725571418,7.21576318444386
TMEB1949,45.7834226690111,-32.7808485068784,18.6816834925813
TMEB1951,56.0896933614334,-60.3380130296657,35.4726395795292
TMEB1952,41.033595536877,-15.5050290529177,1.40293909665192
TMEB1955,51.2679670247224,-52.6863317818509,21.1179842507407
TMEB1956,55.1266914519958,-57.2544537870274,29.9604158921127
TMEB1960,45.2229333165671,-12.6365173555083,4.97906576392474
TMEB1963,-29.804029122313,5.73482574650663,8.21300760200937
TMEB1982,33.6201805840843,-39.3553156423207,-23.4305538531403
TMEB1989,50.3081891985668,-54.0190203860499,-13.0966123053881
TMEB1992,47.6502339855193,-29.2673217206431,23.5023885728208
TMEB1994,49.7369351520972,-50.9768079348847,-11.4233326105354
TMEB1996,44.0445333967848,-26.8988379493159,-16.7257970525712
TMEB1997,50.9533723868196,-46.432380847236,18.844722041915
TMEB2004,47.6122648640982,-44.5034457033935,-9.03580398890539
TMEB2007,47.5891896453295,-43.7668513366504,-8.53189996297376
TMEB2011,48.4486098294056,-28.9616078555149,25.5218600535451
TMEB2012,56.9163690056509,-61.3207717184694,36.1068855483161
TMEB2017,-21.4747597307375,-29.8092463947163,9.52442525760908
TMEB2023,45.469395859139,-44.6644027079065,-8.55526594345997
TMEB2025,48.3679123838955,-28.9561819313348,25.4346236343177
TMEB2026,48.1703089384639,-39.3685412225287,-1.50972126731104
TMEB2030,45.4948259757805,-9.66622927706967,7.06054673915705
TMEB2031,44.1093774189438,-26.4678718109013,-17.541195080014
TMEB2032,47.61135221109,-44.4774058326288,-8.87785752664473
TMEB2036,45.4930562433383,-9.49733720276729,7.03127505939615
TMEB2037,44.6122536035763,-27.468195149548,-7.25444461752387
TMEB2038,36.0553889655073,-13.8854758224631,-14.6617948295938
TMEB2039,47.1129403373952,-30.3829875228519,8.78607514979157
TMEB2040,50.3661718002772,-54.4273697164227,-13.1739036677653
TMEB2041,48.5220192981243,-29.0837803374427,26.0085264169769
TMEB2043,48.1210065628231,-29.5108619112709,7.40665918287119
TMEB2044,47.4589109436331,-41.8745570874417,-7.50761079274265
TMEB2045,47.2913678538764,-29.8755370905244,3.79643766732355
TMEB2047,44.0756234370699,-26.1948791717405,-17.4676378008318
TMEB2048,47.0623079474445,-26.4109163271898,5.58580886645868
TMEB2049,46.3629345778802,-35.1441313336709,-1.78603769648876
TMEB2057,47.607627250822,-43.8287726298929,-8.57745002935571
TMEB2063,37.8672425491345,-13.7964713593709,-20.8757208426589
TMEB2064,37.8199236140491,-13.5843095626641,-21.0487698571882
TMEB2067,45.3564141565013,-8.991059952612,7.02499920115094
TMEB2071,45.4923284371826,-9.32946165374319,7.8114291736313
TMEB2072,47.5698703253623,-30.1295063392837,4.65864277706724
TMEB2073,45.4430504173468,-9.43921353909573,7.29393601314404
TMEB2074,45.5076464428858,-27.4637315841896,3.71440910960393
TMEB2075,44.3466384524323,-30.9262863111581,1.59320520427469
TMEB2076,44.3494845369201,-7.10545984205242,0.565359048391082
TMEB2077,49.7165376324925,-50.6118159778249,-11.7095668759462
TMEB2078,46.8964579445419,-40.917844753841,0.293070192469754
TMEB2082,56.8896322987775,-61.3716109245564,35.9093637770824
TMEB2083,55.0418852696845,-54.2546520237637,31.2051266388856
TMEB2084,40.048444740703,-4.04664960956832,-0.168452798006709
TMEB2087,44.9816968416148,-11.0230227701895,4.4621368879351
TMEB2090,19.506218811765,4.59929871577771,-4.95322075314948
TMEB2093,48.3438988353896,-46.615636039478,-10.7604580742099
TMEB2096,48.962669723028,-49.4765349271958,-10.7739729653238
TMEB2097,44.1473175372055,-26.3738380980238,-17.6246220504485
TMEB15,44.1771803637598,-26.42669922959,-17.2972252367026
TMEB90,56.7030899041865,-61.0788175551375,36.0807854294628
TMEB165,5.12026876078065,35.9041739693822,-3.14205288736968
TMEB258,-37.212092043914,32.0027419605028,5.40169081919561
TMEB577,5.09996974417213,-6.63065105627721,22.2986257346231
TMEB2101,43.2636848930515,-18.4885510591357,8.05201014665685
TMEB2102,24.4694979788749,33.5170410810489,9.33617575406075
TMEB2103,41.5666078708367,-11.7982119502917,2.26248367625851
TMEB2104,36.9478378737687,-8.45901562274413,0.609351540429686
TMEB2105,34.4036566362685,29.7379797839516,17.1673921395165
TMEB2106,-7.63362945573345,9.84378375487587,23.6489591912566
TMEB2107,36.3702498072328,22.6516328483646,15.8740766414091
TMEB2109,-1.62325075756048,-3.0575825375253,26.2264546604137
TMEB2110,32.7914052369449,-15.7285117031668,16.7884466591727
TMEB2111,35.7598616880653,7.54982404128579,6.84487400387178
TMEB2112,-30.6536927630458,6.01916237237202,7.930543776089
TMEB2113,31.9760411866563,27.7608868632958,17.9309666789406
TMEB2115,43.0777365950905,4.08133453080227,15.3789729153416
TMEB2118,48.3940315350327,-30.8550520913917,16.0039487140473
TMEB2119,48.2375230925601,-27.2228689853131,29.5468379505964
TMEB2121,30.9826843292069,12.6963396907181,-1.25859633594966
TMEB2122,40.360586105266,-31.2542604274068,-7.3685053546881
TMEB2123,-29.3699784948362,-2.97321587449999,23.2136969553574
TMEB17,56.8955150776972,-61.2947419459762,35.9670687197469
TMEB793,56.3943159115065,-60.2746173646952,35.473077832669
TMEB979,46.2605215268188,-39.3899547181851,-8.61604362721651
TMEB1330,36.7425406802386,-9.68078826514719,-9.43923397887247
TMEB1723,44.1737660002689,-18.7114134733087,0.410168086914246
TMEB2053,50.2327913071971,-53.9753013295322,-13.2831724039229
TMEB299,50.2487916938585,-54.3094293072566,-13.1455242433194
TMEB525,45.0395831967788,-29.1615358307454,-1.71748888528198
TMEB1643,47.6897761255992,-29.2219812144004,24.2011289964893
TMS13F1021P0005,-37.8639924823059,-20.2601101205125,-7.85512950868479
TMS13F1021P0008,-30.0786511451837,-13.1382033988713,15.2391754663268
TMS13F1035P0001,49.9995381266607,-54.3138698222522,-13.5086981304161
TMS13F1042P0001,-25.7598581776075,-32.7095780853071,-0.298830356725319
TMS13F1049P0001,-25.4516751974748,9.07614489564285,25.0724548367776
TMS13F1052P0013,4.96573762738007,32.4785678924693,22.9917894725572
TMS13F1052P0023,38.951610745666,-2.54534314011209,0.64516493667701
TMS13F1052P0046,26.3357141117138,40.3847766378029,-46.7724768484067
TMS13F1058P0001,36.3382101476313,6.3872797445817,13.8880721384414
TMS13F1059P0006,40.2972162937651,-6.4188916466676,7.79398838405915
TMS13F1063P0007,-28.8288625655326,11.9359099214333,19.3128054708781
TMS13F1063P0009,-6.93678228583067,37.6888669607119,-1.8469506897584
TMS13F1063P0019,-100.25204970691,10.0524504060896,21.5065805415923
TMS13F1079P0002,-23.7295931575356,-10.4692290539318,12.0716555659674
TMS13F1079P0005,-15.1133131417992,-10.4689781446949,-10.0098557207515
TMS13F1079P0007,-22.3741535549482,-16.24095454169,10.7072328082513
TMS13F1084P0006,-29.7181633004636,-8.57602416204054,18.3200558545478
TMS13F1084P0018,40.0885892137847,-11.225468815282,15.610376844214
TMS13F1086P0003,-91.2474116684755,-58.4926991942263,4.38140587503709
TMS13F1107P0004,-35.8497686901358,-21.1568359637371,32.9355068857207
TMS13F1107P0010,-80.418400901505,-22.0419220553095,37.0065704650003
TMS13F1108P0007,-33.801858231729,20.1854993953538,28.7261910061903
TMS13F1109P0009,-30.9812849341005,-19.2158982711002,13.977754269422
TMS13F1111P0012,-25.6834726686926,-19.4808666834469,7.67316994976153
TMS13F1120P0001,-67.8220487026836,-38.4182221639233,20.8975067904465
TMS13F1124P0002,-32.4925215636691,-33.5263072998959,-1.63579223707767
TMS13F1145P0023,-12.9838210585584,-58.5246011302819,32.269324516391
TMS13F1153P0007,-30.6549567902647,4.29538165218964,2.39234324105457
TMS13F1153P0011,-35.0638588095577,-14.0309196389153,29.5295278016863
TMS13F1154P0008,-53.3777338196087,-56.2241272375696,-21.0359066946933
TMS13F1154P0010,-95.9489324896398,-57.2509257446074,-7.21814580891528
TMS13F1160P0003,-23.6418187372272,3.32803441756395,5.11227510352772
TMS13F1160P0009,-20.3713962868188,-30.1427211850814,11.9561712831375
TMS13F1176P0003,31.1082167719998,-0.311891169274778,-7.30565530760993
TMS13F1202P0046,33.2689225729053,34.3686850004966,12.240071367939
TMS13F1212P0002,30.1371863375818,39.6795179974605,-4.09807368506634
TMS13F1212P0055,32.9551663167885,30.6170745818392,-3.3564473685396
TMS13F1212P0058,33.1674817144642,23.8047892717808,-7.16773332257907
TMS13F1212P0061,30.8263030360855,28.8615421926699,-5.36589171742201
TMS13F1214P0004,-32.4897597841596,30.4964677306964,16.1803946233335
TMS13F1212P0072,29.5321063499275,42.1079351360864,-12.0827194067739
TMS13F1214P0014,-29.6878407097138,15.949998384342,20.3962428560134
TMS13F1212P0079,37.2749640149678,1.86346673075613,14.0882243440949
TMS13F1214P0029,-24.8210243904546,5.43788191517032,27.7869220873891
TMS13F1214P0036,-23.9100255086541,-5.52697353022532,21.8660511119273
TMS13F1216P0010,28.1580590854714,25.0323948219718,-5.59756076707331
TMS13F1216P0015,28.4875228584014,32.1866194780386,2.0862224303723
TMS13F1216P0026,-16.0549994723243,35.5026133533193,2.03515319272662
TMS13F1064P0009,-28.1937825261742,-6.15316125943895,7.06191544545005
TMS13F1069P0047,41.2149793831914,-19.8854651213928,-2.5618709582279
TMS13F1083P0004,-16.3913549714926,-55.6719223351542,12.242082622942
TMS13F1084P0021,15.8249792868596,-11.3772174329981,19.1682262402532
TMS13F1086P0006,19.7040986036494,-33.0882230001919,8.09643057118923
TMS13F1093P0010,31.2172366732879,-25.1371791064259,-15.1678169889372
TMS13F1095P0011,32.4711277421055,-1.72227354763328,-8.81077270937416
TMS13F1106P0004,-29.3395848350073,-18.6928615601935,15.3830043757634
TMS13F1106P0007,29.3384057679266,1.44508283623208,1.16408106304636
TMS13F1108P0010,-28.2593489614407,7.32575372184824,37.4813638288008
TMS13F1124P0004,3.96530155468148,-31.0049124768074,-16.3170052061842
TMS13F1128P0010,50.9438784190908,-53.6995759392083,-8.62948293871929
TMS13F1128P0016,51.0715089378224,-57.1187536074032,-13.0250415956411
TMS13F1134P0002,43.7683421708337,-31.82232748338,-13.8445600786655
TMS13F1139P0006,48.5669941179805,-45.6851338016548,11.8345496188499
TMS13F1139P0009,48.9981872073362,-41.9495343089723,16.7333965513459
TMS13F1143P0002,39.6855317835019,-7.5507925527151,-10.2907897932299
TMS13F1145P0009,49.9208194027608,-41.4962165939619,20.7920994964837
TMS13F1151P0002,26.2098003728465,29.9902832144989,18.8498761012473
TMS13F1151P0035,29.4209466625051,23.6361314157422,19.9738085300767
TMS13F1153P0001,-28.6562507737637,-10.2046237672098,22.3463232737223
TMS13F1203P0002,35.7188061876777,28.0727814312977,21.0335894212657
TMS13F1203P0032,41.456501415164,8.3155757837431,19.6695854613347
TMS13F1212P0036,30.7897226153771,40.8389079667366,-14.0915744327315
TMS13F1214P0013,-27.1621666390668,22.0723177968964,22.4561185880391
TMS13F1214P0016,-25.520456938807,4.90912698377383,39.7651997420224
TMS13F1214P0028,-24.1762012341531,9.70549541217237,38.521017412606
TMS13F1214P0037,-21.1966269002032,3.02401474149486,32.5412517628295
TMS13F1216P0013,-10.2309779601622,11.1358590306294,11.0980183154984
TMS13F1223P0012,26.2857458379926,23.1221727509436,-6.04247353998213
TMS13F1223P0018,30.5539575546381,15.3409454929618,-4.99669649166165
TMS13F1059P0009,-26.3289756052581,-13.351454531709,9.91466512904947
TMS13F1059P0012,-23.880118035082,-24.1511470798302,9.25796104232944
TMS13F1060P0002,29.22919643826,5.12511410013643,1.78968393282792
TMS13F1060P0005,-5.13430477232883,-20.1978689459637,3.82814010873071
TMS13F1060P0011,-57.3867386373365,-25.8891933793162,15.6507061952754
TMS13F1060P0014,8.36533581816779,4.38180055290948,-3.27011919652172
TMS13F1060P0020,-32.5237609201947,-25.4864062429065,3.89474106109613
TMS13F1060P0023,28.8307949837145,19.5587000125924,23.0789211379577
TMS13F1063P0001,-39.8707550613691,15.3195112505583,13.9778495083872
TMS13F1063P0013,-39.0223226980508,26.4298229251834,13.115369082055
TMS13F1063P0016,5.74931904033811,31.4162510809485,10.7000020862587
TMS13F1063P0026,18.8692941776808,25.2492732881391,10.5579852511501
TMS13F1063P0055,-37.3192780201844,22.5736727509262,7.0202176449607
TMS13F1064P0002,36.0435262967421,1.07065911774371,2.3744849060772
TMS13F1064P0005,-25.4160787671617,-18.257411124364,15.9401765242663
TMS13F1064P0026,-14.2168741919591,-15.0373482631868,10.7857902848414
TMS13F1064P0032,34.1050152487319,2.86394181648945,-2.8535516980306
TMS13F1064P0038,36.5700545828809,1.51706178187437,8.31284239225391
TMS13F1069P0010,40.3944712517313,-19.7589440446098,-4.47613626790888
TMS13F1074P0002,26.2312822089871,33.915067159092,-7.36162314172219
TMS13F1074P0005,-35.5376332991356,22.645641223343,-0.834873522678631
TMS13F1074P0017,-29.5774506759915,15.9432075488137,9.25470478344996
TMS13F1079P0003,8.10895326570339,1.3559634825184,-0.699492908618761
TMS13F1079P0006,-23.0382407259543,-16.0876856234061,7.04458346107731
TMS13F1079P0009,7.24395883505573,10.0196031582323,9.48101716559941
TMS13F1083P0003,-16.3678000993747,-61.943004878666,-3.54101354661302
TMS13F1083P0006,43.8550991706542,-38.6927512483144,-11.7038103370759
TMS13F1083P0018,44.9524700321901,-33.180981745987,-6.02994506618306
TMS13F1083P0021,-16.735737255382,-59.2719595923846,5.56732848221406
TMS13F1084P0002,-22.7158485460092,-34.7461737786327,14.0357177452681
TMS13F1084P0011,-25.7428620187229,-16.0810863189854,8.89884338867887
TMS13F1084P0014,-30.5330096810845,-9.71350513594256,-13.3850760184764
TMS13F1084P0017,7.92820484983953,1.1843334146367,-25.9289523094292
TMS13F1086P0002,22.9372791306927,-41.6355641258393,-2.02927927823174
TMS13F1086P0005,-28.8737559678757,-45.9430668388454,5.74289910939296
TMS13F1087P0008,21.6575111476562,-8.83229237723141,-0.139176243395107
TMS13F1087P0017,25.2629231338683,-23.5340762204746,11.7138354086051
TMS13F1088P0002,-6.2825511932865,16.7404609736396,28.2906677557104
TMS13F1088P0005,38.8245423565434,-25.1086408900025,-2.22032673144894
TMS13F1093P0009,-32.2620681991898,-33.818097088215,-11.298486021893
TMS13F1095P0001,33.047410897344,-25.899632545175,-21.3264241093182
TMS13F1095P0004,30.6509923736429,0.902145058785853,-7.09120635578582
TMS13F1095P0007,25.6602650307624,14.4835137055636,-20.819703102431
TMS13F1095P0010,-90.7295073226801,-19.6519834146297,7.18905764977476
TMS13F1095P0016,-58.5110525539202,-17.8032876589218,3.1003891710984
TMS13F1095P0019,11.754119444905,-6.31886852152525,-20.1694069383319
TMS13F1101P0001,27.8748254241386,17.3018294057341,-19.6634379869056
TMS13F1101P0004,-56.738179068795,-11.7399834388823,11.6102760849663
TMS13F1106P0009,-26.8362033738822,-21.2765884898357,20.9914309058094
TMS13F1106P0012,30.517757952829,-3.2870057487855,9.31585937775051
TMS13F1106P0015,-20.1008604171717,9.70548014034419,25.2709329894999
TMS13F1108P0003,-34.8192029245194,32.5264685002416,39.0744755671087
TMS13F1109P0005,-34.7167460901867,-13.9648697609833,4.46749416851063
TMS13F1109P0011,-34.7519203933882,-15.2643624559037,8.30003255782445
TMS13F1109P0014,23.0905994023536,-7.97132622356823,1.2500636893389
TMS13F1111P0006,30.4939337969654,10.4598031169072,3.74963993514755
TMS13F1111P0015,5.85684590592418,12.8837440925863,-8.9434978681125
TMS13F1113P0006,32.4611040409744,-11.8044701676718,-4.47707038803246
TMS13F1113P0009,-10.8219748203473,-26.8473622679609,13.472746785383
TMS13F1119P0003,-71.6184115780041,-9.06406202973323,10.5764228358782
TMS13F1119P0006,-22.0237093580743,-33.6179783278657,25.8434319787946
TMS13F1120P0006,-33.8066585209222,-12.8035174625033,-2.34617936414719
TMS13F1120P0009,-28.4260479298629,-14.2895628693557,4.16084252223473
TMS13F1122P0006,-29.646815073076,-30.4691283792837,8.24718855578601
TMS13F1124P0006,-12.1105409281081,-31.9697997378004,-0.414343534222572
TMS13F1124P0009,-7.78818606643507,-31.8916973333833,2.55922141317235
TMS13F1126P0003,30.4440457749588,15.6967257957762,-13.8671050339026
TMS13F1126P0006,-27.4624195167009,-2.73891175603498,-0.60895112559281
TMS13F1134P0013,37.9471432235608,-17.6280544841381,-15.4385862750359
TMS13F1139P0014,-5.69489883597615,-47.9166489563209,31.1928076771745
TMS13F1139P0023,-4.01482934137625,-58.2945237234767,17.6163850214752
TMS13F1143P0001,39.2424234151692,-4.30416838290135,-8.03403271979343
TMS13F1143P0004,35.6871326735561,19.4041743651058,-7.62967881787606
TMS13F1145P0002,45.7639559749781,-25.7905566142125,18.4817861184813
TMS13F1145P0005,49.6697288557045,-34.0165678192129,15.7094106630028
TMS13F1145P0008,50.5196282342477,-36.8043323280863,24.2037706136424
TMS13F1145P0014,48.2144487560735,-37.714073296713,16.1336047804972
TMS13F1145P0017,-15.8673990226465,-44.2074502476357,22.7260704503153
TMS13F1145P0020,-17.386082250588,-44.2066345024618,22.0611340069816
TMS13F1145P0026,45.5592239642886,-34.8395582017158,24.1778565023419
TMS13F1145P0029,47.9684568148904,-32.8452955279846,21.8187337679238
TMS13F1145P0032,46.8160570584945,-35.2150779632659,17.3020104959706
TMS13F1145P0044,49.1924316888878,-36.813005735552,10.9693143761688
TMS13F1151P0037,29.423020894032,19.266519406628,19.1800179621693
TMS13F1153P0009,30.3897453968396,-2.3518819749071,22.1398286044211
TMS13F1154P0001,-32.3889185741142,-36.2848778548333,-21.1646161341867
TMS13F1154P0004,4.40204571344364,-44.3777944450817,-17.2297452695348
TMS13F1160P0005,-18.9868090162748,-31.8978356039419,10.9421019402559
TMS13F1176P0006,3.11774441234617,-24.7750627090606,7.03129810210149
TMS13F1176P0009,12.7416700430817,-5.27950525483623,-11.3796144562248
TMS13F1177P0009,-6.29656026281277,8.55820974290958,22.7436371898618
TMS13F1177P0012,17.842780041472,26.4301445732603,10.9115288222021
TMS13F1177P0015,40.8047417544411,-1.74462717806404,8.41231161268623
TMS13F1184P0009,41.14388074399,8.38968506534798,32.1125644900458
TMS13F1195P0006,31.5491610340308,11.0756927412311,-11.7474248542065
TMS13F1198P0002,37.2335664755626,6.38294952964932,8.47717406997636
TMS13F1198P0008,-30.1270235371053,27.9725819641475,16.47681288413
TMS13F1202P0002,31.8386373815049,38.6571398975636,8.49749682443189
TMS13F1202P0020,31.8425004934874,37.4634610194927,5.25175494218467
TMS13F1202P0029,35.6181772053521,27.8915944463687,23.2044207048668
TMS13F1202P0044,5.50388824153754,28.0106158567299,32.9878820990313
TMS13F1203P0004,35.0803701457193,21.7367075215917,0.854138553463381
TMS13F1203P0028,33.7956423796647,17.3879051031903,6.88673843019521
TMS13F1204P0002,35.2896819924469,28.6090866103582,25.1656459854466
TMS13F1204P0005,36.664382126217,9.81247381376806,20.1754865145114
TMS13F1204P0011,12.343253865928,33.2465616753786,22.5502297976625
TMS13F1204P0014,26.2184354372712,63.4211101287578,11.3259777284925
TMS13F1212P0005,32.9382737278966,30.0708967459474,2.04178710506501
TMS13F1212P0008,35.2330398284905,20.9208738615868,19.0948070959548
TMS13F1212P0026,32.4013325398786,31.0213362885171,-3.15035680775805
TMS13F1212P0041,32.4114712703922,35.8686107666328,-2.01593422520902
TMS13F1212P0053,27.8092372060891,37.2940025008265,-19.2918306702786
TMS13F1212P0059,29.749230220387,41.2530799711401,-1.53862776167502
TMS13F1212P0062,35.5965747582287,16.0383475400467,17.5166474756773
TMS13F1212P0068,31.4974326843804,24.9836502365024,-12.1188956227774
TMS13F1212P0071,25.9781063034385,41.0907208368714,-9.80203201314439
TMS13F1212P0077,36.4414178674061,13.3759811127666,6.72510002205148
TMS13F1214P0009,33.3572047996643,19.4711131788566,15.3997511661509
TMS13F1214P0012,-30.293913251942,23.4713776387434,21.0666068747129
TMS13F1214P0030,31.7028339554414,29.3147117234769,8.861936538174
TMS13F1216P0009,-5.32415711595261,6.91843127534261,26.5768383712424
TMS13F1216P0012,-16.0432721872214,31.8306720764001,-1.75672305202609
TMS13F1216P0021,26.5166377216715,26.3080649098279,-12.247470807389
TMS13F1221P0003,28.0949643766132,10.8524710326137,-15.3896882453627
TMS13F1223P0005,25.9765307574153,26.6556966094155,-12.0850492470985
TMS13F1232P0003,-29.54013371825,-0.513599589389374,-12.3000731680749
TMS13F1232P0009,-23.5481133733536,-30.6197526043452,-3.91188963518374
TMS13F1241P0001,36.9693060516165,-6.92403056246747,7.0543105767468
TMS13F1241P0023,-29.5091503300912,-7.5111838687927,11.760309300292
TMS13F1060P0016,26.0833060601455,15.3017073446421,-16.992578183568
TMS13F1060P0019,-75.6201671577837,-23.4400997876953,13.3522039703729
TMS13F1063P0012,-0.643963785576994,33.9623563946544,-11.9860194907173
TMS13F1063P0028,22.8404618544363,30.3173038817429,10.3413491496405
TMS13F1063P0054,15.6098130740946,51.5389449275559,-8.69492132314082
TMS13F1064P0001,32.5219945651004,7.86999163842936,-6.49885338492184
TMS13F1064P0031,29.7926662647395,5.83681691417031,-7.81445917000902
TMS13F1064P0034,33.1430612920817,8.8432382763042,-4.03741125282026
TMS13F1069P0021,11.3523824002058,-22.6872759668782,3.76040540936249
TMS13F1069P0024,13.5529420719316,-26.6059883684835,-3.16222928830335
TMS13F1069P0042,41.6867291641844,-22.2736525048972,-0.165019031086572
TMS13F1074P0007,-30.90563014409,15.7424654606801,-6.44922375697687
TMS13F1074P0022,-27.6219827579459,8.12690372235182,19.917693454886
TMS13F1079P0011,35.817387526426,0.689627894848168,-9.5135837763451
TMS13F1083P0011,39.3082289697928,-40.9188656913288,-0.841712217047277
TMS13F1084P0001,15.7581262550832,6.73655399059408,-31.3251461633443
TMS13F1084P0007,-28.7913384290129,-7.04906892824736,-25.7652864015873
TMS13F1084P0010,14.703536470552,13.6497951960683,-31.3629178976621
TMS13F1084P0013,29.7787541636741,7.67988704914804,-33.857333172225
TMS13F1084P0016,30.2633671686481,9.20869081650905,-30.6223971555646
TMS13F1086P0004,37.2194527764201,-38.0057224348825,-3.28775830374992
TMS13F1087P0007,35.712756302751,-8.51034897490153,0.492396986833598
TMS13F1087P0013,-28.87384127163,-17.9660705394648,0.696024681914077
TMS13F1088P0001,-7.26371141846586,22.8607971334368,23.2964520643058
TMS13F1088P0004,-25.7306293901559,-22.3653965619061,17.9166759247765
TMS13F1088P0007,-25.2282374749554,-36.8515603140742,14.9325593854674
TMS13F1093P0005,-24.5930639225277,-39.5133583111075,0.160571409185608
TMS13F1095P0006,-51.4707648528457,-31.9949973379397,0.753433891986641
TMS13F1095P0015,-36.0032678253812,6.31361302903912,-3.29801981774554
TMS13F1095P0021,-94.7411591884007,-26.9930408085469,13.320645226845
TMS13F1106P0008,-33.9492859902844,6.8769886892151,31.3446735793691
TMS13F1107P0007,-82.622295950623,-20.6075580871134,29.109469574351
TMS13F1108P0014,-35.937606800402,19.0908179437297,18.0382734960598
TMS13F1108P0017,30.2222073083784,30.5103604078563,21.6201799368844
TMS13F1108P0026,-15.9681159647265,0.799958168955954,40.1281828446719
TMS13F1109P0001,24.008799321516,-2.22871585232812,7.24015706986912
TMS13F1109P0004,30.0008877747592,-6.47920895317633,-5.0717800217015
TMS13F1111P0005,-11.9712757619175,-10.0488254906153,12.0154781456302
TMS13F1113P0005,31.757219054502,1.50399792971149,-5.27470506963549
TMS13F1119P0002,-21.6675761977492,-31.5287388696561,30.200548133762
TMS13F1120P0002,16.8455153838568,-17.399356059657,6.77853007667807
TMS13F1120P0008,38.4830742099342,-19.2351255685884,5.13783763504504
TMS13F1122P0002,31.9003708777313,-2.71306364639942,-1.69020545094444
TMS13F1122P0005,-32.6253331863613,-17.7502134205798,6.55244192287279
TMS13F1124P0005,-32.8362147233542,-32.4733809678966,0.88661402324917
TMS13F1124P0008,-28.368770995744,-38.1578735936635,-7.95680804485738
TMS13F1126P0002,-26.9333268484638,-3.54258341454059,11.6459477740158
TMS13F1126P0005,-24.615146563967,-7.57828148103295,9.24638046767673
TMS13F1139P0001,50.3556836048418,-46.7274122963506,19.2280683929656
TMS13F1139P0010,48.0790696598898,-44.0430686341153,19.6105699513644
TMS13F1139P0016,-5.12138940140271,-59.9192192308886,24.9400762769108
TMS13F1145P0004,-12.6334946909467,-56.0653286093553,32.7540914259407
TMS13F1145P0007,45.7470538497039,-31.2395988000269,13.3913957229147
TMS13F1145P0010,13.1707735641725,-27.6511961414348,19.383682374091
TMS13F1145P0016,44.7332939819192,-23.9654069165851,11.6257849315873
TMS13F1145P0034,-13.4646681231485,-50.900170011996,28.1543424248515
TMS13F1145P0040,-13.6346161974495,-45.0867765781919,24.6112026981128
TMS13F1145P0043,-18.1018813609323,-47.3358924978356,27.6019138255985
TMS13F1151P0036,30.5508500068345,20.4704084572688,18.1194527446646
TMS13F1151P0063,26.4905343376083,30.3565002383279,21.0234552171475
TMS13F1153P0002,-39.8882214590164,22.2140688322895,-1.78877482275194
TMS13F1153P0005,-28.0514527098045,-17.182204937153,28.8198673085467
TMS13F1153P0008,-31.9908864371624,23.4799163012261,3.54310354285334
TMS13F1154P0003,-27.6925942416081,-40.6961610044023,-23.3546008953188
TMS13F1154P0006,-44.8183219952547,-21.7840235750403,-22.2983845794761
TMS13F1160P0001,35.073785599931,6.95443578881232,-13.3290510746711
TMS13F1160P0004,-0.274450372714097,-5.08165714061646,1.83906088283592
TMS13F1176P0002,41.3715247952593,-8.38520637805539,-2.06994815743293
TMS13F1176P0005,36.1387893770336,5.05112660478047,-6.22215638533137
TMS13F1176P0008,-28.9768966718745,-3.38694674294267,-2.37822033651012
TMS13F1177P0002,35.3297879413284,28.3277673333302,-3.95802147258821
TMS13F1177P0008,39.3848723427409,11.153581644068,17.977572491035
TMS13F1184P0002,37.4271971522751,18.6373400311466,14.3498722615534
TMS13F1194P0004,31.6687299380312,34.5504257759592,11.9241316826889
TMS13F1194P0007,33.9618930957298,28.5077320771196,14.527735810685
TMS13F1195P0005,31.4568710988742,5.6473849461628,-12.9381195077557
TMS13F1198P0007,-28.2573095512136,16.9597625330844,11.6081520450776
TMS13F1198P0010,30.0653413400538,42.7535474270699,10.1053776344432
TMS13F1202P0013,36.930405534458,19.8660528227656,21.9531539257227
TMS13F1202P0016,0.168963729585713,47.015846431573,6.54292001559858
TMS13F1203P0039,41.653593983458,8.36655723953391,24.2547367198354
TMS13F1203P0042,38.2153978872395,6.39270005160637,22.7097317607523
TMS13F1204P0007,-29.5158247385336,29.0216352503363,13.6344163796605
TMS13F1204P0010,-4.90148407486336,35.5558686218345,44.5931480495383
TMS13F1212P0019,30.6313761022961,42.438694890869,2.59314290367653
TMS13F1212P0022,28.4932376615311,38.6200245484439,-2.68394845076249
TMS13F1212P0025,35.9879107761823,20.0324659042285,10.6151970457223
TMS13F1212P0028,33.9539840191987,16.4298020791849,6.09985090310835
TMS13F1212P0040,36.7891880584163,21.8615698602997,6.05310303392108
TMS13F1212P0052,32.1801370636921,21.2111476893721,4.78716473208371
TMS13F1212P0073,31.2262583090657,43.8605093887186,8.04512193281396
TMS13F1212P0076,35.7801627441437,14.4814591122137,8.99000300068423
TMS13F1214P0005,-30.7578745553311,25.8001144191971,25.9379293648076
TMS13F1214P0020,28.6324070306598,51.9572050992866,24.5210709329285
TMS13F1216P0002,32.3729410355286,14.6440165871676,14.1102310006435
TMS13F1216P0008,27.5344140305453,27.6336612752253,-3.69006004324834
TMS13F1216P0017,26.0304916187658,42.1322178447247,-14.3082726671365
TMS13F1216P0020,33.9624008529507,10.6261453078378,15.2288301763076
TMS13F1216P0029,-15.753341268684,32.9775230842736,4.76762047493205
TMS13F1221P0002,25.5688637432867,9.74092479086134,-23.7393372384694
TMS13F1221P0011,32.6529407688312,49.5806192052387,27.3979570324161
TMS13F1223P0007,-31.7221065096121,-0.982455401178191,8.99456773031698
TMS13F1223P0010,29.1935219694403,3.29569315723043,5.03262032793986
TMS13F1223P0016,-30.1044274652709,-5.77527645500002,20.3789726399064
TMS13F1223P0025,-37.2874063528176,8.86310396432694,-2.73156370791525
TMS13F1232P0005,-27.9902219479435,-19.6182919236471,-12.1274974255521
TMS13F1232P0014,11.5429154157585,-0.241466424131765,-14.1185728309569
TMS13F1241P0025,30.4618370177703,12.3475376555941,-8.45009708728828
TMS13F1059P0008,22.0907009535042,-2.4567860262121,10.0089644937466
TMS13F1060P0026,28.2634307982786,-1.20945749808099,-4.08756383178939
TMS13F1063P0002,-37.5464542987791,15.2237370989104,19.7510253606808
TMS13F1064P0025,-30.0577343781452,-22.608383551811,4.36604146280405
TMS13F1069P0007,12.7038100586401,-20.8234953659451,3.57726624432685
TMS13F1079P0014,-22.8264901886238,-5.17522832413062,11.2803266380831
TMS13F1084P0003,42.3262432057133,-33.3634495499868,-5.86537610150325
TMS13F1093P0011,32.6558098880303,-22.9950146983405,-20.0741629199564
TMS13F1107P0002,28.8827798965227,-5.14408143994846,1.95333311133763
TMS13F1109P0007,-31.8379942441306,-15.5496887175861,9.90415212962684
TMS13F1111P0007,-81.704612698849,-6.8955300198856,8.35240955107633
TMS13F1111P0014,29.1187240980241,3.47640139383132,6.08236062504058
TMS13F1113P0011,-14.4899253775448,0.399442265632027,16.5283639313108
TMS13F1120P0003,-27.3485948645349,-32.5471027009177,13.1776132973299
TMS13F1122P0003,-34.0480989434711,-26.4374158363014,3.08311701656128
TMS13F1122P0004,33.0389497092686,-14.6798852232004,-10.4600250431621
TMS13F1124P0003,32.0412130705382,-27.5587324730707,-20.6304697372911
TMS13F1145P0031,-14.9823169297357,-48.8116765442367,32.1263835684057
TMS13F1160P0008,-23.0550616337987,-10.1321771516449,-4.96405588334657
TMS13F1212P0007,30.2374753920441,30.5478712166749,-23.6486239958999
TMS13F1212P0034,36.8427735062179,17.6770477370553,9.3196863588287
TMS13F1214P0019,32.8560588214125,20.4893107792272,2.31508834386156
TMS13F1241P0016,34.4976521308381,-4.09861834686446,-1.12573373430585
TMS13F1241P0021,-23.915484628084,-11.5826257187099,3.41472052741203
TMS13F1204P0008,25.3212642622103,30.4697735338929,17.4667831178738
TMS13F1062P0001,27.6522600910091,34.2244680432235,-28.5546155614262
TMS13F1064P0053,32.4760966544233,30.8690719813734,15.7805689899445
TMS13F1064P0062,22.6992622204382,9.49382697472919,-20.4696967945411
TMS13F1064P0072,25.1479554302213,8.03892088637794,-20.1598782764183
TMS13F1064P0074,-31.7242132149805,-8.80932225864359,0.702236408101438
TMS13F1066P0012,-26.5962896257788,-24.6724043674911,11.737317450427
TMS13F1066P0021,33.8273583714261,-1.07472032266676,1.70688978466729
TMS13F1066P0033,-23.4438953156589,-26.434526215735,12.9061223979557
TMS13F1068P0004,4.65184063410126,27.1073811107241,33.213742096404
TMS13F1068P0024,32.8825851199027,11.9609248753,1.75274215179265
TMS13F1072P0002,-25.7405295644832,-13.5723606425859,-16.2449338585346
TMS13F1081P0010,-29.1348158088384,-43.0660759193967,-14.3422185712066
TMS13F1081P0015,40.6714722948549,-16.9880333277558,15.7155714818624
TMS13F1094P0003,34.3675436735236,16.7942904633659,19.5728924280458
TMS13F1098P0003,-96.0775786515217,-9.4769428273016,-18.1451400600063
TMS13F1102P0002,-15.0499073965015,-12.3229105005607,15.4597008304999
TMS13F1103P0003,46.5595879433208,-27.9409739754274,18.1127526048522
TMS13F1104P0001,-17.1347396168548,24.1484176266663,27.8841228260295
TMS13F1105P0007,35.0279497214529,22.0852835574798,-5.44693491611823
TMS13F1112P0001,11.6089609560275,26.3985817331427,-26.9836287645345
TMS13F1114P0001,-29.5801932735938,-15.8451906286536,-10.6686194152238
TMS13F1114P0005,-27.1924525449902,-2.64619367470976,18.5444084216674
TMS13F1116P0001,-30.0196311485558,-1.79813225911414,31.9588599090754
TMS13F1142P0002,-15.1527540424912,-18.3217468450137,3.69368704493869
TMS13F1168P0001,-29.8286205432027,-5.18658247848659,1.65409523650115
TMS13F1168P0004,28.6262590597216,19.2831743589384,-10.6625467320439
TMS13F1172P0001,-84.1408377561653,-31.0347767660093,7.25378199210532
TMS13F1174P0001,35.8418331738705,1.16929658016486,14.8296927280246
TMS13F1178P0001,28.6388242454147,43.1986370449212,-8.61011976828294
TMS13F1182P0002,16.2856803040879,51.2095130726055,29.0256695015637
TMS13F1186P0017,-68.3739808521627,-34.9362914997707,12.9341674460591
TMS13F1187P0001,19.9975718675314,3.46929376948562,-17.197073720174
TMS13F1188P0002,34.5578059941034,-34.8593759931031,-32.2048763244173
TMS13F1192P0001,32.0471788585361,32.0162970439442,7.23995418617081
TMS13F1201P0004,37.1347155448032,17.2203541719504,25.6927819350885
TMS13F1201P0018,-40.3744130079996,12.6212725607198,24.2624329677442
TMS13F1201P0022,36.951723888071,-1.85662589932286,4.80103917970869
TMS13F1205P0020,-41.8671266447933,32.2666746064493,3.11050975963411
TMS13F1208P0017,-34.0821609763489,-19.1088081017202,4.52289473503358
TMS13F1217P0043,39.5453393434115,-12.3852774361756,-15.5535509917992
TMS13F1230P0001,31.8529152206525,26.1887866184776,5.5500122328904
TMS13F1288P0009,20.5430672370612,31.6972087062049,-28.5394129641338
TMS13F1332P0045,-47.4210753372163,-51.4258938383661,-10.5434442845469
TMS13F1420P0006,-30.7958022954266,17.2298469515453,-6.04305917995952
TMS13F1303P0001,32.9945270213242,27.6729018712452,-20.2630962469616
TMS13F1333P0002,-61.5975689656716,-27.1176689269437,13.9877477222273
TMS13F1253P0011,-26.6341019814091,-21.2217937135828,8.42823353027198
TMS13F1332P0042,-29.1515009043074,-34.0390244353455,-13.7252578523298
TMS13F1306P0003,-31.3409972346955,18.4484412126682,6.37111435671491
TMS13F1333P0003,-15.8230342835744,-26.2955259517972,6.51034179846415
TMS13F1436P0004,-29.4856909771855,-25.4302497649195,14.5136275899978
TMS13F1306P0004,13.4156043190497,8.17937729202353,4.38859931996738
TMS13F1333P0014,-60.2052935855449,-27.9374811810476,13.1350211982334
TMS13F1436P0005,-17.4225792234656,-8.76541009899275,6.55677375720153
TMS13F1307P0008,25.9805284293292,39.5924075439308,-46.161813504789
TMS13F1333P0017,-55.2800691054526,-23.5888113087047,4.65858166309977
TMS13F1436P0006,-81.616840558121,-9.51522175536102,14.7262185630649
TMS13F1307P0011,31.7623422959984,37.8618735371639,-26.7067683411341
TMS13F1333P0027,-60.2386748030737,-26.8348119255796,22.3069629037363
TMS13F1436P0012,-32.7109132130879,-25.826189195472,14.1581366063493
TMS13F1307P0020,24.037867183324,31.1615171939891,-28.4261034925698
TMS13F1309P0001,-19.4319558811831,42.6208399265095,-45.6974248008904
TMS13F1336P0023,-62.0200557515365,-43.1886548917557,8.89025894188165
TMS13F1324P0002,-4.15131559924379,11.0625255889797,20.4003866857926
TMS13F1381P0005,-46.7683456770874,25.1469369014953,-9.6568339206991
TMS13F2077P0043,39.5126949872237,-17.6009525167085,26.4216945382488
TMS13F2077P0021,38.8593308955769,-2.32706025570932,25.4678049955041
TMS13F2077P0044,39.6396284277317,-7.19465449924107,27.6421317707977
TMS13F1245P0016,-10.8750198448478,-3.49525980287135,2.56722015375991
TMS13F1254P0010,-22.683909175458,7.08330417148387,-7.50630715043779
TMS13F1273P0016,30.7145091159798,-1.3899755453105,-7.28493643569628
TMS13F1288P0005,21.7071649656127,28.1377899048205,-16.4495625107559
TMS13F1307P0016,32.2338258064569,39.79700022258,-37.2297641976778
TMS13F1329P0003,-35.2573952864867,13.3491912083434,12.3575779902636
TMS13F1336P0024,3.14374926180748,-27.5015545876001,8.80030106896737
TMS13F1339P0006,-2.90767829004804,-23.999271802446,0.881407175136452
TMS13F1343P0002,-35.6400461063039,-19.4460557932862,-64.381868785405
TMS13F1343P0005,-36.3551012420746,-14.1484337516001,-53.8517889016956
TMS13F1343P0026,21.8351108774791,2.95007640544235,-66.904975511094
TMS13F1343P0029,-38.4292071836654,-8.82221702319023,-50.9907251679332
TMS13F1343P0038,-55.5475766121508,-3.20963945243169,-36.8176414735742
TMS13F1343P0044,-37.0280097003373,-12.2964244958051,-50.4069699187499
TMS13F1352P0002,26.2290168820232,8.29478165158945,-41.498347636648
TMS13F1362P0001,-22.0714448701359,-7.05164123212346,-46.9613662846826
TMS13F1362P0004,27.2652204535724,18.3191045117648,-45.045505035424
TMS13F1364P0001,41.5822748389511,-46.1858602863245,-20.6856978040364
TMS13F1365P0002,-32.7047978187495,-8.73344722997094,-28.552735078926
TMS13F1365P0036,-30.6923152619275,-22.5682127097319,-8.63052562376745
TMS13F1378P0001,-34.2153941945078,10.5613883855252,2.74269716671161
TMS13F1381P0004,-40.8407395523757,33.4739885830173,-4.30440864218296
TMS13F1381P0007,-38.3615346034885,31.0364358309937,-5.4369673702724
TMS13F1420P0014,-32.015746758818,14.1536910922951,-35.6550942233501
TMS13F1436P0001,30.1830031053697,3.06282079978336,-2.87214456845892
TMS13F1439P0006,40.4246975131049,-23.5586781621937,8.64764579988974
TMS13F2077P0037,-23.0749652163076,-28.1525783020954,31.4235440001356
TMS13F2101P0003,-35.2243210133298,-32.4137058318977,10.4568164161565
TMS13F1253P0003,20.6932413719494,-29.3151615626806,0.427267761256306
TMS13F1254P0003,-34.7117905392331,-1.7545013063866,-14.9869173729413
TMS13F1254P0009,-2.29244659934358,15.4337021380838,-23.9127043117563
TMS13F1254P0012,-2.00496076813363,-4.43255735250565,-13.9182346120623
TMS13F1260P0012,0.518657970890748,0.326162531296285,-29.6835995317536
TMS13F1273P0015,30.6291472316091,-1.54579288999136,-7.4425431081456
TMS13F1286P0005,29.1896750198263,17.8470134483791,-17.7530855903179
TMS13F1287P0005,36.2882906125619,6.84934966592061,-9.85396718655134
TMS13F1287P0011,27.1805897452636,25.5687082784159,-10.3535286048133
TMS13F1288P0010,27.4031540604209,18.7872266367078,0.870892657448335
TMS13F1288P0013,27.9630454153743,33.9912150570229,-9.82661904080291
TMS13F1291P0003,29.5204786606708,16.4319806314927,-18.4283039041433
TMS13F1291P0012,31.1050198785372,10.5180116457291,3.60932089089315
TMS13F1303P0005,28.5721145699262,50.8348926209244,-30.6009725749206
TMS13F1306P0002,32.637119792638,10.0507752291866,-27.6388842373838
TMS13F1306P0005,30.3379446286454,28.4727878354351,-46.2865648523511
TMS13F1307P0006,21.447002703733,34.9754091080269,-32.1573287792289
TMS13F1307P0015,25.1332592429841,25.3991471648802,-22.7352234979602
TMS13F1307P0018,28.5847781846074,41.016725683516,-39.4989091941092
TMS13F1307P0021,27.6548280952293,42.8102856916736,-42.7666117319454
TMS13F1307P0024,28.2504132746943,48.9524218787832,-46.2374902845772
TMS13F1324P0008,29.9438963752242,13.2502744439512,2.43702965654282
TMS13F1329P0005,-0.94855352882496,-41.0819891537499,-2.21982581032789
TMS13F1329P0017,39.5210801018846,-45.2581591802146,-24.5989594356657
TMS13F1332P0004,-8.29842787634296,-30.5595246269422,-14.8555432000851
TMS13F1332P0010,-6.59191637594552,-32.5303011616666,-5.65383975821835
TMS13F1332P0016,-4.95759763093775,-32.0337350951719,-5.26093211105832
TMS13F1333P0007,-2.97298250656532,-20.1523185245826,5.08743913852082
TMS13F1333P0019,-10.2089131473922,-29.3568336562048,2.8888095855036
TMS13F1333P0022,30.0379446352069,-9.40151577347273,-6.38748130445759
TMS13F1333P0025,30.6238487384707,-12.7423239112447,-5.73845671645283
TMS13F1333P0028,-10.557876843781,-21.2841693663287,-0.0397918108255953
TMS13F1336P0026,-25.9979948065047,-30.0851162907657,3.01754858146297
TMS13F1339P0002,-67.3743580526936,-34.6760070851076,17.1890199760693
TMS13F1340P0001,-7.67120856817741,5.21321612174957,10.0042227778296
TMS13F1340P0004,27.4875304815866,14.664034073896,-5.80480394438078
TMS13F1343P0001,20.9787162555506,2.38438658809227,-63.2452653710844
TMS13F1343P0010,-36.3420719362804,-13.8871604597017,-53.5459188138446
TMS13F1343P0013,19.8067862123243,1.03177728981419,-66.7219922140261
TMS13F1343P0016,21.23598514061,-3.11871519939025,-61.8484983056295
TMS13F1343P0019,-97.5597954671991,-18.7912926093851,-58.9844191588413
TMS13F1343P0022,-49.1119002640908,-6.36435404030455,-67.4705680230342
TMS13F1343P0031,-43.1340045510595,-2.23592445595612,-59.0876415706741
TMS13F1343P0040,-41.0726808190869,-6.13486796373043,-56.3763700460381
TMS13F1343P0051,-38.4160502181195,-27.4444418822286,-23.0247643311387
TMS13F1344P0002,-74.8810319926293,-15.4664333109667,-2.40452848735814
TMS13F1344P0008,-49.1013918423929,-27.7477714272648,2.73086903053345
TMS13F1350P0002,37.9351272898214,-12.7747379312688,-7.31357297298036
TMS13F1350P0005,30.8804739852253,-2.269942052302,-12.7584069524668
TMS13F1352P0001,15.3766977227784,12.144356330335,-38.2881816807135
TMS13F1352P0010,29.2378343960444,7.51837653655445,-50.5778974715877
TMS13F1357P0008,-32.8993649292401,-8.84913602454107,-5.86893309358757
TMS13F1362P0009,-29.6524357917674,-20.0399249186127,-37.6889181914492
TMS13F1364P0012,-23.0258781626405,-43.2769514323948,-0.965256709801136
TMS13F1365P0001,-17.7880798976098,-0.176001416389787,-30.3847862707846
TMS13F1365P0004,22.7008274725278,19.9047268723927,-44.1065527082564
TMS13F1365P0011,-38.3294935543348,-9.32507483259853,-38.5235099055481
TMS13F1365P0014,-95.3234141027479,-3.97494416830834,-15.084244555572
TMS13F1365P0017,-32.6238471542908,-4.50793943119049,-33.1981297630517
TMS13F1365P0023,-33.3689563374563,-1.83484824406646,-22.9413846032277
TMS13F1365P0026,-45.1668766136981,-3.72203037741417,-16.8439318767973
TMS13F1365P0029,-35.4596025797596,-0.751451672661136,-25.4360401073411
TMS13F1365P0032,-24.7115717534884,-25.867017873525,-5.48597354338648
TMS13F1365P0038,-37.62205785247,-18.1746018009364,9.93813797320763
TMS13F1368P0007,26.604583071703,13.3089908167291,-39.249174564911
TMS13F1368P0010,30.5240880322704,6.10204627095902,-32.7727869925285
TMS13F1368P0016,-33.0355768467584,1.58122990504621,-24.2412015176777
TMS13F1375P0003,-36.5453277191083,-7.49489599287444,3.0902860630435
TMS13F1377P0003,21.3479706462834,43.4101516937245,-39.8179621006836
TMS13F1377P0006,15.8961568932717,50.8976485018736,-53.9701114376773
TMS13F1377P0009,-18.4124121708249,33.8490065208042,-33.6487704064956
TMS13F1377P0012,-44.3384723974593,41.0564121836833,-27.7695730660759
TMS13F1377P0018,-106.947079643653,29.7796480763399,-33.2608940622994
TMS13F1378P0006,-3.69765143307888,23.5736145692536,-5.26051159795205
TMS13F1381P0003,-96.0360214290675,23.9072906674471,-8.96418573044906
TMS13F1383P0003,-9.07584106243542,4.60454287249699,1.31114295273405
TMS13F1383P0006,-74.930025439741,7.62270406121683,6.53007315152379
TMS13F1383P0009,-8.76285145599344,8.63585271745916,0.534397501239312
TMS13F1383P0012,-8.60596747615269,-5.69277428391345,1.40985994142412
TMS13F1387P0002,12.6297190594057,20.3572108464503,-8.94413061426775
TMS13F1391P0012,-34.9935459452996,13.9378836207981,-1.81836146011582
TMS13F1391P0015,-36.9674202488278,20.5951704241831,2.37705454054341
TMS13F1391P0027,18.455669642708,8.54541447571332,7.4498725503137
TMS13F1391P0036,31.312620393791,12.5454450512296,5.62941485799002
TMS13F1395P0002,31.9852219879014,-0.318513973656466,-14.5515760959951
TMS13F1401P0004,-0.580972016853808,-2.19665535775602,-40.6238717217235
TMS13F1401P0010,14.0790155930523,14.8475095314347,-51.1598353798291
TMS13F1401P0013,19.0223135007129,27.4159632356858,-53.7704431662585
TMS13F1401P0016,-41.4680107223285,5.30029980329535,-47.2990014542452
TMS13F1401P0019,-77.0046137630579,-1.53867750655702,-27.4264160700795
TMS13F1420P0001,29.779517150452,9.60744900593466,-25.8297933407682
TMS13F1420P0004,-43.8761348403548,46.0420211077812,-38.2241135402398
TMS13F1420P0007,29.6970847923474,23.1637488214209,-24.7213170209461
TMS13F1420P0010,-33.5820466746873,31.102771151764,-16.6430132179316
TMS13F1423P0006,1.13203392221918,34.8946835302725,-35.7422501735769
TMS13F1436P0003,-55.9873227832128,-30.2337822828822,27.9075466903964
TMS13F1436P0009,30.7055156646613,5.84513602706563,-4.01540097085252
TMS13F1439P0002,-26.5177833526783,-16.3836524970574,-0.224040224811824
TMS13F1439P0005,38.9975368601819,-24.4802132780255,5.65326816244157
TMS13F1439P0011,33.9123656906307,-9.98445137691344,-7.26627121123467
TMS13F1446P0001,4.04055775855805,-30.8754697740511,7.6157653443378
TMS13F1446P0004,39.8754713346277,-18.1516560588778,5.07032057144016
TMS13F1446P0013,39.5845076107681,-13.797623166902,6.9236042633563
TMS13F1449P0009,36.533465210597,0.844177849338302,-3.09886605630753
TMS13F1452P0009,33.8661133244013,23.1392700948212,0.317891607011484
TMS13F1455P0002,37.2538739352259,-21.7638499714444,-2.55662354108214
TMS13F1466P0001,44.7537085664004,-29.74670952724,-13.0083572810046
TMS13F1467P0001,2.02783025491188,-24.5959575394714,0.83072743898968
TMS13F1474P0004,-23.1474224511473,-3.2561605367453,-4.58815877118287
TMS13F2005P0009,34.7297579061457,14.3606050833624,8.11543642723145
TMS13F2077P0001,40.1741542500605,-7.11962710855036,24.9924426510019
TMS13F2101P0002,-29.4873545689314,-32.7850069551703,5.76239782992964
TMS13F2101P0008,-27.331755789693,-23.5649909714486,12.6366092345568
TMS13F2101P0014,-90.7344743437679,-45.1274907366748,16.2249382056211
TMS13F2110P0002,-27.1118265310885,-2.80545192702193,12.6295653766084
TMS13F2110P0005,-25.9147399246459,-12.7716290258117,8.9142982699255
TMS13F2110P0008,-0.65765622293323,2.07773763796988,4.97762252987803
TMS13F2110P0011,32.5087436112846,14.9929291268418,-16.0090583244932
TMS13F2110P0017,35.9738625497333,6.33242517418911,-3.05330178003823
TMS13F1245P0001,40.1400270846863,-20.8381766471396,-7.53076759848234
TMS13F1253P0002,-25.8208832894545,-18.996456896335,9.18762113447997
TMS13F1254P0002,18.4158305426505,19.482993754293,-29.4780619061421
TMS13F1254P0008,-13.6184959323793,13.3662148320348,-20.3017876606778
TMS13F1254P0014,14.5915737118159,-4.77234837937382,-9.78589237967505
TMS13F1266P0003,35.5556564714256,12.2690341161383,14.5034580778493
TMS13F1266P0018,-16.0612508490027,16.4772352906095,20.3019658431164
TMS13F1266P0027,-15.1185422197227,8.99815602403825,24.1923959446667
TMS13F1273P0005,31.233443493036,-4.79619300297299,-5.14265284243943
TMS13F1273P0017,-19.5459877991786,-13.1413752934954,1.1374131765375
TMS13F1286P0010,-34.5618784130769,0.151024439670174,-16.0227678861586
TMS13F1287P0001,33.2790255673747,7.7398799721897,-5.54732409082759
TMS13F1287P0004,31.3927113781117,12.5155946926884,-21.7915393169061
TMS13F1287P0016,32.8846070947793,1.23560582538239,-17.4002817543204
TMS13F1288P0003,27.9982824283215,33.0867330866522,-21.6281525894772
TMS13F1288P0006,34.3837156561665,19.798066273324,-8.09449155746561
TMS13F1288P0021,31.5368648515192,30.5847091248633,-2.77234943407903
TMS13F1288P0024,28.8394615215646,10.736507628819,-1.45857392988062
TMS13F1291P0002,30.4676348788345,9.52920875801326,-15.1532419873382
TMS13F1291P0005,34.2403999330226,-13.6071095851506,-21.9973417997743
TMS13F1291P0014,29.4216506724708,9.87672448577052,-9.39684466842239
TMS13F1307P0002,24.3168872485676,37.9461319645056,-30.2306542333285
TMS13F1307P0017,24.192722279639,26.3971893186891,-41.1955032906044
TMS13F1309P0003,37.3336348829895,15.4560656511642,-12.5194464098089
TMS13F1324P0004,14.581541769905,7.82888289539556,20.3836568865438
TMS13F1329P0001,37.1116432452191,-1.04358689976872,19.941300491946
TMS13F1329P0007,-0.773548427724941,-42.158972865366,-6.0109537319021
TMS13F1332P0015,-5.88220310897147,-33.8658598991163,-3.66306247749553
TMS13F1332P0039,-45.3822896252175,-43.2194858203877,3.68260601759248
TMS13F1333P0012,32.0505381718097,-14.3165941984951,-9.37945737027745
TMS13F1333P0021,-9.44298925937745,9.28410626754918,26.7194819350312
TMS13F1336P0003,1.81008949278295,-26.6984193490354,5.79137356471447
TMS13F1336P0021,-61.9166845840955,-36.1626213551785,14.3065931443002
TMS13F1336P0028,36.2558368078163,-19.1031812948367,-9.53020476156672
TMS13F1339P0007,27.2925895874511,-5.45301171761792,-16.1836676944152
TMS13F1343P0003,-83.0502237160843,-16.2812177174852,-46.3279200782671
TMS13F1343P0009,-91.5068665930994,-8.16420414184694,-53.7459946616024
TMS13F1343P0018,-41.8514789556137,-12.285203905189,-60.1220796439038
TMS13F1343P0024,-5.26051572885982,1.73515525090127,-65.5022819158968
TMS13F1343P0027,21.3343482782407,-1.54726308872818,-61.5172211965848
TMS13F1343P0030,18.8722513683732,5.64593077630649,-69.0374002323568
TMS13F1343P0033,-41.7096730033314,-7.87020172508914,-57.9109829207837
TMS13F1343P0042,-1.6666399183451,-14.8958621769842,-47.8653321311642
TMS13F1343P0045,-3.32115413620059,-5.29541459344467,-67.482936649604
TMS13F1344P0001,13.7884092438411,-18.8815139875089,-2.20113528985373
TMS13F1350P0001,-28.1657462108338,-27.8483818239342,2.275420784296
TMS13F1357P0007,-35.1784947329696,-10.2650142307334,-9.95475386130108
TMS13F1362P0002,-30.6162605727874,-6.09630148564484,-36.2597265684861
TMS13F1362P0005,-13.9895846166513,-4.75600453214731,-34.3623297671458
TMS13F1362P0008,-4.4578813723661,8.6877575746678,-52.2278295767931
TMS13F1364P0002,41.8754687695423,-45.854179523302,-16.5916622968867
TMS13F1365P0003,-56.2541585768577,-2.81427206448298,-33.8593589473694
TMS13F1365P0006,-34.3820836930119,-4.99518294255063,-35.5055256891622
TMS13F1365P0013,-40.0717170203711,2.55439714121246,-28.3589743367419
TMS13F1365P0019,-3.85848907504009,3.68038067232619,-37.7767851434148
TMS13F1365P0028,-38.0722414606178,-9.47882246069167,-42.2485645040035
TMS13F1365P0031,29.6129373907495,14.7731246927477,-34.9443296406691
TMS13F1365P0037,-99.1028916161533,-13.8050297303942,-27.514283310427
TMS13F1365P0040,-36.9003752496477,3.90016947273294,-28.9411490054893
TMS13F1368P0012,-32.2457469540307,0.509845653300004,-29.9028803353761
TMS13F1368P0021,-55.3689618123696,-1.01860467362909,-28.6222951757184
TMS13F1377P0008,-37.1074238177859,22.2588431660784,-22.2115773163187
TMS13F1377P0011,-84.9014809453779,6.40062332725893,-17.9227563237893
TMS13F1377P0017,-42.0729285604447,30.9332021468867,-32.5047531588297
TMS13F1377P0020,-19.3582122892935,42.6989918308587,-45.7681405378996
TMS13F1378P0005,-57.0406768520944,16.0065746410248,6.2230940927703
TMS13F1383P0002,-13.8157822892829,-7.92193817030731,14.5974624908295
TMS13F1383P0008,-36.1445570919335,18.9172332816893,2.78450869785457
TMS13F1383P0014,30.3082041712224,-0.855717000604328,-15.8886727618455
TMS13F1391P0005,-25.5638634188714,25.9122616385199,-2.74537621650342
TMS13F1391P0011,-34.9125248799156,0.814122938232352,-12.0785989239947
TMS13F1391P0026,-31.471482394519,5.17105479403585,21.7428517590927
TMS13F1391P0029,28.8122650548946,25.2818586916765,-5.66136462392841
TMS13F1391P0032,30.5164694861793,15.1405420845102,2.48010469762547
TMS13F1391P0038,-37.1975220689746,29.3841227079294,1.58049846056518
TMS13F1395P0004,29.8357259262809,20.8339219521523,-2.78363302542286
TMS13F1401P0003,-95.2442004241594,-22.995630017111,-23.8821545080275
TMS13F1401P0006,-42.5385449559312,14.464610815341,-51.1084669136383
TMS13F1401P0009,-42.6916875189378,13.8942052308647,-47.7276078028821
TMS13F1401P0015,-31.0332784488973,-1.41818267459634,-29.0902176426154
TMS13F1401P0018,-42.3984025967777,4.38169878270866,-40.7249473134302
TMS13F1420P0003,-24.3441885556508,20.4705840122669,-4.42280462623601
TMS13F1420P0012,-29.7467473464858,20.7346070237242,-7.32044834506338
TMS13F1423P0002,25.2225513791794,40.4535558291045,-30.3448843590307
TMS13F1423P0008,24.081182873351,28.7260200889653,-54.1592663387426
TMS13F1436P0011,-26.9274906034383,-29.1228048043537,13.6122736041349
TMS13F1439P0001,36.4904320678795,-9.13615800734153,-2.63466140402727
TMS13F1455P0004,10.5181785265959,-13.7295958868138,-3.97476523063911
TMS13F1465P0002,-27.8243176759548,-14.5010508086828,23.2876096863169
TMS13F1465P0005,37.6802942502671,-10.8773480290609,9.6649341694396
TMS13F2005P0002,37.5164774333548,7.08759845650986,-5.3571594724989
TMS13F2077P0003,-24.2399558595038,-27.1476610147274,31.0474344485422
TMS13F2077P0010,43.5572381418678,-18.5608700215436,33.9018231995648
TMS13F2077P0017,-18.667735751051,-22.1465547942697,34.2203261947055
TMS13F2077P0047,38.9682189789804,-7.06311559060169,20.6283320612033
TMS13F2077P0050,12.7305042123414,25.2613926968152,40.6298612266058
TMS13F2101P0001,-24.3627516806528,-24.3291629698081,20.0172142917656
TMS13F2101P0004,0.181722566138995,-6.65812127321994,8.59832497189137
TMS13F2101P0010,13.6102499016004,-28.3074262126114,4.45293556547083
TMS13F2101P0013,24.5352915222138,24.1286095174151,-8.35014083433798
TMS13F2110P0010,36.9844194451703,8.90497859511654,-6.33055243570814
TMS13F2110P0013,31.4242586716171,10.9144841188803,3.58574991601121
TMS13F1254P0011,-29.7159044969933,-9.85871418205656,-5.16317736409696
TMS13F1254P0015,-34.5097007398794,8.21612714551604,-17.6692584260214
TMS13F1288P0014,19.2600373132523,30.974275739157,-15.5740552044485
TMS13F1303P0002,-35.2726020874383,0.775495214180762,-12.0138479695357
TMS13F1303P0003,24.8846733073688,28.1142172878199,-11.9710364286101
TMS13F1306P0001,36.039500371588,14.0277258502905,-25.8026627269814
TMS13F1307P0001,18.7521828285931,36.1823905854129,-33.5745628669101
TMS13F1307P0004,20.9772225982588,36.1431148246582,-39.8870085678236
TMS13F1307P0005,24.3283309183037,31.0849306973036,-28.3550254243734
TMS13F1307P0007,30.5387216236469,41.3785049572236,-32.9942494429051
TMS13F1307P0010,29.4740361056105,32.0380867692979,-31.8636746721802
TMS13F1307P0012,24.4923021816916,38.1178544402073,-24.6708812241648
TMS13F1307P0023,30.1984541567915,35.822630166834,-38.0559263846888
TMS13F1332P0027,-27.6586715911576,-30.4484338126347,1.9879146327674
TMS13F1333P0001,-20.4065728500885,-30.7875973621381,2.27663910825071
TMS13F1333P0010,-15.9621690608186,-30.3305449356598,7.61790142166338
TMS13F1339P0009,-52.0288971386976,-47.2866651113854,13.3079988780602
TMS13F1339P0011,-65.2170664801654,-47.7207745554941,4.9928344580582
TMS13F1381P0009,22.98040795193,15.7556678134876,-19.5706523464132
TMS13F1423P0004,-35.8677115908441,21.6959151420601,-31.7430692799266
TMS13F1439P0004,-26.2950583077595,-34.3616333617282,14.7021749094524
TMS14F1020P0009,-30.7334334191593,-5.21396472540265,13.4258039437579
TMS14F1020P0012,-33.653509733982,0.104713871600695,5.86549772237978
TMS14F1020P0013,-31.2443436334815,-3.52287699495062,6.30032320440818
TMS14F1022P0001,27.5410531395345,34.6823832113412,-26.2794328977332
TMS14F1022P0003,7.03344581614516,26.9883371557951,-20.0454706432218
TMS14F1022P0004,-5.99463213395605,9.43463011195325,-5.16950385353921
TMS14F1019P0001,29.8612956620515,37.3131965778646,-8.3575799017837
TMS14F1019P0003,31.8030724649762,32.0182426313148,0.282643105936635
TMS14F1019P0004,24.5952918476178,43.0451637639196,-32.2811751803035
TMS14F1019P0006,2.70286599111929,17.2939397380306,6.84681860948113
TMS14F1019P0007,-3.66681526079567,36.7942449374763,-11.0078856605492
TMS14F1019P0008,25.6290127835166,40.5144966141052,-13.6943289911229
TMS14F1019P0014,-38.4092855011398,36.237787271301,-18.818632434139
TMS14F1019P0015,-34.5652240104604,22.307145837407,-4.45666945758491
TMS14F1019P0016,32.0184245425159,32.7211107869186,-6.60854900844042
TMS14F1019P0017,-6.38856996685542,7.37421735626793,6.94878814166868
TMS14F1019P0018,30.4758684498688,-12.1051316470948,-40.5479642720885
TMS14F1020P0005,-29.4181134480017,-7.6099022533564,0.0622028988885606
TMS14F1020P0006,-24.6503061143114,-24.4862578848099,11.7726131539584
TMS14F1001P0001,-28.1669088565621,2.02497388075013,-6.2407656904318
TMS14F1001P0002,-26.2052715884052,1.69222185016415,1.42945302103333
TMS14F1001P0004,26.4272867417702,14.6130633384257,-6.80613795064048
TMS14F1001P0005,-25.7268788596135,-3.60933471305516,2.36127821385012
TMS14F1003P0001,-27.8313488707255,-7.61911767117112,2.76493278431528
TMS14F1004P0003,0.255484496973402,9.34527716546888,-15.2241903318898
TMS14F1008P0006,-2.69178434643681,11.1351723090743,-9.57315742846417
TMS14F1008P0007,24.7442085905681,25.282644276038,-24.3127166285997
TMS14F1008P0012,-26.7069382514069,7.03521637646408,-1.45269134930097
TMS14F1008P0014,-30.2798131147224,13.9276504033627,-15.2307883940984
TMS14F1008P0017,15.0236150641656,33.3516382067866,-24.1939933386148
TMS14F1008P0018,-26.9500981887725,5.65317558466777,-3.79169544216953
TMS14F1008P0020,-27.7670270380981,6.43692012102079,1.79718691326765
TMS14F1011P0001,-33.4449851441784,7.10204153563214,-5.86459027877981
TMS14F1011P0002,-32.616661170061,3.95392364249438,-7.20627176902245
TMS14F1011P0005,28.7843827911755,19.2887982257799,-29.845581047319
TMS14F1011P0006,-19.1597972205793,12.8737348900987,-4.40784836995317
TMS14F1012P0002,-35.4032566319659,12.3055538718861,-23.9024231116044
TMS14F1012P0004,34.1520613179167,-2.46118008657145,-17.6506544788246
TMS14F1012P0006,-33.743907198621,9.43789051698133,-23.129234319915
TMS14F1012P0007,-30.4385360949719,8.34869691951445,-7.66031190358633
TMS14F1012P0008,34.4261354475469,16.0308770310536,-16.4243536418955
TMS14F1012P0009,30.5257487905143,7.82270570787233,-27.2040844614857
TMS14F1012P0012,-26.3578553667059,-6.62694917834548,-0.331235425884661
TMS14F1012P0015,-35.4318228831288,8.94987541435129,-30.2070529210643
TMS14F1012P0017,-8.79371726813009,8.85980391340772,-23.5583958820928
TMS14F1013P0001,-33.8749571546694,23.0492575055075,-13.3460852283705
TMS14F1013P0002,26.1846052597552,43.2008091291522,-17.1949675533924
TMS14F1013P0004,0.214814475150963,47.3993500209473,-23.8547462405382
TMS14F1013P0007,15.2623015177699,38.0376659733986,-21.1073790126127
TMS14F1013P0008,26.1644221840167,35.7402104620769,-16.7158154831561
TMS14F1014P0005,-27.2259038901072,27.3496589259453,-3.91722563294564
TMS14F1014P0006,-13.8735063276145,22.8579018934157,2.37759217460566
TMS14F1014P0008,-35.4633898001459,27.2419132680376,-2.28383595807442
TMS14F1014P0009,-29.819250129197,1.94540970449155,8.77922442086661
TMS14F1014P0011,-29.2034924582368,10.7457042709262,9.53705156540058
TMS14F1014P0014,-35.2630296432943,29.3430748883894,4.55964483619003
TMS14F1014P0015,-29.956714749841,19.4642773339163,10.5190658144224
TMS14F1014P0016,31.5403743574563,26.7213554129168,-8.29258428265818
TMS14F1014P0017,27.2032078312973,35.5891329195732,-13.3440716918022
TMS14F1016P0002,33.6040288651487,25.8346199874403,5.34824750729138
TMS14F1016P0003,26.8778926332508,43.9743750426155,-12.5382417724765
TMS14F1016P0006,8.14342137731287,12.4251437711109,6.77378053505188
TMS14F1016P0007,27.7888041875804,28.030474027867,7.09143914611795
TMS14F1017P0001,31.7382409187943,25.3617223464461,-1.24725027196191
TMS14F1017P0002,26.5842346252525,54.7808045128087,-17.9382129055246
TMS14F1017P0004,-32.3000200174634,11.7384446561015,-3.49488000324715
TMS14F1017P0005,-30.2745924008645,7.6554875070841,7.03989713237876
TMS14F1017P0007,-35.2587332897033,39.0574971439014,-19.1959433565252
TMS14F1017P0009,23.4978455456729,60.6145256396213,-21.4320158478851
TMS14F1017P0011,9.8347654958946,27.7237202013431,-8.62409739283894
TMS14F1017P0013,-31.4069580220241,14.6072771231963,6.11880722831918
TMS14F1018P0001,-23.5691898442259,6.76695166804076,1.40109503856402
TMS14F1018P0002,-30.3063012510204,26.6854182483064,-15.6475146388188
TMS14F1018P0004,31.8507661859388,24.9508996498592,-6.27949185938055
TMS13F1246P0001,34.3469890899879,13.6146901576147,10.1100183978671
TMS13F1247P0006,28.3161592265666,-16.5507733649098,-14.5267922999127
TMS13F1261P0001,32.4350440257723,17.2978757701989,-29.2033648730731
TMS13F1262P0001,17.8997810931799,39.4129894163405,-12.375994494567
TMS13F1256P0003,-55.005629488581,-11.9467781552445,-11.7324288848799
TMS13F1274P0001,3.88924869257489,19.0767758445157,44.8280687404641
TMS13F1274P0004,-11.2782169493897,15.7468479651457,33.8840321836396
TMS13F1283P0002,33.4803677718811,3.8178341358202,-1.77295882739615
TMS13F1296P0006,35.1377060606295,20.5786833714073,12.4198950854201
TMS13F1297P0002,-23.0102107570785,-23.290617931342,13.5969727249551
TMS13F1298P0007,32.4179954063698,9.96160573965785,-9.02676840046006
TMS13F1302P0001,-31.4026123398718,25.8436062434482,22.1762002661395
TMS13F1304P0002,-8.09308041505211,-15.9962643801038,-1.48240366158606
TMS13F1304P0003,-7.88888457350654,-3.64469721776189,1.74422526128219
TMS13F1310P0004,24.4140216029017,22.1773807563007,-7.34931781693244
TMS13F1315P0001,-40.7878893874762,-4.9707830771456,-18.8064081943838
TMS13F1315P0008,31.1412299311186,26.1907308373099,22.5111565179159
TMS13F1319P0013,-16.751714804562,4.32328936600366,16.0277015945139
TMS13F1334P0006,-78.9230360128301,-28.1661944129365,-0.169565037356304
TMS13F1353P0002,-9.31522349707472,-13.1888473139525,9.60278527755476
TMS13F1376P0018,-47.3184960178656,66.1478987436429,3.80018332220907
TMS13F1400P0001,-8.65462602784688,6.41603958483546,24.043816142881
TMS13F1414P0009,30.9928413735914,13.0757186710209,-21.1582477700095
TMS13F1425P0004,-3.16372817042343,5.99017175069376,22.6247121530912
TMS13F1425P0009,25.8238397793439,0.247262246011707,-10.3250853553523
TMS13F1426P0005,40.3941366274599,14.6241651945103,-7.43539878951452
TMS13F1426P0009,25.9755403827277,12.0069437189674,3.92123916274476
TMS13F1461P0002,-26.7318980791822,-8.20031907544063,-14.5455864709003
TMS13F2006P0006,31.1641665347807,25.9901483436553,22.5741505408279
TMS13F2008P0017,-34.6325111063963,-19.510017013592,-0.349361389559858
TMS13F2028P0001,-52.0042337882583,-22.0513486615483,-13.3864918130774
TMS13F2032P0014,-45.5510603370569,0.270718822736684,3.70093136779599
TMS13F2046P0002,-90.5715615455903,-14.2044946576272,20.7857770361193
TMS13F2059P0002,-33.3438433539981,-19.0556006448719,8.51369619053468
TMS13F2051P0005,-25.1546100271866,2.92073061726053,2.78089061789572
TMS13F2052P0002,30.5333930394915,43.9895535705873,17.2259262561775
TMS13F2061P0005,26.0196303324867,0.298309034600716,-10.1723058311579
TMS13F2065P0005,-37.7572309951239,-1.65806454013352,-55.9371720526728
TMS13F2069P0026,-28.7972593124661,-42.8029374309385,-14.1914824541821
TMS13F2074P0003,18.6874598837206,42.6125763939899,-43.7216733975738
TMS13F2084P0002,-28.8425648373598,-6.47518800944524,24.909847291908
TMS13F2085P0004,39.8717285487914,-2.75713621188833,14.1258310480103
TMS13F2207P0001,36.9219142799383,-1.14765540762968,-15.7544687801692
TMS14F1022P0006,-33.1626444583587,15.3362705433388,-2.94715518720672
TMS14F1023P0003,26.4782815305195,24.0051846910545,-22.3032214440849
TMS14F1023P0004,28.8897160482337,32.6904703394567,-10.9315836159494
TMS14F1023P0007,-0.00203728411987902,26.9250381708789,-29.054592012141
TMS14F1023P0008,23.3901146148629,37.6241950561305,-22.6964403195766
TMS14F1023P0009,31.4203066567342,21.2029447923203,-8.00893233683975
TMS14F1024P0001,20.7083207204409,23.7847388764353,-27.824285870786
TMS14F1024P0004,-28.2183887046222,-2.87278782565889,-7.49084141011032
TMS14F1025P0001,-32.9398900932139,7.28961271659435,-2.94595388313021
TMS14F1025P0003,-30.8002135413136,-0.624693759261431,-0.428719806548306
TMS14F1025P0006,31.9491293318464,12.0009751384712,-14.2664308349639
TMS14F1025P0011,31.5561685871882,8.91911196314045,-29.0641646242698
TMS14F1025P0012,26.0614163905552,32.0632278608648,-24.2535701451646
TMS14F1025P0013,-36.5206013105928,19.2258357515581,-13.7008717744169
TMS14F1026P0001,22.3349504270214,11.4471401242167,-22.0488292008059
TMS14F1026P0004,-31.1585170567856,11.2754685269782,-8.93093964704709
TMS14F1026P0007,-24.9965999345774,-0.432067101622857,-6.83211212372986
TMS14F1026P0009,23.9991937144469,20.1912291480369,-29.7124532345224
TMS14F1027P0001,27.6315571512544,21.2913763725665,-17.6109013265084
TMS14F1027P0004,-29.8563222168707,-8.82333934969998,5.29602196953127
TMS14F1027P0008,29.0089131541516,15.7876421815558,-12.5449501455179
TMS14F1027P0010,-30.7759000635246,-9.54633980337854,2.60990836905223
TMS14F1027P0011,31.9520602079122,6.16146609670477,1.50225567917869
TMS14F1028P0001,-31.0781726418662,12.6735958672997,-11.726231253282
TMS14F1028P0003,-31.892952140885,6.95835214521239,-23.6597998162208
TMS14F1030P0001,-29.2523314480439,16.2212015106988,-9.48515972263571
TMS14F1030P0005,32.1923806488201,12.1945313687985,-24.504274298981
TMS14F1030P0008,-16.3975138340995,7.18119782132522,-8.40328575334287
TMS14F1031P0002,-24.7947025341974,7.48266252752941,-12.2817893501572
TMS14F1031P0004,-24.7967037539,4.30525710296351,-2.20672268637293
TMS14F1032P0003,30.4671636231534,25.4195996823286,-6.75257831703489
TMS14F1032P0004,-5.33707219751807,1.89251766640999,-0.358752418313333
TMS14F1032P0007,-27.3347515556606,-0.0825007086773087,3.64163917592602
TMS14F1032P0008,-29.7679514131799,14.5602482044257,2.22272397830908
TMS14F1032P0009,32.813002706656,22.6559146593772,-13.4816390443617
TMS14F1033P0005,-27.2085130259059,2.09166897267863,2.55949825477238
TMS14F1033P0008,29.2323389359727,26.1326805819999,-18.3806593089611
TMS14F1035P0001,-28.7250583894104,9.00046577189215,-20.7612267085659
TMS14F1035P0002,-29.073452419618,13.8173279431817,-9.49032258549687
TMS14F1035P0003,-28.1361282513732,0.504431009505481,-22.4196877116938
TMS14F1035P0004,-26.0871050697846,3.07847805938199,-19.1577818188778
TMS14F1035P0006,-38.4573145594719,19.6055158210849,-16.3486800582684
TMS14F1035P0007,-30.993562252726,24.7533411920721,-20.0118694906205
TMS14F1035P0008,-38.6898128206556,14.4687641401828,-38.729136380339
TMS14F1036P0001,-28.7974090152792,4.64969851560108,2.49739902965598
TMS14F1036P0002,-28.8128879330472,0.913112166971712,6.86100302039855
TMS14F1036P0003,-31.43041873836,9.91466258447435,1.67811166970077
TMS14F1036P0004,30.5016289211546,22.6004736394251,-18.9602096437433
TMS14F1036P0005,-25.3496579701884,-1.02211863684976,-3.28659950381386
TMS14F1036P0007,26.3050388855609,23.7170301835706,-25.9620885459642
TMS14F1036P0010,25.6797744287088,25.7894674791174,-27.9002543014623
TMS14F1036P0011,16.7156908551019,19.6644624049492,-16.674783726553
TMS14F1037P0003,34.876548888897,14.2926585613001,-18.9573985685111
TMS14F1038P0001,-26.9793380393044,7.6558170794979,-18.5422658393372
TMS14F1038P0002,-26.5028187374026,4.39194406560261,-19.9981552510395
TMS14F1038P0003,-24.2638527660111,-6.77935627139496,-9.45996169512842
TMS14F1038P0004,-14.5610367729665,-0.304299588408177,-10.0122460678593
TMS14F1038P0005,-25.4864833169293,-2.7523302500495,-13.6771171134235
TMS14F1041P0002,-21.07695612736,-14.3438209530891,-7.7452944302567
TMS14F1042P0001,-28.6817863053528,15.5830331959136,-5.31967611993649
TMS14F1042P0005,19.1479747047504,29.9860499257717,-8.8710119384748
TMS14F1042P0007,20.0021023463263,30.3959452092379,-18.676310848629
TMS14F1042P0008,27.1698567918094,13.1191507649844,3.68306564792196
TMS14F1042P0010,-12.3456468053666,9.88448249287681,-7.203394936579
TMS14F1044P0002,-32.498177619243,-11.6659703256783,-11.1491280727388
TMS14F1045P0004,-19.1217623332005,19.5074256846832,6.59960115542587
TMS14F1045P0005,-14.927945430645,2.68662079521809,21.8365674435651
TMS14F1045P0006,-8.43464267025533,-2.87988070866488,13.3587134171383
TMS14F1045P0008,-9.83108609237802,-0.109035911438114,16.3747338479741
TMS14F1047P0003,-9.04394915931199,-7.78453288385069,-23.9089573225207
TMS14F1047P0008,10.9536542382796,1.94324261179684,-28.1036675139523
TMS14F1047P0009,-14.3200618839201,8.96128033745077,-24.6247330382333
TMS14F1048P0002,-26.6229330485487,-6.40010469521142,-6.06344621084189
TMS14F1048P0003,-19.6108075751875,-9.38487980674987,-8.19702807783543
TMS14F1049P0001,-30.297905403815,24.1534663792038,-22.2669388607442
TMS14F1050P0003,-29.0922887958905,24.668887831938,-12.8133548826707
TMS14F1050P0007,-6.02437137846082,13.7495552391613,-6.74680665963282
TMS14F1052P0003,-33.5358750882127,20.2604343680165,6.73996432501167
TMS14F1052P0004,-31.6441130621539,10.1990011756017,23.7542886031848
TMS14F1052P0005,-33.8183428177705,23.8394413091015,10.1831236201893
TMS14F1053P0002,-23.3285235448614,8.79180655059943,5.49506350625965
TMS14F1053P0003,29.7016388313419,18.017758282315,-10.847695830472
TMS14F1053P0004,37.3282480784954,-0.912488664808661,9.85835512656801
TMS14F1054P0001,26.8447868171122,20.2651718659451,-3.35808077645448
TMS14F1054P0003,-30.4415829598722,11.3710614514382,1.59093055060297
TMS14F1055P0002,-7.91864156387653,1.59102919457415,5.86415755169906
TMS14F1055P0003,31.5152050794608,4.16351591559083,-4.33699021009126
TMS14F1055P0004,-28.9205922171677,-4.93559087195715,13.9136268971901
TMS14F1055P0007,36.0243910080065,-6.88933559841631,1.15371055743097
TMS14F1056P0001,-14.2725413538023,19.5367899482145,-14.5711304529309
TMS14F1056P0003,-32.9490388576842,27.0595352993504,-11.2764030783806
TMS14F1056P0004,-24.2483297632288,26.5315029321086,-24.7947618138709
TMS14F1057P0001,20.5570797416763,20.6423567458011,-12.4925205948545
TMS14F1057P0002,-35.7985857837684,23.1587565832088,3.91291740621255
TMS14F1057P0005,26.1170299481282,19.7171104029507,18.8307675962369
TMS14F1057P0006,21.342424365848,26.3488750429359,1.29203614634181
TMS14F1057P0007,-29.194841235176,11.4856211616426,27.0711406381548
TMS14F1057P0009,21.7350934470947,28.364571871421,6.30492195945727
TMS14F1057P0010,-30.3070323566257,13.8897796368372,20.310467069513
TMS14F1058P0002,24.6261713915632,22.0586502808037,1.41823086700335
TMS14F1058P0003,-34.7769318922051,27.3324894981904,5.34883483039209
TMS14F1059P0001,21.3345701729978,10.6749308626807,-8.52212706952777
TMS14F1059P0004,-33.5608757247656,-3.1190912999338,7.87946967960964
TMS14F1059P0005,17.7476401501236,24.286581694617,-5.93792092542811
TMS14F1059P0006,22.2755984227343,21.2686462429137,-7.93202231062516
TMS14F1059P0020,-27.4843611184381,-8.70503128622628,19.1737985800057
TMS14F1060P0001,-29.0319326545489,29.6678888793728,9.45950599201113
TMS14F1060P0003,-25.9380278478121,14.0418555812856,19.6257996820469
TMS14F1060P0004,29.7260885594635,31.5348595247337,13.9402758185648
TMS14F1060P0007,36.3239130109353,11.3499899001496,13.5017953414294
TMS14F1060P0008,-27.1231202226317,25.0787924761932,10.4971756216323
TMS14F1060P0009,30.5723481390479,29.417776218551,9.55734455214392
TMS14F1060P0010,-28.4685054995683,32.8031272600886,11.8842543377128
TMS14F1060P0011,25.6750057490893,37.9803478725474,-6.78683926076585
TMS14F1060P0012,31.8218186325221,28.9978958756535,8.49835936735552
TMS14F1060P0014,-27.0078467600426,18.7371754241636,23.2510830296385
TMS14F1062P0002,-30.7002835257831,13.8881283400406,16.7567159418
TMS14F1063P0001,-13.1463436481036,-2.83977200977424,4.47883373673205
TMS14F1063P0004,37.2942273411359,6.66082043189618,-9.10916522158674
TMS14F1063P0005,27.7753344378274,31.6578574999975,-19.0665111777118
TMS14F1063P0006,-12.9838842414726,-11.008508380079,-0.365527400986638
TMS14F1063P0009,38.8522253724221,3.65341020166978,-4.49455555669326
TMS14F1063P0010,-19.8461688252657,20.6059956509108,3.40188610866719
TMS14F1063P0011,-16.8344165586603,0.742422940951669,-3.70798850789304
TMS14F1065P0002,-29.3932771949082,17.3602657035074,8.85622731161488
TMS14F1065P0004,36.5215468537939,7.70722831679089,0.176032390492619
TMS14F1065P0008,35.9911871322907,12.1212803308444,9.40860837596945
TMS14F1067P0002,-76.5893181023094,-5.10225945846814,30.0061249063275
TMS14F1067P0007,-30.2649138679888,-1.51142298362056,24.4975539781213
TMS14F1067P0011,-58.2965538174832,1.84353062855464,24.6060298927722
TMS14F1067P0014,-94.0180341491809,-8.41667384745748,31.9477892387963
TMS14F1068P0001,-29.0192647206962,12.1793926538952,13.5936402986236
TMS14F1068P0002,-27.7852323425195,3.77932130039675,18.4821128286268
TMS14F1068P0004,-31.3327071257437,8.62408929927297,9.86907365550347
TMS14F1068P0006,35.1168787732739,8.04628028329798,12.1418149070012
TMS14F1068P0008,-57.6297736109353,-40.8808947279197,30.7705182639902
TMS14F1068P0009,-34.4255119286369,29.3694264010238,0.229806697856689
TMS14F1068P0010,37.2996379766036,6.55969185341767,12.2361048846692
TMS14F1068P0011,-25.0112225106756,1.92733672633796,27.2331666806618
TMS14F1069P0001,35.5602976882647,6.99701957684857,8.42887705416142
TMS14F1069P0004,27.3535741012853,17.9794218285886,-17.1180676026285
TMS14F1069P0006,-24.378158700847,-15.8972234088215,16.6359576935193
TMS14F1069P0007,35.0712253273519,13.3048840285224,20.9269243932234
TMS14F1070P0002,-99.083980549904,1.70565130378874,15.1055324973643
TMS14F1070P0003,-28.0662275168007,-4.73380975204944,28.228658271576
TMS14F1070P0004,-91.8703800514489,-27.8397477059984,36.1888491301779
TMS14F1071P0001,31.0355240319318,15.0830081321851,8.12554143357013
TMS14F1072P0001,33.6089192060239,4.11350466330284,7.61770789857037
TMS14F1072P0003,31.9168082465024,15.0207299497273,15.2001801108142
TMS14F1072P0005,36.012784963044,10.0075846703401,10.6563658562755
TMS14F1072P0007,34.8426873611012,5.0193374773275,12.6235828088156
TMS14F1072P0008,-29.0081501061932,9.73836667321914,32.54778973727
TMS14F1073P0001,-24.0050686991538,-7.36759362032229,22.1244363655631
TMS14F1073P0003,33.4616625383891,18.8618537795056,-7.74481710880514
TMS14F1073P0004,32.3083003157546,12.3923436715871,-17.5682002249671
TMS14F1073P0005,-34.0049143658325,18.4083830019728,-2.57966476318383
TMS14F1073P0007,-27.0632988447559,-16.4723734058612,5.4795373926289
TMS14F1074P0001,-6.59935059441467,12.1935229721283,8.0599361203899
TMS14F1074P0003,-1.04209404321871,-11.9889883432184,14.0502004742333
TMS14F1074P0005,-24.5821087892762,5.23211526973656,6.52243273543903
TMS14F1074P0008,-16.3026465806291,8.00892513727352,6.5112817642598
TMS14F1074P0011,-10.9585879974681,-9.85296601344988,9.11554776902903
TMS14F1074P0012,-33.4149044181211,6.05046912122469,-5.5542116202315
TMS14F1074P0013,-7.17493310049852,1.70810983379585,-1.91042327141343
TMS14F1074P0015,-11.8654973936948,-2.21884794494382,13.4844795907155
TMS14F1074P0017,-4.26453614892449,-4.42756399147665,15.2504532196227
TMS14F1075P0001,-13.3209633487865,-8.86122372341978,9.86217868044052
TMS14F1075P0004,-9.91722974023204,13.2864398537352,5.79581576452564
TMS14F1075P0005,-32.6557809943962,6.89842138588928,6.31335121872018
TMS14F1075P0007,-21.5574474737261,-0.284999472549593,10.9036005607993
TMS14F1076P0001,-8.70843451271362,-6.75004326512811,-6.20259666198512
TMS14F1077P0002,-20.645985494847,-22.8170097713623,18.3698379173334
TMS14F1077P0003,-22.8773733425031,-15.698398608408,20.3497211078078
TMS14F1077P0004,-27.2370457106242,-3.43022179837311,8.49632224796072
TMS14F1077P0009,-20.7873191860057,-17.0694984646674,28.7609412373252
TMS14F1077P0010,-22.7416120888053,-6.031101295105,22.2594945095365
TMS14F1078P0003,25.4899866794626,12.5879738050219,25.2846853385016
TMS14F1078P0010,-28.4865406974464,14.4817422123936,17.159838332259
TMS14F1079P0001,-21.8644136839264,0.559981614881924,33.9881404496023
TMS14F1079P0003,-27.0760733963266,6.1475306593856,13.4893836058702
TMS14F1079P0004,-26.4718728150398,-0.981185619308316,33.8804518459561
TMS14F1079P0005,-27.6039620264418,3.83075200557443,8.57546525041043
TMS14F1079P0006,-13.0195862362502,10.685447730683,22.7123468319253
TMS14F1080P0001,-30.8281595670813,6.7016887470505,6.51057682764617
TMS14F1081P0001,-16.7579993268227,14.1599448664023,2.64226519046083
TMS14F1081P0003,32.9342582008735,17.5204140311345,3.31975686519169
TMS14F1082P0002,-33.2115519443221,-20.5537165447379,12.3598948392866
TMS14F1082P0003,-93.5937396663737,-37.6156791138026,6.60231004110802
TMS14F1082P0005,-96.5493653055735,-38.8742749431521,6.60296200575644
TMS14F1084P0001,-26.6919240600745,-13.1866823750989,-7.07230285786274
TMS14F1084P0002,-26.7178389697477,-21.8557707740853,7.01038560225637
TMS14F1084P0005,9.65677772701436,-12.7567731217931,-10.4328965943128
TMS14F1084P0006,-27.4154857402038,-22.3585954185809,4.38027033215033
TMS14F1084P0008,9.3828769618687,-16.1712442960341,-11.3410545721363
TMS14F1085P0002,-24.3948977922326,-2.70847656963645,13.3464775644797
TMS14F1086P0003,38.4544330193182,2.4930527488175,-2.30918462111691
TMS14F1087P0001,-5.53891633492436,6.86680107268254,14.9539875072194
TMS14F1087P0002,-32.1764852567342,9.84289448602789,-0.336090710368604
TMS14F1088P0002,40.0449400045542,8.32002150010016,-0.788168635989928
TMS14F1089P0001,11.1302621513706,6.2666384296913,-14.4169597906299
TMS14F1089P0002,-7.17262041972011,-4.19765638025641,5.9586955824703
TMS14F1089P0004,-4.28899926691615,-12.6433369798432,7.16888170628727
TMS14F1089P0005,15.1821136321788,-9.19435913241707,0.0270615746737978
TMS14F1089P0010,-8.14762792533489,-11.9346149319121,-6.23488997164809
TMS14F1090P0001,-7.90692179154274,-3.94257040975939,-7.09718309472581
TMS14F1090P0002,-9.38273700577254,-8.70521572139474,-14.9425604737829
TMS14F1091P0001,-4.78287289866657,2.52730230391418,-5.84202705384304
TMS14F1091P0002,-30.0401169392142,0.337844320746167,3.06098239975495
TMS14F1091P0003,0.569530719033001,-9.67216823828621,13.3770738982606
TMS14F1091P0004,-25.6963513859781,-15.1007243080312,8.77105778441092
TMS14F1091P0006,-25.4637347343693,-7.23433045880419,8.35937900004795
TMS14F1091P0007,-5.22718529959555,9.71428326464835,-1.19332937846642
TMS14F1091P0010,-26.0468650595152,-6.56192074127223,20.630937656306
TMS14F1091P0011,-0.671807872642482,1.76917230527834,10.9053627221707
TMS14F1092P0002,-36.6275247653635,31.4813416703361,-7.70861164669433
TMS14F1092P0005,-34.3282970821999,20.2203832459313,0.690451133024856
TMS14F1092P0006,21.8561355854207,34.5085561958969,-3.83557984638955
TMS14F1093P0003,27.9805904000762,15.706671052956,7.46298589247609
TMS14F1094P0001,-25.0665602487758,11.9706997463811,5.52255844305494
TMS14F1094P0002,-30.9206974882108,28.9533638459239,7.47032727320779
TMS14F1094P0003,31.253019131984,32.816839940779,-3.46640261356204
TMS14F1094P0006,25.0790137778927,32.728827250122,-14.6702983707606
TMS14F1095P0001,-16.3674685805673,-24.3489410318979,9.93202081456126
TMS14F1095P0002,-81.2109999380746,-22.9925689325867,15.7436694172986
TMS14F1095P0007,-29.364710121578,-19.8993051476173,12.1821135793362
TMS14F1095P0012,25.5531179583806,-6.73622601296921,0.675862676182406
TMS14F1096P0002,-10.8499904828655,-4.16500472079345,10.7722203915651
TMS14F1096P0003,-70.4597317647637,-24.3921194313806,11.47712667842
TMS14F1096P0005,-69.4690158372972,-23.4417685693916,5.0232954049214
TMS14F1096P0009,-83.0123198041208,-15.8010510844241,11.9492711924711
TMS14F1096P0012,-13.2941125301003,-3.40175515406025,7.59639723450223
TMS14F1097P0001,-32.8393162589258,-15.7453998255096,13.4560405326454
TMS14F1097P0003,-58.0868557199909,-28.7000437404289,14.8011807048647
TMS14F1097P0005,31.9383825804139,-4.89703983074096,5.42450007125458
TMS14F1097P0008,-15.155299541815,-7.85139894115519,16.5256887931192
TMS14F1097P0009,-28.2529897902674,-24.7289102822836,17.5511774365942
TMS14F1097P0010,30.5604123836242,-5.91683965630222,-3.86149741046193
TMS14F1097P0017,16.0482834569746,1.92662344462554,2.76955367955509
TMS14F1097P0020,-32.495708089538,-16.7500716059746,10.4808641243535
TMS14F1098P0001,-30.351937506561,-13.726692359348,5.52255378432273
TMS14F1098P0003,-75.8802905524532,-36.1015246665243,15.1358981637213
TMS14F1098P0004,-27.4467730257024,-27.205140101625,8.75130890711047
TMS14F1098P0006,-28.9307337755558,-18.3983257222125,-0.753104561475276
TMS14F1098P0013,-17.8452946146851,-25.3918255758515,11.7209613807765
TMS14F1098P0014,-22.6840932970778,-7.93266912065055,6.48471356685771
TMS14F1098P0015,23.2314840493366,-3.69431569905316,-4.61114181242063
TMS14F1099P0001,-24.1774697844261,-9.51435902531597,0.336378963613428
TMS14F1099P0005,-25.5666151237368,-8.80716854880471,-2.67077354165413
TMS14F1099P0008,-27.0015940239563,-18.3120407596757,0.0925563833107314
TMS14F1099P0009,-31.6628253706926,-8.63240864313812,9.35498709088548
TMS14F1099P0010,-75.697203361746,-10.710051911518,-5.23223509099438
TMS14F1100P0001,-73.7602434798276,-9.04147258382697,8.9259501600739
TMS14F1100P0002,-21.4030976441069,4.86699972259839,7.89061739186116
TMS14F1100P0004,-81.9612997626321,-6.97510717841806,15.597581974262
TMS14F1100P0007,-68.3106318593084,-18.4752731314391,14.8762589793293
TMS14F1100P0010,-15.984634740238,1.42526869629898,7.43828362943893
TMS14F1100P0011,-69.8972568217464,-13.1139720224441,9.53260821298759
TMS14F1101P0001,-21.7708554566925,-23.1071595248095,11.5540801551557
TMS14F1101P0002,28.499447436679,3.64314275108408,-0.78439898857925
TMS14F1101P0003,-0.197651595305556,-8.14109219866794,5.24857475084006
TMS14F1101P0005,31.9769487139716,-5.89149741061969,9.31865290048962
TMS14F1102P0001,31.4761069455469,5.41597299952709,-2.83890607709488
TMS14F1102P0002,31.938500192409,7.10866558481875,-7.61837877460686
TMS14F1102P0003,31.6189088372993,0.0238413991716292,-16.2427963151154
TMS14F1104P0001,-26.8383339513714,-25.0572744615342,19.8753959317202
TMS14F1104P0005,-74.3745255263843,-49.4627741874627,23.7902872404816
TMS14F1104P0010,-31.5127160921891,-20.285492715234,-2.96036004635102
TMS14F1105P0001,-30.6469426970132,-18.7913793479618,3.08031162536446
TMS14F1106P0001,-31.4370713072105,-17.3189606841826,2.37861757645246
TMS14F1106P0003,-34.8373994971615,-22.227087638763,-6.62137004492136
TMS14F1106P0004,-26.7255126536195,-10.1584828425595,11.0500038739289
TMS14F1106P0005,-80.700472256528,-35.929701138457,11.8990279625537
TMS14F1106P0006,-79.2685199302249,-35.2535861392952,4.75511831980463
TMS14F1106P0007,-31.0592044892746,-25.1303382111691,-1.98054490779978
TMS14F1106P0013,-35.071042285225,-11.9888866985494,5.48808876223183
TMS14F1107P0001,-9.0632452625281,-24.2408486144296,1.01455673963033
TMS14F1107P0002,34.60495784181,6.33422207344159,6.27126461777984
TMS14F1107P0003,27.9601719780708,3.53737053336072,19.0264098269432
TMS14F1107P0005,-25.5958199355506,-31.512481329386,6.56916848880219
TMS14F1108P0001,-4.15880180461013,-37.0161366458313,13.0657308026658
TMS14F1108P0002,-70.4436818142861,-49.377218952193,18.2643432454845
TMS14F1110P0002,-26.7248459183307,-6.562364209688,18.5747710680992
TMS14F1110P0005,-14.3098281084139,-11.3552996595488,19.476680442686
TMS14F1110P0007,-14.1385669496521,-8.77076091181134,12.602690538275
TMS14F1110P0008,-67.4680508342609,-31.8588282198323,21.0149393491542
TMS14F1110P0009,-37.942478956962,-16.1996385353361,17.9172749872952
TMS14F1110P0014,-65.3889294392699,-25.2041164284452,11.1820557833306
TMS14F1111P0004,-70.5294820889967,-20.5602567644811,31.0051119389517
TMS14F1112P0004,-74.2522749763522,-31.1043453109581,27.5739721985498
TMS14F1112P0009,-10.2719969008512,-22.7833992827233,15.7010190333544
TMS14F1112P0017,-25.6415361289096,-11.7399360306803,26.4081769135327
TMS14F1112P0020,24.6026818218421,-9.56838347544801,16.2421381094785
TMS14F1114P0001,-28.2508107515071,-36.611064661673,6.67014325649566
TMS14F1114P0002,-30.7225926279534,-48.5639261831784,-5.62091485033844
TMS14F1116P0002,-25.9505580013692,-42.4238084860907,-3.89198728838294
TMS14F1116P0004,10.3285204214556,-39.7503099274531,-8.39083672134153
TMS14F1117P0003,-22.6915804691976,-17.1905458860893,12.5889072379148
TMS14F1117P0006,34.8447155928583,-9.05872078700113,5.60972939020036
TMS14F1117P0013,-22.9580624703484,-17.2178884326161,9.2639963621017
TMS14F1117P0016,31.0904753248921,6.90011326151314,-7.4519686127091
TMS14F1118P0001,-24.9010882721776,-6.71278617174282,9.05133240172276
TMS14F1120P0001,-27.078096034545,-10.6612651321573,1.21642705465651
TMS14F1120P0003,-10.05411190161,-9.47435128769218,3.35697331334727
TMS14F1120P0004,-77.1955130884016,-16.9199632976756,9.91980673340804
TMS14F1120P0005,33.448667695053,0.663961963819566,-10.2465230446906
TMS14F1120P0006,-75.6252564846543,-18.0569831130272,6.05396470379389
TMS14F1120P0007,32.4416889119057,-2.13590660957428,-15.8361437454707
TMS14F1121P0003,-38.199010998767,-23.9844201480042,-8.58525088481318
TMS14F1121P0007,-18.2938850127296,-28.2711659156945,-12.6749364720938
TMS14F1121P0008,-50.6941653986093,-38.0083906672537,-8.9553539283017
TMS14F1122P0005,-55.5291880799103,-42.211211347508,8.97435988662388
TMS14F1124P0001,-68.0506721517546,-38.3882301111797,-0.945786926494077
TMS14F1124P0003,-75.875168707186,-36.3945853293448,11.7981224031511
TMS14F1124P0006,-69.6617725221303,-32.854895897496,10.8303823333902
TMS14F1125P0005,-74.7291275985194,-0.426175807476257,8.26604178482113
TMS14F1125P0008,-16.2930898007759,2.88360687060367,-5.2210989039653
TMS14F1125P0009,-24.5364476767671,10.7283919996105,-8.65618316308488
TMS14F1125P0010,-19.0145728292497,-4.20108488692145,-2.93482864908273
TMS14F1125P0012,-70.1462893686105,-18.9259355830235,13.5903817873001
TMS14F1128P0005,28.5229219605913,3.33184978961529,16.05582365525
TMS14F1128P0008,29.0689252875003,2.06542405687229,12.4289142474451
TMS14F1128P0011,26.4868858227155,9.1068200619858,16.70681728879
TMS14F1129P0001,-26.9096627922728,9.53475756279162,4.15195346044589
TMS14F1129P0002,-23.3746544465963,-6.74486006851596,11.84497498782
TMS14F1129P0003,-32.004604130976,23.6525293300737,6.24732236623564
TMS14F1129P0005,-20.9625640507421,-6.24596449757204,2.56660560679849
TMS14F1130P0001,-25.7369596705465,-30.2280339163389,1.87693403244433
TMS14F1130P0003,-25.8171825726976,-31.186025687865,6.90808509444615
TMS14F1130P0004,-25.8708039036415,-21.0264617899894,5.8810637821239
TMS14F1130P0008,-29.8371031971498,-20.3882403257366,2.80480477055478
TMS14F1130P0009,-27.0601843672195,-26.6979194166222,11.1825313199772
TMS14F1131P0001,-27.7775276712351,-12.2172046219998,-6.81693120431072
TMS14F1131P0002,-19.9503397908097,-30.4499273853357,20.0545946860351
TMS14F1131P0003,-26.0172292589626,-15.3869363836758,3.53420255305301
TMS14F1131P0004,-25.2815765210931,-20.2138187596076,0.427275864615095
TMS14F1132P0002,-30.0002028435181,-6.981860534937,10.099647551479
TMS14F1133P0001,-31.2574519172164,-4.68767443938315,26.2174993997809
TMS14F1133P0004,35.7809008928134,-10.7665971664941,0.893336492786678
TMS14F1133P0006,-29.3539401871272,-10.1781146221433,23.2317563009798
TMS14F1135P0001,-29.7260970675201,-16.9644823758779,13.4870357908677
TMS14F1135P0005,29.0429444106449,-1.25670026033453,-1.01897405017102
TMS14F1136P0003,32.2833421703724,-20.098321199957,14.1526393130743
TMS14F1137P0001,28.5463138461657,-3.8375074349726,13.3503975091403
TMS14F1138P0001,11.0349488791537,-21.9680212558609,-17.6696473010646
TMS14F1138P0002,-30.1592680692192,-29.797811814558,3.41111676084751
TMS14F1138P0003,-27.0554609205709,-31.1204237825687,5.47544579294466
TMS14F1138P0006,11.2727786550875,-14.0265472223525,-13.6625567571343
TMS14F1139P0001,-23.7042434713512,10.0462524632379,-33.3105811197011
TMS14F1139P0002,-20.2052874514049,-7.47070748053141,24.185499323192
TMS14F1140P0002,40.0371564348468,-14.9153837605135,-9.17267736389498
TMS14F1140P0004,-18.5422126735009,-16.913218813599,7.70859762880189
TMS14F1140P0006,-21.0559507095494,-15.566258450305,13.6751771595024
TMS14F1140P0007,-17.8415331588,-23.2289776676786,18.327810782121
TMS14F1140P0008,38.4896818732252,-5.88677015620939,4.68597492760791
TMS14F1140P0009,38.8959132829741,-18.5051219863174,1.84459712080034
TMS14F1141P0002,41.4278707008024,-17.3466980858958,-0.668141470648459
TMS14F1141P0005,-3.62376508760387,-23.6654274238893,-1.54115341153228
TMS14F1142P0002,-28.7134605970368,-13.8566099526063,16.0147920137515
TMS14F1142P0004,-0.168351351092475,-23.4629939104963,4.39791093778221
TMS14F1142P0008,-23.0666489196247,-32.0704844583353,6.27571380991214
TMS14F1142P0009,-26.1948825338328,-23.9353240660407,12.7855840577916
TMS14F1142P0010,0.699351687079818,-21.6332007577008,-2.66174073156208
TMS14F1142P0016,-1.22149325218282,-13.9096559483777,9.83766246257162
TMS14F1142P0017,-1.64818514723,-14.1930582815363,7.31491979163951
TMS14F1142P0020,1.82390932480904,-23.8741864210821,8.51118042208012
TMS14F1143P0002,27.0592599493876,37.7605606645242,5.7638579151196
TMS14F1145P0001,23.6132321554236,57.5678823687057,-34.7246555925672
TMS14F1145P0003,25.0117181544815,52.816878639029,-41.9326939030357
TMS14F1145P0006,29.7936756156695,36.5976294481341,-17.743219922173
TMS14F1145P0007,29.2641534360855,32.9473676554361,-11.0702776883848
TMS14F1145P0009,27.9563427631759,32.9465907979848,-36.9106965366677
TMS14F1145P0010,29.710713992424,36.6580407287862,-28.3770569880715
TMS14F1145P0011,29.364396232342,34.1817011390178,-30.7367326528596
TMS14F1145P0013,27.1347950404075,54.3107442406014,-26.9281993114512
TMS14F1145P0015,27.2438981859253,38.5697161061009,-27.2337646513232
TMS14F1146P0002,31.9431318212075,34.0594614202112,-21.9975208113273
TMS14F1146P0003,26.6243326935701,49.1427282665762,-35.1456557632771
TMS14F1146P0004,33.4856684117516,18.4010746350068,-30.8986577011068
TMS14F1146P0008,33.9336138534649,32.4370779142937,-11.6987756595625
TMS14F1147P0001,25.7130429215131,45.6612052126223,-38.3023805216143
TMS14F1147P0002,28.0060401439177,34.9981245076492,-23.8158947149151
TMS14F1147P0003,34.1379455593181,25.897320718321,-11.6574652409515
TMS14F1147P0006,30.6096500596074,35.1337920023536,-38.0298479175957
TMS14F1147P0009,32.7703199883982,26.2266689032632,-15.6569363287294
TMS14F1149P0002,-26.8843607094614,1.87175322240767,1.86364553187884
TMS14F1151P0002,-28.9756663985602,-9.38561349344628,7.27429388335728
TMS14F1151P0003,-35.1680607426224,-13.3272412388462,-10.8123929079426
TMS14F1151P0005,-24.3607454937275,-28.5968427720954,17.8102755226081
TMS14F1151P0006,-29.0473830326851,-10.5486825446885,19.5545291746539
TMS14F1151P0007,-27.8517918785004,-27.128712508032,17.6513614449827
TMS14F1152P0001,34.6315142016279,16.1043606952877,8.73807974648839
TMS14F1152P0002,-35.474638591496,-5.51235026758691,-6.4327892149287
TMS14F1152P0006,-16.078649411913,30.3515265905848,-3.81800198107528
TMS14F1152P0007,-33.5670602229615,18.2159186098587,0.763251698111922
TMS14F1153P0002,-37.2653729388497,-1.61062638021656,-6.52303451195411
TMS14F1153P0005,-33.3409226333324,-0.157898082059718,-10.7544362314298
TMS14F1153P0006,-25.0637453489669,-19.0897916746533,8.0614005979204
TMS14F1153P0007,-32.252909595762,-25.4889066919133,-0.13538479309847
TMS14F1153P0008,-27.5575955076145,-16.4083019380056,5.15074608178015
TMS14F1153P0009,-35.5552444927814,-2.81110560251786,-6.78416709103121
TMS14F1154P0006,-28.46445949446,-25.4470355822772,-0.197255103135271
TMS14F1154P0007,-28.924107770608,-9.20924941512544,-2.95334543728093
TMS14F1154P0008,-30.0576201013306,-13.2318538075622,0.702790566323476
TMS14F1156P0001,-30.4264821584114,4.52702294673342,11.5288388680962
TMS14F1156P0002,-25.3164824615994,-3.65316675567854,17.6672929376616
TMS14F1159P0001,-23.5351650300605,-25.9604610996555,16.1353352179081
TMS14F1159P0003,-25.8351778855639,-31.2173507282075,1.10611398149922
TMS14F1159P0008,-32.0635520990146,-28.4564313947419,0.32969616456871
TMS14F1161P0001,-27.3974550109983,-1.44562778355095,19.2582080582523
TMS14F1161P0002,-23.0061392642305,-10.7588468669552,23.2304619769013
TMS14F1162P0001,-27.0909011716662,-9.06418828568752,22.6013113478296
TMS14F1162P0002,-10.2312870384375,-9.43505104075519,17.6199801537629
TMS14F1162P0003,38.6364606674361,0.709031648468769,13.2548618411701
TMS14F1162P0004,33.9824543813859,8.57142902502216,8.76306625841552
TMS14F1163P0001,-29.2164032992545,-30.8566288876644,10.3569977113321
TMS14F1163P0002,-27.3857851122161,-27.5367275850509,-1.74203558741677
TMS14F1163P0005,-31.45670592073,-24.7968775312492,-0.757539331190119
TMS14F1163P0007,-29.0890543971327,-34.5124984736953,-11.243761014258
TMS14F1163P0008,-31.7130923275991,-35.1592754123519,-2.35236975273001
TMS14F1165P0001,-31.8475191411803,7.03094648765134,12.3356560450757
TMS14F1165P0002,35.1674866565691,-8.6472914485359,-3.31374374977649
TMS14F1166P0001,-75.688053656549,-33.4129656181272,2.35772888420697
TMS14F1166P0003,-34.5510424663978,1.56339394169939,-1.77950763353334
TMS14F1166P0004,-71.3806839931521,-26.8780642169158,6.92832234584577
TMS14F1166P0005,-76.4737439094714,-12.4396413328297,1.8488554593424
TMS14F1166P0007,-73.4375214158175,-16.4104522520148,7.62646509836882
TMS14F1167P0001,-33.6158386999362,-3.75549295797198,6.65185210439977
TMS14F1167P0004,-34.5686140115686,-2.79930038666442,9.47736008595807
TMS14F1167P0005,23.8549943141441,-6.30165094693286,14.1454136204901
TMS14F1169P0003,26.0766325308798,35.0546284731446,0.751210342504556
TMS14F1169P0005,25.4040823893531,36.245563374493,-9.17861630236639
TMS14F1169P0007,-37.1079064075767,21.8049740496066,5.95663828374033
TMS14F1169P0010,11.2440700941183,25.9897334746659,2.29180658479265
TMS14F1169P0011,1.27830681555034,28.8535331615058,4.58815111611383
TMS14F1170P0002,-14.7549124737121,-3.19059926875772,14.5782448151142
TMS14F1170P0003,-18.6746702558364,8.23745010152717,3.02985265549534
TMS14F1170P0006,-10.5937267194076,0.495614000419306,11.6306898917872
TMS14F1170P0008,-16.1818578755847,-4.17245219603001,15.2605215836046
TMS14F1170P0010,-22.1210945408026,18.4685123414448,3.49172837239272
TMS14F1170P0013,-8.16746426842492,-5.49412316938423,18.401115235416
TMS14F1170P0016,-13.9900710133694,0.185475699323615,27.1166325875053
TMS14F1170P0017,-19.7587635677349,20.5402990223105,7.88713187874293
TMS14F1170P0018,-19.3808504484553,2.52201695291862,12.4294808864177
TMS14F1170P0020,25.6023821057798,42.8302468365604,-26.6109758254724
TMS14F1171P0002,30.414735329601,17.2525353637443,-5.25917213478654
TMS14F1171P0005,-11.9588079725952,-5.97890409011293,8.74989820086079
TMS14F1171P0010,26.9821431893318,20.0075040604964,-9.53182262243117
TMS14F1171P0011,-12.9650882608167,-5.87288443825256,20.5510022211051
TMS14F1171P0012,-13.2964356815194,4.14615816234271,-1.10921438803617
TMS14F1171P0013,-8.7176792229222,-10.3843821986144,3.85689803074489
TMS14F1172P0001,31.6474434649762,31.4878285247611,-12.026908165173
TMS14F1173P0003,-20.3618067725174,14.450147105649,0.887813855419562
TMS14F1173P0005,-11.4122570227696,-12.0160662397902,11.7329028077713
TMS14F1173P0008,28.1737958866236,20.5619826778979,4.88892614060908
TMS14F1173P0009,-13.0990482689524,-12.3099433829849,12.139103581937
TMS14F1174P0002,1.34558014999839,-10.4272293041783,12.5154583319191
TMS14F1174P0006,-32.2259996066636,2.67895554635507,4.6919607872871
TMS14F1174P0007,-30.4014581424379,-0.601556261622235,18.9414362248409
TMS14F1174P0008,-13.8535264193681,-4.04223182881843,22.4330934411527
TMS14F1174P0010,-34.3482695535838,22.9677798864277,-4.14290030762595
TMS14F1176P0001,-11.7671625392704,-15.5177991000359,18.2440081478676
TMS14F1176P0004,32.8360053925923,4.12944566361108,2.99607645117975
TMS14F1176P0005,-17.7128375913923,12.8449631571447,0.982648394963604
TMS14F1176P0007,29.6949112339554,12.2965170773696,-5.04673898691808
TMS14F1176P0009,19.2608843041244,9.00135763864631,-10.4096375863098
TMS14F1176P0011,-13.5879712861669,-2.90562813333327,12.1881293249361
TMS14F1176P0012,34.774141452809,-0.984200374411689,1.25347880119864
TMS14F1177P0001,29.8861393950605,21.4071641801227,-6.7807837240613
TMS14F1177P0002,27.0945835064368,23.0725263508562,-15.6039278607999
TMS14F1177P0003,-15.9484434480836,12.5727171419249,3.69806730444249
TMS14F1178P0001,-12.5145774238383,-19.7216024613636,7.52274190853157
TMS14F1179P0001,9.64807922640032,17.4732346724466,3.55357027651598
TMS14F1180P0002,31.7171645335995,2.57111528265642,2.6180879901634
TMS14F1180P0005,-31.1671487426924,-7.4362652149836,13.8115381456703
TMS14F1181P0001,-11.4212003527574,-20.8280078014137,23.6640942783417
TMS14F1181P0002,-13.0760563138121,-17.6379307550395,16.1807481603257
TMS14F1181P0003,-13.2505981997958,-8.46802739414008,21.2765002355999
TMS14F1181P0004,34.7450830825454,-10.4153961649757,5.93937970038406
TMS14F1181P0005,-11.9384501724579,-18.0665622615081,20.7043164808967
TMS14F1181P0007,26.7590028416865,-11.8603039799195,4.08571040617543
TMS14F1183P0003,-25.0933828237835,-0.616492600675859,27.3298965808279
TMS14F1186P0001,-32.6818372932679,10.6312758658776,5.31020435644899
TMS14F1186P0002,-29.9784578009185,8.12263055014261,17.1409426841609
TMS14F1186P0003,31.1794463224107,8.37173967691005,1.16419252746614
TMS14F1186P0005,-9.58235940993153,12.8178558625432,-3.21412612509003
TMS14F1186P0007,-31.1293076722206,7.9339951896185,17.5472877733014
TMS14F1186P0008,28.6378646713888,24.286882827621,5.60516832410348
TMS14F1187P0001,25.5946580350577,34.5428456474025,-7.64292991990601
TMS14F1188P0001,-12.5926604501043,16.6603668780741,6.12702503534031
TMS14F1189P0002,-60.2125066147184,-18.6200504171853,6.45562594477521
TMS14F1189P0003,-63.5039402762901,0.970480188505396,9.93827608156073
TMS14F1189P0004,-20.828156638924,9.12384557958928,4.69279931494435
TMS14F1189P0005,-11.0165901375334,0.240428144743171,4.15512884082174
TMS14F1190P0001,29.7511446652425,32.1989404103294,0.971674923558477
TMS14F1191P0005,39.108338985823,0.885997632068309,-1.72505843560293
TMS14F1191P0007,38.7914413818874,12.3489872397144,10.9794181656809
TMS14F1191P0008,42.1881010876537,-3.71966370157107,8.36407717265613
TMS14F1192P0001,32.7108649238563,16.8161410762714,-3.5346469702495
TMS14F1193P0001,-25.0721494525915,9.01281868459203,3.58226885881757
TMS14F1193P0002,-27.7360848126992,5.91816577216084,16.465898563522
TMS14F1194P0002,-30.3794272240484,18.2693509856385,-26.0270833336748
TMS14F1195P0001,2.27064389676921,-6.4571232418164,9.06909733965398
TMS14F1195P0002,20.4840769353073,25.5129805575147,-22.4832071426902
TMS14F1195P0004,26.5783985054803,42.7095444320254,-20.9310151246315
TMS14F1195P0005,9.25299585555811,34.3683458740769,-25.499624202188
TMS14F1195P0006,26.6703654904705,22.8879300221639,-20.5499121751281
TMS14F1195P0007,-14.1625577593731,-9.82464870724233,6.09015254706891
TMS14F1195P0009,-20.3770746200037,-8.02132214401034,20.929085012393
TMS14F1195P0012,-36.8641129080225,3.21032186189855,11.5144484277441
TMS14F1195P0013,30.834583423049,20.9241360589969,-10.9177380737813
TMS14F1195P0014,-34.0975926241458,-3.29840809139798,20.8789880658298
TMS14F1196P0002,-18.0657082980871,10.1569201006947,-7.00123495799021
TMS14F1196P0003,-21.2022522171772,15.2103566731361,-6.83991867134019
TMS14F1196P0004,-16.522012946196,5.75512918237924,5.19365346412065
TMS14F1196P0006,-30.6306445868165,2.9126463354502,0.623057596906787
TMS14F1196P0007,-31.4472015281617,7.78599871856108,4.69195302835834
TMS14F1199P0001,-95.4245074062782,18.4676459398706,5.64982432823507
TMS14F1199P0002,-24.4694291817547,8.00604403606745,9.15631021516496
TMS14F1199P0003,-24.5562087295775,2.23247464747353,8.7065935987042
TMS14F1199P0004,-30.1795284377558,16.1132474748125,0.481533636801448
TMS14F1199P0005,-20.7811107233272,-4.52020013601839,26.5809639416066
TMS14F1199P0007,-56.3257917333341,24.391379100503,12.4496823772539
TMS14F1199P0008,-30.3068045030101,18.5988208608659,17.7436843336421
TMS14F1200P0002,-19.2845130482891,13.0008765308395,-13.0471322580556
TMS14F1200P0004,-19.2774191268013,13.6290815147349,-6.16230165235572
TMS14F1201P0003,-5.76003401904812,6.37056616463711,-8.36549930973221
TMS14F1201P0004,-14.6889660584964,3.17114868402912,-2.80426105528828
TMS14F1201P0006,-7.89230112995076,8.32749384907594,-14.8823790056193
TMS14F1201P0008,-8.75926000259704,16.6843497053069,-21.5190903000937
TMS14F1202P0003,-17.8579512151779,-11.4440125393785,10.2836508123643
TMS14F1202P0004,-14.3254887672331,6.84163272727676,-1.71612064784752
TMS14F1203P0001,-11.1055586693658,6.21728871746406,-5.53340591214574
TMS14F1204P0001,-17.086373203322,-5.03733860570535,-10.6945114238202
TMS14F1204P0002,-21.8079543980082,17.945045206514,-14.7147040995255
TMS14F1204P0003,-20.7185841884787,2.62410248210879,-10.4314807616017
TMS14F1204P0004,-16.1083166333702,6.27145986012978,-15.5291168969863
TMS14F1204P0005,-22.9256366241919,9.30522414021974,-22.8110624422375
TMS14F1204P0007,-14.1354825667326,9.09424107575093,-4.73557402204727
TMS14F1204P0012,-21.6047755911445,8.19638989982037,-14.4800157174867
TMS14F1205P0012,-16.6338610117653,6.13679119671936,-9.42331489400988
TMS14F1205P0013,-18.6938972987365,13.4706835191074,-14.5091978655084
TMS14F1205P0018,32.502978437254,9.06670598777852,-17.715573069081
TMS14F1207P0002,7.36832205337765,18.6258680712698,-0.337832949410819
TMS14F1208P0002,2.26952704046573,4.01391045573885,9.86309097912108
TMS14F1208P0003,-31.4148363353436,-4.80671222129454,8.68190888540915
TMS14F1208P0005,-6.67699962431459,1.74844100572216,11.9431223983136
TMS14F1208P0007,-29.9843635761915,-2.84163220388997,16.8613316752284
TMS14F1208P0008,-39.8398368015198,0.63021169689982,19.5088116770272
TMS14F1209P0001,-90.5962426502979,-3.92892428395432,15.2476780557674
TMS14F1210P0003,-37.1964586135823,-14.6771840912864,14.7907569717981
TMS14F1210P0004,-94.3796601333307,-19.5400750289423,29.0653122005913
TMS14F1210P0005,-79.1764585322844,-18.9642068082512,24.7313585814629
TMS14F1210P0006,-39.2550283872645,-7.59563167452772,26.5921880716814
TMS14F1213P0003,-101.533861061197,-26.9950257263105,15.5624313919322
TMS14F1281P0017,35.4802195361618,17.056870164488,12.8290072848851
TMS14F1297P0005,37.9868062900265,-3.17665868568057,4.40484313150402
TMS14F1297P0007,-23.1938835612316,-13.6191504868273,13.2874107823691
TMS14F1297P0013,36.7558560400412,-2.54686273950713,13.6882673532852
TMS14F1297P0017,36.3459397318351,0.349971377789152,7.44850937002326
TMS14F1297P0019,-20.5335595255115,-10.4880379367114,19.4536761459827
TMS14F1289P0013,28.0572937215821,8.80811674920995,-29.0935653774551
TMS14F1289P0016,28.6820884376007,10.1196833581872,-28.031306578544
TMS14F1310P0016,29.1493520612407,31.2696639924902,-27.9880933282789
TMS14F1290P0007,37.4427573876588,-14.7528503993908,-4.54650259602305
TMS14F1290P0012,-24.8388173480479,-27.935865697897,3.31839201669736
TMS14F1290P0013,-28.2628217801123,-27.746485398175,6.27060869872264
TMS14F1290P0016,22.2039578691347,-16.9397948781539,6.29675247756118
TMS14F1290P0017,40.8738282655767,-19.2391553912432,2.87595903860586
TMS14F1290P0018,-14.6389691165139,-18.0706413112396,3.1577519587174
TMS14F1290P0020,-28.5901813103631,-25.0267994964371,-6.3433456234247
TMS14F1293P0008,33.1613063230342,19.8382505125464,8.83464150155178
TMS14F1293P0020,32.9489303447179,5.69207993230571,-6.88704076801153
TMS14F1295P0012,32.0235976431513,38.1362466551041,-20.3141049645744
TMS14F1295P0013,31.8591511780187,36.5832477960051,-24.3187640532505
TMS14F1295P0017,30.5355378011346,47.1389282071318,-28.7033794916026
TMS14F1295P0018,36.4437842144298,35.2344956566802,-3.80126126507187
TMS14F1285P0012,38.8836373376084,-16.2627683058454,-18.7382772044501
TMS14F1285P0013,33.4531929328056,-1.07381509629016,-22.0786852425295
TMS14F1285P0016,-25.4103838599367,-24.7280317642767,-7.69550826989712
TMS14F1285P0017,-24.4588831341019,-25.4293333128001,-7.67856648199824
TMS14F1291P0016,-27.4290864692386,6.12122770122353,-20.0259201905798
TMS14F1298P0012,33.0578121887503,12.5514742205044,-0.624479854326908
TMS14F1298P0016,-4.55870150366069,-7.59879382859571,2.07260694067816
TMS14F1298P0017,-21.7220967392894,-20.4225667865391,25.2445967584398
TMS14F1298P0018,31.7008292646683,-2.77483020661621,-5.17381872259006
TMS14F1299P0008,35.1074269525484,16.5663911791399,9.74535823863871
TMS14F1299P0012,13.8991332033921,-7.83616380815477,24.8035275304454
TMS14F1299P0016,-85.1497401059493,-3.93946088396734,31.1145161095843
TMS14F1299P0018,-23.319705712021,-19.5729178985625,19.3936616795938
TMS14F1287P0013,41.9093369812331,-14.861042783231,8.4092417414519
TMS14F1287P0017,33.6538415064896,-8.03939731707879,3.77052244571373
TMS14F1281P0002,-23.7958600093291,1.64561201962063,28.1980463138407
TMS14F1281P0004,-11.7092007556261,7.64792005140591,24.919448482935
TMS14F1281P0007,-22.9560514026991,2.89380672696737,26.1301891125029
TMS14F1281P0008,-20.2320791406329,18.876117425708,25.6806815028297
TMS14F1281P0010,9.05957433220964,3.21541913615338,12.6624075847099
TMS14F1281P0011,28.8393271911646,21.9393083194063,6.84806030213573
TMS14F1281P0012,2.59071768346824,16.2660210219216,22.471956061512
TMS14F1301P0004,40.0915919167478,1.37307922661095,-28.88050454872
TMS14F1301P0005,37.8245035982124,8.44652205806541,-31.2413680425834
TMS14F1301P0006,32.9624134660177,16.6040287957721,-43.1053703740857
TMS14F1301P0007,34.7172202745646,14.9626607342399,-36.2364406125347
TMS14F1301P0008,34.266978736984,10.5017809602603,-45.19112639155
TMS14F1301P0010,36.0204724495279,-0.773520733858742,-32.5119289188562
TMS14F1301P0011,38.4716397858508,-0.100395797673728,-35.9130895337457
TMS14F1301P0012,35.8695688545533,9.25788254400967,-35.4060983487858
TMS14F1301P0013,37.7305501080764,4.37833301508062,-33.504799162886
TMS14F1301P0014,32.3765114423432,25.2748084389799,-40.3371275660234
TMS14F1301P0017,32.7527597957135,8.50329734910739,-43.465519852726
TMS14F1301P0019,31.8013350183959,20.6459607439419,-41.5936788079167
TMS14F1301P0020,42.1320409723249,-10.9228791368441,-6.24743405986393
TMS14F1296P0001,-0.103709510642293,-8.90554155765353,7.62894347942578
TMS14F1296P0003,39.2585143210589,-10.8827083084452,-8.90728235840177
TMS14F1296P0004,4.22965046107867,-10.1615431932469,13.9532911553452
TMS14F1296P0006,38.2128410959283,-7.20480940489713,8.9293163780651
TMS14F1296P0008,40.1557791555854,-8.48816737931068,-1.82083019445292
TMS14F1296P0009,-23.1882934410152,-11.17366231133,18.353418728901
TMS14F1296P0010,38.6817525738506,-6.72079895257596,-3.85715551141649
TMS14F1296P0011,-24.7869174861935,-14.8004142246594,13.9614814565384
TMS14F1296P0013,-25.3826994558858,-19.4295037619955,15.4341278590542
TMS14F1296P0020,-24.0513909951302,-21.3480292444903,8.10377772184069
TMS14F1297P0003,40.2979255339877,-12.1026371947055,7.02874527908475
TMS14F1297P0006,-5.646501878216,-11.7413031261784,8.4397057601306
TMS14F1297P0008,4.77191300483409,-12.0815973261057,12.5878883285492
TMS14F1297P0009,-20.2511469984115,-4.61774849216158,18.0924384570219
TMS14F1297P0010,-0.506772826595443,-12.1207649837408,9.77748369692645
TMS14F1297P0014,12.4546478492433,-11.9303625065005,7.18881478935911
TMS14F1297P0020,38.8306923009444,-0.761071062817219,1.17793087888028
TMS14F1288P0001,-12.5651972467194,9.83474394656045,-39.7735993742352
TMS14F1288P0003,-17.5368616186561,29.4594861757015,-45.0530615393473
TMS14F1288P0004,-14.086623097052,28.7695488769827,-35.8287909266408
TMS14F1288P0006,-19.0496959483123,27.1771915083151,-55.1930364865172
TMS14F1288P0008,-3.20782619906444,38.3684105121229,-41.9948040470072
TMS14F1288P0009,27.7908438329341,33.6054682822443,-33.8811830160266
TMS14F1288P0010,27.4779648281607,29.570865354282,-46.6421810739151
TMS14F1288P0011,-11.5798242710939,14.608508494374,-38.7257012840758
TMS14F1288P0014,31.3232861139694,20.074101415475,-28.8680062880782
TMS14F1288P0015,-8.31431409394228,0.390029448296922,-34.1617699636074
TMS14F1288P0016,28.9068039389379,26.2787811092729,-38.8468992359152
TMS14F1288P0020,-8.78694089319365,5.98395623995783,-27.7010097486074
TMS14F1289P0002,30.5744026916509,12.4902836574288,-15.239073953024
TMS14F1289P0003,-14.5138961371353,4.52987676781304,-22.2583863098751
TMS14F1289P0007,28.1234260209359,15.8991690206222,-29.5225025926417
TMS14F1289P0009,-8.8002167808083,-14.6100741112213,-10.7882604227106
TMS14F1289P0010,28.3023148783524,25.5765478867641,-28.4253581255151
TMS14F1289P0011,-8.2634468650315,-16.3967698880499,-10.46965428372
TMS14F1289P0014,31.0684987394939,9.80432958028405,-12.8232598699123
TMS14F1289P0015,-8.71694048230333,-14.5673770990201,-9.13717571342154
TMS14F1289P0018,29.7253275381968,5.49859461090634,-22.478689214289
TMS14F1282P0005,-8.64620568446348,-13.2905653644496,-4.80298909076289
TMS14F1282P0008,-12.906541287468,1.18763902293753,-10.2639800017833
TMS14F1282P0010,-0.693585338352742,-6.20970678642501,-19.257705825115
TMS14F1282P0011,-4.3581976119993,-19.9715734493576,-4.97472406688584
TMS14F1282P0012,33.7095393862875,4.21158133401186,-14.8627624746177
TMS14F1282P0015,32.6766713304688,-10.6693787880061,-18.0111324228244
TMS14F1282P0016,-6.85186229409406,-23.0283932496555,-12.2707832966484
TMS14F1282P0018,-8.6665728537872,-3.46602817935463,-7.23343481878156
TMS14F1282P0020,-5.44422486924176,-9.70655064505199,-3.24409225984775
TMS14F1304P0005,34.0751909683482,15.3415281818976,-38.6241774522764
TMS14F1304P0006,34.5860960816903,17.8801485770928,-20.8424848664456
TMS14F1304P0009,-11.0930042204933,17.7008903934608,-23.5191819080472
TMS14F1304P0010,32.3980656469433,13.7439528591821,-30.7211442755359
TMS14F1304P0011,12.7101025571563,18.8747948415305,-36.1593412743343
TMS14F1304P0012,-19.9210639639931,19.2937503582326,-17.5437531136661
TMS14F1304P0014,-31.2178041858671,24.3158073584562,-19.4180963471591
TMS14F1304P0015,36.7935989225879,5.61696764685063,-28.7503146159781
TMS14F1304P0017,28.1380435891005,21.6480628948364,-26.907702631466
TMS14F1304P0020,37.3312514171276,18.8159054059478,-21.5170340394341
TMS14F1305P0001,33.9208041718656,29.2768834413078,-28.3565870446291
TMS14F1305P0002,-18.6823728699676,30.6010320250616,-11.6485741639589
TMS14F1305P0004,-25.3894723419999,22.3926372415563,-10.5090332249999
TMS14F1305P0005,-21.7894373667916,13.6425105700611,-7.65587757328572
TMS14F1305P0006,36.5082856821715,28.9995180987902,-11.7806663049367
TMS14F1305P0010,29.3054658657344,23.9294587546386,-21.5990572683944
TMS14F1305P0011,-27.6169860091177,23.3578989204097,-8.59511100687214
TMS14F1305P0012,36.1307654978378,17.2012911468904,-20.2210222198342
TMS14F1305P0013,38.4395600955639,11.8576600327049,-19.7844551533325
TMS14F1305P0017,34.1213352570125,18.6278209074887,-31.2718467098454
TMS14F1305P0019,37.9613751162077,19.9648616539998,-21.3584785233341
TMS14F1310P0001,34.9222673885728,14.9450111701356,-30.3988346033307
TMS14F1310P0004,-16.9372478172095,12.8932864200056,-10.7024401598841
TMS14F1310P0005,34.1072874567211,24.2186765193439,-24.1756800519324
TMS14F1310P0007,36.79015777163,9.88434126556351,-32.8216170029628
TMS14F1310P0010,34.2175635857529,22.8249735417125,-20.3018718100411
TMS14F1310P0011,32.0029948410754,31.2804218863531,-34.7984962004317
TMS14F1310P0012,31.0006525511918,30.4880521922861,-36.0405784815037
TMS14F1310P0014,30.2319803683682,36.0668162392456,-37.3578752283707
TMS14F1310P0015,35.079847166911,9.8414132516275,-32.4965615043103
TMS14F1310P0017,40.2919786063117,-5.74560221951143,10.6844643641672
TMS14F1306P0001,13.1479458538054,0.572899895095047,-20.7050771993994
TMS14F1306P0005,32.7881814765444,25.3860866178398,-36.0845276794982
TMS14F1306P0006,31.0934951668583,16.1125811332194,-22.1410226325175
TMS14F1306P0007,36.8374275733411,11.2516543431981,-23.5291469551208
TMS14F1306P0008,33.1830614814303,23.2976775611117,-33.1467773393252
TMS14F1306P0011,-30.9055218039503,16.3174642147845,-27.4340425765412
TMS14F1306P0012,37.779810897805,10.082043224191,-18.1876428067738
TMS14F1306P0013,-0.952884917623738,4.69971875204184,-30.9183226101757
TMS14F1306P0014,11.8938168600726,10.7080639906486,-33.8947677056253
TMS14F1306P0015,9.92713619329848,23.0475387795328,-28.5587246559961
TMS14F1306P0017,12.4673813364387,6.86144150733514,-22.1318073254679
TMS14F1306P0018,-6.47243144384085,3.1340740026778,-17.9427657866976
TMS14F1306P0020,-23.7579843606023,5.10119214214706,-3.03648716173506
TMS14F1307P0001,35.5037677822964,23.173602367852,-16.8500068853163
TMS14F1307P0003,30.376106604388,20.608164184273,-23.7436771569306
TMS14F1307P0005,7.06674909028182,15.6073084665439,-13.8230298837295
TMS14F1307P0006,25.0910631132579,14.2576909607969,-15.8007671154965
TMS14F1307P0007,31.6692931168833,30.0129422569877,-52.5031789197116
TMS14F1307P0008,35.3887581353101,17.7708876014072,-30.6113492744889
TMS14F1307P0009,-31.4729568289595,13.6828674498038,-21.1705970500044
TMS14F1307P0010,18.1918929744014,10.9361885953714,-17.4239927600496
TMS14F1307P0014,-31.529058165655,17.0079600056759,-23.9370749939338
TMS14F1307P0015,-30.1244811724385,17.1897650732735,-23.809522380943
TMS14F1307P0016,20.9973436443953,15.6533451939306,-22.2443517300323
TMS14F1307P0017,-24.8928182612808,1.94744426522164,-10.747321685428
TMS14F1307P0019,-17.9434635029933,16.3425774189706,-20.9550162950732
TMS14F1309P0001,40.03400388877,-12.0889491588697,-8.98296238692061
TMS14F1309P0007,27.9020467863247,-9.19643657891476,-3.12366839469712
TMS14F1309P0008,33.7754638510658,5.82505453300879,-13.9915010216239
TMS14F1309P0009,36.8981973082876,4.77212091595346,-19.5207816453339
TMS14F1309P0011,-25.2151960749848,-12.1888619341421,2.02299008733948
TMS14F1309P0013,38.8299107718027,-6.3672250456866,-8.60155108148774
TMS14F1309P0014,37.9075303568769,-1.23480913653407,0.804731495476362
TMS14F1309P0015,11.7566549779719,-5.76941771940728,1.05316364061063
TMS14F1309P0017,35.8151902330469,-0.0658859563229948,-19.6953884755781
TMS14F1309P0018,35.338574182743,6.97670044756882,-6.73239101402269
TMS14F1309P0019,-26.3129899081622,-5.66313802660416,4.31323872004282
TMS14F1308P0001,23.8070815082389,20.6864057637753,-34.1540983106242
TMS14F1308P0002,33.7671146471175,18.464967231087,-23.1518082132954
TMS14F1308P0003,7.01003939657847,17.146849123259,-17.0539438186632
TMS14F1308P0006,0.378423093588883,25.9544369312041,-24.1966009136026
TMS14F1308P0007,-18.8303125978404,2.80513477053506,-7.72673880983954
TMS14F1308P0008,37.6101656027339,7.92690251183668,-24.128266211229
TMS14F1308P0010,-20.5257578735118,20.0287080260759,-1.7205705387502
TMS14F1308P0013,-27.2831930220728,18.044672048185,-22.9607617028073
TMS14F1308P0017,30.6274598103363,37.2800127614137,-31.8112066006683
TMS14F1308P0018,-23.8366043530544,15.2756424280223,-3.91637760093166
TMS14F1308P0019,-25.9443229353657,19.2138205228953,-16.9778028007959
TMS14F1308P0020,-21.5750761311553,2.32586832950308,-4.9999680350661
TMS14F1311P0002,40.0182579386774,-1.07934894536642,-20.6104382892603
TMS14F1311P0004,35.7760014904902,2.42624625827623,-35.8632943901251
TMS14F1311P0006,31.9522501620453,12.9404993642977,-51.9908253157809
TMS14F1311P0007,35.3953759766956,6.29374772555117,-41.0011701877456
TMS14F1311P0008,38.6571753759309,16.6321157444094,-19.5967830111556
TMS14F1311P0011,38.7809587840376,-1.57794665777707,-34.5827076651607
TMS14F1311P0015,42.113365432666,-2.2874379826268,-24.0821137388613
TMS14F1311P0017,18.1206636224582,-5.04927385607568,-31.2726528136766
TMS14F1290P0002,35.3062107616715,-14.175516315665,-18.1166297789234
TMS14F1290P0006,36.7440612583586,-16.3731872707045,-1.97998680522077
TMS14F1290P0008,39.7470163706775,-23.0602248751428,-5.67059034726387
TMS14F1290P0009,-24.3460698594819,-34.4739177204191,9.96565830538171
TMS14F1290P0011,39.5312438270252,-14.8045751858957,3.65305751739796
TMS14F1290P0015,-27.4427610482813,-17.9062434879851,-0.2958211798183
TMS14F1283P0001,34.5107636899908,-20.7927255488086,-14.5662381777993
TMS14F1283P0008,-31.0017514394321,-23.1619427822532,3.52696664735828
TMS14F1283P0014,35.4314913795347,-12.4902029651956,-1.35994235729088
TMS14F1283P0016,-25.4222376137703,-42.2713855537681,6.62979247449994
TMS14F1283P0017,33.1843006466121,-7.89949033146271,-7.87873322368524
TMS14F1284P0001,-25.9820571451735,-33.5720187740984,2.34481302357314
TMS14F1284P0002,35.7397536981368,7.22937283867253,-35.6709667539739
TMS14F1284P0004,-24.2879569099112,-35.955182399485,4.2742968630709
TMS14F1284P0005,39.2361919177912,-10.6928237400374,1.55724721112744
TMS14F1284P0007,41.0805962865792,-14.1441467633828,7.19903251544125
TMS14F1284P0008,-23.6248849992614,-24.4191395246618,21.8200873819715
TMS14F1284P0009,-23.3489645289869,-35.4444678926066,4.82507595303092
TMS14F1284P0010,-24.8425592334612,-25.0255963552575,3.17084629715024
TMS14F1284P0012,-25.9872011924312,-21.4229790872047,16.8622992070647
TMS14F1284P0016,-22.2460000729643,-38.024461659601,14.5238102256394
TMS14F1284P0017,-21.5494175837585,-28.4212476026739,8.33860983555265
TMS14F1284P0018,39.3523786380964,-20.5539581857073,-6.39668685558287
TMS14F1284P0019,38.4641937784261,-21.3822674460926,-5.26366790396728
TMS14F1284P0020,43.2633128257342,-25.7084412044775,6.1562931589964
TMS14F1312P0001,36.9203671668397,-2.55235272454917,-22.8827664585362
TMS14F1312P0003,35.6475606809537,-8.77380094865497,-23.3666954577596
TMS14F1312P0006,40.5802982726644,-6.07487084699201,-1.64804709536984
TMS14F1312P0008,35.5558232715354,6.24937841929187,-9.85111326255173
TMS14F1312P0011,40.4025199363725,-5.97368068012069,-12.8047377619759
TMS14F1312P0012,36.99102365392,-0.961942184963195,-13.8411506196146
TMS14F1312P0013,40.1115383987906,-5.04725695787653,-9.37187551667244
TMS14F1312P0017,40.4237934828815,-7.74669795388561,-9.42768524003836
TMS14F1312P0018,34.8200852097075,-2.15566563130801,-28.6365862884568
TMS14F1312P0020,40.4319813463211,-9.82766894765254,-18.5230389698414
TMS14F1293P0001,-11.4542432857552,19.6296025712737,16.1432059152301
TMS14F1293P0002,28.0025288406633,33.2485434017099,-8.86212148084658
TMS14F1293P0004,29.6501361499985,26.4231187583784,-2.7560219740195
TMS14F1293P0006,-1.49618506659452,7.34099589059258,5.78558845456948
TMS14F1293P0009,32.7123858865049,11.1172879881319,1.69471116580902
TMS14F1293P0012,27.5936606786355,17.9101892320902,-17.7228589570919
TMS14F1293P0013,27.0055725476007,32.6358832376903,-3.04726373072788
TMS14F1293P0014,-11.0227860059089,-6.81643560922462,-1.66147709810706
TMS14F1293P0016,32.788236315719,16.7170704119129,5.59368595303785
TMS14F1293P0017,-9.60534414699331,15.4675841578996,0.797667976714963
TMS14F1293P0018,-9.54796607376645,12.4440971052396,11.0937073679389
TMS14F1293P0019,32.4797063176881,22.6206830497371,16.5025853633567
TMS14F1295P0001,29.9503447347768,54.4315123616854,-21.8272084794786
TMS14F1295P0003,29.0620451441294,22.6569728393479,-3.86274942223212
TMS14F1295P0008,31.471329626746,13.6993281213068,-10.7402430730096
TMS14F1295P0010,30.3145248133973,22.9697831253659,-44.2520031547352
TMS14F1295P0011,32.8505400346562,19.5241849585708,-39.9293975092444
TMS14F1295P0014,34.2010777454274,38.2720425482808,-20.1205826047072
TMS14F1295P0015,31.5826472148096,42.9896802350725,-28.3129927258755
TMS14F1295P0019,30.7159709536361,39.9153724872329,-39.2774613115588
TMS14F1294P0001,-24.4977680403751,4.13911380198369,15.9826430507777
TMS14F1294P0002,-26.6247543765854,-4.46649407261289,19.0540507609349
TMS14F1294P0007,37.6257638609354,7.59722498339071,6.27799006945224
TMS14F1294P0008,32.6868663204684,15.2442577076069,4.41934825360423
TMS14F1294P0010,-25.6923643595978,11.6808281205566,21.9829507659322
TMS14F1294P0011,-25.9820168846596,-0.303597618650604,12.7946633274422
TMS14F1294P0013,36.9535524959871,2.70217846079083,1.02367439286615
TMS14F1294P0014,-14.4049055109082,8.6191602918743,19.2655417047834
TMS14F1285P0001,-23.3535438770808,-34.5581667429328,-1.6550085649713
TMS14F1285P0005,35.982705072229,-8.80051479160411,-19.2166083388529
TMS14F1285P0006,-22.641674518205,-26.1650948916339,9.02184364115419
TMS14F1285P0007,-24.2789824263058,-22.678244333344,-0.376344711243149
TMS14F1285P0009,38.2613727793021,-0.132445718886471,-16.8611276353562
TMS14F1285P0010,-26.0198545828008,-25.431641104894,-0.333218903586921
TMS14F1285P0011,-24.2523111468056,-29.5142225740596,5.606159514705
TMS14F1285P0014,42.7507204892939,-28.8374040012969,-9.41526441849471
TMS14F1285P0015,-26.1147901082861,-5.10972219138738,-4.99742084263484
TMS14F1285P0018,33.8139710861051,-11.664475191757,-23.5985583338453
TMS14F1285P0019,-21.2375981818806,-37.1480892497292,-1.64475618693883
TMS14F1291P0003,-27.466353937478,-1.99415827554471,-22.3405189226342
TMS14F1291P0004,-25.2349617364295,-6.10246067115497,-20.9316263545368
TMS14F1291P0005,34.8036019420368,13.998200519914,-31.2094079932619
TMS14F1291P0007,37.1408446238799,-3.59608327495049,-43.893009235248
TMS14F1291P0009,-26.6553919826418,-0.866207355632661,-13.9108842742007
TMS14F1291P0010,-31.5970858314093,0.79869350820993,-12.6537068374795
TMS14F1291P0011,-28.9892274110332,7.67759063548331,-32.8776413617703
TMS14F1291P0012,37.8799700775294,8.47503478323352,-25.3909094005327
TMS14F1291P0013,38.0037202498028,0.44739680765902,-34.1820988639338
TMS14F1291P0014,-30.4696086852656,6.92571692953746,-21.5790692093328
TMS14F1291P0015,-29.8578879341308,8.77838587164874,-19.6368908382296
TMS14F1302P0002,35.0476088628779,-4.07120028023367,-17.0464157186369
TMS14F1302P0007,-19.4991198815716,-29.4355208486008,2.86025233941182
TMS14F1302P0009,-23.203890422789,-24.1428280302,11.3011630103152
TMS14F1302P0010,35.7568387386713,-0.622743742627331,-10.1397548111608
TMS14F1302P0012,40.7967461175716,-16.8009712447047,8.66973920121506
TMS14F1302P0014,34.2999375623268,7.45437520769552,-12.0013166802776
TMS14F1302P0016,-19.524191628775,-19.4625026496971,10.8548762665552
TMS14F1302P0017,-7.18304797620257,-27.1111266326004,16.6521933202318
TMS14F1298P0002,28.4108832099137,-17.0899865649898,6.53029721955832
TMS14F1298P0003,-24.3900939403493,-7.55074677065175,9.38601423942399
TMS14F1298P0004,33.8275077151832,2.34991452594607,-6.4456630660001
TMS14F1298P0006,-3.88865037076596,-6.04495062387207,5.50393120091904
TMS14F1298P0008,-30.9927299490216,-2.14765221254375,7.91849948259814
TMS14F1298P0009,35.1213684683258,0.442004000725309,18.4446477484163
TMS14F1298P0011,-4.63142721525198,-10.8596671348052,3.36320917008848
TMS14F1298P0020,-62.4960408408691,-11.2754394772188,9.22401777441039
TMS14F1299P0005,37.6136871750626,-2.49416430437284,21.2086799712743
TMS14F1299P0006,-21.9705202349171,-3.67687063138705,14.8521029331724
TMS14F1299P0007,-20.3858467631151,-6.54786016262408,21.3653889982735
TMS14F1299P0010,-23.210827384614,-17.4642987852457,24.9077038788277
TMS14F1286P0003,39.6886777946743,-7.71520002911159,0.421886634336681
TMS14F1286P0005,-26.4305716973254,-13.1788135101548,21.6542287296185
TMS14F1286P0006,39.8661531566892,-2.83553275692033,2.8339432577809
TMS14F1286P0008,-24.2131655138056,-16.1726944290811,12.3419659405141
TMS14F1286P0009,39.7759560024978,0.675952731875653,13.3095745381309
TMS14F1286P0010,37.5033381023974,3.89005909643176,6.29149915953989
TMS14F1286P0012,1.4409989377346,-3.45333453397832,19.4997995818536
TMS14F1286P0013,38.6750532679081,3.46795094470714,18.7027968654741
TMS14F1286P0014,-23.8914585263383,-5.84780939917647,26.7512308008301
TMS14F1286P0015,-12.6813791345133,-11.1570730256146,19.1164148348225
TMS14F1286P0016,-25.797299424274,-5.34744294863426,27.3649056225277
TMS14F1286P0018,34.2825842677052,13.627709013301,2.7220936704329
TMS14F1286P0019,-25.6542210313289,-8.60990253291633,20.2865091044553
TMS14F1292P0001,-26.6562033898907,19.8631362242114,-11.235038408044
TMS14F1292P0004,32.1484547008681,25.1400029603951,-37.7685232937639
TMS14F1292P0005,31.5053927094517,22.0902556128603,-33.2987489319645
TMS14F1292P0007,-19.3144229001258,33.6151923124222,-15.7193380006192
TMS14F1292P0008,24.8462026994736,18.5764987174832,-33.7570007701817
TMS14F1292P0009,-26.4527431996773,9.50292417448011,-31.1209592888507
TMS14F1292P0011,36.1434904728856,26.1016328261986,-18.8573807183334
TMS14F1292P0012,-26.9234827276572,22.3675826214859,-16.6245822908356
TMS14F1287P0001,-14.8171927626607,-11.5198620278513,7.7319821619599
TMS14F1287P0003,42.3720470720942,-11.1559831520494,-2.99620761379203
TMS14F1287P0004,38.4587391742688,3.17752436369473,-0.117880088287236
TMS14F1287P0005,42.2617717469158,-5.37081199188489,9.00216648161489
TMS14F1287P0006,40.5265870032967,-5.56857873071629,11.6803513922946
TMS14F1287P0007,43.1811758094367,-20.2845331911124,-6.32354113106848
TMS14F1287P0008,39.9417429952404,0.769857329659316,6.04631006177509
TMS14F1287P0009,12.3440464591483,-5.64638253251327,3.65165067966779
TMS14F1287P0010,-20.1211148459122,-10.3776585839965,12.9469379913183
TMS14F1287P0011,-17.1354372774541,-13.3610060360981,19.3526162750957
TMS14F1287P0012,-19.2867719649385,-13.7404584907903,21.0350567183261
TMS14F1287P0014,40.701143143275,-11.6096607588024,12.6759479178208
TMS14F1287P0018,30.4132139664906,-12.6560676842448,-1.06215831555362
TMS14F1287P0019,-19.3254768337772,-12.3589899572913,9.48364278525428
TMS14F1303P0002,39.0143968449883,-1.98309194228851,-14.7887312049811
TMS14F1303P0003,38.0582006344988,-4.09927013515956,-15.0095998067281
TMS14F1303P0004,40.8037534803798,-14.0332180115492,-9.11538717336185
TMS14F1303P0006,37.940140003914,-9.34991733208995,-26.2568648725684
TMS14F1303P0007,38.4820393153886,-5.84954017397775,-16.6009862964169
TMS14F1303P0008,35.3791772613357,-1.38475571737068,-8.49709488483952
TMS14F1303P0009,39.7774080237609,-11.2949207083951,-15.2824232576425
TMS14F1303P0010,34.6355929523857,-2.82098505936495,-14.7599611719966
TMS14F1303P0011,37.5822185912308,-4.18874177954431,-16.715363342603
TMS14F1303P0012,36.0703855843642,-8.26561366198681,-24.1617482377697
TMS14F1303P0013,37.4624923442766,-16.0774846350538,-17.4223760904138
TMS14F1303P0014,40.8635612827357,-20.3880080582233,-9.40320081889666
TMS14F1303P0017,42.2153744664837,-16.8779382313948,-4.7336856672515
TMS14F1303P0019,45.0332270054506,-18.4764684452501,-4.97658117568869
TMS14F1303P0020,37.0932640764455,1.43636664203404,-7.14323488229074
TMS14F1300P0001,40.6451597681348,-5.52777288993382,7.93528641406076
TMS14F1300P0002,-26.6255123644435,-3.91180533328854,9.92055665163959
TMS14F1300P0003,-23.4690580810677,-13.4827483270588,-2.16377793403911
TMS14F1300P0004,26.0129125481479,-4.60128323551801,5.81731823027536
TMS14F1300P0007,44.1509270403896,-5.23347218111058,4.80612496451073
TMS14F1300P0008,41.216343842204,-12.0245397203718,8.92311281966761
TMS14F1300P0009,41.7287635339888,-10.6585655184641,-0.601821120456767
TMS14F1300P0010,-18.0680999937615,-9.40129447830776,3.66956822674482
TMS14F1300P0012,-2.31200285709856,-17.4811525591303,17.3898702902374
TMS14F1300P0013,-4.55581751102933,-17.5462322514339,-3.77919490759946
TMS14F1300P0014,39.9305249951406,-10.1628411803788,-4.93101163914011
TMS14F1300P0015,19.5803463415864,-19.9827720413853,7.59967728300351
TMS14F1300P0017,-24.2735882183318,-17.6753101415098,13.08059616891
TMS14F1300P0019,42.3273542324595,-8.02985458687451,10.0539622047654
TMS14F1213P0006,-56.6670620468264,-30.7155054461516,20.8550135664876
TMS14F1214P0002,-11.8946905474774,4.84402437028769,15.812977648099
TMS14F1216P0001,31.973646677073,-4.13477136417977,1.57152886273271
TMS14F1216P0002,-85.1018278426549,-39.8996988805539,2.14200760614542
TMS14F1216P0003,-72.099568901491,-46.4161927697808,1.2785576503354
TMS14F1216P0005,-77.7463274408729,-44.129023051218,0.107025250940423
TMS14F1216P0008,-75.8739443806292,-28.5460973953934,12.7668192999133
TMS14F1218P0001,-77.0269726753826,-46.017561680398,11.6227416480677
TMS14F1218P0002,-75.5591564406275,-43.0220717933526,-2.69585554170226
TMS14F1219P0001,-82.3102009551126,-39.225378708712,21.861793080135
TMS14F1219P0002,-71.4894851620747,-46.3918350664883,11.1400698414558
TMS14F1221P0001,-33.6994517811043,-42.8698200434952,-10.6141882727329
TMS14F1222P0001,-35.1721241207358,31.1950679029668,-3.02347322278887
TMS14F1223P0002,-31.6856713602821,5.62015277413692,24.4830028725256
TMS14F1223P0003,-61.7080416984792,3.91586301237852,34.783923972495
TMS14F1223P0004,-37.9931785628952,8.90643791420298,24.2963254577126
TMS14F1223P0005,-36.1162723572671,22.9481723674748,23.8619965113588
TMS14F1223P0006,-19.4027455835994,31.134441046118,6.42653032799584
TMS14F1223P0007,-36.4017363059475,12.5725252474451,15.0776137795936
TMS14F1223P0008,-74.0075770487928,10.2976656560869,28.0863582512633
TMS14F1223P0009,30.2547222364414,11.6631923231571,12.7875535492736
TMS14F1223P0011,-93.9952324075769,-9.1178053464685,35.3641222579107
TMS14F1223P0012,-36.2920984783119,23.3871876543655,14.0693847490559
TMS14F1224P0003,32.460265034125,12.663628858644,4.22763645335328
TMS14F1224P0004,-29.2917762623947,9.70026252767595,18.6662781958075
TMS14F1224P0005,-31.888283294206,4.16066331586614,17.6369414575127
TMS14F1224P0008,-5.63229750237114,-3.60610895561203,-9.92733499931458
TMS14F1225P0001,-34.990526425013,10.7974365040387,12.5475007790216
TMS14F1226P0001,-62.6369494770958,3.21386730967072,35.0798838983396
TMS14F1226P0002,-16.4960873747132,6.81408945663602,32.5166911305624
TMS14F1226P0003,-45.1334405880726,4.08372263132797,36.9373864383104
TMS14F1226P0005,-94.8393106713205,-17.5287956332917,47.150697052052
TMS14F1226P0009,-59.7913660265245,-8.75082149589176,45.1828986455663
TMS14F1226P0010,-84.1189189250269,-2.32346076766484,29.4638717248675
TMS14F1226P0012,-36.7388747021226,10.0592148982232,18.5948345825249
TMS14F1226P0013,-20.9431595062864,14.0340566871269,22.9762428954178
TMS14F1226P0014,-16.5417590734272,-6.00450708638899,37.089145443882
TMS14F1226P0015,-43.6689253446043,13.2299564354363,31.4706866010586
TMS14F1226P0016,-76.909056954939,-26.5543470719179,37.0683221626104
TMS14F1227P0002,-15.8671822963412,2.25125245167975,26.4542421246965
TMS14F1227P0003,8.95422244269924,8.23740931622669,25.8820411039885
TMS14F1228P0001,-61.4541762887552,1.92001272831405,32.425789430627
TMS14F1228P0003,-22.3409417598631,16.7682545679055,20.6680374255308
TMS14F1228P0004,-50.8968972398026,15.5716009455566,22.9704281453885
TMS14F1228P0008,-51.43749478773,-6.98523855780734,34.9998073916293
TMS14F1228P0009,-37.8443915060607,11.6354138366773,20.9888328199106
TMS14F1228P0010,-95.91365278765,-16.5395018202946,35.9833987574785
TMS14F1229P0001,-13.0150094376496,-2.2571989713952,25.3843610004774
TMS14F1229P0007,-34.7500651562149,7.83644824522046,10.3980986248318
TMS14F1230P0001,-13.3198617172091,-11.5165448593129,13.7425090274035
TMS14F1233P0002,-15.5180963822174,-0.448105933955589,34.8903369197908
TMS14F1233P0004,-17.1259706537671,-0.377439246367106,35.6570326867548
TMS14F1233P0005,-13.9977032571178,-1.78384028535093,30.1028134097098
TMS14F1234P0001,-4.72986598498856,8.46091163380168,14.5696321525457
TMS14F1234P0003,-5.6288853080417,20.6616835305245,16.6414901882619
TMS14F1235P0002,-74.9969485338228,-0.847547934851761,23.0712774007482
TMS14F1235P0003,-12.4163425462181,-0.736444785602594,28.6227812272034
TMS14F1235P0005,-70.4755028163462,-7.86845466888471,32.7882004297782
TMS14F1235P0006,-15.5472068226066,0.515805803758829,19.1368701771103
TMS14F1235P0007,-76.8616646048554,-2.55250053714067,18.3542653903628
TMS14F1236P0002,-15.7237969154753,21.5428923856048,-2.69690548998723
TMS14F1236P0003,-18.3473549350005,-1.89864674849085,-1.01513926419033
TMS14F1236P0005,-16.4293862787602,0.201153921250929,13.7123148856377
TMS14F1237P0002,-27.5994830279504,-9.10929466549456,23.3791688123764
TMS14F1240P0001,-16.1111013496756,19.0144850910104,-8.49108951091332
TMS14F1240P0002,-12.595764943737,-6.005025280577,13.4300056300182
TMS14F1240P0006,-10.123660006398,-4.88493456058338,9.66029539429362
TMS14F1241P0001,-10.3712347196228,2.95932883117766,13.3463219231027
TMS14F1242P0001,-13.5103169066253,-14.5230603613675,11.7079168635186
TMS14F1243P0002,-6.75894600292144,-12.5324864190613,16.2877035524864
TMS14F1243P0006,-13.0771289147605,-13.662347124684,22.4579413663185
TMS14F1243P0011,4.33027604417733,3.12949838829934,5.3685880595094
TMS14F1243P0014,27.83859547246,13.3174471986393,-0.723034940737656
TMS14F1243P0015,-29.8983006769911,-20.4179507326784,24.5220662954092
TMS14F1243P0017,29.5456282508648,19.3004167468198,1.62461707018294
TMS14F1244P0003,29.3884652130505,17.110000858613,-15.6592971987101
TMS14F1244P0009,-14.7052581693194,-0.737343017604351,16.1905614695588
TMS14F1245P0001,-1.69782201294405,3.90066454279537,7.87623401921157
TMS14F1245P0003,35.3377702762878,1.02717763169691,10.6621859350891
TMS14F1245P0004,-21.2028633909627,16.2089830960078,-1.65310909456466
TMS14F1245P0006,35.3354178802152,-7.34645034839822,2.44389840343273
TMS14F1245P0010,34.810784237232,5.59691242058854,7.23108470394777
TMS14F1245P0011,34.3401179726006,1.36151592726089,7.68856200553991
TMS14F1245P0012,33.0703665490777,4.71991968088722,4.0784730479761
TMS14F1247P0004,-34.1361584504908,9.3663111853733,1.81225224179241
TMS14F1247P0006,-17.3925874402622,15.6394339780122,2.42931448412478
TMS14F1247P0009,-29.9323111059897,12.4034355137957,14.0961450139859
TMS14F1247P0010,30.0276038074931,16.3607541716647,10.3223697302665
TMS14F1247P0012,34.0664179686288,-0.814142512985629,14.5356186469396
TMS14F1248P0001,-87.4933760014931,12.9762848949028,15.0204965337334
TMS14F1248P0002,-83.7538737504035,-4.56611858627193,21.1790984647491
TMS14F1248P0003,-28.3877730266473,-15.8079347870098,31.5999078383708
TMS14F1248P0005,-21.6223341533694,14.2367740048845,9.50864106978729
TMS14F1248P0007,-34.0940091609724,2.95793013665328,8.55767564510477
TMS14F1248P0008,-86.2085485599774,6.33536543656187,8.02359545619578
TMS14F1248P0009,-18.9190290795204,3.59880918971877,19.698853140599
TMS14F1248P0011,-37.6168939209897,2.83321351399039,18.5291491807452
TMS14F1250P0001,-13.3950495940427,-12.2980703768681,19.2074445548967
TMS14F1250P0002,35.3834168953845,4.79856803628393,13.3758231025889
TMS14F1250P0003,-14.053955641271,5.05200943384464,5.60167047543741
TMS14F1250P0004,-12.9491808092644,-9.9777483240451,20.8237495657409
TMS14F1250P0005,-12.9267055233208,-7.10144667566374,22.0380468469213
TMS14F1250P0006,-18.122516547627,15.1606824221722,0.503820097197758
TMS14F1250P0007,-11.5105771203565,-11.9797100029471,19.1711449717211
TMS14F1250P0008,29.4190922810812,13.7252125911282,2.8919135128577
TMS14F1250P0009,35.2451521764436,2.6781058366898,10.0818889186327
TMS14F1250P0010,35.15611380187,11.8078772038804,11.2212461991342
TMS14F1252P0001,-72.9506847452124,-16.7559916351875,40.1093586632058
TMS14F1253P0001,-19.0436031409902,7.20433317994484,13.116332524424
TMS14F1253P0002,-20.8190925570245,11.4684711823036,5.95464687954831
TMS14F1255P0004,-28.2552151079397,-8.35494003752345,20.4652641729051
TMS14F1255P0005,-28.0358391326858,-18.9951167800726,18.6269512801411
TMS14F1255P0007,-28.8483436928907,-16.5728915746819,18.2586360874074
TMS14F1255P0011,-27.6760615964843,-19.5981033778076,18.0881183087336
TMS14F1255P0018,-29.5411438206416,-11.8847585787135,16.2787963023461
TMS14F1255P0020,-11.6138615653024,-22.1323272949955,20.4875956470287
TMS14F1256P0003,-13.3456659143643,-8.81686255106264,22.9330797435421
TMS14F1256P0004,-13.0664495107648,-14.0634228341591,24.5355355061665
TMS14F1257P0001,-16.5142698285049,-9.11795857511822,16.3952526964764
TMS14F1257P0002,-12.7661410631631,-5.32062028807598,12.0700582994673
TMS14F1257P0003,-16.3174629115597,-2.85249665537993,11.3420912664414
TMS14F1257P0004,-16.8260979411805,-11.782752530067,9.69179120257674
TMS14F1257P0005,-15.9408781671468,-4.9448086208673,16.3439513071323
TMS14F1257P0006,-9.84985748663937,-13.0831614085108,17.2595781518631
TMS14F1258P0001,-3.81342286495248,-18.8283605301729,10.5597483777567
TMS14F1259P0002,37.2479911523919,-3.43358634269116,15.3942949727293
TMS14F1259P0005,-16.5415692552227,-6.75802905629333,8.00974114239439
TMS14F1259P0006,-5.65878574808408,0.516837527093066,6.60954601511712
TMS14F1259P0010,33.4607001592118,10.0221583674886,-2.99487670013811
TMS14F1259P0016,33.3964655921173,-1.38541118005479,-7.89217894830625
TMS14F1259P0017,-8.39903722283944,-22.4589737428975,19.0022553768178
TMS14F1260P0002,31.6773350726713,15.2969705426588,-13.6855833620488
TMS14F1260P0004,31.9086815781445,26.6040278319672,-14.9253024314453
TMS14F1260P0008,32.6228574661933,19.94036913675,-14.2001477950283
TMS14F1261P0001,32.0968846883079,26.2582283387184,-27.6816134723135
TMS14F1262P0001,23.213298946606,47.7447549286074,-16.9551594464702
TMS14F1262P0002,26.8219710158415,26.4438856894591,-12.28054198605
TMS14F1262P0003,22.2076208921114,43.855626715139,-24.6980330564078
TMS14F1263P0001,-28.4641766029761,-12.3821660333404,8.72937056801589
TMS14F1263P0002,-30.2038878786935,-11.0957955106577,6.83822279861206
TMS14F1264P0001,-11.1459176447555,35.2736684434986,-20.185825290287
TMS14F1264P0002,32.1278777983095,9.99877750863049,15.8391802604481
TMS14F1264P0003,-8.89216956154743,36.4276138302063,-17.2507592313935
TMS14F1264P0004,-6.62190505839613,21.285416359501,-4.99179572587988
TMS14F1264P0005,28.8574282672958,44.9844404796421,-23.0191210069795
TMS14F1265P0001,-4.53479848458345,8.31842262275471,11.6570519946997
TMS14F1265P0002,3.64935181793151,-3.25228989445253,-2.97221704335394
TMS14F1265P0003,0.854591883592613,20.1100687353827,-2.59057316971125
TMS14F1265P0004,1.97501232350245,7.7724524947585,0.209013373862673
TMS14F1265P0005,-5.81902122149113,30.9312157182499,-6.98071841030842
TMS14F1265P0006,34.4170500569036,16.526158629896,8.82078257863321
TMS14F1267P0001,33.0803718374739,13.7550408292333,-8.00816848428756
TMS14F1268P0001,-34.4930078916119,25.3420006653521,11.7438144636908
TMS14F1268P0004,22.2946689702238,15.6039882560684,15.7730962451445
TMS14F1268P0005,28.1959095646667,33.5695642340377,-0.305738645999279
TMS14F1268P0006,33.3575529035813,23.7309225808784,14.3336745665994
TMS14F1269P0001,28.8051424794879,39.3918128449977,2.57458210807693
TMS14F1269P0002,-4.23976472822479,44.1493438666462,-2.19596964875022
TMS14F1269P0003,29.9686533949252,24.7234110151337,-2.45051459419421
TMS14F1269P0006,-4.61398959459371,38.2041389557482,-4.45495677672416
TMS14F1270P0001,-23.1144595864577,5.5623451090543,20.3713614143093
TMS14F1270P0002,-20.2251968231008,-20.1919156937509,36.6642364890843
TMS14F1270P0003,-24.1798908245237,-19.2621611660117,21.9880633607215
TMS14F1270P0004,-26.8234294045491,-10.1882437421753,29.0142834616251
TMS14F1270P0005,-25.6835095568421,-15.1924568502768,34.3481464222183
TMS14F1270P0007,36.3537954104499,-0.120161827117975,22.2289031771181
TMS14F1271P0002,36.3572254814441,-7.68848535677076,1.2297287467131
TMS14F1272P0007,29.1543698495839,43.9534910198583,-26.4665750059556
TMS14F1272P0008,32.7557090373353,12.800956871569,-26.5201330789914
TMS14F1272P0012,26.6685644249676,34.5264114317699,-34.2641243891317
TMS14F1272P0014,30.1809802319864,27.2280708023483,-16.0862656762223
TMS14F1272P0016,27.1362896715066,30.0997127637066,-18.8034148826464
TMS14F1272P0017,30.3222786596756,26.8585852441561,-12.9391132513122
TMS14F1273P0001,30.6212877521015,26.4329618813222,-14.7906573592013
TMS14F1273P0004,31.8973058950188,27.1715894080679,-12.5502183589449
TMS14F1273P0005,23.4442749991306,44.9955635821071,-26.7595234509053
TMS14F1273P0006,25.7922178558871,44.9556300618819,-30.2673016677962
TMS14F1273P0010,28.9154253703155,36.6298557959826,-35.8062770804971
TMS14F1273P0011,24.5610293392626,43.3809177408974,-29.0747721787783
TMS14F1273P0012,29.2542308785949,22.4318532703436,-29.5348810133784
TMS14F1273P0017,28.4854310007854,34.0705094420348,-36.0139776008865
TMS14F1273P0018,27.3089618349533,36.1414683339397,-23.8065859893456
TMS14F1275P0002,28.0357968079249,22.2195929870692,-27.6368316550732
TMS14F1275P0005,26.4900799421837,25.2375016165515,-28.3836643168928
TMS14F1276P0003,-27.9040970331639,-5.30750400403646,23.2557975079177
TMS14F1276P0004,23.7764662003107,18.8199602646852,0.28974239807904
TMS14F1276P0006,31.2863829159984,14.8227628867147,3.14306322946738
TMS14F1276P0008,-3.92446346127563,-2.62593456937603,7.24144302843879
TMS14F1276P0009,-30.5083709221771,-1.89051569523869,26.0619904803142
TMS14F1276P0010,29.7339624927978,10.6148067862163,1.00069369765169
TMS14F1276P0013,30.4307791109097,4.83713413543109,5.22572930832447
TMS14F1276P0014,30.3673002220808,9.00518241470641,-0.815211006660192
TMS14F1277P0006,-4.92110494143992,33.8601701654472,-4.7248191279607
TMS14F1277P0008,-66.3324582155272,5.30261707234572,4.12542254383436
TMS14F1277P0009,-70.3174790061244,16.1649449345025,4.38795430362346
TMS14F1277P0010,-19.8395912423016,35.4860499956287,-0.292632334427465
TMS14F1277P0011,-60.6605915585444,17.2611393460311,8.41524600224655
TMS14F1277P0013,-2.19142969408464,13.1117758030439,7.50390779212576
TMS14F1277P0015,-68.1989639851652,16.3543257699578,13.5805626848431
TMS14F1278P0001,29.7417789426324,-3.89183181331825,-5.37535064028608
TMS14F1278P0002,-32.377904030558,-11.8572911542198,12.6772656953835
TMS14F1278P0003,35.2810128834326,-12.7824425302874,1.15191717360586
TMS14F1278P0007,29.5796183610562,-1.93885061202493,3.63181557416715
TMS14F1278P0009,-6.42429113480157,-10.4045051731398,9.67849751982071
TMS14F1278P0010,20.5241477390555,-10.6025289110148,13.1516464216734
TMS14F1278P0011,13.942474191139,-3.72294433867767,3.64401140232972
TMS14F1278P0012,34.0514383838718,-1.80452673517466,6.98006603129085
TMS14F1278P0013,30.2075708323161,-8.28381857829915,0.0607130184418493
TMS14F1278P0014,30.0108823853502,5.82621494207563,-0.517262098056247
TMS14F1278P0016,27.0039861725369,2.28972333373455,1.0374841102606
TMS14F1278P0018,-16.0361728330258,-17.0963300581654,15.5006985319959
TMS14F1278P0020,-31.3504731560098,-20.4534274743737,4.37896034066592
TMS14F1279P0001,8.20772821956805,2.06851912128976,1.74940003866179
TMS14F1279P0002,-25.5834297982777,-8.25249917492267,26.6733269572179
TMS14F1279P0003,-12.3851794472656,-9.64015318249792,10.5614409390493
TMS14F1279P0004,37.2281636366138,0.179381060288368,-6.81205400732209
TMS14F1280P0001,23.8355489154357,36.2224145427384,-28.8162207520571
TMS14F1280P0002,-35.5829570334834,-0.0276416472831085,-22.7503351255038
TMS14F1280P0003,-36.284333229073,8.28664628467778,-9.32412428825539
TMS14F1280P0005,-37.3551504894324,7.55959451263424,-17.3573809494901
TMS14F1280P0007,25.9633373333754,27.3557310694663,-25.5883623930996
TMS14F1280P0009,-37.1826424239523,10.0838810826427,-15.0939714817784
TMS14F1280P0013,-0.373759258577458,16.1178949448343,-27.4116503838108
TMS14F1280P0015,-1.56915123503535,11.3989682467654,-19.532570145997
TMS14F1280P0018,26.4672638502298,17.869073893031,-31.0495973554707
TMS14F1280P0019,-26.0036569097958,12.2053916368354,-21.1102227845304
TMS14F1363P0001,27.9676574939503,-0.923575623381989,0.494661380378842
TMS14F1363P0004,30.5616514996562,-8.85734373011539,-0.764407037539152
TMS14F1363P0006,26.2620100149549,5.8678390465906,-2.59525698948151
TMS15F1073P0005,-30.6086172871158,10.1867226343118,-7.50452990154909
TMS15F1073P0003,33.4398044711875,18.9901581905711,-10.7020620130422
TMS15F1072P0027,-37.0729716150223,12.8067821631445,9.72960872901361
TMS15F1072P0018,-35.1630468649187,4.09736281542498,11.1004377745484
TMS15F1072P0016,-36.0057111119581,14.2928495192038,11.1474671912959
TMS15F1072P0012,-99.9663547091917,-3.93550370170701,24.4726656312912
TMS15F1072P0009,-94.6842363519066,-5.58463336708437,26.955419357705
TMS15F1072P0005,-29.4247790022972,2.31830682954201,20.4755754659912
TMS15F1071P0045,33.361328293862,13.4636863116393,5.46562901146449
TMS15F1071P0027,-14.2374344524324,15.9590818866028,-2.72016026241651
TMS15F1071P0015,-34.4666363111283,16.634578592279,-5.25907898567963
TMS15F1071P0003,-33.1285836536271,18.9906886983803,8.22641416207127
TMS15F1069P0007,-50.2217301540012,27.3935460667169,-10.1548451188177
TMS15F1069P0001,-98.8240525249191,8.86568205003276,17.7235008370645
TMS15F1067P0013,35.3864261367889,10.1979732998878,-4.23124113255183
TMS15F1064P0001,33.2871823372778,22.2044857372281,-26.6863884354962
TMS15F1057P0004,27.0127240338027,-0.49893503482277,-14.5406997851538
TMS15F1056P0002,-32.7661199676405,3.55717096479774,0.449130552959866
TMS15F1051P0007,-96.3639489837158,-3.20902826693875,29.3463879521524
TMS15F1040P0005,-26.16991022291,-19.3660947739498,21.7990058572045
TMS15F1037P0004,-31.7186907165338,-4.0455364276006,-3.05371262991721
TMS15F1033P0004,30.5718756565549,5.22988970649978,-21.7237792003205
TMS15F1031P0008,-18.5600307267473,1.59742722175251,-8.40411631428258
TMS15F1029P0001,-59.2596174639954,-17.8175470503957,20.3378956570752
TMS15F1025P0002,-30.144705017075,3.65935090236592,-11.5302833502686
TMS15F1025P0001,-34.9201242202063,-5.58493930995345,2.35922379304018
TMS15F1024P0006,-45.3466083438613,4.39466561302424,7.16040142305109
TMS15F1024P0002,-41.292990097982,-7.24595442278852,6.488136885883
TMS15F1023P0010,21.8375194026375,11.0858207562193,-7.18610788316891
TMS15F1021P0037,-33.6576231053252,-19.7401603612601,1.70572624590407
TMS15F1021P0028,22.5996115836582,-14.8762414001273,-3.41747454961397
TMS15F1021P0018,22.1639569533969,-14.9407421698533,-2.18428376394435
TMS15F1021P0013,-30.4114412007049,-25.8647979597429,5.97511682420755
TMS15F1021P0011,-38.5259453661178,-24.5611634227032,8.42932262240352
TMS15F1021P0009,-92.8726490076039,-31.9666616864775,25.9394551305581
TMS15F1021P0003,-41.9566492758591,-30.2538391409969,-2.242969407997
TMS15F1021P0002,-32.9241910410988,-31.5154563649433,5.24190039976329
TMS15F1017P0011,-29.6840693771383,1.01395786770295,2.75481162053255
TMS15F1017P0004,-29.1736261600296,0.181607924542279,-0.584537655753411
TMS15F1015P0003,-40.2889047194741,-8.64439357673654,-13.3365635240496
TMS15F1012P0001,-8.69032599345921,-0.647709993878423,-21.6827017920891
TMS15F1011P0005,-32.1190725867475,0.112914941882378,-11.6523156665508
TMS15F1009P0004,-94.2272028432549,6.07399481276714,9.49284882675566
TMS15F1004P0019,-35.6121158971528,23.0234844086589,-19.393159158179
TMS15F1004P0012,14.7036024120298,52.1426858971887,-43.4042907772459
TMS15F1004P0001,-40.5413814897477,16.8215860221807,-0.276061132116111
TMS15F1003P0006,-53.3464361319809,31.9506756721693,-3.71293877670771
TMS15F1001P0003,-40.9808151290737,41.6173721323982,-31.7986286937987
TMS15F1001P0001,-47.8928027195561,33.873898025464,-32.5081136704722
TMS15F1473P0003,56.3801868987773,-60.3665438832428,35.7154518130608
TMS15F1472P0056,57.0751479946161,-55.2566031172591,39.6764892518024
TMS15F1472P0002,-6.3924857100264,-31.4832644134161,32.9492113374048
TMS15F1471P0080,56.3592398544228,-62.1131313079734,35.0136833908676
TMS15F1471P0057,56.7908743517651,-59.1386333611411,34.3853013062487
TMS15F1471P0056,55.6100000888964,-64.3159277137682,34.5477900034398
TMS15F1461P0009,-32.8115061977461,-14.8810482152269,2.72624775667923
TMS15F1452P0005,35.9595862810441,16.1490937841149,3.5364506215778
TMS15F1450P0002,24.1000029549654,27.3371358843061,-37.7058661834373
TMS15F1444P0015,-40.9286272010723,36.7441094539732,-12.0882311708007
TMS15F1444P0003,31.4066553973433,23.0381699515273,-18.5471328734931
TMS15F1442P0004,15.8208207368337,22.2393368044851,-1.35788315426466
TMS15F1440P0003,-22.4711514110335,-28.3804224983758,6.49010620169815
TMS15F1438P0004,28.0753482223125,16.7578966849552,6.56423985366318
TMS15F1431P0001,33.0342037436634,11.9498552414296,-12.0610348721597
TMS15F1429P0002,-2.22607128026453,-0.919910485992184,-10.0433695957703
TMS15F1427P0003,-38.1375498156272,6.08935995635195,11.9635527599389
TMS15F1425P0005,-88.9878769123021,-25.5817282088524,36.9486408351985
TMS15F1424P0015,-25.9361494658731,-30.2145389700999,2.0240007333779
TMS15F1424P0004,-91.7677660788653,-27.2005503527358,13.1149564298086
TMS15F1424P0002,-12.1578968343574,-16.8879380213725,-1.41314859903087
TMS15F1420P0011,-17.6167367383808,-7.22147223060389,-0.479780607985158
TMS15F1414P0001,4.87327373943392,1.79157802990594,-1.16478790175583
TMS15F1411P0021,4.17058237825881,-18.8163039955184,-2.64734409347224
TMS15F1409P0003,-50.1467692634438,-10.6880492462461,27.0699200624606
TMS15F1404P0007,5.93473947399677,14.2874357832927,3.85608524907142
TMS15F1403P0019,28.9757862792977,24.7628166933851,-9.54412798645045
TMS15F1403P0018,-18.4573500172017,19.6541344970472,-12.0429581706598
TMS15F1403P0013,-11.8147654844562,-2.48941542901425,5.74618070727782
TMS15F1403P0010,27.8210473198127,22.063658056244,-14.2673388661739
TMS15F1403P0008,34.2017103838524,11.6985657007372,2.67939732214906
TMS15F1403P0005,35.3662173572415,7.15314391307122,-6.70598799341465
TMS15F1401P0002,-79.1756685020455,4.04264892124718,1.70856361828103
TMS15F1400P0030,-31.7399328612455,-14.2178534147791,17.961092476483
TMS15F1400P0021,-77.3614899830282,-35.2791711705504,19.4688272517972
TMS15F1400P0015,-18.6920588052162,-10.4387658056054,10.1410161130787
TMS15F1400P0002,-30.708041162147,-17.3174349014251,12.662057057488
TMS15F1399P0001,-67.1659932583728,-9.12434743299912,5.94133711011728
TMS15F1398P0008,-14.8535864846423,-24.0265115783023,-6.71063721703268
TMS15F1398P0003,-90.3699319553707,-40.9490681081577,5.3732151522522
TMS15F1396P0004,-89.8941091755433,-31.8188192942992,31.4552194837054
TMS15F1396P0001,-71.1156362438623,-34.2998374486665,27.3831226391808
TMS15F1394P0012,-37.3887536056841,-15.288205053448,-12.2815070945498
TMS15F1394P0007,-28.0209179808684,-9.81238878244571,-0.466665956175004
TMS15F1393P0007,-77.5893035703079,7.98723812075128,7.01959689241939
TMS15F1393P0006,-18.5879658872702,18.9098715127257,-3.41959200006964
TMS15F1393P0002,-15.2391765231812,4.66087151458266,9.14766677608453
TMS15F1392P0002,-86.1248371243226,-2.42724239290466,22.5159084910106
TMS15F1392P0001,-31.3691999901322,19.7398973379652,1.17273149176451
TMS15F1390P0012,-32.9155916279785,-0.296876045790465,9.35676992230687
TMS15F1390P0007,2.3665788749767,6.82510959812248,11.8909741529125
TMS15F1390P0003,21.4915988570796,2.49389104935424,9.91302479244134
TMS15F1386P0002,-32.3409745972636,1.70471236804491,5.46383810261202
TMS15F1381P0010,-31.6104195403382,-11.5129801692915,-6.00179849166433
TMS15F1381P0007,-57.865260937054,1.51613737745702,5.87273877877396
TMS15F1380P0002,36.143022818339,5.07301081986795,0.446275671077342
TMS15F1379P0004,-88.4803062032449,-23.6918544077171,16.7592624080267
TMS15F1378P0006,-24.2187794750673,13.7444426422496,-11.6769050013843
TMS15F1374P0012,-16.8387256043477,-10.3182472930311,0.153701368505913
TMS15F1374P0004,3.79610134278851,17.1930938383061,-12.6669419122123
TMS15F1371P0002,-26.883738087571,-12.3565612654633,-7.348508038393
TMS15F1370P0007,-32.1826183370714,-1.8510175113964,1.55964629324534
TMS15F1370P0004,-67.7870483508221,16.8550185897308,14.786201667686
TMS15F1370P0002,-37.2158085934355,-19.4130152775686,0.379339539159846
TMS15F1369P0002,-14.5729265005263,-25.6707516448275,6.08371440863077
TMS15F1368P0002,-0.416623371285539,-16.2601775658549,1.86201249436207
TMS15F1367P0001,-4.28475602106015,-17.0498755543694,4.35097791070564
TMS15F1366P0002,-26.0787245641807,-5.86077894840435,2.04895421732273
TMS15F1365P0003,-35.5296214438212,-32.0035428409973,1.54703778078445
TMS15F1364P0004,11.2414304122311,3.71756578417283,-22.1057555451747
TMS15F1357P0001,-73.1420680435213,-13.2747187304839,6.41621040278932
TMS15F1356P0003,28.8954230907017,28.0309098081782,-16.7135656763828
TMS15F1354P0001,30.6986638695249,28.0737393715531,9.67319744708589
TMS15F1352P0002,-18.1573588362437,-22.1446428872807,10.5602812157203
TMS15F1351P0014,30.9121013809245,7.09488695407292,-16.1043781505814
TMS15F1351P0009,30.4201391561311,9.14849854925312,-13.7579410442317
TMS15F1351P0003,-27.404828507098,-6.14586352166011,-11.0273799781586
TMS15F1351P0001,29.9729159509444,1.97365353188663,-16.2080306284424
TMS15F1349P0001,36.8773886027366,-17.09051466385,3.84792540973076
TMS15F1345P0002,-35.5112982300379,3.1458900265895,13.3903562861928
TMS15F1344P0010,-20.3417045034162,15.8157207008689,-17.2868249996847
TMS15F1344P0008,12.6122163612004,21.3059958249643,-35.514135799369
TMS15F1344P0003,-32.9002129952578,5.51831149139587,1.86006074227533
TMS15F1338P0003,-30.7793765269794,-5.61737192212199,19.3631817273469
TMS15F1336P0002,-12.7431701213712,-21.1543279599515,9.4844953512825
TMS15F1335P0001,22.5487750881478,36.9832720787186,-15.1220465196271
TMS15F1334P0004,33.8599315765879,15.2635536701577,-28.6765734992292
TMS15F1333P0001,-4.70624831001987,0.658581407446434,-18.4593650420733
TMS15F1331P0003,20.4934718473295,30.0888231523082,-20.7186953540555
TMS15F1329P0005,-28.2140905602752,-16.0523787608748,-14.7257067155926
TMS15F1328P0001,-32.7871109331918,-11.2600764437969,4.88110688739044
TMS15F1327P0002,-25.5153673831578,-38.7097701260493,1.51200409330716
TMS15F1326P0004,-56.2125665830741,-34.814048405508,-7.59122345947195
TMS15F1324P0008,31.5736247674218,-4.3344880445012,-6.74679883237346
TMS15F1324P0004,-26.2666205665165,-9.71686945718534,4.65075281425657
TMS15F1324P0003,-15.6616933735312,-13.6077107937436,4.13287888948822
TMS15F1323P0004,-21.5627224953898,-14.0465043640545,23.5595983852475
TMS15F1321P0003,31.0684585487471,9.11551567803543,-21.9154659636808
TMS15F1321P0001,27.4566774768896,21.4063071175628,-25.797983970338
TMS15F1319P0001,31.2908335248332,-17.1540725225381,-3.6934747504856
TMS15F1318P0024,-37.5397408648262,29.719543686685,-22.6279713215277
TMS15F1318P0022,-33.4275570000623,22.6454570753182,-3.84172713071181
TMS15F1318P0019,-35.2612550916823,31.3057338386159,-11.114788811988
TMS15F1318P0011,20.3823574340757,41.465530366777,-17.9689655806699
TMS15F1318P0007,17.4542088127998,49.204252149126,-33.8294464133421
TMS15F1318P0002,-36.4435320542111,30.2083031884998,-13.7101120971485
TMS15F1317P0007,13.3023802926401,66.4221817612211,-33.9470482493553
TMS15F1317P0003,-32.3882051739405,23.9937469813049,5.37788747183486
TMS15F1317P0002,17.3141854553212,45.2255307011964,-20.3223015617679
TMS15F1316P0014,15.7236574641216,41.5256681108687,-28.6462492881696
TMS15F1316P0009,-36.8097285077909,21.0192852316211,-18.2139373463072
TMS15F1316P0001,-31.9717797345441,9.1148754524113,-10.0167857197774
TMS15F1315P0002,-23.6972417804458,7.75096145490384,4.7377567868285
TMS15F1313P0003,33.0151207565344,1.77935160819664,-9.20592249582933
TMS15F1313P0002,-31.7425848588134,1.53540705760875,-23.1625254222436
TMS15F1312P0001,-15.2343129867498,-5.31953915806916,-6.07927767850848
TMS15F1310P0023,-22.1876328381958,15.0682813458389,-7.03812322390633
TMS15F1310P0021,33.801773729292,25.7501045273899,-22.324254768194
TMS15F1310P0020,-24.8764084276789,13.3519008292865,-10.9974170973123
TMS15F1310P0019,-25.3432295854272,12.7561380559994,-16.9280979164375
TMS15F1310P0014,32.9408515209605,32.7364078456723,-13.5930281712126
TMS15F1310P0008,-28.1739654123396,25.108289417607,-14.2306110732509
TMS15F1310P0004,30.4568693519787,38.2227521973564,-35.6850050527527
TMS15F1307P0003,-33.8001916655339,31.5786176733729,0.0558322666922386
TMS15F1305P0023,-39.1480974336531,21.6609142512046,-2.45022644394552
TMS15F1305P0021,-37.4970894078183,31.5919068756937,-6.98698874061962
TMS15F1305P0017,-38.6333630941164,30.5415674608154,3.04415940877638
TMS15F1305P0013,-35.7421694080253,23.4165005297622,-7.9620675483006
TMS15F1305P0012,-38.7545231828713,7.34794253593462,-7.62179180853426
TMS15F1305P0008,-34.1775341844298,20.362155743469,-1.66678255058853
TMS15F1305P0002,-37.8983098665531,17.5529403732291,-10.6764431587664
TMS15F1303P0007,34.5204780204836,13.0739803850544,-11.0114746401253
TMS15F1303P0005,24.9314592181918,12.1252312467196,-8.43540966703734
TMS15F1302P0027,-36.843678236392,24.3079371536501,-6.72010802913274
TMS15F1302P0020,-32.3380362800327,14.5555567242118,-9.3508874303334
TMS15F1302P0018,-31.9937331482974,13.4369320959092,-6.3801966028899
TMS15F1301P0002,32.6902164252031,21.417082813201,-30.5796246409428
TMS15F1300P0002,-34.8626232589749,22.5320163312393,0.152476358913225
TMS15F1298P0003,-35.9021070168517,28.7079473484168,-10.9081378574753
TMS15F1298P0001,-34.2633927555475,22.1521271303709,-5.28986737059494
TMS15F1296P0003,-36.3777337206094,20.7614379772819,-0.589676899891254
TMS15F1295P0017,-35.2967198146619,24.1446012664009,4.22148750307266
TMS15F1295P0009,-36.8944626803592,35.7463845108111,-9.79916839749333
TMS15F1295P0004,-30.1585603936508,19.5747658380337,-4.60677729536024
TMS15F1295P0001,-34.3560440309923,19.6085794598342,1.6910069775843
TMS15F1294P0001,-35.4436204278747,21.4027719143187,-9.66551550356079
TMS15F1292P0001,-79.1686014577283,-10.5370263450804,12.7752536918792
TMS15F1290P0009,-31.2901476234471,4.37068526375967,-4.52673956346088
TMS15F1290P0005,28.1215782817184,9.96401113590801,-27.7873991260152
TMS15F1288P0002,29.5935138349408,12.2326113903249,-37.7393296538428
TMS15F1286P0012,-41.7432256432685,36.0129439439049,-16.79522679799
TMS15F1286P0011,-33.5564846144591,-1.0725245610505,-8.09287856695768
TMS15F1286P0007,28.3245095886527,23.327642953813,-14.0143786297578
TMS15F1284P0001,-34.7739708286792,-15.7170446875325,3.44030491451353
TMS15F1280P0001,32.221001025442,18.4648020925547,-14.3115847994555
TMS15F1279P0006,-29.7416229243659,-3.97026451945033,-2.18412005301679
TMS15F1279P0001,-29.0024792956602,-0.752425169492178,-3.4644717334675
TMS15F1276P0004,-33.9559312538901,-15.478414475761,4.3699044791283
TMS15F1276P0003,28.3704060312557,4.37710149778111,-1.97579794007625
TMS15F1273P0002,-93.7420930749253,-0.63216162887671,18.6554647607408
TMS15F1271P0002,-38.4590030808361,24.1272221652349,-10.1918325673871
TMS15F1270P0001,-37.5238226452731,10.8332281856768,-10.8169310858729
TMS15F1269P0008,-34.686106398056,29.8052328334925,-1.94389557484546
TMS15F1269P0004,-35.9336192293249,24.6873408985367,0.0042698026382342
TMS15F1266P0009,-30.005666188795,2.52940275978482,-0.119357260498645
TMS15F1260P0001,-6.49728011961566,-2.70869407483667,10.1707204949213
TMS15F1259P0005,-29.2942416238624,-0.267597171150575,7.09942841290476
TMS15F1259P0003,9.38385867111373,3.51009929568493,5.97180100748551
TMS15F1257P0005,32.3294250252497,-7.90651632825925,-6.2783601461892
TMS15F1257P0001,-92.3732026061697,-27.9966199528349,15.1419489659612
TMS15F1256P0011,30.353320462866,0.453423406930444,-1.28970123730097
TMS15F1254P0006,-29.3018291850006,-20.4993107576333,-1.23668419393846
TMS15F1253P0006,-12.2084567831035,-18.3253052712126,13.7033979712799
TMS15F1253P0003,-15.3475640818695,-19.3287274912125,5.50386434315974
TMS15F1251P0001,11.6572006051694,-17.9150592134794,-4.38580603817754
TMS15F1248P0012,-16.0388584528597,-25.5639318169072,1.27274949323127
TMS15F1245P0018,0.922292648205756,-21.1854568063795,3.9375990036986
TMS15F1245P0009,-34.1450255985787,-18.4776446971707,-4.82958712551544
TMS15F1244P0013,-30.9696156147467,-21.2388413561799,3.21468264327718
TMS15F1244P0010,-74.0482671281328,-27.3059173353907,9.89212520226161
TMS15F1244P0005,-15.4065562159007,-25.6029986796369,1.44560293727805
TMS15F1244P0004,-78.7957238675889,-33.3210325266243,7.79210561561195
TMS15F1244P0001,-15.92979413237,-18.7017287901495,2.33682400919381
TMS15F1243P0027,34.5692494476864,-10.6605575595169,-1.91995798077855
TMS15F1242P0009,-60.1646916791618,-16.2665075115378,14.6239232832158
TMS15F1242P0002,9.00484900506531,-0.224214135603874,4.77111829631267
TMS15F1241P0005,-57.3516098791552,-40.0572806643237,-15.2567654408213
TMS15F1240P0003,-19.8164549130481,6.69293759465998,-0.645605902711921
TMS15F1236P0007,-13.2249301189619,-32.8708999490874,-16.3597896147552
TMS15F1236P0005,26.8521957647136,-20.1651606979609,-10.6006876248606
TMS15F1236P0001,-40.3480447849887,-22.0026591745687,1.48332330258821
TMS15F1234P0001,-17.1779724262347,-8.15087341473896,9.77783249271894
TMS15F1233P0005,-31.688683593243,-0.16806866040488,23.0453210914701
TMS15F1230P0021,11.0007227720205,-13.1567102883032,11.5626130051307
TMS15F1230P0006,36.2614656135618,-18.4548675166957,-7.62001734663316
TMS15F1230P0005,31.1203214342104,0.423733721248427,2.41807212920988
TMS15F1229P0015,-57.3068885926523,-7.22819154867944,13.4979759871879
TMS15F1228P0011,-31.9408666261974,-30.8632896307917,-12.2792026856306
TMS15F1228P0006,-38.8638162112765,-22.2040403531735,-4.55216025540864
TMS15F1225P0004,-76.5532390045659,-24.4059821659716,16.4595989035164
TMS15F1224P0005,-2.523478434222,-3.6728611272476,1.71093812368123
TMS15F1223P0008,-32.5582071238472,9.37296768716403,-17.4262203226596
TMS15F1221P0002,-85.6850172278714,-13.6791506307724,26.8826953719915
TMS15F1219P0006,21.1056989009938,-8.59792285836278,-4.02492761566956
TMS15F1218P0001,-29.5171102977417,2.62144284485605,7.67732819627516
TMS15F1215P0002,-78.9069136614145,-6.66976231511216,7.22277541707402
TMS15F1214P0002,-91.8162544073236,-19.4320104389746,7.03767955373019
TMS15F1213P0001,-24.2310287957962,-10.7462487711277,-4.4049115074354
TMS15F1212P0003,6.14291443220447,-12.9818335836975,-21.5607849789498
TMS15F1212P0001,-37.0527610728987,-21.0566474496954,-10.8425015616658
TMS15F1209P0004,20.3351454930703,18.8312114507188,-14.1233196480474
TMS15F1205P0002,-93.2007653138875,-12.9989296667697,12.5493437249771
TMS15F1204P0005,25.3919153851091,14.0665700115532,-24.143985154511
TMS15F1201P0009,-89.9422536297329,-21.981244975992,22.8830372419618
TMS15F1199P0007,31.1351536986771,12.9745392433638,7.12568686499094
TMS15F1197P0022,-79.0125350331208,-8.22100133957926,21.9527914194225
TMS15F1197P0006,-19.8604972979854,14.2930295884449,12.2139538008202
TMS15F1196P0016,25.4694903042849,21.7767974698862,-22.3538007356671
TMS15F1196P0012,28.9662711462438,6.64952851064776,-9.47126484271153
TMS15F1196P0010,-16.8406727287885,-2.16245323452334,-1.07707737383001
TMS15F1195P0010,-70.7315226754299,-19.801787683764,-7.60450165726655
TMS15F1195P0009,-31.1930694784999,1.18320846787814,3.52155521959199
TMS15F1195P0006,5.28579883854485,-1.12465530813578,-6.84541923036884
TMS15F1195P0001,0.195457153616334,0.142820242927316,-6.3981295981274
TMS15F1193P0014,34.8330583888739,-3.15829580689794,9.4844340759074
TMS15F1191P0001,-79.1630820251387,2.35073302290887,5.59558499712068
TMS15F1190P0001,31.6861876542193,-6.86007509492978,-9.32155652154844
TMS15F1188P0001,-30.8649009897731,4.19869647192561,11.2291637367944
TMS15F1181P0009,-15.8221678708117,-1.89315461637709,20.2714790578439
TMS15F1179P0047,33.4732302587465,5.35977735313234,9.93013977872975
TMS15F1179P0015,16.1395876237339,5.06306415152675,14.829001103524
TMS15F1179P0001,26.3148801199641,7.99625346309038,11.9968943908881
TMS15F1177P0004,10.1477404671929,-8.34440752832356,16.5571624734989
TMS15F1172P0010,-42.6986290706807,-5.8187871207055,-11.1301277773559
TMS15F1172P0005,-16.9847070414334,-25.5128131618526,-8.97590215803045
TMS15F1165P0002,7.09432401623591,-20.3263133724977,2.47034411056343
TMS15F1162P0001,30.7844521958295,17.4917806892145,-17.0634243588262
TMS15F1160P0010,-38.2214576214463,5.3905320215404,8.5601141142521
TMS15F1160P0005,-34.7354849956132,-6.13344111418833,8.71138506369552
TMS15F1159P0006,-33.2121728086454,11.8288482523422,11.7032845285633
TMS15F1159P0005,-43.0610053419907,-0.0465559414993257,9.47503523560382
TMS15F1159P0003,-31.094150580919,4.72983281135031,10.6331370572075
TMS15F1159P0001,-77.0068227737837,3.77909833465011,14.9505860159601
TMS15F1158P0006,-68.012492193933,8.51275620066806,17.138979346294
TMS15F1156P0014,-87.0340598091955,4.30247131706853,1.73360478482264
TMS15F1156P0007,-36.1062937618793,21.7148258272954,2.14003759795769
TMS15F1156P0006,-36.3867349726998,19.7299477481464,-4.64830541455803
TMS15F1156P0005,-30.5003087012103,3.22860372736725,1.59303110905429
TMS15F1156P0003,-34.0075962524429,12.4005739692381,-10.016771956769
TMS15F1154P0020,-73.9645342229518,-6.32295521944314,19.9874341932974
TMS15F1154P0015,-34.5441707859082,0.12938818346254,2.41343423160326
TMS15F1154P0012,-64.0758699244971,-2.01871092126417,14.6441099838982
TMS15F1154P0005,-32.1603348351024,-10.7339310439844,14.7764105240257
TMS15F1154P0002,-37.6962223448267,-0.990902208570151,11.2523382286319
TMS15F1154P0001,-34.5823488267298,-5.74124180559105,7.58225244063416
TMS15F1153P0047,-37.4585744888451,16.4766796408652,15.3884024891011
TMS15F1153P0031,-39.7252257812454,24.9320966431285,11.472376509258
TMS15F1153P0022,-43.7906308941032,17.2189840573035,12.7435709396665
TMS15F1153P0020,-37.0371072038841,28.8561337558004,23.0599042470455
TMS15F1153P0009,-51.9698593518014,31.065900690307,15.3983241080406
TMS15F1152P0016,-34.4968381142494,10.6694448584876,3.87249345347671
TMS15F1151P0003,14.914375136064,15.4971406795063,-9.62392595042873
TMS15F1148P0003,20.4552188789277,24.8088153105689,-31.4855558472889
TMS15F1147P0001,-34.2796518368533,27.9778495313726,-1.39343725325277
TMS15F1146P0001,31.6785970330621,3.41948101416229,-15.8779935213021
TMS15F1145P0002,-38.7966800985239,6.08990509708753,-15.1759824064719
TMS15F1144P0006,22.7640372633194,26.3873834316789,-13.316160522319
TMS15F1144P0002,-28.4732959448543,0.613117371873482,1.75028457218375
TMS15F1143P0004,-32.5448954502145,31.9869328865865,1.18568244465058
TMS15F1143P0001,-27.4430286139476,15.9575857949737,6.25837479866798
TMS15F1142P0012,-27.4687182759738,5.75533100248545,-8.86168408476997
TMS15F1142P0008,30.4391161062059,16.0469271939711,-16.5892405773595
TMS15F1142P0006,7.5483998225005,20.2634439952236,-6.58625383448282
TMS15F1142P0004,33.1673357720747,11.6998911940029,-13.5047748823795
TMS15F1142P0001,-0.053404572786294,12.1918456227055,-18.7692235153878
TMS15F1135P0014,-11.0851358674742,9.76900431781639,-0.164661375996416
TMS15F1132P0013,29.0491272226725,13.563292691415,-34.5305631584181
TMS15F1132P0011,27.7983352998,6.02598216780757,-6.58473219513788
TMS15F1132P0003,2.56666355599862,7.86093917752754,-14.1353105232409
TMS15F1132P0001,-12.7143965516146,8.78852051185182,-12.9160215381235
TMS15F1131P0007,-1.16303307251303,16.7704917138444,-18.3135324780192
TMS15F1130P0012,25.3155299064137,24.7957814164337,-21.2735763424254
TMS15F1130P0007,-28.083376523624,17.7445600159204,-19.4210958839122
TMS15F1130P0002,8.015328849712,47.0306022926803,-37.1777199207742
TMS15F1129P0009,-29.4685365232642,2.71506776087061,-19.5611213875591
TMS15F1128P0006,22.5684659222197,3.2711474151932,-6.63974414699741
TMS15F1127P0013,19.5701284933134,32.7203821399878,-28.010554243454
TMS15F1127P0005,-39.9624066198242,38.2260738408109,-30.1784286324688
TMS15F1127P0002,16.370756819569,45.6063876273524,-29.8092918385989
TMS15F1126P0008,-25.5013039176905,-4.67887157358262,-8.8638818335921
TMS15F1126P0007,-16.5389818462576,2.48942269066543,-5.82889086729559
TMS15F1124P0001,-28.1615203943412,7.1290902420528,-1.97235945646666
TMS15F1121P0038,-36.0157104310476,10.4782711528153,-3.70468131599907
TMS15F1121P0035,-12.1597626308949,5.39590748627535,-11.6892781766849
TMS15F1117P0001,-26.0146057951071,0.57212513618385,-1.66256573860416
TMS15F1112P0007,24.8021265859322,54.7600084453897,-16.0165329277154
TMS15F1111P0011,21.8809847595681,16.139305922928,-11.4783865026749
TMS15F1109P0004,30.2918116827448,12.2088890113909,-18.0155224393513
TMS15F1109P0003,-25.0849700155285,-7.72546531277159,-4.221263305936
TMS15F1107P0004,-33.2661533818693,2.65128481549833,-4.92740872286569
TMS15F1107P0002,-33.1922154539514,-0.677972047461936,-15.8180724741185
TMS15F1105P0002,-31.1377559886386,-2.16056801172691,0.93917069146813
TMS15F1104P0006,-33.9610873484154,-19.2605450366316,4.14979160116378
TMS15F1103P0006,26.4917113094788,23.9482041265855,-31.409775702121
TMS15F1102P0006,-36.6616013389245,3.6579119658388,-8.52275978607999
TMS15F1102P0002,-34.3753589866905,2.19852452365923,-6.11727437488739
TMS15F1100P0005,-29.6132815049349,-0.00866827409624912,3.12299183158894
TMS15F1099P0004,32.4604858194983,3.27526124648886,-13.5012779913734
TMS15F1095P0005,-33.3529419120042,1.64727690983744,-20.3169278779122
TMS15F1094P0006,29.2728533325122,7.32939231694799,-28.4716686627616
TMS15F1092P0023,-40.1372786908428,0.691446466898227,2.80047942336235
TMS15F1092P0016,-40.1350088387362,1.79357095157765,12.4922221928927
TMS15F1092P0001,-36.0466981397692,-8.67455849493536,1.14390373735707
TMS15F1085P0005,-38.1658435643876,33.187596011062,-17.760589465804
TMS15F1082P0002,-33.7903917481885,23.1331620918493,0.677423450068386
TMS15F1081P0003,-25.3780908436415,1.15045096701674,6.4431220952958
TMS15F1081P0002,31.0775254914813,15.8653406696812,-10.0346897741367
TMS15F1080P0012,-34.700209335589,-10.2868054227253,12.9955962613532
TMS15F1080P0007,-33.5761588154566,-4.94147656981665,14.759635804494
TMS15F1080P0004,-45.0330511819433,-19.7518135583656,8.84494945500862
TMS15F1079P0025,6.87701190455663,22.0377569394143,-19.1392884514965
TMS15F1079P0020,-34.5153122435086,20.6016366116707,-7.4282312089667
TMS15F1079P0016,33.7709074019666,15.6463380998916,2.78728762059144
TMS15F1079P0008,-29.887377492932,3.57475954193396,5.28185033266018
TMS15F1077P0013,27.4811717781895,31.1344533166162,-24.5966475220634
TMS15F1075P0012,-28.1951108595589,-9.47457606293889,12.5511617779443
TMS15F1074P0003,29.4024567450948,27.1008729217028,-11.9471775640357
TMS15F1092P0026,26.2462343106078,-9.55608788912162,4.48596747491015
TMS18F1020P0027,-61.3670544863229,-20.4255216216211,-3.53642590381007
TMS18F1076P0117,-21.7613238696587,5.43062419925449,-3.3974638433945
TMS18F1010P0011,-5.34569060775833,26.4083920892576,-12.3460361276324
TMS18F1056P0016,-78.1394223613928,-25.3866202430523,9.39974920263538
TMS18F1001P0014,21.4847787127172,22.6260264093304,-6.19402861148655
TMS18F1016P0010,-19.0301845726203,12.1712290261647,-1.29292715527172
TMS18F1076P0114,-32.7681129856139,4.31509176447272,-1.93510046243716
TMS18F1058P0020,28.7335842221172,23.3922641903317,-28.01247655259
TMS18F1040P0032,-38.813396244377,-2.74059408998447,0.834693064252053
TMS18F1142P0017,-32.7391418302483,-11.7648035435305,9.75917768358662
TMS18F1132P0042,27.6160874825947,20.9050776902384,-14.9096160867757
TMS18F1018P0001,-18.3964563962886,-34.5060142173845,12.7243115012971
TMS18F1134P0010,-25.1325396472324,31.4444831430869,-23.1227637117893
TMS18F1026P0009,-79.2936045784689,-29.1077031890085,17.5867891116775
TMS18F1041P0005,-36.8597451042405,9.95386380766136,15.2091555700713
TMS18F1059P0015,14.1804879924338,39.7065549330404,-1.92002213713497
TMS18F1005P0023,-34.1867759704961,-12.6862363613215,-3.02037837963779
TMS18F1127P0010,-31.1689228291841,-8.92365447253213,23.2945763879146
TMS18F1001P0020,21.3006950468467,23.1198757923657,-8.80361421806645
TMS18F1104P0007,-23.4147467853579,16.2297901254072,-3.50350428125342
TMS18F1039P0021,-33.783525362078,-2.46078087622026,2.72125393880753
TMS18F1083P0014,-33.4437422195248,-20.7500903902802,-7.75757553807084
TMS18F1066P0022,27.8385048299655,13.9247722391495,-14.2698209610061
TMS18F1042P0009,-57.6286401807083,-27.4491349973011,2.46651424845544
TMS18F1120P0006,-19.1879226702072,-14.0493733875765,7.58892535611163
TMS18F1058P0019,-31.3490550462283,-13.883939495566,0.646181560244005
TMS18F1076P0001,-36.6146495208861,0.0939326302318388,-0.182824996167029
TMS18F1063P0009,20.0214408673981,22.4391270741485,18.0218877780933
TMS18F1121P0029,-35.6018618650487,6.61477918480406,6.87879618678224
TMS18F1079P0003,-19.4023223355254,14.4427690215465,-2.43221257967364
TMS18F1003P0014,-0.14558243000992,-14.048703174066,-6.84181987293801
TMS18F1113P0002,-92.0031742868681,-16.7738671614934,41.0180222277573
TMS18F1099P0017,1.30882071005552,9.02928173731439,-6.90420997534323
TMS18F1092P0016,-34.748763290274,8.01422469663593,0.650990904401617
TMS18F1144P0010,28.1909836893401,30.2226118635578,-7.39843544913045
TMS18F1135P0025,-96.2089107829713,-17.6177991826025,-4.62191057674986
TMS18F1143P0034,27.8108864124849,22.1419021890068,-21.6986356904383
TMS18F1143P0028,-34.696877615072,1.61459183780174,-11.33102088791
TMS18F1114P0032,-0.52796553346412,15.6321440892873,15.208868782844
TMS18F1090P0029,-36.9043180077651,33.4404483571045,0.262479715239965
TMS18F1068P0093,3.47491617901444,9.40768157357952,-11.953613463687
TMS18F1066P0024,31.9714828991049,1.18789184733218,-1.59509573193492
TMS18F1098P0004,-58.1447531236441,7.60771556378951,-7.0344979823044
TMS18F1090P0020,-22.1603791198788,18.3558436872399,-0.0291130929260738
TMS18F1132P0083,-20.4226081158237,4.71246872221802,-1.17783200046151
TMS18F1047P0062,-72.6743809202418,-33.1362285178333,12.5267809248447
TMS18F1113P0038,-41.6939156689087,-10.3843450483157,39.7491480926713
TMS18F1083P0028,-4.54501370928635,9.99693959865095,6.61201101489842
TMS18F1132P0058,26.937004634686,28.9380338489826,-10.8709430901542
TMS18F1040P0054,12.4830183448494,26.8690002509269,-19.8543384512073
TMS18F1132P0144,-44.9443525824187,-46.033020741738,-65.8825290477492
TMS18F1156P0001,2.58399469979923,4.56903625297457,9.10274886991598
TMS18F1073P0038,-32.8163740161176,-6.30173585242778,-2.67015633382553
TMS18F1076P0077,-31.1632387007741,2.65880301277216,-7.86886645710974
TMS18F1090P0031,-27.2692356942595,25.4741004178682,3.82889618307301
TMS18F1056P0052,-78.8149498532329,-34.1855206185289,19.7853764508777
TMS18F1138P0037,-18.2380774448787,14.986434189173,-7.03434103685131
TMS18F1056P0065,-38.327813475253,-15.4250558845724,4.21730566346483
TMS18F1056P0064,-14.803721237191,-17.8550714000231,8.4541470969367
TMS18F1068P0090,21.8970044233676,39.7714432164039,-24.6021816854497
TMS18F1040P0067,-22.4107382751579,10.6231826373901,-20.7149622696931
TMS18F1060P0068,-74.0212242051361,-6.33256170253909,2.23711801552915
TMS18F1114P0039,-13.2200561344574,44.0763897372814,-18.5707683952844
TMS18F1083P0032,-6.33772282252758,-1.01022517870557,-3.77943976082593
TMS18F1040P0063,16.1831780015,6.83161916698384,-16.3510899779262
TMS18F1102P0031,15.4685290353166,48.7430345598747,-18.8113618166418
TMS18F1068P0082,9.50183300581055,26.5575944890251,-11.8806780330573
TMS18F1138P0030,-95.5765565994441,1.45656512966638,-3.40368577607021
TMS18F1055P0044,-46.8844105656336,-15.019598873707,6.50786193205912
TMS18F1038P0087,-58.1579668198042,13.568053834084,4.72295743209884
TMS18F1065P0037,5.4893885796242,-10.1499521580666,15.7140330449378
TMS18F1138P0028,-14.6027461964455,8.81378907909947,-3.19075742498992
TMS18F1139P0076,-32.5146432131,11.1818746681363,2.37872503376821
TMS18F1025P0041,-84.9775943739484,-12.4230825051784,21.7265061960702
TMS18F1157P0041,-51.8945950605333,0.53449472151486,-0.625166574187341
TMS18F1025P0038,-32.836997270206,-15.7036621836251,12.4305788926539
TMS18F1139P0097,-34.6477266525031,18.0123775690644,3.98023217600619
TMS18F1028P0033,-100.44421313543,5.87282226403962,9.22033615822721
TMS18F1037P0037,7.43783065844653,0.0728136012658781,-9.15092681191281
TMS18F1083P0025,-31.5418968768203,-14.649504856453,-8.79584753893144
TMS18F1113P0031,-43.830929684429,-5.40153061169018,20.5813136383164
TMS18F1119P0037,31.3854128614757,-4.33238431448101,1.11038117276541
TMS18F1124P0041,-36.0696315198867,5.08746316861487,-15.3405848219946
TMS18F1119P0039,-56.3956118427443,-9.40341826248531,27.4036751868065
TMS18F1057P0030,-103.571275300456,27.5375722997107,11.7410901454998
TMS18F1069P0028,25.8576011846863,36.8432467120835,-36.0782253080069
TMS18F1095P0041,-17.8227656175619,7.32132480929219,10.8997980578947
TMS18F1090P0023,-43.5569477694609,25.8310134112387,17.1227659396099
TMS18F1068P0085,26.2610998243533,39.4704428720805,-18.5266445755077
TMS18F1010P0027,-24.0732386109781,19.205790778377,-6.9025529234399
TMS18F1051P0072,-24.6990649839589,-0.208537258349199,8.35960006672829
TMS18F1037P0025,23.3702315457102,12.0261317071542,-32.9488516606751
TMS18F1119P0043,13.4462720698592,1.65339818898637,10.2850738024194
TMS18F1056P0077,-15.5206863767164,-13.1295446935491,4.52761670881292
TMS18F1157P0033,-15.8622525472769,1.76169767322334,-6.79249312709303
TMS18F1040P0047,9.53647611801759,23.9743797885238,-12.7664791997586
TMS18F1065P0035,10.704174760229,16.4668207731033,-20.901082797167
TMS18F1040P0052,-34.6046104684222,9.2742830124203,-6.07207619146664
TMS18F1157P0038,-74.8539129061343,-6.2017221182463,3.24820277609311
TMS18F1051P0069,-31.8129437642796,-3.8467258721504,11.867610646901
TMS18F1010P0030,-40.0862658654924,19.8400916397266,-2.56551216312291
TMS18F1096P0042,3.31743631699454,5.2203524273857,-9.46521808329395
TMS18F1038P0078,-9.19138694787326,18.059930099001,1.33371716252171
TMS18F1106P0028,12.5449752112478,34.5910460219514,-7.34296376660579
TMS18F1040P0064,-13.4117727694397,7.79044860980292,-0.00215916838425284
TMS18F1040P0069,-100.89892183829,7.60692224732288,3.14769600062129
TMS18F1068P0065,-37.9243846022016,21.5758626789141,-1.58803511811354
TMS18F1119P0042,-33.7550016249847,-16.6868116762768,14.3056407525435
TMS18F1065P0032,-31.7133423595611,10.0119704492071,-9.77394157657322
TMS18F1051P0050,-88.8266084167125,-9.83318406425903,15.9456633693265
TMS18F1068P0066,22.8213875522666,19.4753400515049,-16.754061082493
TMS18F1106P0031,-36.5787731586021,28.0777385499551,-13.0364958314559
TMS18F1056P0057,-27.5857834653779,-9.02120989460838,0.715179460720876
TMS18F1037P0043,10.7373579853956,-7.71474184063386,-9.86871921665987
TMS18F1066P0033,27.324260021177,16.5205039591448,-26.805160125693
TMS18F1025P0029,-83.9373133182095,-2.91897146073044,18.6420479729645
TMS18F1040P0057,15.9729900928359,16.3707038769728,-10.2555323248833
TMS18F1069P0035,5.05258914195427,41.0460346745214,-24.8394700907372
TMS18F1083P0034,-28.7056721004924,-8.561168566438,9.18851340341909
TMS18F1025P0024,-33.0089334590611,10.7809363947344,13.5927738490372
TMS15F1475P0011,8.58180988202738,-9.65923816191753,16.7686611919818
TMS18F1068P0088,25.1120425930163,31.9890021668261,-17.1454031659648
TMS18F1008P0012,-31.2485986197848,-19.7886886870575,-5.62759917498457
TMS18F1076P0104,-76.031632943462,-11.6311892892026,4.21992745563285
TMS18F1040P0043,-53.2559327874268,12.2015239872873,-1.42470080232163
TMS18F1106P0037,17.5241221392597,25.9025474202007,-15.0846398891472
TMS18F1114P0038,-53.9850714875886,9.63594194250848,20.395175184284
TMS18F1056P0050,45.7872227300652,-20.6747216095793,32.1249369001965
TMS18F1056P0053,-33.907196297648,-17.851658016796,6.11953585813826
TMS18F1106P0044,18.094420907331,21.9178902233433,-10.6001043864784
TMS18F1083P0031,-29.6426685239158,-12.3824863777365,0.592954691267884
TMS18F1071P0028,6.63481395167217,27.5971002998555,-16.6425331635411
TMS18F1106P0035,-35.9968370983479,26.9060320156397,-2.02721995029541
TMS18F1051P0039,-34.8014161947763,2.01162576929169,3.09908632514588
TMS18F1057P0037,13.744794897567,14.0637199216251,8.90719482160239
TMS18F1057P0033,-46.3241242443186,34.4402081044313,8.37425938410833
TMS18F1113P0027,-41.6684689353344,6.57561725200106,39.2373333845343
TMS18F1106P0045,-35.4866672099237,10.4151626879591,-3.80343274701142
TMS18F1057P0025,-99.0129251472373,7.09393432553717,38.6973319226381
TMS18F1068P0055,-12.0770585922659,23.9670485013758,-0.378052317138186
TMS18F1119P0029,-36.8740944880903,-6.68173481090802,16.0758508249411
TMS18F1065P0026,-0.144314130211018,16.3323651299741,11.9236906842681
TMS18F1004P0010,-48.9487613667577,-1.27401569377258,4.95233079420305
TMS18F1006P0005,50.3839210919661,-55.4159762665482,-14.2444274386495
TMS18F1088P0026,5.64971804430814,22.0551830060028,-8.93208232032728
TMS18F1049P0022,-43.4679923054139,1.1189562240623,41.5603817942407
TMS18F1051P0030,-32.0318019737639,-3.05779899485929,12.2486428627922
TMS18F1091P0014,21.9624867537895,7.64803690474,-11.9450463861572
TMS18F1088P0022,-22.0539788018036,-18.3204553451465,-1.82516440295773
TMS18F1010P0005,-33.6920585246882,13.4440213123855,-3.52809271891284
TMS18F1039P0011,-34.7360791907585,-3.30479497625495,0.975702105412347
TMS18F1020P0001,-60.6995035867661,-20.3458507851074,13.6766731264485
TMS18F1076P0010,-32.7807185385205,-9.62343850918671,-6.13300957049691
TMS18F1101P0014,13.5468790498041,10.0866114685905,-8.4606998010979
TMS18F1058P0010,16.0943212800147,12.3536477990172,-31.055373096303
TMS18F1075P0001,16.0995623554599,30.9105779565109,-1.79255616758808
TMS18F1020P0008,-95.4866657098724,-26.7124634757981,13.6596888464104
TMS18F1056P0032,36.3456157602772,-12.3888677840986,-21.9353080553087
TMS18F1081P0010,34.2445401149081,10.0943279340558,3.51126821171867
TMS18F1082P0023,34.6171597117773,13.4307562694529,-8.65366121806367
TMS18F1099P0015,25.6995147962862,21.2930940042781,-35.7685929629129
TMS18F1137P0014,-83.6548419551866,-5.17638327650081,10.5805910510333
TMS18F1051P0033,-34.4863908922732,2.63993377275981,5.29199586309394
TMS18F1058P0005,-30.8595340871547,-1.96608769661195,-12.8170246858288
TMS18F1092P0022,-31.8422717093473,-7.36316823233053,21.1063960824488
TMS18F1025P0013,-80.9342433246492,-0.896254626771543,19.8969749049915
TMS18F1123P0019,24.3596598408775,1.64593523793539,4.28899644609495
TMS18F1056P0040,-72.0064489202686,-31.0848370465841,28.4868462657115
TMS18F1089P0001,-22.0801805623077,-11.0691038209291,-2.45173513226597
TMS18F1087P0001,11.3569743955421,7.84158605048306,-28.5436335853467
TMS18F1044P0018,31.4007333767618,17.2567099570954,-5.09591088833704
TMS18F1109P0011,-44.3198520382114,47.0082652491234,0.629945887745259
TMS18F1065P0016,6.40617243712799,-0.870515157402481,18.1089190141226
TMS18F1101P0012,9.61285115376133,-9.30734908124995,-7.57406419292678
TMS18F1026P0014,-29.722330622435,0.490784646284318,12.3493150664446
TMS18F1084P0014,-34.256014524468,-8.03744093977108,-15.9530313554348
TMS18F1017P0025,-32.3666977270319,15.5782845264498,18.335547632941
TMS18F1091P0010,25.0111422007396,11.7317406603658,-12.4929654630809
TMS18F1039P0024,-84.3305092654195,-6.72443406615466,9.82355791611918
TMS18F1057P0011,-96.6958445114636,9.1001719559938,29.070046342614
TMS18F1126P0020,-79.8586990156356,-17.3477158930436,14.5008134747807
TMS18F1071P0008,14.8472562992934,5.96396371148357,-4.66278643960485
TMS18F1108P0012,-34.401077480475,18.7993087374346,14.1504593787568
TMS18F1030P0019,-33.8286134524602,11.6636261140336,-9.79762629309158
TMS18F1082P0006,-32.7169598164853,5.53089095651899,-14.2742538648893
TMS18F1047P0024,-10.8230292953017,-8.24858199352869,4.84140213648987
TMS18F1059P0012,-87.2558318437292,7.20268500956957,16.3554673472114
TMS18F1087P0003,-26.2976568737139,10.6967391543674,-21.8649920333245
TMS18F1090P0001,8.71017737335489,29.8725758779785,-13.4582164556342
TMS18F1100P0008,-35.3634400472804,-0.839798313827605,-0.927599549747346
TMS18F1046P0001,-90.4136660777789,5.96207052845242,17.243628835316
TMS18F1056P0025,28.6293356476366,-0.180633967609895,4.15891049283173
TMS18F1051P0037,-24.1065910566683,-2.86916357973631,11.2680475043995
TMS18F1014P0004,-98.2332817269861,-3.47593085693705,-12.1825147137517
TMS18F1015P0003,-60.5487319647904,-20.9015262314405,13.1988751732884
TMS18F1082P0010,22.1480711249077,8.62665515543637,-11.4272068536655
TMS18F1033P0018,-32.0926858278331,-4.44672758951631,-0.29910606487421
TMS18F1083P0008,-27.8375586115789,-12.8708103476858,-6.33664693848829
TMS18F1005P0015,-84.27586314782,-33.7010716196073,15.3874705914912
TMS18F1048P0013,-37.4379733397299,1.80009170896334,12.7514788504253
TMS18F1143P0033,27.4982266144206,12.7841883846201,-28.511555746345
TMS18F1093P0016,-36.2180479922364,-10.1520952412556,24.2004764666361
TMS18F1006P0009,-41.4126593720281,-15.2445584643882,14.4952453838885
TMS18F1024P0004,-76.1828259750762,-23.6005567955303,12.2755185115453
TMS18F1133P0001,-55.6702991538948,7.67850657435561,-6.10378547346381
TMS18F1075P0011,-47.1345241029717,11.8417641431977,-7.51858802936469
TMS18F1059P0013,-47.2087695189718,3.69368397922878,14.9053531022349
TMS18F1002P0005,-17.9591174813354,-0.556185290684715,-23.756396152555
TMS18F1009P0028,-39.4154495774198,12.8526770978452,-1.85992160845372
TMS18F1044P0016,-32.7337702687304,14.1295601381092,8.78838875449394
TMS18F1015P0015,-16.5244210907899,2.56997614150926,6.96970919440305
TMS18F1091P0004,30.0533337957739,11.3303710659133,-19.6708450537513
TMS18F1037P0012,-15.3268665192313,-8.98408035884904,-11.9687374765071
TMS18F1053P0007,26.8738220792087,11.1893865873277,5.472277014362
TMS18F1084P0001,32.3328013233685,-2.37429246079259,-22.14289996045
TMS18F1159P0030,-38.0589275651261,14.2133357478316,2.21508522939189
TMS18F1002P0021,-30.7821201166364,-15.0188977649387,-9.59793819567497
TMS18F1088P0008,33.4325188556373,0.420385394499409,-3.31614188510176
TMS18F1092P0007,-30.5873130218572,-17.5774134136635,2.19951212297773
TMS18F1009P0002,5.07555247211509,15.0073216482604,-4.93279169994392
TMS18F1059P0010,-94.450954648198,-3.52234580586044,30.8851294086026
TMS18F1009P0020,-29.0726670861127,6.07648659678028,-2.78465781564552
TMS18F1003P0011,-29.4364142186959,-17.9022402845001,-2.14229187789376
TMS18F1163P0004,-28.5811474379948,-8.77389231629058,-9.31254147727591
TMS18F1150P0012,-33.8789271604239,13.6996398686056,-1.53287361199776
TMS18F1150P0007,-30.9408992376877,-7.10887629335166,-11.757636251166
TMS18F1120P0025,-33.933098845626,-3.56843141369643,17.1110611617893
TMS18F1148P0001,-17.9166929824376,5.48996259003288,-11.8391976830001
TMS18F1159P0002,-17.3769788561782,7.04134616744027,1.52912333986845
TMS18F1146P0009,-33.3114147002033,9.46786356538631,-11.2932822358578
TMS18F1101P0008,13.6180524728763,-10.673412517827,-1.26722030100344
TMS18F1141P0021,0.511848401808854,-3.12017389184333,-1.54742266657189
TMS18F1147P0010,-28.8968734564472,-40.475052052514,-11.3425235139386
TMS18F1152P0017,-14.4992867964597,25.3978286104673,-12.2499161035108
TMS18F1161P0029,-18.6585328951276,1.03309948362456,-13.487376122442
TMS18F1141P0007,2.16421003256367,-9.61681193069844,-12.4700645210226
TMS18F1124P0006,-34.0342413696164,-4.68993648044428,-2.85376920786772
TMS18F1161P0009,35.3245036884957,1.69274692837785,-4.39237054975653
TMS18F1159P0011,-35.6352677275596,9.27643161084686,2.3105773357432
TMS18F1146P0012,-88.786215929205,4.39977077821893,-1.52686415196515
TMS18F1162P0019,-37.0359378339122,-7.58606181274259,-9.61992445717972
TMS18F1162P0018,-34.8599994579835,-5.01980680701096,3.04000602459758
TMS18F1163P0008,-29.4051338500569,-13.8579376940812,-6.30627098451894
TMS18F1094P0010,-89.023252773268,-7.83091146847648,9.76185430510749
TMS18F1143P0036,-28.4732265819983,2.65174391936895,-0.711037602892039
TMS18F1124P0017,27.9797528355244,16.6344558769744,-15.4390766424916
TMS18F1154P0003,26.1504865338834,18.9097109203434,-23.1227812754742
TMS18F1024P0017,-48.0218297013688,-25.2723702600803,17.700370138784
TMS18F1024P0031,-39.3783926160373,-8.8526122593286,4.82072095176747
TMS18F1024P0005,-84.1039425220826,-7.47091956130922,7.92490770092074
TMS18F1032P0018,-30.8768915308088,16.6429801331623,9.33200405047434
TMS18F1149P0020,-31.6080604553374,6.72767002268298,1.28131416634313
TMS18F1150P0015,-37.3959492204537,2.07248915179074,-9.97418765716244
TMS18F1094P0004,31.1319221938735,-6.21432658530869,4.0276124332736
TMS18F1073P0024,-34.4488303616493,-11.7901112932424,-3.17455561963812
TMS18F1020P0026,-62.3321808242682,-16.3382869305953,5.11331693928346
TMS18F1020P0033,-86.4458228382617,-24.8441917568123,7.94184864585707
TMS18F1073P0030,-47.2548759775691,-8.50116939072701,-12.1532708616654
TMS18F1159P0001,23.6894018238339,39.1818493043961,-10.830008130656
TMS18F1095P0020,29.061285398689,18.7746492673261,6.48224977790247
TMS18F1040P0005,-19.9662023451179,-2.23724829966749,-9.85452498802798
TMS18F1047P0045,23.8147839898534,15.7554303847308,-55.425785352872
TMS18F1003P0010,-21.8783817911215,-9.2307859904817,-13.118215778133
TMS18F1047P0012,7.30005949608515,-12.9305321752914,-38.9756775522009
TMS18F1152P0003,31.797220384047,-17.9334335246992,-42.7869685670389
TMS18F1150P0011,36.3785795346246,7.59410571013917,-28.6284995924053
TMS18F1024P0020,19.0655180201931,16.6151420489374,-0.463071841208974
TMS18F1044P0013,-29.1877635354507,-13.3514851394555,-36.0385284194495
TMS16F1016P0007,6.88550332662137,11.634401311727,7.04586858773631
TMS15F1474P0007,-26.2148866507752,-18.9764803080643,9.56285388859787
TMS18F1047P0042,-28.2727771312631,7.08854711039606,-21.2460824265289
TMS18F1153P0058,35.2107795640736,-19.3211542282902,-25.1850294631896
TMS18F1125P0004,31.5687447829669,-34.5854954533803,-25.2630513719878
TMS18F1132P0062,-20.8928875858931,-17.2224246393856,-6.96195860416594
TMS18F1004P0008,-4.96848637959383,7.82184082786299,-2.49500727133105
TMS18F1051P0059,-57.8495754378811,6.07215868142131,2.20180318599018
TMS18F1056P0066,-12.4972196154739,-4.91147686227193,-12.82700547914
TMS18F1153P0053,-20.7886751098619,7.96646344115539,-11.384285731784
TMS18F1068P0063,2.67133625058028,-2.74418524065607,-4.92160341123091
TMS18F1047P0049,-39.5076828886053,11.7688802071045,-56.5966695159506
TMS18F1028P0003,-20.4666399812942,-31.3560021056719,12.4574314526836
TMS18F1007P0004,28.7488815091814,15.4485629075091,-53.3062413427782
TMS18F1096P0013,-38.1150285069279,-29.6420360876643,-24.2866191856771
TMS18F1076P0121,-64.5032126979412,-19.7764100640051,4.62006677593563
TMS18F1127P0011,-2.92697180880259,-8.93146790360526,-39.1954654926886
TMS18F1069P0023,-14.1658172630998,-51.1474825976195,-0.843442877977889
TMS18F1019P0018,-13.7940218465209,12.8623952264921,-0.0062816145755485
TMS18F1064P0027,22.4791192197249,8.71333076125915,-54.6929928557494
TMS18F1120P0004,-42.7585300033647,-46.8588142607187,-16.5193198610275
TMS18F1082P0024,-24.5678519294349,-27.9424056814688,9.84142782174343
TMS18F1076P0106,-22.8304968868482,-31.6991777948884,-28.3077402560802
TMS18F1038P0056,-23.3108952200905,3.55040702692351,-43.118242950109
TMS18F1149P0024,-31.4274097592229,-19.573030739899,-0.382170125603947
TMS18F1068P0077,39.1303719310767,-17.3079604097748,5.05018361747876
TMS18F1055P0036,-14.3830504009309,8.20949936756244,-2.70691058153648
TMS18F1007P0005,-28.0615863784455,-0.218287135117389,0.279828023714688
TMS18F1076P0110,-31.571891984625,-17.6109872760143,-31.9779057954649
TMS18F1085P0012,-34.7030535732669,11.8493542948257,4.88001105562957
TMS18F1056P0019,-20.6649835497979,-45.7024491801234,4.77218239877696
TMS18F1028P0030,-68.2139710073483,2.95933989019628,15.3039980516661
TMS18F1041P0002,-19.7766103135619,-31.9932764603646,8.23795936384125
TMS18F1003P0009,-28.5921169571763,-25.9397044307391,10.4154951340871
TMS18F1069P0033,-85.3790092234889,-30.0914718883157,3.67594478858576
TMS18F1060P0067,-32.8453926181173,5.90852697722997,-58.2677346604301
TMS18F1132P0078,44.4222883095426,-45.4856574276637,-0.687394546560951
TMS18F1076P0103,-43.417857129384,-0.920803165388512,-13.6525464231807
TMS18F1096P0024,-36.422069023128,-0.125737386375827,-0.735307506635275
TMS18F1156P0016,-34.1023320777925,2.03490050552688,5.1564923760155
TMS18F1003P0003,-29.4789855394929,-10.212458606524,-44.3511106326694
TMS18F1047P0046,46.8960585623629,-45.6812907298214,-6.1320795882331
TMS18F1048P0023,-17.9903208582506,-9.18981188035115,4.32309597328055
TMS18F1076P0066,37.9303481515097,-30.1214796024497,-40.8294895245185
TMS18F1040P0044,29.9747270452886,-6.91403043294087,-41.2387080919138
TMS18F1051P0063,-24.6667156401382,6.24303457033689,5.12853215992601
TMS18F1076P0112,20.9794888795896,9.30841767486444,-35.8629663187036
TMS18F1063P0008,28.7962918830598,-1.78655491242753,-48.3195518152158
TMS18F1038P0010,-23.2714214990574,-5.88236359737397,-32.7523469240738
TMS18F1107P0020,-95.9474725766178,-3.69127196117962,-10.8400534860949
TMS18F1073P0035,-32.6077371849934,-1.4825788995874,-7.78145223453886
TMS18F1138P0035,-34.3447624614558,7.53355909691841,0.84485378829021
TMS18F1081P0014,-22.8848196891796,-37.4822503481378,9.32164617817174
TMS17F1439P0047,3.95445905606635,-1.56965951330815,1.35818379020397
TMS17F1420P0003,5.20094620361219,18.9944267351556,-20.873883840975
TMS17F1386P0069,-20.9070408189017,-13.0105708224079,1.96620149076818
TMS17F1366P0037,-27.4631256866497,-25.9357808547936,3.16938178354651
TMS17F1416P0013,28.187067401777,9.32627309650913,-15.2204836021033
TMS17F1194P0005,-20.2291923614623,3.60416595924855,11.2127780738177
TMS17F1322P0001,-54.3322810078984,-5.79312341674864,7.43202979202962
TMS17F1071P0008,-29.6761110858953,2.12248438309596,-0.980856122753166
TMS17F1439P0095,34.9806199674256,-0.425499496542788,2.34064881010772
TMS17F1409P0014,14.0082999012877,0.682532407016642,-18.1963193963489
TMS17F1416P0007,-30.0528391530486,-8.20436593019573,-8.90706255857681
TMS17F1477P0001,-23.307799460923,6.79815729432559,39.2588608977431
TMS17F1364P0003,33.3955417520566,-25.1425556509835,1.02565642141047
TMS17F1028P0001,-23.2399693372912,-22.7028482859398,9.48430046817164
TMS17F1411P0006,28.6618710549147,3.27321115915019,-19.5872491792289
TMS17F1413P0007,24.2764753245394,3.10309958120697,-9.97354368321495
TMS17F1454P0036,40.1186977941972,-26.0213282117495,-18.5343500433742
TMS17F1482P0027,28.203850235307,4.07408306770598,6.98687028618255
TMS18F1035P0011,-18.3542513055857,15.0398896144943,-1.5264320558773
TMS17F1388P0034,36.3455802273765,-6.40360231499939,6.16781852325584
TMS17F1566P0010,12.9565652495931,-4.82350129907606,9.83325076704915
TMS17F1375P0052,-31.8721839044213,-12.6966392424351,-17.9840824026005
TMS17F1362P0002,45.6835227865712,-34.1631198085714,-5.24907260654627
TMS17F1419P0077,23.7574038347018,7.62536238110608,1.80404896291259
TMS17F1395P0019,24.9446308718871,6.07329967892234,-3.73424350110041
TMS17F1055P0019,-36.8016299755546,9.04902765559604,-14.0647840586351
TMS17F1363P0001,34.0572754710546,-5.00633712003972,-7.10345178900629
TMS17F1533P0001,-20.7460609342724,10.5288932245704,13.2298954409893
TMS17F1061P0067,25.8620968881857,-8.23873442805558,-9.55535869097069
TMS17F1467P0005,-18.9241815004468,-24.6560708507197,20.6825945692576
TMS17F1477P0045,-26.9823464134635,9.94234783482023,26.4026321947476
TMS17F1362P0015,-21.9373487075694,-47.5580529359457,-5.93905903809017
TMS17F1034P0003,10.4931097395078,8.92823547177498,-16.3980178655521
TMS17F1283P0010,-36.6297939371742,11.9511540784609,-7.20771146283732
TMS17F1387P0008,-28.4071459383058,-11.8724217932591,10.603598214656
TMS17F1377P0009,12.4734019996206,17.8620215852176,-10.0447608016374
TMS17F1308P0012,-78.0139289636759,-10.2662335543017,-5.71235361784338
TMS17F1411P0063,-27.4361498308344,-11.9450347265258,-10.0247174866821
TMS18F1324P0003,-101.990152028789,-43.8646345218356,-42.3423874130594
TMS18F1366P0014,-1.63812759496264,5.1254537178371,1.95113958871864
TMS18F1320P0101,-18.7815444088236,-41.1629984756239,-20.526709356924
TMS18F1331P0013,-25.6671983596709,-29.6176065007047,7.24139767698046
TMS18F1371P0001,-39.589789646639,45.305813733384,-10.3603683250991
TMS18F1408P0006,42.6646563635615,-1.8558034759564,-12.8727263403015
TMS18F1318P0018,-82.3512063559265,1.34895270730259,-46.8934010836093
TMS18F1324P0070,-39.0151585070144,-39.905344241513,-55.8754854895442
TMS18F1317P0059,18.0030677729574,3.34409722172903,-72.7133173263269
TMS18F1485P0020,-23.9275637392359,-32.3164100568391,14.3430056657053
TMS18F1369P0023,27.7440422510194,17.5215066199681,-0.022344879339568
TMS18F1339P0015,-27.3986912512052,-23.8786990760422,-19.1854710407406
TMS18F1377P0007,-28.0929917373531,-5.93754999204447,17.6131194852398
TMS18F1338P0053,-31.6885525455461,-31.5672021619017,-37.2342386014669
TMS18F1377P0023,-33.8440985827868,-7.53056023395038,-12.3129943825429
TMS18F1333P0012,-30.3921273817698,-15.7814771380005,15.9823299440091
TMS18F1369P0014,29.771659378942,14.8946326907853,-0.168264417058523
TMS18F1330P0008,42.1093225241755,-27.0110155648212,-15.1897945304877
TMS18F1421P0005,-25.5552423054906,-16.4818258881612,7.58974224401894
TMS18F1371P0011,-37.2205421272632,26.6481137260845,1.42571352414862
TMS18F1426P0001,21.3431877909801,70.081895112847,-10.3198431005893
TMS18F1421P0025,-30.2669235653685,4.92905495275509,15.7500199479993
TMS18F1337P0044,-37.1956281438213,12.8753860330858,-23.1235593626893
TMS18F1320P0087,-21.7327070378051,-41.5546766857398,-30.2170564036599
TMS18F1278P0165,-38.3504754916541,-29.8511290243915,-44.9057201310341
TMS18F1342P0017,40.3530053351192,-31.037247943618,-10.3717607700998
TMS18F1369P0015,28.7998372429055,8.04931726139831,-6.8481083201865
TMS18F1367P0030,23.9537364864782,32.2947019130477,0.0106172366155324
TMS18F1320P0086,-21.7808768716357,-45.4539557098763,-30.7193509318223
TMS18F1396P0017,29.001203133905,8.15667803268362,-6.24831753054615
TMS18F1395P0010,30.283985091728,44.2257343174803,-17.1526069853359
TMS18F1319P0159,23.5214673169964,-28.8898289091587,-73.5691086606431
TMS18F1217P0121,-43.5343212249491,19.5685702926984,-11.153605144007
TMS18F1349P0157,32.2988785335011,-45.7555259134165,-27.9976197712146
TMS18F1352P0002,-19.3330083660597,-33.4133198710275,8.52143229903535
TMS18F1355P0025,-38.2389222146732,4.34930915052283,-61.1006556058884
TMS18F1373P0028,20.7301254865899,19.50173760173,-34.4235529856516
TMS18F1361P0018,-39.9965928798565,-4.08244649192831,4.13404642507995
TMS18F1250P0050,-38.0079632235655,3.03593936505886,-0.491311952111041
TMS18F1217P0091,-54.7160035581024,-7.92501281838896,5.95619647134847
TMS18F1348P0039,-88.5896669812265,-7.81556102011755,-15.9274192388538
TMS18F1217P0095,-91.7086578519496,-2.74263316986547,-9.02422265769175
TMS18F1330P0020,-26.454184573319,-19.8029160463576,-27.7719111723674
TMS18F1278P0180,24.7738971580967,-24.3970936874195,-62.4244201577164
TMS18F1265P0030,-32.9245298894403,-3.92502622805786,-49.1628477464517
TMS18F1424P0020,-21.5471309127143,-37.1228154814542,15.5407925097648
TMS18F1317P0123,-1.35787090590979,1.35722729359265,-59.1504875868812
TMS18F1319P0033,-101.443444296703,-46.5365083861685,-57.6602518527675
TMS18F1409P0008,-41.6865460842691,5.56997849302499,-20.0430621103959
TMS18F1324P0107,-46.0030934944525,-22.5583449772458,-75.5415252375491
TMS18F1336P0015,-38.4583088688786,21.2026992372068,-50.7491555276552
TMS18F1296P0071,36.6488434070418,-38.1648433666117,-3.16310054773386
TMS18F1480P0032,40.2965638813741,-11.818392000655,22.815584555502
TMS18F1348P0156,25.7513698081071,19.1535261473549,-26.2720807076259
TMS18F1389P0031,-6.35557586777098,4.79454261405337,41.6159803910358
TMS18F1447P0045,29.8584575889509,48.0779005497376,25.3393327458924
TMS18F1370P0008,1.39326537245111,28.3037777671366,-20.3977230933691
TMS18F1345P0001,-26.1048814695512,-40.3420224725001,-30.6018796078996
TMS18F1306P0129,-34.0002362613047,-18.9577972433244,-48.1321172076227
TMS18F1383P0019,37.8956697865213,38.8541323768033,39.0474152709626
TMS18F1319P0061,17.034940050592,-14.3723277726433,-83.0295452986889
TMS18F1348P0131,25.0750139759768,19.2009979055468,-35.0219197879945
TMS18F1338P0116,26.5373284022766,1.52680544053251,-50.09458742831
TMS18F1359P0001,-66.5352334783976,-25.6258579705174,4.5233982622697
TMS18F1338P0085,-78.3840573546168,-38.8114607578325,-31.0235257931721
TMS18F1317P0048,13.9775565374038,26.5199655916574,-69.3526801689186
TMS18F1369P0010,0.0768406583067032,7.10528985019272,4.34846863239371
TMS18F1339P0012,37.8218953811406,-2.93704141086415,-11.509327039401
TMS18F1480P0023,44.6750094512538,-27.45160187551,24.5687320636483
TMS18F1338P0067,2.75387836323777,-9.05877852709522,-42.3217638060304
TMS18F1306P0130,26.1327911233337,-2.0321659909514,-55.8551066750884
TMS18F1344P0100,-65.8506862590207,-44.5237974688288,-57.2529952698715
TMS18F1324P0092,-107.809815498985,-34.0673540674067,-60.3000124526407
TMS18F1240P0026,-31.7375341335497,-10.3247055090367,-5.34449268743162
TMS18F1352P0016,42.6999828305501,-23.7860521963376,-15.2947703862829
TMS18F1320P0051,36.884506683164,-33.7317506658091,-43.6265506752124
TMS18F1364P0022,-26.3802095706523,36.4520676059496,33.0776832689147
TMS18F1335P0001,27.153700522165,31.5096963615313,-54.3393873420909
TMS18F1362P0007,22.9000979362975,11.2576046531283,-18.7990736947162
TMS18F1309P0074,35.9523760874313,-2.28889561444687,-35.8549801435398
TMS18F1391P0004,46.5324577901305,-5.28488239393915,31.1092073343524
TMS18F1314P0042,29.6122746969664,39.1420685133338,-32.5238541562426
TMS18F1343P0064,-105.705583453598,-40.6484013573552,-47.8650518875482
TMS18F1353P0017,-25.7123464429677,-35.986488325719,13.9583866656058
TMS18F1348P0051,-32.5018690697326,3.84981928826399,-18.0227677668912
TMS18F1350P0056,42.967783069253,-41.9078520770554,-0.0171823878526164
TMS18F1330P0009,-24.8848081924339,-20.7898306273167,-28.2039210922348
TMS18F1340P0001,-58.1731627847484,-25.1642347716653,-22.7796079746153
TMS18F1365P0022,-1.63901107638234,37.8997843354217,24.218469451181
TMS18F1336P0014,22.6292388456812,47.2382183959258,-67.9743172121317
TMS18F1334P0003,29.5361285437349,10.4808547068661,-35.0798772003515
TMS18F1278P0183,-99.4872411953466,-52.5686292191653,-33.1889287519078
TMS18F1365P0005,31.1026905355392,47.9462921377462,25.3129642385189
TMS18F1338P0013,-57.1351435952406,-27.6449296338827,-38.5529752774489
TMS18F1324P0089,-55.7022630263418,-23.53369421259,-54.4339485642197
TMS18F1233P0013,29.0601646856515,18.1243672494669,-27.3857478419674
TMS18F1295P0023,43.5219312188333,-30.1221693535525,-14.5561851970115
TMS18F1332P0002,37.5308197772861,-13.0420314432489,-4.2341714130611
TMS18F1303P0027,30.2255777819407,46.2895822147706,-54.5764501363924
TMS18F1349P0064,-19.8654115140878,-49.802354265995,-19.8610076248187
TMS18F1264P0058,25.6494775486905,18.7832232595966,-77.579520103492
TMS18F1305P0017,24.7743621735532,52.8542038035295,-52.4635238765338
TMS18F1329P0011,-32.2460408665121,-9.35250064200747,-39.6427039263171
TMS18F1306P0135,17.672791783858,-12.242463284794,-59.5025929754897
TMS18F1333P0013,-34.5628486902643,-13.83089733666,-20.3203569276088
TMS18F1208P0004,-98.4398175731,10.746979098384,15.7803515175356
TMS18F1262P0015,-12.2765171146252,-16.6951755024644,6.30852465340879
TMS18F1210P0021,7.59090434229639,-18.7869882686644,-3.41864220603748
TMS18F1207P0008,-28.9523467463639,-1.36854188631626,2.21667135852969
TMS18F1165P0018,-33.5626171431276,12.2711039364587,2.56175293178305
TMS18F1217P0034,-11.3945597716079,34.1972003221634,-27.2894376919891
TMS18F1215P0027,-60.8990854289427,-7.70884328950225,-2.87516920886173
TMS18F1298P0017,40.4184639217226,-22.7891718147872,-4.80101013974643
TMS18F1277P0007,-41.523000149602,13.18916409237,-59.4582241704595
TMS18F1302P0018,36.4511327799428,13.1814565039308,-27.4409817723007
TMS18F1205P0010,34.511021052103,-10.7761893620321,-6.93393677374676
TMS18F1218P0003,-91.5069960064811,-22.1929209533505,8.68273039372138
TMS18F1180P0033,-35.5747964338074,11.5433730199301,-0.813875870755186
TMS18F1189P0008,-20.1393292535718,8.36479156272572,-3.47346928087503
TMS18F1311P0007,-0.102170252402625,11.9510322774185,-1.89788485824358
TMS18F1286P0012,-43.7142573270167,-48.376333852517,-16.914028844223
TMS18F1286P0006,31.6713767665842,-36.1598120779588,-26.1953383413631
TMS18F1260P0004,41.914460832009,-20.1274468057075,0.141648010500432
TMS18F1220P0023,29.2853119458607,4.36797751281588,-9.94016177875801
TMS18F1278P0009,24.7867103706012,-27.7289552482754,-61.1323315505346
TMS18F1165P0008,27.9536276954895,40.9078487468707,-17.1194735645263
TMS18F1225P0002,42.0493402510909,-20.1955000868543,-0.241315958362382
TMS18F1217P0026,-57.0099574430035,6.94336048351186,-9.51534317056929
TMS18F1276P0010,-3.01659630284594,30.9649095750465,-65.9943991615598
TMS18F1305P0019,-34.7532973558845,37.1504929965324,-36.4570944818389
TMS18F1447P0017,-37.5591253714213,49.8013945893406,19.0618424693089
TMS18F1295P0030,43.2914763576858,-36.8320591309009,-15.2293190778389
TMS18F1209P0015,-93.610046001167,4.14737646013271,23.9469061821755
TMS18F1211P0035,32.2588351006485,3.92216126118692,-9.51263384608177
TMS18F1205P0015,-7.00662633439517,-4.54651745220143,3.27593675794527
TMS18F1272P0026,-34.7992551609323,3.54420159029877,-50.0784284574029
TMS18F1192P0009,17.830387234477,10.0245629812051,-4.14787865258872
TMS18F1180P0018,-36.7010367374855,19.3250869351565,-7.49373083771224
TMS18F1399P0033,49.2638870450489,-15.4775971566004,32.8922969825911
TMS18F1341P0036,-75.0198388949912,-14.6712146581775,-6.25471505465321
TMS18F1178P0046,-34.8515216857648,8.070192881199,0.808651156191808
TMS18F1325P0032,-30.0804729036655,-35.1855718128283,-39.0408835649787
TMS18F1221P0059,-12.0457086022072,-18.1066925602583,5.92753756982309
TMS18F1305P0130,25.2813225807573,52.637559713561,-48.0054314589673
TMS18F1348P0157,-92.7796775722318,-14.7362066552233,-2.14578700796871
TMS18F1341P0037,-92.8266796061811,-25.3982047594781,-6.56453996745945
TMS18F1186P0030,-29.0035284623964,-2.82680255020901,-1.06418227014056
TMS18F1305P0138,26.9447146491131,36.7474662528793,-60.9984082831049
TMS18F1338P0089,-38.7617081465329,-33.0603114952821,-41.0095393639146
TMS18F1355P0081,-37.7217884873683,9.31615902332428,-54.8571151220915
TMS18F1338P0115,-102.223876225107,-34.9839371734809,-30.4311108400714
TMS18F1353P0038,-32.3574274423265,4.8714930893403,-61.3418651018992
TMS18F1396P0053,-30.2866552641784,-22.1805092638323,-7.70356217820903
TMS18F1334P0044,-33.2875870445973,-7.40232490709967,-30.1301515752527
TMS18F1453P0051,15.4593577218891,17.0764297731645,-8.42203698637155
TMS18F1259P0099,30.1046198698769,-20.1850087296574,-38.833686290658
TMS18F1302P0059,35.9871106352383,13.5663578965309,-18.4456322540966
TMS18F1395P0046,-5.87872660924285,24.786828162883,-0.533240963024903
TMS18F1344P0156,-42.5971742133972,-38.2676588836211,-63.2040588947113
TMS18F1310P0146,-25.95917202598,-3.84250621622791,2.19008857542909
TMS18F1344P0153,-36.5552144501336,-43.443475170509,-48.1591838303078
TMS18F1259P0131,30.7965911125032,-30.1849414139344,-32.977373866504
TMS18F1344P0159,-41.1894980043037,-41.2969930780664,-61.4758101815641
TMS18F1447P0077,-61.4365821675347,61.8252037858708,38.6197072834001
TMS18F1344P0152,10.4823067947055,-19.6412792378256,-73.0854697424319
TMS18F1343P0171,-45.5668532313619,-17.4269942041453,-56.0109147995736
TMS18F1324P0132,-41.3278615709566,-39.7593218898134,-52.7917667697814
TMS18F1309P0062,38.6433057615859,5.69813859579895,-19.8193427522638
TMS18F1265P0031,30.3726534073016,7.26595692268617,-56.2088105079926
TMS18F1310P0151,-33.9001370475315,3.13292541061072,-2.92746593176412
TMS18F1349P0142,-50.9663383044582,-52.5453632906088,-17.0797081271998
TMS18F1310P0168,34.5454094235252,9.54309433349211,-21.3087747477781
TMS18F1395P0038,30.6427624705461,32.7864944741306,-15.8037487830004
TMS18F1343P0189,-99.1870679685813,6.19604073393142,-28.2655350454804
TMS18F1259P0139,-30.0195983041305,-33.7603072394371,-18.3809355389335
TMS18F1312P0033,-16.3961208461845,30.646148960295,-2.7630200927729
TMS18F1345P0043,-29.3624536237171,-38.0741344125641,-35.9328076065677
TMS18F1317P0102,33.8875432180992,-0.406517063526332,-56.9246445822804
TMS18F1341P0030,1.44095375359907,0.448579993424443,-26.4817389036363
TMS18F1296P0042,5.92628960330148,-30.5496891183419,4.52074635820931
TMS18F1306P0125,8.7154965371943,-3.94914800991946,-49.9231949442111
TMS18F1306P0127,38.1077597704516,-3.10151089687472,-34.6843451353165
TMS18F1324P0135,16.367562855646,-21.9240112860186,-65.5816058568717
TMS18F1341P0027,11.5940360648453,10.1215919729589,-28.1671493895139
TMS18F1345P0056,33.798346724521,-18.7949927156449,-50.6901901612286
TMS18F1355P0085,-39.7428124838437,34.5185927060549,-75.3942650006544
TMS18F1310P0171,-27.2490594690479,-5.40263214071889,-3.71600161923688
TMS18F1258P0113,-36.0993254795188,32.9912400734608,-25.7821682218929
TMS18F1314P0033,-16.4123397060555,26.2151231461132,-57.2853690660454
TMS18F1350P0082,-17.7504121727033,-58.9251133893158,1.31778211156758
TMS18F1350P0096,47.3896319025646,-46.9016966106502,-7.98442169198654
TMS18F1263P0103,-30.2945978051273,-32.9195518794191,-20.8747954668845
TMS18F1324P0128,-43.4695993578811,-30.3067710753954,-58.9354145761689
TMS18F1221P0048,-72.3929349648257,-27.2985649824287,5.29003956944592
TMS18F1353P0023,-3.16028473240271,-10.4851680822617,2.62137760530603
TMS18F1317P0119,24.7569770825308,14.9563662226301,-72.2430911736517
TMS18F1221P0068,-16.0070383137615,-11.6696082343875,-1.95609382689934
TMS18F1348P0117,-34.5028542774201,-0.485926616214887,-19.0351089360781
TMS18F1348P0097,-18.578461781595,13.4947944793847,-28.0779521487232
TMS18F1341P0044,-37.397473763858,-11.3424302697877,-27.4477726854396
TMS18F1399P0036,48.7272950827368,-21.7202091488001,35.2942284603945
TMS18F1350P0067,-15.6880104556807,-55.0616082910848,8.72631277889598
TMS18F1258P0128,-34.3543227565384,23.7478568958865,-28.1332582945085
TMS18F1340P0027,-12.1924164638488,-22.8970767848366,-30.8364897101984
TMS18F1269P0031,-65.2274990338117,-50.5445842716372,-6.08897038774452
TMS18F1395P0058,28.9259822926488,42.2741592752879,-20.415586039558
TMS18F1298P0044,-27.2098985709689,-34.1306210872136,-10.7399830882049
TMS18F1340P0030,-21.044931959125,-3.13193201567839,-21.9235732171977
TMS18F1338P0108,-40.229219565818,-25.5509772730399,-53.3758345806549
TMS18F1310P0156,-30.5043922078448,0.720365965395139,-7.86859463955554
TMS18F1250P0049,-64.9845627388873,-16.0715783395357,12.5979318930609
TMS18F1361P0034,11.5736023501278,-0.256380102511528,-15.4367669326145
TMS18F1302P0057,36.315207262402,4.19320229134408,-32.7402177546487
TMS18F1314P0029,-40.2815821996124,21.0001918832443,-51.0871799619271
TMS18F1313P0032,26.3067208326876,4.75176404798595,-55.5756384729337
TMS18F1163P0040,-18.9336524773231,-6.21497956580718,-19.6978139592441
TMS18F1317P0097,-29.9243128101901,0.00530879294278994,-45.1505732320569
TMS18F1352P0035,37.2678616628835,-17.6340424839513,-5.65478124302257
TMS18F1336P0035,28.705857155384,22.9752493018859,-61.5568194306867
TMS18F1306P0228,-36.0149642669746,-7.47451687621252,-36.0301320149672
TMS18F1163P0024,-13.443887850223,-19.7528521093114,3.04517778762347
TMS18F1221P0055,-26.1205057303974,-19.7377342103282,-1.04883776684181
TMS18F1308P0138,-6.59696989248325,0.614944951044902,-38.849298697037
TMS18F1317P0114,-30.1932443746964,-9.8585702671116,-45.9825047244885
TMS18F1366P0031,30.6948319239771,10.9608714162594,6.479706729235
TMS18F1480P0048,47.9457916074469,-31.7281981924662,26.1931762369814
TMS18F1338P0087,-104.643363061953,-28.7623051552377,-44.5658263821907
TMS18F1396P0049,32.5820846593319,-11.3016800736108,-17.5114220414721
TMS18F1355P0089,-37.5912979474041,14.0810685373971,-59.6651611337148
TMS18F1359P0023,-1.47164941067389,-12.0046587917146,-4.46063477945727
TMS18F1259P0149,15.0467954692191,-22.1997037427639,-36.1961322768725
TMS18F1355P0104,23.262593722293,15.6494326296651,-62.7367398824448
TMS18F1395P0053,30.0862359861045,36.2166816677043,-22.1300745184627
TMS18F1179P0029,26.2344884380063,30.5399778255075,-20.5408487463418
TMS18F1343P0179,-105.973101802059,13.7646541738461,-55.4662716609389
TMS18F1481P0075,30.5847972551056,14.4654978455734,-54.5397046231572
TMS18F1396P0081,33.2880442770664,-14.4375775205301,-22.0450428086424
TMS18F1251P0039,9.28022386299402,-34.878740752612,-4.12545422039345
TMS18F1260P0062,43.4930525247039,-23.7489754237484,-16.4559110392382
TMS18F1419P0044,-31.6295362004202,7.83546283476498,-19.0244662280648
TMS18F1395P0042,-31.5019520498952,34.4885331881425,-15.7552707418396
TMS18F1334P0048,-35.8752332852566,1.81394741730622,-28.7178558036049
TMS18F1177P0038,27.155400524577,7.70937302657062,-18.3881845318405
TMS18F1343P0151,24.3253813230419,18.0104631383891,-56.6823560594439
TMS18F1419P0032,-34.5572850374187,12.4563297242303,-35.0980113551711
TMS18F1280P0145,-1.76691672854839,-23.3112540242979,-20.2959846718216
TMS18F1344P0136,-103.8934117193,-51.1856926539482,-43.2429528521517
TMS18F1436P0038,4.76777831079456,-13.0415805619652,30.4551524394554
TMS18F1310P0138,35.6356777195099,7.2778149439856,-12.8391129184671
TMS18F1295P0049,44.4414069088003,-33.9444421465586,-1.45703519441894
TMS18F1178P0034,-33.7175206767267,-7.39408109445695,7.54414910001895
TMS18F1355P0063,20.9866946963193,11.3884510361651,-68.2870944338501
TMS18F1353P0027,-2.42657929782183,-16.1819119332678,7.81156151852537
TMS18F1361P0045,3.15037609157323,1.06076033703689,-22.5761319685228
TMS18F1269P0025,-31.8728310412493,-14.5888845885141,-18.0581375388926
TMS18F1352P0047,40.8397713754138,-26.0853441188204,-1.73860057518297
TMS18F1339P0027,16.7339082916763,19.0890578321396,-18.6202638190817
TMS18F1344P0184,-8.74566301236236,-39.5044468921412,-65.4765314480593
TMS18F1478P0055,47.0798420109401,-30.4459664594749,20.9218982026998
TMS18F1421P0055,-27.6199808323212,-15.6744281344769,14.5073972642375
TMS18F1298P0052,36.159698338373,-13.1750725002779,-13.9431803140792
TMS18F1350P0086,45.7049231701943,-45.0437710817326,-0.983787153351454
TMS18F1282P0053,-36.2852123617985,-22.4962555657187,-21.4008187413466
TMS18F1350P0078,20.1636508803694,-37.284074166974,-8.39068314856942
TMS18F1276P0035,-34.2412895394456,14.4048025621549,-48.7028007292971
TMS18F1258P0119,28.9922367093318,28.6635733114966,-31.4980275487598
TMS18F1305P0155,-27.7266714799077,-15.1301453972778,14.4490886219558
TMS18F1259P0144,27.5270142844671,-6.54505249665982,-39.3221265826864
TMS18F1217P0013,-30.9993819206844,-52.222574656885,-18.2098652502734
TMS18F1282P0055,22.144391741081,41.2200780141331,-25.023201889281
TMS18F1338P0078,-79.8973668756868,-27.2747057895268,-36.1666946356062
TMS18F1328P0035,-37.8819932687719,-16.4369865366021,-24.4775683310202
TMS18F1308P0112,-30.8035069255304,0.937384070679764,-30.7564508408291
TMS18F1348P0139,28.7756255303967,17.2792075713438,-27.9296801045236
TMS18F1287P0047,31.0503967514543,33.6183982254107,-7.64973983721642
TMS18F1211P0026,-18.8988244619675,17.900254231072,-23.9393373775263
TMS18F1263P0095,27.3510899751954,-12.4155585658394,-51.0619626008729
TMS18F1419P0039,-30.3218556072232,-2.3457298528694,-17.4941546727385
TMS18F1340P0045,4.20236858677651,4.28355253125525,-24.3436279557403
TMS18F1343P0084,24.1337932804813,23.9908756868564,-57.4675835818188
TMS18F1336P0031,30.8900521743152,21.0757783905558,-57.3161311245329
TMS18F1287P0087,-31.820383272604,-37.7733123189898,-20.8441364681363
TMS18F1178P0025,-15.1607223241831,4.75892079505366,5.11130209341791
TMS18F1269P0003,-12.2777406102405,-7.92175581309263,-41.3831901465656
TMS18F1282P0038,-77.0899909184427,26.7519522059226,-7.7026120713969
TMS18F1355P0119,18.1602632838001,28.8929824913204,-82.8565348033024
TMS18F1344P0171,-104.524129160952,-43.5377301911427,-50.2334684253047
TMS18F1469P0066,34.0989152311954,-3.90808148613584,7.22612030093025
TMS18F1250P0033,-65.0457062986663,-8.74415344934789,8.219312674265
TMS18F1257P0027,35.277440384566,18.1497346823157,-21.065873569221
TMS18F1310P0109,37.343049607606,9.35603359186571,-13.0860292738009
TMS18F1217P0092,20.4591265555601,0.735054248072922,-19.8743929976806
TMS18F1396P0067,29.4107686302537,-3.39772575666285,-23.2187431387845
TMS18F1352P0041,-0.626999094517397,-33.9100594095164,5.1475652111725
TMS18F1334P0034,-31.1810498097011,-12.4080253597769,-21.1167661497683
TMS18F1324P0186,-48.2133637296646,-20.9849023901645,-74.4473782618084
TMS18F1250P0037,-32.82392760655,1.70150930496195,-2.43760868266027
TMS18F1343P0078,-41.9542971449123,12.1311542917128,-62.9360879249471
TMS18F1310P0128,-29.3807430229365,-0.119232212676283,-43.6400186296353
TMS18F1271P0002,-84.4983177322557,-0.00861183868146402,1.30015718389212
TMS18F1395P0033,20.0951889254338,1.59661550673048,-20.6718345700814
TMS18F1276P0049,25.8566251378984,13.9310051276253,-71.6727868392627
TMS18F1436P0062,-20.2559514660823,7.42576981532766,23.1948897154648
TMS18F1353P0026,-8.11078406007108,-17.5807227462111,-13.4766698191772
TMS18F1186P0025,-32.5744591642973,19.577109940338,-16.4299393645395
TMS18F1350P0075,43.7668611330505,-41.1721654515447,-12.6897488563643
TMS18F1353P0033,-30.2076402459775,-10.2288372028658,7.9443157428028
TMS18F1250P0048,-80.0614443795788,-13.1789992500144,21.4859472939486
TMS18F1310P0166,-22.5686625313606,-23.07739746804,-2.38557892123007
TMS18F1177P0042,30.4139043709275,2.00400260684301,-19.282863353356
TMS18F1310P0142,33.3464846219414,13.9263499953549,-13.3881187811593
TMS18F1263P0097,33.2264200024909,-11.4271456710174,-33.6248614032104
TMS18F1211P0033,-50.6699732202979,11.9131834762453,-18.1909016001452
TMS18F1355P0107,18.5008227936348,25.5969142471183,-82.5852410600007
TMS18F1419P0037,-30.6574939405302,-0.276725069985259,-19.0485744562304
TMS18F1270P0042,25.5312640273395,-2.43923273593912,-66.3890589781657
TMS18F1280P0080,30.5559359792916,-0.951416069953012,-34.0928696568731
TMS18F1287P0045,-46.8496294624049,-64.837494804768,-17.588393530181
TMS18F1324P0179,-33.8813858117764,-39.742934812594,-53.1096794383053
TMS18F1295P0054,-13.3178374867387,-45.1362142730264,7.1473411733947
TMS18F1263P0098,-33.8465621134599,-19.8014932434209,-36.6140902208015
TMS18F1355P0066,-39.0718076691938,18.6202618664561,-60.0453998066248
TMS18F1355P0088,18.9282931290545,-10.941814449075,-72.3088372719926
TMS18F1251P0038,28.6380098120087,10.6190275928498,-26.6695271053368
TMS18F1481P0073,23.1447923123219,26.017162397891,-69.3023989526378
TMS18F1258P0136,28.2181864148033,26.446100848087,-24.6169691513323
TMS18F1310P0161,38.4877034384036,9.46373575020961,-5.91049069427963
TMS18F1269P0034,-75.9520504569278,-6.88111246488256,-36.1467076587349
TMS18F1280P0152,25.7871351882414,-3.81421800208651,-38.4933955494713
TMS18F1280P0105,-35.5766809913494,-4.42900199638679,-21.4240885850245
TMS18F1280P0103,-29.1271069352658,-38.4214142657543,-13.3066042003094
TMS18F1421P0050,-29.1892114678073,-13.0441825847474,5.68496244887634
TMS18F1336P0029,-38.9800236076098,25.4732726226099,-53.1623588313701
TMS18F1272P0038,-35.3369084180745,3.34638100926896,-45.7470158500526
TMS18F1308P0096,-2.49471071043408,2.3484800477657,-44.7916728336383
TMS18F1280P0092,-32.6320895173965,-27.5514173188326,-22.1322983762773
TMS18F1258P0122,28.7925992033901,25.5333360752674,-37.2619760808287
TMS18F1306P0230,12.7976959912026,3.81889412051717,-59.3077624136951
TMS18F1359P0027,33.3642867950737,3.10790858220053,-9.25471673179377
TMS18F1259P0098,-30.0464033271744,-31.4858057894834,-3.85223487476253
TMS18F1217P0079,-37.0919730704672,25.640271355421,-16.1956677825792
TMS18F1276P0027,-10.308391067073,9.81275075785357,-54.4415680399688
TMS18F1306P0237,26.0296849874746,-8.28269248045432,-59.1072540000742
TMS18F1320P0113,40.1061584723741,10.387324790835,21.2198687224781
TMS18F1276P0041,-38.0118013669132,12.9050105681779,-60.2368138469545
TMS18F1348P0134,-38.0886694878364,9.56720182338627,-23.8037252999536
TMS18F1361P0038,-13.4422376904224,26.3074115554294,-3.94897972658894
TMS18F1175P0039,-36.5655794211055,9.8611732727838,-12.5722205292317
TMS18F1276P0028,5.04448223795091,7.80069954505566,-58.5365817477107
TMS18F1481P0054,29.7788805330292,6.55860704143401,-55.2274459495593
TMS18F1263P0109,30.2386000142032,-7.74797425671478,-36.3356428879126
TMS18F1276P0042,24.0713419128929,27.4338758554199,-76.7698644245124
TMS18F1280P0120,-9.21295941500759,-27.604728256008,-18.5370266126947
TMS18F1306P0121,-25.7766185634433,-36.7112626172803,14.889870122514
TMS18F1355P0113,-32.1294044288328,19.7297537024651,-63.2721189246363
TMS18F1259P0133,40.8555197046458,-5.33119101041419,21.6223485622348
TMS18F1359P0024,-0.721353389204774,-14.3628724663545,-4.01885107869993
TMS18F1353P0037,16.4530791286573,-10.6984124247851,7.62003328447671
TMS18F1344P0158,-85.9154037758057,-30.1196392161134,-59.2019188506856
TMS18F1395P0050,32.6237328750348,32.8429714846905,-12.4163337248663
TMS18F1480P0036,44.5068848910124,-30.7082363994356,24.4380506277628
TMS18F1280P0130,-30.4138422371907,-29.4252655259247,-11.9209197679363
TMS18F1305P0100,22.4523757531096,43.7744434577299,-62.7621808181886
TMS18F1186P0039,31.0931591925943,10.4398905956464,-9.18239957067453
TMS18F1260P0056,42.2937597107142,-26.5082248515788,-18.6821214191048
TMS18F1258P0088,-14.4519001321803,20.9735345058299,-16.0253698337344
TMS18F1251P0037,-24.9306445278404,-38.9174092406768,3.98569487354686
TMS18F1260P0060,45.5750559648663,-22.3709049816003,-10.4615985401247
TMS18F1277P0072,-58.6595699984206,17.3726781955992,-51.6821251766714
TMS18F1421P0059,-27.3209132689542,-8.5513158027492,12.0397132131004
TMS18F1251P0048,6.77165490039821,-26.3118985246819,2.32894903860597
TMS18F1348P0110,-14.1797241711151,15.2106397066277,-28.6878763864844
TMS18F1260P0052,44.4497771703242,-25.1372593248025,-7.64702430963536
TMS18F1344P0164,22.6221834591754,-24.5817679520375,-71.2653922809541
TMS18F1472P0039,37.420581628771,32.4908712135448,-8.1309531021992
TMS18F1436P0041,-19.1835302079801,3.36932998122243,21.2485188542357
TMS18F1277P0066,-36.537810980062,-5.76768996578473,-45.6702490967235
TMS18F1320P0109,6.89045954140604,20.8826217088583,-6.43267026062358
TMS18F1231P0024,-32.3781419810338,9.52282227481045,14.3279579603544
TMS18F1264P0109,43.9883899708902,-23.0135296698907,12.4434462374971
TMS18F1306P0277,24.0797542933997,-1.7707881780536,-59.494162525209
TMS18F1308P0122,18.7868421988038,7.62437645525058,-5.79821701578044
TMS18F1306P0272,18.1646350210693,0.314431638222532,-55.2892030168643
TMS18F1324P0199,-49.2600808722781,-21.5978645398879,-50.0786671227587
TMS18F1238P0063,-31.8097751115885,-2.15649600791823,-8.67598339408734
TMS18F1306P0285,-25.7997737792033,-19.9047251750332,-48.0187565488597
TMS18F1177P0064,27.1013221873203,15.5463278055609,-25.1377910111431
TMS18F1177P0049,28.7415565787202,12.9926692271518,-18.3394898582242
TMS18F1481P0043,28.2209626293487,20.2292335348474,-64.3500461472919
TMS18F1480P0033,45.4217177652158,-21.0184577270204,28.7672785466838
TMS18F1324P0169,-1.97288191640072,-30.0193743096804,-74.5895029848568
TMS18F1344P0150,-38.6193953664678,-37.1484977430639,-38.0426744933496
TMS18F1258P0124,29.8373048639903,27.4623650706275,-34.1517827582792
TMS18F1258P0084,25.7146111397362,30.0461364227386,-45.1632562758255
TMS18F1317P0093,26.8887051158042,15.4504877777927,-67.0059450189429
TMS18F1186P0035,-26.4261798763139,-2.59062636883096,-2.0195305334933
TMS18F1332P0034,12.4539930279771,-44.1314384342191,4.72603575311081
TMS18F1313P0038,28.6637911786678,5.93546566422728,-51.6403733732242
TMS18F1259P0083,-30.0640444417402,-49.4167124183459,-20.0213428976594
TMS18F1317P0086,-35.7592711992972,9.6228405047549,-68.0896686744501
TMS18F1352P0132,-78.8474025007459,-15.59795736293,-15.5920194537237
TMS18F1305P0166,-39.3509690258788,48.1720293041562,-48.5773536186469
TMS18F1324P0142,-40.7050107388145,-30.1618592469523,-61.6702047815203
TMS18F1280P0071,35.0349694109102,-30.7271608037427,-23.1700005066836
TMS18F1306P0289,24.4788864735717,8.20866883148622,-49.9596897419768
TMS18F1260P0071,41.8217293295975,-26.1837622674866,-11.8051777151641
TMS18F1276P0040,26.11017947954,-0.591341968671116,-57.0898077044049
TMS18F1480P0059,46.0328824636383,-21.0071875775138,32.5761292244217
TMS18F1259P0115,31.6424285156458,-10.7426737420482,0.470963317744605
TMS18F1348P0108,28.3705270685273,6.26117287348862,-28.4783317321432
TMS18F1227P0058,22.1365799672926,-27.1201245437617,-66.7988731738659
TMS18F1236P0002,-34.1373739185575,-11.1726570805184,-10.3254564834546
TMS18F1173P0009,31.0793788294048,19.1449493943647,-12.3081852965548
TMS18F1168P0005,-51.1722246410103,26.9565544483942,-2.37456406257851
TMS18F1175P0013,27.65401100877,21.2437755053672,-19.828338892578
TMS18F1194P0007,17.3475343406512,12.6667104912522,-16.8892503228893
TMS18F1217P0061,-35.1426405954002,5.37423626604457,-14.9098274616307
TMS18F1210P0008,6.93503917001709,-32.5343425043397,-14.48356731026
TMS18F1216P0006,-61.5949764043168,-5.6048532248438,4.97579528139475
TMS18F1199P0003,-33.1346016626497,10.857738851038,21.1574084234063
TMS18F1192P0021,31.4012487562454,10.9638453753396,-6.48743118908365
TMS18F1163P0020,-32.0045068427326,-11.7660152816725,-16.1882010937913
TMS18F1217P0043,17.6481931767442,11.2592873880734,-15.1638861089425
TMS18F1188P0020,-99.3597026092153,13.2394602607306,-9.99745571850592
TMS18F1211P0006,-102.123102381435,4.47567853496859,-7.6020900014968
TMS18F1167P0018,-94.0287610565888,-1.72055130026406,8.04991083435437
TMS18F1184P0024,5.54015290418034,-8.75912276397046,-7.35257280338004
TMS18F1214P0016,-69.4411906493781,-19.5786174381029,-12.0490443193334
TMS18F1200P0002,-7.59460895208512,9.00506171166412,-3.18467414007396
TMS18F1345P0074,-25.7640362962172,-49.3322969044535,-28.9539763822412
TMS18F1196P0019,-47.5828345132836,30.2130779223868,-13.9931215624958
TMS18F1167P0007,27.0287511712624,39.7490220502401,-20.630404905348
TMS18F1203P0014,-41.0264166737291,27.7367825794059,-25.7928868076289
TMS18F1170P0010,-52.6555793000163,12.3936169333277,-2.22604502799578
TMS18F1220P0006,27.232316807931,7.12537954914613,-6.85572943136707
TMS18F1264P0016,1.37939295619269,31.7137154846477,-76.7555756709137
TMS18F1164P0014,-36.0196343731217,10.51333348976,-14.71256715376
TMS18F1177P0008,31.8828530274939,-1.41781042696613,-17.3960763635344
TMS18F1213P0002,19.5756506851758,7.6767365033158,-26.9423890748529
TMS18F1166P0012,-15.2895923466263,-7.46127585057246,-0.987222009028286
TMS18F1204P0026,6.59147935858009,29.4720662885967,-8.55091451034295
TMS18F1223P0022,-41.3619256300329,36.4205120568643,-14.3147993631108
TMS18F1217P0002,-41.6282675442003,2.25442079685759,-17.898346573254
TMS18F1217P0039,-39.1299047578192,21.5182266842329,-28.3175227539034
TMS18F1217P0047,-42.8830089343117,24.1754718582785,-17.5903184640534
TMS18F1165P0011,-14.9787643362128,7.88601548495783,22.7244427216235
TMS18F1211P0017,-44.9405667345644,8.07751435249324,-17.8759586487777
TMS18F1186P0019,-32.6280020887218,13.9123268698032,-5.95649608323502
TMS18F1177P0024,29.2860273540882,9.46686371946218,-14.9780657695194
TMS18F1209P0011,-76.3951689037156,-28.7256325178955,1.16736619141181
TMS18F1201P0005,-50.9345723217875,13.7209848647438,4.18032896502213
TMS18F1171P0030,27.080917821896,38.9666510554972,-17.7834414464828
TMS18F1216P0001,-8.26590400908855,4.23896822276299,-15.2143917469107
TMS18F1209P0002,-57.8074607455279,-13.8619205222225,-1.57880126381764
TMS18F1211P0005,-48.1585865341937,27.0279108847448,-33.6497747949839
TMS18F1348P0104,-33.184898640624,2.09602745419046,-14.6877041446551
TMS18F1296P0045,6.63771574760698,5.04377532488024,-15.0281306504367
TMS18F1164P0016,-95.6770301060229,-14.7608113601573,0.23488477067967
TMS18F1170P0012,-56.0238659366433,22.3312504878888,-7.05467911659364
TMS18F1174P0015,-101.975724850012,9.08239530737651,-10.0170138365198
TMS18F1207P0010,-88.2196058090333,-21.1576137387834,17.9776180467436
TMS18F1170P0011,22.397525424813,27.0022340615701,-2.58180424812382
TMS18F1217P0033,-34.2637196222749,-11.339918394334,-10.8345701290175
TMS18F1191P0013,17.1887679485491,5.68266806578881,-13.1774342562798
TMS18F1167P0020,-78.9377924396017,19.5953653507705,6.63421839521211
TMS18F1207P0014,-78.3864298600742,-4.83285649120433,12.8821793451482
TMS18F1213P0005,25.9110926167071,-17.8837149928828,-13.2704987831641
TMS18F1189P0021,-99.5327734431125,-6.05574622584149,3.49514154145436
TMS18F1258P0070,10.1536238449157,34.5841596010549,-31.482513571376
TMS18F1263P0059,-38.1806841587049,-7.34394915570828,-50.0287695883334
TMS18F1294P0005,-14.785879111139,-36.3688912988138,8.47586102404741
TMS18F1280P0097,-32.5867287746271,-39.9720823212354,-12.0262477467843
TMS18F1297P0008,-24.0062432669496,-13.7321118341726,2.18575150831932
TMS18F1292P0008,42.1012142747323,-35.0737294181674,-4.60854369430727
TMS18F1273P0019,-42.6940544972149,-8.28949339720336,-66.7079577232745
TMS18F1264P0060,-19.4162823895827,-8.56061508062717,-41.4359227859537
TMS18F1279P0006,38.7877782872369,-28.8423263706641,-34.2982496136869
TMS18F1278P0080,-62.3762138125225,-40.0194049295829,-47.8207574864732
TMS18F1289P0004,6.4525489543267,-38.5487032042186,14.6404431184721
TMS18F1272P0001,25.8058973996357,25.2044532403963,-56.2237800485393
TMS18F1288P0003,-1.28972044750954,-7.40926514426189,1.65750247262341
TMS18F1287P0017,-8.54872363056885,-32.298015998986,-55.2972138312113
TMS18F1263P0040,25.9491451617422,25.241629115418,-55.7937365426852
TMS18F1293P0011,-14.0766715985798,-3.85031727770473,10.0821558327502
TMS18F1260P0009,42.2132576308291,-24.7160082547122,-3.05121767057513
TMS18F1267P0012,-24.7515945442344,-39.0388837430024,-0.371970158429256
TMS18F1207P0034,-42.7462754413081,-8.22634726075965,-66.9939801352493
TMS18F1258P0078,26.7106299039048,27.2232518114038,-28.3390081195803
TMS18F1288P0006,32.6982514083391,11.5826143734572,-10.5608817208043
TMS18F1276P0008,-4.20059836479761,-0.502511947704008,-55.6150041780266
TMS18F1278P0077,24.3279103886375,11.0580501615933,-10.017193648959
TMS18F1280P0031,7.29788921000251,-12.8613065419006,-24.7353387131591
TMS18F1279P0001,-13.1101159741927,-45.6553014843959,-29.1165020405601
TMS18F1296P0035,34.4140502019301,-27.3663013661323,2.57893471269665
TMS18F1298P0008,34.4617415125635,-21.1658675952629,-25.3312337223829
TMS18F1275P0004,-29.8863780858836,-18.5353919313127,-18.0688034540578
TMS18F1286P0003,-30.5646186495365,-49.603092925396,-8.99451223152062
TMS18F1263P0036,-36.3808134735549,-9.75686172932491,-39.7869316248241
TMS18F1263P0023,28.0678719088351,-7.99042986405399,-50.8042601121826
TMS18F1297P0006,32.3756140229008,-39.13915692499,-43.6396400556363
TMS18F1284P0014,-26.6804439293412,-21.3049726559663,1.47676999908312
TMS18F1262P0017,25.599379187308,-6.97112043402188,9.35478991677048
TMS18F1295P0024,-14.8048553466517,-38.2555831663161,6.81622024305093
TMS18F1296P0020,38.8573917800318,-14.1217914299212,0.681809393326329
TMS18F1307P0042,40.8974883175555,-7.16883559460958,-29.6821702935551
TMS18F1348P0102,-38.6742399399622,5.89700019540067,-17.9350205841819
TMS18F1280P0058,-32.764771865121,-27.9069353651911,-18.9582335208358
TMS18F1289P0010,-61.4937603652387,-39.265805533832,24.4897847469406
TMS18F1263P0064,-31.1619386526136,-23.4971037312826,-33.9653886946081
TMS18F1266P0005,-52.7344300388874,-37.9130657244645,-51.4894619757812
TMS18F1280P0032,-23.9706117494378,-23.7097135219813,-14.9496279943886
TMS18F1264P0028,-12.8302379811418,5.90770851996903,-76.203406365882
TMS18F1278P0037,-5.13168133114709,-25.2318242018909,-54.5178852548391
TMS18F1298P0010,39.5720323074209,-25.4662242486775,-12.7932410065453
TMS18F1288P0032,11.0825840923972,-17.0805539181393,-1.00978698218834
TMS18F1289P0012,-25.6713162900086,-38.903244221721,18.1353444576932
TMS18F1288P0031,6.01476174584459,3.31683445053932,-12.6378914359362
TMS18F1288P0021,-20.8802080879638,-37.7600535601758,8.49668043341671
TMS18F1296P0018,41.3205147709858,-26.4006233047963,-13.092672707513
TMS18F1263P0047,31.8686188437471,-13.3675476612162,-36.7289500311198
TMS18F1296P0027,38.4854306796568,-16.3701806499178,-6.72949899602168
TMS18F1285P0003,23.6405373879084,14.3036138362625,0.603318566850344
TMS18F1281P0009,-12.6456709577599,5.47174165688548,-76.4082182477318
TMS18F1287P0003,26.4093819178383,-27.9502854756443,-38.729039044145
TMS18F1297P0009,-9.82522177263619,-32.4237585270878,30.6347930109127
TMS18F1270P0012,28.4204595688776,-18.5647649147587,-59.0567773006869
TMS18F1294P0011,-15.7524470307029,-42.5665347725939,12.0494537726655
TMS18F1290P0024,-9.22990137925892,14.1220227700988,-21.5424698169444
TMS18F1279P0008,-24.6074650035383,-48.2425132738162,-29.4403612986392
TMS18F1273P0011,-57.718946529896,-7.94008958829854,-61.8743961661399
TMS18F1296P0002,38.4625824853754,-31.7109306032909,-3.80835280312377
TMS18F1296P0019,-26.7001408206393,-21.1731828826257,1.60686782483345
TMS18F1289P0016,-5.60955003011079,-23.6127771050988,15.6333929699712
TMS18F1297P0005,-27.334910671632,-53.0933311775865,-21.1695102676476
TMS18F1275P0015,-6.78050569380957,-25.6580313336617,-23.3951021958502
TMS18F1260P0023,31.989130355342,-13.0354297820884,-36.9646680355199
TMS18F1287P0005,-35.4155802461328,-42.202065206059,-19.5057629824043
TMS18F1289P0007,-59.7674328410355,-40.4997276158678,22.8066094661832
TMS18F1303P0010,46.3846166851389,-15.6737642968453,9.23606020041586
TMS18F1262P0003,35.7620510352004,3.60400659482367,6.64790935942546
TMS18F1286P0001,30.2932751622875,-36.5795633933541,-34.6333130029918
TMS18F1259P0022,30.5950878469683,-24.931846169143,-34.5098407024546
TMS18F1264P0069,-36.1301132923197,-5.30614975241579,-56.4747343923499
TMS18F1295P0022,46.9337471907521,-32.7118552599489,1.31401465051966
TMS18F1259P0069,-35.2689014650235,-21.6224375923176,-20.9775513355118
TMS18F1261P0015,-11.0876162028448,-20.4065978182532,9.07090802775105
TMS18F1289P0024,38.9245877998559,-8.18515743962785,5.32981982674737
TMS18F1298P0005,-29.9405903461665,-13.8121065557141,-10.3760907712391
TMS18F1278P0024,29.331289200403,-36.2773428633913,-54.7022279744207
TMS18F1263P0015,-34.2419076689972,-19.070495047437,-33.5574631596104
TMS18F1278P0032,5.81243794182319,-49.6273444096112,-57.2506793723559
TMS18F1298P0026,-24.0508186376062,-31.6787638857526,-9.18074533566987
TMS18F1342P0016,43.04081460432,-31.8471485921959,-0.429623498867272
TMS18F1298P0024,38.9954912070058,-25.8035073736988,-21.8904340217129
TMS18F1300P0017,-27.6771959144838,-26.2104966933123,-8.7493962718064
TMS18F1302P0010,35.1261263134189,15.4793446250253,-25.9014812078052
TMS18F1363P0007,1.0023317576534,33.6672254968434,-9.39746341262028
TMS18F1307P0063,41.7704315252056,-2.1544521805895,-20.8233295591297
TMS18F1306P0069,31.367644060825,-8.27477601428392,-40.0441102642182
TMS18F1306P0042,2.82037312183336,-2.01251600524572,-38.6666017058182
TMS18F1453P0023,-25.9914808179056,-6.97315106461465,-0.783322308995698
TMS18F1395P0029,-32.2852120293526,24.4692754669644,16.9873717315452
TMS18F1298P0027,-25.0174288669726,-23.1824250079944,-0.263577341938953
TMS18F1390P0006,41.4743371427218,-1.80688959890953,20.687922228525
TMS18F1335P0019,-31.4410024664554,10.2920394108247,-35.8834975800976
TMS18F1349P0101,-64.6405778310329,-65.7436283417651,-5.13959550411189
TMS18F1308P0066,-30.5088362059875,-9.34828436973529,-33.4914572883291
TMS18F1319P0112,26.387127022208,-40.1502630044525,-71.5611654584156
TMS18F1302P0028,35.202289198629,13.9632227734867,-30.6012257797906
TMS18F1415P0046,41.8172471776124,-1.88430426269027,20.3255297387347
TMS18F1306P0077,-71.1752431916677,-34.3929845358086,26.3027311971916
TMS18F1324P0005,17.9900397460428,-22.883914810484,-73.9813302826737
TMS18F1451P0013,-34.0960705851696,20.2754818149386,19.6728542764286
TMS18F1365P0001,-31.1986398774486,12.1924556653851,17.5810719806374
TMS18F1306P0079,27.0449636463005,-8.97723256189458,-45.1859642478582
TMS18F1307P0059,40.5997799439298,-12.9563152254635,-29.266387086433
TMS18F1299P0012,-23.0376471525497,-46.4631083739735,-0.673234658388805
TMS18F1305P0084,-35.3141600893499,32.3240808574601,-34.6089385915644
TMS18F1349P0106,-99.4795922993888,-52.7687783386325,-20.7692333502426
TMS18F1307P0038,39.9659887092827,-2.95176857078608,-20.0472564230615
TMS18F1307P0014,40.4920061670369,1.96404367987174,-16.2044654521953
TMS18F1319P0168,-40.0032006742994,-24.1271257402232,-75.3134010922246
TMS18F1299P0027,-21.088342102097,-48.7828219639279,-2.85041996385527
TMS18F1453P0030,-32.8545334900466,9.35688369823848,0.100966489060476
TMS18F1483P0001,-6.79246230574512,-46.1861930350412,30.5179833511706
TMS18F1396P0001,30.0113455052181,-5.45465781835032,-9.98671003204457
TMS18F1453P0026,29.8280172542831,24.0204732828344,-12.0126469110686
TMS18F1451P0015,-36.5473757951875,31.9489882179074,21.0910848281032
TMS18F1482P0013,-18.8885910012544,20.981538059618,22.9951322346377
TMS18F1301P0028,-64.1021099629644,-25.2929192798194,-8.75718572928128
TMS18F1369P0016,-35.7416693563668,3.94471810389302,3.45472740106751
TMS18F1421P0040,-29.616545794221,-6.70975337467004,10.4880051725796
TMS18F1354P0022,20.4075360184446,11.2474224481706,-54.359796328998
TMS18F1364P0007,50.3573558833039,-55.5900314251551,-14.4322094769914
TMS18F1336P0006,-33.7583027677,8.52855916624503,-41.3309733467521
TMS18F1324P0099,-102.700980137251,-49.9493006324488,-47.9591172717766
TMS18F1298P0013,34.8470895110768,-20.8014548135635,-14.7781032591349
TMS18F1395P0014,-27.9132371353583,18.8856503249499,-13.2178999351632
TMS18F1367P0011,-27.9034414332661,2.82051712073754,20.7447768301658
TMS18F1300P0009,-27.7996137023189,-14.817112363011,-1.09323847315182
TMS18F1291P0042,27.2063947886003,-20.8054838752746,-29.7174931558644
TMS18F1344P0024,-36.413021022988,0.828112725764667,-45.4817915337788
TMS18F1336P0004,20.6653925378643,45.8732022136012,-67.2932479467099
TMS18F1338P0006,-8.27984769009103,-31.6383507783206,-51.9857950964934
TMS18F1265P0029,25.7609171302082,20.82515983325,-68.9253226688476
TMS18F1342P0005,24.6060767707442,3.38131951414818,-65.1149053535358
TMS18F1396P0007,30.7076304227393,-4.4615933438909,-22.7420215569403
TMS18F1280P0153,9.24436495859386,-31.9163168149303,-23.480403512715
TMS18F1484P0032,-33.135944042704,32.8951310073467,2.16466629211641
TMS18F1299P0007,-21.8753184530429,-42.3998818880847,-1.69169914697687
TMS18F1484P0004,-36.1385243764278,10.3628115484596,-31.4639494659149
TMS18F1355P0002,18.9278306208298,35.4806354071173,-65.1532444016248
TMS18F1330P0003,-20.7939483054141,-34.9662608976183,-20.9290479317335
TMS18F1300P0015,32.3513496684155,-7.52212570261689,-29.4957757194568
TMS18F1308P0073,-34.3139555009898,-0.354613369155724,-39.5890738882436
TMS18F1306P0055,-30.5803475465998,-27.563403202215,-38.4415473597134
TMS18F1372P0020,37.0500399999013,-11.2921942767342,-14.9000570594362
TMS18F1385P0002,15.3036103593201,20.1183351241302,10.0087023518834
TMS18F1318P0002,-20.585607322794,20.8346062760738,-70.8096628853177
TMS18F1339P0034,-25.0398029228718,-33.1231845083099,-18.2793821090577
TMS18F1301P0001,-25.0882807207851,-17.1286845978389,-11.2721104328642
TMS18F1278P0181,-37.0711807167584,-43.8157690802287,-45.5176297926323
TMS18F1439P0020,35.4583288263844,23.7314912298575,3.33083877433401
TMS18F1308P0070,28.7357628545887,19.6171061370068,-48.3030509538731
TMS18F1333P0002,29.5825749497769,25.3206672010463,-24.8521404851989
TMS18F1319P0031,-87.536146878728,-46.5473204427699,-52.6948499936148
TMS18F1324P0040,-100.118952505913,-37.4400919777216,-52.3861952343656
TMS18F1327P0002,25.3829291198656,-22.1776607340627,-38.6693151641021
TMS18F1323P0058,-91.5541477510021,8.64182788812884,-49.7849712876479
TMS18F1278P0136,-99.1627019774336,-59.2314636513203,-43.981090813435
TMS18F1340P0010,-9.87342942003439,-5.41146955400672,-21.5545514863316
TMS18F1323P0016,14.7101309125147,30.2364359436279,-78.776559055866
TMS18F1484P0009,-32.9031212879561,-1.85144325968283,-13.0695870709935
TMS18F1367P0034,-19.7840124677535,-26.7922701693836,24.5602180734067
TMS18F1343P0052,-18.9287358057074,-26.5233558449074,-60.1183081922778
TMS18F1324P0076,-8.75939502642147,-33.5184629598325,-70.9044899087034
TMS18F1339P0001,37.2994745298435,-7.44176991465265,-26.3886037281321
TMS18F1344P0107,-2.35485377224742,-13.8027754440696,-71.0136658052737
TMS18F1344P0021,-2.56873753678722,11.1215002045536,-47.3339194000506
TMS18F1343P0044,19.3642113136022,-10.4445809780324,-69.4636789956151
TMS18F1424P0005,-21.8775253359556,-46.8405510909123,16.3756342376043
TMS18F1311P0022,29.09753918584,15.6079099707622,-63.6471126267512
TMS18F1366P0017,-45.2852085811829,-10.4491238217863,5.0505192316956
TMS18F1375P0016,-37.8625178957859,4.57315751645776,-1.67788468977662
TMS18F1318P0021,-100.691886434056,3.77456922620792,-53.5202284480598
TMS18F1343P0001,12.0676728813018,18.1190729012732,-52.8222316583199
TMS18F1484P0024,-30.163989606801,-14.4513502190286,-13.0319307744294
TMS18F1352P0012,37.0880052447183,-25.1258449492481,-3.36745736372997
TMS18F1324P0104,-45.356890003898,-38.4172681803086,-56.4724956053301
TMS18F1327P0021,-35.5730562594838,-12.8813449885426,-41.1878253729857
TMS18F1420P0006,-37.322731761572,21.8760694320284,-38.3856590099819
TMS18F1387P0006,40.2684702248369,4.72087808936436,6.01245999461332
TMS18F1344P0103,-31.3558588739316,-32.4556916586518,-59.9085860907368
TMS18F1320P0028,-19.1285002070772,-37.2924024847648,-39.5039433843318
TMS18F1263P0056,27.4186536266519,1.61653021867781,-61.701553679214
TMS18F1379P0019,40.4187245368819,34.3821956225412,32.0614283916194
TMS18F1318P0014,23.5252119785866,23.4812076179796,-63.8395275962372
TMS18F1415P0045,37.5110675895031,12.1355642522699,21.7075647829793
TMS18F1278P0128,5.61565523720538,-30.8826916040233,-62.7610448256254
TMS18F1328P0016,-40.0853232284151,-18.5530416826585,-30.1243720137392
TMS18F1328P0034,-38.2456301022046,-23.6455544319032,-21.1296008613691
TMS18F1397P0042,42.9364520428736,14.5555412380618,28.3780111710164
TMS18F1317P0033,23.6728736705424,18.2506187232339,-79.5472808363209
TMS18F1328P0020,22.862325758887,-2.80935676314571,-32.8001656826613
TMS18F1451P0025,12.0223273958596,20.2354844247028,8.8754061331524
TMS18F1331P0008,-26.1801196883089,-25.1115259078607,2.45180814226594
TMS18F1278P0168,-101.521377825933,-57.0458133086534,-43.9953054249417
TMS18F1348P0029,-36.0433906200751,7.01531775252567,-29.2766273640571
TMS18F1484P0002,-4.3411873558093,17.0140590380195,-15.8375072628725
TMS18F1349P0115,-30.6085721361058,-47.9833925286824,-18.3598910275644
TMS18F1356P0018,-35.2386793353243,-13.5678559924136,-29.9221758482093
TMS18F1265P0026,-40.4591144027296,17.8534678402402,-67.0319167489375
TMS18F1319P0034,-44.3231645877623,-32.5394078122444,-59.9862698238798
TMS18F1368P0014,-77.823953291475,-15.4185384013933,21.1697945430951
TMS18F1420P0005,-74.1346731837952,6.01314644809056,-12.2567746574361
TMS18F1318P0033,27.3343857223341,10.3807230796763,-50.7393111304821
TMS18F1337P0012,-29.7815197311623,-13.959651836664,-20.1876097359624
TMS18F1388P0011,36.4289286351838,36.2863518463577,15.4105836880788
TMS18F1349P0143,-31.8575192852696,-50.4405277388787,-15.7468189397751
TMS18F1348P0075,-93.7100240988408,-9.85273486157788,-3.8465730502861
TMS18F1330P0017,43.090801490306,-14.5961834668658,-14.5832039318749
TMS18F1348P0056,-39.8788346173536,18.7060257816429,-26.3811156900534
TMS18F1323P0012,-45.2945191435631,19.5061611352854,-55.0994456782401
TMS18F1362P0003,-94.5298965527512,-28.8299447607616,11.5766761163842
TMS18F1328P0018,-38.3351101311822,-30.9314163040878,-25.2782110793406
TMS18F1373P0026,39.3453525489744,9.10297208171919,12.9133190747209
TMS18F1363P0002,-33.120439242961,10.5087180617029,-5.26364341235902
TMS18F1350P0057,42.4656180785592,-30.8681676000386,-2.07874843172057
TMS18F1343P0054,-40.6655240977606,-33.2530600717375,-49.5877272059663
TMS18F1352P0026,38.1680652733512,-13.6129651496958,-12.8433414998999
TMS18F1319P0043,-21.5649750344475,-25.6680701088032,-62.6074984547064
TMS18F1348P0050,29.6131482980896,9.5916397532861,-35.7550111790656
TMS18F1391P0008,45.6474072492638,-2.25335026836754,28.5621584948629
TMS18F1329P0002,-40.4519466709064,17.8562555852972,-66.9469094985675
TMS18F1338P0008,-1.59576948829538,-30.1498360067075,-39.211680526501
TMS18F1379P0008,37.982832679015,20.2347167219353,29.2591040084042
TMS18F1342P0015,-46.6960108239889,-12.3516324871994,-36.2972436256447
TMS18F1355P0018,-37.2681768089296,4.69733596793024,-49.9539817502608
TMS18F1309P0057,6.12723045925794,5.02305795466371,-24.2214679994816
TMS18F1359P0015,-30.029871040632,-13.7658890778468,-1.5713655692488
TMS18F1453P0025,4.96923107283561,14.3906559457668,9.13718795110163
TMS18F1390P0010,-1.99692654298024,30.8990151470937,41.2306296297379
TMS18F1307P0077,37.2589196032369,7.7215677179524,-24.9523932395959
TMS18F1380P0027,-15.1373579093995,30.2110570052026,58.5608556683196
TMS18F1389P0003,-22.7974147652646,7.11874782846851,35.3099225867638
TMS18F1336P0001,28.4679956078832,20.3560067495025,-49.7540283241471
TMS18F1331P0005,-30.9903514545157,-11.6823282626967,-0.591271528313977
TMS18F1482P0002,38.703754925995,7.82244066780389,23.9408216409547
TMS18F1329P0004,16.9031011643445,9.78187845952109,-43.6490505008656
TMS18F1384P0022,-18.4882020083456,-3.33714945776961,19.6663440007215
TMS18F1389P0036,35.9892876053021,27.8233491747701,18.6234150903324
TMS18F1389P0028,36.5698512094354,36.0334180917298,22.7008743606547
TMS18F1317P0041,-29.2000023147818,-5.80171347939652,-52.0027102124572
TMS18F1367P0001,29.9844986487805,25.3814594653847,-5.60866801189843
TMS18F1319P0028,-42.2262894234409,-24.5510718534437,-69.5853238331946
TMS18F1390P0023,40.7260285648819,26.9336767881069,38.1848111653564
TMS18F1320P0055,26.0160314607928,-29.5369626502747,-37.587404062908
TMS18F1343P0029,-41.5371722913659,-31.792920886114,-56.2153969415565
TMS18F1395P0006,-33.2017445879133,35.9731684420524,-15.5410056765365
TMS18F1353P0019,36.585843826001,-8.53141870988747,-0.497901097548783
TMS18F1265P0033,34.670425139935,-39.5808394488359,-40.8914147224663
TMS18F1451P0005,-32.3506893543706,36.7327986157128,17.3041058073942
TMS18F1481P0029,-34.2610432731478,2.74730358638189,-44.4368415703589
TMS18F1384P0025,20.9114869544181,34.2727867142188,7.76931649149136
TMS18F1457P0009,48.1712106825674,-34.6931277678887,27.173018667367
TMS18F1453P0017,-14.3811719262944,2.53656787113628,-0.75506961727659
TMS18F1278P0152,-35.5691768467755,-44.6169032887264,-51.8958076791232
TMS18F1323P0056,-34.2480706494189,21.1363612943264,-71.9576914884216
TMS18F1278P0095,-98.5997338224895,-55.7579738150526,-40.9029940209526
TMS18F1483P0010,46.5324199725587,-37.9495049984225,15.5315093413947
TMS18F1384P0023,39.9592280828685,12.5763023013353,18.5441906845363
TMS18F1291P0045,28.7106676872068,-37.2653866262824,-28.7780915999547
TMS18F1484P0035,-32.3754719876016,-5.65607067665252,-17.219991338104
TMS18F1309P0070,8.9212698381674,6.88829947091976,-14.1581915777263
TMS18F1457P0012,48.9756139896255,-32.1216004284299,22.9876153574461
TMS18F1309P0042,37.4545761093749,4.82706800100627,-21.134073729632
TMS18F1453P0007,-26.2990801900162,-3.97748723827189,11.7324686814831
TMS18F1386P0018,49.4538431698087,-22.7935132184835,37.6700957905727
TMS18F1466P0006,23.5487465990283,20.9209524507904,-76.8362573403832
TMS18F1391P0002,26.929626084582,6.28080711870647,33.5147665590021
TMS18F1349P0005,-99.962242397442,-51.0351317752828,-16.0569313448236
TMS18F1358P0001,29.3693151641513,11.6066037053432,-27.7302728282517
TMS18F1309P0034,35.4354847879306,-6.06809978902674,-29.4490552766108
TMS18F1453P0027,31.7491563167833,12.7907657513122,5.99039244641305
TMS18F1421P0022,-29.4066073316289,-9.05390488006804,20.90021817201
TMS18F1309P0015,-29.5798524677772,5.67923401246777,-16.9169713142578
TMS18F1391P0001,46.6359769831405,-2.63897602689538,23.5444320955647
TMS18F1309P0048,8.62846052736996,0.315255203621967,-20.0374172122093
TMS18F1325P0008,33.7107820062113,-32.0727649152359,-40.0083542051244
TMS18F1366P0001,-44.8501783417429,-3.00806095777298,8.74340350190321
TMS18F1318P0010,-5.52134769680759,0.950079270464606,-44.4157878328868
TMS18F1482P0008,40.7030131747137,-4.78953042878234,13.3537324837147
TMS18F1485P0015,23.3660266703111,-29.9694515377864,14.1314977099092
TMS18F1396P0014,-29.3276439933381,29.5295757165195,9.6658459088608
TMS18F1323P0029,-46.6668142063622,7.86769969298748,-60.4999540366092
TMS18F1330P0007,39.8461938371513,-9.96082850999386,-27.4771106511219
TMS18F1320P0110,-22.5964617403342,-43.6321372338815,-28.7499323125772
TMS18F1481P0027,-22.5250411744855,2.10034984863642,-56.9768398281831
TMS18F1317P0044,-35.5646075002273,18.6263671686317,-61.9446032209421
TMS18F1339P0024,-8.20949043285403,-10.4314447792808,-22.1548609442861
TMS18F1308P0029,21.3207929021329,7.27323562734498,1.14834789234368
TMS18F1291P0035,-42.3111742085792,-25.0662826614258,-30.8020802383383
TMS18F1319P0094,41.7239977312569,35.0659195579358,35.2316811641584
TMS18F1373P0040,-39.863723508988,0.276840558368141,-17.9442255931059
TMS18F1264P0063,15.2787830878899,-28.8387757770116,18.1955799232744
TMS18F1356P0022,-69.6231307528852,-33.8470703458675,-27.1038000723624
TMS18F1310P0081,33.8363772457412,7.21978868051978,-21.2590407149112
TMS18F1483P0005,-9.02360336232837,-44.492856690138,24.0353718754473
TMS18F1481P0016,24.3840711475722,4.00956181175258,-61.6020745521585
TMS18F1453P0002,-39.1926103673951,26.7002262577121,4.34408265688926
TMS18F1344P0044,-39.8484394986583,19.728273803053,-55.3565496476795
TMS18F1319P0018,-42.6513561612783,-19.1902467171064,-43.9245087238207
TMS18F1278P0084,24.7861079501542,-14.9089546714535,-61.9545059781551
TMS18F1372P0017,-40.447562723,-17.7821894331882,1.58297397458301
TMS18F1480P0010,6.50713009097144,-28.3217042475278,21.7344645481732
TMS18F1318P0023,-97.3814564995964,-8.87843219367689,-40.0484288571056
TMS18F1389P0016,37.6250839664842,21.5960893418344,26.3395399185532
TMS18F1361P0023,8.5288203267258,14.8306129833085,-22.4275686382836
TMS18F1335P0008,-33.8687915728974,25.7985010135855,-46.3333813935692
TMS18F1355P0001,-22.048080963577,3.32517665626629,-49.5574376331567
TMS18F1483P0002,-36.6440010808875,-8.18854018754742,-52.806933528393
TMS18F1451P0026,-29.2067766993331,17.0173355471553,20.8448764217338
TMS18F1381P0002,1.89668736064653,-2.60711933021407,37.3501723356262
TMS18F1319P0124,5.02823997884437,-35.9294754317681,-63.5623236634584
TMS18F1323P0046,-48.5050155685266,25.158436020031,-64.1036515714147
TMS18F1373P0003,-38.5800161441809,0.398491375890941,-16.155488614733
TMS18F1334P0024,10.314168532167,11.5315789481704,-42.7721750794855
TMS18F1337P0007,-35.2268511344044,16.4684229018183,-44.4010499585931
TMS18F1361P0004,-40.3082405602269,-7.78712507662,12.7583659375006
TMS18F1354P0030,24.59210015588,-11.3974129526412,-44.52607328304
TMS18F1397P0036,41.7335089320677,14.629351616731,28.8117130570075
TMS18F1324P0101,-41.8254038716282,-43.7725668234174,-48.8463765854849
TMS18F1383P0023,36.2289268879976,48.1004075296395,32.2914526502446
TMS18F1381P0004,4.45632825463293,-7.11732410731836,42.9861375613712
TMS18F1354P0010,25.1483168429648,5.17292758244319,-40.7959125757553
TMS18F1352P0004,-22.9280867511646,-27.7066114958489,6.6667173890974
TMS18F1320P0018,-23.3617269823764,-41.3511991168323,-34.2201111393258
TMS18F1358P0003,38.9713909217894,-14.0529657304799,-12.2645629346066
TMS18F1349P0137,19.4713391696737,-48.5460779712049,-25.1147677677826
TMS18F1344P0110,-43.0490883654715,-35.3810374499762,-61.4266858335861
TMS18F1373P0019,-33.2697083279149,-10.5123845252651,-9.15693927897913
TMS18F1354P0025,-37.044829965699,-17.1073939675349,-41.3691672717719
TMS18F1345P0019,39.2169891861712,-37.3524604514843,-28.0905489001653
TMS18F1324P0007,-38.2420579261594,-36.3778630452838,-46.2392891459927
TMS18F1344P0004,-43.8486311284287,-33.7840107020616,-67.8196753245284
TMS18F1453P0004,-33.0450463692909,4.72140137948078,-13.5037543174564
TMS18F1379P0021,42.3537749444792,30.9072319538338,30.5843400044871
TMS18F1338P0012,-92.0448086004822,-46.8405797472345,-37.6738448639765
TMS18F1426P0024,-32.3112260870085,36.9556185815359,25.7457400976868
TMS18F1380P0018,-2.86906745240419,39.5845477131829,49.21528572631
TMS18F1343P0037,-34.0986601611274,-40.9892320123194,-39.1521420835677
TMS18F1373P0018,26.4784266504447,0.398667632242512,-14.2567586997892
TMS18F1309P0049,29.4902677215865,7.80838325888012,-26.6532707187011
TMS18F1364P0029,-6.37467685306916,46.7381075901535,28.9117715143145
TMS18F1349P0132,-8.79424736003628,-56.6489974325747,-18.1513466021867
TMS18F1319P0114,0.609946341872674,17.9579307382976,39.7063416795695
TMS18F1319P0024,-41.1931520610309,-46.6718597986382,-57.923047057261
TMS18F1325P0001,-12.255062253146,-20.7111279983286,-37.7398682022022
TMS18F1320P0084,-22.8739873570062,-39.487704249977,-29.3878306618262
TMS18F1372P0010,23.2988895662072,-19.9199093210956,-11.8289063099415
TMS18F1480P0007,44.2039303904577,-19.469026849081,29.4476815403537
TMS18F1357P0020,34.4585923265088,-8.06054151429369,-25.6075520915109
TMS18F1424P0026,-16.6670642049563,-34.3733684492292,25.5529722578089
TMS18F1457P0002,47.5559944091164,-30.9703012083527,26.5254272044154
TMS18F1339P0021,35.4863777336414,-8.81692084401281,-40.8854633075416
TMS18F1484P0008,32.2180155258064,12.4924584303657,-27.68046743388
TMS18F1389P0027,-25.9890826920318,7.872058956547,36.1660881670746
TMS18F1340P0018,-59.9019140924887,-12.1448190447547,-6.93937096696025
TMS18F1451P0002,-39.7474954262645,39.2445199595458,7.05974727041049
TMS18F1390P0037,0.351547937776411,22.5386895552217,52.0345861457424
TMS18F1376P0012,33.5647595553339,10.3589538274708,-11.4445550493384
TMS18F1367P0025,-38.3379341831865,27.1097333449949,-3.94014326545606
TMS18F1453P0014,34.1508089384997,0.150047726765928,-4.48343564287333
TMS18F1350P0033,46.29919919194,-1.74674788894154,33.3160924362706
TMS18F1324P0078,-47.3062061981463,-33.3557474239039,-64.6075759857766
TMS18F1309P0039,-4.05023456092757,21.5251811677592,38.5755110518209
TMS18F1319P0113,20.7076025793714,-20.7245520764949,-71.2842365932897
TMS18F1372P0019,24.9623135697474,-12.0929233508839,-4.00515420896804
TMS18F1352P0015,-21.9941633997997,-27.0646956049239,-12.1878113064902
TMS18F1331P0022,-29.2186014693917,-16.9410261846564,2.6724931561917
TMS18F1323P0018,-44.6279235263696,22.8105589066608,-61.304239997719
TMS18F1374P0007,33.467846476859,3.52486338380647,-22.6107993896355
TMS18F1344P0113,-77.7388596637601,-36.6062096687035,-59.2787430544581
TMS18F1309P0059,36.9516482978106,2.48207634028803,-21.6231733012201
TMS18F1319P0004,-62.9549982285114,-46.2606146444621,-53.9866364481612
TMS18F1337P0033,-40.8674059299883,19.200382630968,-50.9204744212408
TMS18F1345P0005,28.3652055576654,-26.4248069200558,-38.0318715685471
TMS18F1323P0042,-107.906129449462,10.900368830431,-57.8150990148896
TMS18F1397P0031,39.8679436966702,12.6522399827402,14.169068575602
TMS18F1451P0009,-39.1058197231272,32.5958478964429,6.78960424817477
TMS18F1395P0030,32.9279442021446,31.5018578237185,-5.49162546757037
TMS18F1335P0014,-38.5074817147677,29.1265382473882,-52.0534234014688
TMS18F1480P0020,10.9410827071499,-43.1654423707598,25.791135092407
TMS18F1378P0019,11.600626395667,0.880407625892922,35.4187149894229
TMS18F1378P0012,45.6470654183768,4.16294495111837,35.764714795831
TMS18F1424P0001,-24.3655877061112,-30.8291944608819,17.6901185271683
TMS18F1421P0020,-28.6688181051635,-10.0111231547527,7.56971434175052
TMS18F1484P0012,-36.1264090427297,17.1162279307361,-26.5860047315932
TMS18F1378P0033,45.3947834574829,8.08549243070737,38.3527047551122
TMS18F1372P0005,35.0418161050038,-15.36763818169,-14.0906289690325
TMS18F1409P0002,37.7855593638858,-45.114326035346,-23.2570566368213
TMS18F1395P0031,32.6625783206169,30.2448016721985,-15.2350216719045
TMS18F1345P0030,36.8485694514173,-30.8201932640785,-36.2778862146706
TMS18F1318P0027,-75.7611669582799,-15.8599163806506,-53.0155226922977
TMS18F1357P0004,-15.9936948010864,-6.21694687178243,-15.1305928282249
TMS18F1484P0019,-31.8592026274579,-48.9509021133996,-16.5200771096334
TMS18F1309P0044,8.9634921948256,12.3719284188368,-10.3207234936205
TMS18F1336P0021,25.9527694342187,16.2897982054754,-47.9739610489265
TMS18F1366P0002,18.0931238438139,4.35201286887852,3.71721966773961
TMS18F1324P0016,13.0669099140672,-14.5475454246348,-82.3375820387468
TMS18F1278P0175,-63.7260830943659,-47.659438913409,-52.7619051846009
TMS18F1350P0019,-19.2488367062246,-50.434356872152,0.359829392574615
TMS18F1291P0028,-41.0738217097065,-32.4752847521053,-24.2046971365568
TMS18F1391P0023,47.7427056720243,-39.8314185514679,0.473046011636805
TMS18F1322P0016,-8.83739135692229,-10.8045560214008,-55.9725238837554
TMS18F1349P0018,-31.8804425726919,-49.0144380471138,-16.6694120543426
TMS18F1366P0018,29.5918399352778,8.56886239324988,0.966097964720639
TMS18F1324P0094,-65.4222990157682,-25.4955379531271,-63.0190992845665
TMS18F1345P0037,-27.6861067376437,-40.4192038126171,-31.2278211362662
TMS18F1323P0015,-91.9348831233338,9.0307803098576,-41.1991888764131
TMS18F1378P0009,3.95909314748324,-0.673271415896078,38.7955620040101
TMS18F1319P0110,-92.1001816174523,-54.2117612877562,-52.6043379863579
TMS18F1361P0024,6.97283608921573,17.8900649839485,-23.0109587295637
TMS18F1318P0049,-36.7324015115265,-8.17597629190339,-52.9577063467702
TMS18F1481P0014,-31.6626108815807,-5.69264706082835,-36.8455025879034
TMS18F1324P0043,-48.4705386417771,-23.8171051691081,-66.1791018273045
TMS18F1453P0029,-16.1995687702623,-4.37573726109377,-1.75089800223143
TMS18F1396P0025,-3.91878431090487,-18.9182879552462,-17.1893000648918
TMS18F1348P0044,-93.8135972129149,-15.9206342493461,-5.85130835651664
TMS18F1319P0009,-9.50172274433155,-28.1053785352541,-71.2396423404421
TMS18F1311P0002,4.35166284318181,14.4377386204029,9.18487194827303
TMS18F1356P0026,29.3779414640398,-16.7962140133635,-31.204377075281
TMS18F1438P0019,6.78900987849816,-1.10055820432505,-41.3527937456211
TMS18F1338P0061,-51.8151471068519,-24.837439782539,-45.3882748507944
TMS18F1382P0019,-6.79876208116061,45.1112493804438,48.7846971662581
TMS18F1349P0147,27.7232160861032,-34.3349227305909,-37.7356355272402
TMS18F1457P0005,49.288915653696,-35.043794539179,27.0268515775999
TMS18F1370P0012,-41.3500162901395,16.5081202198204,-10.9461363785078
TMS18F1335P0016,-35.5807297608087,15.2950799904094,-41.0413050894492
TMS18F1391P0011,50.7098249467998,-14.2651322310956,32.9470450696876
TMS18F1333P0006,31.2001944216892,20.518185835202,-29.4887332205198
TMS18F1324P0120,7.587716097308,-27.8534907563536,-67.6853789973938
TMS18F1318P0043,-50.8254749223864,17.9538330162006,-59.6294105959401
TMS18F1481P0005,28.539783747431,16.4774578151719,-60.2702842162001
TMS18F1291P0025,2.92846714682766,-27.7915933013541,-27.8502196480201
TMS18F1372P0013,-41.0061859238987,-22.9250214901512,1.03434991924177
TMS18F1409P0005,2.04298032125136,-39.7067982247185,-11.7720203303631
TMS18F1348P0085,-29.5129057091343,-5.28411140251047,-21.972635729069
TMS18F1349P0155,-34.2533474335573,-47.9189438160784,-24.5310890717028
TMS18F1319P0016,-81.6403324082609,-40.797657340847,-53.5052057935536
TMS18F1357P0024,-42.9602659259344,-16.7270602900455,-7.261346542848
TMS18F1348P0006,-76.5914803328395,0.548552545690504,-25.1865885373786
TMS18F1397P0021,29.5373225475988,8.7756937277755,1.00550935942658
TMS18F1343P0072,-99.8347188657494,-56.8420975832968,-32.7360175258884
TMS18F1349P0095,-27.2121632354589,-60.3231674214227,-11.4073772931655
TMS18F1353P0014,-69.2187381844563,-20.5186294920138,7.25612169860252
TMS18F1309P0052,8.05292556095963,4.10346101446096,-18.8723415146139
TMS18F1324P0200,-7.00207369148041,-4.73236191248234,-0.419222868701506
TMS18F1287P0039,24.0952604057412,16.9176830277316,-58.3060431284298
TMS18F1349P0126,-21.7882794966602,-42.3218406071248,-28.875940129221
TMS18F1179P0008,-35.3889084816412,5.95093145633464,-12.2808079032259
TMS18F1447P0002,25.1629432216906,29.8339948543117,-4.30088359099656
TMS18F1388P0012,-4.27799910755706,29.9527957117181,1.34278911018467
TMS18F1305P0039,28.2406252929808,-2.40028601660866,-48.123204489846
TMS18F1318P0036,-35.5193182988827,-30.1496563956479,-19.8449729630687
TMS18F1344P0176,-36.5815448757496,-34.535824861943,-37.3423381005228
TMS18F1331P0016,28.5297697505415,0.669182503916443,-27.0112348753027
TMS18F1260P0054,-34.065026141883,4.42698645659343,-36.1305389995957
TMS18F1349P0149,37.1193090862453,3.61459014037863,-22.7377429530434
TMS18F1469P0062,-29.0771264845156,2.17655392791735,-1.32098794069932
TMS18F1334P0023,-34.1947478811887,-6.31530238556476,-38.332937284549
TMS18F1414P0014,38.0450918084089,-6.67777647783632,-34.2536531610903
TMS18F1299P0005,-44.0146889903236,-45.2354204597953,-63.7264195628599
TMS18F1335P0035,33.6668694245599,9.63323712547603,-16.7085892680116
TMS18F1348P0095,-35.6965436618342,24.5774854945087,-37.3465779160239
TMS18F1364P0018,-36.9284584903256,3.87203144545605,-43.9648344465914
TMS18F1353P0022,-25.5998449838758,-28.0804596161343,2.59365769032001
TMS18F1261P0005,-33.3232272757251,8.89449754803025,3.23738723389156
TMS18F1347P0029,45.5543681291018,-37.9189213607648,-5.05788822798294
TMS18F1163P0035,26.9492864401737,14.5412184666277,-55.0431994910731
TMS18F1280P0091,18.9506595686114,-13.9020194051469,-50.1817021304487
TMS18F1462P0017,35.7454692197334,6.35305046780846,-15.5880593493091
TMS18F1259P0092,5.12109752117898,39.8679330104016,-37.2939737486045
TMS18F1281P0003,26.9886333898704,42.2829596844142,-38.4929398715009
TMS18F1480P0055,-15.6207480119673,1.26797348589488,-2.89858923461308
TMS18F1476P0048,-17.8938426096105,-48.9345889669782,9.06997286361466
TMS18F1352P0043,-20.1476173579135,-26.0978904753223,-2.41958649234396
TMS18F1178P0048,33.6454544708945,12.2071407022632,-51.5778760275287
TMS18F1339P0033,-39.8813471680038,6.79139073843161,-38.0139769662967
TMS18F1314P0024,40.6591790505548,-34.6999037131321,-7.51869645360209
TMS18F1175P0036,32.0248737197331,7.67759964240436,-17.7751465854721
TMS18F1295P0045,-34.4261602676511,4.36305419602082,-44.9059133142946
TMS18F1295P0036,-32.5491676165341,16.5207641554382,-4.539202731405
TMS18F1288P0027,-11.6315582745071,-1.20437944899746,-40.7289312470518
TMS18F1305P0168,30.4044409221731,-29.1173520326542,-21.011998028391
TMS18F1274P0025,-36.482531037133,-19.4005382303608,-43.2072882655263
TMS18F1310P0132,36.5726249901385,3.87060064708445,-12.9507923908088
TMS18F1211P0003,-19.0453972390868,9.35370992739347,-9.06134506637937
TMS18F1481P0046,-38.8393532872099,0.011818958078406,-60.0160871360067
TMS18F1217P0114,-36.0615245663815,-34.9266195771985,-46.1441008598331
TMS18F1343P0012,-12.8646589048804,16.7090070436291,-40.1644331967315
TMS18F1352P0049,-17.6507344834454,-2.22157117734686,-7.06228411851499
TMS18F1328P0027,-19.2464273847509,-11.2553667024215,-22.7181241585578
TMS18F1324P0171,-40.5447427745305,33.3470135861506,-71.8479859414806
TMS18F1355P0038,-19.9002318563155,-17.886439545655,2.20341470966984
TMS18F1272P0037,-87.5159374594669,9.53639514086052,-5.1128837734635
TMS18F1314P0007,-85.4944851277369,-3.12556882805105,-9.50616729550187
TMS18F1305P0040,22.6157384810442,51.0023574882841,-49.3789882968696
TMS18F1262P0008,-40.9917376124787,6.99227599465822,-12.8140680784373
TMS18F1308P0077,-33.3932906459388,-8.75264634074583,4.10114445934157
TMS18F1372P0024,-36.6030031889207,2.79001621870498,-1.30827412504175
TMS18F1344P0014,-29.5471837538662,-27.5890580200227,-17.9972274158748
TMS18F1337P0049,-88.4794836019878,-12.1962857103926,9.81535143035201
TMS18F1306P0114,-27.8116212703743,12.3137781954191,23.572140516526
TMS18F1287P0029,-94.143374673161,-50.2355288729312,-8.98224499556852
TMS18F1313P0013,25.151845297789,-7.32813446712685,-52.3952758069737
TMS18F1342P0003,-36.6806138351215,15.9849997293786,-46.9161075630352
TMS18F1174P0011,-31.1938871242303,-0.219806015003446,-5.90609787910195
TMS18F1389P0021,25.9720677993273,25.7101365289512,-1.91915531726297
TMS18F1472P0042,-39.2575949665595,19.7052275180684,-21.2044941415608
TMS18F1354P0027,16.2790575855934,-7.55693695059266,-52.8501883828126
TMS18F1278P0068,-13.9805289691133,-12.7508462177661,6.9863209407409
TMS18F1366P0012,-9.12574317668469,6.2239974084687,-14.5851547404336
TMS18F1280P0151,-76.9925661148121,-34.9988037412033,-29.531911764959
TMS18F1365P0018,33.7613003718731,-22.4049957834805,-11.2726362040884
TMS18F1277P0045,23.3581343638629,30.3119575026085,-24.4291236320674
TMS18F1305P0007,17.2272221972427,-0.642614554350679,-33.6025148171803
TMS18F1344P0003,-20.8063805843905,-15.2732662737708,-20.3674149650013
TMS18F1278P0098,7.17419960587345,0.43232554780259,-21.6265789607933
TMS18F1258P0153,34.3345246570898,-3.3446352233408,-31.1260669010963
TMS18F1343P0014,40.81847244975,-41.1524362988944,-5.41311691253366
TMS18F1481P0009,-38.958290150628,14.307906063912,-65.3383613473038
TMS18F1163P0042,28.3491896476939,5.87185268151277,-45.3199904922131
TMS18F1208P0005,-29.2575597683166,-14.6837311580935,-4.93035067121696
TMS18F1258P0062,-99.1875038803824,10.0636562701558,17.376264695745
TMS18F1349P0065,35.7892779223432,-5.80636389889875,-27.6213794074831
TMS18F1328P0032,-26.7065047177353,-25.7216817361203,3.76332520019533
TMS18F1320P0082,20.4889246698543,-20.2934279622171,-68.4045235429595
TMS18F1436P0049,-44.2033691265988,-13.7283692794188,-49.3795953172017
TMS18F1350P0026,-38.3068828128417,-42.6090071977072,-54.6732277085874
TMS18F1348P0088,25.508370060385,-22.9374960431957,-54.1080375947223
TMS18F1280P0107,30.4258628669434,36.3557302973375,-50.3784783759288
TMS18F1312P0039,35.2252999109465,-17.3887682949648,-45.6775277599483
TMS18F1318P0007,-35.1401303976421,-15.3257687454462,-38.0315235536451
TMS18F1291P0014,-46.4461134518202,-6.11898354555959,-3.71787732735968
TMS18F1284P0003,-39.7178443308042,-14.9201926320757,-25.7059918407428
TMS18F1323P0024,-75.973000423991,2.19013912488393,-50.2554198444732
TMS18F1346P0023,-45.5004728827215,-37.0314871320502,-62.2443518935908
TMS18F1310P0088,35.4751710538413,12.9596165632946,-26.0370094635113
TMS18F1191P0002,-34.4054333867111,-33.488447254268,-26.0863355402878
TMS18F1343P0153,-77.0349178586559,-35.1464224082951,18.8264758627927
TMS18F1350P0065,24.2186293611207,7.99424158952459,-57.6811173457468
TMS18F1308P0082,13.1500488527998,-7.79671863607513,-28.3851045615766
TMS18F1282P0049,19.9545434053966,-6.33307387122322,-73.0466948295206
TMS18F1372P0041,-19.6439702338409,-54.6835653086959,-16.4040630775189
TMS18F1175P0053,0.192369294982478,20.0802063277557,-65.1239876273207
TMS18F1222P0012,-40.3860358400875,-2.89092061662499,-10.3565113257157
TMS18F1323P0002,-33.6670109816524,4.54864798375339,-4.70492018673728
TMS18F1280P0112,33.5203861480977,9.62068110869794,-29.2627053945539
TMS18F1280P0086,-17.7871359963163,-27.1803529659669,6.5335138536881
TMS18F1348P0098,28.2771639674765,-2.96043018416132,-49.7218462787165
TMS18F1322P0019,-22.5556305872377,-27.4131413003855,10.2794288549882
TMS18F1319P0100,-94.0881606981217,-0.0704291550209762,-11.3271236956713
TMS18F1344P0198,-36.3467454909082,28.4614168093666,-16.0594898360955
TMS18F1319P0121,-3.93642234087341,-10.4923965985751,3.76070927031954
TMS18F1263P0037,7.69936817191402,-19.8223358945196,-2.06071624737834
TMS18F1484P0036,-50.739075434866,3.40734360920807,-55.1601844534005
TMS18F1240P0024,28.2441351327136,-7.26001983139446,-53.7323105804054
TMS18F1271P0001,34.9895618947603,-9.83388432922911,-7.14362777956323
TMS18F1436P0053,-3.89081334049158,-34.1034152532127,-26.8406314035478
TMS18F1258P0147,-39.3180966594957,3.34943706288425,5.70368242796471
TMS18F1277P0031,30.6875230588832,43.8734803756099,-52.6310143982017
TMS18F1313P0053,-19.218126236942,-8.21224067304422,-6.70211668289569
TMS18F1344P0147,-11.7777080039408,-27.3466610691466,-42.566567317773
TMS18F1365P0024,-43.2924831901428,-10.1431473287209,-69.099658242311
TMS18F1348P0101,27.0384306571098,-21.2398795730092,-42.7552327368031
TMS18F1310P0148,-25.3032656437612,-5.43926666249225,-2.77056184938532
TMS18F1291P0026,-93.4666346394092,-56.5453564481056,-7.41743630850988
TMS18F1208P0007,27.743860378167,22.9579802021142,-55.0848665795652
TMS18F1323P0025,-38.3252246255139,-28.1663629386747,-23.5189771617548
TMS18F1361P0041,-29.5199289176644,-11.8360640758902,4.99780057514893
TMS18F1324P0026,34.1500600917868,-17.0729723397827,-42.8094937403234
TMS18F1274P0020,-48.5328205921357,-35.9246581386734,-49.7148734542534
TMS18F1280P0126,-31.5501279660591,-21.3219969712501,-17.7052532453429
TMS18F1163P0044,36.2916255080867,7.88994383772336,-28.367605702141
TMS18F1447P0062,-29.6138077176735,-11.2971558452705,-3.945740794431
TMS18F1335P0021,40.7098311106003,-37.0202448381965,-1.59018159264649
TMS18F1224P0014,32.8022185077839,21.5325466115123,-34.5283823686531
TMS18F1289P0014,42.4881622376281,-26.3272120329685,-13.8449969191814
TMS18F1348P0024,-30.9069602411701,-17.7464601088636,10.8999308504735
TMS18F1305P0031,-0.670559194128957,-22.1906120136448,-44.6038780012532
TMS18F1295P0035,-72.3380569108073,-12.66648814312,8.89105893280742
TMS18F1308P0084,-26.7032600033469,-12.7956246930421,12.3636866533626
TMS18F1414P0017,15.2763645384062,-10.2730452312131,-24.6166584057011
TMS18F1231P0011,-34.8249551520283,8.22664796462424,-52.5976384505493
TMS18F1345P0012,26.4223901862174,2.91318220846697,-19.923615788054
TMS18F1478P0047,-89.0103506645989,-1.62970374933369,-17.840043249249
TMS18F1318P0016,22.5118863881445,46.0074114847257,-66.2366708467164
TMS18F1348P0113,37.950852782172,-11.7060540373853,-16.1210407995877
TMS18F1308P0114,-27.8211446731837,-3.74785931789206,-14.5240124374589
TMS18F1314P0026,26.9106502362292,-6.57638045978495,-48.6750272783768
TMS18F1324P0046,-37.879290798536,13.0215892961732,-58.2024722374171
TMS18F1364P0027,-40.7106732972118,2.91013680558746,0.414943389767189
TMS18F1280P0140,-31.4906649494201,-3.24339385017807,-42.5839654266383
TMS18F1380P0003,-0.754551283880736,18.1440085084614,45.0378379146745
TMS18F1280P0057,-24.2643866276568,-26.5947051249182,16.4592824755815
TMS18F1350P0041,25.3741091310031,18.8984401116002,-33.8067886755507
TMS18F1306P0149,33.3100039446971,9.76372024541444,-36.4025339123365
TMS18F1202P0001,-29.8163863794182,4.11520829281568,11.0403683566573
TMS18F1476P0047,-32.0503518706289,-16.2406807791926,9.87151590493997
TMS18F1348P0092,25.750417047155,-27.6636205294456,-61.6799103815247
TMS18F1278P0118,-32.5457548386886,3.40093948936457,-15.5493983230957
TMS18F1355P0120,-15.5507350807063,-13.2056975254459,-0.171770282348026
TMS18F1326P0007,-84.813838177677,2.62816628911957,-45.0498335847058
TMS18F1324P0093,14.7945647900472,-20.78067166895,-78.1308450887096
TMS18F1258P0156,22.3263473238875,10.0441202956166,-19.7055982595611
TMS18F1225P0030,46.6949652306344,-28.6470449825017,-7.7381219481994
TMS18F1350P0038,-38.9109365105602,15.2795114888219,-52.251332742558
TMS18F1295P0034,-30.4447786581466,4.09395900146663,-12.6681561286449
TMS18F1327P0013,-48.3573331513158,-4.82147083342007,-35.3993392433283
TMS18F1344P0133,-31.7454948854847,-17.8823308482715,-5.44175679040387
TMS18F1447P0078,33.5497631199674,5.64432364251634,-19.4138964141479
TMS18F1280P0136,-14.387655481154,-24.2769123603868,-33.850633255631
TMS18F1221P0053,-41.6595535556636,20.0482410917478,-42.8525664916629
TMS18F1355P0030,-31.8508828867123,-31.8785797482363,-36.9216562652289
TMS18F1323P0041,-36.7714857697187,-34.9167483692253,-53.4654917503868
TMS18F1327P0006,27.8709362111027,-41.624126041154,-70.0350875441816
TMS18F1178P0010,-3.15106909592893,34.8450077647113,47.6185421978908
TMS18F1217P0075,-21.7062690237189,-51.4789820439437,-33.7781492128815
TMS18F1307P0001,-74.2996439820827,25.5316411836646,17.5119601818331
TMS18F1350P0091,24.3393168843863,-20.7167440628908,-59.5910130282702
TMS18F1481P0015,-75.8981670810111,-8.46141594666559,-38.193201365431
TMS18F1313P0001,39.5164015879112,-23.7373629763985,5.04911329009524
TMS18F1320P0032,-67.4912422137266,29.8037160427568,-65.6041576403588
TMS18F1395P0055,-27.2481439705228,9.22235969280804,-44.2470587074961
TMS18F1318P0054,-57.3441036285379,-41.4579419231187,-13.5993802847325
TMS18F1338P0099,-43.8365872128666,-29.35314501593,-35.9279666500155
TMS18F1217P0019,14.8652172790443,12.0644193951846,-8.20195803973129
TMS18F1349P0123,-4.78795269123971,-10.8334145218853,-7.60101253864284
UKG41-9,37.6235348066107,-4.81695402261328,-16.4725974652011
TMS950211,-11.1786116868254,4.81603830697762,11.2262778526998
TMS961708,-25.9240061719705,0.969834678422064,8.70122647655362
X.TMS982132,36.3372177688622,5.66039913188583,11.9130473366075
TMS990240,-5.93102162373098,-5.5197612118621,1.590456557187
TMS990554,-28.8712771429965,-6.43033508208416,0.266081241948202
TMS911730,21.3523737841449,37.0675532799611,-3.60485157864546
TMS870052,35.814276996255,-2.75071194194936,2.78827340059904
TMS892831,33.4861912760753,-14.1446979961907,-12.527483090257
TMS63397,23.5909160422315,19.7454452562499,24.1406187021105
TMS920168,-33.1555813105559,22.6090532860158,3.70395396524451
TMS950414,-27.7369499214054,-20.9755820600809,-0.601427123339306
TMS960035,-9.89001439232613,-24.8692730465723,16.927139452629
Z790474,-4.83032004081167,20.738773982277,11.1202648289096
Z956033,24.3166080746198,35.6234706174931,-17.418368218758
TMS961413,30.874233555794,-12.3949951490722,-19.1506580160442
TMS982123,48.8209722883336,-34.9582174573568,17.4009652386747
TMS990558,23.8930299693808,-8.50237631570965,-3.22355461160292
TOMA326(4X),44.1265748813501,-6.41997617664646,-0.0629294882166523
UG110017,30.684763175417,25.2381854317189,-0.738322389582731
UG110001,-31.4387919820235,-11.3224965111194,18.1206308844034
XO0214,-17.602055645827,5.48925442241092,-3.81890407283386
TZ-130,30.6820723308607,24.984264633037,-0.625742601884227
TMS18F1489P0044,-20.2807866099759,30.4168124510619,-0.334390720461751
TMS18F1485P0022,26.3503019918955,-32.5210470564849,8.17019509826734
TMS18F1558P0040,33.8215266512092,7.99900774707022,-18.3092718034571
TMS18F1539P0056,-21.2263608084566,-37.9367699661668,-3.54888111129058
TMS18F1562P0059,-99.0733852419743,-3.37195013703822,-15.0077672651719
TMS18F1561P0025,31.7510206570409,43.3943872637838,-44.2855835241628
TMS18F1520P0050,39.2014376913158,-10.3608945674803,-14.255436567631
TMS18F1490P0026,-3.71354912209314,-39.8216789095186,-17.8854720531628
TMS18F1490P0023,29.0513473224826,-18.2842045143183,-34.4174174741929
TMS18F1505P0127,25.860226402333,44.3712141752287,-49.2535877634251
TMS18F1539P0086,-17.251890234579,-40.8119353561539,10.3567928052808
TMS18F1562P0055,-99.2117295833493,-11.4214178759577,-27.099717941724
TMS18F1539P0075,42.9244453756947,-29.9865680540844,-10.1193296179139
TMS18F1522P0141,52.5199079602014,-24.8203881964472,29.9484143646821
TMS18F1562P0068,26.5538307426092,6.47393432700929,-48.6238138257037
TMS18F1539P0065,-9.53524971330984,-39.9960149683363,1.33310092913481
TMS18F1562P0046,-43.3257992861151,9.23781796842383,-48.7203753513793
TMS18F1539P0043,15.9906699575602,-39.3556876418232,-4.85081673206439
TMS18F1539P0047,-22.3925005933609,-39.5944346943581,-4.85263845250797
TMS18F1522P0144,2.62351174039395,-4.28759816529661,4.2204591989508
TMS18F1505P0081,5.7010896199093,40.1908470567032,-45.5334782864647
TMS18F1505P0079,24.9007251038894,46.9150661527205,-60.6100292363412
TMS18F1539P0055,-18.7758644052448,-43.559665986074,8.48681766873418
TMS18F1505P0097,13.9294246878813,43.2999599009168,-45.6332497170991
TMS18F1562P0014,-39.5010376339938,2.9886276050758,-47.4213858200089
TMS18F1486P0003,-25.3193369754955,-35.2910051890437,-12.2778781170077
TMS18F1485P0024,-38.5330419525894,-33.9120753700903,27.133692376279
TMS18F1560P0006,-36.4053197054748,45.6242238395793,-16.7930118157402
TMS18F1563P0016,-34.1740057264225,31.7439594259532,-61.7766641314304
TMS18F1489P0036,22.7837407811297,21.9656356670724,1.63873792012856
TMS18F1505P0066,-8.92431718682369,39.8484513018602,-44.0962196493106
TMS18F1506P0012,-19.3300390265163,-10.0204185423843,21.8991802408897
TMS18F1507P0002,-3.90948939027179,-32.6756853071176,14.6605146194075
TMS18F1506P0001,2.34472362527071,2.6008009542893,8.31349109125437
TMS18F1541P0002,-42.834306688782,-18.2958482233688,-21.3780772689459
TMS18F1541P0009,-30.1804208055284,27.3390522212793,51.2714064746925
TMS18F1490P0013,-74.1339174965397,-33.1757917929394,-26.4616889330123
TMS18F1505P0073,-20.5947733787726,33.5803575035903,-45.211250008997
TMS18F1506P0004,-28.0369972295385,1.76709718570335,10.1622609075677
TMS18F1485P0030,-41.4100529074781,-35.2904602480289,18.7943119216015
TMS18F1542P0018,28.7548944701932,27.4090579980487,5.56406545420336
TMS18F1485P0028,-41.1095182745747,-38.2792596522806,19.4191613302624
TMS18F1562P0004,-39.8027680833516,2.29481243795804,-37.350865238409
TMS18F1490P0008,30.3508409832941,-20.741604866666,-33.4147254667802
TMS18F1489P0013,-39.0406149735905,25.7187215658954,4.8701812517503
TMS18F1505P0077,28.8271027679705,35.6558096345681,-42.8720874038315
TMS18F1490P0005,-12.185310933741,-12.5396732477018,-38.1032539824757
TMS18F1505P0049,29.5686006872548,-9.11523271176262,-47.6619846593007
TMS18F1485P0043,24.5119123207812,-28.2552864031739,15.1020602516835
TMS18F1506P0013,-24.040511397268,-3.18757146080732,19.7535570665909
TMS18F1562P0029,-62.3047939013171,-0.570906400735494,-28.6447410687162
TMS18F1505P0064,-0.329350322767147,32.5099561879292,-42.5169243960919
TMS18F1563P0014,25.9819742424857,39.4264734285883,-54.660866302146
TMS18F1506P0003,33.4517723521933,2.3512108260231,-10.1808096705037
TMS18F1485P0037,-39.4886718011852,-34.4322425017466,22.4050631843984
TMS18F1562P0001,-41.7577731866355,10.2224092295506,-38.566695329929
TMS18F1489P0018,-18.5491263429835,25.1331637691678,7.53845407326981
TMS18F1489P0029,-8.63557596077095,28.8408889163434,5.23199183501834
TMS18F1561P0009,30.1142893077728,36.5153455991375,-54.7478434494802
TMS18F1541P0005,43.5250561186107,-29.9383031179627,0.436309082630047
TMS18F1487P0001,27.2722595136141,18.5035482190882,-60.7582574437347
TMS18F1541P0001,-22.9381104770651,-42.1619939356866,3.94714656928467
TMS18F1507P0008,-21.54535572779,-39.8601030067114,23.1285078426389
TMS18F1542P0006,25.0715197025333,39.1335166150893,-0.238031184818114
TMS18F1561P0024,27.2992674640193,57.0656092782475,-52.1509216002156
TMS18F1542P0001,-32.4562845257179,-11.7812211216498,6.44317249718213
TMS18F1490P0021,-33.8139131721785,-27.8335934152215,-23.1189558179532
TMS18F1506P0006,-23.6389085464608,-8.70854007525164,21.2826300924291
TMS18F1562P0016,-100.11523283622,-5.91892487485816,-26.8354567223834
TMS20F1683P0025,41.2267080008233,31.051248565972,30.3202490788258
TMS20F1599P0011,21.3316521547222,28.6317516027405,27.0280286647428
TMS20F1685P0032,48.0514187837974,-6.77309044003471,27.0378189585184
TMS20F1285P0004,37.8955285739426,21.6257627190797,11.6029497920918
TMS20F1684P0013,43.7208607453171,-9.73958337973421,22.8987166727686
TMS20F1685P0011,40.9140916995667,9.9480021780701,19.7422603060783
TMS20F1582P0025,35.2348294481576,47.1699001596521,18.0269372204442
TMS20F1613P0032,39.0648727328884,23.7766007211335,24.4181073505963
TMS20F1582P0021,15.4913675428223,21.6496502637623,39.9366810041348
TMS20F1589P0073,35.6817362839965,50.5819338581236,28.5545266113704
TMS20F1601P0015,41.8844653998601,39.0270311035507,34.0204144024417
TMS20F1048P0026,23.40696105181,-19.6903445786385,11.7432928784429
TMS20F1005P0009,-32.7099779672087,-0.80570195568145,2.07651975080587
TMS20F1595P0010,-27.6346477318053,8.50005927868314,22.8218826422815
TMS20F1684P0027,45.4726398123174,-10.8988091119151,24.3108638626439
TMS20F1679P0037,40.5502894387897,30.4033403575249,48.6727231063978
TMS20F1591P0004,36.9775784355531,35.2131806361115,32.7173639288253
TMS20F1677P0003,7.53948440427159,22.8464381814406,46.6229721503937
TMS20F1003P0004,-66.0182461540746,-15.7532902629773,10.1962007517506
TMS20F1684P0015,47.8784972182739,-20.4030724643667,29.397517073351
TMS20F1589P0087,35.2155970431344,54.4033039855572,25.904500726526
TMS20F1589P0070,5.4796783872128,41.4451448562412,42.669938214349
TMS20F1593P0014,4.4871790147804,-6.76670689343348,23.6524942646541
TMS20F1593P0016,4.7036549055962,6.32768644557624,21.9491731885364
TMS20F1628P0005,37.2552318991087,31.2283065610006,22.4656088197204
TMS20F1583P0003,21.6340697556817,7.69255923139215,7.66523178326261
TMS20F1573P0017,41.9717263109349,20.1181653036996,19.355538721636
TMS20F1590P0061,-26.6505938512972,23.73343536022,11.3554621306374
TMS20F1684P0004,43.7615953232419,-8.72879411572836,22.036994310733
TMS20F1635P0002,11.940390582334,20.9807856506533,40.8592365812033
TMS20F1598P0004,-0.152510660988542,9.73678742579771,32.010905810354
TMS20F1005P0001,24.4988265629577,4.07683208855496,0.124742881709998
TMS20F1591P0002,4.36705809420564,35.3057573740628,44.5144145434511
TMS20F1613P0054,-34.8301444213951,8.84113972773356,39.2277642024448
TMS20F1591P0008,37.5857155889793,36.5420585732238,42.1562616567332
TMS20F1684P0040,45.3122317109577,-1.79747581278909,20.175776743016
TMS20F1630P0034,38.4002017057406,20.6878844628535,15.6072442808849
TMS20F1607P0010,5.0872032564429,28.6895006899343,30.8095132528179
TMS20F1679P0035,40.0551604859871,36.0349018441819,40.7711538011068
TMS20F1583P0053,36.8005622762848,14.6912080180667,-7.34942075509732
TMS20F1286P0017,38.7771774294476,-2.36380525896179,0.81328775479961
TMS20F1593P0031,0.50207863371392,-1.31148771951701,17.5833281567206
TMS20F1020P0017,-26.33285473823,-15.5000820860983,19.0389700675897
TMS20F1650P0012,42.027417760415,18.732702592289,24.0994443892867
TMS20F1679P0036,4.77393093974037,34.4408611543002,44.6585246944828
TMS20F1613P0022,4.54425786274871,22.8554350522178,32.1806818209543
TMS20F1634P0006,13.0615761996627,12.9524490058571,27.5370702771127
TMS20F1593P0017,39.3423714049894,14.1021516617552,12.2642540771539
TMS20F1600P0015,42.773474262565,20.1509584781788,31.190688583293
TMS20F1684P0002,46.4484389440046,-10.032481735898,28.2686049814856
TMS20F1582P0050,2.56156385650781,40.173729113232,32.2298384138022
TMS20F1613P0004,7.35676006464912,12.8102456451118,23.5761044340641
TMS20F1623P0017,35.3346713815418,22.0170254948177,8.57213601044962
TMS20F1593P0018,0.96440104213926,2.54411604692953,24.1463791153722
TMS20F1590P0055,-21.8857905635385,21.4839308883056,9.96202829398655
TMS20F1004P0006,-37.621468618359,-35.8926371597199,-4.32660651635536
TMS20F1621P0001,36.7634474322966,10.586122189942,12.8616652232337
TMS20F1558P0003,37.7232825966525,14.9163032430899,25.657704532597
TMS20F1595P0033,38.1723857472995,40.1931108920509,33.7153738648017
TMS20F1684P0021,43.4086381891698,-3.36636087685105,19.673060110225
TMS20F1621P0005,34.9880170658389,14.8810626473962,12.9253095453672
TMS20F1008P0004,-14.1330764750035,3.25490766791966,7.64920295392544
TMS20F1684P0039,51.6145984340228,-22.549345563868,35.1061922684198
TMS20F1593P0002,0.746529186703325,5.48191553051066,25.9782260696846
TMS20F1613P0027,-30.5570851389244,6.28736799228868,44.9745878127795
TMS20F1681P0083,8.13016557783332,31.8406329280506,53.228488884186
TMS20F1613P0039,-32.5649345940428,2.33368461937645,30.5299615114867
TMS20F1574P0003,4.97390242377418,30.2167101003312,44.1385069381855
TMS20F1286P0007,27.1232619885779,5.79124213930237,-9.9014911476985
TMS20F1287P0021,44.7300377570119,-6.40859775029307,8.28048554093987
TMS20F1582P0024,41.5079436939415,26.5642893124841,44.679991931091
TMS20F1048P0031,-16.3088888737494,-29.5057847166593,21.4266652835135
TMS20F1643P0005,40.1556019629409,38.3342503640892,41.3365482408774
TMS20F1631P0020,39.5787839762353,26.9250261840765,40.039164638919
TMS20F1679P0033,7.55153149183883,35.6873385149665,55.3414221131373
TMS20F1590P0052,33.5142072481511,39.5504737129745,15.5800689245892
TMS20F1031P0002,33.4149439052899,-0.654077172634386,-17.1131690651136
TMS20F1574P0006,1.09403991300842,32.4277506615582,44.5556000798477
TMS20F1286P0032,32.1191992436231,-7.61271636627429,4.3782608934978
TMS20F1083P0003,-31.8925117951579,22.5063164402376,-4.1274588959124
TMS20F1113P0035,37.8482129795605,-4.43029924628042,-8.39033270084775
TMS20F1072P0019,37.001100830379,-5.39336285446218,-0.135843490909748
TMS20F1048P0014,-19.3327158297381,-23.1811387532499,16.8384237749124
TMS20F1194P0025,-30.6334497456601,-23.1243622839498,-21.3044429635951
TMS20F1113P0001,42.7601664309147,-6.46188516351781,9.57186589008762
TMS20F1141P0011,-25.6772377844696,-2.53065107092774,10.5505738847906
TMS20F1050P0032,44.5116118862431,-31.3543973529118,-8.15471326481988
TMS20F1126P0010,-34.2393213053343,-14.0980464323989,-23.1239738575375
TMS20F1048P0050,-56.2204763333375,-28.4577710508593,22.0375491653854
TMS20F1141P0004,-84.8430050628554,-10.4109110780697,23.978180688301
TMS20F1068P0011,43.0104846444792,-12.0127954424951,15.2853887045042
TMS20F1050P0004,45.3076925852304,-27.9709603977892,-7.15543669569203
TMS20F1155P0003,37.8530511060505,-1.07846282302909,-8.81056482542476
TMS20F1158P0079,-31.5910135477672,-2.72863510427227,-1.05337248172238
TMS20F1128P0008,-25.3799064648166,-14.8374381104586,21.66014705456
TMS20F1001P0002,-42.8351287378409,-19.8508555697214,24.184042354463
TMS20F1057P0037,30.0554039012331,22.6539366548293,-24.9509771326186
TMS20F1116P0032,-6.54961412217045,-6.94865118231944,16.0178516401874
TMS20F1062P0021,-41.5680499634782,-36.6551050539262,17.7487450415183
TMS20F1147P0003,39.4677632810945,-22.0592709488876,-1.76087666855663
TMS20F1180P0002,-28.4374948182983,-8.33904639988182,17.3548843696157
TMS20F1109P0006,47.6332331278582,-44.0696381262132,-4.15079970858451
TMS20F1104P0005,-6.63745291395267,-15.0378187267433,2.92181552180955
TMS20F1007P0007,-38.4354913896375,18.0856685922634,5.27088868255374
TMS20F1008P0006,-8.50609658927963,-1.0159783914018,2.08744304696511
TMS20F1062P0022,45.9011520496047,-30.0009746682196,8.87615047909144
TMS20F1072P0006,37.9469812237178,-10.6580487341784,0.514578849892441
TMS20F1007P0016,-5.95448822800842,13.9936267683406,-3.96296399269743
TMS20F1182P0047,-21.1123135440851,-22.0745781092959,5.7966006797964
TMS20F1129P0017,40.7712060053428,-18.8228435435766,-2.41831441383688
TMS20F1007P0002,10.8150163018526,8.88346485895966,2.22198085004124
TMS20F1089P0003,-5.19200156526289,25.2853711157306,-7.91391561572307
TMS20F1004P0002,20.4523157462129,-9.55055499630557,-20.5966499270371
TMS20F1056P0067,38.4192309168201,-6.53150902970261,-4.59825216632376
TMS20F1072P0026,33.7106209108038,-11.6641581507746,-2.67055008327404
TMS20F1158P0003,32.4722833389808,10.3888390031889,-6.24800337900209
TMS20F1040P0001,31.4790146761321,-9.84994298721776,-21.6471650882644
TMS20F1007P0003,-70.1147194803237,6.34713307161212,7.63770657312793
TMS20F1069P0015,43.4378801702928,-28.7220515390084,-16.5747337958071
TMS20F1007P0013,-49.3288820672586,5.78282110956976,-3.0538704597649
TMS20F1056P0060,40.7778964459814,-11.4627708147635,3.11928860159763
TMS20F1111P0008,42.4927817353624,-18.2673228661502,4.50308836732214
TMS20F1142P0008,-25.4716663426646,-7.40350546242218,7.8285880270824
TMS20F1156P0003,37.9534690375888,2.91674433185758,-10.6900737031039
TMS20F1061P0015,44.9178261736451,-24.9068730098786,7.56925880961003
TMS20F1088P0001,-1.47687715451929,-12.7380832588989,-0.565258462279696
TMS20F1116P0042,39.5408316690314,-0.210934949611893,4.02669617537692
TMS20F1074P0008,30.9787893221075,-26.423017628735,0.877749641771708
TMS20F1025P0005,-31.8961858283113,-0.809816705560938,-17.8470451972338
TMS20F1106P0022,2.21694301225526,-22.9759868090039,13.857813345406
TMS20F1001P0004,-34.1678398268798,-1.40391403941174,23.585516679612
TMS20F1111P0014,44.2710953107243,-25.8262515715317,2.86171029490697
TMS20F1041P0009,45.1335591565402,-30.7846532778735,-6.90806457735471
TMS20F1158P0008,-29.7533154210611,-4.29983297393546,2.52513912005453
TMS20F1098P0016,-25.7794842262573,-19.8741687418761,7.57478702067056
TMS20F1145P0011,52.5625039474603,-58.4729964034504,-6.80249452767039
TMS20F1106P0021,42.8868326976708,-18.6315982307937,0.250365325382882
TMS20F1143P0028,-16.863420313234,-28.4444193929785,22.1174877315031
TMS20F1056P0029,36.7151573142324,-5.44511996923762,4.12255493882551
TMS20F1051P0006,37.8264220795562,-19.9556741725617,-4.39780598791765
TMS20F1127P0004,36.4052637427434,-0.0435302389055425,-1.70370847718115
TMS20F1113P0037,-12.5999086333784,-14.9270989297267,18.0610092464274
TMS20F1167P0010,33.2480087836792,6.0529925169879,-4.57254066322417
TMS20F1228P0032,47.0546165355825,-27.0421061730715,1.25291264355318
TMS20F1007P0014,16.7994514076903,28.7261103827239,-12.3428718414479
TMS20F1002P0005,-23.5198701918626,22.7007366775063,8.09514988473971
TMS20F1056P0061,18.8835499009323,-14.2944057262077,4.23429050469509
TMS20F1061P0009,23.0268681295412,-28.3739313944762,14.2341759168332
TMS20F1031P0005,37.1982903354329,-10.0270654801426,-16.9741436401037
TMS20F1159P0025,15.4597010928934,-27.4208487746637,7.29015340870343
TMS20F1158P0075,34.0256927059636,1.11251367203473,-8.84160623690192
TMS20F1158P0103,20.7866939969517,-21.9891489360126,16.2383864202241
TMS20F1132P0006,33.1572283959579,-24.0591080840834,-1.51550953876112
TMS20F1116P0031,-23.4765324355705,-14.4973282844824,14.9857327668332
TMS20F1062P0024,21.0456909712334,-28.1304925949933,4.1362433169077
TMS20F1157P0002,38.4815349166683,3.77898762491093,-2.90089689173196
TMS20F1116P0033,40.0379654601667,-4.01502517379706,5.88756236764439
TMS20F1037P0003,-4.11152541592004,-7.98216963874548,-1.04924957917958
TMS20F1048P0012,-10.0882763553998,-26.4590667384532,11.4846527770895
TMS20F1221P0015,35.1356931927226,-12.5740370537881,2.42217450929108
TMS20F1610P0021,7.05792550095629,24.7315926240972,15.9365175145103
TMS20F1205P0013,-36.6357498091859,30.470336669595,-22.2728051100694
TMS20F1451P0069,-26.5026828367593,-0.575682179835425,18.0589923416054
TMS20F1619P0034,17.4730253301129,13.0599854946078,0.745261561479323
TMS20F1597P0054,33.7013394708089,37.4025873214527,-7.99616408425853
TMS20F1634P0022,12.2364996061025,10.1066548449323,26.1612551415166
TMS20F1424P0014,18.6673438220038,-3.40324068951713,3.32778371528039
TMS20F1336P0006,24.0172602609625,-5.14813860501071,-14.383375359163
TMS20F1614P0015,7.74286374831126,24.6622187024764,36.3981375029316
TMS20F1387P0025,38.5420103082214,-2.07311628318082,1.79152098502376
TMS20F1610P0034,2.68153090886826,12.3319909924036,15.327954048285
TMS20F1179P0001,43.6722794909685,-22.7661687046295,-8.17526590430014
TMS20F1589P0053,1.16898449586804,44.5073003598291,35.0708218146562
TMS20F1440P0039,27.939738112561,27.1052801776124,2.83911196337014
TMS20F1610P0032,21.6349831462272,22.2070846458117,3.85495936847081
TMS20F1597P0052,33.5478441248701,41.5992224374505,-0.607688216437167
TMS20F1658P0007,21.9073516751747,5.58682357298186,11.3023903452216
TMS20F1552P0020,-23.7070520262219,3.26911793298584,-0.823213274555703
TMS20F1105P0014,-30.3127515655514,-29.9574516331338,-15.9211539709959
TMS20F1412P0038,28.4294457416666,29.4191407784844,-3.77773027618078
TMS20F1611P0057,37.2452074049002,29.6588584928148,2.345034559297
TMS20F1597P0055,20.248507134514,50.3404986364294,-5.19970880520948
TMS20F1424P0002,27.6001667413412,7.90837489319514,-14.5158585110935
TMS20F1180P0006,-22.0501506395246,-26.5360993707047,19.1130327596177
TMS20F1609P0056,35.7877836737134,16.0931247271143,18.0878968080333
TMS20F1336P0004,-39.7792608286509,-9.73794977439021,-2.02219878876825
TMS20F1597P0036,33.7100085478516,38.7296015309694,-2.07645302144057
TMS20F1412P0036,24.9545451723509,45.1551076405801,-12.076135276748
TMS20F1656P0002,4.24752174861967,29.935633658697,54.3232673389733
TMS20F1221P0001,-8.00468674952024,-27.3834039069942,11.4976317880785
TMS20F1424P0009,5.61513047856277,2.43861056979772,2.98614645113912
TMS20F1389P0025,23.8172508361974,4.44136119934098,-11.3428016061654
TMS20F1223P0009,42.5108690871946,-27.4428740511673,-4.05235080985605
TMS20F1361P0013,-23.4916569419686,-1.64146387977129,15.8392011693549
TMS20F1323P0050,33.4319643542308,29.5069496181138,12.8624047270883
TMS20F1326P0020,29.8410514399701,1.63720864979065,-2.93534419912756
TMS20F1597P0057,44.5094221321563,15.5488863056588,32.317035733696
TMS20F1126P0002,-31.9707348309509,-23.7111003332149,-34.5188495139055
TMS20F1182P0043,28.5037079133597,-4.26285165765294,0.881876773417184
TMS20F1439P0003,30.360965551671,-4.91947177765908,-26.251469563091
TMS20F1144P0007,-20.1246005149691,-23.6300984787852,20.4432695411954
TMS20F1609P0004,-1.09906936478908,10.516877258932,15.3033476467538
TMS20F1609P0005,4.43155992146648,16.7354331604871,28.614285823613
TMS20F1194P0026,2.55913292705266,-15.6619994679301,-17.3200665687454
TMS20F1158P0092,-18.8617321207601,-5.19939442042523,3.96942988088932
TMS20F1385P0030,-0.356813440328508,-12.8196605365754,9.66967594068528
TMS20F1326P0045,36.019673202798,4.97286616190056,-0.355782954284546
TMS20F1286P0036,48.6666883176601,-54.3235842570837,-14.5390455815521
TMS20F1423P0040,-8.16196954884267,22.6849937549059,29.6037711174146
TMS20F1590P0040,-23.2285128663654,18.8014354826352,14.5736087864938
TMS20F1228P0028,6.96122754132639,-40.0192892203349,-3.10470010689129
TMS20F1445P0072,-10.2911561087727,43.0273372145042,19.5912687587999
TMS20F1424P0004,8.63792452200596,2.20820638897192,20.0416319520369
TMS20F1193P0005,14.0993731859288,-17.1286578644664,-36.4346423812878
TMS20F1323P0040,35.4159760967472,37.4275205096958,9.89444564951521
TMS20F1553P0005,-79.7941650325547,-11.8702978370675,28.3142203522707
TMS20F1443P0001,-6.60266602147132,31.3351162228979,20.0448463306948
TMS20F1161P0014,29.8599367600731,48.2011909778153,-3.91614932458192
TMS20F1442P0005,-3.41140476397064,-2.62392125780478,15.9483372738604
TMS20F1159P0032,13.0989029051063,-28.3556780273625,-3.0384694632501
TMS20F1415P0015,28.4367680986827,12.7106335048552,1.70251226023506
TMS20F1158P0055,-24.1628893887923,-25.5284641012956,21.0995566198779
TMS20F1609P0018,37.3118754185967,25.2853871064166,30.5891716058865
TMS20F1326P0034,23.5329308692329,6.14989926238164,-11.2929531912697
TMS20F1609P0049,18.3844348120309,7.39029701828341,0.103457048487123
TMS20F1610P0057,8.24608749841695,15.3897393564104,12.6387192767253
TMS20F1221P0019,39.8897195026443,-32.7799624691684,-0.0704492122406141
TMS20F1619P0056,36.9703418482594,6.78569719375634,-5.79494055867341
TMS20F1681P0099,8.11301428882751,29.2570032046645,53.5251254444185
TMS20F1361P0007,37.0700937909505,11.3249502410924,-1.53158092315844
TMS20F1620P0017,-25.37304542918,3.37626906562131,4.93798772258705
TMS20F1630P0023,42.4861949121157,6.99960233584773,19.6331936105559
TMS20F1193P0007,-12.9466170160383,-22.6186032316702,-22.1341498986275
TMS20F1597P0035,37.1472551188903,24.8439344444821,7.87447078816991
TMS20F1612P0006,43.5383967684312,7.39102573487743,18.7757273486676
TMS20F1228P0024,39.5640239324877,-24.4847670930533,-4.60594317833552
TMS20F1126P0007,-37.5524461043592,-11.3163462487751,-25.4910329893834
TMS20F1619P0070,34.4190703229681,7.55692447661346,-14.9892594531733
TMS20F1192P0006,-38.7960131660848,7.18119136477756,14.3479966620998
TMS20F1165P0004,14.964707262112,-18.1922337755629,20.6637938773868
TMS20F1291P0009,29.7585610044342,3.58592846360355,-0.723508190282735
TMS20F1158P0106,23.2462862053682,11.4994804070666,-8.95818806577696
TMS20F1607P0007,40.9860484716864,33.0416406918825,19.6831782701824
TMS20F1656P0001,7.22180980006166,26.3976850330193,58.4015429906381
TMS20F1234P0013,-34.3975959826423,46.2184455576502,-10.3296137978575
TMS20F1619P0004,31.372883588631,13.119120463132,-13.5240254470503
TMS20F1597P0070,41.911240304665,20.088517309424,37.7937467583716
TMS20F1619P0058,16.2144114520234,2.16740649958572,-6.52333053928515
TMS20F1299P0004,30.8417516175341,33.0988221773301,1.51672036617284
TMS20F1681P0076,6.92060611875245,28.1828414928527,46.1715183331269
TMS20F1684P0030,47.6093449047458,-7.09948144746373,30.7526886815954
TMS20F1590P0022,-25.7555150929249,27.9548510417069,6.86783108246064
TMS20F1618P0037,3.96457881911288,17.1656336411381,26.0539986430942
TMS20F1623P0019,37.989631279074,13.6788138319614,13.9401988021075
TMS20F1676P0005,41.9971746362421,20.2847019768921,32.7531115599549
TMS20F1451P0018,-4.53779686370807,17.6227808087484,35.0980719240904
TMS20F1624P0006,36.5837678915041,17.7800207335539,9.27835777601992
TMS20F1630P0020,38.7108043986517,20.1980449829802,12.9942173142875
TMS20F1533P0019,-12.6032005583271,-10.3069256707249,20.8669745761598
TMS20F1619P0017,17.8042194549963,6.21728902931671,-6.03033924344665
TMS20F1652P0009,38.289293593284,38.6723889246955,27.8355759355026
TMS20F1620P0043,-25.6042408967587,-4.99641332213055,-2.06652449601029
TMS20F1234P0008,-42.5111186742076,52.6918441260537,-22.4255022431123
TMS20F1307P0055,-22.0679656258368,28.9847319920431,19.3597284895085
TMS20F1679P0018,35.0969273271637,35.8527010295135,42.069263961473
TMS20F1657P0016,-9.45704949392605,-0.841727684910835,34.4469600227571
TMS20F1533P0023,18.654875184577,-0.801500900105862,9.50915283672325
TMS20F1530P0007,1.60520461612439,47.9990566361167,38.1523604397256
TMS20F1285P0014,39.5814209616641,8.71060243048022,10.1250273664026
TMS20F1445P0092,-3.38973746180791,24.8264779129255,40.469599378862
TMS20F1637P0004,36.0280587039161,10.8041153363345,26.3845172957318
TMS20F1597P0066,-21.7799709976467,21.2247078005486,21.6722250437904
TMS20F1522P0002,39.1265410242959,23.1061725328203,23.4497509470599
TMS20F1610P0008,19.5828959380989,20.6303765491374,15.9338445212438
TMS20F1576P0011,32.2064175751403,27.8464236688724,-8.54808880435766
TMS20F1424P0022,5.89138149499254,10.1407487022455,3.56631628458391
TMS20F1609P0057,32.9840207354206,25.9310847375335,18.8255060322509
TMS20F1644P0065,23.0395620380473,9.59215300113985,8.08749961802375
TMS20F1610P0011,5.22589582069301,22.0862267842374,15.863588867864
TMS20F1645P0008,37.2596769407801,18.1082223955644,15.8729427747943
TMS20F1643P0016,6.08186501974561,32.9545448373696,51.9473301726153
TMS20F1667P0007,37.4596024939935,7.25723482464387,17.5828025434756
TMS20F1620P0045,31.8273631589369,17.178138132688,-18.5524768931427
TMS20F1645P0046,37.5025896371245,22.2911652583472,6.87276767179096
TMS20F1639P0019,17.9245987826927,34.4065934994663,22.0785925461351
TMS20F1619P0016,32.7362987272252,13.4297181738552,-14.1153277380863
TMS20F1681P0015,7.52603387799718,32.6455812696426,51.0303989602392
TMS20F1656P0040,6.94362727921125,37.8631658662189,61.1212180878798
TMS20F1430P0122,37.241267933957,17.0643351958093,20.1277009181818
TMS20F1673P0023,39.3744334241235,30.7383661749303,35.3105279291163
TMS20F1590P0057,-30.1610325842423,42.3867484275462,5.62304195342344
TMS20F1684P0035,43.058048713389,-3.75936236432644,17.6324933193486
TMS20F1307P0036,-20.986255596534,33.5203661524762,23.5755088077338
TMS20F1307P0101,-18.7041085331004,13.6323226712588,23.8612766042038
TMS20F1313P0017,-29.8429135432767,-2.68496884038128,6.28836186011312
TMS20F1681P0132,38.5421708260637,44.1053386404376,38.4073733010209
TMS20F1667P0014,35.6732353090115,17.0449435495337,10.671607766985
TMS20F1620P0035,25.2871592281749,32.2494905912972,-27.4114137439506
TMS20F1654P0002,37.511078085656,27.1937126383284,25.8724576780669
TMS20F1681P0006,7.63567136384741,27.2397387632047,46.5047067877272
TMS20F1611P0058,2.97334216651443,21.84872226111,18.1577322346675
TMS20F1534P0038,36.7945403912092,5.82668809751449,9.10409694746351
TMS20F1681P0087,7.11318359440028,33.6463870477174,48.4383566355219
TMS20F1679P0031,36.4453913502432,57.3265678893146,52.8467512793287
TMS20F1681P0062,5.86567226222225,33.2214997445396,45.5716122552626
TMS20F1533P0017,-15.2307163840385,-0.955224348354499,16.3481641748004
TMS20F1673P0008,37.4175369932,43.4147011974288,29.296741583044
TMS20F1681P0095,40.429428016243,37.1807245826612,37.7366891382306
TMS20F1636P0019,36.7772109383796,-3.75797712266236,11.2872838906703
TMS20F1652P0019,39.5655736641842,31.3025828200676,41.7573045953488
TMS20F1625P0004,35.0276728675085,13.6941959615007,11.0904760713957
TMS20F1619P0029,17.1238004246066,11.6638833593351,-3.05075659005468
TMS20F1681P0002,39.6624472630239,38.0519461982184,39.0795088979908
TMS20F1611P0018,3.30948546010881,25.4361277611406,17.6127051789954
TMS20F1287P0001,4.20251148030632,-15.6139869783601,10.9811857014111
TMS20F1656P0011,5.05346998069956,35.4851721091086,44.9811369316929
TMS20F1007P0008,1.99638058657704,16.5624248316244,-1.11347797464703
TMS20F1439P0016,-36.2997991438489,-0.169336673420521,-14.0155760957954
TMS20F1658P0006,23.1507623657991,6.17136004913612,10.3911337125445
TMS20F1609P0048,2.94113251370364,21.2498646672662,26.2456972605511
TMS20F1597P0071,-24.8596854668002,30.0720606881331,5.06549662129921
TMS20F1597P0033,38.2744163610489,27.9286393995032,6.92050367143348
TMS20F1633P0009,39.6224121266473,7.58258150492236,5.79444135598225
TMS20F1681P0001,7.31236641824153,27.3335513774419,43.0357339370309
TMS20F1673P0012,39.0234069125665,41.5598077176841,34.8526095069048
TMS20F1630P0048,36.780489730429,22.1957347172658,9.9808177466805
TMS20F1617P0040,33.7751804164433,26.565699004615,12.2028880897741
TMS20F1672P0008,38.7377153004564,32.3045888793924,29.8724142304128
TMS20F1625P0017,34.7640517510219,21.0490660716491,7.90693215807684
TMS20F1310P0019,-13.120871347563,-7.26483392799559,19.3306379997382
TMS20F1656P0025,40.8534955260858,36.2323931934699,40.8399259422334
TMS20F1523P0011,-0.185626652054656,-19.53981365119,23.8979767545942
TMS20F1522P0003,-25.6223516402417,6.00089988940369,31.380898589104
TMS20F1676P0008,42.1040969468125,17.2788427739504,25.0050504889
TMS20F1634P0016,12.6683701765293,3.16893907733009,24.1921219234581
TMS20F1448P0009,44.3024528057069,-14.1358081906156,26.6060692048751
TMS20F1609P0047,34.3317902325721,17.1625079346734,15.6691738665439
TMS20F1628P0001,39.6638245475558,26.6854060331771,35.5036889525183
TMS20F1636P0030,17.437658391902,8.83328068395205,13.7203468678323
TMS20F1479P0038,-34.8937316010675,45.6498310400198,-1.57632906175108
TMS20F1509P0009,-22.2536784936651,3.76480389694988,5.89513083341784
TMS20F1507P0001,-26.1688585526368,24.3636936438732,23.0388569681021
TMS20F1307P0037,-21.60406331453,21.6324027297212,20.1808054385033
TMS20F1478P0015,-59.5644479108781,-0.162560408612581,19.0947193348695
TMS20F1306P0064,-24.5098988513247,-3.95351674301096,18.6420617709456
TMS20F1507P0004,-14.4857357991574,22.9541949414134,25.8580679347918
TMS20F1473P0045,-73.5661393159825,24.6603821250317,12.935574655622
TMS20F1496P0006,25.5176806762656,45.1043227370282,-9.78862708020826
TMS20F1472P0002,14.3556818839014,35.6237465216521,-11.6914712952717
TMS20F1502P0005,37.5384700908944,-14.9489179785396,-2.07514863449817
TMS20F1479P0036,-37.7028396772176,35.4045965133033,6.13342753263985
TMS20F1271P0005,46.8055369315287,1.57420118243954,41.3475208613702
TMS20F1473P0032,24.0152841118966,39.0102031952056,5.09356674934947
TMS20F1501P0005,29.9771405437466,-3.49784578979602,-13.1645351382958
TMS20F1510P0005,30.7493502023828,29.1813887093192,-8.28506746184431
TMS20F1496P0003,-17.0391742468973,31.7184155599878,0.156823549427755
TMS20F1476P0012,-98.3309399956917,4.25135057167967,-6.89810087941232
TMS20F1464P0003,-39.0373289813199,9.37533341226868,6.54936286367938
TMS20F1307P0039,-18.1947255152455,20.1211651925693,17.2631036140715
TMS20F1476P0026,-110.39829946584,15.0843021457398,-3.55590421073899
TMS20F1502P0007,38.2533340625281,-2.96609381260678,4.8983284622698
TMS20F1476P0021,-40.8945262092421,0.770364493430442,0.94528690231678
TMS20F1289P0002,38.7235586150815,6.25820380072982,4.09685001573382
TMS20F1475P0016,-24.6999260493879,43.9023093919794,-11.809199377552
TMS20F1494P0001,-27.6420504119453,-15.5257111009919,7.83192692566876
TMS20F1299P0015,31.3598008358527,15.34373559198,-0.576678975296695
TMS20F1235P0038,-57.6869966039124,24.8406151853607,-27.6294034891087
TMS20F1473P0039,25.4126987088178,42.3322065336687,4.28687355302328
TMS20F1472P0003,-61.3312749781573,26.0431207007668,8.35428226765278
TMS20F1233P0012,-31.4467374748738,37.9049382379681,-1.56929051561894
TMS20F1486P0001,-60.2792156968001,-28.8947360399643,8.54172550066874
TMS20F1294P0032,-33.3044804521687,13.3790967675099,2.14643848270674
TMS20F1473P0047,-31.9994725575696,28.4887091154644,17.5191510849308
TMS20F1294P0021,27.7552299830953,25.4500081039681,3.07728646733217
TMS20F1299P0016,32.2600911639039,12.75370980971,10.4280094698417
TMS20F1487P0004,-43.811502657629,-13.5850407479385,10.912026014834
TMS20F1452P0015,30.8567212000971,19.8613397225992,13.0385940106044
TMS20F1452P0025,34.6939293907885,29.913906739725,10.103234612776
TMS20F1476P0017,-102.132128855364,-6.92030236435434,6.91854594897478
TMS20F1499P0007,-29.8658427953709,-9.7583361109533,5.30753303415945
TMS20F1504P0008,-18.0624120146166,6.76312086635407,19.9002572184903
TMS20F1476P0014,-37.8214050976008,46.0861072801759,10.6787816264145
TMS20F1496P0028,19.1866042136966,27.4850468815168,-3.71730457939905
TMS20F1510P0007,17.7019495527251,17.9083092400016,11.0400870535367
TMS20F1487P0001,-50.0188332449858,-33.0999259076978,6.45230057909566
TMS20F1504P0007,-72.7640434229929,1.71279769534403,25.7157620516758
TMS20F1302P0025,29.5401791255569,24.6842250200586,-10.4082762476794
TMS20F1472P0024,21.7132948334017,45.5377361888756,-10.5555818338958
TMS20F1475P0008,-37.5548931747103,28.6594739112667,12.0873464718657
TMS20F1473P0041,-40.9432665081375,43.7320887367297,-0.94357309828544
TMS20F1507P0003,-65.5876905686939,-2.80356593283225,27.3769589422755
TMS20F1476P0031,-102.545594733229,3.69617198914034,-1.35849587652521
TMS20F1509P0010,-14.4131803475417,-0.0967704779986712,8.58449977439741
TMS20F1510P0009,34.0027041450223,15.5428177827815,8.47062959676878
TMS20F1479P0013,-35.3702329192809,25.6761017638694,15.00977352025
TMS20F1503P0002,-32.3592453033052,-0.60537152384973,-1.81089240915141
TMS20F1233P0060,-23.637335208238,18.5472916052615,19.4231530342815
TMS20F1476P0023,-37.6872235995112,12.9743924804684,-0.58819360346685
TMS20F1310P0012,-11.5285079546306,-9.06028536661225,24.8415838410656
TMS20F1496P0016,-33.5583720148318,-15.2479527777526,-9.23879242002932
TMS20F1510P0003,30.3458560619566,31.2457997622089,-11.769541468143
TMS20F1473P0040,-36.3752235027321,43.7172412978552,-1.23208646525144
TMS20F1476P0004,-87.0146981758863,-3.54208573306217,22.7487995576522
TMS20F1309P0015,36.6667806232538,17.1861743634895,13.5599353085031
TMS20F1461P0014,-74.4873462711494,-17.7813841691083,20.8447882566307
TMS20F1476P0006,-39.8015282033277,3.84784415105714,11.9597719379882
TMS20F1498P0001,-22.0570268088306,20.906872396587,8.79213746014217
TMS20F1230P0026,38.7677605726952,34.4959341343821,27.7660470873186
TMS20F1502P0003,-23.4138442222519,-10.9369586780256,17.3262191951368
TMS20F1473P0034,-33.6815153684732,24.1476898470026,11.274028026795
TMS20F1476P0002,26.1438371891713,46.4857914515647,4.43604930118183
TMS20F1504P0004,-11.3164760190669,13.8287499328339,6.62236786275139
TMS20F1473P0033,13.8725355313252,50.0957814146187,-9.81983965952131
TMS20F1322P0028,-26.0686401835848,-0.386117079742373,19.5840182896455
TMS20F1310P0008,42.9412883863682,-3.99955783784407,14.7655782213656
TMS20F1473P0038,-36.812217049823,40.8515282206264,7.54517907138615
TMS20F1465P0001,-29.3030309981794,3.1113261818602,18.2239119848185
TMS20F1233P0039,10.9431551687232,29.1212122367556,3.7290447898704
TMS20F1286P0013,40.0214795960353,-11.9547071261165,-0.173065704332832
TMS20F1475P0017,-72.6489895370704,19.7847221426635,19.8343011655861
TMS20F1233P0049,26.5020384486281,33.8471139385781,-1.85615180242879
TMS20F1306P0065,-17.3851963955402,0.54394936798761,21.5154447034376
TMS20F1504P0002,31.8554640145917,26.2236935717804,0.397321856812605
TMS20F1458P0014,-34.6075659988457,20.2540538985438,22.8964948752136
TMS20F1478P0025,-72.5091096520055,3.91245009368265,4.93645238967903
TMS20F1510P0008,33.8247496854859,20.7551762503277,4.52425671268639
TMS20F1295P0001,32.8208913869342,6.18705052281984,-1.10547379893754
TMS20F1298P0014,-12.4320015654344,28.8903374306676,18.4782161237043
TMS20F1479P0003,-35.3733765727464,32.6596217283576,28.1064282651738
TMS20F1475P0012,-23.0122568025897,39.2333599876037,8.51615262648834
TMS20F1479P0011,-36.008283595349,32.1256831901405,13.2341192694147
TMS20F1454P0001,28.7829236402838,5.32286674729739,-20.3362665298064
TMS20F1479P0008,24.0874351312226,45.5989549801836,16.85058920796
TMS20F1496P0001,-14.3417844136091,27.1975114393501,-4.8429367198991
TMS20F1476P0010,-102.84099504741,-0.767981451152723,-5.31548629621488
TMS20F1472P0004,-40.394086140932,30.6771059866495,0.359865951877525
TMS20F1472P0010,1.85480989321555,25.2838844085504,0.121439370812873
TMS20F1489P0004,-103.690918745851,3.8429170533571,13.5217214132824
TMS20F1475P0011,-55.601860557425,32.6284925357917,-2.96935102562042
TMS20F1476P0013,-98.0531097271885,-10.0321737618488,6.47948251503783
TMS20F1472P0012,16.3903771279418,59.9736814600896,-22.0199313547787
TMS20F1479P0014,-38.9934820997967,50.7623779999909,-5.44749167626332
TMS20F1474P0007,-29.654839676051,11.1716707767342,16.5853936626044
TMS20F1475P0019,-28.8973306023207,29.2335354157509,8.91561583756946
TMS20F1472P0049,25.1615350138142,28.8805245819002,-1.2084102590907
TMS20F1452P0022,40.0447947732396,17.2762192822217,14.6140471396496
TMS20F1455P0004,-1.16100804852373,-0.8921789682637,16.198471992971
TMS20F1475P0004,-42.6783187072745,33.8074078183784,-1.05482165242933
TMS20F1489P0011,-39.609746210668,4.8214527662895,5.98682804881432
TMS20F1495P0001,-38.3462954217632,-1.16707268415606,-2.69324302544478
TMS20F1472P0030,-30.8672319639139,36.4180077408896,7.69153787761874
TMS20F1460P0009,35.4140105272208,2.93073631638218,3.02294318678629
TMS20F1485P0047,-11.589178392197,2.32827429643838,7.83515138128415
TMS20F1472P0034,-48.588681096098,6.53891187535133,10.4962155167705
TMS20F1460P0005,-91.5166145045549,-16.2291917295419,32.4045731593006
TMS20F1462P0011,-31.9421563393974,-4.06870375546282,-0.702886550883873
TMS20F1472P0028,-42.3510070692334,40.2007078410669,-0.638325022208651
TMS20F1452P0013,-10.7832438869878,12.4870451205877,25.1121119884639
TMS20F1475P0015,-21.6292869822973,35.3855301058385,5.57777692380484
TMS20F1474P0011,-36.6012105767616,2.75000818726672,5.02558873715224
TMS20F1468P0010,-25.9592574605245,-4.29907637358565,16.9199663621537
TMS20F1472P0033,-20.5108595174943,18.9569125635425,22.0716361697647
TMS20F1472P0041,36.9135956800953,32.8351813596879,35.4544476526553
TMS20F1472P0040,-11.4088064816928,40.6458336478178,-4.87863163912069
TMS20F1509P0003,-28.6067374671468,-1.88359474558695,15.1038882031355
TMS20F1489P0007,-68.9170438481838,14.2785668181252,-9.8277945794153
TMS20F1489P0008,-42.7661145357288,-2.83534697248019,3.74920276982176
TMS20F1474P0015,36.2796398584979,1.6318593906324,12.0185048059176
TMS20F1504P0005,-36.2157875043532,18.8350946836065,15.819498766361
TMS20F1472P0005,-12.264825393746,33.5752417237369,11.9654804625325
TMS20F1474P0010,-74.7993645156905,18.4710840478749,-4.18467971073525
TMS20F1493P0001,15.0254700948031,9.7978438532788,3.75718749745386
TMS20F1472P0021,-84.3581942045675,32.9002041087141,0.29772887549934
TMS20F1489P0005,-40.3367489627675,2.11564601957187,3.08840912462413
TMS20F1474P0006,-84.543407666001,16.1625081725158,5.38592174749314
TMS20F1486P0006,-30.6474495075668,-22.07728934406,7.46480163102957
TMS20F1489P0013,-102.981670080513,-9.8311570565921,14.2306350623667
TMS20F1475P0009,-25.4749025632507,25.6051884596078,16.0959768819639
TMS20F1500P0004,-95.0244472965564,-1.69266096459693,12.503367214693
TMS20F1487P0009,-95.1815838248005,-30.9721623170263,9.40673554986627
TMS20F1509P0017,-23.5366824185283,-14.8096554868408,14.8637702560281
TMS20F1510P0004,31.1227754941903,24.7110277280361,-4.55171152074611
TMS20F1472P0029,-76.6592457979682,-0.673644811661111,24.6568194883371
TMS20F1460P0013,-65.6793194102512,2.71712711118564,11.3618212155908
TMS20F1489P0002,-37.2933392336367,4.76567063825784,3.87102090535806
TMS20F1476P0019,26.4173139426583,34.5610033187952,3.60975151786233
TMS20F1462P0002,30.6685815006847,-2.9963199957122,8.86518608830736
TMS20F1487P0006,-95.976150200364,-24.8124808390117,17.7374616958264
TMS20F1454P0002,30.4767647460016,-12.1265800055784,-34.6283459305853
TMS20F1472P0039,-34.007636125527,18.0260312473149,26.3998567265221
TMS20F1474P0001,27.482604387161,16.6357680851184,-1.92124346613545
TMS20F1491P0002,-56.0685447111692,-27.1065835971847,-2.92098190455241
TMS20F1490P0001,-23.2758288426288,-46.3821867018399,8.15081546132471
TMS20F1453P0001,7.63183890939714,-19.8779597258898,-12.610247881673
TMS20F1460P0022,-30.3543437129372,-2.70016869323547,19.4585077789028
TMS20F1472P0038,-70.6550217449885,3.45392487687279,23.8883829196307
TMS20F1474P0009,-3.21080017862835,26.1964983002246,-8.0348830963217
TMS20F1472P0022,-83.7786371991382,21.0789571692279,21.0021711136655
TMS20F1453P0002,37.3136151559698,-7.3999702776279,-2.04915677763658
TMS20F1491P0007,33.4348297600051,5.30891639714216,10.6360731730156
TMS20F1489P0009,-41.2974062287028,26.9907154308933,-8.78796066151297
TMS20F1489P0001,-38.0462241765161,7.17034171545745,1.25826777993265
TMS20F1464P0001,-12.9549377573775,7.91259524868686,17.7510475104243
TMS20F1509P0001,20.8071971348948,-2.0290972207711,-2.97129972401837
TMS20F1487P0003,-36.283026812631,-9.80867334884602,3.26313116553537
TMS20F1496P0004,25.8389681645256,35.6086464363418,-4.58469365570046
TMS20F1475P0018,-38.225705962136,20.3983413384144,12.8757191581222
TMS20F1472P0042,25.6793512688252,29.9036860224809,9.53060908921745
TMS20F1473P0023,-34.921734928392,11.3252246294657,-9.1265726212144
TMS20F1472P0027,-100.014556402049,23.0818618320526,7.52687241371492
TMS20F1472P0055,-33.193629581194,14.4724404383506,9.67181085222881
TMS20F1509P0015,32.8729286958214,7.83225174232973,-13.3156034528668
TMS20F1472P0020,-76.0198100770543,36.3789634112631,-9.55104441720928
TMS20F1494P0006,33.8449259056954,-13.9831131361032,-7.18903968634464
TMS20F1460P0020,-95.9633023833105,-9.15242457143633,30.2778996428853
TMS20F1477P0036,-29.2618025913819,50.0701620567037,1.73688816062976
TMS20F1487P0007,-79.1504176644044,-22.0322801491777,25.259276575533
TMS20F1473P0021,-21.6286775562505,51.8112217946516,11.7713212157221
TMS20F1472P0047,18.0847900222458,19.6566682939928,-2.16687347764515
TMS20F1461P0001,-17.7569125570198,20.085676552667,-8.7832967735269
TMS20F1460P0007,28.3656211496008,16.0901488799811,-8.26874446638812
TMS20F1458P0004,-31.7365412242375,-2.85819939526499,12.788348933589
TMS20F1452P0020,37.2716001827709,15.9900227937385,20.2682880200125
TMS20F1457P0006,44.7301860973732,-44.124639705509,-4.88920763358778
TMS20F1452P0011,35.8023340298049,32.3376446321684,16.2337659429314
TMS20F1460P0010,7.46695902887546,17.3284375158723,-2.88618777272622
TMS20F1485P0015,-14.3470382432451,19.0787507351734,-0.378015447986674
TMS20F1457P0001,-9.70825742549728,-24.7969056542758,4.96645518307622
TMS20F1469P0001,36.73120346241,10.8080448508936,1.89874835496452
TMS20F1460P0016,-28.898138482317,-6.40834657534362,16.613921621792
TMS20F1459P0007,-95.941656002086,8.77860266783583,18.7984126097225
TMS20F1472P0011,-53.8070499942418,18.19271035043,23.5137770600158
TMS20F1460P0029,-92.5500062612735,-16.2874954467677,31.848834656415
TMS20F1472P0036,-67.7828994271939,23.2425159358687,11.1788871718452
TMS20F1462P0012,27.2867471921553,18.7524201664619,-4.03926871364195
TMS20F1473P0022,-35.174383503455,29.5969122204005,14.6678916533054
TMS20F1460P0021,-34.6836939879403,6.85294740987732,3.53333440571484
TMS20F1472P0025,25.3352059966712,29.8803222962248,5.32457299509905
TMS20F1473P0013,-40.8943004624144,44.2388276069459,2.24149356481603
TMS20F1460P0033,32.1167253110012,8.53381443800677,0.383691847768219
TMS20F1472P0031,-21.3404169888864,29.1843359651406,1.7813829228623
TMS20F1472P0044,-38.5287926745444,13.6116364238021,26.4509043688902
TMS20F1473P0020,-7.08057189587416,42.7486389592318,14.1468485584394
TMS20F1458P0006,-12.7623910962785,5.00497250995861,30.3796407175624
TMS20F1472P0009,-33.9577216047536,15.7325312626081,11.9135940961359
TMS20F1452P0007,-7.84280626164158,4.82099689454427,24.6362244552218
TMS20F1462P0018,-32.6070253576652,4.1447817803565,1.59872363419242
TMS20F1477P0029,-81.7047310873102,38.1413168223283,5.06491816823101
TMS20F1461P0002,-31.4452760926508,-5.29189161339988,14.2758366029711
TMS20F1459P0002,-39.9098128300055,14.0966678266902,19.4668717932866
TMS20F1457P0010,-8.44166491377536,-27.770466652249,9.8614950554797
TMS20F1477P0015,15.4871760659012,79.1368832711072,-12.4555048608899
TMS20F1467P0006,2.8470308347814,20.6989253986039,3.94419999724275
TMS20F1460P0001,29.0507958728088,17.6155702593142,0.0984256588660474
TMS20F1473P0008,21.2051138041806,56.4526113052863,-0.606456692639541
TMS20F1473P0002,-40.1870879159615,51.8402367504055,0.883270269388726
TMS20F1460P0002,30.0756048196635,24.4686414503635,2.09186937524546
TMS20F1473P0014,-39.6747903345033,38.6409922436379,1.81287964955262
TMS20F1460P0026,33.9129676662487,7.84034727966019,10.3864948750227
TMS20F1473P0028,-40.912113737601,42.2912128961156,10.9506299454086
TMS20F1473P0026,-29.2320467620509,2.30841972030138,8.14416825242758
TMS20F1460P0015,12.3553358521427,-2.71007219295187,8.63970358881167
TMS20F1462P0010,-33.8132121120721,5.00986103004767,11.3779714457928
TMS20F1472P0032,22.9305436243227,36.4612583481113,2.72378292586645
TMS20F1466P0001,3.80595056408929,-1.25629866119992,6.61014115728157
TMS20F1469P0002,35.2006147658831,-6.64886920037527,15.2311938095274
TMS20F1502P0001,1.2456406455932,-6.66889744791154,21.2212694553886
TMS20F1460P0036,28.362770731755,23.6054533931428,-1.46408726408708
TMS20F1472P0046,-7.82887575568315,35.0485914317397,1.51002796193276
TMS20F1466P0002,-11.1948313003391,-9.70126338083266,0.445997455736555
TMS20F1459P0004,-92.4151677185209,19.1960866020276,12.5389053126721
TMS20F1473P0009,-39.8396924484539,42.6541639893538,9.16701601436144
TMS20F1452P0019,-7.33985418153797,-1.95961081070424,24.3617653761832
TMS20F1468P0008,19.9650286650719,-8.55420444131393,9.81719301548604
TMS20F1472P0059,-46.5390256806447,26.7815069972005,12.2200963738792
TMS20F1468P0006,24.4524567349012,13.9775569532739,2.94809972185306
TMS20F1479P0019,19.9122069678831,52.1408874483962,-5.84726595420081
TMS20F1473P0003,-38.0242454801719,40.7685350954375,3.69181415645225
TMS20F1466P0005,-47.0100207770666,-22.7391282169792,3.61803512859358
TMS20F1472P0016,12.9816189641306,42.1790536480759,-13.0632745576535
TMS20F1460P0027,-36.8186905820473,14.6161106399042,8.59972316476766
TMS20F1479P0035,17.0143202040626,39.6019159049001,-12.8919542944261
TMS20F1478P0006,26.2909272815817,19.9712797328609,5.45704112352301
TMS20F1477P0045,-22.4773452733523,50.1778882711332,13.6935501369109
TMS20F1479P0056,27.1261427794402,32.1605472131419,3.91357447325562
TMS20F1472P0001,-82.1413430917179,18.6354116397883,15.7928671956411
TMS20F1476P0007,-95.9660916691862,-5.01378156362127,16.1571088311655
TMS20F1510P0014,32.9941959458681,19.2384350544799,10.1150756583599
TMS20F1467P0002,-22.7459133538255,-6.87223608648174,10.0922942345428
TMS20F1476P0020,-102.048642645701,-12.2115683436043,7.57275856293391
TMS20F1467P0005,-9.41428438756901,10.3280404833987,23.4950989604851
TMS20F1480P0002,-38.7547994357714,15.7389035245294,0.699792194627058
TMS20F1456P0002,37.3038873843976,-19.2819932606776,-13.5479607244887
TMS20F1479P0040,18.0393213579637,57.6062347775203,-17.0508567410628
TMS20F1468P0005,-2.50361434866565,-14.7497076151843,11.7596387177902
TMS20F1485P0027,-13.0168111364254,15.4046137124954,10.2925386407278
TMS20F1477P0003,-38.9144143932918,48.6070353035283,10.1613711147129
TMS20F1479P0055,-34.6639374201267,32.5143828831017,6.03490548861201
TMS20F1459P0005,19.1340917660862,34.1607499257689,-19.0409328265853
TMS20F1476P0041,-44.4026856721017,20.1176851584739,-10.5182490652907
TMS20F1456P0004,38.5407344356718,-17.4028383627004,-12.097527743659
TMS20F1482P0003,-13.6558738221742,-27.9558326750374,-5.86698626244477
TMS20F1468P0004,31.1949826604903,-0.360159533474013,-3.82079166458843
TMS20F1478P0007,-32.8568485271711,8.56533003902503,1.69432339745724
TMS20F1460P0028,32.8839478408629,4.26961311090457,6.14730190893283
TMS20F1476P0038,-43.1899041022687,15.0683570375949,2.98706676037758
TMS20F1478P0003,19.7997748077875,35.694470011693,-16.5384446816549
TMS20F1478P0005,-39.4391786637817,26.076282679539,6.17293539650792
TMS20F1477P0018,8.7791823919299,48.4286359396289,6.80819544515763
TMS20F1478P0010,-77.3702963885948,28.9825812857305,26.1341466158277
TMS20F1476P0047,-82.8358742780585,13.3952177835667,-1.26475540332763
TMS20F1461P0010,-74.1126516512866,-20.9817097521129,22.6089950027314
TMS20F1472P0067,9.99622347488593,45.3082531383456,-20.6717041998515
TMS20F1456P0006,36.318051115715,-20.1375208171784,-13.0491915101377
TMS20F1477P0016,13.4981744611119,76.0068779934983,-10.6224556401197
TMS20F1510P0011,-29.9557465350446,14.841386921281,5.59923897111724
TMS20F1485P0045,-13.0227587491961,5.98549260506509,6.25406294280836
TMS20F1476P0050,-105.303177095296,5.81551995330892,7.0754048846367
TMS20F1456P0008,40.5428057272452,-23.0049221113131,-21.8847624120918
TMS20F1472P0007,-63.5163389318698,12.4494773856224,28.7793860459628
TMS20F1475P0005,24.4342268061788,36.13863140596,-1.54950751103588
TMS20F1467P0003,-39.1152658984924,5.46035014310762,16.6096267476263
TMS20F1476P0027,-37.6773583142422,55.2242477702236,5.06395956401195
TMS20F1455P0002,0.772837790822933,-7.54445564627729,9.01948037585929
TMS20F1477P0019,24.6359867102209,46.8994967524694,-0.0402885859653424
TMS20F1484P0001,1.34985332102606,4.11413730337657,14.406691369447
TMS20F1462P0014,-28.9558942061462,-10.1677660583019,14.7394673329611
TMS20F1478P0013,-34.8643302340478,11.948021018836,-1.21988531605062
TMS20F1485P0040,-10.6952274331522,12.6399004200831,20.5658272498144
TMS20F1461P0003,1.16702861990481,8.05429643357502,0.654778608853663
TMS20F1485P0009,-18.3280442220042,20.9395585146511,-0.388124446572091
TMS20F1454P0003,29.3468443211684,-3.77143743777515,-29.5187637558432
TMS20F1497P0007,29.4207186430217,21.8775166833502,-6.56329552772066
TMS20F1477P0007,-23.9327638839912,40.8331768402611,5.23087540106648
TMS20F1477P0044,-40.2055459168508,55.1073550127844,7.85636476612057
TMS20F1460P0025,-64.5320125238577,1.52340528437837,22.944160285445
TMS20F1476P0032,-94.7804030028309,8.82140000405932,7.39964872618452
TMS20F1472P0063,-67.2732873745182,11.2828846790954,16.2355030089123
TMS20F1472P0064,-54.6740268569143,6.94889260308298,13.7819608759712
TMS20F1476P0046,-97.6482552933998,-12.2010807234588,9.88758806308971
TMS20F1467P0004,27.9173088373479,22.4206843774916,0.324548546159283
TMS20F1510P0012,-36.8859865290372,11.2639315094894,5.79051987144209
TMS20F1485P0013,24.6698678075888,28.2260491189037,-3.90085356023515
TMS20F1468P0002,34.4027651611604,1.50856028966866,-3.89703223608249
TMS20F1460P0034,-30.1785030940924,-7.31531018859232,16.6417188984316
TMS20F1454P0006,33.4713399883154,8.50826704135702,-4.31019194088986
TMS20F1457P0003,43.4267884631481,-26.839058221144,6.83354015913611
TMS20F1473P0018,25.7025893870015,39.4710849636662,6.78439434840772
TMS20F1472P0017,-30.8436917097485,9.15845512979923,12.4382154962012
TMS20F1479P0052,-40.4218824740239,40.7984738844413,3.28257691119654
TMS20F1477P0010,18.9870224288686,58.4179296887191,5.34024037520584
TMS19F1192P0003,44.903757206268,-2.62799774247024,27.9578035743106
TMS19F1225P0006,44.2671031012219,-18.9472652145644,17.1883726166182
TMS20F1484P0002,-1.9781989677301,10.8505205632403,10.245590515795
TMS19F1219P0131,-13.3965108169984,-18.4534358634182,18.9098971868834
TMS20F1458P0009,38.2389830445699,7.28939521743629,24.1741875488196
TMS19F1509P0026,43.5904955434434,-8.23518046455996,14.2916811025473
TMS19F1517P0034,40.8644068966194,3.26088710790964,12.158639498788
TMS20F1472P0026,-42.1790793858255,27.6788291852213,0.361871571955552
TMS19F1219P0072,-12.6546849768518,-22.3575590348564,25.2793059025773
TMS19F1072P0121,-31.0925161506483,19.7466854980963,20.247403591191
TMS19F1219P0007,45.0113728250037,-10.0067675342891,18.6939023819492
TMS20F1481P0002,-10.8125454018552,-22.7422607070626,14.3848284653682
TMS19F1225P0014,45.9461270150185,-32.7132287935235,17.4999261192155
TMS19F1193P0073,0.938062983279304,23.8761878501754,10.9959760166502
TMS19F1406P0009,-14.3265501599956,19.9256108206039,53.6300635837836
TMS20F1461P0007,28.8928935816736,15.2088256699756,0.152951865800925
TMS19F1219P0090,-11.1079619240313,-16.3907723502855,29.5739610432706
TMS20F1501P0007,-74.4305079624237,-22.3731678690187,19.0672741128887
TMS19F1406P0002,-25.7988834267887,19.600844232586,37.5349246601182
TMS20F1476P0025,-48.6690318974725,25.6224584136462,-14.2543574492935
TMS19F1233P0019,46.0060582849551,-8.16293847327849,23.215967833682
TMS19F1224P0002,45.93544501591,-18.0731955983172,14.8904333795162
TMS19F1397P0019,38.9026124235574,34.6017262962277,25.9199467657607
TMS20F1466P0003,-27.803695877281,-4.73580555888759,3.80363860606346
TMS19F1193P0024,3.43262232546238,27.9022179655312,19.4365687704202
TMS19F1192P0004,45.3602137620861,-4.4612652229224,25.7468900552258
TMS19F1408P0002,28.9057458982238,50.762017413299,-15.7132047331795
TMS19F1219P0180,41.6252946974375,-3.88981033871498,13.9022201662662
TMS19F1233P0024,46.5223234782856,-13.8319743542305,17.7129278205174
TMS19F1407P0010,-7.89255059223909,27.9905770560184,9.68713327752306
TMS19F1194P0053,46.19852984314,5.29061107506201,36.488280532016
TMS19F1219P0089,-11.796019544722,-13.5379630953311,12.0066104302399
TMS19F1069P0015,-24.8713328384586,20.8067682719848,0.625030634563396
TMS19F1228P0027,53.0166622902174,-37.8185085017612,20.4867378699272
TMS19F1219P0038,-15.8400402849094,-12.8750213988846,17.155639319332
TMS19F1371P0025,-31.6230532232108,5.66601104351241,-12.2338371916144
TMS19F1228P0001,50.9769177275916,-36.3423755597927,22.4293008408812
TMS19F1507P0030,45.5048986577688,5.07922664492583,32.6346779987921
TMS19F1011P0056,28.8305260197336,-1.89477631197168,-47.9131360895827
TMS19F1527P0041,40.1347655040223,-1.11346896789996,14.6051066742681
TMS19F1233P0036,45.9432327718952,-10.5658449220302,21.7993812408403
TMS19F1225P0017,46.3857212806774,-30.0903336658686,14.1669506899102
TMS19F1507P0003,53.5496416333917,-17.2319009384502,35.8306929752839
TMS19F1194P0013,45.7481238949409,0.582256375238778,29.8132551172492
TMS19F1189P0043,45.5306201697082,-12.5005230310839,24.1317055328582
TMS19F1210P0006,25.9874397015256,-5.91072315707547,18.8871115068686
TMS19F1219P0139,-6.7741514628466,-22.788883303845,34.4230701441378
TMS19F1394P0001,-22.2024336570281,14.2488554923138,47.0976767368296
TMS19F1509P0021,45.948571190871,-16.4240034975959,12.0229080039128
TMS19F1527P0070,19.8472152939093,7.41404945391098,19.3900007810591
TMS19F1228P0017,47.797619191769,-32.9848948352767,20.2498210526202
TMS19F1219P0177,43.6335164003804,-4.05830916123337,22.6978355852459
TMS19F1219P0030,42.5020026897866,-7.4675196154794,22.1516044191895
TMS19F1225P0020,44.8670014901685,-27.6380901759379,17.0427041511983
TMS19F1189P0045,45.6956293979521,-6.58463483159343,13.9507634283042
TMS19F1397P0021,-25.2121105705398,25.5412978139306,30.5374863413386
TMS19F1537P0009,43.9986245083572,-3.99319160083889,18.2603554372719
TMS19F1513P0015,32.9005343538012,32.2930299099133,-0.799611692310563
TMS19F1253P0020,-28.2246618177328,22.7220937084307,28.3664094127015
TMS19F1189P0037,48.3655145620506,-15.4091638047117,25.1945488931913
TMS19F1181P0008,45.7515660226032,2.48691325220821,28.6707476086522
TMS19F1193P0010,1.31316006273153,23.6642580415804,-3.12156050621282
TMS19F1509P0005,2.86018000740057,-17.5324372984349,34.858088453748
TMS19F1395P0009,-29.9204671086818,25.0756539076093,19.3422457789705
TMS19F1225P0010,45.8114459554903,-30.7374449940212,11.2048569294646
TMS19F1069P0053,-26.5003408604145,25.3178506637889,0.0735906255440343
TMS19F1011P0025,28.444939526688,-9.37734132482862,-44.9266587186072
TMS19F1233P0045,46.5326743330561,-23.3699939436019,19.5690368878883
TMS19F1397P0011,-22.3418760532506,12.1803988121383,38.80835051906
TMS19F1194P0103,45.3287482767759,8.70331185196735,40.1107233185573
TMS19F1527P0046,40.1112578113452,1.10535810559005,10.8480146064084
TMS19F1219P0003,-12.4791393264833,-9.32522280577937,30.7846199556548
TMS19F1498P0029,-17.125312107433,-7.34183866469286,22.062958074078
TMS19F1225P0012,46.9858700781474,-23.5208917335591,17.9881071611414
TMS19F1394P0035,-22.8863638998371,16.8166349232212,32.0032983404666
TMS19F1182P0020,-9.81718627420166,18.8960821179239,-4.26018881606924
TMS19F1193P0055,1.60506510261152,22.7900304391447,14.4165577058804
TMS19F1359P0027,27.233996732621,-0.872697003427191,-19.7185001423816
TMS19F1270P0019,-8.74775491820328,21.3975691638448,35.9451353651927
TMS19F1181P0056,25.4687529762071,3.29736906960203,40.4557018196114
TMS19F1233P0090,47.8179119661764,-22.0454776717217,31.3291245790163
TMS19F1359P0051,25.3689999654779,19.7899993945102,-31.5435358972771
TMS19F1270P0016,-18.9692386796291,4.49060507317406,37.9428387772409
TMS19F1397P0059,4.64224901365842,20.1950122352421,43.8263136572081
TMS19F1527P0042,43.2768901856712,-1.5633228049113,16.8264513333892
TMS19F1270P0011,-25.6660159028038,19.1733617147542,13.0573764599944
TMS19F1394P0038,-26.000759180623,21.7587380596611,37.4876598721267
TMS19F1537P0015,40.3927878973962,4.39143812429448,9.20156891928875
TMS19F1527P0015,43.0136021746425,-4.84116928943963,9.9782009902861
TMS19F1219P0127,42.4152753769187,-10.0658364127623,15.1587176898301
TMS19F1395P0004,-24.059103622239,16.7426161015686,34.3832074467117
TMS19F1509P0013,51.6567730138385,-27.8172572248214,26.0929943318449
TMS19F1189P0046,42.9535752365949,-0.794651208473683,8.32684687781306
TMS20F1306P0036,-27.6859536411002,1.55115952705686,20.2548270187551
TMS20F1476P0039,-61.8586953612628,13.5914930999992,-7.22486401871891
TMS18F1505P0057,7.7293795478964,8.29527310789468,-28.4207012147519
TMS18F1520P0039,-13.3124561211786,-18.3351296253864,5.0427507083503
TMS20F1477P0040,14.2346857082855,39.7599895894678,-0.0369391971342812
TMS20F1497P0008,32.8045191108893,24.1686764969831,-0.637321481586343
TMS20F1681P0036,6.30536648533682,33.9215145219015,44.1004909593091
TMS20F1006P0007,-34.3722522471777,-5.70586755897398,-2.64031989335769
TMS20F1158P0021,37.0649370080609,-16.3699753369938,7.27821546089048
TMS18F1489P0038,-78.7408200113427,-18.6886513045384,4.09437815964355
TMS20F1455P0001,30.1474819412923,11.0290497742193,3.75944641208914
TMS18F1562P0023,-48.5750077238691,-18.4508422264188,8.3970220873231
TMS18F1489P0040,35.1511703019339,13.4288297048161,-17.7468667926728
TMS18F1562P0030,-36.9068840902278,13.0391886403035,-43.5117295926744
TMS18F1539P0063,-33.0469861941135,-16.4818552877141,10.6628776475244
TMS18F1539P0073,-41.8067158842891,-36.1468642781496,-60.953270395302
TMS18F1505P0047,1.36122170660431,0.902288533667803,-25.2683815820667
TMS19F1142P0014,-30.9145511942994,15.3740758907636,5.47055882132055
TMS19F1017P0043,-94.9157956376346,-31.2773314025086,1.46049051416146
TMS19F1015P0001,-38.548618624177,8.4892582527788,-43.003031454201
TMS19F1147P0030,-30.501675732076,10.4383102711033,16.4988266916959
TMS19F1293P0042,-27.3528824892765,-1.75274940548998,20.1214646298392
TMS19F1110P0029,-20.1207408998014,5.93759977820539,0.559447897934966
TMS18F1562P0025,-95.7896207041809,-16.4231872030905,22.5744369417184
TMS18F1562P0026,-16.7548093636442,61.7235658337734,30.9541741186812
TMS19F1301P0001,45.9630462333161,-5.31899055905392,24.9897270361491
TMS19F1196P0001,26.7961072683885,39.1612422040609,12.8598216674382
TMS19F1360P0008,21.4193543755954,32.2342790158512,-40.2413973869461
TMS19F1063P0053,32.4228306168999,11.4670918610955,-10.1124014307204
TMS19F1077P0028,35.5832123190392,-15.4423679521594,5.69191485567544
TMS19F1466P0016,21.3914972889541,-4.84442103228541,-4.48457696081347
TMS19F1304P0114,38.0124780986272,9.53491981093375,25.8956224358454
TMS19F1351P0040,-12.4654196740369,-35.490548606576,-16.4400596639041
TMS19F1015P0002,-37.5330343673077,-12.5095522602253,-57.2064550141008
TMS19F1017P0097,29.0159867079994,-6.80357988618825,-23.5054723025931
TMS18F1506P0018,31.4077982289827,7.50870851614653,-32.900229335176
TMS19F1066P0026,39.8685055512371,-0.85702385168769,-9.76246089823828
TMS19F1060P0009,37.4007717918137,-26.1037575103882,-7.20439541191071
TMS19F1292P0003,-28.7707115274106,11.5350970446157,22.2899134691973
TMS19F1300P0036,-24.7410409465391,9.84015705360258,22.7089583751913
TMS19F1226P0213,-26.7152594317558,1.85641506879689,2.0684590270583
TMS19F1017P0029,-34.3583993140189,-17.116287879417,-20.3449656540667
TMS19F1316P0116,0.109042771923057,5.62907964800827,16.1054366206277
TMS19F1205P0062,45.3761229036745,-22.3098503412097,21.6303937671426
TMS19F1286P0065,-52.0165182227374,10.806260116364,44.2308585044966
TMS19F1086P0014,-32.7773161704621,-28.25642516658,-21.9221688891405
TMS19F1437P0004,41.6886771784909,25.3842225087281,34.7805046899393
TMS19F1041P0120,-40.6824066395012,-5.77871084171598,-40.4512006100884
TMS19F1361P0001,29.7003169702912,-12.7513790886335,-32.042059501548
TMS19F1295P0033,-57.5180313399161,3.8067975053791,48.8371089025122
TMS19F1142P0003,-77.7325839425723,-3.33450928369909,12.753233396458
TMS19F1017P0089,-33.9689120646543,6.74703851163591,-3.86206126485546
TMS19F1024P0019,-27.9110312829075,-15.4261757007285,-30.1322992325289
TMS19F1440P0074,20.7076619602607,7.73525189833939,13.9495779458712
TMS19F1366P0016,-31.1699904153209,-29.5676035701828,-29.6862725997576
TMS19F1293P0011,-26.9371735021789,-0.0419473757120848,21.1446143955707
TMS19F1301P0020,40.915913024469,2.79462771512629,12.9049329100424
TMS19F1071P0017,36.5076758753884,-14.2419847285056,-23.1478112115364
TMS19F1385P0007,44.4594802744026,-3.54930830403946,16.9933312388351
TMS19F1329P0033,-16.3479412674363,-19.8465908132705,17.2716202106824
TMS19F1026P0004,12.7045198686752,10.9939285133275,1.2919640164495
TMS19F1183P0037,47.5584276508487,-27.5702056920598,13.1506559833909
TMS19F1331P0004,-15.6787561671703,2.00986456265475,27.5149305339238
TMS19F1329P0025,-17.7118450482839,-11.1362983028383,14.3752284835828
TMS19F1057P0002,-44.4590291231165,8.76133106356657,-46.6801250873046
TMS19F1437P0047,39.9760792125454,18.9698832441301,32.2790005489626
TMS19F1384P0056,42.967362975121,9.3348938162769,32.1913508289668
TMS19F1218P0020,-77.0995708165398,-9.96954355015008,28.9319880708881
TMS19F1080P0071,27.6845814040339,4.84459099394325,-28.1559877341904
TMS19F1091P0065,29.5547233523168,17.6532611850374,-21.2164021568781
TMS19F1386P0058,37.7861119118719,1.49242423171812,18.7587575184648
TMS19F1090P0030,-11.2735108468117,-0.293582226135542,-11.9528942739274
TMS19F1423P0003,11.941816664986,-6.85522630008049,6.08270275342138
TMS19F1043P0036,29.0595826171198,21.9981343122101,-22.5223873602874
TMS19F1086P0030,-34.8627509758601,-23.7934130039262,-26.3037541444645
TMS19F1067P0043,26.633316045231,20.8129920443994,-42.3542921981388
TMS19F1440P0022,-4.01473623462262,-3.51109377466063,20.2537617228521
TMS19F1063P0176,-51.9472439380194,-2.80951820227149,-1.96381116631015
TMS19F1329P0008,-15.2806193582292,-14.6790433333323,10.2324967573847
TMS19F1388P0043,14.9352474816561,-3.78008177900929,48.7467495860577
TMS19F1007P0004,44.5428533128179,-43.9630385764845,-14.1867462799782
TMS19F1286P0006,40.9744323985813,23.8151722596915,38.2137590716165
TMS19F1503P0016,-16.6970553250068,6.43089890097533,33.1655013791896
TMS19F1087P0045,40.5923061619124,-35.513319892902,-6.42875049043696
TMS19F1271P0016,38.0983827100401,-10.9113203843375,-4.91227623134536
TMS19F1421P0005,-17.2145079915334,11.2992313774045,-32.9764614833291
TMS19F1437P0065,38.8804350170194,23.8387563305407,13.8508535958992
TMS19F1338P0038,-3.25936109191739,4.51931040434553,24.4134432134979
TMS19F1293P0082,-23.9827191086926,4.45610452525865,32.3938156565887
TMS19F1410P0014,45.679347202659,-22.9896317792139,-0.141752878025762
TMS19F1267P0009,44.5310699005083,1.95338036935593,21.3673605724407
TMS19F1350P0007,-30.9560999192301,-3.89130953483772,-16.462188606469
TMS19F1414P0076,35.6139679593008,2.36034813738435,-29.6120520980553
TMS19F1293P0037,20.3096934288576,0.780514874492239,15.4363491394341
TMS19F1351P0042,-33.0105229120518,-48.3828243778668,-17.1573939009372
TMS19F1304P0001,38.840112374605,16.4190645404639,16.0383206141163
TMS19F1375P0045,27.2033162445838,-28.1802166710003,-39.4000449562317
TMS19F1078P0041,32.2351182278855,-10.114491879427,-5.89181919150287
TMS19F1379P0032,10.2000109207372,17.2046318090567,56.5879339136801
TMS19F1304P0044,37.9013246335613,41.0749226220189,39.8369711762929
TMS19F1365P0061,-35.3565482832405,15.4791421724398,-32.7848122650863
TMS19F1422P0002,-30.3528907612266,-1.67996392064769,-8.48430647737131
TMS19F1041P0112,-35.8497277808751,5.06702206381207,-38.8244793370254
TMS19F1024P0006,2.07719398956448,12.8094162601381,-23.8176361502784
TMS19F1014P0048,-36.4888183216981,-0.674815729485315,-12.5711772920761
TMS19F1286P0075,7.11900047610818,14.7046075058188,34.7760762300393
TMS19F1143P0036,-3.94026419123407,40.5849531217579,2.08792834044697
TMS19F1240P0143,51.6795980474595,-41.6231405221421,22.3882248012539
TMS19F1198P0059,50.6999836052261,-31.6639111557976,24.2638629443865
TMS19F1080P0090,31.8052322254305,-5.93639665168373,-24.4458003980399
TMS19F1315P0070,-0.289697707713916,-7.62953920330809,19.848879970076
TMS19F1016P0044,-30.4777059482222,-10.531299040855,-26.7265724412102
TMS19F1218P0011,15.3773606761775,-4.41041528890637,10.756217952131
TMS19F1050P0056,36.1061324361432,-7.85757006616775,-21.7567656339285
TMS19F1439P0025,-39.2552601030418,41.9089580374308,18.0392907003414
TMS19F1271P0027,41.1209081103875,-18.0688347859928,4.33397670602328
TMS19F1285P0009,23.8021298880493,19.8108039980744,26.0160613987427
TMS19F1219P0084,15.4770317351644,-8.6141609284376,12.90890904438
