,het.snp,maf,r
3,0.476472967507078,0.366455440204935,0.997022886374144
4,0.475933665902656,0.366859916408251,-0.294196835300994
9,0.12444384522044,0.0670756370500202,0.900884974409776
14,0.337602804368343,0.203990831872725,0.998702766623608
15,0.337872455170554,0.203990831872725,0.479891460874952
17,0.10678171767561,0.0577052716731832,0.904089366805404
40,0.0978832412026426,0.0527167318322772,-0.100596901830827
43,0.241202642577862,0.135162464608332,-0.288420093199233
47,0.465417284616422,0.366320614803829,0.748811604240011
58,0.190912767965485,0.109073749494405,-0.263052117022012
60,0.354186328704328,0.22711338816233,0.962251642681389
61,0.332883915329648,0.219832816502629,0.996004041465388
71,0.352433598489956,0.226506673857355,1
80,0.226506673857355,0.12808413105029,0.611049288479856
81,0.414992584602939,0.276257246865309,0.545877792777958
90,0.31670486719698,0.196777672913577,-0.346394284094355
93,0.328704327895376,0.212080355939059,0.99980158822081
97,0.34528785223136,0.225091007145746,0.999808893860622
108,0.45665363354456,0.357489551031414,0.718823653225516
109,0.344209249022516,0.222664149925846,-0.202201475127443
119,0.233787245517055,0.12929755966024,0.940105312453277
122,0.481191856545773,0.365579075097748,0.467284604861611
125,0.441418363219631,0.300525819064312,0.996460910500054
128,0.440070109208575,0.30119994606984,0.594030375294929
133,0.278144802480787,0.176014561143319,0.911551687798603
141,0.327086423082109,0.203047054064986,0.805672703201322
144,0.0920857489551031,0.0544020493460968,0.94003198467086
151,0.091816098152892,0.0515707159228799,0.986964821157679
153,0.398274234865849,0.267358770392342,0.998600632895012
159,0.398678711069165,0.272819199137117,-0.250158474140067
160,0.286908453552649,0.169071052986383,0.771400127282009
163,0.42105972765269,0.302076311177026,0.74408538178045
167,0.477551570715923,0.418093568828367,-0.529668517953627
171,0.238910610759067,0.136847782122152,0.571999543230011
202,0.467844141836322,0.365511662397196,0.856663544295686
235,0.427531346905757,0.314749898880949,0.999225760345957
239,0.371848456249157,0.247404611028718,-0.343492675196039
240,0.400296615882432,0.268100310098423,-0.20144255787316
241,0.142914925171902,0.0748280976135904,-0.199623501369944
242,0.391398139409465,0.262976944856411,-0.230250828190773
245,0.418498045031684,0.295537279223406,0.993328626377341
246,0.418363219630578,0.295469866522853,-0.316325589936425
268,0.306592962114062,0.193609275987596,-0.324609053302063
271,0.405015504921127,0.321423756235675,-0.506965528293961
276,0.441553188620736,0.344681137926385,0.664658414169961
279,0.410678171767561,0.322637184845625,-0.468553094872832
280,0.431036807334502,0.328367264392612,0.692018467659139
284,0.299716866657678,0.188418498045032,-0.30644331997251
290,0.410812997168667,0.30558177160577,0.999384476772844
295,0.411352298773089,0.305312120803559,-0.317019523916044
297,0.298098961844411,0.187205069435082,1
306,0.304166104894162,0.190777942564379,-0.301492726655245
308,0.35715248752865,0.238303896454092,-0.362281464065445
312,0.358096265336389,0.238910610759067,0.999817451189942
313,0.358231090737495,0.23897802345962,-0.358765964175382
319,0.410812997168667,0.286841040852096,0.837584297191125
333,0.294054199811244,0.183160307401914,1
337,0.371174329243629,0.269853040312795,-0.404082105623412
352,0.349737090467844,0.222461911824188,0.997642534125486
359,0.416340838613995,0.31427800997708,-0.399165134614111
372,0.146285560199542,0.0846029391937441,-0.120042882146826
374,0.248618039638668,0.152217877848187,-0.0749808178162572
391,0.16367803694216,0.0965349871915869,0.96898354626291
403,0.313199406768235,0.203788593771067,-0.0748936435633716
412,0.520695699069705,0.455844681137926,0.601339589056873
414,0.519886746663071,0.45422677632466,0.998713525495537
421,0.155049211271404,0.084940002696508,-0.259536256476729
436,0.0461102871781044,0.0244033976001079,0.183468603156182
441,0.368208170419307,0.267021706889578,-0.0498131057846792
452,0.0461102871781044,0.0242685721990022,-0.121417994109641
454,0.0841310502898746,0.0444923823648375,0.29610751295766
456,0.191721720372118,0.108804098692194,0.582307281477942
460,0.416206013212889,0.290346501280841,0.829840931826065
462,0.480248078738034,0.372927059458002,0.936369823192747
471,0.45085614129702,0.331670486719698,0.999690685999639
473,0.503977349332614,0.43535122016988,-0.382238791470041
477,0.49467439665633,0.407240124039369,-0.364184560604099
481,0.412430901981933,0.283874882027774,0.998654260616327
485,0.45665363354456,0.378252662801672,-0.3891926320707
487,0.419306997438317,0.303222327086423,0.67141071726004
491,0.483483888364568,0.426587569098018,0.29060764673919
498,0.427261696103546,0.332412026425779,0.644453942910061
502,0.126735877039234,0.0687609545638398,-0.211157949130945
505,0.359848995550762,0.225360657947957,-0.132581412209245
507,0.34987191586895,0.229135769178913,0.999244030609054
518,0.495078872859647,0.487663475798841,-0.23844906402767
519,0.471888903869489,0.39031953620062,-0.290166265620851
522,0.372118107051368,0.236214102736956,-0.17506138075092
523,0.196710260213024,0.111163543211541,0.997962082927456
525,0.2372927059458,0.136847782122152,-0.127034076627314
526,0.193609275987596,0.109478225697721,0.966271382331352
528,0.190238640959957,0.109275987596063,1
544,0.402318996899016,0.275178643656465,0.996082710095161
546,0.257651341512741,0.152150465147634,0.631744139491199
548,0.415127410004045,0.312727517864366,0.998786991041241
561,0.355804233517595,0.243157610893892,0.61568310503244
565,0.357961439935284,0.24383173789942,-0.278254488294531
567,0.333153566131859,0.231832277201025,0.584587372043497
573,0.256033436699474,0.151611163543212,-0.163949092586774
578,0.513415127410004,0.442901442631792,0.990518051475876
581,0.255763785897263,0.149723607927734,-0.121952283876629
587,0.4697316974518,0.365916138600512,0.586023618299093
589,0.392881218821626,0.270999056222192,0.999152079153553
607,0.26803289739787,0.166779021167588,0.991327274264956
610,0.267763246595659,0.165026290953216,0.799377929232557
632,0.390049885398409,0.25812323041661,0.861463057240846
637,0.321963057840097,0.199137117432924,0.940761676868732
640,0.337737629769449,0.212956721046245,-0.121441522098873
641,0.13051098827019,0.073075367399218,-0.1231742252315
642,0.334636645544021,0.211406228933531,1
645,0.0862882567075637,0.0504247000134825,-0.189920826241316
646,0.447620331670487,0.330322232708642,0.586847304001306
670,0.335041121747337,0.208103006606445,-0.158959989227272
672,0.252123500067413,0.147768639611703,0.993335591567267
675,0.464608332209788,0.380746932722125,1
678,0.459619792368882,0.404813266819469,0.513921969104828
683,0.256437912902791,0.149791020628286,0.801957703802024
684,0.343939598220305,0.211069165430767,0.781927940078895
686,0.253336928677363,0.149453957125522,0.999471601202441
691,0.429553727922341,0.329917756505326,-0.330298936450913
692,0.289470136173655,0.178036942159903,0.94312469937216
695,0.477551570715923,0.471888903869489,-0.594394311475663
699,0.0814345422677632,0.0438182553593097,-0.178685071653012
704,0.423351759471484,0.345557503033572,-0.383287416601728
714,0.404880679520022,0.29830119994607,-0.510593607302378
715,0.479439126331401,0.388431980585142,0.998281192864256
722,0.450182014291493,0.383510853444789,-0.18643230329445
724,0.449373061884859,0.383376028043683,-0.187761056766197
725,0.0750977484158015,0.0395712552244843,-0.188314631339611
728,0.503707698530403,0.493730618848591,-0.148630900661677
729,0.0750977484158015,0.0394364298233787,-0.148009685937903
732,0.0748280976135904,0.0394364298233787,-0.0764016558624976
734,0.156801941485776,0.0891870028313334,-0.317156165549483
742,0.3510853444789,0.233517594714844,0.999076123350519
746,0.462046649588783,0.361534313064581,-0.73100122718702
768,0.322232708642308,0.199676419037347,-0.416388793681415
773,0.143049750573008,0.0779964945395712,-0.153847040839348
774,0.307941216125118,0.182418767695834,-0.258683585417353
784,0.118781178374006,0.0692328434677093,1
791,0.142510448968586,0.0779964945395712,0.986843799004739
792,0.142645274369691,0.0792773358500741,0.463249142931448
794,0.140622893353108,0.0770527167318322,1
806,0.488337602804368,0.468113792638533,-0.592315745740552
808,0.280167183497371,0.165430767156532,-0.0713982697203002
812,0.139274639342052,0.0763785897263044,0.468418859499312
813,0.399892139679116,0.268707024403398,-0.378725777684121
814,0.37602804368343,0.277133611972496,-0.198489990314502
819,0.474989888094917,0.480450316839693,0.317836273805316
825,0.337333153566132,0.218282324389915,-0.272005012626972
847,0.493326142645274,0.466563300525819,0.99932896035113
848,0.493191317244169,0.466630713226372,-0.531254737009655
849,0.390993663206148,0.277066199271943,0.960755439391287
850,0.375488742079008,0.261359040043144,0.999151680787522
854,0.374410138870163,0.259471484427666,0.999828999267821
857,0.391398139409465,0.280369421599029,0.476912730045582
864,0.377511123095591,0.26924632600782,-0.545493085414131
876,0.138061210732102,0.0776594310368073,0.973434606134761
886,0.475529189699339,0.459013078063907,-0.545223229698727
894,0.471079951462856,0.382230012134286,-0.344256482547567
896,0.469327221248483,0.3789267898072,0.337373717142455
900,0.315626263988135,0.196777672913577,0.530744135489813
904,0.487528650397735,0.458945665363354,-0.406785750004199
907,0.18862073614669,0.108197384387219,-0.161256837174068
914,0.450047188890387,0.353107725495483,-0.435028767084086
923,0.501280841310503,0.424430362680329,0.996751388541525
938,0.388297155184037,0.259673722529325,-0.49761840505377
939,0.476338142105973,0.419913711743292,-0.130167593858094
942,0.307401914520696,0.194013752190913,-0.127648970850278
969,0.273425913442092,0.159902925711204,0.999489184182198
975,0.128488607253607,0.0685587164621815,-0.161346621513152
979,0.414992584602939,0.297694485641095,0.871016846312754
985,0.386005123365242,0.274841580153701,-0.391309249009998
986,0.413239854388567,0.278347040582446,-0.511736670988691
990,0.50289874612377,0.460159093973305,-0.260937520993781
997,0.140353242550897,0.077457192935149,-0.246333270398375
1000,0.47795604691924,0.380814345422678,0.999855169372732
1001,0.477821221518134,0.38088175812323,1
1010,0.0339760010786032,0.0179317783470406,-0.0594461360090791
1014,0.127140353242551,0.0734124309019819,1
1019,0.17796952945935,0.0978832412026426,0.876422542163051
1020,0.141431845759741,0.0775920183362545,0.878635949006211
1022,0.174868545233922,0.0963327490899285,-0.145022959826245
1023,0.309559120938385,0.193069974383174,-0.346772053949612
1028,0.456518808143454,0.37481461507348,-0.573977600315812
1029,0.453013347714709,0.353107725495483,0.8588358520699
1034,0.14480248078738,0.0795469866522853,1
1035,0.14480248078738,0.0795469866522853,0.431219430142937
1037,0.429418902521235,0.327827962788189,0.429892946039467
1058,0.145072131589591,0.0791425104489686,-0.123570035587778
1059,0.314143184575974,0.199137117432924,0.999583673789031
1060,0.313873533773763,0.199002292031819,1
1063,0.143319401375219,0.0789402723473103,-0.070493040867967
1078,0.0951867331805312,0.0504247000134825,0.94395266695364
1079,0.0934340029661588,0.0504921127140353,0.992475518173057
1084,0.0941081299716867,0.0490764460024269,0.997091339734198
1085,0.0943777807738978,0.0492112714035324,0.997818842120671
1096,0.428609950114602,0.297222596737225,0.346210914822588
1104,0.143319401375219,0.078400970742888,0.997222743261445
1106,0.389780234596198,0.261628690845355,-0.185114907779125
1108,0.143858702979641,0.078400970742888,1
1112,0.385196170958609,0.247202372927059,0.997936324522182
1113,0.385061345557503,0.247269785627612,-0.252484040350255
1114,0.248348388836457,0.146420385600647,0.513998653732996
1116,0.248348388836457,0.146420385600647,0.998928566675997
1118,0.496427126870702,0.398139409464743,0.976312483015889
1120,0.497775380881758,0.398274234865849,0.977201629239559
1121,0.479304300930295,0.387960091681273,0.999856750020191
1125,0.461102871781044,0.361466900364029,0.994480636628327
1133,0.246865309424296,0.146083322097883,0.238594026008113
1151,0.333153566131859,0.223068626129163,0.921301857881079
1152,0.314952136982608,0.208305244708103,0.999608790246844
1159,0.503303222327086,0.435553458271538,0.997624250962449
1172,0.395173250640421,0.274976405554807,0.998995217714533
1175,0.396386679250371,0.275987596063098,0.997828972735154
1177,0.259269246326008,0.146352972900094,0.990488648737863
1178,0.259538897128219,0.146757449103411,0.861870433636464
1179,0.318187946609141,0.183497370904678,0.867195469012542
1181,0.258325468518269,0.149791020628286,-0.131360592196327
1184,0.178374005662667,0.10266954294189,0.995740864309757
1187,0.301604422273156,0.19151948227046,-0.090608655874434
1191,0.300525819064312,0.191249831468249,-0.39385011853975
1195,0.224619118241877,0.129971686665768,-0.186909284358432
1198,0.447485506269381,0.339692598085479,-0.290808704784637
1205,0.441553188620736,0.344276661723069,-0.272517799428018
1206,0.220169880005393,0.130308750168532,1
1213,0.463799379803155,0.439530807604153,0.943483796078668
1225,0.468653094242955,0.432115410543346,0.99777394191514
1226,0.467709316435216,0.433126601051638,0.998821774960098
1227,0.467574491034111,0.432519886746663,0.659024167634924
1231,0.445058649049481,0.339692598085479,0.815313950056245
1232,0.396925980854793,0.259538897128219,0.997281105282525
1245,0.454900903330187,0.343400296615882,0.737505956351439
1248,0.493865444249697,0.461170284481596,0.999865242514199
1252,0.497640555480653,0.471551840366725,0.999864979025347
1254,0.499797761898342,0.435148982068222,0.985260705095834
1258,0.458001887555615,0.363017392476743,-0.652428524683037
1283,0.163812862343265,0.0891870028313334,0.997493738183057
1289,0.164082513145477,0.0893218282324389,-0.323348912983805
1293,0.462585951193205,0.418430632331131,-0.823850948167563
1302,0.164756640151004,0.0896588917352029,-0.184814637900611
1303,0.428609950114602,0.325401105568289,-0.185263021016755
1307,0.100444923823648,0.05278414453283,-0.100070880947966
1316,0.45422677632466,0.387285964675745,0.836886188650123
1321,0.45544020493461,0.387623028178509,0.841518107999508
1326,0.45544020493461,0.385735472563031,-0.209970926270779
1329,0.172037211810705,0.0941081299716867,-0.307056414184147
1334,0.479439126331401,0.472428205473911,-0.384732555925266
1335,0.246326007819873,0.140690306053661,-0.386447958516544
1337,0.246865309424296,0.140959956855872,0.356381934682115
1338,0.506808682755831,0.493663206148038,-0.792700627479504
1340,0.247134960226507,0.141094782256977,0.999716373416719
1346,0.467035189429689,0.387488202777403,-0.304900091427027
1348,0.364298233787246,0.258864770122691,0.665081723130607
1356,0.509909666981259,0.474180935688284,0.905542509118589
1363,0.37845490090333,0.263516246460833,0.587599953230731
1368,0.232708642308211,0.130645813671296,-0.164007015522002
1372,0.468248618039639,0.397532695159768,-0.319321931178414
1376,0.487663475798841,0.495550761763516,-0.431818074524983
1384,0.488742079007685,0.428407712012943,-0.783639759767099
1389,0.417419441822839,0.292705945800189,0.999835885045155
1390,0.417284616421734,0.292638533099636,-0.406604327329306
1403,0.418228394229473,0.329648105703114,-0.416820089212073
1408,0.405419981124444,0.295604691923958,0.769989779883566
1409,0.476877443710395,0.419509235539976,0.772349377104429
1451,0.415666711608467,0.333355804233518,0.95785761135379
1456,0.436025347175408,0.306458136712957,-0.464723156476566
1458,0.427666172306863,0.336659026560604,-0.389931636315728
1464,0.435486045570986,0.303761628690845,-0.184976121634435
1466,0.453957125522448,0.345490090333019,-0.161152392159475
1475,0.425508965889174,0.308076041526224,-0.582006583148948
1478,0.347714709451261,0.244640690306054,0.888038744542017
1479,0.398948361871377,0.290616152083052,-0.236591666468145
1486,0.45206956990697,0.381218821625994,0.989028938192151
1487,0.458541189160038,0.384184980450317,0.895674318833905
1488,0.417284616421734,0.332412026425779,-0.170126804226547
1492,0.458001887555615,0.384319805851422,-0.46263041090488
1496,0.351624646083322,0.248752865039773,-0.146316609375781
1509,0.417284616421734,0.335243359848996,-0.528845308924029
1511,0.423216934070379,0.33753539166779,-0.540960635056717
1512,0.455170554132399,0.36537683699609,-0.473044902607082
1516,0.0916812727517864,0.0484023189968991,0.994162600411232
1535,0.431845759741135,0.323783200755022,0.825385549118785
1536,0.347040582445733,0.24309019819334,-0.267076098535046
1542,0.473776459484967,0.436429823378725,0.999603673691622
1552,0.347040582445733,0.243629499797762,0.734122600488113
1556,0.340299312390454,0.239315086962384,0.985194867991461
1560,0.480652554941351,0.438789267898072,0.662493614961094
1565,0.294323850613456,0.204193069974383,0.639651912062722
1576,0.477551570715923,0.421733854658218,0.984594346983351
1586,0.333962518538493,0.233989483618714,-0.440098911129211
1591,0.329513280302009,0.201024673048402,-0.257494495344549
1593,0.316030740191452,0.217473371983282,0.999630295345021
1597,0.282728866118377,0.163880275043818,-0.249801837673926
1599,0.28475124713496,0.171767561008494,0.968993170588719
1607,0.31549143858703,0.217743022785493,0.998525823919734
1608,0.31549143858703,0.217743022785493,0.655471071741844
1614,0.351759471484428,0.250707833355804,0.71194193049702
1615,0.46851826884185,0.41452069569907,0.499684674017505
1616,0.283133342321693,0.162869084535527,0.998203195610573
1617,0.282728866118377,0.162936497236079,-0.223387181522588
1630,0.309828771740596,0.217068895779965,0.999817818546062
1631,0.309963597141702,0.217136308480518,0.96406179510574
1632,0.318053121208036,0.221181070513685,0.988242842438538
1633,0.312255628960496,0.216799244977754,0.649087054920953
1649,0.47916947552919,0.395038425239315,-0.594699489149007
1657,0.323311311851153,0.224753943642982,-0.474084151321269
1660,0.311446676553863,0.214911689362276,0.999814541521189
1661,0.311311851152757,0.214844276661723,0.990371524867517
1663,0.50653903195362,0.442564379129028,0.999017645080376
1664,0.506404206552515,0.442631791829581,-0.583871619441567
1665,0.437643251988675,0.322367534043414,-0.585312300359008
1670,0.424969664284751,0.317783470405824,-0.579119920432333
1672,0.336659026560604,0.236685991640825,0.986690634513981
1680,0.324794391263314,0.227517864365646,-0.394444362865434
1682,0.339490359983821,0.235809626533639,-0.490623933674712
1684,0.322367534043414,0.225495483349063,-0.477252054162191
1692,0.422003505460429,0.31427800997708,0.39759012936009
1695,0.399622488876904,0.303087501685318,0.999092134543403
1699,0.336119724956182,0.235202912228664,0.998417747326541
1705,0.158959147903465,0.0860860186059054,-0.172962161207326
1713,0.325738169071053,0.227180800862883,0.961597964185685
1714,0.333962518538493,0.24140488067952,0.995974336150606
1721,0.342186868005932,0.239989213967912,-0.0522479577264609
1730,0.496292301469597,0.499325872994472,0.167833429388171
1740,0.337737629769449,0.221046245112579,0.994824466921555
1743,0.334906296346232,0.234731023324794,0.981820390891552
1753,0.491303761628691,0.457732236753404,0.967521571501483
1756,0.393555345827154,0.289402723473102,-0.336719261936256
1767,0.427261696103546,0.306660374814615,0.893353060203365
1770,0.31427800997708,0.225495483349063,-0.424691912468862
1784,0.351759471484428,0.243292436294998,0.99982476513217
1802,0.230955912093838,0.130173924767426,-0.209507931079741
1803,0.323041661048942,0.228529054873938,0.999647150927896
1806,0.490899285425374,0.41573412430902,-0.478769360733464
1810,0.0881758123230417,0.0451665093703654,1
1821,0.31791829580693,0.225023594445193,0.992786329772935
1826,0.397060806255899,0.293717136308481,-0.357075926100371
1830,0.417823918026156,0.344411487124174,-0.373461992517585
1836,0.385061345557503,0.287582580558177,-0.348851017704001
1839,0.459619792368882,0.356545773223675,0.775739320152693
1854,0.349602265066739,0.241270055278414,-0.315675119052222
1858,0.179991910475934,0.0974113522987731,0.998432307560774
1873,0.478225697721451,0.372589995955238,1
1875,0.47795604691924,0.372589995955238,0.998082592915308
1881,0.484158015370096,0.38256707563705,0.998975612055248
1882,0.484292840771201,0.382634488337603,-0.341956345938926
1884,0.179587434272617,0.0982877174059593,0.393858593855501
1885,0.479573951732506,0.405487393824997,0.455064072418057
1891,0.389915059997303,0.259134420924902,0.968962066174863
1892,0.376432519886747,0.248348388836457,0.595804156728864
1897,0.180800862882567,0.0984899555076176,0.393221986223901
1901,0.187137656734529,0.102062828636915,0.601719842620048
1909,0.387218551975192,0.285425374140488,-0.425201441838912
1913,0.179452608871511,0.0972765268976675,0.589734678433666
1915,0.272212484832142,0.162936497236079,-0.116140970071207
1919,0.431036807334502,0.313940946474316,0.999686810398047
1920,0.431036807334502,0.313940946474316,-0.411476929849659
1927,0.208170419306997,0.112983686126466,-0.0753927450213897
1928,0.175407846838344,0.0947148442766618,-0.0716970755438937
1930,0.204934609680464,0.110961305109883,-0.221574852828669
1933,0.470136173655117,0.405487393824997,0.982040325795124
1934,0.476068491303762,0.410206282863692,-0.665994982612966
1939,0.295267628421195,0.17796952945935,-0.234218719526377
1950,0.173520291222866,0.0936362410678172,-0.0887562020083327
1954,0.0953215585816368,0.0514358905217743,0.218752132017469
1960,0.236618578940272,0.132735607388432,0.730678034545097
1962,0.345961979236888,0.225697721450721,0.729334411724974
1963,0.235405150330322,0.139544290144263,-0.0638355655672756
1977,0.22057435620871,0.120938384791695,0.390398255867931
1979,0.36173655116624,0.24383173789942,0.913360789990326
1989,0.240393690171228,0.138128623432655,0.619040131648308
1990,0.418498045031684,0.304570581097479,0.72564285892598
2000,0.39854388566806,0.283942294728327,0.732784927854494
2001,0.472832681677228,0.434205204260483,0.592066169953976
2004,0.46150734798436,0.427463934205204,0.999869754382463
2005,0.461372522583255,0.427396521504651,0.96936131973333
2024,0.312255628960496,0.183632196305784,0.834457938969017
2030,0.256842389106108,0.140555480652555,-0.128327706870806
2032,0.344478899824727,0.209316435216395,0.653574778342644
2040,0.280167183497371,0.167183497370905,0.93506586127181
2048,0.501954968316031,0.496899015774572,-0.513582252836007
2064,0.358770392341917,0.215788054469462,0.996830885390886
2068,0.358770392341917,0.215653229068356,0.98497499418701
2072,0.360657947957395,0.216597006876096,0.995549394844985
2075,0.402049346096805,0.27288661183767,-0.286726884465259
2077,0.489416206013213,0.498584333288392,0.526279850785436
2087,0.357691789133073,0.214574625859512,0.987223355763541
2091,0.359579344748551,0.216327356073884,0.976258553099118
2093,0.3510853444789,0.214102736955642,1
2105,0.355264931913172,0.217810435486046,0.966589546042859
2111,0.343400296615882,0.208911959013078,-0.410597512764164
2112,0.483888364567885,0.442429553727922,-0.436438894859004
2124,0.359848995550762,0.216597006876096,-0.37255537535403
2134,0.352163947687744,0.225562896049616,1
2150,0.345018201429149,0.209586086018606,0.996617109116826
2153,0.360388297155184,0.217136308480518,0.998311139203435
2158,0.358365916138601,0.215855467170015,0.997253876846054
2168,0.506808682755831,0.450653903195362,0.356690931933739
2175,0.358096265336389,0.215316165565593,-0.211652529502172
2177,0.359444519347445,0.21599029257112,-0.320430620269493
2182,0.359040043144128,0.214979102062829,-0.474544661665396
2197,0.426587569098018,0.328434677093164,-0.321393634807715
2215,0.355264931913172,0.218214911689362,0.998969479166136
2223,0.351624646083322,0.216259943373332,0.980611246351304
2238,0.353781852501011,0.217743022785493,0.997944645514454
2242,0.351894296885533,0.217068895779965,1
2245,0.424565188081435,0.324052851557233,0.939142891769201
2251,0.455709855736821,0.436429823378725,0.999744807247475
2259,0.344344074423621,0.21477686396117,-0.454921860956637
2263,0.444384522043953,0.349062963462316,-0.662206218917387
2274,0.423756235674801,0.324592153161656,-0.655925083244683
2295,0.355534582715384,0.219832816502629,-0.474482956834362
2303,0.335984899555076,0.212619657543481,1
2314,0.421733854658218,0.321963057840097,0.923696020404215
2316,0.467574491034111,0.428609950114602,-0.439803272717283
2327,0.3559390589187,0.219765403802076,0.999795701783476
2328,0.355804233517595,0.219697991101524,0.999182746353673
2331,0.0436834299582041,0.0219765403802076,-0.0915535335136639
2346,0.357287312929756,0.220439530807604,1
2350,0.35472563030875,0.219967641903735,0.98757993320054
2357,0.358096265336389,0.221518134016449,0.992281660379356
2358,0.354995281110961,0.223877578535796,0.924962286437227
2359,0.385196170958609,0.244640690306054,0.924833159640121
2368,0.425104489685857,0.267695833895106,0.999812266883375
2369,0.424969664284751,0.267628421194553,-0.172547434243525
2372,0.0439530807604153,0.0221113657813132,-0.109750363401223
2377,0.420790076850479,0.269178913307267,0.982792807338662
2379,0.425643791290279,0.267561008494,1
2383,0.171632735607388,0.0910745584468113,-0.170138349725522
2388,0.422947283268168,0.266077929081839,0.995858490097408
2389,0.424025886477012,0.266482405285156,1
2396,0.417554267223945,0.263246595658622,-0.201612394113622
2398,0.423351759471484,0.266414992584603,0.999247803619268
2405,0.173520291222866,0.0920183362545504,-0.17223622538887
2406,0.42105972765269,0.264460024268572,0.992368979888211
2407,0.421733854658218,0.267223944991236,0.993886490671485
2410,0.421464203856006,0.269381151408925,0.998711315239716
2411,0.420520426048268,0.268909262505056,0.583609234688477
2414,0.402858298503438,0.260078198732641,0.998715100252019
2418,0.42470001348254,0.267628421194553,0.995498166263579
2424,0.42348658487259,0.266212754482945,-0.513227591880465
2430,0.424160711878118,0.266549817985709,0.999435092076463
2441,0.379398678711069,0.274369691249831,-0.0755565252896855
2445,0.502763920722664,0.450653903195362,-0.608000818238376
2448,0.0448968585681542,0.0228529054873938,0.87384675150926
2450,0.0577052716731832,0.0297964136443306,-0.128956507103842
2455,0.42470001348254,0.266954294189025,-0.109988328375064
2456,0.0444923823648375,0.0223810165835243,-0.110266381415478
2457,0.422677632465957,0.265808278279628,-0.18874827655708
2461,0.415801537009573,0.262639881353647,0.9799597035626
2464,0.413509505190778,0.271470945126062,1
2465,0.413509505190778,0.271470945126062,-0.11008561354475
2466,0.0440879061615208,0.022178778481866,-0.102025848412908
2469,0.476338142105973,0.3789267898072,0.75260148745483
2493,0.439261156801941,0.285020897937171,0.928091915836654
2494,0.417284616421734,0.263516246460833,0.996996257799511
2513,0.419037346636106,0.263179182958069,0.999245088064128
2518,0.418228394229473,0.263314008359175,1
2521,0.401375219091277,0.254078468383443,0.999433081621147
2528,0.419981124443845,0.264325198867467,0.998494689524302
2535,0.395982203047054,0.256235674801133,0.964435213988849
2537,0.454766077929082,0.332412026425779,0.999377093083138
2539,0.417554267223945,0.262302817850883,0.84156737054113
2540,0.455979506539032,0.331266010516381,0.831914415604565
2548,0.420790076850479,0.266077929081839,-0.117038197352309
2552,0.0446272077659431,0.0235270324929217,1
2555,0.0446272077659431,0.0235270324929217,-0.116481468391876
2567,0.226776324659566,0.127544829445868,-0.225253927379296
2572,0.424295537279223,0.266886881488472,0.999435507464769
2577,0.424969664284751,0.267089119590131,0.999435185602808
2581,0.423891061075907,0.265875690980181,0.976267478463147
2586,0.424565188081435,0.267021706889578,0.679806521885539
2601,0.424295537279223,0.266752056087367,0.993980546212288
2605,0.421464203856006,0.266010516381286,0.682949810980993
2617,0.409060266954294,0.280571659700688,0.997127706354501
2621,0.417149791020628,0.27410004044762,0.957329961335363
2622,0.421868680059323,0.268100310098423,0.997404241956879
2626,0.410273695564244,0.269178913307267,0.94763513546709
2632,0.42470001348254,0.267358770392342,0.993070116521754
2640,0.10920857489551,0.0578400970742888,0.608705389370056
2641,0.0448968585681542,0.0227180800862883,-0.10713522717248
2646,0.0447620331670487,0.0225158419846299,-0.111016951110967
2648,0.424565188081435,0.267426183092895,0.998311974703852
2649,0.423621410273696,0.26681946878792,0.99849935734891
2651,0.423756235674801,0.267156532290684,-0.184870895701089
2664,0.423756235674801,0.267021706889578,0.998500079200204
2668,0.42348658487259,0.268100310098423,0.998323065057482
2677,0.42712687070244,0.269650802211137,0.993327254119722
2678,0.426317918295807,0.271133881623298,0.990726448612821
2683,0.426587569098018,0.268841849804503,0.989553430576396
2685,0.426048267493596,0.269920453013348,0.974859449984435
2693,0.166509370365377,0.0868949710125387,-0.183148559556864
2704,0.427935823109074,0.268841849804503,-0.215566553421817
2720,0.264527436969125,0.160172576513415,0.731030173886546
2725,0.419576648240529,0.266280167183497,0.981544706054427
2728,0.424834838883646,0.268100310098423,0.995878795313747
2733,0.424430362680329,0.273291088040987,-0.104184677951223
2734,0.0430093029526763,0.0217743022785493,-0.104484173736147
2737,0.510314143184576,0.355332344613725,0.779068682242477
2741,0.426048267493596,0.268302548200081,0.983437935426986
2752,0.424160711878118,0.26803289739787,0.992541893752773
2766,0.38546582176082,0.244505864904948,0.933119255504145
2767,0.424834838883646,0.267830659296211,0.998874926795601
2769,0.0427396521504652,0.0215046514763382,-0.108329597962255
2770,0.417419441822839,0.265740865579075,0.999814353761792
2772,0.163138735337738,0.0853444788998248,0.295377833953389
2774,0.424834838883646,0.267830659296211,0.538617781904961
2779,0.254011055682891,0.153835782661453,-0.112225575340024
2794,0.0570311446676554,0.0286503977349333,-0.136302745535279
2797,0.42470001348254,0.267493595793447,0.995308948999634
2802,0.402858298503438,0.26560604017797,0.64418581311842
2809,0.356748011325334,0.232843467709316,0.999623141710607
2821,0.424430362680329,0.267223944991236,-0.205147987572111
2824,0.414722933800728,0.269785627612242,0.999639083935604
2826,0.417149791020628,0.265740865579075,0.983786280438767
2828,0.42470001348254,0.267358770392342,1
2835,0.28717810435486,0.165970068760955,-0.270568079718042
2838,0.41984629904274,0.266280167183497,-0.25734824869813
2840,0.424565188081435,0.267695833895106,-0.26084495060888
2842,0.424430362680329,0.267898071996764,0.955949205570518
2844,0.398274234865849,0.25374140488068,0.999624700428328
2857,0.419037346636106,0.272212484832142,0.993742427235932
2866,0.530403127949306,0.445867601456114,-0.451646187796859
2872,0.42834029931239,0.270257516516112,0.995514309164712
2874,0.429553727922341,0.270864230821087,0.991139617942115
2876,0.425643791290279,0.272010246730484,-0.468851695446367
2878,0.42348658487259,0.270392341917217,0.990748188341693
2882,0.420520426048268,0.26634757988405,0.962373856466983
2886,0.508426587569098,0.411554536874747,0.863510344440351
2888,0.428205473911285,0.270190103815559,0.997759166148606
2895,0.419981124443845,0.268235135499528,0.982158226715578
2897,0.426452743696912,0.268100310098423,0.999247826800686
2898,0.426183092894701,0.267965484697317,-0.394999640906985
2903,0.422407981663745,0.268369960900634,0.999443046073855
2906,0.516650937036538,0.431306458136713,-0.536000470997471
2908,0.426183092894701,0.268504786301739,0.997937537168879
2910,0.424834838883646,0.267830659296211,0.99700472346486
2911,0.425643791290279,0.268504786301739,0.995881902148891
2914,0.424295537279223,0.290346501280841,-0.408007529496476
2928,0.426048267493596,0.268302548200081,-0.314935824568533
2929,0.335850074153971,0.207428879600917,0.993099352100746
2934,0.423891061075907,0.267898071996764,0.994815621070993
2937,0.414857759201834,0.264460024268572,-0.302316395332102
2940,0.409599568558716,0.272347310233248,-0.342066649865163
2943,0.422003505460429,0.266549817985709,1
2947,0.422812457867062,0.269381151408925,0.999815049975848
2948,0.422947283268168,0.269448564109478,0.980160225196712
2954,0.491303761628691,0.395308076041526,0.716508988818174
2965,0.426722394499124,0.269044087906162,-0.475932668852519
2969,0.427261696103546,0.268909262505056,0.998311658996613
2974,0.42834029931239,0.269583389510584,0.930701127939102
2978,0.386814075771875,0.255831198597816,1
2979,0.386814075771875,0.255831198597816,-0.380504758201311
2980,0.472563030875017,0.352501011190508,-0.396128600331901
2986,0.427396521504651,0.269515976810031,-0.40057302499958
2988,0.470405824457328,0.350478630173925,-0.404345532893023
2992,0.428205473911285,0.269515976810031,1
2999,0.427531346905757,0.269583389510584,0.993445625054791
3004,0.428070648510179,0.269718214911689,0.999625287803924
3008,0.428070648510179,0.270661992719428,0.9953411558906
3026,0.417419441822839,0.301739247674262,-0.587942550160233
3028,0.427935823109074,0.268976675205609,0.968721259920352
3050,0.428070648510179,0.269448564109478,0.995495613275976
3059,0.428070648510179,0.269448564109478,0.998124080584561
3060,0.427800997707968,0.268909262505056,0.999436726967335
3065,0.427800997707968,0.268909262505056,0.997370408080305
3067,0.421599029257112,0.268504786301739,0.998335104870978
3068,0.42227315626264,0.268976675205609,0.980653083558706
3077,0.425778616691385,0.268437373601186,0.999812628042447
3079,0.426587569098018,0.268572199002292,0.999250098333647
3084,0.41526223540515,0.266414992584603,1
3085,0.41526223540515,0.266414992584603,0.972443815445065
3086,0.426722394499124,0.269313738708373,0.980031143270429
3088,0.42227315626264,0.267358770392342,0.977987585199699
3092,0.402318996899016,0.28475124713496,0.98955463179891
3097,0.425239315086962,0.269111500606714,0.973572410388054
3099,0.488202777403263,0.388499393285695,1
3102,0.426992045301335,0.269044087906162,0.9988754165439
3104,0.427261696103546,0.269178913307267,0.980668190623733
3105,0.415801537009573,0.276257246865309,0.97895082894518
3123,0.427800997707968,0.269448564109478,0.998500696279454
3131,0.36780369421599,0.24551705541324,0.98794961540553
3140,0.401779695294594,0.256842389106108,0.998881879785603
3147,0.427261696103546,0.268909262505056,0.999064426206604
3159,0.428070648510179,0.269718214911689,0.993074489137958
3163,0.428070648510179,0.269987865713901,0.997753423071282
3166,0.427800997707968,0.269718214911689,1
3167,0.427800997707968,0.269718214911689,-0.282840676813163
3171,0.427261696103546,0.269178913307267,0.999249977602711
3173,0.323850613455575,0.209788324120264,-0.283177423848192
3181,0.427935823109074,0.269515976810031,0.996064552647962
3184,0.425643791290279,0.269853040312795,0.939572661738556
3188,0.387623028178509,0.248146150734798,-0.268019282302049
3214,0.426992045301335,0.269044087906162,0.99850078280257
3218,0.426857219900229,0.268976675205609,1
3229,0.42591344209249,0.269718214911689,0.990345507597394
3238,0.409869219360928,0.282863691519482,0.968151403355635
3239,0.427800997707968,0.269853040312795,0.976036734978085
3251,0.405419981124444,0.257718754213294,0.963633677702957
3252,0.42834029931239,0.271066468922745,0.974324314970059
3256,0.499258460293919,0.453620062019685,-0.533955919656509
3258,0.467574491034111,0.324389915059997,0.867476851674016
3264,0.428475124713496,0.270999056222192,0.99962739546021
3280,0.419711473641634,0.265808278279628,0.999252967819032
3281,0.419441822839423,0.265673452878522,0.987582138036961
3287,0.41283537818525,0.269111500606714,0.962180158412547
3303,0.429284077120129,0.27045975461777,0.997564869417486
3309,0.418093568828367,0.274302278549279,0.999286990353809
3311,0.429014426317918,0.27045975461777,0.998130098277373
3312,0.429553727922341,0.270864230821087,0.997385745681509
3314,0.429284077120129,0.271133881623298,0.981181040627927
3319,0.42834029931239,0.270661992719428,0.998138808904716
3341,0.42712687070244,0.271133881623298,-0.340386501962079
3342,0.389375758392881,0.262100579749225,0.985142500793815
3343,0.383308615343131,0.259336659026561,-0.342003117999047
3352,0.428475124713496,0.270190103815559,0.992708065927422
3357,0.425643791290279,0.269718214911689,0.997959502535382
3359,0.428879600916813,0.270122691115006,0.990043325313283
3362,0.427396521504651,0.26924632600782,1
3366,0.477686396117028,0.428542537414049,-0.50871286347692
3383,0.400835917486855,0.279155992989079,0.993843084742248
3388,0.427666172306863,0.268167722798975,0.973499585270253
3390,0.484966967776729,0.436632061480383,-0.499694188781266
3394,0.391937441013887,0.293582310907375,-0.620588760636538
3396,0.485910745584468,0.438721855197519,0.96831870783516
3398,0.469192395847378,0.447620331670487,0.999611040760136
3400,0.48402318996899,0.437103950384252,0.997713532015681
3401,0.483618713765673,0.435957934474855,0.970382169783605
3414,0.425643791290279,0.268639611702845,1
3419,0.418498045031684,0.277335850074154,-0.352705594712616
3423,0.42834029931239,0.271201294323851,1
3425,0.428070648510179,0.268639611702845,0.998306094926235
3427,0.427935823109074,0.268841849804503,0.99981189143006
3467,0.430767156532291,0.270527167318323,1
3470,0.429688553323446,0.271336119724956,0.994213546436004
3481,0.430227854927868,0.269718214911689,0.999246179838294
3482,0.429958204125657,0.269583389510584,0.998305468886656
3484,0.430632331131185,0.270055278414453,0.998869864338861
3489,0.426857219900229,0.268437373601186,1
3490,0.426857219900229,0.268437373601186,0.967801160905204
3491,0.41526223540515,0.274234865848726,1
3504,0.428879600916813,0.269718214911689,0.982714532916046
3511,0.445463125252798,0.28353781852501,0.974224945550618
3514,0.426587569098018,0.271942834029931,0.981451149961044
3516,0.428879600916813,0.269853040312795,0.998687379984374
3549,0.428070648510179,0.273088849939329,0.991703607056014
3558,0.431036807334502,0.27214507213159,0.991589145639878
3563,0.417014965619523,0.268639611702845,0.960114400342585
3576,0.4116219495753,0.279290818390185,0.957828387912344
3580,0.429688553323446,0.270527167318323,0.98987224769489
3584,0.431441283537819,0.270729405419981,1
3586,0.430901981933396,0.270324929216664,0.999058918908566
3594,0.430901981933396,0.271403532425509,0.996816463183038
3606,0.432250235944452,0.270999056222192,0.998118059301124
3613,0.415666711608467,0.268369960900634,1
3615,0.428744775515707,0.268167722798975,0.998106675148121
3621,0.433733315356613,0.270931643521639,0.99773418056232
3623,0.43171093434003,0.270055278414453,0.993399363453388
3643,0.431171632735607,0.270055278414453,1
3648,0.430227854927868,0.269853040312795,0.902188703013954
3668,0.428475124713496,0.269381151408925,0.998872746560502
3676,0.429688553323446,0.270122691115006,0.950005446496135
3681,0.429958204125657,0.269718214911689,1
3686,0.428070648510179,0.270257516516112,0.999813187342614
3718,0.42712687070244,0.268976675205609,0.962448674288722
3720,0.441148712417419,0.314412835378185,0.881095312944157
3733,0.406228933531077,0.259741135229877,0.990329629307974
3736,0.414722933800728,0.261291627342591,0.852065301978095
3737,0.461642173385466,0.325198867466631,0.969408222777906
3747,0.43049750573008,0.269853040312795,0.998680563481821
3748,0.430362680328974,0.269785627612242,0.997177981710176
3749,0.430767156532291,0.270392341917217,0.670432912902561
3751,0.505730079546987,0.441620601321289,0.671185037691474
3760,0.480517729540245,0.371443980045841,-0.46191122383337
3772,0.424565188081435,0.267965484697317,0.979527247250858
3778,0.38546582176082,0.253539166779021,1
3779,0.38546582176082,0.253539166779021,1
3780,0.38546582176082,0.253539166779021,1
3783,0.460968046379938,0.325535930969395,0.869877230342193
3806,0.43171093434003,0.272616961035459,-0.453423033578211
3813,0.397060806255899,0.255426722394499,0.999629372320182
3818,0.408116489146555,0.258258055817716,0.999811787283666
3827,0.429958204125657,0.270661992719428,0.973212722523034
3836,0.451665093703654,0.284886072536066,0.993870675802463
3837,0.451799919104759,0.284549009033302,-0.473683000043884
3848,0.451665093703654,0.284211945530538,-0.539658015136967
3849,0.528785223136039,0.449777538088176,-0.540169793010587
3850,0.45206956990697,0.284279358231091,0.998695562201128
3867,0.527571794526089,0.466698125926925,0.999855962583371
3874,0.389375758392881,0.260347849534852,0.999823036024861
3875,0.389510583793987,0.260415262235405,0.999823036024861
3876,0.389375758392881,0.260347849534852,0.9583552777095
3878,0.441688014021842,0.291222866388028,0.998946500581057
3888,0.482270459754618,0.356680598624781,0.830831989352121
3895,0.472023729270595,0.297896723742753,0.956449817552417
3909,0.453687474720237,0.285088310637724,0.997762469675638
3914,0.444923823648375,0.302008898476473,0.999492128756028
3919,0.453282998516921,0.28475124713496,0.999254356196986
3933,0.355534582715384,0.225225832546852,-0.296744428497257
3942,0.454766077929082,0.285357961439935,0.998879547570197
3944,0.454631252527976,0.285425374140488,0.996267193125696
3956,0.449777538088176,0.284346770931644,-0.609847471024607
3978,0.450316839692598,0.285020897937171,0.950328787814579
3979,0.420520426048268,0.275111230955912,1
3987,0.450182014291493,0.283605231225563,0.999070108157995
3990,0.449777538088176,0.284077120129432,-0.122827601876312
3994,0.441822839422947,0.280099770796818,1
4012,0.453013347714709,0.284886072536066,0.996274415961835
4035,0.453417823918026,0.284818659835513,0.99720284337305
4036,0.453282998516921,0.284886072536066,0.998695610791597
4039,0.451530268302548,0.285627612242146,0.999445661784548
4047,0.443305918835109,0.293784549009033,0.973232802176828
4049,0.43656464877983,0.286503977349333,1
4054,0.453957125522448,0.285357961439935,0.986273168317201
4057,0.44842928407712,0.281515437508427,0.987891856153483
4058,0.45422677632466,0.284549009033302,0.994984435805058
4066,0.438721855197519,0.280706485101793,0.992161929542253
4068,0.438721855197519,0.280706485101793,1
4070,0.450182014291493,0.283874882027774,0.999814427889895
4075,0.452204395308076,0.284211945530538,0.999813559657384
4079,0.451799919104759,0.283874882027774,0.922042105154138
4083,0.44842928407712,0.284077120129432,0.999630696237921
4086,0.451934744505865,0.285020897937171,0.987809585652614
4089,0.433598489955508,0.293649723607928,0.944897032532239
4090,0.44600242685722,0.286638802750438,0.991848892686572
4092,0.444249696642848,0.286841040852096,0.999279149565554
4096,0.451395442901443,0.283942294728327,0.986640703713623
4099,0.452474046110287,0.284886072536066,0.997207249845507
4104,0.45422677632466,0.284144532829985,0.977787226177669
4117,0.453282998516921,0.284077120129432,0.961814590947247
4123,0.45206956990697,0.284414183632196,0.999813818307472
4132,0.47094512606175,0.312727517864366,0.914234229056555
4137,0.452743696912498,0.285020897937171,0.99721285576976
4140,0.452743696912498,0.285290548739383,1
4141,0.452743696912498,0.285290548739383,0.988975861517256
4143,0.449507887285965,0.286638802750438,1
4152,0.452204395308076,0.28475124713496,0.999814037878355
4159,0.448833760280437,0.284549009033302,0.967246234436483
4162,0.48523661857894,0.435148982068222,-0.568874463102952
4164,0.438452204395308,0.287043278953755,0.954107268063803
4165,0.447889982472698,0.287043278953755,0.988228338117568
4169,0.398678711069165,0.264729675070783,1
4171,0.398678711069165,0.264729675070783,1
4175,0.453013347714709,0.285020897937171,0.994970643202159
4177,0.448024807873803,0.288054469462047,-0.576961669342923
4187,0.451395442901443,0.284616421733855,0.999814461563846
4194,0.451125792099231,0.282594040717271,0.92381323303223
4197,0.506269381151409,0.410341108264797,-0.518877387866254
4199,0.418363219630578,0.264729675070783,0.915225450245359
4207,0.447755157071592,0.281178374005663,0.961114554242507
4217,0.479978427935823,0.39153296481057,0.999287946244481
4220,0.450721315895915,0.284953485236619,0.992175313507834
4221,0.448968585681542,0.287447755157072,0.999636489123242
4226,0.450990966698126,0.28400970742888,0.989759202162702
4232,0.450990966698126,0.283335580423352,0.994968912499647
4239,0.451125792099231,0.28353781852501,0.85769195440719
4241,0.423756235674801,0.273762976944856,0.999274301563934
4250,0.450990966698126,0.283740056626668,0.998136847221547
4272,0.450586490494809,0.283942294728327,1
4274,0.450451665093704,0.283874882027774,1
4275,0.450451665093704,0.283874882027774,0.998699997104015
4285,0.426587569098018,0.271538357826615,1
4289,0.402453822300121,0.25448294458676,-0.50649468476387
4295,0.452608871511393,0.283740056626668,0.998320110077082
4304,0.436969124983147,0.291694755291897,1
4305,0.436969124983147,0.291694755291897,0.997933435020581
4307,0.436160172576513,0.292368882297425,0.999827782543162
4310,0.436025347175408,0.292436294997978,0.950270969836977
4311,0.435216394768774,0.276392072266415,0.999815225789704
4318,0.450990966698126,0.28400970742888,0.996647227617674
4323,0.452339220709182,0.283740056626668,0.992613866265143
4326,0.45206956990697,0.285897263044358,0.993353869273374
4338,0.45206956990697,0.283605231225563,0.997571594359101
4339,0.452743696912498,0.284077120129432,0.999813160612889
4355,0.484427666172307,0.322434946743967,0.892664115075389
4362,0.454631252527976,0.285695024942699,1
4364,0.454631252527976,0.285695024942699,0.992352256001326
4379,0.422138330861534,0.289672374275313,-0.376994647740655
4395,0.450721315895915,0.282931104220035,0.994965793658579
4396,0.452743696912498,0.284211945530538,-0.315397352903812
4428,0.426317918295807,0.297290009437778,0.996210719779326
4432,0.424565188081435,0.287784818659836,0.999658999152788
4433,0.424834838883646,0.287919644060941,0.998976514130551
4437,0.414453282998517,0.270324929216664,0.9998200410168
4449,0.44842928407712,0.284616421733855,-0.259693183534922
4452,0.247269785627612,0.141027369556424,-0.237930019640881
4454,0.425239315086962,0.297694485641095,0.89114583396016
4459,0.442631791829581,0.282526628016718,0.999816928243327
4463,0.447620331670487,0.281919913711743,0.995166484165536
4475,0.449238236483754,0.281785088310638,0.988256273672383
4485,0.410678171767561,0.261426452743697,0.984867020372524
4494,0.449507887285965,0.280976135904004,0.986133845218449
4496,0.44842928407712,0.281515437508427,0.987067929484772
4513,0.440070109208575,0.277740326277471,0.955275952282324
4514,0.444923823648375,0.279627881892949,1
4522,0.43049750573008,0.283335580423352,0.966453276924421
4526,0.45085614129702,0.284077120129432,0.997213420906444
4529,0.401105568289066,0.269178913307267,0.992178015477208
4531,0.39611702844816,0.266145341782392,0.902373880223733
4534,0.443710395038425,0.280234596197924,0.997403273284518
4551,0.44357556963732,0.287312929755966,0.985284259151635
4555,0.420385600647162,0.267763246595659,0.949365926744027
4562,0.450451665093704,0.283470405824457,0.674753018470723
4569,0.40798166374545,0.267493595793447,0.999461717592293
4572,0.441013887016314,0.277672913576918,0.913739469985623
4581,0.442901442631792,0.28063907240124,0.983341380810884
4588,0.449103411082648,0.282661453417824,0.993111303308991
4589,0.447620331670487,0.281380612107321,0.996845714792672
4591,0.448159633274909,0.281650262909532,0.997577381515146
4592,0.446676553862748,0.280773897802346,0.997203015213448
4605,0.423621410273696,0.273830389645409,0.943818510024778
4613,0.450316839692598,0.283402993123904,0.994602172458685
4616,0.43899150599973,0.285425374140488,0.999284760916795
4617,0.438721855197519,0.285425374140488,0.982078206609304
4624,0.421464203856006,0.284211945530538,0.926792077813537
4629,0.512741000404476,0.380949170823783,0.782679894375331
4631,0.451665093703654,0.284077120129432,0.990684331072941
4633,0.451125792099231,0.283402993123904,0.999626830207828
4646,0.450586490494809,0.283268167722799,0.997390544153157
4657,0.450586490494809,0.28353781852501,1
4660,0.450586490494809,0.28353781852501,0.989736582765007
4662,0.446541728461642,0.287582580558177,0.999277508644836
4665,0.445463125252798,0.281919913711743,0.984853443727394
4674,0.451665093703654,0.396656330052582,0.777224284009431
4686,0.44964271268707,0.282931104220035,0.998883406164476
4689,0.412565727383039,0.264931913172442,0.999632140531356
4691,0.446811379263853,0.282594040717271,0.999814894691831
4698,0.447889982472698,0.282459215316166,-0.580156108133815
4702,0.446406903060537,0.281987326412296,0.995561567722936
4708,0.446137252258325,0.281448024807874,0.997775115022593
4712,0.447350680868276,0.281650262909532,0.979483003977661
4719,0.49467439665633,0.46319266549818,-0.580404359649442
4724,0.444923823648375,0.280706485101793,0.991857034471738
4738,0.44842928407712,0.28232438991506,0.997396358625674
4765,0.443440744236214,0.282661453417824,1
4771,0.444384522043953,0.284077120129432,0.999817400954164
4775,0.43049750573008,0.275111230955912,0.999816437077147
4787,0.503033571524875,0.397667520560874,-0.507443511333361
4806,0.462316300390994,0.291829580693003,0.985898132717736
4808,0.453552649319132,0.286773628151544,0.887335148792535
4810,0.232573816907105,0.129769448564109,-0.190557247332696
4814,0.453822300121343,0.287312929755966,0.973987888623713
4815,0.443440744236214,0.297627072940542,0.946317821283372
4816,0.435081569367669,0.282661453417824,0.999641478219843
4818,0.502763920722664,0.432991775650533,0.680331054997511
4819,0.453417823918026,0.286571390049885,1
4821,0.453957125522448,0.286706215450991,0.995927324434185
4829,0.453013347714709,0.286369151948227,1
4832,0.453148173115815,0.286975866253202,0.994177324713997
4837,0.451395442901443,0.290683564783605,-0.455653571391809
4839,0.451260617500337,0.290616152083052,0.987161930128067
4842,0.452204395308076,0.286908453552649,0.988741612109132
4844,0.452204395308076,0.316570041795874,-0.540116985631766
4854,0.453957125522448,0.286975866253202,0.998705532362387
4855,0.453822300121343,0.286908453552649,0.986480084190925
4858,0.434407442362141,0.285290548739383,0.999823181445415
4860,0.434407442362141,0.285290548739383,0.961615807920898
4867,0.446541728461642,0.290953215585816,0.951163583950906
4868,0.429284077120129,0.300660644465417,0.959855705299707
4869,0.448024807873803,0.284414183632196,0.944556972256859
4874,0.453822300121343,0.287043278953755,0.997438598131735
4879,0.455035728731293,0.288189294863152,0.999446735701577
4883,0.446946204664959,0.28764999325873,0.980470617900837
4890,0.505190777942564,0.492314952136983,-0.590470535383451
4892,0.450316839692598,0.288661183767022,1
4902,0.465956586220844,0.305109882701901,0.941296326601177
4908,0.451260617500337,0.284279358231091,0.982216335983048
4909,0.44721585546717,0.283200755022246,1
4912,0.432385061345557,0.306795200215721,-0.602606436620557
4913,0.490494809222057,0.461237697182149,-0.560923189909542
4921,0.450047188890387,0.284346770931644,0.999259533427467
4930,0.47579884050155,0.378387488202777,0.78139195614118
4934,0.453552649319132,0.290009437778077,0.891519609558444
4935,0.471349602265067,0.337333153566132,0.887206714834082
4941,0.44478899824727,0.288189294863152,0.991406772287833
4944,0.448294458676015,0.28400970742888,0.995761022050951
4977,0.43899150599973,0.285155723338277,0.979023017695968
4980,0.448833760280437,0.283874882027774,0.959712158010296
4989,0.444249696642848,0.279290818390185,1
4996,0.447620331670487,0.28111096130511,0.99981315126508
5005,0.448024807873803,0.281313199406768,0.999252171471794
5008,0.441957664824053,0.277875151678576,0.980996522757697
5013,0.448564109478226,0.281717675610085,0.96719763767057
5015,0.434002966158824,0.27699878657139,0.897612994707949
5016,0.471754078468383,0.314075771875421,0.917262740991799
5022,0.446406903060537,0.282256977214507,0.883812917788391
5024,0.442766617230686,0.280302008898476,0.798372925223125
5028,0.449103411082648,0.282661453417824,0.998139163620935
5036,0.424969664284751,0.295672104624511,0.969440794249578
5038,0.406363758932183,0.283942294728327,0.908482188790133
5040,0.449373061884859,0.282931104220035,0.998139136869599
5049,0.452339220709182,0.284683834434407,0.988872542626303
5057,0.441013887016314,0.28522313603883,0.843968901478469
5096,0.411756774976406,0.271808008628826,0.674975384237819
5110,0.426048267493596,0.285425374140488,0.999827069933739
5117,0.430227854927868,0.270661992719428,0.98816395902321
5136,0.158150195496832,0.0885128758258056,-0.204541747082942
5141,0.51961709586086,0.425643791290279,0.70242912564797
5143,0.157610893892409,0.0887825266280167,-0.196647212326311
5148,0.407712012943238,0.287582580558177,1
5154,0.438182553593097,0.280167183497371,0.993054303711894
5156,0.441688014021842,0.278009977079682,0.969364683044907
5160,0.423756235674801,0.285762437643252,0.964686505644957
5161,0.439530807604153,0.280167183497371,0.960193353341931
5181,0.439261156801941,0.275717945260887,0.997197246849487
5187,0.469192395847378,0.385735472563031,-0.487707511001333
5191,0.444654172846164,0.278009977079682,0.997741034998436
5211,0.444654172846164,0.278144802480787,0.997369177672281
5213,0.398274234865849,0.259943373331536,-0.302323431054747
5218,0.442631791829581,0.279830119994607,1
5228,0.401779695294594,0.255494135095052,0.937372860154417
5231,0.44020493460968,0.276459484966968,0.999812719287972
5235,0.446137252258325,0.278751516785762,0.667031611957602
5236,0.515437508426588,0.436497236079277,0.667743941091703
5240,0.424025886477012,0.28063907240124,0.999648512448271
5246,0.445058649049481,0.279560469192396,0.999813066546222
5259,0.440339760010786,0.277470675475259,1
5264,0.242550896588917,0.145813671295672,0.996570535965842
5267,0.443980045840636,0.277942564379129,0.999812136252498
5271,0.435216394768774,0.275583119859782,1
5275,0.443171093434003,0.280369421599029,1
5288,0.443171093434003,0.27699878657139,0.674647868721825
5289,0.515707159228799,0.438384791694755,0.506785288155978
5294,0.39854388566806,0.259538897128219,0.999635877651619
5297,0.398139409464743,0.259336659026561,-0.1581916819512
5309,0.37845490090333,0.261359040043144,-0.386365332788164
5313,0.430093029526763,0.270999056222192,0.9998128383515
5318,0.43899150599973,0.27410004044762,0.838521343128636
5326,0.44020493460968,0.27457192935149,0.993039053707259
5327,0.444654172846164,0.277066199271943,0.991705951932793
5333,0.523527032492922,0.472360792773359,0.999288345797113
5337,0.389240932991776,0.247606849130376,0.999810637680236
5347,0.391128488607254,0.265268976675206,-0.330469312745123
5358,0.427800997707968,0.262302817850883,0.997278441646625
5368,0.317378994202508,0.203856006471619,-0.305101528472773
5369,0.42348658487259,0.261628690845355,0.989797799927734
5370,0.426317918295807,0.26344883376028,0.999614722411937
5378,0.427261696103546,0.266212754482945,-0.405430685113709
5390,0.431036807334502,0.264729675070783,-0.185537711422314
5410,0.498449507887286,0.407240124039369,0.709578816186654
5418,0.0872320345153027,0.047795604691924,0.999288843065455
5437,0.433463664554402,0.264460024268572,0.968540179190436
5440,0.434002966158824,0.264594849669678,0.85323974505617
5448,0.433194013752191,0.264325198867467,0.992773367712461
5449,0.430632331131185,0.262505055952541,0.987133078480863
5453,0.418228394229473,0.272751786436565,0.837075734481614
5481,0.416206013212889,0.255831198597816,-0.38855346695204
5483,0.087771336119725,0.0488742079007685,-0.0700233697462096
5487,0.413644330591883,0.254415531886207,-0.142115444174761
5491,0.432385061345557,0.264190373466361,0.994342744058996
5496,0.397060806255899,0.260684913037616,1
5498,0.395442901442632,0.259471484427666,0.93386386714325
5511,0.462181474989888,0.34987191586895,-0.388853954103859
5513,0.414722933800728,0.255494135095052,1
5520,0.436834299582041,0.295132803020089,-0.343932617983836
5533,0.433194013752191,0.264729675070783,-0.0753934295634133
5538,0.0926250505595254,0.0514358905217743,-0.0759857396006624
5542,0.406094108129972,0.258460293919374,0.998132630758711
5544,0.406228933531077,0.258527706619927,-0.0790150253219356
5546,0.0879061615208305,0.0492112714035324,-0.24440677865344
5552,0.431980585142241,0.266010516381286,0.990165369985798
5563,0.414857759201834,0.267291357691789,-0.390353060981299
5576,0.0883106377241472,0.0488742079007685,0.306051851175851
5578,0.415397060806256,0.266617230686261,0.999816202978602
5587,0.430901981933396,0.266280167183497,-0.387947002374
5588,0.451530268302548,0.315424025886477,-0.391592935532634
5589,0.431036807334502,0.263785897263044,0.825725190671001
5612,0.426183092894701,0.265943103680733,0.984329749003964
5615,0.431576108938924,0.262976944856411,0.997647870470725
5618,0.432115410543346,0.2651341512741,0.992625826517249
5619,0.431306458136713,0.262976944856411,0.97992778693613
5624,0.432115410543346,0.26392072266415,0.978873225370904
5637,0.375219091276797,0.242348658487259,1
5640,0.378589726304436,0.236348928138061,1
5642,0.378589726304436,0.236348928138061,0.88725873663055
5644,0.418228394229473,0.258460293919374,0.982473244482671
5645,0.430227854927868,0.263381421059728,-0.0884166260395943
5655,0.401510044492382,0.268976675205609,-0.368377577589396
5674,0.432115410543346,0.263381421059728,0.999216430782413
5699,0.432115410543346,0.263246595658622,-0.492063591924501
5704,0.371713630848052,0.233315356613186,-0.284995437498858
5711,0.432789537548874,0.263583659161386,-0.315931371486765
5717,0.433194013752191,0.264055548065255,-0.317978123225023
5721,0.436969124983147,0.289133072670891,-0.312724724365429
5725,0.43535122016988,0.266077929081839,0.999805207319206
5727,0.497505730079547,0.448968585681542,-0.549375798801338
5730,0.318322772010247,0.193272212484832,0.997792277250687
5734,0.432250235944452,0.269650802211137,0.999810404250001
5746,0.318592422812458,0.194081164891466,-0.236887353771772
5749,0.425643791290279,0.274841580153701,0.96882351033411
5750,0.433463664554402,0.270392341917217,1
5760,0.437238775785358,0.267291357691789,0.999805277860978
5773,0.421733854658218,0.266010516381286,0.999812385364693
5784,0.378859377106647,0.235809626533639,0.992708475889892
5797,0.437912902790886,0.267493595793447,0.769866309965131
5800,0.430632331131185,0.264392611568019,0.981000758002808
5803,0.492382364837535,0.440070109208575,-0.540596023325933
5805,0.440070109208575,0.268707024403398,0.996108787020395
5806,0.438182553593097,0.267628421194553,1
5812,0.43777807738978,0.267021706889578,0.987938219880409
5813,0.434677093164352,0.269650802211137,0.989494915803572
5814,0.435081569367669,0.269718214911689,0.999617956407653
5824,0.434272616961035,0.271875421329378,0.964849741510087
5831,0.43777807738978,0.268235135499528,-0.53862248145852
5835,0.393959822030471,0.247134960226507,1
5843,0.436160172576513,0.26634757988405,0.986164157872691
5847,0.458676014561143,0.319805851422408,0.393083704967993
5854,0.436294997977619,0.267089119590131,0.999805591190339
5857,0.437238775785358,0.267830659296211,0.999805835100135
5862,0.416880140218417,0.269111500606714,0.999090156895817
5866,0.436429823378725,0.267426183092895,-0.309613390437257
5868,0.423621410273696,0.271133881623298,0.999816395261921
5872,0.439530807604153,0.269111500606714,0.990491748289779
5878,0.0981528920048537,0.0515033032223271,-0.163683519723746
5882,0.408790616152083,0.251449373061885,-0.281796670426388
5883,0.433194013752191,0.289942025077525,0.962193706932961
5888,0.424834838883646,0.254078468383443,1
5889,0.424834838883646,0.254078468383443,0.996155524494206
5906,0.422677632465957,0.252460563570177,-0.183693276409728
5914,0.396656330052582,0.282998516920588,-0.0604053606532653
5915,0.243629499797762,0.152959417554267,-0.10028518297783
5921,0.45665363354456,0.313401644869894,0.400210629407848
5926,0.396521504651476,0.254348119185655,0.799724179751847
5929,0.400296615882432,0.261628690845355,1
5942,0.415801537009573,0.259269246326008,0.946999625153162
5947,0.23365242011595,0.131926654981799,-0.190695987750569
5959,0.413779155992989,0.253673992180127,0.999803783095709
5967,0.411487124174194,0.251988674666307,0.998819390860278
5971,0.418902521235001,0.255426722394499,-0.310035235165405
5975,0.398948361871377,0.238708372657409,-0.253705923372034
5979,0.426452743696912,0.254348119185655,0.995338578985503
5981,0.424160711878118,0.253336928677363,-0.183303034554315
5982,0.165161116354321,0.0863556694081165,-0.184454360301463
5988,0.149791020628286,0.0782661453417824,-0.135342976761513
5994,0.422003505460429,0.252258325468518,-0.243298390222288
6000,0.390454361601726,0.247809087232035,0.997347462061086
6005,0.423216934070379,0.253134690575704,0.975200716923258
6012,0.422947283268168,0.252999865174599,0.998176676457892
6013,0.423621410273696,0.252932452474046,0.998581044935435
6019,0.405689631926655,0.267156532290684,-0.147827682658102
6026,0.413779155992989,0.264864500471889,-0.150293805749814
6032,0.432250235944452,0.257516516111635,0.984304477145909
6033,0.423621410273696,0.253471754078468,0.962150890542189
6037,0.425104489685857,0.255022246191182,-0.293591670170959
6045,0.28111096130511,0.188553323446137,-0.269443903725628
6047,0.393016044222732,0.255426722394499,0.999816699078411
6057,0.412970203586356,0.248280976135904,0.981846336033537
6059,0.407846838344344,0.245314817311582,-0.291454379575075
6062,0.418093568828367,0.255291896993394,1
6080,0.420520426048268,0.25448294458676,1
6085,0.316030740191452,0.216259943373332,0.830316707046162
6094,0.398409060266954,0.260954563839827,1
6096,0.471079951462856,0.345961979236888,0.814739632517351
6097,0.409329917756505,0.262100579749225,0.996129672752417
6104,0.421868680059323,0.252999865174599,0.991136020435996
6105,0.425643791290279,0.254752595388971,0.993152774737806
6107,0.422138330861534,0.252865039773493,0.994150008678488
6109,0.421329378454901,0.253539166779021,0.981828083184262
6112,0.414857759201834,0.262167992449778,0.999812188313592
6113,0.414722933800728,0.262100579749225,0.972951988069379
6120,0.422003505460429,0.252797627072941,-0.317957353070824
6123,0.505730079546987,0.488809491708238,-0.538970248836422
6144,0.402588647701227,0.255763785897263,1
6145,0.402588647701227,0.255763785897263,1
6151,0.419981124443845,0.251247134960227,0.9993918057072
6161,0.424295537279223,0.253808817581232,1
6164,0.400161790481327,0.24794391263314,1
6166,0.400161790481327,0.24794391263314,1
6167,0.400161790481327,0.24794391263314,1
6170,0.421868680059323,0.25205608736686,0.987437960709729
6171,0.422407981663745,0.252730214372388,0.991326645960811
6173,0.423891061075907,0.254145881083996,0.992750834686427
6194,0.421464203856006,0.252123500067413,0.998987322093331
6199,0.516111635432115,0.492652015639746,-0.546754559066159
6208,0.399218012673588,0.257988405015505,-0.151341681210157
6212,0.42227315626264,0.253202103276257,0.998588237212468
6215,0.107321019280032,0.0605366050964001,1
6216,0.107321019280032,0.0605366050964001,-0.115882540020394
6220,0.409599568558716,0.25374140488068,0.96758049914392
6221,0.420790076850479,0.252325738169071,0.914775945838221
6223,0.36659026560604,0.228731292975597,1
6230,0.339355534582715,0.200417958743427,-0.443459907816203
6240,0.413509505190778,0.247202372927059,-0.394247425226369
6250,0.385330996359714,0.278279627881893,-0.362427608063369
6256,0.420924902251584,0.255763785897263,0.993656708455874
6257,0.421194553053795,0.254415531886207,0.99761021327288
6265,0.395847377645949,0.245921531616557,1
6281,0.412970203586356,0.252999865174599,-0.270302262894811
6291,0.411352298773089,0.255426722394499,0.999807079163126
6293,0.418498045031684,0.255359309693946,0.996056739702073
6297,0.160711878117837,0.0907374949440475,0.474223631528049
6298,0.481326681946879,0.346096804637994,-0.453696864379152
6318,0.420655251449373,0.254685182688418,0.999801106626397
6322,0.451530268302548,0.334029931239045,-0.415168675339559
6327,0.450721315895915,0.330389645409195,-0.134684233241629
6336,0.390724012403937,0.270729405419981,0.057794911316908
6339,0.063098287717406,0.0323580962653364,-0.139314363028664
6346,0.420790076850479,0.254078468383443,0.974632255921436
6356,0.420924902251584,0.255089658891735,-0.449279467838796
6358,0.449507887285965,0.327895375488742,-0.383204702557343
6360,0.421194553053795,0.254415531886207,0.987254844170008
6366,0.421733854658218,0.254550357287313,0.991453127594554
6368,0.42105972765269,0.254213293784549,0.989893431456098
6369,0.417958743427262,0.254820008089524,0.971523833651525
6371,0.417014965619523,0.255966023998921,0.974402991579128
6383,0.420924902251584,0.254145881083996,-0.0721680911558481
6408,0.418767695833895,0.252393150869624,0.998596851942473
6409,0.419172172037212,0.252730214372388,-0.191323575237848
6425,0.406903060536605,0.249966293649724,-0.420349332180789
6430,0.164082513145477,0.0870297964136443,-0.183827317334401
6432,0.509640016179048,0.471349602265067,-0.48114927938919
6436,0.390993663206148,0.249696642847512,0.943961423527641
6446,0.368208170419307,0.228596467574491,0.920398543714278
6447,0.41984629904274,0.252932452474046,0.977487559492877
6462,0.414722933800728,0.251044896858568,0.984354392904809
6472,0.38789267898072,0.267561008494,0.954772590562436
6488,0.4164756640151,0.250573007954699,0.968036797739539
6492,0.366185789402723,0.23365242011595,0.998653331901375
6506,0.413374679789672,0.249561817446407,0.999397892315338
6521,0.410812997168667,0.25326951597681,-0.203219246380944
6538,0.355399757314278,0.225023594445193,-0.173004884489516
6539,0.174464069030605,0.0962653363893757,-0.194276988659466
6543,0.416880140218417,0.250775246056357,1
6552,0.414453282998517,0.249561817446407,0.993557337587066
6556,0.414722933800728,0.250101119050829,1
6565,0.415531886207361,0.25037076985304,1
6583,0.41283537818525,0.248887690440879,0.92347282115867
6584,0.364567884589457,0.225158419846299,0.999190996735997
6588,0.399622488876904,0.260752325738169,0.944175907512345
6603,0.416880140218417,0.251314547660779,0.999196961145309
6606,0.367264392611568,0.237023055143589,0.999621606822794
6616,0.0946474315761089,0.0527167318322772,-0.184141676812469
6618,0.339760010786032,0.226102197654038,-0.541017196932583
6620,0.416206013212889,0.250033706350276,-0.0758733102694
6621,0.0693002561682621,0.0361332074962923,-0.0738957989494218
6622,0.0973439395982203,0.0523122556289605,-0.0898748826328495
6628,0.165970068760955,0.0905352568423891,-0.0804476436025605
6631,0.0709181609815289,0.0370769853040313,-0.0739240983352979
6647,0.395038425239315,0.245786706215451,0.937965771428451
6650,0.410138870163139,0.247404611028718,-0.361760656012296
6664,0.411082647970878,0.248011325333693,1
6677,0.091816098152892,0.0491438587029797,-0.161244200857421
6687,0.410543346366455,0.248280976135904,-0.124997647045336
6688,0.0947822569772145,0.0494135095051907,-0.122929166621779
6689,0.409464743157611,0.246797896723743,0.97131192803536
6691,0.42591344209249,0.301806660374815,0.736685841382408
6692,0.323311311851153,0.197923688822974,0.999351336492185
6709,0.376432519886747,0.243359848995551,0.999438701111534
6719,0.389375758392881,0.265336389375758,-0.245431669629196
6720,0.227450451665094,0.128151543750843,0.820882933429016
6722,0.466361062424161,0.354927868410409,-0.615568940771351
6723,0.45422677632466,0.387555615477956,-0.481182148527638
6724,0.402858298503438,0.258190643117163,0.995737041833735
6727,0.468383443440744,0.355130106512067,-0.18142265633208
6731,0.344613725225833,0.204934609680464,-0.276807914812737
6734,0.413374679789672,0.258055817716058,0.988766337990238
6754,0.435216394768774,0.322097883241203,-0.411024620045121
6756,0.403532425508966,0.260145611433194,-0.46173124368673
6757,0.448159633274909,0.352433598489955,1
6760,0.109343400296616,0.0581771605770527,-0.185661596878351
6766,0.417149791020628,0.259943373331536,1
6770,0.407307536739922,0.25448294458676,1
6772,0.467035189429689,0.348523661857894,-0.0798108252924973
6775,0.478225697721451,0.315828502089794,0.842367115187306
6785,0.403936901712283,0.253202103276257,0.999426179267859
6794,0.334232169340704,0.210395038425239,0.826621146089865
6802,0.398409060266954,0.245179991910476,0.976412794386125
6813,0.398139409464743,0.247741674531482,1
6833,0.379129027908858,0.263044357556964,1
6836,0.403936901712283,0.24794391263314,-0.437788097008394
6847,0.398004584063638,0.247404611028718,1
6850,0.399083187272482,0.249426992045301,0.983717889067487
6855,0.401240393690171,0.247000134825401,0.990609208578758
6858,0.382904139139814,0.24915734124309,1
6873,0.340299312390454,0.211810705136848,-0.301433865942758
6875,0.406363758932183,0.249292166644196,0.996848722405501
6881,0.403802076311177,0.24841580153701,-0.21682220806318
6885,0.543750842658757,0.488000539301604,-0.523942978269032
6888,0.398813536470271,0.249022515841985,0.999806992493585
6890,0.402723473102332,0.247337198328165,0.997635517273169
6893,0.399083187272482,0.247000134825401,1
6914,0.402723473102332,0.247741674531482,-0.375455212819346
6917,0.402993123904544,0.248146150734798,0.99862560647399
6934,0.402049346096805,0.247809087232035,1
6936,0.402049346096805,0.247809087232035,0.996084173303246
6939,0.400566266684643,0.249224753943643,-0.299094008256958
6945,0.161925306727788,0.0863556694081165,-0.154604495184605
6949,0.39274639342052,0.245179991910476,-0.157753617538079
6951,0.402049346096805,0.24794391263314,0.997450211628518
6956,0.197923688822974,0.108534447889982,0.999286997221048
6967,0.275178643656465,0.15592557637859,0.998391892689229
6978,0.376836996090063,0.247337198328165,0.959832653165689
6981,0.40339760010786,0.247404611028718,-0.273102555193992
6993,0.402858298503438,0.247539436429823,-0.201834082976089
6998,0.402318996899016,0.246865309424296,1
7007,0.160442227315626,0.0854793043009303,0.998228248565126
7010,0.169880005393016,0.0914116219495753,-0.172569330654893
7012,0.401510044492382,0.248752865039773,-0.147342451068543
7014,0.456249157341243,0.308076041526224,0.992702031052866
7021,0.402588647701227,0.251314547660779,1
7024,0.421194553053795,0.310098422542807,0.997526657763695
7029,0.489011729809896,0.37312929755966,0.723968297246988
7030,0.401105568289066,0.245988944317109,0.999802223444629
7034,0.158689497101254,0.0847377645948497,-0.0878635343346014
7053,0.402453822300121,0.247067547525954,-0.216893942130372
7072,0.280032358096265,0.159970338411757,0.970907260894217
7078,0.400701092085749,0.246056357017662,-0.198510793969949
7081,0.201159498449508,0.111096130510988,-0.136337788230729
7082,0.24551705541324,0.146892274504517,0.999736474267577
7088,0.395577726843737,0.246460833220979,0.997866133207565
7098,0.400161790481327,0.247809087232035,-0.320520062097301
7101,0.439935283807469,0.288458945665363,0.892387830379622
7108,0.366320614803829,0.234933261426453,0.99980901156824
7115,0.403532425508966,0.24625859511932,0.918945340006374
7128,0.405015504921127,0.246326007819873,-0.306266583809402
7134,0.387083726574087,0.239652150465148,1
7152,0.404880679520022,0.249898880949171,0.96893016384447
7173,0.402049346096805,0.248483214237562,0.999218071728952
7176,0.404476203316705,0.249966293649724,0.97932761908518
7185,0.405959282728866,0.25084265875691,0.994141187076079
7191,0.405150330322233,0.250438182553593,-0.122417510182815
7195,0.132398543885668,0.0709181609815289,-0.121161881265774
7197,0.404880679520022,0.250977484158015,-0.532454438749263
7203,0.401375219091277,0.248820277740326,0.999027643384776
7206,0.400835917486855,0.248550626938115,0.971986433734929
7207,0.384387218551975,0.23897802345962,1
7209,0.384387218551975,0.23897802345962,1
7227,0.417554267223945,0.263785897263044,-0.0698880970684966
7238,0.152757179452609,0.0823109073749494,-0.132325721073231
7239,0.409464743157611,0.265268976675206,0.99835993944929
7242,0.405419981124444,0.263246595658622,0.977490423896565
7243,0.403802076311177,0.263381421059728,0.998370875859578
7245,0.410004044762033,0.260010786032088,0.819584583554901
7246,0.453417823918026,0.34211945530538,0.743361847946574
7252,0.409869219360928,0.261291627342591,0.969134237921299
7253,0.413509505190778,0.261089389240933,1
7259,0.379533504112175,0.283470405824457,1
7260,0.379533504112175,0.283470405824457,0.937836849717498
7265,0.407172711338816,0.261696103545908,1
7287,0.373870837265741,0.246797896723743,1
7294,0.373196710260213,0.23850613455575,0.99942810089792
7298,0.145206956990697,0.0798840501550492,-0.124186694172757
7300,0.413509505190778,0.260010786032088,1
7301,0.413509505190778,0.260010786032088,-0.211709112055883
7310,0.338142105972765,0.221248483214238,0.999232393450833
7316,0.402318996899016,0.256977214507213,0.982437244252172
7322,0.13293784549009,0.0714574625859512,-0.126848237415805
7323,0.410678171767561,0.262505055952541,0.989583976912126
7324,0.413913981394095,0.260752325738169,-0.213864086473877
7349,0.132803020088985,0.0709855736820817,-0.108273747086166
7359,0.412430901981933,0.2602804368343,0.995103288567925
7360,0.4140488067952,0.261089389240933,0.978451055801173
7362,0.12228663880275,0.0651880814345422,-0.096624926191051
7363,0.4116219495753,0.259741135229877,-0.299862488875781
7365,0.316839692598085,0.189294863152218,-0.291161367440869
7368,0.393420520426048,0.258055817716058,-0.28445024154468
7378,0.408655790750977,0.258797357422138,0.681619919008765
7387,0.412296076580828,0.260887151139275,1
7397,0.412700552784145,0.259201833625455,0.993171008987928
7417,0.405150330322233,0.257583928812188,0.984909003112139
7427,0.412700552784145,0.259201833625455,0.835465694076625
7428,0.451260617500337,0.329580693002562,0.836789788875962
7429,0.412565727383039,0.258999595523797,0.996961536184822
7433,0.412296076580828,0.258864770122691,0.995454330719294
7447,0.412565727383039,0.259134420924902,1
7449,0.412565727383039,0.259134420924902,0.985040729783976
7452,0.411217473371983,0.258460293919374,0.995642011356654
7456,0.411756774976406,0.25859511932048,-0.122693636124909
7458,0.176890926250506,0.0958608601860591,-0.213529407755357
7459,0.411217473371983,0.258460293919374,0.985263203785026
7466,0.171228259404072,0.0930295267628422,-0.28850497216794
7472,0.409734393959822,0.25690980180666,0.993549972187355
7479,0.412026425778617,0.258999595523797,0.999620902971606
7483,0.197519212619658,0.105635701766213,-0.119363264051923
7486,0.132398543885668,0.0715922879870567,-0.10950320541347
7496,0.133342321693407,0.0713900498853984,-0.122787447229474
7501,0.394499123634893,0.249831468248618,0.962532123793967
7502,0.406498584333288,0.260010786032088,1
7504,0.406498584333288,0.260010786032088,0.985614011630277
7514,0.34650128084131,0.228259404071727,0.99924712972399
7521,0.410273695564244,0.259067008224349,-0.218323135612274
7523,0.370904678441418,0.244910341108265,0.998904162928046
7528,0.411082647970878,0.258662532021033,-0.123127235762657
7529,0.13293784549009,0.0710529863826345,-0.128217228083244
7535,0.409464743157611,0.257314278009977,1
7537,0.409329917756505,0.257516516111635,0.999241550693909
7542,0.407307536739922,0.255966023998921,0.996779006010197
7545,0.407712012943238,0.256842389106108,-0.506772827658668
7546,0.484832142375624,0.498449507887286,0.977453479953191
7547,0.491708237832008,0.487191586894971,-0.497907594794236
7548,0.41040852096535,0.259404071727113,0.951467392662605
7561,0.410947822569772,0.258999595523797,1
7564,0.410947822569772,0.258864770122691,-0.120927946605723
7576,0.237697182149117,0.136106242416071,-0.0936190135453427
7578,0.468787919644061,0.35398409060267,0.300549004087857
7584,0.4140488067952,0.278481865983551,0.314150741253603
7585,0.0652554941350951,0.0341108264797088,0.3148855329435
7593,0.474315761089389,0.435620870972091,0.318790896452615
7595,0.423082108669273,0.331940137521909,-0.273853202401045
7596,0.233517594714844,0.133611972495618,-0.272472907301984
7601,0.230281785088311,0.131859242281246,0.999407641417725
7610,0.0644465417284616,0.0339760010786032,-0.0759109686956886
7627,0.274504516650937,0.178239180261561,1
7632,0.30484023189969,0.195699069704732,-0.108020092816782
7634,0.442092490225158,0.350074153970608,0.727959131815676
7636,0.25495483349063,0.150397734933261,-0.267333008623118
7638,0.177160577052717,0.0974787649993258,-0.201058888819229
7639,0.422138330861534,0.306255898611298,-0.242458634874787
7640,0.235270324929217,0.134757988405016,0.999417002122976
7647,0.158959147903465,0.0851422407981663,-0.0857386727348158
7657,0.255763785897263,0.150802211136578,-0.106704599572797
7661,0.25495483349063,0.15012808413105,-0.169453500723634
7665,0.381960361332075,0.241135229877309,0.673599068625976
7668,0.288796009168127,0.175138196036133,-0.207216865492505
7670,0.467170014830794,0.380544694620466,0.564816841145801
7678,0.132803020088985,0.0726034784953485,0.980715963214186
7680,0.502763920722664,0.438924093299178,0.202170977797933
7682,0.130106512066873,0.0716597006876095,-0.156301924633716
7685,0.132803020088985,0.0736820817041931,-0.115595254864043
7693,0.208170419306997,0.117298098961844,-0.275361372137737
7697,0.509370365376837,0.492786841040852,0.544664491433578
7705,0.273560738843198,0.169542941890252,0.993033620912854
7714,0.27410004044762,0.171295672104624,0.998623500205012
7716,0.357826614534178,0.231360388297155,-0.228487176842011
7725,0.128218956451395,0.0700417958743427,-0.221818792096277
7736,0.445328299851692,0.336861264662262,0.636358218339065
7740,0.282189564513954,0.169273291088041,-0.293585753575702
7743,0.471349602265067,0.405150330322233,0.33973614685185
7751,0.0560873668599164,0.0292571120399083,0.222940060109864
7752,0.464608332209788,0.364567884589457,1
7756,0.471349602265067,0.366859916408251,-0.293668352838398
7760,0.126601051638129,0.0688283672643926,-0.100407264910631
7761,0.26681946878792,0.159161386005123,-0.238349287289993
7797,0.221922610219765,0.124983146824862,-0.0819048681260095
7811,0.290009437778077,0.174531481731158,-0.113558270042833
7819,0.288526358365916,0.173250640420655,-0.126437762236348
7820,0.179587434272617,0.101658352433598,0.833205458109847
7837,0.0567614938654442,0.0294593501415666,1
7840,0.0564918430632331,0.0293245247404611,0.996478978931073
7854,0.138061210732102,0.0760415262235405,-0.199645868379308
7856,0.139004988539841,0.0766482405285156,1
7860,0.165161116354321,0.0914790346501281,0.925772905983481
7863,0.252123500067413,0.154105433463665,-0.206131192988757
7865,0.167048671969799,0.0908049076446003,-0.152160056149781
7872,0.155588512875826,0.086827558311986,0.536881035429268
7891,0.49588782526628,0.489416206013213,-0.444249478033125
7897,0.252797627072941,0.146218147498989,-0.190720152961115
7906,0.146690036402858,0.0826479708777134,1
7909,0.159228798705676,0.0889173520291223,-0.11603755666775
7914,0.366455440204935,0.235000674127006,0.567703364682837
7915,0.499932587299447,0.491438587029796,0.57052566396667
7932,0.180800862882567,0.0990292571120399,0.999236230258161
7933,0.180800862882567,0.0991640825131455,-0.100603471568375
7936,0.136982607523257,0.0755022246191183,1
7940,0.261291627342591,0.167453148173116,-0.0959060352921855
7946,0.480517729540245,0.478899824726979,0.909840271467211
7955,0.263853309963597,0.161857894027235,-0.216535988629457
7957,0.311985978158285,0.21235000674127,1
7963,0.311446676553863,0.211541054334637,1
7972,0.349737090467844,0.232438991506,-0.185091790448298
7976,0.184710799514629,0.102736955642443,0.997068877152056
7980,0.402049346096805,0.293110422003505,0.703859941805588
7982,0.31427800997708,0.192598085479304,-0.481925687107561
7984,0.517055413239854,0.496629364972361,-0.277379240977534
8004,0.451260617500337,0.325401105568289,0.815923414955172
8010,0.150060671430498,0.083389510583794,-0.105402464358787
8015,0.35229877308885,0.222124848321424,0.68118607305094
8022,0.283942294728327,0.167992449777538,0.599416707426456
8036,0.433328839153297,0.323715788054469,-0.420616969361594
8038,0.175947148442767,0.0994337333153567,-0.00888013292945804
8039,0.403262774706755,0.284414183632196,1
8040,0.403262774706755,0.284414183632196,0.998688536012958
8042,0.402588647701227,0.284481596332749,-0.349181111356502
8044,0.399218012673588,0.295604691923958,-0.206478519110189
8051,0.190777942564379,0.110489416206013,0.995330745207451
8058,0.161655655925576,0.0895914790346501,-0.120651688556339
8060,0.153566131859242,0.0878387488202778,0.445590462849723
8063,0.0295267628421195,0.0150330322232709,-0.042199514005846
8069,0.354321154105433,0.23122556289605,-0.411173116494898
8071,0.467978967237428,0.370972091141971,0.994798132348699
8083,0.354455979506539,0.230484023189969,0.626866944768135
8091,0.454361601725765,0.339490359983821,-0.180217124390477
8093,0.161386005123365,0.0908049076446003,-0.101898363755485
8099,0.152487528650398,0.0868949710125387,-0.109630138228131
8116,0.444923823648375,0.346905757044627,0.409490510771579
8123,0.503303222327086,0.434609680463799,-0.832480952845793
8124,0.500202238101658,0.478630173924767,0.595779115927979
8133,0.309424295537279,0.192193609275988,0.545789128916014
8134,0.486045570985574,0.441081299716867,0.548449602577024
8140,0.232978293110422,0.132668194687879,0.974303389111628
8141,0.231630039099366,0.130376162869084,-0.314492539423431
8142,0.48159633274909,0.395577726843737,0.826401972632917
8146,0.155049211271404,0.0876365107186194,0.30684775570889
8147,0.519212619657544,0.488000539301604,0.484991352239966
8148,0.307536739921801,0.189631926654982,-0.141346602019728
8164,0.454361601725765,0.363893757583929,-0.250394986675925
8172,0.458271538357827,0.346703518942969,-0.377118079867531
8175,0.376162869084536,0.265336389375758,-0.229940545269246
8181,0.261156801941486,0.156060401779695,-0.281349445460386
8186,0.392207091816098,0.280908723203452,-0.281425429376207
8198,0.152352703249292,0.0860186059053526,0.99875301175714
8203,0.487258999595524,0.472023729270595,-0.422737712471915
8214,0.153431306458137,0.0865579075097749,1
8217,0.265875690980181,0.157206417689093,0.961349592432766
8220,0.394229472832682,0.277201024673048,-0.443415405474543
8231,0.283268167722799,0.174935957934475,0.0169402376062146
8248,0.392072266414993,0.284616421733855,-0.185324775282792
8257,0.193878926789807,0.112444384522044,0.431796419109291
8273,0.358635566940812,0.238371309154645,0.504899506345995
8280,0.517055413239854,0.467776729135769,-0.192938781064108
8283,0.135499528111096,0.0747606849130377,-0.124234932952561
8286,0.493865444249697,0.440811648914656,-0.246789678805744
8291,0.13873533773763,0.0747606849130377,-0.0301925091015028
8293,0.0528515572333828,0.0292571120399083,1
8298,0.133746797896724,0.0736146690036403,0.998545046099409
8303,0.0510988270190104,0.0287852231360388,0.973365469372245
8308,0.357961439935284,0.232641229607658,-0.38347507061337
8314,0.433328839153297,0.329108804098692,0.449702977682393
8331,0.128893083456923,0.0706485101793178,-0.165228696064553
8332,0.385870297964136,0.252527976270729,-0.166601599137297
8333,0.131454766077929,0.0720641768909263,-0.167378227701773
8347,0.428609950114602,0.294795739517325,-0.354770862654042
8350,0.479978427935823,0.397195631657004,0.406096259790089
8359,0.129702035863557,0.0713226371848457,-0.212117593368645
8364,0.433059188351085,0.312794930564918,0.382304245218071
8371,0.131050289874612,0.0718619387892679,-0.182306568278732
8373,0.163138735337738,0.0932991775650532,-0.10914909431288
8387,0.484562491573412,0.405689631926655,0.676634734474323
8393,0.151408925441553,0.082445732776055,1
8397,0.257246865309424,0.151139274639342,1
8402,0.379937980315491,0.249292166644196,0.99890280102064
8410,0.352163947687744,0.223270864230821,0.57537301476733
8416,0.0850748280976136,0.0456383982742349,-0.0809120615270259
8421,0.474989888094917,0.363421868680059,-0.380131920997714
8424,0.284346770931644,0.170082243494674,-0.276465257231243
8429,0.411352298773089,0.276189834164757,-0.297455502740753
8431,0.217068895779965,0.122151813401645,-0.149306369497104
8434,0.259134420924902,0.151408925441553,-0.34235819203941
8456,0.466226237023055,0.383173789942025,-0.327251782865036
8462,0.340838613994877,0.22057435620871,-0.102682846454994
8472,0.144667655386275,0.0806930025616827,-0.0776563803746254
8473,0.204530133477147,0.115477956046919,1
8474,0.204530133477147,0.115477956046919,-0.185488776875901
8484,0.474855062693812,0.388431980585142,-0.302689125795876
8487,0.19684508561413,0.113657813131994,-0.108286551476895
8495,0.488067952002157,0.499662936497236,-0.562253569722533
8497,0.477147094512606,0.425576378589726,0.884341222708304
8505,0.0914116219495753,0.0478630173924768,0.00737666570164207
8508,0.158689497101254,0.0908049076446003,1
8509,0.158689497101254,0.0908049076446003,-0.217543730329121
8518,0.0947822569772145,0.0491438587029797,-0.0697411942604439
8519,0.140622893353108,0.0773223675340434,-0.157972807840617
8524,0.307536739921801,0.19637319671026,-0.166075999886686
8525,0.170688957799649,0.0976135904004315,-0.166475345985679
8529,0.206013212889308,0.117028448159633,0.990255214992177
8538,0.204530133477147,0.116421733854658,-0.169576203910085
8540,0.281245786706215,0.172711338816233,0.993510642281916
8548,0.450586490494809,0.344748550626938,0.683206078352721
8555,0.0959956855871646,0.0513684778212216,-0.116115884021457
8564,0.49346096804638,0.396791155453687,0.814653354185201
8573,0.460968046379938,0.377848186598355,-0.550261190456924
8574,0.487798301199946,0.458676014561143,0.999866646529659
8577,0.49346096804638,0.457597411352299,-0.310684924207603
8591,0.483888364567885,0.415868949710125,1
8592,0.483888364567885,0.415868949710125,0.999861812608745
8595,0.375623567480113,0.24915734124309,-0.42636686607799
8601,0.27288661183767,0.165835243359849,0.681106776071432
8602,0.419306997438317,0.298638263448834,0.999839031687637
8605,0.157071592287987,0.0840636375893218,-0.144050076965722
8610,0.251314547660779,0.154105433463665,1
8613,0.251314547660779,0.154105433463665,1
8614,0.251314547660779,0.154105433463665,-0.196626209552471
8629,0.304705406498584,0.186868005932318,-0.227915138037881
8632,0.357691789133073,0.219158689497101,-0.0992913416274613
8637,0.362275852770662,0.221990022920318,-0.35923965238604
8641,0.514358905217743,0.439867871106916,0.242673642330183
8646,0.408520965349872,0.292301469596872,0.956850881995154
8647,0.387623028178509,0.274167453148173,0.993398706567705
8649,0.389510583793987,0.266077929081839,-0.31633877182586
8665,0.480248078738034,0.39153296481057,-0.42834413976022
8669,0.451395442901443,0.338276931373871,-0.277277009973034
8671,0.48280976135904,0.393622758527707,-0.428353043474952
8676,0.46609141162195,0.38256707563705,1
8678,0.46609141162195,0.38256707563705,0.525806384539246
8680,0.41984629904274,0.285695024942699,-0.338067617229371
8699,0.264257786166914,0.151948227045975,-0.217144728544968
8712,0.443036268032897,0.308750168531751,-0.31844483775558
8713,0.326951597681003,0.196912498314682,0.999558817791093
8735,0.446272077659431,0.382769313738708,0.865656317285571
8742,0.436969124983147,0.354388566805986,-0.201633899893111
8748,0.108534447889982,0.0579075097748416,-0.218972274356019
8749,0.442496966428475,0.377376297694486,-0.441524721650222
8776,0.435081569367669,0.359781582850209,1
8778,0.432789537548874,0.397060806255899,-0.493981235827736
8784,0.131994067682351,0.0700417958743427,1
8786,0.478764999325873,0.430160442227316,-0.328148747033592
8787,0.220978832412026,0.128556019954159,-0.165199488975344
8794,0.371039503842524,0.24430362680329,-0.488088355765068
8796,0.456249157341243,0.416610489416206,0.99960800404006
8798,0.449912363489281,0.328906565997034,-0.561423935107472
8800,0.46851826884185,0.383780504247,0.850995600570341
8812,0.348928138061211,0.266549817985709,0.942507837485152
8814,0.38088175812323,0.241000404476203,-0.41951090651852
8819,0.450182014291493,0.327423486584873,-0.363495548910244
8828,0.223810165835243,0.128488607253607,-0.241234227567141
8837,0.201563974652825,0.113185924228125,-0.32254650077625
8838,0.486315221787785,0.446743966563301,-0.322207440740203
8845,0.442901442631792,0.333086153431306,0.99394578671033
8846,0.442901442631792,0.332142375623568,0.708059660770847
8848,0.493730618848591,0.496427126870702,0.26592588126067
8850,0.492921666441958,0.499123634892814,-0.320914568404575
8851,0.203586355669408,0.115410543346366,0.707317352874273
8856,0.363893757583929,0.224282054739113,0.995740196380081
8860,0.317378994202508,0.192665498179857,0.908982543498404
8866,0.328165026290953,0.20870972091142,0.995743111583711
8868,0.444519347445059,0.337670217068896,-0.638034898029953
8877,0.429418902521235,0.362882567075637,1
8891,0.245247404611029,0.137319671026021,-0.147399123682358
8895,0.182553593096939,0.0958608601860591,-0.0431945442782368
8897,0.158959147903465,0.0864904948092221,-0.252928834689611
8915,0.15666711608467,0.0860186059053526,-0.274964499027292
8921,0.301334771470945,0.18572199002292,-0.20428018787956
8927,0.457058109747876,0.411756774976406,0.999868314291035
8930,0.159228798705676,0.0870297964136443,-0.101246219881122
8948,0.244842928407712,0.14358905217743,-0.23771441758565
8951,0.364702709990562,0.221720372118107,-0.310903392124241
8952,0.417958743427262,0.281515437508427,-0.556934825981136
8984,0.39274639342052,0.248685452339221,0.968543729807907
8985,0.384117567749764,0.259336659026561,-0.0475442233668833
8989,0.501280841310503,0.439261156801941,-0.643574580731766
8999,0.402049346096805,0.280706485101793,-0.319169276957984
9002,0.407307536739922,0.284414183632196,-0.194112763963718
9015,0.499123634892814,0.451530268302548,-0.579401194784262
9016,0.393690171228259,0.271538357826615,0.844852105506572
9020,0.1137926385331,0.0581097478764999,-0.0983627160410169
9031,0.340973439395982,0.226169610354591,-0.419890001337812
9032,0.420385600647162,0.334501820142915,-0.420122323177177
9034,0.398409060266954,0.273493326142645,0.992910101007478
9036,0.111770257516516,0.0634353512201699,0.391108636631076
9049,0.115275717945261,0.0614129702035864,-0.169868597769425
9058,0.402723473102332,0.266886881488472,0.495775292232243
9061,0.402993123904544,0.269718214911689,0.99964996167894
9062,0.402993123904544,0.269853040312795,-0.341824215020179
9076,0.41040852096535,0.288930834569233,-0.339121428375414
9081,0.11042200350546,0.0600647161925306,0.998246990263165
9085,0.336254550357287,0.227180800862883,-0.169350540497681
9087,0.110152352703249,0.0599298907914251,-0.140752529848395
9102,0.309963597141702,0.185452339220709,0.56514243226157
9112,0.351354995281111,0.240258864770123,0.810318405011067
9114,0.283807469327221,0.17143049750573,-0.250555192006962
9118,0.148307941216125,0.0796818120533909,-0.0912976183305333
9123,0.374275313469058,0.235539975731428,0.926837303319497
9127,0.521100175273021,0.414655521100175,0.621896076338831
9130,0.364567884589457,0.230146959687205,0.999804147526351
9134,0.373331535661319,0.235607388431981,0.994774543414748
9144,0.367534043413779,0.230012134286099,0.999209117112166
9155,0.517864365646488,0.473169745179992,-0.370626212509932
9157,0.221518134016449,0.123567480113253,-0.154958200552755
9160,0.203990831872725,0.112511797222597,0.998965105713459
9171,0.501011190508292,0.439126331400836,0.584769608093591
9197,0.484966967776729,0.391870028313334,-0.738438426053568
9201,0.360792773358501,0.223944991236349,-0.427726010910354
9208,0.479034650128084,0.428272886611838,0.992861633429891
9211,0.483618713765673,0.404678441418363,0.994113641408596
9214,0.472023729270595,0.407779425643791,0.99850122855674
9216,0.472428205473911,0.408520965349872,0.969396813957955
9217,0.484832142375624,0.406094108129972,-0.513919768440279
9218,0.360792773358501,0.257246865309424,0.991876227764516
9220,0.485101793177835,0.386544424969664,-0.490832697282548
9235,0.482270459754618,0.382297424834839,-0.219790717874913
9237,0.202238101658352,0.113522987730889,-0.388809568939509
9238,0.478090872320345,0.495348523661858,-0.785020025844533
9242,0.393150869623837,0.28717810435486,0.992158496739338
9257,0.36416340838614,0.235742213833086,-0.518997191688347
9259,0.490899285425374,0.476540380207631,0.990769886147187
9260,0.487663475798841,0.479641364433059,-0.545090823368694
9270,0.482540110556829,0.384319805851422,-0.58926858337485
9277,0.462316300390994,0.376095456383983,1
9282,0.48523661857894,0.490427396521505,0.603997352623203
9283,0.498045031683969,0.497640555480653,-0.30712372006633
9298,0.511257920992315,0.477821221518134,0.961925378611398
9299,0.498045031683969,0.496157476068491,-0.188856100419268
9305,0.501820142914925,0.480652554941351,0.203738276034365
9307,0.0601321288930835,0.0311446676553863,-0.1333598531877
9318,0.500067412700553,0.446609141162195,0.973435364010077
9319,0.494944047458541,0.44890117298099,0.789105459547388
9321,0.498045031683969,0.446406903060537,0.334814017582807
9322,0.178643656464878,0.102130241337468,0.977344401411142
9324,0.172846164217339,0.0999056222192261,0.981311261248959
9329,0.167857624376433,0.0968720506943508,-0.259968385443579
9340,0.453957125522448,0.354118916003775,0.79863484315375
9342,0.506673857354726,0.454091950923554,0.730591827725815
9350,0.135904004314413,0.074962923014696,0.98496258502195
9351,0.138330861534313,0.0764460024268572,-0.142545695963715
9357,0.13415127410004,0.0744910341108265,0.295819074277549
9383,0.157071592287987,0.082445732776055,0.91347556601076
9387,0.156397465282459,0.0846703518942968,-0.10583014023358
9389,0.153566131859242,0.0832546851826884,1
9392,0.146555211001753,0.0816367803694216,0.999560586982047
9394,0.300525819064312,0.177767291357692,0.684121305951868
9397,0.151678576243764,0.081501954968316,1
9399,0.181744640690306,0.0959956855871646,-0.107784114551198
9403,0.290953215585816,0.167183497370905,0.944262680626244
9420,0.185250101119051,0.0978832412026426,1
9422,0.183092894701362,0.0964001617904813,0.633370149314707
9428,0.1816098152892,0.102534717540785,0.687787214233419
9434,0.18376702170689,0.097141701496562,0.64208795861365
9444,0.133881623297829,0.0740865579075097,0.587618185280411
9452,0.179317783470406,0.0951867331805312,0.996732282086292
9457,0.142105972765269,0.078063907240124,-0.0629290885661925
9460,0.254685182688418,0.154038020763112,-0.0152683063576531
9471,0.361871376567345,0.225832546851827,0.999800256739852
9480,0.341512741000404,0.217405959282729,0.719644476204027
9488,0.101119050829176,0.0516381286234326,0.350305181034814
9492,0.102062828636915,0.0525144937306189,0.558914418900382
9497,0.322502359444519,0.207900768504786,1
9504,0.198597815828502,0.113455575030336,0.999009667295303
9507,0.10071457462586,0.0514358905217743,-0.0753304575220616
9511,0.395712552244843,0.276863961170284,0.766073586589387
9515,0.395712552244843,0.279155992989079,0.639478925863364
9522,0.215046514763381,0.127747067547526,-0.0975869445269075
9523,0.1743292436295,0.0929621140622894,0.994239303310671
9524,0.175407846838344,0.0936362410678172,0.501902179653682
9531,0.147094512606175,0.0770527167318322,0.997553506015528
9532,0.147768639611703,0.0773897802345962,0.996083787624788
9533,0.146959687205069,0.0769853040312795,0.999017841465285
9546,0.301469596872051,0.1719023864096,0.982891367183579
9548,0.297020358635567,0.169947418093569,0.997728870612879
9552,0.260482674935958,0.155723338276931,1
9554,0.2300121342861,0.137791559929891,0.677002045279999
9559,0.372657408655791,0.261426452743697,0.813741664417846
9577,0.209788324120264,0.118376702170689,0.624803398588758
9584,0.232978293110422,0.142510448968586,1
9587,0.233113118511528,0.142173385465822,0.959071223148957
9591,0.448968585681542,0.36659026560604,0.999438218224197
9594,0.229877308884994,0.131252527976271,0.949445188649491
9597,0.373736011864635,0.261561278144802,-0.199942659669339
9619,0.497775380881758,0.400566266684643,-0.339024114169452
9621,0.484158015370096,0.368949710125388,-0.597857285018805
9623,0.472023729270595,0.390926250505595,0.692333855095136
9626,0.431576108938924,0.303020088984765,-0.294902014119297
9635,0.409869219360928,0.273965215046515,0.667526671124489
9638,0.235674801132533,0.139679115545369,-0.245040309891017
9639,0.371174329243629,0.234124309019819,-0.335953516035254
9643,0.4164756640151,0.301806660374815,1
9650,0.0616152083052447,0.0313469057570446,-0.0900433466095586
9651,0.427800997707968,0.303963866792504,0.996781372232452
9658,0.426722394499124,0.295200215720642,-0.381323065668774
9659,0.40461102871781,0.283874882027774,0.299852043213888
9661,0.376702170688958,0.248483214237562,-0.21841242530877
9662,0.232708642308211,0.138600512336524,0.890481543930638
9674,0.233382769313739,0.138398274234866,0.515951148894328
9677,0.229742483483888,0.136173655116624,-0.228917195387785
9678,0.346636106242416,0.212417419441823,0.990262853098372
9682,0.47579884050155,0.338883645678846,0.714793252225906
9687,0.232978293110422,0.137656734528785,0.439176505267891
9691,0.477012269111501,0.346905757044627,0.759029021361523
9694,0.22057435620871,0.123634892813806,0.407383308698222
9703,0.456249157341243,0.328165026290953,0.999841651471672
9711,0.326277470675475,0.194148577592018,-0.179887049445074
9714,0.511662397195632,0.419239584737765,-0.670466466078327
9718,0.317513819603613,0.19394633949036,0.96399205000438
9727,0.411891600377511,0.272819199137117,-0.515113557158715
9733,0.503977349332614,0.443710395038425,-0.710792981301529
9736,0.496966428475125,0.399352838074693,0.998544322199118
9749,0.49467439665633,0.48449507887286,0.8459725619458
9751,0.343669947418094,0.22131589591479,1
9752,0.343669947418094,0.22131589591479,0.999610188082177
9753,0.343400296615882,0.22131589591479,-0.0701036258577243
9762,0.47094512606175,0.405217743022785,-0.455551267340276
9767,0.347310233247944,0.224079816637454,0.705639636108561
9771,0.260617500337063,0.149588782526628,-0.210257975696757
9773,0.499662936497236,0.454496427126871,0.990262101082908
9780,0.478225697721451,0.40144263179183,0.952638674838998
9791,0.476338142105973,0.400633679385196,0.952908447153646
9792,0.480113253336929,0.424362949979776,0.164566041008529
9795,0.47795604691924,0.369758662532021,-0.417516980617986
9797,0.388566805986248,0.248213563435351,-0.445544264282183
9810,0.175407846838344,0.0941755426722395,-0.262750628072852
9811,0.480248078738034,0.400026965080221,0.890034873775257
9827,0.199002292031819,0.10799514628556,-0.19240772638877
9845,0.365781313199407,0.239382499662936,0.542492727364937
9847,0.387083726574087,0.254348119185655,-0.348764704408622
9848,0.374679789672374,0.242348658487259,-0.391575066686738
9865,0.258460293919374,0.143926115680194,-0.182871122744241
9868,0.23122556289605,0.141364433059188,0.994697493999075
9872,0.259134420924902,0.144128353781853,-0.335323420333091
9882,0.18376702170689,0.0994337333153567,-0.275625148068732
9887,0.178239180261561,0.0962653363893757,0.708246120410444
9898,0.507347984360254,0.489213967911555,0.999041086865968
9905,0.494135095051908,0.447148442766617,0.974243740459182
9907,0.501146015909397,0.452271808008629,-0.815712010901161
9914,0.505999730349198,0.458473776459485,0.97944010791333
9915,0.499393285695025,0.467978967237427,1
9916,0.499393285695025,0.467978967237427,-0.183210943890616
9929,0.492652015639747,0.380072805716597,0.987771047893288
9932,0.5278414453283,0.48692193609276,0.360899345852496
9933,0.198462990427397,0.108534447889982,0.360443003820154
9934,0.5278414453283,0.48934879331266,0.784448092413724
9942,0.477821221518134,0.383578266145342,-0.3809775614543
9955,0.322097883241203,0.198125926924633,0.999354677737163
9964,0.493056491843063,0.476540380207631,0.994263022934701
9967,0.496966428475125,0.485775920183363,0.990179463002194
9977,0.493730618848591,0.478764999325873,0.999732802468967
9985,0.489955507617635,0.395038425239315,-0.764005334483805
9993,0.488472428205474,0.39321828232439,-0.391672192216005
9998,0.20870972091142,0.118511527571795,0.980229527384304
10000,0.210057974922475,0.119724956181745,-0.0608802627709234
10001,0.0273695564244304,0.016246460833221,0.259999084762707
10005,0.171093434002966,0.0997033841175677,0.998923859064288
10010,0.446811379263853,0.322772010246731,0.999527118900451
10013,0.193609275987596,0.110287178104355,0.489168361515299
10022,0.29418902521235,0.1791829580693,-0.175322937930297
10030,0.419711473641634,0.292773358500741,0.538547894017929
10035,0.400701092085749,0.291222866388028,0.978667669352564
10049,0.487933126601052,0.384589456653634,0.429497099403073
10052,0.384117567749764,0.256640151004449,-0.230081795128004
10063,0.390993663206148,0.264392611568019,0.995828420013057
10068,0.195766482405285,0.107725495483349,-0.209569883846395
10077,0.415397060806256,0.265673452878522,-0.321123741812764
10083,0.32735607388432,0.216664419576648,0.996740383819571
10086,0.328704327895376,0.216934070378859,0.736814660413901
10090,0.494269920453013,0.383713091546447,-0.28031276738998
10105,0.327895375488742,0.216799244977754,0.993295918693923
10112,0.366050964001618,0.238843198058514,0.54596731561884
10115,0.497775380881758,0.475259538897128,0.586339610947912
10136,0.512741000404476,0.495415936362411,0.611609212135763
10139,0.493326142645274,0.480180666037481,0.999599851486649
10150,0.430901981933396,0.321963057840097,0.618235625616617
10159,0.382769313738708,0.275111230955912,0.986609571369991
10160,0.385870297964136,0.278279627881893,0.997422918219566
10173,0.4164756640151,0.28764999325873,-0.419746551485505
10174,0.415127410004045,0.298570850748281,-0.458975849812855
10176,0.429418902521235,0.322434946743967,-0.420824521678546
10189,0.412565727383039,0.302548200080895,-0.47646694322755
10203,0.474450586490495,0.389038694890117,-0.57971846893881
10220,0.478899824726979,0.464608332209788,-0.352135839749604
10234,0.176081973843872,0.0986921936092759,-0.196516126078952
10242,0.431576108938924,0.281043548604557,-0.108196616537212
10246,0.514089254415532,0.415059997303492,0.772112236179599
10251,0.475394364298234,0.348793312660105,0.957832070505193
10255,0.470540649858433,0.343669947418094,-0.607749728520689
10260,0.479304300930295,0.359377106646892,-0.617326359456571
10263,0.445463125252798,0.313603882971552,0.94662317962628
10281,0.415666711608467,0.29708777133612,0.935427162033643
10287,0.467978967237428,0.379196440609411,0.642939267308872
10288,0.323311311851153,0.20870972091142,0.641614846105411
10291,0.324120264257786,0.208574895510314,0.626230570468683
10295,0.46851826884185,0.377983011999461,0.813945831749109
10298,0.4697316974518,0.386139948766348,0.819515455283711
10301,0.42470001348254,0.313199406768235,0.997988852833586
10306,0.164621814749899,0.0893218282324389,0.322749686541031
10307,0.511123095591209,0.492854253741405,0.697735396463819
10315,0.333827693137387,0.216799244977754,0.990327517785395
10322,0.401375219091277,0.284414183632196,0.65459409583343
10323,0.52905487393825,0.487663475798841,1
10333,0.166779021167588,0.0986247809087232,0.996434585698895
10338,0.360792773358501,0.23850613455575,-0.118299888438461
10340,0.124174194418228,0.069637319671026,-0.0324732038699162
10345,0.302143723877579,0.188957799649454,0.544474005619038
10346,0.133072670891196,0.0709855736820817,-0.104591702025097
10362,0.0838613994876635,0.0436834299582042,0.302744911341444
10365,0.0811648914655521,0.0423351759471484,-0.174301256808988
10366,0.488607253606579,0.39733045705811,-0.175021216001347
10377,0.416745314817312,0.290885802885264,0.834434545592483
10382,0.250910071457463,0.146892274504517,0.37058674909721
10388,0.0827827962788189,0.043413779155993,0.268984781089684
10390,0.196710260213024,0.115073479843602,0.586402747969193
10392,0.0831872724821356,0.0436160172576513,-0.133449179374496
10394,0.0834569232843468,0.0437508426587569,-0.054943646155867
10404,0.0837265740865579,0.0438856680598625,0.435611889153046
10405,0.316165565592558,0.196777672913577,0.577842882805635
10415,0.43171093434003,0.332344613725226,0.777891566491708
10423,0.207765943103681,0.12275852770662,0.943811188374008
10431,0.144667655386275,0.0817716057705272,0.997004091627511
10432,0.143993528380747,0.0821086692732911,0.933860541439034
10438,0.444519347445059,0.331063772414723,0.774806770930419
10440,0.49224753943643,0.418565457732237,0.629025298741034
10441,0.357556963731967,0.224349467439666,0.999601738391963
10442,0.357556963731967,0.22421464203856,-0.308039627789791
10446,0.428609950114602,0.306255898611298,-0.386648852535276
10447,0.374679789672374,0.25812323041661,0.996905956434304
10453,0.332614264527437,0.235472563030875,0.978992785527174
10469,0.0795469866522853,0.0411217473371983,0.284838407815731
10472,0.133072670891196,0.0717945260887151,-0.158322719506327
10475,0.471619253067278,0.395712552244843,-0.424495776768514
10487,0.450182014291493,0.374612376971821,0.873268773523892
10489,0.479978427935823,0.396251853849265,-0.568903569890972
10500,0.491438587029796,0.444586760145611,-0.788125398635035
10504,0.196575434811919,0.112174733719833,-0.0722920185398685
10508,0.309828771740596,0.193609275987596,-0.355848963736272
10527,0.438721855197519,0.341917217203721,0.589986983223473
10533,0.43413779155993,0.341108264797088,-0.395217098559261
10537,0.429688553323446,0.338209518673318,0.338319461689016
10546,0.392341917217204,0.261291627342591,0.999822495181827
10551,0.133881623297829,0.0713900498853984,-0.0973576638558575
10556,0.25158419846299,0.141836321963058,-0.160505572111227
10557,0.203316704867197,0.112174733719833,-0.346098145582754
10572,0.378724551705541,0.236955642443036,0.999608641483095
10584,0.233113118511528,0.133274908992854,0.83421471511667
10588,0.49467439665633,0.440002696508022,0.404536555334366
10593,0.159902925711204,0.0870972091141972,-0.211867892305152
10597,0.28596467574491,0.174531481731158,-0.105027978211911
10609,0.376432519886747,0.288526358365916,0.987021370953536
10613,0.471484427666172,0.408858028852636,0.266078200826007
10619,0.0786032088445463,0.0449642712687071,-0.0438119136308589
10620,0.160981528920049,0.0883106377241473,-0.219013301918551
10640,0.472832681677228,0.390521774302279,-0.207586155647694
10651,0.500876365107186,0.440946474315761,0.373209924313544
10655,0.460428744775516,0.341984629904274,-0.153145692011579
10657,0.287717405959283,0.17796952945935,0.143449494088257
10662,0.355534582715384,0.233989483618714,-0.127544654857542
10675,0.295267628421195,0.183901847107995,0.964126353410486
10677,0.496157476068491,0.415666711608467,0.992608477769648
10685,0.498045031683969,0.413913981394095,0.99516589793616
10687,0.493595793447485,0.412363489281381,0.991336303020659
10688,0.496157476068491,0.411217473371983,0.999857281529836
10691,0.434677093164352,0.302952676284212,0.250817396923833
10699,0.318996899015775,0.196305784009707,0.660209868023151
10713,0.45085614129702,0.340299312390454,0.413069108161715
10717,0.184710799514629,0.099635971417015,-0.346154522158098
10734,0.45786706215451,0.325064042065525,0.999197614279033
10736,0.45786706215451,0.325064042065525,0.952426089924572
10739,0.445463125252798,0.307132263718485,0.997179890261553
10743,0.502089793717136,0.472832681677228,0.999455488023667
10746,0.497640555480653,0.470203586355669,-0.589020827967963
10759,0.414992584602939,0.27410004044762,0.976700292271243
10773,0.413509505190778,0.276324659565862,1
10775,0.412565727383039,0.276392072266415,0.998261881303264
10797,0.404071727113388,0.272819199137117,0.959606551427533
10802,0.35229877308885,0.241135229877309,-0.0778245719505953
10806,0.0284481596332749,0.0158419846299043,0.243729376775503
10810,0.394768774437104,0.283807469327221,0.999033590479751
10814,0.388027504381826,0.298098961844412,0.999849857386019
10818,0.469192395847378,0.492921666441958,0.95452397788313
10820,0.479978427935823,0.489685856815424,-0.787092526738339
10824,0.483214237562357,0.462181474989888,0.427083096314939
10831,0.415531886207361,0.285560199541594,1
10832,0.415531886207361,0.285560199541594,-0.551706262305863
10840,0.511257920992315,0.460833220978832,-0.565440938109575
10843,0.406903060536605,0.278414453282999,-0.36643774715792
10844,0.377915599298908,0.253134690575704,1
10857,0.438587029796414,0.320142914925172,0.888709997830401
10858,0.416071187811784,0.297424834838884,-0.455856839780338
10861,0.467439665633005,0.35061345557503,-0.177624036592064
10863,0.441283537818525,0.334838883645679,0.997750790446544
10874,0.349602265066739,0.228461642173385,0.881633736954036
10886,0.239854388566806,0.141903734663611,0.998637710815325
10897,0.500606714304975,0.472495618174464,0.995785255940985
10898,0.502089793717136,0.472023729270595,-0.0376879188115483
10902,0.483214237562357,0.496831603074019,0.999739261573279
10908,0.374140488067952,0.267965484697317,0.952464410194949
10909,0.398274234865849,0.288526358365916,0.947361001788127
10912,0.44020493460968,0.388634218686801,0.657321383236984
10922,0.395982203047054,0.296683295132803,0.999846340504569
10929,0.413509505190778,0.331333423216934,0.314411220318763
10932,0.254280706485102,0.157745719293515,0.590110196326316
10935,0.27868410408521,0.170351894296886,0.658643103067641
10940,0.143454226776325,0.0807604152622354,-0.0797887778330398
10942,0.242281245786706,0.153768369960901,0.839760355145218
10943,0.294323850613456,0.192058783874882,0.998761259900347
10948,0.359040043144128,0.25084265875691,0.0768631927456043
10959,0.365781313199407,0.254078468383443,-0.172130134025732
10960,0.161790481326682,0.0907374949440475,-0.151245685190914
10975,0.422947283268168,0.343737360118646,0.393411909825808
10978,0.106916543076716,0.0562896049615748,0.998722854854185
10980,0.107186193878927,0.0564244303626803,0.989348380089288
10981,0.106512066873399,0.0568963192665498,0.328901440672919
10989,0.402318996899016,0.290144263179183,1
11007,0.352433598489956,0.227585277066199,0.986566617036174
11009,0.487393824996629,0.454429014426318,0.217000843503031
11013,0.143858702979641,0.0786706215450991,0.299981264574158
11019,0.471079951462856,0.438182553593097,-0.149691274657661
11030,0.167857624376433,0.0930969394633949,1
11038,0.380072805716597,0.246663071322637,-0.0749209464494769
11040,0.232573816907105,0.142173385465822,-0.353018896917508
11044,0.379533504112175,0.246932722124848,-0.183420318371338
11058,0.376702170688958,0.248752865039773,0.996184723874503
11059,0.375488742079008,0.248280976135904,-0.510566664594563
11063,0.164082513145477,0.0959282728866119,-0.0898523243012717
11071,0.38546582176082,0.250168531751382,0.999446223785042
11075,0.336524201159498,0.221652959417554,-0.306582617911491
11077,0.356882836726439,0.248550626938115,-0.274700239023235
11099,0.151678576243764,0.0878387488202778,-0.0507666034010256
11107,0.414722933800728,0.289604961574761,0.475931146393195
11109,0.352703249292167,0.244573277605501,0.478584387886442
11113,0.0756370500202238,0.0410543346366455,-0.067969861133373
11118,0.130376162869085,0.0716597006876095,1
11123,0.464473506808683,0.374612376971821,0.376340620074004
11124,0.152757179452609,0.0872994472158555,0.377960167971944
11130,0.433463664554402,0.336456788458946,0.999853321035732
11134,0.284886072536066,0.171565322906836,0.636056060126647
11146,0.281650262909532,0.172239449912364,1
11147,0.281650262909532,0.172239449912364,0.652501713274034
11154,0.0715922879870568,0.0393016044222732,0.330667275684276
11155,0.378185250101119,0.263785897263044,0.998816832468911
11159,0.414722933800728,0.290144263179183,0.99621289391703
11184,0.446811379263853,0.373466361062424,0.973573005709123
11185,0.461102871781044,0.386005123365242,-0.235303472311138
11189,0.452339220709182,0.377039234191722,-0.340700058674649
11190,0.198462990427397,0.123095591209384,-0.340492308957274
11193,0.512066873398948,0.499258460293919,0.216256924700983
11202,0.517999191047593,0.487393824996629,1
11209,0.415801537009573,0.318322772010247,-0.40665925441141
11210,0.442092490225158,0.31501954968316,-0.0613322336275935
11211,0.0245382230012134,0.0122691115006067,-0.0604344313549348
11224,0.0239989213967912,0.0119994606983955,0.983152830489179
11225,0.0248078738034246,0.0124039369017123,0.168616683147163
11234,0.106916543076716,0.0575030335715249,0.884603935376836
11263,0.389510583793987,0.254213293784549,-0.341577187919312
11265,0.37602804368343,0.255157071592288,-0.0810289805455319
11270,0.0350546042874478,0.0194148577592018,1
11284,0.464338681407577,0.398274234865849,0.171989346647016
11296,0.37845490090333,0.25205608736686,-0.358001474055732
11305,0.0358635566940812,0.0202238101658353,0.791862154632885
11309,0.0385600647161925,0.0214372387757854,0.960858275386888
11310,0.03559390589187,0.0202238101658353,-0.0858093356477642
11316,0.116084670351894,0.0653229068356478,-0.113477568782139
11317,0.377376297694486,0.250977484158015,-0.147266047573726
11320,0.45422677632466,0.342793582310907,1
11323,0.0248078738034246,0.0144263179182959,1
11328,0.457058109747876,0.346231630039099,0.23731150840765
11332,0.492921666441958,0.426587569098018,-0.510959776976182
11333,0.377780773897802,0.253471754078468,0.999289581875601
11341,0.110691654307672,0.058716462181475,0.0523808411733573
11349,0.495078872859647,0.406228933531077,-0.189564168126598
11355,0.368477821221518,0.250977484158015,0.555603829361163
11359,0.359174868545234,0.256033436699474,0.999832640742743
11376,0.0373466361062424,0.0192126196575435,1
11378,0.489416206013213,0.496696777672914,1
11380,0.489685856815424,0.497236079277336,0.901871975219709
11394,0.448833760280437,0.315693676688688,-0.279321055914437
11400,0.500741539706081,0.486854523392207,0.462881339394227
11407,0.25374140488068,0.160577052716732,0.998582994781853
11408,0.253202103276257,0.160307401914521,-0.267204540819369
11410,0.503572873129298,0.495011460159094,0.113861845214297
11417,0.503033571524875,0.49298907914251,0.156887019442966
11423,0.257786166913847,0.16003775111231,0.444914822104141
11430,0.285020897937171,0.180126735877039,0.998676413663381
11432,0.403802076311177,0.294930564918431,-0.267764638833033
11433,0.25037076985304,0.158217608197384,1
11439,0.257516516111635,0.160846703518943,0.998567866892293
11451,0.0291222866388028,0.015909397330457,-0.0944454318331544
11456,0.508831063772415,0.493865444249697,0.541416638840003
11464,0.332479439126331,0.238236483753539,0.997434628338716
11478,0.450047188890387,0.313469057570446,0.928977883463597
11480,0.449912363489281,0.313266819468788,-0.22125707844917
11482,0.451260617500337,0.314210597276527,0.813433170698896
11483,0.510448968585682,0.402318996899016,0.812244209458667
11513,0.473237157880545,0.353242550896589,0.999235358709987
11516,0.451395442901443,0.327895375488742,1
11521,0.383173789942025,0.236214102736956,-0.415805438499185
11522,0.451799919104759,0.356006471619253,0.977192434435043
11538,0.493191317244169,0.484832142375624,0.998670871114224
11563,0.0330322232708642,0.0165161116354321,-0.0240737792231266
11568,0.0316839692598085,0.0158419846299043,0.122518412392951
11577,0.44478899824727,0.35061345557503,-0.126125050335542
11584,0.498719158689497,0.454698665228529,0.795808785621903
11589,0.446272077659431,0.323715788054469,0.462376167295187
11598,0.199137117432924,0.120736146690036,0.990407853285591
11599,0.19805851422408,0.119522718080086,0.260100107888013
11604,0.463799379803155,0.367668868814885,0.967515931195529
11611,0.16125117972226,0.09370365376837,0.899409255476287
11616,0.460698395577727,0.322300121342861,-0.517538203727475
11620,0.460698395577727,0.322300121342861,-0.118149494209122
11643,0.116219495753,0.0643117163273561,1
11644,0.116219495753,0.0643117163273561,1
11649,0.496831603074019,0.461439935283807,-0.623412977729765
11650,0.487258999595524,0.362410678171768,0.199944949141443
11651,0.0334366994741809,0.0167183497370905,-0.123877951643245
11672,0.508426587569098,0.410610759067008,0.988339449899644
11674,0.303491977888634,0.188418498045032,0.648135347413897
11682,0.506943508156937,0.442092490225158,0.221872575785194
11683,0.0632331131185115,0.0333692867736282,-0.0319212703129327
11685,0.480248078738034,0.404476203316705,0.412131458079577
11691,0.274908992854254,0.161588243225024,0.709553082090744
11692,0.156397465282459,0.0892544155318862,0.803554581785157
11724,0.22178778481866,0.131926654981799,0.680733803542058
11729,0.181070513684778,0.103074019145207,0.936218617775117
11732,0.290009437778077,0.174396656330053,0.991772249780818
11736,0.199406768235136,0.120466495887825,0.971599890645148
11739,0.20291222866388,0.119927194283403,0.729479114600113
11744,0.232843467709316,0.143251988674666,1
11752,0.107590670082243,0.0574356208709721,0.2288561045661
11767,0.461911824187677,0.379533504112175,0.389538689890859
11787,0.390993663206148,0.269785627612242,0.708699600898142
11789,0.474046110287178,0.380477281919914,0.379762480998318
11792,0.269920453013348,0.159768100310098,0.938361315019097
11800,0.165026290953216,0.0932991775650532,0.848570507710621
11801,0.213698260752326,0.121814749898881,1
11802,0.213698260752326,0.121814749898881,0.362368504558949
11803,0.0401779695294594,0.0202238101658353,0.191312253424137
11810,0.229203181879466,0.130645813671296,0.998502844122112
11816,0.218821625994337,0.130039099366321,0.948560577316165
11835,0.132398543885668,0.0709181609815289,-0.0743863644516135
11838,0.108129971686666,0.0577052716731832,1
11840,0.110961305109883,0.0591209383847917,-0.10180126267172
11842,0.38425239315087,0.236618578940272,0.998805192469285
11849,0.236348928138061,0.143521639476877,1
11850,0.236348928138061,0.143521639476877,0.961725770988577
11853,0.404476203316705,0.287582580558177,0.999675254779988
11869,0.441013887016314,0.329850343804773,-0.22581602509141
11872,0.452204395308076,0.346366455440205,0.869586330007156
11874,0.123230416610489,0.0657947957395173,0.996730146544302
11883,0.461102871781044,0.343939598220305,0.999542333274465
11906,0.438047728191991,0.336591613860051,-0.524986812335507
11908,0.120533908588378,0.0644465417284616,-0.231216613277756
11915,0.148307941216125,0.0811648914655521,0.956838400934731
11918,0.15302683025482,0.0836591613860052,-0.141883461323149
11927,0.330861534313065,0.19684508561413,-0.165968139773511
11933,0.507213158959148,0.474046110287178,-0.510610986603041
11934,0.508291762167992,0.418767695833895,0.273911716067328
11944,0.435890521774302,0.335513010651207,-0.361695837899276
11945,0.446406903060537,0.311783740056627,0.99901821040856
11958,0.351354995281111,0.211945530537953,-0.250348356066787
11963,0.4164756640151,0.287245517055413,-0.352560383222609
11970,0.374275313469058,0.229877308884994,-0.181981738011995
11976,0.456114331940138,0.360320884454631,-0.562731813612416
11978,0.427666172306863,0.344209249022516,-0.343765636715411
11979,0.268437373601186,0.162127544829446,-0.38784986869547
11987,0.235405150330322,0.140757718754213,-0.246624256935798
11988,0.486854523392207,0.482337872455171,0.129427211477304
11991,0.425374140488068,0.343063233113118,0.996484293030702
11995,0.451665093703654,0.345018201429149,-0.45159653392323
12006,0.360388297155184,0.231292975596602,0.93190022217812
12008,0.454496427126871,0.336187137656735,-0.465701186858898
12012,0.444519347445059,0.3232438991506,0.993601180315091
12015,0.405689631926655,0.293043009302953,-0.528822411985489
12018,0.443305918835109,0.317244168801402,0.968680154315546
12023,0.443440744236214,0.317716057705272,-0.36223723464451
12024,0.397734933261426,0.268976675205609,0.979043257114929
12026,0.492921666441958,0.388431980585142,1
12027,0.492921666441958,0.388431980585142,-0.561738463684235
12028,0.419711473641634,0.336456788458946,0.981832034159347
12032,0.407442362141027,0.286908453552649,-0.484238658149513
12045,0.417014965619523,0.282256977214507,0.999828632928332
12049,0.417554267223945,0.283605231225563,0.538849738819362
12062,0.472293380072806,0.393622758527707,0.997624118028274
12067,0.441553188620736,0.349669677767291,0.994987478407728
12071,0.438856680598625,0.349534852366186,0.967338000728074
12077,0.13752190912768,0.0772549548334907,1
12083,0.226911150060671,0.131522178778482,-0.327415538104332
12085,0.503033571524875,0.490157745719293,-0.91363227619581
12101,0.300795469866523,0.187339894836187,0.998906536261771
12104,0.503842523931509,0.469394633949036,0.660394402960444
12105,0.398678711069165,0.281717675610085,-0.343365265962166
12109,0.393285695024943,0.276324659565862,-0.174593858234727
12122,0.137791559929891,0.0746932722124848,0.995655905537313
12124,0.162734259134421,0.0894566536335446,-0.239964909082275
12128,0.171363084805177,0.0939058918700283,0.875351935385513
12129,0.138061210732102,0.0748280976135904,0.299580141758301
12133,0.128488607253607,0.0709855736820817,0.983407590417982
12142,0.143454226776325,0.079951462855602,1
12148,0.440070109208575,0.336928677362815,-0.156302214289266
12165,0.326277470675475,0.210327625724687,0.405627317079792
12171,0.50775246056357,0.475933665902656,-0.290393056651115
12172,0.155723338276931,0.0850074153970608,-0.0916825586995387
12175,0.1186463529729,0.0637724147229338,-0.152829371855719
12176,0.308750168531751,0.18619387892679,-0.151372001735179
12191,0.399892139679116,0.320075502224619,0.99985678249897
12211,0.431576108938924,0.3232438991506,1
12212,0.431576108938924,0.3232438991506,1
12213,0.431576108938924,0.3232438991506,0.997720434653697
12216,0.432385061345557,0.323783200755022,0.99060478050677
12217,0.433733315356613,0.3256707563705,0.999545502553267
12218,0.433868140757719,0.325872994472159,0.999243872174372
12220,0.315356613185924,0.207563705002022,0.595585356110512
12225,0.457732236753404,0.366522852905487,0.898365698917508
12230,0.440339760010786,0.32735607388432,0.998775950860099
12236,0.496561952271808,0.445800188755562,0.998493199169054
12258,0.156397465282459,0.0854793043009303,-0.0996085669929287
12276,0.156936766886881,0.0879061615208305,-0.204650113763445
12278,0.387488202777403,0.267493595793447,0.999829909021852
12288,0.441688014021842,0.323580962653364,-0.0358827883270002
12297,0.501146015909397,0.483281650262909,-0.203730906017126
12306,0.391937441013887,0.268909262505056,0.641956532785817
12308,0.393285695024943,0.271605770527167,0.999156477254059
12311,0.391398139409465,0.271605770527167,-0.187477280125148
12326,0.156127814480248,0.0842658756909802,-0.124529637359816
12336,0.430227854927868,0.330389645409195,-0.405916089086126
12339,0.444923823648375,0.341917217203721,0.697639679746539
12346,0.432385061345557,0.302885263583659,0.903968856631177
12365,0.0701092085748955,0.038425239315087,1
12367,0.19347445058649,0.108736685991641,0.572628694344214
12374,0.0693002561682621,0.0390993663206148,-0.0881669780127448
12379,0.285695024942699,0.163071322637185,0.999481944200027
12384,0.069030605366051,0.0378859377106647,-0.125412882895147
12389,0.354590804907645,0.248887690440879,-0.336534511112422
12401,0.481461507347984,0.420992314952137,0.999727072415055
12416,0.490225158419846,0.412026425778617,0.998875698380353
12418,0.488607253606579,0.411756774976406,0.939468920236142
12424,0.489146555211002,0.412026425778617,0.998875902563523
12426,0.420115949844951,0.293784549009033,0.769065755771529
12430,0.483888364567885,0.387285964675745,0.900713463605527
12444,0.218012673587704,0.121679924497775,0.992261285354399
12445,0.216934070378859,0.120736146690036,0.502794237519876
12449,0.45665363354456,0.356276122421464,0.488587585224188
12452,0.365242011594984,0.236146690036403,0.703554367775825
12465,0.406498584333288,0.280369421599029,0.0951639084260814
12470,0.36780369421599,0.234191721720372,0.971964807194145
12474,0.375623567480113,0.243494674396656,0.204846557970455
12484,0.111500606714305,0.0597950653903195,-0.112898744913489
12486,0.265201563974653,0.159026560604018,-0.185843606737849
12491,0.395712552244843,0.270796818120534,0.386715521716738
12493,0.281650262909532,0.180059323176486,0.773840398227737
12498,0.169071052986383,0.0922205743562087,0.792202581489641
12503,0.11500606714305,0.0623567480113253,0.997161238778286
12516,0.275717945260887,0.176419037346636,0.996023300829688
12521,0.501011190508292,0.452608871511393,0.63027782716922
12522,0.365646487798301,0.255224484292841,-0.257027937010778
12539,0.11042200350546,0.0589861129836862,-0.122970825183203
12557,0.345153026830255,0.243899150599973,0.999828268760133
12558,0.345018201429149,0.24383173789942,0.923339298428017
12563,0.503168396925981,0.45908049076446,0.998354591641348
12574,0.51476338142106,0.477147094512606,0.999860523467016
12581,0.175677497640555,0.0988944317109344,0.974974457251084
12587,0.158285020897937,0.0910071457462586,-0.16129371378975
12601,0.123095591209384,0.0661318592422813,-0.109108456550022
12605,0.408251314547661,0.283402993123904,0.999666349435471
12608,0.124848321423756,0.0664689227450451,-0.0384114612153677
12615,0.399892139679116,0.276796548469732,0.315622145709154
12622,0.208170419306997,0.119455305379534,1
12626,0.11500606714305,0.0641094782256977,-0.139054792825463
12638,0.410004044762033,0.284144532829985,0.999832999438663
12651,0.255898611298369,0.174194418228394,0.742793578988475
12652,0.388431980585142,0.279964945395713,0.495255779766668
12654,0.181340164486989,0.106579479573952,0.755227216558383
12655,0.11985978158285,0.0641094782256977,-0.146359961057155
12662,0.438182553593097,0.310233247943913,0.646562135460004
12666,0.129432385061346,0.0687609545638398,0.998935881782086
12672,0.49588782526628,0.457327760550088,-0.422223690294721
12673,0.26560604017797,0.171093434002966,-0.360326208988658
12678,0.463125252797627,0.370297964136443,0.336303539208791
12686,0.161925306727788,0.0883780504247,-0.0605211418275678
12704,0.475529189699339,0.438654442496966,0.359950890619339
12706,0.158015370095726,0.0876365107186194,1
12708,0.478495348523662,0.437710664689227,0.194457609668816
12709,0.0643117163273561,0.0329648105703114,0.0346991769391135
12710,0.271403532425509,0.163610624241607,0.753423840332644
12712,0.291088040986922,0.17264392611568,0.211803674688714
12713,0.351220169880005,0.232101928003236,0.790024584299567
12716,0.28111096130511,0.166172306862613,0.815221378229521
12718,0.208305244708103,0.116826210057975,-0.121359614776285
12724,0.382499662936497,0.276324659565862,0.689163858894833
12734,0.266414992584603,0.170554132398544,-0.151466288701757
12736,0.223136038829716,0.129634623163004,0.422166397239103
12741,0.212889308345692,0.120196845085614,-0.115735585251069
12743,0.214372387757854,0.120938384791695,0.473699635863779
12750,0.36052312255629,0.241741944182284,0.790126533553451
12766,0.0755022246191182,0.0390993663206148,0.279592359278018
12771,0.265740865579075,0.169812592692463,-0.104221180112558
12772,0.0737494944047459,0.038088175812323,0.989090742562504
12775,0.401914520695699,0.277538088175812,0.999663044550807
12797,0.215181340164487,0.119455305379534,0.938716201666709
12801,0.0486719697991102,0.025279762707294,0.382769651458716
12804,0.182014291492517,0.0974787649993258,0.740684455076042
12811,0.197654038020763,0.112983686126466,0.585705860850292
12812,0.400026965080221,0.273628151543751,0.537898264202667
12823,0.207631117702575,0.11743292436295,0.999348486550932
12824,0.207361466900364,0.117298098961844,-0.187080974252785
12840,0.400431441283538,0.290413913981394,0.999522903487016
12843,0.0702440339760011,0.0375488742079008,1
12844,0.0702440339760011,0.0375488742079008,0.347488516887738
12846,0.314412835378185,0.197923688822974,0.995796795142212
12862,0.172711338816233,0.0922879870567614,-0.104547218701184
12875,0.200620196845086,0.112039908318727,-0.140284957594032
12881,0.367938519617096,0.226843737360119,-0.132942530200334
12884,0.139679115545369,0.0772549548334907,0.990745227152482
12897,0.368882297424835,0.240663340973439,-0.227687174439698
12899,0.127005527841445,0.0694350815693676,-0.107558463434016
12904,0.455305379533504,0.355332344613725,0.996053591400141
12908,0.401644869893488,0.274302278549279,0.801809541814277
12925,0.4745854118916,0.395442901442632,0.438478731161479
12949,0.378050424700013,0.282054739112849,0.971152747749359
12956,0.193204799784279,0.108871511392746,0.986811021393008
12961,0.441553188620736,0.305851422407982,-0.218620098313143
12962,0.143858702979641,0.0790750977484158,-0.216592302000839
12968,0.492517190238641,0.373264122960766,0.409486663606855
12976,0.144667655386275,0.0796143993528381,1
12982,0.330861534313065,0.198732641229608,-0.180359184829032
12984,0.302008898476473,0.18376702170689,-0.246624039202199
12988,0.211406228933531,0.119050829176217,-0.192418821846163
12992,0.393420520426048,0.265875690980181,-0.319780210169799
12996,0.287717405959283,0.171363084805177,-0.124742811332874
13012,0.314143184575974,0.192665498179857,0.716620611637932
13017,0.343130645813671,0.216192530672779,0.997582711300187
13019,0.389645409195092,0.258864770122691,1
13025,0.359714170149656,0.239045436160173,1
13035,0.467035189429689,0.350141566671161,0.747298655332842
13045,0.50289874612377,0.488742079007685,0.992293530199195
13049,0.502629095321559,0.49103411082648,1
13056,0.191182418767696,0.107186193878927,0.999648310015048
13059,0.454361601725765,0.34528785223136,-0.693945240612992
13078,0.49346096804638,0.481865983551301,0.921212851374569
13080,0.494269920453013,0.444519347445059,0.99877049439241
13087,0.493191317244169,0.464069030605366,-0.893289925328025
13088,0.500202238101658,0.481326681946879,0.417518744967553
13093,0.240258864770123,0.145881083996225,0.534814495767423
13098,0.238775785357961,0.147161925306728,0.625443565367498
13101,0.505999730349198,0.462383713091546,-0.486645147531794
13106,0.0755022246191182,0.0388297155184036,-0.118940407541366
13111,0.405015504921127,0.27531346905757,0.659528200735041
13114,0.31427800997708,0.191384656869354,0.652548191739099
13120,0.361466900364029,0.244775515707159,0.983471343050875
13128,0.335715248752865,0.226102197654038,0.142605079714512
13129,0.379803154914386,0.251112309559121,0.688256265050974
13133,0.0985573682081704,0.0510314143184576,1
13139,0.492786841040852,0.451597681003101,0.363735456493079
13141,0.277335850074154,0.168329513280302,0.491591625282988
13156,0.496696777672914,0.441688014021842,0.725617994647161
13160,0.229877308884994,0.134353512201699,0.999713553130863
13164,0.203451530268303,0.115073479843602,1
13166,0.198867466630713,0.114669003640286,0.999349804161289
13178,0.491303761628691,0.436294997977619,0.999863148729408
13183,0.392611568019415,0.268572199002292,0.998113544656662
13185,0.410543346366455,0.281043548604557,0.994071148386224
13187,0.41040852096535,0.281245786706215,0.476914665945791
13190,0.430227854927868,0.29007685047863,0.532647021592017
13193,0.0795469866522853,0.0411217473371983,0.295225112583447
13202,0.328165026290953,0.190777942564379,-0.140853811434531
13209,0.0463799379803155,0.0234596197923689,0.998513566111658
13211,0.0465147633814211,0.0235270324929217,1
13224,0.0461102871781044,0.0233247943912633,0.158988805348018
13234,0.50896588917352,0.481394094647432,0.452358936470436
13247,0.293514898206822,0.191789133072671,-0.212449971224428
13251,0.464743157610894,0.354523392207092,0.443406284104327
13259,0.472967507078334,0.354186328704328,-0.205356082618633
13266,0.369151948227046,0.239584737764595,-0.27493036249982
13267,0.326547121477686,0.200889847647297,-0.139485541332562
13273,0.168801402184172,0.101253876230282,0.997595598646222
13275,0.384117567749764,0.264190373466361,-0.429992431679892
13278,0.152217877848187,0.0820412565727383,-0.118005224922887
13288,0.369826075232574,0.239652150465148,0.987095708002447
13291,0.170284481596333,0.0935014156667117,-0.215715179191307
13297,0.301604422273156,0.185047863017393,-0.092419189838076
13302,0.337872455170554,0.217608197384387,0.821029155355209
13304,0.403667250910071,0.288661183767022,0.985273887810918
13323,0.0302008898476473,0.015639746528246,0.978315716548511
13331,0.276257246865309,0.171700148307941,1
13335,0.133611972495618,0.0744910341108265,0.312566609101636
13345,0.501280841310503,0.452339220709182,-0.446757151611199
13346,0.309559120938385,0.188890386948901,-0.355600441387893
13347,0.470001348254011,0.358096265336389,-0.104357822344774
13352,0.2978293110422,0.187609545638398,0.999783850840519
13368,0.436834299582041,0.32155858163678,0.859244041092494
13375,0.375084265875691,0.259538897128219,-0.480543976593774
13384,0.450451665093704,0.336861264662262,0.956509769596229
13403,0.486315221787785,0.418835108534448,0.971152901537894
13414,0.498988809491708,0.403060536605096,-0.387049895857591
13420,0.421329378454901,0.311783740056627,-0.486998195951926
13423,0.46150734798436,0.345355264931913,-0.410608494029762
13435,0.175407846838344,0.0979506539031954,0.403458149026998
13438,0.0931643521639477,0.0498179857085075,-0.0954562065034753
13453,0.261426452743697,0.148779830119995,0.911492101673879
13454,0.300660644465417,0.172441688014022,-0.139334276673215
13460,0.0928947013617366,0.0502224619118242,0.990468183114759
13462,0.0916812727517864,0.0505595254145881,1
13463,0.0916812727517864,0.0505595254145881,0.268942511318831
13481,0.190373466361062,0.108129971686666,-0.106155859064425
13482,0.105837939867871,0.0570985573682081,-0.0515736997433337
13483,0.0919509235539976,0.0509640016179048,-0.0505070738838152
13488,0.348658487259,0.218686800593232,0.426090897559091
13491,0.109073749494405,0.0565592557637858,0.956302121320894
13501,0.170419306997438,0.0986921936092759,0.971187803522901
13502,0.16489146555211,0.0963327490899285,1
13518,0.111365781313199,0.0604017796952946,0.924025794623034
13524,0.455979506539032,0.334501820142915,0.986412346828782
13533,0.400701092085749,0.271133881623298,-0.158282372997685
13535,0.400026965080221,0.271470945126062,0.849454206487626
13552,0.0943777807738978,0.0500202238101658,0.985122690925167
13566,0.133477147094513,0.0710529863826345,0.976712575329146
13582,0.136173655116624,0.0726708911959013,0.977616297940394
13593,0.10192800323581,0.0547391128488607,1
13598,0.10192800323581,0.056222192261022,1
13601,0.10192800323581,0.0540649858433329,-0.128153841470995
13615,0.106646892274505,0.0561547795604692,0.992328949171346
13616,0.107455844681138,0.0564244303626803,0.997459156283891
13627,0.325198867466631,0.203316704867197,0.999582218140599
13630,0.324255089658892,0.204193069974383,0.988401325652878
13637,0.471214776863961,0.375960630982877,0.83937617579974
13642,0.10071457462586,0.0522448429284077,-0.0927350495092696
13648,0.0919509235539976,0.0515033032223271,-0.0870271229761018
13649,0.304975057300795,0.187542132937845,-0.363550141605664
13658,0.46150734798436,0.358972630443576,0.994884897652011
13662,0.314143184575974,0.195901307806391,-0.0994518124048036
13670,0.459350141566671,0.362612916273426,-0.165374968163071
13680,0.274774167453148,0.158419846299043,1
13694,0.121747337198328,0.065592557637859,-0.153087954007354
13701,0.504247000134825,0.477147094512606,-0.629541145014311
13703,0.503707698530403,0.476068491303762,0.999863580278994
13709,0.44020493460968,0.350748280976136,-0.240682182120969
13714,0.0934340029661588,0.0483349062963462,0.3170900762724
13715,0.435620870972091,0.315693676688688,-0.520546566956072
13718,0.504651476338142,0.492449777538088,0.774749773928982
13719,0.476203316704867,0.378994202507753,0.999855130368177
13720,0.476068491303762,0.3789267898072,0.975604131130955
13722,0.478764999325873,0.377443710395038,0.991266337912705
13726,0.325333692867736,0.210529863826345,1
13744,0.323985438856681,0.213900498853984,1
13746,0.324120264257786,0.213833086153431,-0.398699452319439
13764,0.483349062963462,0.379061615208305,-0.718744438543667
13772,0.178508831063772,0.0982877174059593,0.653961234432808
13783,0.502359444519347,0.474855062693812,0.99618348410026
13790,0.506134555750303,0.470675475259539,0.994918674514163
13793,0.504651476338142,0.472765268976675,0.997953583033692
13803,0.260887151139275,0.153633544559795,0.998699941397947
13804,0.26102197654038,0.153700957260348,0.46515253772408
13805,0.502629095321559,0.463529729000944,0.99931534454245
13810,0.266145341782392,0.159768100310098,-0.114272758008328
13826,0.235405150330322,0.131050289874612,-0.139363140088445
13834,0.226102197654038,0.129904273965215,-0.168410774519026
13848,0.229607658082783,0.132061480382904,-0.14212442936489
13858,0.230146959687205,0.132600781987326,-0.143650792379763
13859,0.248483214237562,0.137454496427127,-0.138964381497208
13872,0.371039503842524,0.248752865039773,-0.251341301227599
13876,0.372252932452474,0.248955103141432,-0.229563861819763
13881,0.252123500067413,0.146959687205069,0.944506938732872
13882,0.232843467709316,0.13462316300391,0.985341264539635
13883,0.232978293110422,0.138196036133208,-0.213846085309672
13887,0.498449507887286,0.473169745179992,-0.487729360138532
13888,0.357287312929756,0.225158419846299,0.728337926043043
13905,0.171767561008494,0.0924902251584199,-0.135527446368773
13910,0.232843467709316,0.134218686800593,-0.281538457638025
13919,0.455170554132399,0.349467439665633,0.453409782381155
13935,0.201294323850613,0.114803829041391,-0.0918820340081228
13946,0.347579884050155,0.222731562626399,0.945516868150289
13967,0.334636645544021,0.220304705406499,1
13969,0.320614803829041,0.194283402993124,0.75311221296001
13975,0.135095051907779,0.0717271133881623,-0.0708829010475554
14003,0.0862882567075637,0.0438182553593097,0.28665658343556
14008,0.428070648510179,0.340366725091007,0.992970935627246
14012,0.130645813671296,0.0680194148577592,-0.0813414377689169
14032,0.129702035863557,0.0691654307671565,-0.140093378436509
14036,0.138196036133207,0.0738169071052986,1
14038,0.129971686665768,0.0688957799649454,-0.177941276518482
14042,0.493865444249697,0.479371713630848,-0.263880968125204
14043,0.128353781852501,0.0684913037616287,0.997873149953704
14045,0.484966967776729,0.426654981798571,-0.236514714518965
14046,0.127949305649184,0.0682890656599704,-0.244382712867574
14047,0.494000269650802,0.439261156801941,0.990294072471937
14050,0.486719697991102,0.483888364567885,0.997635380513645
14053,0.131589591479035,0.0702440339760011,1
14055,0.128353781852501,0.0684913037616287,-0.0614986541873292
14059,0.473641634083861,0.389982472697856,0.773321851228683
14062,0.247134960226507,0.149319131724417,0.99845243746413
14065,0.129027908858029,0.0685587164621815,0.994671391029406
14070,0.259538897128219,0.156599703384118,0.994984589893665
14071,0.257651341512741,0.155386274774167,-0.233580806101389
14075,0.447889982472698,0.342726169610355,-0.456851225743732
14084,0.121477686396117,0.0631657004179588,0.297404778521725
14091,0.40798166374545,0.282189564513954,-0.347160253629731
14110,0.429823378724552,0.311581501954968,-0.397397639493625
14111,0.406094108129972,0.267898071996764,-0.23622812472387
14118,0.239989213967912,0.135364702709991,0.657464661621413
14126,0.273021437238776,0.174666307132264,0.457331214320179
14148,0.203990831872725,0.112242146420386,-0.0592559700782719
14150,0.12565727383039,0.0670082243494674,0.990775880857129
14153,0.238775785357961,0.134353512201699,0.00214616744137297
14159,0.469327221248483,0.467776729135769,-0.224883981281548
14177,0.343535122016988,0.211675879735742,-0.103088646827368
14181,0.330457058109748,0.201361736551166,0.99870694393728
14190,0.367399218012674,0.270931643521639,-0.365810924842318
14191,0.385196170958609,0.262033167048672,0.823903144323395
14196,0.388297155184037,0.267223944991236,-0.131873657510216
14197,0.10314143184576,0.0562896049615748,-0.125683588732093
14204,0.31090737494944,0.194013752190913,0.619329281594531
14228,0.134960226506674,0.0751651611163543,-0.126302363288877
14229,0.315626263988135,0.201901038155588,0.674276060656123
14235,0.36052312255629,0.241607118781178,-0.260388189321524
14244,0.278144802480787,0.166846433868141,-0.195350757699867
14259,0.252527976270729,0.149993258729945,-0.0867797102486599
14263,0.373466361062424,0.246595658622084,-0.309267125303434
14268,0.186328704327895,0.102332479439126,-0.163354108849728
14270,0.186463529729001,0.102399892139679,-0.0726434015279973
14282,0.277201024673048,0.165565592557638,0.512629870274481
14291,0.254550357287313,0.145072131589591,-0.118122676089024
14300,0.236348928138061,0.13583659161386,0.196656029607549
14306,0.325333692867736,0.22010246730484,-0.444211344101992
14315,0.12228663880275,0.0684238910610759,0.999491870355957
14318,0.153161655655926,0.0857489551031414,-0.157535143126519
14321,0.417149791020628,0.2954024538223,-0.360765478699501
14347,0.458676014561143,0.370904678441418,0.341718612123873
14348,0.12808413105029,0.0682216529594175,-0.0446761462917164
14352,0.481191856545773,0.458473776459485,0.696763023997915
14362,0.487528650397735,0.392881218821626,0.809998999364889
14366,0.481326681946879,0.479843602534718,-0.764802473770043
14370,0.375758392881219,0.241000404476203,-0.43086673415383
14376,0.501954968316031,0.468585681542403,0.971408966717729
14377,0.486854523392207,0.454698665228529,0.974280905469238
14379,0.224349467439666,0.12929755966024,-0.221397695461749
14380,0.394364298233787,0.264864500471889,0.762722148346452
14382,0.310368073345018,0.185654577322368,0.953840015267152
14389,0.162599433733315,0.0873668599164082,0.348212265841966
14392,0.490225158419846,0.395173250640421,-0.235977292681894
14395,0.157745719293515,0.0850748280976136,-0.226229883661924
14397,0.411217473371983,0.284886072536066,-0.562230345215657
14400,0.460428744775516,0.340771201294324,0.998313408074629
14405,0.503572873129298,0.455237966832951,-0.732282472502437
14414,0.40218417149791,0.268504786301739,0.623268902708335
14416,0.35229877308885,0.233585007415397,0.967244944855439
14418,0.329513280302009,0.216664419576648,0.999614175994967
14423,0.0560873668599164,0.0335715248752865,-0.102224233661343
14424,0.388431980585142,0.25569637319671,0.99369440820544
14433,0.167453148173116,0.0907374949440475,0.991696501091719
14434,0.165026290953216,0.0893892409329917,-0.155221437342497
14437,0.166644195766482,0.0903330187407307,0.42495660193792
14449,0.338411756774976,0.206417689092625,0.962851573931549
14450,0.325603343669947,0.198665228529055,0.999783615126026
14451,0.325468518268842,0.198732641229608,0.982906866549524
14452,0.327221248483214,0.199474180935688,0.834067739578171
14457,0.322097883241203,0.195564244303627,-0.126531319162424
14463,0.373870837265741,0.248550626938115,0.66627556815246
14467,0.509100714574626,0.453013347714709,0.609975440485438
14483,0.315761089389241,0.205878387488203,0.992631681431265
14493,0.407577187542133,0.272414722933801,0.664366039017068
14501,0.258999595523797,0.152150465147634,-0.346903053427014
14511,0.412161251179722,0.298705676149387,-0.531063038169303
14513,0.310502898746124,0.196103545908049,0.23278879116495
14519,0.487528650397735,0.39611702844816,0.993241792572393
14522,0.489685856815424,0.406363758932183,0.996460675196054
14526,0.491843063233113,0.39733045705811,-0.318564001651843
14527,0.276392072266415,0.159768100310098,-0.159549689683545
14530,0.196036133207496,0.107590670082244,-0.145010854865236
14535,0.275583119859782,0.161925306727787,-0.027397346727381
14537,0.277740326277471,0.160442227315626,0.437058487908364
14539,0.17554267223945,0.0951867331805312,-0.250049060687759
14550,0.175273021437239,0.0978832412026426,0.920894075994441
14555,0.469596872050694,0.430564918430632,0.355027331003967
14558,0.473911284886073,0.39928542537414,0.999722265794212
14563,0.480787380342456,0.400701092085749,0.689129957640321
14570,0.159498449507887,0.0901307806390724,0.719227678697828
14579,0.449373061884859,0.359781582850209,0.997858632642125
14590,0.385870297964136,0.249561817446407,0.462829369222601
14596,0.494539571255224,0.375084265875691,0.983794454185202
14599,0.479439126331401,0.349737090467844,0.273065666892171
14603,0.117163273560739,0.0612781448024808,0.297005302704702
14605,0.495752999865175,0.377443710395038,0.998180599419006
14617,0.44842928407712,0.346366455440205,0.468408026310833
14631,0.161116354321154,0.0914790346501281,-0.109164721242828
14640,0.519212619657544,0.469799110152353,-0.464016549953148
14643,0.19347445058649,0.105635701766213,-0.173038198187483
14644,0.33922070918161,0.205878387488203,0.997000382580237
14645,0.338951058379399,0.205608736685992,-0.17232724162301
14652,0.338411756774976,0.210732101928003,0.998762374167307
14655,0.3510853444789,0.222461911824188,-0.173465204425545
14666,0.448564109478226,0.325131454766078,0.772483551727085
14677,0.0982877174059593,0.0560199541593637,0.277132262920587
14679,0.336254550357287,0.204799784279358,0.759435475476801
14681,0.422812457867062,0.302683025482001,0.915380279511604
14688,0.523527032492922,0.472225967372253,-0.455857304062597
14691,0.184575974113523,0.100377511123096,0.981230158402582
14692,0.190238640959957,0.103208844546313,-0.126650219073568
14699,0.192530672778752,0.103950384252393,-0.152884973385056
14700,0.265471214776864,0.153633544559795,-0.145983980576356
14706,0.37602804368343,0.253404341377916,0.996821668561692
14717,0.479304300930295,0.366657678306593,0.66958679535762
14724,0.331805312120804,0.207159228798706,0.998353566839409
14734,0.267898071996764,0.154442496966428,-0.131497769646055
14735,0.227720102467305,0.122488876904409,-0.135008292224027
14740,0.506673857354726,0.41283537818525,0.590191044586837
14742,0.336389375758393,0.208911959013078,0.999792594999312
14748,0.281380612107321,0.162262370230551,0.967716675663368
14752,0.404341377915599,0.266482405285156,0.999286416815024
14755,0.405015504921127,0.267089119590131,-0.185471245095217
14757,0.191182418767696,0.105703114466766,-0.141161595885227
14758,0.283402993123905,0.166913846568694,0.999753237826667
14772,0.295672104624511,0.176553862747742,0.974611261279292
14780,0.294728326816772,0.175947148442767,0.995977293552437
14781,0.2954024538223,0.175879735742214,0.999526104222286
14783,0.311311851152757,0.193407037885938,0.690865759625353
14789,0.473102332479439,0.36948901172981,0.629796205183143
14823,0.300660644465417,0.181879466091412,0.738994150116233
14824,0.408790616152083,0.288526358365916,0.541219926877388
14825,0.189564513954429,0.105028987461238,0.839835533404887
14832,0.165565592557638,0.0897937171363085,0.989319964158038
14833,0.168262100579749,0.0915464473506808,-0.0814872613493117
14844,0.471214776863961,0.438384791694755,0.99097445562956
14848,0.460428744775516,0.446743966563301,0.973065690370093
14859,0.341782391802616,0.221720372118107,-0.226846787662296
14863,0.236618578940272,0.141229607658083,1
14866,0.238101658352434,0.141971147364163,0.999188424369913
14867,0.237697182149117,0.141768909262505,0.997573652928001
14872,0.267358770392342,0.159700687609546,0.730530994714444
14875,0.280302008898476,0.168059862478091,-0.249752995285776
14880,0.374410138870163,0.25690980180666,0.988421357241443
14881,0.375084265875691,0.257920992314952,0.762460276640087
14899,0.376702170688958,0.259134420924902,-0.527928618539252
14902,0.120938384791695,0.0645139544290144,0.368369218444396
14906,0.376971821491169,0.260617500337064,0.637572323841596
14925,0.368747472023729,0.251516785762438,-0.501854004477889
14926,0.4721585546717,0.420655251449373,-0.508290431215396
14928,0.377106646892275,0.257314278009977,0.904055925985249
14929,0.395982203047054,0.276729135769179,0.999500352374112
14932,0.409869219360928,0.298368612646623,0.995610471811139
14938,0.40798166374545,0.311177025751652,-0.568895844967777
14943,0.243899150599973,0.137858972630444,-0.149143735768401
14947,0.237966832951328,0.135297290009438,1
14953,0.443845220439531,0.352703249292167,0.832792897993715
14954,0.47337198328165,0.43582310907375,0.58009777600366
14957,0.251179722259674,0.149588782526628,-0.21776929146483
14970,0.20048537144398,0.118309289470136,-0.0614661822360684
14971,0.177565053256033,0.10024268572199,-0.303070725405717
14997,0.129567210462451,0.0697721450721316,1
15001,0.43899150599973,0.32978293110422,1
15008,0.43899150599973,0.318187946609141,0.99608626415199
15018,0.50532560334367,0.409599568558716,0.982150704996344
15021,0.455709855736821,0.343130645813671,-0.339429910099781
15023,0.124174194418228,0.0728731292975596,-0.260092397318627
15029,0.352433598489956,0.236483753539167,-0.467842136066763
15030,0.50047188890387,0.420655251449373,-0.529604662765036
15034,0.432115410543346,0.331198597815828,-0.582839720215647
15037,0.447620331670487,0.304300930295268,-0.380980785301169
15050,0.287312929755966,0.178980719967642,-0.27645983443874
15054,0.493191317244169,0.461237697182149,-0.248233305472681
15055,0.127005527841445,0.0738843198058514,-0.248166502881113
15059,0.493326142645274,0.458473776459485,-0.681622491622059
15072,0.410947822569772,0.285695024942699,-0.620570702430829
15081,0.254011055682891,0.147768639611703,0.911075244419744
15100,0.191856545773224,0.111028717810435,0.585214276767924
15104,0.433328839153297,0.309963597141702,-0.366998998476066
15110,0.194687879196441,0.112309559120938,0.896282891888111
15119,0.137791559929891,0.0724012403936902,1
15133,0.36416340838614,0.250438182553593,0.999825700884143
15135,0.364028582985034,0.25037076985304,-0.221961547113522
15137,0.374005662666846,0.257920992314952,-0.191067762634448
15143,0.411756774976406,0.311581501954968,0.992898958994015
15144,0.411082647970878,0.310031009842254,0.978416104822446
15151,0.431845759741135,0.303289739786976,-0.387836955541139
15160,0.0753673992180127,0.0406498584333288,0.407411860959598
15162,0.341512741000404,0.224012403936902,0.491252372799547
15166,0.18862073614669,0.106714304975057,-0.0825191251195045
15168,0.509640016179048,0.483214237562357,-0.234868545303469
15173,0.427396521504651,0.297290009437778,-0.232193788348928
15174,0.189025212350007,0.107590670082244,-0.272965811810675
15179,0.189699339355535,0.106983955777268,-0.231069815459001
15184,0.0802211136578131,0.0424025886477012,-0.119425998280131
15201,0.201429149251719,0.117028448159633,-0.261676909491022
15208,0.507482809761359,0.466361062424161,0.941682606004865
15226,0.507078333558042,0.469529459350142,-0.676766404645848
15227,0.473776459484967,0.347040582445733,-0.689985152708748
15229,0.474720237292706,0.347647296750708,0.998442610111984
15240,0.159498449507887,0.0904004314412835,-0.237589397980376
15251,0.492112714035324,0.423756235674801,-0.3333643840486
15252,0.25738169071053,0.156869354186329,-0.330321767010971
15254,0.258729944721586,0.157004179587434,-0.330778737385136
15263,0.111500606714305,0.0634353512201699,0.951298642623656
15270,0.447485506269381,0.368410408520965,0.629839153254012
15275,0.445463125252798,0.367264392611568,0.995424540100267
15277,0.48038290413914,0.387960091681273,0.835231178708652
15280,0.101523527032493,0.0573682081704193,0.927117829110201
15286,0.509505190777943,0.462114062289335,0.730824205060191
15291,0.101658352433598,0.0563570176621275,-0.1078556428879
15298,0.420790076850479,0.322434946743967,0.993919762707146
15303,0.328299851692059,0.202035863556694,0.956628156469521
15306,0.311581501954968,0.190575704462721,0.972125988014748
15310,0.463125252797627,0.35398409060267,-0.199658600469736
15329,0.260213024133747,0.166644195766482,-0.281843607530184
15339,0.466765538627477,0.376432519886747,0.9374934849506
15348,0.296481057031145,0.186665767830659,0.986354478104943
15349,0.301334771470945,0.190575704462721,-0.239534829351074
15351,0.403532425508966,0.291425104489686,0.995242238402055
15357,0.36052312255629,0.232438991506,-0.264174178881427
15362,0.477821221518134,0.430093029526763,-0.581335683928909
15369,0.346636106242416,0.235337737629769,0.87674208430292
15379,0.310637724147229,0.193339625185385,-0.33748126210506
15388,0.496966428475125,0.488876904408791,-0.75095481059255
15391,0.499258460293919,0.488270190103816,-0.716780923334761
15404,0.199406768235136,0.113725225832547,0.99966915824504
15405,0.19927194283403,0.113657813131994,0.996690673224714
15408,0.194957529998652,0.107725495483349,0.998932890745439
15409,0.194553053795335,0.107523257381691,0.996793331049024
15412,0.200215720641769,0.109141162194958,0.999643548627952
15422,0.194418228394229,0.106916543076716,-0.177601132717238
15427,0.187811783740057,0.10266954294189,0.999626932877227
15441,0.191721720372118,0.107051368477821,0.970010730472748
15453,0.198732641229608,0.108264797087771,0.997143862743322
15459,0.198597815828502,0.108332209788324,0.91045823791697
15467,0.152622354051503,0.083996224888769,-0.107049413145338
15470,0.200889847647297,0.11042200350546,0.999297870621947
15477,0.155858163678037,0.0893892409329917,0.998411116767544
15482,0.200889847647297,0.110961305109883,0.405184978205068
15493,0.166779021167588,0.0914790346501281,1
15496,0.178374005662667,0.0967372252932452,0.986591987227511
15512,0.154779560469192,0.0893892409329917,-0.0404103284102105
15515,0.227315626263988,0.129702035863557,0.411657503809685
15517,0.487798301199946,0.386814075771875,0.410353723998254
15519,0.194148577592018,0.106107590670082,-0.165578907861444
15531,0.14938654442497,0.0833220978832412,0.99956845522812
15534,0.193069974383174,0.105837939867871,-0.165539763530958
15537,0.194283402993124,0.106309828771741,-0.240224084218949
15546,0.288391532964811,0.173992180126736,0.994832319686573
15549,0.256303087501685,0.152959417554267,-0.190697481159251
15564,0.239449912363489,0.14116219495753,-0.188559367510413
15566,0.244438452204395,0.146622623702305,0.830693265913857
15567,0.191991371174329,0.107051368477821,0.977481248726286
15572,0.189429688553323,0.106579479573952,0.347073713709048
15575,0.467439665633005,0.379870567614939,0.521595763395384
15576,0.227585277066199,0.138870163138735,0.999462352783712
15587,0.0504247000134825,0.0260213024133746,-0.0861487958660507
15593,0.194957529998652,0.106242416071188,-0.0885556441667846
15601,0.188351085344479,0.111837670217069,1
15603,0.188216259943373,0.111905082917622,0.999678050478927
15606,0.192935148982068,0.109275987596063,0.992077961013592
15637,0.490494809222057,0.440744236214103,0.52592915158479
15674,0.275583119859782,0.166239719563166,-0.143887697520854
15678,0.188351085344479,0.104152622354052,-0.0900923295177215
15682,0.456923284346771,0.340501550492113,-0.220777042681203
15683,0.18740730753674,0.103950384252393,1
15687,0.377780773897802,0.267763246595659,0.999834176874236
15693,0.0466495887825266,0.0241337467978967,1
15694,0.0466495887825266,0.0241337467978967,0.961123262477011
15700,0.194553053795335,0.109950114601591,-0.266803778929043
15701,0.515707159228799,0.438519617095861,0.980923384055798
15702,0.508156936766887,0.435957934474855,-0.685701423946843
15704,0.0465147633814211,0.0240663340973439,-0.0818606496151405
15707,0.0435486045570986,0.0229877308884994,-0.0417910743958759
15710,0.197923688822974,0.107860320884455,-0.144310133294059
15711,0.17796952945935,0.099635971417015,0.646534288546672
15726,0.09370365376837,0.0484697316974518,-0.119555252818036
15732,0.19347445058649,0.107523257381691,0.998584413499342
15777,0.222327086423082,0.134757988405016,0.996687576745741
15780,0.223675340434138,0.135297290009438,-0.133479168961933
15781,0.183092894701362,0.108669273291088,0.973758726697654
15792,0.286503977349333,0.183025482000809,-0.163388457692782
15801,0.439395982203047,0.324187676958339,0.727646485572084
15823,0.281650262909532,0.164284751247135,-0.135860553076611
15824,0.2300121342861,0.136443305918835,-0.310106838377373
15828,0.290818390184711,0.171834973709047,-0.160941081648717
15830,0.192530672778752,0.105972765268977,-0.0675829611724555
15833,0.290279088580289,0.171834973709047,-0.163325556317268
15834,0.194418228394229,0.106916543076716,0.999281594595218
15838,0.041526223540515,0.0214372387757854,-0.0724939761512424
15848,0.195496831603074,0.107186193878927,-0.156376551784689
15850,0.221383308615343,0.145072131589591,-0.0611878572771971
15852,0.189699339355535,0.107118781178374,1
15857,0.276122421464204,0.160846703518943,-0.0593399468802336
15864,0.0386948901172981,0.0200215720641769,-0.0650254815162639
15877,0.192395847377646,0.10509640016179,0.999266467020218
15878,0.192126196575435,0.104961574760685,0.999266467020218
15881,0.294728326816772,0.1767561008494,0.999530957164764
15882,0.294997977618983,0.176890926250506,0.919183465814735
15886,0.188890386948901,0.103343669947418,-0.171825462763668
15887,0.318187946609141,0.187676958338951,-0.171825462763668
15889,0.24309019819334,0.137184845624916,-0.140495066566557
15894,0.292436294997978,0.194081164891466,0.880263050752782
15908,0.194957529998652,0.106512066873399,0.987798603053917
15912,0.196710260213024,0.107927733585007,-0.148622506303802
15913,0.193069974383174,0.107321019280032,-0.150637248928078
15916,0.195496831603074,0.107321019280032,0.99892252645363
15920,0.182418767695834,0.099298907914251,0.944032724675179
15922,0.180666037481462,0.0982877174059593,-0.157117179973193
15923,0.302683025482001,0.178711069165431,-0.165073024798868
15924,0.193878926789807,0.105298638263449,0.9963245070782
15940,0.509370365376837,0.446541728461642,-0.421421150061935
15945,0.192665498179857,0.105231225562896,1
15948,0.195496831603074,0.106377241472293,-0.14910136609422
15958,0.489146555211002,0.446811379263853,-0.307172001143109
15967,0.194553053795335,0.109410812997169,0.882412558584053
15972,0.193878926789807,0.105433463664554,0.999265416799519
15975,0.182688418498045,0.101995415936362,0.939065630026945
15980,0.194013752190913,0.105500876365107,0.999632714844379
15992,0.185384926520156,0.101051638128623,0.991340782408753
15993,0.183901847107995,0.101119050829176,0.999250454970117
15994,0.183632196305784,0.101119050829176,0.999625526837518
16000,0.195766482405285,0.106512066873399,0.997445799713228
16001,0.19563165700418,0.106309828771741,0.977394054378917
16002,0.194283402993124,0.106175003370635,0.996004631912281
16009,0.193744101388702,0.106175003370635,0.996369562390838
16010,0.19347445058649,0.105635701766213,0.970530107656409
16019,0.198193339625185,0.10799514628556,0.976504728927489
16023,0.198462990427397,0.108129971686666,1
16025,0.197923688822974,0.107455844681138,0.99963700056749
16062,0.193339625185385,0.106916543076716,1
16068,0.195766482405285,0.107186193878927,0.951185159633214
16075,0.197519212619658,0.109275987596063,1
16076,0.197519212619658,0.109275987596063,0.98837028350216
16097,0.196305784009707,0.106916543076716,0.997093752242965
16118,0.194013752190913,0.10725360657948,0.993925848176332
16125,0.193609275987596,0.106916543076716,0.95413920233475
16135,0.195901307806391,0.106444654172846,0.998173210067073
16137,0.19563165700418,0.106175003370635,0.955778640262783
16138,0.182688418498045,0.0997033841175677,1
16145,0.20533908588378,0.111298368612647,0.99469859660063
16153,0.202103276257247,0.115208305244708,0.975399160405151
16158,0.205743562087097,0.111365781313199,0.990177898282144
16162,0.19927194283403,0.114062289335311,0.960861705048618
16172,0.20533908588378,0.111433194013752,0.974869233164197
16173,0.196575434811919,0.107321019280032,0.999638799451586
16178,0.205473911284886,0.111770257516516,0.996480542170025
16179,0.204664958878253,0.111365781313199,0.99718058824974
16183,0.181340164486989,0.0990292571120399,1
16191,0.194283402993124,0.105770527167318,1
16211,0.205204260482675,0.111230955912094,0.9946783054009
16219,0.206417689092625,0.111568019414858,0.965439479319545
16234,0.207765943103681,0.112646622623702,0.979227137271612
16241,0.282189564513954,0.165902656060402,0.987789579629851
16243,0.345692328434677,0.216259943373332,0.838012699001095
16245,0.282728866118377,0.165093703653768,0.995979909055494
16250,0.278414453282999,0.167250910071457,1
16255,0.282459215316166,0.165228529054874,0.999249419088557
16264,0.281785088310638,0.164756640151004,0.999749139384499
16278,0.202642577861669,0.10846703518943,0.975312806584044
16279,0.20870972091142,0.112039908318727,1
16282,0.208305244708103,0.11210732101928,0.988666234982783
16290,0.208979371713631,0.112444384522044,0.999645610317141
16293,0.204260482674936,0.109275987596063,0.9938255880144
16308,0.189025212350007,0.109343400296616,0.950415577173483
16324,0.370769853040313,0.260482674935958,0.999662816968707
16340,0.208440070109209,0.112309559120938,-0.22909392939393
16344,0.381016583524336,0.268707024403398,-0.215669847441241
16357,0.20992314952137,0.112781448024808,-0.203041117340814
16365,0.182149116893623,0.111163543211541,1
16369,0.211406228933531,0.113927463934205,1
16373,0.381825535930969,0.26344883376028,-0.207836757557535
16379,0.492112714035324,0.412161251179722,-0.798933797394812
16382,0.210597276526898,0.113253336928677,0.997530399353098
16387,0.203721181070514,0.109545638398274,0.997838588212798
16402,0.212619657543481,0.114399352838075,0.997215670763592
16403,0.213158959147903,0.114938654442497,-0.199928971260103
16405,0.213158959147903,0.114938654442497,-0.203678273014636
16408,0.382095186733181,0.258864770122691,0.99930029304033
16423,0.179857085074828,0.0989618444114871,0.999618732137737
16427,0.471214776863961,0.374073075367399,0.999855169525005
16429,0.211810705136848,0.113725225832547,0.99365498138457
16433,0.198732641229608,0.110691654307672,1
16436,0.198732641229608,0.110691654307672,1
16467,0.286234326547121,0.166307132263719,0.995981669634631
16473,0.284886072536066,0.166037481461507,-0.276448353341695
16486,0.135095051907779,0.0722664149925846,0.501753312772631
16490,0.373196710260213,0.237157880544695,0.778563398283693
16503,0.384791694755292,0.253471754078468,-0.248282397974204
16509,0.284211945530538,0.165565592557638,0.998995399708649
16513,0.283942294728327,0.165295941755427,1
16525,0.282594040717271,0.16489146555211,-0.297584487362159
16528,0.283268167722799,0.165228529054874,0.999497626189537
16535,0.282998516920588,0.165902656060402,0.99875551968493
16552,0.276257246865309,0.164149925846029,-0.439716871229004
16555,0.358905217743023,0.233247943912633,-0.249524613951032
16559,0.191856545773224,0.104691923958474,-0.144721882613224
16569,0.492786841040852,0.422070918160982,0.395013648314227
16571,0.341782391802616,0.222124848321424,-0.17415846794141
16573,0.23607927733585,0.139746528245921,0.999724621649984
16579,0.27868410408521,0.162262370230551,0.983180664854448
16582,0.491573412430902,0.420655251449373,0.276564774909581
16588,0.490899285425374,0.413846568693542,-0.367200294405407
16592,0.283133342321693,0.165430767156532,1
16600,0.253876230281785,0.149049480922206,-0.191386291495707
16604,0.284886072536066,0.166307132263719,0.968088185747321
16611,0.287447755157072,0.167587973574221,0.984061422723778
16614,0.286503977349333,0.167655386274774,1
16619,0.512066873398948,0.496292301469597,0.222920887602516
16627,0.284481596332749,0.165700417958743,0.999748981143762
16638,0.285020897937171,0.166239719563166,0.987737623529559
16642,0.282863691519482,0.165565592557638,0.538424904275666
16651,0.282054739112849,0.165430767156532,0.998503253883758
16652,0.281515437508427,0.165026290953216,0.999750062571603
16653,0.281650262909532,0.164958878252663,-0.309552464586755
16655,0.282054739112849,0.165295941755427,1
16658,0.472023729270595,0.383241202642578,-0.352270939321742
16662,0.069030605366051,0.0400431441283537,0.56945942401182
16668,0.282189564513954,0.165363354455979,0.998001431083706
16672,0.368477821221518,0.226034784953485,-0.202498919298155
16683,0.346366455440205,0.221855197519213,0.715494982847381
16685,0.288930834569233,0.170082243494674,0.984642351216239
16695,0.498045031683969,0.407577187542133,-0.541811228008483
16701,0.283133342321693,0.165565592557638,0.975530133713478
16702,0.273156262639881,0.160442227315626,0.999746246166257
16709,0.28353781852501,0.165767830659296,0.998499507397379
16712,0.280976135904004,0.164352163947688,1
16718,0.272751786436565,0.170621545099097,0.999540497796785
16723,0.293649723607928,0.172576513415127,0.975587267957076
16728,0.278144802480787,0.161588243225024,0.933150138180948
16738,0.266549817985708,0.162127544829446,0.957805597131652
16739,0.280032358096265,0.165093703653768,0.953556330195138
16741,0.279358231090737,0.165026290953216,0.994550889039305
16747,0.272077659431037,0.161790481326682,0.971990730899213
16749,0.28111096130511,0.165093703653768,-0.289833086269021
16760,0.261156801941486,0.15592557637859,0.999745957953721
16767,0.26560604017797,0.160442227315626,0.552173861707549
16772,0.409869219360928,0.277875151678576,-0.244622607801964
16778,0.288121882162599,0.17143049750573,0.980003207583805
16780,0.282594040717271,0.168262100579749,-0.35261339037176
16781,0.495618174464069,0.393150869623837,-0.359575841055081
16782,0.287987056761494,0.171228259404072,0.999758955681023
16784,0.288256707563705,0.171363084805177,-0.247054891849633
16788,0.290144263179183,0.17311581501955,-0.189194894699227
16789,0.275717945260887,0.157408655790751,-0.188767303369251
16791,0.490764460024269,0.416206013212889,0.550581169570466
16796,0.288661183767022,0.171700148307941,-0.430177705136153
16799,0.284077120129432,0.176014561143319,0.99931732832132
16807,0.290683564783605,0.17311581501955,0.99952194184011
16815,0.291088040986922,0.173452878522314,-0.22097273444186
16830,0.266954294189025,0.169475529189699,0.94496149290524
16831,0.291222866388028,0.173789942025077,0.998570819809129
16841,0.131454766077929,0.070581097478765,-0.126223002487873
16842,0.278953754887421,0.161048941620601,-0.248642032982754
16843,0.409329917756505,0.271942834029931,0.373398002240873
16846,0.288256707563705,0.174868545233922,-0.14382641010534
16853,0.288121882162599,0.173048402318997,-0.381684658281251
16864,0.289739786975866,0.174396656330053,-0.294143936840147
16875,0.130915464473507,0.0720641768909263,-0.252669955222775
16884,0.0420655251449373,0.024673048402319,-0.107465895944572
16886,0.282998516920588,0.177227989753269,1
16891,0.497775380881758,0.414857759201834,-0.125401281951394
16894,0.0444923823648375,0.0266954294189026,1
16900,0.292166644195766,0.174127005527841,1
16919,0.29176216799245,0.173520291222866,0.995736287121391
16921,0.292301469596872,0.173789942025077,0.998806242021941
16922,0.2929755966024,0.174127005527841,0.794982751161613
16924,0.291492517190239,0.173250640420655,-0.140554091562123
16931,0.2905487393825,0.172509100714575,-0.196798778696992
16943,0.0448968585681542,0.0259538897128219,-0.115723340557799
16945,0.452743696912498,0.350815693676689,-0.35431840282246
16956,0.506943508156937,0.492517190238641,-0.694056275895369
16961,0.280706485101793,0.17311581501955,-0.272895903766465
16963,0.28475124713496,0.170284481596333,-0.198067245121195
16967,0.33679385196171,0.198867466630713,0.5409723347447
16975,0.46272077659431,0.350141566671161,0.559831581719426
16995,0.494404745854119,0.394836187137657,-0.340539935448702
17002,0.267628421194553,0.155251449373062,-0.358566237996444
17006,0.382904139139814,0.263044357556964,-0.113785933408061
17010,0.28111096130511,0.165633005258191,0.915148833787504
17013,0.268437373601186,0.156464877983012,0.990377846243576
17022,0.266549817985708,0.156195227180801,0.98740849468916
17026,0.451530268302548,0.366253202103276,0.551914594891716
17027,0.268707024403398,0.155790750977484,1
17030,0.26803289739787,0.15545368747472,0.999475629237845
17031,0.26803289739787,0.15545368747472,0.991862997240173
17032,0.26924632600782,0.155655925576379,0.879376579529511
17033,0.303896454091951,0.182553593096939,0.895654360556433
17039,0.256303087501685,0.151071861938789,0.965775114804752
17045,0.268167722798975,0.15592557637859,0.99373262253939
17054,0.26924632600782,0.155790750977484,-0.0719484434048955
17056,0.0532560334366995,0.0297290009437778,0.997836303217414
17069,0.267223944991236,0.154375084265876,-0.0880586374097223
17073,0.272751786436565,0.157543481191857,-0.1255382836045
17074,0.0753673992180127,0.0414588108399623,-0.052043614912602
17084,0.268302548200081,0.154914385870298,0.997625173007582
17091,0.256437912902791,0.148847242820547,0.953343627718671
17109,0.0550087636510719,0.0303357152487529,1
17113,0.267223944991236,0.154644735068087,0.99711034422996
17114,0.267898071996764,0.155251449373062,0.996324896032172
17115,0.268976675205609,0.155655925576379,0.990816996578442
17136,0.26803289739787,0.158689497101254,1
17138,0.26803289739787,0.158689497101254,-0.090251194389056
17140,0.0508291762167992,0.0266280167183497,-0.0891154369735332
17141,0.268437373601186,0.15592557637859,1
17143,0.310637724147229,0.184845624915734,0.359300731262869
17154,0.212619657543481,0.12761224214642,0.889868414059263
17160,0.057165970068761,0.0302008898476473,0.953053151828223
17161,0.0529863826344883,0.0279762707294055,1
17164,0.0541998112444385,0.0285829850343805,-0.0875857106131693
17166,0.269381151408925,0.15666711608467,-0.0884476956899511
17168,0.268167722798975,0.155251449373062,0.997633764268768
17170,0.270864230821087,0.157813131994068,-0.0904332524409783
17173,0.0527167318322772,0.0275717945260887,0.987905064020834
17176,0.272347310233248,0.158959147903465,-0.0832194109885726
17185,0.278953754887421,0.169273291088041,0.89699811790978
17204,0.275043818255359,0.161386005123365,0.990532028300256
17207,0.286773628151544,0.168464338681408,0.96561840574969
17212,0.272482135634354,0.159296211406229,0.972631691983801
17223,0.272616961035459,0.162734259134421,0.973633954160898
17225,0.260347849534852,0.155521100175273,1
17228,0.278279627881893,0.163947687744371,0.964851808701496
17234,0.239180261561278,0.14237562356748,0.999729600545017
17240,0.273830389645409,0.160105163812862,1
17245,0.26803289739787,0.15545368747472,0.982383330039561
17250,0.272751786436565,0.158756909801807,0.997164165181326
17251,0.27288661183767,0.158824322502359,0.999484494759402
17252,0.272616961035459,0.158689497101254,0.995886993526589
17257,0.273021437238776,0.158891735202912,0.996135429393213
17261,0.273291088040987,0.159431036807335,0.891823013284462
17262,0.307401914520696,0.187811783740057,0.995984650241995
17274,0.311716327356074,0.189294863152218,0.91759790267836
17282,0.30241337467979,0.186665767830659,0.972685927197455
17285,0.310233247943913,0.188688148847243,0.995311646098773
17305,0.296211406228934,0.183564783605231,0.819783342941975
17306,0.368882297424835,0.235405150330322,0.219412218124995
17331,0.373736011864635,0.235809626533639,0.347397489359708
17332,0.0796818120533909,0.0417284616421734,-0.126058613600074
17333,0.303087501685318,0.183497370904678,0.999089783628005
17336,0.302817850883106,0.183632196305784,0.998638183789101
17338,0.302952676284212,0.183699609006337,0.992734836393606
17343,0.284211945530538,0.175407846838344,0.993362363671864
17351,0.299582041256573,0.181205339085884,0.842895439862868
17354,0.298638263448834,0.180598624780909,0.99977017055573
17361,0.300660644465417,0.182014291492517,-0.0931688984190061
17362,0.0403127949305649,0.0206956990697047,0.961327698984416
17379,0.298907914251045,0.181003100984225,1
17386,0.032492921666442,0.0166509370365376,-0.0836203134038703
17391,0.294593501415667,0.182621005797492,0.999777185146797
17398,0.289604961574761,0.181744640690306,0.957186364334545
17400,0.0776594310368073,0.0469192395847378,-0.13885509679779
17417,0.291492517190239,0.187676958338951,0.984962657853977
17418,0.292705945800189,0.183564783605231,0.96640713888838
17422,0.290953215585816,0.184710799514629,0.975800686927867
17426,0.2905487393825,0.185452339220709,0.980160482980817
17430,0.293245247404611,0.18208170419307,0.998669548575197
17434,0.294997977618983,0.182553593096939,0.999776760352339
17435,0.295132803020089,0.182486180396387,-0.1904810259309
17438,0.350006741270055,0.220169880005393,-0.110604414163767
17440,0.0947822569772145,0.0487393824996629,-0.128939024948945
17445,0.293919374410139,0.180666037481461,1
17452,0.481865983551301,0.438182553593097,0.520831956283217
17454,0.477416745314817,0.499191047593367,0.249470332917822
17459,0.294054199811244,0.180733450182014,0.949987816090612
17460,0.271538357826615,0.174464069030605,1
17465,0.411217473371983,0.286773628151544,0.728178070073517
17468,0.101793177834704,0.0546717001483079,-0.135468752049567
17471,0.2978293110422,0.181407577187542,0.999772664419444
17476,0.298098961844411,0.181677227989753,-0.120406296155778
17479,0.163408386139949,0.0947822569772145,0.767164014647082
17491,0.299447215855467,0.182216529594176,0.988889867152191
17495,0.299312390454362,0.181879466091412,0.975955490285764
17510,0.297020358635567,0.182486180396387,0.99955023545343
17517,0.297559660239989,0.182890656599703,0.866054801101484
17522,0.29176216799245,0.177699878657139,0.998389734430906
17540,0.269381151408925,0.167183497370905,0.999531126155701
17544,0.282594040717271,0.183227720102467,1
17547,0.292571120399083,0.178104354860456,0.999079323640297
17550,0.291088040986922,0.178711069165431,1
17554,0.289200485371444,0.176688688148847,0.991058524651557
17564,0.278144802480787,0.178845894566536,1
17570,0.288526358365916,0.176486450047189,0.99953977278684
17579,0.292031818794661,0.1791829580693,0.999772512331691
17588,0.287312929755966,0.179924497775381,1
17591,0.360253471754078,0.2372927059458,0.83563134517593
17595,0.292301469596872,0.178778481865984,0.999543102399804
17602,0.282189564513954,0.174666307132264,0.920530361937772
17609,0.259269246326008,0.165093703653768,0.998154696367907
17612,0.268976675205609,0.170486719697991,0.991268882969766
17621,0.270055278414453,0.167385735472563,0.988050628022821
17626,0.0300660644465417,0.015302683025482,0.995536761989123
17629,0.294054199811244,0.182890656599703,0.951230717215507
17643,0.272347310233248,0.168666576783066,0.998832186816945
17645,0.345557503033572,0.230079546986652,-0.214458936587414
17650,0.268841849804503,0.167453148173116,-0.185859510358778
17658,0.257651341512741,0.16077929081839,0.964965454918233
17660,0.416206013212889,0.281582850208979,-0.261096387653751
17662,0.269381151408925,0.167992449777538,-0.342949854804667
17668,0.273021437238776,0.170486719697991,0.999769707841439
17669,0.273156262639881,0.170554132398544,0.999079630502916
17682,0.434811918565458,0.300862882567076,0.0644155224650324
17686,0.292301469596872,0.178508831063772,-0.0838284827946053
17707,0.292436294997978,0.179115545368748,0.997720205355492
17708,0.292436294997978,0.179115545368748,0.973026003651761
17712,0.292571120399083,0.1791829580693,-0.427787719239061
17716,0.419306997438317,0.347040582445733,-0.357329403030045
17719,0.469596872050694,0.446339490359984,0.999870117666589
17723,0.388431980585142,0.253943642982338,1
17724,0.388431980585142,0.253943642982338,-0.270437270567826
17740,0.297964136443306,0.181879466091412,0.980941067570188
17741,0.292571120399083,0.178778481865984,1
17745,0.479439126331401,0.392072266414993,-0.584138591966892
17746,0.442227315626264,0.347310233247944,-0.364109960209113
17749,0.328704327895376,0.224619118241877,0.873342538156622
17754,0.294728326816772,0.18039638667925,1
17764,0.479573951732506,0.369219360927599,0.599008770422583
17768,0.297559660239989,0.182890656599703,0.999101783753076
17773,0.434272616961035,0.312727517864366,-0.316725990106607
17784,0.307671565322907,0.189429688553323,-0.181224952947175
17788,0.29418902521235,0.179991910475934,0.999089602752819
17795,0.133072670891196,0.074625859511932,-0.154702166510783
17796,0.434407442362141,0.30848051772954,0.986732216042921
17799,0.0281785088310638,0.0142240798166374,-0.0656436460020714
17811,0.315086962383713,0.191115006067143,0.99866628347045
17817,0.295806930025617,0.185384926520156,1
17819,0.36537683699609,0.266414992584603,-0.479701145083109
17830,0.129702035863557,0.0726708911959013,1
17832,0.4697316974518,0.355264931913172,0.997282401063769
17833,0.469462046649589,0.354995281110961,-0.33643145891152
17838,0.298773088849939,0.181474989888095,-0.261599370008081
17842,0.270324929216664,0.169408116489147,1
17844,0.270594580018876,0.169677767291358,0.999309810519261
17850,0.295537279223406,0.182958069300256,0.999777119839199
17857,0.259404071727113,0.163408386139949,0.999765471861878
17864,0.470675475259539,0.36584872589996,-0.341112401405966
17868,0.455844681137926,0.332277201024673,-0.510241440854672
17876,0.296885533234461,0.182014291492517,0.996611715504825
17890,0.486045570985574,0.386881488472428,0.986150721824226
17892,0.294728326816772,0.183497370904678,0.998234565965012
17901,0.2929755966024,0.179385196170959,0.995693099362227
17906,0.453552649319132,0.359309693946339,1
17909,0.294458676014561,0.181744640690306,0.997754576034122
17917,0.2954024538223,0.182486180396387,0.982763658289497
17925,0.302952676284212,0.18693541863287,0.979040790226982
17932,0.295806930025617,0.182283942294728,-0.336279205050094
17934,0.440744236214103,0.398476472967507,0.910875400669803
17939,0.467035189429689,0.436160172576513,0.998825692203687
17943,0.467978967237428,0.43582310907375,0.67686342546163
17948,0.295806930025617,0.182418767695834,1
17952,0.352163947687744,0.22664149925846,-0.290780412204797
17977,0.288256707563705,0.177834704058245,-0.272049700538622
17987,0.289200485371444,0.178171767561008,0.999317917054519
18005,0.285290548739382,0.182014291492517,0.979349468296392
18009,0.288526358365916,0.178104354860456,0.997962368765982
18011,0.289874612376972,0.178913307267089,0.996145067102773
18013,0.490494809222057,0.480517729540245,0.680711560863641
18020,0.298907914251045,0.182755831198598,0.986046915750533
18038,0.454091950923554,0.351220169880005,-0.401364098585671
18040,0.288391532964811,0.177497640555481,0.997032678920178
18046,0.241067817176756,0.148712417419442,1
18057,0.356882836726439,0.262302817850883,0.999515069017559
18060,0.333827693137387,0.22057435620871,-0.254433890850062
18063,0.348658487259,0.24187676958339,0.999824849884915
18069,0.354995281110961,0.23655116623972,0.986415321452748
18083,0.287043278953755,0.176553862747742,0.999771102098928
18085,0.264122960765808,0.162936497236079,0.99428251964417
18089,0.285290548739382,0.177025751651611,0.999096759655956
18091,0.286638802750438,0.176621275448294,0.9965889657709
18101,0.286908453552649,0.177025751651611,0.98838354101996
18113,0.292436294997978,0.184913037616287,-0.181046872169031
18114,0.22785492786841,0.125926924632601,-0.170739282724719
18128,0.290279088580289,0.179520021572064,0.996620619649483
18130,0.290009437778077,0.179520021572064,-0.173913436559216
18131,0.227450451665094,0.125859511932048,0.561752230063648
18133,0.227450451665094,0.125859511932048,-0.171354654596457
18134,0.286234326547121,0.177497640555481,-0.170812711583412
18136,0.29176216799245,0.181205339085884,1
18140,0.517864365646488,0.421936092759876,-0.373317439849583
18156,0.466361062424161,0.366522852905487,-0.332677349028848
18161,0.265471214776864,0.155116623971956,-0.380417644093273
18164,0.457597411352299,0.378185250101119,-0.330458644213814
18166,0.324120264257786,0.210327625724687,-0.226864946002933
18169,0.258460293919374,0.167520560873669,1
18185,0.501146015909397,0.471956316570042,-0.490379744181906
18186,0.331131185115276,0.213158959147904,0.999801618963809
18187,0.331266010516381,0.213091546447351,-0.24262128453796
18189,0.265066738573547,0.153431306458137,0.99867551490783
18190,0.264662262370231,0.153229068356478,-0.180635276643743
18192,0.387757853579614,0.240258864770123,0.998228736934732
18196,0.387218551975192,0.239989213967912,-0.21819748906953
18200,0.474720237292706,0.387825266280167,0.538112549899213
18208,0.509235539975731,0.394296885533234,0.904002895781149
18211,0.501280841310503,0.400835917486855,-0.451618265974917
18212,0.404745854118916,0.281380612107321,1
18218,0.272751786436565,0.157947957395173,-0.180832122406707
18228,0.473506808682756,0.407712012943239,-0.592810617698146
18241,0.251988674666307,0.156599703384118,-0.0712519908409946
18242,0.4745854118916,0.378320075502225,-0.463394500827245
18253,0.40339760010786,0.268167722798975,-0.410563894094049
18258,0.386814075771875,0.273628151543751,1
18271,0.450316839692598,0.329513280302009,-0.0984972427123906
18281,0.405554806525549,0.268167722798975,0.998047012115864
18283,0.405959282728866,0.268504786301739,0.999644984558864
18284,0.406228933531077,0.268639611702845,-0.409101727261971
18285,0.446272077659431,0.327086423082109,-0.409710119897103
18292,0.0490764460024269,0.0250775246056357,1
18298,0.464473506808683,0.356006471619253,0.892625899929208
18303,0.461102871781044,0.354455979506539,0.996883143303459
18304,0.461776998786571,0.353444788998247,-0.363596160219068
18308,0.448024807873803,0.335782661453418,0.99893812186347
18310,0.449238236483754,0.336524201159498,-0.428709971526222
18315,0.482405285155723,0.368477821221518,1
18319,0.482000808952407,0.369084535526493,0.869172884674175
18328,0.202507752460564,0.115815019549683,0.74312343885299
18335,0.288661183767022,0.17264392611568,0.930764315807876
18341,0.180531212080356,0.0972765268976675,-0.0530458079750641
18344,0.209518673318053,0.118781178374006,0.999677716831282
18350,0.0501550492112714,0.025616826210058,0.350186378854991
18353,0.289739786975866,0.172913576917891,0.839562995599743
18367,0.0500202238101658,0.0255494135095052,0.0105856653266065
18375,0.0497505730079547,0.0255494135095052,0.249452312772155
18377,0.18740730753674,0.102062828636915,0.798720339625631
18379,0.183497370904678,0.0998382095186733,0.999617106363881
18380,0.183632196305784,0.0999056222192261,0.999234192699029
18385,0.453148173115815,0.325266280167184,-0.228013957248037
18391,0.509774841580154,0.451732506404207,0.345593595067089
18414,0.232169340703789,0.133477147094513,-0.372188112681736
18421,0.521369826075233,0.47869758662532,-0.412141101451329
18424,0.274774167453148,0.167048671969799,0.409488258511911
18434,0.266684643386814,0.15545368747472,0.993515071230984
18442,0.462316300390994,0.358028852635837,0.938525112561537
18447,0.491168936227585,0.387151139274639,0.99619200076048
18452,0.0481326681946879,0.0247404611028718,-0.0948027210457055
18454,0.0597276526897667,0.0317513819603613,0.99037298930467
18458,0.105972765268977,0.0564918430632331,0.640874310701412
18471,0.0413913981394095,0.0213698260752325,0.214278968530903
18474,0.434002966158824,0.304098692193609,-0.262355048947275
18479,0.0517729540245382,0.0275043818255359,0.401540066889188
18495,0.265471214776864,0.162397195631657,0.384660510912719
18498,0.050289874612377,0.0258190643117163,-0.0816218125555097
18499,0.236214102736956,0.134555750303357,-0.0813280669467762
18511,0.48159633274909,0.393824996629365,0.909327120840073
18521,0.455170554132399,0.412430901981933,-0.320170579409773
18526,0.451934744505865,0.421464203856006,0.999098162551915
18533,0.437373601186464,0.314412835378185,0.999841431546036
18540,0.43656464877983,0.323580962653364,-0.41024435013745
18542,0.391263314008359,0.264797087771336,-0.400995323559934
18547,0.425778616691385,0.370095726034785,-0.460579281992491
18551,0.41040852096535,0.277875151678576,-0.478497591337513
18556,0.441418363219631,0.328839153296481,-0.42946423225971
18559,0.442092490225158,0.320682216529594,-0.391280651231635
18563,0.419172172037212,0.295065390319536,-0.432848844555711
18566,0.457058109747876,0.369960900633679,0.964130167717368
18571,0.210057974922475,0.123095591209384,-0.27078878497358
18578,0.43535122016988,0.322300121342861,0.971377165270287
18589,0.25158419846299,0.143858702979641,-0.152623993476478
18590,0.254550357287313,0.145072131589591,-0.151229604225889
18593,0.433733315356613,0.312323041661049,-0.247282141449774
18598,0.376971821491169,0.253336928677363,-0.387338038425474
18601,0.192665498179857,0.109275987596063,-0.235514658720003
18623,0.438721855197519,0.317109343400297,-0.404025359980712
18634,0.437238775785358,0.316772279897533,-0.405391732709441
18637,0.448294458676015,0.332277201024673,-0.22685384145806
18646,0.449238236483754,0.354860455709856,-0.47328347661359
18654,0.469462046649589,0.399083187272482,0.271064575724227
18657,0.469596872050694,0.399420250775246,1
18670,0.243899150599973,0.137319671026021,-0.30078662327071
18673,0.486180396386679,0.493056491843063,0.757337629003412
18679,0.378050424700013,0.253336928677363,-0.170852169726456
18684,0.180935688283673,0.0974787649993258,-0.167748480985223
18685,0.380342456518808,0.254752595388971,-0.168904021294903
18693,0.431980585142241,0.350141566671161,0.763875522000344
18698,0.206417689092625,0.116017257651342,0.999669358559831
18701,0.43899150599973,0.3583659161386,0.977433681511469
18702,0.447081030066064,0.359444519347445,-0.29147297099108
18703,0.230821086692733,0.129702035863557,0.375255584688276
18711,0.441148712417419,0.352568423891061,-0.330668548679921
18714,0.232169340703789,0.132803020088985,0.996754499035548
18715,0.232843467709316,0.133005258190643,-0.235112946679392
18719,0.374679789672374,0.253404341377916,0.998588160295042
18720,0.374679789672374,0.253134690575704,0.998234237477278
18731,0.456114331940138,0.367331805312121,-0.701451579494297
18743,0.407442362141027,0.287717405959283,0.965489503933916
18746,0.360927598759606,0.266752056087367,-0.582522782855525
18747,0.480517729540245,0.470675475259539,-0.830356589564971
18748,0.478225697721451,0.432991775650533,-0.83046587648069
18771,0.230281785088311,0.131319940676824,-0.14364021852578
18779,0.385061345557503,0.259943373331536,-0.13242935690495
18782,0.411352298773089,0.292099231495214,0.920304701661316
18788,0.499932587299447,0.464203856006472,0.988210849149991
18792,0.489955507617635,0.478899824726979,0.963955244161844
18795,0.490494809222057,0.465821760819738,-0.916145080166891
18804,0.173924767426183,0.096804637993798,0.512061947622755
18807,0.359040043144128,0.225225832546852,0.699449198900564
18830,0.42834029931239,0.279021167587974,0.594324150355781
18837,0.232169340703789,0.132263718484563,0.563442827890366
18846,0.363219630578401,0.22542807064851,-0.185258787329477
18852,0.448968585681542,0.31791829580693,0.987339511653952
18857,0.194687879196441,0.107590670082244,-0.0603659535533862
18865,0.0837265740865579,0.0444249696642848,0.260782564539567
18879,0.481731158150196,0.414116219495753,0.998758545102594
18881,0.473776459484967,0.376836996090063,0.923741592788898
18886,0.477821221518134,0.4140488067952,-0.367360078509694
18887,0.285290548739382,0.165970068760955,-0.368164468952669
18889,0.479439126331401,0.414722933800728,0.99794825376603
18891,0.235270324929217,0.134218686800593,-0.366292980985387
18901,0.469192395847378,0.365781313199407,0.998382872884745
18902,0.469596872050694,0.365579075097748,0.998088057343965
18912,0.24551705541324,0.139207226641499,-0.204844860949874
18917,0.491843063233113,0.448294458676015,-0.379748463017823
18918,0.254820008089524,0.150195496831603,-0.388491807936094
18921,0.250505595254146,0.144128353781853,-0.0958444004601728
18937,0.486315221787785,0.440946474315761,0.999865112838457
18950,0.038425239315087,0.0204260482674936,0.986970352968113
18954,0.475664015100445,0.42591344209249,0.912653402628244
18958,0.467035189429689,0.430767156532291,0.968963033235438
18961,0.47579884050155,0.427329108804099,0.99731986725679
18967,0.493730618848591,0.48402318996899,0.166119403726632
18969,0.067143049750573,0.0350546042874478,0.628918151385303
18970,0.152892004853714,0.0860186059053526,0.607221069951999
18973,0.0914116219495753,0.0497505730079547,1
18974,0.0914116219495753,0.0497505730079547,0.985452549545498
18999,0.0659296211406229,0.0347175407846838,0.978051341052008
19012,0.0686261291627343,0.0356613185924228,0.986256722649118
19021,0.0693002561682621,0.0361332074962923,1
19028,0.0693002561682621,0.0361332074962923,0.976694461708893
19029,0.0663340973439396,0.0345153026830255,0.998994651283919
19034,0.0652554941350951,0.0338411756774977,0.997948265242259
19041,0.0668733989483619,0.0347849534852366,0.903541660374063
19045,0.0674127005527841,0.0350546042874478,0.972151414243673
19048,0.0659296211406229,0.0343130645813672,0.985828586491629
19054,0.0392341917217204,0.0206956990697047,0.982142689138611
19057,0.0392341917217204,0.0208305244708104,0.988803751040289
19060,0.0389645409195092,0.0206956990697047,0.990370491405676
19082,0.394633949035998,0.253539166779021,0.99590756670554
19090,0.395442901442632,0.25326951597681,1
19091,0.395442901442632,0.25326951597681,0.989372683898473
19093,0.395982203047054,0.253943642982338,0.997395074074781
19094,0.394633949035998,0.252999865174599,0.996829517207736
19096,0.39611702844816,0.25374140488068,0.9970144475704
19097,0.395577726843737,0.253202103276257,0.999626331318131
19104,0.394768774437104,0.252258325468518,0.996066592073356
19105,0.395982203047054,0.252865039773493,0.991764510320468
19115,0.394229472832682,0.252797627072941,0.999254179965702
19123,0.394768774437104,0.252527976270729,0.997378616261998
19130,0.397060806255899,0.253539166779021,0.997751721945327
19137,0.0368073345018201,0.0194822704597546,1
19148,0.390589187002831,0.251516785762438,1
19153,0.0359983820951867,0.0189429688553323,1
19166,0.0277740326277471,0.0149656195227181,1
19169,0.0369421599029257,0.0194148577592018,0.996561411967603
19173,0.414453282998517,0.272347310233248,0.999465751893495
19188,0.48645004718889,0.487528650397735,0.291005598708858
19199,0.478764999325873,0.418430632331131,0.872890320310277
19206,0.119590130780639,0.0668059862478091,1
19212,0.120264257786167,0.0670082243494674,0.292348554557121
19219,0.482135634353512,0.419711473641634,0.866759936906141
19225,0.47916947552919,0.418498045031684,0.956697283565175
19227,0.474855062693812,0.432789537548874,0.998540194854927
19233,0.118376702170689,0.066199271942834,-0.218350476011388
19236,0.477012269111501,0.430093029526763,0.873892345551551
19243,0.119994606983956,0.0670082243494674,-0.221542569064147
19253,0.479573951732506,0.432587299447216,-0.866982850651404
19263,0.124309019819334,0.0701092085748956,0.994559541432914
19275,0.12565727383039,0.0706485101793178,0.996081932872869
19282,0.121208035593906,0.0680194148577592,0.995924898227868
19286,0.126601051638129,0.0711203990831872,0.99460607363926
19289,0.062154509909667,0.0325603343669948,0.96144131867987
19290,0.0573007954698665,0.0301334771470945,0.978333261558906
19297,0.05932317648645,0.0311446676553863,0.976124565952677
19299,0.0604017796952946,0.0316839692598085,0.960649821261945
19300,0.0585142240798166,0.0307401914520695,0.994450041061157
19301,0.0586490494809222,0.0308076041526224,0.967818958265468
19304,0.0548739382499663,0.0289200485371444,0.994120924745664
19312,0.0709181609815289,0.0373466361062424,0.896093790835071
19315,0.0769853040312795,0.0402453822300122,0.847228335743116
19316,0.0556828906565997,0.0293245247404611,-0.136757278087864
19323,0.520560873668599,0.439193744101389,-0.142258569008329
19326,0.519751921261966,0.46804637993798,0.2103019046123
19338,0.520021572064177,0.442429553727922,0.999278654480643
19346,0.456788458945665,0.322906835647836,-0.197933539205695
19362,0.502763920722664,0.392274504516651,-0.255873211888917
19376,0.168396925980855,0.0951193204799784,0.972953968877234
19403,0.517459889443171,0.496831603074019,0.999860293625342
19405,0.517594714844277,0.496899015774572,0.99243351162283
19411,0.523661857894027,0.491303761628691,-0.973966824318351
19417,0.501280841310503,0.405959282728866,-0.241793190589366
19418,0.125252797627073,0.070581097478765,-0.244408002120359
19424,0.502089793717136,0.406633409734394,0.996796197241755
19442,0.126196575434812,0.0714574625859512,0.882514271989456
19448,0.180261561278145,0.103208844546313,0.784731814671367
19451,0.124713496022651,0.0693676688688148,0.981752003837968
19453,0.131859242281246,0.0811648914655521,0.629287703537565
19456,0.291627342591344,0.181272751786437,0.913489979249098
19458,0.132803020088985,0.081501954968316,-0.114019746605235
19464,0.122960765808278,0.0676823513549952,0.589357457732109
19470,0.30362680328974,0.188216259943373,1
19480,0.119724956181745,0.0672778751516786,0.526429253666587
19483,0.301065120668734,0.188688148847243,-0.458972426549802
19484,0.481731158150196,0.476675205608737,0.99960820707481
19491,0.142780099770797,0.0891870028313334,0.658002968927551
19493,0.483079412161251,0.478023459619792,-0.294882649479827
19494,0.175273021437239,0.097748415801537,0.395585500086917
19495,0.478495348523662,0.420722664149926,1
19498,0.247134960226507,0.154038020763112,-0.293792044328339
19504,0.50168531751382,0.47627072940542,0.966790818416527
19509,0.451530268302548,0.44067682351355,-0.182280360806078
19520,0.448024807873803,0.390656599703384,-0.264207326241663
19521,0.156262639881354,0.0886477012269111,-0.264309623911313
19522,0.448159633274909,0.390724012403937,-0.301273209166523
19541,0.478225697721451,0.399420250775246,-0.789886547045426
19548,0.471888903869489,0.426857219900229,0.896748858718176
19549,0.486315221787785,0.432722124848321,0.982577106675421
19579,0.442901442631792,0.348456249157341,-0.510085058531162
19586,0.426048267493596,0.317648645004719,-0.506643657828585
19590,0.424430362680329,0.320479978427936,0.856935027115064
19591,0.373736011864635,0.256842389106108,-0.141783728368287
19597,0.443305918835109,0.347849534852366,0.994480998753804
19598,0.442766617230686,0.346770931643522,-0.212635853938317
19599,0.115680194148578,0.061210732101928,-0.212592149248279
19604,0.114601590939733,0.0606714304975058,-0.210450844273816
19608,0.457192935148982,0.360590535256842,0.99695621121638
19612,0.448294458676015,0.35398409060267,-0.161745942024395
19614,0.481191856545773,0.390521774302279,-0.149781389826952
19618,0.2905487393825,0.178036942159903,-0.375911865832564
19620,0.470405824457328,0.396454091950924,-0.215471180161571
19627,0.43777807738978,0.349939328569502,-0.645763600259273
19631,0.492112714035324,0.458271538357827,0.998923504430999
19638,0.474046110287178,0.472697856276122,0.0887662481319843
19639,0.245786706215451,0.143791290279089,-0.354196438439587
19640,0.476877443710395,0.425037076985304,-0.165200306011176
19643,0.073075367399218,0.0393690171228259,-0.185633144738722
19651,0.150060671430498,0.0810974787649993,0.995053308547432
19652,0.148577592018336,0.0812997168666577,-0.262429932003946
19654,0.0753673992180127,0.0406498584333288,1
19659,0.0750977484158015,0.0405150330322233,-0.160885079813627
19661,0.449238236483754,0.353242550896589,-0.201785310777972
19664,0.15181340164487,0.0822434946743966,0.99910179038837
19666,0.0946474315761089,0.0501550492112715,-0.212382804052754
19667,0.477147094512606,0.435553458271538,0.346946869943358
19683,0.474855062693812,0.40339760010786,-0.636572749324712
19688,0.484966967776729,0.456855871646218,0.350106966737211
19691,0.48523661857894,0.457529998651746,0.229870796112749
19693,0.461102871781044,0.478495348523662,0.864146896926058
19696,0.482000808952407,0.371781043548605,-0.168525754472906
19705,0.500067412700553,0.44067682351355,-0.0703585280895019
19706,0.230551435890522,0.130645813671296,0.559800373399289
19710,0.213024133746798,0.1186463529729,0.422590546128961
19712,0.487528650397735,0.404880679520022,0.991939001405368
19713,0.487393824996629,0.405487393824997,0.547070079233609
19728,0.390184710799515,0.277470675475259,0.756909122558877
19732,0.483888364567885,0.402251584198463,0.579495890987135
19734,0.290009437778077,0.180598624780909,0.871919873194154
19740,0.0924902251584198,0.049346096804638,0.978594898634312
19749,0.293110422003505,0.180261561278145,0.989020991658993
19751,0.281245786706215,0.174598894431711,0.547464727942904
19755,0.462181474989888,0.404745854118916,1
19756,0.462181474989888,0.404745854118916,0.298254558670833
19757,0.0997707968181205,0.0536605096400162,-0.0565138719921022
19761,0.496292301469597,0.437441013887016,-0.350915128194894
19771,0.509100714574626,0.42105972765269,-0.665700598395636
19777,0.499123634892814,0.404476203316705,0.982808305612073
19778,0.50289874612377,0.411352298773089,0.997830152300651
19784,0.464338681407577,0.411487124174194,0.860621426446901
19796,0.249966293649724,0.149656195227181,1
19799,0.446811379263853,0.341917217203721,0.998513095879624
19804,0.0981528920048537,0.0555480652554942,1
19809,0.450182014291493,0.344141836321963,-0.163080628510069
19837,0.452878522313604,0.34818659835513,1
19840,0.453282998516921,0.347984360253472,0.884965152284003
19850,0.433598489955508,0.343400296615882,0.970419664771032
19862,0.39854388566806,0.280706485101793,-0.453899936537763
19871,0.105972765268977,0.0560873668599164,-0.208125834152242
19882,0.474720237292706,0.389308345692328,1
19885,0.102197654038021,0.0568963192665498,0.953634899226074
19898,0.484832142375624,0.484966967776729,1
19901,0.474855062693812,0.474720237292706,0.114021177902281
19902,0.221518134016449,0.132465956586221,0.635927408544133
19912,0.513280302008899,0.463057840097074,0.769588221036573
19925,0.21113657813132,0.117837400566267,-0.194462292888448
19929,0.357422138330862,0.259606309828772,-0.283930010852714
19930,0.264392611568019,0.163475798840502,0.990695342581756
19936,0.264392611568019,0.163745449642713,-0.219982833973127
19953,0.467170014830794,0.383645678845895,0.879063416540234
19955,0.518268841849804,0.495752999865175,0.997072519851246
19958,0.484966967776729,0.3789267898072,-0.19621038878387
19959,0.126735877039234,0.0691654307671565,-0.204643975367693
19965,0.494944047458541,0.435957934474855,-0.64313016801967
19971,0.356478360523123,0.22664149925846,0.951396363710686
19974,0.375084265875691,0.240932991775651,-0.327179739979879
19986,0.284346770931644,0.185182688418498,-0.146506209518004
19989,0.138465686935419,0.0752999865174598,0.999518950526456
19991,0.395442901442632,0.267426183092895,0.96951272960212
19996,0.385330996359714,0.252123500067413,-0.135363455319759
20001,0.101658352433598,0.0551435890521774,-0.128751596510331
20013,0.10071457462586,0.0548065255494135,-0.134927429408028
20016,0.277335850074154,0.177767291357692,0.999561328854976
20019,0.278009977079682,0.170419306997438,0.999765569903036
20046,0.496022650667386,0.483820951867332,-0.588286590051615
20049,0.416745314817312,0.292908183901847,-0.334390245171343
20055,0.298233787245517,0.182823243899151,0.994594677989508
20058,0.501146015909397,0.414790346501281,-0.0773706676660597
20059,0.419306997438317,0.302817850883106,0.667893695705145
20065,0.418093568828367,0.306930025616826,-0.42740649895339
20072,0.142780099770797,0.0790750977484158,1
20074,0.187137656734529,0.102467304840232,0.999626997079583
20081,0.334501820142915,0.204867196979911,-0.249419828360199
20082,0.308345692328435,0.186396117028448,-0.0827526184040469
20086,0.190103815558851,0.105972765268977,-0.18381222230101
20115,0.171363084805177,0.0964675744910342,1
20116,0.171363084805177,0.0964675744910342,-0.112374986930347
20132,0.447350680868276,0.33922070918161,0.328410766029134
20136,0.43899150599973,0.326007819873264,0.314630780158699
20137,0.0802211136578131,0.043076715653229,0.310977927359541
20145,0.485775920183363,0.363287043278954,0.991047927315434
20151,0.504381825535931,0.429351489820682,-0.561571657381627
20156,0.382230012134286,0.262437643251989,-0.113011852547574
20162,0.219765403802076,0.125387623028179,-0.346314469025548
20180,0.439530807604153,0.347579884050155,0.999423710997437
20185,0.318727248213563,0.201833625455036,1
20187,0.483349062963462,0.45011460159094,0.98601327745955
20193,0.480787380342456,0.449373061884859,-0.750980606931048
20205,0.16974517999191,0.0956586220844007,0.998852599214884
20209,0.471079951462856,0.366455440204935,0.994280212120652
20223,0.482405285155723,0.473237157880545,0.997906003630743
20226,0.484158015370096,0.476540380207631,-0.884507586111152
20228,0.483618713765673,0.45254145881084,-0.865332600203904
20232,0.485371443980046,0.464608332209788,0.999470876899015
20235,0.485506269381151,0.464001617904813,0.999867648476981
20267,0.36173655116624,0.226708911959013,0.644393649291746
20283,0.488472428205474,0.485978158285021,0.997229402476083
20299,0.47337198328165,0.354118916003775,0.996666372769311
20309,0.500202238101658,0.420790076850479,0.199487971929277
20310,0.0613455575030336,0.0324255089658891,0.229530435641035
20317,0.142510448968586,0.0773223675340434,-0.268567591840896
20328,0.43777807738978,0.330389645409195,-0.50678452325027
20331,0.346770931643522,0.211001752730214,-0.109502426039206
20343,0.397869758662532,0.261898341647566,-0.132566028993759
20351,0.412700552784145,0.30773897802346,0.999386764923629
20358,0.279762707294054,0.166441957664824,0.678055616822486
20362,0.42470001348254,0.308210866927329,0.70860617862494
20366,0.348388836456788,0.21113657813132,0.538494754833756
20369,0.348793312660105,0.211473641634084,0.991776370183822
20371,0.337602804368343,0.22057435620871,-0.143957196125871
20374,0.168936227585277,0.0959282728866119,1
20384,0.305244708103007,0.181205339085884,0.998361817143141
20386,0.492112714035324,0.397869758662532,0.541440011224292
20410,0.130780639072401,0.0733450182014291,-0.0695602039968185
20416,0.0769853040312795,0.04091950923554,-0.0195787650538929
20430,0.439530807604153,0.318727248213563,0.902104832665973
20435,0.0606714304975057,0.0320884454631253,0.998940994312794
20451,0.484832142375624,0.389510583793987,0.858801281056241
20452,0.450047188890387,0.322502359444519,-0.178929078824015
20454,0.12444384522044,0.0672104624511258,-0.0446828526494202
20456,0.449777538088176,0.322367534043414,-0.226363706642893
20479,0.0613455575030336,0.0324255089658891,1
20483,0.206417689092625,0.116152083052447,0.456958504945078
20491,0.323446137252258,0.2021706889578,0.842043192008063
20492,0.331535661318592,0.209316435216395,0.785816100598305
20495,0.245247404611029,0.1416340838614,0.442477916209205
20503,0.478495348523662,0.398880949170824,-0.307478445126858
20506,0.352163947687744,0.223944991236349,0.994693622477724
20509,0.352703249292167,0.224484292840771,0.995495908845544
20512,0.352838074693272,0.224282054739113,0.965546484534851
20516,0.346770931643522,0.217068895779965,0.879627862791756
20523,0.370769853040313,0.238910610759067,0.285267996713603
20528,0.137656734528785,0.0739517325064042,0.681012677251244
20543,0.272212484832142,0.165633005258191,0.696102338785063
20545,0.31306458136713,0.193339625185385,-0.3813289736808
20547,0.452608871511393,0.38256707563705,-0.667081977270953
20552,0.412700552784145,0.335378185250101,-0.594903732423256
20566,0.440744236214103,0.3280976135904,0.999847184503014
20573,0.0515033032223271,0.0280436834299582,-0.178597188471803
20578,0.474180935688284,0.357894027234731,0.919929241654352
20582,0.0594580018875556,0.0321558581636781,-0.155522891202147
20583,0.446946204664959,0.323378724551706,-0.172467638645535
20584,0.122016988000539,0.0658622084400701,-0.172906338027648
20588,0.125387623028179,0.0684913037616287,-0.198162734615049
20591,0.433328839153297,0.325333692867736,0.928886091640844
20595,0.476068491303762,0.355736820817042,0.999082763257628
20600,0.449373061884859,0.32445732776055,0.998106810470299
20603,0.119050829176217,0.0643791290279089,0.999446856310841
20605,0.501280841310503,0.421464203856006,0.319886783144128
20607,0.120668733989484,0.0653229068356478,0.991794603406639
20615,0.448294458676015,0.323918026156128,-0.173397049369744
20620,0.0598624780908723,0.0327625724686531,0.197854700020728
20622,0.478764999325873,0.419509235539976,0.979865522069488
20624,0.474315761089389,0.413644330591884,0.972003802256138
20626,0.478225697721451,0.417352029122287,-0.211871674315421
20631,0.315761089389241,0.194553053795335,0.996335468345862
20639,0.462585951193205,0.365579075097748,-0.376877383601457
20641,0.482135634353512,0.43413779155993,-0.383904089691887
20645,0.510583793986787,0.490022920318188,-0.319936925661531
20647,0.277335850074154,0.170891195901308,0.997902688731268
20651,0.251988674666307,0.1464877983012,-0.35726946994613
20658,0.499662936497236,0.419172172037212,0.320995235849066
20667,0.472563030875017,0.352770661992719,0.99969408690654
20673,0.471349602265067,0.351220169880005,-0.191562653574343
20682,0.114601590939733,0.0635027639207226,-0.198173785308049
20686,0.516246460833221,0.434879331266011,-0.444235012547695
20707,0.520426048267494,0.433328839153296,0.254471019177164
20725,0.371713630848052,0.250168531751382,0.999643906240518
20731,0.462181474989888,0.397869758662532,0.911730884846269
20732,0.461911824187677,0.355399757314278,0.931125390653147
20735,0.454496427126871,0.391330726708912,0.970698437285117
20745,0.225023594445193,0.122354051503303,0.797877244705012
20777,0.170419306997438,0.0923553997573143,0.999182234205189
20783,0.476877443710395,0.386342186868006,0.997711801227011
20790,0.217473371983282,0.12033167048672,0.461070473977952
20797,0.235000674127006,0.131117702575165,-0.165756796081697
20823,0.204934609680464,0.114736416340839,-0.268741803166648
20826,0.409464743157611,0.288458945665363,0.531551985080699
20833,0.504786301739248,0.405015504921127,0.417559816164616
20838,0.325064042065525,0.193407037885938,0.592110810260761
20847,0.405015504921127,0.267493595793447,0.767789735945258
20874,0.405015504921127,0.271133881623298,0.996676659498381
20880,0.408925441553189,0.295604691923958,1
20881,0.408925441553189,0.295604691923958,0.996508737721447
20886,0.467574491034111,0.356073884319806,-0.543443223967094
20889,0.413644330591883,0.300660644465417,-0.460769725170893
20891,0.498449507887286,0.403195362006202,0.998256272388498
20903,0.46272077659431,0.324120264257786,0.988170065146264
20904,0.459889443171093,0.319199137117433,0.96882982921787
20913,0.374005662666846,0.251719023864096,0.682083540272151
20940,0.418902521235001,0.30194148577592,0.503513661894688
20941,0.170958608601861,0.0932991775650532,-0.09538435342434
20948,0.104894162060132,0.0544694620466496,0.299925532911373
20950,0.105028987461238,0.0545368747472024,0.847399722398991
20960,0.151139274639342,0.0820412565727383,0.55948215307823
20970,0.302683025482001,0.203518942968855,0.502170172324753
20972,0.189160037751112,0.105905352568424,0.871057336878166
20973,0.229742483483888,0.134420924902252,-0.14433528961286
20981,0.209518673318053,0.125792099231495,0.995047615643196
20983,0.349197788863422,0.233922070918161,0.998533972120862
20987,0.314952136982608,0.195092355399757,0.881452460960661
21004,0.421599029257112,0.325131454766078,0.513487458284548
21020,0.212754482944587,0.119185654577322,0.880939167449632
21021,0.174733719832816,0.0953215585816368,-0.0502263335898852
21027,0.461372522583255,0.412296076580828,-0.261417380294712
21033,0.486989348793313,0.470270999056222,-0.292201111988665
21046,0.408925441553189,0.312862343265471,-0.489210288819902
21061,0.179587434272617,0.104894162060132,0.999656763597707
21064,0.475664015100445,0.421194553053795,-0.275166375353583
21067,0.164486989348793,0.0935688283672644,0.998459873015814
21072,0.481731158150196,0.466563300525819,0.985004092094268
21073,0.488876904408791,0.472967507078334,-0.308772189063151
21078,0.343130645813671,0.239112848860725,-0.360590410930491
21080,0.383847916947553,0.281448024807874,-0.573451718054497
21084,0.344748550626938,0.240326277470675,0.995284974021188
21087,0.34650128084131,0.241202642577862,0.803496461057261
21090,0.345422677632466,0.240528515572334,-0.445903021113672
21106,0.465821760819738,0.379061615208305,0.942311522898275
21109,0.495213698260752,0.455777268437374,-0.340879021765645
21114,0.457597411352299,0.361601725765134,0.996673807052426
21129,0.385870297964136,0.26344883376028,-0.218330170010718
21163,0.444384522043953,0.389645409195092,-0.0247180855234006
21177,0.0381555885128758,0.0205608736685992,1
21180,0.214507213158959,0.118039638667925,0.999666257417441
21187,0.308345692328435,0.191923958473776,-0.0641059333456222
21194,0.333018740730754,0.210866927329109,-0.0835529076130229
21203,0.159228798705676,0.0852770661992719,-0.184566859160836
21219,0.159363624106782,0.0854793043009303,-0.21325943964894
21227,0.0221113657813132,0.0111905082917622,1
21238,0.031549143858703,0.015909397330457,-0.0597064316974693
21240,0.0314143184575974,0.0158419846299043,8.33472193050072e-05
21241,0.383443440744236,0.242416071187812,0.235054261949623
21248,0.484832142375624,0.408386139948766,0.115986096353959
21256,0.0269650802211137,0.0136173655116624,-0.122408451677798
21257,0.468383443440744,0.392207091816098,-0.138537678445313
21261,0.476068491303762,0.41330726708912,0.954765171237139
21264,0.484966967776729,0.424632600781987,-0.639944855456178
21284,0.451934744505865,0.375758392881219,0.959693232578227
21303,0.385735472563031,0.285357961439935,0.997653587881637
21305,0.478630173924767,0.366725091007146,0.999850312952823
21306,0.478764999325873,0.366792503707699,0.921134175528966
21307,0.460428744775516,0.343602534717541,-0.447743893809952
21308,0.390993663206148,0.285425374140488,0.983103209805244
21311,0.393420520426048,0.28353781852501,0.993884487659588
21323,0.393555345827154,0.282391802615613,-0.170517416727237
21325,0.393150869623837,0.283672643926116,0.993793976368
21328,0.123904543616017,0.0657273830389645,-0.1726264284782
21333,0.270729405419981,0.170014830794122,-0.272628939789661
21337,0.390184710799515,0.280302008898476,0.691431774018791
21342,0.473237157880545,0.412970203586356,0.104165984818344
21343,0.0218417149791021,0.0110556828906566,-0.103433467081299
21348,0.474720237292706,0.387690440879062,0.96653919827842
21359,0.0210327625724687,0.0106512066873399,-0.102395270975989
21368,0.409329917756505,0.27989753269516,-0.290040858757853
21371,0.30241337467979,0.184778212215181,-0.239918871443501
21373,0.32277201024673,0.205743562087097,-0.0462779856828371
21378,0.492112714035324,0.409734393959822,0.998298809597957
21380,0.492786841040852,0.410071457462586,0.99829584778437
21386,0.497640555480653,0.426654981798571,0.955518934456018
21391,0.19347445058649,0.107118781178374,-0.0428595368283206
21393,0.0341108264797088,0.0181340164486989,0.975297825569881
21397,0.475664015100445,0.46029391937441,0.999609702672974
21399,0.0350546042874478,0.0188755561547795,-0.149943973856909
21401,0.151543750842659,0.0844007010920858,-0.321031646982623
21408,0.401375219091277,0.279830119994607,0.998005388816987
21410,0.442092490225158,0.303963866792504,0.998498420843287
21412,0.489685856815424,0.413509505190778,0.992277527623516
21414,0.0353242550896589,0.0190103815558851,0.996566855365417
21430,0.0339760010786032,0.0183362545503573,-0.074923892472292
21431,0.299582041256573,0.174733719832816,0.328673111743434
21436,0.299986517459889,0.17965484697317,-0.0790196510003689
21441,0.0343804772819199,0.0185384926520157,-0.0927795558271856
21442,0.492786841040852,0.400364028582985,-0.345983913193605
21446,0.507482809761359,0.461372522583255,-0.710538157286831
21450,0.476607792908184,0.445260887151139,-0.159571739919038
21452,0.369421599029257,0.251988674666307,-0.203652634376304
21478,0.282189564513954,0.167520560873669,1
21484,0.286773628151544,0.173452878522314,0.963645117638984
21487,0.449912363489281,0.36369151948227,-0.115711419794462
21495,0.224753943642982,0.132735607388432,0.849561759170455
21498,0.281515437508427,0.175273021437239,0.992727451847073
21500,0.298907914251045,0.192867736281515,0.488967194143504
21513,0.238101658352434,0.141027369556424,-0.378505410360933
21520,0.162194957529999,0.0856815424025886,-0.0535153740595661
21526,0.0823783200755022,0.0479304300930296,0.0189362663736344
21529,0.350815693676689,0.212215181340164,-0.281851939841436
21548,0.495213698260752,0.393622758527707,0.994438645148931
21562,0.196170958608602,0.11089389240933,0.865666866941709
21568,0.330861534313065,0.200215720641769,0.63410636222394
21573,0.455305379533504,0.354118916003775,0.999853326046773
21575,0.509505190777943,0.441485775920183,-0.0921033783764424
21578,0.0510988270190104,0.0263583659161386,-0.123231893217824
21583,0.0396386679250371,0.0203586355669408,-0.0183996020395819
21594,0.481731158150196,0.43824996629365,0.726554116655889
21596,0.438317378994203,0.302480787380342,0.608574960183125
21597,0.251044896858568,0.142645274369691,-0.278442806783541
21609,0.173655116623972,0.0928947013617365,-0.236205327475923
21629,0.32856950249427,0.197856276122422,0.603987155901977
21637,0.215181340164487,0.131859242281246,-0.332299091495614
21645,0.0943777807738978,0.0504247000134825,0.977540825441142
21648,0.0926250505595254,0.0506269381151409,-0.193006850400043
21649,0.481461507347984,0.417217203721181,0.898730268978612
21654,0.49103411082648,0.451665093703654,-0.766989649220305
21655,0.489685856815424,0.421599029257112,-0.848890090167595
21659,0.494809222057436,0.424430362680329,-0.719711762188802
21663,0.355264931913172,0.238303896454092,0.998364742481074
21672,0.475394364298234,0.401375219091277,-0.220586605570851
21677,0.114871241741944,0.0610759067008224,0.250305944315579
21680,0.0620196845085614,0.0319536200620197,-0.118822947779651
21698,0.487258999595524,0.369826075232574,0.947884117534027
21720,0.21113657813132,0.117567749764056,0.440750205208528
21722,0.283807469327221,0.171026021302413,-0.179291832026363
21723,0.176486450047189,0.0974113522987731,-0.137686715232545
21729,0.477416745314817,0.409262505055953,-0.430573376773971
21746,0.448159633274909,0.33099635971417,0.866671041607367
21753,0.228124578670622,0.13293784549009,-0.305851172869395
21754,0.488337602804368,0.392476742618309,-0.656223451269865
21776,0.449238236483754,0.333153566131859,-0.106994447919734
21777,0.0432789537548874,0.0228529054873938,0.950173402322543
21782,0.499258460293919,0.475192126196575,0.740839496520965
21789,0.229607658082783,0.136375893218282,0.418223236055976
21797,0.469327221248483,0.355332344613725,0.999849187138035
21798,0.469462046649589,0.355399757314278,0.998944558810926
21813,0.486989348793313,0.403667250910071,-0.312797002456403
21816,0.111230955912094,0.0583119859781582,0.359340813060395
21818,0.191721720372118,0.103815558851288,-0.150605790522143
21827,0.282054739112849,0.16610489416206,-0.186499095616308
21837,0.405689631926655,0.277942564379129,-0.380582807151446
21845,0.497640555480653,0.499325872994472,0.166730088227731
21846,0.0589187002831333,0.0308076041526224,-0.0962352286288087
21849,0.293110422003505,0.184441148712417,0.978390052157613
21853,0.294728326816772,0.185519751921262,-0.168586608585438
21856,0.397869758662532,0.268504786301739,0.467822662853121
21861,0.148442766617231,0.0837939867871107,-0.138201520270314
21866,0.15059997303492,0.082445732776055,0.999556712862982
21871,0.152083052447081,0.0827827962788189,-0.188652705036363
21874,0.40339760010786,0.272616961035459,0.468832004600721
21876,0.482944586760146,0.375084265875691,0.604743845204714
21879,0.245651880814345,0.143454226776325,-0.221250429292525
21882,0.155588512875826,0.0865579075097749,0.96088149290888
21898,0.360927598759606,0.242213833086153,-0.177205061775616
21908,0.168936227585277,0.0975461776998786,0.45105436737934
21911,0.358905217743023,0.237966832951328,1
21916,0.360388297155184,0.238573547256303,-0.186162837914474
21925,0.161520830524471,0.0875016853175138,0.420107336249798
21927,0.359174868545234,0.240798166374545,0.982979914617255
21933,0.362680328973979,0.240798166374545,0.996527893227594
21934,0.361197249561817,0.239786975866253,-0.186545346962635
21946,0.154375084265876,0.0848725899959553,-0.17672645364484
21947,0.362006201968451,0.239921801267359,1
21949,0.366994741809357,0.241472293380073,-0.188043239804114
21951,0.453687474720237,0.33268167722799,0.99101736915258
21963,0.477686396117028,0.377039234191722,0.642272152396077
21968,0.12929755966024,0.0708507482809762,0.915801539886291
21976,0.358770392341917,0.225765134151274,0.944153586702845
21981,0.365781313199407,0.227517864365646,0.976665583657108
21986,0.129432385061346,0.0697047323715788,1
21989,0.350411217473372,0.218619387892679,-0.135434861997795
21994,0.129702035863557,0.0706485101793178,0.861961840150986
22004,0.471619253067278,0.413644330591884,0.0653328472008161
22007,0.162060132128893,0.0858837805042471,0.671369946330803
22010,0.304166104894162,0.19563165700418,0.818028395981868
22018,0.231630039099366,0.140892544155319,0.965623945309948
22026,0.106377241472293,0.055885128758258,0.993547417857806
22030,0.105837939867871,0.0554806525549414,-0.167436567604495
22032,0.473506808682756,0.392207091816098,0.969945568649833
22036,0.227315626263988,0.13630848051773,-0.301572866265806
22039,0.106242416071188,0.0556828906565997,-0.103613709861837
22040,0.246865309424296,0.147296750707833,-0.401029773707969
22042,0.494269920453013,0.475798840501551,0.993588491595442
22044,0.105433463664554,0.0555480652554942,-0.087655478995533
22048,0.106377241472293,0.055885128758258,-0.132150574980485
22052,0.220169880005393,0.128825670756371,0.957038575194588
22095,0.110017527302144,0.0579749224753944,0.342380962031504
22102,0.229472832681677,0.137117432924363,-0.0921609919644012
22104,0.101793177834704,0.053727922340569,0.985366775363801
22110,0.0736146690036403,0.0392341917217204,0.317992657975916
22119,0.315356613185924,0.196508022111366,0.973962016333808
22121,0.275717945260887,0.172374275313469,-0.382319136589353
22123,0.466765538627477,0.389915059997303,0.805632842015747
22126,0.231630039099366,0.14358905217743,0.467751929391351
22133,0.401644869893488,0.272684373736012,-0.244495107254831
22134,0.218417149791021,0.131994067682351,0.565105270633748
22141,0.183901847107995,0.101658352433598,0.361225827895903
22144,0.49588782526628,0.471214776863961,-0.30199006747025
22164,0.481057031144668,0.425104489685857,-0.295104118970749
22169,0.427800997707968,0.317041930699744,0.585933845880434
22175,0.115275717945261,0.0604691923958474,-0.0987677701239649
22176,0.268437373601186,0.16441957664824,-0.156905863154445
22190,0.298907914251045,0.178711069165431,-0.285631877665586
22204,0.365646487798301,0.26681946878792,-0.602813694945542
22207,0.36294997977619,0.264527436969125,0.976425231999606
22209,0.214102736955642,0.123904543616017,-0.0623193136570313
22211,0.304705406498584,0.181340164486989,-0.0309701029696512
22214,0.483618713765673,0.409666981259269,0.98677555857074
22216,0.482405285155723,0.405959282728866,-0.421292156894169
22219,0.303357152487529,0.179857085074828,0.993170953982461
22221,0.235674801132533,0.143993528380747,-0.367385188977388
22224,0.293380072805717,0.172980989618444,-0.149309497806718
22229,0.435081569367669,0.300323580962653,-0.26693663050832
22231,0.400701092085749,0.265336389375758,0.998221322290754
22232,0.400431441283538,0.265066738573547,0.184213347547173
22234,0.486180396386679,0.494269920453013,-0.392612193893506
22244,0.0423351759471484,0.0235944451934744,-0.0323701844098118
22253,0.403936901712283,0.277201024673048,0.321630215907324
22256,0.0697047323715788,0.0386274774167453,1
22266,0.0734798436025347,0.0391667790211676,0.061013423303409
22269,0.453552649319132,0.367938519617096,0.988463396608192
22270,0.449507887285965,0.36416340838614,0.980409443013334
22272,0.457462585951193,0.372859646757449,0.950437036810063
22275,0.443440744236214,0.36706215450991,-0.305249970859495
22281,0.108804098692194,0.0614129702035864,0.987228838139035
22282,0.105703114466766,0.0598624780908723,-0.166143686778774
22290,0.291088040986922,0.179115545368748,0.998411521999529
22301,0.453417823918026,0.341445328299852,-0.669728866449255
22304,0.301334771470945,0.18693541863287,-0.336192706881811
22310,0.501280841310503,0.460968046379938,0.543725371094224
22314,0.422812457867062,0.283807469327221,-0.438403412619001
22315,0.451260617500337,0.340501550492113,-0.450231184931762
22318,0.421329378454901,0.282796278818929,0.998271515059554
22324,0.267763246595659,0.159768100310098,0.814223195773328
22327,0.268707024403398,0.160644465417285,-0.226791261305218
22330,0.312929755966024,0.190171228259404,-0.141975853526006
22337,0.44600242685722,0.38667925037077,-0.287097417252762
22339,0.18862073614669,0.104557098557368,-0.133432828979651
22349,0.18740730753674,0.103411082647971,-0.0769031971886291
22359,0.430362680328974,0.304975057300795,0.982961830998256
22363,0.265336389375758,0.155858163678037,-0.0945090751473172
22365,0.495752999865175,0.454833490629635,-0.396967451280485
22376,0.295132803020089,0.175475259538897,0.927537106081254
22379,0.104085209653499,0.0606714304975058,-0.0946066545212575
22383,0.52083052447081,0.493663206148038,-0.88834927079978
22391,0.448968585681542,0.353647027099906,1
22393,0.44842928407712,0.354051503303222,-0.262980394775434
22397,0.447620331670487,0.352838074693272,0.998986898373453
22401,0.103545908049076,0.0606714304975058,1
22413,0.268167722798975,0.157543481191857,0.999487216733831
22423,0.105028987461238,0.0612781448024808,-0.210464573912589
22440,0.493191317244169,0.451395442901443,-0.602642553952079
22445,0.266280167183497,0.156464877983012,-0.288857038161025
22447,0.489685856815424,0.462181474989888,-0.25270860074708
22462,0.448024807873803,0.350883106377242,-0.711663295239566
22465,0.447350680868276,0.352029122286639,-0.331868206459026
22470,0.507078333558042,0.491505999730349,-0.724343399382265
22474,0.447081030066064,0.351759471484428,-0.332503354225064
22479,0.123634892813806,0.069637319671026,-0.126802997700407
22489,0.437912902790886,0.352163947687744,-0.261935947558887
22498,0.294593501415667,0.182890656599703,-0.350725201092454
22506,0.443845220439531,0.350546042874478,-0.32854644326364
22534,0.498045031683969,0.455575030335715,0.9755002809343
22543,0.493595793447485,0.473169745179992,-0.694793199012868
22545,0.103680733450182,0.056828906565997,0.231236350627384
22547,0.501011190508292,0.462181474989888,0.595994862639192
22552,0.361197249561817,0.234933261426453,-0.233178009718239
22561,0.472428205473911,0.368342995820413,-0.557401297718889
22568,0.266549817985708,0.156330052581906,0.998452727370458
22574,0.446946204664959,0.350478630173925,0.999128260115182
22575,0.446946204664959,0.350748280976136,0.984269439627469
22576,0.445732776055009,0.353242550896589,0.981721777525376
22582,0.446946204664959,0.352905487393825,-0.348139655271231
22598,0.122825940407173,0.0676149386544425,-0.17117745969296
22602,0.26560604017797,0.16003775111231,0.985838706174595
22608,0.266414992584603,0.156532290683565,0.995620630805178
22610,0.264797087771336,0.155723338276931,1
22614,0.421868680059323,0.297896723742753,-0.312180401632043
22615,0.297964136443306,0.183092894701362,0.490400949807195
22616,0.504921127140353,0.481663745449643,0.442640418822852
22622,0.409464743157611,0.291559929890791,1
22623,0.409464743157611,0.291559929890791,0.980743280770935
22631,0.252258325468518,0.153094242955373,1
22634,0.266010516381286,0.157813131994068,-0.230212086843097
22637,0.134825401105568,0.0728057165970069,-0.201961686563192
22644,0.444114871241742,0.325872994472159,-0.448099694016262
22646,0.264931913172442,0.156195227180801,-0.118944830070795
22650,0.136038829715518,0.0732776055008764,-0.116906212627101
22660,0.105433463664554,0.061210732101928,-0.197811156633877
22666,0.266549817985708,0.156599703384118,-0.320598964054015
22669,0.104489685856815,0.0606040177969529,0.51181512851796
22677,0.116354321154105,0.0676149386544425,-0.10542502687753
22696,0.500202238101658,0.4140488067952,-0.635823640065779
22714,0.154779560469192,0.0862882567075637,-0.112609987601174
22725,0.291088040986922,0.172239449912364,0.53177715292209
22728,0.198193339625185,0.112983686126466,-0.0659084600089074
22731,0.28717810435486,0.173520291222866,0.961374576063047
22740,0.152487528650398,0.0820412565727383,-0.135012727009363
22742,0.387353377376298,0.253808817581232,0.513637732928581
22750,0.49588782526628,0.425778616691385,-0.711531229557074
22757,0.443440744236214,0.32203047054065,0.643346923309276
22762,0.15181340164487,0.0817041930699743,-0.23071758799699
22770,0.339894836187138,0.218754213293785,-0.154497057011573
22779,0.453013347714709,0.340029661588243,0.835171785075102
22781,0.414857759201834,0.282256977214507,-0.272748515896051
22793,0.425778616691385,0.312525279762707,-0.311180788238851
22803,0.327625724686531,0.197654038020763,-0.452393258061095
22808,0.393420520426048,0.258460293919374,0.17559691269138
22810,0.487393824996629,0.46561952271808,0.451355793952609
22816,0.290413913981394,0.169745179991911,-0.131715713230864
22817,0.153296481057031,0.0828502089793717,-0.209449093047938
22822,0.323446137252258,0.194620466495888,-0.1918002354956
22827,0.290009437778077,0.169947418093569,0.552260293430518
22828,0.494000269650802,0.400296615882432,-0.198948686897776
22837,0.472428205473911,0.345557503033572,-0.295695633720599
22838,0.295806930025617,0.174868545233922,-0.121103774821981
22849,0.357961439935284,0.222798975326952,0.903365971918605
22861,0.491573412430902,0.375758392881219,-0.527441509913598
22863,0.30362680328974,0.176890926250506,-0.107982357382415
22867,0.255898611298369,0.150195496831603,-0.199480974006791
22886,0.117298098961844,0.0637724147229338,-0.116938194012677
22893,0.525010111905083,0.486719697991101,-0.237735979195741
22898,0.503842523931509,0.498382095186733,0.999864136657439
22903,0.371174329243629,0.233854658217608,0.811308896883217
22909,0.451260617500337,0.322165295941755,0.347443379013214
22911,0.407172711338816,0.269785627612242,-0.516394442466505
22922,0.118376702170689,0.0622893353107725,0.499567038686212
22929,0.0707833355804234,0.0362006201968451,-0.128027064955597
22934,0.0701092085748955,0.0358635566940811,0.482132314999579
22948,0.334771470945126,0.206350276392072,-0.347027812559038
22958,0.324659565862208,0.206687339894836,-0.296979958657366
22962,0.326951597681003,0.217271133881623,-0.164932230384774
22965,0.501146015909397,0.448361871376567,0.563887426684245
22966,0.324120264257786,0.200215720641769,-0.372099745123316
22974,0.316839692598085,0.201968450856141,1
22977,0.335041121747337,0.208372657408656,0.985625900929445
22982,0.437643251988675,0.320075502224619,0.743451255580048
22987,0.489416206013213,0.373061884859107,-0.383421694091041
22994,0.199811244438452,0.111770257516516,0.983910512553982
22995,0.195362006201968,0.108736685991641,-0.217845280717167
23016,0.441957664824053,0.323715788054469,0.996111126201448
23018,0.335175947148443,0.208844546312525,-0.243762436909468
23034,0.141971147364163,0.0762437643251989,-0.0812979454157648
23036,0.304570581097479,0.185856815424026,-0.126468758893654
23038,0.114466765538627,0.0610084940002696,-0.0835728772319575
23042,0.417149791020628,0.279762707294054,-0.393808343301305
23044,0.475124713496023,0.354860455709856,-0.261507810978887
23054,0.308345692328435,0.186665767830659,0.498307803606676
23062,0.492382364837535,0.444114871241742,0.986349226786418
23073,0.296211406228934,0.187609545638398,-0.490214468653651
23075,0.311311851152757,0.190980180666038,0.999780253100536
23081,0.193204799784279,0.10725360657948,-0.134024328566217
23098,0.282189564513954,0.167385735472563,-0.224573436059435
23099,0.351489820682217,0.217001483079412,-0.099854597334121
23105,0.47579884050155,0.409801806660375,0.999725825879893
23106,0.47579884050155,0.409666981259269,-0.472613400230279
23109,0.0707833355804234,0.0367399218012674,-0.179908464556761
23111,0.269381151408925,0.159633274908993,-0.194653491427211
23120,0.465686935418633,0.402858298503438,0.591341761666176
23129,0.0729405419981124,0.0374140488067952,0.999051767794524
23142,0.492786841040852,0.434744505864905,0.376096261816324
23149,0.465552110017527,0.372320345153027,-0.418230584020523
23150,0.357826614534178,0.232438991506,0.999621175457874
23156,0.278953754887421,0.163071322637185,0.903666488291937
23159,0.497775380881758,0.491168936227585,-0.351154378897983
23163,0.257651341512741,0.145544020493461,-0.284149968476306
23165,0.433868140757719,0.314952136982607,-0.310278604686098
23171,0.280167183497371,0.17311581501955,-0.372258695183686
23174,0.505864904948092,0.472428205473911,0.604295183350188
23176,0.255763785897263,0.144600242685722,0.994673447841916
23181,0.467709316435216,0.378791964406094,-0.717243890297171
23182,0.50289874612377,0.466765538627477,-0.276394011473658
23188,0.423351759471484,0.289604961574761,0.639012713025004
23194,0.136443305918835,0.0732101928003236,0.956049928205993
23211,0.456788458945665,0.373870837265741,-0.416572422793237
23222,0.450721315895915,0.360995011460159,-0.412822149652428
23224,0.487798301199946,0.446137252258325,-0.755110790478493
23229,0.290413913981394,0.174598894431711,-0.124264633439795
23231,0.296346231630039,0.177699878657139,-0.106550204777393
23233,0.257651341512741,0.145544020493461,-0.226082734799721
23239,0.442631791829581,0.312457867062155,-0.221855126567346
23251,0.207631117702575,0.119320479978428,-0.301396806724713
23253,0.186328704327895,0.101253876230282,-0.261505599877175
23254,0.460968046379938,0.372455170554132,-0.26391213941887
23262,0.495078872859647,0.494000269650802,0.622862276123326
23263,0.395038425239315,0.264392611568019,-0.294927824868274
23264,0.371039503842524,0.230955912093838,0.573588731315903
23279,0.257651341512741,0.146083322097883,0.992449826033805
23282,0.463664554402049,0.369219360927599,0.49188652152098
23283,0.211810705136848,0.122893353107726,-0.0513434693676374
23296,0.210462451125792,0.122219226102198,-0.339812747856276
23301,0.13293784549009,0.0709181609815289,-0.0610200261695309
23308,0.103411082647971,0.0554806525549414,-0.0693194492442422
23312,0.104085209653499,0.0558177160577052,0.996206268365774
23315,0.455305379533504,0.368680059323176,-0.187059591954852
23324,0.099635971417015,0.0549413509505191,1
23328,0.210057974922475,0.121342860995011,0.622860207868974
23332,0.373331535661319,0.251786436564649,0.952521717210227
23342,0.400431441283538,0.265875690980181,0.997701145485468
23351,0.209788324120264,0.120938384791695,0.999687127878133
23355,0.318053121208036,0.187205069435082,1
23356,0.318053121208036,0.187205069435082,0.850223022880279
23359,0.253471754078468,0.142645274369691,-0.384266282567011
23360,0.493730618848591,0.499662936497236,-0.395011170340134
23361,0.257651341512741,0.145004718889039,0.999151340697391
23365,0.256842389106108,0.144600242685722,0.385412426952726
23368,0.383847916947553,0.248280976135904,0.990519003074135
23370,0.131994067682351,0.0695024942699205,-0.245183291322447
23373,0.256977214507213,0.144532829985169,0.382356012218235
23375,0.133072670891196,0.0700417958743427,-0.107626775426516
23378,0.257246865309424,0.144937306188486,0.710881812243825
23383,0.455170554132399,0.375353916677902,0.495574523564104
23387,0.183632196305784,0.102736955642443,0.99854318483718
23388,0.183632196305784,0.102736955642443,-0.264880652821887
23389,0.480248078738034,0.37481461507348,0.523011627148483
23394,0.359983820951867,0.231360388297155,-0.225429446029281
23407,0.30119994606984,0.177160577052717,0.745454435609473
23410,0.298098961844411,0.176149386544425,0.963708887967857
23422,0.279493056491843,0.169542941890252,0.950149846300903
23423,0.298368612646623,0.175744910341108,0.420129731470784
23435,0.486989348793313,0.430227854927868,0.998770795083796
23437,0.472697856276122,0.371578805446946,-0.371294330252298
23439,0.266280167183497,0.155386274774167,0.99635371387639
23452,0.299177565053256,0.177632465956586,-0.127968292369426
23458,0.400835917486855,0.277403262774707,0.685757589207713
23467,0.490090333018741,0.354253741404881,0.997470830993493
23469,0.492652015639747,0.352163947687744,0.99743034824912
23470,0.492921666441958,0.352029122286639,0.988485037740068
23478,0.491303761628691,0.350546042874478,0.997748631750961
23487,0.492652015639747,0.349332614264527,-0.674798704809582
23489,0.290953215585816,0.175138196036133,-0.266145906158947
23490,0.37845490090333,0.241944182283942,-0.512591042122587
23492,0.200755022246191,0.110219765403802,0.442925246080195
23494,0.202642577861669,0.111028717810435,-0.316686996060437
23496,0.406903060536605,0.287852231360388,0.344079303498293
23510,0.459619792368882,0.350074153970608,-0.341230810471462
23511,0.281245786706215,0.169071052986383,0.999760161128062
23512,0.28111096130511,0.169138465686935,1
23514,0.198867466630713,0.110219765403802,0.979600741649632
23533,0.237427531346906,0.136645544020493,0.962951107079375
23548,0.365916138600512,0.241472293380073,0.99761311576296
23555,0.184845624915734,0.10024268572199,-0.153362036707041
23557,0.113657813131994,0.0597950653903195,0.48127020881856
23563,0.25616826210058,0.150465147633814,-0.106615658518362
23568,0.386409599568559,0.255224484292841,0.995691655067627
23572,0.451395442901443,0.356882836726439,0.904362415030863
23576,0.450316839692598,0.347579884050155,0.561854501107833
23583,0.244977753808818,0.141903734663611,-0.173097499532031
23586,0.412565727383039,0.294593501415667,0.52018557754875
23587,0.186598355130107,0.101119050829176,-0.114336175793981
23594,0.404880679520022,0.290616152083052,0.525418246133593
23602,0.496696777672914,0.411891600377511,0.616776702947923
23603,0.359174868545234,0.219091276796548,-0.224817924332211
23604,0.254145881083996,0.149993258729945,-0.22471262511386
23607,0.359714170149656,0.219630578400971,0.547860409019727
23609,0.335175947148443,0.20870972091142,0.552427808019732
23614,0.253471754078468,0.14938654442497,0.511276336589866
23617,0.261291627342591,0.155049211271404,0.996923277559741
23618,0.259673722529325,0.154375084265876,-0.169370535502562
23631,0.213158959147903,0.118174464069031,-0.0997824856163634
23634,0.46272077659431,0.347579884050155,0.956806184793608
23635,0.439665633005258,0.331872724821356,1
23652,0.310368073345018,0.187542132937845,1
23656,0.310502898746124,0.187744371039504,0.988966360878011
23659,0.330591883510853,0.210866927329109,0.624175993449403
23669,0.263583659161386,0.153094242955373,0.651293739075835
23684,0.49467439665633,0.433531077254955,-0.391531651594643
23690,0.146150734798436,0.0781987326412296,-0.195777263144966
23701,0.133207496292301,0.0705136847782122,0.437825722485283
23704,0.454361601725765,0.405689631926655,-0.22114182446045
23705,0.133611972495618,0.0707159228798706,0.438973474805841
23706,0.407577187542133,0.284683834434407,0.987636893843334
23720,0.447620331670487,0.349602265066739,0.559809051472611
23733,0.394903599838209,0.269718214911689,-0.388155563234077
23736,0.508022111365781,0.441418363219631,0.998168158037881
23742,0.503033571524875,0.406700822434947,0.914308372270811
23748,0.429823378724552,0.287312929755966,-0.318759548448586
23750,0.43171093434003,0.288256707563705,-0.165658075662631
23758,0.351354995281111,0.219091276796548,0.787500659635765
23763,0.324389915059997,0.219630578400971,-0.140335174421553
23771,0.45544020493461,0.353916677902117,0.999706433196243
23781,0.330726708911959,0.209586086018606,-0.123675159477886
23788,0.294458676014561,0.164217338546582,-0.107074991849617
23790,0.391802615612781,0.26344883376028,-0.218392003692137
23794,0.364298233787246,0.222327086423082,-0.340382915245054
23803,0.107186193878927,0.0615477956046919,-0.207475413090487
23808,0.356748011325334,0.220304705406499,0.748164880392363
23815,0.439395982203047,0.327827962788189,-0.30337020663568
23820,0.445732776055009,0.334366994741809,0.994545213377209
23824,0.107860320884455,0.057165970068761,-0.214382645858598
23826,0.451530268302548,0.400633679385196,0.725420807849882
23850,0.523796683295133,0.47869758662532,0.378686464882091
23852,0.18862073614669,0.105770527167318,0.462113639542113
23860,0.519077794256438,0.494404745854119,0.368048567365653
23866,0.449777538088176,0.306997438317379,0.529326222395691
23869,0.50411217473372,0.405217743022785,0.998683991297513
23874,0.344613725225833,0.200755022246191,-0.164287946803727
23878,0.377645948496697,0.235068086827558,0.999408226137924
23882,0.362275852770662,0.221585546717001,-0.248139782701512
23887,0.281380612107321,0.168868814884724,-0.217054188294886
23894,0.299582041256573,0.177565053256033,-0.186945815399648
23902,0.331266010516381,0.201901038155588,0.548200137971236
23905,0.498719158689497,0.440811648914656,0.487450848868559
23907,0.326412296076581,0.199204530133477,0.757330488339654
23917,0.454496427126871,0.338344344074424,0.805927195840811
23944,0.514628556019954,0.417352029122287,0.177660921897274
23946,0.482000808952407,0.396993393555346,0.932085280287152
23951,0.516920587838749,0.481057031144668,-0.30613762419229
23953,0.482540110556829,0.399689901577457,-0.780827917236824
23959,0.492517190238641,0.391735202912229,0.996337684155254
23962,0.492652015639747,0.390993663206148,-0.323078183900715
23968,0.528380746932722,0.484764729675071,-0.766733462340024
23974,0.492382364837535,0.39031953620062,-0.273862103088993
23979,0.481191856545773,0.387555615477956,0.99985603865233
23983,0.495078872859647,0.390724012403937,0.989084710539747
23985,0.495348523661858,0.390724012403937,0.990865189006608
23986,0.495078872859647,0.39153296481057,0.993828164027068
23989,0.527976270729405,0.482000808952407,-0.313226078122739
24000,0.522987730888499,0.485169205878388,0.31929367563176
24005,0.498179857085075,0.484090602669543,0.777605280922597
24012,0.174059592827289,0.0968720506943508,0.98270441680567
24023,0.524066334097344,0.46925980854793,0.984907288227983
24032,0.53390858837805,0.4697316974518,-0.806917033753621
24033,0.519751921261966,0.433396251853849,0.99883384503974
24034,0.520021572064177,0.433126601051638,0.999124831268871
24036,0.520560873668599,0.433800728057166,0.984306229458353
24038,0.437912902790886,0.309289470136174,0.998868001726191
24054,0.431306458136713,0.303559390589187,0.714771003552165
24060,0.517055413239854,0.454294189025212,0.75106706867453
24061,0.438317378994203,0.3208170419307,0.993639648135387
24068,0.434811918565458,0.339288121882163,0.998106268433763
24069,0.435216394768774,0.340029661588243,-0.17792219403987
24082,0.2348658487259,0.132398543885668,0.997597327479108
24085,0.235944451934745,0.132803020088985,0.996999437281981
24094,0.482674935957934,0.42227315626264,0.992076855813799
24105,0.458676014561143,0.385330996359714,-0.45411284772365
24108,0.528245921531617,0.453148173115815,0.99694412598113
24112,0.326412296076581,0.192463260078199,0.998402235079229
24123,0.235000674127006,0.132600781987326,0.492202983377536
24125,0.235674801132533,0.133072670891196,0.888620955495745
24145,0.276392072266415,0.156397465282459,0.998660725990664
24146,0.277066199271943,0.156734528785223,0.997319242065257
24153,0.232978293110422,0.12929755966024,0.78428411377781
24157,0.232708642308211,0.12929755966024,0.991637462561646
24160,0.318187946609141,0.192126196575435,0.773040123162998
24164,0.475259538897128,0.361129836861265,0.526099935912533
24184,0.494539571255224,0.415397060806256,1
24188,0.229472832681677,0.127949305649184,0.999689694356227
24190,0.229472832681677,0.127949305649184,0.461855738186738
24193,0.21113657813132,0.116623971956317,-0.220041637547739
24194,0.444519347445059,0.299244977753809,-0.21794387072715
24200,0.266145341782392,0.15424025886477,0.979772484451037
24203,0.153835782661453,0.0897263044357557,0.983428735931213
24205,0.396251853849265,0.255022246191182,0.940797156632466
24207,0.0876365107186194,0.0461102871781044,0.281964767061328
24212,0.466226237023055,0.385600647161925,0.999859983683347
24219,0.275717945260887,0.162397195631657,-0.0727099488476515
24222,0.204530133477147,0.116961035459081,0.461744644488617
24233,0.397465282459215,0.271403532425509,0.602060352773949
24241,0.0875016853175138,0.0498179857085075,-0.097663265001662
24247,0.0844007010920858,0.0484023189968991,0.396043956074844
24251,0.395847377645949,0.27288661183767,0.999661270698261
24255,0.482135634353512,0.408655790750977,0.998469327975909
24265,0.251314547660779,0.14358905217743,0.983840694887195
24272,0.43049750573008,0.291964406094108,-0.221424667013317
24273,0.191586894971013,0.106309828771741,-0.0836003792684147
24274,0.0942429553727922,0.0539975731427801,-0.150055174774382
24277,0.410812997168667,0.278751516785762,-0.149810904069096
24281,0.307671565322907,0.195901307806391,0.995817225046374
24288,0.170419306997438,0.0989618444114871,0.998914124558958
24290,0.173655116623972,0.0965349871915869,-0.225017453394279
24297,0.273021437238776,0.164284751247135,-0.12375124547336
24307,0.409734393959822,0.286841040852096,0.999835101918265
24309,0.366859916408251,0.231697451799919,-0.121684743699495
24315,0.368612646622624,0.237832007550222,0.999244336699749
24316,0.368882297424835,0.238101658352434,0.999811062901241
24330,0.166374544964271,0.0970742887960092,0.99816996874077
24344,0.167048671969799,0.0978158285020898,-0.0921280095830949
24359,0.458136712956721,0.370904678441418,-0.290659554132
24361,0.170149656195227,0.0982877174059593,0.682740181173355
24370,0.46272077659431,0.379803154914386,-0.503960130276999
24376,0.425374140488068,0.295335041121747,0.994545122000285
24377,0.424969664284751,0.295806930025617,-0.200368422550521
24389,0.254280706485102,0.151543750842659,-0.120214729238479
24398,0.416071187811784,0.284481596332749,-0.32259174891582
24402,0.16731832277201,0.0908049076446003,0.575212189836288
24423,0.0291222866388028,0.0192800323580963,-0.123284296424093
24424,0.460024268572199,0.357691789133073,-0.201926778802454
24426,0.417689092625051,0.298098961844412,-0.313189226039051
24429,0.416745314817312,0.299244977753809,0.643831463734086
24431,0.445058649049481,0.322165295941755,-0.31117870415566
24434,0.480113253336929,0.448227045975462,0.995625472754699
24435,0.48159633274909,0.448159633274909,-0.239198907308082
24438,0.327221248483214,0.202440339760011,0.502831419763014
24446,0.48645004718889,0.453282998516921,-0.451434184413583
24448,0.483483888364568,0.457732236753404,1
24455,0.417149791020628,0.294728326816772,-0.277973008619456
24461,0.316435216394769,0.194890117298099,-0.3251840458674
24462,0.407846838344344,0.289942025077525,-0.256556862791779
24463,0.267628421194553,0.155521100175273,0.571478627124399
24467,0.123095591209384,0.065592557637859,-0.112776228773934
24471,0.126331400835917,0.065592557637859,-0.206456613902181
24474,0.433598489955508,0.307671565322907,0.99935619775853
24487,0.460024268572199,0.376432519886747,-0.676821821141227
24488,0.493056491843063,0.429890791425104,0.865426776466682
24496,0.487528650397735,0.42227315626264,0.989638309945408
24509,0.357826614534178,0.242281245786706,-0.462638691817019
24511,0.485775920183363,0.420992314952137,-0.594343068639351
24515,0.49346096804638,0.416745314817312,0.99126940507294
24517,0.494000269650802,0.417149791020628,0.999014076690721
24531,0.284211945530538,0.181205339085884,0.824939029435301
24538,0.115545368747472,0.0611433194013752,0.417431155723491
24540,0.370635027639207,0.250977484158015,0.989701352988718
24541,0.368882297424835,0.253067277875152,0.994774043082518
24552,0.312929755966024,0.201496561952272,1
24556,0.299716866657678,0.190980180666038,-0.293004379103057
24561,0.488472428205474,0.420453013347715,0.99321643221974
24568,0.0401779695294594,0.0210327625724687,-0.134429974089919
24569,0.506404206552515,0.499797761898342,-0.618398017063222
24570,0.416071187811784,0.288391532964811,0.618199342455239
24571,0.505864904948092,0.499797761898342,0.977895493119596
24572,0.510448968585682,0.495078872859647,0.487146368171771
24577,0.508561412970204,0.497505730079547,-0.524926091720228
24578,0.323715788054469,0.213361197249562,-0.524670458625762
24583,0.510314143184576,0.497842793582311,0.989688042093367
24585,0.508696238371309,0.4951462855602,-0.161001889838549
24587,0.508696238371309,0.4951462855602,0.985881329994195
24601,0.154779560469192,0.0804907644600242,-0.0894315073504411
24604,0.248078738034246,0.139139813940946,0.707469729528706
24621,0.254685182688418,0.142173385465822,0.997687384024919
24625,0.155318862073615,0.0807604152622354,0.998094629896163
24626,0.155318862073615,0.0806255898611299,0.543994935724844
24631,0.347040582445733,0.216259943373332,-0.34249174468032
24639,0.0564918430632331,0.0301334771470945,-0.136865314619208
24644,0.471888903869489,0.375353916677902,0.921976951674524
24659,0.0761763516246461,0.0403802076311177,0.939427286730184
24663,0.422677632465957,0.302345961979237,0.997279035751521
24708,0.320614803829041,0.193609275987596,-0.105362064968106
24717,0.38425239315087,0.243764325198867,0.296350344315194
24734,0.0613455575030336,0.0313469057570446,-0.0832276708643153
24736,0.0537953350411217,0.0275717945260887,0.997475121257316
24740,0.355534582715384,0.217405959282729,0.988428230348811
24747,0.23122556289605,0.127477416745315,-0.185921905665596
24750,0.348388836456788,0.214911689362276,-0.227247211110814
24758,0.48280976135904,0.454159363624107,0.997749367106464
24798,0.499797761898342,0.485573682081704,0.979431867069545
24801,0.12808413105029,0.0672778751516786,0.956680899159049
24804,0.502089793717136,0.433059188351085,-0.865052306438738
24809,0.5278414453283,0.497977618983417,0.999572109507059
24811,0.527571794526089,0.497977618983417,0.998715524309687
24813,0.528380746932722,0.498516920587839,0.99842881097718
24817,0.133072670891196,0.0701766212754483,0.188197100046785
24825,0.293245247404611,0.170891195901308,-0.349977110700338
24835,0.493865444249697,0.494606983955777,0.216230438297325
24866,0.12565727383039,0.0657947957395173,-0.213547269556965
24876,0.126601051638129,0.0661318592422813,-0.177747907955113
24880,0.0647161925306728,0.0328973978697586,-0.060321090077688
24898,0.0707833355804234,0.0359309693946339,-0.101683699693014
24901,0.0757718754213294,0.0385600647161926,0.962314382857913
24902,0.0706485101793178,0.0358635566940811,-0.0419392375440874
24904,0.109478225697721,0.0560873668599164,-0.123763330906145
24913,0.427935823109074,0.290144263179183,0.32838039106556
24932,0.522178778481866,0.4951462855602,-0.160376120815033
24936,0.0656599703384118,0.0335041121747337,-0.0239049635783622
24939,0.0652554941350951,0.0333018740730754,0.180159908825569
24942,0.281919913711743,0.166172306862613,0.984177971581634
24969,0.276526897667521,0.166172306862613,0.999757270790911
24972,0.0655251449373062,0.0357287312929756,1
24975,0.0667385735472563,0.034043413779156,-0.0858847111397112
24980,0.0660644465417285,0.0338411756774977,0.361990706648933
24995,0.0701092085748955,0.0368073345018202,-0.0251908883566276
25003,0.513145476607793,0.440474585411892,-0.575875117671313
25008,0.130645813671296,0.0723338276931373,0.707365234366312
25012,0.486584872589996,0.404678441418363,-0.650628249605454
25015,0.265201563974653,0.163475798840502,1
25024,0.0660644465417285,0.034650128084131,0.999004384848232
25034,0.210866927329109,0.11985978158285,-0.299662972280599
25041,0.0710529863826345,0.0368747472023729,0.247680307343438
25048,0.319536200620197,0.197654038020763,-0.100492587461662
25053,0.0726708911959013,0.0375488742079008,1
25058,0.240932991775651,0.13826344883376,-0.186276858119648
25070,0.25158419846299,0.143049750573008,-0.184860474161274
25071,0.239854388566806,0.137454496427127,-0.184860474161274
25092,0.487798301199946,0.411217473371983,-0.332113879885255
25094,0.151274100040448,0.080895240663341,0.999538936826823
25099,0.487258999595524,0.409869219360928,0.996772121388279
25101,0.175677497640555,0.0972765268976675,-0.342271638590968
25117,0.414857759201834,0.283740056626668,-0.337043316670211
25119,0.48523661857894,0.406970473237158,0.895166325774352
25124,0.159093973304571,0.0850748280976136,0.988229671597862
25135,0.389240932991776,0.274841580153701,0.985417199012107
25136,0.389780234596198,0.272819199137117,0.976948269011392
25137,0.37966832951328,0.266549817985709,1
25145,0.386948901172981,0.271268707024403,0.981684977596788
25148,0.378994202507752,0.265538627477417,0.981432627428794
25157,0.2905487393825,0.179385196170959,0.976528786707344
25158,0.300930295267628,0.186463529729001,0.683231845604245
25163,0.265471214776864,0.154038020763112,0.588147320405362
25164,0.434272616961035,0.342793582310907,0.579763023756706
25167,0.297964136443306,0.184306323311312,-0.156949903019338
25180,0.48038290413914,0.391600377511123,0.999429463521561
25191,0.43292436294998,0.312323041661049,0.998576719095445
25195,0.251044896858568,0.151274100040448,0.946517712248187
25201,0.253876230281785,0.144195766482405,-0.32494900246908
25205,0.488742079007685,0.440137521909128,0.999728643141406
25207,0.50532560334367,0.425239315086962,-0.339056463729651
25215,0.498449507887286,0.42759875960631,-0.593099311596651
25218,0.0636375893218282,0.0326277470675476,0.203906930774591
25220,0.260213024133747,0.14938654442497,-0.33821832115702
25222,0.260617500337063,0.149588782526628,0.990219227884279
25228,0.509100714574626,0.417014965619523,0.992066100451335
25231,0.257920992314952,0.14770122691115,-0.337799961112149
25232,0.508831063772415,0.41863287043279,-0.343245266368548
25233,0.256033436699474,0.146892274504517,-0.0889569480743565
25241,0.306997438317379,0.181812053390859,-0.398014322871243
25250,0.49831468248618,0.427666172306863,-0.376511814069473
25253,0.497236079277336,0.427261696103546,0.999440468494392
25257,0.154644735068087,0.0839288121882162,1
25263,0.253471754078468,0.144128353781853,0.998598507620977
25265,0.216799244977754,0.121208035593906,0.622491295493187
25267,0.355130106512067,0.234461372522583,0.912437813109816
25273,0.450451665093704,0.329985169205878,1
25276,0.254820008089524,0.144667655386275,-0.0843156667374753
25286,0.0664689227450452,0.034043413779156,-0.0860899022017683
25287,0.252662801671835,0.142914925171902,-0.361606990646932
25302,0.47795604691924,0.432991775650533,0.995998911935983
25334,0.392881218821626,0.288121882162599,-0.283413932813873
25341,0.263718484562492,0.157610893892409,-0.221911320869329
25343,0.182823243899151,0.100444923823648,-0.151026096248968
25344,0.262505055952541,0.157408655790751,-0.123067052057266
25348,0.157341243090198,0.0968720506943508,-0.161560190065132
25359,0.430767156532291,0.334569232843468,0.98998103402397
25361,0.42470001348254,0.338546582176082,0.999856910545907
25365,0.486719697991102,0.496561952271808,0.999868693992838
25371,0.369151948227046,0.257651341512741,-0.42478981822757
25374,0.441013887016314,0.336456788458946,-0.141512593383702
25383,0.26560604017797,0.158554671700148,0.77807007495249
25389,0.385330996359714,0.284481596332749,0.451270048026247
25392,0.432115410543346,0.326614534178239,-0.255203078826421
25396,0.483349062963462,0.477618983416476,-0.406328322199708
25399,0.277201024673048,0.172441688014022,-0.0849267658938039
25400,0.0676823513549953,0.0366725091007146,-0.137170462030875
25402,0.425778616691385,0.32978293110422,0.881806815445207
25405,0.474315761089389,0.393420520426048,0.960999889608631
25406,0.471079951462856,0.411756774976406,-0.136730233181585
25419,0.321154105433464,0.205743562087097,1
25424,0.063098287717406,0.0338411756774977,1
25430,0.257516516111635,0.159228798705676,-0.121849404268998
25434,0.370500202238102,0.24673048402319,0.58139670301532
25437,0.192126196575435,0.107388431980585,-0.0983741827408497
25440,0.189699339355535,0.106444654172846,0.318460858478655
25441,0.474315761089389,0.490899285425374,0.256767991355947
25443,0.4745854118916,0.490764460024269,0.222506145583531
25444,0.0945126061750034,0.0506269381151409,0.986281817102971
25446,0.162599433733315,0.0949170823783201,-0.117951883055424
25451,0.190777942564379,0.12397195631657,0.998338930931772
25453,0.190508291762168,0.123702305514359,0.999723157111521
25454,0.190373466361062,0.123769718214912,0.999446485289041
25458,0.0617500337063503,0.034650128084131,-0.0638144430640736
25463,0.146420385600647,0.0821086692732911,-0.105057026691071
25476,0.195362006201968,0.109410812997169,0.973968976808387
25480,0.18498045031684,0.105433463664554,1
25488,0.405419981124444,0.317041930699744,-0.121549002661272
25502,0.0682216529594176,0.0370769853040313,-0.0992393005496939
25510,0.204530133477147,0.118713765673453,-0.0837032452967435
25514,0.320884454631253,0.211945530537953,0.639003775053664
25523,0.373331535661319,0.253404341377916,0.997188018062005
25526,0.110826479708777,0.0586490494809222,1
25529,0.111096130510988,0.0587838748820277,-0.0391721490912666
25537,0.316030740191452,0.195766482405285,1
25553,0.202777403262775,0.117298098961844,0.599717523483056
25558,0.34407442362141,0.234731023324794,0.607922439800175
25562,0.180531212080356,0.0976810031009843,0.999216203053831
25575,0.102871781043549,0.0539975731427801,0.999336115393177
25584,0.180531212080356,0.101051638128623,-0.187369225591766
25589,0.429284077120129,0.306592962114062,0.989189301423539
25592,0.0981528920048537,0.0506943508156936,-0.178133479685913
25596,0.429823378724552,0.307941216125118,-0.161639501731584
25601,0.430901981933396,0.30848051772954,0.9966529242441
25614,0.18039638667925,0.0965349871915869,0.991192865852832
25616,0.449103411082648,0.346433868140758,0.691359319809861
25617,0.316300390993663,0.203721181070514,-0.111283151010722
25636,0.429688553323446,0.313671295672105,0.932337873967009
25643,0.499393285695025,0.466900364028583,-0.545688553964392
25645,0.36537683699609,0.249696642847512,1
25652,0.372118107051368,0.24430362680329,0.800814701273324
25656,0.0951867331805312,0.0501550492112715,0.315749780783356
25660,0.464338681407577,0.367129567210462,0.743478675115353
25661,0.374949440474585,0.245854118916004,0.851339275781073
25669,0.44721585546717,0.329580693002562,0.888533933857187
25692,0.426722394499124,0.371241741944182,0.700186852931451
25696,0.259134420924902,0.152217877848187,0.99816448494814
25698,0.259404071727113,0.152352703249292,0.525504637204604
25709,0.0891195901307806,0.0469866522852905,0.251058665508059
25713,0.0892544155318862,0.0470540649858433,0.99925167780599
25721,0.274234865848726,0.170419306997438,0.608489196164762
25729,0.24551705541324,0.149319131724417,1
25741,0.0884454631252528,0.0466495887825267,-0.189873644271092
25748,0.252527976270729,0.145678845894567,-0.183528180274183
25749,0.291222866388028,0.175138196036133,-0.367622967383732
25750,0.489146555211002,0.392881218821626,0.999855047628559
25751,0.489011729809896,0.392813806121073,0.478338737868449
25755,0.0999056222192261,0.0534582715383578,-0.108484208534574
25757,0.292166644195766,0.175475259538897,-0.184030567385957
25758,0.243764325198867,0.13752190912768,-0.207899954232077
25763,0.254415531886207,0.146218147498989,-0.184554557793465
25765,0.0912767965484697,0.0480652554941351,-0.16359963081201
25777,0.194148577592018,0.108804098692194,-0.0874617809431992
25785,0.31090737494944,0.202777403262775,-0.418269458335985
25791,0.316839692598085,0.197923688822974,0.703625109178847
25793,0.19563165700418,0.110759067008224,-0.143616863008277
25800,0.332344613725226,0.206754752595389,-0.175279225131138
25804,0.493595793447485,0.411015235270325,0.940079004555353
25808,0.462316300390994,0.381758123230417,0.878365088004906
25809,0.498584333288392,0.440070109208575,0.315681773881138
25853,0.352029122286639,0.230214372387758,-0.19591364916499
25857,0.351220169880005,0.228596467574491,-0.18907492697173
25861,0.202238101658352,0.111096130510988,-0.153908215723741
25870,0.189699339355535,0.107523257381691,0.420705293243374
25871,0.495078872859647,0.39490359983821,0.4577976726031
25878,0.432385061345557,0.305042470001348,0.998052572490124
25888,0.294728326816772,0.190103815558851,-0.181898027644442
25902,0.378589726304436,0.261426452743697,0.832091816306561
25908,0.426183092894701,0.313940946474316,0.874361470010432
25911,0.379803154914386,0.264999325872994,0.45373433961768
25912,0.201294323850613,0.115208305244708,0.997390487462702
25913,0.201833625455036,0.115477956046919,0.291541129830688
25916,0.038425239315087,0.0194822704597546,0.991237036702347
25918,0.038425239315087,0.0194822704597546,0.970542573910139
25926,0.267223944991236,0.170149656195227,-0.199515035323737
25947,0.252662801671835,0.159902925711204,0.995041998636922
25953,0.298503438047728,0.201294323850613,0.787841525077407
25956,0.233517594714844,0.140757718754213,0.952116089880118
25959,0.218282324389915,0.132735607388432,1
25961,0.415397060806256,0.340097074288796,0.588034421341295
25975,0.460833220978832,0.36173655116624,0.752827353068893
25978,0.465417284616422,0.360657947957395,0.894119490987562
25989,0.447620331670487,0.350006741270055,-0.0622881315649084
26000,0.452339220709182,0.363421868680059,-0.465607065365476
26004,0.284616421733855,0.174666307132264,0.915424661906168
26005,0.260213024133747,0.151948227045975,-0.0328421840162892
26007,0.355399757314278,0.22300121342861,-0.194646933119389
26018,0.167453148173116,0.0935688283672644,-0.264130395419539
26032,0.456923284346771,0.361129836861265,0.998987665984446
26037,0.456383982742349,0.360455709855737,-0.393542855046152
26043,0.361871376567345,0.223675340434138,-0.281075288812063
26048,0.362410678171768,0.245921531616557,-0.278371856462968
26052,0.361601725765134,0.225832546851827,0.805448297621036
26056,0.429688553323446,0.33632196305784,-0.581502374601773
26064,0.467709316435216,0.371646218147499,-0.609373407327339
26068,0.404071727113388,0.298570850748281,0.98464905286805
26071,0.170149656195227,0.0993663206148039,0.982015048024167
26075,0.444384522043953,0.356073884319806,-0.117925603442726
26077,0.0608062558986113,0.0347175407846838,-0.168172659809275
26080,0.465821760819738,0.404273965215047,0.997018477013545
26085,0.45085614129702,0.357422138330862,0.846942201132233
26096,0.372252932452474,0.23655116623972,0.972751788911569
26099,0.370500202238102,0.244033976001079,0.990067713300195
26108,0.3510853444789,0.229607658082783,0.999621803631726
26136,0.0764460024268572,0.0403802076311177,-0.0801817023690943
26146,0.218821625994337,0.122488876904409,0.998404734170616
26150,0.501550492112714,0.42834029931239,0.998309381071177
26154,0.50047188890387,0.427666172306863,0.995504235363899
26157,0.311042200350546,0.18909262505056,0.734709417774648
26163,0.447755157071592,0.320547391128489,0.999681707387496
26165,0.49831468248618,0.416206013212889,0.972335857386177
26174,0.223675340434138,0.124376432519887,-0.220070072358689
26177,0.343804772819199,0.212754482944587,0.730197873179797
26179,0.450586490494809,0.319805851422408,0.850907941097957
26180,0.494404745854119,0.387016313873534,0.628689374210577
26189,0.383173789942025,0.246460833220979,0.991261064347018
26190,0.386814075771875,0.249224753943643,0.993494920597026
26200,0.368073345018201,0.242281245786706,1
26207,0.383173789942025,0.249426992045301,0.999262429615448
26208,0.383443440744236,0.249292166644196,0.996127858298938
26210,0.381825535930969,0.248887690440879,0.71915611182847
26226,0.490629634623163,0.415868949710125,0.101119380631442
26229,0.495348523661858,0.45206956990697,-0.605631934301452
26238,0.497236079277336,0.451934744505865,-0.788699393223876
26240,0.497370904678441,0.447148442766617,0.975957667568111
26248,0.396251853849265,0.264460024268572,0.999646931562039
26250,0.396386679250371,0.264392611568019,0.657283264047047
26253,0.404071727113388,0.261089389240933,0.678215197732276
26254,0.496427126870702,0.421868680059323,0.668520454067494
26259,0.493865444249697,0.435688283672644,0.621930543321514
26266,0.429553727922341,0.314412835378185,0.999844223907972
26272,0.42712687070244,0.310637724147229,1
26280,0.445328299851692,0.316907105298638,1
26288,0.503977349332614,0.494809222057436,-0.659726804724157
26290,0.450182014291493,0.312997168666577,-0.306523202702726
26304,0.509235539975731,0.49635971417015,0.836203241921401
26309,0.258325468518269,0.147229338007281,0.717022915031368
26316,0.343400296615882,0.216327356073884,-0.180205597070147
26325,0.182688418498045,0.105770527167318,-0.272164654917972
26327,0.330591883510853,0.215316165565593,0.922832699939828
26336,0.360118646352973,0.24261830928947,-0.326090241072082
26339,0.395712552244843,0.262302817850883,0.998395682798258
26340,0.395847377645949,0.26223540515033,0.999821696766605
26351,0.420385600647162,0.291088040986922,-0.203301565893254
26357,0.171093434002966,0.0944451934744506,0.438804182347411
26358,0.464338681407577,0.363893757583929,0.794546052844114
26362,0.413105028987461,0.283268167722799,-0.207462591415981
26365,0.399083187272482,0.270055278414453,-0.396598115855384
26401,0.508291762167992,0.457732236753404,0.996244195130068
26403,0.459619792368882,0.35182688418498,0.996728774999097
26407,0.453148173115815,0.359646757449103,0.995273848851159
26409,0.505190777942564,0.442699204530133,-0.30903437775913
26410,0.182553593096939,0.107590670082244,1
26413,0.436294997977619,0.305244708103007,0.998363020221516
26419,0.411756774976406,0.295806930025617,0.999840077778155
26424,0.411756774976406,0.295941755426722,0.805817641876136
26433,0.350141566671161,0.224147229338007,-0.441927479299795
26443,0.510718619387893,0.445463125252798,0.728233007263257
26445,0.183362545503573,0.107590670082244,-0.118144483387204
26464,0.460968046379938,0.384589456653634,0.504903339197649
26474,0.164082513145477,0.0906700822434947,-0.163441150717467
26483,0.242416071187812,0.137656734528785,0.439525012603152
26487,0.153431306458137,0.0912767965484698,-0.0868922040481842
26499,0.32277201024673,0.206822165295942,0.99878714470176
26500,0.322232708642308,0.206552514493731,0.587606699552595
26501,0.506673857354726,0.42834029931239,0.27064304601505
26510,0.136578131319941,0.0767830659296211,0.64753328298049
26518,0.471888903869489,0.354860455709856,-0.208449794186701
26522,0.0206282863691519,0.010314143184576,-0.00480068330579259
26525,0.0207631117702575,0.0103815558851288,-0.0885901404324403
26531,0.487124174194418,0.381488472428205,0.992471466547785
26534,0.510044492382365,0.474652824592153,0.810194916710824
26542,0.470405824457328,0.414925171902386,1
26549,0.141297020358636,0.0795469866522853,0.974487110924701
26551,0.136712956721046,0.0769853040312795,0.99180236092732
26552,0.137791559929891,0.0775246056357017,-0.234006197053695
26553,0.495752999865175,0.385263583659161,0.913313612706015
26556,0.481461507347984,0.377578535796144,0.78767918245228
26561,0.409329917756505,0.300390993663206,0.999687499990264
26569,0.505864904948092,0.465552110017527,0.825401028268337
26573,0.480113253336929,0.418700283133342,-0.113339301289734
26590,0.504786301739248,0.42712687070244,0.997729920309399
26594,0.490764460024269,0.414588108399622,0.199162194613056
26599,0.134286099501146,0.0759067008224349,0.341957686352225
26605,0.459215316165566,0.339894836187138,-0.197116062582768
26619,0.462990427396522,0.344748550626938,0.996036171243258
26625,0.441957664824053,0.313873533773763,0.991211045036156
26642,0.443710395038425,0.36369151948227,0.870371915271322
26644,0.489146555211002,0.424565188081435,0.344994481256784
26652,0.378589726304436,0.253606579479574,0.999644139840524
26654,0.185250101119051,0.105028987461238,0.417359462123645
26659,0.466765538627477,0.374410138870163,-0.366769869790174
26666,0.133611972495618,0.0761089389240933,0.998635153439721
26678,0.490494809222057,0.439261156801941,1
26679,0.490494809222057,0.439261156801941,0.650826476537606
26684,0.135634353512202,0.0767156532290684,-0.0741709974255376
26686,0.12687070244034,0.0659970338411757,0.998317852408591
26688,0.389645409195092,0.272347310233248,0.999832769401894
26689,0.389510583793987,0.272279897532695,0.609057265808963
26692,0.510988270190104,0.466226237023055,0.521117006931986
26695,0.398678711069165,0.261898341647566,-0.0872745931455213
26702,0.163812862343265,0.0940407172711338,0.465270348065893
26705,0.170554132398544,0.0957934474855062,0.999233572599492
26706,0.170554132398544,0.0957934474855062,-0.101329349853826
26711,0.321019280032358,0.195024942699205,-0.141421989095084
26714,0.489146555211002,0.480922205743562,1
26716,0.162869084535526,0.0897937171363085,-0.0979514060920755
26718,0.280302008898476,0.165498179857085,-0.228828808842983
26723,0.377511123095591,0.253067277875152,0.536306836942921
26728,0.28111096130511,0.166172306862613,0.600023225611668
26740,0.148307941216125,0.0876365107186194,-0.211527359227882
26746,0.275448294458676,0.171160846703519,0.999307571536076
26747,0.275583119859782,0.170958608601861,0.999076821871674
26764,0.162599433733315,0.0861534313064581,0.334904035232702
26766,0.160846703518943,0.0883780504247,1
26767,0.160846703518943,0.0883780504247,1
26778,0.199676419037347,0.112781448024808,0.560272309928398
26779,0.400701092085749,0.289200485371444,0.491290947352342
26783,0.503572873129298,0.491640825131455,0.999457016955168
26791,0.192395847377646,0.107658082782796,-0.10322943568289
26792,0.14938654442497,0.0852096534987191,-0.102069353926978
26794,0.0640420655251449,0.0347175407846838,-0.16690650145895
26796,0.439126331400836,0.326344883376028,0.454731599085754
26798,0.375353916677902,0.236888229742483,-0.23596802775485
26803,0.142780099770797,0.0844681137926385,0.676432320122079
26806,0.272212484832142,0.172913576917891,-0.224298587872396
26807,0.342321693407038,0.213361197249562,-0.498056351670474
26820,0.164217338546582,0.0938384791694755,-0.161362469152815
26822,0.164217338546582,0.0938384791694755,1
26840,0.117298098961844,0.0659296211406228,-0.0829078594191806
26864,0.243899150599973,0.145544020493461,-0.277201690628347
26872,0.116489146555211,0.0656599703384118,-0.213854434654462
26879,0.115140892544155,0.065255494135095,0.326979226020658
26880,0.465821760819738,0.398206822165296,1
26887,0.229472832681677,0.135499528111096,0.997463745273472
26895,0.290413913981394,0.17554267223945,0.999065604099778
26896,0.289874612376972,0.175273021437239,-0.215411583817215
26901,0.438721855197519,0.327625724686531,0.986335690753571
26902,0.443440744236214,0.333355804233518,0.999848687418262
26904,0.440609410812997,0.329917756505326,1
26908,0.459350141566671,0.397937171363085,-0.377450657984632
26916,0.465282459215316,0.363421868680059,-0.274013060466727
26922,0.450990966698126,0.404813266819469,1
26925,0.464069030605366,0.375758392881219,0.953920090054055
26928,0.041526223540515,0.0230551435890521,-0.133865580379401
26929,0.48645004718889,0.453957125522448,-0.41757373415537
26937,0.376297694485641,0.253404341377916,-0.335297579748122
26938,0.407442362141027,0.313334232169341,-0.324955346371787
26942,0.475664015100445,0.436429823378725,0.511192838147153
26944,0.288121882162599,0.175879735742214,0.53628999822605
26954,0.464338681407577,0.398004584063638,-0.119875481448073
26956,0.422542807064851,0.318996899015775,0.96354079221496
26966,0.112309559120938,0.0628960496157476,0.98688425534724
26969,0.382634488337603,0.25616826210058,-0.414797790685458
26971,0.444654172846164,0.341512741000405,0.999555338154196
26978,0.44478899824727,0.343872185519752,0.992396232489775
26984,0.389240932991776,0.260010786032088,0.995576717613591
26995,0.390993663206148,0.260887151139275,1
27001,0.234191721720372,0.137724147229338,-0.302902074257951
27002,0.436025347175408,0.345153026830255,-0.51978298762687
27013,0.436294997977619,0.345422677632466,-0.309975885206984
27016,0.436699474180936,0.346568693541863,-0.387602521137593
27023,0.170284481596333,0.0936362410678172,-0.242674731820797
27034,0.24551705541324,0.144465417284616,-0.181027918655259
27041,0.274908992854254,0.167520560873669,0.63579383538742
27052,0.510044492382365,0.490157745719293,-0.675377243287827
27053,0.451125792099231,0.32735607388432,-0.676079943588548
27063,0.235944451934745,0.138465686935419,-0.170170978991519
27069,0.175947148442767,0.0957934474855062,0.995678723281184
27078,0.27747067547526,0.165161116354321,-0.321225221349407
27079,0.421329378454901,0.291559929890791,0.58580297359668
27082,0.339355534582715,0.22131589591479,-0.274448030820801
27083,0.299582041256573,0.182553593096939,-0.200292664107479
27091,0.23850613455575,0.140690306053661,-0.318858803885902
27092,0.471349602265067,0.422003505460429,0.915427163102294
27094,0.391937441013887,0.279021167587974,1
27095,0.391937441013887,0.279021167587974,0.567572964331118
27097,0.236888229742483,0.140690306053661,-0.331781393967651
27102,0.144128353781853,0.0778616691384657,-0.265825775238547
27104,0.478630173924767,0.429149251719024,0.904967729477717
27105,0.468383443440744,0.383308615343131,0.999293482728073
27121,0.235135499528111,0.146420385600647,0.629161924328057
27129,0.378724551705541,0.257583928812188,-0.131362632777193
27133,0.40798166374545,0.28596467574491,0.36964850526319
27145,0.446137252258325,0.35762437643252,0.999714873386586
27150,0.354455979506539,0.231158150195497,0.999243489491164
27163,0.508831063772415,0.486989348793313,0.978646538144934
27165,0.498045031683969,0.477012269111501,-0.409913290600402
27172,0.205473911284886,0.120938384791695,0.999693367987132
27174,0.471214776863961,0.385802885263584,1
27177,0.220169880005393,0.130713226371848,-0.0863518880469938
27179,0.40798166374545,0.28596467574491,-0.352867280411833
27181,0.415936362410678,0.292234056896319,-0.467324530940522
27188,0.324389915059997,0.203047054064986,0.691932073491766
27198,0.405285155723338,0.28111096130511,0.999665576888959
27216,0.341377915599299,0.221518134016449,-0.197728424769326
27227,0.40461102871781,0.282122151813402,0.577474007173523
27228,0.209653498719159,0.114803829041391,0.576227903352828
27234,0.344883376028044,0.237966832951328,0.828116213753323
27239,0.341512741000404,0.236011864635297,-0.296083208618546
27255,0.344748550626938,0.23776459484967,0.985161643879001
27259,0.48280976135904,0.389982472697856,-0.448844911327442
27260,0.34528785223136,0.239382499662936,-0.444469240113184
27261,0.465417284616422,0.36537683699609,-0.444377499344384
27277,0.333827693137387,0.226237023055144,-0.42906046277279
27283,0.472023729270595,0.374477551570716,0.977497405175991
27296,0.404341377915599,0.298031549143859,0.998285256415052
27302,0.419981124443845,0.295469866522853,-0.488186380422584
27330,0.463394903599838,0.361129836861265,-0.432058769400952
27334,0.495483349062963,0.408183901847108,0.955318143170828
27357,0.426183092894701,0.303559390589187,0.999839315208894
27360,0.245382230012134,0.142510448968586,-0.326115979773357
27374,0.31090737494944,0.197519212619658,0.774268382625821
27376,0.311042200350546,0.197451799919105,0.956081044140366
27383,0.248078738034246,0.143319401375219,-0.348688690316765
27388,0.503438047728192,0.495483349062963,-0.402341816597027
27397,0.194283402993124,0.104826749359579,-0.139291024837002
27399,0.194013752190913,0.104557098557368,-0.131778089821395
27408,0.431441283537819,0.309424295537279,0.991086285371737
27420,0.421599029257112,0.307469327221249,1
27421,0.421599029257112,0.307469327221249,0.999060963528712
27425,0.313469057570446,0.19151948227046,0.554643169978727
27434,0.493326142645274,0.433126601051638,-0.304812878663149
27447,0.226776324659566,0.127140353242551,0.979824543403019
27448,0.225293245247405,0.126668464338681,0.524955551964436
27449,0.456249157341243,0.337602804368343,0.508175936280318
27456,0.290953215585816,0.183632196305784,-0.171750595241104
27458,0.459350141566671,0.359646757449103,0.314261425347086
27462,0.19347445058649,0.117230686261292,0.451617381309441
27477,0.478090872320345,0.426587569098018,0.398327559641961
27497,0.490090333018741,0.438924093299178,-0.562631105206355
27499,0.375219091276797,0.249089928542537,0.998735873800074
27510,0.19684508561413,0.113388162329783,-0.226649847884542
27531,0.248348388836457,0.146824861803964,1
27534,0.498045031683969,0.430901981933396,0.259243001823017
27537,0.500202238101658,0.429149251719024,0.697413170858078
27568,0.481191856545773,0.430160442227316,0.999865021072262
27570,0.481191856545773,0.430160442227316,0.696360832497813
27573,0.206013212889308,0.117702575165161,0.349324089386264
27581,0.233382769313739,0.132061480382904,-0.246238265207653
27588,0.475259538897128,0.404139139813941,0.659064763420167
27597,0.0551435890521774,0.0289200485371444,-0.169899105658069
27612,0.203316704867197,0.115815019549683,-0.178761464899381
27631,0.207361466900364,0.118376702170689,-0.158340562870777
27644,0.168936227585277,0.0897263044357557,-0.137345588880964
27649,0.222866388027504,0.133814210597276,0.4744333497309
27651,0.47337198328165,0.428407712012943,-0.506288022949875
27652,0.385600647161925,0.252662801671835,0.598848278356768
27653,0.492112714035324,0.491843063233113,0.730345353200159
27659,0.338681407577188,0.212889308345692,-0.250812331713463
27660,0.309424295537279,0.192463260078199,-0.367728173232982
27662,0.381016583524336,0.253202103276257,-0.205235836013155
27670,0.212619657543481,0.124106781717676,0.904464241355315
27672,0.155049211271404,0.0876365107186194,-0.114883259350276
27676,0.207765943103681,0.117095860860186,-0.264573989103406
27677,0.440070109208575,0.371848456249157,0.997276572819992
27686,0.168936227585277,0.0894566536335446,-0.163353610639966
27702,0.207765943103681,0.116286908453553,-0.280100739249638
27704,0.167857624376433,0.0887825266280167,-0.160860581867541
27706,0.184171497910206,0.104085209653499,0.403218492081393
27708,0.44020493460968,0.372859646757449,-0.475123078408974
27712,0.434946743966563,0.340029661588243,-0.24832686674639
27717,0.182149116893623,0.102939193744101,-0.112269536215205
27724,0.166779021167588,0.0879735742213833,-0.102560971479303
27738,0.279088580288526,0.177025751651611,-0.247585336420169
27740,0.257112039908319,0.158756909801807,-0.144175497827472
27741,0.210192800323581,0.118983416475664,-0.0437142293753508
27743,0.0510988270190104,0.0266280167183497,0.983503713806577
27753,0.332749089928543,0.210866927329109,0.685416844991606
27757,0.403532425508966,0.265673452878522,-0.210308463813655
27759,0.504381825535931,0.435688283672644,-0.313282660965619
27767,0.386948901172981,0.270594580018876,-0.226569153088546
27787,0.33800728057166,0.206619927194283,1
27792,0.337467978967237,0.205945800188756,0.999574376825684
27801,0.200080895240663,0.1137926385331,1
27820,0.266414992584603,0.172980989618444,0.752824744289751
27825,0.491708237832008,0.46683295132803,0.80722068875945
27828,0.46393420520426,0.433800728057166,0.323195489526739
27837,0.521639476877444,0.459013078063907,-0.758780160920673
27854,0.13051098827019,0.07118781178374,-0.215225920816922
27863,0.0965349871915869,0.0492112714035324,-0.167068962151756
27870,0.171228259404072,0.0900633679385197,0.419930695883662
27874,0.471619253067278,0.402049346096805,-0.594427884706114
27876,0.445058649049481,0.334569232843468,-0.241653407822498
27889,0.0399083187272482,0.0203586355669408,1
27895,0.4164756640151,0.282122151813402,0.999315559094241
27899,0.493056491843063,0.484899555076176,0.509169832807695
27907,0.279493056491843,0.17264392611568,-0.161736523173199
27908,0.444519347445059,0.315424025886477,-0.503478264162993
27923,0.434677093164352,0.318053121208036,0.402621133886069
27927,0.472563030875017,0.35519751921262,0.15268593650573
27953,0.195496831603074,0.109073749494405,-0.216729100514471
27961,0.191586894971013,0.106040177969529,1
27968,0.228663880275044,0.12808413105029,-0.174962354936971
27975,0.271133881623298,0.15592557637859,0.959954769126288
27979,0.264931913172442,0.151341512741,-0.0878014137357783
27983,0.160711878117837,0.0873668599164082,1
27984,0.160711878117837,0.0873668599164082,-0.22778342681715
27985,0.474315761089389,0.369421599029257,0.783609572986665
27986,0.500876365107186,0.486652285290549,-0.920150803912617
27988,0.485371443980046,0.394229472832682,-0.122244133919331
27989,0.0405824457327761,0.0206956990697047,-0.111155644401201
28001,0.161790481326682,0.087771336119725,-0.0737219948802541
28003,0.491843063233113,0.420655251449373,0.998743939612423
28008,0.455844681137926,0.338613994876635,-0.111694258436132
28015,0.493595793447485,0.444047458541189,-0.176425598843076
28024,0.508156936766887,0.476540380207631,-0.833620532200947
28025,0.501146015909397,0.4370365376837,-0.230052332416178
28033,0.0422003505460429,0.0215046514763382,0.970731891055909
28039,0.162599433733315,0.0883106377241473,-0.103892894038973
28040,0.139544290144263,0.0731427800997708,0.318407385663584
28041,0.512336524201159,0.44478899824727,0.987820719569378
28045,0.491977888634219,0.408588378050425,0.999857994245309
28046,0.491843063233113,0.408520965349872,-0.257149069092179
28047,0.16367803694216,0.0888499393285695,-0.257247551195853
28052,0.164621814749899,0.0895914790346501,0.999583142681892
28063,0.302278549278684,0.18740730753674,-0.176089999997992
28067,0.512336524201159,0.447620331670487,0.717583123515304
28070,0.458676014561143,0.328434677093164,-0.222300793445215
28082,0.162060132128893,0.0893892409329917,0.976387276379265
28086,0.513954429014426,0.479304300930295,-0.31474795188742
28094,0.149925846029392,0.079951462855602,0.153420545965264
28097,0.510853444788998,0.482877174059593,-0.295639241884053
28100,0.482000808952407,0.364904948092221,0.770836646533617
28102,0.39733045705811,0.27578535796144,-0.349351485667288
28107,0.331535661318592,0.204327895375489,-0.357213253231067
28112,0.102062828636915,0.0541323985438856,0.819666092691534
28122,0.106916543076716,0.0577726843737361,-0.0552931160954082
28128,0.0485371443980046,0.0248078738034245,0.225585290192976
28129,0.455709855736821,0.33679385196171,-0.630820770884463
28131,0.174194418228394,0.0964001617904813,0.999613080029382
28134,0.355264931913172,0.222933800728057,-0.388856229877142
28142,0.240798166374545,0.137117432924363,0.996518291039778
28145,0.468922745045167,0.369421599029257,-0.334096774095599
28155,0.493326142645274,0.403195362006202,-0.372971186179838
28159,0.458271538357827,0.350208979371714,0.996423116573627
28161,0.457327760550088,0.349197788863422,0.999850790825165
28166,0.457327760550088,0.350141566671161,-0.205068265405504
28172,0.152083052447081,0.0850748280976136,0.416526698702529
28176,0.385870297964136,0.267898071996764,-0.385960556968511
28181,0.237832007550222,0.138196036133208,-0.0515661571335078
28184,0.427531346905757,0.314345422677632,0.574138303195757
28189,0.0244033976001079,0.012201698800054,-0.0181117114483624
28190,0.186598355130107,0.105028987461238,-0.178656952035745
28199,0.270190103815559,0.170958608601861,-0.193062367265939
28201,0.38425239315087,0.275717945260887,1
28205,0.249831468248618,0.147431576108939,0.616755838158441
28225,0.427800997707968,0.315558851287583,0.765172282024346
28227,0.469327221248483,0.375286503977349,0.61342421644324
28241,0.467170014830794,0.447957395173251,0.888364850600844
28242,0.453013347714709,0.388431980585142,0.887297144325109
28244,0.467978967237428,0.448766347579884,0.880015342998717
28249,0.323446137252258,0.21282189564514,-0.32663148639621
28261,0.466900364028583,0.380544694620466,0.999858394393731
28262,0.467035189429689,0.380477281919914,0.648775376682985
28263,0.450451665093704,0.350074153970608,0.99838777964886
28268,0.448968585681542,0.348523661857894,0.999413249575254
28280,0.451530268302548,0.353579614399353,0.993209016899789
28282,0.45085614129702,0.34987191586895,0.987661134327707
28283,0.450316839692598,0.349197788863422,-0.241550949865011
28286,0.0342456518808143,0.017796952945935,0.992522315470924
28290,0.0347849534852366,0.0180666037481462,0.996267129141792
28294,0.0342456518808143,0.0179317783470406,1
28299,0.267763246595659,0.163138735337738,0.981848774813063
28304,0.190238640959957,0.113455575030336,0.752989252454294
28316,0.115815019549683,0.0634353512201699,-0.0510953390863723
28326,0.419306997438317,0.298773088849939,0.999517094277973
28341,0.469596872050694,0.377848186598355,0.583704495414393
28351,0.152217877848187,0.0847377645948497,1
28359,0.475124713496023,0.394768774437104,0.778993814983816
28363,0.194957529998652,0.109882701901038,-0.225654156926258
28372,0.18619387892679,0.10388297155184,1
28373,0.18619387892679,0.10388297155184,0.940725126292438
28375,0.496696777672914,0.489551031414318,1
28394,0.453013347714709,0.364837535391668,-0.254380529055631
28404,0.196710260213024,0.109275987596063,-0.238873281376464
28411,0.173924767426183,0.10071457462586,1
28417,0.47795604691924,0.368545233922071,-0.240492686889333
28418,0.19927194283403,0.110556828906566,-0.304061034709943
28419,0.508156936766887,0.45254145881084,-0.302189684159699
28442,0.302143723877579,0.18086827558312,-0.151024788168405
28443,0.212619657543481,0.118983416475664,-0.253789884474358
28448,0.508696238371309,0.446609141162195,0.999578878018107
28454,0.160711878117837,0.0895240663340974,-0.219159945970134
28461,0.467978967237428,0.326075232573817,-0.248269745862163
28465,0.230686261291627,0.128286369151948,0.95139667747237
28466,0.212619657543481,0.11911824187677,0.999348985322779
28468,0.14938654442497,0.0830524470810301,0.494118815314865
28484,0.245247404611029,0.143656464877983,-0.32459787424523
28485,0.44020493460968,0.366792503707699,-0.236927043765105
28486,0.158554671700148,0.0897937171363085,-0.238692820932945
28493,0.341243090198193,0.226708911959013,1
28502,0.396791155453687,0.267156532290684,0.771280323300864
28506,0.40339760010786,0.288391532964811,0.98965413883049
28513,0.236483753539167,0.140622893353108,0.999181607575446
28522,0.321288930834569,0.20338411756775,-0.195482206066879
28524,0.226776324659566,0.130106512066873,-0.19850515302849
28534,0.448024807873803,0.332546851826884,0.990604889556118
28541,0.423621410273696,0.335850074153971,-0.478719098500548
28546,0.507887285964676,0.439867871106916,0.415052231554973
28551,0.30605366050964,0.194822704597546,-0.27423553659969
28572,0.227585277066199,0.129702035863557,-0.246952227506356
28575,0.405959282728866,0.291020628286369,0.998235754740289
28579,0.229472832681677,0.127679654846973,-0.190501310649646
28583,0.485371443980046,0.495752999865175,0.304048228369282
28592,0.219630578400971,0.124511257920992,0.598311847697152
28600,0.439126331400836,0.332816502629095,0.998349877385647
28601,0.439261156801941,0.333153566131859,1
28604,0.221922610219765,0.125252797627073,-0.258328196320477
28609,0.274504516650937,0.165970068760955,0.637110594335393
28612,0.274908992854254,0.165767830659296,-0.145524092520306
28613,0.148307941216125,0.080895240663341,-0.130636422232978
28620,0.286503977349333,0.172509100714575,0.992642273802556
28633,0.223270864230821,0.126466226237023,-0.0972482913684888
28649,0.225562896049616,0.126938115140893,-0.367918271605882
28650,0.49103411082648,0.453148173115815,-0.347243567232698
28654,0.474046110287178,0.390454361601726,0.738133212049887
28657,0.48982068221653,0.454833490629635,-0.523149473314338
28662,0.276392072266415,0.161925306727787,0.986077754928034
28665,0.272616961035459,0.159363624106782,0.487310146064211
28676,0.480248078738034,0.407172711338816,-0.364228963673618
28684,0.413913981394095,0.303896454091951,0.999532066931375
28687,0.122151813401645,0.072131589591479,-0.226879324037359
28690,0.260482674935958,0.15545368747472,0.506385894949661
28692,0.121747337198328,0.0721990022920318,-0.096674358724319
28705,0.270594580018876,0.158082782796279,0.991589065648389
28706,0.273695564244304,0.160172576513415,0.999745071751325
28712,0.270864230821087,0.158082782796279,0.487621817315937
28717,0.347175407846838,0.230484023189969,-0.435654178705765
28724,0.0969394633949036,0.0523796683295132,-0.0665208391539593
28729,0.43899150599973,0.4116219495753,0.483111843442863
28735,0.401510044492382,0.291627342591344,-0.120743897726083
28736,0.0955912093838479,0.051840366725091,-0.0664249229665067
28743,0.400026965080221,0.287784818659836,0.620977481488373
28748,0.230821086692733,0.129567210462451,0.752419270818772
28753,0.230281785088311,0.12929755966024,-0.0947267081489663
28761,0.496966428475125,0.418902521235001,-0.299842186835258
28763,0.488742079007685,0.452811109613051,-0.252736154449116
28769,0.487933126601052,0.452811109613051,-0.414433422606885
28770,0.292166644195766,0.18693541863287,-0.233765739884102
28792,0.0997707968181205,0.0543346366455441,-0.0943549803674786
28797,0.273021437238776,0.16077929081839,-0.36985173806927
28798,0.45908049076446,0.392544155318862,-0.422806385591123
28811,0.283807469327221,0.168733989483619,-0.194982598716168
28819,0.365916138600512,0.244168801402184,-0.230701966913589
28836,0.470405824457328,0.401712282594041,0.889716934767541
28843,0.119050829176217,0.0688283672643926,-0.105359429180104
28845,0.291896993393555,0.175340434137792,0.688445200653856
28847,0.306727787515168,0.182486180396387,0.615840937437129
28850,0.462046649588783,0.37771336119725,0.619926716037063
28853,0.294458676014561,0.176081973843872,0.993410531189361
28858,0.284077120129432,0.169273291088041,0.797232751442097
28861,0.462181474989888,0.413105028987461,0.560563536779502
28865,0.375758392881219,0.251921261965754,-0.144618002824775
28884,0.28596467574491,0.170486719697991,0.982067916041702
28891,0.289065659970338,0.172441688014022,-0.20284166774762
28893,0.312525279762707,0.187542132937845,0.712858308242745
28898,0.432789537548874,0.316435216394769,-0.576218959164254
28903,0.370500202238102,0.241202642577862,-0.217972980713649
28904,0.286234326547121,0.170891195901308,0.994020920512846
28906,0.515841984629904,0.488202777403263,0.44990291547402
28917,0.103950384252393,0.0570985573682081,0.999397369980787
28921,0.342456518808143,0.222866388027504,-0.20752284888232
28922,0.249966293649724,0.144263179182958,-0.263325036243672
28923,0.401240393690171,0.280841310502899,0.698035059300097
28927,0.0988270190103816,0.0542672239449913,-0.138195812072429
28928,0.34407442362141,0.221518134016449,-0.299615596442255
28930,0.314008359174869,0.194215990292571,-0.236816786695259
28938,0.398409060266954,0.275111230955912,-0.24396203914309
28947,0.286234326547121,0.173048402318997,-0.242532930721803
28950,0.288391532964811,0.173992180126736,-0.25970454958623
28952,0.46150734798436,0.347242820547391,-0.696239172252894
28959,0.476068491303762,0.46076580827828,-0.230498516980014
28967,0.256707563705002,0.153431306458137,0.999230719448547
28968,0.256842389106108,0.15349871915869,0.994868991921367
28974,0.376162869084536,0.255898611298369,0.700292400652774
28978,0.506943508156937,0.447350680868276,-0.635177807260805
28985,0.375488742079008,0.25569637319671,-0.260730109401982
28991,0.255494135095052,0.151611163543212,-0.368832873200577
28993,0.505595254145881,0.443710395038425,-0.36633178355427
28999,0.259943373331536,0.155588512875826,1
29011,0.255628960496157,0.15181340164487,0.999481089421146
29021,0.509100714574626,0.446137252258325,0.988389549933708
29024,0.256977214507213,0.152622354051503,0.995081926935184
29032,0.501820142914925,0.452743696912498,0.999724422757263
29035,0.473641634083861,0.387016313873534,-0.727914920566929
29050,0.255628960496157,0.151948227045975,-0.16056944130072
29064,0.112174733719833,0.0581097478764999,1
29065,0.112174733719833,0.0581097478764999,-0.206612152935792
29070,0.253876230281785,0.151880814345423,1
29089,0.25980854793043,0.156330052581906,1
29096,0.26681946878792,0.15592557637859,-0.196396342504537
29099,0.466361062424161,0.392948631522179,0.410917445437971
29114,0.26102197654038,0.150869623837131,0.767529670506663
29117,0.220844007010921,0.130241337467979,0.998548136066437
29123,0.109882701901038,0.056828906565997,-0.126004625288811
29125,0.247269785627612,0.146824861803964,0.968706390857679
29127,0.238640959956856,0.14358905217743,1
29128,0.238640959956856,0.14358905217743,0.965938117711443
29129,0.247000134825401,0.146285560199542,-0.198219535236595
29131,0.265336389375758,0.160307401914521,1
29136,0.475664015100445,0.398409060266954,0.213066585715095
29142,0.247134960226507,0.14770122691115,-0.203213175423457
29164,0.480787380342456,0.475124713496023,-0.333402808282302
29169,0.47916947552919,0.474989888094917,-0.333504345426157
29173,0.432385061345557,0.309087232034515,-0.232274561595103
29174,0.173789942025078,0.10388297155184,0.999321036250458
29183,0.172441688014022,0.102939193744101,1
29191,0.402993123904544,0.277268437373601,-0.521764348886577
29199,0.172172037211811,0.102804368342996,0.996915791219884
29205,0.478764999325873,0.461709586086019,0.996217680638738
29208,0.177834704058245,0.107118781178374,-0.342460070481193
29210,0.470675475259539,0.46683295132803,0.999871622902177
29213,0.473911284886073,0.466023998921397,0.970881232998549
29214,0.471754078468383,0.461709586086019,-0.807927392508106
29229,0.483483888364568,0.484966967776729,0.992950324880977
29237,0.27288661183767,0.162734259134421,0.987406050559915
29241,0.273560738843198,0.162801671834974,0.986196343573547
29242,0.275852770661993,0.166239719563166,0.999031981884558
29246,0.276257246865309,0.166711608467035,0.995417586107951
29247,0.278009977079682,0.16731832277201,0.9862291676201
29256,0.277875151678576,0.167655386274774,0.9995196593914
29274,0.280302008898476,0.168059862478091,0.9966178184951
29286,0.221248483214238,0.126533638937576,0.994806133162585
29291,0.221248483214238,0.12639881353647,0.992414176795385
29314,0.368882297424835,0.225023594445193,0.725565859334737
29317,0.448968585681542,0.326951597681003,0.76845697115078
29319,0.369960900633679,0.227720102467305,0.997578807246803
29325,0.473776459484967,0.389645409195092,0.249940606587818
29356,0.482000808952407,0.448092220574356,0.21236119319054
29357,0.073075367399218,0.0380207631117703,0.881600926807678
29359,0.498179857085075,0.449710125387623,0.990476626553373
29368,0.438317378994203,0.314210597276527,0.752688156634775
29382,0.281380612107321,0.162532021032763,-0.0981293827778763
29392,0.114736416340839,0.0580423351759471,0.871098193903004
29400,0.480922205743562,0.402251584198463,0.214524207631263
29407,0.0568963192665498,0.0300660644465417,-0.0818653733550776
29414,0.396386679250371,0.292166644195766,0.685696333405648
29417,0.208979371713631,0.119320479978428,0.985019972201572
29419,0.211541054334637,0.120196845085614,0.331969543686651
29423,0.360253471754078,0.262639881353647,-0.166913642591201
29427,0.240258864770123,0.142240798166375,0.553305505714104
29428,0.449238236483754,0.361332074962923,0.769301601033735
29436,0.123769718214912,0.0656599703384118,0.312449910867781
29442,0.189294863152218,0.106646892274505,0.99753887268457
29455,0.429823378724552,0.31090737494944,0.821810716268726
29458,0.149791020628286,0.080558177160577,-0.132247254389097
29471,0.133342321693407,0.0723338276931373,-0.132495655475135
29472,0.298233787245517,0.172846164217339,-0.189568161920152
29478,0.136712956721046,0.074019145206957,0.929047072875834
29479,0.147768639611703,0.0814345422677633,0.441281524977563
29483,0.484562491573412,0.441553188620736,0.99932844617851
29490,0.326547121477686,0.201024673048402,0.43750629136396
29493,0.142105972765269,0.0788728596467575,0.999092122269455
29506,0.474046110287178,0.426452743696913,0.296273821385017
29507,0.111635432115411,0.061210732101928,-0.148259315276396
29508,0.390858837805042,0.266077929081839,0.17427087041699
29513,0.389510583793987,0.286975866253202,0.998900362935336
29541,0.213293784549009,0.11500606714305,0.782625002328092
29552,0.217877848186598,0.117972225967372,-0.0986777861238465
29553,0.104489685856815,0.0539975731427801,-0.0961177043226005
29562,0.144532829985169,0.0776594310368073,0.937521846171118
29564,0.471754078468383,0.332142375623568,-0.163221954839178
29566,0.142914925171902,0.0763111770257516,0.830364031742509
29569,0.135769178913307,0.070581097478765,0.998936658193521
29571,0.108669273291088,0.0548739382499663,-0.0464358892096201
29581,0.412161251179722,0.304772819199137,0.394780244453711
29585,0.363489281380612,0.249426992045301,0.719126058116551
29589,0.44721585546717,0.323378724551706,0.196871721978147
29591,0.436699474180936,0.314615073479844,0.791965283860601
29601,0.146285560199542,0.0771875421329379,0.997567623309651
29605,0.348658487259,0.234596197923689,-0.172623050393769
29607,0.353377376297695,0.238573547256303,0.996044078052999
29620,0.177834704058245,0.0972765268976675,0.865568953162038
29632,0.189429688553323,0.103478495348524,0.998144288661101
29641,0.230146959687205,0.13098287717406,0.876674288901472
29647,0.188216259943373,0.103950384252393,0.991215131891374
29658,0.10678171767561,0.0537953350411218,-0.135444602657799
29662,0.107051368477821,0.0539301604422273,-0.242331810711236
29667,0.283672643926116,0.166509370365377,0.948609827155489
29671,0.487124174194418,0.419644060941081,0.660936498612329
29673,0.258864770122691,0.146690036402858,1
29679,0.119320479978428,0.0622219226102197,0.98992725134089
29682,0.204395308076042,0.116489146555211,0.778262841723798
29684,0.182823243899151,0.102467304840232,0.484646024259849
29685,0.0853444788998247,0.0482000808952406,0.674243334335669
29686,0.183497370904678,0.105366050964002,0.999651857177985
29697,0.112309559120938,0.0579075097748416,-0.111155127369652
29698,0.266414992584603,0.153835782661453,0.814136170850303
29701,0.408116489146555,0.290481326681947,0.39727782678921
29709,0.043413779155993,0.0221113657813132,0.228030921229769
29739,0.199811244438452,0.116758797357422,0.702282240292276
29740,0.331400835917487,0.207361466900364,0.774743927242397
29745,0.44478899824727,0.330119994606984,0.9987733529299
29752,0.163273560738843,0.0882432250235945,1
29757,0.0358635566940812,0.0183362545503573,-0.0575297634292943
29759,0.335850074153971,0.223338276931374,0.999811716839116
29762,0.412970203586356,0.292368882297425,0.309392592868013
29768,0.48280976135904,0.406161520830524,0.774130219318891
29771,0.476338142105973,0.399689901577457,-0.13954599427249
29774,0.480652554941351,0.428138061210732,0.998918683832682
29782,0.0711878117837401,0.0389645409195092,1
29783,0.0711878117837401,0.0389645409195092,0.389268121269949
29786,0.130645813671296,0.0695024942699205,-0.0901623190608047
29788,0.174733719832816,0.101523527032493,-0.208010757817323
29791,0.175003370635028,0.101658352433598,-0.0906638687901963
29792,0.130106512066873,0.0692328434677093,0.375063140159519
29795,0.171363084805177,0.0986247809087232,0.983124076178507
29809,0.492112714035324,0.478899824726979,0.996135753045747
29819,0.490359983820952,0.478158285020898,0.998011841458505
29824,0.494944047458541,0.412902790885803,-0.255128777832092
29830,0.457462585951193,0.337400566266685,-0.271830090123423
29838,0.256033436699474,0.154172846164217,0.739313946310449
29842,0.142645274369691,0.0718619387892679,-0.0739069150030151
29851,0.467844141836322,0.444384522043953,0.264040164295599
29853,0.474720237292706,0.444721585546717,-0.679389791062179
29859,0.457732236753404,0.358702979641364,0.986591835083199
29871,0.508022111365781,0.449373061884859,0.999580142188458
29880,0.169475529189699,0.0957934474855062,-0.172345553098721
29889,0.144937306188486,0.0794795739517326,-0.0790018224048699
29895,0.157745719293515,0.0910071457462586,-0.112444575129177
29900,0.127949305649184,0.066536335445598,-0.224832098012536
29901,0.465012808413105,0.360995011460159,-0.309376427833898
29904,0.224753943642982,0.126803289739787,0.0803942471233275
29921,0.0407172711338816,0.021841714979102,-0.136928909630184
29922,0.524875286503977,0.437710664689227,-0.649752320295028
29931,0.030605366050964,0.0154375084265875,-0.0283567389372843
29933,0.152622354051503,0.0870972091141972,-0.315142306863968
29943,0.401779695294594,0.266549817985709,-0.5638315863246
29944,0.513280302008899,0.471551840366725,-0.393084211056296
29945,0.282054739112849,0.16853175138196,-0.296196222080289
29950,0.154914385870298,0.0883780504247,-0.0293563141465998
29965,0.302817850883106,0.184306323311312,0.987617744682613
29971,0.19684508561413,0.111365781313199,-0.0680779989357546
29973,0.19684508561413,0.110961305109883,-0.0679354926911257
29974,0.0373466361062424,0.0196170958608601,-0.145463475043918
29983,0.225293245247405,0.130308750168532,-0.311910555026152
29984,0.484966967776729,0.38742079007685,-0.706536517659084
29992,0.227045975461777,0.131319940676824,1
29998,0.0372118107051368,0.0195496831603074,0.998290317474852
30002,0.0370769853040313,0.0194822704597546,1
30005,0.385061345557503,0.290144263179183,-0.555332459273109
30009,0.22664149925846,0.129499797761898,1
30011,0.0299312390454362,0.0151004449238237,0.310426735315111
30015,0.141701496561952,0.0732776055008764,0.0141954420916199
30020,0.116489146555211,0.061210732101928,0.640870758192872
30021,0.25158419846299,0.139274639342052,0.584917451232861
30029,0.249426992045301,0.136847782122152,0.655427296132305
30051,0.140353242550897,0.0742213833086154,0.602019081270772
30055,0.36537683699609,0.241741944182284,0.645925571163292
30059,0.100175273021437,0.0539975731427801,1
30067,0.105433463664554,0.0567614938654443,0.969353637132237
30068,0.110826479708777,0.0587838748820277,0.27966956833102
30074,0.423351759471484,0.300660644465417,1
30084,0.109613051098827,0.0589861129836862,0.288808017401762
30086,0.348658487259,0.22178778481866,0.999605466089925
30091,0.109882701901038,0.0589861129836862,-0.0982836619958709
30096,0.262370230551436,0.145611433194014,0.428682977852743
30111,0.106916543076716,0.0608736685991641,0.174681787341826
30112,0.461102871781044,0.354995281110961,0.330389600967319
30115,0.105163812862343,0.0597276526897668,0.692699151791055
30126,0.476068491303762,0.367736281515437,0.999702955335484
30129,0.16367803694216,0.083996224888769,0.331415665077239
30135,0.476877443710395,0.368410408520965,0.997920267967179
30140,0.291222866388028,0.173789942025077,0.906282950365914
30143,0.251314547660779,0.148038290413914,0.769025317368561
30144,0.172172037211811,0.0945800188755561,0.699262032073443
30149,0.249426992045301,0.146690036402858,0.998926811185183
30152,0.171632735607388,0.094310368073345,0.774850841179801
30159,0.444923823648375,0.314817311581502,0.931075587911694
30166,0.478090872320345,0.393824996629365,0.98982146859295
30168,0.171363084805177,0.0951193204799784,1
30176,0.480248078738034,0.393016044222732,0.986457309736775
30222,0.506673857354726,0.489551031414318,0.142633064662357
30230,0.325468518268842,0.197788863421869,0.860107428755747
30234,0.0606714304975057,0.0334366994741809,1
30249,0.484427666172307,0.481528920048537,0.49015994437688
30257,0.0419306997438317,0.0242011594984495,0.998719037459464
30259,0.378859377106647,0.254011055682891,0.979015861159206
30272,0.496696777672914,0.402318996899016,0.917258218956797
30273,0.489551031414318,0.423284346770932,0.983017201209421
30275,0.488337602804368,0.42470001348254,0.921049878548524
30284,0.485101793177835,0.390049885398409,-0.511536923405113
30300,0.372522583254685,0.237225293245247,-0.409126110388013
30301,0.456383982742349,0.380409869219361,0.632145719975445
30310,0.267493595793448,0.169205878387488,-0.165844225877537
30312,0.42348658487259,0.315558851287583,0.860761850773173
30317,0.473506808682756,0.330861534313065,0.49754511688918
30331,0.0831872724821356,0.0472563030875017,0.999304204953768
30336,0.504516650937037,0.456249157341243,0.961729274433043
30361,0.264257786166914,0.154509909666981,0.994265180258439
30362,0.265336389375758,0.155049211271404,0.806149347663836
30382,0.312390454361602,0.197182149116894,1
30384,0.0781987326412296,0.0413913981394095,-0.162550709311354
30389,0.0810300660644465,0.0433463664554402,-0.026253808565395
30417,0.529729000943778,0.474517999191048,-0.368805638961911
30422,0.0779290818390185,0.0408520965349872,-0.0106961333423813
30436,0.526493191317244,0.491371174329244,0.986062287563405
30439,0.310368073345018,0.19684508561413,1
30446,0.0729405419981124,0.0388971282189564,-0.221045059832141
30450,0.51961709586086,0.471079951462856,0.971010210808956
30460,0.340299312390454,0.215046514763381,0.697288948097402
30464,0.198328165026291,0.115073479843602,1
30470,0.339625185384927,0.214844276661723,0.621415667071882
30473,0.341377915599299,0.215181340164487,1
30475,0.406094108129972,0.298907914251045,0.999220697395722
30482,0.30119994606984,0.198867466630713,0.999598825673989
30486,0.297290009437778,0.182755831198598,0.576090329873168
30489,0.501820142914925,0.466495887825266,0.998227333049059
30490,0.500876365107186,0.466698125926925,0.580995039883342
30492,0.367264392611568,0.243629499797762,0.999817746342425
30499,0.520965349871916,0.458810839962249,0.553177565608334
30513,0.313199406768235,0.210529863826345,0.934390508958062
30521,0.392341917217204,0.28111096130511,0.99983797230663
30522,0.392476742618309,0.281178374005663,0.99983797230663
30525,0.397869758662532,0.280908723203452,0.999343201312804
30537,0.391398139409465,0.277807738978023,0.997210866305231
30545,0.314143184575974,0.210057974922475,0.96628426096098
30549,0.309424295537279,0.205945800188756,0.990621239628079
30556,0.396386679250371,0.281785088310638,0.417655659790372
30568,0.37602804368343,0.232101928003236,0.995420047643599
30570,0.376297694485641,0.233854658217608,0.939113759786153
30573,0.244708103006606,0.139207226641499,0.782250966180353
30581,0.388027504381826,0.260887151139275,0.745199604080326
30587,0.177430227854928,0.0962653363893757,0.57604883839993
30590,0.445597950653903,0.34940002696508,0.546740801679684
30594,0.0396386679250371,0.0207631117702575,0.998381893436817
30595,0.0395038425239315,0.0206956990697047,0.216658501483117
30598,0.159228798705676,0.0863556694081165,-0.0724423536713917
30599,0.0397734933261426,0.0209653498719159,0.196594922933856
30600,0.340973439395982,0.230079546986652,0.954948199799823
30601,0.353242550896589,0.242011594984495,-0.22426938414009
30618,0.340568963192665,0.227450451665094,0.595355109544849
30621,0.507213158959148,0.446406903060537,0.999719909364718
30622,0.507482809761359,0.446272077659431,0.447111758857995
30624,0.20169880005393,0.117163273560739,-0.155136756331881
30626,0.24430362680329,0.146959687205069,0.999214154675211
30628,0.24430362680329,0.146959687205069,0.613270653377603
30633,0.493730618848591,0.412026425778617,0.999290816537418
30638,0.240663340973439,0.144465417284616,-0.230046140158149
30641,0.406228933531077,0.269583389510584,-0.251774565455113
30650,0.438721855197519,0.325468518268842,0.590223465945947
30653,0.241337467978967,0.144667655386275,-0.100166824552719
30659,0.308884993932857,0.181272751786437,-0.183728187003482
30661,0.256707563705002,0.155723338276931,0.475035226826693
30669,0.266414992584603,0.15545368747472,0.602999815079953
30670,0.461102871781044,0.343669947418094,0.0665204411624013
30671,0.501415666711608,0.460091681272752,-0.136299662462205
30674,0.4697316974518,0.378185250101119,0.936200124815135
30680,0.497640555480653,0.492180126735877,0.999597306316465
30689,0.502089793717136,0.477821221518134,-0.622804945554089
30693,0.402453822300121,0.270392341917217,0.995825509835701
30697,0.0869623837130915,0.0480652554941351,-0.0915954155887838
30700,0.403802076311177,0.270796818120534,1
30705,0.482270459754618,0.380005393016044,0.998828061381804
30706,0.483349062963462,0.380409869219361,-0.527535784404644
30715,0.237427531346906,0.140555480652555,0.59832677078543
30726,0.511123095591209,0.430969394633949,0.992723772175499
30735,0.517325064042066,0.47384387218552,-0.29051582448672
30744,0.462585951193205,0.345220439530808,0.997559225521439
30747,0.0357287312929756,0.0192126196575435,1
30749,0.261830928947014,0.162599433733315,-0.419075424089953
30762,0.0357287312929756,0.0192126196575435,-0.0891717292105852
30764,0.490494809222057,0.394364298233787,0.986694012389377
30769,0.517999191047593,0.474450586490495,-0.219709183216742
30779,0.227450451665094,0.126129162734259,-0.273162529282637
30792,0.501550492112714,0.446406903060537,0.851059858509288
30808,0.472563030875017,0.448361871376567,0.999608919006224
30818,0.451665093703654,0.391263314008359,-0.287928283140601
30821,0.463664554402049,0.378791964406094,0.711274629910703
30833,0.387353377376298,0.265943103680733,-0.326229281754227
30834,0.333288391532965,0.231899689901577,-0.319025175040359
30836,0.465686935418633,0.3535122016988,0.930888332347051
30840,0.406228933531077,0.321895645139544,0.861004773743105
30848,0.513145476607793,0.458810839962249,0.478284279392825
30866,0.455844681137926,0.339422947283268,0.94549321429601
30875,0.384522043953081,0.259404071727113,-0.141066262647006
30877,0.431171632735607,0.330861534313065,-0.407764812257608
30890,0.4673048402319,0.397734933261427,-0.180312874805175
30892,0.469327221248483,0.398611298368613,0.995596144035903
30906,0.49710125387623,0.458204125657274,0.926262477232472
30915,0.516516111635432,0.471282189564514,0.99985962019862
30916,0.516650937036538,0.471214776863961,-0.663242964653239
30918,0.2978293110422,0.183834434407442,0.996876944768889
30925,0.516920587838749,0.493865444249697,0.721408784011898
30929,0.467709316435216,0.345490090333019,-0.314644158555943
30930,0.252393150869624,0.14938654442497,-0.303986854266698
30933,0.407577187542133,0.28063907240124,-0.482859689520947
30935,0.471349602265067,0.378859377106647,0.989937089886389
30937,0.474315761089389,0.378050424700013,-0.310116589722703
30945,0.337737629769449,0.211878117837401,0.325843158524847
30949,0.26681946878792,0.158622084400701,0.997475103042567
30953,0.29661588243225,0.182283942294728,-0.302412252231474
30968,0.0527167318322772,0.0291896993393556,-0.108456204653876
30979,0.491573412430902,0.483214237562357,1
30983,0.290144263179183,0.179452608871511,-0.361826408686228
30986,0.290953215585816,0.180261561278145,0.999550755865219
30990,0.526897667520561,0.484832142375624,-0.647218546662284
30992,0.520695699069705,0.471484427666172,-0.440615001296141
30994,0.332883915329648,0.213226371848456,-0.350092129284395
30996,0.526223540515033,0.497438317378994,0.466708258963777
31008,0.307671565322907,0.192665498179857,1
31009,0.307671565322907,0.192665498179857,-0.361562381581903
31011,0.307806390724012,0.193137387083727,-0.469746799038972
31012,0.517864365646488,0.472360792773359,-0.650523915725002
31015,0.303491977888634,0.197451799919105,1
31026,0.291492517190239,0.180261561278145,0.953511879756228
31031,0.464877983011999,0.348523661857894,-0.649614809297536
31041,0.387218551975192,0.290953215585816,-0.451771659234886
31047,0.508696238371309,0.468316030740191,0.996129874143669
31049,0.508156936766887,0.469124983146825,0.996694559341798
31054,0.298638263448834,0.183834434407442,-0.349299749492839
31059,0.297424834838884,0.182958069300256,0.991494763513591
31060,0.293110422003505,0.18039638667925,-0.369953616104935
31070,0.141836321963058,0.0759067008224349,0.998061056921224
31074,0.255224484292841,0.14284751247135,0.950511814997282
31077,0.252797627072941,0.138802750438183,0.270019634654128
31080,0.31791829580693,0.184710799514629,0.804383828697234
31086,0.348388836456788,0.20870972091142,0.907728134858289
31087,0.315895914790347,0.181137926385331,0.737879885050798
31089,0.260482674935958,0.148847242820547,0.816039031843535
31092,0.296885533234461,0.169071052986383,0.302516176787062
31094,0.264662262370231,0.147431576108939,1
31095,0.264662262370231,0.147431576108939,0.910493300903228
31100,0.298638263448834,0.169812592692463,0.994153468004746
31105,0.490359983820952,0.428947013617366,-0.100485714371373
31107,0.0342456518808143,0.0179317783470406,0.302543406003724
31113,0.173385465821761,0.0923553997573143,0.683862012635376
31114,0.296750707833356,0.169408116489147,0.542714664684901
31118,0.173789942025078,0.0929621140622894,1
31122,0.175812323041661,0.09370365376837,0.741780058755292
31138,0.272482135634354,0.151880814345423,0.629945977413358
31139,0.210866927329109,0.114601590939733,0.996547206332619
31145,0.299851692058784,0.177160577052717,0.762882074387371
31158,0.329917756505326,0.219967641903735,-0.306789392731257
31163,0.431576108938924,0.354523392207092,0.996655276698132
31165,0.330591883510853,0.220169880005393,0.849163307370068
31167,0.334232169340704,0.221585546717001,0.764803442509806
31184,0.450316839692598,0.358770392341917,0.997277352478985
31185,0.449373061884859,0.357894027234731,-0.404211106602653
31187,0.381286234326547,0.252932452474046,-0.291204680914196
31192,0.47916947552919,0.417689092625051,-0.447564695295559
31197,0.427935823109074,0.332614264527437,0.996649455479838
31206,0.427531346905757,0.333625455035729,0.950682407521877
31207,0.400701092085749,0.311177025751652,-0.390969582119621
31221,0.442092490225158,0.333490629634623,0.989785323771251
31223,0.374679789672374,0.262437643251989,0.99983131110308
31228,0.316300390993663,0.217877848186598,-0.471772891080606
31229,0.497640555480653,0.444721585546717,-0.46799419020825
31244,0.543481191856546,0.48449507887286,-0.475101843659351
31246,0.513010651206687,0.456586220844007,0.450551060876006
31256,0.330322232708642,0.225023594445193,-0.403853242881365
31258,0.430767156532291,0.327019010381556,0.999700038528816
31262,0.383982742348658,0.246595658622084,0.999812331484919
31264,0.382499662936497,0.24504516650937,-0.307712807532277
31265,0.336524201159498,0.230012134286099,0.948327528850861
31266,0.360253471754078,0.246595658622084,0.969832396838372
31276,0.491977888634219,0.48934879331266,0.999335758975627
31280,0.478764999325873,0.493393555345827,0.999870633104748
31287,0.475259538897128,0.487056761493865,0.862888161293722
31288,0.475664015100445,0.413509505190778,-0.686961258443531
31318,0.505999730349198,0.471956316570042,0.993564487873151
31341,0.289739786975866,0.180328973978698,1
31351,0.466630713226372,0.341175677497641,0.856109063258965
31358,0.286773628151544,0.172104624511258,0.607355971913976
31362,0.237697182149117,0.134892813806121,0.790717782908084
31370,0.373061884859107,0.245584468113793,0.998351469349135
31372,0.290009437778077,0.177093164352164,-0.191412161394694
31375,0.452608871511393,0.331603074019145,0.714544881841465
31376,0.32735607388432,0.204664958878253,0.999166848636441
31389,0.286369151948227,0.173924767426183,-0.214414104413132
31393,0.287987056761494,0.174598894431711,0.998831191424091
31398,0.209518673318053,0.116219495753,0.99297807867824
31402,0.286234326547121,0.173992180126736,-0.276741236805405
31405,0.387757853579614,0.263179182958069,0.604828852891223
31410,0.334501820142915,0.208642308210867,0.531960232737456
31412,0.332479439126331,0.20749629230147,0.996271478765054
31421,0.275987596063098,0.169408116489147,1
31427,0.492786841040852,0.422745045166509,0.909855461291136
31432,0.49952811109613,0.422745045166509,-0.801415505256771
31436,0.435216394768774,0.303087501685318,-0.553669197226335
31442,0.433868140757719,0.306862612916273,0.409404926881398
31448,0.412161251179722,0.284279358231091,0.999664436682782
31458,0.467035189429689,0.391128488607254,-0.206913479072955
31462,0.212080355939059,0.120601321288931,-0.360596736868626
31463,0.512201698800054,0.494202507752461,-0.00178239397288068
31465,0.478899824726979,0.365646487798301,0.998049620045599
31475,0.343535122016988,0.215585816367804,-0.391210896201183
31483,0.247000134825401,0.139139813940946,0.450282757161678
31485,0.301874073075367,0.184238910610759,-0.358571623494582
31496,0.397869758662532,0.278616691384657,-0.263476770316142
31501,0.397869758662532,0.278481865983551,0.998676733894555
31504,0.0504247000134825,0.0268302548200081,0.187716630797824
31506,0.494404745854119,0.420183362545504,0.500017161786195
31532,0.217203721181071,0.12275852770662,0.439717007353878
31553,0.344209249022516,0.219563165700418,-0.270376723978076
31563,0.333558042335176,0.208305244708103,0.998966738391103
31569,0.332749089928543,0.207631117702575,-0.215269793240678
31577,0.408655790750977,0.272954024538223,-0.306508992621306
31580,0.330726708911959,0.209990562221923,-0.0314564514777071
31583,0.210597276526898,0.127275178643656,-0.211004130583191
31584,0.329243629499798,0.209788324120264,0.993937419257019
31600,0.223540515033032,0.130106512066873,0.516092679981175
31606,0.165970068760955,0.0930969394633949,-0.124775895714471
31612,0.416071187811784,0.283133342321693,-0.380060924526999
31615,0.442766617230686,0.323446137252258,-0.393040253608295
31619,0.394094647431576,0.254887420790077,-0.227103101108193
31622,0.24187676958339,0.139274639342052,-0.229577243238018
31623,0.325333692867736,0.213226371848456,0.999805034372609
31647,0.387488202777403,0.26560604017797,0.991635804353674
31649,0.151274100040448,0.0822434946743966,-0.25383173376405
31664,0.505460428744775,0.456721046245113,-0.595191159678448
31672,0.45786706215451,0.392476742618309,-0.47311411112962
31680,0.359983820951867,0.243764325198867,-0.435409802137924
31687,0.466226237023055,0.321693407037886,-0.377327153285853
31698,0.46851826884185,0.322569772145072,0.296536372202084
31699,0.521100175273021,0.499865174598894,0.572407276408523
31702,0.3559390589187,0.237427531346906,0.929399088349868
31705,0.379263853309964,0.238169071052986,0.988376505374793
31714,0.359040043144128,0.239382499662936,-0.310208704265876
31717,0.36294997977619,0.241202642577862,-0.313892635718379
31722,0.400296615882432,0.274302278549279,0.999829768397351
31731,0.32034515302683,0.202777403262775,0.999793432939197
31738,0.44721585546717,0.335378185250101,0.999848330023306
31743,0.344209249022516,0.21524875286504,-0.239569243155339
31748,0.206282863691519,0.121342860995011,0.980175902982617
31761,0.347175407846838,0.214979102062829,-0.214594386266976
31770,0.374140488067952,0.250168531751382,0.998031770101116
31784,0.502089793717136,0.488067952002157,-0.679270788388346
31785,0.422003505460429,0.318457597411352,-0.31536487496252
31794,0.370230551435891,0.249426992045301,0.99982197662985
31796,0.428070648510179,0.348321423756236,0.988127473944877
31809,0.294458676014561,0.174868545233922,-0.1209298253309
31825,0.298773088849939,0.178778481865984,1
31826,0.298773088849939,0.178778481865984,-0.0704768185905973
31831,0.450586490494809,0.320075502224619,0.538450493803678
31851,0.199946069839558,0.118983416475664,-0.0381862977382626
31864,0.20749629230147,0.125455035728731,0.969541921448135
31869,0.491843063233113,0.479034650128084,-0.738567827458481
31881,0.0368073345018201,0.0196170958608601,0.983698457711427
31885,0.0378859377106647,0.0201563974652824,-0.0413315531981392
31892,0.423621410273696,0.282728866118377,-0.0911365659150071
31902,0.295132803020089,0.176419037346636,1
31916,0.479034650128084,0.487596063098288,0.804212083812046
31921,0.287852231360388,0.17844141836322,1
31932,0.0668733989483619,0.0359983820951867,0.364741636335656
31933,0.343130645813671,0.216731832277201,0.699876356874182
31938,0.232169340703789,0.13994876634758,0.99972964960642
31960,0.465012808413105,0.449170823783201,1
31967,0.346366455440205,0.214304975057301,0.998969394321421
31973,0.442227315626264,0.354051503303222,-0.33991375585895
31981,0.300795469866523,0.17965484697317,0.998599882862409
31992,0.323446137252258,0.198934879331266,0.924965911229149
31995,0.300525819064312,0.180328973978698,0.547624301459968
31996,0.475933665902656,0.428879600916813,0.585637638018435
32009,0.301874073075367,0.180733450182014,-0.0776539217438117
32028,0.474450586490495,0.397802345961979,0.993337971440524
32045,0.461102871781044,0.369421599029257,0.978973546760246
32047,0.358231090737495,0.231292975596602,0.714244172610175
32051,0.35715248752865,0.23075367399218,0.663142279377068
32053,0.469462046649589,0.395308076041526,0.195601785373157
32059,0.233517594714844,0.138870163138735,-0.317874022859725
32062,0.484832142375624,0.387757853579614,-0.699979012482432
32071,0.0368073345018201,0.0198867466630713,-0.0656033153612188
32079,0.499662936497236,0.413105028987461,0.995414897723867
32091,0.461911824187677,0.422947283268168,-0.591402284888735
32097,0.494000269650802,0.401375219091277,0.996967173427349
32101,0.489416206013213,0.400431441283538,0.999427610526034
32105,0.496157476068491,0.40097074288796,0.99725496691546
32106,0.495483349062963,0.402116758797357,0.990916078293809
32115,0.481731158150196,0.385802885263584,-0.386313124775475
32120,0.493056491843063,0.401981933396252,0.994264720265248
32131,0.494539571255224,0.398139409464743,0.999564199734725
32138,0.490764460024269,0.407442362141027,0.969394213639189
32142,0.341377915599299,0.213024133746798,-0.407439113653567
32143,0.478090872320345,0.378994202507753,-0.407706917411229
32148,0.327490899285425,0.203788593771067,0.999790576105848
32157,0.068086827558312,0.037144398004584,-0.156991371105794
32169,0.513280302008899,0.499460698395578,0.517639110057076
32175,0.379398678711069,0.245921531616557,-0.445045154305677
32176,0.482000808952407,0.380814345422678,0.997228002952522
32185,0.377511123095591,0.242416071187812,-0.307943999318811
32199,0.261291627342591,0.152083052447081,-0.274893524386168
32205,0.460563570176621,0.329648105703114,1
32211,0.48982068221653,0.435014156667116,-0.722571035006187
32213,0.490225158419846,0.413779155992989,-0.727345808038643
32214,0.487933126601052,0.428542537414049,0.917964947209765
32216,0.484562491573412,0.392476742618309,0.822515013526203
32217,0.513280302008899,0.485169205878388,0.817108639533826
32220,0.482000808952407,0.390521774302279,-0.593566356054788
32223,0.493595793447485,0.391870028313334,-0.616680864373366
32224,0.485910745584468,0.369286773628152,0.997887192976759
32238,0.163003909936632,0.0877039234191722,-0.140096761497765
32242,0.378320075502225,0.238371309154645,0.592981504320584
32248,0.257112039908319,0.146083322097883,0.996372966785645
32259,0.0585142240798166,0.0337063502763921,0.311016739923722
32261,0.378589726304436,0.241337467978967,0.998285661618419
32272,0.169071052986383,0.0942429553727923,0.558556817948343
32276,0.261426452743697,0.154846973169745,-0.0663626389507573
32277,0.0613455575030336,0.033099635971417,-0.0642994803154676
32284,0.202238101658352,0.114466765538627,1
32294,0.0728057165970069,0.0396386679250371,-0.166322604058595
32296,0.335984899555076,0.207091816098153,0.616208706327103
32297,0.166913846568694,0.0931643521639477,0.41482041337629
32302,0.223540515033032,0.134690575704463,0.988199832929266
32305,0.221383308615343,0.133746797896724,0.997217831447846
32308,0.22057435620871,0.133342321693407,0.810854256116504
32314,0.508022111365781,0.420655251449373,1
32326,0.505864904948092,0.420655251449373,0.387130620887103
32331,0.185519751921262,0.105433463664554,0.396194216798786
32342,0.260887151139275,0.158756909801807,0.497178439732106
32344,0.499393285695025,0.417014965619523,1
32345,0.499393285695025,0.417014965619523,0.786897021743654
32347,0.261696103545908,0.159431036807335,1
32350,0.173520291222866,0.0953889712821896,1
32380,0.442631791829581,0.329985169205878,-0.561008580374446
32405,0.312660105163813,0.191249831468249,-0.216033351290056
32407,0.312255628960496,0.19104759336659,-0.353507085675229
32408,0.47579884050155,0.360186059053526,-0.381093083310307
32415,0.284886072536066,0.178711069165431,-0.377214653654639
32424,0.0814345422677632,0.0419306997438318,1
32426,0.498584333288392,0.410273695564244,-0.345132276743827
32430,0.402858298503438,0.273021437238776,1
32432,0.402993123904544,0.273088849939329,-0.44031203301298
32441,0.0629634623163004,0.0318862073614669,0.994425233899151
32442,0.0628286369151948,0.0318187946609141,-0.159854350798555
32443,0.506134555750303,0.454496427126871,0.980609840326003
32449,0.504381825535931,0.465889173520291,0.991672828201582
32452,0.482674935957934,0.394364298233787,0.75660911639998
32455,0.4091950923554,0.277538088175812,-0.203918177633381
32456,0.148038290413914,0.0852096534987191,-0.0823794462484803
32458,0.401914520695699,0.308817581232304,-0.570439829984092
32461,0.404071727113388,0.310300660644465,0.999701703759377
32475,0.102062828636915,0.0560199541593637,1
32487,0.460159093973305,0.38499393285695,0.89189678522748
32488,0.419981124443845,0.330119994606984,0.783361289597322
32501,0.149251719023864,0.0859511932047998,0.997555863045097
32512,0.427261696103546,0.323513549952811,0.581486493080234
32524,0.384117567749764,0.258527706619927,0.999647650665564
32527,0.0369421599029257,0.0198193339625186,1
32528,0.0369421599029257,0.0198193339625186,1
32530,0.386139948766348,0.260078198732641,0.963713334173984
32534,0.384926520156397,0.25812323041661,0.977115932081483
32541,0.364972360792773,0.233854658217608,0.966589446493119
32544,0.34407442362141,0.224079816637454,0.906033173794485
32548,0.375488742079008,0.246393420520426,0.739085193536024
32565,0.380746932722125,0.255494135095052,0.501301109446176
32569,0.378185250101119,0.250168531751382,0.756469840850023
32577,0.163273560738843,0.0883780504247,0.526814322563712
32578,0.382904139139814,0.257112039908319,0.973152636831305
32579,0.37360118646353,0.247606849130376,0.993726179533165
32581,0.26560604017797,0.157476068491304,0.999745774281904
32587,0.267493595793448,0.158824322502359,0.755103474467186
32588,0.372657408655791,0.251449373061885,0.976570901216781
32589,0.369151948227046,0.248348388836457,0.77982902558673
32594,0.274504516650937,0.164486989348793,-0.123780503644331
32597,0.384522043953081,0.258055817716058,0.499565129483786
32610,0.37481461507348,0.251719023864096,0.757928464459128
32619,0.19226102197654,0.106107590670082,0.991709675207717
32620,0.189429688553323,0.104557098557368,-0.315173130994419
32621,0.49710125387623,0.456046919239585,0.999455844411778
32622,0.496831603074019,0.455777268437374,0.999727903225394
32623,0.496831603074019,0.455912093838479,0.998911142987608
32630,0.160577052716732,0.0868949710125387,0.999141014050859
32635,0.396656330052582,0.286503977349333,0.999839996100529
32639,0.396656330052582,0.286369151948227,-0.197299181122423
32640,0.155318862073615,0.083996224888769,-0.195487934261538
32645,0.413779155992989,0.290885802885264,0.963519052125091
32671,0.417149791020628,0.2929755966024,0.996067648860866
32678,0.511527571794526,0.451799919104759,0.992848357882339
32680,0.51017931778347,0.449373061884859,0.998595240045946
32692,0.406498584333288,0.265403802076311,0.986017447066842
32698,0.402588647701227,0.26560604017797,0.9980364870663
32702,0.2397195631657,0.141701496561952,-0.259520228630139
32705,0.247134960226507,0.145678845894567,0.998924781628757
32706,0.247404611028718,0.145813671295672,-0.254025638135796
32714,0.339490359983821,0.217068895779965,0.99960381546486
32717,0.33922070918161,0.216934070378859,0.332768287550691
32725,0.395038425239315,0.288526358365916,1
32726,0.395038425239315,0.288526358365916,1
32730,0.251179722259674,0.147970877713361,-0.1512785410241
32737,0.21936092759876,0.125994337333154,1
32744,0.286773628151544,0.177227989753269,0.457472442716039
32751,0.478225697721451,0.43123904543616,0.996123705488543
32756,0.262639881353647,0.161386005123365,-0.169403661115262
32758,0.430362680328974,0.312929755966024,-0.279089359868684
32766,0.487663475798841,0.372859646757449,-0.468977093582185
32767,0.405689631926655,0.284683834434407,-0.446511617340709
32776,0.477281919913712,0.436025347175408,0.996666906505172
32779,0.377106646892275,0.249764055548065,-0.517576330113523
32781,0.478225697721451,0.437710664689227,0.998668237933679
32786,0.430901981933396,0.314008359174869,0.99796510868751
32789,0.360253471754078,0.225158419846299,-0.361194851074089
32795,0.379398678711069,0.251988674666307,1
32805,0.265201563974653,0.161857894027235,0.486122964812771
32812,0.24794391263314,0.145813671295672,0.363111770211322
32818,0.0995011460159094,0.0548739382499663,0.98625336396885
32824,0.321963057840097,0.199946069839558,-0.155302126988479
32835,0.498584333288392,0.484562491573412,-0.483210149994481
32839,0.455844681137926,0.361399487663476,-0.287345125498944
32840,0.220035054604287,0.125522448429284,-0.247114329566283
32847,0.213293784549009,0.122691115006067,-0.266119175363916
32850,0.213428609950115,0.12275852770662,-0.249186506386794
32852,0.447081030066064,0.341782391802616,-0.289642976785676
32855,0.171228259404072,0.100579749224754,-0.166138223795258
32856,0.360388297155184,0.225495483349063,0.521896232236394
32857,0.520560873668599,0.495281110961305,0.275526985447617
32866,0.319536200620197,0.198328165026291,-0.325909696098965
32868,0.497505730079547,0.442901442631792,-0.405862049443931
32870,0.434946743966563,0.319536200620197,-0.257204488774772
32873,0.435890521774302,0.326479708777134,0.9998480719562
32876,0.441418363219631,0.323311311851153,1
32880,0.216125117972226,0.123432654712148,0.999378131579745
32882,0.220169880005393,0.126938115140893,-0.263800081379489
32884,0.219091276796548,0.129634623163004,1
32908,0.440339760010786,0.367938519617096,0.997254775149631
32910,0.299851692058784,0.183362545503573,-0.430130870905078
32918,0.497775380881758,0.442496966428475,-0.634921331372761
32921,0.453282998516921,0.346770931643522,0.790463383204685
32926,0.498853984090603,0.437912902790886,0.512381802433097
32937,0.228663880275044,0.131859242281246,0.786608926675816
32941,0.310502898746124,0.190036402858298,0.804541537262515
32942,0.22785492786841,0.131319940676824,0.792110376049812
32948,0.419441822839423,0.300323580962653,-0.336938821295737
32951,0.331670486719698,0.208440070109209,-0.368603063261961
32952,0.448564109478226,0.352635836591614,-0.468995397565386
32953,0.356478360523123,0.254280706485102,0.999162530507015
32954,0.356343535122017,0.25448294458676,0.999497690034989
32964,0.387083726574087,0.28400970742888,0.998259702776286
32966,0.418902521235001,0.299919104759337,0.99935959911744
32968,0.429014426317918,0.307941216125118,-0.392270796001624
32969,0.385330996359714,0.273156262639881,-0.156612499353986
32974,0.452339220709182,0.435283807469327,0.553881887053502
32975,0.320749629230147,0.197047323715788,-0.25742129801084
32977,0.428475124713496,0.360927598759606,-0.46689326527332
32982,0.377780773897802,0.258190643117163,-0.226288405234473
32988,0.427800997707968,0.308682755831199,-0.370580227885225
32996,0.457192935148982,0.368680059323176,-0.42485245266718
33007,0.432385061345557,0.368680059323176,0.963274519254956
33014,0.446137252258325,0.341849804503168,0.992583208637451
33016,0.445193474450586,0.342052042604827,0.99052895768143
33021,0.437912902790886,0.34407442362141,0.979422302054651
33024,0.446406903060537,0.342928407712013,0.994961331024212
33029,0.445597950653903,0.342389106107591,0.998075336889389
33035,0.441418363219631,0.349332614264527,0.972050569666142
33037,0.447081030066064,0.343535122016988,0.982067518077017
33039,0.446406903060537,0.342658756909802,0.954287610914799
33041,0.446676553862748,0.341445328299852,1
33048,0.446676553862748,0.34333288391533,0.999407916356903
33060,0.503707698530403,0.480787380342456,0.741562055395904
33075,0.424430362680329,0.308345692328435,0.761362509811177
33077,0.229068356478361,0.131117702575165,0.931816945766276
33082,0.13051098827019,0.0701092085748956,-0.119495375396897
33083,0.229203181879466,0.131589591479035,0.208066329411103
33084,0.471754078468383,0.482877174059593,0.687850607701149
33091,0.229472832681677,0.131454766077929,-0.268880720438708
33093,0.228124578670622,0.13051098827019,-0.267017388240523
33097,0.118241876769583,0.0622219226102197,0.361986654500115
33103,0.49346096804638,0.454766077929082,-0.610860340651917
33117,0.500741539706081,0.47916947552919,-0.376532054230176
33122,0.484158015370096,0.390656599703384,0.999135705822054
33126,0.499258460293919,0.47384387218552,-0.381972692494329
33127,0.229607658082783,0.135432115410543,0.994066748888386
33129,0.499932587299447,0.473237157880545,0.998508777221195
33131,0.483483888364568,0.389915059997303,0.994522440640264
33153,0.468653094242955,0.383038964540919,1
33155,0.189429688553323,0.105366050964002,-0.116928891913713
33162,0.4697316974518,0.383713091546447,-0.699258466429212
33163,0.490225158419846,0.43535122016988,-0.47371327145237
33165,0.444114871241742,0.337467978967237,-0.616673150576371
33167,0.118107051368478,0.0624241607118781,-0.105607250069432
33178,0.412026425778617,0.305244708103007,-0.363156515586043
33180,0.41283537818525,0.297290009437778,-0.168352821814083
33190,0.117567749764056,0.0620196845085614,0.355277011795956
33195,0.229877308884994,0.132735607388432,0.999707740310537
33198,0.496561952271808,0.473978697586625,0.281351821107582
33209,0.496966428475125,0.462451125792099,-0.0135854783300962
33237,0.496022650667386,0.429486315221788,0.999860752912215
33239,0.49831468248618,0.428879600916813,-0.288984843954856
33245,0.494000269650802,0.432385061345558,0.999723653611742
33254,0.174868545233922,0.0970068760954563,-0.114678723659245
33265,0.501820142914925,0.448564109478226,0.997657088591606
33286,0.172846164217339,0.0955912093838479,-0.263244337245441
33294,0.487933126601052,0.446474315761089,0.996392239176252
33301,0.230955912093838,0.13705002022381,-0.10269649097341
33305,0.170958608601861,0.0939733045705811,-0.309694572889919
33308,0.164352163947688,0.0959282728866119,0.99926144109104
33312,0.172037211810705,0.100579749224754,0.975052652669436
33327,0.254685182688418,0.151341512741,0.701521971398375
33330,0.16246460833221,0.0948496696777673,0.567813949795866
33332,0.255494135095052,0.151341512741,-0.146520214161843
33335,0.162060132128893,0.0942429553727923,-0.146251295500919
33336,0.249561817446407,0.145409195092355,0.995914468809077
33337,0.248078738034246,0.144667655386275,0.719485676188265
33345,0.254550357287313,0.149116893622758,-0.216717750004643
33346,0.321288930834569,0.192328434677093,0.650453798641591
33349,0.503842523931509,0.434879331266011,0.533478332677761
33354,0.250640420655251,0.151745988944317,0.548278294169644
33357,0.351894296885533,0.216529594175543,0.9284311812026
33362,0.24794391263314,0.149588782526628,-0.212983497385681
33380,0.191452069569907,0.108804098692194,-0.293120069369975
33387,0.218686800593232,0.128218956451395,-0.37451217948906
33389,0.479573951732506,0.392678980719968,-0.31013119819075
33391,0.22057435620871,0.128758258055818,-0.21418007221609
33395,0.497640555480653,0.47748415801537,0.98968942731702
33400,0.244842928407712,0.148442766617231,-0.401819515283126
33407,0.476472967507078,0.494944047458541,0.962610094540528
33424,0.171767561008494,0.0914116219495753,0.653006324363035
33426,0.172576513415127,0.0920857489551031,-0.0876300246043304
33436,0.470675475259539,0.349130376162869,-0.21536130895707
33439,0.498719158689497,0.493663206148038,0.770203892784101
33452,0.117028448159633,0.0635027639207226,-0.18463969093389
33457,0.495213698260752,0.382162599433733,-0.210765174000037
33459,0.183632196305784,0.0974787649993258,0.996415358012968
33469,0.116084670351894,0.0638398274234866,-0.0840278739817412
33503,0.184036672509101,0.0979506539031954,0.496193355247531
33504,0.436429823378725,0.302076311177026,0.481192737057147
33520,0.183632196305784,0.0974787649993258,0.99719502495922
33526,0.490494809222057,0.37602804368343,-0.215859410097635
33535,0.18376702170689,0.0975461776998786,0.98917170058965
33541,0.173520291222866,0.0952541458810841,1
33542,0.173520291222866,0.0952541458810841,0.942196681241088
33547,0.273425913442092,0.159228798705676,0.614957394387791
33558,0.181205339085884,0.0966698125926925,1
33568,0.182149116893623,0.0972765268976675,0.976854191554584
33569,0.184306323311312,0.0978158285020898,0.996801131602715
33585,0.182958069300256,0.0972765268976675,0.505972484277249
33593,0.464338681407577,0.371174329243629,0.759951066236527
33595,0.470270999056222,0.351894296885533,-0.220429698294994
33596,0.182958069300256,0.0970068760954563,0.997590776831912
33604,0.31306458136713,0.18619387892679,-0.326876952023632
33611,0.183092894701362,0.0976135904004315,0.960819109197444
33623,0.18619387892679,0.0994337333153567,0.996471474904832
33626,0.170284481596333,0.0917486854523393,0.576317230803279
33633,0.370230551435891,0.237832007550222,0.531321591864905
33638,0.190777942564379,0.109275987596063,-0.0938787914230815
33641,0.184306323311312,0.0983551301065121,-0.0910050473296779
33643,0.117163273560739,0.0638398274234866,0.507869792356201
33650,0.184171497910206,0.0978832412026426,0.945825961530973
33659,0.183901847107995,0.0980180666037481,1
33660,0.183901847107995,0.0980180666037481,0.992843708677849
33662,0.0815693676688688,0.0433463664554402,0.994406319734928
33668,0.117163273560739,0.0637050020223811,1
33670,0.184306323311312,0.0979506539031954,-0.0863319809746505
33687,0.0500202238101658,0.0263583659161386,-0.0198615616650121
33698,0.118241876769583,0.0643791290279089,-0.0851749724622946
33702,0.392341917217204,0.284481596332749,0.605268498834815
33706,0.1719023864096,0.0922879870567614,0.46601564702857
33709,0.409869219360928,0.30362680328974,0.99969068304124
33713,0.176890926250506,0.0949170823783201,-0.235259053767989
33722,0.479304300930295,0.429486315221788,0.934639607244867
33739,0.0459754617769988,0.0240663340973439,-0.0499883858060506
33741,0.172172037211811,0.0917486854523393,-0.0819789526083281
33743,0.176351624646083,0.0942429553727923,-0.0235099736772293
33747,0.161520830524471,0.0901981933396252,0.833126888635389
33748,0.11743292436295,0.0643791290279089,-0.0864826961214616
33750,0.0473237157880545,0.0256842389106108,1
33751,0.0473237157880545,0.0256842389106108,-0.026429211034166
33752,0.177295402453822,0.0949844950788729,1
33766,0.177565053256033,0.0978158285020898,1
33787,0.181070513684778,0.0987596063098287,-0.0940078208027877
33789,0.179722259673723,0.0967372252932452,1
33794,0.181474989888095,0.0972091141971148,-0.148303817318964
33796,0.378994202507752,0.244371039503843,1
33797,0.378994202507752,0.244371039503843,0.999625194965314
33804,0.170284481596333,0.0924228124578671,0.999592011921169
33815,0.177565053256033,0.0951193204799784,1
33820,0.170554132398544,0.0905352568423891,0.967206439826618
33837,0.417823918026156,0.291694755291897,0.458390877062956
33843,0.176890926250506,0.0966698125926925,0.982141185998241
33845,0.178643656464878,0.0952541458810841,-0.0627643709049608
33851,0.175947148442767,0.0995685587164622,1
33857,0.482135634353512,0.439395982203047,0.381612499053768
33880,0.178913307267089,0.0987596063098287,1
33885,0.172306862612916,0.0970742887960092,0.976138094937117
33898,0.339085883780504,0.229405419981124,-0.118803443734539
33899,0.0508291762167992,0.0273021437238776,-0.0955252655091805
33903,0.418228394229473,0.300256168262101,0.7516479411777
33910,0.179317783470406,0.0958608601860591,1
33911,0.179317783470406,0.0958608601860591,0.989507677096229
33912,0.176621275448294,0.0943777807738978,0.999592274595732
33913,0.1767561008494,0.0944451934744506,0.999592481366283
33919,0.156262639881354,0.0885128758258056,0.996757254411997
33923,0.181205339085884,0.0981528920048537,1
33928,0.168262100579749,0.0910071457462586,-0.113824956061905
33933,0.386139948766348,0.26803289739787,0.771701830346085
33939,0.406094108129972,0.301874073075367,-0.204029156959654
33948,0.342995820412566,0.23607927733585,-0.340935250592984
33960,0.183901847107995,0.0982877174059593,-0.216069307878806
33972,0.177295402453822,0.10145611433194,1
33975,0.392881218821626,0.264662262370231,-0.203069913120627
33978,0.247134960226507,0.151476338142106,0.790051686167518
33981,0.177834704058245,0.0945800188755561,0.999182173069752
33983,0.413913981394095,0.305244708103007,-0.266690615187329
33997,0.39153296481057,0.286773628151544,-0.184760913552281
34001,0.371578805446946,0.270055278414453,0.915073014392664
34003,0.184171497910206,0.0981528920048537,-0.121829883602248
34009,0.126331400835917,0.0708507482809762,-0.15805867418303
34010,0.428070648510179,0.297357422138331,-0.199900595768995
34016,0.183632196305784,0.097748415801537,-0.150706801507695
34017,0.334636645544021,0.208305244708103,-0.150503781318906
34020,0.422542807064851,0.308345692328435,0.512128334344629
34034,0.174598894431711,0.0926924632600782,-0.0958873731302213
34037,0.175407846838344,0.0932317648645005,0.997928147214222
34038,0.175003370635028,0.0930295267628422,1
34042,0.174868545233922,0.0929621140622894,0.972723416829364
34047,0.173655116623972,0.0951867331805312,0.998817893553398
34053,0.180935688283673,0.0969394633949036,0.997608947348252
34063,0.180666037481462,0.0969394633949036,-0.0291986228072945
34071,0.276122421464204,0.168127275178644,-0.122053720252499
34076,0.468922745045167,0.456249157341243,-0.430574938667426
34081,0.368882297424835,0.23850613455575,0.596822076459039
34084,0.409599568558716,0.283942294728327,-0.224344874979531
34090,0.178913307267089,0.0991640825131455,-0.235669809325
34093,0.402588647701227,0.330052581906431,-0.238651624030856
34094,0.177834704058245,0.104017796952946,-0.238753833881222
34101,0.455709855736821,0.354321154105433,-0.540043502347149
34104,0.183632196305784,0.0990966698125927,1
34106,0.183362545503573,0.102062828636915,1
34113,0.176621275448294,0.0931643521639477,1
34117,0.481326681946879,0.400296615882432,0.374376505909364
34118,0.181744640690306,0.100579749224754,0.999625871774727
34122,0.178913307267089,0.0995685587164622,0.406366378661605
34142,0.292031818794661,0.1791829580693,-0.151443996669338
34146,0.179587434272617,0.10071457462586,0.618372500384238
34151,0.180935688283673,0.0986921936092759,-0.0562221465083048
34153,0.180935688283673,0.0986921936092759,-0.0562221465083048
34154,0.0895240663340973,0.0462451125792099,-0.046557116080173
34156,0.12687070244034,0.0701766212754483,-0.124297563061301
34161,0.178104354860456,0.0998382095186733,0.989553998237643
34164,0.180126735877039,0.0985573682081704,0.996534430468106
34169,0.181205339085884,0.0989618444114871,0.460676167879843
34172,0.483618713765673,0.42517190238641,0.385805068109453
34181,0.307806390724012,0.19030605366051,0.657157789811673
34185,0.290144263179183,0.168801402184172,0.423949094170392
34190,0.490899285425374,0.395105837939868,-0.460992474470496
34193,0.417014965619523,0.295739517325064,0.996278665804433
34196,0.04745854118916,0.0241337467978967,-0.0708819446371461
34210,0.490225158419846,0.426587569098018,0.3839785809086
34221,0.25859511932048,0.159768100310098,-0.280429361763438
34224,0.203586355669408,0.119185654577322,-0.0634536575140945
34225,0.0764460024268572,0.0406498584333288,1
34227,0.42105972765269,0.309222057435621,0.902481854149516
34230,0.423351759471484,0.289739786975866,-0.283309561808201
34238,0.0779290818390185,0.0404476203316705,0.581497474784393
34249,0.454900903330187,0.333827693137387,0.898673710060021
34251,0.423891061075907,0.289739786975866,0.716224500200068
34256,0.457058109747876,0.337602804368343,0.998767126805594
34257,0.457327760550088,0.337737629769449,0.907554892667523
34262,0.0814345422677632,0.042470001348254,-0.10896887021426
34272,0.475124713496023,0.362545503572873,-0.444215878937296
34279,0.495618174464069,0.415801537009573,0.693958023510808
34300,0.445732776055009,0.310502898746124,-0.127662110555438
34306,0.479573951732506,0.375825805581772,-0.430950703626271
34307,0.4067682351355,0.316502629095322,0.998824278128886
34317,0.441148712417419,0.369691249831468,0.790483966983615
34327,0.385061345557503,0.257651341512741,-0.187671090638192
34331,0.50896588917352,0.4975731427801,0.999725525462112
34343,0.518134016448699,0.498382095186733,0.192031718842563
34344,0.0794121612511797,0.0413239854388566,-0.132929710890675
34345,0.431441283537819,0.343535122016988,0.435618441085267
34348,0.279493056491843,0.168194687879196,-0.206617063747432
34360,0.274369691249831,0.184238910610759,0.585925764260728
34361,0.435890521774302,0.384050155049211,0.989793455252664
34362,0.432115410543346,0.378791964406094,0.943865448054651
34363,0.413374679789672,0.350680868275583,0.487034849396072
34381,0.507887285964676,0.479641364433059,-0.444589344802797
34388,0.508426587569098,0.496224888769044,0.453114447728745
34410,0.283402993123905,0.174194418228394,0.999077993753649
34414,0.161655655925576,0.0879735742213833,0.461983121776637
34417,0.162194957529999,0.0883780504247,0.461597695836517
34421,0.495348523661858,0.397465282459215,-0.303958964122477
34422,0.303222327086423,0.183564783605231,-0.147130690459848
34427,0.437912902790886,0.302278549278684,-0.28459223633188
34443,0.293784549009033,0.176688688148847,-0.190107122095469
34444,0.271133881623298,0.168733989483619,-0.189474228166096
34446,0.487528650397735,0.438317378994203,-0.633304066290933
34447,0.413239854388567,0.36584872589996,0.999869071494913
34456,0.438047728191991,0.355467170014831,-0.388771126573218
34457,0.314008359174869,0.196912498314682,-0.335977369793822
34462,0.283402993123905,0.175138196036133,0.982745983916704
34463,0.287987056761494,0.17796952945935,0.859670655427766
34467,0.447889982472698,0.33800728057166,0.993768755487424
34468,0.445463125252798,0.340838613994877,0.391872132399861
34474,0.117567749764056,0.0644465417284616,0.272287955755669
34475,0.516785762437643,0.455777268437374,0.999858237913608
34478,0.476877443710395,0.451193204799784,0.729951668722207
34481,0.480787380342456,0.460024268572199,-0.00671102294685759
34485,0.292031818794661,0.182823243899151,-0.237909677712032
34486,0.314817311581502,0.209720911419711,-0.168354851528554
34489,0.488202777403263,0.444856410947823,-0.42025382925214
34491,0.49831468248618,0.479573951732506,0.617939531885965
34501,0.433598489955508,0.333288391532965,-0.424966824607019
34505,0.446541728461642,0.33679385196171,0.0280790936047046
34508,0.180126735877039,0.10192800323581,-0.0890507836544772
34510,0.137117432924363,0.0730079546986653,-0.113806506368378
34517,0.519347445058649,0.494000269650802,-0.517871033947203
34519,0.519212619657544,0.493932856950249,0.998877745754745
34525,0.343265471214777,0.217877848186598,-0.177629236029865
34533,0.294054199811244,0.179250370769853,-0.241424907235849
34536,0.492786841040852,0.464675744910341,0.729727003612114
34542,0.316570041795874,0.199137117432924,-0.232850436998251
34553,0.457597411352299,0.369421599029257,-0.293146032038265
34557,0.181879466091412,0.0987596063098287,0.999613063719744
34576,0.0959956855871646,0.0505595254145881,-0.210536738403803
34581,0.49224753943643,0.473574221383309,0.471419259276885
34598,0.472697856276122,0.431576108938924,-0.193470160695189
34600,0.368477821221518,0.242753134690576,0.950249072702113
34603,0.486989348793313,0.380072805716597,-0.555559737932391
34614,0.504786301739248,0.453282998516921,0.884933770432409
34619,0.505595254145881,0.454091950923554,-0.50627654040623
34621,0.402723473102332,0.262842119455305,-0.373799786788889
34622,0.375758392881219,0.267426183092895,-0.147075458171059
34624,0.0768504786301739,0.0403127949305649,0.240797937822573
34638,0.483618713765673,0.438789267898072,-0.437802744169725
34639,0.340568963192665,0.216529594175543,-0.454794705302533
34642,0.424295537279223,0.317311581501955,0.990684214584982
34654,0.452339220709182,0.412498314682486,0.601933430941595
34661,0.073075367399218,0.0373466361062424,-0.112709413912066
34663,0.0697047323715788,0.0360657947957396,-0.0102025798709487
34667,0.465282459215316,0.384859107455845,0.928908061181139
34669,0.478899824726979,0.425374140488068,0.601438057545089
34698,0.146555211001753,0.0801537009572604,-0.166764814226922
34701,0.401510044492382,0.274369691249831,0.999658624734484
34715,0.483349062963462,0.448092220574356,0.963919356576248
34720,0.466900364028583,0.364095995685587,0.996188407826844
34724,0.464743157610894,0.363017392476743,-0.654490419367331
34738,0.485101793177835,0.414992584602939,-0.177986707035984
34741,0.416880140218417,0.304975057300795,-0.341953999063268
34743,0.464473506808683,0.391061075906701,0.933888240180971
34744,0.473911284886073,0.425306727787515,0.999064066358327
34745,0.474315761089389,0.425778616691385,0.94447205097128
34750,0.315895914790347,0.205676149386544,-0.262989168734873
34753,0.4140488067952,0.277403262774707,0.248269370681854
34756,0.374275313469058,0.251179722259674,0.999108887148624
34757,0.374140488067952,0.251247134960227,-0.350842822687487
34762,0.451934744505865,0.345961979236888,0.91067131676184
34771,0.407037885937711,0.269583389510584,-0.111060655621125
34784,0.494539571255224,0.412565727383039,0.979507151248181
34791,0.303761628690845,0.185856815424026,-0.090511811933638
34801,0.334366994741809,0.212889308345692,0.999598751685612
34803,0.334771470945126,0.213091546447351,0.742020841805581
34808,0.47094512606175,0.360186059053526,0.999252514614611
34815,0.369286773628152,0.249359579344749,0.977936063302968
34821,0.350276392072266,0.23122556289605,0.96574939817391
34826,0.340299312390454,0.215585816367804,0.64784974831923
34830,0.429823378724552,0.295132803020089,0.768547472017874
34832,0.118781178374006,0.0661318592422813,0.997373037840272
34852,0.372252932452474,0.258932182823244,0.73414921629174
34859,0.0795469866522853,0.0413913981394095,0.999148221800424
34860,0.0794121612511797,0.0413239854388566,0.988855514780652
34862,0.0794121612511797,0.04091950923554,0.971145682659476
34864,0.0884454631252528,0.0470540649858433,0.934466249985041
34867,0.0834569232843468,0.0433463664554402,0.939581501297605
34869,0.0837265740865579,0.0436160172576513,0.949327253132967
34876,0.0865579075097748,0.0461102871781044,0.921764056630171
34883,0.0806255898611298,0.0412565727383039,0.994778076803363
34889,0.0709181609815289,0.0364028582985034,1
34897,0.0959956855871646,0.0510988270190104,0.86924668853276
34903,0.0889847647296751,0.0467844141836322,0.920837802435414
34908,0.0733450182014291,0.0380207631117703,0.701374150237686
34917,0.233113118511528,0.134353512201699,-0.151938823413503
34918,0.138465686935419,0.0759741135229878,-0.150546579497202
34921,0.230551435890522,0.139004988539841,0.968489786456834
34925,0.119050829176217,0.0643791290279089,-0.131996855595136
34937,0.420924902251584,0.288661183767022,0.842077503554971
34942,0.386948901172981,0.266684643386814,0.487398748860396
34945,0.136712956721046,0.0759067008224349,0.97995296915893
34948,0.22057435620871,0.129836861264662,0.750810721665388
34950,0.13752190912768,0.0764460024268572,0.631179881739977
34953,0.298233787245517,0.183901847107995,0.988598395272332
34958,0.142240798166375,0.0798840501550492,0.576461221224985
34972,0.0910071457462586,0.0480652554941351,0.722565280018765
34977,0.0920857489551031,0.0484697316974518,0.830804480824997
34979,0.124578670621545,0.0678171767561009,1
34980,0.124578670621545,0.0678171767561009,-0.196591781520938
34998,0.136173655116624,0.073075367399218,0.462742647141009
35002,0.275717945260887,0.171295672104624,0.993120406583479
35006,0.424025886477012,0.302076311177026,0.831911837357336
35014,0.32155858163678,0.197721450721316,-0.215566856412905
35021,0.267493595793448,0.169880005393016,-0.238620726669954
35023,0.504516650937037,0.420385600647162,0.258774668315202
35026,0.464203856006472,0.367736281515437,0.492382641738931
35028,0.319805851422408,0.195766482405285,0.749352924011241
35030,0.37602804368343,0.241135229877309,0.997918827142851
35037,0.0819738438721855,0.0435486045570985,0.266494726203964
35045,0.10678171767561,0.0579749224753944,0.994559652640732
35048,0.289874612376972,0.18376702170689,0.860083551329151
35053,0.353647027099906,0.236281515437508,-0.212372482058884
35056,0.10314143184576,0.0565592557637858,-0.136808188804131
35073,0.0842658756909802,0.0432115410543347,-0.136669953619501
35075,0.393959822030471,0.274908992854254,0.964447506782379
35082,0.396251853849265,0.275515707159229,0.875873428631606
35083,0.374544964271269,0.239180261561278,-0.0886084821472518
35093,0.126196575434812,0.0663340973439396,0.754597317343156
35109,0.0804907644600243,0.0417284616421734,0.993199325074063
35115,0.143858702979641,0.0769178913307267,0.69983592055925
35120,0.159902925711204,0.090872320345153,0.600684066962082
35123,0.0775246056357018,0.0403802076311177,-0.0408392998511881
35124,0.0525819064311716,0.0288526358365916,-0.0341425982791978
35135,0.0663340973439396,0.0345153026830255,0.984242426021659
35137,0.0687609545638398,0.0355939058918701,-0.0287025355014554
35147,0.361332074962923,0.2372927059458,-0.094252603498306
35156,0.364567884589457,0.235405150330322,-0.311409587851363
35157,0.350411217473372,0.246528245921532,-0.237997131031608
35159,0.365646487798301,0.236348928138061,-0.399951092955765
35182,0.291222866388028,0.171093434002966,-0.279526478647552
35191,0.0697047323715788,0.0357961439935284,0.240073338104197
35210,0.0547391128488607,0.0283133342321693,-0.108150656079976
35214,0.474450586490495,0.412633140083592,0.668176496740508
35225,0.294997977618983,0.176351624646083,-0.360407031485602
35227,0.455575030335715,0.379600916812728,0.361835580805213
35229,0.115410543346366,0.0618848591074559,-0.187139939406193
35232,0.216799244977754,0.129162734259134,-0.0911042291786263
35236,0.0768504786301739,0.0397734933261427,-0.0536458930185114
35248,0.483483888364568,0.45786706215451,0.999867704983048
35255,0.0763111770257516,0.0388297155184036,1
35257,0.275717945260887,0.159026560604018,0.991187177391137
35258,0.277605500876365,0.160105163812862,0.853165693340927
35259,0.319940676823514,0.199878657139005,1
35261,0.478495348523662,0.381488472428205,-0.716944280985185
35262,0.531616556559256,0.457529998651746,-0.359883904998999
35267,0.264662262370231,0.156330052581906,-0.31572708736374
35271,0.503303222327086,0.422205743562087,0.892562266604456
35273,0.509909666981259,0.414318457597411,-0.472288408415561
35274,0.374140488067952,0.24625859511932,0.398503074850056
35276,0.0791425104489686,0.0410543346366455,0.686699282327538
35279,0.510583793986787,0.417352029122287,-0.417644112452292
35285,0.24915734124309,0.151004449238237,0.999744376393063
35287,0.253336928677363,0.15012808413105,0.999737784170107
35291,0.265875690980181,0.160172576513415,-0.334252872738453
35293,0.512875825805582,0.495483349062963,0.417578452767029
35294,0.270190103815559,0.159228798705676,-0.402441856197806
35303,0.113657813131994,0.0619522718080087,0.999432473291344
35306,0.111905082917622,0.0610759067008224,0.992610392147263
35307,0.113657813131994,0.0619522718080087,-0.199619351131427
35312,0.312255628960496,0.198732641229608,1
35316,0.315221787784819,0.190777942564379,-0.353893042759598
35322,0.453687474720237,0.335917486854523,-0.125051588071318
35340,0.334636645544021,0.215046514763381,0.314455203426289
35341,0.0589187002831333,0.0301334771470945,0.300868625670866
35351,0.371039503842524,0.238371309154645,-0.123213562453694
35356,0.2954024538223,0.181812053390859,0.669515504771576
35368,0.206552514493731,0.115140892544155,-0.122783739294159
35375,0.294458676014561,0.181070513684778,-0.0904534528669822
35378,0.231360388297155,0.133611972495618,0.705101012785049
35387,0.130376162869085,0.0716597006876095,-0.0707475002742275
35390,0.130645813671296,0.0719293514898207,-0.153764407528404
35397,0.192126196575435,0.105366050964002,-0.140874261887024
35399,0.163408386139949,0.0949170823783201,-0.105158956227959
35403,0.287717405959283,0.177025751651611,-0.358026271155324
35412,0.288256707563705,0.177160577052717,-0.15004675383046
35416,0.286638802750438,0.176351624646083,-0.226727637636781
35424,0.472697856276122,0.364298233787245,0.544527467911414
35434,0.471214776863961,0.364770122691115,0.690150914012664
35435,0.331400835917487,0.212080355939059,0.689783683565369
35439,0.292571120399083,0.179048132668195,-0.198693481113505
35442,0.47094512606175,0.363961170284482,0.996440038715951
35451,0.0880409869219361,0.0452339220709181,0.438550983903621
35463,0.168801402184172,0.092759875960631,0.43918703504456
35473,0.114062289335311,0.0622893353107725,-0.0970661788046514
35475,0.177565053256033,0.10024268572199,0.999632042236758
35477,0.135499528111096,0.0743562087097209,-0.115840941844461
35479,0.134825401105568,0.0742887960091682,-0.0855487958182022
35483,0.170014830794122,0.0959282728866119,-0.0820189830153874
35498,0.448833760280437,0.329985169205878,-0.365678321237892
35503,0.115949844950789,0.0629634623163003,-0.121720476979266
35510,0.18983416475664,0.107590670082244,1
35513,0.418093568828367,0.295739517325064,-0.40276705945977
35521,0.422542807064851,0.293245247404611,-0.186096056541511
35522,0.109478225697721,0.0597276526897668,-0.0816233484756584
35527,0.205473911284886,0.116084670351894,-0.227286150430585
35528,0.435890521774302,0.310705136847782,0.99327813488872
35541,0.108264797087771,0.0589861129836862,-0.0880606323155408
35544,0.22421464203856,0.130039099366321,-0.135939900545837
35545,0.201294323850613,0.113590400431441,-0.256454675547485
35546,0.433463664554402,0.302750438182554,0.989675994376456
35557,0.213293784549009,0.120399083187272,0.993909629900956
35561,0.201563974652825,0.114399352838075,0.997686826869806
35563,0.245651880814345,0.14237562356748,-0.146174493914108
35577,0.410678171767561,0.281245786706215,-0.388283792684876
35578,0.4091950923554,0.316502629095322,1
35580,0.408790616152083,0.316165565592558,0.708996109467838
35585,0.356748011325334,0.241337467978967,0.989202176811379
35595,0.412700552784145,0.284279358231091,-0.31029540642769
35600,0.230551435890522,0.129702035863557,-0.274569053133015
35605,0.418093568828367,0.309896184441149,0.88210804492639
35607,0.319536200620197,0.189699339355535,0.996577239795995
35610,0.515707159228799,0.412902790885803,-0.65420300901777
35618,0.395712552244843,0.278886342186868,0.730534158495438
35628,0.517594714844277,0.490831872724821,0.573516747895904
35638,0.50532560334367,0.433194013752191,0.979475039374442
35645,0.514089254415532,0.462383713091546,0.133021235317944
35653,0.294458676014561,0.174194418228394,0.541184395313788
35665,0.501280841310503,0.476742618309289,0.680800510720874
35668,0.496696777672914,0.463529729000944,0.568151499164653
35669,0.330726708911959,0.206485101793178,0.996278140886775
35673,0.330322232708642,0.20749629230147,-0.12016263742571
35683,0.337602804368343,0.216394768774437,0.961277635072967
35692,0.256303087501685,0.146218147498989,-0.246665021069039
35697,0.0678171767561009,0.0347175407846838,-0.0354422576022696
35699,0.182823243899151,0.102602130241337,-0.102379083775724
35710,0.261561278144802,0.150060671430498,-0.150913585400563
35711,0.23850613455575,0.135297290009438,-0.100356906598404
35720,0.107051368477821,0.0586490494809222,1
35725,0.107051368477821,0.0586490494809222,0.97985775419963
35726,0.10678171767561,0.0563570176621275,0.97985775419963
35736,0.41863287043279,0.290750977484158,-0.493701220071451
35740,0.495752999865175,0.392948631522179,-0.151971532914917
35753,0.0570311446676554,0.0295941755426722,0.326253216570473
35754,0.32155858163678,0.210125387623028,-0.337416805040209
35766,0.0649858433328839,0.0345153026830255,1
35769,0.234191721720372,0.131926654981799,0.999699452130485
35773,0.255628960496157,0.155992989079142,0.993284430482375
35776,0.25616826210058,0.156127814480248,0.997517071782735
35781,0.273156262639881,0.166644195766482,-0.241088223666675
35791,0.123095591209384,0.0726034784953485,0.588209263779333
35795,0.369421599029257,0.238910610759067,1
35796,0.369421599029257,0.238910610759067,-0.208946423349416
35815,0.494404745854119,0.396588917352029,-0.236343527404628
35816,0.149521369826075,0.080558177160577,-0.204079547742759
35823,0.366320614803829,0.237360118646353,-0.107522763516544
35826,0.424565188081435,0.299919104759337,-0.35004539665642
35843,0.460833220978832,0.369151948227046,0.961540630094556
35851,0.247134960226507,0.141499258460294,-0.226444792280128
35859,0.02372927059458,0.0122691115006067,-0.0740350085483428
35864,0.0632331131185115,0.0343130645813672,-0.0320284014464036
35875,0.312660105163813,0.200552784144533,-0.215514077361685
35876,0.472293380072806,0.482337872455171,-0.407076755842467
35880,0.313873533773763,0.195362006201968,0.999145096550068
35881,0.313603882971552,0.195496831603074,-0.162025552603454
35882,0.2348658487259,0.132128893083457,-0.17055921590445
35905,0.475124713496023,0.395577726843737,-0.270225589988481
35907,0.225023594445193,0.131252527976271,0.655995086652739
35908,0.378994202507752,0.252190912767965,0.618363144663924
35909,0.236348928138061,0.134757988405016,-0.0561179061455394
35910,0.0695699069704732,0.0354590804907644,0.998998753151709
35918,0.0231899689901577,0.01186463529729,-0.0201177646810786
35920,0.450721315895915,0.346703518942969,0.929341191147245
35932,0.204395308076042,0.114466765538627,-0.146505675886986
35937,0.306727787515168,0.192328434677093,-0.145804628540595
35939,0.388431980585142,0.28400970742888,-0.357560430954352
35942,0.372522583254685,0.242079007685048,0.985884336885765
35945,0.312929755966024,0.195699069704732,-0.266398648812931
35947,0.311311851152757,0.194350815693677,-0.290486896607057
35953,0.344613725225833,0.215720641768909,0.216461806639009
35956,0.372522583254685,0.259201833625455,0.985622062365496
35965,0.239315086962384,0.140825131454766,0.995867962640657
35969,0.305784009707429,0.190508291762168,-0.355711197203478
35974,0.40798166374545,0.269785627612242,-0.446122445586524
35975,0.468248618039639,0.356815424025887,-0.447103422487305
35976,0.411082647970878,0.270392341917217,0.896947129237769
35981,0.404341377915599,0.277538088175812,0.900200969390073
35984,0.507887285964676,0.45254145881084,0.622067170071799
35990,0.389510583793987,0.256505325603344,0.998554849624046
35995,0.393420520426048,0.255763785897263,0.999267102273996
36014,0.0248078738034246,0.012808413105029,0.994807403634748
36030,0.316030740191452,0.197788863421869,0.997249603718919
36031,0.315895914790347,0.197721450721316,-0.253529570741747
36045,0.395442901442632,0.252325738169071,1
36048,0.393420520426048,0.251988674666307,0.999626077906911
36061,0.394633949035998,0.25205608736686,0.999063352163607
36065,0.394633949035998,0.251921261965754,0.997000736471685
36079,0.273965215046515,0.163273560738843,0.99925797307663
36084,0.172037211810705,0.0916812727517864,0.890356140867016
36086,0.140892544155319,0.0759741135229878,1
36089,0.140892544155319,0.0759741135229878,1
36121,0.274504516650937,0.16367803694216,0.995822395651414
36128,0.286503977349333,0.173318053121208,0.997648371604879
36152,0.27531346905757,0.164756640151004,0.995370638646713
36154,0.245382230012134,0.15302683025482,0.999259462449133
36155,0.24551705541324,0.153094242955373,0.998524003438446
36165,0.50653903195362,0.467507078333558,-0.871983629338065
36169,0.507347984360254,0.491236348928138,0.965033010916068
36171,0.0536605096400162,0.0276392072266415,-0.174874454743437
36173,0.51017931778347,0.487663475798841,-0.141651179447937
36178,0.490629634623163,0.359511932047998,-0.356645372782645
36180,0.494000269650802,0.359040043144128,1
36223,0.213967911554537,0.125320210327626,-0.30276016301566
36229,0.496157476068491,0.362141027369556,0.921262114646007
36233,0.216125117972226,0.126938115140893,0.997927383093676
36237,0.502224619118242,0.363017392476743,0.991881847076922
36239,0.540649858433329,0.472428205473911,-0.387080978484302
36246,0.453822300121343,0.345557503033572,0.856144744579774
36258,0.253876230281785,0.156734528785223,-0.423119376245967
36263,0.538088175812323,0.472765268976675,1
36266,0.537414048806795,0.472967507078334,1
36267,0.537414048806795,0.472967507078334,-0.38040447977525
36269,0.218686800593232,0.128353781852501,0.39741195471135
36270,0.537683699609006,0.492517190238641,0.720818364441565
36272,0.526493191317244,0.48934879331266,0.991168675681977
36275,0.520560873668599,0.401981933396252,0.724602937870668
36278,0.52204395308076,0.401510044492382,0.997406719583774
36292,0.263853309963597,0.160374814615074,0.971711427526024
36298,0.276257246865309,0.156734528785223,-0.184068956253333
36300,0.259269246326008,0.159700687609546,1
36306,0.404206552514494,0.263314008359175,-0.590770446018379
36313,0.500067412700553,0.475866253202103,-0.619142627466031
36316,0.367129567210462,0.240595928272887,0.817627764906328
36317,0.29661588243225,0.17796952945935,-0.350342448544264
36345,0.478495348523662,0.378387488202777,0.914864187235536
36355,0.494000269650802,0.468383443440744,0.196101134472726
36357,0.079007685047863,0.0401779695294594,0.999105191440641
36366,0.497505730079547,0.42105972765269,0.985744244008959
36389,0.0792773358500742,0.0403127949305649,0.681344082564788
36390,0.153161655655926,0.0811648914655521,-0.187674942165257
36401,0.480922205743562,0.424632600781987,0.2711692894114
36402,0.0791425104489686,0.0402453822300122,0.412522693489216
36404,0.292166644195766,0.188957799649454,0.997907925638824
36410,0.328030200889848,0.204058244573278,-0.236796541639204
36421,0.439665633005258,0.321356343535122,-0.339049217112451
36423,0.427935823109074,0.298368612646623,-0.326502204197951
36425,0.44236214102737,0.325805581771606,-0.341792206238077
36442,0.236214102736956,0.133072670891196,0.154824808190467
36444,0.0784683834434407,0.0399083187272482,-0.169840729727711
36445,0.49224753943643,0.461170284481596,0.681029940168345
36447,0.476338142105973,0.385398409060267,0.999713824120016
36449,0.476607792908184,0.38499393285695,0.906546186423394
36455,0.37360118646353,0.242887960091681,0.977150827975511
36457,0.371443980045841,0.241135229877309,-0.192766683681268
36459,0.447620331670487,0.322097883241203,-0.503214410122431
36461,0.179857085074828,0.0965349871915869,0.360440142499489
36463,0.407577187542133,0.280908723203452,-0.401205517659007
36465,0.0767156532290684,0.0393016044222732,1
36470,0.421464203856006,0.285425374140488,-0.418358218124885
36476,0.453282998516921,0.376702170688958,-0.449387434159605
36481,0.1791829580693,0.0978158285020898,0.997306141965995
36482,0.179317783470406,0.0982877174059593,-0.319537582202355
36483,0.506673857354726,0.497505730079547,-0.266680254126417
36485,0.444249696642848,0.322839422947283,-0.197985188340974
36491,0.444654172846164,0.329513280302009,0.99678796225609
36496,0.446811379263853,0.331805312120804,0.995113441648679
36512,0.444923823648375,0.329378454900903,-0.239671906633224
36514,0.222057435620871,0.125589861129837,-0.112635634053921
36520,0.505999730349198,0.484225428070649,-0.347202359944438
36521,0.192665498179857,0.104422273156263,-0.0549380624173045
36523,0.492786841040852,0.480719967641904,0.185398629119892
36536,0.476877443710395,0.378791964406094,-0.750705805333507
36542,0.490899285425374,0.411824187676958,-0.469657989592634
36543,0.353107725495483,0.251516785762438,-0.288595798233984
36545,0.353781852501011,0.250640420655251,1
36554,0.287447755157072,0.176621275448294,-0.379725798318856
36565,0.280976135904004,0.177565053256033,0.674999190894636
36567,0.287447755157072,0.176621275448294,-0.174836509834348
36568,0.266954294189025,0.152083052447081,-0.174537977124648
36573,0.403262774706755,0.269044087906162,-0.481240345877109
36588,0.476607792908184,0.392678980719968,-0.308515589246955
36597,0.470001348254011,0.499393285695025,1
36606,0.289874612376972,0.178239180261561,-0.0707768621269674
36607,0.129432385061346,0.069030605366051,-0.144492723761733
36622,0.331131185115276,0.215181340164487,-0.230604214470694
36628,0.483079412161251,0.445395712552245,-0.741384665687531
36639,0.185789402723473,0.106646892274505,0.807477350171989
36654,0.401375219091277,0.281987326412296,0.659432066709211
36659,0.192395847377646,0.106175003370635,0.998200001809511
36663,0.300660644465417,0.195901307806391,-0.249733405215325
36664,0.315626263988135,0.196642847512471,0.715643045780876
36667,0.30119994606984,0.195766482405285,0.618976080057296
36675,0.481191856545773,0.47748415801537,-0.571135209927782
36679,0.380612107321019,0.250033706350276,1
36682,0.278414453282999,0.163340973439396,-0.182146206308074
36690,0.150195496831603,0.0814345422677633,-0.259583395660066
36692,0.255224484292841,0.144600242685722,-0.136005194499141
36708,0.476203316704867,0.482540110556829,0.998968749628164
36713,0.443440744236214,0.347107995146286,0.739713191559643
36718,0.312255628960496,0.201833625455036,-0.160341329653407
36723,0.312390454361602,0.17844141836322,-0.204767992342122
36725,0.105298638263449,0.055885128758258,-0.103844119678597
36729,0.275852770661993,0.162734259134421,-0.129604649044968
36734,0.485371443980046,0.47337198328165,-0.410537800948538
36735,0.25859511932048,0.150330322232709,0.717393237572807
36738,0.40798166374545,0.312255628960496,1
36741,0.256572738303896,0.145544020493461,0.569826295385145
36750,0.349062963462316,0.211743292436295,-0.115729192083757
36751,0.0993663206148038,0.0522448429284077,-0.111450902104477
36753,0.471349602265067,0.436969124983147,0.630026758608702
36758,0.0990966698125927,0.0521100175273022,0.377994688649295
36783,0.305649184306323,0.191384656869354,0.508613260417324
36788,0.497775380881758,0.43171093434003,0.604502597932293
36819,0.153700957260348,0.0853444788998248,-0.246709177295048
36824,0.394094647431576,0.261089389240933,0.6439577025794
36836,0.313334232169341,0.191586894971013,0.667757232717561
36840,0.0372118107051368,0.0190103815558851,0.510813119248699
36843,0.432385061345557,0.336861264662262,0.919561876930546
36852,0.224079816637454,0.135499528111096,-0.386806393519907
36854,0.488742079007685,0.424767426183093,0.903446221698928
36856,0.494539571255224,0.471888903869489,0.826655548883173
36875,0.472428205473911,0.387218551975192,0.948463627218193
36878,0.292166644195766,0.172778751516786,-0.328755511494087
36885,0.462046649588783,0.370163138735338,0.986332177850677
36888,0.308750168531751,0.192530672778751,0.993388834076982
36891,0.449912363489281,0.360725360657948,-0.308431773052114
36897,0.312660105163813,0.192193609275988,-0.318399275018278
36903,0.438182553593097,0.362545503572873,0.99875379334636
36904,0.437238775785358,0.362073614669004,0.872684233239717
36907,0.448833760280437,0.361938789267898,-0.321255315065587
36908,0.233382769313739,0.132061480382904,-0.302052720523611
36910,0.430767156532291,0.338479169475529,-0.353762487598815
36911,0.294997977618983,0.183362545503573,-0.442555198588263
36913,0.304435755696373,0.191182418767696,0.649112715461368
36918,0.449103411082648,0.364230821086693,-0.605557341941483
36921,0.450316839692598,0.339490359983821,-0.169717605589532
36922,0.102602130241337,0.0542672239449913,1
36925,0.485910745584468,0.400566266684643,0.873446629311239
36938,0.2348658487259,0.13630848051773,-0.215261939756615
36956,0.433463664554402,0.344681137926385,0.999856660774489
36965,0.486584872589996,0.49298907914251,0.745187927907797
36979,0.370635027639207,0.266752056087367,-0.123871338121868
36989,0.226371848456249,0.130308750168532,-0.258559882633159
36995,0.470540649858433,0.429284077120129,0.994861838499283
36996,0.471214776863961,0.431508696238371,-0.249923315846111
37002,0.153161655655926,0.0806255898611299,0.982349889756718
37003,0.15666711608467,0.0823783200755023,-0.214330176622254
37004,0.483214237562357,0.428609950114602,-0.216474256943327
37006,0.475124713496023,0.432519886746663,0.999467788541919
37020,0.16853175138196,0.0926250505595254,-0.271291671802102
37023,0.148307941216125,0.0777942564379129,-0.120498643546115
37033,0.366320614803829,0.240056626668464,0.450185086285617
37038,0.498584333288392,0.446541728461642,0.338061007725112
37054,0.352163947687744,0.224888769044088,-0.252072159445883
37066,0.347849534852366,0.225158419846299,0.813806171859368
37074,0.13630848051773,0.0712552244842929,1
37080,0.497505730079547,0.45786706215451,0.993603085119081
37083,0.300930295267628,0.182823243899151,1
37085,0.300390993663206,0.181070513684778,-0.356663903737242
37088,0.151274100040448,0.0794121612511797,0.933599484046568
37090,0.413239854388567,0.285492786841041,-0.285464202798695
37094,0.451799919104759,0.375016853175138,0.999306369020514
37106,0.130106512066873,0.0664015100444924,0.973656029372274
37108,0.486584872589996,0.487730888499393,-0.482884608775579
37110,0.108804098692194,0.0570985573682081,0.999367204397064
37114,0.294458676014561,0.19104759336659,1
37115,0.294458676014561,0.19104759336659,1
37117,0.294458676014561,0.19104759336659,0.67285156443651
37119,0.183632196305784,0.102332479439126,0.998535576258919
37132,0.35715248752865,0.238438721855198,-0.123131108482263
37144,0.349332614264527,0.223203451530268,-0.130914512513603
37147,0.120399083187272,0.0614129702035864,0.450856992599795
37161,0.118241876769583,0.062761224214642,-0.217511634011172
37169,0.371443980045841,0.260550087636511,-0.235401306189134
37170,0.238640959956856,0.13630848051773,-0.0941681188141521
37191,0.127949305649184,0.0708507482809762,-0.105529072192953
37203,0.298503438047728,0.185250101119051,0.999779182853523
37211,0.247674261830929,0.14284751247135,0.43939121457689
37213,0.428205473911285,0.303761628690845,-0.627637708364011
37214,0.487933126601052,0.475596602399892,-0.516189554477845
37231,0.370769853040313,0.240124039369017,0.846589305320341
37240,0.150060671430498,0.0856815424025886,1
37252,0.120668733989484,0.0633005258190643,0.983829220201083
37280,0.507213158959148,0.477012269111501,0.958736184222134
37285,0.2978293110422,0.177497640555481,0.958347175278508
37286,0.315221787784819,0.188890386948901,0.977938680574895
37290,0.117837400566267,0.0608062558986113,0.423674608267895
37291,0.394094647431576,0.259875960630983,-0.364295777314253
37293,0.0303357152487529,0.016246460833221,-0.0879143578979171
37298,0.377915599298908,0.24261830928947,-0.511513171191759
37302,0.264392611568019,0.162801671834974,0.990875699926466
37308,0.117702575165161,0.0608736685991641,-0.13024635947904
37317,0.301874073075367,0.180598624780909,-0.123818605935436
37320,0.303222327086423,0.183160307401914,0.988785659525885
37329,0.50532560334367,0.460698395577727,-0.676606240256103
37332,0.311042200350546,0.190710529863826,0.942121476141952
37333,0.294323850613456,0.174261830928947,-0.125959142993124
37336,0.120129432385061,0.0624915734124309,0.982838996709313
37337,0.119185654577322,0.0620196845085614,-0.151701678178772
37338,0.412430901981933,0.28886342186868,-0.587676044022531
37345,0.450182014291493,0.343063233113118,-0.334280650929489
37350,0.0781987326412296,0.0415262235405151,0.209468711514949
37351,0.502359444519347,0.453552649319132,-0.248431473425491
37356,0.252527976270729,0.14527436969125,-0.360820957976131
37357,0.504516650937037,0.465012808413105,-0.680661857577368
37365,0.48523661857894,0.465215046514763,-0.237235003218354
37368,0.121477686396117,0.0634353512201699,-0.175842170284731
37380,0.47916947552919,0.379263853309964,-0.586570848633074
37382,0.490225158419846,0.439665633005258,0.999591680492771
37402,0.485910745584468,0.405015504921127,-0.479372944707001
37404,0.130241337467979,0.069030605366051,-0.0905139986000894
37407,0.128758258055818,0.0689631926654982,0.390059113994292
37414,0.136982607523257,0.0757718754213293,0.999529004323639
37416,0.152622354051503,0.0838613994876635,0.293502671295118
37418,0.137252258325469,0.0728057165970069,0.998486890495179
37420,0.378320075502225,0.251449373061885,-0.171659839376735
37429,0.16003775111231,0.0901307806390724,0.977852517224678
37438,0.140892544155319,0.0744910341108265,0.996497137279252
37441,0.433868140757719,0.307941216125118,0.698774071574452
37453,0.490629634623163,0.484090602669543,0.516790096078294
37461,0.180126735877039,0.0984225428070649,-0.0982384313893173
37463,0.140488067952002,0.0742887960091682,-0.178929292430357
37467,0.49710125387623,0.467102602130241,0.427303411321607
37472,0.481191856545773,0.412093838479169,0.236804991999765
37473,0.356208709720911,0.22785492786841,0.144374292588422
37479,0.139544290144263,0.0736820817041931,0.998989634748765
37490,0.294458676014561,0.182823243899151,-0.191745694800698
37504,0.223405689631927,0.135297290009438,-0.343609652255208
37507,0.0848051772954024,0.0438856680598625,0.250297755206101
37511,0.411891600377511,0.301402184171498,0.716726563119944
37521,0.0993663206148038,0.053727922340569,-0.147083528159315
37523,0.0992314952136983,0.0536605096400162,0.908609003728431
37526,0.470270999056222,0.37724147229338,1
37528,0.469462046649589,0.377645948496697,0.889240093248873
37529,0.490225158419846,0.434272616961035,0.889240093248873
37536,0.487798301199946,0.430497505730079,0.964740412872403
37538,0.345961979236888,0.234056896319267,-0.396724443723737
37543,0.0862882567075637,0.0454361601725766,-0.178220465916133
37546,0.0869623837130915,0.0456383982742349,-0.17526779558365
37552,0.473911284886073,0.389308345692328,1
37554,0.480248078738034,0.383578266145342,0.962003987148111
37560,0.139813940946474,0.0763785897263044,0.692589410806931
37565,0.201429149251719,0.115680194148578,-0.0692476434949841
37569,0.210192800323581,0.113725225832547,0.810428536660529
37575,0.431980585142241,0.310368073345018,0.519803480947753
37579,0.209249022515842,0.113388162329783,-0.083777766357992
37583,0.443980045840636,0.324187676958339,0.999376594923383
37603,0.205608736685992,0.116556559255764,-0.0781590240565398
37609,0.0897937171363085,0.0477281919913711,-0.114917712309647
37616,0.0906026695429419,0.0482674935957934,0.981792216555891
37619,0.0893892409329918,0.0473911284886073,-0.201945232213538
37621,0.0869623837130915,0.0461776998786572,0.987104031280513
37623,0.0846703518942969,0.0450316839692598,1
37630,0.487798301199946,0.427261696103546,-0.225134575756606
37635,0.51354995281111,0.472765268976675,0.888842037940488
37637,0.0870972091141971,0.0447620331670486,0.896832456253208
37654,0.268302548200081,0.175273021437239,-0.132857257717302
37657,0.0934340029661588,0.0480652554941351,0.198198567597739
37660,0.41863287043279,0.313401644869894,0.99954247644087
37663,0.111905082917622,0.0581097478764999,-0.20875714461389
37666,0.53148173115815,0.486045570985574,-0.781985569541287
37673,0.482674935957934,0.420250775246056,0.617562094446733
37681,0.421599029257112,0.300323580962653,0.318091463955703
37683,0.0985573682081704,0.0514358905217743,0.371338647594395
37684,0.418498045031684,0.298233787245517,0.320697197555514
37689,0.0928947013617366,0.0479304300930296,-0.21768442300764
37694,0.0835917486854523,0.043413779155993,-0.107866422014168
37700,0.496022650667386,0.435957934474855,0.999447278376051
37720,0.390184710799515,0.257786166913847,-0.116979158221229
37723,0.462855601995416,0.342389106107591,0.901500906682738
37732,0.0931643521639477,0.047795604691924,-0.117208485732771
37733,0.263853309963597,0.163610624241607,0.495687621612875
37735,0.491573412430902,0.428879600916813,0.898716663946928
37754,0.264392611568019,0.163475798840502,-0.233382798448603
37763,0.339355534582715,0.215653229068356,1
37764,0.339355534582715,0.215653229068356,0.999800121835831
37768,0.511932047997843,0.476001078603209,0.88995775764407
37771,0.321288930834569,0.202305514358905,0.535877194199368
37789,0.0932991775650533,0.0478630173924768,-0.0863891464199055
37790,0.178508831063772,0.104759336659027,-0.0859829143475093
37791,0.0939733045705811,0.0480652554941351,-0.173368173420891
37798,0.112444384522044,0.0583793986787111,0.998122180556684
37802,0.0930295267628421,0.0482674935957934,0.931771172687451
37807,0.103815558851288,0.0536605096400162,0.939777138707793
37809,0.310502898746124,0.196508022111366,0.721928369681846
37816,0.11500606714305,0.059660239989214,0.292872312119132
37817,0.475933665902656,0.386948901172981,0.998574749078345
37818,0.476742618309289,0.387353377376298,0.878607109543027
37834,0.466226237023055,0.378050424700013,0.811362342526217
37837,0.514224079816637,0.477416745314817,0.994844833158042
37843,0.515033032223271,0.477012269111501,0.226158274013326
37846,0.514089254415532,0.477214507213159,0.707565038169429
37855,0.467844141836322,0.429014426317918,0.985016370992913
37866,0.4745854118916,0.429418902521235,0.996409947430837
37870,0.120264257786167,0.0635027639207226,-0.0859567746927406
37871,0.10556828906566,0.0554806525549414,-0.102580984343494
37873,0.108804098692194,0.0576378589726304,0.209956407373755
37878,0.0857489551031414,0.0444923823648375,-0.0721012187319214
37898,0.102602130241337,0.0541323985438856,0.260141290606799
37903,0.387757853579614,0.276526897667521,-0.484539788686785
37906,0.483483888364568,0.367399218012674,-0.563400160220103
37925,0.103545908049076,0.0546042874477551,0.397975606280942
37934,0.103006606444654,0.0536605096400162,0.466690204725885
37937,0.316030740191452,0.193609275987596,0.99606853854248
37943,0.253606579479574,0.146352972900094,0.983536531064955
37947,0.0980180666037481,0.0510314143184576,0.329004626524009
37950,0.521774302278549,0.448698934879331,0.622119201746851
37958,0.102602130241337,0.0531886207361467,0.346126097612962
37963,0.098692193609276,0.052447081030066,0.999326375559781
37965,0.112039908318727,0.0600647161925306,-0.0954669823812736
37969,0.238371309154645,0.145206956990697,-0.248322444959835
37980,0.451665093703654,0.390589187002831,0.335943911273242
37984,0.101793177834704,0.05278414453283,0.998627032871218
37985,0.101793177834704,0.0526493191317244,-0.0675737228689071
37993,0.223675340434138,0.135701766212755,-0.099373160733915
38006,0.0821086692732911,0.0457732236753404,0.999275708229007
38016,0.333827693137387,0.222327086423082,-0.0828525786989193
38021,0.318187946609141,0.203181879466091,-0.0885411431454821
38040,0.414992584602939,0.314952136982607,-0.146452778918125
38045,0.0870972091141971,0.0453013347714709,0.298945642970022
38049,0.250775246056357,0.147633814210597,0.78634442405575
38057,0.422677632465957,0.302211136578131,-0.472704620483156
38060,0.480113253336929,0.398880949170824,0.409996440793537
38063,0.0635027639207227,0.0325603343669948,0.236458606261787
38067,0.355130106512067,0.247809087232035,-0.377268506306897
38070,0.420655251449373,0.327221248483214,0.387432319118589
38077,0.0946474315761089,0.0506943508156936,-0.0785322289870793
38081,0.143993528380747,0.0757718754213293,1
38088,0.170688957799649,0.0961305109882702,0.993888139540037
38091,0.169205878387488,0.0956586220844007,0.98279818414026
38095,0.278414453282999,0.178036942159903,-0.0166727700591735
38096,0.472832681677228,0.423823648375354,-0.768294367599885
38104,0.198732641229608,0.110691654307672,0.962578843200004
38108,0.185924228124579,0.103343669947418,0.999270752352552
38109,0.18619387892679,0.103478495348524,0.388876452323495
38112,0.506808682755831,0.418969933935553,0.394781665151498
38117,0.183092894701362,0.102467304840232,0.995996424434618
38125,0.186059053525684,0.103950384252393,0.993857968593381
38132,0.170823783200755,0.0936362410678172,0.990392604550381
38138,0.167453148173116,0.0922205743562087,0.989267116866143
38148,0.426722394499124,0.295065390319536,0.843604905094155
38152,0.242011594984495,0.140016179048133,-0.1004257560741
38163,0.249561817446407,0.148510179317783,0.99921214551047
38165,0.249696642847512,0.148712417419442,0.95041114016509
38167,0.241202642577862,0.13947687744371,-0.117186189637902
38177,0.436699474180936,0.320008089524066,0.987471570673858
38181,0.395982203047054,0.261224214642039,0.661400808592723
38184,0.308750168531751,0.200080895240663,-0.176684555989865
38187,0.230955912093838,0.135162464608332,0.999715582359037
38195,0.413374679789672,0.294593501415667,0.989029980903645
38196,0.412565727383039,0.294054199811244,-0.211887752231159
38201,0.401510044492382,0.266145341782392,-0.522050070238544
38203,0.487393824996629,0.433126601051638,0.999455531039496
38207,0.503303222327086,0.485843332883915,-0.836898275967502
38208,0.488337602804368,0.438856680598625,-0.520350676078077
38209,0.393959822030471,0.258729944721586,-0.201653046490575
38218,0.415397060806256,0.29007685047863,-0.595198370059682
38219,0.48402318996899,0.478225697721451,0.999868876528756
38224,0.484832142375624,0.380342456518808,0.383747437102147
38229,0.41526223540515,0.28717810435486,0.859368062377165
38231,0.414992584602939,0.287447755157072,0.996331951201929
38233,0.412430901981933,0.282526628016718,-0.202968111391422
38244,0.169340703788594,0.0916812727517864,0.984890355984081
38247,0.238236483753539,0.140285829850344,1
38259,0.409599568558716,0.282998516920588,0.632577216455843
38271,0.161655655925576,0.0883780504247,-0.133886484034648
38274,0.504516650937037,0.497910206282864,-0.726350020810896
38284,0.521369826075233,0.470877713361197,0.401235079995192
38305,0.518538492652016,0.463529729000944,0.518562366209111
38306,0.307671565322907,0.19226102197654,0.505833439430625
38322,0.225293245247405,0.135027639207227,-0.323920774730949
38324,0.276526897667521,0.169408116489147,-0.195971518897561
38325,0.221248483214238,0.12397195631657,-0.196609881382028
38329,0.465686935418633,0.386409599568559,0.50901287198132
38341,0.217203721181071,0.120736146690036,-0.166909529108205
38345,0.483753539166779,0.399622488876904,0.448921394383199
38348,0.452339220709182,0.332951328030201,-0.304471468338361
38354,0.308210866927329,0.181070513684778,-0.190930407059873
38363,0.253202103276257,0.151139274639342,-0.198273094521899
38367,0.251179722259674,0.15012808413105,0.474975558538737
38368,0.491977888634219,0.458338951058379,0.996504566457564
38376,0.470540649858433,0.424295537279223,-0.247870080090273
38379,0.434272616961035,0.309356882836726,-0.543731617348536
38384,0.431576108938924,0.294256437912903,-0.473531553530475
38388,0.440744236214103,0.317985708507483,0.994487769523376
38391,0.489551031414318,0.417486854523392,0.794319856496705
38392,0.42834029931239,0.310839962248888,0.777177325832969
38400,0.28596467574491,0.168194687879196,0.922349860141624
38405,0.274234865848726,0.155858163678037,0.507252171692671
38406,0.490090333018741,0.413037616286908,0.506848026964096
38407,0.27410004044762,0.155790750977484,0.998665434870437
38415,0.258729944721586,0.157543481191857,1
38425,0.277335850074154,0.171834973709047,0.997228356633076
38426,0.276796548469732,0.171565322906836,0.997459859083784
38431,0.306592962114062,0.208979371713631,-0.194498397124109
38442,0.428475124713496,0.332614264527437,0.983230275857961
38445,0.305918835108534,0.20823783200755,-0.200634831576445
38448,0.306862612916273,0.209114197114736,0.973793459820312
38459,0.306727787515168,0.205541323985439,0.997091757191537
38462,0.430632331131185,0.332479439126331,0.998672423861613
38474,0.439261156801941,0.33342321693407,0.538165593788361
38480,0.412430901981933,0.329985169205878,-0.339393036113195
38481,0.318592422812458,0.194620466495888,0.568963818720939
38487,0.487663475798841,0.437441013887016,-0.234003423616723
38488,0.399352838074693,0.28111096130511,0.99654338992665
38506,0.366725091007146,0.254550357287313,1
38511,0.377645948496697,0.263111770257517,0.991566902858842
38518,0.268302548200081,0.171228259404072,0.98624465224644
38525,0.26560604017797,0.170688957799649,1
38530,0.267763246595659,0.171228259404072,0.984936212381303
38532,0.266414992584603,0.171497910206283,-0.288965351021225
38533,0.41526223540515,0.290009437778077,-0.289709174458895
38540,0.386409599568559,0.266010516381286,0.991460668477053
38544,0.39031953620062,0.270257516516112,0.775623636067838
38550,0.309559120938385,0.191182418767696,0.999781855027218
38561,0.27410004044762,0.177497640555481,-0.239446619225442
38563,0.456114331940138,0.341580153700957,0.650837664833814
38576,0.274639342052043,0.178576243764325,0.880690550265596
38578,0.280436834299582,0.184710799514629,0.666220505954716
38586,0.266684643386814,0.154105433463665,0.562134125935675
38589,0.273156262639881,0.177430227854928,0.995438753072377
38604,0.324794391263314,0.214574625859512,-0.0541512414404832
38608,0.288526358365916,0.181474989888095,0.594222947237826
38622,0.0810300660644465,0.0428070648510179,-0.122772838605792
38623,0.27045975461777,0.175003370635028,0.694244053189311
38629,0.230821086692733,0.13172441688014,0.988456128816333
38630,0.234191721720372,0.133274908992854,0.999704155995521
38632,0.426183092894701,0.308682755831199,-0.356626513697384
38656,0.478764999325873,0.384859107455845,0.998850142211599
38667,0.308750168531751,0.191586894971013,0.806800968451765
38680,0.484427666172307,0.399015774571929,0.485541953777747
38682,0.0895240663340973,0.0478630173924768,-0.172741671135484
38702,0.387218551975192,0.263853309963597,-0.416575332923467
38706,0.261291627342591,0.158824322502359,0.999012889368017
38710,0.0891195901307806,0.0475259538897128,-0.158184557445878
38712,0.467709316435216,0.364904948092221,-0.657050186085462
38717,0.293919374410139,0.186868005932318,0.911022714484342
38730,0.424969664284751,0.316030740191452,0.761735854902729
38746,0.477821221518134,0.382634488337603,-0.38371269173916
38750,0.493865444249697,0.456855871646218,0.99838281688844
38754,0.430362680328974,0.321288930834569,0.997563902576036
38757,0.492786841040852,0.459147903465013,0.668031417882016
38762,0.218417149791021,0.122960765808278,-0.296031520660026
38765,0.493595793447485,0.437980315491439,-0.413580308369388
38775,0.492921666441958,0.408116489146555,-0.73185539286063
38796,0.308884993932857,0.187070244033976,0.993916250656487
38807,0.497236079277336,0.467035189429689,-0.637855427595248
38809,0.456788458945665,0.353781852501011,0.9596939733575
38815,0.37845490090333,0.243022785492787,0.968416096011773
38817,0.520426048267494,0.496966428475125,-0.814386809968721
38822,0.475933665902656,0.483888364567885,0.99539908924656
38824,0.45422677632466,0.36369151948227,0.996429006251548
38836,0.30605366050964,0.185115275717945,0.989846713281175
38838,0.517459889443171,0.468248618039639,-0.48710155052013
38840,0.20412565727383,0.119994606983956,-0.148995931107696
38844,0.507887285964676,0.443642982337872,0.991189817486077
38862,0.371443980045841,0.241270055278414,-0.396006955924705
38880,0.306458136712957,0.184373736011865,0.9995431365095
38881,0.306188485910746,0.184238910610759,-0.244390556335988
38882,0.354051503303222,0.22057435620871,-0.328412070791251
38893,0.376971821491169,0.244977753808818,0.889131824063833
38894,0.340029661588243,0.21235000674127,0.892418977670335
38895,0.37360118646353,0.243562087097209,0.999072110077706
38896,0.373736011864635,0.243494674396656,-0.189182796592379
38897,0.208305244708103,0.118039638667925,-0.276791935933749
38898,0.432654712147769,0.319199137117433,-0.392416604888562
38909,0.373870837265741,0.243966563300526,0.563498746356469
38913,0.43656464877983,0.321963057840097,-0.689204666242502
38921,0.308615343130646,0.187205069435082,-0.260810362370617
38923,0.439126331400836,0.323109073749494,-0.280185132046621
38931,0.266010516381286,0.163610624241607,0.973902424561397
38935,0.48645004718889,0.48645004718889,0.30934120035805
38951,0.269111500606714,0.160172576513415,0.54212981744901
38963,0.26924632600782,0.159835513010651,0.998996746331498
38964,0.268707024403398,0.159970338411757,-0.112525568198799
38973,0.272616961035459,0.162194957529999,0.505001659564292
38974,0.473506808682756,0.412700552784145,0.380716407700136
38983,0.278144802480787,0.169273291088041,-0.454314392185416
38990,0.492652015639747,0.497640555480653,-0.438935170431817
39001,0.131319940676824,0.0728057165970069,-0.274253952422807
39010,0.370230551435891,0.239315086962384,-0.137257460466754
39021,0.269785627612242,0.160105163812862,0.999497169471751
39025,0.175677497640555,0.0975461776998786,-0.0977503805904597
39027,0.270190103815559,0.159093973304571,-0.224202615105144
39043,0.228663880275044,0.139274639342052,0.532829005884197
39058,0.462990427396522,0.374140488067952,0.935769511480774
39076,0.163543211541054,0.0870297964136443,-0.246554391056493
39077,0.463529729000944,0.371713630848052,0.538824778694622
39088,0.143319401375219,0.0775920183362545,0.999058022338546
39096,0.270055278414453,0.160105163812862,0.999245040404753
39105,0.144128353781853,0.0779964945395712,1
39110,0.453552649319132,0.324255089658892,0.57201820148893
39112,0.22664149925846,0.125994337333154,-0.334896588676688
39118,0.365242011594984,0.234663610624242,0.490343006425574
39119,0.500337063502764,0.488944317109343,-0.972332549789825
39125,0.180261561278145,0.0999730349197789,-0.149116594163511
39134,0.3559390589187,0.227045975461777,0.957743741653255
39146,0.36537683699609,0.235405150330322,-0.173467293908197
39149,0.301874073075367,0.184643386814076,-0.246372243044957
39151,0.516381286234327,0.491843063233113,0.650674946866184
39154,0.49224753943643,0.424497775380882,0.992940422864874
39163,0.182553593096939,0.101658352433598,-0.130963484058385
39166,0.369286773628152,0.230888499393286,0.534616985657443
39168,0.178104354860456,0.0970068760954563,-0.274378443456844
39174,0.406094108129972,0.266280167183497,-0.172879824781911
39177,0.379937980315491,0.252393150869624,-0.5569846982998
39182,0.180531212080356,0.0982203047054065,-0.33546750851947
39187,0.464203856006472,0.369354186328704,0.448894082580994
39192,0.425239315086962,0.300660644465417,-0.246305383557275
39193,0.217608197384387,0.121342860995011,0.51393000292336
39200,0.283807469327221,0.173992180126736,-0.327808326863687
39216,0.393150869623837,0.278144802480787,0.925669365250251
39220,0.182149116893623,0.101995415936362,0.851826042114553
39223,0.369691249831468,0.253202103276257,-0.367971218256421
39227,0.428205473911285,0.313873533773763,0.760165654289722
39234,0.490629634623163,0.426250505595254,-0.284558688970271
39244,0.36537683699609,0.252258325468518,0.663928190094014
39260,0.297424834838884,0.18498045031684,-0.421673664478351
39262,0.487393824996629,0.430564918430632,-0.264089555246149
39270,0.475664015100445,0.380477281919914,1
39274,0.280571659700688,0.168599164082513,0.883599556528574
39279,0.277875151678576,0.167116084670352,0.999274963009661
39281,0.50411217473372,0.460630982877174,0.972266765086236
39286,0.178374005662667,0.099298907914251,0.526815422599051
39292,0.442092490225158,0.330928947013617,0.977507209577807
39295,0.26803289739787,0.155184036672509,0.474249017108379
39297,0.47094512606175,0.352635836591614,0.765462107373068
39319,0.229877308884994,0.129499797761898,0.959986570969063
39321,0.264122960765808,0.164554402049346,0.962357721135531
39326,0.507078333558042,0.461035459080491,0.983009742529155
39328,0.506269381151409,0.462653363893758,0.988735769784294
39336,0.473237157880545,0.382769313738708,-0.539418596876003
39338,0.469462046649589,0.371309154644735,-0.352348685373583
39347,0.229203181879466,0.129567210462451,-0.264797607059178
39348,0.435890521774302,0.320277740326277,0.937812252565165
39355,0.471484427666172,0.400094377780774,0.99986203693007
39357,0.471754078468383,0.400498853984091,-0.299934081055336
39361,0.427800997707968,0.303289739786976,-0.447056276566261
39364,0.482674935957934,0.426722394499124,-0.373902490275862
39366,0.431036807334502,0.321221518134016,-0.261435165935578
39368,0.432789537548874,0.319401375219091,-0.534452685722737
39378,0.455170554132399,0.343265471214777,-0.249230854227959
39390,0.426183092894701,0.300862882567076,0.565775576786188
39391,0.235809626533639,0.134218686800593,0.436367718415231
39395,0.231090737494944,0.137791559929891,0.999448046184686
39405,0.422542807064851,0.316570041795874,0.0774803204086102
39421,0.370769853040313,0.243764325198867,0.671116818032074
39430,0.226371848456249,0.128016718349737,0.951254483618951
39432,0.282189564513954,0.167925037076985,0.992055653278789
39444,0.497910206282864,0.45375488742079,0.979967855909035
39447,0.297424834838884,0.179452608871511,0.911221098542616
39449,0.303491977888634,0.190710529863826,0.849020195559205
39453,0.459350141566671,0.357489551031414,0.709493064339283
39454,0.347040582445733,0.216799244977754,0.998782243777819
39456,0.251044896858568,0.143993528380747,0.999721438309685
39462,0.45908049076446,0.359646757449103,0.555943714758826
39465,0.250910071457463,0.145544020493461,0.964218088133046
39482,0.218417149791021,0.126196575434812,0.612979286076069
39484,0.391128488607254,0.267695833895106,0.63374720414332
39487,0.471619253067278,0.44721585546717,0.999739436764105
39489,0.308750168531751,0.185789402723473,0.955098856476021
39497,0.464338681407577,0.362680328973979,0.637817320782372
39504,0.434272616961035,0.330389645409195,0.94851580749592
39506,0.433194013752191,0.340906026695429,-0.718833526803352
39508,0.252123500067413,0.142645274369691,0.572761058298782
39510,0.435081569367669,0.330119994606984,0.998800627766884
39517,0.248752865039773,0.140151004449238,-0.161424056661497
39528,0.310368073345018,0.192395847377646,0.704200041915762
39529,0.433194013752191,0.334569232843468,0.57990822180956
39535,0.499123634892814,0.490494809222057,-0.692339776654705
39543,0.300660644465417,0.187002831333423,0.970799063915756
39545,0.300795469866523,0.187070244033976,0.94721939967337
39547,0.30969394633949,0.191789133072671,1
39548,0.30969394633949,0.191789133072671,-0.15991940933428
39556,0.421733854658218,0.2954024538223,0.661524249775868
39561,0.4164756640151,0.295065390319536,-0.298119385477344
39566,0.290683564783605,0.184171497910206,1
39573,0.315626263988135,0.191923958473776,-0.29988129823888
39582,0.271808008628826,0.158015370095726,0.984557014862806
39588,0.27989753269516,0.160442227315626,-0.124384556833948
39602,0.279493056491843,0.160509640016179,0.998961094425586
39609,0.454091950923554,0.404476203316705,-0.236901029006845
39612,0.276526897667521,0.157678306592962,-0.123895897425456
39618,0.371443980045841,0.236820817041931,0.986527777055447
39622,0.136847782122152,0.0740865579075097,-0.168968562828751
39625,0.105163812862343,0.0547391128488607,0.898102079635959
39626,0.0875016853175138,0.0457732236753404,-0.152512088970916
39629,0.46609141162195,0.435418632870433,-0.184052691542012
39636,0.0733450182014291,0.0381555885128758,-0.0806538500885886
39651,0.483483888364568,0.455305379533504,0.481466556823688
39658,0.0694350815693677,0.0360657947957396,0.225826142165202
39664,0.218551975192126,0.134488337602804,0.999727142882253
39666,0.0814345422677632,0.0427396521504652,-0.161075183130682
39667,0.399487663475799,0.281852501011191,-0.442912526398968
39670,0.483349062963462,0.388229742483484,-0.519411134906144
39674,0.401240393690171,0.296346231630039,0.998909825172513
39683,0.498179857085075,0.483820951867332,-0.356814423783379
39686,0.197654038020763,0.117163273560739,-0.165616541443276
39692,0.244438452204395,0.155386274774167,-0.367543004989306
39700,0.457462585951193,0.395914790346501,-0.325957032348951
39709,0.36294997977619,0.239449912363489,0.999815586119324
39713,0.361871376567345,0.231764864500472,-0.42713131925893
39716,0.273560738843198,0.15349871915869,-0.180522514532159
39734,0.451665093703654,0.385600647161925,-0.527010100517183
39738,0.474315761089389,0.431441283537819,-0.54036785663195
39746,0.0679520021572064,0.0355939058918701,-0.132189631678143
39750,0.107590670082243,0.0594580018875556,-0.12179246726701
39760,0.336389375758393,0.216192530672779,0.557904298246778
39768,0.502629095321559,0.454766077929082,0.497104038740797
39769,0.299851692058784,0.177834704058245,-0.326478526443171
39777,0.378859377106647,0.249292166644196,0.971704328726792
39782,0.425374140488068,0.296683295132803,-0.364674221401928
39785,0.370769853040313,0.239449912363489,-0.362939555409558
39788,0.304975057300795,0.182553593096939,-0.163351451254484
39791,0.27747067547526,0.164352163947688,0.994800183864785
39796,0.498584333288392,0.486989348793313,-0.432896211461303
39802,0.192665498179857,0.106983955777268,0.771701656646972
39810,0.493730618848591,0.448833760280437,0.980492776276003
39813,0.491303761628691,0.439126331400836,0.345074969994127
39830,0.106377241472293,0.0581771605770527,0.406752510203796
39834,0.283807469327221,0.167250910071457,0.747191751339508
39835,0.189564513954429,0.104894162060132,0.709020608988912
39855,0.19927194283403,0.109882701901038,0.747586306984821
39857,0.208440070109209,0.115949844950789,0.732725605871655
39883,0.21599029257112,0.122691115006067,0.998428864169581
39887,0.508426587569098,0.402116758797357,-0.307923901200189
39893,0.504651476338142,0.401577457192935,-0.308210908064567
39904,0.511257920992315,0.414183632196306,0.999412716663471
39908,0.541189160037751,0.462990427396522,0.997619177321043
39921,0.336119724956182,0.208372657408656,0.976071687367162
39923,0.356613185924228,0.22468653094243,0.647030490424483
39928,0.340164486989349,0.216192530672779,0.668332304974498
39929,0.471079951462856,0.37966832951328,0.162174535489047
39935,0.436834299582041,0.288661183767022,0.999298848489848
39945,0.335310772549548,0.21066468922745,0.564539974344589
39947,0.266414992584603,0.159768100310098,0.537001702611957
39961,0.523796683295133,0.492719428340299,0.991507583359379
39965,0.259943373331536,0.155588512875826,-0.453341420141151
39976,0.259269246326008,0.155386274774167,-0.457436808520723
39995,0.493595793447485,0.408318727248214,-0.713079924962897
39997,0.249966293649724,0.149656195227181,0.993493079107884
40001,0.440474585411892,0.322300121342861,1
40004,0.240124039369017,0.141499258460294,0.981658671754446
40017,0.431036807334502,0.329985169205878,0.981542422690209
40021,0.442092490225158,0.334838883645679,0.929974399770796
40022,0.407037885937711,0.307873803424565,0.99984863272569
40024,0.429149251719024,0.334164756640151,0.977001129369155
40037,0.183227720102467,0.102130241337468,0.976246108280589
40038,0.176621275448294,0.100444923823648,0.984607797432259
40053,0.0284481596332749,0.014358905217743,0.0191061538268146
40054,0.380612107321019,0.239382499662936,1
40057,0.394364298233787,0.244236214102737,0.997257892019268
40069,0.515572333827693,0.389915059997303,0.999536165739396
40071,0.515437508426588,0.389847647296751,0.999690838042688
40074,0.522852905487394,0.465282459215316,0.998572884392444
40076,0.509505190777943,0.452136982607523,0.73826933145225
40079,0.395173250640421,0.261224214642039,0.96501432556037
40081,0.377915599298908,0.248685452339221,0.999817556255032
40086,0.383847916947553,0.252460563570177,0.992937085625284
40088,0.227585277066199,0.135499528111096,0.999720257227538
40091,0.176890926250506,0.0939733045705811,-0.0753561506165839
40095,0.275178643656465,0.167925037076985,0.758288458111166
40096,0.393824996629365,0.263246595658622,0.704893154677984
40098,0.178374005662667,0.0949844950788729,0.974501815651168
40100,0.182149116893623,0.0976810031009843,0.974505832865474
40104,0.189025212350007,0.10920857489551,0.842814862565491
40106,0.243764325198867,0.142510448968586,0.996427565004696
40110,0.239180261561278,0.141701496561952,0.999455705941445
40128,0.232978293110422,0.134960226506674,1
40129,0.232978293110422,0.134960226506674,0.909924710613996
40133,0.294323850613456,0.183429958204126,0.617715826526357
40135,0.0864230821086693,0.047795604691924,0.574215575115321
40136,0.226237023055144,0.137117432924363,0.998908419854955
40154,0.194822704597546,0.109815289200485,-0.0543149707498606
40164,0.359309693946339,0.240461102871781,-0.194926466445095
40174,0.241202642577862,0.141094782256977,0.415818139245894
40183,0.420790076850479,0.309626533638938,0.74556739715413
40184,0.504651476338142,0.446069839557773,0.740488728409794
40191,0.51961709586086,0.496966428475125,0.905913959697589
40199,0.497505730079547,0.473911284886072,1
40200,0.497505730079547,0.473911284886072,-0.202067077256173
40209,0.511932047997843,0.481259269246326,-0.44343365592167
40210,0.304166104894162,0.188755561547796,-0.363903023292964
40219,0.229742483483888,0.136847782122152,-0.0682846687026573
40221,0.228124578670622,0.135769178913307,-0.269443667209307
40228,0.366455440204935,0.255359309693946,-0.322753955170503
40235,0.185654577322368,0.103478495348524,0.323664734390647
40240,0.43535122016988,0.330524470810301,0.999700391074983
40244,0.435620870972091,0.330794121612512,-0.670897613771353
40248,0.197114736416341,0.112983686126466,0.99966915538207
40252,0.0875016853175138,0.0463125252797627,-0.209558047948714
40259,0.509100714574626,0.451665093703654,0.993990682316836
40263,0.243899150599973,0.140016179048133,0.908289754893517
40276,0.450990966698126,0.36948901172981,-0.195823318481581
40287,0.490359983820952,0.485304031279493,0.994702862705979
40294,0.498045031683969,0.433868140757719,0.996522589541646
40299,0.417958743427262,0.337333153566132,-0.568960976118771
40307,0.474046110287178,0.417284616421734,0.972958629938594
40308,0.468653094242955,0.404745854118916,0.977137257815051
40329,0.477281919913712,0.392341917217204,0.999858516547408
40339,0.493865444249697,0.420453013347715,-0.188703813424048
40350,0.496561952271808,0.422879870567615,-0.771612618096664
40354,0.492652015639747,0.413509505190778,0.955063589722143
40370,0.41283537818525,0.313603882971552,1
40373,0.416340838613995,0.31549143858703,0.962222601010366
40374,0.422677632465957,0.302885263583659,-0.224978558785333
40375,0.195227180800863,0.108804098692194,-0.221780129441926
40383,0.399892139679116,0.26102197654038,0.979233219596082
40385,0.395442901442632,0.263381421059728,0.99946865749751
40390,0.0989618444114871,0.0564918430632331,-0.181184026547313
40400,0.395308076041526,0.25616826210058,-0.356524167834278
40415,0.498449507887286,0.409127679654847,0.995125094171427
40420,0.480922205743562,0.400364028582985,1
40438,0.508561412970204,0.486719697991101,0.999725293638293
40445,0.508426587569098,0.488405015504921,0.999725504038566
40457,0.505055952541459,0.495618174464069,0.998636906387092
40459,0.505864904948092,0.495483349062963,0.999045308573391
40484,0.459484966967777,0.36659026560604,-0.230309920643387
40490,0.501280841310503,0.449373061884859,0.994755383091768
40502,0.30362680328974,0.192395847377646,-0.143276967232628
40506,0.501280841310503,0.4091950923554,0.263558595360261
40508,0.199406768235136,0.109545638398274,0.990212247933495
40514,0.243494674396656,0.14237562356748,-0.254107661122596
40524,0.24551705541324,0.143521639476877,-0.271150011823104
40525,0.436699474180936,0.302750438182554,0.959336800538014
40531,0.249022515841985,0.146083322097883,-0.329661955810959
40532,0.454361601725765,0.361601725765134,-0.735612876886961
40535,0.398813536470271,0.271808008628826,0.628073177912563
40540,0.51139274639342,0.473169745179992,0.99571026469316
40543,0.51017931778347,0.471888903869489,0.870830166412369
40551,0.178239180261561,0.101388701631387,-0.110231571866943
40552,0.215855467170015,0.119657543481192,-0.229278590956331
40562,0.504651476338142,0.471012538762303,0.999725994488202
40565,0.219091276796548,0.129769448564109,0.400393022280351
40566,0.503168396925981,0.472832681677228,0.999045404172187
40575,0.170688957799649,0.0958608601860591,-0.128296887698158
40578,0.176890926250506,0.0989618444114871,0.561114486182164
40583,0.190373466361062,0.110826479708777,-0.180715354960913
40586,0.262774706754753,0.153768369960901,-0.269902826202892
40588,0.408116489146555,0.286166913846569,0.785618038777944
40595,0.361466900364029,0.24261830928947,0.861639732102941
40598,0.222327086423082,0.132061480382904,0.340163541107074
40604,0.128218956451395,0.0672104624511258,-0.199490027260946
40610,0.435216394768774,0.326007819873264,0.711488917427777
40619,0.381421059727653,0.255966023998921,1
40620,0.381421059727653,0.255966023998921,0.42093141113279
40626,0.325603343669947,0.20095726034785,0.998084541868222
40647,0.333692867736282,0.206889577996495,-0.123949029915719
40649,0.0803559390589187,0.0455709855736821,0.999279787830167
40650,0.0802211136578131,0.0455035728731293,1
40652,0.338681407577188,0.204799784279358,0.997634845974694
40655,0.339760010786032,0.205473911284886,0.982370103595689
40657,0.343669947418094,0.209046784414184,0.992582447436656
40666,0.475529189699339,0.45375488742079,-0.444594170690914
40689,0.441148712417419,0.335041121747337,0.927196740915223
40693,0.109882701901038,0.0597950653903195,0.991305046289168
40707,0.493730618848591,0.462046649588782,-0.795374935045668
40709,0.434407442362141,0.326277470675475,-0.614494901653877
40711,0.495752999865175,0.432182823243899,-0.603565275021829
40718,0.368477821221518,0.238843198058514,-0.190407799543403
40723,0.176216799244978,0.0995685587164622,-0.292016202589603
40725,0.477012269111501,0.462181474989888,-0.169779076987423
40731,0.488202777403263,0.439193744101389,-0.719295015293823
40733,0.482135634353512,0.402318996899016,0.99327896584399
40767,0.225832546851827,0.133814210597276,0.998866209764549
40770,0.397869758662532,0.269178913307267,0.459809901367802
40774,0.333153566131859,0.210260213024134,0.776691620757587
40788,0.296885533234461,0.19441822839423,0.992458535908001
40803,0.325198867466631,0.211541054334637,0.681317889994117
40806,0.325603343669947,0.211743292436295,-0.255013400841439
40821,0.268841849804503,0.163273560738843,-0.320760809440792
40841,0.303896454091951,0.185115275717945,-0.204946860338138
40845,0.303357152487529,0.184710799514629,-0.206353519293555
40858,0.457058109747876,0.367534043413779,0.999429819092873
40860,0.456923284346771,0.367601456114332,-0.5373996376782
40865,0.398409060266954,0.271336119724956,1
40867,0.462181474989888,0.373870837265741,1
40870,0.0838613994876635,0.0497505730079547,-0.178744904277709
40874,0.48280976135904,0.423823648375354,0.872769228905686
40882,0.104759336659027,0.0548065255494135,0.237383945349299
40883,0.486584872589996,0.450249426992045,0.248296487977143
40886,0.48402318996899,0.448698934879331,0.959689216808477
40887,0.475664015100445,0.452608871511393,1
40898,0.0827827962788189,0.0432789537548874,0.933732641488516
40899,0.0846703518942969,0.0440879061615208,0.998396570654422
40914,0.499258460293919,0.408318727248214,-0.170725369973582
40937,0.504651476338142,0.432587299447216,-0.832820984275162
40938,0.492652015639747,0.483079412161251,-0.269223097968713
40939,0.113657813131994,0.0664015100444924,-0.217287393901394
40945,0.50532560334367,0.440879061615208,0.998738795825079
40946,0.504921127140353,0.441081299716867,0.981022489008367
40955,0.478630173924767,0.44964271268707,0.872620334768012
40957,0.500337063502764,0.496899015774572,0.953866195298313
40960,0.49588782526628,0.39854388566806,0.868393848513205
40979,0.449238236483754,0.341108264797088,-0.699557879021148
40982,0.362141027369556,0.240798166374545,-0.426726098821005
40985,0.252123500067413,0.150330322232709,-0.19926956049476
40998,0.47094512606175,0.372994472158555,0.42426996372588
41006,0.507078333558042,0.469933935553458,0.966792259280294
41019,0.500337063502764,0.440946474315761,0.62007422013009
41027,0.343939598220305,0.223877578535796,0.99731741937831
41029,0.355130106512067,0.23607927733585,0.965179521917497
41032,0.355130106512067,0.230416610489416,0.968995261533181
41033,0.34407442362141,0.220304705406499,0.949213493839172
41034,0.362815154375084,0.237090467844142,0.802611781409396
41035,0.280167183497371,0.168127275178644,0.975885597076954
41039,0.252258325468518,0.157408655790751,1
41047,0.271403532425509,0.162397195631657,0.968400004763494
41049,0.170014830794122,0.0982203047054065,0.866303389217097
41053,0.39975731427801,0.289402723473102,0.666289974689065
41054,0.264662262370231,0.155521100175273,0.969577704071624
41064,0.464473506808683,0.346029391937441,0.997400131905008
41066,0.264392611568019,0.156330052581906,0.460607445784415
41068,0.461911824187677,0.346231630039099,0.576970176652635
41073,0.50653903195362,0.445395712552245,0.999160208252225
41090,0.264931913172442,0.157543481191857,-0.208043945081453
41091,0.34407442362141,0.211406228933531,0.831621035232599
41092,0.263988135364703,0.156801941485776,0.833111790790315
41112,0.268167722798975,0.158891735202912,0.995699879864853
41126,0.117028448159633,0.0614803829041392,-0.14282195122848
41144,0.276122421464204,0.167183497370905,-0.363024127246812
41150,0.468653094242955,0.390858837805042,-0.354791323471418
41155,0.473911284886073,0.389847647296751,-0.36142087944396
41157,0.277605500876365,0.167385735472563,1
41163,0.466361062424161,0.362343265471215,-0.417778983274131
41165,0.152487528650398,0.080558177160577,-0.15404327805721
41170,0.471214776863961,0.366792503707699,0.995154973560001
41173,0.477821221518134,0.371039503842524,-0.373801567097762
41177,0.467574491034111,0.363893757583929,-0.301545862468707
41178,0.27288661183767,0.15788054469462,0.740531420663353
41179,0.384387218551975,0.252595388971282,0.53672711264292
41183,0.516246460833221,0.450653903195362,0.998007641595982
41187,0.470675475259539,0.366522852905487,1
41192,0.470675475259539,0.366388027504382,0.997061911382338
41204,0.471214776863961,0.366792503707699,-0.191472136578365
41211,0.106377241472293,0.0575030335715249,-0.121013761805274
41215,0.432115410543346,0.310839962248888,0.998413471328168
41224,0.172441688014022,0.0980854793043009,0.754469797351976
41227,0.181474989888095,0.102871781043549,0.508058817386832
41229,0.435216394768774,0.32155858163678,0.999845981341612
41231,0.354995281110961,0.221046245112579,-0.307652843600691
41233,0.35472563030875,0.226034784953485,0.999804650118342
41248,0.362680328973979,0.238640959956856,0.772750346493905
41249,0.264257786166914,0.159633274908993,0.504503486997683
41251,0.458136712956721,0.35472563030875,0.526849345136301
41254,0.448698934879331,0.356208709720911,0.999856169432144
41255,0.448564109478226,0.356141297020359,0.782075136096918
41260,0.426183092894701,0.30895240663341,1
41267,0.154375084265876,0.0817716057705272,-0.0737342774246042
41288,0.363489281380612,0.233517594714844,-0.0889558449076397
41299,0.085883780504247,0.0456383982742349,0.428354856659941
41302,0.363354455979507,0.23655116623972,0.394512145941567
41314,0.273021437238776,0.162801671834974,-0.297956245808614
41316,0.407307536739922,0.282122151813402,0.383704844314323
41317,0.118376702170689,0.0610759067008224,0.392446376167429
41325,0.117837400566267,0.0608062558986113,0.999390378335743
41352,0.516111635432115,0.471484427666172,-0.390040245963356
41358,0.507347984360254,0.456855871646218,-0.38166042214591
41360,0.229068356478361,0.130578400970743,0.930134424637861
41361,0.210327625724687,0.117702575165161,0.882309543863272
41363,0.0628286369151948,0.0324929216664419,1
41370,0.431036807334502,0.309222057435621,0.351547771068542
41375,0.0635027639207227,0.0326951597681003,0.582303054238273
41376,0.159768100310098,0.0882432250235945,0.956953203968307
41382,0.157745719293515,0.0866927329108804,1
41384,0.322097883241203,0.221450721315896,0.974253333220898
41385,0.332344613725226,0.212147768639612,0.975450721505567
41394,0.512066873398948,0.475394364298234,-0.527208427308868
41397,0.257920992314952,0.149588782526628,-0.20446248668467
41412,0.324120264257786,0.210327625724687,-0.201214190083013
41426,0.4697316974518,0.436294997977619,0.997901867581006
41429,0.491977888634219,0.491505999730349,-0.868899594505407
41432,0.122421464203856,0.0660644465417285,-0.162568068758678
41445,0.1816098152892,0.0990292571120399,-0.00512005208887278
41446,0.194148577592018,0.109613051098827,0.00159881945267005
41449,0.49467439665633,0.481663745449643,0.996789883746648
41451,0.364028582985034,0.233247943912633,-0.540500377578578
41466,0.265336389375758,0.158689497101254,0.978899496064716
41468,0.478899824726979,0.374949440474585,-0.373852364328405
41469,0.274234865848726,0.167587973574221,-0.374548588827591
41479,0.503438047728192,0.471214776863961,0.557757143374322
41481,0.50289874612377,0.470405824457328,0.999863467997599
41483,0.492517190238641,0.427463934205204,0.881665384953538
41495,0.270190103815559,0.162194957529999,0.991874148854141
41496,0.27167318322772,0.162936497236079,-0.258822348408964
41515,0.0906026695429419,0.0488067952002157,0.222298101902827
41518,0.260347849534852,0.154038020763112,0.685280069910087
41524,0.262370230551436,0.15545368747472,-0.109193677633917
41529,0.0703788593771067,0.0376162869084535,-0.0629640173496639
41530,0.144128353781853,0.078400970742888,-0.0578604294155457
41544,0.030605366050964,0.015302683025482,-0.0932594590057877
41552,0.477416745314817,0.385937710664689,-0.590272562570572
41553,0.477147094512606,0.365579075097748,0.785735294495854
41561,0.491977888634219,0.49056222192261,-0.770344479551858
41567,0.475124713496023,0.398678711069165,-0.465974663635833
41577,0.477281919913712,0.397465282459215,-0.671782545909303
41593,0.485101793177835,0.4067682351355,0.993300438952342
41594,0.482405285155723,0.403802076311177,0.966249789583449
41596,0.25037076985304,0.147836052312256,1
41600,0.0864230821086693,0.0465821760819738,0.128235663552242
41602,0.507347984360254,0.444451934744506,0.999017757538378
41604,0.507347984360254,0.4443171093434,0.999298090865713
41606,0.513819603613321,0.421936092759876,0.974142615015219
41607,0.491573412430902,0.409734393959822,0.925211740324537
41609,0.511527571794526,0.443036268032897,0.999432878867381
41619,0.499662936497236,0.462855601995416,0.995521186345711
41626,0.493865444249697,0.448227045975462,0.99877549208443
41630,0.460833220978832,0.403262774706755,0.999731523220269
41637,0.270729405419981,0.164621814749899,-0.407552039386769
41658,0.474989888094917,0.387960091681273,-0.703566952088069
41667,0.447350680868276,0.357287312929756,0.87688492989702
41671,0.364298233787246,0.236888229742483,0.427598093038559
41673,0.104624511257921,0.0582445732776055,0.940250367252707
41677,0.107051368477821,0.0601321288930835,0.911001089050558
41685,0.0772549548334906,0.0441553188620736,0.258597288378011
41692,0.468922745045167,0.382095186733181,1
41702,0.0900633679385196,0.0506943508156936,-0.199905618162907
41714,0.0779290818390185,0.0435486045570985,0.897800960302056
41715,0.0965349871915869,0.0539301604422273,0.991245365023441
41723,0.467035189429689,0.393420520426048,-0.563026407637296
41728,0.417149791020628,0.323311311851153,0.968253074698303
41731,0.420924902251584,0.325064042065525,-0.489294170992283
41734,0.438182553593097,0.346770931643522,1
41741,0.468653094242955,0.375893218282324,0.903694425936541
41749,0.452743696912498,0.362545503572873,-0.648980364240593
41753,0.42470001348254,0.347714709451261,0.316678968249802
41759,0.231360388297155,0.140083591748685,0.998654215426687
41763,0.0736146690036403,0.0423351759471484,0.985774723183359
41765,0.0748280976135904,0.0429418902521235,0.990957727952665
41772,0.468922745045167,0.394229472832682,0.998891777682981
41774,0.468653094242955,0.394229472832682,0.986770688581281
41791,0.476877443710395,0.408183901847108,0.997388857184506
41792,0.476203316704867,0.406903060536605,0.781413483653989
41794,0.407037885937711,0.297492247539436,0.785165711327505
41796,0.476607792908184,0.408049076446002,0.405715752286052
41801,0.389510583793987,0.277133611972496,0.992052012605076
41802,0.38910610759067,0.279223405689632,0.998379612833196
41804,0.191182418767696,0.108938924093299,-0.222272134860751
41808,0.188485910745584,0.10799514628556,0.804905350037327
41814,0.179048132668195,0.103276257246865,0.998944608860003
41820,0.256707563705002,0.158150195496832,0.79938753911192
41827,0.0838613994876635,0.0475933665902656,0.988896292508201
41835,0.0776594310368073,0.0444923823648375,0.98754941343164
41836,0.0753673992180127,0.0433463664554402,0.996269662682254
41837,0.0752325738169071,0.0431441283537819,0.987466795167022
41838,0.0769853040312795,0.0441553188620736,0.9882101283443
41845,0.155184036672509,0.0909397330457058,0.335429121558389
41847,0.0734798436025347,0.0422677632465956,0.318818838408647
41850,0.354590804907645,0.231360388297155,0.705056999270173
41853,0.455979506539032,0.368612646622624,0.976164471179884
41856,0.455979506539032,0.368747472023729,0.957834355426522
41866,0.337602804368343,0.226776324659566,-0.201677761062861
41867,0.214642038560065,0.131319940676824,0.996099050769123
41868,0.21599029257112,0.131859242281246,0.99804990064778
41870,0.215585816367804,0.131791829580693,0.99916460453246
41872,0.352972900094378,0.231899689901577,0.996812405358357
41873,0.353107725495483,0.23196710260213,1
41876,0.231764864500472,0.141094782256977,0.540352393660189
41883,0.214642038560065,0.131454766077929,0.999164433227671
41884,0.214507213158959,0.131387353377376,0.981277472250699
41897,0.210597276526898,0.128893083456923,0.994107333280248
41904,0.354995281110961,0.246393420520426,0.646360063850671
41905,0.202777403262775,0.121882162599434,0.644686302308011
41922,0.496696777672914,0.445867601456114,0.996709838405593
41925,0.0771201294323851,0.0403127949305649,0.993911475375918
41931,0.203721181070514,0.122488876904409,0.576227527220656
41944,0.0668733989483619,0.0351894296885533,0.207148132361088
41958,0.348793312660105,0.233450182014291,0.986132922399923
41959,0.354321154105433,0.238640959956856,0.985505311546368
41961,0.495752999865175,0.484629904273965,0.552117480800165
41962,0.346366455440205,0.231023324794391,0.728720797779572
41966,0.21356343535122,0.130376162869084,0.394084642756709
41971,0.174059592827289,0.103478495348524,0.889942580033066
41987,0.305784009707429,0.197788863421869,0.53328588234355
41988,0.489551031414318,0.475326951597681,0.627095538586647
41992,0.315221787784819,0.206687339894836,0.726617062470076
41993,0.198732641229608,0.121208035593906,0.726850567641757
42004,0.493595793447485,0.479236888229743,0.496658529305735
42008,0.338411756774976,0.224888769044088,0.557144749653761
42011,0.366455440204935,0.248213563435351,-0.126280920785907
42012,0.0724012403936902,0.0421329378454901,1
42016,0.488742079007685,0.465349871915869,0.993363919301944
42027,0.0626938115140893,0.0351220169880005,0.342647221510657
42044,0.486989348793313,0.381421059727653,-0.359422470450712
42051,0.503033571524875,0.481259269246326,-0.468569934116929
42058,0.447889982472698,0.324794391263314,-0.591094002486067
42064,0.370904678441418,0.248685452339221,0.988201529715406
42065,0.368477821221518,0.248011325333693,0.993944396647726
42066,0.365781313199407,0.245719293514898,-0.290349826713833
42070,0.483079412161251,0.41937441013887,0.888226556673144
42077,0.451799919104759,0.33268167722799,0.990597953704617
42087,0.479978427935823,0.418093568828367,0.998496221738412
42091,0.485101793177835,0.479034650128084,0.999868673627013
42108,0.355264931913172,0.236416340838614,0.997430984212038
42110,0.3559390589187,0.237023055143589,0.997798849722782
42136,0.22178778481866,0.133949035998382,0.986937965396257
42145,0.261965754348119,0.150397734933261,0.806197650688777
42149,0.258190643117163,0.149723607927734,0.972549362925546
42151,0.407172711338816,0.280436834299582,0.512905166335897
42154,0.320614803829041,0.199676419037347,-0.213674781466234
42160,0.0767156532290684,0.0398409060266954,0.996482585257049
42192,0.475664015100445,0.342726169610355,0.998099176960431
42199,0.282459215316166,0.162666846433868,-0.363809368498002
42205,0.205878387488203,0.122893353107726,0.494960642720368
42207,0.322097883241203,0.190710529863826,0.605865045166059
42224,0.206417689092625,0.123567480113253,0.428110430839425
42225,0.515033032223271,0.434946743966563,0.312632633827146
42228,0.441283537818525,0.307604152622354,0.418603609393519
42233,0.377645948496697,0.233045705810975,0.765679736719071
42238,0.275178643656465,0.159431036807335,0.44365070243035
42248,0.0912767965484697,0.0480652554941351,-0.0967899781231857
42249,0.206822165295942,0.123904543616017,-0.0969775005352505
42259,0.52905487393825,0.445867601456114,-0.584484756247934
42270,0.522448429284077,0.447148442766617,-0.32706395430293
42275,0.267898071996764,0.154577322367534,0.448904408280376
42276,0.50168531751382,0.430969394633949,0.448920353378843
42285,0.486315221787785,0.36005123365242,0.90076196578678
42287,0.485641094782257,0.357017662127545,0.994719254918907
42291,0.442631791829581,0.317716057705272,0.999841195016407
42296,0.322367534043414,0.193407037885938,0.99910635894316
42307,0.205069435081569,0.117095860860186,0.390841167146269
42318,0.523122556289605,0.446137252258325,0.403127480587807
42322,0.205473911284886,0.117837400566267,0.514257269623847
42324,0.260887151139275,0.168059862478091,0.480972813672883
42327,0.407037885937711,0.283335580423352,0.564724773986548
42336,0.32735607388432,0.194553053795335,0.999549760426655
42338,0.208979371713631,0.129027908858029,0.973067584541269
42352,0.378994202507752,0.250303357152488,0.961760619814137
42353,0.374949440474585,0.264325198867467,0.72356992052157
42359,0.273560738843198,0.156869354186329,1
42361,0.38088175812323,0.25205608736686,0.695758744682167
42366,0.498045031683969,0.408790616152083,0.698267711455429
42375,0.498853984090603,0.410947822569772,0.486526927935049
42377,0.269650802211137,0.15424025886477,0.97512605792408
42379,0.51139274639342,0.446743966563301,0.991973929198813
42392,0.281785088310638,0.160307401914521,0.982690970558911
42399,0.303357152487529,0.192665498179857,-0.453588900677802
42403,0.513684778212215,0.438182553593097,0.992579651343566
42410,0.513280302008899,0.442968855332345,0.706138448913522
42438,0.513954429014426,0.437508426587569,0.97831583487712
42439,0.516111635432115,0.446406903060537,0.99743324012938
42441,0.516111635432115,0.446137252258325,0.995740963915983
42444,0.515572333827693,0.437912902790886,0.972211742516172
42453,0.515841984629904,0.447755157071592,0.459243695250722
42471,0.511797222596737,0.445463125252798,0.995892094888461
42477,0.486719697991102,0.402453822300121,0.600737054599604
42484,0.486315221787785,0.40265606040178,0.503330640930064
42496,0.419172172037212,0.295739517325064,0.995777273419372
42502,0.263179182958069,0.155318862073615,0.677393009945133
42511,0.1767561008494,0.0999730349197789,0.997054526770301
42521,0.188351085344479,0.108332209788324,0.985139267127867
42525,0.114062289335311,0.0608062558986113,0.92476569556482
42526,0.127005527841445,0.0695699069704733,0.921990460464236
42527,0.114197114736416,0.0610084940002696,0.917915482329382
42531,0.477416745314817,0.395375488742079,0.894232391513885
42542,0.119724956181745,0.0663340973439396,-0.20492099272634
42553,0.508291762167992,0.468787919644061,0.894395026961862
42554,0.48280976135904,0.422070918160982,0.907764628502884
42559,0.486315221787785,0.45254145881084,0.987810125157141
42565,0.478630173924767,0.383713091546447,0.889997805709284
42575,0.499662936497236,0.496831603074019,0.973726406478839
42590,0.484966967776729,0.48570850748281,0.996072711163958
42609,0.498719158689497,0.485169205878388,0.994782007974622
42610,0.496966428475125,0.482540110556829,0.999865671159998
42616,0.488472428205474,0.488270190103816,0.994080837953767
42623,0.477821221518134,0.425239315086962,0.998382255576642
42624,0.478360523122556,0.424565188081435,0.998245667681809
42638,0.427800997707968,0.30194148577592,0.973372528659191
42641,0.415801537009573,0.290144263179183,-0.162552076247383
42668,0.19805851422408,0.120196845085614,0.997909239097728
42671,0.198328165026291,0.120736146690036,0.798699226850088
42695,0.144398004584064,0.0751651611163543,0.949378684773263
42698,0.19805851422408,0.117095860860186,-0.122095613948115
42718,0.440070109208575,0.361601725765134,0.700702651583986
42721,0.340838613994877,0.242955372792234,-0.432166329646513
42722,0.440339760010786,0.361332074962923,0.305041283227042
42728,0.328030200889848,0.214574625859512,-0.308705795463892
42734,0.359174868545234,0.241472293380073,1
42735,0.359174868545234,0.241472293380073,1
42737,0.359309693946339,0.241539706080626,0.999639037923798
42743,0.328030200889848,0.213091546447351,0.995484791763367
42746,0.332074962923015,0.228731292975597,0.893450011551355
42755,0.108264797087771,0.059660239989214,0.823270496240622
42758,0.400835917486855,0.267156532290684,0.580970607425647
42770,0.402453822300121,0.298031549143859,0.865416144665716
42780,0.0834569232843468,0.0444249696642848,-0.077825930388756
42784,0.160442227315626,0.089928542537414,0.325314944772101
42789,0.483888364567885,0.490831872724821,1
42793,0.323041661048942,0.196305784009707,-0.257690923606645
42798,0.215585816367804,0.130713226371848,-0.207180524591796
42802,0.315626263988135,0.211069165430767,-0.201459422592213
42808,0.0895240663340973,0.0479978427935823,0.560287768339459
42815,0.331131185115276,0.212889308345692,0.999801256849776
42831,0.320749629230147,0.21282189564514,0.990086974317097
42838,0.18039638667925,0.0964001617904813,-0.1272455754866
42842,0.303357152487529,0.194013752190913,-0.0509065053249674
42848,0.1816098152892,0.0968720506943508,0.347809646175704
42865,0.415801537009573,0.330591883510853,0.99985641308163
42867,0.043413779155993,0.0227854927868411,-0.126172615638172
42871,0.090872320345153,0.0489416206013212,0.999293386564488
42872,0.0910071457462586,0.0488742079007685,-0.0453377517326061
42876,0.32155858163678,0.205136847782122,-0.118023805644558
42881,0.314143184575974,0.202507752460564,-0.198196558403071
42884,0.325333692867736,0.197856276122422,0.981238006567278
42891,0.320210327625725,0.200687609545638,-0.378769783012432
42892,0.439800458406364,0.3559390589187,0.882990514364164
42896,0.473911284886073,0.412498314682486,0.598544988457076
42899,0.395038425239315,0.291222866388028,0.808337272648263
42905,0.0826479708777134,0.0441553188620736,-0.0983873209082893
42910,0.0830524470810301,0.0444923823648375,-0.146563612200395
42920,0.0477281919913712,0.0249426992045302,0.993262355149808
42926,0.368073345018201,0.24309019819334,0.642620829828313
42940,0.371039503842524,0.274639342052043,-0.321547182521527
42941,0.322097883241203,0.206889577996495,1
42949,0.329243629499798,0.205069435081569,-0.263727686267824
42951,0.458136712956721,0.350006741270055,-0.0994681803944965
42960,0.249022515841985,0.152824592153162,-0.0926203707321535
42964,0.087771336119725,0.0469866522852905,-0.119880811151204
42965,0.330322232708642,0.205743562087097,-0.206435952155519
42984,0.289065659970338,0.183632196305784,0.573689369573378
42988,0.202372927059458,0.11089389240933,-0.111908687206603
42990,0.492652015639747,0.401510044492382,-0.128607144133883
42992,0.283268167722799,0.177632465956586,-0.415104955015176
43007,0.339760010786032,0.231360388297155,-0.0808149995928483
43014,0.0850748280976136,0.045908049076446,-0.0754894707872758
43024,0.177430227854928,0.0988270190103816,1
43036,0.38425239315087,0.281650262909532,-0.270062123131382
43046,0.331940137521909,0.209653498719159,0.999185329934944
43047,0.331400835917487,0.209383847916948,-0.180169295983735
43053,0.181340164486989,0.104557098557368,0.999651138247957
43055,0.181340164486989,0.104557098557368,1
43064,0.0467844141836322,0.025279762707294,0.280406096927848
43083,0.31549143858703,0.213833086153431,-0.425589013450686
43091,0.493326142645274,0.411689362275853,-0.383501174335075
43096,0.244977753808818,0.140016179048133,-0.140703902202925
43098,0.24794391263314,0.136510718619388,-0.350976727953364
43111,0.45786706215451,0.378050424700013,0.999441190358421
43120,0.332344613725226,0.23075367399218,-0.407995580720756
43125,0.464069030605366,0.362410678171768,-0.185226318194411
43139,0.261291627342591,0.149116893622758,0.554416166259557
43150,0.342456518808143,0.218282324389915,0.486789380254875
43151,0.443980045840636,0.37191586894971,0.419088208803594
43160,0.154105433463665,0.0837939867871107,0.422804778222238
43171,0.165161116354321,0.090265606040178,0.902752648547955
43174,0.132398543885668,0.0736146690036403,0.889677355386632
43180,0.11500606714305,0.0615477956046919,0.995358218805109
43184,0.504247000134825,0.458541189160038,0.99807144852111
43187,0.45665363354456,0.346433868140758,0.99924961372168
43189,0.114871241741944,0.0616152083052447,1
43191,0.447620331670487,0.325198867466631,0.861768609015469
43210,0.471214776863961,0.400768504786302,0.315794423580097
43220,0.366050964001618,0.224282054739113,0.991866974249447
43223,0.500337063502764,0.460630982877174,0.827263371351431
43229,0.403532425508966,0.277942564379129,0.840594345789013
43230,0.353242550896589,0.218686800593232,-0.397270444269577
43231,0.483888364567885,0.412228663880275,0.99112111638413
43232,0.484697316974518,0.409397330457058,-0.218093865809122
43237,0.439126331400836,0.292234056896319,-0.230770230703192
43242,0.402318996899016,0.309828771740596,0.848788107808648
43244,0.346905757044627,0.243292436294998,0.993249930992472
43248,0.34650128084131,0.244573277605501,0.939065532932932
43249,0.377915599298908,0.268235135499528,0.997686949263439
43256,0.307941216125118,0.192800323580963,-0.283385499797259
43266,0.486315221787785,0.46804637993798,-0.150388915463914
43267,0.0521774302278549,0.027167318322772,0.998740266910756
43271,0.2978293110422,0.180733450182014,-0.28349272327923
43284,0.460698395577727,0.39321828232439,-0.460406537179653
43289,0.45908049076446,0.391735202912229,0.833139642401942
43308,0.480652554941351,0.390926250505595,-0.443352492609776
43325,0.413779155992989,0.295065390319536,0.942009894023341
43332,0.0471888903869489,0.0245382230012134,-0.134086229686645
43333,0.528650397734933,0.436632061480383,0.731922593334961
43335,0.244168801402184,0.136106242416071,-0.323096508348702
43344,0.447350680868276,0.298638263448834,-0.324534384375873
43353,0.368342995820413,0.240798166374545,-0.236609175438426
43354,0.184036672509101,0.0997033841175677,-0.223396883158939
43369,0.0458406363758932,0.0244033976001079,-0.143089913848322
43385,0.482674935957934,0.429418902521235,0.996881023595164
43399,0.237023055143589,0.155992989079142,-0.324948700351813
43402,0.242146420385601,0.151408925441553,-0.319278540855415
43404,0.126061750033706,0.0708507482809762,-0.121554275559735
43421,0.378320075502225,0.254685182688418,0.306459685949319
43425,0.104489685856815,0.0584468113792639,0.76154185299374
43426,0.170284481596333,0.096197923688823,0.306639190726392
43428,0.32735607388432,0.219091276796548,0.962032488614807
43442,0.0701092085748955,0.0378859377106647,-0.0647426767699336
43449,0.0959956855871646,0.0521774302278549,1
43452,0.330187407307537,0.213765673452879,0.649112217699366
43453,0.181205339085884,0.10071457462586,-0.219628748978175
43455,0.385061345557503,0.242955372792234,0.999039225476876
43459,0.0911419711473642,0.0494809222057435,-0.0363541295813314
43466,0.0715922879870568,0.0386274774167453,-0.07369652702153
43467,0.0997707968181205,0.0544694620466496,-0.0729655565108815
43479,0.038425239315087,0.0196170958608601,0.54680173735994
43481,0.0746932722124848,0.0397734933261427,0.964224289364207
43483,0.491977888634219,0.37771336119725,0.988879464798144
43500,0.468383443440744,0.346096804637994,-0.176319200502112
43505,0.0763111770257516,0.0412565727383039,0.99917786894366
43522,0.491977888634219,0.479236888229743,-0.19892241039966
43524,0.060266954294189,0.0313469057570446,0.997796616110934
43527,0.4721585546717,0.439395982203047,0.510994021715551
43551,0.0687609545638398,0.0366725091007146,0.975615945339437
43552,0.0660644465417285,0.0351894296885533,0.999034648493329
43555,0.0870972091141971,0.0496157476068492,0.363072444382789
43558,0.339490359983821,0.239180261561278,0.854825814558168
43564,0.0880409869219361,0.0504921127140353,0.998702455385574
43569,0.349197788863422,0.235944451934745,-0.120893072274297
43571,0.352029122286639,0.238303896454092,-0.117836927174885
43604,0.390589187002831,0.249224753943643,-0.21489603365686
43609,0.323446137252258,0.221585546717001,0.998528528644441
43611,0.0664689227450452,0.0352568423891061,-0.141591915230895
43617,0.42105972765269,0.302615612781448,0.982751725198549
43630,0.327895375488742,0.224484292840771,0.999634092964955
43632,0.486315221787785,0.381758123230417,-0.513918212769309
43636,0.405689631926655,0.294795739517325,0.998733821537741
43639,0.435620870972091,0.301671834973709,-0.3924216048725
43641,0.395712552244843,0.259741135229877,-0.394714199725847
43643,0.32277201024673,0.22178778481866,0.997617557488231
43644,0.322906835647836,0.220911419711474,0.986504074762499
43648,0.433868140757719,0.299177565053256,0.99966715877641
43658,0.499123634892814,0.442092490225158,1
43662,0.500067412700553,0.4418902521235,0.997502921678538
43668,0.500741539706081,0.452608871511393,-0.491562196624231
43671,0.501820142914925,0.447485506269381,1
43672,0.501820142914925,0.447485506269381,0.974366361505195
43674,0.470001348254011,0.366725091007146,0.999853147543515
43675,0.469866522852905,0.366657678306593,0.998825354305586
43676,0.469866522852905,0.366253202103276,0.489086411883135
43682,0.0656599703384118,0.034987191586895,-0.0776007093865805
43697,0.0647161925306728,0.0345153026830255,0.999018340330194
43721,0.51354995281111,0.455237966832951,0.993396353960934
43724,0.45544020493461,0.337467978967237,0.92135420140453
43744,0.460024268572199,0.328839153296481,-0.127168086077262
43758,0.219091276796548,0.127207765943104,-0.270011000865451
43760,0.0674127005527841,0.0357287312929756,1
43775,0.486989348793313,0.404206552514494,0.996174016155325
43776,0.488472428205474,0.404273965215047,0.365518543068923
43785,0.420924902251584,0.310637724147229,0.999381160435645
43793,0.42105972765269,0.309087232034515,0.996283887961272
43802,0.116623971956317,0.0630308750168532,-0.128770574545104
43807,0.16974517999191,0.0956586220844007,0.793407807994405
43808,0.114601590939733,0.0618848591074559,0.400866996643432
43809,0.420520426048268,0.309087232034515,-0.391457133178497
43814,0.109073749494405,0.0581771605770527,-0.158532347001162
43815,0.397869758662532,0.259201833625455,-0.294622170476883
43816,0.349602265066739,0.224416880140218,1
43817,0.349602265066739,0.224416880140218,-0.13997390309729
43822,0.113657813131994,0.0620870972091142,-0.163922332663146
43840,0.500067412700553,0.407779425643791,0.338792507239878
43843,0.241337467978967,0.142914925171902,0.709546574837983
43850,0.374949440474585,0.242887960091681,0.994022966111943
43852,0.424430362680329,0.30484023189969,0.794471107646752
43858,0.119455305379533,0.0645813671295672,0.800813220103908
43863,0.275987596063098,0.163475798840502,0.41342249556727
43866,0.505055952541459,0.446272077659431,-0.223546296062953
43871,0.0970742887960092,0.052447081030066,1
43873,0.0653903195362006,0.0339085883780504,-0.129016470029147
43880,0.511123095591209,0.449440474585412,0.651446202087669
43881,0.387083726574087,0.260684913037616,-0.157102006338602
43888,0.131319940676824,0.0703788593771066,0.30535812522387
43893,0.305918835108534,0.204462720776594,-0.308143956009016
43894,0.388162329782931,0.267830659296211,-0.308324344498798
43900,0.078063907240124,0.0406498584333288,-0.0686562926936202
43902,0.307671565322907,0.189294863152218,-0.236674683946083
43909,0.0656599703384118,0.034043413779156,0.996927917498819
43920,0.446676553862748,0.367736281515437,-0.679710437577963
43921,0.513145476607793,0.486315221787785,0.92337621421446
43925,0.0668733989483619,0.034650128084131,-0.035880665127095
43929,0.280167183497371,0.164217338546582,-0.345414850556286
43947,0.0755022246191182,0.0390993663206148,-0.0611898265452984
43948,0.0826479708777134,0.0446946204664959,-0.0854941221164608
43951,0.389780234596198,0.249089928542537,0.345042023538689
43956,0.0746932722124848,0.0385600647161926,-0.0615721085734326
43962,0.258729944721586,0.155790750977484,1
43963,0.258729944721586,0.155790750977484,0.446923267940367
43964,0.497775380881758,0.468653094242955,0.998240871771196
43981,0.373061884859107,0.235337737629769,-0.431587204236966
43986,0.419981124443845,0.328367264392612,0.994470664505356
43993,0.0768504786301739,0.0395038425239315,0.296539826368299
44000,0.407577187542133,0.271066468922745,-0.487692685624146
44002,0.0771201294323851,0.0399083187272482,0.197618259238724
44010,0.0768504786301739,0.0397734933261427,-0.116753433534747
44011,0.365242011594984,0.23318053121208,-0.407436753607465
44012,0.444249696642848,0.360860186059054,0.9001367530851
44020,0.427261696103546,0.324322502359444,0.996092515151907
44035,0.36780369421599,0.236214102736956,0.397736307180098
44038,0.0763111770257516,0.0399083187272482,-0.0611730866246471
44039,0.203451530268303,0.113185924228125,-0.0752688756792337
44040,0.08183901847108,0.0441553188620736,-0.142178361741861
44047,0.08183901847108,0.0441553188620736,0.987737262890854
44052,0.370230551435891,0.248752865039773,0.883870678198989
44061,0.0385600647161925,0.019684508561413,-0.0425350399871867
44067,0.239854388566806,0.146083322097883,-0.030674451275483
44069,0.0829176216799245,0.0446946204664959,0.556958029359662
44077,0.0819738438721855,0.0446272077659431,-0.0701987619410728
44085,0.265336389375758,0.160307401914521,0.998765828174894
44102,0.26681946878792,0.15835243359849,0.82954606204937
44103,0.209518673318053,0.115410543346366,0.822090203654645
44105,0.210732101928003,0.115208305244708,0.833047003369198
44120,0.0719967641903735,0.0368073345018202,-0.0492726223207286
44121,0.212889308345692,0.116286908453553,0.999659944271432
44123,0.442766617230686,0.349602265066739,0.469783922337144
44125,0.460698395577727,0.387016313873534,0.700766876161878
44127,0.327490899285425,0.234798436025347,0.864211754431487
44132,0.0764460024268572,0.0393016044222732,0.962734813341328
44138,0.0417958743427262,0.0208979371713631,0.719850494629644
44142,0.450047188890387,0.347175407846838,-0.149983403313077
44145,0.449912363489281,0.347107995146286,-0.431893695999787
44146,0.356613185924228,0.254078468383443,-0.464364382059741
44149,0.48402318996899,0.407037885937711,0.271417013738792
44150,0.099635971417015,0.0535930969394633,0.832111646624814
44153,0.371848456249157,0.267628421194553,-0.47913007222363
44155,0.314412835378185,0.217608197384387,0.877259100152887
44161,0.231360388297155,0.131050289874612,1
44163,0.231360388297155,0.131050289874612,0.997894456435387
44165,0.0738843198058514,0.0378859377106647,-0.173823516711466
44172,0.477686396117028,0.385937710664689,-0.463957557453329
44186,0.475394364298234,0.382364837535392,-0.579510447312938
44187,0.473911284886073,0.354927868410409,0.252462067564742
44189,0.0755022246191182,0.0388297155184036,-0.143351362970169
44191,0.0761763516246461,0.0391667790211676,0.319873816813491
44197,0.426317918295807,0.299582041256573,0.972022154520613
44198,0.43656464877983,0.309963597141702,-0.502049900541321
44200,0.477416745314817,0.386072536065795,0.999570445061805
44203,0.477416745314817,0.386746663071323,-0.141727057277717
44205,0.0757718754213294,0.0389645409195092,0.996356727332208
44227,0.432115410543346,0.310839962248888,0.964919073652517
44232,0.0750977484158015,0.0386274774167453,0.254911896694513
44236,0.236618578940272,0.134488337602804,0.457313492645133
44243,0.459484966967777,0.345422677632466,0.999696979650694
44245,0.0814345422677632,0.0428744775515707,0.997556854009067
44248,0.0763111770257516,0.0392341917217204,0.259468933047943
44249,0.457327760550088,0.34407442362141,0.902927804795328
44255,0.460563570176621,0.380072805716597,0.954563975553315
44264,0.44357556963732,0.343535122016988,0.972061446249361
44267,0.414588108399623,0.299919104759337,0.874162208804248
44276,0.426048267493596,0.305514358905218,-0.0298576372126487
44285,0.250640420655251,0.145544020493461,0.901339143455481
44290,0.397465282459215,0.259673722529325,-0.169234675257183
44296,0.475259538897128,0.36827558311986,-0.308363690242523
44300,0.382769313738708,0.241135229877309,-0.0945657306549332
44308,0.0442227315626264,0.0231899689901578,1
44324,0.0451665093703654,0.0237966832951328,-0.0362135256364933
44336,0.2929755966024,0.175340434137792,-0.163636774261037
44337,0.174598894431711,0.0948496696777673,1
44343,0.304031279493056,0.189362275852771,0.339866973402875
44346,0.220439530807604,0.124511257920992,-0.113044750923622
44354,0.032492921666442,0.0182688418498045,-0.0989586569066672
44355,0.380746932722125,0.246191182418768,-0.110747896325648
44356,0.0442227315626264,0.0231899689901578,-0.00699882603399596
44363,0.269515976810031,0.158756909801807,-0.0495186224207458
44385,0.301604422273156,0.186800593231765,-0.379341557749951
44392,0.486180396386679,0.417958743427262,0.977739435406232
44400,0.385870297964136,0.248213563435351,-0.247461537664943
44408,0.449373061884859,0.310705136847782,0.842322272824142
44418,0.289739786975866,0.171565322906836,-0.191832474317485
44446,0.0440879061615208,0.0233922070918161,1
44450,0.0448968585681542,0.0235270324929217,-0.0577949290891524
44469,0.309963597141702,0.198530403127949,0.527430594104782
44470,0.51139274639342,0.464136443305919,0.642440305451123
44474,0.03559390589187,0.0179317783470406,0.195022084930581
44477,0.511123095591209,0.466023998921397,0.429885943197771
44479,0.180531212080356,0.0984899555076176,-0.198785690835957
44496,0.51139274639342,0.487865713900499,0.386900625756384
44499,0.0447620331670487,0.0234596197923689,-0.0885115759458574
44505,0.0426048267493596,0.0223810165835243,0.170928081911934
44516,0.495483349062963,0.384319805851422,-0.167897976292257
44522,0.0447620331670487,0.0234596197923689,0.673635229648635
44523,0.095860860186059,0.0525144937306189,-0.177295808557451
44536,0.504516650937037,0.49224753943643,-0.180667517561991
44551,0.38667925037077,0.249966293649724,-0.217595722794007
44553,0.498179857085075,0.436092759875961,-0.123459085415026
44554,0.0444923823648375,0.0233247943912633,-0.10655539467694
44559,0.427935823109074,0.300525819064312,-0.254439400181971
44566,0.0444923823648375,0.0233247943912633,-0.0627601317795219
44567,0.254415531886207,0.145139544290144,0.892336065927241
44568,0.300795469866523,0.174531481731158,-0.401994972139792
44573,0.430901981933396,0.307671565322907,0.233817028116884
44576,0.254145881083996,0.145139544290144,0.999443523381124
44583,0.275583119859782,0.166509370365377,0.988786770366473
44589,0.385600647161925,0.244438452204395,0.898929574972068
44593,0.4067682351355,0.275920183362546,-0.0951984732684722
44598,0.0444923823648375,0.0233247943912633,0.346114826816517
44602,0.383443440744236,0.257246865309424,-0.548830568778126
44603,0.487258999595524,0.464203856006472,0.96749213407505
44607,0.038425239315087,0.0209653498719159,1
44608,0.038425239315087,0.0209653498719159,1
44623,0.374679789672374,0.254887420790077,0.914810996551407
44632,0.187811783740057,0.102804368342996,0.875936813527712
44637,0.168127275178644,0.0940407172711338,0.9996097433727
44642,0.364972360792773,0.239517325064042,-0.461093967156052
44643,0.501415666711608,0.406431171632736,-0.47358051898359
44650,0.436160172576513,0.299110152352703,0.936136954995214
44653,0.435890521774302,0.298840501550492,-0.411273833833221
44657,0.501146015909397,0.418969933935553,0.999429569752466
44659,0.41283537818525,0.27531346905757,0.997375448605489
44667,0.497370904678441,0.477888634218687,0.18577151798851
44668,0.044357556963732,0.0232573816907106,1
44684,0.226237023055144,0.129971686665768,0.996121080259285
44685,0.226371848456249,0.129904273965215,-0.212124172013896
44690,0.39854388566806,0.257786166913847,0.998346113941991
44691,0.398139409464743,0.257583928812188,0.999816236967721
44694,0.227585277066199,0.130645813671296,-0.210670473378518
44695,0.397734933261426,0.25738169071053,-0.240539813667119
44707,0.428205473911285,0.283942294728327,0.245001067708202
44708,0.0466495887825266,0.024673048402319,-0.11476787006404
44717,0.224349467439666,0.129027908858029,-0.267525574971238
44718,0.457462585951193,0.325401105568289,-0.268018220129561
44720,0.0440879061615208,0.0231225562896049,-0.108917055298448
44726,0.495752999865175,0.413846568693542,0.47948728062141
44728,0.364433059188351,0.243292436294998,-0.099436285145733
44735,0.0448968585681542,0.0235270324929217,0.984650282794625
44738,0.468248618039639,0.353444788998247,-0.274142286880057
44744,0.0467844141836322,0.0246056357017662,1
44747,0.508291762167992,0.462855601995416,0.25504905615676
44748,0.100444923823648,0.05278414453283,-0.146990859936379
44752,0.381151408925442,0.24504516650937,-0.143576695207001
44761,0.465012808413105,0.358298503438048,0.994962760637682
44762,0.46609141162195,0.359242281245787,0.995553222086667
44767,0.331131185115276,0.202777403262775,-0.0468047983577962
44774,0.450586490494809,0.317244168801402,-0.172545838937126
44778,0.280167183497371,0.168936227585277,-0.157360966120961
44787,0.39274639342052,0.279560469192396,0.999510094846698
44795,0.398409060266954,0.281582850208979,0.981525028053568
44804,0.0920857489551031,0.0498179857085075,-0.085558053107434
44811,0.0876365107186194,0.0459754617769987,-0.125173983463859
44814,0.0490764460024269,0.0258864770122691,-0.0571343959340617
44817,0.19684508561413,0.110691654307672,-0.0321487254882862
44821,0.476742618309289,0.399487663475799,-0.143072833790129
44829,0.0995011460159094,0.0520426048267494,-0.171189719234306
44841,0.133207496292301,0.0736146690036403,0.983247380255867
44852,0.0949170823783201,0.0525819064311717,-0.220446615366054
44860,0.491843063233113,0.474855062693812,0.998934442901191
44862,0.0954563839827424,0.0521774302278549,0.263596412673003
44869,0.124174194418228,0.0678845894566537,0.97739872086726
44875,0.492921666441958,0.467439665633005,-0.790228946254012
44888,0.0488067952002157,0.0257516516111636,1
44898,0.283268167722799,0.172239449912364,0.486475477684061
44901,0.505595254145881,0.46393420520426,-0.38106459926138
44905,0.100175273021437,0.0531886207361467,0.527310172435182
44911,0.436025347175408,0.328165026290953,0.276834999607919
44913,0.436429823378725,0.327962788189295,-0.279128822894904
44935,0.0490764460024269,0.0258864770122691,-0.025543491224409
44936,0.246191182418768,0.140622893353108,-0.238152995236862
44939,0.420115949844951,0.309559120938385,0.994732050267463
44943,0.490899285425374,0.439867871106916,-0.15989985044623
44951,0.0490764460024269,0.0258864770122691,1
44958,0.230551435890522,0.129432385061346,0.701474595726829
44962,0.204664958878253,0.115545368747472,-0.175743538426846
44963,0.31670486719698,0.19030605366051,-0.0112084932603255
44968,0.434677093164352,0.299177565053256,-0.366521363473086
44969,0.395038425239315,0.257516516111635,-0.36903794069931
44970,0.435216394768774,0.298907914251045,0.25416634901069
44972,0.37845490090333,0.252865039773493,0.730808194707045
44978,0.474989888094917,0.403734663610624,1
44985,0.396521504651476,0.257718754213294,0.995620151883553
45005,0.276796548469732,0.158622084400701,-0.103715191281094
45014,0.479304300930295,0.381758123230417,0.967477215549622
45015,0.486584872589996,0.396319266549818,0.713022740055851
45018,0.372792234056896,0.241539706080626,0.0499542821470223
45030,0.0492112714035324,0.0256842389106108,-0.0197238079186916
45046,0.208979371713631,0.1186463529729,-0.169543129391569
45051,0.266414992584603,0.151543750842659,-0.271591829090909
45053,0.510314143184576,0.43824996629365,-0.214490622157061
45059,0.486315221787785,0.387825266280167,0.223919156741822
45061,0.479304300930295,0.364500471888904,0.999698598540759
45065,0.479439126331401,0.364433059188351,0.994563388893457
45066,0.480787380342456,0.36416340838614,0.547250443558224
45072,0.234056896319267,0.139409464743158,1
45076,0.291896993393555,0.17021706889578,-0.113884586543992
45082,0.316030740191452,0.19347445058649,0.999781266872311
45094,0.274774167453148,0.171093434002966,0.37251705722878
45096,0.0473237157880545,0.0243359848995551,-0.0726207398235546
45097,0.268976675205609,0.153633544559795,-0.16287899382864
45107,0.0459754617769988,0.0237966832951328,-0.0846629896420651
45109,0.223540515033032,0.128893083456923,-0.0882309321146535
45115,0.0447620331670487,0.0230551435890521,-0.115024005185074
45120,0.485371443980046,0.430362680328974,-0.235402843127685
45125,0.131859242281246,0.0715922879870567,-0.253783113705216
45132,0.49710125387623,0.479506539031954,-0.143036942137786
45133,0.0479978427935823,0.024673048402319,0.992997928399767
45150,0.414857759201834,0.296278818929486,-0.126398506141966
45167,0.0776594310368073,0.0395038425239315,-0.134895893167844
45168,0.444114871241742,0.325468518268842,0.91346921675608
45174,0.443171093434003,0.324592153161656,0.851649589042708
45176,0.426722394499124,0.307334501820143,-0.118783550914918
45190,0.0862882567075637,0.0442227315626263,0.217993977374342
45193,0.0842658756909802,0.0432115410543347,-0.0266718401836017
45198,0.428205473911285,0.309963597141702,1
45201,0.0725360657947957,0.038425239315087,0.796404791447738
45203,0.0467844141836322,0.0243359848995551,1
45215,0.443440744236214,0.3256707563705,-0.148123440652051
45221,0.470540649858433,0.370230551435891,0.213339560117961
45222,0.0482674935957934,0.0266954294189026,-0.101012034728032
45224,0.41984629904274,0.298233787245517,0.944266557911401
45225,0.436429823378725,0.316907105298638,-0.0991220743445029
45227,0.454361601725765,0.340703788593771,-0.313920502298624
45232,0.0973439395982203,0.0504247000134825,-0.104403065208376
45242,0.440070109208575,0.342995820412566,1
45247,0.445058649049481,0.351287582580558,0.860761292468031
45252,0.409734393959822,0.288054469462047,-0.364201542851168
45253,0.350950519077794,0.234259134420925,-0.242669063240626
45263,0.44236214102737,0.335917486854523,0.877673149147524
45275,0.402723473102332,0.294930564918431,0.997028721747859
45284,0.429958204125657,0.306795200215721,0.996805878839937
45286,0.428879600916813,0.304503168396926,0.978027366535519
45294,0.0941081299716867,0.0482674935957934,-0.0294187424754959
45298,0.0458406363758932,0.02372927059458,-0.0881343300331466
45316,0.0454361601725765,0.0244708103006607,1
45319,0.346905757044627,0.233045705810975,0.999816853657516
45323,0.378994202507752,0.258662532021033,-0.441713043557999
45326,0.422003505460429,0.303896454091951,-0.623074543473359
45327,0.503168396925981,0.464473506808683,-0.62185652602844
45328,0.42834029931239,0.310839962248888,0.93365925321257
45341,0.469462046649589,0.416880140218417,0.913773059321061
45342,0.484292840771201,0.46393420520426,0.914240375719193
45346,0.403936901712283,0.283807469327221,1
45347,0.403936901712283,0.283807469327221,0.999835339570797
45348,0.403802076311177,0.283874882027774,0.999835339570797
45349,0.403936901712283,0.283807469327221,0.999835339570797
45362,0.424295537279223,0.302885263583659,0.55546334205247
45366,0.0448968585681542,0.0231225562896049,-0.147570285539275
45383,0.0451665093703654,0.0232573816907106,-0.0703993782559928
45397,0.444654172846164,0.346636106242416,-0.0543148794255985
45399,0.458406363758932,0.38088175812323,-0.41380278711295
45414,0.0458406363758932,0.0235944451934744,-0.0733324926829112
45416,0.0458406363758932,0.0235944451934744,0.998547304976815
45419,0.46851826884185,0.353309963597142,0.469866488594668
45421,0.293245247404611,0.173722529324525,-0.10717370730395
45422,0.116758797357422,0.0622893353107725,-0.106748206501894
45423,0.301469596872051,0.179048132668195,0.187968708971753
45424,0.471484427666172,0.400633679385196,0.201271967126403
45432,0.323715788054469,0.204867196979911,-0.0979830103551396
45437,0.242146420385601,0.144667655386275,0.842237804533763
45442,0.435216394768774,0.369421599029257,0.747289955334533
45443,0.362141027369556,0.241472293380073,0.913026870722583
45446,0.116893622758528,0.0635701766212754,0.28433709016403
45460,0.364028582985034,0.242146420385601,-0.15438451362834
45465,0.332749089928543,0.213698260752326,-0.213617769246232
45467,0.375623567480113,0.249966293649724,-0.0799556546725981
45486,0.116354321154105,0.0614129702035864,0.993517557451861
45493,0.101119050829176,0.0521774302278549,0.627249900508683
45494,0.0513684778212215,0.0258190643117163,0.149752710796508
45500,0.0524470810300661,0.0279762707294055,0.996404660011218
45503,0.305918835108534,0.216597006876096,-0.0881767679726058
45510,0.0529863826344883,0.0282459215316165,-0.103816318737859
45513,0.283672643926116,0.172576513415127,-0.265425300285002
45520,0.394364298233787,0.267561008494,-0.330103063167183
45523,0.468787919644061,0.39564513954429,-0.137842926172591
45524,0.0531212080355939,0.0283133342321693,0.215905286627942
45525,0.460563570176621,0.404745854118916,-0.134337190758136
45528,0.053390858837805,0.028448159633275,-0.0234176085073951
45531,0.283268167722799,0.171969799110152,-0.21878766410167
45533,0.500741539706081,0.459484966967777,-0.147267464778276
45541,0.470675475259539,0.406835647836052,-0.155534594616248
45556,0.479304300930295,0.455103141431846,-0.20430859920952
45560,0.245112579209923,0.150465147633814,-0.0201068220405167
45565,0.440339760010786,0.36537683699609,-0.159093600669984
45572,0.0500202238101658,0.0267628421194553,-0.0209333318263764
45574,0.0494809222057436,0.0264931913172441,-0.0724678927708576
45577,0.0494809222057436,0.0264931913172441,-0.0550825721075018
45582,0.479978427935823,0.480922205743562,-0.435386979965508
45584,0.425104489685857,0.308817581232304,0.999842775872648
45587,0.155858163678037,0.0850748280976136,-0.126263524049815
45597,0.392881218821626,0.25616826210058,0.999635014567278
45598,0.393150869623837,0.256303087501685,-0.0984852090602602
45602,0.1743292436295,0.100781987326412,0.997493663228158
45607,0.175273021437239,0.10192800323581,-0.222046413385245
45608,0.460833220978832,0.368073345018201,-0.222793726302955
45618,0.341377915599299,0.222596737225293,-0.322873244374812
45636,0.304435755696373,0.184171497910206,-0.234082172125967
45645,0.304975057300795,0.184710799514629,-0.0714677520435284
45654,0.0500202238101658,0.0267628421194553,-0.0343205588920608
45662,0.0713226371848456,0.0360657947957396,-0.0454978385762896
45666,0.2954024538223,0.18450856141297,0.756267083418193
45672,0.208844546312525,0.116556559255764,1
45675,0.148307941216125,0.0800862882567076,-0.127654884424078
45687,0.122421464203856,0.0649858433328839,-0.084700702720328
45689,0.42227315626264,0.280302008898476,0.70192131624838
45700,0.147768639611703,0.0796818120533909,-0.164778913259421
45704,0.1210732101928,0.0644465417284616,-0.0221519885548205
45719,0.367129567210462,0.230349197788863,-0.18700439979884
45732,0.171228259404072,0.0946474315761089,-0.159465041763996
45735,0.0478630173924767,0.0256842389106108,-0.101301661491649
45739,0.482135634353512,0.489551031414318,-0.54592697569697
45745,0.281380612107321,0.165633005258191,-0.0929896236903695
45756,0.283268167722799,0.166037481461507,-0.259286762420424
45757,0.434272616961035,0.318525010111905,-0.386174739495287
45759,0.370230551435891,0.241741944182284,-0.308303185522491
45761,0.17554267223945,0.0989618444114871,-0.162913600334955
45767,0.0486719697991101,0.0275717945260887,-0.0475219860480719
45778,0.282863691519482,0.16610489416206,-0.388485754844467
45789,0.135499528111096,0.0727383038964541,-0.163173546461999
45791,0.412296076580828,0.289470136173655,0.860981568175422
45799,0.469057570446272,0.419644060941081,-0.548446301331632
45808,0.365916138600512,0.229742483483888,-0.481857803998945
45815,0.0486719697991101,0.0274369691249832,-0.139055758678521
45819,0.368882297424835,0.231360388297155,1
45823,0.286369151948227,0.168262100579749,0.89422388049464
45838,0.172711338816233,0.0976810031009843,0.799149767122651
45847,0.428879600916813,0.299379803154914,0.999671469062207
45852,0.435890521774302,0.306255898611298,0.273913893728502
45853,0.048402318996899,0.0274369691249832,0.303852935993469
45865,0.41040852096535,0.27531346905757,0.891124735058961
45869,0.411217473371983,0.277470675475259,0.873529899053159
45873,0.436025347175408,0.31090737494944,-0.111442037534839
45878,0.420115949844951,0.284481596332749,1
45883,0.41984629904274,0.284346770931644,0.833908153792171
45884,0.475394364298234,0.36173655116624,0.830110086747872
45887,0.482405285155723,0.494135095051908,0.143189511334916
45909,0.463125252797627,0.356815424025887,-0.107558464681025
45925,0.377106646892275,0.254213293784549,-0.0793866926665855
45926,0.0369421599029257,0.0207631117702575,-0.148464086092511
45927,0.471754078468383,0.423419172172037,1
45931,0.408386139948766,0.297761898341648,-0.0138957944838169
45932,0.0369421599029257,0.0204934609680464,0.996885989145664
45934,0.3510853444789,0.225023594445193,0.961838731713516
45941,0.349467439665633,0.224619118241877,0.878326539918776
45946,0.41863287043279,0.296143993528381,-0.646976379809864
45953,0.366725091007146,0.245112579209923,0.669418296460434
45970,0.494269920453013,0.439261156801941,0.374681916743467
45971,0.166779021167588,0.0951193204799784,0.999620215742482
45977,0.403532425508966,0.277403262774707,0.688744393374515
45978,0.496831603074019,0.434879331266011,0.702588291238482
45979,0.403532425508966,0.27457192935149,-0.317795480262883
45984,0.335445597950654,0.216799244977754,-0.38775375107271
45989,0.0931643521639477,0.0492786841040852,-0.139999403340649
45992,0.0930295267628421,0.0492112714035324,-0.154324378487847
45999,0.157206417689093,0.0869623837130915,0.491730716320968
46007,0.31791829580693,0.202238101658352,-0.149706460801903
46009,0.317513819603613,0.202305514358905,-0.357702983139188
46013,0.125926924632601,0.0657947957395173,0.998314648505204
46017,0.132128893083457,0.0699743831737899,-0.210139470202148
46020,0.0377511123095591,0.0199541593636241,-0.00830419279761933
46027,0.126196575434812,0.0702440339760011,-0.192714531122789
46030,0.474855062693812,0.389915059997303,0.982371109368458
46031,0.489955507617635,0.398409060266954,-0.159489432083366
46035,0.0942429553727922,0.049952811109613,-0.192890782830529
46037,0.502629095321559,0.450047188890387,0.992959414272706
46038,0.502763920722664,0.451597681003101,0.920578082665294
46062,0.0670082243494674,0.0348523661857894,0.997017954946258
46078,0.403127949305649,0.271268707024403,-0.527958855222742
46081,0.0674127005527841,0.0350546042874478,0.305711276986024
46087,0.0674127005527841,0.0351894296885533,0.781869452712635
46088,0.104759336659027,0.0554806525549414,-0.0288078892066937
46089,0.300121342860995,0.200755022246191,0.898174609317567
46090,0.348793312660105,0.227922340568963,0.335910744394352
46097,0.0675475259538897,0.0352568423891061,-0.171976740419197
46099,0.067143049750573,0.0349197788863422,-0.0979553470225091
46105,0.0942429553727922,0.0500876365107186,-0.0182657118585767
46115,0.0892544155318862,0.0470540649858433,-0.227561449386398
46116,0.499797761898342,0.476001078603209,-0.892882159900383
46135,0.0663340973439396,0.034650128084131,1
46141,0.0893892409329918,0.0473911284886073,0.999260593648049
46148,0.0663340973439396,0.0349197788863422,1
46152,0.498179857085075,0.486517459889443,-0.187473541481177
46153,0.0666037481461507,0.0345153026830255,-0.177131975268314
46154,0.498988809491708,0.479236888229743,-0.783987664237338
46161,0.476607792908184,0.424497775380882,-0.191528810172172
46168,0.0382904139139814,0.0200889847647296,-0.109838223652877
46172,0.0381555885128758,0.0200215720641769,-0.0405976656668492
46176,0.0666037481461507,0.0351894296885533,1
46177,0.0666037481461507,0.0351894296885533,-0.0438224677934587
46180,0.490225158419846,0.408655790750977,-0.176007803311876
46200,0.0670082243494674,0.0347175407846838,-0.159565757546347
46204,0.0672778751516786,0.0348523661857894,-0.184532286582957
46210,0.0523122556289605,0.0281785088310638,-0.0498787934026838
46211,0.0666037481461507,0.0345153026830255,0.187236527676148
46229,0.48280976135904,0.415194822704598,0.996416981416091
46231,0.482270459754618,0.423284346770932,0.981942829141559
46233,0.474450586490495,0.394296885533234,-0.176360043671354
46240,0.0668733989483619,0.034650128084131,0.998994090622688
46253,0.0412565727383039,0.0215720641768909,1
46260,0.0901981933396252,0.0473911284886073,-0.0213756632838877
46287,0.0728057165970069,0.0376162869084535,0.968768352724623
46289,0.160307401914521,0.0967372252932452,-0.0224223585594641
46291,0.0684913037616287,0.0355939058918701,0.969930408477496
46320,0.187272482135634,0.11210732101928,-0.125659417406319
46327,0.091816098152892,0.0491438587029797,0.746634060824927
46330,0.089928542537414,0.0503572873129298,0.6735197341141
46336,0.120938384791695,0.0697721450721316,-0.0199163404357949
46340,0.426183092894701,0.315154375084266,-0.322714260659367
46342,0.0664689227450452,0.0360657947957396,1
46350,0.0926250505595254,0.050896588917352,-0.0148388534834351
46370,0.390858837805042,0.278886342186868,-0.133636116740609
46371,0.074019145206957,0.0382230012134286,1
46376,0.172172037211811,0.103748146150735,0.759873388007607
46377,0.266414992584603,0.169745179991911,0.740085687648094
46387,0.0838613994876635,0.0494809222057435,1
46389,0.0741539706080626,0.038425239315087,-0.0560188841507919
46390,0.0838613994876635,0.0494809222057435,-0.167850019532279
46399,0.474989888094917,0.424362949979776,0.30559000051776
46400,0.113522987730888,0.0608062558986113,-0.0245604428894018
46408,0.0733450182014291,0.0378859377106647,1
46412,0.105433463664554,0.0586490494809222,1
46442,0.0726708911959013,0.0376836996090063,0.287331118214371
46453,0.097748415801537,0.0539975731427801,0.474050753046052
46454,0.313199406768235,0.222529324524741,0.474995733126981
46468,0.0368073345018201,0.019347445058649,-0.0410582879129181
46479,0.069030605366051,0.0359983820951867,0.998072902798392
46484,0.0711878117837401,0.0370769853040313,0.307327582930689
46489,0.196440609410813,0.121949575299987,-0.0505583012661963
46496,0.108129971686666,0.0622893353107725,-0.0413642628347677
46499,0.0807604152622354,0.0479304300930296,0.999337488435533
46501,0.0992314952136983,0.0521774302278549,-0.00788801332440074
46506,0.0957260347849535,0.056222192261022,-0.131406531283019
46507,0.324794391263314,0.208372657408656,-0.123859680074435
46515,0.449238236483754,0.428070648510179,0.314185743960104
46518,0.335041121747337,0.216597006876096,-0.133006387545163
46520,0.428475124713496,0.334366994741809,-0.628149998489469
46523,0.0974787649993259,0.0533234461372523,-0.210386897845455
46530,0.0713226371848456,0.0376836996090063,-0.0664919893665559
46535,0.233247943912633,0.132803020088985,-0.0698431577503131
46542,0.0719967641903735,0.0377511123095591,0.999081552013987
46546,0.0981528920048537,0.0537953350411218,0.0253536062778482
46547,0.0717271133881623,0.0373466361062424,0.999065940985757
46554,0.0655251449373062,0.0341108264797088,-0.0983872820449765
46590,0.488337602804368,0.475664015100445,-0.422351507185591
46593,0.0718619387892679,0.0374140488067952,0.998132483160371
46603,0.499393285695025,0.465552110017527,-0.133492960686179
46613,0.483618713765673,0.495011460159094,0.996872345424159
46619,0.0643117163273561,0.0351220169880005,0.941771040861128
46642,0.0707833355804234,0.0368747472023729,-0.0646201049486623
46652,0.0703788593771067,0.0366725091007146,0.925761862838732
46658,0.473776459484967,0.44964271268707,0.927107530549535
46667,0.491843063233113,0.46851826884185,0.672113923591257
46669,0.0699743831737899,0.0367399218012674,0.275002302275027
46673,0.28596467574491,0.18329513280302,-0.0747499111951875
46676,0.0973439395982203,0.0527167318322772,1
46678,0.0676823513549953,0.0354590804907644,1
46679,0.0676823513549953,0.0354590804907644,-0.0390301016367838
46688,0.229472832681677,0.132128893083457,0.44100231952199
46694,0.0684913037616287,0.0358635566940811,-0.0388644226499804
46723,0.228529054873938,0.133544559795065,-0.31883129882027
46728,0.468383443440744,0.431441283537819,0.909796407231801
46752,0.4673048402319,0.439126331400836,-0.738854743799537
46754,0.463799379803155,0.43656464877983,-0.721466070407374
46757,0.159228798705676,0.0935014156667117,-0.295965840023896
46759,0.44478899824727,0.424902251584198,-0.284646732443802
46760,0.159768100310098,0.0939058918700283,0.860715260882872
46761,0.206282863691519,0.122556289604962,0.480200039367312
46789,0.0633679385196171,0.0331670486719698,-0.1601602088793
46790,0.467439665633005,0.416677902116759,0.97185693690613
46797,0.0625589861129837,0.0327625724686531,0.994787200150557
46798,0.0632331131185115,0.033099635971417,-0.157708375672033
46799,0.471888903869489,0.408790616152083,-0.157708375672033
46820,0.060266954294189,0.0316165565592558,0.949438741667857
46824,0.060266954294189,0.0318862073614669,1
46827,0.51476338142106,0.455709855736821,0.975215873093901
46830,0.494944047458541,0.466158824322502,0.984673863623218
46844,0.0598624780908723,0.0312794930564918,-0.120526563903906
46854,0.440609410812997,0.308345692328435,0.943358632116831
46861,0.0590535256842389,0.0308750168531752,0.986621689372479
46862,0.0579749224753944,0.0304705406498584,0.998879598013637
46865,0.0599973034919779,0.0314817311581502,1
46894,0.435890521774302,0.315289200485371,0.895077013403935
46899,0.0599973034919779,0.0324255089658891,-0.122426559413388
46911,0.0617500337063503,0.0330322232708642,0.998986195198184
46920,0.063098287717406,0.0328973978697586,0.998948940583661
46933,0.165835243359849,0.091816098152892,0.563873623133328
46948,0.0626938115140893,0.0325603343669948,0.995765347936551
46954,0.235135499528111,0.136038829715518,-0.0599880832046095
46957,0.236214102736956,0.136578131319941,0.693472630106323
46958,0.365511662397196,0.244640690306054,0.34985601810666
46960,0.0707833355804234,0.0376836996090063,0.360906700193514
46966,0.35715248752865,0.25448294458676,0.563733480396689
46986,0.0702440339760011,0.0374140488067952,-0.0820747901152522
46989,0.0529863826344883,0.0277066199271943,0.290636912382264
47007,0.295537279223406,0.189025212350007,-0.13002238851539
47011,0.42105972765269,0.293582310907375,0.59112826976534
47012,0.368073345018201,0.256977214507213,0.689837456170304
47034,0.0707833355804234,0.0367399218012674,1
47035,0.0707833355804234,0.0367399218012674,1
47041,0.0702440339760011,0.0376836996090063,-0.114362387058574
47043,0.0672778751516786,0.0364702709990562,1
47045,0.0675475259538897,0.0359309693946339,0.99265599504987
47054,0.0684913037616287,0.0381555885128758,0.260017195215171
47063,0.179857085074828,0.106107590670082,0.687087813448219
47089,0.0795469866522853,0.0419306997438318,0.425314978976804
47091,0.316030740191452,0.198328165026291,-0.0915679284634759
47096,0.0672778751516786,0.0388971282189564,-0.207919804190221
47101,0.410947822569772,0.292840771201294,0.314247932984
47105,0.105298638263449,0.0552110017527302,-0.0410244042799914
47106,0.0798166374544964,0.0420655251449373,0.400974829343794
47113,0.475394364298234,0.439530807604153,0.147964211716589
47127,0.0687609545638398,0.0373466361062424,1
47130,0.0687609545638398,0.0373466361062424,-0.0511313907551706
47137,0.469596872050694,0.367871106916543,-0.501885286207775
47138,0.42834029931239,0.317446406903061,-0.167054661583173
47140,0.509909666981259,0.445193474450587,-0.210940056578321
47154,0.181744640690306,0.101793177834704,0.999633581516903
47155,0.1816098152892,0.101725765134151,0.999633581516903
47163,0.0701092085748955,0.0369421599029257,-0.0485966233427275
47168,0.486854523392207,0.458473776459485,0.897496918923237
47177,0.105163812862343,0.0544694620466496,0.986826969208886
47183,0.509505190777943,0.476001078603209,-0.917162222346756
47185,0.50775246056357,0.488742079007685,-0.232707977720476
47186,0.106646892274505,0.0552110017527302,-0.102144171328763
47187,0.234731023324794,0.140959956855872,-0.176815522015423
47193,0.360792773358501,0.242820547391128,-0.0935028386332159
47201,0.164756640151004,0.0955912093838479,-0.063095552669788
47209,0.0702440339760011,0.0372792234056897,-0.13621510734916
47213,0.449238236483754,0.341108264797088,-0.0976236141637703
47219,0.0703788593771067,0.0381555885128758,0.994747061280817
47221,0.473641634083861,0.367871106916543,0.694681208634581
47226,0.372657408655791,0.253067277875152,0.99947246810477
47243,0.248213563435351,0.153633544559795,-0.0207020323477673
47245,0.254550357287313,0.153431306458137,-0.0769615741015857
47259,0.0703788593771067,0.0370769853040313,0.998143245263251
47267,0.0645813671295672,0.0337737629769449,-0.10932354625553
47268,0.439126331400836,0.320142914925172,-0.12000230934324
47278,0.180666037481462,0.10435486045571,-0.0590499471813682
47281,0.211945530537953,0.124848321423756,0.988949496425912
47285,0.0688957799649454,0.0370095726034785,1
47293,0.177160577052717,0.103006606444654,-0.0714985591470616
47300,0.25037076985304,0.155655925576379,-0.088476269208844
47313,0.105972765268977,0.0554132398543886,0.994122910524303
47315,0.0703788593771067,0.0372118107051368,1
47318,0.0706485101793178,0.0372118107051368,0.999073383223984
47329,0.100849400026965,0.0525819064311717,-0.124388279825136
47334,0.100984225428071,0.0526493191317244,-0.123024660346248
47365,0.0695699069704732,0.0362680328973979,0.997124676688348
47366,0.0691654307671565,0.0362006201968451,1
47368,0.0691654307671565,0.0362006201968451,0.780911194806447
47373,0.0713226371848456,0.0376836996090063,1
47376,0.101658352433598,0.055278414453283,-0.0786598149225998
47377,0.0717271133881623,0.037481461507348,-0.0786598149225998
47388,0.103276257246865,0.0551435890521774,0.985313892373782
47397,0.0691654307671565,0.0359309693946339,1
47399,0.069030605366051,0.0359983820951867,-0.059959196406649
47404,0.0707833355804234,0.0372792234056897,0.981398977264069
47406,0.0413913981394095,0.0216394768774437,-0.0394510593980221
47407,0.0722664149925846,0.0386948901172981,0.975639587771641
47411,0.105298638263449,0.0550761763516247,-0.0660307455280247
47416,0.0678171767561009,0.0357961439935284,1
47417,0.0678171767561009,0.0357961439935284,0.998080557080977
47425,0.101388701631387,0.0529863826344883,-0.0550212031663254
47429,0.072131589591479,0.037818525010112,-0.0411325582633027
47439,0.0711878117837401,0.0373466361062424,0.990753126631846
47441,0.0714574625859512,0.037481461507348,-0.0705235223521767
47443,0.0726708911959013,0.0382230012134286,1
47445,0.0697047323715788,0.0382230012134286,1
47448,0.0695699069704732,0.0382904139139814,1
47452,0.18619387892679,0.104017796952946,0.961024445092168
47454,0.0705136847782122,0.037144398004584,0.99067259516111
47460,0.217473371983282,0.128421194553054,0.594786025536923
47462,0.0703788593771067,0.0372118107051368,1
47468,0.0713226371848456,0.0368747472023729,0.99904668404205
47474,0.0715922879870568,0.0368747472023729,1
47477,0.0717271133881623,0.0373466361062424,-0.126354990255542
47484,0.193878926789807,0.110556828906566,0.985787750117587
47488,0.0724012403936902,0.0372792234056897,0.996205467418718
47495,0.405419981124444,0.291020628286369,-0.631611735661756
47508,0.194013752190913,0.108197384387219,-0.08989625996029
47512,0.277875151678576,0.166172306862613,-0.0772826593184651
47518,0.0711878117837401,0.0368073345018202,-0.0460041842741164
47522,0.469866522852905,0.396588917352029,0.397215618109439
47528,0.422677632465957,0.310705136847782,0.786210893462435
47530,0.280706485101793,0.167587973574221,0.991243845975702
47536,0.0713226371848456,0.0367399218012674,0.99535985113966
47540,0.0713226371848456,0.0372792234056897,0.999066462033924
47549,0.238775785357961,0.139072401240394,0.691080901180766
47552,0.0709181609815289,0.036537683699609,-0.0499372242204648
47553,0.186463529729001,0.103343669947418,-0.0499372242204648
47571,0.0715922879870568,0.0368747472023729,0.998091659008904
47575,0.353916677902117,0.249224753943643,0.995906841898339
47576,0.356613185924228,0.247741674531482,0.951586665250073
47583,0.469866522852905,0.386746663071323,0.252064066676162
47586,0.0812997168666577,0.0436160172576513,-0.0220054969674201
47596,0.325603343669947,0.220237292705946,0.964737911421897
47599,0.0829176216799245,0.0453687474720237,0.336090230361223
47608,0.0717271133881623,0.0370769853040313,1
47626,0.0768504786301739,0.0428744775515707,1
47640,0.495348523661858,0.432385061345558,0.224728510327801
47645,0.462855601995416,0.402251584198463,0.421121735532347
47655,0.0724012403936902,0.0374140488067952,-0.0868205444575238
47668,0.25495483349063,0.150667385735473,-0.182503839640017
47686,0.0683564783605231,0.0360657947957396,0.967334896835808
47695,0.189968990157746,0.105500876365107,0.647863354740304
47698,0.267358770392342,0.160374814615074,-0.126821417915563
47699,0.189564513954429,0.105298638263449,-0.323837324873896
47705,0.410138870163139,0.306458136712957,0.327124699339357
47711,0.302952676284212,0.184238910610759,-0.153353377479941
47712,0.191452069569907,0.108669273291088,-0.0437494517469484
47723,0.0705136847782122,0.0374140488067952,0.996353482996624
47733,0.0695699069704732,0.0372118107051368,-0.111821591216864
47742,0.264662262370231,0.158622084400701,-0.165828788604012
47752,0.0670082243494674,0.0357961439935284,1
47756,0.266684643386814,0.159228798705676,-0.368172123861551
47757,0.493865444249697,0.407644600242686,-0.534404525056193
47766,0.51597681003101,0.432182823243899,-0.222545515891427
47773,0.0556828906565997,0.0287852231360388,-0.065059914609445
47774,0.162194957529999,0.0916138600512336,-0.0649042379019881
47779,0.0550087636510719,0.0289874612376971,1
47781,0.482000808952407,0.358568154240259,0.78216473818969
47782,0.517594714844277,0.471282189564514,-0.164892757592082
47792,0.213158959147903,0.128556019954159,0.919647498577334
47800,0.0932991775650533,0.050289874612377,-0.174318298292448
47811,0.39274639342052,0.261359040043144,-0.137807373672612
47825,0.348119185654577,0.22300121342861,0.830186194609242
47837,0.069030605366051,0.0357287312929756,-0.0097745441235036
47839,0.145746258595119,0.0794795739517326,0.334646167728581
47848,0.0684913037616287,0.0354590804907644,1
47851,0.0672778751516786,0.0348523661857894,1
47853,0.0686261291627343,0.0355264931913173,1
47859,0.0570311446676554,0.0297290009437778,1
47867,0.0620196845085614,0.0319536200620197,1
47874,0.376567345287852,0.252999865174599,-0.133987384035202
47875,0.0682216529594176,0.0351894296885533,0.252849388844052
47883,0.375353916677902,0.251719023864096,0.464714002645256
47890,0.486045570985574,0.377443710395038,0.235773395245623
47894,0.0683564783605231,0.0356613185924228,0.996103604864172
47900,0.431036807334502,0.325401105568289,0.979740272424176
47908,0.0684913037616287,0.0355939058918701,0.962254109666655
47909,0.0639072401240394,0.0330322232708642,0.988336921346747
47914,0.46150734798436,0.361129836861265,-0.397518188624671
47915,0.351894296885533,0.231899689901577,-0.0710803505177804
47928,0.063098287717406,0.0335715248752865,0.997976546681127
47932,0.416745314817312,0.281178374005663,0.267671894480363
47946,0.220439530807604,0.126533638937576,-0.258445882640074
47955,0.0686261291627343,0.0355264931913173,0.396679802117998
47957,0.0636375893218282,0.0328973978697586,1
47971,0.0682216529594176,0.0353242550896589,0.0478495260907386
47982,0.37481461507348,0.238910610759067,-0.264690767397182
47984,0.0691654307671565,0.0357961439935284,0.981420126264391
47999,0.455844681137926,0.384724282054739,0.332331295266157
48008,0.395442901442632,0.282796278818929,-0.144482477033326
48010,0.123904543616017,0.0681542402588647,0.658736011889955
48017,0.0618848591074558,0.0324255089658891,-0.151942413134671
48027,0.409599568558716,0.378050424700013,-0.300109613271391
48029,0.455170554132399,0.418228394229473,0.999739761033473
48039,0.510044492382365,0.486517459889443,0.140426918837268
48045,0.294323850613456,0.187609545638398,0.813723396787251
48051,0.515033032223271,0.456383982742349,0.291172378383712
48057,0.0594580018875556,0.0324255089658891,0.998980640973692
48063,0.0651206687339895,0.0353916677902116,-0.0534550025035479
48064,0.107455844681138,0.0588512875825805,-0.0729334013078334
48066,0.492382364837535,0.462855601995416,-0.160859812501986
48074,0.229742483483888,0.134555750303357,-0.100583605170749
48087,0.066199271942834,0.0357961439935284,-0.0206432396988161
48089,0.066199271942834,0.0357961439935284,1
48092,0.232978293110422,0.139409464743158,-0.0267045922361387
48096,0.0626938115140893,0.0347175407846838,-0.0569772038965041
48097,0.066199271942834,0.0372792234056897,0.502769540647284
48098,0.207091816098153,0.122016988000539,0.825555677386497
48115,0.446946204664959,0.374207900768505,0.330450479171623
48116,0.113118511527572,0.0620870972091142,0.999437266925763
48125,0.269515976810031,0.160509640016179,-0.0951265102832023
48126,0.0668733989483619,0.0354590804907644,0.597504964379177
48134,0.113657813131994,0.0604691923958474,1
48159,0.222731562626399,0.127140353242551,-0.064780344497962
48164,0.113657813131994,0.0607388431980586,-0.109513565961789
48177,0.496427126870702,0.452743696912498,0.281307915541514
48184,0.476068491303762,0.391061075906701,-0.174175283493668
48201,0.505730079546987,0.494202507752461,0.972366491977029
48206,0.0656599703384118,0.0345827153835783,-0.189673721337671
48217,0.109747876499933,0.0581097478764999,-0.0490889105880967
48225,0.470675475259539,0.450249426992045,0.911322386819493
48237,0.500741539706081,0.383173789942025,-0.401450401606807
48246,0.485101793177835,0.426183092894701,0.263088018126563
48259,0.22421464203856,0.138802750438183,-0.157806501379561
48270,0.0639072401240394,0.0359983820951867,-0.143160717856466
48274,0.397869758662532,0.266482405285156,-0.37223755034301
48276,0.0652554941350951,0.0347849534852366,0.19603429609007
48282,0.273695564244304,0.171497910206283,-0.411407079891047
48286,0.314682486180396,0.19563165700418,0.990621252489896
48289,0.428475124713496,0.320075502224619,-0.10402693398715
48301,0.326547121477686,0.208170419306997,-0.251524130815374
48304,0.239584737764595,0.138667925037077,-0.0474231129484171
48305,0.0652554941350951,0.0347849534852366,0.990536369917599
48311,0.239180261561278,0.138465686935419,-0.0533149984111569
48318,0.0652554941350951,0.0350546042874478,-0.0785639132189758
48322,0.31791829580693,0.201024673048402,-0.0991743985148544
48329,0.0697047323715788,0.0366050964001617,0.979881894955141
48331,0.316435216394769,0.201631387353377,-0.114549945372818
48334,0.239584737764595,0.133949035998382,0.484680907352691
48348,0.375893218282324,0.252662801671835,-0.162165412126398
48350,0.0702440339760011,0.0360657947957396,-0.0232975496640743
48367,0.31549143858703,0.201833625455036,-0.106797153888513
48368,0.091816098152892,0.0472563030875017,-0.0673750710765005
48375,0.104624511257921,0.0568963192665498,-0.0678522539912779
48386,0.0699743831737899,0.0359309693946339,0.995102203094538
48387,0.0703788593771067,0.0361332074962923,0.991722269808637
48400,0.337872455170554,0.22542807064851,-0.0784786494606332
48401,0.05932317648645,0.0304705406498584,-0.0844129736355238
48413,0.0693002561682621,0.0369421599029257,-0.0941142498860392
48419,0.0695699069704732,0.0370769853040313,-0.144871886546619
48432,0.330322232708642,0.205878387488203,0.971923716209217
48434,0.317783470405824,0.19758662532021,1
48438,0.374005662666846,0.234056896319267,0.885861485501614
48440,0.376702170688958,0.234056896319267,0.548311019482727
48446,0.315356613185924,0.195833895105838,-0.289999620873912
48450,0.319671026021302,0.197991101523527,0.891361127466491
48455,0.0636375893218282,0.0333018740730754,1
48456,0.0636375893218282,0.0333018740730754,0.990777675763
48461,0.357287312929756,0.240393690171228,0.999819357986876
48465,0.0707833355804234,0.0364702709990562,-0.0846785268957537
48470,0.0709181609815289,0.036537683699609,-0.141074626794437
48495,0.0826479708777134,0.043076715653229,0.906796493656868
48501,0.320075502224619,0.198328165026291,0.984373096175098
48508,0.0698395577726844,0.0373466361062424,1
48515,0.455305379533504,0.350074153970608,0.206445853653475
48518,0.375893218282324,0.234191721720372,0.876718266163964
48534,0.417689092625051,0.293110422003505,-0.39469257763808
48536,0.0695699069704732,0.0362680328973979,-0.0333471211290938
48538,0.0567614938654442,0.0337737629769449,-0.148234482894224
48546,0.0698395577726844,0.0361332074962923,-0.13939505561787
48547,0.432654712147769,0.301806660374815,-0.140971003032907
48559,0.454091950923554,0.368747472023729,1
48563,0.0697047323715788,0.0359309693946339,0.997065782482062
48569,0.358096265336389,0.238640959956856,-0.160582173666263
48578,0.0697047323715788,0.0357961439935284,0.999013432805997
48581,0.0697047323715788,0.0357961439935284,0.996049588999309
48591,0.0688957799649454,0.037818525010112,-0.0838072365255471
48596,0.465956586220844,0.371983281650263,0.214690391189428
48597,0.0697047323715788,0.0357961439935284,1
48599,0.0694350815693677,0.0356613185924228,1
48600,0.0694350815693677,0.0356613185924228,0.976204154518706
48609,0.060266954294189,0.0309424295537279,1
48611,0.385870297964136,0.256842389106108,-0.197378041270546
48613,0.386139948766348,0.256977214507213,-0.115722126606433
48614,0.146959687205069,0.0786032088445463,-0.0912014674464453
48620,0.0697047323715788,0.0357961439935284,-0.143525505744223
48621,0.480652554941351,0.496764190373466,0.988774637794996
48626,0.0698395577726844,0.0358635566940811,-0.183341446483309
48631,0.44357556963732,0.298773088849939,-0.361040265094987
48642,0.0672778751516786,0.0345827153835783,-0.085209374564507
48654,0.0672778751516786,0.0344478899824727,0.502870831301113
48661,0.0672778751516786,0.0344478899824727,1
48663,0.0668733989483619,0.0342456518808143,-0.0759922525392054
48668,0.467978967237428,0.360186059053526,-0.0930759039348624
48679,0.379803154914386,0.262167992449778,0.999828897649614
48680,0.379937980315491,0.26223540515033,-0.222438415286461
48681,0.254415531886207,0.14284751247135,-0.0923264807866837
48682,0.0691654307671565,0.0355264931913173,-0.149305847469038
48684,0.0691654307671565,0.0355264931913173,-0.105500797441637
48700,0.489146555211002,0.404745854118916,-0.382176485875411
48705,0.316300390993663,0.199811244438452,-0.439697933199108
48707,0.0684913037616287,0.0351894296885533,1
48708,0.0684913037616287,0.0351894296885533,1
48719,0.492517190238641,0.460361332074963,-0.15479192776413
48725,0.121882162599434,0.0647161925306727,0.99887831840486
48728,0.486584872589996,0.417486854523392,0.938043707156798
48741,0.0706485101793178,0.0364028582985034,-0.101265035481471
48758,0.0684913037616287,0.0370769853040313,-0.0709175367566211
48765,0.480248078738034,0.4745854118916,-0.353495870745427
48786,0.0693002561682621,0.0355939058918701,1
48788,0.351489820682217,0.229000943777808,-0.136570919025929
48792,0.0639072401240394,0.0328973978697586,-0.039998509849329
48793,0.174598894431711,0.0964675744910342,0.452876776034618
48800,0.0656599703384118,0.0339085883780504,-0.176441550819685
48804,0.245112579209923,0.150330322232709,0.239521314498815
48806,0.300525819064312,0.203249292166644,-0.0944416862867717
48815,0.253471754078468,0.159363624106782,-0.137638006161465
48828,0.167992449777538,0.0941081299716867,1
48831,0.428475124713496,0.328030200889848,0.312249317736576
48834,0.2978293110422,0.18208170419307,0.781110432958832
48844,0.442901442631792,0.328502089793717,-0.173920073250773
48845,0.116758797357422,0.062154509909667,0.0304391563304134
48846,0.462451125792099,0.364702709990562,-0.16994221372302
48851,0.447350680868276,0.337467978967237,0.999698406906897
48852,0.447350680868276,0.337333153566132,0.281470585183143
48857,0.369691249831468,0.257112039908319,-0.41417886123539
48863,0.0703788593771067,0.0361332074962923,-0.0460949185829409
48873,0.225023594445193,0.125724686530942,0.476086247856754
48880,0.0672778751516786,0.0347175407846838,0.985901024478863
48891,0.0663340973439396,0.0341108264797088,-0.0273272342317159
48895,0.158150195496832,0.0844681137926385,-0.0467796004423622
48896,0.0653903195362006,0.0336389375758392,-0.0999014097185802
48897,0.408925441553189,0.301671834973709,-0.151558666786725
48900,0.409060266954294,0.301739247674262,0.527529344222593
48909,0.066199271942834,0.034043413779156,-0.194032840016566
48914,0.108534447889982,0.0569637319671026,0.996192624547227
48920,0.0635027639207227,0.0351220169880005,-0.0578290001755783
48925,0.227315626263988,0.136847782122152,0.984656367113023
48928,0.232169340703789,0.128623432654712,0.999688124777057
48930,0.232304166104894,0.128690845355265,0.999688219195123
48932,0.232304166104894,0.128690845355265,0.0762974138071444
48934,0.062154509909667,0.0344478899824727,0.2175487069289
48939,0.472697856276122,0.421464203856006,-0.28507700676146
48940,0.169071052986383,0.0919509235539976,-0.284727506480288
48942,0.0745584468113793,0.0391667790211676,-0.0551273844908771
48948,0.100579749224754,0.0546042874477551,-0.215837500055558
48962,0.483483888364568,0.478090872320345,0.707770710817555
48969,0.426722394499124,0.304233517594715,0.998555444282812
48970,0.426587569098018,0.304166104894162,0.839210834651831
48973,0.426452743696912,0.304098692193609,0.718205825728811
48974,0.477551570715923,0.453282998516921,0.670659320469165
48975,0.398948361871377,0.276459484966968,0.998991386213176
48982,0.23850613455575,0.145409195092355,0.997914981039563
48983,0.237427531346906,0.144869893487933,0.996085395810626
48986,0.2372927059458,0.144937306188486,0.997130241177781
49014,0.232438991506,0.14116219495753,0.633818281463417
49015,0.405150330322233,0.291020628286369,1
49020,0.400026965080221,0.268504786301739,-0.233282647109714
49022,0.0609410812997169,0.0335715248752865,0.999022008137979
49024,0.0610759067008224,0.0336389375758392,-0.137407204224663
49028,0.0625589861129837,0.03438047728192,0.706128366296011
49033,0.111770257516516,0.0606040177969529,-0.0525051085312672
49034,0.0668733989483619,0.0369421599029257,-0.0497598988934799
49036,0.398409060266954,0.268369960900634,-0.163540340032204
49039,0.226911150060671,0.136106242416071,-0.104043185188454
49042,0.36294997977619,0.235000674127006,-0.472870972824328
49047,0.125522448429284,0.066536335445598,0.992856972000516
49054,0.228124578670622,0.14601590939733,1
49055,0.228124578670622,0.14601590939733,-0.136350984432566
49061,0.385330996359714,0.272077659431037,-0.116988741212057
49065,0.486045570985574,0.480045840636376,0.997763805255588
49068,0.485641094782257,0.480248078738034,-0.221804964452417
49070,0.272212484832142,0.161453417823918,-0.330423832182477
49072,0.492652015639747,0.498045031683969,0.99148302268516
49085,0.100984225428071,0.0534582715383578,-0.0632706072656651
49088,0.499258460293919,0.462248887690441,-0.489676140589662
49103,0.402453822300121,0.295335041121747,0.999216249523809
49104,0.402858298503438,0.295537279223406,0.988684986045436
49111,0.187002831333423,0.107927733585007,-0.283318818898826
49120,0.100444923823648,0.0534582715383578,-0.177340581337533
49124,0.404071727113388,0.293177834704058,-0.376306986594009
49129,0.385600647161925,0.284616421733855,0.999842819853336
49134,0.490494809222057,0.443305918835109,-0.486522279798738
49135,0.345961979236888,0.248078738034246,0.907077075009486
49141,0.378320075502225,0.293110422003505,0.906401035484559
49142,0.37724147229338,0.270055278414453,0.851253953027834
49144,0.313738708372657,0.21282189564514,-0.447758867570483
49149,0.48280976135904,0.445126061750034,-0.234693444892335
49150,0.109478225697721,0.0595928272886612,1
49158,0.475933665902656,0.409464743157611,-0.401228693465883
49161,0.235000674127006,0.140285829850344,0.613099175191609
49163,0.408925441553189,0.308817581232304,0.837921577540014
49171,0.266684643386814,0.161520830524471,0.903835144577926
49185,0.335850074153971,0.236820817041931,-0.167964981881728
49186,0.106512066873399,0.0579749224753944,-0.166271270213369
49188,0.496427126870702,0.498719158689497,0.416640362568959
49190,0.254280706485102,0.149925846029392,0.982311921457493
49193,0.256977214507213,0.151543750842659,0.949880560137498
49194,0.256842389106108,0.155655925576379,1
49199,0.105972765268977,0.0587838748820277,1
49208,0.492652015639747,0.413239854388567,-0.342943357877083
49210,0.32277201024673,0.196710260213024,0.998691505831668
49214,0.346636106242416,0.236146690036403,0.878390747253429
49228,0.44478899824727,0.364770122691115,0.86475231647812
49244,0.47094512606175,0.417756505325603,0.997179386074696
49254,0.206148038290414,0.113725225832547,0.981513919190907
49268,0.205069435081569,0.114129702035864,1
49271,0.206956990697047,0.115073479843602,-0.112442500378453
49275,0.204664958878253,0.116893622758528,-0.120771445514996
49277,0.285155723338277,0.167116084670352,0.788167914717665
49286,0.20749629230147,0.115343130645814,0.997990966171177
49292,0.459754617769988,0.381825535930969,-0.357525256002328
49307,0.473237157880545,0.412296076580828,0.572198043910852
49314,0.446541728461642,0.341377915599299,-0.240429543321695
49317,0.478630173924767,0.428070648510179,0.941671070416706
49320,0.445058649049481,0.340906026695429,-0.656162990311031
49333,0.482000808952407,0.436901712282594,0.996109599017108
49340,0.474315761089389,0.426722394499124,-0.335924590121209
49342,0.457597411352299,0.358096265336389,0.998247872344717
49351,0.27410004044762,0.175475259538897,-0.124162195934386
49369,0.476607792908184,0.463057840097074,0.999739685790887
49371,0.48159633274909,0.463260078198733,0.999868641214252
49373,0.48159633274909,0.468787919644061,0.99960701472343
49393,0.361871376567345,0.230821086692733,0.965364713436939
49397,0.457327760550088,0.331535661318592,-0.253366193782108
49402,0.4140488067952,0.272549548334906,0.999466840175352
49408,0.237427531346906,0.137319671026021,0.999714875754723
49410,0.252123500067413,0.147768639611703,0.672265444910702
49417,0.443710395038425,0.363961170284482,0.256554522091893
49423,0.321288930834569,0.219023864095996,-0.240011685230888
49425,0.480787380342456,0.366725091007146,-0.330223977700069
49436,0.481191856545773,0.365713900498854,0.999396657441637
49437,0.481461507347984,0.365983551301065,-0.735570054973788
49440,0.223136038829716,0.130039099366321,-0.380519125500465
49442,0.210732101928003,0.121814749898881,0.847883318384127
49452,0.497775380881758,0.400835917486855,-0.074720899007142
49454,0.496427126870702,0.398813536470271,0.989462763042344
49459,0.0279088580288526,0.0148982068221652,-0.0714177887390855
49465,0.190508291762168,0.108197384387219,-0.268822444000345
49472,0.281380612107321,0.180059323176486,-0.329062077698623
49493,0.254145881083996,0.147296750707833,-0.128445201917951
49500,0.169205878387488,0.0914790346501281,-0.0480564996889584
49513,0.442631791829581,0.358028852635837,-0.239003212212447
49516,0.280302008898476,0.176958338951058,-0.16806948040445
49518,0.280302008898476,0.176958338951058,-0.218414547378415
49525,0.487798301199946,0.464338681407577,0.596900054058515
49530,0.110691654307672,0.0584468113792639,-0.103814433997533
49531,0.259538897128219,0.151341512741,-0.169657587325117
49533,0.280706485101793,0.175947148442767,-0.328026088224015
49536,0.254685182688418,0.147836052312256,-0.219605693234983
49537,0.309963597141702,0.19394633949036,-0.0662645739003794
49539,0.110826479708777,0.0585142240798167,-0.207835188210633
49547,0.484966967776729,0.455237966832951,0.353469312296537
49554,0.369151948227046,0.24794391263314,0.999463247480171
49556,0.280976135904004,0.176081973843872,-0.351254862444417
49557,0.443171093434003,0.357354725630309,-0.242109796886271
49559,0.4721585546717,0.364298233787245,-0.335227586063883
49568,0.172172037211811,0.0917486854523393,-0.00225695500125594
49570,0.472428205473911,0.373061884859107,0.574564965639811
49571,0.26681946878792,0.160644465417285,0.503701720871437
49577,0.48523661857894,0.451867331805312,0.825680395248519
49581,0.488337602804368,0.449777538088176,-0.682143425787039
49582,0.470540649858433,0.369421599029257,0.822834694703101
49590,0.44600242685722,0.359309693946339,-0.351035708941892
49597,0.284346770931644,0.178306592962114,-0.35394697251535
49598,0.445463125252798,0.359174868545234,0.998724110537402
49600,0.445058649049481,0.359242281245787,-0.57980141848314
49612,0.305514358905218,0.187946609141162,0.627425467876414
49624,0.447485506269381,0.367871106916543,0.999441529210809
49629,0.44020493460968,0.372455170554132,0.995663848279932
49642,0.101658352433598,0.0525819064311717,-0.0151160736008572
49644,0.447755157071592,0.367601456114332,-0.501268809709874
49650,0.114736416340839,0.0610084940002696,-0.158739832191977
49654,0.259673722529325,0.160442227315626,-0.227968338588592
49669,0.16974517999191,0.0945800188755561,0.343509925969342
49670,0.479708777133612,0.459350141566671,0.415893341755051
49676,0.479439126331401,0.458136712956721,-0.698702221876556
49680,0.255089658891735,0.147768639611703,-0.180460998745335
49697,0.469327221248483,0.420183362545504,0.501883275183098
49711,0.446676553862748,0.364770122691115,-0.213146076160708
49712,0.113388162329783,0.0599298907914251,0.996404005758487
49732,0.2397195631657,0.13994876634758,-0.310573347803809
49733,0.443980045840636,0.36369151948227,0.999860082299987
49740,0.11500606714305,0.0608736685991641,-0.0774328926576244
49743,0.436969124983147,0.359646757449103,-0.425681367492657
49745,0.443305918835109,0.364972360792773,-0.248665843308366
49757,0.296481057031145,0.18909262505056,-0.342216369567038
49761,0.443171093434003,0.364500471888904,-0.247920442150551
49769,0.121612511797223,0.069030605366051,-0.169007651935746
49781,0.465282459215316,0.483551301065121,-0.436040362566153
49783,0.41526223540515,0.29418902521235,0.937967642955564
49786,0.484562491573412,0.453417823918026,-0.560481018052147
49787,0.403667250910071,0.28933531077255,-0.560251036770564
49791,0.122960765808278,0.0688957799649454,0.99154654953311
49814,0.294593501415667,0.188553323446137,0.498291546604268
49836,0.168801402184172,0.0904678441418363,-0.262452419456628
49838,0.185654577322368,0.105231225562896,-0.1192400071318
49843,0.185250101119051,0.105298638263449,-0.170586042379393
49848,0.295132803020089,0.188148847242821,0.999786594787093
49854,0.241067817176756,0.139004988539841,-0.324593636144888
49867,0.160981528920049,0.0901981933396252,-0.225086011813865
49872,0.492517190238641,0.424632600781987,-0.366549264867414
49887,0.242416071187812,0.139679115545369,-0.0524181131465724
49894,0.238101658352434,0.139274639342052,-0.247426757676985
49895,0.335445597950654,0.219226102197654,-0.247199881288278
49897,0.241202642577862,0.143117163273561,0.715232964669475
49900,0.46150734798436,0.37070244033976,-0.224866435885032
49915,0.328030200889848,0.213765673452879,0.503352600034522
49921,0.294728326816772,0.175138196036133,0.482346877287556
49925,0.170014830794122,0.0918835108534448,-0.195066624382969
49933,0.330187407307537,0.213496022650667,0.998420667893309
49940,0.41863287043279,0.306930025616826,1
49942,0.41863287043279,0.306930025616826,1
49943,0.41863287043279,0.306930025616826,0.672436057566931
49955,0.330052581906431,0.213293784549009,-0.198397347664603
49961,0.330322232708642,0.21356343535122,0.994277790283684
49969,0.368612646622624,0.253202103276257,0.99982616722834
49973,0.16853175138196,0.0896588917352029,0.931979924769824
49974,0.179722259673723,0.101590939733046,0.933843337330435
49975,0.169205878387488,0.0899959552379669,-0.258541435708635
49977,0.463529729000944,0.416206013212889,0.578800701662246
49994,0.333153566131859,0.214304975057301,0.99920813993985
49995,0.332883915329648,0.214304975057301,0.710033457967198
50003,0.243359848995551,0.139072401240394,-0.109844074125043
50012,0.16853175138196,0.089928542537414,0.434349552038463
50013,0.448698934879331,0.306188485910746,0.997646594149368
50016,0.350546042874478,0.229607658082783,0.989257248444534
50038,0.34528785223136,0.22954024538223,0.711574722698256
50046,0.346770931643522,0.22785492786841,0.997732762885135
50047,0.346770931643522,0.227585277066199,0.99547605611178
50048,0.348388836456788,0.228798705676149,0.71394672521331
50060,0.346636106242416,0.228057165970069,0.998491189530502
50066,0.228933531077255,0.128623432654712,0.989244592577951
50068,0.341917217203721,0.224484292840771,-0.421997560946095
50073,0.225293245247405,0.126263988135365,-0.23309844231337
50077,0.478764999325873,0.399150599973035,-0.441034383651374
50099,0.475664015100445,0.352838074693272,0.725436735094369
50101,0.340838613994877,0.224079816637454,0.997912567559848
50116,0.130376162869085,0.070581097478765,-0.168370599461621
50118,0.3559390589187,0.239854388566806,-0.262077535334583
50129,0.135499528111096,0.0734124309019819,0.987664892038097
50135,0.132803020088985,0.0721990022920318,1
50140,0.273425913442092,0.165970068760955,-0.218252571776249
50141,0.331535661318592,0.220372118107051,0.999810498893816
50148,0.342456518808143,0.22542807064851,0.835996085737372
50153,0.423351759471484,0.295941755426722,-0.198515918563312
50166,0.514224079816637,0.45085614129702,0.591171912174257
50167,0.344613725225833,0.22542807064851,0.9994284636297
50178,0.500337063502764,0.442564379129028,-0.449941101611858
50181,0.345018201429149,0.226034784953485,-0.311202524818733
50183,0.121342860995011,0.0659296211406228,-0.260969379227183
50184,0.488472428205474,0.414790346501281,-0.257877624395574
50187,0.245382230012134,0.141027369556424,-0.205984741230165
50212,0.337198328165026,0.218349737090468,1
50216,0.514898206822165,0.488944317109343,0.507903703110493
50222,0.335175947148443,0.217608197384387,0.993203036206599
50223,0.336659026560604,0.21888903869489,0.518228899547297
50226,0.518808143454227,0.491708237832008,-0.781438502579336
50229,0.519347445058649,0.491303761628691,0.517086098444199
50231,0.145476607792908,0.0792099231495214,-0.0756764154797811
50235,0.509774841580154,0.42638533099636,-0.685894358577542
50240,0.224888769044088,0.127814480248079,0.804582049842175
50244,0.135364702709991,0.0737494944047459,-0.160181493859728
50248,0.34164756640151,0.221113657813132,-0.391415424755879
50254,0.143184575974114,0.0777942564379129,-0.242550548840671
50260,0.406903060536605,0.280841310502899,0.98051039521852
50264,0.404476203316705,0.302008898476473,-0.243100967441728
50268,0.163003909936632,0.087434272616961,-0.203864541938986
50273,0.339760010786032,0.219630578400971,0.816428530223613
50277,0.283807469327221,0.176149386544425,-0.431325702489799
50282,0.33922070918161,0.219495752999865,0.999026273406652
50304,0.160981528920049,0.0864230821086692,0.683430348217303
50311,0.39854388566806,0.30726708911959,0.72435355428754
50312,0.478360523122556,0.454631252527976,0.999868745281576
50318,0.485101793177835,0.453013347714709,0.342571397231741
50320,0.342321693407038,0.22131589591479,-0.122773232367839
50322,0.488472428205474,0.447957395173251,0.331979202522075
50325,0.139813940946474,0.0767830659296211,-0.0917672553722358
50328,0.282998516920588,0.179789672374275,0.9916496075138
50331,0.443710395038425,0.341445328299852,0.415900624699125
50337,0.140892544155319,0.0800188755561548,0.982915848451457
50345,0.459889443171093,0.381218821625994,0.99763141805855
50349,0.424969664284751,0.316435216394769,0.774870422405604
50356,0.15424025886477,0.0842658756909802,-0.174447982332837
50359,0.454631252527976,0.372792234056896,-0.239217551967027
50367,0.341917217203721,0.219765403802076,-0.281266561185821
50369,0.178104354860456,0.0970068760954563,0.972367169161846
50387,0.15302683025482,0.0800188755561548,-0.0736286369642126
50390,0.183497370904678,0.0999730349197789,0.714925757019315
50392,0.297020358635567,0.180194148577592,0.53371168853002
50393,0.471888903869489,0.390858837805042,0.589834896612918
50397,0.335445597950654,0.223405689631927,0.651066669216954
50413,0.485371443980046,0.403667250910071,0.654661009093312
50439,0.510448968585682,0.482135634353512,0.468923403793931
50451,0.363758932182823,0.238640959956856,-0.253769906502675
50469,0.280976135904004,0.177295402453822,0.999108394649891
50471,0.405150330322233,0.304637993798032,-0.348315142828614
50476,0.279223405689632,0.177227989753269,-0.242812613311225
50488,0.434677093164352,0.322906835647836,0.472712858549602
50490,0.485910745584468,0.46393420520426,-0.410008854532098
50503,0.494000269650802,0.455035728731293,0.352976615536219
50509,0.43049750573008,0.301671834973709,0.999836460030505
50523,0.43413779155993,0.302952676284212,-0.474284105359428
50531,0.314952136982608,0.186463529729001,-0.202394107169525
50536,0.327760550087636,0.193676688688149,0.542165387340077
50541,0.490225158419846,0.44964271268707,-0.432762279678852
50555,0.318187946609141,0.200350546042874,0.921149852094101
50557,0.311042200350546,0.195564244303627,-0.277585628815584
50559,0.441822839422947,0.37771336119725,0.999188214239961
50583,0.472293380072806,0.414251044896859,0.293161767117903
50584,0.0961305109882702,0.0569637319671026,0.932300948983967
50585,0.0825131454766078,0.049346096804638,0.0565081909549482
50590,0.019684508561413,0.0101119050829176,0.112819648048109
50609,0.089928542537414,0.0525144937306189,0.99010979685336
50613,0.0907374949440475,0.0529189699339355,0.75646544930024
50623,0.453687474720237,0.364770122691115,0.994725854406466
50635,0.510853444788998,0.457664824052852,0.999720266184998
50636,0.510853444788998,0.457664824052852,0.999021482352926
50639,0.509100714574626,0.454631252527976,-0.752447395173507
50640,0.48159633274909,0.406498584333288,-0.0890553679677702
50651,0.513145476607793,0.459215316165566,-0.275507828651244
50652,0.141027369556424,0.0768504786301739,-0.269215248774186
50657,0.419711473641634,0.322974248348389,1
50667,0.451395442901443,0.337602804368343,0.997419718734491
50669,0.440474585411892,0.326749359579345,0.976215647802281
50696,0.471214776863961,0.397128218956451,0.956841455931208
50699,0.4745854118916,0.387218551975192,0.961924724665296
50712,0.475124713496023,0.376297694485641,1
50717,0.484292840771201,0.369960900633679,0.910196421273835
50720,0.481731158150196,0.370297964136443,-0.0892056393250135
50722,0.49346096804638,0.401644869893488,0.230753435798231
50728,0.490494809222057,0.396521504651476,0.943685159510425
50754,0.332344613725226,0.195699069704732,0.96350201121696
50755,0.344209249022516,0.205676149386544,-0.325561508525741
50759,0.482674935957934,0.369286773628152,0.995948763350882
50781,0.322906835647836,0.19880005393016,-0.483298215031349
50789,0.34043413779156,0.223877578535796,0.921187878357201
50795,0.510448968585682,0.430227854927868,0.99913998196186
50802,0.508561412970204,0.414857759201834,0.983453878654332
50812,0.481865983551301,0.394364298233787,0.521312474443467
50813,0.269381151408925,0.15181340164487,1
50819,0.496561952271808,0.407779425643791,0.993246416798383
50821,0.042470001348254,0.0215046514763382,-0.0654498338133117
50822,0.172846164217339,0.0924902251584199,0.99793036267113
50826,0.218282324389915,0.124241607118781,1
50827,0.218282324389915,0.124241607118781,0.982275111665948
50846,0.139409464743158,0.0722664149925846,0.934550442863651
50850,0.141701496561952,0.0732776055008764,0.861103351321853
50851,0.136712956721046,0.0715922879870567,0.838475542012403
50853,0.0407172711338816,0.0206282863691519,0.827758112895901
50854,0.0564918430632331,0.0291896993393556,0.917838911254065
50859,0.0645813671295672,0.0337737629769449,0.966872950391064
50862,0.062154509909667,0.0324255089658891,0.998935318637029
50866,0.503707698530403,0.486180396386679,0.936347440950646
50867,0.501011190508292,0.45786706215451,0.999725864700525
50878,0.397465282459215,0.26102197654038,0.986333700360137
50881,0.411487124174194,0.276526897667521,0.958033043873873
50884,0.0885802885263584,0.0488742079007685,0.702511759756482
50889,0.108534447889982,0.0591209383847917,0.746835145570392
50901,0.0586490494809222,0.0301334771470945,0.994201102889854
50902,0.0579749224753944,0.0297964136443306,-0.0934114497432142
50906,0.0764460024268572,0.0390319536200621,0.886624004583735
50907,0.0945126061750034,0.0488742079007685,0.385667876514261
50914,0.38546582176082,0.245988944317109,0.254728366057509
50919,0.116623971956317,0.0607388431980586,0.973927059986668
50929,0.40339760010786,0.263853309963597,0.982574664833752
50932,0.149656195227181,0.0844007010920858,0.999577438936
50943,0.410678171767561,0.273021437238776,-0.245437174848833
50963,0.476877443710395,0.353579614399353,-0.159942134358642
50966,0.394768774437104,0.257786166913847,-0.431852063722349
50971,0.50775246056357,0.48280976135904,0.982100947630032
50985,0.057165970068761,0.0295267628421194,-0.0436217818761306
50986,0.0943777807738978,0.0504247000134825,1
50990,0.0920857489551031,0.0487393824996629,-0.110878295443124
50996,0.499123634892814,0.422812457867062,0.910279610664109
51007,0.158419846299043,0.0917486854523393,-0.148817015471013
51011,0.0912767965484697,0.0484697316974518,-0.138780233869754
51016,0.469866522852905,0.399015774571929,-0.787867371178472
51024,0.0946474315761089,0.0497505730079547,0.344301789250979
51026,0.0941081299716867,0.0496157476068492,0.992875006125034
51034,0.370365376836996,0.238438721855198,-0.172565411176368
51047,0.311581501954968,0.188822974248348,0.782682587437745
51052,0.362275852770662,0.229944721585547,-0.265538298319974
51053,0.312525279762707,0.189429688553323,-0.462766610541609
51057,0.471484427666172,0.360590535256842,0.323158039209208
51065,0.362410678171768,0.230281785088311,-0.443779661422655
51080,0.095860860186059,0.0514358905217743,-0.0512539952550474
51082,0.420115949844951,0.293649723607928,-0.472223008841994
51084,0.419576648240529,0.293110422003505,0.83800802781315
51098,0.0934340029661588,0.0488742079007685,-0.0513200363757355
51100,0.332344613725226,0.2094512606175,-0.280540858869573
51102,0.498179857085075,0.482203047054065,-0.281540502088713
51107,0.165835243359849,0.0985573682081704,-0.25477505619481
51110,0.165565592557638,0.0982877174059593,-0.158678550288462
51113,0.418228394229473,0.293110422003505,1
51126,0.360388297155184,0.229270594580019,-0.425168826374388
51129,0.119455305379533,0.0632331131185115,-0.184099969776689
51130,0.474989888094917,0.3813536470271,-0.425572215063137
51134,0.466900364028583,0.357085074828098,0.99791022924781
51142,0.448159633274909,0.332614264527437,-0.634849368386562
51143,0.492921666441958,0.44236214102737,0.290654235993869
51148,0.454631252527976,0.335850074153971,-0.374566748174805
51150,0.0906026695429419,0.0473237157880545,-0.139579226254285
51151,0.355264931913172,0.224416880140218,-0.467729288152551
51155,0.123634892813806,0.0657273830389645,-0.184652503788919
51159,0.455305379533504,0.337130915464473,0.999692648706124
51160,0.455575030335715,0.337265740865579,0.995543468522865
51161,0.457058109747876,0.338142105972765,0.868459991386975
51162,0.488202777403263,0.403734663610624,0.86856404260866
51163,0.457192935148982,0.338209518673318,0.862450566130288
51165,0.490899285425374,0.406565997033841,-0.584231527802614
51177,0.225023594445193,0.136645544020493,0.411117291241224
51183,0.248752865039774,0.152420115949845,0.992757128590379
51187,0.290953215585816,0.175947148442767,0.539874439214932
51190,0.500741539706081,0.484562491573412,0.360268652918167
51194,0.361197249561817,0.229944721585547,-0.157982223459027
51196,0.163543211541054,0.0960630982877174,-0.076778671023201
51204,0.185654577322368,0.106579479573952,0.778547956673177
51220,0.180126735877039,0.103411082647971,0.991530839646968
51236,0.0885802885263584,0.0461776998786572,-0.0879127075824118
51244,0.294054199811244,0.169273291088041,0.717514577856898
51247,0.491977888634219,0.493123904543616,-0.543780087672825
51251,0.485641094782257,0.398813536470271,0.893812162970714
51252,0.505190777942564,0.447013617365512,0.556574350141343
51253,0.352838074693272,0.212956721046245,0.359407977220413
51259,0.253876230281785,0.139881353647027,-0.239749617877783
51274,0.486584872589996,0.407914251044897,-0.800735674461534
51280,0.337333153566132,0.222327086423082,0.999619414508964
51289,0.119185654577322,0.0657947957395173,-0.112222292496584
51294,0.469866522852905,0.402790885802885,-0.245588823932583
51305,0.197114736416341,0.107590670082244,-0.132335528999807
51350,0.449912363489281,0.363152217877848,-0.15226440173852
51362,0.438317378994203,0.32203047054065,0.999535195820176
51367,0.110556828906566,0.0589187002831334,-0.188229807814102
51374,0.50411217473372,0.494472158554672,0.711846222376031
51376,0.492786841040852,0.404543616017258,-0.321285996252889
51379,0.434677093164352,0.327086423082109,0.99984877212046
51383,0.431441283537819,0.321693407037886,0.961123441157887
51385,0.45206956990697,0.337805042470001,-0.0406902910526196
51387,0.113118511527572,0.0601995415936363,-0.160753743381458
51398,0.429553727922341,0.31306458136713,-0.112789118320017
51401,0.0509640016179048,0.0260213024133746,-0.0823176607819004
51404,0.446676553862748,0.333490629634623,-0.186897368307712
51405,0.114466765538627,0.0607388431980586,0.998225806437799
51465,0.38303896454092,0.2602804368343,-0.42364153518858
51474,0.385330996359714,0.260078198732641,-0.283564233376531
51500,0.48982068221653,0.470742887960092,0.55119320478151
51504,0.49224753943643,0.470608062558986,0.640936932080583
51512,0.512471349602265,0.480585142240798,-0.552657857188449
51520,0.386544424969664,0.259606309828772,-0.109626819538063
51528,0.386544424969664,0.260415262235405,0.999648856906037
51534,0.472293380072806,0.457664824052852,-0.570145672758224
51541,0.465686935418633,0.415936362410678,0.974148616708448
51545,0.386544424969664,0.260145611433194,-0.057753596711186
51547,0.387083726574087,0.260010786032088,0.996121882671765
51548,0.387083726574087,0.259875960630983,-0.569343218406454
51560,0.385600647161925,0.267628421194553,0.998309901599538
51561,0.384522043953081,0.266954294189025,0.999661527857539
51563,0.0420655251449373,0.0214372387757854,-0.106840946393479
51574,0.384926520156397,0.262572468653094,0.999826985185201
51581,0.386005123365242,0.261359040043144,-0.395059751020184
51591,0.385870297964136,0.259943373331536,-0.541506851925321
51594,0.0817041930699744,0.043413779155993,0.409231947587412
51599,0.385735472563031,0.260145611433194,-0.513965568871355
51604,0.0759067008224349,0.0401105568289065,-0.142707751304166
51607,0.492382364837535,0.393150869623837,-0.488686555727737
51615,0.497236079277336,0.450586490494809,-0.420796929543177
51617,0.511257920992315,0.432519886746663,-0.45932276146949
51619,0.390184710799515,0.245921531616557,0.999808290757631
51628,0.408925441553189,0.271605770527167,0.426601782482621
51634,0.349332614264527,0.218754213293785,0.934770577665833
51635,0.346636106242416,0.201361736551166,0.810149041400642
51637,0.377645948496697,0.244371039503843,0.999813269780141
51638,0.377511123095591,0.24430362680329,0.898437537998176
51639,0.352838074693272,0.215518403667251,-0.0865435569189484
51643,0.049346096804638,0.0270999056222192,0.210157661120508
51646,0.35229877308885,0.216192530672779,0.528862421633987
51657,0.264662262370231,0.154577322367534,1
51663,0.266010516381286,0.155116623971956,-0.388357593392919
51664,0.491303761628691,0.439800458406364,-0.334321882239195
51669,0.309019819333962,0.19684508561413,0.999374649743201
51677,0.217608197384387,0.133072670891196,1
51692,0.419711473641634,0.279964945395713,0.991646042500695
51701,0.419981124443845,0.280908723203452,0.635307402112893
51705,0.240124039369017,0.136645544020493,0.959839894167434
51707,0.255224484292841,0.144600242685722,0.375476411160282
51714,0.0467844141836322,0.0236618578940272,0.374014187337856
51717,0.201968450856141,0.112174733719833,0.874532026894807
51753,0.166779021167588,0.0897263044357557,0.949309471908392
51756,0.221113657813132,0.1210732101928,-0.330674075079899
51765,0.167587973574221,0.0901307806390724,0.994532014495729
51771,0.49467439665633,0.394701361736551,-0.443418731256175
51772,0.364567884589457,0.229742483483888,0.99431177086841
51774,0.362410678171768,0.229607658082783,-0.315067593559092
51784,0.0432789537548874,0.0220439530807605,-0.0829004252185354
51791,0.490090333018741,0.392409329917756,-0.279490898268024
51798,0.379803154914386,0.24841580153701,0.288343051286607
51805,0.164082513145477,0.0901307806390724,-0.194768126901054
51806,0.388027504381826,0.25374140488068,-0.196284366606773
51818,0.340299312390454,0.204260482674936,0.646048124514954
51821,0.257651341512741,0.150802211136578,0.769409286146498
51826,0.490225158419846,0.379398678711069,0.737629550524283
51828,0.393150869623837,0.256707563705002,-0.491310913685144
51846,0.348388836456788,0.209653498719159,-0.0614501146420979
51847,0.0435486045570986,0.0229877308884994,-0.0614306937374392
51859,0.151139274639342,0.0812323041661049,-0.134405524249813
51862,0.150465147633814,0.080895240663341,-0.0608164382883814
51865,0.344883376028044,0.207361466900364,0.574319238416063
51866,0.493056491843063,0.446609141162195,0.339809542813237
51867,0.166239719563166,0.0941755426722395,-0.0734192363582291
51869,0.119724956181745,0.0622893353107725,-0.0787301258156786
51870,0.167722798975327,0.0932991775650532,0.98486395764352
51872,0.119455305379533,0.0622893353107725,-0.0790209863281017
51890,0.334097343939598,0.208170419306997,0.998550090178884
51903,0.477012269111501,0.418228394229473,0.215286212675916
51919,0.176216799244978,0.096197923688823,1
51926,0.409464743157611,0.272684373736012,-0.272358583382325
51930,0.32034515302683,0.193878926789807,0.860959849585056
51947,0.495752999865175,0.444991236348928,0.999726044337306
51953,0.160711878117837,0.0930295267628422,-0.0383541665501583
51954,0.0457058109747876,0.0233922070918161,0.94545320770402
51968,0.347175407846838,0.206754752595389,-0.135926792440145
51979,0.347445058649049,0.207698530403128,-0.121333253833912
51980,0.18376702170689,0.106579479573952,0.99965799997432
51990,0.348793312660105,0.207968181205339,-0.0644390755614772
51992,0.419981124443845,0.293312660105164,-0.177091876013718
51995,0.509640016179048,0.490090333018741,0.997935985018402
52011,0.358905217743023,0.21477686396117,0.993068381610105
52016,0.502359444519347,0.439261156801941,0.929525004294037
52018,0.50775246056357,0.446946204664959,0.955999931103873
52030,0.469866522852905,0.342928407712013,-0.685695170842024
52031,0.509774841580154,0.487865713900499,-0.685605662727374
52032,0.473102332479439,0.345624915734124,0.991452751029915
52033,0.470001348254011,0.342186868005932,0.995776164147515
52035,0.324389915059997,0.193878926789807,0.999775908756913
52054,0.459350141566671,0.366388027504382,-0.184581916346979
52062,0.460428744775516,0.366118376702171,-0.185303789296583
52075,0.463125252797627,0.377308884993933,0.999575672204879
52082,0.490494809222057,0.455844681137926,1
52083,0.490494809222057,0.455844681137926,0.988543581785339
52096,0.479843602534718,0.383241202642578,0.995679774102751
52104,0.501954968316031,0.460630982877174,0.840436128089761
52106,0.46609141162195,0.375016853175138,0.999285445180137
52117,0.499123634892814,0.41040852096535,-0.778487613899747
52118,0.502763920722664,0.46561952271808,0.839021891097413
52119,0.480113253336929,0.385668059862478,0.85093038094848
52122,0.483079412161251,0.396319266549818,0.998720486649002
52125,0.517594714844277,0.483416475664015,-0.758317824118212
52133,0.328704327895376,0.221113657813132,1
52139,0.484697316974518,0.423688822974248,0.663795062334184
52141,0.4745854118916,0.403667250910071,1
52145,0.0746932722124848,0.0389645409195092,-0.180345117168309
52146,0.480652554941351,0.406700822434947,0.999860879910424
52156,0.42834029931239,0.299649453957126,0.75583701813722
52160,0.299177565053256,0.19151948227046,0.991377107517432
52169,0.295267628421195,0.189160037751112,0.992168256609462
52170,0.2978293110422,0.190171228259404,1
52179,0.239584737764595,0.137589321828232,0.919383016782642
52181,0.20870972091142,0.119590130780639,-0.108771055861489
52185,0.149251719023864,0.0841984629904274,0.988173077034651
52194,0.184036672509101,0.101860590535257,0.999259428788624
52195,0.184306323311312,0.101995415936362,0.999259457763732
52209,0.401510044492382,0.26681946878792,0.546322700070643
52210,0.190643117163274,0.105837939867871,0.99497622648048
52211,0.189025212350007,0.105163812862343,0.560544333142777
52224,0.190508291762168,0.105905352568424,0.661814025670308
52231,0.308615343130646,0.193407037885938,0.981323446569838
52232,0.303087501685318,0.197114736416341,0.99266813142436
52233,0.305514358905218,0.194687879196441,0.91093887652667
52238,0.501146015909397,0.479236888229743,0.445746960217612
52239,0.25859511932048,0.156936766886882,0.459960974175861
52242,0.497236079277336,0.483618713765673,0.999731257833633
52247,0.267493595793448,0.155184036672509,0.463294120017193
52248,0.506673857354726,0.43292436294998,-0.859800400989482
52261,0.249292166644196,0.145948496696778,-0.123105037270403
52263,0.397060806255899,0.261628690845355,-0.257181456019697
52266,0.266549817985708,0.153229068356478,1
52268,0.461237697182149,0.358433328839153,-0.271630926068921
52271,0.264931913172442,0.152420115949845,-0.178265526951872
52276,0.259269246326008,0.147836052312256,1
52277,0.259269246326008,0.147836052312256,0.938399441921884
52279,0.280706485101793,0.163543211541054,-0.193762399063317
52281,0.263718484562492,0.151678576243764,-0.122900126142589
52291,0.186868005932318,0.104085209653499,-0.128475399135366
52292,0.182014291492517,0.107321019280032,0.485811105202974
52294,0.494809222057436,0.496561952271808,-0.388252134111473
52303,0.279762707294054,0.163071322637185,0.719740271484731
52309,0.473911284886073,0.456316570041796,-0.043498376492184
52312,0.47795604691924,0.430160442227316,0.977656205774986
52322,0.476203316704867,0.380072805716597,0.443334151623935
52323,0.191991371174329,0.108669273291088,1
52337,0.419711473641634,0.306930025616826,0.998281620715338
52342,0.196979911015235,0.111568019414858,-0.283541186101856
52346,0.515167857624376,0.462383713091546,1
52364,0.483888364567885,0.462114062289335,-0.640948807069561
52367,0.483753539166779,0.462181474989888,-0.651980037663405
52369,0.187137656734529,0.105433463664554,-0.32969747688363
52374,0.192530672778752,0.110017527302144,0.999661453109671
52375,0.192395847377646,0.109950114601591,-0.156125850519539
52391,0.394499123634893,0.26681946878792,0.999826281072828
52392,0.394633949035998,0.266886881488472,-0.466815637449709
52401,0.277875151678576,0.166037481461507,-0.167114205939784
52408,0.46272077659431,0.43535122016988,0.579523638203834
52409,0.357556963731967,0.235000674127006,-0.250185966878172
52412,0.239989213967912,0.145341782391803,-0.308328328444835
52425,0.16246460833221,0.0893218282324389,-0.214716490980381
52427,0.429823378724552,0.299582041256573,-0.514225080298579
52441,0.25495483349063,0.15471214776864,0.998995035991266
52448,0.248752865039773,0.151476338142106,-0.311758003760744
52449,0.426992045301335,0.305042470001348,0.701640566425834
52454,0.44964271268707,0.34575974113523,1
52455,0.44964271268707,0.34575974113523,-0.324750793126229
52465,0.44600242685722,0.327221248483214,-0.229056589206339
52467,0.292571120399083,0.183362545503573,-0.455994884140188
52488,0.393016044222732,0.266886881488472,-0.327153105638324
52491,0.427261696103546,0.334569232843468,-0.429364668518764
52507,0.373061884859107,0.254078468383443,-0.449745122567143
52510,0.341782391802616,0.26149386544425,-0.135984052575172
52523,0.482674935957934,0.478630173924767,0.999738617811498
52527,0.484292840771201,0.479439126331401,0.290368779877171
52530,0.421329378454901,0.309761359040043,-0.180686846333244
52534,0.483214237562357,0.479708777133612,0.685375288073587
52535,0.419037346636106,0.309424295537279,0.680949141165581
52536,0.483753539166779,0.478225697721451,0.999737837889075
52540,0.107455844681138,0.0645139544290144,0.987862208200984
52546,0.466495887825266,0.404206552514494,0.997015115652254
52553,0.0724012403936902,0.0393016044222732,0.2625903004701
52570,0.483888364567885,0.459013078063907,0.575162277622306
52572,0.471079951462856,0.483349062963462,0.755194831376688
52580,0.487124174194418,0.415464473506809,-0.43573316844472
52581,0.358500741539706,0.235472563030875,-0.243125480776289
52585,0.311446676553863,0.192395847377646,-0.241937680323071
52587,0.364433059188351,0.241135229877309,-0.430804892234822
52590,0.432519886746663,0.352568423891061,0.99985972598145
52592,0.37845490090333,0.260954563839827,0.999828477044231
52600,0.423756235674801,0.314615073479844,0.999231619469484
52601,0.424160711878118,0.314682486180396,1
52602,0.424160711878118,0.314682486180396,0.97134033817773
52609,0.417689092625051,0.318862073614669,0.960375647757672
52612,0.426048267493596,0.315221787784819,1
52620,0.441013887016314,0.347512471349602,-0.243272916667579
52624,0.488742079007685,0.442429553727922,0.988520879871639
52625,0.487663475798841,0.447822569772145,0.98813570032644
52640,0.259538897128219,0.157273830389645,-0.31352597358782
52648,0.0594580018875556,0.031212080355939,-0.133581701783828
52665,0.0897937171363085,0.0477281919913711,-0.173879705139346
52671,0.499123634892814,0.494944047458541,0.987557875311575
52676,0.438452204395308,0.361466900364029,0.978683518046991
52679,0.448968585681542,0.369556424430363,-0.647596442121134
52682,0.45544020493461,0.345961979236888,-0.559553801138807
52684,0.50896588917352,0.449305649184306,-0.816888349358054
52693,0.466765538627477,0.393016044222732,0.998342886950013
52698,0.35472563030875,0.253134690575704,0.994154235867802
52704,0.356343535122017,0.254348119185655,-0.345167589169124
52705,0.391667790211676,0.262437643251989,-0.346475324619036
52709,0.482540110556829,0.481798570850748,0.99895487574159
52712,0.358770392341917,0.259201833625455,-0.596864914222686
52725,0.194822704597546,0.106040177969529,-0.235595355397365
52733,0.191991371174329,0.104624511257921,0.995567613855439
52736,0.188890386948901,0.108197384387219,0.999317348603522
52737,0.188890386948901,0.108332209788324,-0.238621713336628
52738,0.38088175812323,0.298570850748281,0.999409954425689
52742,0.383308615343131,0.298570850748281,0.997181306085895
52746,0.38667925037077,0.296346231630039,0.98553071241919
52751,0.386814075771875,0.296413644330592,0.887887698509173
52757,0.376971821491169,0.251988674666307,-0.0957953040803697
52776,0.350950519077794,0.230349197788863,0.999435296229897
52777,0.351354995281111,0.230281785088311,0.994722284557857
52779,0.350276392072266,0.228933531077255,0.993935834241597
52795,0.345692328434677,0.224619118241877,0.960341277518876
52802,0.223136038829716,0.125455035728731,0.985319183228354
52803,0.217068895779965,0.122421464203856,0.975710517781981
52807,0.220439530807604,0.12518538492652,0.725933120708581
52812,0.169340703788594,0.0985573682081704,1
52816,0.346905757044627,0.22711338816233,0.998102426610653
52821,0.495483349062963,0.495415936362411,0.653130847065
52822,0.414722933800728,0.308345692328435,-0.247427268993571
52825,0.389780234596198,0.2627072940542,0.972540202284948
52834,0.184306323311312,0.102399892139679,0.989812475524855
52842,0.184441148712417,0.103006606444654,0.41834672509111
52848,0.426587569098018,0.295806930025617,0.999834235192397
52855,0.25859511932048,0.159633274908993,0.538190388987461
52862,0.4721585546717,0.391398139409465,0.99706074401948
52864,0.459350141566671,0.376904408790616,1
52867,0.330187407307537,0.216057705271673,0.671301669979694
52871,0.481326681946879,0.401240393690171,0.999718965080011
52875,0.239045436160173,0.150937036537684,1
52879,0.458271538357827,0.376904408790616,0.999439461908268
52880,0.458541189160038,0.376769583389511,0.999018933423298
52882,0.322906835647836,0.202440339760011,0.628701981285894
52886,0.44842928407712,0.369960900633679,0.875827291857773
52896,0.393016044222732,0.260684913037616,-0.14999236759201
52899,0.169205878387488,0.0967372252932452,0.451529175887972
52906,0.393555345827154,0.260145611433194,-0.149705889705126
52921,0.377915599298908,0.266212754482945,1
52924,0.377511123095591,0.266010516381286,0.999832944510607
52934,0.399083187272482,0.279088580288526,0.960699272822366
52935,0.37845490090333,0.2651341512741,1
52940,0.378994202507752,0.272549548334906,0.999511762816479
52944,0.368342995820413,0.261561278144802,0.876803205927406
52955,0.296750707833356,0.177497640555481,0.99132123792236
52958,0.25495483349063,0.146622623702305,0.99344449648005
52959,0.256033436699474,0.147566401510045,0.998092896926977
52963,0.251044896858568,0.148038290413914,0.973903010827311
52970,0.275178643656465,0.164958878252663,0.924311389379674
52973,0.351489820682217,0.246797896723743,-0.207446810645776
52974,0.25980854793043,0.15012808413105,-0.0330408453888048
52976,0.33099635971417,0.208642308210867,-0.202686262542285
52978,0.496831603074019,0.45955237966833,0.999185928573431
52981,0.490764460024269,0.423621410273696,-0.609429892366361
52985,0.232978293110422,0.131454766077929,0.380683232337675
52993,0.492652015639747,0.497370904678441,0.996417529905068
52995,0.376162869084536,0.255089658891735,-0.529767338333047
53003,0.510853444788998,0.436901712282594,0.999715049376595
53009,0.511662397195632,0.4370365376837,0.993597085432996
53017,0.511123095591209,0.437441013887016,-0.498574259950104
53030,0.508426587569098,0.436901712282594,-0.515000489422121
53032,0.509100714574626,0.438047728191991,1
53041,0.355804233517595,0.222529324524741,-0.459290957750454
53044,0.511932047997843,0.437575839288122,0.977962035188045
53045,0.51719023864096,0.447081030066064,0.980063391493552
53074,0.371713630848052,0.25326951597681,0.614943275915179
53075,0.490764460024269,0.48159633274909,0.559466859192705
53079,0.357691789133073,0.225765134151274,0.891853752225307
53088,0.493326142645274,0.445935014156667,1
53091,0.357017662127545,0.223540515033032,1
53122,0.370635027639207,0.252460563570177,-0.303102767627712
53131,0.509370365376837,0.441013887016314,-0.847178605600666
53133,0.508831063772415,0.441013887016314,-0.536244500749261
53134,0.372927059458002,0.253606579479574,-0.131528506064924
53146,0.391937441013887,0.2627072940542,-0.516213978756516
53147,0.502089793717136,0.441418363219631,0.9834341639921
53152,0.508426587569098,0.441620601321289,0.997177055670934
53183,0.507482809761359,0.440609410812997,0.993936667086908
53185,0.508291762167992,0.440474585411892,-0.528798356293317
53188,0.508426587569098,0.440002696508022,0.993943901317561
53191,0.370635027639207,0.252595388971282,-0.326207568885709
53204,0.42470001348254,0.306727787515168,0.91380839520349
53208,0.372252932452474,0.253134690575704,0.805341910130265
53211,0.457192935148982,0.34211945530538,0.960077955384598
53225,0.514493730618849,0.4721585546717,0.463016146362292
53227,0.514224079816637,0.473237157880545,0.996370017214243
53229,0.482270459754618,0.392544155318862,0.840089772869586
53230,0.514224079816637,0.473506808682756,0.983549708101037
53235,0.235405150330322,0.140892544155319,0.458559720963584
53238,0.225832546851827,0.133140083591749,-0.29869580979919
53240,0.455305379533504,0.340636375893218,-0.643149000328381
53244,0.432789537548874,0.351489820682217,0.471004024645392
53252,0.505460428744775,0.472091141971147,0.986993450361229
53253,0.507347984360254,0.478562761224215,0.519777442704856
53263,0.362275852770662,0.249089928542537,0.586531369535653
53276,0.357287312929756,0.245651880814345,0.999824442171851
53280,0.45085614129702,0.371039503842524,0.998883220059081
53283,0.156397465282459,0.080895240663341,0.0549063174255345
53284,0.414588108399623,0.29007685047863,0.947950129840012
53291,0.404341377915599,0.277672913576918,0.998307185738076
53292,0.403802076311177,0.27699878657139,0.745199587707666
53297,0.504247000134825,0.49588782526628,0.969118417268633
53298,0.501820142914925,0.49224753943643,0.849196655791476
53301,0.351220169880005,0.231697451799919,-0.420232497310899
53303,0.479439126331401,0.412161251179722,0.997658982341671
53313,0.368208170419307,0.260145611433194,1
53314,0.368208170419307,0.260145611433194,-0.347102742415525
53322,0.303491977888634,0.190980180666038,-0.442378325812654
53324,0.233247943912633,0.139409464743158,0.469587267270988
53325,0.499123634892814,0.455844681137926,-0.781881888318803
53328,0.335175947148443,0.22421464203856,-0.371883305773575
53330,0.380746932722125,0.270055278414453,0.598762953009361
53334,0.509640016179048,0.494809222057436,0.999725024039926
53337,0.290413913981394,0.179317783470406,-0.236849045711339
53344,0.344344074423621,0.234596197923689,0.596392304219745
53353,0.481057031144668,0.465282459215316,0.999213663506865
53355,0.349467439665633,0.222731562626399,0.999215381882338
53366,0.361332074962923,0.251179722259674,-0.345108822841991
53371,0.463799379803155,0.329243629499798,0.87230461437964
53385,0.260617500337063,0.155655925576379,0.51756738941889
53387,0.196170958608602,0.10968046379938,0.999653281549746
53398,0.497910206282864,0.400364028582985,0.95163844042037
53403,0.496561952271808,0.398476472967507,0.449250255457829
53406,0.126601051638129,0.072468653094243,0.299635199529674
53408,0.189564513954429,0.11042200350546,-0.234518480339851
53410,0.414318457597411,0.272954024538223,-0.227199879484203
53417,0.297694485641095,0.184575974113523,0.777028390233671
53421,0.501146015909397,0.408049076446002,0.627812877658893
53422,0.343939598220305,0.222394499123635,0.99864294589004
53423,0.343804772819199,0.222192261021977,-0.285074743013735
53431,0.270324929216664,0.160509640016179,0.862938923376839
53432,0.316570041795874,0.202642577861669,0.599070862809363
53439,0.309424295537279,0.195024942699205,0.575210912526137
53440,0.500337063502764,0.409262505055953,0.506274660243655
53441,0.272077659431037,0.162194957529999,0.51197955001885
53442,0.50047188890387,0.410138870163139,0.928859163513896
53444,0.497505730079547,0.406633409734394,0.986186097121528
53445,0.500202238101658,0.409464743157611,0.60306674892583
53449,0.359174868545234,0.233922070918161,-0.186655077653867
53458,0.24673048402319,0.146690036402858,0.999204404950275
53467,0.499393285695025,0.401240393690171,0.95291436596825
53469,0.356478360523123,0.229068356478361,-0.483423138616035
53482,0.301739247674262,0.190912767965485,1
53489,0.393959822030471,0.27288661183767,-0.326185051285559
53495,0.297694485641095,0.182958069300256,-0.245016203487736
53499,0.302683025482001,0.184643386814076,0.996175720691226
53500,0.303357152487529,0.18498045031684,-0.307889246125584
53504,0.37602804368343,0.249089928542537,0.999456654302166
53528,0.380342456518808,0.258662532021033,1
53529,0.380342456518808,0.258662532021033,-0.323952633730265
53530,0.303087501685318,0.187272482135634,0.569883481000172
53536,0.305784009707429,0.187542132937845,0.997779912237913
53551,0.475394364298234,0.335715248752865,-0.392189517680623
53558,0.37845490090333,0.263246595658622,0.99983035988243
53561,0.385061345557503,0.260347849534852,-0.389228763304188
53576,0.434407442362141,0.290144263179183,0.885777260818254
53580,0.465147633814211,0.337872455170554,-0.66689835380175
53582,0.504247000134825,0.473911284886072,1
53585,0.503303222327086,0.475326951597681,0.959109854958933
53587,0.479439126331401,0.45665363354456,0.972039117952248
53600,0.484562491573412,0.433059188351085,0.961988256719132
53608,0.387757853579614,0.261830928947014,-0.561390285027321
53634,0.452743696912498,0.33679385196171,0.989920713391379
53637,0.482540110556829,0.379196440609411,-0.480547148025758
53642,0.492921666441958,0.416206013212889,0.997183892652858
53652,0.461237697182149,0.352366185789403,0.998509763663958
53660,0.455844681137926,0.402925711203991,-0.291228174218092
53668,0.212754482944587,0.115140892544155,0.995853767113312
53670,0.473911284886073,0.412093838479169,0.998365809393775
53687,0.198867466630713,0.109815289200485,-0.26006852315026
53705,0.457597411352299,0.346366455440205,0.980168201179233
53711,0.435486045570986,0.341243090198193,1
53721,0.451395442901443,0.34043413779156,0.99864288934943
53725,0.454631252527976,0.345018201429149,-0.698061069791494
53730,0.519347445058649,0.47795604691924,-0.89286496261251
53739,0.527167318322772,0.463125252797627,0.99971162875857
53743,0.532964810570311,0.467507078333558,0.993228021372339
53758,0.467709316435216,0.389173520291223,0.967965707859095
53759,0.45422677632466,0.403465012808413,0.88459894516339
53773,0.25980854793043,0.149723607927734,0.360304959619262
53776,0.163273560738843,0.0847377645948497,0.416200589179201
53778,0.162734259134421,0.0846029391937441,0.509999573649545
53779,0.377780773897802,0.249292166644196,0.990392346115124
53780,0.37360118646353,0.24625859511932,0.373427849357552
53789,0.370500202238102,0.249426992045301,0.937425898063345
53790,0.350006741270055,0.226102197654038,0.553636774333592
53793,0.357287312929756,0.236348928138061,0.902626684309113
53803,0.407442362141027,0.2905487393825,0.838843406221728
53809,0.405959282728866,0.290481326681947,0.999838916294717
53830,0.175407846838344,0.0960630982877174,0.999607898174704
53834,0.171632735607388,0.094310368073345,-0.088053346600437
53838,0.333962518538493,0.223742753134691,0.988504672160123
53853,0.26560604017797,0.163947687744371,1
53859,0.178239180261561,0.0973439395982203,-0.120808788742047
53862,0.373196710260213,0.252258325468518,0.727190697362153
53866,0.119994606983956,0.062154509909667,0.762007534838276
53868,0.371983281650263,0.252595388971282,0.737237304601073
53869,0.256977214507213,0.151678576243764,0.998430040979224
53875,0.365107186193879,0.246191182418768,0.515061274874686
53884,0.0864230821086693,0.0456383982742349,0.366025804638008
53885,0.363354455979507,0.249359579344749,0.53668852353084
53889,0.366455440204935,0.248078738034246,0.998757690083879
53892,0.365916138600512,0.24794391263314,1
53901,0.245382230012134,0.143858702979641,0.866688681466129
53913,0.244708103006606,0.144330591883511,0.988913633673985
53922,0.154509909666981,0.0819738438721855,-0.108671858401655
53925,0.359174868545234,0.23607927733585,1
53927,0.252797627072941,0.150667385735473,-0.0615652209101259
53940,0.279762707294054,0.173318053121208,0.860351650332616
53943,0.0934340029661588,0.0498179857085075,0.400741040048234
53962,0.365646487798301,0.246056357017662,0.995161286851177
53964,0.36537683699609,0.245382230012134,0.994794589483113
53965,0.363893757583929,0.24383173789942,0.334300261871437
53967,0.288526358365916,0.174464069030605,0.818710641955613
53972,0.406498584333288,0.286975866253202,0.997709931930427
53977,0.0547391128488607,0.0285829850343805,-0.077162557079234
53982,0.385735472563031,0.25084265875691,-0.103985692840874
53983,0.0446272077659431,0.0227180800862883,-0.0305930788901337
54005,0.318457597411352,0.20412565727383,-0.132329727943549
54016,0.484427666172307,0.391600377511123,0.995982614888338
54030,0.374275313469058,0.248752865039773,0.721638462408112
54032,0.100040447620332,0.0535256842389106,-0.0432420481033431
54035,0.495752999865175,0.434879331266011,0.270808878144616
54044,0.497775380881758,0.472832681677228,0.766578870505016
54046,0.473911284886073,0.365983551301065,0.981913653662334
54056,0.523661857894027,0.473911284886072,0.998292512851579
54062,0.107725495483349,0.0581771605770527,0.29863024318548
54071,0.503168396925981,0.477281919913712,-0.380749052735773
54074,0.35715248752865,0.243292436294998,-0.14289670056835
54075,0.133746797896724,0.0726708911959013,-0.138756584626242
54079,0.30362680328974,0.184845624915734,0.999549281148407
54082,0.311446676553863,0.189564513954429,-0.136902974311133
54084,0.124174194418228,0.0677497640555481,0.998951863672796
54111,0.243764325198867,0.145341782391803,-0.282497451824263
54123,0.458541189160038,0.33146824861804,-0.237340992254072
54132,0.418363219630578,0.284414183632196,0.958998215466398
54151,0.311042200350546,0.202575165161116,1
54153,0.323446137252258,0.207428879600917,0.87682605033577
54176,0.324524740461103,0.193002561682621,-0.364203214162189
54191,0.369151948227046,0.253067277875152,0.982854707187384
54192,0.376432519886747,0.258864770122691,-0.439397501365317
54194,0.485641094782257,0.381286234326547,0.227346290825545
54196,0.466630713226372,0.349804503168397,1
54202,0.0812997168666577,0.0414588108399623,0.359851777379578
54204,0.37966832951328,0.245112579209923,0.856829494496523
54211,0.473911284886073,0.440811648914656,0.999736917659153
54219,0.363084805177295,0.25569637319671,0.992874573375144
54223,0.50532560334367,0.492517190238641,0.569542812361754
54236,0.384522043953081,0.253606579479574,-0.0820640117036089
54239,0.180666037481462,0.0974787649993258,-0.156733100315645
54244,0.26223540515033,0.152285290548739,0.985989810744721
54251,0.443305918835109,0.301604422273156,0.999324857932665
54257,0.282728866118377,0.166441957664824,0.704285239981686
54261,0.278818929486315,0.16367803694216,0.700708698836389
54262,0.16731832277201,0.0894566536335446,1
54264,0.359040043144128,0.221720372118107,0.570813632207385
54266,0.401644869893488,0.258662532021033,0.989296907726966
54268,0.403262774706755,0.259336659026561,0.884591955999411
54269,0.355804233517595,0.219158689497101,0.831978033616524
54270,0.408116489146555,0.280234596197924,0.91567674033828
54272,0.429823378724552,0.313199406768235,0.997341125605798
54276,0.430093029526763,0.312120803559391,0.996537688922947
54278,0.430901981933396,0.312120803559391,0.875006130168796
54279,0.386274774167453,0.260819738438722,0.876503002151251
54283,0.487393824996629,0.391870028313334,0.993627929395598
54286,0.439261156801941,0.318727248213563,0.936801545576035
54295,0.493595793447485,0.444586760145611,1
54299,0.347175407846838,0.212956721046245,0.995410882458644
54304,0.34164756640151,0.211406228933531,1
54316,0.346770931643522,0.217608197384387,1
54320,0.498179857085075,0.490831872724821,-0.63432600004744
54323,0.510718619387893,0.485506269381151,-0.527063044519365
54325,0.43777807738978,0.296413644330592,-0.329500232006661
54329,0.348254011055683,0.217810435486046,0.999595417514272
54338,0.347714709451261,0.217810435486046,1
54344,0.483618713765673,0.434205204260483,-0.745232373121062
54349,0.257651341512741,0.147296750707833,-0.231877327995875
54350,0.348523661857894,0.224416880140218,-0.235797484109363
54355,0.453552649319132,0.347040582445733,-0.244889969709965
54365,0.368747472023729,0.236685991640825,0.750874751375011
54367,0.189160037751112,0.108871511392746,1
54368,0.189160037751112,0.108871511392746,-0.314494384995628
54370,0.329108804098692,0.195024942699205,-0.350079009588002
54378,0.194013752190913,0.111433194013752,-0.264357781061911
54382,0.288526358365916,0.179722259673723,0.70411945134516
54386,0.443171093434003,0.328232438991506,-0.585735533918535
54395,0.386409599568559,0.254685182688418,0.998554028536778
54399,0.461102871781044,0.375623567480113,0.472978514028375
54402,0.243494674396656,0.145341782391803,1
54411,0.216934070378859,0.12275852770662,-0.161849638053846
54418,0.441822839422947,0.311244438452204,0.996437133078625
54428,0.215316165565593,0.123297829311042,-0.215552324918411
54437,0.294863152217878,0.177093164352164,0.999297920355277
54439,0.461911824187677,0.345692328434677,0.948682558787995
54449,0.495483349062963,0.389443171093434,-0.749127006689635
54462,0.411891600377511,0.30072805716597,0.922131640234195
54476,0.419306997438317,0.277201024673048,-0.425000035245495
54483,0.073075367399218,0.0373466361062424,0.95040122430046
54485,0.0791425104489686,0.0406498584333288,0.292494380390129
54495,0.390184710799515,0.261965754348119,0.791752562070364
54508,0.444249696642848,0.30315491438587,-0.417249258447574
54513,0.404476203316705,0.284211945530538,1
54514,0.404476203316705,0.284211945530538,-0.51549485440545
54517,0.106646892274505,0.0557503033571525,0.998052927481573
54526,0.44357556963732,0.303896454091951,-0.188675430818419
54528,0.123634892813806,0.0673452878522314,-0.188240965025855
54533,0.410812997168667,0.301132533369287,0.878368389884137
54538,0.0738843198058514,0.0378859377106647,1
54542,0.321423756235675,0.20992314952137,0.998422485106631
54545,0.48280976135904,0.411015235270325,0.998471916126832
54549,0.0659296211406229,0.0337737629769449,1
54554,0.16853175138196,0.0934340029661588,-0.069503611675804
54560,0.278144802480787,0.171700148307941,-0.398562419751983
54561,0.492112714035324,0.406363758932183,-0.686810839171693
54570,0.507617635162465,0.473709046784414,0.670423316894344
54575,0.177160577052717,0.0980180666037481,-0.141432001456117
54577,0.313738708372657,0.204193069974383,0.793779805456017
54578,0.413644330591883,0.291357691789133,0.997715797545082
54581,0.161655655925576,0.0863556694081165,-0.203969315110794
54582,0.438182553593097,0.296481057031145,0.195203509770096
54583,0.0254820008089524,0.0134151274100041,-0.0632671567656752
54591,0.503572873129298,0.41452069569907,-0.75384605366119
54594,0.503168396925981,0.413509505190778,-0.401437531700386
54602,0.28232438991506,0.172441688014022,0.999532868224579
54605,0.432789537548874,0.284886072536066,-0.29166202611229
54609,0.28232438991506,0.172172037211811,0.725071086202937
54620,0.515167857624376,0.417217203721181,-0.275619404959288
54621,0.199002292031819,0.110826479708777,-0.355802690454259
54632,0.0288526358365916,0.0151004449238237,0.113465130561477
54638,0.234191721720372,0.136915194822705,0.940254303941093
54646,0.510988270190104,0.486584872589996,1
54668,0.200889847647297,0.112174733719833,0.582621128745767
54670,0.22300121342861,0.127005527841445,0.882662539606486
54671,0.18983416475664,0.102062828636915,0.530411510107321
54693,0.219495752999865,0.122151813401645,0.40336316148359
54701,0.526223540515033,0.452406633409734,0.348752877220939
54718,0.233113118511528,0.128421194553054,0.999058537359839
54719,0.233517594714844,0.128623432654712,0.945701388571539
54726,0.204530133477147,0.114803829041391,0.992758225420421
54741,0.303222327086423,0.178306592962114,0.566523088078338
54746,0.14601590939733,0.0792099231495214,-0.198641330914158
54758,0.484966967776729,0.360725360657948,-0.111944641097889
54759,0.0504247000134825,0.0264257786166914,-0.0762684393997166
54762,0.493191317244169,0.385330996359714,0.994658532571138
54769,0.327086423082109,0.192665498179857,0.627334993713333
54777,0.0281785088310638,0.0148982068221652,-0.0612267184060411
54779,0.495752999865175,0.38742079007685,0.999405635722585
54786,0.466495887825266,0.400566266684643,0.998499795750476
54800,0.292436294997978,0.168059862478091,0.966915280276747
54804,0.207226641499258,0.115477956046919,0.996315421861355
54807,0.241067817176756,0.144263179182958,-0.168118824594564
54809,0.50896588917352,0.473169745179992,-0.388145666044477
54810,0.273695564244304,0.150734798436025,-0.0354294102154892
54811,0.028717810435486,0.0147633814210597,1
54812,0.028717810435486,0.0147633814210597,-0.0273931487776257
54815,0.221652959417554,0.125522448429284,0.436137489172713
54819,0.503572873129298,0.427868410408521,0.46955687522973
54823,0.242550896588917,0.14527436969125,-0.268601730323527
54830,0.256977214507213,0.154644735068087,0.990869130571208
54835,0.3510853444789,0.224079816637454,-0.379827276339034
54838,0.294863152217878,0.181137926385331,0.65900091395924
54839,0.464743157610894,0.342523931508696,-0.133061926515308
54840,0.178508831063772,0.0965349871915869,0.311125236674956
54842,0.46029391937441,0.330726708911959,0.598533566899546
54848,0.247539436429823,0.136038829715518,0.573858386528244
54851,0.272212484832142,0.165363354455979,0.949854782261919
54856,0.282594040717271,0.173250640420655,0.637258329354622
54865,0.43292436294998,0.297492247539436,-0.435377526423062
54867,0.251449373061885,0.137724147229338,-0.0625152005034745
54870,0.249292166644196,0.149588782526628,0.932919711883272
54886,0.494539571255224,0.37238775785358,-0.501311824245548
54889,0.268167722798975,0.171295672104624,-0.416235934872347
54893,0.492382364837535,0.383443440744236,0.970325980637216
54897,0.237023055143589,0.133207496292301,1
54911,0.421329378454901,0.304772819199137,-0.519695729259569
54912,0.48159633274909,0.37602804368343,0.999114489814111
54916,0.229607658082783,0.129095321558582,1
54917,0.229607658082783,0.129095321558582,0.524830986197995
54935,0.421194553053795,0.286369151948227,0.996084870262764
54936,0.423216934070379,0.286975866253202,-0.401729139533662
54938,0.167587973574221,0.090265606040178,0.848522186356212
54941,0.246326007819873,0.149858433328839,-0.299708296014359
54957,0.244977753808818,0.148375353916678,0.466506936389206
54960,0.244708103006606,0.148510179317783,0.641064016106694
54962,0.49710125387623,0.427733585007415,0.369722212407156
54971,0.41984629904274,0.284211945530538,-0.324589103547359
54977,0.328973978697587,0.20870972091142,1
54986,0.0426048267493596,0.0215720641768909,0.996771907199205
54987,0.0423351759471484,0.0214372387757854,0.990234388746347
54991,0.265471214776864,0.149588782526628,0.99667444116399
54997,0.205743562087097,0.117837400566267,0.998716205225505
55014,0.506134555750303,0.497640555480653,0.418358806746057
55018,0.39274639342052,0.265538627477417,0.682499349138177
55020,0.424025886477012,0.296143993528381,0.655303553555116
55021,0.247269785627612,0.149791020628286,1
55031,0.395308076041526,0.266549817985709,0.990356853089232
55038,0.419576648240529,0.285155723338277,-0.5666035589657
55044,0.424025886477012,0.28643656464878,-0.245397240486032
55047,0.39611702844816,0.277201024673048,0.997672937550119
55050,0.355130106512067,0.240663340973439,-0.272799892918361
55058,0.0796818120533909,0.0446946204664959,-0.173194586232735
55080,0.468922745045167,0.365511662397196,0.99661883164749
55088,0.285695024942699,0.166307132263719,0.997995555511825
55090,0.510044492382365,0.455642443036268,-0.39696854119118
55097,0.310502898746124,0.192058783874882,0.996523269909674
55104,0.278009977079682,0.174464069030605,0.935030937444188
55115,0.48280976135904,0.408049076446002,0.20372473251035
55124,0.316839692598085,0.203316704867197,0.987423408706645
55133,0.369826075232574,0.246393420520426,0.83838831652588
55134,0.305109882701901,0.190710529863826,0.946319719744479
55153,0.48159633274909,0.412970203586356,0.999033161978255
55155,0.483483888364568,0.413913981394095,1
55158,0.298773088849939,0.185384926520156,-0.26450859781573
55161,0.298503438047728,0.18619387892679,-0.450558520979283
55163,0.300660644465417,0.18619387892679,-0.267494359522189
55169,0.309424295537279,0.193002561682621,-0.380827122317089
55182,0.300390993663206,0.186059053525684,-0.255828084357072
55188,0.476742618309289,0.366455440204935,0.285918055011409
55195,0.0366725091007146,0.0194148577592018,-0.10406550175393
55199,0.512741000404476,0.465484697316975,-0.494926021038818
55200,0.373870837265741,0.235742213833086,-0.207355074169452
55208,0.0280436834299582,0.0152352703249292,-0.0848511997631592
55214,0.51719023864096,0.499393285695025,-0.887229558690971
55227,0.392881218821626,0.260213024133747,0.999642585204468
55240,0.28353781852501,0.18086827558312,0.999781911832263
55243,0.0291222866388028,0.0155049211271403,-0.0279876827926011
55258,0.228798705676149,0.136780369421599,0.52991827541392
55260,0.443710395038425,0.35519751921262,-0.37879610435118
55275,0.493595793447485,0.498382095186733,-0.423681738794653
55278,0.4721585546717,0.47094512606175,0.969050084414626
55286,0.473911284886073,0.442834029931239,0.549039581310653
55297,0.487798301199946,0.434677093164352,0.344048088532796
55312,0.41984629904274,0.330457058109748,-0.216838995125808
55314,0.354995281110961,0.22711338816233,1
55320,0.435620870972091,0.306795200215721,0.65411576945246
55322,0.435216394768774,0.306188485910746,0.655770118099211
55334,0.297559660239989,0.189497101253876,-0.333933468357432
55338,0.4745854118916,0.356478360523123,0.0794125758856866
55349,0.478090872320345,0.41526223540515,0.634306146751554
55354,0.325738169071053,0.215720641768909,-0.480148104048455
55358,0.479573951732506,0.417082378320076,0.974719242788348
55363,0.323985438856681,0.213091546447351,1
55364,0.323985438856681,0.213091546447351,-0.458225048567501
55366,0.386274774167453,0.267695833895106,1
55367,0.386274774167453,0.267695833895106,0.999661653163149
55371,0.396925980854793,0.272347310233248,0.954615419245563
55372,0.386544424969664,0.288189294863152,0.999844696272091
55378,0.325872994472159,0.214170149656195,-0.390556023331066
55380,0.325468518268842,0.213698260752326,-0.30105306570107
55382,0.325738169071053,0.214102736955642,0.999805923228308
55390,0.381690710529864,0.265268976675206,-0.297784597433028
55402,0.320210327625725,0.210395038425239,0.998825981191813
55404,0.318862073614669,0.209720911419711,0.997258663692218
55405,0.319671026021302,0.210125387623028,-0.454666816670134
55412,0.480922205743562,0.467507078333558,0.563600206331476
55413,0.318187946609141,0.209518673318053,-0.289999991057222
55418,0.375488742079008,0.249764055548065,-0.224366438137638
55428,0.187676958338951,0.105433463664554,0.998224259023446
55433,0.309828771740596,0.203047054064986,0.983756908031962
55445,0.302683025482001,0.196642847512471,0.999181567593145
55458,0.377106646892275,0.253943642982338,0.999645959337698
55468,0.196036133207496,0.113253336928677,0.999672233394552
55484,0.374140488067952,0.252190912767965,-0.261452313382697
55488,0.300256168262101,0.194620466495888,0.998968571864257
55491,0.491977888634219,0.43123904543616,-0.446865225451319
55500,0.486180396386679,0.436160172576513,0.999864511540622
55502,0.300390993663206,0.193878926789807,-0.446542777994642
55522,0.313738708372657,0.20338411756775,0.995391231052596
55526,0.479439126331401,0.444923823648375,0.629871496599386
55528,0.301065120668734,0.196238371309155,0.998980413954504
55535,0.302548200080895,0.196710260213024,0.915218727522644
55545,0.311311851152757,0.202709990562222,0.914183093004214
55550,0.308615343130646,0.201226911150061,0.921216946207316
55553,0.308076041526224,0.201226911150061,0.999597450884672
55555,0.307806390724012,0.201092085748955,1
55556,0.307806390724012,0.201092085748955,1
55561,0.417149791020628,0.295806930025617,0.764764395014286
55566,0.31306458136713,0.20749629230147,0.998239690740388
55570,0.313469057570446,0.207698530403128,1
55579,0.109882701901038,0.0600647161925306,-0.121905754802064
55580,0.312255628960496,0.206822165295942,0.999216546321018
55593,0.314682486180396,0.206417689092625,1
55594,0.314682486180396,0.206417689092625,1
55596,0.321963057840097,0.210597276526898,-0.0990608668031092
55609,0.314008359174869,0.2070244033976,0.996461815716134
55616,0.0722664149925846,0.0403127949305649,0.962917435192431
55621,0.0988270190103816,0.0552110017527302,-0.122233553047118
55645,0.298503438047728,0.199137117432924,0.91737794279345
55655,0.337063502763921,0.220844007010921,0.999616348167311
55663,0.314547660779291,0.206350276392072,0.999604073859522
55669,0.317109343400297,0.207091816098153,0.953091485307022
55684,0.313603882971552,0.205743562087097,0.995664773746488
55688,0.306592962114062,0.205743562087097,0.999417462213474
55693,0.0241337467978967,0.0128758258055818,1
55697,0.325333692867736,0.218080086288257,0.97447578752741
55708,0.313469057570446,0.205945800188756,0.99841992818196
55709,0.313738708372657,0.206350276392072,0.994870000921691
55714,0.335445597950654,0.222327086423082,0.968204575349529
55717,0.335310772549548,0.222394499123635,0.95160972638427
55719,0.33342321693407,0.219697991101524,0.961192686578628
55720,0.312120803559391,0.205945800188756,0.996864421040056
55723,0.311985978158285,0.206013212889308,0.958946090816205
55735,0.312794930564918,0.203856006471619,0.110728583088561
55744,0.297694485641095,0.183362545503573,-0.219922155787249
55752,0.298368612646623,0.183429958204126,0.990664772873389
55754,0.297424834838884,0.183092894701362,0.825457365660357
55763,0.477281919913712,0.497775380881758,0.900703754678577
55766,0.297155184036673,0.183497370904678,0.998884931409101
55771,0.205204260482675,0.122556289604962,-0.203190171032759
55772,0.290144263179183,0.181609815289201,0.987601325536613
55786,0.288391532964811,0.177497640555481,0.994767270674532
55795,0.311311851152757,0.199609006336794,0.993416335856175
55796,0.30969394633949,0.198125926924633,0.775565062958675
55806,0.326951597681003,0.215788054469462,0.985381062991228
55815,0.322906835647836,0.212147768639612,0.998244727992235
55820,0.303357152487529,0.19563165700418,-0.159573534484009
55832,0.477012269111501,0.397600107860321,-0.797302115680045
55857,0.0728057165970069,0.0381555885128758,-0.0458238294512043
55867,0.497505730079547,0.429014426317918,-0.183240043103263
55871,0.352972900094378,0.241741944182284,0.999822732170876
55894,0.446541728461642,0.347310233247944,0.896665080536012
55903,0.258325468518269,0.164756640151004,0.999769247122601
55923,0.206282863691519,0.125387623028179,0.910721931212132
55924,0.237966832951328,0.148375353916678,0.719808177985254
55926,0.320075502224619,0.208844546312525,0.377121610093302
55933,0.140353242550897,0.0744910341108265,0.997029907854324
55943,0.189294863152218,0.11500606714305,0.997523748594734
55951,0.138870163138735,0.0775246056357017,-0.0975610271798912
55954,0.178778481865984,0.108264797087771,0.493568832991774
55960,0.224619118241877,0.135904004314413,0.9889933481533
55961,0.221113657813132,0.13415127410004,-0.0245945815623022
55963,0.317378994202508,0.198597815828502,0.692643224629546
55969,0.0605366050964002,0.0314817311581502,0.997805073219466
55979,0.0591883510853445,0.0308076041526224,-0.0260684691529914
55988,0.0573007954698665,0.0297290009437778,1
55991,0.410004044762033,0.27214507213159,0.309295094422923
56001,0.393959822030471,0.266145341782392,0.918774724469654
56002,0.368073345018201,0.234731023324794,0.601096348409572
56012,0.455979506539032,0.343535122016988,0.399702125810078
56017,0.0641768909262505,0.0328973978697586,0.0102620064336481
56030,0.0497505730079547,0.0256842389106108,0.906644429581796
56032,0.189968990157746,0.108062558986113,0.721380105693505
56034,0.14116219495753,0.0750303357152488,-0.11382997312656
56035,0.200755022246191,0.116421733854658,0.973034328720708
56038,0.142240798166375,0.0758392881218821,-0.102216667858716
56040,0.139139813940946,0.0741539706080626,1
56041,0.139139813940946,0.0741539706080626,0.391901283470724
56052,0.190373466361062,0.108804098692194,0.999658650685662
56057,0.194148577592018,0.113927463934205,1
56068,0.214642038560065,0.124713496022651,-0.168546466661689
56073,0.185115275717945,0.110624241607119,0.881147619576168
56087,0.0605366050964002,0.031212080355939,1
56094,0.442496966428475,0.325603343669947,0.9548060443025
56098,0.428475124713496,0.325064042065525,1
56103,0.193609275987596,0.107455844681138,0.380482459706796
56109,0.482674935957934,0.405689631926655,0.316293141440364
56111,0.0598624780908723,0.0307401914520695,1
56128,0.0636375893218282,0.0327625724686531,0.998931560141751
56131,0.483349062963462,0.404813266819469,0.228270182691647
56144,0.217338546582176,0.12808413105029,-0.100713515866262
56145,0.236753404341378,0.132668194687879,0.480443389957963
56147,0.313469057570446,0.203923419172172,0.978947787811569
56148,0.323176486450047,0.2045975461777,0.98949598887421
56160,0.32034515302683,0.214642038560065,1
56163,0.376162869084536,0.238910610759067,0.335153045776646
56164,0.0604017796952946,0.0310098422542807,0.00145921533817658
56168,0.369826075232574,0.23655116623972,0.476014910108835
56171,0.447889982472698,0.365781313199407,0.920827501906893
56173,0.232034515302683,0.128556019954159,-0.188501894585699
56183,0.488067952002157,0.368073345018201,0.223425631122726
56191,0.331805312120804,0.210125387623028,-0.176695915139524
56198,0.422138330861534,0.313940946474316,0.257277281916745
56211,0.179048132668195,0.102871781043549,-0.0613771432777018
56218,0.0586490494809222,0.0299986517459889,-0.11674744387861
56221,0.184710799514629,0.104085209653499,0.511495500277499
56223,0.0594580018875556,0.0304031279493057,-0.0395584392689517
56231,0.323446137252258,0.203923419172172,-0.14433497283986
56234,0.132128893083457,0.0726708911959013,0.997551080482759
56238,0.228798705676149,0.142577861669138,0.716339667980159
56243,0.342321693407038,0.232910880409869,0.783239289827582
56248,0.062154509909667,0.0318862073614669,0.704603865801802
56252,0.0527167318322772,0.0277066199271943,0.998774609261553
56253,0.0525819064311716,0.0276392072266415,-0.056604542397224
56255,0.131589591479035,0.074962923014696,0.491458455191918
56257,0.218821625994337,0.129769448564109,-0.128334654234123
56261,0.0504247000134825,0.0260213024133746,-0.0752803228188214
56267,0.460968046379938,0.345085614129702,0.273563047442051
56268,0.0639072401240394,0.0327625724686531,0.886782823344191
56271,0.063098287717406,0.0322232708642308,0.934988799828062
56277,0.253471754078468,0.150734798436025,0.907171517675137
56279,0.217608197384387,0.128758258055818,0.97644146874459
56291,0.379129027908858,0.241472293380073,-0.0858330454092268
56303,0.0641768909262505,0.0330322232708642,0.875308367905661
56304,0.0496157476068491,0.025616826210058,0.877694083574834
56306,0.0641768909262505,0.0330322232708642,1
56311,0.140757718754213,0.0729405419981124,-0.0763566005452454
56313,0.0640420655251449,0.0329648105703114,0.989331565091372
56318,0.0639072401240394,0.0328973978697586,0.956868563753618
56337,0.22300121342861,0.129162734259134,-0.0773873310360143
56338,0.0639072401240394,0.0327625724686531,-0.0806860027999479
56345,0.227180800862883,0.134488337602804,0.968286925549712
56349,0.0586490494809222,0.0301334771470945,1
56353,0.241067817176756,0.14358905217743,0.851066515222295
56360,0.187272482135634,0.105231225562896,-0.205053828465941
56361,0.400835917486855,0.285088310637724,-0.203692765420566
56365,0.392341917217204,0.288661183767022,0.75440452728597
56371,0.218956451395443,0.127679654846973,0.974400729740105
56373,0.0598624780908723,0.0311446676553863,0.454643441779395
56384,0.061210732101928,0.0314143184575975,-0.0257781094853946
56385,0.0494809222057436,0.025010111905083,-0.149624597741891
56391,0.456923284346771,0.392678980719968,-0.4706595629557
56393,0.333288391532965,0.215450990966698,0.996266037950599
56397,0.208574895510314,0.117230686261292,0.992496749186824
56408,0.458676014561143,0.392341917217204,0.999863834451848
56419,0.366994741809357,0.246056357017662,-0.119686844824052
56420,0.0566266684643387,0.0289874612376971,-0.0784809695630197
56425,0.0575704462720777,0.0295941755426722,-0.142637840487553
56433,0.0920857489551031,0.0529189699339355,-0.0714796745190659
56435,0.0591883510853445,0.0304031279493057,-0.0349783067389757
56438,0.437103950384252,0.333827693137387,0.635426211470445
56454,0.129162734259134,0.0695699069704733,0.963704858031615
56459,0.403127949305649,0.295132803020089,0.995293998566987
56465,0.27410004044762,0.167655386274774,0.99857853873741
56466,0.273830389645409,0.16779021167588,-0.167708982689705
56473,0.434811918565458,0.324996629364972,0.248170394161957
56477,0.302548200080895,0.192800323580963,-0.284312632006433
56480,0.265201563974653,0.161857894027235,0.444185965156548
56486,0.368612646622624,0.247269785627612,0.396213446224977
56488,0.282998516920588,0.182621005797492,0.899145608293235
56489,0.248213563435351,0.151476338142106,-0.0932253655806692
56490,0.0992314952136983,0.0551435890521774,0.966904892672873
56491,0.0982877174059593,0.0523796683295132,-0.0602313042573743
56500,0.265201563974653,0.161723068626129,0.904535689262404
56515,0.0655251449373062,0.0334366994741809,0.929412385123991
56521,0.343804772819199,0.228394229472833,0.827014542169625
56522,0.429823378724552,0.300390993663206,0.829212249176134
56531,0.428475124713496,0.313334232169341,0.929216422667257
56533,0.268976675205609,0.162532021032763,-0.301816572832249
56545,0.422947283268168,0.315828502089794,0.999847363242514
56548,0.428070648510179,0.31960361332075,0.92636670409535
56550,0.0648510179317783,0.033099635971417,0.263255949449969
56552,0.0566266684643387,0.0289874612376971,-0.14248435488895
56554,0.426317918295807,0.323446137252258,0.245367409450391
56563,0.504786301739248,0.476607792908184,0.442595121550142
56569,0.0563570176621275,0.0291222866388028,0.229921298546597
56570,0.475529189699339,0.418295806930026,0.980230598840334
56573,0.294593501415667,0.186261291627343,-0.0967143273821331
56588,0.0566266684643387,0.0289874612376971,0.204369598798494
56589,0.509640016179048,0.470675475259539,0.996126402012603
56594,0.0574356208709721,0.0293919374410139,1
56597,0.401240393690171,0.276122421464204,-0.148805520320199
56600,0.399487663475799,0.276189834164757,0.997809559279802
56622,0.0490764460024269,0.0254820008089524,0.982422489891769
56652,0.504921127140353,0.461574760684913,-0.476871531087361
56656,0.520021572064177,0.445260887151139,-0.145507024368295
56658,0.349737090467844,0.22785492786841,-0.494965146998008
56670,0.500202238101658,0.465686935418633,-0.0547207126042967
56675,0.395038425239315,0.275852770661993,-0.361937868944503
56687,0.392476742618309,0.279155992989079,-0.564665639949669
56689,0.394903599838209,0.276459484966968,-0.417182412027167
56698,0.0558177160577053,0.0293919374410139,0.975528598166447
56699,0.0585142240798166,0.0308750168531752,0.960915523790419
56701,0.0411217473371983,0.021235000674127,1
56709,0.394364298233787,0.274841580153701,0.999665321454749
56714,0.374005662666846,0.243764325198867,-0.109812985224755
56716,0.054334636645544,0.028111096130511,0.262644803983549
56723,0.0559525414588108,0.0289200485371444,-0.118731783890737
56731,0.0980180666037481,0.0544020493460968,1
56733,0.0547391128488607,0.0280436834299582,-0.0478030147949748
56741,0.0547391128488607,0.0280436834299582,-0.12833685417506
56742,0.500606714304975,0.444451934744506,-0.542883228723501
56744,0.414857759201834,0.290481326681947,0.999670868952507
56761,0.487258999595524,0.4164756640151,-0.448335875679267
56766,0.341782391802616,0.222798975326952,0.903212719348211
56767,0.372927059458002,0.243629499797762,0.302239871403324
56768,0.0558177160577053,0.028717810435486,-0.0325958901431246
56775,0.376971821491169,0.256572738303896,-0.376235319829299
56776,0.382769313738708,0.267830659296211,-0.134421267850439
56780,0.0548739382499663,0.0297290009437778,1
56783,0.056222192261022,0.0287852231360388,0.954909149932037
56784,0.0521774302278549,0.0282459215316165,0.99765781054343
56785,0.0519077794256438,0.028111096130511,0.99765781054343
56796,0.432385061345557,0.317446406903061,0.962533500321169
56811,0.0535256842389106,0.0274369691249832,-0.0376985424531767
56816,0.0504247000134825,0.0270999056222192,1
56819,0.0555480652554941,0.028448159633275,0.26423175756858
56821,0.0575704462720777,0.031212080355939,-0.0900676353295935
56833,0.296346231630039,0.182823243899151,0.0366067922021611
56844,0.0613455575030336,0.0316165565592558,1
56845,0.0613455575030336,0.0316165565592558,-0.0219743618519264
56857,0.428475124713496,0.301739247674262,0.282827481479208
56864,0.0659296211406229,0.0357961439935284,-0.127286934092719
56867,0.406228933531077,0.278751516785762,0.154057035640384
56875,0.0567614938654442,0.0295941755426722,0.174757338213836
56877,0.427531346905757,0.33996224888769,1
56878,0.427531346905757,0.33996224888769,0.128105163858416
56893,0.362815154375084,0.235472563030875,0.982952698100342
56896,0.134960226506674,0.0782661453417824,-0.0647510833160887
56900,0.3535122016988,0.230146959687205,0.810029659360815
56905,0.0916812727517864,0.0529863826344883,0.789191862722799
56909,0.0515033032223271,0.0265606040177969,0.212978610611444
56927,0.0521774302278549,0.0270324929216664,-0.0779024815530509
56931,0.427800997707968,0.307064851017932,0.984739198939091
56944,0.328434677093164,0.222461911824188,0.999073149967951
56946,0.0473237157880545,0.027167318322772,-0.0348091585584084
56954,0.0841310502898746,0.0490764460024269,1
56962,0.0581097478764999,0.0299986517459889,0.995403575281915
56967,0.0829176216799245,0.0428070648510179,0.440260663955134
56975,0.261426452743697,0.160105163812862,0.909625393458235
56980,0.23122556289605,0.137184845624916,0.999721785799817
56983,0.0574356208709721,0.0296615882432251,-0.106736928911775
56990,0.0575704462720777,0.0297290009437778,0.0137362836345008
57016,0.235674801132533,0.138330861534313,0.973606367628119
57017,0.229742483483888,0.134286099501146,0.977430768164298
57021,0.288526358365916,0.169745179991911,0.358625386635873
57022,0.0573007954698665,0.0297290009437778,0.359357251915086
57035,0.221248483214238,0.131117702575165,1
57037,0.24915734124309,0.150330322232709,-0.068181851984831
57042,0.0765808278279628,0.0397734933261427,0.856207574097566
57055,0.271808008628826,0.163273560738843,-0.049349528651529
57062,0.327760550087636,0.21524875286504,0.355118106205001
57066,0.315626263988135,0.201226911150061,0.926844076768429
57071,0.271538357826615,0.160981528920049,-0.0281781643476903
57073,0.0833220978832412,0.0435486045570985,0.80774430068659
57077,0.0564918430632331,0.0293245247404611,0.363669946970729
57081,0.273291088040987,0.164284751247135,-0.01599809498431
57097,0.0598624780908723,0.0314143184575975,0.348453349470348
57098,0.351220169880005,0.235068086827558,0.349206503086198
57099,0.0597276526897667,0.0313469057570446,0.332837192150713
57111,0.338951058379399,0.208844546312525,-0.0864605339801986
57139,0.338816232978293,0.209586086018606,-0.264026662800893
57149,0.338276931373871,0.208911959013078,0.999373670505939
57150,0.337872455170554,0.20870972091142,0.984998356874152
57152,0.388836456788459,0.254550357287313,0.306710682947984
57157,0.0570311446676554,0.0297290009437778,1
57158,0.0570311446676554,0.0297290009437778,0.348770980671195
57162,0.0570311446676554,0.0297290009437778,0.846796188706264
57179,0.0575704462720777,0.0299986517459889,0.99540808988859
57199,0.0566266684643387,0.0295267628421194,0.995380056573442
57204,0.0469192395847378,0.0250775246056357,1
57209,0.0573007954698665,0.0298638263448834,0.986310172733446
57212,0.44721585546717,0.366927329108804,0.231001376086481
57216,0.0752325738169071,0.0392341917217204,-0.098825451248893
57221,0.446272077659431,0.406498584333288,0.982470269258033
57223,0.456383982742349,0.414116219495753,0.923341037656855
57226,0.0558177160577053,0.0291222866388028,-0.149515593015598
57253,0.0520426048267494,0.0272347310233247,1
57273,0.431845759741135,0.291964406094108,0.956421490975845
57276,0.38667925037077,0.261426452743697,0.999650484447569
57280,0.404206552514494,0.270594580018876,-0.359670367047798
57282,0.432519886746663,0.292571120399083,-0.0916891228524269
57283,0.0353242550896589,0.0198193339625186,-0.0939923406582433
57298,0.224349467439666,0.132398543885668,1
57301,0.223810165835243,0.132533369286774,-0.311715280966222
57313,0.498853984090603,0.437373601186464,-0.137355425826043
57314,0.0334366994741809,0.018740730753674,-0.140038305180048
57330,0.0707833355804234,0.0424025886477012,0.902946985541088
57333,0.0349197788863422,0.0196170958608601,0.163422418742819
57338,0.466630713226372,0.408453552649319,0.933408851894166
57347,0.421194553053795,0.322097883241203,0.999701961126176
57364,0.200350546042874,0.120129432385061,0.995151636293169
57366,0.185519751921262,0.114197114736416,0.637765526393836
57371,0.512336524201159,0.494404745854119,-0.546266874404169
57375,0.472293380072806,0.360860186059054,0.90304911294803
57377,0.199137117432924,0.119657543481192,-0.168911278149454
57387,0.474450586490495,0.346433868140758,-0.423486177815702
57392,0.460428744775516,0.349804503168397,0.806848058964196
57395,0.478090872320345,0.345557503033572,0.733779857895115
57396,0.343535122016988,0.223675340434138,-0.542645802506094
57403,0.255359309693946,0.146959687205069,-0.197835060926458
57404,0.327760550087636,0.209046784414184,0.995558321081568
57405,0.326951597681003,0.208911959013078,-0.266110740969181
57411,0.439395982203047,0.334838883645679,-0.373379876702263
57413,0.32978293110422,0.221652959417554,-0.246803251987036
57419,0.219091276796548,0.130578400970743,-0.218504088337967
57423,0.277201024673048,0.160981528920049,-0.318541914926053
57426,0.475124713496023,0.471079951462856,-0.656220865273043
57438,0.0407172711338816,0.025616826210058,1
57440,0.431036807334502,0.337265740865579,0.742326235953696
57448,0.0372118107051368,0.021841714979102,-0.0342864594179632
57460,0.316435216394769,0.187879196440609,-0.296165489539908
57463,0.442092490225158,0.324861803963867,-0.657674848184572
57475,0.439530807604153,0.329243629499798,0.906186781074415
57480,0.400701092085749,0.248752865039773,0.99165776806829
57488,0.114871241741944,0.0626938115140893,-0.207174803660507
57490,0.482135634353512,0.463799379803155,0.617307810594451
57491,0.398409060266954,0.257583928812188,0.999264402940427
57498,0.0373466361062424,0.0217743022785493,-0.111217150273422
57527,0.231630039099366,0.133611972495618,-0.133216079188041
57531,0.121882162599434,0.0664689227450451,-0.0440765171262967
57549,0.138465686935419,0.0820412565727383,-0.260280623539766
57558,0.41283537818525,0.270055278414453,0.995513147259618
57559,0.412430901981933,0.269718214911689,0.751691982543414
57582,0.104085209653499,0.0563570176621275,-0.0591490049648362
57601,0.148442766617231,0.0848725899959553,-0.218387620195631
57603,0.473506808682756,0.376702170688958,-0.645050200749034
57604,0.516111635432115,0.415127410004045,-0.268955131515714
57627,0.284886072536066,0.17143049750573,0.504863613786869
57633,0.108129971686666,0.0573007954698666,0.836394608366536
57635,0.102602130241337,0.0581771605770527,-0.0599001075669316
57641,0.495752999865175,0.466023998921397,-0.267092871970971
57643,0.471349602265067,0.442092490225158,0.927283053903486
57644,0.487258999595524,0.407577187542133,-0.764052139765223
57655,0.495752999865175,0.43582310907375,0.16456410541461
57658,0.150734798436025,0.0869623837130915,1
57669,0.0618848591074558,0.0321558581636781,-0.066470359098475
57674,0.0605366050964002,0.0317513819603613,-0.0418398342138282
57682,0.375219091276797,0.257044627207766,0.821911665645404
57687,0.424969664284751,0.31670486719698,0.736327829028136
57702,0.250505595254146,0.152622354051503,0.998231576738238
57709,0.0624241607118781,0.0328299851692059,-0.0363899137790157
57711,0.0862882567075637,0.0454361601725766,-0.212202431031342
57713,0.494404745854119,0.377308884993933,0.997133028810298
57717,0.523122556289605,0.44964271268707,-0.190917127606008
57720,0.388701631387353,0.303424565188081,0.816432714797988
57722,0.085883780504247,0.045908049076446,-0.126939304939252
57742,0.111230955912094,0.0623567480113253,-0.0534719537496378
57743,0.0897937171363085,0.0485371443980046,-0.14662040914809
57750,0.0920857489551031,0.0495483349062964,-0.0414607014541037
57751,0.0389645409195092,0.0209653498719159,0.39375456536439
57760,0.474720237292706,0.371241741944182,-0.419293944010389
57777,0.09370365376837,0.0503572873129298,0.997240698718885
57782,0.09370365376837,0.0502224619118242,0.998611436134861
57790,0.365916138600512,0.247809087232035,0.996811313276794
57802,0.278144802480787,0.166441957664824,-0.304091168149605
57806,0.410138870163139,0.273425913442092,-0.465664861386338
57820,0.38088175812323,0.283335580423352,1
57822,0.357691789133073,0.257853579614399,0.936486041597958
57828,0.354860455709856,0.227720102467305,-0.329756047787693
57829,0.371848456249157,0.25158419846299,-0.152167520403724
57830,0.160577052716732,0.0867601456114332,0.999137692699581
57836,0.469327221248483,0.370972091141971,-0.459698499339517
57863,0.150465147633814,0.0826479708777134,-0.0972865583697429
57867,0.437103950384252,0.354455979506539,0.458971675508674
57874,0.474855062693812,0.364298233787245,0.981243397589359
57878,0.108804098692194,0.059660239989214,-0.11065511011874
57886,0.245921531616557,0.143993528380747,-0.0857024233863122
57887,0.109882701901038,0.0600647161925306,1
57895,0.367399218012674,0.24140488067952,-0.231244672996973
57902,0.36780369421599,0.224753943642982,0.994263069846182
57908,0.176216799244978,0.102265066738573,-0.122704560799641
57925,0.449238236483754,0.36173655116624,-0.258278595084182
57942,0.483214237562357,0.378994202507753,0.4178871781078
57943,0.246326007819873,0.141903734663611,-0.241380629565573
57945,0.494539571255224,0.465686935418633,0.348121676415935
57959,0.207361466900364,0.11743292436295,-0.0214694346874674
57964,0.0784683834434407,0.0422003505460429,-0.0469052702949797
57967,0.205069435081569,0.116152083052447,0.570760186145588
57968,0.401240393690171,0.289874612376972,-0.200141220322463
57976,0.478090872320345,0.373736011864635,0.394056563607196
57987,0.151004449238236,0.0850748280976136,-0.092198139061401
57989,0.470270999056222,0.428070648510179,0.0132356553755919
57995,0.147094512606175,0.0862208440070109,-0.270495316574567
58005,0.19563165700418,0.111028717810435,-0.112029741297154
58011,0.195766482405285,0.110287178104355,0.735782922120601
58018,0.143319401375219,0.0809626533638937,-0.164458261755922
58035,0.155049211271404,0.0870972091141972,0.994257644180242
58038,0.151678576243764,0.0886477012269111,0.631801882424755
58044,0.237697182149117,0.135432115410543,0.998542319127063
58048,0.415801537009573,0.304031279493057,0.810548885255792
58055,0.468787919644061,0.386477012269111,0.712225461326136
58057,0.393555345827154,0.261628690845355,0.297549279059421
58061,0.480517729540245,0.393150869623837,0.510152281943345
58063,0.245382230012134,0.137926385330996,0.539611307659429
58066,0.244168801402184,0.15471214776864,-0.180618922579308
58069,0.0601321288930835,0.0326277470675476,-0.0501178510061579
58072,0.479978427935823,0.402858298503438,0.999860284317552
58077,0.390724012403937,0.262774706754753,0.99001267677993
58081,0.155049211271404,0.0904678441418363,0.488279726484114
58085,0.123634892813806,0.0730079546986653,-0.231049885378724
58086,0.480113253336929,0.444721585546717,0.994447758041661
58087,0.482000808952407,0.447418093568828,0.996419913627056
58090,0.343939598220305,0.233854658217608,1
58092,0.500337063502764,0.474248348388836,-0.323235143873821
58101,0.186059053525684,0.108534447889982,-0.278402522278085
58103,0.251853849265202,0.155858163678037,0.866900986912153
58116,0.491843063233113,0.463125252797627,-0.164671762103117
58134,0.179722259673723,0.107118781178374,-0.0762322879924621
58135,0.0647161925306728,0.0345153026830255,1
58145,0.496561952271808,0.499865174598894,-0.999330558435741
58150,0.0724012403936902,0.0397060806255899,-0.0934321158763133
58161,0.211001752730214,0.125859511932048,0.995006894167056
58175,0.206822165295942,0.122691115006067,-0.0887689611906169
58182,0.242820547391128,0.143926115680194,-0.341994635987665
58186,0.244977753808818,0.150397734933261,0.972978668045442
58188,0.241741944182284,0.143791290279089,-0.374467395091095
58191,0.265740865579075,0.16779021167588,-0.1763132859076
58195,0.470810300660644,0.436429823378725,0.609045426442604
58201,0.426452743696912,0.311109613051099,0.999843555727977
58205,0.361197249561817,0.245988944317109,-0.445961323336367
58209,0.266145341782392,0.168262100579749,-0.351880274477756
58222,0.276392072266415,0.174868545233922,0.604789637114329
58223,0.444654172846164,0.373196710260213,0.434424711265124
58230,0.225293245247405,0.13947687744371,0.995523383849691
58235,0.466495887825266,0.390724012403937,0.932282421170465
58237,0.466226237023055,0.390858837805042,-0.481671737681237
58244,0.207900768504786,0.119994606983956,0.996867982362797
58247,0.21235000674127,0.125859511932048,-0.332562989961024
58248,0.483753539166779,0.492652015639746,-0.329864148576814
58261,0.404206552514494,0.294863152217878,-0.195017979968924
58268,0.252932452474046,0.149116893622758,-0.431363231088995
58269,0.469462046649589,0.493595793447485,0.268740877834828
58281,0.473237157880545,0.400161790481327,-0.807436838889453
58300,0.413779155992989,0.294930564918431,0.727454771230817
58309,0.475124713496023,0.437238775785358,0.548434596746063
58320,0.501146015909397,0.469124983146825,-0.351516335857423
58327,0.49831468248618,0.46851826884185,-0.578184286349439
58334,0.305784009707429,0.194148577592018,0.628085729757951
58337,0.212754482944587,0.127544829445868,-0.0159793108587139
58339,0.360118646352973,0.217945260887151,-0.271181829167106
58340,0.332074962923015,0.209990562221923,-0.272059690317452
58348,0.508156936766887,0.475326951597681,0.999724513301881
58349,0.508156936766887,0.475326951597681,0.469072192528651
58353,0.160307401914521,0.0913442092490225,0.999607549749716
58357,0.197114736416341,0.106107590670082,-0.0883309415867536
58361,0.147633814210597,0.0785357961439935,-0.0870790634402582
58364,0.309424295537279,0.184238910610759,0.614435583877082
58375,0.0675475259538897,0.0351220169880005,-0.127525071346689
58377,0.309828771740596,0.187137656734529,0.613350618583843
58382,0.282459215316166,0.174127005527841,0.990809874321573
58386,0.147498988809492,0.0784683834434408,-0.0835872290865488
58394,0.147768639611703,0.0784683834434408,-0.056341343576699
58404,0.435755696373197,0.30241337467979,0.453733261789102
58412,0.436025347175408,0.304031279493057,0.998194289162523
58419,0.198328165026291,0.107523257381691,-0.103708702553796
58420,0.143723877578536,0.0779290818390185,0.448972810188913
58422,0.321288930834569,0.198530403127949,0.997865155465619
58430,0.511797222596737,0.479708777133612,0.19635581572892
58431,0.0536605096400162,0.0273695564244304,-0.0691329480809599
58432,0.199541593636241,0.108264797087771,0.572305078554081
58437,0.143858702979641,0.0781313199406768,-0.0883997695652765
58439,0.188351085344479,0.101321288930835,0.998849983028994
58441,0.510718619387893,0.48038290413914,0.301154261056534
58444,0.173385465821761,0.0935688283672644,-0.102508154789389
58447,0.172711338816233,0.093366590265606,0.480747999213597
58448,0.430901981933396,0.301334771470945,-0.306240217471988
58456,0.143049750573008,0.078400970742888,1
58463,0.182958069300256,0.0986247809087232,0.998828870352234
58477,0.0546042874477552,0.028111096130511,-0.187198964894583
58481,0.227315626263988,0.124578670621545,0.95681470462298
58482,0.232573816907105,0.128690845355265,-0.0837252195101991
58485,0.054334636645544,0.0278414453282998,1
58489,0.054334636645544,0.0277066199271943,0.998749433744203
58490,0.0541998112444385,0.027774032627747,-0.0197015653629144
58491,0.143723877578536,0.0788728596467575,-0.0210552108366347
58494,0.053390858837805,0.0272347310233247,0.9923890371518
58500,0.143049750573008,0.0793447485506269,0.999548259180755
58520,0.231495213698261,0.127072940541998,-0.0771319375516874
58523,0.141701496561952,0.0792099231495214,-0.112667995755985
58529,0.22300121342861,0.122151813401645,0.999672632908694
58534,0.221113657813132,0.123365242011595,0.971030874034401
58546,0.0714574625859512,0.0370769853040313,0.984799228856651
58557,0.265336389375758,0.14938654442497,-0.386764384755115
58561,0.159363624106782,0.0879061615208305,-0.0306299332199696
58562,0.073075367399218,0.0382904139139814,0.0300458222202594
58567,0.0622893353107725,0.0322232708642308,-0.0248735436554583
58568,0.158419846299043,0.0872994472158555,-0.182407996491179
58572,0.25374140488068,0.145881083996225,0.433251914470998
58573,0.0613455575030336,0.0317513819603613,0.329677516556581
58580,0.158554671700148,0.0873668599164082,0.565625737441606
58583,0.360118646352973,0.234933261426453,0.986097815048701
58591,0.27167318322772,0.171969799110152,-0.141177363626895
58593,0.158959147903465,0.0875690980180666,0.997483164461656
58598,0.158419846299043,0.0841984629904274,0.436061400666917
58601,0.158419846299043,0.0872994472158555,0.980506865273128
58606,0.159093973304571,0.0846703518942968,0.998659632820288
58618,0.443305918835109,0.31427800997708,0.470595557482005
58630,0.0626938115140893,0.0325603343669948,0.43814128346651
58638,0.158824322502359,0.0876365107186194,0.666187335410784
58648,0.159498449507887,0.0885128758258056,-0.119759789364417
58656,0.507347984360254,0.431508696238371,0.399093444949275
58661,0.493730618848591,0.482944586760146,-0.576435464966221
58669,0.155049211271404,0.0861534313064581,-0.236978429111077
58673,0.152217877848187,0.0920183362545504,-0.0544739608964375
58683,0.363893757583929,0.227922340568963,-0.179002460043835
58693,0.422677632465957,0.331737899420251,0.759237563711579
58703,0.157341243090198,0.0844681137926385,-0.085600284694802
58704,0.304975057300795,0.182688418498045,-0.362104872364758
58711,0.30484023189969,0.181003100984225,-0.399632221030214
58713,0.158689497101254,0.0877039234191722,-0.289575080764267
58719,0.346905757044627,0.245449642712687,0.97764190112806
58732,0.166239719563166,0.0914790346501281,-0.247833807321685
58739,0.174059592827289,0.0956586220844007,0.956245432368344
58747,0.483214237562357,0.448024807873803,-0.236681626214918
58748,0.132263718484563,0.0740865579075097,-0.150630398460166
58751,0.496292301469597,0.486517459889443,-0.566047337841966
58764,0.46272077659431,0.340568963192665,0.996439195903221
58787,0.490629634623163,0.415599298907914,-0.773169349208243
58788,0.497236079277336,0.461911824187677,0.510975000321278
58793,0.161655655925576,0.0895914790346501,0.950586495340015
58796,0.304300930295268,0.182351354995281,-0.161835531074338
58798,0.491977888634219,0.454698665228529,0.975527723975369
58817,0.385600647161925,0.278818929486315,-0.198532438474611
58821,0.163812862343265,0.0913442092490225,-0.272798942532633
58828,0.318457597411352,0.204934609680464,0.522831290455672
58833,0.298638263448834,0.179250370769853,-0.164199313206283
58839,0.191856545773224,0.111433194013752,-0.206841953506582
58847,0.30605366050964,0.186463529729001,-0.437923177318561
58851,0.203856006471619,0.117702575165161,0.997450052586134
58858,0.299582041256573,0.180126735877039,-0.163885009048877
58863,0.517325064042066,0.479641364433059,-0.58136423098061
58870,0.500876365107186,0.396723742753135,0.994243056920734
58885,0.103815558851288,0.0560873668599164,1
58893,0.318457597411352,0.191856545773224,0.536732810243786
58905,0.302008898476473,0.181609815289201,-0.149971674184366
58906,0.136038829715518,0.0779964945395712,-0.103346948723092
58908,0.304031279493056,0.182621005797492,0.999539925154873
58923,0.221248483214238,0.122219226102198,-0.198220642439544
58929,0.238775785357961,0.131657004179587,-0.132467838186304
58933,0.134555750303357,0.0772549548334907,0.999107425489337
58946,0.20169880005393,0.116354321154105,-0.328933930603831
58970,0.511797222596737,0.468113792638533,-0.242673396785451
58983,0.198193339625185,0.113657813131994,0.39605712839835
58988,0.0984225428070648,0.0589187002831334,1
58994,0.202642577861669,0.116017257651342,-0.0845066290561784
58997,0.349332614264527,0.221450721315896,1
58999,0.348928138061211,0.221383308615343,0.998218967252686
59002,0.105298638263449,0.0570985573682081,-0.0868076812918205
59014,0.187002831333423,0.106175003370635,0.562715082431331
59017,0.111096130510988,0.0590535256842389,0.871190075903347
59019,0.111365781313199,0.0591883510853445,0.0515030486933733
59020,0.234191721720372,0.143656464877983,0.84446207331565
59024,0.110961305109883,0.0589861129836862,0.868561201714055
59027,0.110556828906566,0.0587838748820277,0.999391250139841
59049,0.413644330591883,0.298907914251045,0.395429236355342
59061,0.207900768504786,0.120399083187272,-0.0516642418546597
59068,0.207765943103681,0.119522718080086,-0.0863514364958882
59070,0.111230955912094,0.0592557637858973,-0.00973709946780276
59072,0.207765943103681,0.119657543481192,0.99968439056576
59077,0.108669273291088,0.0582445732776055,1
59084,0.201429149251719,0.115410543346366,0.785126970761203
59088,0.108399622488877,0.0579749224753944,0.983569536730214
59104,0.220844007010921,0.128488607253607,-0.0771864271112775
59118,0.21356343535122,0.126331400835918,0.999704760856826
59122,0.221518134016449,0.129364972360793,0.995582895818532
59128,0.120938384791695,0.0641094782256977,0.516535375021583
59146,0.219900229203182,0.128960496157476,0.990734836302474
59147,0.22178778481866,0.130848051772954,0.99479247376271
59158,0.223540515033032,0.132263718484563,0.986641048053865
59168,0.223540515033032,0.129702035863557,0.991117151554405
59171,0.231360388297155,0.13630848051773,0.968962508292923
59180,0.227450451665094,0.132600781987326,0.991589742781606
59182,0.497775380881758,0.445463125252798,-0.354764353183383
59185,0.495078872859647,0.44964271268707,0.903103182706138
59188,0.489955507617635,0.435755696373197,-0.375878894538482
59193,0.488202777403263,0.436766886881488,0.961149115145743
59194,0.496831603074019,0.455507617635162,0.996737431529811
59198,0.463529729000944,0.352433598489955,-0.329028432962117
59211,0.499258460293919,0.472091141971147,0.527189994358326
59213,0.506808682755831,0.474383173789942,0.997250920380064
59224,0.227989753269516,0.13340973439396,0.995971372165803
59228,0.500741539706081,0.478225697721451,-0.231245284752356
59236,0.513010651206687,0.464136443305919,-0.228024791976869
59239,0.156532290683565,0.0839288121882162,-0.24722576683512
59244,0.248213563435351,0.147566401510045,-0.138739905737775
59252,0.508426587569098,0.463057840097074,-0.370216253389391
59259,0.249292166644196,0.153633544559795,0.433818900275372
59266,0.247269785627612,0.147094512606175,-0.394502742042842
59275,0.293514898206822,0.18329513280302,-0.459552877286266
59286,0.49467439665633,0.470068760954564,0.952695968744136
59296,0.431441283537819,0.305379533504112,0.331965282934088
59303,0.191721720372118,0.109747876499933,-0.172909553946864
59312,0.153161655655926,0.0819738438721855,-0.137795978475736
59319,0.250910071457463,0.149184306323311,0.997377272647045
59327,0.277335850074154,0.159700687609546,0.467997710160722
59332,0.464203856006472,0.35883780504247,-0.713840071769631
59335,0.0505595254145881,0.0268976675205609,-0.171539243193278
59352,0.251179722259674,0.149319131724417,0.997900363503981
59361,0.498179857085075,0.476944856410948,-0.378429621152592
59371,0.288661183767022,0.181003100984225,0.310145551490341
59387,0.382095186733181,0.246191182418768,-0.23998205655806
59388,0.236483753539167,0.140083591748685,0.996976990695244
59391,0.49467439665633,0.488944317109343,0.997598569485101
59394,0.235944451934745,0.139679115545369,0.720805697846874
59396,0.380746932722125,0.244708103006606,1
59406,0.188351085344479,0.107927733585007,0.977182431845626
59409,0.180666037481462,0.101388701631387,1
59410,0.180666037481462,0.101388701631387,0.983723909419372
59432,0.49831468248618,0.468922745045167,0.589378491186264
59444,0.488472428205474,0.464945395712552,0.797240713673106
59451,0.480248078738034,0.439261156801941,0.620487184704081
59473,0.353242550896589,0.226911150060671,0.999613187185823
59476,0.444384522043953,0.324524740461103,0.76032300623171
59482,0.0883106377241472,0.0480652554941351,-0.184771510913374
59492,0.177699878657139,0.0992314952136982,-0.283953848515379
59513,0.177565053256033,0.0988944317109344,-0.261827475638568
59520,0.500876365107186,0.442968855332345,-0.267888798584651
59558,0.179048132668195,0.099635971417015,-0.180015092487766
59566,0.162060132128893,0.0883106377241473,-0.0652066400729041
59569,0.445058649049481,0.324322502359444,-0.299427941879818
59574,0.445193474450586,0.325738169071053,-0.607921986096348
59589,0.302278549278684,0.18498045031684,0.985283817893389
59606,0.140892544155319,0.0750303357152488,0.594745688264146
59611,0.16125117972226,0.0858837805042471,0.59508023652271
59612,0.305379533504112,0.188283672643926,0.683581707049872
59622,0.190508291762168,0.105905352568424,0.997493472348033
59623,0.191182418767696,0.106107590670082,-0.231411321428043
59626,0.441283537818525,0.317581232304166,-0.659553064578504
59628,0.432250235944452,0.308210866927329,-0.400402977412555
59635,0.193339625185385,0.108264797087771,0.99199811618569
59642,0.0982877174059593,0.0515707159228799,0.997921818048886
59648,0.289470136173655,0.173587703923419,-0.16939499497028
59653,0.194553053795335,0.108871511392746,-0.202780074914067
59659,0.489011729809896,0.441350950519078,0.387852497940331
59663,0.427666172306863,0.320614803829041,-0.282466747473558
59665,0.417958743427262,0.308345692328435,1
59675,0.194822704597546,0.109006336793852,1
59677,0.202238101658352,0.112983686126466,0.444083913058534
59679,0.499258460293919,0.432317648645005,-0.762618167581722
59683,0.491438587029796,0.442699204530133,-0.311574370832449
59686,0.48523661857894,0.391195901307806,0.445301776696577
59698,0.285020897937171,0.16853175138196,-0.3728165498315
59700,0.460563570176621,0.337063502763921,0.128847576459335
59702,0.488337602804368,0.405959282728866,0.999716924495515
59733,0.48159633274909,0.456249157341243,0.996842579454823
59737,0.485641094782257,0.468922745045167,0.34321684991951
59752,0.41984629904274,0.286638802750438,-0.234598752862919
59756,0.177025751651611,0.100377511123096,-0.128221119304731
59776,0.309559120938385,0.179991910475934,-0.136186013932577
59796,0.116219495753,0.0620196845085614,-0.0606789575123095
59818,0.400566266684643,0.285492786841041,-0.302328594524232
59823,0.391667790211676,0.258932182823244,-0.227152987804262
59825,0.113657813131994,0.0606040177969529,-0.149032821146601
59830,0.433598489955508,0.316165565592558,-0.464692363038289
59839,0.0338411756774976,0.0182688418498045,1
59842,0.492652015639747,0.479304300930295,0.115755052639178
59884,0.358500741539706,0.235202912228664,-0.138917867029892
59885,0.116219495753,0.062154509909667,0.979709247122267
59888,0.404880679520022,0.281987326412296,0.998336985887189
59894,0.401375219091277,0.300323580962653,-0.322653030055045
59906,0.190508291762168,0.109410812997169,0.987777888957574
59907,0.189160037751112,0.107658082782796,-0.243365247382436
59933,0.129027908858029,0.0689631926654982,-0.0909136638213872
59937,0.212889308345692,0.125589861129837,-0.32514107225059
59938,0.465417284616422,0.381555885128758,-0.282713636307703
59943,0.380207631117703,0.258325468518269,0.959249885052524
59946,0.187137656734529,0.105837939867871,-0.171572191034733
59948,0.39975731427801,0.286301739247674,-0.534434735298343
59952,0.412700552784145,0.302211136578131,0.959722535976851
59966,0.187542132937845,0.108197384387219,-0.209572989062077
59970,0.395982203047054,0.288458945665363,-0.214925545401327
59977,0.18740730753674,0.108399622488877,0.997628526020625
59981,0.187272482135634,0.107927733585007,0.470858526764287
59999,0.18862073614669,0.108871511392746,0.993914235120376
60009,0.0906026695429419,0.0473237157880545,-0.18051112656552
60026,0.187137656734529,0.107860320884455,0.350195307725465
60027,0.490359983820952,0.490831872724821,0.477425443351201
60032,0.410273695564244,0.289267898071997,0.624585335604592
60033,0.243899150599973,0.140959956855872,-0.151086749689261
60040,0.15666711608467,0.0831872724821356,-0.175981211741807
60044,0.156127814480248,0.0825131454766078,-0.121053710228944
60059,0.469327221248483,0.364230821086693,0.997934405472302
60072,0.296076580827828,0.17554267223945,-0.380353087131307
60079,0.155184036672509,0.0825805581771606,-0.108421519459437
60083,0.47916947552919,0.431306458136713,0.705611823089442
60084,0.435081569367669,0.310570311446677,-0.272768489576984
60089,0.460833220978832,0.397195631657004,-0.262470897454362
60103,0.507482809761359,0.407172711338816,0.726907614000507
60105,0.420924902251584,0.282054739112849,0.998961056107707
60117,0.505460428744775,0.402790885802885,-0.157927726713249
60131,0.208170419306997,0.116354321154105,0.993027798043617
60145,0.348523661857894,0.241135229877309,0.984141796356359
60161,0.460428744775516,0.340906026695429,-0.289533059574125
60164,0.357556963731967,0.226237023055144,0.762303877300289
60169,0.45908049076446,0.340501550492113,-0.279871051733009
60172,0.0431441283537819,0.0231899689901578,-0.040122631033002
60175,0.301334771470945,0.179924497775381,0.997902475196958
60177,0.30119994606984,0.179991910475934,0.998603049548055
60180,0.122691115006067,0.0682216529594175,0.591022364025828
60183,0.30241337467979,0.180463799379803,0.999067805125983
60188,0.30241337467979,0.180598624780909,-0.171102325981216
60193,0.503572873129298,0.439193744101389,0.999440137470896
60202,0.217068895779965,0.127949305649184,0.981685116896448
60203,0.222461911824188,0.131994067682351,-0.307650600694682
60207,0.472023729270595,0.391330726708912,0.99649767387979
60219,0.302008898476473,0.186328704327895,0.988161647049411
60225,0.4697316974518,0.34164756640151,-0.262249976826868
60229,0.47916947552919,0.443305918835109,-0.48200520508998
60246,0.128623432654712,0.0718619387892679,-0.251227274395177
60249,0.128623432654712,0.0718619387892679,-0.0401856657675045
60250,0.114601590939733,0.0625589861129837,0.658605889226031
60260,0.52204395308076,0.489416206013213,0.81246908951093
60276,0.447620331670487,0.33342321693407,-0.534381525216621
60287,0.456114331940138,0.33510853444789,-0.199782364277298
60300,0.13172441688014,0.0730079546986653,-0.188554145176907
60305,0.44964271268707,0.316637454496427,-0.443320122130597
60311,0.449912363489281,0.318390184710799,-0.465666383153141
60324,0.369421599029257,0.247809087232035,0.956925067575269
60340,0.112848860725361,0.0637050020223811,-0.172032397712493
60341,0.437373601186464,0.303087501685318,0.99966920002488
60349,0.389780234596198,0.259336659026561,0.761448757981203
60353,0.189025212350007,0.103815558851288,-0.120913297004375
60389,0.239989213967912,0.14237562356748,0.832373449554371
60391,0.299177565053256,0.192328434677093,0.83748982534185
60399,0.510044492382365,0.497168666576783,0.57859410180114
60410,0.187137656734529,0.105028987461238,-0.119179071805488
60420,0.507887285964676,0.494337333153566,-0.455843215637452
60429,0.375758392881219,0.254752595388971,0.305034910771882
60448,0.03559390589187,0.0195496831603074,-0.0742213125877322
60451,0.385600647161925,0.263314008359175,1
60457,0.507213158959148,0.494539571255225,0.997267862063679
60460,0.0802211136578131,0.0441553188620736,-0.0823203015391315
60465,0.115545368747472,0.0654577322367534,-0.0708840343077909
60475,0.115680194148578,0.0651206687339895,0.529810842590871
60481,0.502763920722664,0.434070378859377,0.253378271921596
60485,0.496157476068491,0.455575030335715,0.297790798412578
60493,0.0791425104489686,0.0434811918565458,0.998457386676576
60496,0.478630173924767,0.431845759741135,0.880515132147062
60502,0.0438182553593097,0.0237966832951328,-0.0235361675431842
60504,0.0439530807604153,0.02372927059458,-0.146243855170319
60506,0.487663475798841,0.376904408790616,0.87514299686762
60525,0.115815019549683,0.0651880814345422,-0.110717384723089
60527,0.492652015639747,0.445328299851692,0.52200085966141
60529,0.324255089658892,0.201901038155588,1
60534,0.19927194283403,0.11500606714305,0.999027213874407
60538,0.201429149251719,0.11743292436295,0.999367434393386
60539,0.201429149251719,0.11743292436295,0.992176546480609
60548,0.201968450856141,0.118376702170689,0.41816317883657
60550,0.498719158689497,0.406970473237158,0.999133635704027
60557,0.0845355264931913,0.0463125252797627,-0.0936259904011123
60559,0.0831872724821356,0.0455035728731293,-0.0901825452867591
60562,0.488472428205474,0.42638533099636,0.99986239114523
60576,0.13172441688014,0.0769178913307267,0.98365113363861
60584,0.337467978967237,0.221990022920318,-0.15959604280575
60588,0.0798166374544964,0.0461102871781044,-0.0756255503551728
60593,0.380477281919914,0.244168801402184,0.230543639358015
60597,0.225293245247405,0.124646083322098,0.355406762104883
60602,0.469866522852905,0.406026695429419,0.860124237389998
60612,0.494944047458541,0.392678980719968,0.882089033788063
60616,0.158824322502359,0.0938384791694755,-0.0411886090835127
60620,0.342052042604827,0.224282054739113,0.0457545322578016
60622,0.434677093164352,0.304166104894162,0.999673138898273
60625,0.0833220978832412,0.0461102871781044,1
60626,0.0833220978832412,0.0461102871781044,0.422471691528621
60627,0.350950519077794,0.228461642173385,0.688040819894956
60629,0.170554132398544,0.0936362410678172,-0.117646819021412
60647,0.50775246056357,0.472967507078334,0.227988452906213
60648,0.0833220978832412,0.0461102871781044,-0.139918335429873
60658,0.51017931778347,0.44020493460968,0.249731907549991
60667,0.355669408116489,0.229472832681677,-0.332209213840159
60675,0.507887285964676,0.46319266549818,0.999722976832616
60676,0.507887285964676,0.46319266549818,0.999584539959688
60680,0.510044492382365,0.461439935283807,-0.804718074263544
60691,0.480517729540245,0.459215316165566,0.999737177732516
60700,0.50168531751382,0.46197923688823,-0.808058964415773
60702,0.501550492112714,0.461911824187677,0.989694601996411
60726,0.466765538627477,0.392072266414993,0.994753481037681
60736,0.483483888364568,0.430767156532291,-0.557420335216877
60740,0.471619253067278,0.407712012943239,0.750688702575312
60759,0.165565592557638,0.0930295267628422,0.999607903108077
60761,0.333962518538493,0.214979102062829,0.585581195374853
60762,0.159902925711204,0.0920857489551031,1
60763,0.159902925711204,0.0920857489551031,0.998454709141534
60770,0.161116354321154,0.0925576378589726,0.994636310320486
60771,0.163003909936632,0.0935014156667117,0.976916585844858
60797,0.208170419306997,0.121208035593906,0.706951905641354
60809,0.305379533504112,0.187339894836187,0.999777971073095
60821,0.293245247404611,0.179250370769853,0.998858274410238
60822,0.293110422003505,0.1791829580693,0.650032786076375
60830,0.458271538357827,0.372994472158555,0.407702960939778
60832,0.459619792368882,0.373533773762977,0.409080590859255
60854,0.382230012134286,0.257449103411083,-0.186401567888767
60862,0.429284077120129,0.316030740191452,0.966816853156943
60868,0.442496966428475,0.414857759201834,-0.422017843966659
60869,0.308750168531751,0.202507752460564,-0.319120009304908
60870,0.440070109208575,0.322906835647836,0.999069417529292
60874,0.211541054334637,0.123837130915464,0.523329850930551
60880,0.214642038560065,0.127140353242551,0.991377592717576
60883,0.214911689362276,0.128353781852501,1
60895,0.316030740191452,0.220709181609815,-0.24544128403073
60905,0.239584737764595,0.140420655251449,-0.238431758118036
60909,0.479573951732506,0.397397869758663,0.827460294265355
60911,0.360927598759606,0.24019145206957,-0.253848607674262
60912,0.24187676958339,0.14116219495753,-0.251974508965485
60916,0.339625185384927,0.218214911689362,0.990765123321826
60920,0.376567345287852,0.2602804368343,0.999828737086888
60921,0.376702170688958,0.260347849534852,0.982998238035552
60922,0.383982742348658,0.264797087771336,0.999658616151978
60937,0.303087501685318,0.188485910745585,0.611473439058595
60944,0.501146015909397,0.470068760954564,0.999863896320984
60946,0.221518134016449,0.128690845355265,-0.175448160027202
60951,0.272077659431037,0.17311581501955,0.975936851225554
60966,0.496831603074019,0.483416475664015,0.760922650238675
60969,0.298773088849939,0.191721720372118,1
60972,0.4721585546717,0.393824996629365,-0.391605840654084
60977,0.47337198328165,0.38836456788459,0.998729380202542
60983,0.471484427666172,0.388499393285695,-0.663167198165863
60984,0.493326142645274,0.417352029122287,0.993681549459551
60990,0.336659026560604,0.235472563030875,0.996488071389588
60993,0.250640420655251,0.154846973169745,0.495363005628805
60996,0.252527976270729,0.154307671565323,0.492990785645045
61011,0.337198328165026,0.219832816502629,0.998456648038129
61027,0.366994741809357,0.237832007550222,0.795063219512183
61029,0.274504516650937,0.165970068760955,0.753662606602435
61044,0.261426452743697,0.156060401779695,-0.341985686082998
61055,0.51017931778347,0.450721315895915,-0.349669276854363
61058,0.266145341782392,0.160711878117837,0.998772114596127
61059,0.266010516381286,0.161048941620601,-0.224995529274252
61063,0.469327221248483,0.393892409329918,0.622179609174411
61068,0.492517190238641,0.40144263179183,-0.421222118202191
61071,0.356613185924228,0.239517325064042,0.892574851077153
61075,0.308615343130646,0.197316974517999,-0.392667771795874
61076,0.47795604691924,0.386746663071323,-0.651738349593989
61091,0.268167722798975,0.161453417823918,0.995085765176523
61104,0.298368612646623,0.19151948227046,0.619183684866707
61105,0.462451125792099,0.377106646892274,0.602530470592147
61112,0.245247404611029,0.153903195362006,0.957849521759007
61117,0.262100579749225,0.162599433733315,-0.233080064432966
61120,0.317244168801402,0.202709990562222,0.984479960392196
61130,0.475933665902656,0.407846838344344,-0.709355002525793
61140,0.327490899285425,0.207159228798706,0.991437459830432
61174,0.278818929486315,0.16853175138196,0.999760744073972
61178,0.278549278684104,0.168666576783066,0.972212021912121
61179,0.264662262370231,0.162397195631657,1
61195,0.320749629230147,0.199743831737899,0.986069432556891
61197,0.325872994472159,0.209586086018606,0.863478557459515
61202,0.272347310233248,0.168262100579749,0.928737945988112
61209,0.314008359174869,0.200148307941216,0.932557051818888
61210,0.321154105433464,0.203316704867197,-0.418055865220652
61214,0.275583119859782,0.170014830794122,0.888749601965647
61226,0.311446676553863,0.191991371174329,0.907438928827339
61228,0.278414453282999,0.167655386274774,0.962672999264669
61225,0.30605366050964,0.189564513954429,0.989122331786073
