taxa,PC1,PC2,PC3
IITA-TMS-IBA30572,-46.9014562530906,66.0689099814669,3.61126931767842
IITA-TMS-IBA8700018-42(4X),-28.0222218985807,21.5150658743176,-1.31755239266894
IITA-TMS-IBA30001,-28.2144647026412,-15.0875845028217,22.870698170586
IITA-TMS-IBA30040,48.4968972139235,-20.7557154304947,5.86073884743953
IITA-TMS-IBA30555,48.552897188938,-30.8813586121298,27.4526666966099
IITA-TMS-IBA30555P3-2,-46.7760652542917,66.1695169908369,3.91805023382245
IITA-TMS-IBA4(2)1425,-35.4402408623032,13.8994571978471,21.631063283739
IITA-TMS-IBA40764,-35.5471578169757,16.5860119216506,7.2996023944221
IITA-TMS-IBA42025,-35.3583261406645,10.0941088014318,18.6518945562458
IITA-TMS-IBA71673,36.7160198639677,33.481877554199,17.4829435478287
IITA-TMS-IBA8101635,22.921505159409,45.733649677517,-6.8450441964966
IITA-TMS-IBA8200058,-35.3219670644051,38.6014459319589,6.48682527292165
IITA-TMS-IBA8400353,-46.2133762273585,66.0228680397336,3.84143471185552
IITA-TMS-IBA8500680,-16.3662472376526,-5.61191260752594,5.13112927927095
IITA-TMS-IBA8700052,37.0426466486621,32.1543352033682,19.7828325007893
IITA-TMS-IBA8802343,-25.42174580748,-22.4936487507548,37.7206512980366
IITA-TMS-IBA8900250,23.5687035987232,37.5741045166014,-28.3410399520552
IITA-TMS-IBA8900963,0.872031761981893,17.4443806388135,-4.81150769615248
IITA-TMS-IBA8902195,-14.4632980372533,10.6278379231814,29.6099999799429
IITA-TMS-IBA9000099,0.255023123582761,22.6843579492689,6.02414414473974
IITA-TMS-IBA9100153(3X),-42.8545098497889,30.6343508703864,2.34732981150985
IITA-TMS-IBA9100255(3X),-22.6407225685859,33.4726784064096,1.18976672767871
IITA-TMS-IBA9100416,-34.9889630153793,25.7336104415256,10.4054149734287
IITA-TMS-IBA9100420,38.1142021908213,1.60263387275503,2.60831882368807
IITA-TMS-BAD9100455,-37.8699453560979,27.0505160265486,-18.0174982073139
IITA-TMS-IBA9100459,12.544236556867,35.2924586594406,-4.9957459244449
IITA-TMS-IBA9101730,-25.6751375422274,40.5551741345962,11.1773264311501
IITA-TMS-IBA9102312,37.769326566324,1.73687811526742,2.20130329350106
IITA-TMS-IBA9102322,37.8934216380917,-0.584174552891494,-12.6540040607598
IITA-TMS-IBA9102324,-28.7998984316549,11.271796118488,3.89422809279179
IITA-TMS-IBA9102325,36.7701462814044,3.57908946505455,6.72900085443702
IITA-TMS-IBA91934,24.3526484999766,42.9503147837136,-31.5990341021361
B9100462,37.8554004286678,1.74849651002375,2.34276525823806
IITA-TMS-IBA920057,-26.7881009844088,-8.81223374286596,16.96096913016
IITA-TMS-IBA920067,39.0788714867151,-10.051159265853,-17.3024519877544
IITA-TMS-BAD9200061,35.7435522202178,-2.98672092651692,-29.3036615727046
IITA-TMS-BAD9200068,35.782614609367,-13.4131416860808,-15.5140272226046
IITA-TMS-IBA000338,-29.649696618558,8.92303363654229,-2.55091842523782
IITA-TMS-IBA000342,10.2786299246679,0.516277637201614,3.29740896474466
IITA-TMS-IBA000345,-29.0631088999419,11.9076822351882,-0.216385004868312
IITA-TMS-IBA000346,-28.2069184656974,-3.6466620611747,9.5185612968141
IITA-TMS-IBA000350,34.489115704231,2.21489252843676,3.34498056191314
IITA-TMS-IBA000351,-29.7986795268299,5.02014914348152,-7.24553907085055
IITA-TMS-IBA000354,30.3524716536044,3.08506621900193,-4.18635822768305
IITA-TMS-IBA000355,21.5709773507685,4.73073892920009,0.931514903678748
IITA-TMS-IBA000364,-33.465945751614,21.5578733559224,-5.75217010689152
IITA-TMS-IBA000378,39.7590678087013,-12.9996435882751,3.63767013892994
IITA-TMS-IBA000388,-31.1707996751406,8.1916662468357,-2.92182139901949
IITA-TMS-IBA011115,34.8670876884492,6.6904797960018,8.08716821282713
IITA-TMS-IBA011224,-14.4284324657522,3.15270679649789,35.0638836701058
IITA-TMS-IBA011235,31.0764293668581,-12.4116055293233,-19.1163505906633
IITA-TMS-IBA011273,41.2423427178191,8.84949294471221,23.7767142116534
IITA-TMS-IBA011331,41.0229212393045,18.6317423819326,29.2366764806817
IITA-TMS-IBA011335,37.9553452745437,32.317596980885,19.3761705098585
IITA-TMS-IBA011368,-2.17020409050933,38.171071074877,51.935098793759
IITA-TMS-IBA011371,-9.40312995462884,59.0242460309601,35.0366698378556
IITA-TMS-IBA011412,-23.0742156126004,14.4141578496097,18.1000729216602
IITA-TMS-IBA011413,15.6207354228578,19.6516978986579,36.5872317912095
IITA-TMS-IBA011442,-3.23303896564602,25.3023476383956,23.9437572716244
IITA-TMS-IBA011646,36.0456220652783,26.094873132685,19.4105703118797
IITA-TMS-IBA011663,40.3513862003737,2.43154720108824,14.8760491567822
IITA-TMS-IBA30211,-35.5998615360753,16.3745797249393,7.27366285515349
50395,34.3123435502128,27.1931208853347,-12.7775621802048
IITA-TMS-IBA60142,-31.2843342044779,-10.6886785858216,18.2919333670121
IITA-TMS-IBA60506,35.7606930381842,18.075141673222,-3.12043316539581
IITA-TMS-IBA8400316(4X),-39.5919843271191,44.1741701427977,-1.26220394105663
IITA-TMS-IBA9001554,-32.1762891473535,39.2485805786316,27.0593658453143
IITA-TMS-IBA920110,-29.8205565802269,3.57031769265081,1.10180794501088
IITA-TMS-IBA4(2)1443,32.4848144814474,11.5757430298597,11.1856009123648
IITA-TMS-IBA000017,-32.2036158787121,21.5017541119845,-11.8289426035309
IITA-TMS-IBA000028,32.0784256062243,38.8497815998174,-1.74691030345794
IITA-TMS-IBA000049,-30.7733347930362,14.0542434325343,2.82008200209804
IITA-TMS-IBA000061,-0.74936168501716,-11.5172044481397,9.26602740956868
IITA-TMS-IBA000070,37.0345476376361,-14.4692001107276,-22.4587781357155
IITA-TMS-IBA000093,35.8254589413578,8.65137716470066,-1.74553786389054
IITA-TMS-IBA000101,24.3225215313372,37.8512110940454,-12.9815765150576
IITA-TMS-IBA000107,9.94476627014058,10.8027212711211,-24.4235221595497
IITA-TMS-IBA011206,19.1367555568526,-13.3563870010491,29.7566970654604
IITA-TMS-IBA011231,34.4390476473668,21.7207876716856,10.3598452318925
IITA-TMS-IBA011296,27.2983278206377,3.91656886503413,-12.1993658878734
IITA-TMS-IBA011404,33.0476010681128,26.6154985112768,20.8350349943334
IITA-TMS-IBA011417,-5.4376685623162,34.4258096162583,39.8310882480527
IITA-TMS-IBA011423,33.6721073564374,-21.741145102076,-0.770584538044887
IITA-TMS-IBA011551,-29.9490047329429,-1.92037429416811,16.6563531989079
IITA-TMS-IBA011560,38.0487846306867,7.94427143711229,14.6965829678449
IITA-TMS-IBA011635,37.5377807639343,15.8819170727313,20.3189156502344
IITA-TMS-IBA011659,-13.9178213778477,1.34138178138181,35.0230024403555
IITA-TMS-IBA90853,32.1851545858865,2.31433903863586,-1.79181785848618
IITA-TMS-IBA920053,21.5333637139518,31.548531168921,3.36391852450976
IITA-TMS-IBA920211,38.1338713532967,-11.9506866512311,-27.6784598783464
IITA-TMS-IBA920258,-36.1647556911869,37.2289574440186,5.32505302421478
IITA-TMS-IBA920269,34.5530072852121,9.28940850768777,-22.6919268028216
IITA-TMS-IBA010034,-27.9060094263304,-7.92905286034608,11.5743005028845
IITA-TMS-IBA010040,34.6609319620874,-0.241560121208078,-4.07914749560958
IITA-TMS-IBA010045,38.3198445873702,-7.41710665461323,3.870184196154
IITA-TMS-IBA010046,-15.576461733161,-17.9913541383214,17.3589258529313
IITA-TMS-IBA010085,-23.5559742318617,-34.7659563294413,-1.30713717578751
IITA-TMS-IBA010090,0.176362070003201,-4.00846938882519,26.8055897191299
IITA-TMS-IBA010098,41.8397215364134,-10.7801244154305,1.53766868116248
IITA-TMS-IBA010103,-24.5880324378933,-21.4997097474624,9.06741051244455
IITA-TMS-IBA010131,33.7948337755666,17.8557543616811,4.57947183779857
IITA-TMS-IBA010134,33.54040865232,-4.77283588308593,-0.97151101715487
IITA-TMS-IBA010169,-16.0641724335927,-17.7932062801102,17.3159418811011
IITA-TMS-IBA010171,28.3276751232511,26.9852426596208,-12.2427211922674
IITA-TMS-IBA010265,33.6794905263231,-21.8506298564046,-0.861091940296896
IITA-TMS-IBA010732,-31.3058197442912,0.821396251705396,19.9447181968875
IITA-TMS-IBA010760,39.8273658671095,-3.63110537392886,7.61708470620216
IITA-TMS-IBA010819,37.2022954935325,23.1200356290415,20.3338440299444
IITA-TMS-IBA010903,21.1674433328451,35.5156168242012,-9.40128029827803
IITA-TMS-IBA011086,-20.082869949642,10.9935587837518,30.39103244107
IITA-TMS-IBA011097,-27.6130094796448,5.27024734177596,4.67750633828324
IITA-TMS-IBA011731,-11.8096984407861,-51.9932267923743,18.3052604851365
IITA-TMS-IBA011732,-11.456344067398,-52.0117103133254,18.6736203282781
IITA-TMS-IBA011735,-15.7771262235039,-55.6327650642503,19.7309785633096
IITA-TMS-IBA011760,20.825402775247,4.58405621807037,19.2961947405052
IITA-TMS-IBA011797,51.4531979977451,-36.3024556764384,25.0415488280754
IITA-TMS-IBA011807,25.9486479464686,10.4707803505432,-35.4301810978838
IITA-TMS-IBA011813,31.1426796171363,-13.2144192284847,-18.9192287976359
IITA-TMS-IBA010536,39.8254900932747,4.94604082096226,23.4858736389472
IITA-TMS-IBA010615,-8.09361990695822,-2.56995472835001,-2.97029938310881
IITA-TMS-IBA010622,14.02912395425,7.59938521292578,7.12026421797111
IITA-TMS-IBA000203,-28.5053815367396,-31.7965503822218,-2.90211874739833
IITA-TMS-IBA000210,26.1843625138278,-12.4909620889478,-3.337343894961
IITA-TMS-IBA000211,-38.3909441339703,16.2323748515853,-9.61649233504411
IITA-TMS-IBA000214,-2.51623464133642,-28.1209163184175,-5.62926714693747
IITA-TMS-IBA000222,32.275248624511,8.2432237172114,-4.60075158760276
IITA-TMS-IBA011802,-28.1035201031151,5.50977780995841,-5.92710040356905
IITA-TMS-IBA020091,-37.5464708544731,12.4919087250697,-18.8787075430147
IITA-TMS-IBA020103,-30.4363231447084,1.74462101908898,-2.40994124352634
IITA-TMS-IBA020105,33.7193289444938,8.67319087185619,-29.727483163667
IITA-TMS-IBA020129,31.4770644067998,15.5704121410039,-23.3541098040278
IITA-TMS-IBA020131,-26.647453160658,0.234824569865795,7.31482019411224
IITA-TMS-IBA020133,-1.21611847139099,1.29859773845361,22.0530775602046
IITA-TMS-IBA020134,27.3619305386767,3.82791160401944,-12.307800286704
IITA-TMS-IBA020233,-26.14445026259,-8.05619974522864,14.1314011665262
IITA-TMS-IBA020285,-19.897261714855,-44.3953465283516,17.8323782376958
IITA-TMS-IBA020388,34.0919859069979,-21.6768706084776,-34.3027598060547
IITA-TMS-IBA020409,27.1412315321678,12.0957301651574,-30.7643236200197
IITA-TMS-IBA020431,38.8998141140985,-19.1095742829465,-10.3689411957427
IITA-TMS-IBA020432,-31.7212049221067,-7.12802593640247,-6.05274926838425
IITA-TMS-IBA020444,27.4056813213213,3.82959851646959,-12.2261824587508
IITA-TMS-IBA020452,32.5651970772838,13.7680781949418,-2.09790916952433
IITA-TMS-IBA030061,29.0809574049743,-13.1338480992845,2.46626707812791
IITA-TMS-IBA030075,30.2952489869483,3.04431010050133,-8.63879621788555
IITA-TMS-IBA030141,40.7147092646235,-9.08914012654192,2.27821387591302
IITA-TMS-IBA030177,-2.39698131560334,-0.931795105761132,27.6505657855526
IITA-TMS-IBA030213,-25.8693529546094,-8.1215089052752,20.1605771514061
IITA-TMS-IBA9101730(4X),-25.5396894388563,40.6645781903057,11.3649728104783
IITA-TMS-IBA9102316(4X),36.779032339053,3.57427758840273,6.93401848775697
IITA-TMS-IBA9102325(4X),36.3894695111531,3.84682280173454,6.965244419672
IITA-TMS-IBA91934(4X),24.2268449828762,42.5560798787633,-31.6492816587101
IITA-TMS-IBA920057(4X),-26.6558150749918,-8.61171272414417,16.7135654237402
IITA-TMS-IBA920067(4X),38.951738280606,-9.94562307653854,-17.0790168036112
IITA-TMS-IBA010606,-16.1831621500844,-17.8524878072291,16.9779051346684
IITA-TMS-IBA011752,54.3211870991453,-53.2107326733909,26.8659746136097
IITA-TMS-IBA83672,-31.6064830684957,15.9888207944369,18.9178235997521
IITA-TMS-IBA8801504,-37.7415686808241,32.0737288694984,10.4531624014933
IITA-TMS-IBA020527,-35.8715518461366,36.5054724574313,4.98607363788093
IITA-TMS-IBA020588,-30.9887108829701,20.2694106757867,21.1285135076263
IITA-TMS-IBA020570,-31.2162646426652,20.0061663860148,21.2001455134836
IITA-TMS-IBA020516,-40.1884117113556,2.3387054397312,7.93131855606724
IITA-TMS-IBA020510,-33.1842373788084,24.7888075515519,11.462918821455
IITA-TMS-IBA020514,26.5215624828702,40.7506021007363,-10.3775349435086
IITA-TMS-IBA020540,-14.5208540925288,1.72350746788928,-12.7058931844268
IITA-TMS-IBA030242,-13.760774526105,17.2810754910605,5.04689888434517
IITA-TMS-IBA030275,-12.2467245631141,30.2261450824317,-9.44598765733626
IITA-TMS-IBA030264,-28.1961285024748,5.86347057232507,15.0252696789987
IITA-TMS-IBA030292,-10.3556731760256,7.56778207203692,12.4965304284296
IITA-TMS-IBA030265,10.6078988747154,26.3056856930086,-6.9982309585617
IITA-TMS-IBA030279,11.8340668807118,35.6487801805823,-1.4678987090061
IITA-TMS-IBA030256,31.4862870567536,36.4699823707736,-62.032253996214
IITA-TMS-IBA030284,28.5303045493094,-1.99982645057144,-5.39387993986622
IITA-TMS-IBA030224,-1.98282756170019,26.5539325302245,-14.8228652162662
IITA-TMS-IBA030276,-27.4186549755755,21.1927992237329,23.748097769912
IITA-TMS-IBA030273,-31.688563794565,21.0890390556999,15.7906611404264
IITA-TMS-IBA030305,26.1085292216345,30.2838889753429,-10.401331795864
IITA-TMS-IBA030254,30.3254461408428,29.4730187044117,7.19954688161736
I974045,34.4864935094089,29.6650225708173,17.48141744805
IITA-TMS-IBA051646,-3.18441918476672,34.0444715446316,40.4890891392933
IITA-TMS-IBA051600,39.2558146844509,30.3612656183378,36.9856817450368
IITA-TMS-IBA051626,39.7441223263521,31.3428653351817,37.2868261712812
IITA-TMS-IBA051662,39.2867616100502,31.4182735287051,37.1004561109224
IITA-TMS-IBA051658,35.4208162407301,24.0231527939512,24.5907695387567
IITA-TMS-IBA051652,37.3734544567414,34.3969948988466,35.6289455551189
IITA-TMS-IBA050127,-18.3692043071966,3.45667966803496,15.7292139049541
IITA-TMS-IBA051636,42.8759018950634,18.6023476415414,40.6986385773362
IITA-TMS-IBA050100,42.0449208865765,-6.92898600893818,19.8167266608465
IITA-TMS-IBA051632,-4.89432510490731,13.8594127281235,33.298710434699
IITA-TMS-IBA051599,43.4115931468669,12.4756391364014,32.4041157280219
IITA-TMS-IBA051601,19.564440029561,14.8682785882771,4.65907877201383
IITA-TMS-IBA050303,12.4587534882537,10.8464625517937,14.2090480232623
IITA-TMS-IBA051631,-23.0604433554561,18.3774005876018,30.4685027174419
IITA-TMS-IBA051625,39.7270142609774,30.9829952949139,36.7334081586595
IITA-TMS-IBA051654,38.623426775346,18.902736017318,25.5933876617354
IITA-TMS-IBA051653,25.2100090165722,-11.8696553094719,-31.2818068147323
IITA-TMS-IBA050473,26.3364705449005,-0.190130558257357,30.0493236252984
IITA-TMS-IBA050186,20.3263669668521,60.8795602679768,19.0758894692255
IITA-TMS-IBA050327,21.0729854952692,-4.50222983418719,18.5450945949509
IITA-TMS-IBA051740,38.4746171036272,2.35481896743557,-6.53097245495691
IITA-TMS-IBA050741,21.3118810033085,-5.86821603242562,17.633258987329
IITA-TMS-IBA050286,-0.984750371938315,45.6697730310198,1.37755237105229
IITA-TMS-IBA050099,37.9782313059997,-0.810680575279341,13.6405242426488
IITA-TMS-IBA051814,38.0213749666443,4.59564425160648,1.8003491127447
IITA-TMS-IBA050998,45.2677835425084,-4.01044537753661,21.1830863600341
IITA-TMS-IBA050231,-20.6082599342594,19.9065683975024,7.79392562248278
IITA-TMS-IBA051553,24.3854086469995,-17.3316388541965,-20.3149000325612
IITA-TMS-IBA050128,43.7637756021582,-1.46054704693929,9.52298934402031
IITA-TMS-IBA050311,39.5844747412384,5.47185267976322,14.0107893864115
IITA-TMS-IBA050024,33.0157376938897,-3.01031509089942,-5.60054345204406
IITA-TMS-IBA050125,-29.547507227289,13.8330516541811,26.9418107277065
IITA-TMS-IBA051274,-42.5784798212096,-10.6170913474352,4.76330133964581
IITA-TMS-IBA051570,35.2696920931807,-3.43051039460634,-3.43481017523067
BAHKYEHEMAA,23.4472689690645,-17.0354577721388,3.33805580153154
BA95070,-41.757619638585,27.109007078775,8.34681424283841
DOKUNBAHKYE,-19.0215001482575,-21.7627827771993,18.3545672430449
IITA-TMS-IBA030007,-24.9913175888354,7.77156176989206,6.41533758138274
IITA-TMS-IBA030028,-22.3454852340428,18.6971620930231,13.1804047193309
IITA-TMS-IBA030059,-13.2408150142761,25.0467030141143,-14.3857248011558
IITA-TMS-IBA030013,27.593262597101,3.77127262253,-6.79552290734298
IITA-TMS-IBA030042,20.1740405739355,51.8295442978575,-9.00839883912725
IITA-TMS-IBA030060,31.5976436144556,35.97377252164,-61.4934613941122
IITA-TMS-IBA030006A,-37.9169490808802,13.7698826307603,0.0887311772589576
IITA-TMS-IBA030006B,31.430685810424,10.9168358231404,-34.7695519043027
IITA-TMS-IBA030015,28.8420790872399,22.7264072209491,11.2604437115791
IITA-TMS-IBA030057,36.0787785115446,0.603144842990607,-9.92779615517541
ESAMBAHKYE,32.0533820374579,12.2877337110977,-1.7075715150648
IITA-TMS-IBA030030,-32.427548887473,26.3673258966984,6.087900278668
IITA-TMS-IBA030055A,31.4799568647081,36.2330651343062,-62.2108263516949
IITA-TMS-IBA011811,40.1707470053169,4.62975600802732,23.7154187496431
95NA-00063,36.3211504943825,-2.50289913201013,-7.94671549858749
IITA-TMS-BAD92033,36.889808623936,0.678876006419744,-23.264608432476
CH92108,-33.5268974526487,22.2678376024854,3.78479168989531
IITA-TMS-IBA070835,35.9953943236014,20.7929956622366,21.911594784099
IITA-TMS-IBA070525,-16.5061850941943,12.7960622505558,29.4382321766786
IITA-TMS-IBA070952,-10.9384979979713,-4.19915890195722,26.7160928524628
IITA-TMS-IBA070749,43.8348609799411,8.35866891775599,25.6665240809812
IITA-TMS-IBA070498,35.2216197442343,28.015519851452,18.5310521365887
IITA-TMS-IBA070539,36.2647246756489,35.1902788992615,20.8965300577049
IITA-TMS-IBA070632,32.9235455061683,36.6133531533793,15.8760405419691
IITA-TMS-IBA070520,38.2167775729653,30.3109806499927,38.5371097911356
IITA-TMS-IBA070751,36.5509005865974,19.6480988185044,25.6881341884211
IITA-TMS-IBA070620,10.6908832138361,20.3704137976965,8.92296514041802
IITA-TMS-IBA070752,35.5216572753725,15.4167817698007,14.9939354559291
IITA-TMS-IBA070675,-5.50129649346418,18.986517933332,28.0267686264304
IITA-TMS-IBA070756,23.274680927428,3.32678921660491,7.29526250645629
IITA-TMS-IBA070999,-8.38765752066004,58.228844274927,29.5568701732644
IITA-TMS-IBA070553,34.03060548787,10.9102295521892,11.4775348134447
IITA-TMS-IBA070910,42.6141937994015,24.6980708978288,33.2648979782348
IITA-TMS-IBA070593,42.5102683749469,24.6564658037082,32.9777079278148
IITA-TMS-IBA070481,34.0221766599885,53.6003438391466,15.3736581903094
IITA-TMS-IBA070576,37.2916039477682,37.2485602029765,33.3796526734961
IITA-TMS-IBA070874,-12.6232688015037,72.1876649909568,29.5342449438154
IITA-TMS-IBA070808,-3.63802986976358,22.4600982549564,33.5970868298791
IITA-TMS-IBA070614,39.66990949441,14.8967669230889,15.2049278810127
IITA-TMS-IBA070649,0.755519735532695,13.5984335745187,27.8815809039164
IITA-TMS-IBA070974,36.7802993693283,23.9551759561934,20.7866695750946
IITA-TMS-IBA30555-7,-29.5378743304224,-2.83150569776812,23.1616328535801
IITA-TMS-IBA020509,-33.2133430479643,24.7070739017383,10.8556490310366
IITA-TMS-IBA071393,-19.6332715876864,-22.7792086954626,-8.29049271805646
IITA-TMS-IBA071378,-31.2826074730955,-40.2100490498672,-21.8319680228695
IITA-TMS-IBA070134,-8.99816848722986,22.1922574419581,11.557139916114
IITA-TMS-IBA070337,40.615923501242,10.6281934959722,22.0384761677499
IITA-TMS-IBA070004,-33.7259332688418,-3.26278667898208,30.7906543162231
IITA-TMS-IBA070299,-4.57104855453912,7.21665414314885,15.373527686757
IITA-TMS-IBA070126,-12.6617956835014,-21.8823246021408,6.99460919850987
IITA-TMS-IBA071295,37.532484577584,14.2455577139594,4.05567287956513
IITA-TMS-IBA070067,-16.9723962322046,57.2858160034113,10.4616771966229
IITA-TMS-IBA070374,44.611444024337,-26.1448707323253,0.240572958593359
IITA-TMS-IBA070258,-25.8656823321399,-32.5306368784038,13.264085606964
IITA-TMS-IBA070048,-36.5729769596372,25.4063142611783,14.0893480588793
IITA-TMS-IBA070094,-30.1242421328704,-5.93730389398186,-4.95261165398776
IITA-TMS-IBA071313,-36.5567907397425,-32.6361182488569,-24.7398368116474
IITA-TMS-IBA070045,-29.9396196415347,-30.7464722962928,-11.8841459782753
IITA-TMS-IBA062630,-31.8870074352328,-37.0607794018216,-31.0818181350023
IITA-TMS-IBA063046,-34.8339078036301,-29.1004864409554,-14.5623870301898
58308,-28.7337293737512,-2.76880366944733,22.7507228849156
IITA-TMS-IBA060889,38.1053664086694,31.52038145982,31.1203121153803
IITA-TMS-IBA061101,41.8979558024756,14.6413431290542,36.3518229629248
IITA-TMS-IBA061155,-2.64323455405802,23.3464148336629,37.7528058560347
IITA-TMS-IBA061348,32.5851165761906,22.3729003856258,18.1529048270918
IITA-TMS-IBA061404,-5.50248886142828,28.8935848292374,38.5343451378627
IITA-TMS-IBA061577,30.5331850190246,5.00262463730695,21.231715807942
IITA-TMS-IBA061635,34.6928110748458,52.4294928493497,21.6856563616044
IITA-TMS-IBA061640,-10.0298658474251,43.2106068689809,27.0858613205708
IITA-TMS-IBA061673,37.032590925015,19.7384724739064,18.634537023375
IITA-TMS-IBA061679,-11.3605654020096,54.8287563823999,19.3193756150825
IITA-TMS-IBA061744,-30.1709207400604,30.1487401423843,22.1256662053121
IITA-TMS-IBA061766,40.0881334064125,7.71746798934011,21.8260469357021
IITA-TMS-IBA061856,30.6331936124331,5.88665291255803,29.0672869724441
IITA-TMS-IBA061911,17.8017617556122,39.7930257941394,27.3339383498778
IITA-TMS-IBA062021,-2.19734929705079,36.2049086827708,24.7342889720818
IITA-TMS-IBA062052,34.9577749150487,23.3551654012028,22.3412991269099
IITA-TMS-IBA062116,-5.33686438578569,28.1688551976839,31.0942247446925
IITA-TMS-IBA062231,38.9726921249571,3.99414196257103,19.8855032918108
IITA-TMS-IBA070628,35.8961931977371,34.4564958743844,27.287814680467
IITA-TMS-IBA070824,36.4507668696059,35.3147938248965,20.8020775303756
IITA-TMS-IBA070962,19.3329519663116,28.2202355012834,32.9591460953293
IITA-TMS-IBA070982,30.8640995569867,13.3820871923609,10.4899074289317
ICB5-10(80411),18.3210198918744,38.4043766777678,-3.18398023352056
IITA-TMS-IBA100198,42.0587134969473,4.76505318942401,27.4261980753167
IITA-TMS-IBA100224,-26.8185304742574,-5.32965599675785,28.2138497933488
IITA-TMS-IBA100330,39.4860270042179,-4.05820909241169,6.13572133612824
IITA-TMS-IBA100449,27.1191448360079,17.4779866763546,24.4242355949574
IITA-TMS-IBA100634,-17.4410859947501,3.0373840937893,14.8676716679248
IITA-TMS-IBA100649,-16.6868106710563,6.85927705646468,23.8169995094924
IITA-TMS-IBA100791,-2.8618689750709,18.5360748825819,40.8534277601327
IITA-TMS-IBA101014,-13.4774792951184,-5.55051878702914,16.9713850436409
IITA-TMS-IBA101040,-29.7903696590729,-4.83306352814775,12.5363248928702
IITA-TMS-IBA101075,27.3737040412255,-12.9291006276813,-19.6421934726803
IITA-TMS-IBA101094,28.9334718811021,26.2295059593593,16.5120473592607
IITA-TMS-IBA101129,36.6198611668022,1.79804834140332,-1.36615416581531
IITA-TMS-IBA101251,26.5909892555578,-5.6461698631452,13.4642915173876
IITA-TMS-IBA010728,36.0123729806678,7.41876047123167,2.49825789474445
IITA-TMS-IBA101438,-27.6265405389794,-10.0939439236916,27.7748750750047
IITA-TMS-IBA101457,-24.4412223760592,0.346416790981046,28.5737206742679
IITA-TMS-IBA101573,32.5690613252096,16.7168459117069,2.11750795731578
IITA-TMS-IBA010753,29.0964140154283,22.5783689781545,-4.56277770759044
IITA-TMS-IBA101618,9.98300943611035,-2.56909955269219,21.0045251158068
IITA-TMS-IBA101645,-31.2943281872877,14.7147441203605,0.440174384714911
IITA-TMS-IBA101765,-33.5572366482198,27.1992778493627,12.6433064998073
IITA-TMS-IBA101782,0.258013548218765,-14.5990812532012,-26.8077319544221
IITA-TMS-IBA101803,-34.9075473600106,15.4775656037006,8.76564536039612
IITA-TMS-IBA101819,-20.9586324119445,0.919552053395711,17.5300021761199
IITA-TMS-IBA101841,-21.1457011968358,-28.4360151018611,21.1513395517706
IITA-TMS-IBA101857,-25.1835814173164,3.90433437976431,19.3134035974936
IITA-TMS-IBA101878,-17.7333337017327,-5.54964277607184,11.4945823976116
IITA-TMS-IBA101893,-10.4609388395905,57.9779172847497,40.4770239911864
IITA-TMS-IBA101898,-3.80117266677993,24.5133995466916,35.9747867572988
IITA-TMS-IBA101917,-8.4664709535527,42.3236476812002,51.3448755954463
IITA-TMS-IBA101921,-7.78327538580622,48.5164993237969,31.5305741934133
IITA-TMS-IBA101927,-8.91357660218381,53.2912603533616,32.6919789278548
IITA-TMS-IBA101976,38.9797264666637,14.6046743277958,18.8881224497919
IITA-TMS-IBA102091,-2.55386475550067,34.89141199864,51.3382372822778
IITA-TMS-IBA102094,-1.50637298179632,21.8421447208603,51.2933605706443
IITA-TMS-IBA102097,37.5883461868794,41.8568650762044,43.4628337229958
IITA-TMS-IBA102122,38.7821462507013,25.8370284731804,32.7497292683195
IITA-TMS-IBA102123,36.9049274921178,33.7272502868603,33.2936264786092
IITA-TMS-IBA102125,37.2243040880779,38.6947402834976,41.1722022379799
IITA-TMS-IBA102133,38.4014920824685,38.5879226163964,40.7230140711397
IITA-TMS-IBA102178,40.3707947696276,13.9735532975635,21.36686050957
IITA-TMS-IBA102199,38.928844980806,8.28490827751767,19.8813090617199
IITA-TMS-IBA102202,39.6974271875472,6.15266298162628,20.6670715227459
IITA-TMS-IBA102210,38.6337246095672,9.06535592407731,14.8101540190256
IITA-TMS-IBA102217,31.8944905704638,56.0168932540018,32.9747831426908
IITA-TMS-IBA102219,29.5606822966926,59.0180126390211,26.5338579872156
IITA-TMS-IBA102222,-5.42483429266672,40.5852949761431,37.4048811105151
IITA-TMS-IBA102224,-4.76386362575866,35.5524557980115,48.2379397156058
IITA-TMS-IBA102227,34.0206749180076,40.3490052045253,29.8445272269366
IITA-TMS-IBA102233,34.8547433999138,19.3927446251493,22.1539858060023
IITA-TMS-IBA102250,34.8359815027774,50.6311679482515,38.3830653598616
IITA-TMS-IBA102273,37.5843729685397,11.8349994732405,13.9048616711182
IITA-TMS-IBA102277,37.5775895948929,28.7278357356509,27.7025311879607
IITA-TMS-IBA102278,38.7694535476636,17.5402824283447,22.2044713090561
IITA-TMS-IBA102289,39.0456777747444,19.4336104103856,28.8185346365372
IITA-TMS-IBA102294,40.0503537097002,23.4171845896909,21.8977258371239
IITA-TMS-IBA102353,27.8519302804436,56.0398237825264,11.6942459398301
IITA-TMS-IBA102357,38.5760222833078,45.6206438066329,40.2229560222581
IITA-TMS-IBA102364,35.9499227820908,46.1942121895264,36.433225998603
IITA-TMS-IBA102390,41.1744985766682,8.26737513343269,22.3689057896776
IITA-TMS-IBA102397,35.4782459865298,26.7184339060908,24.6077280672849
IITA-TMS-IBA102399,-13.1625879205585,3.36592071912795,30.083901858363
IITA-TMS-IBA102400,35.3246316843692,13.2328497704325,19.854451336011
IITA-TMS-IBA102404,29.6914188448893,52.5668011973583,24.0369174144547
IITA-TMS-IBA102410,36.6833754755228,33.6707989016635,25.2494703992734
IITA-TMS-IBA102427,17.7490706251153,29.4891278039358,13.4469466065827
IITA-TMS-IBA102428,-2.04136190020816,16.2800042527227,41.2193160238755
IITA-TMS-IBA102431,40.2100323911748,22.8645132240385,35.2507584021333
IITA-TMS-IBA102448,37.1439169157109,20.4030354183004,19.1340291351106
IITA-TMS-IBA102480,-16.5155514996796,-4.6981881967734,35.4821828285929
IITA-TMS-IBA102489,-28.3960771419118,29.4774980029944,13.4259003816203
IITA-TMS-IBA102535,34.5660061281915,14.3427730151334,25.2782644385584
IITA-TMS-IBA102545,-22.3386023377611,38.6677633675527,19.2538112917571
IITA-TMS-IBA102546,-9.06323988503907,40.1431716462312,22.8741381597756
IITA-TMS-IBA102554,23.9311035100647,56.5399243771879,29.8393684322278
IITA-TMS-IBA102574,15.5348714838304,18.4895437639662,27.8400646834797
IITA-TMS-IBA102600,-8.6363665405142,40.3295620374963,23.3841899680792
IITA-TMS-IBA102608,-8.58374735337866,52.0711204823033,28.5561911029444
IITA-TMS-IBA102612,20.4575366252262,20.7504968461015,31.0274745006419
IITA-TMS-IBA102616,-9.90535787912197,61.5003722866441,29.9676436969119
IITA-TMS-IBA102618,30.6535119571878,52.8624706506214,20.2832112003386
IITA-TMS-IBA102638,-6.49083756110015,46.4199499966283,25.9990694309938
IITA-TMS-IBA102640,32.4591611109561,43.6156343896889,20.2329761196675
IITA-TMS-IBA102654,37.5375399093874,30.9741289620096,26.4178415910554
IITA-TMS-IBA102658,-8.53614911318849,25.4480899913001,30.0222723842817
IITA-TMS-IBA102659,35.8281418161289,26.7639573013888,16.0440848618453
IITA-TMS-IBA102666,-13.236656660113,24.5162101062895,36.7810437327331
IITA-TMS-IBA102675,34.9679520031489,35.0516283475109,25.2882633167861
IITA-TMS-IBA102676,-13.7753990390942,26.2040305977844,35.2728169492323
IITA-TMS-IBA102677,42.1604905125379,21.9114726007409,35.6807717497798
IITA-TMS-IBA102686,31.224319357613,1.57970448879725,19.4064567433704
IITA-TMS-IBA102691,34.3437529835486,33.5296656447279,33.1042424950693
IITA-TMS-IBA102708,37.4852836510442,9.01977780299559,18.5113441610286
IITA-TMS-IBA102710,20.780548240141,15.1201749485892,22.7393317661179
IITA-TMS-IBA102716,-10.3666368074863,54.1455090829575,25.632089986211
IITA-TMS-IBA102718,32.5554938282129,56.3626416318188,29.6853759069871
IITA-TMS-IBA102721,-0.57084803153964,37.3979406668401,24.4073549962646
IITA-TMS-IBA102731,-13.4347179129113,69.6301825081123,13.9846900122384
IITA-TMS-IBA102736,30.1596684625388,59.525170589743,17.5494430928707
IITA-TMS-IBA102741,-4.43154659454766,23.3349581319109,30.1197827973458
IITA-TMS-IBA102767,-8.33131207153467,36.6510013286867,26.9839007306389
IITA-TMS-IBA102815,18.4107293888629,17.1416622346629,13.2948874711566
IITA-TMS-IBA102820,33.9907889746333,40.4788520620637,29.9063686520416
IITA-TMS-IBA102896,33.2548908407962,28.696082172241,18.3180571230402
IITA-TMS-IBA102898,33.0089897492933,20.1595434384436,16.1462046317639
IITA-TMS-IBA102910,35.6182535003885,20.7013481580675,16.3732763540731
IITA-TMS-IBA020093,-21.070957609662,4.38530582585813,-2.09547926034891
IITA-TMS-IBA020100,-20.28696498408,-10.6955364121352,2.514888255188
IITA-TMS-IBA030060A,18.9150492340851,37.0493257138949,-34.0659008260126
IITA-TMS-IBA050251,-22.8847360965161,18.7985836421888,30.3717970518997
IITA-TMS-IBA061365,-2.80578461289224,23.0570480093834,37.5726700884848
IITA-TMS-IBA070536,36.966440590967,29.2728613810532,32.2683912314747
IITA-TMS-IBA070557,37.9992360888647,9.04241913996715,16.533559027807
IITA-TMS-IBA070670,36.2720289256865,21.0189118160916,10.0897247913833
IITA-TMS-IBA070683,0.635019544234725,20.7173039568472,34.0161813370523
IITA-TMS-IBA070703,-10.0661419888977,13.1336401414409,42.6038108976174
IITA-TMS-IBA070736,-3.27599393441906,15.5444949048664,19.0619773905479
IITA-TMS-IBA070738,0.728766345082905,20.8403455635901,33.954955882332
IITA-TMS-IBA070753,39.2532000411956,28.0320726952098,32.9174218621242
IITA-TMS-IBA071026,39.2303953343574,21.6502653113756,33.6888049327095
IITA-TMS-IBA082032,-30.0112138481826,24.3568400488562,13.0002669784895
IITA-TMS-IBA082159,-24.4013846076401,18.8533009307688,25.9456994201318
IITA-TMS-IBA082189,-5.39244087166993,44.8393480261066,39.5519949653666
IITA-TMS-IBA082393,0.718440030060268,7.74498836941581,24.5777019718237
IITA-TMS-IBA082418,36.8589396417397,48.2317675005718,46.4807406351258
IITA-TMS-IBA082425,-5.56248244021595,16.5077681158975,22.5181154063841
IITA-TMS-IBA082432,-10.5908455441528,36.7723530950417,18.3170169485489
IITA-TMS-IBA082636,-2.92242917800658,41.3109798197237,45.4937534209962
IITA-TMS-IBA082708,-6.17294072674242,55.9770874756724,42.7378086862678
IITA-TMS-IBA082993,-23.5950744478062,-7.26134753076566,13.8423006020208
IITA-TMS-IBA083043,34.9156386494761,44.2864557301029,34.8044514527436
IITA-TMS-IBA083196,28.5054844953968,24.8848997639596,12.90580932063
IITA-TMS-IBA083389,-13.643290550327,76.297709560718,41.8965590053555
IITA-TMS-IBA083426,37.5738472523364,50.8368394070279,52.1144177329864
IITA-TMS-IBA083535,-3.57821862026375,23.6874846399633,36.3065529505848
IITA-TMS-IBA083565,33.1640047493498,50.6306754340337,27.2375240530752
IITA-TMS-IBA083568,-24.4922422191308,25.4625051738143,41.992608585963
IITA-TMS-IBA083579,-37.1448821525598,18.1077374070947,44.0473009175831
IITA-TMS-IBA083580,-24.1309757981239,25.1065305493148,41.9577946341233
IITA-TMS-IBA083594,19.5712500368759,31.095736087137,19.9984940926325
IITA-TMS-IBA083718,-26.40164097425,20.3092923569222,11.5196582244462
IITA-TMS-IBA083724,-24.8816070002598,21.5470331212363,21.3273140770863
IITA-TMS-IBA083739,-27.8284018760483,29.4530139733553,20.567075454489
IITA-TMS-IBA083774,43.4363461556234,16.1673106981878,36.3775712049736
IITA-TMS-IBA083849,-26.1206689581068,15.0006990516394,13.936541696393
IITA-TMS-IBA088674,34.8481937863849,8.68097278464188,10.9480152508099
IITA-TMS-IBA088682,56.7678908191639,-61.1742065183284,35.9597503177726
IITA-TMS-IBA088686,33.6609491760508,53.5654309182973,19.1762292019081
IITA-TMS-IBA088691,56.8336945888301,-61.2950714579498,35.987115363097
IITA-TMS-IBA088693,50.2160833106496,-54.1245890391074,-13.4405470030993
IITA-TMS-IBA088705,-46.5222144335808,66.2263943033455,3.97720179080431
IITA-TMS-IBA088736,31.7352460937252,0.621648288103286,0.543910469879714
IITA-TMS-IBA088744,34.8016688529539,-6.9003256963227,-4.92446002294304
IITA-TMS-IBA090454,-11.428642019722,40.4588985337986,17.9750038369934
IITA-TMS-IBA090485,28.1464750682185,17.7935585666812,-23.6769921894006
IITA-TMS-IBA090486,35.2851934353185,3.80691043335821,-7.39538705817477
IITA-TMS-IBA090488,31.6478399895364,-28.8353450321993,-40.0580204630291
IITA-TMS-IBA090498,-38.532235739883,-28.5563119775685,-40.86809846544
IITA-TMS-IBA090504,12.8906271017738,-21.3283148519126,-26.323326284914
IITA-TMS-IBA090506,13.4446907258209,-6.73188202331938,-29.5013729906831
IITA-TMS-IBA090508,-96.82205262158,-29.3076776502137,-3.31592842079146
IITA-TMS-IBA090509,23.2329626214446,-16.4982612172267,-32.7965676511186
IITA-TMS-IBA090510,-33.5434158159436,-19.4105473928821,-17.3420808993462
IITA-TMS-IBA090516,-97.1992083596392,-11.897611459501,3.80512357845321
IITA-TMS-IBA090520,-69.2511755366433,-11.5181607401641,-3.83157902016405
IITA-TMS-IBA090521,-33.1566311664129,-10.4213238861311,-13.0004833331943
IITA-TMS-IBA090522,-37.1837420844762,-10.1372185120524,-18.0300144455584
IITA-TMS-IBA090523,-36.8293620329146,-10.2382287294452,-18.0267846894988
IITA-TMS-IBA090536,-12.36437878794,-21.2534982051453,-38.9507659797624
IITA-TMS-IBA090537,-29.7959166958344,-45.7255971312033,-19.9302028273062
IITA-TMS-IBA090546,-33.0545972473423,12.738327056389,-0.435614981554361
IITA-TMS-IBA090564,22.3645512070896,-10.5202334101681,16.4080888872552
IITA-TMS-IBA090574,40.5121342298355,-13.4348467603585,8.42585176689098
IITA-TMS-IBA090576,-14.6383798945292,-18.4719381112843,6.29141226455109
IITA-TMS-IBA090578,-19.8428204688034,-31.6340592939207,14.9478033810892
IITA-TMS-IBA090581,42.0487646886141,-10.6501837293919,4.4059273633807
IITA-TMS-IBA090590,22.5823760597194,-34.9353220063894,-24.0836963499123
IITA-TMS-IBA090616,37.8833328677893,-10.8162293983519,-1.73028529045251
AR124,37.2260248188334,-19.3788802540112,0.171105824744344
AR144,0.394675405150297,14.6083228594782,33.8100373791948
AR155,37.5514279457492,-4.77528557037295,5.33409369128582
AR182,48.6417340731314,-34.7319732491444,17.423261169773
AR311,42.876969306614,-18.4972227920481,-2.83825753181008
AR3913,-5.87517197102705,18.8447269217854,27.292266587694
AR945,-24.5232513744885,-20.4261558656911,12.0061370667424
AR95,-22.1676643719044,-33.648266826982,10.4223272366005
COB1103,-40.5709767634281,0.138887037136804,-5.74221264631513
COB1139,22.6254373035182,46.4201928421337,12.3857019841126
COB1163,-36.3130337080274,31.967866942977,27.3389584068369
COB4100,10.8108291496994,-13.6539500012286,-24.8812613380082
COB427,25.874283803247,-16.6092263708063,-22.8935462457281
COB452,11.0808115512608,-9.88929402148946,-28.2081442093375
COB474,-26.1495205656024,-16.4103587593863,-22.5431493782877
COB475,-39.187315131768,-19.7530122488534,-21.0283270365181
COB477,16.2949369460712,-9.74674208228386,-24.4468649484795
COB479,-38.9270730186677,-14.920668785306,-14.7190667531183
COB5104,-54.0012114912162,-9.22066049058248,-12.4834657578776
COB512,-38.0182852615486,-18.4423538447437,-18.683583940962
COB517,-65.2710527766579,-18.6032024983695,-4.54756482903909
COB524,-24.0522962222336,-37.5408567758723,-0.971804118774794
COB528,-39.2088112789474,-23.7446080073776,-18.8496948230742
COB536,-37.3162307214237,-27.2608220349576,-18.1723617983705
COB54,-38.1922422485491,-26.6022530829882,-17.8450824341434
COB544,24.1818574991937,-17.3485957591602,-20.3472248287424
COB548,-37.7739314017087,-18.4374188765002,-18.1611039588678
COB553,-11.3104757383989,-22.0723069289442,-21.9514242975885
COB557,-34.7501072548236,-29.047622341515,-6.84741520620043
COB561,-5.00556284290968,-16.2786270839747,-28.7832456570642
COB61,22.7272075775906,-24.1506471902774,-19.7192803298069
COB619,-13.3203119232088,-13.2936539967395,14.5527225683948
COB631,-22.7691558129704,-21.4719034274155,-18.75943617605
COB641,25.8236522687309,-17.2176443733815,-39.8559251120393
COB7180,-10.4920482631717,-6.27202994743303,10.9041093452209
COB7197,20.2187178118946,1.42459802750876,15.0697005828931
COB725,-29.910704523737,-2.80786695564003,18.1879828483826
CR14B218,-16.4870210070955,14.6637266005103,11.8275606824229
CR14B67,38.0232738722366,6.80456944966172,11.3233696245652
CR15B3,39.4352632346938,-9.76588893015536,10.3572920546225
CR15B4,43.1325256879588,-6.62170192067705,12.6572067191904
CR15B62,31.9812543604789,5.57175679513669,6.66288064712023
CR15B7,38.1125060899046,7.77460534746653,13.1071071569341
CR20A2,22.4281356338503,23.6677542187774,15.7801385729525
CR247,5.90323933831702,-12.0030310059805,12.3667793196482
CR249,-45.3911008733389,64.9739816512749,3.73234406278098
CR346,-20.4739936034897,-21.9307486132778,18.6845890962294
CR3510,-19.5186484773072,-21.6478977019601,18.8806574066097
CR3514,-25.4486173371811,-12.3443188495818,19.1249441815737
CR362,42.2582857874112,-6.6508353306354,3.51161214551181
CR3913,-28.3700806261666,18.5936989909589,13.6131818488294
CR417,39.2771722292533,-13.648750424531,3.93894594092087
CR424,36.0436087129797,-7.77804180656308,7.37058718232973
CR446,40.0791189580958,-9.36735320967515,3.49236453656593
CR4510,44.1850549865079,-13.4383415800527,6.38248757188784
CR492,36.9878821501503,-18.3658507413028,6.69855438215874
CR52A2,41.0185058854401,-12.5627416382889,7.93935444673199
CR52A26,-24.7167632852531,-26.7571121369059,14.4406744899146
CR52A31,40.7341987527766,-22.3527287244502,4.48543884957751
CR52A37,-25.043423141268,-28.289506271775,8.34654141541576
CR52A4,5.88315387616187,-12.0420548681469,12.800079584218
CR52A6,38.4153869898758,-11.9948671178902,-4.25389450384394
CR533,40.7427476124374,-11.8627705704429,16.5599468117341
CR594,38.7136147623692,-15.0681492688548,8.52468667931273
CR60B10,37.432647886297,-1.31601829706944,5.21680013496744
CR8A22,-15.8105059994487,-18.1901567395481,16.9652338945521
CW45036,36.8391462164659,-17.0419849895793,1.41564859336516
CW45046,-24.9163906805461,-21.0115416777087,11.1769550990664
CW45072,-30.5009705192343,-14.3326296862421,10.7657258112409
CW45133,28.5635226906181,21.5436027925656,17.2905049230801
CW45180,6.43390570842359,13.8865852119356,8.68970253309552
CW48216,40.6149880523424,-9.41346760586095,3.55540126750994
CW4823,37.3754567669669,-12.1396858488297,10.0394794837576
CW48515,38.0057247140808,6.8193373209694,11.086028317309
CW5251,-10.719769046427,-3.80701804875419,4.2949400787106
COB511,-37.8970300501957,-18.5410227205467,-18.2994183161798
CR52A9,-21.4538234843756,-33.748312792311,10.3315475819348
AR1410,-27.8881822836178,-4.07247646388523,8.9243852234079
CW45617,37.0953758996266,-3.32732544450499,-0.261475049842229
CR100215,-39.3039255075859,-58.7441614145889,-54.0148735705696
CO08002,39.1419640855128,26.9444527061282,36.1167518174391
CO08016,39.5589940115465,-5.67838623939565,6.09496398641266
CO08019,36.7646714065992,12.5685347697264,16.6504797128704
CO08020,34.7292298636772,43.0827871061471,18.6917468350073
CPCR15B-16,38.9136214451569,0.496571515701762,8.84482379514525
GCO0486,30.9165960798166,-2.7194263543711,-2.55011647145509
GCO076,37.23167868761,-13.5961800953256,1.86437665330434
GCO082,0.875494752803234,-11.4029257438319,16.585367654435
GCO084,4.72120992127902,14.7100139191132,9.34006315431924
GCO100,32.2046397501066,0.873110608441624,5.41935958798275
GCO134,-29.8931572752885,-9.86436450429223,9.11351037345703
GCO135,14.3354971623408,18.0584730708502,11.0404420888426
GCO194,36.2469677148521,-6.22396133217641,14.2398585139301
GCO200,-3.85077261791317,5.99196631450245,-1.94312701654476
GCO244,37.6610935352703,-12.4981776144894,6.29061859713505
GCO273,-27.9684125146987,-25.4183563013584,2.74028051284463
GCO278,38.1390211609555,-20.4252967591652,-10.5672041184296
GCO279,-27.0684122508144,-8.09620549386967,4.45065021123367
GCO282,4.45315402777012,14.6478160320449,9.320460481265
CR41-10,44.2963235647585,-13.4314694663334,6.54106213941413
I991732,-2.61561715311744,37.5164431028178,51.3782403072562
I996075,31.4148091481551,5.94226064383806,-2.7525865445196
IITA-TMS-IBA088673,-46.3361662819382,65.7378173258736,4.18555690595029
IITA-TMS-IBA088747,33.0353959423575,-4.25412061629612,-1.37249076262408
IITA-TMS-IBA088716,41.9255151190362,-10.1490771532509,4.04439799645653
IITA-TMS-IBA088741,32.6159136821793,-1.26092876035309,-7.60072705597547
IITA-TMS-IBA088684,-0.603279438676522,24.7134725573534,43.8148914133467
IITA-TMS-IBA061771,40.0300335970704,11.5939720503992,23.0432288007302
IITA-TMS-IBA062426,36.3453665330994,-11.958748373299,2.08970408535827
IITA-TMS-IBA9102324(4X),25.970330711453,17.7751223810206,-7.58491197564189
ANKRA,56.3604079252724,-60.4393222174759,35.5836625954595
IITA-TMS-IBA91934(4X)(SEX),24.1552751554635,43.1361316560059,-31.48230119563
ANG18,38.3087428163251,0.644657006169657,-1.20025629131669
ANG14,48.8565962294967,-27.5310937114358,14.5926658386757
ANG26,44.580684467807,-13.352068134058,-0.367613734815947
CM5306-8,-12.6838024888766,-35.6308322098633,16.2300715715475
B-BLILKP,-2.72360593059529,-11.2054904002486,21.631675569039
88713,35.6043777848576,13.2534659915765,2.76267281667035
IITA-TMS-IBA00070,36.2895733961584,-13.2756775190984,-22.083856045088
F1P002,36.6394392899536,17.1201409805167,13.6729463450027
F3P016,33.8350305391304,19.3194834703813,4.39803020052228
F3P018,-18.7272697283415,7.38583808171017,16.2531799073939
F3P024,34.5901595021981,23.193959071219,8.00455573229856
F3P027,35.4488810731012,23.304135323053,14.2892012904971
F3P029,35.109771017282,21.1756746556243,9.65383472094993
F3P033,35.2712671656184,14.6954341193552,5.63377635781054
F3P038,33.8490094505615,31.6095537542492,17.0204062007223
F3P039,35.2542630501736,23.9613713282844,-0.0307675411292338
F4P006,-19.1978293689109,29.6494829761708,-0.420632553737735
F4P010,-12.1431363124831,8.86760901338309,16.9535824906907
F20P001,-11.7218843177198,-4.01486510827287,5.98986470095543
F21P001,39.3435940959761,-5.40055006829042,4.95732320516584
F21P002,42.6404293550676,-11.7023331602403,6.04298036100245
F21P003,42.7850510413909,-13.6786048294642,-0.0871263116046668
F24P004,38.4722771645931,20.4923469340503,3.89571746623115
F24P005,36.3525783361802,23.2468928300177,3.14157399506886
F28P001,-13.5794409542004,42.3743394117596,13.0961429316415
F31P001,-33.2507475911315,24.2265376764099,-1.53967657344326
F33P002,-21.0777073883914,37.9073476555925,-4.65361158329458
F35P003,37.0105231392147,4.28320743918802,2.00393285218339
F35P005,35.4903362532856,7.21906954320958,-6.3757652070747
F37P001,-25.3200504073666,9.48513252559935,-7.545147657169
F37P002,-32.4742411095751,18.3206301784093,38.7816700895045
F37P006,28.9235560729171,20.5203422048384,-13.7938445135633
F39P005,40.0657134497225,-1.46262857155876,21.9959477413521
F39P006,34.6104434413897,17.0978744672972,16.465424458972
F39P007,-28.855412075376,-1.55859243347095,12.8344510668178
F40P001,37.7931811406967,3.72904974982383,10.0029559531117
F40P003,-25.6523343781427,-6.88155088859972,22.5182769836431
F40P005,41.3264231152741,-5.55686806519719,22.1151612939318
F40P007,-21.6627293035025,-15.2474615299846,18.6793135269054
F42P001,-8.85948676293806,-7.69730071041259,-6.99191331272547
F44P001,-66.6782425456938,-15.9155145061053,13.2678252564025
F44P003,-26.9474072817624,-22.6749307963947,-6.03292455016524
F45P001,-29.8708554167845,-19.309198243673,-5.66945520437741
F52P001,29.8406903745568,-1.11135111856203,8.35038730174009
F52P002,37.5541343653802,19.5175855510985,19.8287856346103
F66P001,22.0381921195183,32.2857849022848,16.8026243553678
F67P001,-25.02712131525,2.24728649327864,19.3219326769642
F69P001,31.8186146545463,9.42407814346348,3.54542573937905
F79P017,32.7607798671247,35.1681579252302,8.47127036164453
F86P004,31.8617296172869,12.8368538485753,-7.1429268098544
F100P004,30.2103911211965,2.07403814055009,-14.1654227177152
F100P005,19.1422987915566,-6.85782910445331,1.26862219090316
F100P006,31.2823188650488,5.6195061851537,-6.47132298205181
F76P001,33.3812544624296,-8.02456320443308,-8.29887166516109
F79P001,-20.8919195808653,18.9876125080748,10.4730146582769
F81P002,34.738788182777,14.7609728334767,0.981216154590199
F84P001,-5.95667803324934,10.0091838821885,21.7488102949261
F84P005,35.1719138905647,13.1800510443728,13.9163673018019
F86P002,22.8812091730566,4.5852420135484,12.3437150758559
F89P001,-9.38235760436048,23.1549122086703,8.98014819509752
F89P002,-51.8833720093878,-7.51075677751178,17.9676844565608
F90P001,-13.349463333344,3.44944674930898,22.1342649170229
F93P002,-13.3457242695703,-2.34059973721383,19.6387547222377
F99P003,-28.8317532091773,2.96148701089272,19.4683968088312
F99P004,-24.2543505752872,10.3175159390425,2.60032948267219
F100P002,34.9145209655393,-5.9747566508389,-9.05514214721626
F100P003,-31.7621554917621,-3.91633389505883,3.20248074436401
F117P003,31.8495871822759,-0.641474554660701,-3.11542260837422
F117P005,-65.9996551426113,-13.9092335660886,18.3253836462762
F117P007,-33.379240647229,4.96846715368051,2.56719642237935
F118P004,-29.5682267923813,-24.5640891612481,-16.9741702426237
F118P007,-26.6718338788565,-10.4369054079323,28.0926353036297
F118P009,33.5661084677053,9.22232325385168,19.7004259373712
F118P010,3.1183939716376,0.0661550704956523,19.8876787609412
F118P012,-27.6419737346509,0.000941030161875569,20.8517745187615
F118P013,-22.7874394881041,-12.9682425642072,23.6804217701729
F118P016,32.8931686893059,3.07434061017119,15.5938866885709
F118P017,-29.3822898407207,-4.1686648902317,21.360645269033
F118P018,-28.3175172323789,8.94682807564029,34.2423021098083
F104P001,36.8931376766195,16.9760340809175,10.2552362801787
F105P001,36.390590445498,5.64688669703574,-5.0448270992794
F105P002,-6.92803037397559,-0.282081924315442,17.4599656833775
F105P004,-5.55026345978866,19.6056332117937,17.4102724939323
F108P001,30.2815648631338,5.42200208517212,6.82170492784751
F108P002,-2.57017911069297,3.35101659114723,11.333734581586
F109P001,30.8752923691126,10.0289314036301,4.1940807585111
F110P001,29.2197807098712,10.3794293196518,4.89782980949649
F111P003,14.9341629438373,-8.84383832763639,8.34080841896171
F111P004,37.6102531265404,-11.1515304034351,5.11017095937401
F113P001,-25.6346420708416,-13.8232583699877,19.7239141970224
F114P005,-2.22968768955555,-15.225977942469,-6.8693526731209
F115P001,34.9711121888313,-4.97319156291882,-11.4284848772419
F117P001,-37.4637794957356,4.0565849850314,-5.88006256333731
F117P002,29.0613533128128,2.5500360695691,-29.8071721355215
F118P001,20.6616293695489,-10.1077682113321,-5.28367152536596
F118P002,-29.2722079204042,-13.6511990800429,1.83821558425574
F119P001,-69.2255332162186,0.384846927944313,37.7821910589856
F120P008,-31.3675100736344,26.4731604684629,1.81113122820284
F119P005,-8.29408573362836,5.06650148021785,2.2797645844504
F119P006,-9.93801140399143,16.731941100793,8.21683180654952
F119P008,28.0729817980223,4.37978380795683,11.4155371544219
F119P011,20.7763342616066,4.94668970772435,-8.87828306983641
F119P013,-26.5034358657624,-6.06777301299285,10.9912998790429
F119P015,36.5666787437177,11.550387346525,6.20767862708279
F119P016,35.1426281504174,6.66416031972177,7.79665169623904
F119P017,-27.6764126153495,4.12325187763321,9.77841703646759
F119P019,33.0897337249536,21.757435225687,-3.93164435308401
F119P020,-28.5915710859032,-1.5554336655772,1.72556432858016
F119P031,-24.3044516518599,-11.3728737965351,14.9751388934702
F120P001,-29.7936859466533,23.9739069498752,14.0153137570254
F120P004,-15.230389214168,8.44771642839901,8.46961986870381
F120P006,-26.1921765011196,2.88005408771369,17.19097781436
F123P004,-19.425776348447,20.2489469360329,12.1784550269364
F124P001,21.6604023925748,-1.84413135835549,-17.6196219194463
F124P002,20.4546014645492,8.56066237509385,-12.5247301009226
F124P004,17.4405022861657,15.8647458552787,-13.0982177273102
F125P001,24.0651851258237,26.2678610017768,11.7177453329935
F126P001,13.391317594406,-2.70728565685841,9.27669976700112
F126P002,12.7706534867302,7.98747528336569,11.9728719033607
F126P003,8.75619221518878,17.3905219981399,19.9738213797365
F127P002,11.4225554491954,23.6701450513028,27.0885441038806
F127P003,31.3751148661205,25.060898977774,-0.464460113068451
F128P001,35.7202659230266,16.4767348288054,16.600329415696
F128P002,34.2364925017408,6.66823650600583,5.45477612777273
F129P004,44.3869352301166,-4.70972147993527,14.0811192812964
F130P002,4.07556989143171,13.1777900644988,-6.25107761844415
F131P001,-33.5754263797481,-5.58543492630833,8.20111903387419
F132P002,-30.4688907627169,3.94948185861343,9.85802981867506
F133P002,-65.6583127493359,-10.1212022343879,40.9621766206285
F133P003,40.4679283575844,-6.0863001373884,8.79957562312847
F135P002,-42.9386479048965,10.2830368510897,0.637674259449103
F137P001,13.8631248692281,0.150339916953296,16.6582750848456
F138P001,-13.5868861494859,-1.31909683726834,26.8818611616534
F138P004,-6.08361813356315,11.4105534829648,23.9169830060485
F139P001,29.2265906980033,13.467026221366,1.67705080322913
F140P001,35.1945166554447,17.8856470998236,1.2184462893289
F142P001,35.1050303592616,21.4673378979471,-2.64643492769367
F142P002,39.6148512752739,13.6506657071822,13.6942956726034
F143P001,-28.3429143762986,0.577032456723107,20.2849941860412
F143P002,34.2844823265441,9.25156411399542,11.4318706967609
F144P002,-8.27382914078718,22.8045317868814,12.7504508823287
F146P001,-1.77833395343866,12.2339483741238,33.9315004734856
F146P002,-4.61550916449351,13.6290307145106,33.0212032597006
F147P003,-36.7894025857703,-3.86476516651436,12.2546809511295
F149P002,33.183978074229,32.1836204055366,4.73469077337543
F152P003,38.9422450656292,27.0726252732563,23.6138076554082
F153P001,-57.9938883597325,26.4478963465128,34.4656725652501
F154P001,31.759483794995,-8.83685567624597,-23.114865622858
F157P001,-28.4984672971604,3.75545074484556,11.4700168981484
F159P001,4.10485670948482,27.1595502369054,3.84472370348611
F161P001,-12.1789648333387,20.1338995037678,5.67934964821136
F163P001,11.9092545388981,-0.798095305543893,6.21204868999349
F164P001,-18.7567614223396,7.82415208585374,23.4436435789178
F165P001,-89.5433758384164,25.1300835427334,14.4240305704431
F165P002,-3.41204984901604,19.5924051477863,9.78515547471824
F169P001,-7.35522692102021,22.2413303065223,16.9039113324933
F172P001,-5.32094501280672,10.3715355094719,29.7955475260381
F179P001,26.2360847276886,17.9491490043359,0.381733531432406
F187P001,-55.115817743497,-3.65147879735889,26.1496317824922
F195P001,19.876834094666,25.7968384449245,18.2922612064588
F196P001,-65.0362180500755,5.73977653162749,39.3002311893168
F197P001,40.2528427163317,-42.1172640445977,-15.2092759946243
F199P001,0.990494554892439,14.9076062588369,17.9564403954143
F201P001,-5.87965881737165,7.50022238388796,15.6366698894939
F204P001,-29.1269424931007,12.3767816019207,14.7531735460517
F205P001,31.6246049513629,9.20968519932792,-1.43187322784327
F209P001,35.3830187765555,6.10859973537889,-1.50431971472358
F209P002,29.9217153511624,-6.24943687684275,-21.8197153081264
F28R2P07,39.4544781488829,13.2389358301982,9.29860967086106
I030572,-46.202453758646,66.2578367631341,3.75970808588054
GCO047P1,32.540152807163,-34.4070549454387,-17.1342887492626
F10_30_R2,10.3395333574151,-16.1792522422898,4.96516796227535
EYOPE,-24.3471447203956,-22.750808288441,20.2776081605158
COLICANANA,-47.6475180546441,29.5692576496479,0.953850108346195
BOUNOUA_BLANC,52.0420414345993,-28.2898291885878,26.0931576988294
96_1444,38.5942299426448,-2.59298040278343,6.73966046990373
95_0109,29.1044454340413,35.6270796227629,-7.20592011048407
IITA-TMS-IBA030555,-4.78163864007888,50.7585245077591,1.95786066341652
F162C1bP004,33.4586022913732,5.3300950584771,6.25628939319573
F1C1bP005,29.5421972181669,-2.16204338305864,-4.89988788239663
F179C1bP002,-18.1827900436181,-9.88385476760213,16.2798639283297
F154C1bP033,34.7128665149987,23.3618127885902,22.2269932040946
F135C1bP001,42.9448556768698,-2.7054366597445,15.1243437379702
F136C1bP002,34.5262788387064,-11.8128882651775,-8.27097657557563
F185C1bP001,-21.3676496365145,-15.5603473956579,16.2491982266795
F171C1bP002,-21.2405917780292,-16.0758408938235,8.94328029879075
F154C1bP023,34.7563576359028,8.02118666520161,10.0110057506126
F161C1bP004,31.3166905987866,5.71580748882609,-0.057416432639914
F159C1bP001,-25.8027913819502,-24.5898992557148,23.6809319041641
F159C1bP007,35.7088654327859,-4.91332309967405,11.5078844815666
F88C1bP015,35.7253978744323,5.81561821631499,5.90210232922276
F91C1bP010,-8.74326662251992,-26.796826847236,19.685877122751
F40C1bP002,40.6401974021695,10.9833090929783,22.4762817597331
F78C1bP003,29.1989641876924,17.9615452766295,-1.67472334731146
F56C1bP012,-32.0744536216092,-2.8631278063599,-3.37838002437283
F55C1bP020,-30.2766554818394,-46.961619668824,-9.11455425913415
F56C1bP014,-28.3085158604475,-3.64661661555459,10.6511373573973
F16C1bP007,-22.9085029516906,-10.3169612350879,24.676244052386
F56C1bP001,-29.0525626330382,-2.91689541440686,8.29417521288291
F87C1bP007,-33.6029830209991,27.8817334870048,16.3420998188814
F81C1bP004,18.6689159573165,-10.9603392015073,-0.60396262029212
F75C1bP012,17.8812210317436,3.07469019929583,0.899937657461478
F55C1bP027,28.6959453704854,-23.8796254304019,-24.5974318650129
IITA-TMS-IBA154810,39.5473766566588,32.542665801229,31.8352995438588
IITA-TMS-IBA090091,9.56769009502094,41.9006031665336,24.6856693862349
IITA-TMS-IBA102103,40.4337951639909,15.6546015040998,37.6515565038439
IITA-TMS-IBA070064,21.1406043684937,48.3682316760574,-4.91542038968878
IITA-TMS-IBA085006,38.0614627178534,43.4212702743183,31.1604663125651
IITA-TMS-IBA090144,41.6527127179165,23.8195468797126,29.2598976255877
IITA-TMS-IBA940237,-10.8153145966656,-27.6678073364294,-8.79035485236667
IITA-TMS-IBA961642,41.0420447531188,-24.3370786513449,-11.7464807156904
IITA-TMS-ONN8500066,-34.9680698819395,-3.51990297283067,6.07774084751244
IITA-TMS-ONN8700813,-25.4471523108728,1.21873400779245,7.19384824102483
IITA-TMS-ONN920168,-32.9024332731326,22.4002048667485,3.40508036086479
IITA-TMS-JOS920230,-27.4800548406614,-0.936204343783393,19.2736256067148
IITA-TMS-WAR4080,-46.5379566739255,66.004942543627,3.94563410013123
IITA-TMS-WAR4092,-46.8590742893518,65.5456524798795,3.4765707098092
IITA-TMS-WAR820249,-6.58293205243345,25.6327092827563,14.5781112105011
IITA-TMS-WAR820422,-4.66245254081362,29.6396940764151,13.9205663451687
IITA-TMS-WAR940009,33.5495480522971,25.7803667119197,6.44963016120751
IITA-TMS-JOS920253,-23.9260728237193,-0.564066722597734,13.783501922844
IITA-TMS-WAR940017,-2.45381985143706,-9.22826050843683,4.45751645946995
IITA-TMS-WAR940038,-31.2671718730653,18.9727986758982,4.60856133775351
IITA-TMS-WAR940727,-34.7722594052639,26.9120331267985,22.8761625027225
IITA-TMS-ZAR920250,29.6548743060323,19.6477256564863,1.33830071416472
IITA-TMS-ZAR930151,41.2047576864232,-13.8342304134044,-8.13541037959724
IITA-TMS-ZAR940153,37.7485934876727,-9.11006080516067,-8.11807807880492
IITA-TMS-ZAR940394,9.60614054283321,22.8401689572322,-6.89538313886946
IITA-TMS-ZAR950154,40.4738377411929,-14.0712855596323,1.95001439680548
IITA-TMS-ZAR950415,-17.6599553949286,21.1685013102074,-4.61963157345866
IITA-TMS-ZAR950432,-20.9761197498823,41.6140987397218,2.90150986688842
IITA-TMS-ZAR950680,28.1889659442884,38.3011274009122,-3.6659992439218
IITA-TMS-ZAR950826,29.9904942687953,7.15193911287199,0.729900016603611
IITA-TMS-ZAR960058,41.1777743000186,-8.96791707785538,-4.61826065931265
IITA-TMS-ZAR970002,-16.4467357159205,8.04401931273602,7.17906134219837
IITA-TMS-IBA940239,-27.5961365774729,-29.9273140557504,-2.09101268394977
IITA-TMS-MOK940583,33.8140910725069,40.5606056166124,19.1009700154613
IITA-TMS-IBA920325,37.0247949318158,-9.60212945931429,-11.38335640351
IITA-TMS-IBA920326,37.3379849805982,-9.91444422710323,-11.5857276367867
IITA-TMS-IBA920342,35.8060991237008,-0.809098972181003,-20.1243797035935
IITA-TMS-IBA920397,-26.876701671637,-27.5239657119083,8.83127982824488
IITA-TMS-IBA920398,34.5928413000856,6.5274143007722,-1.66315257826389
IITA-TMS-IBA920427,39.8376161854388,-6.97482193085901,-8.19226365073253
IITA-TMS-IBA920429,-26.0368985362229,-20.0797123945754,14.4068129500609
IITA-TMS-IBA940263,-14.0716429003743,10.4121976928427,14.3600469271655
IITA-TMS-IBA930098,-11.3895737453839,8.22584512119013,4.08850023788145
IITA-TMS-IBA930184,-62.0280560570907,12.9987162722671,26.7322976078802
IITA-TMS-IBA930267,34.1696108999603,-2.90312289965227,-22.9829973408549
IITA-TMS-IBA930591(4X),-32.6172055036717,30.3497269554817,1.91731081418191
IITA-TMS-IBA930602(4X),-33.5684849704713,21.3609128140353,-5.90145828092134
IITA-TMS-IBA940006,-33.4076133312207,25.1682849111174,15.1300096616996
IITA-TMS-IBA940018,-23.6836030170764,-2.22210224127066,10.9232691078729
IITA-TMS-IBA940020,36.0717591552027,2.11979103879523,-14.1238986025276
IITA-TMS-IBA940026,33.1817605702644,4.87537894415412,-30.9447975018789
IITA-TMS-IBA940039,33.2728303325979,9.11883853850613,4.60248156219652
IITA-TMS-IBA940270,37.9752682539161,-14.5749741198954,-8.37371532620515
IITA-TMS-IBA940330,37.4499383656856,23.3266197586212,20.3755970617985
IITA-TMS-IBA940459,-32.1972846028712,15.4748030489095,24.8147931761332
IITA-TMS-IBA950041,29.8031315233961,37.2545524485711,4.24422039640784
IITA-TMS-IBA950058,27.1600834761988,20.0005371136206,-17.1240521387377
IITA-TMS-IBA950061,30.9949757329037,23.4195011546629,10.9962959655485
IITA-TMS-IBA950063,33.3309280169969,18.7039407433868,-1.94297820542384
IITA-TMS-IBA950104,-28.1832455172288,-12.4048085304245,2.95770527958849
IITA-TMS-IBA950248,-0.312708740654986,-10.1075493226782,14.5587956657984
IITA-TMS-IBA950279,-32.5683184216105,13.1639009994051,9.86868566692766
IITA-TMS-IBA950289,23.9758703598633,40.0799527994341,-3.65020416303003
IITA-TMS-IBA950306,0.782933075918909,-30.4022845423969,3.57079198182537
IITA-TMS-IBA950379,42.3318853749587,-7.94412217165618,12.5407725566636
IITA-TMS-IBA950528,-24.2527993924425,-21.7035792016655,12.7510245741533
IITA-TMS-IBA950645,-9.25369543995932,10.68128377605,10.9246819807281
IITA-TMS-ONN71762,-30.1155592418203,16.6535447824543,8.61834003867464
IITA-TMS-IBA950902,1.00704806382033,-21.8816276243326,15.9339831985336
IITA-TMS-IBA950925,36.7608686206615,5.30098806325739,12.9151077215249
IITA-TMS-IBA950971,43.3474566373362,-8.99163040411796,22.070746838492
IITA-TMS-IBA950986,33.3388293655658,18.7142177276075,-1.66462794576159
IITA-TMS-IBA951038,23.6068784195894,2.80987596810901,10.93223259576
IITA-TMS-IBA960011,34.1489149353176,3.23860205151378,-0.406265800361938
IITA-TMS-IBA960016,1.0983557819748,-8.36594334656427,-1.74446928578906
IITA-TMS-IBA960023,31.5298964041945,22.9356469255869,-18.7257416000466
IITA-TMS-IBA960035,34.4089572484427,11.876552376422,4.79792006409277
IITA-TMS-IBA960062,36.7906060087121,-3.45639101657839,-0.198635563656653
IITA-TMS-IBA960102,34.0587425600301,1.20519141855105,-1.02040799430747
IITA-TMS-IBA960249,-15.4748026743708,-23.7791522178517,5.86585751180907
IITA-TMS-IBA960304,11.3433148933606,-29.5416181913468,2.77628974592351
IITA-TMS-IBA960409,42.2445454648314,-17.3154232425054,-8.02793413540254
IITA-TMS-IBA960532,31.5760805988139,22.1011431652827,-18.4378843971871
IITA-TMS-IBA960557,41.5533251304465,-7.19801537098456,14.3467874929289
IITA-TMS-IBA960565,32.8739618086348,8.98304383365337,5.7544226782864
IITA-TMS-IBA960590,33.3481308186065,12.6726503903373,3.37275749270998
IITA-TMS-IBA960595,5.38348050066783,-22.7699110726452,9.39050973658341
IITA-TMS-IBA960596,33.1875966661991,8.62306737210257,-7.30323698503018
IITA-TMS-IBA960603,-27.0461479070565,10.266365596699,8.89066046314684
IITA-TMS-IBA960619,39.1665948266809,7.80763879516979,13.8549632380003
IITA-TMS-IBA960869,-4.16408101265321,-11.3191120849814,-4.67977534581782
IITA-TMS-IBA960963,31.2905289562571,-13.4317318832552,-19.0658351146568
IITA-TMS-IBA961039,-23.4896947349326,23.0481728418278,8.19861251645112
IITA-TMS-IBA961087,-17.2943925210933,-6.89359694831626,3.15540321428619
IITA-TMS-IBA961089A,-19.6525386098694,-4.2416859982071,24.6503401961439
IITA-TMS-IBA961317,-13.0668542233465,15.1616114568342,10.5755744428472
IITA-TMS-IBA961427,3.4391334692288,-43.6518687952369,25.625311448678
IITA-TMS-IBA961439,-13.1359255243427,-26.1906928862883,-11.4559599600041
IITA-TMS-IBA961551,40.2198403618932,4.22135922630217,-5.1790539088352
IITA-TMS-IBA961569,-21.2108884239955,4.5616758128384,-2.03211094835945
IITA-TMS-IBA961613,-28.5551051799249,11.5896878098363,-12.9628120344331
IITA-TMS-IBA961630,38.2738740839572,8.0871746711993,-5.22888018838918
IITA-TMS-IBA961632,-21.4191602144133,-28.6079409789953,9.56859404641613
IITA-TMS-IBA970103,-0.562324284986233,-26.5453655611133,7.4166865963501
IITA-TMS-IBA970162,-0.967536787664101,1.46285390730159,22.2641599213402
IITA-TMS-IBA970211,39.1102536783749,-8.38882290876452,-2.5683202273719
IITA-TMS-IBA970255,-0.74385053587556,-26.1325507014114,7.2915364179444
IITA-TMS-IBA970286,30.0019310871984,4.90122302853868,-7.59143962857881
IITA-TMS-IBA970296,32.0960092963561,19.0084263118061,-6.36258245786617
IITA-TMS-IBA970299,40.9597142969213,-21.654197514719,-5.58935267309425
IITA-TMS-IBA970335,10.0316058823483,1.23390789543949,-16.2846160988821
IITA-TMS-IBA970425,-39.6028551942936,-57.6848631976281,-53.4259617747856
IITA-TMS-IBA971149,9.55974905412032,1.15416811700788,-16.5931137497649
IITA-TMS-IBA971228,-29.6451227668205,-30.3281554462576,-11.8173104207557
IITA-TMS-IBA972205,-39.3133927028796,-58.1647953920358,-53.5605968916439
IITA-TMS-IBA974013,-19.8262045508599,-2.36358209707596,1.50272217839134
IITA-TMS-IBA974580,-14.4726939149921,-36.0102137537683,-22.1751703918654
IITA-TMS-IBA974766,-29.9375778556972,-45.9761857961551,-7.02781823205276
IITA-TMS-IBA974779,31.6699928139486,-40.4892290781959,-27.811502110903
IITA-TMS-IBA980002,-30.8507944687433,-7.71459111135299,5.73004280981973
IITA-TMS-IBA980196,-28.1141428529275,-7.66048920768498,19.4802387659712
IITA-TMS-IBA980378,-1.38718771646356,14.7407827142637,-3.8961442927826
IITA-TMS-IBA980406,28.726361610877,30.2705663534965,-9.55885386399786
IITA-TMS-IBA980505,-32.5973188628721,-15.6754240643843,10.9369904808209
IITA-TMS-IBA980581,-30.07065828125,11.6695654095871,17.8636235185503
IITA-TMS-IBA982101,4.28258008938949,14.6763204865682,9.49501914387417
IITA-TMS-IBA982226,23.0781865431698,39.4139471073702,-17.0364722995117
IITA-TMS-IBA991903,-32.3130829780312,5.37055007179228,13.6438536964044
IITA-TMS-IBA940561,-12.9685388082076,63.3265794674011,38.6129872940988
IITA-TMS-IBA930007,-40.8101142375406,41.7212022293495,-54.7624688946182
IITA-TMS-IBA930084,39.9841118071444,-19.2623386710078,-14.3997915826111
IITA-TMS-IBA930114,-18.3007424312091,12.3088408835338,8.35489964301303
IITA-TMS-IBA930134,35.7373892919875,-3.25448300157731,-23.4629728062848
IITA-TMS-IBA930223,-27.9858094796496,-0.97347888095274,19.4680044160704
IITA-TMS-IBA930248,-37.2408780702483,28.2271695254666,9.2682511477806
IITA-TMS-IBA930265,31.1206293607097,14.9160760182608,-6.11987540353561
IITA-TMS-IBA930266,36.9073908729168,1.3605365709573,-6.21087341634662
IITA-TMS-IBA930272,40.0352947825326,-19.3285748984433,-14.4299630164972
IITA-TMS-IBA950211,-11.9271164897385,6.0498954220101,10.5581352009025
IITA-TMS-IBA950269,-40.1506406613931,11.8130635544001,5.03706690458168
IITA-TMS-IBA950947,-3.09072453793739,25.8831245665485,18.3112529360875
IITA-TMS-IBA960860,-18.2297456396848,-6.39364922208911,3.44103862899928
IITA-TMS-IBA960986,36.783010041244,1.8213372372301,2.09444220829345
IITA-TMS-IBA961165,31.3146407727031,22.0629716063956,-18.5074730856529
IITA-TMS-IBA961431,40.233092443012,-20.3610123888329,-4.71618034550521
IITA-TMS-IBA961556,-20.7265541581408,-9.04144515566285,7.82469812356447
IITA-TMS-IBA974763,-36.9526483318107,-31.6588604983376,-24.1328742225683
IITA-TMS-IBA980510,40.8800229079785,5.47371141482098,2.18647386883896
IITA-TMS-IBA982132,36.3916308979743,5.59612382957529,12.0316404386536
IITA-TMS-IBA990111,-32.3070801211178,36.051432556373,7.36640233650238
IITA-TMS-IBA990114,24.8244340058016,40.2593966032261,-21.6411589036511
IITA-TMS-IBA990119,32.9783577179352,-2.4307150536902,-12.7983335973799
IITA-TMS-IBA990222,26.386059616573,17.5548540661503,-8.18249605563954
IITA-TMS-IBA990240,32.2239127611762,9.63126813035607,-9.36130162787767
IITA-TMS-IBA990304,-32.194751415923,37.1907430814329,0.645432607090077
IITA-TMS-IBA990411,30.0587463182029,10.6261084769667,-28.2116121071726
IITA-TMS-IBA990503,-22.2910769863671,30.0960453537804,-18.3002571267915
IITA-TMS-IBA990543,31.0265666925275,24.0144696975891,-7.16177699571959
IITA-TMS-IBA990554,-29.7110243247559,-6.26468220227647,-0.848854725747235
IITA-TMS-IBA990564,-6.89346112591141,17.984001537987,-4.58409587891485
IITA-TMS-IBA990621,32.6507921943868,-6.22743403145539,-23.3815393573868
IITA-TMS-IBA991579,-23.4210138502412,3.40193344713627,34.7816180409639
IITA-TMS-IBA991590,-29.0408895984852,16.1012000441821,12.9312116891611
IITA-TMS-IBA991702,-39.5514524315523,27.5827630484233,8.80806267037195
IITA-TMS-IBA991734,26.1169846261579,44.8727432901062,-6.13572918575211
IITA-TMS-IBA992123,34.3115533050556,11.275562425062,9.70978487308149
IITA-TMS-IBA993073,-25.345122843016,-15.9892323789328,14.0740500506169
IITA-TMS-IBA993151,34.2279180930756,11.5516569129991,9.60441708748608
IITA-TMS-IBA996012,36.3664757739847,0.415672248173499,-12.375504271651
IITA-TMS-IBA996016,38.2872583080214,-1.13645027541147,-12.1418198795967
IITA-TMS-IBA996017,38.0138768135149,3.31526601901406,-11.6209079945961
IITA-TMS-IBA996069,32.0473064453487,11.1227505911272,0.140220311681972
IITA-TMS-IBA996076,31.3182219454237,6.07867487499293,-2.80734565444847
IITA-TMS-IBA997533,43.4326892616734,-23.2154254449618,-7.34617586000474
IITA-TMS-KAN950286,8.65057280024618,30.5941515204092,-15.006467398287
IITA-TMS-MOK980004,35.3824355411383,-11.1177779038166,-13.2612436026577
IITA-TMS-MOK980028,38.2940413310242,-23.1908035970256,-22.0191275734636
IITA-TMS-MOK980040,33.7159827054386,15.9962418853761,6.7716022367704
IITA-TMS-MOK980057,-32.8048604402804,-19.2066758744312,-3.70866055563486
IITA-TMS-MOK980068,-28.77946564162,-9.61603795708331,-9.58003596810081
IITA-TMS-MOK980115,-20.5086016936176,-30.2650379869654,20.8387576907529
IITA-TMS-MM961751,43.8215963637174,-21.6012996941154,4.31174547430004
IITA-TMS-MM961871,-32.1113431829612,2.01867467779742,23.3028697448038
IITA-TMS-MM963665,-14.4857646448225,-20.7553081969971,8.566897326082
IITA-TMS-MM964496,35.9924592164488,11.086222621053,-0.957617976270767
IITA-TMS-MM965280,-1.09603937292815,-28.1887839600252,5.97914506083147
IITA-TMS-MMM96JW1,36.5377506295146,-11.1640260697941,-5.35974544737668
IITA-TMS-ZAR980135,27.6151906765287,34.7279369549801,-10.8871385787155
IITA-TMS-ZAR980137,36.6571424934272,7.76958512752696,5.92137085800545
IITA-TMS-ZAR980139,-34.6234484185252,13.2390712477714,15.6296924096461
IITA-TMS-ZAR980144,-31.5605141340849,6.35267095592917,20.7097843815677
IITA-TMS-ZAR980190,26.3366279883087,34.7511869207616,-19.1694829658646
IITA-TMS-MM970134,26.9242043189801,21.6055261446342,-0.748348999521413
IITA-TMS-MM980299,34.0288853143522,10.0775668949055,5.07294393149191
IITA-TMS-IBA920417,37.0493556936557,0.634177226506934,-23.2041376213468
IITA-TMS-IBA920457,37.9355315295052,-11.4792125958299,-27.8611248484619
IITA-TMS-IBA940066,-66.7587959215361,37.3326549318769,15.0505111938042
IITA-TMS-IBA960804,11.5407152114175,-29.9731121953747,2.99163857976536
IITA-TMS-IBA990313,-14.005915088947,1.50225864347971,35.2157005996565
IITA-TMS-IBA997032,-2.34328638297264,38.2891307901531,51.9134626422985
IITA-TMS-MM970016,-7.95023548276982,-16.5574290653409,-0.334221256112754
IITA-TMS-MM971660,-23.5403401758701,2.33160311880885,20.5399873360413
MM97JW2,35.8935137241813,-2.59792936377308,2.54555600105527
IITA-TMS-MM972480,-30.7181299672123,-13.8452042877122,10.2661675143706
IITA-TMS-IBA920342(4X),35.7847212684064,-1.25821968205446,-20.279680648887
IITA-TMS-IBA930070,9.28639982607354,16.7405933346485,6.0628715094352
IITA-TMS-IBA960325,24.2363701728822,21.6179344580759,14.4463655765368
IITA-TMS-MH950414,-27.2330744730013,-21.1112872861642,-0.308846597266973
SL861(4X),-35.5332122565758,43.1865357223242,8.98508248810753
IITA-TMS-MM970092,40.5147267117962,-4.53498461387233,11.6078442667908
IITA-TMS-IBA970219,25.7531689787748,37.4912065268273,-10.7681133569997
IITA-TMS-IBA997578,33.4045532264544,12.5962861982201,3.14007634953701
IITA-TMS-KAN930061,35.5079052309078,-2.88159759351751,-29.36724591482
IITA-TMS-MM970043,-23.2976046387629,-12.438264133834,17.3951742621833
IITA-TMS-MM970227,-27.6431751630143,0.964056535506968,16.3290608063102
IITA-TMS-MM970646,-22.8289754070457,-11.7016787105208,18.9343199232119
IITA-TMS-MM970806,-20.9171848549311,-1.28566490590786,28.6407268497802
IITA-TMS-MM971141,-19.3033687935692,15.0531534129767,22.7760021957959
IITA-TMS-MM971405,-25.6054269724519,3.33150696113449,21.0006162476276
IITA-TMS-MM971899,30.2322090373392,20.316494530837,12.3358433218283
IITA-TMS-MM971909,-7.63555009194352,-1.44510525594962,1.07649477889233
IITA-TMS-MM972220,21.8133718049265,15.8930992415848,-16.0226017563155
IITA-TMS-MM972320,1.91077939507531,30.5872802394301,41.6382378240382
IITA-TMS-ONN8400401,29.1983670134632,23.335886352723,1.3163880863178
IITA-TMS-ONN8800279,-31.988219763638,29.5837743592343,1.3111348120212
IITA-TMS-MOK000004,-33.5395281012759,25.5290993443391,-5.47506533877222
IITA-TMS-MOK000115C,-33.4007258795048,5.14924466719493,-16.3438970183678
IITA-TMS-MOK000141,27.5437569695261,3.16985106928109,-10.1528436812566
IITA-TMS-MOK000142,-31.5816332365684,-3.37956349916101,1.16418536769021
IITA-TMS-MOK000146,-33.8709578229508,4.55459219926243,-16.8012040944463
IITA-TMS-MM980163,-30.9531527222329,6.51010994144459,21.0391154196579
IITA-TMS-MM990214,-13.0528884559208,10.3048204844338,20.407490340202
IITA-TMS-MM990302,37.5847867457822,-1.27464459940849,10.8103781616105
IITA-TMS-MM990477,42.8077183869112,-21.1028908995118,-3.98359322705573
IITA-TMS-ZAR000120,30.6780358590867,24.3906860169821,-18.8356199464812
IITA-TMS-ZAR000104,43.7328495832178,-34.3290756772348,-15.561569678077
IITA-TMS-IBA960129,42.6419803166317,-18.1482882034806,-8.89964384128242
IITA-TMS-MOK000015,-32.8163052413282,26.0315900649002,-5.01169645943968
IITA-TMS-MOK000044,-38.1916660070742,32.9577932979189,14.8823142378445
IITA-TMS-MOK000063,-30.4450153944438,-8.66887423794189,-0.53423705135576
IITA-TMS-MM963635,-20.2321024059032,-20.5895096631167,10.2295624261668
IITA-TMS-MM990268,42.8392100152328,-21.4831502713472,-3.8710352909679
IITA-TMS-ONN8800119,32.1942443426706,11.7013155389629,15.71132031486
IITA-TMS-MM980057,-32.4979914728992,-18.9477738721881,-3.81584338005549
IITA-TMS-IBA920509(4X),-42.801566443525,33.9995067630208,-2.37151425436815
IITA-TMS-MM966583,37.0118807432001,1.36017083378109,8.2487878418627
IITA-TMS-MM980931,-38.8106673045322,24.2242314077622,17.1972101823832
IITA-TMS-MM961839,26.4305049685978,-12.1728576199368,-3.92413228753473
IITA-TMS-MM980471,-6.28803406841287,7.24888064297268,25.2578592127666
IITA-TMS-MM981020,30.8035221855039,23.0003686434173,8.89769773640561
IITA-TMS-MM980747,24.4846191076767,46.9718420046854,-4.28731351637084
IITA-TMS-MM013004,35.1736266496776,3.99356407849261,8.76258654247568
IITA-TMS-MM011196,45.6758487131474,-30.0577313381762,9.55824442217417
IITA-TMS-MM985136,11.769319796555,19.8522784658095,28.8982416225285
IITA-TMS-MM980034,-34.2929125603758,13.458090012065,15.7559365138556
IITA-TMS-MM964500,36.9489318998567,1.56431723170298,8.48870674199894
IITA-TMS-MM960287,41.1869290721352,-9.75546894107992,1.46699876153761
IITA-TMS-MM983437,30.8038094661715,23.1082974473552,8.86665518154749
IITA-TMS-MM960259,-26.2470277472812,24.372679153873,14.5514572283958
IITA-TMS-MM964019,-31.1888843048481,1.11363391236392,5.59799598322231
IITA-TMS-MM010540,38.120432682075,-2.46346255529691,-2.68393585535332
IITA-TMS-MM968676,7.3572725094102,28.6990749775302,0.231465757035933
IITA-TMS-MM965055,41.5981394904633,-12.2461313260188,2.09492300147598
IITA-TMS-MM961669,30.3518147240935,14.3478411470186,-1.89555589659435
IITA-TMS-MM974580,-4.3152529553888,21.2124566383986,10.7398049221121
IITA-TMS-MM970287,33.0916711733668,-7.9453491526602,4.62841331732491
IITA-TMS-MM972346,35.6779181642265,-7.15753696478011,-0.946662059858815
IITA-TMS-ZAR000156,32.4149026113234,5.05163447446315,-0.369640377482527
IITA-TMS-ZAR990207,35.732109534867,-3.5878478220346,-9.12665998618353
IITA-TMS-MM980604,36.2091601342549,22.7139747412452,15.656468286262
MV990395,36.1142505238009,8.04534272985976,6.22710784503359
IITA-TMS-ZAR000200,34.5340010372907,-3.29600627373613,-4.28011421271497
IITA-TMS-ZAR010130,-20.0553259290583,-14.9374332165504,-16.0126261305383
IITA-TMS-ZAR010087,44.2956425911279,-15.9154976975222,-6.17682630813706
IITA-TMS-ZAR010071,-11.5287466247905,-31.9652072822812,-11.1163851663268
IITA-TMS-ZAR010153,1.54712897989937,13.1226551281342,3.63101722841249
IITA-TMS-ZAR000012,-24.0931508732689,24.6743766411591,-3.62006498724586
IITA-TMS-ZAR010125,-34.6660165184394,10.5724111472064,3.31380518491114
IITA-TMS-ZAR010053,35.3486881650021,4.60026631862576,4.18645134936006
IITA-TMS-ZAR010055,26.5634596706099,16.9159514425246,-22.0068414138988
IITA-TMS-ZAR010116,35.2362353964358,4.45024240900143,4.36333416059372
IITA-TMS-IBA950961,-19.5427857440985,24.97777611672,0.878154303650085
SIMONYE,48.1743988557944,-33.595478222398,19.5555052504561
SILIRA,-32.3737714447057,14.6798553223103,11.1338427333697
L930447,37.0614834339535,-4.19935491326296,-15.8129892716964
L930425,35.9259309162344,0.464896709403897,-17.0451382055925
IITA-TMS-MM967204,-9.32624170527613,-15.5913100666287,-3.46076058031289
IITA-TMS-ZAR970474,-23.2015358957113,18.6901387284475,13.4390029707744
IITA-TMS-MM011161,43.0308263863551,4.22562167045898,15.2066279716288
IITA-TMS-MM971750,39.8730148673451,-4.43860818630048,-4.7902111738323
IITA-TMS-IBAMP080243,43.3321616487422,-19.6689245996958,-7.4813646854239
IITA-TMS-IBAMP080340,21.2360302247078,-10.2167508779112,1.46524339791194
IITA-TMS-IBAMP080427,9.1058522821342,-25.2583819383959,11.100209228163
IITA-TMS-IBAMP080575,46.3114055011161,-40.4826118766009,-7.09212387829305
IITA-TMS-IBAMP080742,-36.9186729747947,-32.5399859393167,-24.2615899266371
IITA-TMS-IBAMP080814,-24.265989171928,-10.4080026084555,6.46098275371165
IITA-TMS-IBAMP081175,-42.7947491358117,26.9003215620267,10.5134880722697
IITA-TMS-IBAMP081831,28.4293226365709,21.7099428614653,-5.58316808326693
NASE12,-27.8058359123101,-21.1103577764529,-1.01058162844695
NASE8,-35.7468276206173,41.9443837212316,-1.5303412585756
NR010004,-14.1035701962657,1.01177809870314,2.31170078514226
NR7734,-35.8461174789133,7.0049938059188,15.9081012998124
NR8082,-11.4179120138327,-4.66470064942057,4.57628151377604
NR8212,-35.5467037493077,20.0682389467214,24.8174549235687
NR8421,-23.3162740983625,-17.4539001985918,42.0870830470785
NR87184,-24.9898350442729,-12.1676204352686,21.7568531376866
NR89123,-25.9991236247729,-8.82318200596221,15.363651521536
NR8949,-26.8732601494511,-8.7973264663465,15.7688230025003
NR930199,-39.1115522432273,24.1429704830043,5.40725780274974
SM1620-18,-9.64289850362332,36.2175024171366,45.476969390162
SM1799-21,-40.8158245887881,34.3630518433967,-0.897165915651162
TMEB1,47.373591316475,-44.0963606846903,-8.55955271292586
TMEB11,51.3054672024421,-44.5556541399501,0.278383478902365
TMEB117,56.8559033257881,-61.166390695385,36.0267623522111
TMEB117(4X),56.6395764301663,-61.2151619731819,35.7423879747564
TMEB119,42.2231753487023,-21.4201075540251,7.72564983715457
TMEB12,50.9168706768777,-44.149645757097,0.214993344031674
TME3,51.4725239927751,-44.4221220276272,0.408423636832172
IITA-TMS-ZAR980098,-33.2233175907772,6.09053544245948,-0.357047964397583
PRECOSE-DE-ANGOLA,41.2524735268558,-2.58520009967157,1.19446119988166
NR060117,-23.1808229114763,-5.28403503911768,14.9463967327582
NR060189,-26.3836421496458,-13.7601074092074,23.344581417217
NR060242,-21.9400538184331,-30.0949179732118,-1.62357437292733
NR060169,7.31644145444887,35.3825952878823,14.8151994293638
NR060246,35.8748979528114,-14.7698310468831,-13.2753545011717
NR060333,41.1439612960306,-12.6380056507689,7.56062346620737
NR060135,27.4718327392417,19.6135556390199,-6.57326391212174
NR060080,21.7010930925382,-4.41919722255565,-32.6902022320282
NR100011,-2.35534362298471,43.5683634320849,56.2245256412664
NR100024,-14.9873479800626,42.1424812820893,57.4443776683016
NR100079,37.2235643019871,49.4133547443291,42.018901409491
NR100094,-27.3108484124645,10.6887753984939,33.8829027487723
NR100105,-31.4397297992315,2.90357025278181,23.7167612690953
NR100106,39.9699213987971,-15.3739695306346,14.939240660039
NR100116,9.81576783439122,4.67418633285927,-7.8321879938804
NR100122,23.2669599954487,16.1770343232743,25.9803070560308
NR100126,-1.20403506994872,32.3515681722473,41.2547614549334
NR100131,38.7791981777515,6.1812538463461,5.39949439373421
NR100145,35.6700371908933,0.197989397388938,0.317268101910448
NR100069,-2.69388326696094,35.368559811803,54.9822634617441
NR100155,39.0459815549004,6.0874611044749,5.50297257926014
NR100156,20.0549221179897,33.8566191058125,0.422589189468154
NR100158,-30.1632412050458,-4.94734090873626,-8.12845274321521
NR100173,45.1102127313226,-7.54170695908252,23.3085391968636
NR100185,-0.242304575902972,26.9440781832818,46.285785266028
NR100194,32.9707432765155,3.77802182556661,-4.90880968637871
NR100196,27.4430260060567,33.3769547780429,12.7718029383675
NR100199,12.9565523559032,46.688602206969,47.3476811957929
NR100070,-30.0351334884169,18.2480658133668,13.8446079949829
NR100201,-3.41716066080498,47.9430298896477,54.7834200275425
NR100216,-4.08847108945612,40.7031246053082,54.0686488220875
NR100222,14.8671578115345,32.087003033647,5.39935726437018
NR100224,30.3041107828623,4.0749165356874,8.93832593632863
NR100225,-11.074369799262,46.5744139222479,12.3865581361512
NR100226,-7.72349213689969,7.16282769285228,8.25757186225417
NR100230,38.0962410751245,48.836517712337,52.8178344480562
NR100233,33.4692894260238,14.2854975879243,0.975535061975803
NR100238,39.7923082677447,41.0192077100942,45.1293250467661
NR100242,-32.6149417178391,8.30068694131216,17.0192797069911
NR100077,-0.984390991208045,-14.0835193078382,10.9091667523537
NR100243,-29.9016413161064,-0.871825837252375,-1.9855573941075
NR100248,-80.7848737188606,-49.2938736517992,17.7031535175603
NR100249,35.3826085022554,-6.41652575450001,0.277831639498074
NR100252,-34.0893178503892,23.1873289419195,-8.10955055175034
NR100265,-18.2882304776836,0.204368044386359,12.5414046807886
NR100268,37.3500617895412,0.279550727898008,11.8191208270338
NR100269,-7.07728376065597,10.5640198811697,4.8589045383948
NR100273,32.2002559560593,8.80084818526736,-5.35303701052862
NR100287,-41.9333063965936,33.3791568429787,68.0507360816077
NR100290,5.65216084359213,-12.1993513886927,1.28335667345055
NR100291,-22.763831451425,-19.7471034445393,8.40408164321052
NR100297,36.234308328008,9.3176457774816,-6.57959040562654
NR100299,-5.18023429663811,32.1617432737875,37.5453929497563
NR100302,-28.7228425925805,-16.3519862735216,11.6546014856042
NR100306,36.9845398452245,51.2143861338213,47.736832662028
NR100310,-1.231266888632,33.1475060671282,45.3036276098535
NR100312,37.1346251771515,-10.102498496504,4.27817138839244
NR100313,-1.64141659985699,34.5744499208434,49.6735973924534
NR100321,15.4607979524623,21.3605992682763,9.27167219192772
NR100322,41.4101306591123,0.954819876553692,9.01724595534804
NR100323,-1.3487099577584,-13.8138915006966,10.9157941388748
NR100324,-32.1536606278341,-15.5635390619935,10.5195627887729
NR100325,24.8854313484433,20.3277031010338,-27.6575371861654
NR100327,-24.4872293651932,-14.3637462597561,16.5677690671817
NR100329,-27.4283529512458,-5.52804900641461,6.49260038744695
NR100334,-72.9925159922954,-19.8273821748333,-2.89681622851046
NR100354,11.3728670820325,24.0262915798701,5.2272031080518
NR100357,-27.2083392755045,-5.88524270884059,6.79853236629417
NR100375,37.5487864872707,-2.90931380004513,11.8880213531128
NR100401,39.2678842083612,46.188045500905,46.9573248562589
NR100424,-36.0897439467196,-36.3297001875881,-1.75463950090983
NR100429,-33.003408739415,-7.01888265793771,15.3575617698869
NR100431,-21.1004568456757,13.0204113343898,21.4209348069502
NR100432,31.9318685375522,8.50042199450981,-5.25698671521545
NR100433,35.7458137548152,2.36783861607908,4.90700834132082
NR100435,9.53886899137144,5.19163047152494,-7.8785486087261
NR100441,-43.3621181168509,10.403099784095,37.6499895860413
NR100449,-20.6612380672589,-13.9598099455267,30.3806145422026
NR100450,38.0734365709055,-10.1618379559109,3.53630962349012
NR100451,-28.0196062594212,-8.59633569198437,11.8123930001554
NR100455,41.9047580179037,-26.6654210654704,-5.56459578313392
NR100462,10.8694768306584,-0.0638629028822925,-1.46925131632623
NR100474,39.4982103262273,5.12620521568415,11.3215840493484
NR100486,34.2728205326366,10.3797568879684,10.9554707929216
NR100499,-2.68928790810475,33.7443130025479,52.7972578712604
NR100501,36.4766114515035,1.69403531691099,2.41140662647734
NR100012,39.3555723241995,15.6061712096237,16.8825994796594
NR100013,39.0122691353903,0.879232703344643,14.8525960039454
NR100017,-25.2524915549652,2.382871858043,6.77506099488848
NR100018,41.1833639920622,-11.8233704919366,7.10482551820074
NR100019,-27.9485364503281,-15.8971123216239,12.1446651598591
NR100372,-42.6419508669929,16.0848205797439,43.1920803155703
NR100022,31.3520673809837,-31.2641676355961,4.92390078697768
NR100023,42.120092865923,-7.88234329309209,12.7386930948312
NR100418,4.78858750270793,12.7390560889425,33.2888317593818
NR100412,-18.1590486194821,11.3161809741324,34.599775100514
NR100414,31.214711125845,-23.5506878904121,-31.8603431941331
NR100410,22.1504090608016,21.2828462466393,2.74866476562847
NR100417,34.5619543372559,4.82166084288581,11.5786159958668
NR100420,36.2307822185003,-13.1222440463579,-13.3922981425253
NR100411,34.1188474797602,0.645356510755343,16.3497940209653
NR100408,-0.146226921177066,36.5508880146489,49.2426656367175
NR100168,33.1743785784139,0.183290776959822,16.5510473066756
NR050100,7.35359505586414,-6.13480375955877,7.39455336501091
NR050046,-13.8611586433599,8.69500203342253,8.10937813408321
NR050266,5.75419309003035,-3.96061839002253,6.99346788495766
NR050028,-10.172550017785,23.4034653868805,11.8885027530398
NR050200,-33.6389711930986,-24.21330724903,-11.6160912615518
NR050362,-30.3316137994597,-24.0784651277879,9.81610527336337
NR050107,31.0831192209835,45.2279471441104,16.991463771404
NR050067,-9.79397431020968,-2.34390052178766,-6.36268303811703
NR050052,11.4141089314688,-29.8272001166742,2.93022839295222
NR060251,20.0079462294442,14.3554366947093,4.99460249314798
NR070632,20.0480305862978,14.3032328647408,5.29855151570156
NR090022,-27.4416971295422,-30.3130532735563,8.09283019267135
NR090026,-1.53856333669249,15.7701175974757,22.1075055695246
NR090040,33.8140336946589,4.18482898844,4.98562666700639
NR090054,-27.248678225952,-13.4864300094766,8.11142027953188
NR090068,35.5768654060118,-8.22797104908462,-2.61170354368332
NR090072,-21.15669971078,-22.985445665582,11.6422455736415
NR090074,-27.207514478393,-8.58121964428097,23.2234936632965
NR090076,16.5882434716294,5.57157719456844,0.384044245195254
NR090077,-26.8468992984756,-20.7817094284336,17.204432273308
NR090078,-3.62780873818612,-6.87584802834917,1.74720660713732
NR090080,-47.5168267613863,-6.790267005327,22.8353395598569
NR090085,-30.9080120745148,-12.5594264440015,11.9863724512315
NR090115,46.2893539434424,-29.3069011396053,7.11535667411788
NR090116,-26.0059902424109,-3.34339961123529,12.6812631964656
NR090119,-23.6251453972073,4.63013871473766,28.7780174003684
NR090127,36.5707122109382,-22.2344679019736,0.527601132172195
NR090128,33.4662996248626,-6.84177436213043,0.233302194380099
NR090146,-19.7689186622087,-13.1545682665032,18.3267634742401
NR090150,-6.44315586337079,-0.0952396331731145,27.2203149935693
NR090162,35.3269062454523,6.5755917875605,19.2138888660835
NR090165,37.7947911198249,17.4322548462958,22.6019537843465
NR090176,18.4364458540475,-9.45366046375196,24.2687503832425
NR090182,28.9343293538045,19.0990928757181,22.3931488849558
NR090187,39.7584540033093,15.7694846466465,26.4980208013673
NR090191,-1.74800585392052,16.1095900238827,41.5739680291401
NR090206,32.0536765353361,17.2840457459656,13.489781658509
NR090290,40.4036582718916,7.28217529731178,26.4072368316161
NR090310,-25.6203564095078,-18.3714307852733,13.3488678176333
NR090317,-19.1031725155842,-10.5519509283457,8.57144903085553
NR110005,-15.8304068876458,16.3064229986998,18.8667414622483
NR110009,38.9149794925797,0.580553814658604,9.82667195841981
NR110012,36.4729002170688,-11.8695722834886,-12.1971965644197
NR110014,-5.13019720564397,14.6258373885299,-2.12477762748355
NR110016,39.1905994549551,-8.34503901313994,-12.3284682599141
NR110017,-16.6337287260283,13.4820879188275,6.59271358327521
NR110021,34.341226121527,6.03301673556405,17.5945339530099
NR110025,-6.20594422778806,6.04420893023127,21.5929098049019
NR110030,-17.2288038839202,-13.6427546844146,29.1396751642251
NR110036,-4.69629450164125,7.5346619533491,24.0739263385889
NR110044,35.5816444534377,29.9799158203258,7.8736671450877
NR110048,-17.6627228515995,18.0364303604152,13.3704587191871
NR110052,-19.1126747415755,9.19667719298313,10.3207412751449
NR110072,2.54669276081854,-37.0230397678813,14.2519175106501
NR110078,41.5157491786415,-4.31334407755609,-0.905641569517363
NR110079,37.6101357404484,-1.67123652699695,1.46102055059072
NR110080,34.0180487994383,13.7225453312695,2.8968068244521
NR110081,-7.5143189078992,29.4338164846157,18.8120432374583
NR110083,12.1698771592499,15.0889987835036,-8.18392434577721
NR110084,34.2663404973547,3.01381837528082,-4.25912656608167
NR110088,33.0599258977608,17.1979073810888,-2.99366150662209
NR110092,-31.905344463027,16.446676517417,20.8505823214748
NR110095,27.5297610362315,5.9847401381601,-6.41938090370653
NR110104,29.7571013950396,11.0577023517682,-12.3143735869144
NR110105,30.3246405303248,-0.703469724919822,-14.6182476181806
NR110108,-91.4755478213592,-20.7524438714503,11.4438852936565
NR110109,-25.725453950215,-13.4415346674357,18.1593023901132
NR110110,-28.8765797945482,-12.6936797496961,-2.47372193921962
NR110112,31.300041932041,18.5793348165609,11.3253235663936
NR110115,40.9328776258789,8.85680588257411,24.1223119556077
NR110118,36.5831467899738,43.4006745503829,26.7111191430422
NR110122,-25.2106571350441,-12.4864910881637,21.8312406809489
NR110126,-3.89963024887972,11.3321975733719,36.6641587081327
NR110133,-25.141978665139,16.3267300622641,37.8239774571724
NR110141,-4.17713967954477,24.7892397450627,37.7140042697739
NR110143,41.7047529624141,7.34327331692483,26.2002962090516
NR110145,17.2097476583879,-17.7931243273665,-1.56754493955902
NR110153,-13.484927517011,-14.8019817880523,33.676865386847
NR110158,-26.4989491589121,0.749383948910079,20.6576371121205
NR110159,36.2813080555757,26.0655187176125,25.2761028540034
NR110165,-4.58879947238716,2.64884779754497,-10.5664462572215
NR110166,29.6190028001635,26.4957224949504,-15.3302759042622
NR110167,32.4274269669098,16.3892168445477,-4.26854403587236
NR110168,29.5935363865924,25.0710929797125,-10.5734345634038
NR110171,-35.5446412682265,-18.7364634480943,24.9502045753621
NR110176,-27.6661714929005,-17.7601120175407,-5.33643995244432
NR110178,-4.67400114779828,-4.43202094145128,2.19288234610658
NR110179,37.6952783005824,14.6323994283274,17.9924183425118
NR110181,40.015092644198,6.79261355404982,12.4027099742026
NR110183,-34.2591881760022,29.7467747072097,26.2911405317525
NR110194,1.67719272041485,-10.4738826679172,-3.23069353543448
NR110212,33.6909554193811,10.173245506165,-0.120490500734116
NR110213,30.7297735599782,21.3772275027914,-0.535543000666277
NR110214,36.3491934867516,9.03778336285222,13.7119974065482
NR110223,27.4755861252053,30.6712608585408,2.27854784467023
NR110232,30.2116743829398,5.90648361285405,5.73683722217304
NR110237,-13.8814644087328,-9.41536898748554,11.5145522755484
NR110255,-32.8970283126986,0.154468296382356,-7.25269593951023
NR110260,16.9146566031527,-4.3720096681954,-1.8764951615528
NR110265,36.5908809858586,-1.69938506330545,10.3818198404016
NR110267,36.0187288890204,2.25933234916456,-8.16485876632983
NR110270,-48.7092479262169,-12.5327453865862,18.1983068638694
NR110276,33.3787428228947,0.638961865505041,-2.06338806933526
NR110282,-28.1521823222542,-10.9484394482725,12.3085901549147
NR110289,-26.2599531257968,-19.405763320617,21.2164551069107
NR110290,40.1727934305058,-13.6186426869133,21.980340111405
NR110294,25.2881736120681,-7.64667053199963,-11.5713925178559
NR110295,-45.9168079387882,-15.1095825476818,30.7590446134125
NR110298,-34.3507286143337,8.63100622388536,6.3564214064175
NR110301,-30.3868270309911,-37.8519970734757,-21.2933554102255
NR110309,-10.001375538083,33.9993868710753,26.6811006184215
NR110317,-44.5653710437323,-20.4294519835104,8.36456393554737
NR110320,-37.8140431128061,26.7903605347777,14.7581291110934
NR110325,20.0934035004259,21.1966721480965,8.73158551126701
NR110327,37.4492657427384,-20.5774196470364,-26.8746383149771
NR110328,-27.6915362063546,-19.8987027510101,-7.43539978464701
NR110330,-18.8305008975552,-32.5349580227311,7.57816243447844
NR110331,23.0497265529616,-10.3683075077487,-21.7640054917276
NR110337,11.6934706909598,7.38312318775688,-37.4530305313735
NR110341,-7.57357646358736,23.9393352854544,25.3612180952634
NR110342,12.4590159135689,-6.58031277190606,3.10892098728579
NR110343,21.4344599955073,6.4026337266777,21.524984355789
NR110345,-3.09006757838845,-4.41519827182264,18.2087480812669
NR110348,39.8432239735955,-8.46217149307997,20.5269608414875
NR110350,-61.8115864919825,-29.7434200379458,20.5134923117255
NR110361,-10.0149066590619,-0.72632987694359,22.73218593045
NR110365,46.6670880924977,-20.6675216094816,5.3492513225798
NR110367,34.8872877654755,31.0112129058733,15.5455471611399
NR110370,-5.20572398338735,10.8785279773501,19.1306754366514
NR110372,37.9142428824267,-4.66445140143353,-9.67501542678327
NR110376,35.7779300935409,-4.32351422878113,-11.5972021916557
NR110377,-3.44693514487331,2.31998328849099,14.2797100620256
NR110383,-20.3556501438681,-2.15918472803856,-0.347300873185351
NR110385,-16.1010691986101,-3.87854759934946,5.22170507700851
NR110386,31.2572495764826,17.6909506823668,-10.7961236829967
NR110433,46.3726989336294,-19.1765490740028,26.7831082067616
NR110439,36.6165571354187,6.22919976376897,3.22757663368315
NR110450,-24.3813486188732,-0.628785534526833,21.1086574439398
NR110472,32.9683116212837,20.7168620168813,19.1454250115206
NR110476,43.2202412154408,-19.0978464840213,13.2666968416844
NR110485,37.8245276412632,-2.39761477617458,1.93490306876702
NR110487,25.8430826132844,3.0850173649627,1.63288681333558
NR110489,17.7248788670761,11.7425667701429,17.5689718750415
NR110490,36.5067326015128,12.9648577639175,21.2919880797192
NR110493,37.6005830172442,14.7578786708832,14.181972333749
NR110495,2.84300844063233,12.7949919853371,26.0600704425886
NR110512,38.2422826562072,-16.6888145240809,-8.92139598076879
NR1S1011,-65.6119580452794,-5.6268661023962,46.9105615853126
NR1S1018,-35.2077800449611,-31.3555089086623,-13.9281751856221
NR1S1048,-7.50277362087722,26.1031880870203,39.4068743226652
NR1S1049,24.5345019498305,31.7246085378752,-1.01705415424284
NR1S1059,39.4877889320539,41.5670015652911,44.4487252539163
NR1S1061,-29.4734096791198,12.653941233279,16.098261131774
NR1S1070,-28.7774433672769,36.260565860743,58.6243047898077
NR1S1083,33.7173045312269,-10.9247033007904,10.981605865027
NR1S1097,11.3566961050497,-29.4993125412902,2.96022809875371
NR1S1099,39.8338791838616,-5.01756279369457,13.6956773799692
NR1S1106,-24.4145069810973,-42.5303821902896,6.73145675521847
NR1S1112,-26.4835727977654,8.27363768778044,23.123215074479
NR1S1137,33.4273124894252,14.1342686634518,1.29032542757177
NR1S1141,49.4397399291182,-53.3495472836109,-12.8225279386172
NR1S1146,31.7849091316063,17.9600778950315,8.54340059630542
NR1S1151,-26.955330021279,4.81399951306431,27.4649542766752
NR1S1176,35.4845759805627,-6.76803849443999,-0.152294692366846
NR1S1190,-21.580145032779,36.7946986537324,65.9894172162542
NR1S1200,39.6123688166478,42.404423696419,53.9780780959663
NR1S1206,-2.04960705512878,35.0260390153791,54.2053166066566
NR1S1210,-64.9465715860865,-3.48763457714809,45.6818240533404
NR1S1217,35.4945528602235,38.9100029386602,20.5375972876221
NWAIBIBI,47.2149361975069,-25.4846991765959,4.12722546076971
NR110106,-32.2419726976316,-1.24130216270215,-8.64353413610133
NR110160,-5.78027927377415,17.7214243659465,-4.84569411218867
NR110238,-7.53518826922017,26.0610982635895,39.5746875163961
NR110312,-3.11353845822008,-10.8009531642874,-0.391248466617304
NR110315,6.82113859509012,25.688345331339,-4.83888643839829
NR110031,-5.54973250626867,16.722210861936,7.34986748552246
NR110384,-9.52291505259427,34.6558420607979,26.437666765457
NR110043,-14.6949479328343,45.6288366565876,23.4218801701847
NR110478,-5.7968330589318,27.0440764755524,10.3574905678314
NR090200,31.446962492379,29.2092394710933,15.3692752552006
NR090037,-20.4316962764035,-22.1559107436981,18.7787064729825
MH944041,47.8274463209705,-44.1660834223283,-8.36242039364207
NR020007,29.3498444029303,20.0415347586964,-11.2746037459778
NR030174,33.3641683986153,-14.2235170302105,-12.1633040279211
NR030211,5.27536084289443,21.3945333526838,17.8883270958892
TME11646,36.1934932049691,24.7213243546023,18.9905875032713
TME258,-30.3670175507711,16.4684566098523,8.67399918705989
MM975280,-45.6761622639035,64.6369916735111,3.69779200989727
MP080831,28.5156309497403,21.5707482220958,-5.38935698142624
NR010161,-2.38825358435822,30.6203535389071,18.5682249676706
NR060186,6.96963380017493,36.7728525296473,15.5325677918993
NR1S1020,-21.5766913474754,11.7392555075302,32.9184660173784
NR1S1050,-6.93685465547355,16.5600218474225,16.4498457081348
NR1S1108,34.9535103932069,13.8255809476569,5.01716645456085
NR1S1159,39.6713366023136,-4.8650515630129,14.0985846887424
NR1S1185,38.7235581480414,-7.87417535693973,-9.9871591581926
RB98509,50.3504349941887,-54.6749271672883,-13.4496205203609
MV990395(DRC),35.9660038396318,8.49655562619546,6.14012083258478
IITA-TMS-IBA970290,-24.2109854498332,-34.4870909062344,1.21382922106908
SS5(NASE5),-23.383279899093,6.4194774987677,12.752339683498
IITA-TMS-IBA950594,5.92433334526037,29.3977406131005,-12.4937009449914
IITA-TMS-MOK000068,26.7367356705375,-0.0236246175816422,-9.70030225652964
TMEB1000,46.8624457241091,-30.9448227578687,-4.10106925173309
TMEB1002,47.3151209954231,-24.7355216727324,4.34715529938244
TMEB1006,46.3818126217507,-21.6965242878579,5.16480342621377
TMEB1008,45.6137128908477,-29.7987388310337,10.7928321149003
TMEB1018,34.5362993646809,26.8615766592253,-12.3550806914914
TMEB1021,47.6818439147673,-25.8827752727811,4.13335628368695
TMEB1022,-35.0098328176034,19.7008352123816,24.6683284906837
TMEB1024,44.6691718379561,-21.7600309269013,6.43028988886182
TMEB1025,50.7076163438236,-35.7373223353823,15.4091094332898
TMEB1027,-46.2404808537586,66.0468163275863,3.97473819700078
TMEB1040,42.7311699657859,-27.1729984775784,-10.347080968668
TMEB1042,50.4383621851536,-42.1262500081911,24.5411949852025
TMEB1044,50.5113185417846,-42.2964776962912,24.5006756956894
TMEB1048,-34.7123186557081,18.5961891257842,23.6683301014868
TMEB1050,42.5168693839238,-26.4387720332577,-11.0806744189825
TMEB1052,56.7216657045755,-61.2360591586338,36.0194887764852
TMEB1070,-46.8782945815158,65.7591180623724,3.83703460427625
TMEB1105,-32.4469790310943,14.2044141832351,21.6829076731739
TMEB1108,37.8642237612057,-17.258268747692,-13.7875904385228
TMEB1120,-35.7066186239697,13.9747444192218,21.0393340388719
TMEB1148,-22.756383847395,34.4994112560342,11.1528712852162
TMEB1156,55.9957069740636,-60.1877019430903,35.1903199472895
TMEB1200,-8.30031555602326,-1.03782333185554,-8.32714692798738
TMEB1215,-19.544717580273,24.2646925848002,18.7300222165177
TMEB1218,39.1500811163813,-10.0694251531248,-17.2190613908635
TMEB1221,32.777749800083,-21.2416120365171,0.143891694319886
TMEB1222,34.4054876006745,5.60696383745091,-4.24315043611393
TMEB1224,41.36294441327,-11.8242920253483,2.49775408718274
TMEB1227,51.0776893226727,-44.1107874152021,0.134467438456325
TMEB1228,25.2020175979796,39.8574891469282,-23.5169441301755
TMEB1240,-86.2791910739653,5.9029919908907,16.2709911310159
TMEB1242,41.4876589737927,-16.2728754953776,20.1589327521363
TMEB1244,41.2874648828559,-11.6841402342141,2.08058924958948
TMEB1248,-22.2778628297719,18.8036764081095,18.5296066191461
TMEB1253,36.946557612603,3.20516800377299,7.27334522485797
TMEB1254,-14.5230233028288,-24.4753036562658,26.2381046872058
TMEB1260,-18.7164114923741,-0.643991847883569,14.8544490888642
TMEB1263,42.2897891414903,-11.8129844224996,22.0538557799288
TMEB1264,-23.9036894247728,37.6648511174121,11.2598809947062
TMEB1266,30.5767040759945,-2.12309521018621,1.85364201565599
TMEB1267,-7.25739534603642,10.4867208052458,17.8516528388522
TMEB1268,33.897366662794,11.9875577354555,6.75432952934938
TMEB1269,34.6072908643228,14.3876938162848,4.69264291561586
TMEB1272,56.8805156800276,-61.3206776523014,36.3963388079314
ISSIANG,36.7414087112143,5.90789093588497,8.4450709671461
M.TAI-25,33.5850185593452,17.7027196900495,4.4108948833628
LEBAMBA,39.882830847345,-14.2216797187087,11.5657629780995
NO7,42.2865894007876,-13.1358943822232,7.77389305525771
MAUNJILI,37.2411777101789,0.808051667300356,-1.93989477863482
MOCUBA,42.5123229641493,-7.83668158523329,-0.864786474393732
NO2PLAN,-24.0254219776639,-15.3824788136529,28.2887097976517
TMEB1168,56.6546334478536,-60.8791308227414,35.9999322471633
MBOM-9,11.3685030970639,-29.9583395245994,2.90106401807786
MZP40003-4,36.1169720298269,7.23007262874289,7.61031211455537
TMEB10,46.8408407700442,-22.9704103016051,5.34403759228273
TMEB101,56.8139874565881,-61.008564770785,35.8707750358273
TMEB102,43.0262932799985,-16.8039119632357,-10.1048128071145
TMEB103,56.5723761838532,-60.653130770276,35.7520824947697
TMEB104,42.4790886980772,-16.6301894377116,-10.5573866101939
TMEB107,56.880831619148,-61.2169119334908,35.7292022465416
TMEB109,30.5606336192165,-31.7364007900434,13.5972596981431
TMEB111,56.8714111477954,-61.440150535063,36.0758324202206
TMEB121,42.934365306638,-14.9609741704432,19.9263793136278
TMEB123,49.7715210127721,-48.1057908420856,24.4397362078358
TMEB126,-32.0175436347487,32.8132180832997,9.57338199801887
TMEB127,-35.9561617997278,43.292218833383,9.08613200464358
TMEB1001,46.6244345563485,-19.200781457533,5.18353108212152
TMEB1009,41.3957663713564,-16.0282392245423,20.2127009420281
TMEB1010,45.2440963941549,-30.1492437077194,-2.01660930338654
TMEB1019,47.5904359257082,-26.0920819378729,3.80646826352034
TMEB1032,-45.8562731027757,66.4995600532399,3.39821194927829
TMEB1034,-43.9109944959513,59.5771678724588,2.20107285824882
TMEB1038,44.947864946382,-8.72191994724241,7.15800276965112
TMEB1045,43.9122033501804,-29.0928043866566,-1.70501301147391
TMEB1046,47.5540234816078,-25.6727071886783,3.53971824461801
TMEB1047,47.4766144683117,-44.2202368067269,-8.65839032090276
TMEB1049,43.1233611895927,-24.7903790126192,-3.84730368394408
TMEB1099,-31.9379516120081,14.4633075385582,21.5126468571067
TMEB1109,-30.6568107064864,-6.91960010534287,5.10426734778488
TMEB1116,-31.7106821691043,5.43691761580035,10.9103998211428
TMEB1131,55.033038608644,-57.8376899725635,34.7132440287685
TMEB1143,47.5058132971003,-44.3459454899696,-8.88297478533083
TMEB1164,32.2348117474077,28.2046730500015,15.8097257750192
TMEB1199,50.8977687368792,-44.1938107847891,0.423253999920437
TMEB1212,-32.2051594457182,14.3727529232707,21.754611756819
TMEB1231,37.1599268478642,1.48486635679008,-0.81764713162105
TMEB1232,-5.19513523290158,-9.90904497005418,13.9977298813125
TMEB1234,50.9790605155494,-43.7871748908718,0.317005642804563
TMEB1237,36.7390212913483,2.60867099343742,5.4917874929123
TMEB1243,41.3105858175663,-15.126875158606,19.2578523948252
TMEB1245,19.9617310952189,-5.01016070811811,-0.707814977180098
TMEB1246,30.9566994051472,8.86998304084897,3.31489348825805
TMEB1249,36.5764428221067,3.18683055195846,6.92323335989133
TMEB1257,47.5196776306111,-41.4534635814202,16.3405367673632
TMEB1258,41.9992711330447,-12.0873122959381,-2.71634188915641
TMEB1135,-32.3985871469159,13.8929262823475,21.8409369247292
TMEB1238,37.8597049810376,1.57601279738623,2.08929607967801
TMEB1081,-3.14241016736218,5.35843556771915,13.2124402043538
TMEB115,44.3938268560727,-48.6737325294683,30.4257043027717
NR15F1P013,-11.2807499709344,28.0801138758824,-5.85931775813908
NR15F1P015,31.3840808461411,17.7064254674507,-0.630473318422225
NR15F1P017,-84.2588119161662,-4.80022477954686,20.6660715132122
NR15F1P018,-88.2570156349636,9.51539709423936,7.65423061573592
NR15F1P021,23.5929588294066,23.0114137711616,1.35787940499207
NR15F1P024,4.49435606656624,17.0100221496797,-10.7584524794738
NR15F1P025,-28.5784295537065,-0.810743901996111,7.82878152996839
NR15F1P029,35.6389923488587,6.21180721204266,5.89985049359855
NR15F1P032,-56.7345933070521,-8.8127366669908,21.4451239142197
NR15F1P040,35.8016391258799,-2.99940000412269,5.51801350156019
NR15F1P042,31.0929177705976,22.8485083145531,-2.5503116647135
NR15F3P007,-41.1926347704833,10.7542044367211,31.1748025742951
NR15F3P009,28.6315651866548,38.4089763079522,2.24106263493527
NR15F3P012,-52.6785710226923,12.9692926489703,40.2665138517236
NR15F3P015,35.9497797008733,17.8499381830349,11.6269709158604
NR15F3P017,6.33741738290485,25.6124761693444,2.69620419791742
NR15F4P007,-15.7907974389589,13.9203849885394,10.1330784194803
NR15F23P003,3.90935410091186,3.88648822379469,-22.9746853715878
NR15F24P001,-19.6685383740425,14.3416677553537,-3.74497423849729
NR15F24P002,36.2403368646873,17.9105488715071,-0.770604898565014
NR15F24P007,-17.7896807467421,10.5776184994256,9.30574275021982
NR15F25P001,-36.0833549142769,27.7065663074636,-3.80971757495589
NR15F41P001,-16.1262308997976,5.54401530563961,6.12909644527496
NR15F41P002,-18.5356774621498,0.915990647414284,14.9178698241912
NR15F44P002,-26.9391094203174,-22.0526941150366,-2.08697301000865
NR15F68P002,-78.2941104081017,9.35456532129085,2.85996565833351
NR15F81P001,-16.0281108769731,5.99559968189516,20.5954915494227
NR15F93P001,32.7949084783606,23.2749702847515,1.15808970819173
NR15F99P001,-22.0149197090712,3.93095482624462,1.10382000350813
NR15F99P006,30.2040817185545,24.973041162746,-8.38371215944112
NR15F100P001,-32.1230454143304,-12.994884119298,-1.16496393342113
NR15F116P003,28.3557865065149,7.66019791207199,-22.6744457167982
NR15F116P004,-50.275465998472,5.29671484339274,-7.33721651678893
NR15F118P008,26.2562783305057,3.81055252335893,10.1807980321766
NR15F116P001,-38.059847857837,-1.43221533647626,-15.829164654018
NR15F119P018,-27.3823787029112,-4.38107031142516,7.32042638144484
NR15F135P001,31.3855851987742,10.4331856561783,7.13684541179738
NR15F4R22P01,-16.1170795221237,32.3111080746432,0.868152400531065
NR15F4R27P05,36.0977656991198,-9.71592317506512,-5.15437133131396
NR15F12R27P05,-10.0976215818587,28.539248892654,-5.2312810986546
NR15F19R10P01,34.778223657629,-0.605634538658239,4.8958799683368
NR15F24R26P01,44.724440040163,-6.1985613287293,7.36810274527615
NR15F27R14P01,-30.8977887346973,-27.5410633744075,0.978259357913054
NR15F28R13P01,-40.1855917176349,-11.1942777105996,22.2406255835532
IITA-TMS-IBA960592,19.7389913909609,-13.030750051036,30.3228475144622
TAJIRIKA,-28.219387063416,-15.9663272452552,6.62056089940636
SHIBE,-34.3823876898131,12.6026925267861,6.08821972980234
SAUTI,26.3324040122758,-2.49363892733211,-13.9015908849957
SAGONJA,26.4120290036165,1.44517758566144,-14.4429039448524
PAPKING_IRRUA_,34.985526970123,30.5697923150025,20.8488719607639
P8_P2B2,46.1721793528006,-18.3383675350493,12.0149267914003
ORERA,41.9148451067342,-17.0585350817987,3.42915081957018
NZIVA,33.9903079893816,15.9134385065201,7.79114320292309
NANCHINYAYA_II,24.4583253198451,37.8668737830265,-28.2645231374035
NANCHINYAYA,47.8741525025245,-33.8653864858855,19.3966888075284
MBOMA11,47.9296830503842,-37.3522943322452,19.3945135380267
L9_304_714,38.1199293629861,-7.12780929682106,-1.96371260402105
L9_304_614,37.5543546728381,-4.89520890271774,-16.1046091723882
L9_304_259,34.7053854293434,2.85079940506123,-1.17449825911576
L9_204_1613,-32.5742424456485,14.6924941744445,11.1622222284519
KIBANDEMENO,36.0998491144774,-15.4238023631524,-0.48251031991005
KBH2006_26,-16.9475399179227,-8.68397900824152,6.56567618019365
KALAWE,40.0706575404507,-0.147171416254967,6.15458689890298
NASE14,-33.490039281255,38.3780366982213,3.65902758387425
MM060130,45.2530661640921,-18.6324296638771,14.9907845510379
Mkumba,1.47044005837787,-27.2906668772684,18.7243090309569
NR15C1aF100P001,38.5071240414212,-0.356162561351473,12.8351045678305
NR15C1aF116P001,31.4837487530522,10.560192041035,7.31645770771641
NR15C1aF23P003,3.20253252352005,4.3945706860206,-23.0331378409534
NR15C1aF24P001,-19.0800873413481,14.0511884792951,-3.87673044165198
NR15C1aF24R26P01,34.6345859813079,-1.76325928602291,-5.98294477856168
NR15C1aF25P001,6.10101944223288,26.3744597475078,3.0417410634436
NR15C1aF28R13P01,-3.46859398355338,-5.27260433814577,-13.8421824820264
NR15C1aF44P002,-27.4614471229554,-22.4319683806251,-1.82625345588061
NR15C1aF4P007,31.014384646901,-5.09069237239831,-6.17750267067979
NR15C1aF4R22P01,-16.2146970645706,32.1431442293272,0.71753228227967
NR15C1aF68P007,-3.87110262723945,-5.2742192580682,-13.5806700565817
NR15C1aF93P001,-34.2441204237125,5.00539272399766,2.97109108722324
NR15C1aF99P006,-0.0445035791265072,-6.27271952240872,15.4768577770553
NR15C1aF9P002,-23.2515924385045,7.45517289067877,14.3559725042891
KIZIMBANI,35.3288275389848,23.7958953776559,24.298099951037
NR18C2bF10P0015,-5.34177814082781,-29.4651156858466,-16.2508124782652
NR18C2bF10P0019,-4.58737417466637,-33.2012606061813,-11.4972677860963
NR18C2bF1P0058,7.7207813188374,-15.9006617805358,10.7174178276964
NR18C2bF1P0081,2.53033919647796,-13.141507360089,-1.23658119367881
NR18C2bF3P0002,-11.5788397454187,3.24005817209981,16.4975346929389
NR18C2bF3P0041,30.5120777733699,-6.40003371416145,-1.34780514273192
NR18C2bF7P0024,32.925583066414,-14.3234300023137,-22.378480055716
NR18C2bF7P0043,-4.44303767984794,-26.0608251753531,-18.6218487468525
NR18C2bF116P0001,-45.5778754114174,2.45782370544548,15.0526207814363
NR18C2bF134P0009,6.25713198185533,4.14248230242413,14.0482147466321
NR18C2bF135P0043,34.2506848248264,-0.186623629253881,2.36434347021752
NR18C2bF135P0089,36.1354420734841,-10.8026182952433,5.66296566646475
NR18C2bF139P0003,35.675522625167,0.825409882367303,0.715018370024537
NR18C2bF141P0005,33.0662429423921,-12.8585551592273,-13.0876282531621
NR18C2bF141P0006,33.5437259926325,-0.752668590414432,-5.9444440186334
NR18C2bF143P0003,28.2283554256141,2.7268620634116,-4.09808708621028
NR18C2bF143P0004,-33.8588802324149,-13.8831316909382,-0.632604633505053
NR18C2bF144P0006,30.766985849069,0.946319127964361,-3.24209776056537
NR18C2bF144P0011,33.349539278705,-1.53090181878355,-3.77405697049208
NR18C2bF146P0005,7.09175837854229,-9.6236592636262,8.87556058941585
NR18C2bF148P0010,-30.6059094906488,-16.7022826681098,9.59302701379957
NR18C2bF148P0012,-30.8289739212497,-8.69272414066941,12.9588358644817
NR18C2bF148P0021,19.7314741079938,4.35463967033535,2.55112784021348
NR18C2bF148P0023,-28.4829837069989,-20.443624659251,-0.314940188778522
NR18C2bF151P0002,-6.26472955057204,8.3397604773777,24.197314542592
NR18C2bF152P0002,-30.1677352808789,-12.087676359473,6.45778052159983
NR18C2bF152P0020,4.45153123933653,12.2854157249554,21.925756911167
NR18C2bF153P0005,32.9313787965016,-7.97877216070457,-11.4493118323384
NR18C2bF154P0007,-92.9088215041656,-16.7120015711514,25.8078369022596
NR18C2bF158P0002,-31.3591719659152,-11.4627754308956,7.25797021913207
NR18C2bF162P0010,-10.5908649254446,13.4531860113478,24.2747868345017
NR18C2bF171P0003,29.4391883918763,9.53405700662605,0.0922678896223488
NR18C2bF175P0002,35.9401289278288,-2.84151073630833,3.56149345610949
NR18C2bF175P0003,36.5795242395505,5.10293483402499,5.28012732748095
NR18C2bF175P0008,18.4091719332853,-0.203755356340537,-7.94448678772349
NR18C2bF175P0012,18.5341324242917,0.496762392070496,-1.37575420844964
NR18C2bF175P0014,21.5070870571593,1.254790683333,7.61585978470708
NR18C2bF175P0017,33.4127479998144,1.73502017605355,-1.46587816003721
NR18C2bF175P0019,19.6077961104787,1.80551571435071,-0.81249176515055
NR18C2bF175P0037,32.3712639781488,1.20013403468461,-5.90182812899185
NR18C2bF175P0040,11.2354682727435,1.7628350924904,7.82423488959774
NR18C2bF175P0045,17.2246845109623,7.4114817283163,-0.140412444389874
NR18C2bF176P0024,-13.4104159486576,-10.7632943099918,6.98316663701233
NR18C2bF176P0030,-63.7285943230023,-15.1678766470705,14.5872403916021
NR18C2bF11P0005,32.9823892812768,-4.64601999590964,-0.177919825119831
NR18C2bF11P0007,36.2803116714958,-3.34155540025697,11.4618778994163
NR18C2bF12P0010,-27.4921741251643,-7.81615430455363,23.152907680945
NR18C2bF13P0003,-37.5914013843669,-16.7954259762161,21.315284167204
NR18C2bF13P0005,36.1073295211116,-3.27394256567758,15.8240522077174
NR18C2bF19P0007,-32.9391334433084,-43.0831532578988,-2.72292984318611
NR18C2bF22P0013,-32.1501987849779,-4.16248563600071,3.70219023284643
NR18C2bF24P0004,38.6551048812673,-22.1424470307405,-4.18716349918173
NR18C2bF26P0001,-32.6777897027086,-7.54224742978893,-1.24858575007458
NR18C2bF34P0001,-5.37334093950559,-9.79122378407717,16.4258630327837
NR18C2bF36P0008,-8.49931410592614,11.7119587876559,16.3365831973998
NR18C2bF41P0016,-7.33973801991174,-4.67710729465818,25.4215214041162
NR18C2bF47P0005,4.41867063632003,-17.256125537652,1.25728021046584
NR18C2bF53P0003,-31.3885262084482,-17.7007315515666,4.17473527082086
NR18C2bF60P0002,35.9281401197523,-4.8899538905147,0.16386872797281
NR18C2bF64P0003,33.8077325540594,-4.16462051757355,1.18077949940517
NR18C2bF67P0009,32.2398088446929,1.39592728938078,5.51363125353271
NR18C2bF69P0003,-59.7790161460618,-19.0528649700099,18.2541513399636
NR18C2bF97P0006,35.4725292394612,-8.87543973529001,-3.29095707743268
NR18C2bF98P0006,-29.6478551012556,2.27609638216094,17.2971581931326
NR18C2bF101P0001,17.8587176802074,4.80970907020002,7.15620974539532
NR18C2bF101P0005,-32.004000425241,-3.96647264754799,6.13734097912368
NR18C2bF102P0039,35.2133793537218,12.4905521923325,6.83152579788428
NR18C2bF106P0015,-10.0051345104197,15.2220817584894,25.1416512539739
NR18C2bF108P0002,-72.0433221659843,4.03954058247421,30.259660234477
NR18C2bF110P0011,-5.558606468899,-9.47416731046719,17.0927234359594
NR18C2bF110P0055,35.6939534904737,-1.89841989150007,7.33394300744362
NR18C2bF110P0075,-5.38969437500341,-3.83577576635591,15.7941105709773
NR18C2bF110P0081,-4.63846859568176,-1.1964043625699,15.0823354776525
NR18C2bF111P0006,36.2199684244599,-6.95724474876451,-4.41974729249725
NR18C2bF111P0010,34.7791006519145,5.94760493472993,-1.42274527292418
NR18C2bF176P0033,-97.3895038466375,-16.2961136668933,23.7654929854535
NR18C2bF177P0002,29.5431239958585,12.241726928182,8.33792332475486
NR18C2bF177P0004,29.7221416622322,12.0622428274057,8.68562542298491
NR18C2bF182P0007,34.41790574875,9.70603529618307,5.54165997597704
NR18C2bF190P0005,-10.011990352766,12.8439945666546,18.1443729125257
NR18C2bF193P0004,-31.8266743488046,-14.1439096892866,4.87843485791577
NR18C2bF198P0002,13.0974500488983,11.7996316034811,1.88002865436841
NR18C2bF200P0003,-46.7492803063027,1.29620768161918,10.8914912274236
NR18C2bF205P0010,-29.9926848740756,1.90006043316969,13.7818428140842
NR18C2bF223P0002,-30.0614736636227,2.59289208140179,24.9312467422199
NR18C2bF228P0014,34.3807803330839,10.8759884419756,1.53430995163718
NR18C2bF239P0010,32.7760326489294,-10.8855645404703,-5.83908845704762
NR18C2bF249P0009,-29.864087211672,-1.09371810241217,23.5827885190994
NR18C2bF255P0002,-29.567745590586,-13.6955673910524,5.47001580238143
NR18C2bF255P0008,33.4875158207316,-8.32905308999589,-6.2597541032889
NR18C2bF255P0012,-31.4652262332017,-6.52931075881912,0.331235609488182
NR18C2bF255P0014,-30.5112283385385,5.01297523692855,0.370191003769835
NR18C2bF258P0001,-94.4475634470659,-15.8984497728462,15.0503940523192
NR18C2bF258P0002,32.0703424132924,1.84526648004505,-2.36846809950354
NR18C2bF258P0005,-31.6046276037289,3.95163534446066,7.119380890198
NR18C2bF258P0011,-51.8825286040567,4.67498125551266,-2.37936810304494
NR18C2bF260P0001,34.141109231906,8.7457992075724,8.85485875832163
NR18C2bF260P0004,-28.6679116251391,-5.11663652421413,18.2784152501403
NR18C2bF277P0006,-7.44940498612413,0.959102817058886,23.2934510094928
NR18C2bF280P0001,-69.7640437074832,-10.5697673602155,26.8604256894933
NR18C2bF283P0010,-34.0069000685398,4.11994236521996,6.43315750309713
NR18C2bF284P0004,-27.6080423996716,-8.53346806454656,15.0448774501254
NR18C2bF284P0005,36.1924331698259,-0.664033510183203,-2.79916207825968
NR18C2bF286P0004,-32.5686589138032,-13.3796489345145,5.06997385144558
NR18C2bF286P0007,-31.8694877064874,-14.5218770586089,7.99197061817709
NR18C2bF286P0008,29.7832995685055,-0.389821758711307,-11.3121442275441
NR18C2bF287P0002,14.7918667214089,-3.98673428002374,3.62841402156688
NR18C2bF287P0004,20.6693646960997,-2.33573336217537,0.977528778569424
NR18C2bF287P0006,-31.0034166601615,-1.62756980793456,10.3711613991057
NR18C2bF287P0007,-42.8451519306471,-6.10901142201565,19.747287814567
NR18C2bF287P0008,-29.2271632052743,-10.6229175820177,18.6333327001299
NR18C2bF287P0010,-30.0371559810246,-0.648198448266722,16.4456616046595
NR18C2bF287P0015,-45.4769718994205,2.87286731848159,19.3245376446208
NR18C2bF287P0017,16.4854304318638,6.22239263276263,5.47878066485502
NR18C2bF287P0018,-32.5766131499507,4.48415714800234,16.384436164601
NR18C2bF287P0019,-42.1164576469745,-8.50165488535968,8.22038399940231
NR18C2bF289P0005,-69.7207310405794,-11.7400256333918,25.7596552397866
NR18C2bF293P0001,31.3701482410188,9.81347485824951,0.0649169835637371
NR18C2bF295P0001,33.4922667162791,2.11917877809327,3.12081268805817
NR18C2bF296P0001,-30.9672727423976,-14.2125505747194,4.19532977555155
NR18C2bF299P0001,-30.8630566265027,-12.6414610091904,17.3292285378815
NR18C2bF300P0001,-56.1308407276562,-20.0293039448584,5.0369315568413
NR18C2bF301P0003,-8.80482088699307,-14.4886804947032,-0.366187640252262
NR18C2bF301P0009,-27.9444575995424,-16.7482875245873,13.1070256616536
NR18C2bF302P0003,-30.5791916184048,-14.2853657478783,-2.53494924588655
NR18C2bF303P0015,35.0342507843138,-4.64113264929735,4.77348305821045
NR18C2bF303P0017,32.0158436824406,-6.89682833336385,-3.09841509183472
NR18C2bF303P0018,-28.1471470989364,-9.74563618306136,15.2185433145399
NR18C2bF303P0019,-30.840701947516,-17.628910830977,4.50107817403083
NR18C2bF303P0020,-30.7442104427089,-20.3405285005673,8.95841575869086
NR18C2bF315P0001,32.6373679918921,22.4420935310985,20.6004318812079
NR18C2bF317P0010,-32.6535970691379,-1.26467901007406,11.7022603988735
NR18C2bF317P0011,18.0208744025295,2.65145879507878,4.83713504707887
NR18C2bF317P0013,33.9957075842326,6.32765983702322,2.50175594500802
NR18C2bF317P0022,17.5848544813754,3.24168021458207,4.39221375604877
NR18C2bF324P0003,-90.4610927307228,-33.3016236933143,22.7064333464979
NR18C2bF326P0001,17.9382416816735,1.12614747173701,15.1747840163226
NR18C2bF336P0014,-9.48744346871426,7.61187139033597,13.9226298032974
NR18C2bF338P0005,-10.0885748955566,-12.3596837956144,4.85273813100862
NR18C2bF345P0006,34.425607972148,18.4267543488916,19.6025821366308
NR18C2bF347P0004,32.1778798329549,4.83976453481714,-1.12665713811779
NR18C2bF349P0006,-6.27774599913086,2.74403363806642,19.457627729877
NR18C2bF351P0001,-11.8150876374167,6.8901919517178,12.5659192248987
NR18C2bF351P0005,-25.2052220225156,8.48252931398057,12.6862433246948
NR18C2bF354P0006,-47.4175890320497,-11.6173591254302,22.6408285611155
NR18C2bF355P0003,-11.123142947961,5.68986009341105,12.3343756671213
NR18C2bF356P0004,-29.8583532206639,-9.54246318365759,15.3459395964394
NR18C2bF358P0005,35.1944589298933,-14.7174333088803,2.94714942102652
NR18C2bF359P0010,29.7914684453788,-8.20511751996983,-15.1973319747074
NR18C2bF360P0004,-27.1118300268789,-6.73593911319527,19.4335751949066
NR18C2bF360P0006,-29.9093009312541,-1.71844974412858,26.7919084289693
NR18C2bF361P0012,-61.6727903168535,-13.4784095268941,29.1872129459298
NR18C2bF363P0009,32.7127857786729,5.97401685917721,3.07162870189656
NR18C2bF364P0009,27.0808695783412,16.106110994718,9.14185935717113
NR18C2bF365P0007,-32.942166465857,-1.4167082648262,2.12654952073477
NR18C2bF366P0020,-8.00609850008286,6.05335148840355,28.8735215306071
NR18C2bF369P0009,26.7607487018646,-21.1262687075056,-16.6989395042388
NR18C2bF370P0004,-22.2709262164623,-1.76615115558976,10.2065079665325
NR18C2bF377P0002,33.4469409343546,11.7194831640398,16.3781522344362
NR18C2bF381P0003,-32.5224676752781,-8.62527705641286,5.87702179008352
NR18C2bF382P0012,-73.857570133617,-11.5373819696682,22.5439359227667
NR18C2bF384P0002,-28.4948463662456,-25.8107657122285,5.51178935955027
NR18C2bF393P0005,-37.6496985395593,-17.71361635906,-13.5993503587677
NR18C2bF394P0017,19.9077362116201,2.69114536324089,9.33098279491188
NR18C2bF403P0004,-31.5665594632179,-0.861288216820882,16.5159108902325
NR18C2bF404P0005,-33.0560219991692,-12.4606030747067,7.97808183541673
NR18C2bF407P0005,-30.1795069258894,6.15966500942215,34.4153659905284
NR18C2bF407P0015,-73.5485133235867,2.5381432904907,42.4885707399865
NR18C2bF408P0014,-33.1427717472625,4.82213472386194,17.7941331100637
NR18C2bF414P0003,34.2858899720875,-6.31185045799428,9.54299086830701
NR18C2bF415P0014,33.2067545704073,4.87771765425077,3.2052404560957
NR18C2bF418P0007,33.6656434767422,-1.08778409341541,-0.767495724141171
NR18C2bF419P0008,33.1103101729158,-14.3515184451524,-3.8027151326347
NR18C2bF422P0003,-29.1281857041907,6.21132588024019,24.0968683209414
NR18C2bF431P0002,-34.2873169915375,13.7424993430519,7.52578953368881
NR18C2bF431P0003,-30.2339839678264,-7.13912783257351,17.6468271897582
NR18C2bF437P0006,-18.6107260539051,-11.2786620232796,7.16484139072603
NR18C2bF438P0009,-7.26259090116178,-1.74724387071332,22.5821321544565
NR18C2bF438P0010,-8.52665075758228,-2.21222400973873,15.5377261083296
NR18C2bF438P0014,-7.92176678848792,-0.517907578394893,16.2600627146028
NR18C2bF440P0001,37.5271168576969,-10.2789944088424,-7.84937239594488
NR18C2bF440P0007,36.2963041739043,-10.280628760456,0.0560460816735687
NR18C2bF440P0009,41.5967913162574,-14.4013991473274,2.448859407884
NR18C2bF450P0001,-30.0723480847285,-1.76468257494038,11.9777456853007
NR18C2bF452P0003,-28.178738862088,-8.4840703720765,17.383754961387
NR18C2bF453P0001,32.1515750792604,26.6458632048471,18.7727797816452
NR18C2bF454P0034,-56.7957768278647,-27.3181245388181,9.68484686675601
NR18C2bF464P0001,-20.2108038033703,0.960646038507235,15.273556958292
NR18C2bF469P0008,31.2183030530118,5.16438915516972,3.13477529007815
NR18C2bF471P0004,-27.9018086742862,-6.33311956664794,12.5627738414569
NR18C2bF471P0007,-33.2703678438051,-7.24047673675212,4.3837107342967
NR18C2bF471P0013,-29.9588466915172,-4.79160448113562,7.56889592002601
NR18C2bF471P0018,-32.7310383735805,-4.33272702370233,7.02226426500257
NR18C2bF472P0001,-71.3788176916718,-32.4944632079983,6.09331951290141
NR18C2bF476P0026,-33.4264392780523,-14.5106889632214,-6.09147474189918
NR18C2bF476P0032,29.8298729276152,-5.75118181626744,-13.2188936457648
NR18C2bF483P0007,-25.4956849098979,-3.49295258318648,22.6369763586695
NR18C2bF486P0011,-34.7280990878268,-22.5700232571151,-11.0365274091612
NR18C2bF488P0010,-8.66661890404508,12.6541658460324,21.978750053964
NR18C2bF490P0016,-48.3100631167659,-21.2758836208892,-4.77684569205318
NR18C2bF491P0002,-28.3813044668131,-34.714407706223,-3.32463367702831
NR18C2bF491P0005,-29.0861584085428,-33.7024542020249,-2.0350099465455
NR18C2bF497P0008,-43.8326150418418,-17.2755775194057,4.0862542961322
NR18C2bF497P0022,-29.1081416272402,0.519394590327026,18.6381556931122
NR18C2bF502P0004,-8.80497556213695,13.7075031035385,15.7199961306242
NR18C2bF502P0007,17.7921757237413,19.2458484699606,19.7045653161633
NR18C2bF504P0038,31.8699548946611,4.92038409139365,0.0230303937580189
NR18C2bF504P0138,35.1872989762009,1.7300804089297,7.68392735649112
NR18C2bF504P0216,-8.03282342210185,0.374086070084829,15.3072625049628
NR18C2bF504P0223,-6.7793904744752,-8.8406059185576,18.0089967323801
NR18C2bF504P0247,31.3661002214742,-6.6982894645491,-8.57184205628946
NR18C2bF505P0010,-5.85889437724322,-2.47128639066565,18.851457921812
NR18C2bF505P0019,-1.75043376778432,-2.34077546535268,27.0603352854606
NR18C2bF505P0036,-29.1632208510194,-0.0283876182296579,26.294584772251
NR18C2bF507P0009,-7.28703943640567,2.44117273975695,17.7871232819005
NR18C2bF507P0024,-37.4763288251214,-0.172294467903967,16.9726639014648
NR18C2bF508P0003,-67.769857162246,0.597866082962743,34.0642557448943
NR18C2bF510P0001,-42.0518678051032,-15.8622217929702,19.2787418836024
NR18C2bF512P0016,-55.5396902655195,-12.5514528716733,18.3856817504261
NR18C2bF513P0014,32.0273598591429,0.382804990704157,6.53854135553553
NR18C2bF516P0042,-5.09797557162225,-13.8577835867794,18.4180605404624
NR18C2bF524P0005,-30.4973524543527,-27.397655326695,-5.72692828977487
NR18C2bF525P0001,34.6353210476734,-5.76725278849962,-13.8378291478615
NR18C2bF525P0003,35.4727853976623,-10.3449306597097,-11.9473713948636
NR18C2bF529P0018,-64.4415628797769,-13.5225518213348,30.952984469365
NR18C2bF533P0014,33.2961581117652,-11.3120763422536,-0.581219463942186
NR18C2bF533P0026,32.8784030802342,-5.57019172179961,-0.758980907493923
NR18C2bF538P0004,20.2031615284524,-1.70574688626021,3.74790812847325
NR18C2bF541P0008,32.6848193306029,10.3873199873994,12.6314391199096
NR18C2bF554P0005,35.9876201781382,-13.9349630717439,4.42800239143583
NR18C2bF558P0003,-11.2793174584497,-1.94332547471275,14.2080821774964
NR18C2bF558P0012,-13.7930927099624,-8.63641601746794,15.184364255769
NR18C2bF559P0015,-7.4719415679117,8.57202956418861,26.1049585582989
NR18C2bF559P0026,-6.32811157028491,-1.0487257362643,23.2446176725407
NR18C2bF559P0051,-8.60160966025055,9.09477275965522,28.0117450469625
NR18C2bF559P0055,-47.7774669971238,-2.64761695407587,30.9522957748931
NR18C2bF559P0064,-12.0694291566184,11.8970487945174,20.5296878299253
NR18C2bF560P0007,-29.2944885473192,-12.4349618851349,14.9949795511914
NR18C2bF560P0019,-11.5131494486981,-5.65307207682468,10.7037127744109
NR18C2bF562P0010,27.7228766656949,4.66588200366516,-9.19407792336279
NR18C2bF563P0003,36.5391027537558,-10.3376449440544,-2.46823460495922
NR18C2bF563P0008,36.0431607390141,-5.29652217165868,5.95224951768002
NR18C2bF563P0010,36.4611345137426,-8.06334417646567,-0.835063174959216
NR18C2bF563P0011,36.2669041391664,-4.4265715833073,11.9377465925852
NR18C2bF572P0007,-30.8903566999364,-17.2553376029741,4.0982551164315
NR18C2bF572P0012,-90.5829501221897,-29.185223625969,27.0785582011144
NR18C2bF572P0014,-33.2357334276933,-15.7890508889287,-2.73475642512434
NR18C2bF573P0006,30.4989106682292,-3.7431162513082,-4.98056839832914
NR18C2bF574P0006,30.8750128929992,-6.2393106551274,-3.90233608069324
NR18C2bF574P0011,31.3950203694234,-19.122965122019,-7.8918269804668
NR18C2bF575P0026,-9.61089165027444,21.531923150249,20.1794533502284
NR18C2bF582P0008,29.5392818772684,-13.2001438353681,-19.5231238489812
NR18C2bF582P0016,11.3281551091346,-19.8043631823719,4.49896537418499
NR18C2bF586P0008,29.6557388314023,-9.79685772063261,-11.6868110614825
L9_304_25,37.7595808134506,2.47728258304714,-2.24187229327132
IITA-TMS-IKN120210,41.0053917702888,-4.05974037719008,18.7571244552221
IITA-TMS-IKN130010,5.3978207931286,41.3643240951111,56.4515269611343
KALESO,-18.4399813547737,-35.7765539069192,22.3622872805338
NR130124,-32.1766799409948,2.29944089757665,13.4436911943643
TMEB1775,-21.3075798881243,32.6526554184419,-6.90858446367835
TMEB1347,-19.2586392162286,5.1159621034401,8.86585620429184
TMEB1776,32.553860914553,22.6001872906625,-1.63639255120975
TMEB1341,-18.7152485174427,18.2312725907304,9.28062746927481
TMEB1981,36.4474522241604,-6.47708383187078,-3.71670733129748
TMEB1937,-31.6545794316556,17.9454060091207,17.3703447393924
TMEB1349,-2.16926797928647,9.0135291923384,13.5732963331702
TMEB1788,-24.1130966965956,37.5793410105406,-8.92546116976893
TMEB1786,41.2300756043171,-15.6533032919678,-1.19581206448424
TMEB1346,26.6655253649728,18.4753628777681,-1.73656893810837
TMEB789,48.2285427251791,-34.3246119539144,19.2628347023348
TMEB1310,-1.79107028540765,-40.1574550100093,24.2116178532019
TMEB539,46.9600006340111,-30.8355101716434,16.7508124090758
TMEB2,43.9563172483011,-26.0222750324592,-17.5094586231969
TMEB778,-12.6764189766174,-37.9914101859223,7.48547204336184
TMEB590,-45.6122335594782,62.5590958103776,4.36060753324215
TMEB1333,-35.5106025116719,37.9688032328605,6.63213986579403
TMEB1332,-35.6461223211664,38.1734764214191,6.46491811220127
TMEB2146,39.4532775007663,-9.98103889991948,18.953805842671
TMEB2139,-35.6365433157028,42.5332570737555,9.03005124293196
TMEB2135,-25.216595544797,12.5669592568461,28.0550026923995
TMEB2141,-26.3988344726499,-8.96201647287176,16.6050158390333
TMEB13,47.6020999076256,-43.9441864482692,-8.61516233749257
TMEB1309,45.9358016869616,-29.6853314441295,13.795366056805
TMEB1334,-46.5348922917779,64.4625992786853,4.06738493969754
TMEB1336,-27.8468078085472,-21.0459958862777,-0.396237080492264
TMEB14,51.1983181824265,-44.2090257039036,0.180359119626713
TMEB145,37.7177523331082,-32.6917838754354,12.4245441019611
TMEB1738,56.3952564237699,-61.0031273759411,36.1822472222258
TMEB1794,5.90437545396007,-0.336703682391462,18.2215393078778
TMEB199,49.6077385117206,-54.1194899381206,-13.4065990608563
TMEB203,47.5904860265029,-44.3492778472478,-8.85732343280077
TMEB203(4X),47.3544233434194,-44.0764998374973,-9.00223350341904
TMEB204,50.2009566679989,-54.8726683102445,-13.705771786573
TMEB207,38.0983154040816,1.06562241212489,6.45449484881218
TMEB225,50.2884147278185,-54.1626736960905,-13.2358091241865
TMEB237,44.5264470271985,-10.2211252223573,2.44594789928716
TMEB239,50.5952910278451,-44.1017149231652,-0.0213814669278488
TMEB279,43.3493640718295,-26.0445024308596,-20.4988589798091
TMEB282,32.5388695137818,-30.6141758126812,-1.85670475344452
TMEB296,52.0216519610077,-28.2585048444605,26.3291237382858
TMEB379,-1.07738354803219,10.0808894517554,9.72474577519022
TMEB388,-32.9413566190487,37.6355966688283,4.19601819571016
TMEB4,50.8701136154671,-44.1122480569713,0.0460163194810349
TMEB419,47.6404378853073,-47.9464763316657,-11.6130331297521
TMEB5,51.0962933947637,-44.118115400647,0.203850374539224
TMEB594,42.2788073989553,-14.0309413341606,2.30704340533143
TMEB6,51.312325393993,-44.2458892438952,0.386682293755407
TMEB693,56.5765866463219,-61.3889382197672,36.1910094434641
TMEB7,51.2578780245564,-44.353554888189,0.22908696689116
TMEB785,-12.4237282542682,-38.1543244746638,6.92138921460161
TMEB8,47.7240417281257,-19.9621161187864,9.1897577951928
TMEB9,39.8932132280636,-50.8705514096727,-23.3566738652269
TMS000338,-30.4338601636794,7.55084018374445,-2.43739651744658
TMS000346,-28.0820009925396,-3.9185229486087,9.29016940027189
TMS000354,30.3578729937004,1.91296331318476,-3.31155330249127
TMS000364,-28.1749224590029,-3.82870244825771,8.99559297978506
TMS000388,-31.2703723753804,7.90052172048992,-2.6258389721403
TMS010128,43.6068349214125,-1.3687280242487,9.44090521284768
TMS011097,-15.6305156159772,2.60744191474795,-12.8520055808792
TMS050540,-24.5863564539371,-21.514162040649,8.87973757282835
TMS050751,36.6413015823694,20.0917306384305,25.6826706177607
TMS050752,34.5472260754084,15.6293887529459,14.9867956395768
TMS070099,38.1019231449281,-1.1803761565945,14.0554870495931
TMS070352,20.8549333132504,-4.78716556386902,18.6687683915585
TMS070489,34.6989445812303,27.4508004059056,18.1848577809541
TMS070863,-14.4506392685229,28.8685045655059,47.5612204340705
TMS010632,37.4141791944225,16.4158160904029,20.4026447903823
TMS000355,-70.058456658928,-11.6097892963879,-3.68799343050231
TMS13F1008P0006,35.3633659842497,5.6758906894018,9.10051926283496
TMS13F1008P0020,33.0307865664374,16.6736794531812,3.18599509099055
TMS13F1020P0002,-34.8163859402505,-11.7365787848796,18.1237120425997
TMS13F1020P0004,-30.8523303717727,-4.90938008821067,15.7510359605406
TMS13F1024P0002,-33.863948511293,-16.4593584127906,4.22450329439174
TMS13F1028P0007,-88.2242974077531,-2.60446088580393,-4.31983466722618
TMS13F1034P0019,-79.5128353512025,11.5623561080375,-25.2434230890858
TMS13F1045P0019,-42.8702164175723,11.9591147815115,13.1880987654993
TMS13F1050P0008,-41.0313248607169,-19.473844954553,10.8632319520718
TMS000210,26.4846498475751,-12.1597639048001,-3.51703260485256
TMS13F1024P0003,-36.5246009077132,-9.03593759898114,11.0079943538994
TMS13F1028P0005,29.5033673755018,27.3465216364526,-31.357294234531
TMS13F1034P0004,-29.6444436320323,23.3084764655374,-28.2131622697139
TMS13F1037P0005,-38.6647832431175,-6.85619788766693,-25.8197839210623
TMS13F1039P0003,-65.899207827674,-42.1648144061694,-4.85670437753937
TMS13F1045P0017,31.2320035007274,22.605510870694,3.18426083970845
TMS13F1047P0012,-79.7518137458626,-30.2274290367409,8.29596976387487
TMS13F1051P0010,-26.7493725988791,-64.1273442516141,-33.8620062576766
TMS13F1053P0002,-41.3130797028356,-10.9034678157904,-57.0309675223449
TMS13F1002P0009,27.2825309834822,12.8534103657963,-13.4093875778367
TMS13F1003P0003,33.8805965144705,6.36227270309981,1.73263261274406
TMS13F1006P0002,35.335167374545,5.73199424036477,11.777651579366
TMS13F1006P0008,36.6875161197558,3.32525611457272,0.691570563954219
TMS13F1006P0011,35.6399529588472,10.9413684135316,16.0486867885299
TMS13F1007P0005,13.5844201794965,-2.96432085026337,9.54936753451566
TMS13F1008P0017,-1.58713347962099,4.70930680576552,20.1836588194034
TMS13F1008P0023,-30.5010351479977,10.6532215369646,14.134153768092
TMS13F1009P0003,30.9656825655392,12.7509175032894,1.80755512739448
TMS13F1009P0012,34.4206346162211,3.91177696149157,-0.0696059950630499
TMS13F1016P0002,-44.3064785399173,-9.2866151722424,-15.3860027678867
TMS13F1016P0005,-35.0177634776486,-13.090882579583,-19.3372772549408
TMS13F1017P0003,-38.8668787419946,3.79410137260929,-11.5921115457774
TMS13F1017P0006,-29.3437958929878,6.23945502036723,-13.2799571384602
TMS13F1017P0009,-33.9481850861152,22.7436690973355,-2.11510672070101
TMS13F1018P0003,-18.311904993875,6.12425051392486,8.70405369326528
TMS13F1018P0009,29.5809236150808,12.8228087930846,0.0185061821574584
TMS13F1020P0001,37.0239438757638,4.78413265591639,-1.38768602219266
TMS13F1024P0005,35.0101212055485,-2.4764584715324,2.37884599994719
TMS13F1028P0001,-95.938152620709,18.8125315944781,-12.9098540084559
TMS13F1028P0004,-91.0336317375517,3.46748662655378,-15.6994198935571
TMS13F1028P0010,-79.1682792397423,5.59174006141585,-20.6306133212471
TMS13F1034P0003,32.9613994455436,7.54378191888758,-7.25639122991251
TMS13F1034P0009,-26.5302855737829,-5.70135817713609,7.8787850148999
TMS13F1034P0012,-88.4297663606929,8.41709972218331,-11.1223711851981
TMS13F1034P0018,26.7934161935997,25.7859025143574,-38.8251171410994
TMS13F1036P0002,10.8884344446551,19.4895092177917,-0.442373845163192
TMS13F1037P0001,-2.27835857406194,18.5655048974573,-37.3602522662824
TMS13F1037P0004,-35.7527068422652,7.0771236390083,-30.5310071302415
TMS13F1037P0007,-33.7921218809961,5.16589020938003,-41.20303161361
TMS13F1037P0010,-68.6934604610638,3.09073181112352,-15.8903218414947
TMS13F1039P0008,6.96580523140952,-28.6131757756252,-17.4055747049185
TMS13F1039P0011,20.2580445923672,-34.0212387475295,-18.4429251200103
TMS13F1045P0013,-31.2040281446843,13.8102044153111,17.4277350328423
TMS13F1045P0016,22.156999614609,24.9993809225197,9.41394537527931
TMS13F1047P0011,29.0266247966835,-1.71642945824984,-9.20203353452923
TMS13F1050P0003,8.95232253635187,-18.5465615455809,-5.36236057150742
TMS13F1050P0006,-26.1929623709152,-12.1536069068298,6.11023731290777
TMS13F1050P0009,-90.5874995573812,-28.6184359169675,3.64686288982342
TMS13F1050P0012,35.0601923698854,-17.562248877107,-9.13400451545549
TMS13F1051P0003,25.9320166544683,-3.7707763199676,-30.1765992329094
TMS13F1051P0012,13.7825712868067,-21.313584749449,-1.80926571303555
TMS13F1051P0015,37.3013835021713,-53.7227630126575,-41.33271343215
TMS13F1051P0021,12.8582289869003,-33.0044597953219,-4.72426053045058
TMS13F1051P0024,13.3951146770396,-21.5724513716663,-6.31978284498072
TMS13F1053P0001,-43.4670453395124,-19.7439056129588,-48.1778922105814
TMS13F1053P0007,16.9083774351084,10.2063480522421,-75.9471839262456
TMS13F1053P0010,-40.3106036777499,-15.9460671344705,-58.2945881552782
TMS13F1056P0001,10.5347596209129,8.96852868790825,-37.9167806270432
TMS13F1056P0010,22.0066056436861,-7.10704791598837,-39.8061196765754
TMS13F1056P0013,-23.9934866286092,-21.3010818875705,16.1558467230891
TMS13F1056P0019,17.437640407064,-10.566150341708,-41.3157599354345
TMS13F1059P0003,40.5869004619788,-5.7632982905457,3.32632543262615
TMS13F1002P0008,3.94796233481881,9.86005168138327,0.616335915539117
TMS13F1003P0011,31.989713300802,7.31861692943854,6.05719948112594
TMS13F1003P0014,-33.8372712365264,9.94485627333953,8.14792564015506
TMS13F1006P0017,22.2873431106519,0.0449377493305197,9.94342224038837
TMS13F1006P0020,37.6626511109191,2.07282908656244,20.9380823354453
TMS13F1006P0029,29.2948493892297,31.7121125758916,-2.39757764620635
TMS13F1007P0004,-29.4084697648208,0.426445533690179,24.3827423510831
TMS13F1008P0001,-31.3617444335768,15.1597981357838,18.9602590761261
TMS13F1008P0007,2.5797039972582,13.1545095097572,18.0825079811139
TMS13F1008P0016,-29.2165397310365,-0.151533244554494,8.14918722359288
TMS13F1008P0019,30.555062736048,24.689125317464,0.134163887112548
TMS13F1008P0022,35.0687426273657,7.55283753349751,10.435060422024
TMS13F1008P0025,-28.4919280051956,3.43659642796656,13.4760111699683
TMS13F1009P0002,-26.1618921130726,-10.0841453287846,3.43303782046122
TMS13F1009P0005,32.4051726121219,10.1628107460544,-8.19112955259018
TMS13F1009P0020,34.1541705194412,-3.73711972406341,-11.8399818839993
TMS13F1009P0029,37.3275339259158,-7.46178087245811,-10.2441171688693
TMS13F1016P0004,1.80098454324464,-10.9229580387945,-39.8216636522293
TMS13F1017P0005,-39.9697894174849,9.36807206144239,0.102197287113387
TMS13F1017P0008,-31.4053721172055,6.42716552431828,-4.77205530218665
TMS13F1020P0003,27.084699548598,0.363612838757618,-9.48180121192514
TMS13F1024P0001,14.8070357518303,-0.455859387243014,4.41161245796735
TMS13F1024P0004,-28.0101534638745,-2.93819311295304,14.5724099685439
TMS13F1028P0006,27.6084238061523,23.7327889687865,-37.3502166423141
TMS13F1028P0009,-90.8983651576583,-2.30996607479908,-11.1794742890601
TMS13F1034P0005,-21.2497534600024,-19.5827091733823,2.55270556398988
TMS13F1034P0008,-32.7645533385208,20.3219004573036,-23.9179203856644
TMS13F1034P0020,31.9076224555647,-2.50300355374371,-7.04613378123316
TMS13F1036P0010,-26.1362418027249,9.12187911591209,-4.84536253253931
TMS13F1037P0006,22.6389456718072,8.50045473650992,-24.5083089596049
TMS13F1039P0007,-32.8170914211961,-35.0226753076459,-6.49991092380158
TMS13F1045P0006,-30.2953639383972,7.07687079316113,13.9842657264207
TMS13F1045P0012,30.3501779788327,24.9233478019644,6.49807529269751
TMS13F1050P0002,-4.71774260755846,-13.6773827057287,8.67856028689937
TMS13F1050P0005,-28.0299367786956,-14.8322005731704,7.8614458112999
TMS13F1050P0011,-20.1608372049812,-12.7457677431377,-11.5970300411671
TMS13F1050P0014,-24.4078759414149,-12.0175474113539,2.56430869308337
TMS13F1051P0005,-22.4226033695177,-69.9410627946633,-17.811322253748
TMS13F1051P0014,12.6657536600306,-18.8375297510516,10.0796102511438
TMS13F1051P0020,-3.85844933675651,-71.8001219564756,-28.1125356809327
TMS13F1051P0029,-22.3083834507631,-57.0910167614518,-24.8597778875427
TMS13F1051P0033,-26.188485306872,12.3577945629206,19.0494816255741
TMS13F1051P0052,15.7151002500314,-25.014181942596,-3.19115541086749
TMS13F1053P0006,-98.3747169574786,-23.751510922166,-46.8654354761579
TMS13F1053P0009,-39.795585313498,-8.25068120838401,-62.3030554075958
TMS13F1053P0012,23.983406365342,1.0150729618543,-53.902780851923
TMS13F1053P0015,-35.0516894790993,-23.5540411562242,-50.5541428136601
TMS13F1056P0003,25.6013023408688,4.26238083359935,-32.489298472099
TMS13F1056P0021,-2.63554934120777,-3.53590848815093,-45.2076304235563
TMS13F1056P0024,0.127466137805029,27.7130009248201,40.5614975442556
TMS13F1059P0002,-21.2362949143317,-27.3463152007808,9.87107286824868
TMS13F1003P0016,-32.9789409501429,-11.0841213921796,17.3862837751134
TMS13F1006P0027,-0.478356769181295,0.428097917100792,11.5984068446431
TMS13F1007P0001,-28.0919461965236,-10.9517516596797,10.4867784815459
TMS13F1018P0005,-26.9882584362237,4.96153814923487,8.35473113937868
TMS13F1018P0011,-27.6046608869652,12.2552617928679,16.6213508429357
TMS13F1030P0004,-29.8692172653551,-29.3976687985365,-7.28233029729107
TMS13F1034P0002,-23.5758806692582,-17.7868866559496,4.13288420255616
TMS13F1045P0018,-33.6727836900942,7.95382828017246,10.9809847203444
TMS13F1050P0004,32.1191942239516,-9.03972666268895,-5.24648950968702
TMEB340,37.1979362452848,-35.4440403940567,-5.447288052829
TMEB402,51.5757590381292,-42.6573724157511,15.5750146064685
TMEB408,44.3218078927379,-7.10437734892625,0.174439023165291
TMEB424,-25.2517222718532,8.75294449478127,15.1159999732884
TMEB443,47.0380775530952,-43.7164724140088,-8.07816538193681
TMEB463,47.9494561827705,-24.5800866255948,-0.769434887065156
TMEB468,44.8124400315028,-44.0016966519737,-8.43597194576205
TMEB474,47.3602107832467,-43.752284267,-9.03540517498912
TMEB486,48.2260792001299,-26.363081225568,12.9522586968649
TMEB508,44.7177499588862,-30.0168478097443,-10.8397673590259
TMEB542,-30.8323400493245,32.9300076956293,4.87207525125076
TMEB557,45.6659586965226,-37.9889282167475,1.75617450503696
TMEB600,47.3214995519777,-38.1889269597051,6.9432316104835
TMEB700,49.6568763828388,-32.5433596121456,28.655260421865
TMEB701,-45.5001344547106,65.4528666395372,3.62347218127591
TMEB702,47.2412844467029,-27.6296261206903,26.2329983738399
TMEB762,49.7169523329232,-35.7554181945391,27.5415976019959
TMEB791,52.4050965170419,-45.2410789148986,23.1839871893573
TMEB849,-21.861095309818,-19.9542664347541,28.8613802194953
TMEB857,55.7282075483903,-61.0580657712397,36.0235544746096
TMEB900,48.5468069215047,-37.967663764881,14.1977974565224
TMEB909,-36.2721775037355,43.4948392411418,8.97435259159333
TMEB947,-45.3805851027602,63.9048172479704,4.15329551578214
TMEB948,-45.616324320398,63.4256044312387,3.77246835631733
TMEB949,50.5271037772951,-42.5905794995087,0.020378671123778
TMEB952,-33.0219704807515,1.14295352773567,12.3256726567268
TMEB955,43.3599133149103,-17.5743797059827,0.286437754064216
TMEB961,34.0677998235129,-22.4753402328974,11.142302944491
TMEB971,44.4367136591197,-17.1911494972693,-3.87449019171111
TMEB975,33.3978568552328,17.1416602196324,9.55582379424346
TMEB984,51.0524564000756,-44.1190679216092,0.0918265188697523
TMEB992,46.6771819809694,-38.7115928879109,-7.10121332849261
TMEB1274,41.3102707321599,-11.3664995432319,2.87373203016798
TMEB1284,40.7347040080075,-10.012060979438,2.31013706541595
TMEB1289,40.7767378114151,-10.7013228431632,2.03159414781662
TMEB1368,56.8234492364861,-61.0224895163623,35.9484255602823
TMEB1408,53.324140481674,-55.8528397452192,11.5814925615297
TMEB1412,-46.2582582209851,65.2605432569054,3.73426054794042
TMEB1418,56.9543481547583,-61.2662270907887,36.404930938358
TMEB1428,47.9836731852134,-26.1813023307662,13.4371064753607
TMEB1442,56.3756096461614,-60.0902211566635,35.4939438097228
TMEB1448,44.1437664629846,-38.6665426339568,-6.42061694902923
TMEB1463,34.2886711980205,26.2990579301736,-12.7175286711953
TMEB1468,43.4138406747848,-7.66838705772755,7.05071068041974
TMEB1470,35.6287905866782,-2.86374789028674,8.41988361983717
TMEB1471,45.3887133996815,-9.92976870179936,7.45198544304364
TMEB1484,45.2134712784736,-37.038938343712,6.8969037466067
TMEB1490,48.2795769009195,-23.7796206305112,-0.180627040349881
TMEB1491,39.7920637477831,-13.664492670501,-1.17124498808001
TMEB1502,46.5560893194448,-30.7320697601273,4.550884000407
TMEB1503,-46.9238003744608,66.1159057819106,3.67093576978896
TMEB1515,-44.2017950973121,60.8587004210885,4.44208098019241
TMEB1529,39.8971131877698,-11.5275572546129,-7.32471423113702
TMEB1540,-33.6681972392489,26.991968163792,22.5408289228308
TMEB1548,40.0292784950805,-11.341171910748,-7.05815523388624
TMEB1551,-34.3043460661789,26.8919199384484,22.708050016044
TMEB1552,-33.3421963962102,25.5106907398032,22.5812257440841
TMEB1556,48.3958259746034,-24.4978333428704,-0.0266921966373849
TMEB1559,56.8448209616958,-61.1697231060754,36.2919927445558
TMEB1560,56.8384952981865,-61.1935259739314,35.8233037117512
TMEB1571,-34.5284693949634,26.5902242454702,22.8024689831801
TMEB1572,54.1223118008626,-57.4646864726872,35.0588252785372
TMEB1574,56.9621786293701,-61.3350429571528,36.31801937682
TMEB1582,48.331330280672,-36.0194260747902,1.88794145659114
TMEB1589,47.6288955481386,-41.5113788693762,2.52409695955376
TMEB1591,41.9731495726387,-8.69401050147059,9.19442037688706
TMEB1592,-31.1181059880842,27.34248577825,27.2624511777662
TMEB1602,48.7427958603621,-29.9412437426821,15.4758302197911
TMEB1607,-46.8685929830989,65.8622550762737,3.90034239011522
TMEB1608,49.310129192414,-51.7251611464267,33.3760488352974
TMEB1612,55.3559584341879,-59.7580974575012,34.8105383404064
TMEB1620,51.359975449134,-52.5256169705066,18.2282476825894
TMEB1622,49.2510149450568,-42.3722729610531,0.533342193345981
TMEB1624,50.5895224149453,-43.4604940288058,0.609496182177445
TMEB1625,56.8108066739625,-61.5282710257304,36.1610297622069
TMEB1627,-8.05227924510317,-33.2795992759827,30.8698273477202
TMEB1628,55.890954758318,-60.5000179621524,35.2258883922
TMEB1639,47.7632627749904,-37.4262487272297,5.32941428827129
TMEB1640,51.2860136090379,-54.1696436114457,18.3847364679729
TMEB1648,49.7570522999165,-43.453133913452,15.2811224573252
TMEB1652,48.8036418006221,-41.6756747464659,0.704494339865721
TMEB1656,48.3404784133351,-41.6823330000992,0.0742780843895961
TMEB1667,56.891216106465,-61.432375041563,36.1812487163244
TMEB1669,56.8724888948396,-61.3590273700163,36.1267072212846
TMEB1670,56.8531941126373,-61.0454014928542,36.2473507264354
TMEB1712,48.1858002104493,-31.9553653913317,28.5632722837523
TMEB1720,48.8914445787636,-32.7821078515123,18.1775685188581
TMEB1740,42.3494023467663,-12.4738613908341,7.06040568297457
TMEB1742,51.1439575172747,-44.0215599333394,0.185917903411609
TMEB1822,38.8491816696277,4.47134968206137,14.2764179418312
TMEB1824,43.1476573548357,-13.2915176122814,7.34816519283208
TMEB1826,50.15700464101,-29.372252257432,12.9098463151408
TMEB1827,43.3662850217106,-13.5290715400639,7.05856234067945
TMEB1829,44.4803912885118,-21.9609021654102,15.5793634122019
TMEB1842,47.6373284081972,-44.361776209759,-8.67003265461836
TMEB1848,52.1783343356878,-45.0754937821413,20.9953787534858
TMEB1853,51.1685373773278,-44.5735659945525,0.198649362570675
TMEB1854,44.2341594330884,-26.3618426828021,-17.1497418649466
TMEB1855,50.8785415691678,-42.5607705285266,0.467145454612273
TMEB1865,45.4084758778184,-30.2257939719008,-2.37556228374989
TMEB1869,40.4728187996449,-21.7469661492255,3.08933768485741
TMEB1882,24.6019376570941,46.8613030722581,-4.0654207657253
TMEB1883,30.6711671136951,22.9853288924899,9.01265382218275
TMEB1884,12.1117306071651,19.7631429996391,29.0542609486934
TMEB1885,7.77302942586227,28.6482551410145,0.654523344340299
TMEB1889,41.312186781795,-9.93854837763339,1.50439251742338
TMEB1902,36.8770835407055,2.18608036148851,8.27568654536851
TMEB1904,-17.2413187899491,43.9683455930777,7.81055373091226
TMEB1906,-39.1453601560345,24.1922670277281,17.1394485109352
TMEB1914,34.536703409198,29.6448678323909,17.4850093378479
TMEB1916,38.2435416042527,1.93946773010936,0.876576052992425
TMEB1922,30.4522786850852,29.7799193729459,19.7648065397602
TMEB1924,25.1558253849149,26.3746429632325,10.8789848655088
TMEB1942,56.4132251084033,-60.7493920126913,35.6142264007967
TMEB2001,45.0433301601944,-39.2345487415685,1.16699627950997
TMEB2002,45.4355849519604,-9.19978352858158,7.45748874923622
TMEB2006,50.3171607032092,-54.29568428752,-13.31690310899
TMEB2009,55.9879690618512,-59.7137059702406,32.9163953422682
TMEB2010,47.1703570960358,-30.5401882425166,8.85688217416539
TMEB2015,50.2268989309847,-54.4664299478178,-13.5261948383356
TMEB2019,41.6170569556599,-25.0357410326993,-8.8526940346603
TMEB2020,47.7803026030484,-44.4861570664719,-8.57191881209422
TMEB2021,45.5513047271724,-44.3939359688144,-8.60500394427925
TMEB2028,47.407942124076,-26.5164645214362,-9.54832597379071
TMEB2050,42.9804050400378,-10.3121199385146,-1.92986362163709
TMEB2055,45.532922997574,-9.46270869965856,7.36269124789492
TMEB2056,36.831309824639,2.16897406133896,-28.8391104633217
TMEB2058,47.6564277914644,-44.3791566481136,-8.96832472316615
TMEB2059,46.0034725439718,-34.7593064525457,9.58333695480783
TMEB2060,43.9455297028627,-26.2722802364589,-17.2781174736509
TMEB2065,44.2754305581377,-19.2591262102508,0.460535672462499
TMEB2066,44.0929973257409,-12.4397329241204,-7.58593825092353
TMEB2068,45.4844056347614,-44.5166556644633,-8.57685567864966
TMEB2080,47.7573573712031,-36.2235499035405,3.95690348025416
TMEB2081,45.4119496792364,-9.47066038755072,7.28862320208476
TMEB2085,36.8158116472589,3.04878802194531,6.45487197586865
TMEB2088,48.531168485434,-29.1039058806786,25.3755924031975
TMEB2089,36.9119423219176,2.03944242313073,-28.3652529626585
TMEB2092,56.77484690668,-61.3769713215971,36.155981850484
TMEB2095,47.0971724553658,-42.2917552794439,-8.28034477817709
TMEB2099,-24.2520534341269,-21.6259210369731,13.0702342650724
TMEB2100,37.3069524087559,0.061430291859241,8.73752590922
TMEB2108,-34.4123486968449,13.3618729990296,16.1702001122298
TMEB1887,7.39160861784263,28.8755496665515,0.273411235731261
TMEB2069,38.4431001590876,-17.5731215081997,-14.1523525471756
TMEB1661,56.475670323086,-60.6026194790432,35.3972712696411
TMEB1462,46.1468678466472,-41.4952499288222,-4.17227542543452
TMEB19,48.5586217505121,-42.6415371333669,15.4214467303127
TMEB20,44.0056595811009,-26.2680035356127,-17.8649181953402
TMEB21,46.5628036383987,-27.5546541969837,-4.73404536314977
TMEB23,47.8809137742826,-26.589182106393,5.51642913709766
TMEB24,47.8456218956683,-27.0783396423939,4.13107500236493
TMEB25,51.2020317298842,-42.8456529073834,21.3616814259127
TMEB26,47.3975246325625,-37.5294441786198,0.750698847601198
TMEB28,41.8445044871309,-41.0315933740143,-6.1747430315326
TMEB30,36.7760859038784,-27.5523700135834,-1.66236239511726
TMEB31,46.4761585113633,-27.9860941776523,-4.43434347193304
TMEB33,46.9949786554485,-28.9903280481259,3.39082540583321
TMEB34,48.6870166091117,-29.4186423132276,11.3650640002807
TMEB35,51.1207615156623,-43.9455381586169,0.280769861200222
TMEB37,42.3898802223255,-15.9029555276016,-11.5388892302141
TMEB43,56.7843049611322,-61.1721163370201,35.9736251832606
TMEB47,45.1966462881925,-29.8522023509689,-1.90429538606211
TMEB49,-47.1637095460186,65.3416359377488,4.04687425877928
TMEB51,56.0542020884975,-60.0816347581594,34.9948606025957
TMEB55,38.6432858221756,-18.1712815572085,-14.0050150350483
TMEB62,48.7345994998897,-40.714813195855,-0.211154781989091
TMEB63,48.0596618342,-37.4615737001638,7.84437490598041
TMEB69,56.8922482313835,-61.2854069562745,36.2403207315212
TMEB72,56.8568646200881,-61.2511322083978,36.2270445478212
TMEB75,56.8444177344634,-61.2913466934576,36.0602258620208
TMEB77,56.7712177315508,-60.9076660060345,36.0672213212842
TMEB78,55.3556504918627,-58.5655856769867,33.6821342658453
TMEB81,56.5436006556895,-60.6535148412647,35.6744795587041
TMEB84,45.576207166198,-52.8152808318133,33.7362767162794
TMEB86,56.9271332701591,-61.5001948576533,36.0704486146059
TMEB91,56.9112288780027,-61.5244204744012,36.1395402018988
TMEB93,57.017391995707,-61.301158761252,36.4175313254493
TMEB95,56.8389034713513,-61.5055058945212,36.1472699354003
TMEB96,56.8955619709928,-61.1919590802489,36.0966084886519
TMEB98,54.9800809162201,-59.8854797608246,35.2290047995743
TMEB99,-28.3202974546459,4.18285349557624,24.2481277753716
TMEB128,-34.7143116292478,39.9970385985707,8.41384677042635
TMEB130,-8.1676263326311,5.64292849205434,18.3550259146773
TMEB131,41.9181761368026,-9.32567757287491,-1.17798009450346
TMEB132,-8.61062274304486,5.66768117848823,18.7811604486827
TMEB134,-33.8274962528641,13.6386561531697,17.4366821632845
TMEB135,-7.93322168895247,4.99676603727571,18.2226222460936
TMEB136,-8.61365401651964,5.93490718222684,18.1121374911128
TMEB137,-8.7147179904906,5.57838283713618,18.1950534834136
TMEB138,42.5426257158933,-14.1533544553078,2.44940225646534
TMEB139,-8.71676468105171,4.79886554676858,18.6654898032622
TMEB146,23.1517270351623,6.59682885730623,4.3845671127495
TMEB147,28.8707256333764,21.4885593963766,-19.1968331302052
TMEB148,-36.1057396756818,29.1526123281976,9.47860551196582
TMEB150,36.8714572609583,16.4808356753874,15.3423096746688
TMEB151,-9.1472626548981,13.2384221813754,7.07113484079837
TMEB152,28.8999821658939,31.9224143318245,0.853075769347972
TMEB153,-10.0894671889569,-4.0077927839897,12.2378890591626
TMEB154,-9.24984501961651,-4.21854486136293,13.0066874391272
TMEB156,-9.36615212015152,-7.67560656049202,16.7787872890145
TMEB157,4.73660717773912,35.6732117873468,-2.76398646308631
TMEB158,-41.2523198944962,40.8621457563987,-6.57959588719009
TMEB159,-41.0950728491801,42.4644210702945,-7.12050288523593
TMEB160,33.8447966155749,-20.458120600797,-13.7553113028244
TMEB161,-31.7566502698249,12.9079208834649,16.2852758845451
TMEB162,24.1602911808812,45.1787070730963,-9.19692845353273
TMEB164,-38.754152405784,51.1841467042197,15.0683405517618
TMEB167,30.7970863371469,21.7979494692311,2.63666316133661
TMEB168,-30.8086893951626,8.69236970672748,13.8160646559379
TMEB169,-28.3445540662094,42.8185734573058,-7.46228718605596
TMEB170,-28.4662368471231,1.40063894997427,13.1604756824187
TMEB171,-16.5611826479464,27.6469222155051,6.76518690676638
TMEB172,52.5882963865227,-44.0606475540284,22.9543952692454
TMEB173,53.2864916639951,-46.3311863292359,23.304212675583
TMEB174,-4.19897859888398,-10.8557488578853,22.0597288809065
TMEB175,-4.47986533539885,-9.36448266337709,16.1691949280419
TMEB176,30.8764272671374,-5.99958850753247,-5.04675268929102
TMEB179,-25.2221918057913,-8.47315824699588,16.253935738337
TMEB182,-21.0549907376723,25.2445001172517,-2.40750447809128
TMEB183,39.6132058911023,-0.295313964819982,-6.30720077750854
TMEB185,38.280965544687,-9.50766099456146,17.8842266964611
TMEB186,-22.5687628496481,8.54884420223317,17.4907985569385
TMEB187,-3.1366978250071,-11.9038795337959,21.1256712937455
TMEB188,-37.090942032064,19.9723672982017,-0.395393746386091
TMEB189,-37.0433227622802,20.2025191688049,-0.813255226971025
TMEB191,-2.06179609471127,5.40303596264848,6.99964118143785
TMEB192,26.2866312381606,38.8583106863666,-1.39897473735839
TMEB193,26.2400234800746,38.7449681832583,-1.27169102596245
TMEB197,45.9052142062494,-29.5292919359703,4.04869653819571
TMEB198,44.7772132522311,-8.85118740305014,7.3630056090836
TMEB202,45.957160701569,-48.3317657773768,-11.6178244790019
TMEB205,22.7321502619721,13.7931029037227,-2.46710128208655
TMEB206,22.5755582443698,15.9240127794987,-2.31023716827818
TMEB208,37.6144616559201,1.04787717508857,6.80900020074076
TMEB209,-31.7169874872313,21.9318330129225,3.53595926852879
TMEB210,14.7719727117459,14.4088684711771,4.63212003387622
TMEB211,-40.4827369768654,41.9134835974916,-6.88898368871289
TMEB212,-25.096375615219,-6.35902299191852,14.7124212104099
TMEB213,38.3684652220221,8.62663547113541,8.98728504121237
TMEB215,40.3722916157798,-3.78704203928486,24.3520449217351
TMEB216,-0.875167256120149,-7.6681788110067,14.4874189848726
TMEB219,-21.1768689755991,-22.4422300429457,26.6546952092893
TMEB220,34.4059523409431,22.0589022880222,5.7134009412491
TMEB221,33.4771219645705,18.7337185794635,11.0774546183886
TMEB222,35.2721240358613,13.1811694798085,3.02921042292195
TMEB223,34.8877254313812,19.9346555844057,6.35137858994308
TMEB224,31.4843594555499,19.3765389807565,3.00131970797602
TMEB232,-35.9831988620423,41.4720539276644,13.8924046037284
TMEB234,56.5423432343187,-60.8696762289261,35.5301583339589
TMEB235,48.0152643212161,-23.8392333709946,0.631430850486478
TMEB243,48.4540961478407,-33.5550792615598,20.1541795392638
TMEB247,47.5417074793753,-44.2167202644629,-8.89706354567874
TMEB251,10.411132984007,-21.0034603054278,17.2387711426645
TMEB252,46.8704638049727,-33.453431184587,29.0485721576187
TMEB255,-27.6187076120878,-1.93549195227378,21.5479901600422
TMEB256,49.53361069755,-32.4087321584873,27.2092235561382
TMEB262,46.0400991444513,-36.8103122990765,10.2164160397976
TMEB265,47.4251028029032,-29.0441444838558,24.0395561681953
TMEB270,40.6513777993319,-34.6369165687395,18.6614122518568
TMEB274,-33.2879165232932,17.5711272673577,26.6305722973184
TMEB286,43.9476246198987,-25.9734820277748,7.54824174807935
TMEB287,19.3016480202829,-20.6857594631302,5.04342763784835
TMEB288,45.0187925030146,-41.0748617915218,-7.40884986022326
TMEB291,56.7400511379564,-61.4425093983269,36.076610147021
TMEB329,38.3678665966245,-17.6710736425514,-14.279692915812
TMEB339,-31.8616371704603,20.4943549230688,21.6092333171781
TMEB380,56.9019283561299,-61.3399592702014,36.3782427220574
TMEB381,56.8678144037356,-61.4435961927515,36.1720689778565
TMEB391,56.7217670729228,-60.9982976655838,35.7430233105441
TMEB394,45.3996850538886,-9.24029930640453,7.58881741363956
TMEB396,44.9008998037873,-9.1582469274845,7.18261681520043
TMEB397,49.5080632835793,-40.7707023146947,6.12668635970128
TMEB398,45.4304709382818,-9.12673379841122,7.30270574673081
TMEB401,48.5632051470447,-29.6832176302818,26.322072952493
TMEB403,51.6685606154285,-39.7748219249146,10.721102505674
TMEB410,52.5874113662432,-46.4254548165292,13.0714769535693
TMEB412,51.0488728914811,-40.5763404754067,28.0692512761767
TMEB416,51.3583399563687,-40.7250324329533,28.1731266717913
TMEB418,55.9585102132379,-60.2257554974216,36.322119998547
TMEB421,27.159194705103,29.4828924344466,-8.19134373686825
TMEB422,25.4915432291696,37.2930406672809,-5.8869092510864
TMEB423,-25.3760031406673,8.75602695422314,15.0624675318291
TMEB427,18.7880137182028,22.4459378063623,-14.0871915249897
TMEB428,-30.694886113085,18.3410413764545,22.776694332895
TMEB430,11.343124035159,-5.45464601612782,19.0497791863305
TMEB431,10.0270533283266,-6.36312050965546,21.0984143385481
TMEB433,47.7305409929672,-44.4392411623964,-8.85539696472079
TMEB435,50.3900232364105,-54.507005235066,-13.1922697727879
TMEB437,47.4514076688476,-44.1122639735063,-8.18968593828739
TMEB439,-34.5839656633052,26.2811031186795,22.6354854825558
TMEB440,-34.2426608900217,25.8142460163139,22.5198099144556
TMEB449,47.5722735000248,-43.8524800609521,-8.64127714640087
TMEB454,44.2718018952059,-7.29216104058698,-0.122640741567481
TMEB455,50.3024002118651,-54.389535436978,-13.2198603931335
TMEB459,42.370674090284,-17.0266790834241,-12.4241555192383
TMEB469,42.7250118288799,-40.2094138411847,-6.09513305643015
TMEB477,50.2823266552071,-54.0621889681309,-13.1970614598464
TMEB478,47.6694694315325,-43.9765354089831,-8.63991417648132
TMEB480,49.977443948229,-53.8062722707924,-13.1603959013352
TMEB481,50.2490429042698,-53.989640581966,-13.0740354926042
TMEB482,50.3090584265451,-54.4915710324968,-13.6729419336927
TMEB491,44.4433500313946,-30.1596041844777,-10.3978330842755
TMEB494,49.5960725581658,-52.4309314478227,-13.4272252188481
TMEB496,48.9257873413755,-44.6272915007702,11.2836087973771
TMEB497,48.7061923841708,-31.9941039507279,12.7916462769157
TMEB499,44.3775888224869,-23.7666992247101,-1.05794093177072
TMEB503,38.2644131698827,0.721919755205164,6.55189037897855
TMEB506,52.0762006289256,-28.3745783881019,26.4816343105104
TMEB507,45.1982075408597,-12.7032577612829,4.89505766159079
TMEB514,44.1367749603235,-18.6934913836945,-0.696656581074506
TMEB515,45.1651573634574,-9.07295573015188,7.0318623727065
TMEB516,40.7949964019978,-12.1200616437038,2.7492124291241
TMEB527,50.3595988143759,-54.3603233314354,-13.0308442059444
TMEB533,55.3609045688448,-57.5658513936134,32.683906415428
TMEB534,56.2243234755093,-59.1435834753867,35.27999792219
TMEB537,41.2567722416635,-14.7667954556963,-3.61026730989301
TMEB538,40.4285810540154,-4.47927447947876,2.56321675074708
TMEB540,47.7694290306258,-37.6395641313941,19.3587812791748
TMEB546,47.6563094207827,-28.7391907428623,18.4333621167938
TMEB568,56.5358028565103,-60.3761709599024,35.8219756125142
TMEB583,45.436492034045,-9.28052820783678,7.30814038653321
TMEB585,42.9590025147191,-14.8484341990498,-2.69752413970507
TMEB586,52.8046719480296,-53.1593424279451,29.0430892514116
TMEB591,34.2750053743423,-15.0052985158082,6.28386522244886
TMEB592,42.5708516685527,-14.9969334285717,3.20792446617262
TMEB597,42.7721067645568,-18.0951310636159,4.38909154220722
TMEB599,49.9763348832905,-39.7412573212665,7.19544816208276
TMEB604,4.83006632691633,-8.26265755895266,21.4506445183219
TMEB613,-30.6542493432954,17.2841519306742,21.0425011099982
TMEB614,44.5049454633224,-40.9248722878552,7.67981796263856
TMEB615,-46.427751097905,65.9749179116387,3.59893096097968
TMEB620,53.0588619208715,-48.3313484748219,20.8921713243382
TMEB621,45.8744262779554,-26.9778184439634,-0.54825136186118
TMEB624,43.8944075391009,-26.7221047462184,-21.6125247714318
TMEB625,36.8201412852194,2.31622150149317,-28.9572564019948
TMEB628,-8.00497846629972,-33.998063350239,31.1576267214417
TMEB629,-7.60275070611672,-33.8288310232257,31.1340550965723
TMEB630,-7.81103791277509,-33.2582245760878,31.0797348202034
TMEB633,47.469085230484,-41.166512442996,2.51816095358372
TMEB634,54.8125015122063,-54.3878967562684,27.8632413546197
TMEB636,56.7719999912254,-61.5616596324276,36.2922816775802
TMEB637,51.1044430314925,-39.5191840782595,19.4832738877814
TMEB638,56.845038525781,-60.8885722391167,36.3233486668384
TMEB640,53.7273422651092,-56.566870055768,11.9784054945226
TMEB641,54.3796100404823,-36.5791277777846,26.3286092132677
TMEB644,45.4156176958698,-21.913688569072,19.8335702546449
TMEB708,48.6764590023161,-30.0801216513092,26.9620748679774
TMEB711,50.5681342303393,-36.0572056888192,25.9810051625366
TMEB713,48.7308913252721,-39.1543315530904,5.0805195297963
TMEB721,41.6160297241946,-21.9438175645835,7.84437966011699
TMEB735,-37.4328709876304,43.5732100900333,5.62433499881058
TMEB738,46.6964509751204,-40.5384162174662,2.14114404369505
TMEB745,56.8054778563064,-61.2653651521744,36.2218403404149
TMEB757,49.8895569472888,-36.2698107058624,27.5732852659144
TMEB771,-46.9917820325062,65.511148495986,4.22616280531679
TMEB781,-11.8359107462106,-36.165304519521,7.39641507221175
TMEB783,10.1955240143447,-20.0062955391051,9.12845274566433
TMEB786,20.6084828995792,-15.8755190224253,-0.578742823694383
TMEB790,41.7040735176343,-9.11952606343204,5.52552814217444
TMEB813,50.5897669849378,-52.8886786081898,21.4359998839901
TMEB829,-29.6805168366706,3.24880027079622,20.541324412455
TMEB885,52.4052001560083,-50.0433499011815,22.4250220515208
TMEB898,48.9737703883807,-37.7951844238859,13.6762883580599
TMEB911,-35.8370656721352,42.7209552388217,9.91657014384321
TMEB916,31.6968954409547,-19.2911971748739,8.10781420310198
TMEB921,42.0250234977376,-18.5959532578431,1.4034172564122
TMEB922,51.2619906394324,-46.1403424315345,24.1006578318826
TMEB923,47.295733985507,-36.7975216990405,18.2570128068285
TMEB930,42.7681349272897,-17.6145603978974,3.71910780479543
TMEB931,-46.1234811484265,64.083136934481,3.74030035060934
TMEB933,36.6243953380577,2.11252775964874,-28.4129471082874
TMEB937,-44.8616266985156,62.2292210512971,2.98152044352671
TMEB939,47.485932796074,-43.7839006140301,-8.18110507682432
TMEB941,-43.1335890080059,57.371371751395,3.32925263056593
TMEB934,47.648946345127,-44.2753396945178,-8.63814445988311
TMEB953,42.1014435856326,-31.7040480340893,-5.95947105116129
TMEB956,-19.8884707339184,-11.1100690468887,14.3945361128896
TMEB960,47.5901977276004,-20.6457238128382,7.89612914776086
TMEB977,50.4900959900584,-43.5083369922527,-0.307293470057466
TMEB981,43.2018614829367,-35.2459022198873,-6.88139101325477
TMEB982,46.8838990339997,-41.1906488257903,-0.153304817383194
TMEB983,-7.91493417422547,-0.722305650999058,-9.17499715374222
TMEB985,49.5347835424407,-38.3538951136394,0.66273373890663
TMEB945,41.637779469442,-20.6729779660422,1.85287044433754
TMEB965,45.1630571625991,-16.8844615284505,2.53078521125604
TMEB966,44.6510978092747,-16.3412173550388,2.52364341564918
TMEB990,45.5127460371659,-10.2100859000079,6.87280584113835
TMEB994,42.7833071688978,-8.91381822108268,-1.83314902305563
TMEB996,45.0439351987367,-29.9281900664662,-2.28164855194839
TMEB998,45.253778674735,-30.2878077814877,-2.42294240647206
TMEB1273,-30.8317158477481,23.3510432118306,21.8679519065907
TMEB1275,40.4084551433021,-10.5547874769155,2.10279555236026
TMEB1276,-45.4125667652079,63.4426837815657,3.41724110551041
TMEB1277,27.8036241507625,23.9860873783926,-7.27249791040594
TMEB1278,42.1846354264073,-16.1301517739678,-19.2503405665321
TMEB1279,32.7101096135179,-4.88876776948465,2.77136612431368
TMEB1280,45.317190134716,-9.33944947875762,7.17606112799895
TMEB1282,49.7907267770308,-39.84329225706,6.94047438870332
TMEB1283,41.524103471586,-11.5289198591865,2.73656835335342
TMEB1286,32.5984935152999,-4.42775761522802,2.57645494061855
TMEB1294,38.0367907782053,-9.85899486899251,7.37320087811818
TMEB1295,-19.0548303748778,-0.415470268975288,14.7252638062316
TMEB1296,-46.4570939234599,65.796924380445,3.92655624890185
TMEB1298,-11.7350734294914,12.5928342125612,11.6777680401962
TMEB1299,-35.553884505743,48.5771155014183,4.96585368091121
TMEB1303,41.1375968978281,-11.2738560589082,2.4353737515041
TMEB1304,37.0642354948604,0.464286493308123,-22.7781973312552
TMEB1305,36.8280702974464,3.68348162056089,7.01534005188886
TMEB1314,-25.6812382231293,4.80274348095225,13.5492890132798
TMEB1315,32.2623912503245,6.98565184471535,2.29658022884547
TMEB1317,13.8806156223547,11.4484924385421,5.11180860609651
TMEB1321,32.5397216061473,17.164353359431,13.6049659173757
TMEB1329,49.2541024305441,-39.319790998904,20.4932769304438
TMEB1335,43.8503396840638,-36.4163717347507,-1.78264851956555
TMEB1337,-19.0915702373191,18.4588924414211,9.27386157973595
TMEB1340,43.5901867131101,-39.2557103699265,-8.44656306760429
TMEB1342,4.52081058542195,-7.8484269377552,6.42765103234637
TMEB1345,6.19833305155914,-0.240089880202954,18.5726730623915
TMEB1348,38.9656656324026,-3.98879307182629,13.3336895647428
TMEB1350,14.6261984950027,10.0667559289866,-1.77821990032294
TMEB1351,-19.2454004176699,17.9539538584627,9.43491495302124
TMEB1353,56.6048609475842,-61.0462899073344,36.1952872821449
TMEB1360,42.9804794387982,-19.9127129693917,0.729745157913987
TMEB1364,41.419827063195,-1.7360675978971,-3.04968771953935
TMEB1367,56.244818703425,-60.4534393179997,35.7283962005147
TMEB1369,52.7311132413263,-59.0313595342122,21.427822154931
TMEB1370,51.7231906442273,-54.8236461061641,11.6397228709333
TMEB1380,45.6185425568062,-30.6078930646872,19.8862358555789
TMEB1381,50.5467611988103,-35.6082536556122,19.7137019547262
TMEB1382,50.5945617315218,-35.3138834491131,19.8487487872254
TMEB1383,45.2812006832824,-9.47699011227407,7.10977697692203
TMEB1384,50.2173845021054,-54.0275956543331,-13.4089354199385
TMEB1386,43.4684058587766,-34.7095162681334,8.60978341395606
TMEB1391,49.9950933206174,-32.7833426704994,28.6850917724713
TMEB1393,56.1178904409676,-60.6759630935855,35.6805937545007
TMEB1394,50.0958829821176,-33.0678231946895,28.4406372067878
TMEB1411,44.1775843098749,-23.7052528262025,1.58977761624718
TMEB1417,50.5260815662782,-37.5037873181505,2.80743434634472
TMEB1419,49.8234843137208,-51.314647835504,-11.4586794808572
TMEB1430,56.3435876603359,-60.611574653649,35.804402352827
TMEB1431,-16.0894517097932,12.1822854823503,7.95538614491017
TMEB1432,-46.2397663358563,64.746318460318,3.59133913678642
TMEB1433,52.6414903583572,-43.4253909962773,9.09812615520777
TMEB1441,56.03150363467,-59.8189279382633,35.0840035223853
TMEB1443,56.8873349898761,-61.2918765205573,36.1610095784017
TMEB1446,48.5725160898033,-29.3099457925145,14.0965830486982
TMEB1447,47.3789628588916,-20.8667104065631,9.57170347378737
TMEB1450,47.6417481664207,-44.1424918042514,-8.63466279253185
TMEB1458,35.5140734818984,18.4203855468749,-12.4014429375247
TMEB1485,40.5594845813431,-17.7632698204729,-16.6730774656397
TMEB1486,45.3988804546768,-9.39021004373457,7.60391838537321
TMEB1488,47.992023039591,-34.1275155936024,1.09172742529148
TMEB1497,33.3268653108887,-0.935583964657038,7.06555366048246
TMEB1499,45.6029474920891,-45.8964190716376,15.9966889957045
TMEB1501,14.9534685373186,-15.349058956527,13.9523621082351
TMEB1509,45.1165628810168,-37.4199188704437,6.43712724689445
TMEB1510,49.4006749695421,-47.5720775890942,17.0584103222092
TMEB1517,28.5710816269656,0.955340164720813,8.21772665498175
TMEB1519,48.3648268005898,-35.877269755,2.03946547233007
TMEB1531,45.2559681415531,-9.41425466792251,7.20617877049368
TMEB1534,39.8983655133036,-11.601210318727,-7.07901391166693
TMEB1541,-34.1362914905872,26.8428083945891,22.6942905737961
TMEB1549,48.8855468642508,-36.1516904054727,3.17096843754975
TMEB1575,-34.3470368942075,26.8666413457798,22.3530228587429
TMEB1588,-46.6005411777717,65.9119273529599,4.07784037459727
TMEB1590,48.3874163396345,-36.1712306315802,2.12984665068153
TMEB1593,47.6710323179129,-44.4749731136376,-8.57376382176543
TMEB1597,56.8456969446251,-61.3790697210288,36.2616902937102
TMEB1599,50.6850224698137,-37.7206720720146,2.61175619292213
TMEB1601,56.9112977518357,-61.2852381867547,35.8668199722911
TMEB1609,50.6662160611358,-55.9523339196543,10.0250031655233
TMEB1631,54.9569077718423,-55.8039146323947,32.6636705244313
TMEB1635,56.4004885067007,-60.8564542348709,36.3342051628285
TMEB1641,47.4673866531033,-28.8180292147605,24.2481038232748
TMEB1646,51.9534917794107,-47.7361437155628,19.735410767114
TMEB1705,51.7998283742828,-47.5649093738981,20.0233506164279
TMEB1709,-37.4216546245619,43.5003684570045,-1.77972874659942
TMEB1711,48.2136109076727,-32.2331155250493,28.5712121138532
TMEB1715,40.652357859615,-4.51848704465279,-2.01860826693202
TMEB1718,43.442850222765,-17.3913484558095,1.1236906536021
TMEB1719,49.1994797858225,-33.2691976422373,18.5533177800413
TMEB1783,43.8795532882174,-18.0052711177636,0.468487111024938
TMEB1732,49.7249867246603,-39.3416782639905,21.0606880852427
TMEB1733,47.6685898817959,-56.9593720464754,34.3855704907425
TMEB1735,-24.6982958619779,-16.6889528358622,19.2159478049794
TMEB1736,43.9913355649314,-18.7222694649738,-5.69621915389142
TMEB1741,51.0231816372742,-43.752241136936,0.626849598338117
TMEB1765,50.4693287438362,-46.6920441717602,9.00250394080869
TMEB1774,46.7755210383987,-27.7762292345158,23.5528024232784
TMEB1777,33.044722721393,20.5274412841942,0.13711525056167
TMEB1785,43.4279123532143,-14.0530032218979,-4.66432230423441
TMEB1787,-19.1589133328939,-29.1603634459927,20.2292310302875
TMEB1793,30.852861445701,10.1965897297349,-3.90201951657082
TMEB1795,38.4231535703779,-1.91128165778369,12.6574418456259
TMEB1796,32.4226077355344,21.854095557271,3.75507940678853
TMEB1797,46.8112899705215,-29.8287056038235,23.8850494801879
TMEB1798,31.6067351092745,23.5524097445057,4.3817365729624
TMEB1800,-19.2756473815059,5.20877645778941,8.57627072454881
TMEB1803,37.5715016005764,-0.681147825385853,10.4990267924943
TMEB1804,-18.2521071826975,5.5234656234535,8.61616644252943
TMEB1805,38.6611023977365,2.46893158489996,-1.00005968476486
TMEB1806,37.257757965899,11.3837819882545,5.8316879231645
TMEB1808,47.6058301186427,-44.2602593016422,-8.8761426318974
TMEB1809,2.42998729191491,14.1799021248457,11.2588298258384
TMEB1810,38.9746395751463,3.82173356663131,14.6586316496346
TMEB1812,33.9771486478572,30.5089465088538,18.3204173997686
TMEB1813,31.8209390256065,27.9983909557829,17.7778211866431
TMEB1815,36.0555698440959,8.44024950970603,6.48749197619888
TMEB1816,-20.5346481346036,-24.6304674717695,23.4902522107057
TMEB1818,34.4801019727041,-8.67767595049228,-3.95233861076664
TMEB1821,6.03959926156671,-0.375167553793768,18.7472240177195
TMEB1831,43.3355454879442,-14.5468103657092,2.43837903147709
TMEB1833,2.08115865607221,13.6309038118921,10.8774075361069
TMEB1837,14.8223566330802,10.6927029730687,-1.89397986094396
TMEB1841,51.0557405882681,-44.1921112338274,0.0901433100232693
TMEB1845,51.0356978537841,-43.8486989894738,0.32639152507504
TMEB1945,43.8406622121157,-21.5013368171629,4.23321534912654
TMEB1846,47.7121510237609,-44.1991067577539,-8.45327226723225
TMEB1851,50.1073921110637,-41.7529537382685,0.43598718986767
TMEB1858,44.7341923578018,-23.3021304813776,4.23479948134123
TMEB1875,40.3776061407423,-21.545186118595,3.05863354644277
TMEB1876,46.1713309739488,-18.4016584075704,11.8530244666775
TMEB1879,34.3948893631492,30.1844163329878,15.8701263485608
TMEB1886,-30.8936134810505,1.10058779017231,6.20876930453159
TMEB1888,7.84232799175451,28.3044131563433,0.932064652598908
TMEB1890,43.8816806980644,-17.0246721361977,0.920506576658917
TMEB1891,-26.2381991721444,24.0868313521611,14.9422556228075
TMEB1894,34.3809960398151,28.9973894740023,15.4480509129289
TMEB1897,38.2126671621643,-15.053702892628,-2.13536243982259
TMEB1907,-33.4736384252312,12.8808127591326,15.4430267137078
TMEB1908,36.5177536425325,7.07971971443759,-15.5433239523828
TMEB1909,30.5751628626823,13.8803145715476,-1.49540682219953
TMEB1913,42.7402187784969,4.24729799962105,14.9055298136286
TMEB1915,30.0413962176944,7.16365477445319,1.30052327245779
TMEB1917,35.1203235146781,13.3863666712942,-1.13607995354357
TMEB1921,31.2921013220749,5.60311102431668,-1.56111153147235
TMEB1923,-66.8635277991952,37.364659744022,2.27745481836798
TMEB1928,-31.3607183155941,19.4053643629848,29.8763807853988
TMEB1931,27.8525867133079,31.3791568453902,-1.06955877536216
TMEB1932,31.9908180868049,23.8597199080594,6.16465919665225
TMEB1941,56.6209924753614,-60.9240603255918,35.4603746316919
TMEB1947,45.4042606300667,-9.09429139968196,7.21565896402038
TMEB1949,45.7833405452357,-32.7807504157656,18.6816012358205
TMEB1951,56.0895921358247,-60.3377463413351,35.4726220268456
TMEB1952,41.0345430372538,-15.505909281728,1.40352747467926
TMEB1955,51.2680424385457,-52.6864035850102,21.1181072224971
TMEB1956,55.126591712326,-57.2542183513777,29.9603775951537
TMEB1960,45.2228538815071,-12.6365074083037,4.97893114510645
TMEB1963,-29.804103616425,5.73483971207719,8.21286580343627
TMEB1982,33.6203929646668,-39.3555665842242,-23.4303449052849
TMEB1989,50.3080890938382,-54.0189860101847,-13.0968192958784
TMEB1992,47.6501433485812,-29.2672228634584,23.5022434656149
TMEB1994,49.7368326779444,-50.9767518449813,-11.4235484707983
TMEB1996,44.0444534089013,-26.8988849567044,-16.7258956767754
TMEB1997,50.9532757991595,-46.4322001519686,18.844634796647
TMEB2004,47.6121386841614,-44.5032616223484,-9.03611034086873
TMEB2007,47.5890647654313,-43.766673002146,-8.53220011229852
TMEB2011,48.449333985206,-28.9624055114438,25.5229942499397
TMEB2012,56.9162669822031,-61.3204989337663,36.1068660030417
TMEB2017,-21.4748466654219,-29.809155498609,9.52400619161499
TMEB2023,45.4696087364589,-44.6647190234053,-8.55543099929543
TMEB2025,48.3686369446301,-28.9569792869511,25.4357641087507
TMEB2026,48.1702113960294,-39.3684480292831,-1.50981847664616
TMEB2030,45.4947545620552,-9.66624316185355,7.06044899575009
TMEB2031,44.1092993894548,-26.4679275340472,-17.541285094517
TMEB2032,47.6112263472928,-44.4772221219314,-8.87816204207537
TMEB2036,45.4929842277412,-9.49734938071052,7.03117525740543
TMEB2037,44.6121800555793,-27.4682122220349,-7.25447279369699
TMEB2038,36.0552602435659,-13.8854199956062,-14.6621941368099
TMEB2039,47.1136557437538,-30.3838094943834,8.78717365669659
TMEB2040,50.3660719663575,-54.4273353647444,-13.1741070706065
TMEB2041,48.5227444780904,-29.0845777529549,26.009669955574
TMEB2043,48.1211284274192,-29.5109430552789,7.40689316219292
TMEB2044,47.4587881295464,-41.8743840688025,-7.50791523945648
TMEB2045,47.2914871131852,-29.8756142207771,3.79667391666029
TMEB2047,44.0755452111806,-26.194935575807,-17.4677265817419
TMEB2048,47.0632970171998,-26.4118701326676,5.58698994069444
TMEB2049,46.3628449660877,-35.1440508323206,-1.78606555447931
TMEB2057,47.6075015066983,-43.8285906797108,-8.57775799030341
TMEB2063,37.8676638094612,-13.7972489419999,-20.8755224604802
TMEB2064,37.8203452498579,-13.5850888805168,-21.0485668224144
TMEB2067,45.3563428263218,-8.99107424605459,7.02490112985086
TMEB2071,45.4922564914238,-9.32947065926773,7.81132245464439
TMEB2072,47.5705913846356,-30.130403676344,4.65966466169206
TMEB2073,45.4429788522218,-9.43922446807691,7.29383909587668
TMEB2074,45.5075654974627,-27.4637108628894,3.7143950641921
TMEB2075,44.346764340911,-30.9266184711986,1.59344234060394
TMEB2076,44.3494075068686,-7.10551792920104,0.565237009457778
TMEB2077,49.7164397036337,-50.6117844651977,-11.7097622165191
TMEB2078,46.8963641869491,-40.9177306295622,0.293032894286814
TMEB2082,56.8895301901045,-61.3713400174727,35.9093436980766
TMEB2083,55.041787810681,-54.2544262837684,31.2051060855524
TMEB2084,40.0486847005672,-4.04708557801463,-0.168531000589167
TMEB2087,44.9817537505042,-11.0231609666818,4.46220510853213
TMEB2090,19.5062637991304,4.59907858819546,-4.95296155287322
TMEB2093,48.3438011941997,-46.6156081201895,-10.760659936615
TMEB2096,48.9625724716956,-49.4765017784626,-10.7741636345035
TMEB2097,44.1472395852549,-26.3738952745049,-17.6247105189564
TMEB15,44.1771022597127,-26.4267550827501,-17.2973166492581
TMEB90,56.7029883404492,-61.0785479548393,36.0807654051851
TMEB165,5.12018271372246,35.9040537685111,-3.14218367532464
TMEB258,-37.2121486321651,32.002728260062,5.40166832246378
TMEB577,5.09991986762623,-6.63063554795052,22.2986244177602
TMEB2101,43.2635972834933,-18.4884545165855,8.05175468825925
TMEB2102,24.4694130091038,33.5169790769701,9.33599186353627
TMEB2103,41.5665121780751,-11.798163793808,2.26219316099186
TMEB2104,36.9478344586281,-8.458682475993,0.609587910937871
TMEB2105,34.4047152552272,29.7399275903156,17.1703264780305
TMEB2106,-7.63257011574956,9.84325164819861,23.6508542731224
TMEB2107,36.3708830225889,22.6532251476552,15.8754007127297
TMEB2109,-1.62329508729857,-3.05755492307834,26.226553688907
TMEB2110,32.7915531580737,-15.7287937079492,16.7890693337467
TMEB2111,35.7597894383718,7.54990252756544,6.8448202400256
TMEB2112,-30.65376710192,6.01917442542973,7.93040251574507
TMEB2113,31.9759480968429,27.7609396416706,17.9307385540703
TMEB2115,43.0778977998453,4.08182292511944,15.3793549970723
TMEB2118,48.3949650342387,-30.8558707051501,16.0044529935885
TMEB2119,48.2376370802851,-27.2228875519105,29.5470765651819
TMEB2121,30.9825864615664,12.6962725823253,-1.2588806639602
TMEB2122,40.3605059046985,-31.2542389859616,-7.36860866210679
TMEB2123,-29.3700539226398,-2.97311610936708,23.2136061071678
TMEB17,56.8954131916722,-61.2944720800222,35.967049455097
TMEB793,56.394214136592,-60.2743512260029,35.4730544963173
TMEB979,46.2604334097179,-39.3899373998625,-8.61620723047466
TMEB1330,36.7427335531134,-9.68125048691051,-9.43925381580574
TMEB1723,44.1736920403337,-18.7114201904816,0.409972147626272
TMEB2053,50.2326915692509,-53.9752684410485,-13.2833789402054
TMEB299,50.248691566065,-54.3093936582465,-13.1457300390402
TMEB525,45.0394823776636,-29.1614510838158,-1.71770245865939
TMEB1643,47.689685720387,-29.2218837888869,24.2009849484592
TMS13F1021P0005,-37.8640285361324,-20.2601488070002,-7.85471809498737
TMS13F1021P0008,-30.0787267576522,-13.1381658524139,15.2389423316311
TMS13F1035P0001,49.9994381002718,-54.313837581089,-13.5089031861811
TMS13F1042P0001,-25.759924643245,-32.7094876082682,-0.298915392328321
TMS13F1049P0001,-25.451727966074,9.07621507112278,25.072463473835
TMS13F1052P0013,4.9656255565861,32.47876993311,22.991293071787
TMS13F1052P0023,38.9514988129358,-2.54541063093291,0.644769632054414
TMS13F1052P0046,26.335561266056,40.384632608498,-46.7729969013643
TMS13F1058P0001,36.3380921994514,6.38744273106967,13.8875133519525
TMS13F1059P0006,40.2970865056701,-6.41879560910345,7.79339993827247
TMS13F1063P0007,-28.8289183301218,11.9358044896542,19.3126968207558
TMS13F1063P0009,-6.93687968153032,37.6887638204659,-1.84723844359927
TMS13F1063P0019,-100.252065173091,10.0522757551809,21.5066220746363
TMS13F1079P0002,-23.7296796316244,-10.4691200573682,12.0713285719708
TMS13F1079P0005,-15.1134104806356,-10.46894004222,-10.0103223594224
TMS13F1079P0007,-22.3742380845906,-16.2408422702801,10.7068352442626
TMS13F1084P0006,-29.7182382159395,-8.57593060303981,18.3199046146281
TMS13F1084P0018,40.0884920135875,-11.2253394046582,15.6102444561459
TMS13F1086P0003,-91.247437276561,-58.4925944338147,4.38168725584422
TMS13F1107P0004,-35.8498383013486,-21.1566768781877,32.9349637856566
TMS13F1107P0010,-80.4184315582108,-22.0417842055856,37.0062225428855
TMS13F1108P0007,-33.8019541850323,20.18576884749,28.7255323816564
TMS13F1109P0009,-30.9813348323651,-19.2158197374189,13.977830889403
TMS13F1111P0012,-25.6835320504732,-19.4808711611325,7.67305132867191
TMS13F1120P0001,-67.8221176056081,-38.4181298409111,20.8972505858578
TMS13F1124P0002,-32.4925677231165,-33.5262616078844,-1.6355828542063
TMS13F1145P0023,-12.9838907833492,-58.5244291642845,32.2691589182737
TMS13F1153P0007,-30.6550419283193,4.29549151792346,2.3920715992835
TMS13F1153P0011,-35.0639142266071,-14.0307093853445,29.5294527481547
TMS13F1154P0008,-53.3777895204292,-56.2240082037765,-21.0355353627461
TMS13F1154P0010,-95.9489649185923,-57.2507610927415,-7.2179020995421
TMS13F1160P0003,-23.6418858334767,3.32817300165358,5.112154976124
TMS13F1160P0009,-20.3713886099724,-30.142326630465,11.9562597695134
TMS13F1176P0003,31.1081204261138,-0.311947858033845,-7.30576469169859
TMS13F1202P0046,33.2687947859743,34.3688638977844,12.2394125373659
TMS13F1212P0002,30.1370510644826,39.6796737333417,-4.09870714227289
TMS13F1212P0055,32.9550061920892,30.6172846799721,-3.35728419352482
TMS13F1212P0058,33.1673284499483,23.8049824302946,-7.16836571697105
TMS13F1212P0061,30.8261660277821,28.861695434866,-5.36640761682462
TMS13F1214P0004,-32.4898596526942,30.4965782461801,16.179835070851
TMS13F1212P0072,29.5319425862034,42.1081493880089,-12.0834261836356
TMS13F1214P0014,-29.6879300943169,15.9501501527742,20.3957950518631
TMS13F1212P0079,37.2748248516581,1.8636566763136,14.0874759580946
TMS13F1214P0029,-24.8211108700095,5.4380339507602,27.7864013782829
TMS13F1214P0036,-23.9101174010107,-5.52685767782667,21.8655779404225
TMS13F1216P0010,28.1579287160217,25.0326092282827,-5.59808377690242
TMS13F1216P0015,28.4874064080157,32.1868457726767,2.08578872934755
TMS13F1216P0026,-16.0551070232777,35.5028163433608,2.03459078543546
TMS13F1064P0009,-28.1938519842838,-6.15319097510424,7.06167109862567
TMS13F1069P0047,41.2148799902026,-19.8854790896185,-2.56215922969526
TMS13F1083P0004,-16.391125738527,-55.6721254393051,12.2419132538433
TMS13F1084P0021,15.8248857595699,-11.3770728927667,19.1680815817201
TMS13F1086P0006,19.7043248338082,-33.0884408244501,8.0965303963598
TMS13F1093P0010,31.2171291543044,-25.1370529006681,-15.167740556074
TMS13F1095P0011,32.471016730319,-1.72229115197173,-8.81093807261846
TMS13F1106P0004,-29.3396471446509,-18.6928293221418,15.3827124032244
TMS13F1106P0007,29.3383048440207,1.44505100941575,1.16377935065046
TMS13F1108P0010,-28.2594115409581,7.32596127816246,37.4809239613681
TMS13F1124P0004,3.96520676880446,-31.0048512018014,-16.3170492434607
TMS13F1128P0010,50.9437771393088,-53.699503857149,-8.6297335132612
TMS13F1128P0016,51.0716992038783,-57.1190384192722,-13.0253140874177
TMS13F1134P0002,43.7682115799297,-31.8222424439493,-13.8449217594751
TMS13F1139P0006,48.5669087845638,-45.6850221240876,11.8345114100296
TMS13F1139P0009,48.9980875760147,-41.9494034659175,16.7332508658955
TMS13F1143P0002,39.6853859954127,-7.55073231528552,-10.2913541907094
TMS13F1145P0009,49.9207045416378,-41.4960594400976,20.7917417015351
TMS13F1151P0002,26.2097190650233,29.9901584978055,18.849638176805
TMS13F1151P0035,29.4208594363652,23.6360365908413,19.973545218366
TMS13F1153P0001,-28.656312317574,-10.2044663371404,22.3462520906777
TMS13F1203P0002,35.7193939691063,28.0724561147881,21.0336260079854
TMS13F1203P0032,41.456401515099,8.3157676740688,19.6691703870559
TMS13F1212P0036,30.789570705563,40.8391021108262,-14.0922533318338
TMS13F1214P0013,-27.1622587722992,22.0724966856676,22.4554932287759
TMS13F1214P0016,-25.5205276030158,4.9092927029846,39.7648280653483
TMS13F1214P0028,-24.1762795719266,9.70562437382622,38.5204904042678
TMS13F1214P0037,-21.1966991936038,3.02417875736572,32.5408872461316
TMS13F1216P0013,-10.2310869476614,11.1360727815976,11.09749460648
TMS13F1223P0012,26.2856369138807,23.1223905789185,-6.04254840691047
TMS13F1223P0018,30.5538487271697,15.3410761422441,-4.99687239682856
TMS13F1059P0009,-26.3290594356791,-13.3514246046444,9.91433524507853
TMS13F1059P0012,-23.880209522314,-24.1510746951923,9.25760953742079
TMS13F1060P0002,29.2290981526739,5.12505063874444,1.78955711125065
TMS13F1060P0005,-5.13436813256208,-20.1978172615302,3.82824899709367
TMS13F1060P0011,-57.3864612177635,-25.889474727175,15.6510558792767
TMS13F1060P0014,8.36495004689557,4.38182923363286,-3.27010882003648
TMS13F1060P0020,-32.5238070022158,-25.4863414282809,3.89504586729403
TMS13F1060P0023,28.8307076918811,19.5588246987544,23.078772149389
TMS13F1063P0001,-39.8708173465685,15.319406158165,13.9777488770726
TMS13F1063P0013,-39.0223777308781,26.4296389167133,13.1153441809662
TMS13F1063P0016,5.74923126055447,31.4160887456807,10.6998764260027
TMS13F1063P0026,18.8691801302759,25.2491827897172,10.5576924203139
TMS13F1063P0055,-37.3193532546346,22.573626249054,7.02011150964297
TMS13F1064P0002,36.0434173853083,1.07061728348172,2.37418062258059
TMS13F1064P0005,-25.4161505224913,-18.2573606454705,15.939975642217
TMS13F1064P0026,-14.2169582346546,-15.0373332157986,10.7855016484278
TMS13F1064P0032,34.1049054925123,2.86391906391702,-2.85380887022553
TMS13F1064P0038,36.5699450804914,1.51709186598622,8.31247729040657
TMS13F1069P0010,40.3946744087264,-19.7592928595505,-4.47634805190722
TMS13F1074P0002,26.2311646910526,33.9150696535594,-7.36195257192617
TMS13F1074P0005,-35.5376987115047,22.6456540562563,-0.834802803955056
TMS13F1074P0017,-29.5775219819415,15.9432691486349,9.2546395224359
TMS13F1079P0003,8.10885378736626,1.35592934718909,-0.699831847328269
TMS13F1079P0006,-23.038333852972,-16.0876062884808,7.0441862181286
TMS13F1079P0009,7.24386851773811,10.0195409534064,9.48069645834214
TMS13F1083P0003,-16.3678786208265,-61.9428747418754,-3.54114011217747
TMS13F1083P0006,43.8549885423519,-38.6927122098166,-11.7040347273311
TMS13F1083P0018,44.9523603038187,-33.180878340575,-6.03010298281585
TMS13F1083P0021,-16.7357966345583,-59.271861715783,5.56738136009212
TMS13F1084P0002,-22.7159068554588,-34.7460354226163,14.035833725867
TMS13F1084P0011,-25.7429349426241,-16.0810584047918,8.89873126942198
TMS13F1084P0014,-30.533094393611,-9.71351758954978,-13.3851736658811
TMS13F1084P0017,7.92809838908745,1.18434928558431,-25.92898518186
TMS13F1086P0002,22.937192825922,-41.6354284423124,-2.02915661404878
TMS13F1086P0005,-28.8735058614345,-45.9432824070296,5.74312588148813
TMS13F1087P0008,21.657118837263,-8.83214659302701,-0.139152194706321
TMS13F1087P0017,25.2628110635797,-23.5339596040469,11.7137120982269
TMS13F1088P0002,-6.28263771562131,16.7406729038611,28.2904759500236
TMS13F1088P0005,38.8244352244728,-25.108572793508,-2.2204934990605
TMS13F1093P0009,-32.2621362463696,-33.8179964872975,-11.2982055976649
TMS13F1095P0001,33.0473090276639,-25.8995174722622,-21.32620173298
TMS13F1095P0004,30.6508960425305,0.902125565028023,-7.0912440212216
TMS13F1095P0007,25.6601601125218,14.4834606760384,-20.8197239119097
TMS13F1095P0010,-90.7295200271504,-19.6520036780942,7.18940598137571
TMS13F1095P0016,-58.5110850915049,-17.8033516810522,3.10052347162461
TMS13F1095P0019,11.7540248054672,-6.31888550224201,-20.1693353158103
TMS13F1101P0001,27.8747242049909,17.3018121927468,-19.6635152084796
TMS13F1101P0004,-56.7382270160679,-11.7399071281043,11.6103012315503
TMS13F1106P0009,-26.8362692525275,-21.2765607862086,20.9911543267412
TMS13F1106P0012,30.5176616604157,-3.2870096813028,9.31553435332683
TMS13F1106P0015,-20.1009088133321,9.70541819912593,25.2707160915418
TMS13F1108P0003,-34.8192644316132,32.5266555586804,39.0740236481077
TMS13F1109P0005,-34.7167921499857,-13.9647970020135,4.46773736947074
TMS13F1109P0011,-34.751964585409,-15.264315276339,8.30015831639096
TMS13F1109P0014,23.0905143165792,-7.97124848257445,1.25012167654524
TMS13F1111P0006,30.4938396784396,10.4597686191581,3.74938746796971
TMS13F1111P0015,5.85674269372814,12.8837467449701,-8.9437887307858
TMS13F1113P0006,32.4609989834107,-11.8045138891711,-4.47737872038805
TMS13F1113P0009,-10.8220528080518,-26.8473107752759,13.4724504482943
TMS13F1119P0003,-71.6184535896013,-9.06402740149495,10.5763714624979
TMS13F1119P0006,-22.0230590079605,-33.6184263637608,25.8438757459661
TMS13F1120P0006,-33.8070173068706,-12.8034287697116,-2.34620340945298
TMS13F1120P0009,-28.4263971815203,-14.2895340122407,4.16087248251217
TMS13F1122P0006,-29.6468953263786,-30.4690820576262,8.24693015252959
TMS13F1124P0006,-12.1106028450652,-31.9697305279283,-0.414287222774769
TMS13F1124P0009,-7.7882515159001,-31.8916127065902,2.55928845791198
TMS13F1126P0003,30.4439338737091,15.6966021116969,-13.8673761543558
TMS13F1126P0006,-27.4624872098265,-2.73900785676322,-0.608990878499587
TMS13F1134P0013,37.9470149288118,-17.6280497455817,-15.4390608095727
TMS13F1139P0014,-5.69494590964005,-47.9165139833607,31.1929142629754
TMS13F1139P0023,-4.0148989115475,-58.2944001413379,17.616387225202
TMS13F1143P0001,39.2422866908222,-4.30412498997083,-8.03460493533874
TMS13F1143P0004,35.6869929909736,19.4041766271049,-7.63034789778296
TMS13F1145P0002,45.7638464880527,-25.7903855256401,18.4814904933556
TMS13F1145P0005,49.6696044741987,-34.016385550657,15.7090302200701
TMS13F1145P0008,50.5195282920934,-36.8041576706635,24.2035393503432
TMS13F1145P0014,48.2143298274565,-37.7138752627239,16.1333220340017
TMS13F1145P0017,-15.8674707677118,-44.2072865093838,22.7259667199038
TMS13F1145P0020,-17.3861714568896,-44.2064353886738,22.0609183062367
TMS13F1145P0026,45.5591177312955,-34.8393985665883,24.1775548384707
TMS13F1145P0029,47.9683540621888,-32.8451315490628,21.8185276797242
TMS13F1145P0032,46.8159327200498,-35.2148915931252,17.3016790661176
TMS13F1145P0044,49.1923088098841,-36.812795031218,10.9689991606909
TMS13F1151P0037,29.4229448377379,19.2664317885172,19.1798035619524
TMS13F1153P0009,30.3896489045506,-2.35171667358964,22.1395917146783
TMS13F1154P0001,-32.3889832097423,-36.2848155562475,-21.1644318552719
TMS13F1154P0004,4.40197296855117,-44.3777319427315,-17.2295270268834
TMS13F1160P0005,-18.9868728518582,-31.8977152847801,10.9419628346239
TMS13F1176P0006,3.11767651781863,-24.7750286842556,7.03119414215296
TMS13F1176P0009,12.7415739084346,-5.27956907088824,-11.3797325800423
TMS13F1177P0009,-6.29661945859838,8.5583081855,22.7436227649953
TMS13F1177P0012,17.8426892814571,26.4303169520982,10.9114185824474
TMS13F1177P0015,40.8046726444639,-1.74452050090504,8.41237555256904
TMS13F1184P0009,41.1437774477587,8.38992997012621,32.1121190772992
TMS13F1195P0006,31.5490376164773,11.0758714451352,-11.7477562633383
TMS13F1198P0002,37.2334501400259,6.38315915940237,8.4769155740715
TMS13F1198P0008,-30.1271039495385,27.9727100853319,16.4765402951933
TMS13F1202P0002,31.8385095321952,38.6572773701703,8.49685646163161
TMS13F1202P0020,31.8423735142014,37.4636222416977,5.25120543421284
TMS13F1202P0029,35.6180655973405,27.891694470901,23.20388199077
TMS13F1202P0044,5.50381002467472,28.0107379686474,32.9875350088231
TMS13F1203P0004,35.0809500942321,21.7363585144193,0.854186297768736
TMS13F1203P0028,33.7955107708074,17.3880814233704,6.88602003603613
TMS13F1204P0002,35.289584309176,28.6093283241076,25.1653750756411
TMS13F1204P0005,36.6642967203957,9.81263605037595,20.1753128097557
TMS13F1204P0011,12.3431479766097,33.2467497269826,22.5497031307835
TMS13F1204P0014,26.2182753397125,63.4214196419204,11.3250936994195
TMS13F1212P0005,32.9381380749609,30.0710398135688,2.0411927448194
TMS13F1212P0008,35.2329138166053,20.9210547461386,19.0941572151701
TMS13F1212P0026,32.4011945681005,31.021473948802,-3.15095026420403
TMS13F1212P0041,32.4113271812465,35.8688029789597,-2.01657180805425
TMS13F1212P0053,27.8090714102127,37.2941877520422,-19.2925203684675
TMS13F1212P0059,29.7490934381031,41.2532311682566,-1.5392285906771
TMS13F1212P0062,35.5964804658397,16.0384714409538,17.516429186272
TMS13F1212P0068,31.4972781158945,24.9838386989094,-12.1195444723721
TMS13F1212P0071,25.9779576961599,41.0908644986199,-9.80271756941764
TMS13F1212P0077,36.4412825476951,13.3761566784627,6.72450460866005
TMS13F1214P0009,33.3571016844991,19.4711579529004,15.3992902541273
TMS13F1214P0012,-30.2940003037044,23.4715124861415,21.0661242931847
TMS13F1214P0030,31.7027056693916,29.314857493439,8.86130452265896
TMS13F1216P0009,-5.32422005391405,6.91860653281047,26.5765407496956
TMS13F1216P0012,-16.04338224867,31.8308576082267,-1.75723841383293
TMS13F1216P0021,26.5165088702264,26.3082007081437,-12.2479401426437
TMS13F1221P0003,28.0948528462603,10.8526179340373,-15.3898417429833
TMS13F1223P0005,25.9764133199936,26.6558810642541,-12.0852556138533
TMS13F1232P0003,-29.5402305242872,-0.513597210944092,-12.3004079242144
TMS13F1232P0009,-23.5482036844259,-30.6197028729763,-3.91223108285261
TMS13F1241P0001,36.9691909808378,-6.92386584081832,7.05407227194087
TMS13F1241P0023,-29.5092186299911,-7.51107740504783,11.7602257216537
TMS13F1060P0016,26.0831831712759,15.3016790872398,-16.9928752983346
TMS13F1060P0019,-75.6201867820992,-23.440069760028,13.3525505488185
TMS13F1063P0012,-0.644059342528088,33.9621974045421,-11.9861558404961
TMS13F1063P0028,22.8403674679293,30.3171894904916,10.3412033265378
TMS13F1063P0054,15.6097048655333,51.5387711206768,-8.69520233092373
TMS13F1064P0001,32.5218888081182,7.86994573285115,-6.49913766515885
TMS13F1064P0031,29.7925732423624,5.83673720607467,-7.81459332567438
TMS13F1064P0034,33.1429509853883,8.84323562523221,-4.03768923590871
TMS13F1069P0021,11.352309108267,-22.687310086641,3.76030084015519
TMS13F1069P0024,13.5528570762357,-26.6060421982354,-3.16242834867157
TMS13F1069P0042,41.6866231785628,-22.2736455570462,-0.165335574795295
TMS13F1074P0007,-30.9057090446573,15.7423587449967,-6.44939475582256
TMS13F1074P0022,-27.6220630499391,8.12701781119641,19.9174995350942
TMS13F1079P0011,35.8172604816327,0.689628669512958,-9.5140622179095
TMS13F1083P0011,39.3081358656789,-40.9188038056768,-0.841826741364518
TMS13F1084P0001,15.758008726286,6.73651234494246,-31.3251258672409
TMS13F1084P0007,-28.7914365547147,-7.04905192989779,-25.7653324398005
TMS13F1084P0010,14.7034119973045,13.6498197702159,-31.362899086956
TMS13F1084P0013,29.7786274867163,7.67989283927198,-33.857389966734
TMS13F1084P0016,30.2632496838566,9.20870010997139,-30.6223983433394
TMS13F1086P0004,37.2193592430503,-38.0056165826338,-3.28771482510707
TMS13F1087P0007,35.7123697678893,-8.51023964750912,0.49248572858541
TMS13F1087P0013,-28.8739432921208,-17.9659281222886,0.695883239018528
TMS13F1088P0001,-7.26379024172737,22.8610305129981,23.2964721820672
TMS13F1088P0004,-25.7306951857233,-22.3653588599291,17.9165361451129
TMS13F1088P0007,-25.2283137568028,-36.8514765842884,14.9324492130182
TMS13F1093P0005,-24.5931226705652,-39.513221995439,0.160841131289283
TMS13F1095P0006,-51.4707996585798,-31.9949568105106,0.753751856626636
TMS13F1095P0015,-36.003322546374,6.31356969802096,-3.29791687678886
TMS13F1095P0021,-94.7411678237033,-26.9930426962042,13.3209964708535
TMS13F1106P0008,-33.9493384097797,6.87699146635665,31.3443999860524
TMS13F1107P0007,-82.6223319121875,-20.6074757889173,29.1090352493703
TMS13F1108P0014,-35.9376903351387,19.0910190427808,18.0377582277821
TMS13F1108P0017,30.222087343199,30.5105756274344,21.6195196787682
TMS13F1108P0026,-15.9681844354984,0.800149163723491,40.1276872170701
TMS13F1109P0001,24.0087260648067,-2.2286637870698,7.24020480399437
TMS13F1109P0004,30.0007953477747,-6.4791333643352,-5.07180575623533
TMS13F1111P0005,-11.9713560138218,-10.0488014003778,12.0151276978434
TMS13F1113P0005,31.7571126971552,1.50397230842542,-5.27503192794037
TMS13F1119P0002,-21.6669256665643,-31.5291924847505,30.2009231407172
TMS13F1120P0002,16.8451368228003,-17.3992603737994,6.778482100578
TMS13F1120P0008,38.4829479769508,-19.2350522224709,5.13753452645724
TMS13F1122P0002,31.9002617090373,-2.71313886782358,-1.69062591316759
TMS13F1122P0005,-32.6254114231141,-17.7502346520321,6.55218699416494
TMS13F1124P0005,-32.8362737613564,-32.4733164764643,0.88674397867682
TMS13F1124P0008,-28.3688173234786,-38.1578520637957,-7.95653563092094
TMS13F1126P0002,-26.9333801857819,-3.54267521235568,11.6458540689302
TMS13F1126P0005,-24.6152030967819,-7.57839636343511,9.24634292160165
TMS13F1139P0001,50.355596855052,-46.7272730048433,19.228029091319
TMS13F1139P0010,48.0789835854282,-44.0429589675812,19.6104996286609
TMS13F1139P0016,-5.12145871687783,-59.919054667439,24.9400961233161
TMS13F1145P0004,-12.6335681634754,-56.065131182572,32.7539494369927
TMS13F1145P0007,45.7469457163205,-31.239503052841,13.3911233391756
TMS13F1145P0010,13.170680607582,-27.6510494632889,19.3834245050482
TMS13F1145P0016,44.7331843853211,-23.9652867651007,11.6255485249756
TMS13F1145P0034,-13.4647329750106,-50.9000558115848,28.1541744132192
TMS13F1145P0040,-13.6346864788135,-45.0866175982727,24.6110608207809
TMS13F1145P0043,-18.1019518677639,-47.3357459283457,27.6017511677349
TMS13F1151P0036,30.550761411696,20.4703398330727,18.1191931803601
TMS13F1151P0063,26.4904560165939,30.3564074281179,21.0231816623828
TMS13F1153P0002,-39.8883073605943,22.2142162538533,-1.78894746844435
TMS13F1153P0005,-28.0514952884619,-17.1820142364177,28.8198933572582
TMS13F1153P0008,-31.9909850075766,23.480136337503,3.54282659618614
TMS13F1154P0003,-27.6926727918169,-40.696003420216,-23.3544708061889
TMS13F1154P0006,-44.8183923679711,-21.7839148303457,-22.2981980525367
TMS13F1160P0001,35.0737552198044,6.95476550286114,-13.3289769111893
TMS13F1160P0004,-0.274452737416734,-5.08125060001518,1.83923522024994
TMS13F1176P0002,41.3714312799285,-8.38514449870462,-2.07009545032181
TMS13F1176P0005,36.1386706172889,5.05116846629339,-6.22248431544203
TMS13F1176P0008,-28.9769825969988,-3.38694393758222,-2.37840643188387
TMS13F1177P0002,35.3296831473526,28.3279277569544,-3.95813181447925
TMS13F1177P0008,39.3847884154318,11.153732888462,17.9774469485197
TMS13F1184P0002,37.427073404367,18.6376076757166,14.3494859588697
TMS13F1194P0004,31.6686043539958,34.5506112932119,11.9235941010491
TMS13F1194P0007,33.9617747259104,28.5078917493018,14.5271967793664
TMS13F1195P0005,31.4567354015154,5.64757417713489,-12.9385131696687
TMS13F1198P0007,-28.257394026222,16.9599091174497,11.6079195943255
TMS13F1198P0010,30.0652348073358,42.7536478363915,10.1051059160799
TMS13F1202P0013,36.9302914494368,19.8661939180503,21.9525858158316
TMS13F1202P0016,0.168858770830092,47.0159616309134,6.54247778942944
TMS13F1203P0039,41.6534751493999,8.36676157793481,24.2540386664567
TMS13F1203P0042,38.2152868995319,6.39290160691576,22.7092209632089
TMS13F1204P0007,-29.515894097861,29.0218447086713,13.6342722553527
TMS13F1204P0010,-4.901542578689,35.5560937634129,44.5929269188658
TMS13F1212P0019,30.6312397794904,42.4388661535981,2.59250285698285
TMS13F1212P0022,28.4930914637786,38.6201943258992,-2.68462489781722
TMS13F1212P0025,35.9877704795724,20.0326427777154,10.6145892878457
TMS13F1212P0028,33.9538337660433,16.430043057216,6.09917399932417
TMS13F1212P0040,36.7890530805607,21.8617098087979,6.05246696016692
TMS13F1212P0052,32.1799989147375,21.2113160604321,4.78652346285133
TMS13F1212P0073,31.2261240393581,43.8606649258297,8.04448923667899
TMS13F1212P0076,35.780034155778,14.4816301692315,8.98945104459032
TMS13F1214P0005,-30.7579496392484,25.8002259000044,25.9374957471224
TMS13F1214P0020,28.6322961248106,51.9573103238646,24.5205229182304
TMS13F1216P0002,32.3728381450066,14.6442048787961,14.1098031580031
TMS13F1216P0008,27.5342989231069,27.6337812145202,-3.69046166212738
TMS13F1216P0017,26.0303488948406,42.1324078572199,-14.3088716550809
TMS13F1216P0020,33.9622904056846,10.6263185877871,15.2283095616989
TMS13F1216P0029,-15.7534408740077,32.9777230402641,4.76715181758205
TMS13F1221P0002,25.5687438379036,9.74112644104302,-23.7393602910076
TMS13F1221P0011,32.6527967712901,49.5809465561512,27.3971381712007
TMS13F1223P0007,-31.7221714119738,-0.982292187851418,8.99453406651986
TMS13F1223P0010,29.1934256342887,3.29583253980739,5.03248865777888
TMS13F1223P0016,-30.1044868994815,-5.77509059431346,20.3789531430666
TMS13F1223P0025,-37.2874918447935,8.86326387383943,-2.73175597316901
TMS13F1232P0005,-27.9903053830871,-19.6182475753722,-12.1276599234543
TMS13F1232P0014,11.542790845413,-0.241458518702843,-14.1189351493381
TMS13F1241P0025,30.4617123842887,12.3476832017987,-8.45040387805456
TMS13F1059P0008,22.0905937452061,-2.45674798050362,10.0084003223761
TMS13F1060P0026,28.263322132005,-1.20954683222334,-4.08782375484274
TMS13F1063P0002,-37.546518927615,15.2236184131178,19.7509463173679
TMS13F1064P0025,-30.0578216360551,-22.6083466956034,4.36575266670792
TMS13F1069P0007,12.7037222035712,-20.8234863987699,3.57705643249012
TMS13F1079P0014,-22.8265725564969,-5.17512499183984,11.2799280140643
TMS13F1084P0003,42.3261196149643,-33.3632966326055,-5.86558450272898
TMS13F1093P0011,32.6557057794101,-22.9949076281816,-20.0740075850402
TMS13F1107P0002,28.8826599358654,-5.14401175403266,1.9527813862046
TMS13F1109P0007,-31.8380415798211,-15.5496513551756,9.90429186284253
TMS13F1111P0007,-81.7046518814026,-6.89550041901796,8.35235740641974
TMS13F1111P0014,29.1186210638638,3.4764281138718,6.081997659138
TMS13F1113P0011,-14.4899918892346,0.399446557832224,16.5280962583416
TMS13F1120P0003,-27.348940514918,-32.5470257673846,13.1776225154911
TMS13F1122P0003,-34.0481941144884,-26.4374160158586,3.08277674817854
TMS13F1122P0004,33.0388296554333,-14.6799476278538,-10.4604047271849
TMS13F1124P0003,32.0411055462633,-27.5586818236078,-20.6305522325956
TMS13F1145P0031,-14.9823891395041,-48.8115143821318,32.1262308336573
TMS13F1160P0008,-23.0551292645166,-10.1320761631362,-4.9642135315634
TMS13F1212P0007,30.237310862207,30.5480310867692,-23.649355663437
TMS13F1212P0034,36.8426455737273,17.6772259235769,9.31905299614309
TMS13F1214P0019,32.8559240771432,20.4894465795683,2.31439891239214
TMS13F1241P0016,34.4975341365854,-4.09849022348026,-1.12598270463027
TMS13F1241P0021,-23.9155604171601,-11.5825364475104,3.41461639147277
TMS13F1204P0008,25.3211655258884,30.4699703350414,17.4665408635989
TMS13F1062P0001,27.6521353120737,34.2243937083476,-28.5547688737521
TMS13F1064P0053,32.47607121042,30.8699207184482,15.7807362734131
TMS13F1064P0062,22.6991671640022,9.4937614040398,-20.4697269501868
TMS13F1064P0072,25.1478326562059,8.03914268655692,-20.1599733410083
TMS13F1064P0074,-31.7243198819491,-8.80922194009607,0.70190386259044
TMS13F1066P0012,-26.5963500631179,-24.6724016484876,11.7372310271659
TMS13F1066P0021,33.8272432339655,-1.07475959847782,1.70640238152383
TMS13F1066P0033,-23.4439757657858,-26.4344247209999,12.9059193521738
TMS13F1068P0004,4.65174394188947,27.1075445031175,33.2132699446284
TMS13F1068P0024,32.8824765133021,11.9609130799521,1.75252599359339
TMS13F1072P0002,-25.7406289768433,-13.5724251609621,-16.245368621303
TMS13F1081P0010,-29.1348803987992,-43.0659760560746,-14.3420551474666
TMS13F1081P0015,40.6716411719584,-16.9881954306973,15.7159144931147
TMS13F1094P0003,34.3674202719877,16.7944448837306,19.5722933781655
TMS13F1098P0003,-96.0776265152519,-9.47700177848586,-18.144897561291
TMS13F1102P0002,-15.0499770041481,-12.3229204248136,15.4594073676808
TMS13F1103P0003,46.559478465853,-27.940762298211,18.1122797187892
TMS13F1104P0001,-17.1348206016036,24.148558210605,27.8836561973598
TMS13F1105P0007,35.0278280511977,22.0853115612308,-5.44730968398589
TMS13F1112P0001,11.6088449791788,26.3984882365729,-26.9839545925698
TMS13F1114P0001,-29.5802599241643,-15.8452109567919,-10.668698578439
TMS13F1114P0005,-27.192498832776,-2.64615554624477,18.5444834990559
TMS13F1116P0001,-30.0192774829956,-1.79874855296523,31.9596810089868
TMS13F1142P0002,-15.152852211828,-18.321678860056,3.69327887418005
TMS13F1168P0001,-29.8286897107914,-5.18660636685441,1.65396074379091
TMS13F1168P0004,28.62678897468,19.2839414196754,-10.6615971595486
TMS13F1172P0001,-84.1408513704052,-31.03473234318,7.25405988180723
TMS13F1174P0001,35.8417306486152,1.16944932384474,14.8293743943475
TMS13F1178P0001,28.6386952496594,43.1987544717943,-8.61048147013174
TMS13F1182P0002,16.2855871877303,51.2097587529568,29.0253132031146
TMS13F1186P0017,-68.3740054573277,-34.9361629383186,12.9343195603683
TMS13F1187P0001,19.997462396901,3.46927006382121,-17.197302498992
TMS13F1188P0002,34.5580148859081,-34.859697027055,-32.2047357128029
TMS13F1192P0001,32.0470733254968,32.0162389343004,7.23967169334348
TMS13F1201P0004,37.1346223729093,17.2205057850054,25.6923664939098
TMS13F1201P0018,-40.374285615572,12.6210825966925,24.2625749810552
TMS13F1201P0022,36.9516246139934,-1.85662293611467,4.80081136239561
TMS13F1205P0020,-41.8671893843955,32.2666860999674,3.11045122135991
TMS13F1208P0017,-34.0822071302936,-19.1087748893855,4.52295757901942
TMS13F1217P0043,39.5451951682881,-12.3852092560935,-15.5541238770319
TMS13F1230P0001,31.8525492936997,26.1888872747276,5.55013845836275
TMS13F1288P0009,20.542932722945,31.697150550274,-28.5397968638632
TMS13F1332P0045,-47.4211310264558,-51.4258035657277,-10.5434794076047
TMS13F1420P0006,-30.7958667600695,17.2297732754507,-6.04295833264636
TMS13F1303P0001,32.9943956354899,27.6728969376149,-20.26364679965
TMS13F1333P0002,-61.5976137286813,-27.1176070667155,13.9874241151197
TMS13F1253P0011,-26.6341809592793,-21.2217362594132,8.42803723594994
TMS13F1332P0042,-29.1514609368599,-34.0392145861246,-13.7247690073053
TMS13F1306P0003,-31.3410481375559,18.4484284094637,6.37115683377063
TMS13F1333P0003,-15.8231165016195,-26.2954154754126,6.50988175726498
TMS13F1436P0004,-29.4860363668526,-25.4301505607501,14.5136626570499
TMS13F1306P0004,13.4155419592841,8.17939845278465,4.38875330057923
TMS13F1333P0014,-60.2053365752015,-27.9374356611074,13.1347176839145
TMS13F1436P0005,-17.4229505355978,-8.76527834105964,6.55658441897219
TMS13F1307P0008,25.9803682306969,39.5922825537645,-46.1623865491026
TMS13F1333P0017,-55.280129183077,-23.588743258892,4.65821017643591
TMS13F1436P0006,-81.6171594010347,-9.51512755908894,14.7262348957657
TMS13F1307P0011,31.7621982616001,37.8617669551493,-26.7072910853211
TMS13F1333P0027,-60.2387125996632,-26.8347186657292,22.3066235357535
TMS13F1436P0012,-32.711260588529,-25.8260673165146,14.1581334867859
TMS13F1307P0020,24.0377354013909,31.1614033824289,-28.4265644668751
TMS13F1309P0001,-19.4320538898437,42.6206819406587,-45.6973910342075
TMS13F1336P0023,-62.0199817293002,-43.188799984477,8.89084758733468
TMS13F1324P0002,-4.15132686229983,11.0634476795972,20.4004552925684
TMS13F1381P0005,-46.7684252646991,25.1469192735516,-9.65702006641669
TMS13F2077P0043,39.5126013612333,-17.6007743778737,26.4214578948086
TMS13F2077P0021,38.8592345022911,-2.32693296618599,25.4674453480558
TMS13F2077P0044,39.6395353713228,-7.19454528954935,27.6417048947273
TMS13F1245P0016,-10.8750986007888,-3.4952316189135,2.56695120332108
TMS13F1254P0010,-22.6839981988118,7.0833291739048,-7.50654259730749
TMS13F1273P0016,30.714393979209,-1.38997212664312,-7.28537523212681
TMS13F1288P0005,21.7070246655166,28.1377857015365,-16.450095721261
TMS13F1307P0016,32.2336866197242,39.7968463912328,-37.2301889338818
TMS13F1329P0003,-35.2574562920604,13.3492498293909,12.3575731188293
TMS13F1336P0024,3.1436852958121,-27.5015074971468,8.80031521900635
TMS13F1339P0006,-2.90764374094127,-23.9993714700116,0.881979879051025
TMS13F1343P0002,-35.6401316694619,-19.4460896256833,-64.3813482567941
TMS13F1343P0005,-36.3551711374843,-14.1484949741371,-53.8513038343988
TMS13F1343P0026,21.8349960787094,2.95001570664572,-66.9046978692729
TMS13F1343P0029,-38.4292740346535,-8.82231112497024,-50.9901988854021
TMS13F1343P0038,-55.5476186728204,-3.20971520578876,-36.8169949029936
TMS13F1343P0044,-37.0280926012854,-12.2964509715462,-50.4065814865111
TMS13F1352P0002,26.228897410286,8.29469413615299,-41.4983639584462
TMS13F1362P0001,-22.071533481628,-7.05167168022251,-46.9611033208984
TMS13F1362P0004,27.265104272095,18.3189828643074,-45.0455273534855
TMS13F1364P0001,41.5824940843161,-46.1861188352017,-20.6855556555628
TMS13F1365P0002,-32.7045610531584,-8.73380059770312,-28.5524024617417
TMS13F1365P0036,-30.6920541716404,-22.5685044006872,-8.6293102539956
TMS13F1378P0001,-34.215455926352,10.5614424476058,2.74270171534877
TMS13F1381P0004,-40.8408033498212,33.4739200200311,-4.30442436433125
TMS13F1381P0007,-38.361602838145,31.0363257615914,-5.4371021978642
TMS13F1420P0014,-32.0158445992447,14.1536340333055,-35.6553264034992
TMS13F1436P0001,30.1828646003721,3.06297734850312,-2.87263263432088
TMS13F1439P0006,40.4243169658335,-23.5585692316443,8.64776774277478
TMS13F2077P0037,-23.0750272470996,-28.1524052114647,31.4233445395777
TMS13F2101P0003,-35.2243844443318,-32.4136348011578,10.4566885379721
TMS13F1253P0003,20.6931361283845,-29.3150722377842,0.42694728840219
TMS13F1254P0003,-34.7118789481277,-1.75451618129513,-14.9870291931357
TMS13F1254P0009,-2.29256941274895,15.4336485087709,-23.913035781302
TMS13F1254P0012,-2.00506016000415,-4.43258170301766,-13.9185334886678
TMS13F1260P0012,0.518546852128505,0.3261656566521,-29.6838911449707
TMS13F1273P0015,30.629032659641,-1.54579095698337,-7.44297739460543
TMS13F1286P0005,29.1895522155582,17.8470295608395,-17.7533449227589
TMS13F1287P0005,36.2881601197279,6.84932292366483,-9.85443232678841
TMS13F1287P0011,27.1804619432662,25.5686366620079,-10.3539671209841
TMS13F1288P0010,27.4030485387038,18.7872049640361,0.870598234223619
TMS13F1288P0013,27.9629364865575,33.9912027522306,-9.82686237683238
TMS13F1291P0003,29.5203617841105,16.431940513927,-18.4285995503541
TMS13F1291P0012,31.1049125461355,10.5179579499457,3.60895341338477
TMS13F1303P0005,28.5719668189815,50.8349379593919,-30.6015547033427
TMS13F1306P0002,32.6369764348709,10.0506672300533,-27.6394189691492
TMS13F1306P0005,30.3377758223805,28.4726456480208,-46.2872780550148
TMS13F1307P0006,21.4468663168973,34.9752788228314,-32.1577959482439
TMS13F1307P0015,25.1331222042753,25.3990450366163,-22.7357531159231
TMS13F1307P0018,28.584624799658,41.0166165817075,-39.4994675291785
TMS13F1307P0021,27.6546701740752,42.8101708079966,-42.7671828635667
TMS13F1307P0024,28.2502622940328,48.9522856742569,-46.2380367835426
TMS13F1324P0008,29.9437790369767,13.2504823800469,2.43653501019181
TMS13F1329P0005,-0.9486309350371,-41.0819603640469,-2.22007574283285
TMS13F1329P0017,39.5209771463468,-45.2581334506357,-24.5990938396531
TMS13F1332P0004,-8.29838291785402,-30.5597477990549,-14.8549626055333
TMS13F1332P0010,-6.59188422688034,-32.5304682742452,-5.65341623449296
TMS13F1332P0016,-4.95756638778638,-32.033873649434,-5.26056881038904
TMS13F1333P0007,-2.97307884385455,-20.152241679705,5.08698546229747
TMS13F1333P0019,-10.2089957118738,-29.3567812982308,2.88842520331648
TMS13F1333P0022,30.0378338236762,-9.40146556492481,-6.38796638341348
TMS13F1333P0025,30.623741796669,-12.742251419795,-5.73885332230532
TMS13F1333P0028,-10.5579575552516,-21.2841057800057,-0.0401445015165484
TMS13F1336P0026,-25.9979373636194,-30.0852641307397,3.01823018384324
TMS13F1339P0002,-67.374394242193,-34.6758833743509,17.1891364609403
TMS13F1340P0001,-7.6712909045364,5.21330385762264,10.0041189371515
TMS13F1340P0004,27.4874265943875,14.6640194342032,-5.80502029328574
TMS13F1343P0001,20.9786074970802,2.38429543082097,-63.244827941993
TMS13F1343P0010,-36.3421424645467,-13.887222729309,-53.5453830320172
TMS13F1343P0013,19.8066637347972,1.03174118047985,-66.7217190785893
TMS13F1343P0016,21.2358747865405,-3.11874735875629,-61.8480960911296
TMS13F1343P0019,-97.5598485560274,-18.7913602369807,-58.9838840826722
TMS13F1343P0022,-49.1119843588659,-6.36440475771016,-67.4700477519995
TMS13F1343P0031,-43.1340897788649,-2.23590264062591,-59.0871639005087
TMS13F1343P0040,-41.0727642912155,-6.13487017724023,-56.3759437044752
TMS13F1343P0051,-38.416107662464,-27.4444322138166,-23.0243653492478
TMS13F1344P0002,-74.8810526410589,-15.466263735524,-2.4039489974402
TMS13F1344P0008,-49.1014191239132,-27.747701336796,2.73131495836179
TMS13F1350P0002,37.9350138945642,-12.774721289631,-7.31382948436352
TMS13F1350P0005,30.8803607960327,-2.26993728286337,-12.7585386690285
TMS13F1352P0001,15.3765989528304,12.1442886791146,-38.2880249929591
TMS13F1352P0010,29.237707873059,7.51831642658936,-50.5779307662715
TMS13F1357P0008,-32.8994328957543,-8.84906579343034,-5.86892395360126
TMS13F1362P0009,-29.6525238711071,-20.0399715832719,-37.68878141305
TMS13F1364P0012,-23.0259157738074,-43.2769273730438,-0.965043009836194
TMS13F1365P0001,-17.7878558615952,-0.176393715478275,-30.3845665386579
TMS13F1365P0004,22.7007030728178,19.9046597504418,-44.106643163085
TMS13F1365P0011,-38.3295453895078,-9.32513322615973,-38.5230233453058
TMS13F1365P0014,-95.323446451515,-3.97501269269741,-15.0839700765049
TMS13F1365P0017,-32.6239114886387,-4.50799217761973,-33.1977428807538
TMS13F1365P0023,-33.3689166043038,-1.83509548592822,-22.9406514485306
TMS13F1365P0026,-45.1669374014164,-3.72207722622084,-16.8436841294806
TMS13F1365P0029,-35.4596620037998,-0.75151305981731,-25.4357342922311
TMS13F1365P0032,-24.7113096303665,-25.8673295505143,-5.48568968712527
TMS13F1365P0038,-37.6217922742672,-18.1748758529846,9.93835253429355
TMS13F1368P0007,26.6044634475904,13.3089811854217,-39.2491545150348
TMS13F1368P0010,30.5240916093897,6.10175097178543,-32.7721695515544
TMS13F1368P0016,-33.0355405543253,1.58093764099071,-24.2405537713511
TMS13F1375P0003,-36.545385825415,-7.49486744945034,3.09041955551883
TMS13F1377P0003,21.3478512491363,43.4101108572803,-39.8179649426004
TMS13F1377P0006,15.8960208385445,50.8975486227725,-53.9702069406622
TMS13F1377P0009,-18.4125083547174,33.8489210248089,-33.6487023977706
TMS13F1377P0012,-44.3385544374112,41.0563241665933,-27.7695266668482
TMS13F1377P0018,-106.947135644044,29.7795883666734,-33.2606523870129
TMS13F1378P0006,-3.69773725180091,23.5736985263662,-5.26059029643745
TMS13F1381P0003,-96.0360650944839,23.9071806980281,-8.96418839693475
TMS13F1383P0003,-9.07591746227273,4.60464778091359,1.31113218985
TMS13F1383P0006,-74.9300660077282,7.62278018934553,6.53013874395445
TMS13F1383P0009,-8.76294162295841,8.63594359162982,0.534266857876876
TMS13F1383P0012,-8.60604899636047,-5.69268329568976,1.40981675176825
TMS13F1387P0002,12.6297132587919,20.3574899159135,-8.94387926264485
TMS13F1391P0012,-34.9936132552636,13.9379749749875,-1.81831820157215
TMS13F1391P0015,-36.967492241221,20.5951751389959,2.37696465923809
TMS13F1391P0027,18.4555880245928,8.54544457720981,7.44983241601425
TMS13F1391P0036,31.3125449499606,12.545450383986,5.6294863763218
TMS13F1395P0002,31.9851053474973,-0.318478612537905,-14.5517186417547
TMS13F1401P0004,-0.581058211042964,-2.19668115891398,-40.6235420428987
TMS13F1401P0010,14.0789144820454,14.8474326650065,-51.1594237030872
TMS13F1401P0013,19.0222010675411,27.4158571152092,-53.7703026873602
TMS13F1401P0016,-41.4680837047033,5.30022884830369,-47.2986065180203
TMS13F1401P0019,-77.0046533675968,-1.53875481271,-27.4259325198944
TMS13F1420P0001,29.7794171927716,9.60737495755405,-25.8297588007189
TMS13F1420P0004,-43.8753795982672,46.0430482021877,-38.2217468513117
TMS13F1420P0007,29.6969668842026,23.1636293908948,-24.7215256911101
TMS13F1420P0010,-33.5821288288374,31.1026497754288,-16.6431190246028
TMS13F1423P0006,1.13191071862504,34.8945898230204,-35.742382272372
TMS13F1436P0003,-55.9873880281186,-30.2336088746106,27.9072793363534
TMS13F1436P0009,30.7053827345912,5.84526129057932,-4.01581818317173
TMS13F1439P0002,-26.5181604084067,-16.3835246602196,-0.224123009899657
TMS13F1439P0005,38.9971632348186,-24.4800836541648,5.65347069116178
TMS13F1439P0011,33.9122299030883,-9.98431124115009,-7.2664124539796
TMS13F1446P0001,4.04048450376547,-30.8753932999972,7.61554210740346
TMS13F1446P0004,39.8753811627453,-18.151613040902,5.07005409400877
TMS13F1446P0013,39.5844223252965,-13.79758429691,6.92341860896413
TMS13F1449P0009,36.5333421923575,0.844293374511019,-3.0993694178387
TMS13F1452P0009,33.8659942101729,23.139270700771,0.317277696504623
TMS13F1455P0002,37.2537952918688,-21.7637829473482,-2.55665156937212
TMS13F1466P0001,44.7543202203401,-29.7472429532717,-13.0079664729272
TMS13F1467P0001,2.02777270954666,-24.5959741116376,0.830690557703685
TMS13F1474P0004,-23.1474828237627,-3.2561971659694,-4.58814804531396
TMS13F2005P0009,34.7296655450979,14.3606367563462,8.11541785711341
TMS13F2077P0001,40.1740699295888,-7.11950776713836,24.9922182217521
TMS13F2101P0002,-29.4874221790839,-32.7849895892274,5.76213678969948
TMS13F2101P0008,-27.3318227013169,-23.5650527182443,12.6364023010548
TMS13F2101P0014,-90.7344910643387,-45.1274998483347,16.2249733763817
TMS13F2110P0002,-27.1119025356757,-2.80549495495966,12.6291686841577
TMS13F2110P0005,-25.9148222028844,-12.7716121185365,8.91398332348972
TMS13F2110P0008,-0.657752058136804,2.07772375509415,4.97729777236624
TMS13F2110P0011,32.5086196793417,14.9928177774857,-16.0095354815253
TMS13F2110P0017,35.9737552627612,6.33233828412346,-3.05367953130345
TMS13F1245P0001,40.1399110290085,-20.8381289620974,-7.53112681292992
TMS13F1253P0002,-25.8209645050942,-18.9964467538132,9.1872613235808
TMS13F1254P0002,18.4156990245207,19.4829771510294,-29.4783429839327
TMS13F1254P0008,-13.6186070207275,13.366250524337,-20.3021050696503
TMS13F1254P0014,14.5914727833299,-4.77238064029502,-9.78620218744518
TMS13F1266P0003,35.555620494547,12.2699386374936,14.5035145627785
TMS13F1266P0018,-16.0612634015482,16.4781795136815,20.3019499798305
TMS13F1266P0027,-15.1186150613381,8.99830397670576,24.1919562023937
TMS13F1273P0005,31.2333418387209,-4.79620133123,-5.14295892289329
TMS13F1273P0017,-19.5460569927835,-13.1413946470335,1.13718752675686
TMS13F1286P0010,-34.5619648258032,0.151060060948491,-16.0228684381502
TMS13F1287P0001,33.2789112555118,7.73983340663912,-5.54768523756772
TMS13F1287P0004,31.392566618789,12.5155609503731,-21.7920187577764
TMS13F1287P0016,32.8844717351251,1.2356417296393,-17.400630374755
TMS13F1288P0003,27.9981476309923,33.0866586666628,-21.6286250042454
TMS13F1288P0006,34.383583855458,19.7981037352009,-8.09496651473869
TMS13F1288P0021,31.5367239206892,30.5848635101983,-2.77300847495988
TMS13F1288P0024,28.8393321422622,10.7365804031117,-1.458957823691
TMS13F1291P0002,30.4675209854895,9.52914123219031,-15.1534820963905
TMS13F1291P0005,34.2402821625238,-13.6070781101027,-21.997571878548
TMS13F1291P0014,29.4215428657277,9.8766600912962,-9.39713172756385
TMS13F1307P0002,24.3167565501955,37.9459755692378,-30.2311583208476
TMS13F1307P0017,24.1925779495269,26.3970413387763,-41.1959735387781
TMS13F1309P0003,37.3335054092869,15.455942162349,-12.5201111143132
TMS13F1324P0004,14.5815308301462,7.82975898385768,20.3838124698677
TMS13F1329P0001,37.1115602470654,-1.04353424254903,19.9411492855534
TMS13F1329P0007,-0.773622817568456,-42.1589032423482,-6.01114677747917
TMS13F1332P0015,-5.88227475455021,-33.86579819347,-3.66320732933324
TMS13F1332P0039,-45.3823256471131,-43.2194085721675,3.68272698516804
TMS13F1333P0012,32.0504384559246,-14.3165487684373,-9.3798188631278
TMS13F1333P0021,-9.44308093867636,9.28429324388569,26.7189310765919
TMS13F1336P0003,1.81013904797714,-26.6986268259441,5.79188980557733
TMS13F1336P0021,-61.9165989450934,-36.1628424782569,14.3072271907059
TMS13F1336P0028,36.2557414108211,-19.1031295513617,-9.53027843605437
TMS13F1339P0007,27.2924783360504,-5.45294638358948,-16.1837663620633
TMS13F1343P0003,-83.0502676377833,-16.2812636196431,-46.3273371922805
TMS13F1343P0009,-91.5069240615952,-8.16426310194557,-53.7454241841952
TMS13F1343P0018,-41.851550509586,-12.2852786032763,-60.1216160449643
TMS13F1343P0024,-5.26061706066755,1.73511375193517,-65.5017539661478
TMS13F1343P0027,21.3342357051821,-1.54731514862267,-61.5168158674538
TMS13F1343P0030,18.8721382423606,5.64581497154378,-69.0370818722095
TMS13F1343P0033,-41.7097604371791,-7.87024759604024,-57.9106513297833
TMS13F1343P0042,-1.66673210219934,-14.8959499575492,-47.8649792523737
TMS13F1343P0045,-3.32126851732687,-5.29547087859994,-67.4826026190544
TMS13F1344P0001,13.7883455543228,-18.8813601476824,-2.20072314022225
TMS13F1350P0001,-28.1655052830032,-27.8486663465788,2.27549211853391
TMS13F1357P0007,-35.1785866116992,-10.2649153590197,-9.95490038045765
TMS13F1362P0002,-30.6163477779121,-6.09637120814959,-36.2596757185961
TMS13F1362P0005,-13.9896684436523,-4.75607844472931,-34.3621598832372
TMS13F1362P0008,-4.45800079188415,8.68774859099829,-52.2278515520946
TMS13F1364P0002,41.875685378959,-45.8545090800566,-16.5915616954424
TMS13F1365P0003,-56.2539020672934,-2.81466551196705,-33.8588375081355
TMS13F1365P0006,-34.3821436225135,-4.99523223326634,-35.5050582901069
TMS13F1365P0013,-40.0717719239804,2.55434340101654,-28.3585568307439
TMS13F1365P0019,-3.85856269876897,3.68033214299709,-37.7763878590092
TMS13F1365P0028,-38.0722970067783,-9.47889767484368,-42.2480023140629
TMS13F1365P0031,29.6129467089693,14.7728076587522,-34.9436757862171
TMS13F1365P0037,-99.1029289114189,-13.8050451945652,-27.5138831668423
TMS13F1365P0040,-36.9001507864946,3.899784434858,-28.9410145031383
TMS13F1368P0012,-32.2458260212268,0.50979414111441,-29.9026801685425
TMS13F1368P0021,-55.3689232022377,-1.01888401414497,-28.6216810602823
TMS13F1377P0008,-37.1074983463168,22.2587559976357,-22.2115622611718
TMS13F1377P0011,-84.901518487318,6.40052997166568,-17.9225396238003
TMS13F1377P0017,-42.0730097718354,30.9331319392266,-32.5046367487005
TMS13F1377P0020,-19.3583103543339,42.6988330665867,-45.7681059406033
TMS13F1378P0005,-57.0407260137767,16.0066147175911,6.22316574724511
TMS13F1383P0002,-13.8158392910067,-7.92181852557948,14.5975893040788
TMS13F1383P0008,-36.1446228355206,18.9173486683336,2.78455580347015
TMS13F1383P0014,30.3080949527939,-0.85565321974787,-15.8886900197739
TMS13F1391P0005,-25.5639326521512,25.9122308570564,-2.74539221139826
TMS13F1391P0011,-34.9126016506381,0.814192251095941,-12.0785659116077
TMS13F1391P0026,-31.4715236397929,5.17106214402204,21.7429421514989
TMS13F1391P0029,28.8121844491846,25.281867179735,-5.66131912500645
TMS13F1391P0032,30.5163913278842,15.140585775742,2.4801174096631
TMS13F1391P0038,-37.1975814208075,29.3840495062606,1.5804360543933
TMS13F1395P0004,29.8356082226968,20.8338936008649,-2.7838855955256
TMS13F1401P0003,-95.2442179666213,-22.9956420213491,-23.881607716671
TMS13F1401P0006,-42.538619843088,14.4645120737044,-51.1080409640403
TMS13F1401P0009,-42.6917677105107,13.8940938637904,-47.7273268426301
TMS13F1401P0015,-31.0333420937302,-1.41822800504814,-29.0898230295577
TMS13F1401P0018,-42.3984724276779,4.38163994138856,-40.7245183778705
TMS13F1420P0003,-24.3442662218848,20.470515381871,-4.42281534562685
TMS13F1420P0012,-29.7468148210501,20.7345544055259,-7.3204062126947
TMS13F1423P0002,25.2224331418234,40.4534133018878,-30.3450178249045
TMS13F1423P0008,24.0810386906652,28.7259673125488,-54.1593858699319
TMS13F1436P0011,-26.9278377717907,-29.1226704880021,13.6122207443961
TMS13F1439P0001,36.4900283025051,-9.13597340532552,-2.63468342559728
TMS13F1455P0004,10.5181061614201,-13.7295412811004,-3.97469766923444
TMS13F1465P0002,-27.8236575091785,-14.5015539259022,23.2879715688544
TMS13F1465P0005,37.6802011548776,-10.8773107727799,9.66452754386933
TMS13F2005P0002,37.5163586139204,7.0876734540816,-5.35742632182229
TMS13F2077P0003,-24.2400157468024,-27.1475267768267,31.0471456571838
TMS13F2077P0010,43.5571447906855,-18.5606895481648,33.9015201890422
TMS13F2077P0017,-18.6677912232679,-22.146404165824,34.220197238708
TMS13F2077P0047,38.9681299441295,-7.06298471927962,20.6281169011611
TMS13F2077P0050,12.7304357606522,25.2615555095137,40.6295652631062
TMS13F2101P0001,-24.3628139937277,-24.3291570577028,20.0169987933948
TMS13F2101P0004,0.181637968586734,-6.65821062509545,8.59794624830839
TMS13F2101P0010,13.6101625170468,-28.3073946257588,4.45263128262241
TMS13F2101P0013,24.5351666663811,24.1285169293372,-8.35059601134448
TMS13F2110P0010,36.9842912413214,8.90495780425501,-6.33111972176819
TMS13F2110P0013,31.4241436216236,10.9144380445014,3.58524777516187
TMS13F1254P0011,-29.7159758481077,-9.85873248014621,-5.16335014519614
TMS13F1254P0015,-34.5098070125576,8.21616229997348,-17.6696122361797
TMS13F1288P0014,19.2598965592891,30.9742618240675,-15.5746458134368
TMS13F1303P0002,-35.2726786066607,0.775563586863823,-12.0138156803315
TMS13F1303P0003,24.8845790859413,28.1142155538854,-11.9710807430959
TMS13F1306P0001,36.0393585197543,14.0276012187457,-25.8033186679788
TMS13F1307P0001,18.7520458016885,36.1822759663717,-33.5750219347904
TMS13F1307P0004,20.9770620807547,36.1430357063427,-39.8876220646118
TMS13F1307P0005,24.3281992028597,31.0848170059544,-28.3554857330487
TMS13F1307P0007,30.5385717163883,41.3784015437539,-32.9948765691847
TMS13F1307P0010,29.4738836951409,32.037971011048,-31.8643176674208
TMS13F1307P0012,24.4921675718943,38.1177618988237,-24.6713841966034
TMS13F1307P0023,30.1982957213259,35.8225332177456,-38.0565058588194
TMS13F1332P0027,-27.6587415908684,-30.4483597423149,1.9878122455572
TMS13F1333P0001,-20.4066617444741,-30.7874948091445,2.27611916504039
TMS13F1333P0010,-15.9622440446465,-30.3304168363705,7.61755613695163
TMS13F1339P0009,-52.0289456058063,-47.2865357430228,13.3080085077487
TMS13F1339P0011,-65.2169965381564,-47.7209162699277,4.99347021132296
TMS13F1381P0009,22.9802907330166,15.7556609869889,-19.5708913514171
TMS13F1423P0004,-35.8678187578655,21.6958982817976,-31.7431713574501
TMS13F1439P0004,-26.2953856795824,-34.3615090731955,14.7025039594824
TMS14F1020P0009,-30.7335330235377,-5.21375265243088,13.4256534220044
TMS14F1020P0012,-33.6536094198696,0.104874441685922,5.86536900216622
TMS14F1020P0013,-31.2444392546632,-3.5227502529981,6.30012801226616
TMS14F1022P0001,27.5409125148492,34.6823027855273,-26.2800896913878
TMS14F1022P0003,7.03332027449017,26.9882467700138,-20.0460580229876
TMS14F1022P0004,-5.99471848499768,9.43454593640777,-5.16993663003704
TMS14F1019P0001,29.8611592031795,37.3132943866095,-8.35818254212739
TMS14F1019P0003,31.8029165093162,32.0183585117435,0.2819140409382
TMS14F1019P0004,24.5951260142355,43.0451976371221,-32.2819254360496
TMS14F1019P0006,2.70274994490628,17.2940093999489,6.84622488189901
TMS14F1019P0007,-3.66695177120895,36.7943064547226,-11.008550267833
TMS14F1019P0008,25.6288651099116,40.5145424735573,-13.6950389699737
TMS14F1019P0014,-38.4094096999014,36.2378054542609,-18.8192519585069
TMS14F1019P0015,-34.5653361392533,22.3072377274819,-4.4572686678687
TMS14F1019P0016,32.0182766552198,32.7212067431188,-6.60929598739689
TMS14F1019P0017,-6.38867523954772,7.37426500381034,6.94828907148454
TMS14F1019P0018,30.4757341406466,-12.1051359736015,-40.5481214020586
TMS14F1020P0005,-29.4181933309675,-7.60975473844181,0.0622254830483741
TMS14F1020P0006,-24.6503843898392,-24.486104482447,11.7725775933791
TMS14F1001P0001,-28.1670044443134,2.02495525161946,-6.24113372722295
TMS14F1001P0002,-26.2053648473105,1.69224415908016,1.42905669654278
TMS14F1001P0004,26.4271658416387,14.6131222872777,-6.80654303450663
TMS14F1001P0005,-25.7269728585543,-3.60925161635138,2.36092729216603
TMS14F1003P0001,-27.8314291079225,-7.61919786046778,2.76456015934966
TMS14F1004P0003,0.255377875428062,9.34530050736426,-15.2244804540379
TMS14F1008P0006,-2.69189776727684,11.1351209501187,-9.57363975010044
TMS14F1008P0007,24.7440703266022,25.2826047914293,-24.3131949262116
TMS14F1008P0012,-26.7070318524312,7.03520091675386,-1.45309519485958
TMS14F1008P0014,-30.2799241973422,13.9276376491707,-15.2312161549232
TMS14F1008P0017,15.0234865160158,33.3515556041311,-24.1944559328916
TMS14F1008P0018,-26.9501839659511,5.65315926006481,-3.79195723281154
TMS14F1008P0020,-27.7671233327957,6.43689632127405,1.79672446523307
TMS14F1011P0001,-33.4450837286427,7.10200375462536,-5.86498626286652
TMS14F1011P0002,-32.616753633601,3.9538796454796,-7.20650972983054
TMS14F1011P0005,28.7842256835278,19.2888381291927,-29.8460763036795
TMS14F1011P0006,-19.1598900061041,12.8737158539642,-4.4081566322929
TMS14F1012P0002,-35.4033549324818,12.3054626389345,-23.9026917520549
TMS14F1012P0004,34.1519324566355,-2.46120953118264,-17.651034622104
TMS14F1012P0006,-33.7440077021851,9.43779566898948,-23.1295152902656
TMS14F1012P0007,-30.438637748703,8.34868964431197,-7.66076103757108
TMS14F1012P0008,34.4260133220555,16.0307662338864,-16.4247730982021
TMS14F1012P0009,30.5256242495929,7.82262944474172,-27.2044208184204
TMS14F1012P0012,-26.357934211562,-6.62700430992878,-0.331549247251746
TMS14F1012P0015,-35.4319271207292,8.94980421308635,-30.2073187353878
TMS14F1012P0017,-8.79382913197283,8.85970464253875,-23.5587578601437
TMS14F1013P0001,-33.8750687250878,23.0492932294409,-13.3466372138392
TMS14F1013P0002,26.1844650618294,43.2008651414792,-17.1955161433777
TMS14F1013P0004,0.214663670031771,47.3994018963329,-23.8553956108263
TMS14F1013P0007,15.2621528057628,38.0377301389152,-21.1080719233416
TMS14F1013P0008,26.1642738894808,35.7402668966755,-16.7164396367254
TMS14F1014P0005,-27.2260182134391,27.3497172226461,-3.91788480792975
TMS14F1014P0006,-13.8736197191994,22.8579749636055,2.37686083786442
TMS14F1014P0008,-35.463494849225,27.2419428694749,-2.28443622386137
TMS14F1014P0009,-29.8193449561595,1.94543284483251,8.77860162744696
TMS14F1014P0011,-29.2035885595129,10.7457487336621,9.53650461874154
TMS14F1014P0014,-35.2631275921381,29.3431105496417,4.55916753422553
TMS14F1014P0015,-29.9568020074676,19.4643287168683,10.5184914799474
TMS14F1014P0016,31.5402270085366,26.7214266271378,-8.29337295065142
TMS14F1014P0017,27.2030578995905,35.5891913789461,-13.3448182226038
TMS14F1016P0002,33.6038936344298,25.8347228734496,5.3476341128246
TMS14F1016P0003,26.8777378861385,43.9744518917638,-12.5389797519521
TMS14F1016P0006,8.14330573388653,12.4251793259746,6.77312991937942
TMS14F1016P0007,27.7886639405516,28.0305583594308,7.09070799294117
TMS14F1017P0001,31.7381117071472,25.361791951788,-1.24793578689984
TMS14F1017P0002,26.5840774338538,54.7809099396274,-17.939002339712
TMS14F1017P0004,-32.3001255203373,11.7385129765028,-3.49548738539763
TMS14F1017P0005,-30.2746842706025,7.65557646361869,7.03945231220327
TMS14F1017P0007,-35.2588620859235,39.0575586679952,-19.1966362201053
TMS14F1017P0009,23.4976947804276,60.6145935225045,-21.4326894060071
TMS14F1017P0011,9.83463305304319,27.7237995669676,-8.62471745447988
TMS14F1017P0013,-31.4070417529478,14.6073251587129,6.11835132599222
TMS14F1018P0001,-23.5692747642251,6.76694627743462,1.40071239810426
TMS14F1018P0002,-30.3064103292171,26.6853850165205,-15.6480394977864
TMS14F1018P0004,31.8506426828884,24.9509187758847,-6.27996321480927
TMS13F1246P0001,34.3468829853582,13.6147824729522,10.1095900314241
TMS13F1247P0006,28.3160543892421,-16.5507191681103,-14.5270113738249
TMS13F1261P0001,32.4349278257911,17.2977422464035,-29.203651304869
TMS13F1262P0001,17.8996628265462,39.4129404691033,-12.3762979198136
TMS13F1256P0003,-55.0049491089646,-11.9452264423618,-11.7304491473874
TMS13F1274P0001,3.88918556165275,19.0769219751859,44.8278542625694
TMS13F1274P0004,-11.2782565985569,15.7469470350481,33.8840252128179
TMS13F1283P0002,33.4802507930774,3.81782979754525,-1.77337230644789
TMS13F1296P0006,35.1375703318546,20.5788783566239,12.4192667988085
TMS13F1297P0002,-23.0099649159842,-23.2908532647995,13.5969079998834
TMS13F1298P0007,32.4178826940262,9.96155421450605,-9.02711941062274
TMS13F1302P0001,-31.4027091641029,25.8438599718453,22.1757928683361
TMS13F1304P0002,-8.09315529844344,-15.996224800422,-1.48253412121018
TMS13F1304P0003,-7.88896431574524,-3.64465840386402,1.74411825371599
TMS13F1310P0004,24.4139898301492,22.1776293730263,-7.34923044304997
TMS13F1315P0001,-40.7879862892668,-4.97077289610085,-18.8064373233989
TMS13F1315P0008,31.1411247044596,26.1908744385327,22.5108243013184
TMS13F1319P0013,-16.7517829812901,4.32330043571042,16.0275254075812
TMS13F1334P0006,-78.9230419259264,-28.1662189841717,-0.169079620718674
TMS13F1353P0002,-9.31530478592211,-13.1888024616418,9.60260615746276
TMS13F1376P0018,-47.3185553664505,66.1476263027222,3.80017318114649
TMS13F1400P0001,-8.65469254745029,6.41611682074238,24.0435836134565
TMS13F1414P0009,30.9927157795284,13.075663825614,-21.1586674303581
TMS13F1425P0004,-3.16380660416205,5.99033387653475,22.6243380059043
TMS13F1425P0009,25.8237167065928,0.247254048969702,-10.3253852348335
TMS13F1426P0005,40.3939997566105,14.6242603940916,-7.4360193339059
TMS13F1426P0009,25.9755154285829,12.0072507816804,3.92137423799465
TMS13F1461P0002,-26.7319758783821,-8.20033784486581,-14.5455236195064
TMS13F2006P0006,31.164061196698,25.9902919990631,22.5738172037766
TMS13F2008P0017,-34.6323928349053,-19.5101940913196,-0.349151988377583
TMS13F2028P0001,-52.0042653290772,-22.0513736581052,-13.3859722519454
TMS13F2032P0014,-45.5511528070573,0.270771100236983,3.70058642428406
TMS13F2046P0002,-90.5715804624242,-14.2044565734248,20.785893403262
TMS13F2059P0002,-33.34389587889,-19.0555628839395,8.51360064712269
TMS13F2051P0005,-25.154711139878,2.92076907828453,2.78050861217436
TMS13F2052P0002,30.5332698444752,43.9897142817164,17.2253400051466
TMS13F2061P0005,26.0195077660448,0.298300921061333,-10.1726016652093
TMS13F2065P0005,-37.757328182257,-1.65814007602875,-55.9371759778929
TMS13F2069P0026,-28.7973237912055,-42.8028371066529,-14.1913170455875
TMS13F2074P0003,18.6873354242008,42.6124848143151,-43.7217670802216
TMS13F2084P0002,-28.8426083477113,-6.47510850028018,24.9097385151354
TMS13F2085P0004,39.8717511876138,-2.75719577392703,14.1261911000684
TMS13F2207P0001,36.9217917413164,-1.14764543916013,-15.7548187631975
TMS14F1022P0006,-33.1627129672071,15.336138570539,-2.94741892659718
TMS14F1023P0003,26.4781448196722,24.0051057651459,-22.3037852488534
TMS14F1023P0004,28.8895851925944,32.6905337028957,-10.9319138914249
TMS14F1023P0007,-0.00216606976208501,26.9249482692671,-29.0550734371783
TMS14F1023P0008,23.3899770555809,37.6241115479433,-22.6969935436428
TMS14F1023P0009,31.4201864782484,21.2030019817682,-8.00922119918579
TMS14F1024P0001,20.7081632062734,23.7847413525648,-27.8248854032655
TMS14F1024P0004,-28.2184969332955,-2.87276658895553,-7.49124686564629
TMS14F1025P0001,-32.9399817122521,7.28961547097463,-2.94622995039954
TMS14F1025P0003,-30.800297590567,-0.624694229391599,-0.428926666761862
TMS14F1025P0006,31.948989966287,12.0009359902838,-14.2669287192321
TMS14F1025P0011,31.556023379206,8.9190878917232,-29.0645857992845
TMS14F1025P0012,26.061273813261,32.0632309463134,-24.2540459460093
TMS14F1025P0013,-36.5207010759603,19.2258063143214,-13.7011461995739
TMS14F1026P0001,22.3348149288083,11.4471626714822,-22.0493129435592
TMS14F1026P0004,-31.1585934791046,11.2754084856092,-8.931143170286
TMS14F1026P0007,-24.9966976071126,-0.432091273871368,-6.83253677135836
TMS14F1026P0009,23.9990496220666,20.191220552566,-29.7129470271411
TMS14F1027P0001,27.631408501622,21.2914037950649,-17.6115525691341
TMS14F1027P0004,-29.8564124196793,-8.82327625605173,5.29563420627152
TMS14F1027P0008,29.0087748185575,15.7877323803278,-12.5455226605496
TMS14F1027P0010,-30.7759843395951,-9.54631398179406,2.6095921369989
TMS14F1027P0011,31.9519325620003,6.16155479670634,1.50176260367584
TMS14F1028P0001,-31.0782497491153,12.6735501887146,-11.7263548170838
TMS14F1028P0003,-31.8930567796047,6.95830482172077,-23.6601082436455
TMS14F1030P0001,-29.2524316070304,16.2212590179231,-9.48560031390319
TMS14F1030P0005,32.1922318905543,12.1945973778745,-24.5048326723837
TMS14F1030P0008,-16.3976323142329,7.18132886919105,-8.40378920872055
TMS14F1031P0002,-24.7948024884165,7.48262297580536,-12.2822854694098
TMS14F1031P0004,-24.7967938093739,4.30526676854072,-2.2071663408817
TMS14F1032P0003,30.4670482300707,25.4195376325449,-6.75292782231931
TMS14F1032P0004,-5.33717181938652,1.89254406239455,-0.359137988440753
TMS14F1032P0007,-27.3348357238926,-0.0824726316788126,3.64139297396794
TMS14F1032P0008,-29.7680277656782,14.560232637178,2.22250620673878
TMS14F1032P0009,32.8128772371444,22.6558864906102,-13.4820222246791
TMS14F1033P0005,-27.2085956667253,2.09169841127079,2.55928715950254
TMS14F1033P0008,29.2321938659664,26.1326843102521,-18.3811648447354
TMS14F1035P0001,-28.7251427334438,9.00039042525973,-20.7612727601566
TMS14F1035P0002,-29.0735275807636,13.817198069438,-9.49039679689429
TMS14F1035P0003,-28.1362029074521,0.504322197851053,-22.4196890889238
TMS14F1035P0004,-26.0871978579773,3.07841607329999,-19.1579884581643
TMS14F1035P0006,-38.4573993261406,19.605426307985,-16.3488274040582
TMS14F1035P0007,-30.9936503751163,24.7532526716848,-20.0120280837215
TMS14F1035P0008,-38.6898939210174,14.4686372536308,-38.7290510071988
TMS14F1036P0001,-28.7974744231867,4.64970521856136,2.49724965770303
TMS14F1036P0002,-28.8129579176001,0.913124170039151,6.86088919428347
TMS14F1036P0003,-31.4304861119637,9.914604629873,1.6778931908394
TMS14F1036P0004,30.5015186966153,22.6004686498146,-18.9603197095431
TMS14F1036P0005,-25.3497451122901,-1.02212500876892,-3.28691192711579
TMS14F1036P0007,26.3049197995457,23.7170047473265,-25.9622909095225
TMS14F1036P0010,25.6796465861991,25.7894354347036,-27.9005720399954
TMS14F1036P0011,16.7155751441671,19.6644216620628,-16.675144710954
TMS14F1037P0003,34.8764233122126,14.2925743013366,-18.957861345197
TMS14F1038P0001,-26.9794579290449,7.65576540309264,-18.5427163834712
TMS14F1038P0002,-26.5029335301448,4.39189614686359,-19.9985298640744
TMS14F1038P0003,-24.2639581549167,-6.77939315964862,-9.46026801192549
TMS14F1038P0004,-14.561137456851,-0.304333283571672,-10.0126200761482
TMS14F1038P0005,-25.4865918992873,-2.7523530164742,-13.6774333364893
TMS14F1041P0002,-21.0770363490789,-14.3438006247031,-7.74550665810404
TMS14F1042P0001,-28.6818828307745,15.5830810038967,-5.32006537906063
TMS14F1042P0005,19.1478322482117,29.9861202010082,-8.87159056287764
TMS14F1042P0007,20.0019624660025,30.3959891647833,-18.6768169109035
TMS14F1042P0008,27.1697437320879,13.1192423353744,3.68267347631489
TMS14F1042P0010,-12.3457575670856,9.88454833397793,-7.20388145019128
TMS14F1044P0002,-32.4982570153783,-11.6659391836049,-11.1493076361382
TMS14F1045P0004,-19.121850223132,19.5075181910914,6.59912731958996
TMS14F1045P0005,-14.9280232300366,2.68678601557803,21.8360843870129
TMS14F1045P0006,-8.43472596391966,-2.87979569939094,13.3582178801847
TMS14F1045P0008,-9.83116820013456,-0.108940334744461,16.3742807955012
TMS14F1047P0003,-9.04404806459596,-7.78453147313556,-23.9091860566488
TMS14F1047P0008,10.9536618055164,1.94291895456385,-28.1032973292573
TMS14F1047P0009,-14.3201775587113,8.96125590265647,-24.6251315757318
TMS14F1048P0002,-26.623018582431,-6.40011606349048,-6.0637236073686
TMS14F1048P0003,-19.6107697195355,-9.38513412634677,-8.19664652489847
TMS14F1049P0001,-30.298005573957,24.1534024295549,-22.2673004573595
TMS14F1050P0003,-29.0923655772929,24.6688781426294,-12.8135651245837
TMS14F1050P0007,-6.02446679053334,13.7495832306041,-6.74708887544297
TMS14F1052P0003,-33.535979746639,20.2605595448326,6.7395168982605
TMS14F1052P0004,-31.6442055360103,10.1991267720796,23.7539023210337
TMS14F1052P0005,-33.8184429491107,23.8395661103263,10.1826037567154
TMS14F1053P0002,-23.3286414895943,8.79198897016784,5.4945509651832
TMS14F1053P0003,29.7014792769109,18.0178655653476,-10.8484543105093
TMS14F1053P0004,37.3281226221404,-0.912355811498326,9.85790018162129
TMS14F1054P0001,26.8446494677713,20.2653456901459,-3.35849199100586
TMS14F1054P0003,-30.4416921872573,11.3712222546521,1.59045618236365
TMS14F1055P0002,-7.9187207593664,1.59100079318994,5.86397516848121
TMS14F1055P0003,31.5151131964682,4.16342543335415,-4.33712920069343
TMS14F1055P0004,-28.9206423491638,-4.93566407163911,13.9135630134163
TMS14F1055P0007,36.0242931224239,-6.88933617254372,1.15352610912952
TMS14F1056P0001,-14.2726547436457,19.536828860833,-14.5715309567717
TMS14F1056P0003,-32.9491377404377,27.0595268410034,-11.2767428205357
TMS14F1056P0004,-24.2484350909313,26.5314598762668,-24.7951060190361
TMS14F1057P0001,20.5569573433737,20.6424203361718,-12.4928962098386
TMS14F1057P0002,-35.798680726632,23.1588564227779,3.91260811358519
TMS14F1057P0005,26.1169239586203,19.7171516209566,18.8302639969509
TMS14F1057P0006,21.3423001931324,26.3489295462472,1.29154497442547
TMS14F1057P0007,-29.1948342624893,11.4856196945655,27.0711447065671
TMS14F1057P0009,21.7350522494692,28.364575765441,6.30487345103962
TMS14F1057P0010,-30.3071054688608,13.8898411911052,20.3101251229161
TMS14F1058P0002,24.6261201539948,22.0585623795723,1.41798567533251
TMS14F1058P0003,-34.7770376554963,27.3325312536381,5.34833907300183
TMS14F1059P0001,21.3344420233037,10.6750377469528,-8.52251852519149
TMS14F1059P0004,-33.5609445165972,-3.11903585602028,7.87929757088831
TMS14F1059P0005,17.7475138029789,24.2867253413457,-5.93825276643553
TMS14F1059P0006,22.2754695888976,21.2687593773455,-7.93243161424429
TMS14F1059P0020,-27.484437433641,-8.70487914692679,19.1735125216645
TMS14F1060P0001,-29.0320205673663,29.6678838377651,9.45904901384845
TMS14F1060P0003,-25.9380965495984,14.0419002939778,19.6255600583381
TMS14F1060P0004,29.7259847282139,31.5348537118339,13.9398516086942
TMS14F1060P0007,36.3237958357736,11.3500853073841,13.5013583146254
TMS14F1060P0008,-27.1232003402368,25.0787894486938,10.4968367916713
TMS14F1060P0009,30.572249017983,29.4177669338144,9.55691374377489
TMS14F1060P0010,-28.4685797234997,32.8031499160211,11.8839198815142
TMS14F1060P0011,25.6748818102467,37.9803880789485,-6.78722605288155
TMS14F1060P0012,31.8217130442275,28.997895787109,8.49794070553937
TMS14F1060P0014,-27.0079190669904,18.7372303942194,23.250733523412
TMS14F1062P0002,-30.7003771757452,13.8883479383873,16.7562688941115
TMS14F1063P0001,-13.1464323949405,-2.83966608976624,4.47834088511553
TMS14F1063P0004,37.2940937864155,6.66087909898964,-9.1097343974949
TMS14F1063P0005,27.7752003307299,31.6579422257073,-19.0670990896505
TMS14F1063P0006,-12.983986966838,-11.0083907543568,-0.366094369021698
TMS14F1063P0009,38.852100681478,3.65352455773193,-4.4951023996074
TMS14F1063P0010,-19.8462686886189,20.6061412328258,3.40127289692866
TMS14F1063P0011,-16.8345109831005,0.742495004912493,-3.70842895181167
TMS14F1065P0002,-29.3933724977691,17.3604604445655,8.85580102340506
TMS14F1065P0004,36.5214199991442,7.70733143543096,0.17547105392511
TMS14F1065P0008,35.9910639823688,12.1214475560851,9.40802221726105
TMS14F1067P0002,-76.5893865385076,-5.10201575953764,30.0058131931919
TMS14F1067P0007,-30.2649983998148,-1.51129677993856,24.4970673134409
TMS14F1067P0011,-58.2966332540247,1.84370697575679,24.6055630364568
TMS14F1067P0014,-94.0180764549826,-8.4165024937364,31.9475686960931
TMS14F1068P0001,-29.0193510695051,12.1795411912667,13.5932864749015
TMS14F1068P0002,-27.7853193855269,3.77949015140155,18.4817324234868
TMS14F1068P0004,-31.3327977858463,8.62422126593963,9.86876555542956
TMS14F1068P0006,35.1167676955261,8.04638668965906,12.141380336015
TMS14F1068P0008,-57.6298221296456,-40.8807894664498,30.7704073990205
TMS14F1068P0009,-34.4255983529493,29.3694780437564,0.229517826443436
TMS14F1068P0010,37.2995278206577,6.55983005976937,12.2357701068799
TMS14F1068P0011,-25.0113017792979,1.92750220008067,27.2328254391501
TMS14F1069P0001,35.5601714402816,6.99716322716103,8.42829208696648
TMS14F1069P0004,27.3534653189504,17.9794170212865,-17.1183051236878
TMS14F1069P0006,-24.3782539209967,-15.8970702232392,16.6355500126096
TMS14F1069P0007,35.0710965753551,13.3050602765484,20.9263004224197
TMS14F1070P0002,-99.0840546462773,1.7058594560804,15.1052360347884
TMS14F1070P0003,-28.0663096417893,-4.73358596898494,28.2283220363386
TMS14F1070P0004,-91.8704311553663,-27.8395823512809,36.1885394304799
TMS14F1071P0001,31.035433808267,15.0830480818532,8.12520924994331
TMS14F1072P0001,33.6088015503364,4.1135825851847,7.61726989482454
TMS14F1072P0003,31.9166999898809,15.0208165909364,15.1997582728684
TMS14F1072P0005,36.0126713275556,10.0077051610883,10.6559448504253
TMS14F1072P0007,34.8425842226328,5.0194152668662,12.6231987618285
TMS14F1072P0008,-29.0082105329322,9.73845881953978,32.5475415536288
TMS14F1073P0001,-24.0051469806123,-7.36746915961224,22.1241024526885
TMS14F1073P0003,33.4615347481967,18.8619386380252,-7.7453343319238
TMS14F1073P0004,32.3081639408809,12.3924371000215,-17.568668232495
TMS14F1073P0005,-34.0050098160716,18.4084636920857,-2.5800659858168
TMS14F1073P0007,-27.063384681299,-16.472268183679,5.47926976169818
TMS14F1074P0001,-6.59946036160458,12.1936719989872,8.05944910202841
TMS14F1074P0003,-1.04220296824637,-11.9888502292272,14.0497044708305
TMS14F1074P0005,-24.5822175714906,5.23227156060864,6.52191709384867
TMS14F1074P0008,-16.3027564111515,8.00907326765966,6.51080516164886
TMS14F1074P0011,-10.9586928536164,-9.85284282292517,9.11504788827436
TMS14F1074P0012,-33.415013369478,6.05056676245138,-5.55468311285653
TMS14F1074P0013,-7.17505175270603,1.70822683049405,-1.91090910742872
TMS14F1074P0015,-11.8655958833514,-2.21872536650498,13.4840601970564
TMS14F1074P0017,-4.26463433515387,-4.42739824200964,15.2500142496228
TMS14F1075P0001,-13.3210825340919,-8.8610959709886,9.86162269186506
TMS14F1075P0004,-9.91735111242431,13.2865469195024,5.79522689249553
TMS14F1075P0005,-32.6558949512657,6.89855347455628,6.31282506015012
TMS14F1075P0007,-21.5575568671738,-0.284888603006641,10.9030879702843
TMS14F1076P0001,-8.70853283780735,-6.74995219483254,-6.20305673416667
TMS14F1077P0002,-20.6460654093725,-22.8168816317937,18.3695013937438
TMS14F1077P0003,-22.8774472148748,-15.6982578146754,20.3494834292311
TMS14F1077P0004,-27.2371419081646,-3.43006966565371,8.49588600672443
TMS14F1077P0009,-20.7873916935598,-17.069360368138,28.7605153043826
TMS14F1077P0010,-22.7416945507551,-6.03090326146911,22.2591165581146
TMS14F1078P0003,25.4898740027257,12.5881741780442,25.2842662619298
TMS14F1078P0010,-28.4866346302794,14.4819530425759,17.1594173512344
TMS14F1079P0001,-21.8644950276821,0.560221534406188,33.9877020985372
TMS14F1079P0003,-27.0761586239727,6.1476781352186,13.4889625938015
TMS14F1079P0004,-26.4719479006422,-0.980941231048674,33.8800661839833
TMS14F1079P0005,-27.6040570792542,3.83097664287928,8.57511764932764
TMS14F1079P0006,-13.0196767177343,10.6856663144816,22.711910710416
TMS14F1080P0001,-30.8282627424357,6.70188118959009,6.5101571568521
TMS14F1081P0001,-16.7581051572026,14.1600878720713,2.64170862531825
TMS14F1081P0003,32.9341287407493,17.5205921844026,3.31918980807858
TMS14F1082P0002,-33.2116104871475,-20.5535599503305,12.3598078202127
TMS14F1082P0003,-93.5934011531433,-37.6159824982012,6.60291669235436
TMS14F1082P0005,-96.5493867664921,-38.87420715796,6.60316538849338
TMS14F1084P0001,-26.692007386436,-13.1865710256854,-7.07247977675172
TMS14F1084P0002,-26.7179186811256,-21.8556102170277,7.01008904794189
TMS14F1084P0005,9.65666257647996,-12.7566134409761,-10.4331346850752
TMS14F1084P0006,-27.4155680998034,-22.3584868780173,4.37998889468913
TMS14F1084P0008,9.38276467928407,-16.1710702675914,-11.3412017387461
TMS14F1085P0002,-24.394982130879,-2.70831932766289,13.3460658994685
TMS14F1086P0003,38.4543908444551,2.49339695007939,-2.30933919277577
TMS14F1087P0001,-5.53901089115929,6.86687385318227,14.9535750234413
TMS14F1087P0002,-32.1765835259325,9.84302368756941,-0.33646857664624
TMS14F1088P0002,40.0448033827154,8.32010410920316,-0.788817593184615
TMS14F1089P0001,11.130137259689,6.26677548103046,-14.4173471188147
TMS14F1089P0002,-7.17269987020727,-4.19753514355507,5.95840944634052
TMS14F1089P0004,-4.28896656221586,-12.643424045247,7.16914973384582
TMS14F1089P0005,15.1820049309448,-9.1942316660922,0.0267170240315926
TMS14F1089P0010,-8.14760819214054,-11.9347367213419,-6.23462865969627
TMS14F1090P0001,-7.9070324953668,-3.94241508705465,-7.09764000097497
TMS14F1090P0002,-9.38284941295878,-8.70505902733058,-14.9429070550706
TMS14F1091P0001,-4.78286388700034,2.52719257570999,-5.84181070184981
TMS14F1091P0002,-30.0402203789441,0.338004901532859,3.06062667675144
TMS14F1091P0003,0.569549410386405,-9.67228988641746,13.3772186945484
TMS14F1091P0004,-25.6964463975273,-15.1005796489215,8.77066059276499
TMS14F1091P0006,-25.4637062358054,-7.2344653632571,8.35956597085216
TMS14F1091P0007,-5.22730541233242,9.71442950909386,-1.19382731486206
TMS14F1091P0010,-26.0469432472134,-6.56173946433187,20.6306637830618
TMS14F1091P0011,-0.671778685881698,1.7690971863307,10.9055876642621
TMS14F1092P0002,-36.6276354184506,31.4814990954987,-7.70905264058466
TMS14F1092P0005,-34.3284016683081,20.2205038504715,0.689987034016144
TMS14F1092P0006,21.8560029490254,34.5086568624448,-3.83613770396914
TMS14F1093P0003,27.9804752119887,15.7067193053094,7.46259610431906
TMS14F1094P0001,-25.0666540479733,11.9708049048305,5.52218911413862
TMS14F1094P0002,-30.9207769854345,28.9533822873273,7.4700536440537
TMS14F1094P0003,31.2529016228764,32.8168623253488,-3.46683634477734
TMS14F1094P0006,25.0788825940597,32.7289082267217,-14.670681903157
TMS14F1095P0001,-16.3675522714785,-24.3488269627308,9.93163650668603
TMS14F1095P0002,-81.2110448623397,-22.9925201582438,15.7434346916404
TMS14F1095P0007,-29.3647883911819,-19.8992212142517,12.1817462302667
TMS14F1095P0012,25.5529971555998,-6.73615157977798,0.675395311623244
TMS14F1096P0002,-10.8500832729354,-4.16490036422713,10.7718612652701
TMS14F1096P0003,-70.4597891663772,-24.3920621859386,11.4769499773823
TMS14F1096P0005,-69.4690676545245,-23.441755369016,5.02311846143992
TMS14F1096P0009,-83.0123664518321,-15.8009818748015,11.9490734737689
TMS14F1096P0012,-13.2941878590102,-3.40167322273193,7.59619004445905
TMS14F1097P0001,-32.8393824852987,-15.7453066826692,13.4558751739073
TMS14F1097P0003,-58.0869018329135,-28.6999601948577,14.8010673913325
TMS14F1097P0005,31.938266138267,-4.89696156064382,5.42410757192182
TMS14F1097P0008,-15.1553821479274,-7.85131100607145,16.5252844636481
TMS14F1097P0009,-28.2530656286413,-24.7288138654037,17.550895253072
TMS14F1097P0010,30.5602940421313,-5.9167808700332,-3.86194166483817
TMS14F1097P0017,16.0481831174797,1.92668878120395,2.76921395644437
TMS14F1097P0020,-32.4957940412148,-16.7499998842787,10.4804848480611
TMS14F1098P0001,-30.3520135470313,-13.726620349611,5.52235810879584
TMS14F1098P0003,-75.8803348314438,-36.1014135988454,15.1357019699462
TMS14F1098P0004,-27.4468425046389,-27.2050247318696,8.75114025995788
TMS14F1098P0006,-28.9308138612374,-18.3982678707126,-0.753376386573991
TMS14F1098P0013,-17.8453791646598,-25.391722580335,11.7205430221756
TMS14F1098P0014,-22.6841673653655,-7.93264371673249,6.48440700369087
TMS14F1098P0015,23.2313824371385,-3.69428738391288,-4.61144155525696
TMS14F1099P0001,-24.1775434173395,-9.51433454606979,0.336173721986187
TMS14F1099P0005,-25.5666811675673,-8.80714606644221,-2.67088735684976
TMS14F1099P0008,-27.0016649527047,-18.3119932198683,0.0923506038334686
TMS14F1099P0009,-31.6628986495675,-8.63233572799907,9.35471221787446
TMS14F1099P0010,-75.6972632879866,-10.7099947907069,-5.23242728708022
TMS14F1100P0001,-73.7602934870662,-9.04147196041039,8.92575106240696
TMS14F1100P0002,-21.4031650011677,4.86695900479311,7.89033194298049
TMS14F1100P0004,-81.9612726983049,-6.97515277936354,15.597635198268
TMS14F1100P0007,-68.3106893672171,-18.4752941465058,14.8758956699049
TMS14F1100P0010,-15.9846413634833,1.42519106116449,7.43830969321889
TMS14F1100P0011,-69.8972331850081,-13.1140617397861,9.5327109692006
TMS14F1101P0001,-21.7709293496538,-23.1070394594425,11.5539282468608
TMS14F1101P0002,28.4993394061424,3.64316274884475,-0.78466319182327
TMS14F1101P0003,-0.197742217720426,-8.14101860383722,5.24832175321535
TMS14F1101P0005,31.9768494636258,-5.89142557165735,9.31839758656206
TMS14F1102P0001,31.4760035394455,5.4159610783883,-2.83916214312985
TMS14F1102P0002,31.9383919476391,7.10862268472825,-7.61869454672312
TMS14F1102P0003,31.6188056787417,0.0238478175771247,-16.2429106949348
TMS14F1104P0001,-26.8384118830255,-25.0571083006454,19.8750796890529
TMS14F1104P0005,-74.3745702643212,-49.4626205067757,23.7901762421008
TMS14F1104P0010,-31.5128155954419,-20.2853493149004,-2.96068408027263
TMS14F1105P0001,-30.647288077427,-18.7912740177183,3.08043846067135
TMS14F1106P0001,-31.4371328096765,-17.3188890016944,2.3785984874558
TMS14F1106P0003,-34.8374705040335,-22.2270812638525,-6.62143525084127
TMS14F1106P0004,-26.725579565193,-10.1584492552915,11.0497344368541
TMS14F1106P0005,-80.7004859152524,-35.9296540517406,11.8992020953308
TMS14F1106P0006,-79.2685595975962,-35.2534878670941,4.75512948665778
TMS14F1106P0007,-31.0592546102521,-25.1303091785086,-1.98047644237414
TMS14F1106P0013,-35.0710947868685,-11.9888748720572,5.48803437235791
TMS14F1107P0001,-9.06330176938495,-24.2407989467832,1.014623691429
TMS14F1107P0002,34.6048485968813,6.33444159485709,6.27104187239993
TMS14F1107P0003,27.9600825408149,3.53755160678103,19.026155839132
TMS14F1107P0005,-25.5958670105294,-31.5124098644219,6.56919989148848
TMS14F1108P0001,-4.15889899802464,-37.0160028882149,13.0652563266112
TMS14F1108P0002,-70.4437146228299,-49.3771175812167,18.2642778347847
TMS14F1110P0002,-26.7249251032413,-6.56223326878686,18.5744173488503
TMS14F1110P0005,-14.3099007104806,-11.3551243442957,19.4764018853492
TMS14F1110P0007,-14.1386382135561,-8.77062242881061,12.602480797261
TMS14F1110P0008,-67.4680869049366,-31.8586414388614,21.0148082978209
TMS14F1110P0009,-37.9425442343164,-16.1995124032157,17.9169320246189
TMS14F1110P0014,-65.3889776025344,-25.2040129135245,11.181841738314
TMS14F1111P0004,-70.5295193186002,-20.5601100475844,31.0048863693998
TMS14F1112P0004,-74.2523138971152,-31.1041680740629,27.5737401178259
TMS14F1112P0009,-10.2720784801808,-22.783235622803,15.7006787547001
TMS14F1112P0017,-25.6416028948808,-11.7397851215633,26.407827923127
TMS14F1112P0020,24.6025805484055,-9.56825406406211,16.241729246491
TMS14F1114P0001,-28.2508626044411,-36.6109088325167,6.67020789048384
TMS14F1114P0002,-30.7226606260292,-48.5637938855812,-5.62094056423786
TMS14F1116P0002,-25.9506290601963,-42.4236838905646,-3.89212098497212
TMS14F1116P0004,10.3284209349526,-39.7501858062283,-8.39101412097539
TMS14F1117P0003,-22.6916465700356,-17.1904446316669,12.5885929627195
TMS14F1117P0006,34.8446197409988,-9.05858210452338,5.60945105232023
TMS14F1117P0013,-22.9581197019662,-17.2177947009363,9.26383457093629
TMS14F1117P0016,31.0903734704576,6.9002078230691,-7.45230884637602
TMS14F1118P0001,-24.9013174849093,-6.7125995480602,9.05107185381475
TMS14F1120P0001,-27.0781701159047,-10.6612675200302,1.2160644404225
TMS14F1120P0003,-10.0542019084929,-9.4743309880893,3.35649178696311
TMS14F1120P0004,-77.1955511101978,-16.9199872901364,9.91961046136714
TMS14F1120P0005,33.4485548561232,0.663955401853369,-10.2469533049547
TMS14F1120P0006,-75.6252888008952,-18.0569885086975,6.05377118291216
TMS14F1120P0007,32.4415635425065,-2.13592861566666,-15.8367214073447
TMS14F1121P0003,-38.1989674561439,-23.9846206810316,-8.58483473329032
TMS14F1121P0007,-18.2939711357048,-28.2711019396806,-12.6751707239326
TMS14F1121P0008,-50.6942267031075,-38.0083376403656,-8.95551591979927
TMS14F1122P0005,-55.5292409086819,-42.2110817852672,8.97414317127755
TMS14F1124P0001,-68.0507271430893,-38.3881404575872,-0.945987640346358
TMS14F1124P0003,-75.8752150491831,-36.3944716631008,11.7979859111219
TMS14F1124P0006,-69.6617013332147,-32.8550659769099,10.8307933476602
TMS14F1125P0005,-74.7291705841272,-0.426099689692054,8.26597425702549
TMS14F1125P0008,-16.2931765178241,2.88363051736626,-5.22128763312859
TMS14F1125P0009,-24.5365378158378,10.7284473774206,-8.65648112589228
TMS14F1125P0010,-19.0146439589017,-4.20108631507744,-2.93505468645312
TMS14F1125P0012,-70.1463233043292,-18.9258691338532,13.5903106533537
TMS14F1128P0005,28.5228032860443,3.33199514500787,16.0555041877821
TMS14F1128P0008,29.0688162892948,2.06555249084489,12.4286608327034
TMS14F1128P0011,26.4867701062093,9.10696015570698,16.7065330569154
TMS14F1129P0001,-26.9097456920853,9.53485705055043,4.1518171226659
TMS14F1129P0002,-23.3747114394776,-6.7447235083386,11.8450737691147
TMS14F1129P0003,-32.0046702422846,23.6524458768482,6.24726304425744
TMS14F1129P0005,-20.9626322499925,-6.24589185388173,2.56658103443801
TMS14F1130P0001,-25.7370335439295,-30.2279325352816,1.87691657446716
TMS14F1130P0003,-25.8172519991958,-31.1858987929368,6.90809939899043
TMS14F1130P0004,-25.8708755339407,-21.026358952327,5.88107943206917
TMS14F1130P0008,-29.8371581747968,-20.388140095625,2.80497415388096
TMS14F1130P0009,-27.0602481133353,-26.6977777125337,11.1825796440911
TMS14F1131P0001,-27.7776119717606,-12.2170947316909,-6.81698572457603
TMS14F1131P0002,-19.9503967417543,-30.4497703319539,20.0546232912793
TMS14F1131P0003,-26.0173135363861,-15.3867697793611,3.53411875330694
TMS14F1131P0004,-25.2816642989238,-20.2136902665681,0.427146832493748
TMS14F1132P0002,-30.0002471115901,-6.98179136063656,10.099917843315
TMS14F1133P0001,-31.2575026941265,-4.6875508317598,26.2174680205078
TMS14F1133P0004,35.7808042290653,-10.7664666769408,0.893282943149755
TMS14F1133P0006,-29.3539896098551,-10.1779495312725,23.231937638617
TMS14F1135P0001,-29.7261482621592,-16.9643789822247,13.4871719926787
TMS14F1135P0005,29.0428381841999,-1.25657456219183,-1.01898625118855
TMS14F1136P0003,32.2832366892415,-20.0982001424042,14.15237675252
TMS14F1137P0001,28.5462282330302,-3.83738131704268,13.3502564938869
TMS14F1138P0001,11.0348528708974,-21.9678874916187,-17.6694569913533
TMS14F1138P0002,-30.1593457593906,-29.7976354585489,3.41116098369696
TMS14F1138P0003,-27.0555131241929,-31.1202452533696,5.47573045745211
TMS14F1138P0006,11.2726741848184,-14.0263643548921,-13.6624422547587
TMS14F1139P0001,-23.7043520155324,10.0462154317332,-33.3109639160221
TMS14F1139P0002,-20.2053485802957,-7.47056818205906,24.185359995056
TMS14F1140P0002,40.0371329716971,-14.9150467210694,-9.17254625276381
TMS14F1140P0004,-18.5421920828317,-16.9128786729409,7.70880479568187
TMS14F1140P0006,-21.0560045483227,-15.5662121126172,13.6750380228846
TMS14F1140P0007,-17.8415916788883,-23.2288960518925,18.3276218932692
TMS14F1140P0008,38.4895881185183,-5.88666035941475,4.68579929910217
TMS14F1140P0009,38.8958943803939,-18.5047507479145,1.8447395852665
TMS14F1141P0002,41.4277637812939,-17.3466230558604,-0.668432890483658
TMS14F1141P0005,-3.62382594004571,-23.6653760537172,-1.54115735805012
TMS14F1142P0002,-28.7135195264955,-13.8565117079429,16.0147834923892
TMS14F1142P0004,-0.168423828705079,-23.4628845854569,4.39792705046423
TMS14F1142P0008,-23.0667172331947,-32.0703444955787,6.2757438606646
TMS14F1142P0009,-26.1948429572954,-23.93538696054,12.7860383506669
TMS14F1142P0010,0.699377879280426,-21.6333103978402,-2.66126253784883
TMS14F1142P0016,-1.22146358958717,-13.9097822219442,9.83807958321862
TMS14F1142P0017,-1.64827258483545,-14.1929466924513,7.31479945228251
TMS14F1142P0020,1.82394782556177,-23.87427319748,8.5116652373128
TMS14F1143P0002,27.0591532578786,37.7606347642141,5.76366246623191
TMS14F1145P0001,23.6130853985068,57.5678484319074,-34.7252152915826
TMS14F1145P0003,25.0115621464394,52.8168760050353,-41.9332833660974
TMS14F1145P0006,29.7935477037278,36.5976514687281,-17.7436975191047
TMS14F1145P0007,29.2640204860382,32.9473996002307,-11.0708726469711
TMS14F1145P0009,27.9561868733936,32.9465672455396,-36.9113114537628
TMS14F1145P0010,29.7105538599467,36.6580761595047,-28.3777424180777
TMS14F1145P0011,29.3642351982447,34.1817518436907,-30.7373867751693
TMS14F1145P0013,27.1346447599354,54.310736082415,-26.9288506121589
TMS14F1145P0015,27.243752106972,38.5696827987887,-27.2343734718228
TMS14F1146P0002,31.9429747400096,34.0595209878941,-21.9982239719041
TMS14F1146P0003,26.6241629744348,49.1427876084681,-35.1463278685519
TMS14F1146P0004,33.485501623677,18.4011231627297,-30.8993889128808
TMS14F1146P0008,33.9334647279943,32.4371281683542,-11.6995078635241
TMS14F1147P0001,25.7128664745219,45.6612897293353,-38.3031122459976
TMS14F1147P0002,28.0058839216312,34.99816725777,-23.8165906812835
TMS14F1147P0003,34.1377984965953,25.8973575483225,-11.6581721427671
TMS14F1147P0006,30.6094814106618,35.1338371586355,-38.0306180497508
TMS14F1147P0009,32.7701678730547,26.2266768384714,-15.6576725527818
TMS14F1149P0002,-26.8844548253619,1.87179406149283,1.86324919044959
TMS14F1151P0002,-28.9757393404262,-9.38546001496217,7.2741280947186
TMS14F1151P0003,-35.1681549879712,-13.3270741451533,-10.812547310082
TMS14F1151P0005,-24.3608265444712,-28.5965848340946,17.8100260742401
TMS14F1151P0006,-29.0474562067857,-10.5484270119216,19.5543133718223
TMS14F1151P0007,-27.8518624988567,-27.1284859449991,17.651210966659
TMS14F1152P0001,34.6313993704898,16.104435501639,8.73768078655277
TMS14F1152P0002,-35.4747192859605,-5.51218978245832,-6.43293937859496
TMS14F1152P0006,-16.0787496425223,30.3515776047476,-3.81836461305419
TMS14F1152P0007,-33.5671627664543,18.2160897367737,0.762934204449093
TMS14F1153P0002,-37.2654563270205,-1.61048601590941,-6.52332170476958
TMS14F1153P0005,-33.3410093244707,-0.157719463637958,-10.7546431602737
TMS14F1153P0006,-25.0638230518659,-19.0896016309699,8.06112849050428
TMS14F1153P0007,-32.2529830109128,-25.4887589222989,-0.135501316414954
TMS14F1153P0008,-27.5576684836428,-16.4081192208976,5.15058763124274
TMS14F1153P0009,-35.5553366051101,-2.81086601439038,-6.78439802241064
TMS14F1154P0006,-28.46454996812,-25.4468543810354,-0.197486873618705
TMS14F1154P0007,-28.9241945209985,-9.20910703005913,-2.95362814543155
TMS14F1154P0008,-30.0577115761149,-13.2316709863265,0.702469127359931
TMS14F1156P0001,-30.4265720405236,4.52717403725207,11.5284446195238
TMS14F1156P0002,-25.3165695984578,-3.65300898200038,17.6668507568582
TMS14F1159P0001,-23.5352402536362,-25.9602409522025,16.1351817822921
TMS14F1159P0003,-25.835257846128,-31.2171864241599,1.10593366986283
TMS14F1159P0008,-32.0636390975027,-28.4562453054738,0.329565706170668
TMS14F1161P0001,-27.3975440764147,-1.44553476069984,19.2577398241181
TMS14F1161P0002,-23.0062336330829,-10.758722009323,23.2298699934733
TMS14F1162P0001,-27.09097489585,-9.06409095128552,22.6009979775608
TMS14F1162P0002,-10.231385138466,-9.43487608676852,17.6195679609775
TMS14F1162P0003,38.6363309962538,0.709171419936241,13.2543129501633
TMS14F1162P0004,33.9823401698409,8.57149306607249,8.76259583412742
TMS14F1163P0001,-29.2164847394719,-30.8564107014086,10.3567780512775
TMS14F1163P0002,-27.3858702908442,-27.5365729437805,-1.74215214344194
TMS14F1163P0005,-31.4567955160391,-24.7967164669985,-0.757851447483601
TMS14F1163P0007,-29.0891472504682,-34.5123354987507,-11.243914871525
TMS14F1163P0008,-31.7131897476715,-35.1590429194697,-2.35265140028778
TMS14F1165P0001,-31.8475996025989,7.03099861994626,12.3353656262133
TMS14F1165P0002,35.1677242629528,-8.64755954134579,-3.31323348977826
TMS14F1166P0001,-75.6881065456475,-33.4127676803026,2.35766680421462
TMS14F1166P0003,-34.5511180590534,1.56358623370645,-1.77965621295722
TMS14F1166P0004,-71.3807446044947,-26.8778770445021,6.92812419613658
TMS14F1166P0005,-76.4737960895317,-12.439489857029,1.84877392692114
TMS14F1166P0007,-73.4375818073874,-16.4102492337296,7.62618497983323
TMS14F1167P0001,-33.6159294185338,-3.75529936038648,6.6513515099513
TMS14F1167P0004,-34.5687082338331,-2.79910354949928,9.47679754398389
TMS14F1167P0005,23.8548833649283,-6.30147243361055,14.1448194234236
TMS14F1169P0003,26.0765156025507,35.0546502948101,0.750598987209649
TMS14F1169P0005,25.4039553237389,36.2456128962273,-9.17917664679689
TMS14F1169P0007,-37.1079870696166,21.8050575601618,5.95624315438444
TMS14F1169P0010,11.2439621060938,25.9897763312409,2.29125530277564
TMS14F1169P0011,1.27819560532205,28.8536318950395,4.5875532056516
TMS14F1170P0002,-14.7549990326778,-3.19046102708591,14.577707292127
TMS14F1170P0003,-18.6747591376321,8.23754644541198,3.02939284439783
TMS14F1170P0006,-10.5938068575851,0.495717453977033,11.6302640660428
TMS14F1170P0008,-16.1819422370342,-4.17232195203578,15.2600163930217
TMS14F1170P0010,-22.1211795103212,18.4686124424405,3.49124268704538
TMS14F1170P0013,-8.16754730138538,-5.4939901468094,18.4006324881673
TMS14F1170P0016,-13.9901650887751,0.185656711599744,27.1159453490299
TMS14F1170P0017,-19.7588539230909,20.5404717197843,7.88666518362259
TMS14F1170P0018,-19.3809241287696,2.52211353648737,12.4290634394929
TMS14F1170P0020,25.6022171515566,42.8304139656703,-26.6116166841044
TMS14F1171P0002,30.4146028372514,17.2526499556186,-5.25984606581061
TMS14F1171P0005,-11.958902145214,-5.97876648490894,8.74932514176313
TMS14F1171P0010,26.982022086013,20.0076234037751,-9.53229876581132
TMS14F1171P0011,-12.9651665862323,-5.87268416659855,20.5504816882902
TMS14F1171P0012,-13.2965185193405,4.14625873486075,-1.10959497067676
TMS14F1171P0013,-8.71775953075453,-10.3843124508602,3.85649305359308
TMS14F1172P0001,31.6472677035399,31.4880429893854,-12.0277465380545
TMS14F1173P0003,-20.3619138286933,14.4502928999772,0.887277804271804
TMS14F1173P0005,-11.4123518503002,-12.0158824837787,11.7323919490167
TMS14F1173P0008,28.1736610039525,20.5621552437083,4.88821946514669
TMS14F1173P0009,-13.0991500820663,-12.3097423627828,12.1385355817669
TMS14F1174P0002,1.34548120664858,-10.4270726827503,12.5148949016643
TMS14F1174P0006,-32.2261099463374,2.67908106663275,4.69132585765938
TMS14F1174P0007,-30.4015456138605,-0.601429950329653,18.9408308793264
TMS14F1174P0008,-13.8536176192649,-4.04209576906232,22.4325536577553
TMS14F1174P0010,-34.3483734338076,22.9678310556389,-4.14343811412467
TMS14F1176P0001,-11.7672533128968,-15.5176010643831,18.243510953503
TMS14F1176P0004,32.8358755910665,4.12956924509573,2.99540540913055
TMS14F1176P0005,-17.7129442781561,12.8451104106369,0.982039142885026
TMS14F1176P0007,29.6947685123821,12.296678554853,-5.0474959274116
TMS14F1176P0009,19.2607465253776,9.00149444097598,-10.4103093035804
TMS14F1176P0011,-13.5880730966059,-2.90545757955776,12.1875410420967
TMS14F1176P0012,34.7740061682607,-0.984048701468271,1.25273935912882
TMS14F1177P0001,29.8860009789157,21.4072547441457,-6.78141823341104
TMS14F1177P0002,27.0944464204261,23.0725818167512,-15.6044813248242
TMS14F1177P0003,-15.9485483684895,12.5727803075977,3.69754908738521
TMS14F1178P0001,-12.5146774546907,-19.7214062304271,7.52230001153939
TMS14F1179P0001,9.64796110766883,17.4733884078506,3.55297539862019
TMS14F1180P0002,31.7170378034987,2.57118982491831,2.61741987936107
TMS14F1180P0005,-31.1672401534868,-7.43616857537979,13.8109973732836
TMS14F1181P0001,-11.4212922321624,-20.8278157764853,23.6635344551087
TMS14F1181P0002,-13.0761477916303,-17.6377607182654,16.1801882374828
TMS14F1181P0003,-13.2506821757101,-8.46787374580107,21.2759132041285
TMS14F1181P0004,34.7449544862426,-10.4152602502879,5.93874318826093
TMS14F1181P0005,-11.9385469108295,-18.0664029513535,20.7036930340371
TMS14F1181P0007,26.7588855312804,-11.8601390851404,4.0851794286916
TMS14F1183P0003,-25.0934456506936,-0.616446523915259,27.3294472455408
TMS14F1186P0001,-32.6819269211305,10.6313791115406,5.30966047883121
TMS14F1186P0002,-29.9785577021884,8.1228085222478,17.1403660474537
TMS14F1186P0003,31.1793218357689,8.37184851694382,1.16359115854357
TMS14F1186P0005,-9.58247118617617,12.8179437980434,-3.21479098244656
TMS14F1186P0007,-31.1293917480438,7.93415809589799,17.5468647779733
TMS14F1186P0008,28.6377417094307,24.2870293671297,5.60458223083936
TMS14F1187P0001,25.594534098729,34.5428736292092,-7.64345092127641
TMS14F1188P0001,-12.592762141778,16.6604891605104,6.12644246385607
TMS14F1189P0002,-60.2125695822699,-18.6199200568007,6.45519981026821
TMS14F1189P0003,-63.5040009346982,0.970600107482608,9.93788116698665
TMS14F1189P0004,-20.8282569719546,9.12401438675697,4.69224380825198
TMS14F1189P0005,-11.0166856699173,0.240582103317119,4.15458746002498
TMS14F1190P0001,29.7510212374212,32.1990954184258,0.971278119203577
TMS14F1191P0005,39.1082218143507,0.886075132395884,-1.72545359313539
TMS14F1191P0007,38.7913128595671,12.3491882628085,10.978918333717
TMS14F1191P0008,42.187983798471,-3.7194696101302,8.36362378959802
TMS14F1192P0001,32.7107291555477,16.8164019977519,-3.5350195936729
TMS14F1193P0001,-25.0722377336679,9.0129671763091,3.58191498308027
TMS14F1193P0002,-27.7361706165296,5.91836919985769,16.4656385403433
TMS14F1194P0002,-30.3795382537695,18.2692968244988,-26.0275362490981
TMS14F1195P0001,2.27055545729271,-6.45713704374541,9.06874714930728
TMS14F1195P0002,20.4839464603483,25.5128999197088,-22.4837798144952
TMS14F1195P0004,26.5782656738775,42.7094464312409,-20.9316032795952
TMS14F1195P0005,9.25286795422359,34.3682380761692,-25.5001587358353
TMS14F1195P0006,26.6702431618189,22.8877947560223,-20.5504628736904
TMS14F1195P0007,-14.1626372858069,-9.82464267159875,6.08969758651928
TMS14F1195P0009,-20.3771462630217,-8.02127140765725,20.9287828407143
TMS14F1195P0012,-36.8641820608595,3.21026156235791,11.5140237548013
TMS14F1195P0013,30.8344668855522,20.9240552237416,-10.9182271607654
TMS14F1195P0014,-34.0976479567384,-3.29846946135668,20.8786378117005
TMS14F1196P0002,-18.0658146531037,10.1569635188719,-7.00177498983651
TMS14F1196P0003,-21.2023367258314,15.2102986595899,-6.84031582575889
TMS14F1196P0004,-16.5221011474359,5.75512933735968,5.19307788352538
TMS14F1196P0006,-30.6307258887762,2.912675219263,0.622655460976709
TMS14F1196P0007,-31.4472903300339,7.78601418336161,4.69141230051642
TMS14F1199P0001,-95.4245667155549,18.4677638516524,5.64960362169674
TMS14F1199P0002,-24.4695095117915,8.00615626765553,9.15603231684416
TMS14F1199P0003,-24.5563025309488,2.23267820297609,8.70625182721848
TMS14F1199P0004,-30.1796160643793,16.1134024165375,0.481186690864613
TMS14F1199P0005,-20.7811788145474,-4.52000347569937,26.5806723721903
TMS14F1199P0007,-56.3258677941713,24.3915005550796,12.4494539822462
TMS14F1199P0008,-30.3068840532691,18.5989413425738,17.7433260752349
TMS14F1200P0002,-19.2846271566191,13.0009510265555,-13.0476914341893
TMS14F1200P0004,-19.2775103676973,13.6291488423926,-6.16280280929425
TMS14F1201P0003,-5.76013507170845,6.37057178566542,-8.36604486058403
TMS14F1201P0004,-14.6890570141513,3.1711825132452,-2.80476567257841
TMS14F1201P0006,-7.89240110700698,8.32744568640039,-14.8828712998156
TMS14F1201P0008,-8.75936449841643,16.6843211573213,-21.5195122641275
TMS14F1202P0003,-17.8579973421968,-11.4440338497695,10.2836112645282
TMS14F1202P0004,-14.3255922895616,6.84180931181308,-1.71658281107639
TMS14F1203P0001,-11.1056471855269,6.21727845090094,-5.53382023643912
TMS14F1204P0001,-17.0864634721183,-5.03736721068605,-10.694940488213
TMS14F1204P0002,-21.8080622920742,17.9450375050674,-14.7152410784282
TMS14F1204P0003,-20.7186704536915,2.6240807027096,-10.4318498053922
TMS14F1204P0004,-16.108426548865,6.27142964038787,-15.529682671627
TMS14F1204P0005,-22.9257456836261,9.30519520849433,-22.8115144367616
TMS14F1204P0007,-14.135577534964,9.09419278526392,-4.7360531370568
TMS14F1204P0012,-21.6048903273908,8.1964146270767,-14.4805344645157
TMS14F1205P0012,-16.63394839147,6.13676677994407,-9.42373321113691
TMS14F1205P0013,-18.6939996962694,13.4706949391151,-14.5097311696424
TMS14F1205P0018,32.5028464470621,9.06669297797935,-17.7162008380669
TMS14F1207P0002,7.36821505670209,18.6258642471139,-0.338163869483351
TMS14F1208P0002,2.26941542273748,4.01394980695784,9.86258359574544
TMS14F1208P0003,-31.4149122751417,-4.80671936757533,8.68159782082059
TMS14F1208P0005,-6.67709776932957,1.74845233820203,11.9427550533081
TMS14F1208P0007,-29.9844357307447,-2.84162940959818,16.8609853480929
TMS14F1208P0008,-39.8398951901263,0.630213601187026,19.5086363520231
TMS14F1209P0001,-90.596284171663,-3.92894087771373,15.2474774723457
TMS14F1210P0003,-37.19652419187,-14.6770883942498,14.7905014307108
TMS14F1210P0004,-94.3796952454973,-19.5399443724546,29.0651454678223
TMS14F1210P0005,-79.1765094872965,-18.9640965766542,24.7310348154484
TMS14F1210P0006,-39.2551101087866,-7.59551492447902,26.5917022829906
TMS14F1213P0003,-101.533893073167,-26.9949292315543,15.5623354924611
TMS14F1281P0017,35.4801372924258,17.0568149321283,12.8288415373934
TMS14F1297P0005,37.9866978444076,-3.17662318601462,4.40453176878917
TMS14F1297P0007,-23.1939486530589,-13.6191436889782,13.2872174245975
TMS14F1297P0013,36.7557407554751,-2.54675140782937,13.6878328050633
TMS14F1297P0017,36.3458443596869,0.3499278904253,7.44822662398359
TMS14F1297P0019,-20.5336197923105,-10.4879886357122,19.4535752937887
TMS14F1289P0013,28.0571682460197,8.80808155653994,-29.0938676955283
TMS14F1289P0016,28.6819643398923,10.1197105532931,-28.0315786383496
TMS14F1310P0016,29.1492142790438,31.269516957946,-27.9886710021158
TMS14F1290P0007,37.4426349813298,-14.7528377112239,-4.54704532433813
TMS14F1290P0012,-24.8389056001058,-27.9358159360898,3.31805636036735
TMS14F1290P0013,-28.2629047280513,-27.7464625924021,6.27025593952082
TMS14F1290P0016,22.203845661858,-16.939707904291,6.29636905442959
TMS14F1290P0017,40.873703310762,-19.2390640002871,2.8754538317566
TMS14F1290P0018,-14.6390609396931,-18.0705969435038,3.15741801212179
TMS14F1290P0020,-28.5902702956751,-25.0267923525703,-6.34364227843396
TMS14F1293P0008,33.1612823932049,19.8391217130563,8.83497536443134
TMS14F1293P0020,32.948835376617,5.69210534724038,-6.88719700547439
TMS14F1295P0012,32.023441815201,38.1363524347493,-20.3147583050472
TMS14F1295P0013,31.8590801901422,36.584045363552,-24.3187456726019
TMS14F1295P0017,30.5353820202882,47.139001120513,-28.7040469591884
TMS14F1295P0018,36.4437378263617,35.2352478371975,-3.80124591403509
TMS14F1285P0012,38.8838171147274,-16.2633022716861,-18.7394040006546
TMS14F1285P0013,33.4533718251206,-1.07441942761511,-22.0798510051596
TMS14F1285P0016,-25.4101527674045,-24.7286038623928,-7.69644426858992
TMS14F1285P0017,-24.4586572961874,-25.4298450176222,-7.67949955978284
TMS14F1291P0016,-27.4292039553388,6.12121817605423,-20.0264481121392
TMS14F1298P0012,33.0576917119636,12.5515015319398,-0.62495969160177
TMS14F1298P0016,-4.55879453606671,-7.5987859897877,2.07227042854063
TMS14F1298P0017,-21.7221662875402,-20.4224852191017,25.2442712876806
TMS14F1298P0018,31.7007143422244,-2.7747664546982,-5.17419954412785
TMS14F1299P0008,35.1073097558762,16.5665427270565,9.74490503653196
TMS14F1299P0012,13.8990566308714,-7.83610994127523,24.8032600962009
TMS14F1299P0016,-85.1497760996055,-3.93933868997032,31.1143464127601
TMS14F1299P0018,-23.3197567468888,-19.572888804526,19.3935677111455
TMS14F1287P0013,41.9092102190131,-14.8610141720294,8.40862084111143
TMS14F1287P0017,33.6537363707796,-8.03933739554434,3.77012594714964
TMS14F1281P0002,-23.7959054279652,1.64558201648463,28.1979386853962
TMS14F1281P0004,-11.7092461345872,7.64788600228701,24.919357975661
TMS14F1281P0007,-22.9561030799723,2.89381184164552,26.1300606142515
TMS14F1281P0008,-20.2321319177081,18.8760774014132,25.6805453338849
TMS14F1281P0010,9.05951027537164,3.21534977893125,12.6623819103794
TMS14F1281P0011,28.8392349783319,21.9392494179799,6.84787384298311
TMS14F1281P0012,2.59064634170577,16.2659781280025,22.4717466053581
TMS14F1301P0004,40.0914585987353,1.37301915463652,-28.8809895345279
TMS14F1301P0005,37.8243695699103,8.44647380959149,-31.2418529984482
TMS14F1301P0006,32.9622723125067,16.6039420689595,-43.1058098930512
TMS14F1301P0007,34.7170813230866,14.962605795163,-36.2369421841399
TMS14F1301P0008,34.2668323083533,10.5017132426328,-45.1915526730175
TMS14F1301P0010,36.0203363266011,-0.773598642009463,-32.5124093539508
TMS14F1301P0011,38.4715010459907,-0.100442331958871,-35.9135391767137
TMS14F1301P0012,35.8694314505879,9.25782891619227,-35.4065243906645
TMS14F1301P0013,37.7304135488431,4.37826200577683,-33.5052991648119
TMS14F1301P0014,32.3763695946818,25.27471627965,-40.3375893451124
TMS14F1301P0017,32.7526058857019,8.50323663000427,-43.4659742142744
TMS14F1301P0019,31.8011854354661,20.645906849444,-41.5942115467745
TMS14F1301P0020,42.1319199233368,-10.9228083356299,-6.24788957941785
TMS14F1296P0001,-0.103792578211545,-8.90552251039645,7.62870382864149
TMS14F1296P0003,39.2583964587798,-10.8826823216082,-8.90761600455508
TMS14F1296P0004,4.22956596579466,-10.1615259222796,13.9530339418253
TMS14F1296P0006,38.2127369694723,-7.20476431365606,8.9289503891851
TMS14F1296P0008,40.1556688243909,-8.48812231601626,-1.8210997272633
TMS14F1296P0009,-23.1883722780117,-11.173575408418,18.3530861920709
TMS14F1296P0010,38.6816451736742,-6.72078743608082,-3.85746690640548
TMS14F1296P0011,-24.7869927495313,-14.8003911536515,13.9611696879504
TMS14F1296P0013,-25.382761726689,-19.4294746649638,15.4339083869746
TMS14F1296P0020,-24.0514508325459,-21.3480345770726,8.10363149692671
TMS14F1297P0003,40.2978080121863,-12.102556136258,7.02840218017784
TMS14F1297P0006,-5.64658348542684,-11.7412510708452,8.43952311223288
TMS14F1297P0008,4.77183400619576,-12.0815616138942,12.5877507557868
TMS14F1297P0009,-20.2512170401906,-4.61768863448676,18.0922356008724
TMS14F1297P0010,-0.506855346056758,-12.1206995737673,9.77725181414316
TMS14F1297P0014,12.4545530115418,-11.9303077694159,7.18858825820241
TMS14F1297P0020,38.8305847589523,-0.76104456723345,1.17767106118549
TMS14F1288P0001,-12.5653007036165,9.83467906164754,-39.7739386241072
TMS14F1288P0003,-17.5369744247093,29.4593581724894,-45.0534212206808
TMS14F1288P0004,-14.086731440137,28.7694508190827,-35.8291114031589
TMS14F1288P0006,-19.0498152046433,27.1770884327451,-55.1933167728045
TMS14F1288P0008,-3.20794638746661,38.3683095754988,-41.9951667066795
TMS14F1288P0009,27.7907191767704,33.6053717708904,-33.8815431739943
TMS14F1288P0010,27.4778373877911,29.5707487255791,-46.6425019220542
TMS14F1288P0011,-11.5799398757853,14.6084158980816,-38.7260940427698
TMS14F1288P0014,31.3231745482542,20.0740438206844,-28.8682589795429
TMS14F1288P0015,-8.31442569072606,0.389975973080814,-34.1621346944113
TMS14F1288P0016,28.9066811931956,26.278716826365,-38.8472027061536
TMS14F1288P0020,-8.78703139587831,5.98383760709273,-27.7013393024076
TMS14F1289P0002,30.5742896567357,12.4902996383836,-15.2392890388527
TMS14F1289P0003,-14.5140194995292,4.52989097355451,-22.258865206639
TMS14F1289P0007,28.1232930177521,15.8991767496866,-29.5228331890378
TMS14F1289P0009,-8.8003073591672,-14.6100972379694,-10.7885203534585
TMS14F1289P0010,28.3021871944617,25.5765389633299,-28.4256469046846
TMS14F1289P0011,-8.2635287402771,-16.3967387526793,-10.4698330716742
TMS14F1289P0014,31.068385054914,9.80434891059067,-12.8235191073248
TMS14F1289P0015,-8.71702902060639,-14.5673549772583,-9.13743294182323
TMS14F1289P0018,29.7251957216231,5.49866210588011,-22.479068820068
TMS14F1282P0005,-8.64629744505652,-13.2905247657804,-4.80344014742102
TMS14F1282P0008,-12.9066336921405,1.18764445187162,-10.264351677251
TMS14F1282P0010,-0.693678264650706,-6.20974918201229,-19.2580731839334
TMS14F1282P0011,-4.35827998680994,-19.9715653949437,-4.97500614684407
TMS14F1282P0012,33.709435813299,4.21154119116892,-14.8630517656543
TMS14F1282P0015,32.6765568855642,-10.6693417349149,-18.0114600773617
TMS14F1282P0016,-6.85194959531154,-23.028394396894,-12.271093379995
TMS14F1282P0018,-8.66664836870287,-3.4660039603703,-7.23360481579781
TMS14F1282P0020,-5.444318492299,-9.70648503893808,-3.24438999168737
TMS14F1304P0005,34.07503672383,15.3414484490048,-38.6247696260568
TMS14F1304P0006,34.5859621399944,17.8800380747871,-20.8430624377074
TMS14F1304P0009,-11.0931192921707,17.7008135441122,-23.5197279079145
TMS14F1304P0010,32.3979199116237,13.7438110323917,-30.7217258392276
TMS14F1304P0011,12.7099614446904,18.8746656098002,-36.159936676397
TMS14F1304P0012,-19.9211720281785,19.2936570955838,-17.5443189344361
TMS14F1304P0014,-31.2178991078899,24.3157007003432,-19.4185493575149
TMS14F1304P0015,36.793463370322,5.61686696306369,-28.7508225112823
TMS14F1304P0017,28.1379098388966,21.6479739558628,-26.9082723550749
TMS14F1304P0020,37.3311085746981,18.8158581705595,-21.5177054665148
TMS14F1305P0001,33.9206581712155,29.2768153458235,-28.3571430836914
TMS14F1305P0002,-18.6824809702732,30.6009549961952,-11.6491382798616
TMS14F1305P0004,-25.3895793930274,22.3926254377856,-10.509512378797
TMS14F1305P0005,-21.7895236166432,13.6424170510804,-7.65623311515856
TMS14F1305P0006,36.508163633372,28.9994385358897,-11.7811703547185
TMS14F1305P0010,29.3053342439376,23.9293995484429,-21.5996060803472
TMS14F1305P0011,-27.6170983876832,23.3578399189412,-8.59567638502466
TMS14F1305P0012,36.130637389095,17.2011811743281,-20.2215561212352
TMS14F1305P0013,38.4394261984923,11.857551233753,-19.7849701139074
TMS14F1305P0017,34.1211928190194,18.6277586186459,-31.272363617526
TMS14F1305P0019,37.9612382866524,19.9647964047728,-21.359028932934
TMS14F1310P0001,34.9221418251649,14.9448896346919,-30.399218827872
TMS14F1310P0004,-16.9373361728746,12.8931778839388,-10.7027464955376
TMS14F1310P0005,34.1071623023612,24.2185552003794,-24.1760903679946
TMS14F1310P0007,36.7900170073398,9.88424979037887,-32.8221476023191
TMS14F1310P0010,34.2174360570273,22.824841364331,-20.3023774541409
TMS14F1310P0011,32.002851976133,31.2802848375005,-34.7990295296603
TMS14F1310P0012,31.0005182454432,30.4879255647618,-36.0411250485101
TMS14F1310P0014,30.2318329932772,36.0667398633175,-37.3583988899975
TMS14F1310P0015,35.0797190272017,9.8412865724228,-32.496967288868
TMS14F1310P0017,40.2924364257035,-5.74611341928785,10.6848851810975
TMS14F1306P0001,13.1478345566352,0.572803499640116,-20.7055622845485
TMS14F1306P0005,32.7880299836988,25.3859674856553,-36.0851840057715
TMS14F1306P0006,31.0933612036026,16.1124723045066,-22.1415098838958
TMS14F1306P0007,36.8372824009212,11.2515682902057,-23.5298099099474
TMS14F1306P0008,33.1829159442997,23.2975750056422,-33.1474136581814
TMS14F1306P0011,-30.9056280932997,16.3173454850015,-27.4344142665265
TMS14F1306P0012,37.7796769822571,10.0819541730344,-18.1882697205518
TMS14F1306P0013,-0.953015356984299,4.69964292875927,-30.9188804725236
TMS14F1306P0014,11.8936941624581,10.7079393965489,-33.8953158547797
TMS14F1306P0015,9.9270032193543,23.0474406911365,-28.5593391861193
TMS14F1306P0017,12.4672645482012,6.86134347884297,-22.1322700631396
TMS14F1306P0018,-6.47254302219696,3.13397850000493,-17.9432579851227
TMS14F1306P0020,-23.7580692729552,5.10112718346323,-3.03693877267285
TMS14F1307P0001,35.5036359458207,23.1735011990025,-16.8506178099349
TMS14F1307P0003,30.3759642657542,20.6080853549145,-23.7442255221212
TMS14F1307P0005,7.06663590412703,15.6072193709994,-13.8234822654935
TMS14F1307P0006,25.0909385325885,14.2575850385332,-15.8013242528172
TMS14F1307P0007,31.6691061951849,30.0129191379397,-52.5039309819745
TMS14F1307P0008,35.3886055432024,17.770794770638,-30.6120764724111
TMS14F1307P0009,-31.4730680068025,13.6827966099074,-21.1710863452163
TMS14F1307P0010,18.1917731986916,10.9361017558524,-17.4244919471157
TMS14F1307P0014,-31.5291717676946,17.0078767767233,-23.9375542732532
TMS14F1307P0015,-30.124587889619,17.1896751259523,-23.8100425804956
TMS14F1307P0016,20.9972117367447,15.6532794919591,-22.2449590547232
TMS14F1307P0017,-24.8929110513737,1.94738562323565,-10.7477926705244
TMS14F1307P0019,-17.9435798337552,16.3425350673374,-20.9555334072333
TMS14F1309P0001,40.0338753342749,-12.0889269731931,-8.98342495952173
TMS14F1309P0007,27.901931501284,-9.19643336954471,-3.12404845291249
TMS14F1309P0008,33.7753338463502,5.82502870818167,-13.9919356312528
TMS14F1309P0009,36.898054439498,4.7721257207267,-19.521240640746
TMS14F1309P0011,-25.2152912388407,-12.1888294177576,2.02264608708997
TMS14F1309P0013,38.829775766134,-6.367199838003,-8.60205129233862
TMS14F1309P0014,37.9074109666735,-1.23479021713489,0.804259711157754
TMS14F1309P0015,11.7565498956825,-5.76942434701399,1.05282656795899
TMS14F1309P0017,35.8150446498005,-0.0659036486671336,-19.6959530906254
TMS14F1309P0018,35.3384424398913,6.97670102948366,-6.732929012818
TMS14F1309P0019,-26.3130834591186,-5.66316015008838,4.31286780495163
TMS14F1308P0001,23.8069384282961,20.6863011404768,-34.154547661818
TMS14F1308P0002,33.7669875643943,18.464818878482,-23.1522630058694
TMS14F1308P0003,7.00992114667328,17.1468026819263,-17.0545050277726
TMS14F1308P0006,0.378299969070524,25.9543550613082,-24.1970708676338
TMS14F1308P0007,-18.8304104275003,2.80504587618866,-7.72723144075848
TMS14F1308P0008,37.6100361148003,7.92680958283338,-24.1287503061048
TMS14F1308P0010,-20.5258474971278,20.0286380225875,-1.72094221165315
TMS14F1308P0013,-27.2833122452718,18.0445378103435,-22.961286087483
TMS14F1308P0017,30.6273182862244,37.2799041356047,-31.811647274323
TMS14F1308P0018,-23.8366885173987,15.2755796814445,-3.91670785661683
TMS14F1308P0019,-25.9444232790612,19.2137844342998,-16.9781700482308
TMS14F1308P0020,-21.5751680306976,2.32583123928409,-5.00038793570479
TMS14F1311P0002,40.0181113703506,-1.07936063656853,-20.6111146980112
TMS14F1311P0004,35.7758510674366,2.42615786267591,-35.8639531231681
TMS14F1311P0006,31.9520933466851,12.9403970147052,-51.991460634182
TMS14F1311P0007,35.3952302963055,6.2936472411889,-41.0018207436223
TMS14F1311P0008,38.657037411412,16.6320588262198,-19.5973763603615
TMS14F1311P0011,38.7807973875262,-1.57794787872482,-34.5834088900451
TMS14F1311P0015,42.1132095290788,-2.28744016273262,-24.0828254254626
TMS14F1311P0017,18.120565866052,-5.04914182157295,-31.2722961598873
TMS14F1290P0002,35.3060752083554,-14.1754710250467,-18.1171402142862
TMS14F1290P0006,36.7439392540583,-16.373145341899,-1.98044661978801
TMS14F1290P0008,39.7468893843376,-23.0601640849324,-5.67099742966282
TMS14F1290P0009,-24.3461512951162,-34.4738246341033,9.96533247704808
TMS14F1290P0011,39.5311287312472,-14.804533990376,3.65259962500992
TMS14F1290P0015,-27.4428564332028,-17.9061438002494,-0.296170434011821
TMS14F1283P0001,34.5106744368269,-20.7927657075836,-14.5663485449022
TMS14F1283P0008,-31.0018118510676,-23.1619840991002,3.52684470300272
TMS14F1283P0014,35.431415518138,-12.4902492239609,-1.36006408840218
TMS14F1283P0016,-25.4222867764247,-42.2713816666287,6.62977985514362
TMS14F1283P0017,33.18420650463,-7.89951365222354,-7.87891626508522
TMS14F1284P0001,-25.98215251354,-33.5719784461492,2.34431537356803
TMS14F1284P0002,35.7395858907779,7.22943214252572,-35.67154293037
TMS14F1284P0004,-24.2880372551726,-35.9551469824683,4.27390996113018
TMS14F1284P0005,39.2360693728781,-10.6927943916275,1.55665737855222
TMS14F1284P0007,41.0804646055761,-14.1440396151646,7.19834728938015
TMS14F1284P0008,-23.6249748195528,-24.4190350415022,21.8196440336368
TMS14F1284P0009,-23.3490528258142,-35.4443945746407,4.82461519742527
TMS14F1284P0010,-24.84264832643,-25.0255672916477,3.17033699231825
TMS14F1284P0012,-25.9872816915485,-21.4229372336559,16.8617870352369
TMS14F1284P0016,-22.2460770362174,-38.0244109659603,14.5234091811472
TMS14F1284P0017,-21.549507597494,-28.4211614564327,8.33813518269651
TMS14F1284P0018,39.3522559133268,-20.5539422773217,-6.39719553543636
TMS14F1284P0019,38.4640791435068,-21.3822408247336,-5.26413291195675
TMS14F1284P0020,43.2631808017561,-25.7083438343579,6.15566683584674
TMS14F1312P0001,36.9202155129981,-2.55232256804921,-22.8834303111965
TMS14F1312P0003,35.6474166463425,-8.77379748258367,-23.3671891706201
TMS14F1312P0006,40.5801596632936,-6.07480266500921,-1.64870949416606
TMS14F1312P0008,35.555675304868,6.24944883536813,-9.85172659024214
TMS14F1312P0011,40.4023813282541,-5.97365868301991,-12.8053319842226
TMS14F1312P0012,36.9908883059279,-0.961940202596723,-13.8417318279252
TMS14F1312P0013,40.1114057215731,-5.04722072291537,-9.37242247669376
TMS14F1312P0017,40.4236665898184,-7.7466572979862,-9.42817856174049
TMS14F1312P0018,34.8199333962226,-2.15569071856249,-28.637206501021
TMS14F1312P0020,40.4318407767488,-9.82763691138525,-18.5236112397382
TMS14F1293P0001,-11.4542319143782,19.6304548644349,16.1435578313158
TMS14F1293P0002,28.0025041202435,33.2493911829125,-8.86178538971272
TMS14F1293P0004,29.6500358559162,26.4232353326391,-2.75635900454292
TMS14F1293P0006,-1.4961927358182,7.34190926512168,5.78590660643444
TMS14F1293P0009,32.7122930165031,11.1174258698752,1.6945082427034
TMS14F1293P0012,27.5935647036154,17.9101346346197,-17.7229516053775
TMS14F1293P0013,27.0054649492832,32.6360545169312,-3.04749462482519
TMS14F1293P0014,-11.0228552270855,-6.81639607637536,-1.66159153677042
TMS14F1293P0016,32.7881455964038,16.7171708010417,5.59342955369945
TMS14F1293P0017,-9.60541566604959,15.467722659001,0.797488623953917
TMS14F1293P0018,-9.54793894202498,12.4449208388586,11.0941671602401
TMS14F1293P0019,32.4796922540807,22.6215574396861,16.5028347865684
TMS14F1295P0001,29.9501928283728,54.4315654735191,-21.8278986253832
TMS14F1295P0003,29.062017364787,22.6577727470352,-3.86254796786833
TMS14F1295P0008,31.4712293703159,13.6993230260788,-10.7403774087122
TMS14F1295P0010,30.3143711960575,22.9697419288534,-44.2523881291797
TMS14F1295P0011,32.8503902172116,19.5241519477373,-39.9298632079448
TMS14F1295P0014,34.2009555960263,38.2720783729566,-20.1211057760669
TMS14F1295P0015,31.5825824567713,42.9904296868969,-28.3130639259305
TMS14F1295P0019,30.7158990456085,39.9161094204081,-39.2774308956571
TMS14F1294P0001,-24.4978205519541,4.13909506266226,15.9826340508272
TMS14F1294P0002,-26.6248037941229,-4.46648666139058,19.0540146716568
TMS14F1294P0007,37.6256727477184,7.597196233729,6.27774126099472
TMS14F1294P0008,32.6867744579031,15.2442265509725,4.41915226730437
TMS14F1294P0010,-25.6924287408245,11.6808382621003,21.9828018194714
TMS14F1294P0011,-25.9820679289501,-0.303659363546688,12.7946404819652
TMS14F1294P0013,36.9534516541577,2.70212135339871,1.02341031026706
TMS14F1294P0014,-14.404979280861,8.61911473458971,19.2653156021785
TMS14F1285P0001,-23.3533056090177,-34.5587151950419,-1.65588942361586
TMS14F1285P0005,35.9825843016379,-8.80053677703497,-19.2170927202943
TMS14F1285P0006,-22.6414305015985,-26.1656700187573,9.02086450325009
TMS14F1285P0007,-24.2787519253507,-22.6788168680608,-0.377349412735536
TMS14F1285P0009,38.2615656767466,-0.133000624723181,-16.8621656742582
TMS14F1285P0010,-26.0199245708871,-25.4316490602613,-0.333534443922767
TMS14F1285P0011,-24.2520596503529,-29.5148209963098,5.60533487645861
TMS14F1285P0014,42.7506054709889,-28.8373804894829,-9.41570056741801
TMS14F1285P0015,-26.1145642865808,-5.11031373414102,-4.998489138753
TMS14F1285P0018,33.8141462820645,-11.6650464562579,-23.5997124259036
TMS14F1285P0019,-21.2376833030238,-37.1480391697392,-1.64514095503653
TMS14F1291P0003,-27.4664705801412,-1.99419790819609,-22.3411232399542
TMS14F1291P0004,-25.2350636859085,-6.1024848760605,-20.932058952434
TMS14F1291P0005,34.8034596972576,13.9981421124009,-31.2099387754639
TMS14F1291P0007,37.14067352316,-3.59610708265986,-43.8936638812744
TMS14F1291P0009,-26.6554873307863,-0.866296609008508,-13.9113058436737
TMS14F1291P0010,-31.5971738465952,0.798706260463402,-12.6540933168656
TMS14F1291P0011,-28.9893454812393,7.677554826565,-32.8781719400315
TMS14F1291P0012,37.8798353934877,8.47496154668968,-25.3914866469254
TMS14F1291P0013,38.0035704239205,0.447335207098549,-34.1827045817598
TMS14F1291P0014,-30.4697129172701,6.9256142749191,-21.5796156902293
TMS14F1291P0015,-29.8579926211008,8.77833240483108,-19.6374025487936
TMS14F1302P0002,35.047474903746,-4.071123403602,-17.0468873859232
TMS14F1302P0007,-19.4992060353224,-29.4354608745793,2.85991200533867
TMS14F1302P0009,-23.2039683626485,-24.1427312169316,11.3008260186077
TMS14F1302P0010,35.7567023971691,-0.622634310937124,-10.1402623855354
TMS14F1302P0012,40.7966261154794,-16.8008565342184,8.6692735953781
TMS14F1302P0014,34.2998089032691,7.4544068689331,-12.0017768613353
TMS14F1302P0016,-19.5242817569818,-19.462397525489,10.8544156144332
TMS14F1302P0017,-7.18312559326167,-27.1110015380049,16.6517809883738
TMS14F1298P0002,28.4107774991147,-17.0899294738088,6.52993734965949
TMS14F1298P0003,-24.3901762432345,-7.55068382010759,9.38560581259769
TMS14F1298P0004,33.8273818352838,2.3499875813071,-6.44610902158807
TMS14F1298P0006,-3.88874124220726,-6.04489443680937,5.50356905050431
TMS14F1298P0008,-30.9927976380204,-2.14758639398475,7.91824148461361
TMS14F1298P0009,35.1212656669838,0.442041992195802,18.4441967657282
TMS14F1298P0011,-4.63152321682241,-10.8595852254163,3.36278861584589
TMS14F1298P0020,-62.4960939371378,-11.2754127674187,9.22384290300792
TMS14F1299P0005,37.613590896794,-2.49411603999853,21.2083087935655
TMS14F1299P0006,-21.9706041584641,-3.67671652790184,14.8517528667047
TMS14F1299P0007,-20.3859192155773,-6.54775685365745,21.3651187391734
TMS14F1299P0010,-23.2108857310626,-17.4642302412893,24.9074909444706
TMS14F1286P0003,39.6885775994758,-7.71514607843081,0.421725001488094
TMS14F1286P0005,-26.4306280308833,-13.1787898134345,21.6541626976941
TMS14F1286P0006,39.86605332444,-2.83546381957179,2.83379374818329
TMS14F1286P0008,-24.2132251612121,-16.1726556172392,12.341894138577
TMS14F1286P0009,39.7758450996985,0.676021824390183,13.3092745872567
TMS14F1286P0010,37.5032309051449,3.89006278258603,6.29116048997133
TMS14F1286P0012,1.44093253785282,-3.45328419986148,19.4996232889105
TMS14F1286P0013,38.6749548075179,3.4680316668727,18.7025569047316
TMS14F1286P0014,-23.8915247143932,-5.84774468183575,26.7510785784209
TMS14F1286P0015,-12.6814548005385,-11.1569611196963,19.1162303462806
TMS14F1286P0016,-25.7973473423123,-5.34743644054439,27.3648178381802
TMS14F1286P0018,34.2824737533641,13.627774510398,2.72185347621618
TMS14F1286P0019,-25.6542801355328,-8.60983478312879,20.2864687193911
TMS14F1292P0001,-26.6563063814085,19.8630795523303,-11.2355110417322
TMS14F1292P0004,32.1483148273214,25.1398458998059,-37.7690419057661
TMS14F1292P0005,31.5052426314568,22.0901867637555,-33.299314256413
TMS14F1292P0007,-19.314528227098,33.6150911519061,-15.7198610839606
TMS14F1292P0008,24.8460548304918,18.5764101464232,-33.7576056448968
TMS14F1292P0009,-26.452852199883,9.50281145704796,-31.1213476372902
TMS14F1292P0011,36.1433695476192,26.1014872542483,-18.8577973562358
TMS14F1292P0012,-26.9235880381269,22.3675379749202,-16.6249753153706
TMS14F1287P0001,-14.8172805501981,-11.5198352541249,7.7315667522294
TMS14F1287P0003,42.371931272174,-11.1559624040345,-2.99661308489321
TMS14F1287P0004,38.458624535371,3.17754176035202,-0.118386158313137
TMS14F1287P0005,42.2616509409893,-5.37074164010907,9.00174829803708
TMS14F1287P0006,40.5264712404839,-5.56852148646671,11.6798663173688
TMS14F1287P0007,43.1810611575428,-20.2844617293982,-6.32389184641847
TMS14F1287P0008,39.9416290928788,0.769845046161282,6.04584997399729
TMS14F1287P0009,12.3439566496514,-5.64640472415643,3.65129131442604
TMS14F1287P0010,-20.1211966984403,-10.3776791541645,12.94652571266
TMS14F1287P0011,-17.1355313899434,-13.3609249134604,19.3521805781878
TMS14F1287P0012,-19.2868516138272,-13.7403418736528,21.0347630169634
TMS14F1287P0014,40.7010150170865,-11.6095801155851,12.6753914900767
TMS14F1287P0018,30.4131095972487,-12.6560766453214,-1.06248751961566
TMS14F1287P0019,-19.3255457679785,-12.3589634170112,9.48331922203221
TMS14F1303P0002,39.0142487607865,-1.98303589260919,-14.7894124779722
TMS14F1303P0003,38.0580595342039,-4.09925062964652,-15.0101847975515
TMS14F1303P0004,40.8036160126888,-14.0331462973417,-9.11596438095821
TMS14F1303P0006,37.9399845635877,-9.3498446555385,-26.2574223078528
TMS14F1303P0007,38.481908730319,-5.84951235226747,-16.6014966617386
TMS14F1303P0008,35.3790407117352,-1.38473355889573,-8.49760958483079
TMS14F1303P0009,39.7772683403351,-11.2948863793782,-15.2830129997727
TMS14F1303P0010,34.6354517511721,-2.82099531070441,-14.760628868403
TMS14F1303P0011,37.5820761896252,-4.18875374018015,-16.7160127317137
TMS14F1303P0012,36.0702412544926,-8.2656021617319,-24.1622748003593
TMS14F1303P0013,37.4623439487124,-16.0773896757154,-17.4229261063458
TMS14F1303P0014,40.8634297818571,-20.3879233463799,-9.4037600409999
TMS14F1303P0017,42.2152432621363,-16.8778679572576,-4.73423084290058
TMS14F1303P0019,45.033097074517,-18.4763633370709,-4.97709593391956
TMS14F1303P0020,37.0931298264319,1.43636525128845,-7.14383095856856
TMS14F1300P0001,40.6450524812347,-5.52777376718397,7.93478672195879
TMS14F1300P0002,-26.6255942421604,-3.91180404531431,9.9200961199905
TMS14F1300P0003,-23.4691415075106,-13.4827827888816,-2.16415560235627
TMS14F1300P0004,26.0127960710528,-4.60130838978503,5.81680765231813
TMS14F1300P0007,44.1508032887798,-5.23344312001526,4.80558831705173
TMS14F1300P0008,41.2162243320798,-12.0245054056074,8.92254223223045
TMS14F1300P0009,41.7286407334623,-10.6585819284714,-0.602434957366039
TMS14F1300P0010,-18.0681803831219,-9.40135608460781,3.66908329716814
TMS14F1300P0012,-2.31209366775671,-17.4810838683508,17.3893909560209
TMS14F1300P0013,-4.55591724051968,-17.5462062436355,-3.77964039651165
TMS14F1300P0014,39.9304132949454,-10.1628555754979,-4.93147998795826
TMS14F1300P0015,19.5802382678403,-19.9827119553952,7.59927965046144
TMS14F1300P0017,-24.2736823913853,-17.6752717714019,13.0800504956265
TMS14F1300P0019,42.3272371529743,-8.02980608886283,10.0534796575952
TMS14F1213P0006,-56.6671197369145,-30.7153193082498,20.8546960254465
TMS14F1214P0002,-11.8947875062314,4.84417929788912,15.8125104211832
TMS14F1216P0001,31.9732549937768,-4.13464597309788,1.57127148176892
TMS14F1216P0002,-85.1018586692158,-39.8996076793374,2.14203601314089
TMS14F1216P0003,-72.0996095431528,-46.4160680108302,1.27861742373662
TMS14F1216P0005,-77.7463671125625,-44.128930985922,0.106948627593205
TMS14F1216P0008,-75.8739797114234,-28.5460181268887,12.7666381819528
TMS14F1218P0001,-77.0270144917164,-46.0174360192871,11.6225676773362
TMS14F1218P0002,-75.5592031107877,-43.0219455398189,-2.69583203087621
TMS14F1219P0001,-82.3102303967528,-39.225232209111,21.8616915647102
TMS14F1219P0002,-71.4895195106035,-46.3916714737799,11.1400143226776
TMS14F1221P0001,-33.6997924095959,-42.8697331488109,-10.613943585292
TMS14F1222P0001,-35.1722324526106,31.1951285360416,-3.02393086020502
TMS14F1223P0002,-31.6857433468289,5.62027718881835,24.4825007326904
TMS14F1223P0003,-61.7080882490975,3.91591580211395,34.7835425255554
TMS14F1223P0004,-37.9932575165452,8.90656869109156,24.2958973605552
TMS14F1223P0005,-36.1163581377015,22.9483078204243,23.8614748613292
TMS14F1223P0006,-19.4028415477682,31.1344739076585,6.42604621641072
TMS14F1223P0007,-36.4018228818112,12.5726542424593,15.0770739925898
TMS14F1223P0008,-74.0076373057365,10.2977742874088,28.0858404659654
TMS14F1223P0009,30.2546021050933,11.6632985342136,12.7869147954106
TMS14F1223P0011,-93.9952642805058,-9.11772474066933,35.3637863826189
TMS14F1223P0012,-36.2921803204282,23.3872473581551,14.0688683488889
TMS14F1224P0003,32.4601358492873,12.6637268042433,4.22704168374076
TMS14F1224P0004,-29.2918602786832,9.70034242921584,18.6657330059342
TMS14F1224P0005,-31.8883691509901,4.16076827532965,17.6364039340548
TMS14F1224P0008,-5.63238170195609,-3.60618152213772,-9.92760144588183
TMS14F1225P0001,-34.990592563157,10.7974529585495,12.5471928893603
TMS14F1226P0001,-62.6370200117792,3.21411089329677,35.0792135770051
TMS14F1226P0002,-16.4961694728004,6.81433373291714,32.5161458872281
TMS14F1226P0003,-45.1335014812063,4.08390976737705,36.9369197187407
TMS14F1226P0005,-94.8393448192219,-17.5286088769979,47.1502972425582
TMS14F1226P0009,-59.7914041575932,-8.750611566365,45.1824744938517
TMS14F1226P0010,-84.1189823064093,-2.32325989877814,29.4633540108924
TMS14F1226P0012,-36.7389636802941,10.0594043054531,18.5943244606409
TMS14F1226P0013,-20.9432510691878,14.0342679698147,22.9756239534963
TMS14F1226P0014,-16.5418327302482,-6.00432121314173,37.0885047464858
TMS14F1226P0015,-43.6689865891168,13.2301561681989,31.4702178509826
TMS14F1226P0016,-76.9091077711991,-26.5541687945381,37.0677868654833
TMS14F1227P0002,-15.867266313391,2.25147597459594,26.4537972069703
TMS14F1227P0003,8.95412502524163,8.23758428489046,25.8815353769406
TMS14F1228P0001,-61.454240824003,1.92021570806019,32.4252449436109
TMS14F1228P0003,-22.3410381363233,16.7684765774958,20.6673830049757
TMS14F1228P0004,-50.8969740753437,15.5718101579135,22.9698843561787
TMS14F1228P0008,-51.4375574037677,-6.98501479747237,34.999381055812
TMS14F1228P0009,-37.8444864072947,11.6356682854581,20.9882110092622
TMS14F1228P0010,-95.9136918505943,-16.5392964969333,35.9830287468709
TMS14F1229P0001,-13.015101829194,-2.25702966381433,25.3837228395738
TMS14F1229P0007,-34.750150941807,7.83657256793345,10.3976173516578
TMS14F1230P0001,-13.3199569284241,-11.5163619350729,13.7418937608578
TMS14F1233P0002,-15.5181749079273,-0.447951403738196,34.8897944786898
TMS14F1233P0004,-17.1260662256553,-0.377253719689308,35.6563513641932
TMS14F1233P0005,-13.997784727813,-1.78370509561095,30.102201706995
TMS14F1234P0001,-4.72996407122601,8.46111787191865,14.5690934589266
TMS14F1234P0003,-5.62897224100764,20.6618947799009,16.6410835091692
TMS14F1235P0002,-74.9969899807994,-0.847411587173776,23.0709026919317
TMS14F1235P0003,-12.4164223937497,-0.736309501187184,28.6222458830028
TMS14F1235P0005,-70.4755591096819,-7.86829706110186,32.7877037677959
TMS14F1235P0006,-15.5472887712159,0.51599226381523,19.1364084254699
TMS14F1235P0007,-76.861722793751,-2.55233847514141,18.3538000032608
TMS14F1236P0002,-15.7239021862805,21.5429966792133,-2.69740731540821
TMS14F1236P0003,-18.3474532809137,-1.89852692217467,-1.01563027405333
TMS14F1236P0005,-16.429462615712,0.201236934440185,13.7118866081162
TMS14F1237P0002,-27.5995680705891,-9.10912141494222,23.3785868864153
TMS14F1240P0001,-16.1112063490122,19.0145683540042,-8.49163919333967
TMS14F1240P0002,-12.5958534642791,-6.00491966778592,13.4294256915462
TMS14F1240P0006,-10.1237464119605,-4.88481916356607,9.65979526868596
TMS14F1241P0001,-10.3713142997985,2.95940620749301,13.3458565786792
TMS14F1242P0001,-13.5104083663093,-14.5228973381596,11.7074271794745
TMS14F1243P0002,-6.75903857329489,-12.5323251396274,16.2871364237283
TMS14F1243P0006,-13.0772160621639,-13.6621283795086,22.4573819556811
TMS14F1243P0011,4.33016705437613,3.12965455803042,5.36794654131687
TMS14F1243P0014,27.8384665970168,13.3176281812852,-0.723668211525115
TMS14F1243P0015,-29.8983798370676,-20.4177978300261,24.521578737849
TMS14F1243P0017,29.5454900623445,19.3006184643174,1.62387486767809
TMS14F1244P0003,29.3883237019996,17.1100720845618,-15.6599933226903
TMS14F1244P0009,-14.7053406284962,-0.737182185951651,16.190117463223
TMS14F1245P0001,-1.6979312850374,3.90080367040701,7.87564771361543
TMS14F1245P0003,35.3376496104935,1.02731696196502,10.6615358715577
TMS14F1245P0004,-21.2029824433424,16.2091520169629,-1.65376179123786
TMS14F1245P0006,35.3352888094153,-7.3463081297374,2.44330199815376
TMS14F1245P0010,34.8106674109787,5.59705195195283,7.23053662294715
TMS14F1245P0011,34.3399851409121,1.3616953706995,7.68787114701552
TMS14F1245P0012,33.0702319244953,4.72006994876939,4.07787360693435
TMS14F1247P0004,-34.1362675710498,9.3664335207715,1.81174002506436
TMS14F1247P0006,-17.3927067915703,15.6396068401901,2.4288813195407
TMS14F1247P0009,-29.9324136158551,12.4036177616088,14.0957165072094
TMS14F1247P0010,30.027467676557,16.3609218240683,10.3218172404853
TMS14F1247P0012,34.0662763245061,-0.813921298100979,14.5349690445029
TMS14F1248P0001,-87.4934600437566,12.9764627045678,15.0199499386746
TMS14F1248P0002,-83.7539489257536,-4.56588291852814,21.1786876510573
TMS14F1248P0003,-28.3878452993395,-15.807774684772,31.5995336998678
TMS14F1248P0005,-21.6224517684936,14.2370057644765,9.50803280907678
TMS14F1248P0007,-34.0943662834298,2.95806236469434,8.55743731105272
TMS14F1248P0008,-86.2088990030661,6.33557778487008,8.02328809152888
TMS14F1248P0009,-18.9191321219616,3.5990460528744,19.6983521969359
TMS14F1248P0011,-37.6172526119765,2.8334258269178,18.5289547349405
TMS14F1250P0001,-13.3951607945501,-12.2979105265629,19.2068415218503
TMS14F1250P0002,35.383288054612,4.79869389722972,13.3752153594337
TMS14F1250P0003,-14.054340457913,5.0522208060903,5.60136885100173
TMS14F1250P0004,-12.9495447207304,-9.97758178550584,20.8234633070599
TMS14F1250P0005,-12.9270687241966,-7.10128963117141,22.0377716902084
TMS14F1250P0006,-18.1229128347906,15.160842164359,0.503366824716005
TMS14F1250P0007,-11.5109378940785,-11.9795317846728,19.1709495372275
TMS14F1250P0008,29.4189499234426,13.7253432122937,2.89128235371681
TMS14F1250P0009,35.2447537041326,2.67823394269412,10.0814832261267
TMS14F1250P0010,35.1557097360672,11.8080653333833,11.220836486894
TMS14F1252P0001,-72.9509927420149,-16.7558468085434,40.1093209433014
TMS14F1253P0001,-19.043687534471,7.20446902782669,13.115993959179
TMS14F1253P0002,-20.8194445675504,11.4686140281293,5.95449128885747
TMS14F1255P0004,-28.2552881777886,-8.35484863281627,20.464856562102
TMS14F1255P0005,-28.0359095559022,-18.9950164772623,18.6265969544
TMS14F1255P0007,-28.8484166312644,-16.5727797247836,18.2583323177488
TMS14F1255P0011,-27.6761465584696,-19.5979432557626,18.087702607577
TMS14F1255P0018,-29.5412270827257,-11.8846507142351,16.2783531788172
TMS14F1255P0020,-11.6139463192366,-22.1321545084469,20.487114987503
TMS14F1256P0003,-13.3457577285355,-8.81677917515511,22.9324336328445
TMS14F1256P0004,-13.0665354233307,-14.0633268410044,24.5349725833065
TMS14F1257P0001,-16.5143443779528,-9.11784033493318,16.3950024217649
TMS14F1257P0002,-12.7662247592738,-5.32048594343536,12.0698032192212
TMS14F1257P0003,-16.3175420813622,-2.85242652708666,11.3417734078886
TMS14F1257P0004,-16.8261825653469,-11.7826425966038,9.69146375277076
TMS14F1257P0005,-15.940953531763,-4.94469569711405,16.3437061926127
TMS14F1257P0006,-9.84992266690717,-13.0830204388332,17.2594300371766
TMS14F1258P0001,-3.81348966847326,-18.8282538105023,10.5594598036702
TMS14F1259P0002,37.2476159229889,-3.43350752386758,15.394032038904
TMS14F1259P0005,-16.5416772905177,-6.7578703268732,8.00927824735527
TMS14F1259P0006,-5.65916364262643,0.516933036164011,6.6092614688823
TMS14F1259P0010,33.4602994241274,10.0222551912305,-2.99520513583522
TMS14F1259P0016,33.3963211655234,-1.38530143078516,-7.89269699365129
TMS14F1259P0017,-8.39940245387102,-22.4588488561415,19.0020023493741
TMS14F1260P0002,31.6772180241659,15.2969196274827,-13.6858605842912
TMS14F1260P0004,31.9085628705789,26.6040022799082,-14.9255952130203
TMS14F1260P0008,32.6227414013128,19.9403154400776,-14.2004526043828
TMS14F1261P0001,32.0967381678008,26.2582680056742,-27.6820717244316
TMS14F1262P0001,23.2131651810091,47.7446254571757,-16.9556494163801
TMS14F1262P0002,26.8218475607451,26.4437936396452,-12.280975264653
TMS14F1262P0003,22.2074880982844,43.8555109831366,-24.6984378506492
TMS14F1263P0001,-28.4642515382237,-12.3820021548895,8.72925913189377
TMS14F1263P0002,-30.2039658470124,-11.0956359939431,6.83814150814103
TMS14F1264P0001,-11.1459519021024,35.2743825116787,-20.1858609766174
TMS14F1264P0002,32.1277443215034,9.99900785940498,15.8386699354988
TMS14F1264P0003,-8.89229432609206,36.4276363404365,-17.2514252398603
TMS14F1264P0004,-6.62201293552654,21.2854508355895,-4.99241524487078
TMS14F1264P0005,28.8572741176622,44.9844825262957,-23.0198070874073
TMS14F1265P0001,-4.53486760557286,8.31832283082822,11.6568438119329
TMS14F1265P0002,3.64926593231374,-3.25234720327913,-2.9723611645458
TMS14F1265P0003,0.854489152147126,20.1101059037774,-2.59090953877705
TMS14F1265P0004,1.97492797432363,7.77235633901268,0.208775173477569
TMS14F1265P0005,-5.81912382499608,30.9311127157168,-6.98102726253772
TMS14F1265P0006,34.4169561843193,16.5260875689279,8.82050936741215
TMS14F1267P0001,33.0802456961152,13.755180438184,-8.00847456079469
TMS14F1268P0001,-34.4930880090466,25.3421072554841,11.7436428270124
TMS14F1268P0004,22.2945742386037,15.6040945523111,15.7728715530691
TMS14F1268P0005,28.1957989553722,33.5696780844743,-0.305925337746377
TMS14F1268P0006,33.3574342742133,23.7310944879452,14.3332726001547
TMS14F1269P0001,28.8050039760618,39.3918842417215,2.57391138578424
TMS14F1269P0002,-4.23988404614078,44.1494062356943,-2.19649682966699
TMS14F1269P0003,29.9685210398349,24.7233997794593,-2.45098498992271
TMS14F1269P0006,-4.61410768346544,38.2041465715358,-4.45547490324395
TMS14F1270P0001,-23.1145568198378,5.56256926662557,20.3709847678016
TMS14F1270P0002,-20.2252879955554,-20.1916994411773,36.6637400494701
TMS14F1270P0003,-24.1799691481706,-19.2620049080817,21.9877149661977
TMS14F1270P0004,-26.8235074908604,-10.1880984159879,29.0139295433923
TMS14F1270P0005,-25.6835858628824,-15.1922484974695,34.3478392099943
TMS14F1270P0007,36.3536825508574,-0.119982472052016,22.2284955304546
TMS14F1271P0002,36.3571189622488,-7.6883185155885,1.22953011220246
TMS14F1272P0007,29.1542168856827,43.9535755052064,-26.4671417400683
TMS14F1272P0008,32.7555669422836,12.8010050475951,-26.5205493691641
TMS14F1272P0012,26.6684018856579,34.5264458912226,-34.2646866841522
TMS14F1272P0014,30.1808296981158,27.2281581251079,-16.0869167476058
TMS14F1272P0016,27.136145573059,30.0997386581761,-18.8039806463013
TMS14F1272P0017,30.3221331715024,26.8586500006275,-12.9396852133828
TMS14F1273P0001,30.6211355177073,26.4330565461883,-14.7911710590956
TMS14F1273P0004,31.8971582853678,27.1716826667073,-12.5508156804189
TMS14F1273P0005,23.4441090502937,44.9956118856117,-26.7602178075417
TMS14F1273P0006,25.7920448562069,44.9556801793767,-30.2679960863688
TMS14F1273P0010,28.9152655290147,36.6298976086068,-35.80682150225
TMS14F1273P0011,24.5608574732915,43.3809814793858,-29.0754444031001
TMS14F1273P0012,29.2540682383768,22.4319054747854,-29.5354315966059
TMS14F1273P0017,28.4852567605465,34.070607705541,-36.0145985431717
TMS14F1273P0018,27.3087898308915,36.1416075707119,-23.8072415707363
TMS14F1275P0002,28.0356525446326,22.2196890685096,-27.6372561256345
TMS14F1275P0005,26.489939860746,25.2375771962549,-28.3840657038594
TMS14F1276P0003,-27.9041541102704,-5.30738881498258,23.2557239131511
TMS14F1276P0004,23.7763837748441,18.8199004420281,0.289654329250693
TMS14F1276P0006,31.2862812693712,14.8227890138215,3.14279860070151
TMS14F1276P0008,-3.92455042063178,-2.62588717159623,7.24109332867204
TMS14F1276P0009,-30.5084203681965,-1.89043319064603,26.0618633325452
TMS14F1276P0010,29.7338669275225,10.6148341972941,1.00051775661028
TMS14F1276P0013,30.4306839343125,4.83717447812375,5.22553683640478
TMS14F1276P0014,30.3671992299376,9.00523245208611,-0.815473299050986
TMS14F1277P0006,-4.9212148913034,33.8600612333102,-4.72524423347321
TMS14F1277P0008,-66.3325337663446,5.30258613431796,4.12504881494522
TMS14F1277P0009,-70.3175401043964,16.1648600133034,4.38768879801335
TMS14F1277P0010,-19.8396892799932,35.4859701199691,-0.293145414514496
TMS14F1277P0011,-60.6606537692177,17.2610542116578,8.4149051767485
TMS14F1277P0013,-2.19151865381899,13.1116838923708,7.50344676019399
TMS14F1277P0015,-68.1990155996166,16.3542235728545,13.5803059363298
TMS14F1278P0001,29.7416652899352,-3.8918248556501,-5.37567709091741
TMS14F1278P0002,-32.3779679780271,-11.8572774090586,12.6770929367171
TMS14F1278P0003,35.2808934842959,-12.7823963110663,1.15148076766962
TMS14F1278P0007,29.579509271201,-1.93882595118421,3.63149988752959
TMS14F1278P0009,-6.4243789040372,-10.4044871136169,9.67826747173768
TMS14F1278P0010,20.5240402496826,-10.6024929096502,13.1512414468389
TMS14F1278P0011,13.9423734986003,-3.72293544337812,3.64368309040417
TMS14F1278P0012,34.0513290427243,-1.80451030043758,6.97971898122404
TMS14F1278P0013,30.2074602639311,-8.28374804982389,0.0604620122214343
TMS14F1278P0014,30.0107712090157,5.82623252143286,-0.51762062715901
TMS14F1278P0016,27.0038741850358,2.2896995919073,1.03711169530769
TMS14F1278P0018,-16.0362459668891,-17.0963025119536,15.5004308415484
TMS14F1278P0020,-31.3505574749361,-20.4534223882407,4.37866238898856
TMS14F1279P0001,8.2076385117339,2.06850968065515,1.74912319191214
TMS14F1279P0002,-25.5834773122386,-8.25247999622937,26.6731179598321
TMS14F1279P0003,-12.3851265546868,-9.6403659359679,10.5612750899643
TMS14F1279P0004,37.22805809404,0.179403148855061,-6.81235610963435
TMS14F1280P0001,23.8354207054082,36.2222265411135,-28.8166395587474
TMS14F1280P0002,-35.5830502420897,-0.0276816710716125,-22.7505653641986
TMS14F1280P0003,-36.2844376164646,8.28665412639798,-9.32456067532086
TMS14F1280P0005,-37.3552436579772,7.55952469302043,-17.3576843070754
TMS14F1280P0007,25.9632085333619,27.3556195288757,-25.5888063010102
TMS14F1280P0009,-37.1827351450568,10.0838175624656,-15.0943096936374
TMS14F1280P0013,-0.373880175777299,16.1178411386831,-27.4120640947164
TMS14F1280P0015,-1.56926425709972,11.3989172629231,-19.5329334465216
TMS14F1280P0018,26.4671221017975,17.868971485223,-31.0501000985236
TMS14F1280P0019,-26.0037513661642,12.2052862756628,-21.1104763613122
TMS14F1363P0001,27.9675350820275,-0.923466409026855,0.494405578395518
TMS14F1363P0004,30.5615323832374,-8.85719453768941,-0.764658225820568
TMS14F1363P0006,26.2618950924871,5.86794420165795,-2.59539468001227
TMS15F1073P0005,-30.6086989741406,10.1866833776656,-7.50473483685985
TMS15F1073P0003,33.4396791230432,18.9901127215114,-10.702537448986
TMS15F1072P0027,-37.0730425834991,12.8067191589592,9.72945408907646
TMS15F1072P0018,-35.1631171876178,4.09731337884029,11.1002329350106
TMS15F1072P0016,-36.005772377936,14.2927644527867,11.1473461057116
TMS15F1072P0012,-99.9663810269842,-3.93550868096274,24.4727386480171
TMS15F1072P0009,-94.6842616257408,-5.58465148860918,26.9554404738818
TMS15F1072P0005,-29.4248481350945,2.31828843087564,20.4753965988309
TMS15F1071P0045,33.3612110674269,13.463742478921,5.46518732970067
TMS15F1071P0027,-14.2375449164465,15.9591841108915,-2.72050806779508
TMS15F1071P0015,-34.4667348939234,16.6346490287112,-5.25947461289632
TMS15F1071P0003,-33.1286693702724,18.9907690731105,8.22605866307548
TMS15F1069P0007,-50.221805591646,27.3934135778433,-10.1549656128221
TMS15F1069P0001,-98.8240695806435,8.8656064652303,17.7235476353422
TMS15F1067P0013,35.3863575377911,10.1988367418115,-4.2311874256785
TMS15F1064P0001,33.2870357621612,22.2044102622568,-26.6870095158379
TMS15F1057P0004,27.0125782099051,-0.498914811441328,-14.5411667242449
TMS15F1056P0002,-32.7662160925045,3.55718320019177,0.448780695960123
TMS15F1051P0007,-96.3639785047895,-3.20904044764137,29.3462904699054
TMS15F1040P0005,-26.1699820073593,-19.3660136395196,21.7988191904765
TMS15F1037P0004,-31.7188037567803,-4.04542137099664,-3.05418554242258
TMS15F1033P0004,30.5717357029918,5.22990601738658,-21.7243854581705
TMS15F1031P0008,-18.5601246166525,1.59745230455208,-8.40451190598612
TMS15F1029P0001,-59.2596470552533,-17.8174622642071,20.3380815518575
TMS15F1025P0002,-30.1448146828669,3.65939326890146,-11.5306879175647
TMS15F1025P0001,-34.9201929270892,-5.58495883097982,2.3590478612122
TMS15F1024P0006,-45.3466538615042,4.39454747707019,7.16047658101722
TMS15F1024P0002,-41.2930411351049,-7.24600398405572,6.48821412496407
TMS15F1023P0010,21.8374188081032,11.0858468451492,-7.18634911202066
TMS15F1021P0037,-33.6577014057907,-19.7401642962216,1.70556673247396
TMS15F1021P0028,22.5994900551788,-14.8761576272122,-3.41779569659419
TMS15F1021P0018,22.1638467643636,-14.9407192670231,-2.1845359344012
TMS15F1021P0013,-30.4115180809522,-25.8648053437508,5.9749475904413
TMS15F1021P0011,-38.5260188083503,-24.5611429219323,8.42916154138165
TMS15F1021P0009,-92.8726836104788,-31.9666027795322,25.9393301865101
TMS15F1021P0003,-41.9567230753679,-30.253837677278,-2.24303399102899
TMS15F1021P0002,-32.9242585121873,-31.5154247781688,5.2418348580433
TMS15F1017P0011,-29.6840671091099,1.01475285559036,2.75512969461366
TMS15F1017P0004,-29.1736345977985,0.182427869616814,-0.584267430602709
TMS15F1015P0003,-40.288980757105,-8.64440667661933,-13.3366518681259
TMS15F1012P0001,-8.69043760479576,-0.647633386245102,-21.683030580374
TMS15F1011P0005,-32.1191602659675,0.113014277691976,-11.6525124847589
TMS15F1009P0004,-94.2272485793952,6.07393901521854,9.49270253301666
TMS15F1004P0019,-35.6122211951644,23.023414312196,-19.3935799491313
TMS15F1004P0012,14.7034421652972,52.1426470528777,-43.4048435597104
TMS15F1004P0001,-40.5414660894094,16.8215367687916,-0.276354142023826
TMS15F1003P0006,-53.3465120727684,31.9505807366761,-3.7131337771704
TMS15F1001P0003,-40.9809545068016,41.6173296327081,-31.7992225651704
TMS15F1001P0001,-47.8929206005434,33.873864926777,-32.508518637578
TMS15F1473P0003,56.3800936645338,-60.3663304183593,35.7154786496735
TMS15F1472P0056,57.0750512970906,-55.2563310941803,39.6765263053957
TMS15F1472P0002,-6.39254245714452,-31.4831435475443,32.9492497661663
TMS15F1471P0080,56.359136409696,-62.1128709980652,35.0136448288164
TMS15F1471P0057,56.7907718080959,-59.1383691836048,34.3852560902275
TMS15F1471P0056,55.6098993938014,-64.3156578356256,34.5477548454684
TMS15F1461P0009,-32.8115799876817,-14.8810493926699,2.72603110364147
TMS15F1452P0005,35.9594801994253,16.1491200079424,3.53619130848875
TMS15F1450P0002,24.099860892531,27.3370680860324,-37.7062252700131
TMS15F1444P0015,-40.9287371920195,36.7441482507569,-12.0887167424809
TMS15F1444P0003,31.4065052872726,23.0382141603411,-18.5476760825256
TMS15F1442P0004,15.8207055933921,22.2394576490628,-1.35818983745329
TMS15F1440P0003,-22.4712385254624,-28.3802853462292,6.48992493423117
TMS15F1438P0004,28.0752064790756,16.7581028744847,6.56366458801033
TMS15F1431P0001,33.0341491925455,11.9506545349306,-12.0609556242769
TMS15F1429P0002,-2.22616109468053,-0.91991855714963,-10.0437246493944
TMS15F1427P0003,-38.137641787607,6.08952379321481,11.9631067869866
TMS15F1425P0005,-88.9879178903495,-25.5816022074927,36.9483484718502
TMS15F1424P0015,-25.9362434693719,-30.2145272920055,2.02345856523596
TMS15F1424P0004,-91.7678106992182,-27.2004391515131,13.1147579895418
TMS15F1424P0002,-12.1579984045493,-16.8878422078162,-1.41358960907334
TMS15F1420P0011,-17.6168056519641,-7.22149424918867,-0.48000531981019
TMS15F1414P0001,4.87289860398034,1.7917073480136,-1.16504611763529
TMS15F1411P0021,4.1704799620786,-18.8162672450572,-2.64793281189253
TMS15F1409P0003,-50.1468374997907,-10.6879660091542,27.0692792855219
TMS15F1404P0007,5.93463302956982,14.287619679393,3.85568971415593
TMS15F1403P0019,28.9756491315046,24.7628990251817,-9.54479992444636
TMS15F1403P0018,-18.457462801139,19.65421920226,-12.0435768918296
TMS15F1403P0013,-11.8148747460235,-2.48933926539076,5.74551452592451
TMS15F1403P0010,27.8208931940696,22.0637161755628,-14.268118316638
TMS15F1403P0008,34.2015803820363,11.6986485475249,2.6787705855641
TMS15F1403P0005,35.3660785675987,7.15320767397341,-6.70670434570518
TMS15F1401P0002,-79.1757459400387,4.0428572371182,1.7082427798007
TMS15F1400P0030,-31.7400139053177,-14.2177277844174,17.9605917471519
TMS15F1400P0021,-77.3615345025463,-35.2789980647404,19.468454487576
TMS15F1400P0015,-18.6921533097438,-10.4386530728031,10.1404303721245
TMS15F1400P0002,-30.7081197728171,-17.3173156495809,12.6616486353462
TMS15F1399P0001,-67.166059787035,-9.1242457005012,5.94084465215689
TMS15F1398P0008,-14.8536719704638,-24.0263911712664,-6.71087614931242
TMS15F1398P0003,-90.3699652311949,-40.9489284020753,5.37322186820972
TMS15F1396P0004,-89.8941388051195,-31.81864876795,31.4550029673859
TMS15F1396P0001,-71.1156805594813,-34.2996072502929,27.3828154938147
TMS15F1394P0012,-37.3888503809862,-15.288050689429,-12.2817380761821
TMS15F1394P0007,-28.0210214596801,-9.81218348492322,-0.467182084112852
TMS15F1393P0007,-77.5893728834478,7.98734801707653,7.01913185912453
TMS15F1393P0006,-18.5880695732907,18.9100082602617,-3.42007708563682
TMS15F1393P0002,-15.239276670457,4.66107970999787,9.14708715763426
TMS15F1392P0002,-86.1248777708033,-2.42711435305855,22.5156093112177
TMS15F1392P0001,-31.3693057099546,19.7400234289184,1.17212846912338
TMS15F1390P0012,-32.9156542814461,-0.296871991865973,9.35647873638663
TMS15F1390P0007,2.36648264671194,6.82518882592406,11.8904919675965
TMS15F1390P0003,21.4914968324318,2.49397304926823,9.9126096101814
TMS15F1386P0002,-32.341047537936,1.70480143982419,5.46347583195942
TMS15F1381P0010,-31.6105137491575,-11.5127943990036,-6.00207979288846
TMS15F1381P0007,-57.865330550239,1.5163009722625,5.87247305744643
TMS15F1380P0002,36.1428809034756,5.07310057430998,0.445623806410449
TMS15F1379P0004,-88.4803582685207,-23.6916651052887,16.7589968873439
TMS15F1378P0006,-24.2188864868948,13.7445434912676,-11.6773531957885
TMS15F1374P0012,-16.8388267488293,-10.3180648145781,0.153391212806707
TMS15F1374P0004,3.79598317495151,17.1932347043854,-12.6671811304652
TMS15F1371P0002,-26.8837069225799,-12.3568384969097,-7.34828545666205
TMS15F1370P0007,-32.1827041878023,-1.85087193175006,1.55952941985602
TMS15F1370P0004,-67.7871236090437,16.8551155558904,14.7857115552872
TMS15F1370P0002,-37.2158851866391,-19.4128395919764,0.379154818442065
TMS15F1369P0002,-14.5723082477341,-25.6711752382461,6.08402038158765
TMS15F1368P0002,-0.416710315240973,-16.2601476729421,1.86154580177311
TMS15F1367P0001,-4.28483392962016,-17.0497160802076,4.35081046486169
TMS15F1366P0002,-26.0788093593512,-5.86077908921836,2.04863052299084
TMS15F1365P0003,-35.5295810695568,-32.003680969892,1.54737767356133
TMS15F1364P0004,11.241429080532,3.71725605431642,-22.1054612887673
TMS15F1357P0001,-73.1420258688842,-13.2748145960741,6.41639715599024
TMS15F1356P0003,28.8957493572403,28.0303688194713,-16.7129938592997
TMS15F1354P0001,30.6985405812579,28.0739065142298,9.67285521114592
TMS15F1352P0002,-18.1574331609492,-22.1446101601744,10.5599246356348
TMS15F1351P0014,30.9119587505086,7.09485432611886,-16.1049801662199
TMS15F1351P0009,30.4200091012209,9.14846183408842,-13.7584145757903
TMS15F1351P0003,-27.4049148777336,-6.14587257368022,-11.0276612061604
TMS15F1351P0001,29.9727769106349,1.97364796225147,-16.208522761966
TMS15F1349P0001,36.8772609716908,-17.0904475953064,3.84754137971685
TMS15F1345P0002,-35.511388436091,3.14606009470109,13.3899029204996
TMS15F1344P0010,-20.3417971969564,15.8156292350829,-17.2871107013967
TMS15F1344P0008,12.6120850296097,21.3059364494768,-35.51446728302
TMS15F1344P0003,-32.9002901063975,5.518270227623,1.85979238229176
TMS15F1338P0003,-30.7794509490108,-5.61722334460015,19.3626822260646
TMS15F1336P0002,-12.7432531400537,-21.1541807010716,9.48424301002592
TMS15F1335P0001,22.5486348835239,36.9832941372574,-15.122639604323
TMS15F1334P0004,33.8597969394577,15.2635511652345,-28.6769796322196
TMS15F1333P0001,-4.70635234694818,0.65854146929614,-18.4596564515717
TMS15F1331P0003,20.4933462642824,30.0887590001378,-20.7190590552578
TMS15F1329P0005,-28.2141877534817,-16.0523677682174,-14.7259831337641
TMS15F1328P0001,-32.7871696983917,-11.2601131337803,4.88111258986223
TMS15F1327P0002,-25.5154499408049,-38.7096338240243,1.51188265407897
TMS15F1326P0004,-56.2126086403747,-34.8139796488493,-7.5910405460003
TMS15F1324P0008,31.5735177989985,-4.33444844634097,-6.74700849330489
TMS15F1324P0004,-26.2666840144847,-9.71688015124017,4.65054270019602
TMS15F1324P0003,-15.661762239105,-13.6077075448191,4.13271971072323
TMS15F1323P0004,-21.5627969016655,-14.0463593867519,23.559333149744
TMS15F1321P0003,31.0683282426756,9.11547754433887,-21.9157898101622
TMS15F1321P0001,27.4565369605282,21.4062821479768,-25.7982963644975
TMS15F1319P0001,31.2904548497562,-17.1540797058061,-3.69357607707295
TMS15F1318P0024,-37.5398400904899,29.7195251499114,-22.628379454599
TMS15F1318P0022,-33.4276488492816,22.6454931319292,-3.8421135864219
TMS15F1318P0019,-35.2612636701975,31.3064602540117,-11.1145909968469
TMS15F1318P0011,20.3823064740988,41.466296174821,-17.968830300882
TMS15F1318P0007,17.4540673781892,49.2042582387097,-33.8299829727868
TMS15F1318P0002,-36.443630832821,30.2083267155123,-13.7105240765813
TMS15F1317P0007,13.3022337842805,66.4221943445658,-33.9475810839826
TMS15F1317P0003,-32.3882977677983,23.993881197225,5.37750672304574
TMS15F1317P0002,17.3140473462717,45.2255941403386,-20.3227356128578
TMS15F1316P0014,15.7235249360697,41.5256371651692,-28.6467647884385
TMS15F1316P0009,-36.80980930659,21.019249609727,-18.214122113739
TMS15F1316P0001,-31.9718645338334,9.11489265698679,-10.0170791622916
TMS15F1315P0002,-23.6973334962456,7.75094515716472,4.73749368328972
TMS15F1313P0003,33.0149871325929,1.77940294320087,-9.20636037456146
TMS15F1313P0002,-31.7426947185586,1.53540593674195,-23.162905717294
TMS15F1312P0001,-15.2344116585163,-5.31945536749691,-6.07974983463707
TMS15F1310P0023,-22.1877246539449,15.0681712726562,-7.03861920261985
TMS15F1310P0021,33.8016438946718,25.7499660821968,-22.3247974697167
TMS15F1310P0020,-24.8765012011441,13.3518125476117,-10.9977806428207
TMS15F1310P0019,-25.343332330906,12.7560180024242,-16.9285300603664
TMS15F1310P0014,32.9407331937466,32.7362849908388,-13.5935211937323
TMS15F1310P0008,-28.1740694490401,25.1082034612787,-14.2310841432226
TMS15F1310P0004,30.4567284237337,38.2226147826325,-35.6856061127107
TMS15F1307P0003,-33.8002734550518,31.5784901683296,0.0555590003872357
TMS15F1305P0023,-39.1481715424114,21.6607660957461,-2.45040330144095
TMS15F1305P0021,-37.4971784574333,31.5917333562975,-6.98728106440446
TMS15F1305P0017,-38.6334389289893,30.5413930951245,3.04385734984076
TMS15F1305P0013,-35.7422637918005,23.4163604943389,-7.96240874103306
TMS15F1305P0012,-38.7546130472505,7.34782501263395,-7.62205087115018
TMS15F1305P0008,-34.177613807099,20.3620152520215,-1.66698789166661
TMS15F1305P0002,-37.898396272441,17.5527958375721,-10.6767549272477
TMS15F1303P0007,34.5203583470688,13.0739569631154,-11.0118497523277
TMS15F1303P0005,24.9313526691637,12.1252043395939,-8.43562920755045
TMS15F1302P0027,-36.8437554883494,24.3078114726402,-6.72030347088428
TMS15F1302P0020,-32.338131040207,14.5554342368774,-9.35120756871584
TMS15F1302P0018,-31.9938121519245,13.4368039697142,-6.38050415280274
TMS15F1301P0002,32.6900666941348,21.4171353432403,-30.5800926298348
TMS15F1300P0002,-34.8627047270302,22.5319126499953,0.152244542833836
TMS15F1298P0003,-35.9022012368455,28.7078819978955,-10.9084549280102
TMS15F1298P0001,-34.2634752040364,22.1520293849529,-5.29011698526671
TMS15F1296P0003,-36.3778195407878,20.761433827569,-0.590013551588906
TMS15F1295P0017,-35.2967295688165,24.1453359346807,4.22166883405503
TMS15F1295P0009,-36.8945528653083,35.746313865005,-9.79953409648956
TMS15F1295P0004,-30.1586566467887,19.5747654653794,-4.60712987057249
TMS15F1295P0001,-34.3560487051552,19.6092720976156,1.69124602459417
TMS15F1294P0001,-35.4436978542975,21.4026307586016,-9.66575167871373
TMS15F1292P0001,-79.1686798561272,-10.536940897547,12.7747679265785
TMS15F1290P0009,-31.2902259716108,4.37078246234726,-4.5268387783317
TMS15F1290P0005,28.12154446018,9.96474915085126,-27.7869646485108
TMS15F1288P0002,29.5933628286435,12.2325220755337,-37.7398849265663
TMS15F1286P0012,-41.7433224596475,36.0128943801811,-16.7955682886155
TMS15F1286P0011,-33.5565792394951,-1.07258283047895,-8.09314089163724
TMS15F1286P0007,28.3243682113468,23.3276008035778,-14.0148749571344
TMS15F1284P0001,-34.7740466219475,-15.7171181764876,3.44009892006719
TMS15F1280P0001,32.2208559398013,18.4647907430673,-14.3121889719549
TMS15F1279P0006,-29.7417187070375,-3.97023251237844,-2.18444501116883
TMS15F1279P0001,-29.0025826712957,-0.752409021118163,-3.46481194248115
TMS15F1276P0004,-33.9560137089923,-15.4783951628223,4.36976422138617
TMS15F1276P0003,28.3702813062197,4.37710390825562,-1.97619594327863
TMS15F1273P0002,-93.7421144910864,-0.632235513819333,18.6555047981464
TMS15F1271P0002,-38.4590771886943,24.1270357545719,-10.1919771976739
TMS15F1270P0001,-37.5239121490893,10.8331045533078,-10.8173194504267
TMS15F1269P0008,-34.686180369984,29.8051429772025,-1.94414487600209
TMS15F1269P0004,-35.9336246175777,24.6880500234127,0.00457410850984445
TMS15F1266P0009,-30.0057484629181,2.52953575028408,-0.119547381209618
TMS15F1260P0001,-6.49735635455641,-2.70869521480008,10.1703585345636
TMS15F1259P0005,-29.2942991882836,-0.267614967237112,7.0992369014644
TMS15F1259P0003,9.38376063523847,3.51010776399265,5.97139652124531
TMS15F1257P0005,32.3293252724569,-7.90653345873389,-6.27873017725962
TMS15F1257P0001,-92.3732258981692,-27.9966050092551,15.1419387685878
TMS15F1256P0011,30.3532211134502,0.45343142879865,-1.29010498588755
TMS15F1254P0006,-29.3019277331487,-20.4992375712801,-1.23719845672221
TMS15F1253P0006,-12.2085355075109,-18.3251809700211,13.7029997599226
TMS15F1253P0003,-15.3469405504545,-19.329201823387,5.50408173979368
TMS15F1251P0001,11.6571040861746,-17.9149387812084,-4.38577916923274
TMS15F1248P0012,-16.0389402178426,-25.5638730790093,1.27241701143649
TMS15F1245P0018,0.922197321499898,-21.1853934733704,3.93726287228753
TMS15F1245P0009,-34.1451107044158,-18.4775475652759,-4.82989022678539
TMS15F1244P0013,-30.9696907821776,-21.2387661289294,3.21433711489015
TMS15F1244P0010,-74.0483122953461,-27.3058617837004,9.89192275969705
TMS15F1244P0005,-15.4066380503873,-25.6029391647694,1.44527116181474
TMS15F1244P0004,-78.7957669248686,-33.3209699796411,7.79191167612036
TMS15F1244P0001,-15.9298672687282,-18.7016821227538,2.3365081327703
TMS15F1243P0027,34.5691334971519,-10.660508593675,-1.92043067470282
TMS15F1242P0009,-60.1647258053824,-16.2665370495028,14.6237582694274
TMS15F1242P0002,9.00476008517297,-0.224222564673274,4.77078621795262
TMS15F1241P0005,-57.3516683396756,-40.0572411107528,-15.2565739560034
TMS15F1240P0003,-19.8165519896188,6.69306830678011,-0.646109725673888
TMS15F1236P0007,-13.2249032543393,-32.8710866650595,-16.3591540325214
TMS15F1236P0005,26.8520872077197,-20.1650358745937,-10.6008640607787
TMS15F1236P0001,-40.3480107204114,-22.0027857513153,1.4837515027435
TMS15F1234P0001,-17.1780519184453,-8.15076648686936,9.77742380089819
TMS15F1233P0005,-31.6887623916964,-0.167892041083928,23.0447918624123
TMS15F1230P0021,11.0006258031319,-13.156602769583,11.5623775567103
TMS15F1230P0006,36.2613400349959,-18.4547405403223,-7.62032928852838
TMS15F1230P0005,31.1202071887678,0.423820480319015,2.41770684928291
TMS15F1229P0015,-57.3069667783186,-7.22806877010385,13.4975875998027
TMS15F1228P0011,-31.940966567135,-30.8630937514948,-12.2793777989651
TMS15F1228P0006,-38.8639127814278,-22.2038761116292,-4.55241330336785
TMS15F1225P0004,-76.5532950865723,-24.4058185958081,16.4591939308494
TMS15F1224P0005,-2.52347050644551,-3.67296653852529,1.71095051829716
TMS15F1223P0008,-32.5583157250667,9.37305656501416,-17.4266740120569
TMS15F1221P0002,-85.6850665292978,-13.6790727386228,26.8822792591199
TMS15F1219P0006,21.1055862095988,-8.59781708371955,-4.02528692776797
TMS15F1218P0001,-29.5172142615248,2.62160925992144,7.67679521313485
TMS15F1215P0002,-78.9069881345214,-6.66960905533918,7.22235221487199
TMS15F1214P0002,-91.8163133873043,-19.4318438713422,7.03746289013686
TMS15F1213P0001,-24.2311399375274,-10.746060658764,-4.40535510713764
TMS15F1212P0003,6.14279969139936,-12.981657931295,-21.5607176608868
TMS15F1212P0001,-37.0528501882299,-21.0565499159232,-10.8427042276489
TMS15F1209P0004,20.3349986180732,18.8313228180003,-14.1239516248225
TMS15F1205P0002,-93.2007970131686,-12.9989074293804,12.5491793716312
TMS15F1204P0005,25.3917727762314,14.0667204309714,-24.1445078745783
TMS15F1201P0009,-89.9422804923266,-21.9811691021653,22.882805476902
TMS15F1199P0007,31.1350411030656,12.9746287375294,7.12512122154413
TMS15F1197P0022,-79.0125837009006,-8.22091620542409,21.9523122164316
TMS15F1197P0006,-19.8606007494163,14.2931679561442,12.2132886065298
TMS15F1196P0016,25.4693319269834,21.7770382517163,-22.3543831758578
TMS15F1196P0012,28.9661262222323,6.64981134506435,-9.47173467658542
TMS15F1196P0010,-16.8407783440564,-2.16222636170729,-1.07755388119216
TMS15F1195P0010,-70.7316018814738,-19.8016173412199,-7.60469308874575
TMS15F1195P0009,-31.1931634845936,1.18334152354501,3.52121071425335
TMS15F1195P0006,5.28567997494101,-1.12452370301742,-6.84585585983506
TMS15F1195P0001,0.195347388696595,0.142951962550657,-6.39847444339799
TMS15F1193P0014,34.8326706273527,-3.15819639499142,9.48409427138307
TMS15F1191P0001,-79.1631464299093,2.35087006704413,5.59511053600245
TMS15F1190P0001,31.6860713453372,-6.85994336563056,-9.32182822995365
TMS15F1188P0001,-30.8650007976636,4.19880521469523,11.2285980025885
TMS15F1181P0009,-15.8222504666406,-1.89303591335393,20.2710085596661
TMS15F1179P0047,33.4731169649645,5.35986240154468,9.92957164593789
TMS15F1179P0015,16.1394833901019,5.06312323376372,14.8283953928847
TMS15F1179P0001,26.3147575705213,7.99634969583809,11.9962210201774
TMS15F1177P0004,10.1476430005274,-8.34421185415918,16.5569345314612
TMS15F1172P0010,-42.6987219213265,-5.81864863268,-11.1302814751615
TMS15F1172P0005,-16.9847976869745,-25.5126599459422,-8.97606287030764
TMS15F1165P0002,7.09422679018032,-20.3262374493359,2.4702295672087
TMS15F1162P0001,30.7843247048227,17.4916705836101,-17.0638362534491
TMS15F1160P0010,-38.2215301551187,5.39041542724819,8.55989931987084
TMS15F1160P0005,-34.7355691335272,-6.13350962874792,8.71114828715879
TMS15F1159P0006,-33.2122403860346,11.8288055704142,11.7030701850759
TMS15F1159P0005,-43.0610757301915,-0.0465987993027049,9.47482691050634
TMS15F1159P0003,-31.0942250458411,4.72979203930086,10.6329012606289
TMS15F1159P0001,-77.0068691931864,3.7790584586667,14.9504420286551
TMS15F1158P0006,-68.0125373878685,8.51268585616144,17.1388391383258
TMS15F1156P0014,-87.0341036620751,4.30231990247645,1.73346607879735
TMS15F1156P0007,-36.1063541300639,21.7146660278629,2.13986086819672
TMS15F1156P0006,-36.3868101127399,19.7297786338095,-4.64855942301069
TMS15F1156P0005,-30.5003928742807,3.22849017963156,1.59270739527697
TMS15F1156P0003,-34.0076723343701,12.4004020304592,-10.0169477691439
TMS15F1154P0020,-73.9645766812684,-6.3229775785788,19.9873473298793
TMS15F1154P0015,-34.5445103931541,0.12930548506129,2.41350450911607
TMS15F1154P0012,-64.0759262883311,-2.01873951690965,14.643997210972
TMS15F1154P0005,-32.1604083099974,-10.7339410708489,14.7762304982584
TMS15F1154P0002,-37.696296080385,-0.990952256875335,11.2521317599829
TMS15F1154P0001,-34.5824260997699,-5.7412888497613,7.58202570002891
TMS15F1153P0047,-37.4586450498463,16.4766421808259,15.3881430203253
TMS15F1153P0031,-39.7253032344177,24.932036966461,11.472025183583
TMS15F1153P0022,-43.7907092913314,17.2189894425299,12.7432835723116
TMS15F1153P0020,-37.0371644918165,28.8561021846371,23.0597182009183
TMS15F1153P0009,-51.9699260391372,31.065871820142,15.3980166203553
TMS15F1152P0016,-34.4969276233976,10.6694863790506,3.87217092032304
TMS15F1151P0003,14.9142527500477,15.4972394422441,-9.62434095573059
TMS15F1148P0003,20.4550608788211,24.8088010914943,-31.4860913867948
TMS15F1147P0001,-34.2797301809172,27.9777163693317,-1.3936687855334
TMS15F1146P0001,31.6784784160496,3.41950207696806,-15.8785021470922
TMS15F1145P0002,-38.7967866389526,6.0898364036531,-15.176330739822
TMS15F1144P0006,22.7638964298023,26.387362580013,-13.3166543143894
TMS15F1144P0002,-28.4734005938907,0.613148223980925,1.74985208151846
TMS15F1143P0004,-32.5449880479001,31.9868604519001,1.18525675387474
TMS15F1143P0001,-27.443127106398,15.957589582894,6.25787316150849
TMS15F1142P0012,-27.4688225845507,5.75532249208403,-8.86211808666777
TMS15F1142P0008,30.4389648112735,16.0469615325198,-16.5898936669788
TMS15F1142P0006,7.54827999375508,20.2634007171203,-6.58668616213994
TMS15F1142P0004,33.1671868678587,11.6999027858147,-13.5053987709972
TMS15F1142P0001,-0.053523655042149,12.1918540443589,-18.7696202160448
TMS15F1135P0014,-11.0851645354986,9.76983480463363,-0.164555277385508
TMS15F1132P0013,29.0487102336616,13.5632766582301,-34.5307350020919
TMS15F1132P0011,27.7979415258309,6.02596494493542,-6.58492762480823
TMS15F1132P0003,2.5665330624361,7.86091939921699,-14.1357224060313
TMS15F1132P0001,-12.7147802217096,8.78855572939834,-12.916216211762
TMS15F1131P0007,-1.16317977856499,16.770556355477,-18.3141526039819
TMS15F1130P0012,25.3153869290421,24.7957796258994,-21.2741364424668
TMS15F1130P0007,-28.0834938646035,17.7445503621511,-19.4216630675096
TMS15F1130P0002,8.01517988617528,47.0305653039433,-37.1782192692865
TMS15F1129P0009,-29.4685618884751,2.71584138381581,-19.5609217616685
TMS15F1128P0006,22.5683556508316,3.27120739696305,-6.64004655988584
TMS15F1127P0013,19.5699842710421,32.7204136156174,-28.0110423668438
TMS15F1127P0005,-39.9625145189007,38.2260692862941,-30.1788070815381
TMS15F1127P0002,16.3706234151951,45.6063650052064,-29.809753302714
TMS15F1126P0008,-25.5013989615275,-4.678856399036,-8.86429604461282
TMS15F1126P0007,-16.5390665786885,2.48938705342712,-5.82922825346455
TMS15F1124P0001,-28.1616250161738,7.12911470436872,-1.97277459936034
TMS15F1121P0038,-36.0157941396496,10.4782719721939,-3.70498614674175
TMS15F1121P0035,-12.1598648900663,5.39591028126254,-11.6896719355431
TMS15F1117P0001,-26.0146998176431,0.572174042187453,-1.66295370723971
TMS15F1112P0007,24.8019782981971,54.7599751193819,-16.0172019742803
TMS15F1111P0011,21.8808707486927,16.139267041038,-11.4786249470011
TMS15F1109P0004,30.2916900528073,12.2088289740526,-18.0158521207776
TMS15F1109P0003,-25.0850623845548,-7.72542332284608,-4.22149767528354
TMS15F1107P0004,-33.2662545022446,2.6512080502188,-4.92784488309771
TMS15F1107P0002,-33.1923436218598,-0.677971328284648,-15.8186301803709
TMS15F1105P0002,-31.1378491070677,-2.16054359427544,0.938715562969929
TMS15F1104P0006,-33.9611640293423,-19.2605408247588,4.14959492037536
TMS15F1103P0006,26.4915562858567,23.9481331207319,-31.4102842824577
TMS15F1102P0006,-36.6617180359955,3.6580027989109,-8.5232362538772
TMS15F1102P0002,-34.3754738385461,2.19860464010268,-6.11776937698629
TMS15F1100P0005,-29.6133800703629,-0.00867529155922354,3.12253784726299
TMS15F1099P0004,32.4603784998885,3.27524270820029,-13.5015791421407
TMS15F1095P0005,-33.353036258789,1.64726159719185,-20.3171087127016
TMS15F1094P0006,29.2727311837463,7.32934860988803,-28.4719242482008
TMS15F1092P0023,-40.1373337757588,0.691335993890763,2.80052181643125
TMS15F1092P0016,-40.1350589529456,1.79348109376444,12.4921343100629
TMS15F1092P0001,-36.0467479694081,-8.67463742110408,1.14404233405318
TMS15F1085P0005,-38.1659287188999,33.1875563282033,-17.7608741940082
TMS15F1082P0002,-33.7904838193073,23.1331298457798,0.677150275373611
TMS15F1081P0003,-25.3781066515894,1.15129030892775,6.44331310229446
TMS15F1081P0002,31.0773906978103,15.8654457320912,-10.0351232755935
TMS15F1080P0012,-34.7002848003734,-10.2867691395997,12.995494107344
TMS15F1080P0007,-33.5762346499055,-4.94144113775927,14.7594417487688
TMS15F1080P0004,-45.0331218120824,-19.7518170027091,8.84480886610177
TMS15F1079P0025,6.87688076868661,22.03781144395,-19.1396344339921
TMS15F1079P0020,-34.5154144640623,20.6017508590511,-7.4285478216636
TMS15F1079P0016,33.7708645257265,15.6471854452932,2.78749346660089
TMS15F1079P0008,-29.8874660453512,3.57484768791945,5.2815468415875
TMS15F1077P0013,27.4810258205023,31.1344019456609,-24.5971573032012
TMS15F1075P0012,-28.1951772145315,-9.47451238205126,12.5510957463684
TMS15F1074P0003,29.4023208684046,27.1008533602486,-11.9475971299752
TMS15F1092P0026,26.2461050643958,-9.55594723295955,4.48547029453706
TMS18F1020P0027,-61.3670869565724,-20.4255992728896,-3.53634985225409
TMS18F1076P0117,-21.7614234426506,5.4305751144664,-3.39778280528876
TMS18F1010P0011,-5.34578004843886,26.4082589146961,-12.3461040348557
TMS18F1056P0016,-78.1394691061599,-25.3864991494003,9.39970007862454
TMS18F1001P0014,21.4846560185296,22.6260046965667,-6.1944895258479
TMS18F1016P0010,-19.0302709940367,12.1712933468728,-1.29310878171023
TMS18F1076P0114,-32.7681942647305,4.31500964340859,-1.93531188096285
TMS18F1058P0020,28.7331676061427,23.3922268262823,-28.012743838069
TMS18F1040P0032,-38.8134695115132,-2.74059561595493,0.834471311137653
TMS18F1142P0017,-32.7392131543081,-11.7647548486695,9.75903012907322
TMS18F1132P0042,27.6159674177317,20.9051111497648,-14.9100270156613
TMS18F1018P0001,-18.3965151390872,-34.505968628428,12.7242170175265
TMS18F1134P0010,-25.1326474741503,31.44440997944,-23.1231637624588
TMS18F1026P0009,-79.2936483203441,-29.1075722783747,17.5867554755615
TMS18F1041P0005,-36.8598133141444,9.95378965322558,15.2090041396742
TMS18F1059P0015,14.1803701470316,39.7065076634159,-1.92052712533221
TMS18F1005P0023,-34.1868426318306,-12.6863067910748,-3.02048965129554
TMS18F1127P0010,-31.1689874398541,-8.92358092172873,23.2943639555472
TMS18F1001P0020,21.3005745275053,23.1198479732031,-8.80402286378227
TMS18F1104P0007,-23.4148403711993,16.2297309031471,-3.5038822494453
TMS18F1039P0021,-33.783598155783,-2.4608703999258,2.72098493889601
TMS18F1083P0014,-33.4438177591226,-20.7500810581686,-7.75767327683579
TMS18F1066P0022,27.8383792849902,13.9247253989462,-14.2702220278123
TMS18F1042P0009,-57.628709165669,-27.4490225910665,2.46647650771791
TMS18F1120P0006,-19.1880092355321,-14.0492960282414,7.58867951169232
TMS18F1058P0019,-31.3491560103096,-13.8838957558168,0.645878720885534
TMS18F1076P0001,-36.6147326775724,0.0938566769994105,-0.183072632114236
TMS18F1063P0009,20.0213599416175,22.4391650466868,18.0216163976
TMS18F1121P0029,-35.6019338977217,6.61471398148383,6.87849399097057
TMS18F1079P0003,-19.4024174350122,14.4426810444312,-2.43255748515366
TMS18F1003P0014,-0.145698038463174,-14.0486824330713,-6.84212944599619
TMS18F1113P0002,-92.0031995893038,-16.773769274549,41.0177376197047
TMS18F1099P0017,1.30845059897796,9.02923272919638,-6.9042112224233
TMS18F1092P0016,-34.7488573266957,8.01427305045267,0.650552149587245
TMS18F1144P0010,28.1908643392294,30.2225338440373,-7.39887108798169
TMS18F1135P0025,-96.2089353268659,-17.6178411781347,-4.62175044939497
TMS18F1143P0034,27.81073998564,22.1418658226322,-21.6991171750683
TMS18F1143P0028,-34.6969626478362,1.61454706312418,-11.3311982300326
TMS18F1114P0032,-0.528077663730087,15.6322574090451,15.2083641123538
TMS18F1090P0029,-36.9044129553393,33.440396951445,0.261959038326652
TMS18F1068P0093,3.47479965972723,9.4076125655539,-11.9540331166141
TMS18F1066P0024,31.9713617117952,1.18789846539715,-1.59549529742476
TMS18F1098P0004,-58.1448400237186,7.60764781317568,-7.0347337030544
TMS18F1090P0020,-22.1604773968361,18.3558497212488,-0.0295526497415568
TMS18F1132P0083,-20.4226899621453,4.71248041450814,-1.17817120286941
TMS18F1047P0062,-72.6744262289064,-33.1360958622171,12.5266747158463
TMS18F1113P0038,-41.6939637934476,-10.3842680784662,39.7488226074585
TMS18F1083P0028,-4.54510480784652,9.99702920650357,6.61164775053104
TMS18F1132P0058,26.9368641068938,28.9381063979873,-10.8715855299014
TMS18F1040P0054,12.4829034703431,26.8689721812147,-19.8546860495126
TMS18F1132P0144,-44.9444314114465,-46.0329863632011,-65.8819332011435
TMS18F1156P0001,2.58390673124684,4.56901374715927,9.1026346626527
TMS18F1073P0038,-32.8164501992413,-6.30179925347987,-2.6703603103229
TMS18F1076P0077,-31.1633219163338,2.65876982760809,-7.86901577716489
TMS18F1090P0031,-27.2693367349547,25.474100024547,3.828421098785
TMS18F1056P0052,-78.8149832406183,-34.1854302484417,19.7853954881538
TMS18F1138P0037,-18.2381776064516,14.9864247953122,-7.03473850569116
TMS18F1056P0065,-38.3278746500443,-15.4249773640914,4.21732261007595
TMS18F1056P0064,-14.8037912758777,-17.8550002413694,8.45405768563092
TMS18F1068P0090,21.8968591576485,39.7713506225118,-24.6026549595279
TMS18F1040P0067,-22.4108455879413,10.6231484316948,-20.7152994896861
TMS18F1060P0068,-74.0212911264736,-6.33261627623893,2.23681310506184
TMS18F1114P0039,-13.220167704274,44.0763916776229,-18.571062383579
TMS18F1083P0032,-6.33782553754074,-1.01015650845702,-3.77982735510033
TMS18F1040P0063,16.1830616771368,6.83160172711564,-16.3513284862268
TMS18F1102P0031,15.4683956869187,48.7429837932002,-18.8119397787729
TMS18F1068P0082,9.50172488313159,26.557480711913,-11.8808595792163
TMS18F1138P0030,-95.5766193966697,1.45657935264619,-3.40392016412127
TMS18F1055P0044,-46.8844744226359,-15.0195067804077,6.50773454899866
TMS18F1038P0087,-58.1580382117874,13.5680449854041,4.72274693746387
TMS18F1065P0037,5.49002305261639,-10.1484066862255,15.7152564240134
TMS18F1138P0028,-14.6028545030591,8.81387555198257,-3.19121182561726
TMS18F1139P0076,-32.5147234214335,11.1817987269276,2.37837287690629
TMS18F1025P0041,-84.9776281842618,-12.4231158002179,21.7264444206786
TMS18F1157P0041,-51.8946630002157,0.534460544777373,-0.625564275539941
TMS18F1025P0038,-32.8370574378435,-15.7036391753591,12.4304282337854
TMS18F1139P0097,-34.6478026781656,18.0123099440605,3.97996091759904
TMS18F1028P0033,-100.444229327354,5.87271034567689,9.22039300563337
TMS18F1037P0037,7.43772550830236,0.0728963302296129,-9.15118098563704
TMS18F1083P0025,-31.541976156936,-14.6494227301786,-8.79595796109059
TMS18F1113P0031,-43.8309962046044,-5.40145210300793,20.5809359566435
TMS18F1119P0037,31.3852965704306,-4.332315128328,1.11006442054927
TMS18F1124P0041,-36.0702493459894,5.08738124225242,-15.3403399529382
TMS18F1119P0039,-56.395672929384,-9.4033539967085,27.4035049313524
TMS18F1057P0030,-103.571305794555,27.5374676576219,11.7409530501422
TMS18F1069P0028,25.8574556631519,36.8431699721584,-36.0787244105953
TMS18F1095P0041,-17.8227677392821,7.32212206615323,10.9000160186953
TMS18F1090P0023,-43.5570265732117,25.8310453651328,17.1224709529118
TMS18F1068P0085,26.2609600368085,39.4703069165942,-18.5272393966054
TMS18F1010P0027,-24.0733304275991,19.2057015133544,-6.90289159574941
TMS18F1051P0072,-24.6991344015742,-0.208585525581763,8.35952339116717
TMS18F1037P0025,23.3700877697707,12.0261972573568,-32.9492981889866
TMS18F1119P0043,13.446168006209,1.6534527476723,10.284722949156
TMS18F1056P0077,-15.5207706910448,-13.1294267387256,4.52737378747782
TMS18F1157P0033,-15.8623421208265,1.76170692575862,-6.79283962092855
TMS18F1040P0047,9.5363614676582,23.9743919146179,-12.7667784161699
TMS18F1065P0035,10.7040350200248,16.4668356433227,-20.9014979936787
TMS18F1040P0052,-34.6046951331653,9.27430498302185,-6.07236476518482
TMS18F1157P0038,-74.8539843867319,-6.20173054483829,3.24771767779171
TMS18F1051P0069,-31.8130123025407,-3.84677223699907,11.8674121960222
TMS18F1010P0030,-40.0863423260799,19.8399545019253,-2.56574324068085
TMS18F1096P0042,3.31706246400097,5.22039660708028,-9.46521376388953
TMS18F1038P0078,-9.19147786820321,18.0599508607945,1.33354236218987
TMS18F1106P0028,12.5448621782544,34.5909878337159,-7.3433513459364
TMS18F1040P0064,-13.4118559660047,7.7904260122507,-0.00239376867735568
TMS18F1040P0069,-100.898963881878,7.60690018922032,3.14750359645036
TMS18F1068P0065,-37.9244671165867,21.5757332876873,-1.58827606513737
TMS18F1119P0042,-33.7550758473461,-16.6867132600625,14.3054512222418
TMS18F1065P0032,-31.7134439359669,10.0120265164225,-9.77423222441666
TMS18F1051P0050,-88.826634942881,-9.83326344159711,15.9456947999831
TMS18F1068P0066,22.821255202154,19.475227387274,-16.7545076295843
TMS18F1106P0031,-36.5788744939287,28.0776820762483,-13.0367632710017
TMS18F1056P0057,-27.5858559404168,-9.02116204536506,0.715171365601737
TMS18F1037P0043,10.7372470366657,-7.71465861543716,-9.86901281597068
TMS18F1066P0033,27.324095463472,16.5205199589292,-26.8057555613504
TMS18F1025P0029,-83.937350129659,-2.91904450518759,18.6419790666574
TMS18F1040P0057,15.9728644431777,16.3706762373568,-10.2560175234485
TMS18F1069P0035,5.05245507353405,41.0459833693793,-24.8398235006727
TMS18F1083P0034,-28.7057556843569,-8.56104896363928,9.1882485466592
TMS18F1025P0024,-33.0090131908593,10.780940150606,13.592397149638
TMS15F1475P0011,8.58217995665202,-9.65805581155744,16.7696678828453
TMS18F1068P0088,25.1119070347361,31.9888808270365,-17.1459538708815
TMS18F1008P0012,-31.248680167283,-19.7886145137465,-5.62779073651251
TMS18F1076P0104,-76.0316890441491,-11.6312612276561,4.21970640392063
TMS18F1040P0043,-53.2560089344578,12.2015335258061,-1.42497321562753
TMS18F1106P0037,17.5239841484018,25.9025291446856,-15.0851599830115
TMS18F1114P0038,-53.9851257474775,9.63596846243956,20.3949775699509
TMS18F1056P0050,45.787136202585,-20.6744706783131,32.1248282468679
TMS18F1056P0053,-33.9072795721707,-17.851587224154,6.11924151535642
TMS18F1106P0044,18.094280822364,21.9179375567258,-10.600600736936
TMS18F1083P0031,-29.6427493585963,-12.3824440580354,0.592602901775708
TMS18F1071P0028,6.63469169485515,27.5970578256728,-16.6429302458536
TMS18F1106P0035,-35.9969528251789,26.9060895598917,-2.02771655833602
TMS18F1051P0039,-34.8014988686535,2.0115599040971,3.09890126643865
TMS18F1057P0037,13.7447131227093,14.063615788528,8.90701533842142
TMS18F1057P0033,-46.3241850597881,34.440148987042,8.37410878453763
TMS18F1113P0027,-41.6685179849212,6.57565845268606,39.2369928884027
TMS18F1106P0045,-35.4870059721118,10.4150870385329,-3.80338712075144
TMS18F1057P0025,-99.0129289965826,7.09386003654485,38.6972246352139
TMS18F1068P0055,-12.077147696588,23.9669073333108,-0.378401633626364
TMS18F1119P0029,-36.8741576626645,-6.6816985403396,16.0757498039591
TMS18F1065P0026,-0.144401881529973,16.3325477087559,11.923476806591
TMS18F1004P0010,-48.948842046846,-1.27400617477768,4.95207443510083
TMS18F1006P0005,50.3838181318102,-55.4159347783515,-14.2446348073098
TMS18F1088P0026,5.64960639339503,22.0552131530319,-8.93244721028128
TMS18F1049P0022,-43.4680602938075,1.11906390659273,41.5599837721283
TMS18F1051P0030,-32.0318785333358,-3.05782689622732,12.2484066619274
TMS18F1091P0014,21.9623572505845,7.6481382338716,-11.9455133355458
TMS18F1088P0022,-22.0540847648481,-18.3203334239652,-1.82561098145867
TMS18F1010P0005,-33.692140593499,13.4439280788071,-3.52833742001371
TMS18F1039P0011,-34.736153594046,-3.30486768818381,0.975525217570388
TMS18F1020P0001,-60.6995624917093,-20.3457948499747,13.6766023596916
TMS18F1076P0010,-32.7807998026737,-9.623484917155,-6.13314903729597
TMS18F1101P0014,13.5467561357113,10.0867331574108,-8.46096344352245
TMS18F1058P0010,16.09426805739,12.353224771946,-31.0548264810208
TMS18F1075P0001,16.0994470962819,30.9106191049587,-1.7929115299662
TMS18F1020P0008,-95.4866904685767,-26.7124750890055,13.6597615964116
TMS18F1056P0032,36.345822420173,-12.3895029109129,-21.9362606617924
TMS18F1081P0010,34.2444132779571,10.0944233997827,3.51081567909698
TMS18F1082P0023,34.6170356444373,13.4307494942722,-8.65413281551041
TMS18F1099P0015,25.6993771206512,21.2929657289099,-35.7689814848211
TMS18F1137P0014,-83.6548774906091,-5.1763930504319,10.5804566492463
TMS18F1051P0033,-34.4864740303787,2.63990022506568,5.29174770603199
TMS18F1058P0005,-30.8596456714843,-1.96608826054376,-12.8174288724471
TMS18F1092P0022,-31.8423536032999,-7.36305171098678,21.1059631139236
TMS18F1025P0013,-80.9342787002612,-0.896326162598591,19.8969057068589
TMS18F1123P0019,24.3595438350737,1.64595277945877,4.28849575887393
TMS18F1056P0040,-72.0064970185696,-31.0846909980905,28.4866940249537
TMS18F1089P0001,-22.0802750419633,-11.0690289556009,-2.45210804831367
TMS18F1087P0001,11.356839415508,7.84163064389848,-28.5440371342188
TMS18F1044P0018,31.4006886366695,17.2574518779861,-5.09583965446328
TMS18F1109P0011,-44.3199394881206,47.0082980110834,0.629527691413994
TMS18F1065P0016,6.40680016383859,-0.868908595711171,18.1101853464317
TMS18F1101P0012,9.61273786107544,-9.30727844155548,-7.57431746974499
TMS18F1026P0014,-29.7224135301137,0.49088953841701,12.3489955112319
TMS18F1084P0014,-34.2561076074138,-8.03741912355271,-15.9532668583437
TMS18F1017P0025,-32.3667677306626,15.5781959652314,18.3352981667614
TMS18F1091P0010,25.0110057661194,11.7318286381534,-12.4934549623082
TMS18F1039P0024,-84.3305570505833,-6.72449445851215,9.8233691718628
TMS18F1057P0011,-96.6958703763335,9.1001364665807,29.069920199749
TMS18F1126P0020,-79.8587532984934,-17.3476242220891,14.5006443167321
TMS18F1071P0008,14.8471320318804,5.96396699829539,-4.66325176028686
TMS18F1108P0012,-34.4011669547136,18.7994748424734,14.1500603613516
TMS18F1030P0019,-33.828699358991,11.6635665939284,-9.79789998214841
TMS18F1082P0006,-32.7170635152986,5.53085027472801,-14.2746963151802
TMS18F1047P0024,-10.8230418058006,-8.24774573836298,4.84159384908126
TMS18F1059P0012,-87.2558801918135,7.20261909034357,16.3552461192756
TMS18F1087P0003,-26.2977579679721,10.6967468006973,-21.8653725612165
TMS18F1090P0001,8.71004392801553,29.8725740986159,-13.4588672167458
TMS18F1100P0008,-35.3635151977819,-0.839854503227084,-0.927744594458966
TMS18F1046P0001,-90.4136350931257,5.96279188320222,17.2440505267679
TMS18F1056P0025,28.629228461608,-0.180580370529934,4.15871737911965
TMS18F1051P0037,-24.1066800360955,-2.86914488188354,11.2677221538177
TMS18F1014P0004,-98.2333373016821,-3.47596879532875,-12.1825782701031
TMS18F1015P0003,-60.5487921095902,-20.9014698242457,13.198794599513
TMS18F1082P0010,22.1479384127965,8.62662707384903,-11.4277084655217
TMS18F1033P0018,-32.0927558499546,-4.44665687067894,-0.299152238901332
TMS18F1083P0008,-27.837646439082,-12.8707357596663,-6.33685828816083
TMS18F1005P0015,-84.2759051541495,-33.7010801092457,15.3873781766516
TMS18F1048P0013,-37.4380470442495,1.80004919790834,12.751299915541
TMS18F1143P0033,27.4978318326615,12.7841167008634,-28.5116274120053
TMS18F1093P0016,-36.2176070602053,-10.1524511800772,24.2012973979456
TMS18F1006P0009,-41.4127311725793,-15.2445082689071,14.4950528599303
TMS18F1024P0004,-76.1828633247775,-23.6005044325563,12.2755018159258
TMS18F1133P0001,-55.6703785217154,7.67856902509616,-6.10408949351105
TMS18F1075P0011,-47.1346089813443,11.8417693800786,-7.51883666041369
TMS18F1059P0013,-47.2088397618007,3.69365883969324,14.9049827197909
TMS18F1002P0005,-17.9592279513766,-0.556191661526366,-23.7567962206218
TMS18F1009P0028,-39.4155200157124,12.8525854340021,-1.86001481314855
TMS18F1044P0016,-32.7337801335605,14.1303182844112,8.7885784322921
TMS18F1015P0015,-16.5244897713659,2.56999777403728,6.96958715862342
TMS18F1091P0004,30.053185716656,11.3304576832543,-19.6714160062275
TMS18F1037P0012,-15.3269760441994,-8.98395259267727,-11.9690337232287
TMS18F1053P0007,26.8737008923544,11.1893780329393,5.47184721925473
TMS18F1084P0001,32.3326671230139,-2.37423153504402,-22.1432960883797
TMS18F1159P0030,-38.0589895243091,14.2132910078603,2.21491631877792
TMS18F1002P0021,-30.7822082054043,-15.0188749141553,-9.59818561730213
TMS18F1088P0008,33.4323852819699,0.42051526776066,-3.31666799309567
TMS18F1092P0007,-30.587403501147,-17.5773190355996,2.19914221534223
TMS18F1009P0002,5.07545471231341,15.0071984285986,-4.933112795056
TMS18F1059P0010,-94.4509998519332,-3.52232755580895,30.8848312763022
TMS18F1009P0020,-29.0727493502216,6.07637793676238,-2.78489304104695
TMS18F1003P0011,-29.4365066021005,-17.9022260930135,-2.14255768055326
TMS18F1163P0004,-28.5815062349773,-8.77383770051515,-9.31257785232586
TMS18F1150P0012,-33.8790423614137,13.6997308120595,-1.53344873934051
TMS18F1150P0007,-30.9410061859085,-7.10871667986464,-11.7579482463201
TMS18F1120P0025,-33.9331847623574,-3.56829624921072,17.1106817468538
TMS18F1148P0001,-17.9170626671264,5.49006067654099,-11.8393643761897
TMS18F1159P0002,-17.377079406939,7.04153529356718,1.52864717415074
TMS18F1146P0009,-33.3115107094334,9.46793372538564,-11.2935928237713
TMS18F1101P0008,13.6179254326507,-10.6732534686759,-1.2674936113379
TMS18F1141P0021,0.511764125260924,-3.12018544817347,-1.54761572089321
TMS18F1147P0010,-28.8969501769357,-40.4749151562681,-11.3425659573996
TMS18F1152P0017,-14.4993788177141,25.3977751577135,-12.2501795840157
TMS18F1161P0029,-18.6586367584613,1.03314586246303,-13.4877116214667
TMS18F1141P0007,2.1641349733805,-9.61683711215973,-12.4700336582997
TMS18F1124P0006,-34.0343273021218,-4.68997492299496,-2.85396483680542
TMS18F1161P0009,35.3243669296786,1.6928292820615,-4.39291802975135
TMS18F1159P0011,-35.6353446557285,9.27647815827623,2.3102652227679
TMS18F1146P0012,-88.786272211759,4.39980058081754,-1.52717646681946
TMS18F1162P0019,-37.0360132695164,-7.58610772830976,-9.62020243117098
TMS18F1162P0018,-34.8600718088528,-5.0197869767769,3.03971528889855
TMS18F1163P0008,-29.4052211671957,-13.8579101829655,-6.3064745485754
TMS18F1094P0010,-89.0233039446436,-7.83091807227683,9.76162831189377
TMS18F1143P0036,-28.473317625739,2.65174612292603,-0.711272178758108
TMS18F1124P0017,27.9793531883024,16.6344267250877,-15.439283517404
TMS18F1154P0003,26.1503517617296,18.9097546109523,-23.1231882169431
TMS18F1024P0017,-48.0218836978341,-25.2722710512743,17.700320724822
TMS18F1024P0031,-39.3784507088534,-8.85256183255512,4.82072964294626
TMS18F1024P0005,-84.1039760585785,-7.47092830328976,7.92490670071982
TMS18F1032P0018,-30.8769712732076,16.6429977795958,9.33177842727522
TMS18F1149P0020,-31.6081437075599,6.7277588825032,1.28105090056245
TMS18F1150P0015,-37.3963120249658,2.07259049864618,-9.97417491833486
TMS18F1094P0004,31.1315425619584,-6.21422298962305,4.02750523100834
TMS18F1073P0024,-34.4489028953582,-11.7901855978182,-3.17462641588742
TMS18F1020P0026,-62.3322290432091,-16.3382706283349,5.11332083180508
TMS18F1020P0033,-86.4458499028475,-24.8441700966369,7.94196690900608
TMS18F1073P0030,-47.2549547867788,-8.50124991262277,-12.1533987351291
TMS18F1159P0001,23.6892822343148,39.181898368753,-10.8304846525527
TMS18F1095P0020,29.0611740836365,18.7747078273251,6.4817691141633
TMS18F1040P0005,-19.9663029030927,-2.23727107367585,-9.85489689952531
TMS18F1047P0045,23.8146623394104,15.7552926228255,-55.4257704154069
TMS18F1003P0010,-21.8784566518481,-9.23083179095567,-13.1182692649967
TMS18F1047P0012,7.29996602694697,-12.9305423170464,-38.975512157424
TMS18F1152P0003,31.7974160180711,-17.9338466881655,-42.7869274717692
TMS18F1150P0011,36.3784756316097,7.59400975206894,-28.6287460582306
TMS18F1024P0020,19.0656315200303,16.6147163882669,-0.463248429073773
TMS18F1044P0013,-29.187850290234,-13.3515184775298,-36.0385923049877
TMS16F1016P0007,6.88538955229652,11.6344370157628,7.04524582959745
TMS15F1474P0007,-26.2144107441794,-18.9755222993013,9.5640442674996
TMS18F1047P0042,-28.2728671951953,7.08850596179332,-21.2463634836351
TMS18F1153P0058,35.2106628667883,-19.3213097349082,-25.1854814650543
TMS18F1125P0004,31.5686477823855,-34.58544953206,-25.2627648926633
TMS18F1132P0062,-20.8929908500727,-17.222429515967,-6.96237323866862
TMS18F1004P0008,-4.96856383076716,7.82183568005694,-2.49519232165849
TMS18F1051P0059,-57.8496514311174,6.07209710707652,2.20147191534458
TMS18F1056P0066,-12.4972994733157,-4.91147223213267,-12.827085281365
TMS18F1153P0053,-20.7887652624867,7.96649876385704,-11.3845992073158
TMS18F1068P0063,2.67145993149645,-2.7446160824912,-4.9217186834573
TMS18F1047P0049,-39.5077708954127,11.7687665729521,-56.5963636988305
TMS18F1028P0003,-20.4666935572751,-31.3559698981607,12.4573595754909
TMS18F1007P0004,28.7487505559923,15.4484600197535,-53.3063379333937
TMS18F1096P0013,-38.1150975914688,-29.6420354967202,-24.2864397094761
TMS18F1076P0121,-64.5031774101618,-19.7758033826696,4.62039451790686
TMS18F1127P0011,-2.92706488659989,-8.93146818276254,-39.1952860685019
TMS18F1069P0023,-14.1658924156655,-51.1473666287783,-0.84355363101655
TMS18F1019P0018,-13.7940321481413,12.863041633091,-0.00602741097644754
TMS18F1064P0027,22.47918959276,8.71374370560113,-54.6926051467575
TMS18F1120P0004,-42.7585894185864,-46.8587176258344,-16.518911100807
TMS18F1082P0024,-24.5679339113171,-27.942321133403,9.84103461118223
TMS18F1076P0106,-22.8305714403732,-31.6992052270932,-28.3075969386497
TMS18F1038P0056,-23.3109647931699,3.55030119592275,-43.1178582579524
TMS18F1149P0024,-31.4274757306563,-19.5729609131659,-0.382325802780967
TMS18F1068P0077,39.1302838466394,-17.307858636104,5.04998667159171
TMS18F1055P0036,-14.3831563561018,8.20958464651046,-2.70734321599917
TMS18F1007P0005,-28.0616572914399,-0.218333095043364,0.279645790828123
TMS18F1076P0110,-31.5719652631624,-17.6109854144291,-31.9776035379942
TMS18F1085P0012,-34.7031411535215,11.8493014005722,4.87976120771038
TMS18F1056P0019,-20.665054088947,-45.7023812817948,4.77200971217446
TMS18F1028P0030,-68.2140261682666,2.95945313212046,15.3038069928059
TMS18F1041P0002,-19.7763373118293,-31.993475458261,8.23839639861576
TMS18F1003P0009,-28.5921725594193,-25.9396511146312,10.4154489463332
TMS18F1069P0033,-85.3790604909858,-30.0913888533721,3.67565935491451
TMS18F1060P0067,-32.8452047079234,5.90805753268549,-58.2679103246436
TMS18F1132P0078,44.4221653050928,-45.4855340013339,-0.687720548548589
TMS18F1076P0103,-43.4179498474644,-0.92079420143946,-13.6527751383378
TMS18F1096P0024,-36.4221524797509,-0.12580098708892,-0.735549170129243
TMS18F1156P0016,-34.1023058583413,2.03470615991684,5.15641609868503
TMS18F1003P0003,-29.4790782006276,-10.212505298796,-44.3509726733534
TMS18F1047P0046,46.8959433762336,-45.681198808354,-6.13230982130435
TMS18F1048P0023,-17.9903910658754,-9.18988316367685,4.32300559109852
TMS18F1076P0066,37.9302442785221,-30.1214867497086,-40.8293369195134
TMS18F1040P0044,29.9746125779577,-6.91406476843662,-41.238638244266
TMS18F1051P0063,-24.6667998500756,6.2429801081887,5.12832238400403
TMS18F1076P0112,20.9793952239688,9.30842597024792,-35.8627667151428
TMS18F1063P0008,28.7961822842889,-1.78659931943529,-48.3193729531501
TMS18F1038P0010,-23.2715081945602,-5.88239844673275,-32.7523004786127
TMS18F1107P0020,-95.9475280154862,-3.69133271686822,-10.8401764150594
TMS18F1073P0035,-32.6077812312999,-1.48251092783399,-7.78103915752112
TMS18F1138P0035,-34.3448295983713,7.53344260764668,0.844667795452988
TMS18F1081P0014,-22.8848759147379,-37.4822717649167,9.32152210001605
TMS17F1439P0047,3.95438350316006,-1.56964444919402,1.35803366476189
TMS17F1420P0003,5.20092133213202,18.9950667954262,-20.8736191201643
TMS17F1386P0069,-20.9067920647275,-13.0111303686138,1.9654904559169
TMS17F1366P0037,-27.4631754839559,-25.9357672958988,3.16949714354457
TMS17F1416P0013,28.1869762483132,9.32623670613759,-15.2204260174277
TMS17F1194P0005,-20.2292665795757,3.60419099963538,11.2124538173147
TMS17F1322P0001,-54.3322514861845,-5.79323858804826,7.43191554998514
TMS17F1071P0008,-29.6760795907605,2.12230678541888,-0.980806234654639
TMS17F1439P0095,34.980493859968,-0.425398834152963,2.34016718477137
TMS17F1409P0014,14.0085135158222,0.682216312115985,-18.1962518334204
TMS17F1416P0007,-30.0528896447053,-8.2043623095476,-8.90675533471305
TMS17F1477P0001,-23.3077617723006,6.79823651278972,39.2592580274289
TMS17F1364P0003,33.3954592930608,-25.1425031561208,1.02551741551831
TMS17F1028P0001,-23.2400316886843,-22.7027636818744,9.48420210862918
TMS17F1411P0006,28.6617878236506,3.2732112635492,-19.5871272626314
TMS17F1413P0007,24.2765556966718,3.10287359078074,-9.97342300461964
TMS17F1454P0036,40.1186935313094,-26.0215641133872,-18.5343836504393
TMS17F1482P0027,28.2037598900488,4.07412450050552,6.98668414605148
TMS18F1035P0011,-18.3542360999661,15.0399945844822,-1.52626262391919
TMS17F1388P0034,36.3454825309448,-6.40348391806965,6.16756494668603
TMS17F1566P0010,12.9567863499579,-4.82398756759875,9.83250461523206
TMS17F1375P0052,-31.8722451539243,-12.6966527818491,-17.9838979130435
TMS17F1362P0002,45.6834084780361,-34.1630552697332,-5.24952432816285
TMS17F1419P0077,23.7573102138076,7.62536081070762,1.80375318091519
TMS17F1395P0019,24.9455011447045,6.07234276623598,-3.73323997236849
TMS17F1055P0019,-36.8017359972001,9.04908514924838,-14.065140651804
TMS17F1363P0001,34.0571676789038,-5.00635530252749,-7.1038354646894
TMS17F1533P0001,-20.7461185111039,10.5289823676626,13.2298400923108
TMS17F1061P0067,25.8624027940469,-8.23912557300861,-9.55454155819353
TMS17F1467P0005,-18.9242118580833,-24.6560158332645,20.6826435142779
TMS17F1477P0045,-26.9823829596449,9.94244452345134,26.4027338262309
TMS17F1362P0015,-21.9374271786986,-47.5580100223812,-5.93925367245679
TMS17F1034P0003,10.4929825170879,8.92825396119905,-16.398380704417
TMS17F1283P0010,-36.6295613719539,11.9505628273041,-7.20834558227726
TMS17F1387P0008,-28.4071976610527,-11.8723976460733,10.603564583942
TMS17F1377P0009,12.4736590235292,17.8617600959776,-10.0440137154069
TMS17F1308P0012,-78.0139748401937,-10.266317438202,-5.71247724423502
TMS17F1411P0063,-27.4362180599498,-11.9450267459142,-10.0246872373091
TMS18F1324P0003,-101.99017021391,-43.8646445450424,-42.3415396539293
TMS18F1366P0014,-1.63823097887126,5.12544503744031,1.95081295838001
TMS18F1320P0101,-18.781611470347,-41.1629971566989,-20.5265033038478
TMS18F1331P0013,-25.6669438016649,-29.6181739781317,7.24061755134692
TMS18F1371P0001,-39.5898767313377,45.3057251570997,-10.3606136923684
TMS18F1408P0006,42.6645238652599,-1.85579999640359,-12.8732103435045
TMS18F1318P0018,-82.3512664748166,1.34891866146867,-46.8930129829464
TMS18F1324P0070,-39.0152334148363,-39.9053056469041,-55.8749515863972
TMS18F1317P0059,18.0029223269466,3.34399378175094,-72.7134114892543
TMS18F1485P0020,-23.9276312063432,-32.3163402040187,14.3429076674659
TMS18F1369P0023,27.7439304866109,17.5214794784763,-0.0226943532496803
TMS18F1339P0015,-27.3987625606249,-23.8786878348941,-19.1855674651606
TMS18F1377P0007,-28.0929831781512,-5.93674263652963,17.6133353940134
TMS18F1338P0053,-31.6886281551086,-31.5671740662504,-37.2339144692494
TMS18F1377P0023,-33.8441109112793,-7.52980616600128,-12.3126971285898
TMS18F1333P0012,-30.3921948181419,-15.7814246772326,15.9820640431417
TMS18F1369P0014,29.7715310839649,14.8946417307862,-0.168746320820298
TMS18F1330P0008,42.1092133683559,-27.0109758487032,-15.1900325576998
TMS18F1421P0005,-25.5552950818448,-16.4817486925021,7.58980941460249
TMS18F1371P0011,-37.2206355187664,26.6480621673389,1.42529618835523
TMS18F1426P0001,21.3430999555115,70.0817604322357,-10.3198325268207
TMS18F1421P0025,-30.2669650490262,4.92913963861484,15.750111691188
TMS18F1337P0044,-37.1957290553163,12.8753450646318,-23.1237721690062
TMS18F1320P0087,-21.7327694624126,-41.5547433783506,-30.2167986134139
TMS18F1278P0165,-38.350542391137,-29.8510859327595,-44.9051604403341
TMS18F1342P0017,40.3528982309071,-31.0372413812657,-10.3720243212885
TMS18F1369P0015,28.7997083526529,8.04931352038524,-6.84850897108746
TMS18F1367P0030,23.9536340089402,32.2945572377131,0.01021674412332
TMS18F1320P0086,-21.7809605067788,-45.4538983310689,-30.7192525190257
TMS18F1396P0017,29.0010747949213,8.1566760300075,-6.24871790328712
TMS18F1395P0010,30.2838734806186,44.2257536358008,-17.1526608785607
TMS18F1319P0159,23.5213487403917,-28.8898083183665,-73.5686119080946
TMS18F1217P0121,-43.5343934611742,19.5685037531105,-11.1537463645419
TMS18F1349P0157,32.2987649051088,-45.7554461920269,-27.9975329564641
TMS18F1352P0002,-19.3327521518219,-33.4138453048129,8.52069707852466
TMS18F1355P0025,-38.2390408275707,4.34922230264695,-61.1006891999296
TMS18F1373P0028,20.7299800756216,19.5016866241706,-34.4240614914873
TMS18F1361P0018,-39.9966757345671,-4.0824294689658,4.13367504592057
TMS18F1250P0050,-38.0080491070886,3.03596420668576,-0.491602293377355
TMS18F1217P0091,-54.7160640428396,-7.92502501799882,5.95603942915152
TMS18F1348P0039,-88.589722220157,-7.81561894968391,-15.9273004005576
TMS18F1217P0095,-91.7087211173556,-2.74263041711077,-9.02436029906032
TMS18F1330P0020,-26.4542788805259,-19.8029173002753,-27.7721068835434
TMS18F1278P0180,24.7737887579099,-24.3970631574302,-62.423980906479
TMS18F1265P0030,-32.9246247727758,-3.92514586739051,-49.1629152152273
TMS18F1424P0020,-21.5471976968172,-37.1226772233051,15.5408522165578
TMS18F1317P0123,-1.35799513553663,1.35712420851369,-59.1505406860187
TMS18F1319P0033,-101.443483461192,-46.5364997511393,-57.659526073293
TMS18F1409P0008,-41.6866473098384,5.56995061186373,-20.0433476486308
TMS18F1324P0107,-46.0031796425845,-22.5583389039467,-75.5409097297273
TMS18F1336P0015,-38.4584151360673,21.202541145753,-50.7494128492594
TMS18F1296P0071,36.6487198941082,-38.1646930229027,-3.16348807004404
TMS18F1480P0032,40.2964582926745,-11.818145464807,22.8153479569941
TMS18F1348P0156,25.7512355190892,19.1534895417069,-26.2722327631014
TMS18F1389P0031,-6.35563301577568,4.79476976707906,41.6158174106518
TMS18F1447P0045,29.8583703984772,48.0778927118725,25.3391538870487
TMS18F1370P0008,1.39314721629714,28.3037396299842,-20.3981702294508
TMS18F1345P0001,-26.1049348764685,-40.3420520779231,-30.6015085500349
TMS18F1306P0129,-34.0003246480233,-18.9578500400623,-48.131943851124
TMS18F1383P0019,37.895552600235,38.8544296202965,39.046919399304
TMS18F1319P0061,17.0348291744887,-14.3723556476187,-83.0289376529074
TMS18F1348P0131,25.0748752895743,19.200913682811,-35.0220637583734
TMS18F1338P0116,26.5372206121855,1.5267100182375,-50.094429642654
TMS18F1359P0001,-66.535297812578,-25.6258575625561,4.52300539493439
TMS18F1338P0085,-78.3840928875547,-38.8114418775913,-31.0230852534871
TMS18F1317P0048,13.9774056942048,26.5198224720252,-69.3529421843836
TMS18F1369P0010,0.0767425464719297,7.10523455599482,4.3480564482025
TMS18F1339P0012,37.8222200473834,-2.93747725514168,-11.5086726287533
TMS18F1480P0023,44.6748968266008,-27.4513879600263,24.5684316666157
TMS18F1338P0067,2.75379506987585,-9.05882428915418,-42.3215232278511
TMS18F1306P0130,26.1326778343548,-2.03224831008737,-55.8549477817677
TMS18F1344P0100,-65.850747881703,-44.5237276364287,-57.2522629734388
TMS18F1324P0092,-107.809840075369,-34.0673889419591,-60.2990742188911
TMS18F1240P0026,-31.7376275267071,-10.3246939699052,-5.34479524110042
TMS18F1352P0016,42.7001873811953,-23.7865795674079,-15.295653246038
TMS18F1320P0051,36.8843906540428,-33.731722385083,-43.6263639330176
TMS18F1364P0022,-26.3802788093225,36.4521681742451,33.0773962312954
TMS18F1335P0001,27.153554686901,31.5095826222288,-54.3398059374622
TMS18F1362P0007,22.8999641631292,11.2575411315875,-18.7995331814051
TMS18F1309P0074,35.9522392653552,-2.28904018231251,-35.8553596329701
TMS18F1391P0004,46.5325978530334,-5.28437791869007,31.1094655069928
TMS18F1314P0042,29.6121479422594,39.1418878088792,-32.5243226548352
TMS18F1343P0064,-105.70559679346,-40.6484458619292,-47.8641676805346
TMS18F1353P0017,-25.7124152100011,-35.986390116332,13.9582053525171
TMS18F1348P0051,-32.5019516769633,3.84975484468944,-18.0226671530066
TMS18F1350P0056,42.967675816928,-41.9077711065821,-0.0173473400295464
TMS18F1330P0009,-24.884899931467,-20.7898455490106,-28.2040474055795
TMS18F1340P0001,-58.1732167422903,-25.1643713508783,-22.779533562854
TMS18F1365P0022,-1.6391052363926,37.8998960731281,24.2181865962484
TMS18F1336P0014,22.629080307854,47.2380595118889,-67.9747945447008
TMS18F1334P0003,29.5363234270299,10.4801992442511,-35.080720172247
TMS18F1278P0183,-99.4872545630469,-52.5686187946056,-33.1881674230288
TMS18F1365P0005,31.1025963004337,47.9463538884833,25.3127134777791
TMS18F1338P0013,-57.1352025898356,-27.6449184386982,-38.5525853319535
TMS18F1324P0089,-55.7023351052973,-23.5336876341094,-54.4333459283358
TMS18F1233P0013,29.0600137652497,18.1243687898495,-27.3862656907047
TMS18F1295P0023,43.5218303869467,-30.1221441677229,-14.5564270751342
TMS18F1332P0002,37.5310288508588,-13.042613109467,-4.2351720093435
TMS18F1303P0027,30.2254258534977,46.2894274316222,-54.5769142394821
TMS18F1349P0064,-19.8654935897032,-49.8021920851273,-19.8607332110277
TMS18F1264P0058,25.649337167834,18.783047656748,-77.5796048196144
TMS18F1305P0017,24.7742209957752,52.8540731362327,-52.4636929675517
TMS18F1329P0011,-32.2461492932359,-9.35249747244793,-39.6427217322865
TMS18F1306P0135,17.6726626802939,-12.2424813601226,-59.5024602787101
TMS18F1333P0013,-34.5629226910313,-13.8309626467316,-20.3203348751295
TMS18F1208P0004,-98.4398492002178,10.7469174166347,15.7803809960664
TMS18F1262P0015,-12.2766090143274,-16.695095415258,6.30828490246589
TMS18F1210P0021,7.59082699087599,-18.7868766994738,-3.41870451007228
TMS18F1207P0008,-28.9524154662448,-1.36860262802771,2.2164670901787
TMS18F1165P0018,-33.5626225718097,12.2718144609602,2.56198302165985
TMS18F1217P0034,-11.3946662629591,34.1970454172424,-27.2896520388593
TMS18F1215P0027,-60.8991517930838,-7.70885089007372,-2.87532885777898
TMS18F1298P0017,40.4183430083873,-22.7891757968042,-4.80155202946124
TMS18F1277P0007,-41.523104121028,13.1890882603056,-59.4580894433317
TMS18F1302P0018,36.4513311585211,13.1807944322924,-27.4419187710504
TMS18F1205P0010,34.510899368228,-10.7761348125149,-6.93432997323012
TMS18F1218P0003,-91.5070357093228,-22.1929182284882,8.68272090679938
TMS18F1180P0033,-35.5748747610633,11.5433914880711,-0.814172215045308
TMS18F1189P0008,-20.1394266436505,8.36478189084933,-3.47399151760629
TMS18F1311P0007,-0.102177555546733,11.9513040783894,-1.89778493415599
TMS18F1286P0012,-43.714315642126,-48.3762466271029,-16.9136120247597
TMS18F1286P0006,31.6712814727919,-36.1597660700798,-26.1950217263983
TMS18F1260P0004,41.9143457562143,-20.1273357083962,0.141426970948851
TMS18F1220P0023,29.285187784188,4.36791946326668,-9.94060848779186
TMS18F1278P0009,24.7866017411319,-27.7288911690208,-61.1318837252772
TMS18F1165P0008,27.953494536736,40.9078868789639,-17.1198582286722
TMS18F1225P0002,42.0492251136396,-20.1953912770184,-0.241534864437132
TMS18F1217P0026,-57.0100382381581,6.94332743750918,-9.51559957363567
TMS18F1276P0010,-3.01674090729353,30.9648073612794,-65.9946245691269
TMS18F1305P0019,-34.7533860419677,37.1503511498174,-36.457079442426
TMS18F1447P0017,-37.5591757587708,49.8013160716594,19.0618565603313
TMS18F1295P0030,43.2913641607498,-36.8320271294477,-15.2296187653931
TMS18F1209P0015,-93.6100816645981,4.1473175169243,23.9468367901562
TMS18F1211P0035,32.2587016200571,3.92221036726973,-9.51295093949429
TMS18F1205P0015,-7.00670661175562,-4.54646601274429,3.27587157390693
TMS18F1272P0026,-34.799359025575,3.54414453762877,-50.0783643749766
TMS18F1192P0009,17.8302800574028,10.0245424126511,-4.14814944451796
TMS18F1180P0018,-36.701049668547,19.3257699829667,-7.49355985927987
TMS18F1399P0033,49.2638069571692,-15.4773754435977,32.8923698528756
TMS18F1341P0036,-75.0198800394381,-14.6712620098059,-6.25467881239736
TMS18F1178P0046,-34.8515869758869,8.07006936758144,0.808487340510606
TMS18F1325P0032,-30.080554011316,-35.1855318324377,-39.0406667919163
TMS18F1221P0059,-12.0457979566961,-18.1065819122324,5.92712317857995
TMS18F1305P0130,25.2811904954416,52.6373880006102,-48.0055979443677
TMS18F1348P0157,-92.7797175792386,-14.7362269515007,-2.14564502202757
TMS18F1341P0037,-92.8267080106875,-25.3982644796758,-6.56440084616297
TMS18F1186P0030,-29.0038785135527,-2.82683546735129,-1.06414802319502
TMS18F1305P0138,26.9445633304421,36.7473284312546,-60.9986289498528
TMS18F1338P0089,-38.7617737277224,-33.0603414958345,-41.0091014594057
TMS18F1355P0081,-37.7218849333646,9.3160349910913,-54.8570662658493
TMS18F1338P0115,-102.223897121227,-34.9839272979065,-30.4305234782038
TMS18F1353P0038,-32.3575431533631,4.87134080880602,-61.3420220162302
TMS18F1396P0053,-30.286691594979,-22.1803701681872,-7.7030324313783
TMS18F1334P0044,-33.2873487777752,-7.40294450853963,-30.1307718967049
TMS18F1453P0051,15.4592641191699,17.0763258795221,-8.42216581559514
TMS18F1259P0099,30.1045168047763,-20.1849436251652,-38.8333397736692
TMS18F1302P0059,35.9873088586761,13.5657206924235,-18.446586156851
TMS18F1395P0046,-5.87880802084763,24.7868711499193,-0.5332898394633
TMS18F1344P0156,-42.5972561447203,-38.2675946171236,-63.2034753940993
TMS18F1310P0146,-25.9592652114073,-3.84247960257604,2.18980490011088
TMS18F1344P0153,-36.5550529672494,-43.4438695313979,-48.1584849230185
TMS18F1259P0131,30.7964885783861,-30.1848805651163,-32.9771083715494
TMS18F1344P0159,-41.1895774979045,-41.2969876433721,-61.4752852657129
TMS18F1447P0077,-61.4366207597536,61.8252359003989,38.6197879571128
TMS18F1344P0152,10.4822027372935,-19.6413123377779,-73.0849017026289
TMS18F1343P0171,-45.5669235983312,-17.4270733811417,-56.0103503177702
TMS18F1324P0132,-41.3279093784073,-39.7593099727532,-52.7909629139856
TMS18F1309P0062,38.6431848449645,5.69802657638976,-19.8197562849631
TMS18F1265P0031,30.3725250236934,7.26589704597735,-56.2088902076833
TMS18F1310P0151,-33.9002122832813,3.1328573065689,-2.92764611936625
TMS18F1349P0142,-50.9662514140676,-52.5453954598222,-17.0792480240867
TMS18F1310P0168,34.5452923889142,9.54304495843491,-21.3090029548418
TMS18F1395P0038,30.6426881334159,32.786443981095,-15.80351734881
TMS18F1343P0189,-99.1870974081717,6.19599607702512,-28.2649871958603
TMS18F1259P0139,-30.0196603850477,-33.7602328275814,-18.3805590760221
TMS18F1312P0033,-16.396220911693,30.6462041976366,-2.76333213000243
TMS18F1345P0043,-29.3625264065575,-38.0740988908886,-35.93255885957
TMS18F1317P0102,33.8874029095483,-0.406571777155237,-56.9248299837736
TMS18F1341P0030,1.44083984173653,0.448523042771257,-26.4820468985263
TMS18F1296P0042,5.92618675578388,-30.5496090424998,4.52032885453184
TMS18F1306P0125,8.71538074467648,-3.94923335818135,-49.9231464720507
TMS18F1306P0127,38.1076271999269,-3.10159299624015,-34.6847023066991
TMS18F1324P0135,16.3674569425287,-21.9240256429288,-65.5811098745065
TMS18F1341P0027,11.5939298529509,10.1214947169658,-28.1673271901548
TMS18F1345P0056,33.7982271076394,-18.7949983157633,-50.69016749583
TMS18F1355P0085,-39.7429326088072,34.5184183538276,-75.3943872210031
TMS18F1310P0171,-27.2491499395087,-5.40264054689227,-3.71617647095182
TMS18F1258P0113,-36.0994137051086,32.9911841652873,-25.7820888777958
TMS18F1314P0033,-16.4124421647359,26.2149846763679,-57.285275440777
TMS18F1350P0082,-17.7504766126658,-58.9250616024038,1.31783020353382
TMS18F1350P0096,47.3895151961319,-46.9016179162102,-7.98464518834139
TMS18F1263P0103,-30.2946571794087,-32.919557080151,-20.8745647804079
TMS18F1324P0128,-43.46966304629,-30.3067752644908,-58.9347598064491
TMS18F1221P0048,-72.3929949621855,-27.2984745782209,5.28967996120628
TMS18F1353P0023,-3.1603703093297,-10.4851572906194,2.62105698425953
TMS18F1317P0119,24.7568247888831,14.9562523678093,-72.243265686171
TMS18F1221P0068,-16.0071263294397,-11.6694894383464,-1.95642119962418
TMS18F1348P0117,-34.5029460845126,-0.485988773123404,-19.0351934140554
TMS18F1348P0097,-18.5785609025137,13.4947475059999,-28.0779785806449
TMS18F1341P0044,-37.3975572873151,-11.342547143875,-27.447828203918
TMS18F1399P0036,48.7272128309303,-21.7199524636251,35.294263461802
TMS18F1350P0067,-15.6880871071422,-55.0614603100941,8.7261687986932
TMS18F1258P0128,-34.354419160582,23.7478305687695,-28.1332266390204
TMS18F1340P0027,-12.1925051083666,-22.8971486505023,-30.8364856782844
TMS18F1269P0031,-65.2275256205736,-50.5444708077762,-6.08854813610545
TMS18F1395P0058,28.9258851245184,42.2741385918046,-20.4155176169226
TMS18F1298P0044,-27.2099920918371,-34.1305970854546,-10.7403619786646
TMS18F1340P0030,-21.0449999076119,-3.1319865334544,-21.9236071258055
TMS18F1338P0108,-40.2292829479128,-25.551032846562,-53.3752615269663
TMS18F1310P0156,-30.5044717782935,0.720297769262632,-7.86877753651628
TMS18F1250P0049,-64.9846073539897,-16.0715687790094,12.5977605376101
TMS18F1361P0034,11.5734729142823,-0.256394456972006,-15.4371344901146
TMS18F1302P0057,36.3153781359907,4.19255213052688,-32.7413192176838
TMS18F1314P0029,-40.2816739104473,21.000083379037,-51.0870793534717
TMS18F1313P0032,26.3065990653504,4.75168837803591,-55.5754804190226
TMS18F1163P0040,-18.9337709950718,-6.2149285364589,-19.6982515739037
TMS18F1317P0097,-29.9244225209653,0.0052658044263914,-45.1506899522546
TMS18F1352P0035,37.2677588025937,-17.63404562888,-5.65515567376292
TMS18F1336P0035,28.7057032504033,22.9751272286728,-61.55725753479
TMS18F1306P0228,-36.015036682547,-7.47456798635513,-36.0298323327315
TMS18F1163P0024,-13.4439937272074,-19.752742092557,3.04473081017909
TMS18F1221P0055,-26.1205944405081,-19.7376153686421,-1.04916889916427
TMS18F1308P0138,-6.59706542324586,0.614868110256038,-38.8492561802278
TMS18F1317P0114,-30.1933406125901,-9.85865059292989,-45.982526077084
TMS18F1366P0031,30.6947269720721,10.9609031442806,6.47940278401663
TMS18F1480P0048,47.94568004231,-31.7279339267473,26.1928969687782
TMS18F1338P0087,-104.643403928175,-28.7623247251786,-44.5653437873938
TMS18F1396P0049,32.5820189626343,-11.3015572999731,-17.5108835434973
TMS18F1355P0089,-37.5914111481375,14.0809382965109,-59.6652846791171
TMS18F1359P0023,-1.47174651805142,-12.0046367691329,-4.46117635245023
TMS18F1259P0149,15.0466932665225,-22.1996586552802,-36.1958975437163
TMS18F1355P0104,23.2624591190776,15.6493229561343,-62.7368063361242
TMS18F1395P0053,30.0861563890028,36.2166437812248,-22.1298209255925
TMS18F1179P0029,26.2343424053396,30.539985534618,-20.5414143237534
TMS18F1343P0179,-105.973164099263,13.7645891556152,-55.4659024871064
TMS18F1481P0075,30.5846735513617,14.4654174993536,-54.5398221177597
TMS18F1396P0081,33.2879561472366,-14.437424910039,-22.0447476635743
TMS18F1251P0039,9.28044006701783,-34.8792665892405,-4.12631984521235
TMS18F1260P0062,43.4929395325067,-23.7489488140722,-16.456067726194
TMS18F1419P0044,-31.6296221235723,7.83539212057092,-19.0246933744755
TMS18F1395P0042,-31.5020122567367,34.4885059949551,-15.7550724645118
TMS18F1334P0048,-35.8749920950804,1.81322688575429,-28.7185297646869
TMS18F1177P0038,27.1550002843333,7.70938502859465,-18.3883906255732
TMS18F1343P0151,24.3252581769299,18.0104231016789,-56.6821667632583
TMS18F1419P0032,-34.5573735148584,12.4562652955703,-35.0979819502405
TMS18F1280P0145,-1.76701985807995,-23.3112315283733,-20.2960130746127
TMS18F1344P0136,-103.893439583823,-51.1856256065856,-43.2421544289905
TMS18F1436P0038,4.7678128124734,-13.0414914014612,30.4557025199847
TMS18F1310P0138,35.6355520641567,7.27777108307062,-12.8394677764558
TMS18F1295P0049,44.4413160139348,-33.9444137183787,-1.45721304599667
TMS18F1178P0034,-33.717588289418,-7.39413896940802,7.5439300136459
TMS18F1355P0063,20.9865442341847,11.3883558905515,-68.2872290857562
TMS18F1353P0027,-2.42665440223449,-16.1818822253301,7.81130867491623
TMS18F1361P0045,3.15037020103928,1.06052050172421,-22.5758800832176
TMS18F1269P0025,-31.8728909002624,-14.5888125653354,-18.0578933998936
TMS18F1352P0047,40.8396658664757,-26.0852869915139,-1.73894822665956
TMS18F1339P0027,16.7337657515773,19.0890156235802,-18.6208530849978
TMS18F1344P0184,-8.7457562929969,-39.5043843402279,-65.4758914060423
TMS18F1478P0055,47.0797343976555,-30.4457955938646,20.9215992385721
TMS18F1421P0055,-27.6200325160463,-15.6743525742617,14.507397000298
TMS18F1298P0052,36.1599014246391,-13.1756840760032,-13.9441742469366
TMS18F1350P0086,45.7048065465925,-45.0436987445283,-0.984102477588992
TMS18F1282P0053,-36.285278625029,-22.4962637103895,-21.400509181451
TMS18F1350P0078,20.163555908714,-37.284089626189,-8.39089909100784
TMS18F1276P0035,-34.2413892165088,14.4046825399022,-48.7028762966053
TMS18F1258P0119,28.9921219657938,28.663503963279,-31.498013212073
TMS18F1305P0155,-27.7267236809825,-15.1300712545591,14.4490835451771
TMS18F1259P0144,27.5268992439113,-6.54500550073516,-39.3219573534454
TMS18F1217P0013,-30.9994499628793,-52.2224555086564,-18.209459146676
TMS18F1282P0055,22.1442663977589,41.2199414794808,-25.0233736982964
TMS18F1338P0078,-79.8974167224631,-27.2746899213333,-36.1663186456349
TMS18F1328P0035,-37.8820864673097,-16.4369557892066,-24.4774935147336
TMS18F1308P0112,-30.8035824562663,0.937297524870043,-30.7563551527712
TMS18F1348P0139,28.7755036419932,17.2791614978898,-27.9297628946632
TMS18F1287P0047,31.0503157454186,33.6184585628312,-7.64952367422999
TMS18F1211P0026,-18.898927851207,17.9001339399982,-23.9395181335546
TMS18F1263P0095,27.3512814611501,-12.4162105881185,-51.062572570698
TMS18F1419P0039,-30.3219249599782,-2.34584810447833,-17.4943136106955
TMS18F1340P0045,4.20225683084067,4.2834870022744,-24.3438647002674
TMS18F1343P0084,24.1336787081426,23.990770555807,-57.4673054514128
TMS18F1336P0031,30.8899113555852,21.0756315647278,-57.3165122393136
TMS18F1287P0087,-31.82045549704,-37.7732901658681,-20.8438927719005
TMS18F1178P0025,-15.1608187816076,4.75889449967719,5.11096789558974
TMS18F1269P0003,-12.2778491482447,-7.92164679124322,-41.3830628739411
TMS18F1282P0038,-77.0900385289833,26.7517538713163,-7.70249100975396
TMS18F1355P0119,18.1600989040346,28.8928412782355,-82.8568067215268
TMS18F1344P0171,-104.52416159526,-43.5377138715581,-50.2326954714658
TMS18F1469P0066,34.0988181988182,-3.90795854564324,7.22589394416017
TMS18F1250P0033,-65.0457615264585,-8.74412827406488,8.21912037216773
TMS18F1257P0027,35.2773021562395,18.1497036792803,-21.0663657383606
TMS18F1310P0109,37.3429247909225,9.3559971936651,-13.0863997751629
TMS18F1217P0092,20.4590062598961,0.734998348540066,-19.8746998848955
TMS18F1396P0067,29.4109174343923,-3.39732428219192,-23.2178033962967
TMS18F1352P0041,-0.627010523420886,-33.9092728963181,5.14779406449725
TMS18F1334P0034,-31.1811174053475,-12.4081536614315,-21.1168256606768
TMS18F1324P0186,-48.2134492105285,-20.9849052093982,-74.4467650523021
TMS18F1250P0037,-32.8240080606617,1.70149669818057,-2.43788944115987
TMS18F1343P0078,-41.9543834110347,12.1310494978416,-62.9357320560351
TMS18F1310P0128,-29.380837792446,-0.119297574746755,-43.6398968938268
TMS18F1271P0002,-84.4983560660314,-0.00851066026337893,1.30040671324196
TMS18F1395P0033,20.0950672277035,1.59655971316339,-20.6721529150375
TMS18F1276P0049,25.8564724594706,13.9308804162941,-71.6729924215718
TMS18F1436P0062,-20.2559151786016,7.42575411297384,23.1954564892941
TMS18F1353P0026,-8.11070111208247,-17.5806281786787,-13.4760120070386
TMS18F1186P0025,-32.574577151925,19.5770712201269,-16.430317140597
TMS18F1350P0075,43.7667482873474,-41.1721437228742,-12.6900357057194
TMS18F1353P0033,-30.2076320907516,-10.2284762442013,7.94449125511611
TMS18F1250P0048,-80.0614907775083,-13.1789271330915,21.4857954803909
TMS18F1310P0166,-22.5687308548555,-23.0773366406131,-2.38576569233724
TMS18F1177P0042,30.4134993369112,2.00400570456511,-19.2829894808206
TMS18F1310P0142,33.346358860838,13.9262787569854,-13.3884718268708
TMS18F1263P0097,33.2263311902803,-11.4272197895136,-33.6247117395584
TMS18F1211P0033,-50.6700561424119,11.9130797249384,-18.1910441684035
TMS18F1355P0107,18.5006619567879,25.5967960430761,-82.5853890519671
TMS18F1419P0037,-30.6575840646518,-0.276797773200242,-19.0488259679844
TMS18F1270P0042,25.5311379606897,-2.43925666574885,-66.3888104512479
TMS18F1280P0080,30.5558020206712,-0.951405895498358,-34.0929897248233
TMS18F1287P0045,-46.8496848108146,-64.8373723621369,-17.5879706621687
TMS18F1324P0179,-33.8814590767661,-39.7429167694916,-53.1091258986201
TMS18F1295P0054,-13.3179089548577,-45.1360795234804,7.14718408595691
TMS18F1263P0098,-33.8463351047153,-19.8021041558935,-36.6146402506136
TMS18F1355P0066,-39.071905809749,18.6201027909894,-60.0454023480489
TMS18F1355P0088,18.9281592823641,-10.9418071375184,-72.3086073437008
TMS18F1251P0038,28.6378699091852,10.6190582712165,-26.6697291364008
TMS18F1481P0073,23.1446535726857,26.017015106307,-69.3025149796225
TMS18F1258P0136,28.2180750968847,26.446105568548,-24.6169298831428
TMS18F1310P0161,38.4875875399922,9.46374550585696,-5.91078952436655
TMS18F1269P0034,-75.9520424738376,-6.88080447647646,-36.1461540668262
TMS18F1280P0152,25.7870300265536,-3.81419375969523,-38.4931193117386
TMS18F1280P0105,-35.5767594915445,-4.42899019257416,-21.423900987853
TMS18F1280P0103,-29.1271835947126,-38.4213828675148,-13.3064879801409
TMS18F1421P0050,-29.1892658192077,-13.0441462453673,5.68496999905554
TMS18F1336P0029,-38.980127160612,25.4730972044125,-53.1626127815197
TMS18F1272P0038,-35.3370056235482,3.34632822460361,-45.7469784297112
TMS18F1308P0096,-2.49481439126412,2.34835575785204,-44.7917357139774
TMS18F1280P0092,-32.63217569384,-27.5513577005765,-22.1322220310092
TMS18F1258P0122,28.7924634375459,25.533275232423,-37.2621160303683
TMS18F1306P0230,12.7975756838263,3.81882635080495,-59.307625911166
TMS18F1359P0027,33.364165088241,3.10789479872243,-9.25532857051522
TMS18F1259P0098,-30.0464549100349,-31.4857120737403,-3.85191401679668
TMS18F1217P0079,-37.0920487802037,25.6401771624311,-16.1957805858351
TMS18F1276P0027,-10.3085055779228,9.81262992751203,-54.4416856874081
TMS18F1306P0237,26.0295546956181,-8.28270866219805,-59.1071925916914
TMS18F1320P0113,40.1060644085395,10.3874645572735,21.2195877032944
TMS18F1276P0041,-38.0119011717502,12.9049386700142,-60.2367411050243
TMS18F1348P0134,-38.0887588731781,9.56719007432184,-23.8037092884661
TMS18F1361P0038,-13.4419646526518,26.3068768976202,-3.94861016715297
TMS18F1175P0039,-36.5656741936117,9.86116305306384,-12.5725472882488
TMS18F1276P0028,5.04435011316304,7.80061422486936,-58.536774091852
TMS18F1481P0054,29.7787571635267,6.55846990999591,-55.2274503228683
TMS18F1263P0109,30.2388154284092,-7.74864357941873,-36.3361594769763
TMS18F1276P0042,24.0711837792047,27.43374639274,-76.7701287643777
TMS18F1280P0120,-9.21305104834748,-27.6046811026508,-18.5369085946887
TMS18F1306P0121,-25.7766964332218,-36.7111769965106,14.8897435542111
TMS18F1355P0113,-32.1295301036929,19.7296728459248,-63.2722108863491
TMS18F1259P0133,40.8554038696326,-5.33097144111789,21.6220236084174
TMS18F1359P0024,-0.72146489328152,-14.3628108678776,-4.01950293056302
TMS18F1353P0037,16.4530530542266,-10.6980826843218,7.62009007500554
TMS18F1344P0158,-85.9154502493591,-30.1196410142925,-59.2011620070675
TMS18F1395P0050,32.6236624037308,32.8429125778526,-12.4161392563133
TMS18F1480P0036,44.5067859602812,-30.7080198783931,24.4378605005745
TMS18F1280P0130,-30.4139190249019,-29.4252380424724,-11.9208724860777
TMS18F1305P0100,22.4522324861204,43.774252082299,-62.762320422419
TMS18F1186P0039,31.0927670000962,10.4398913564866,-9.18254439913316
TMS18F1260P0056,42.2936506852309,-26.5082369729737,-18.6822977855204
TMS18F1258P0088,-14.4519932768262,20.9735150733628,-16.025410461475
TMS18F1251P0037,-24.9303951126927,-38.9179784503024,3.98499595657328
TMS18F1260P0060,45.5749454695606,-22.3708194844838,-10.4617732718689
TMS18F1277P0072,-58.6596389713464,17.3725692013741,-51.6817113193157
TMS18F1421P0059,-27.3209690412581,-8.55127096814105,12.0396592680047
TMS18F1251P0048,6.77187473876572,-26.3124534782553,2.32811016987861
TMS18F1348P0110,-14.1798398064681,15.2105917057639,-28.6879516220957
TMS18F1260P0052,44.4496659129383,-25.1372068126622,-7.64721462972602
TMS18F1344P0164,22.6220785382553,-24.5817583069918,-71.2647861927386
TMS18F1472P0039,37.420473572234,32.4909218579806,-8.13125344788429
TMS18F1436P0041,-19.1835573604941,3.36939881464507,21.248817982138
TMS18F1277P0066,-36.537892985902,-5.76774349017309,-45.6699873287589
TMS18F1320P0109,6.8903402495905,20.8825748274935,-6.43310319257546
TMS18F1231P0024,-32.3782226311836,9.52283311304968,14.3275568901564
TMS18F1264P0109,43.9890172920744,-23.0140512372199,12.4439487333975
TMS18F1306P0277,24.0796405657435,-1.77088817078287,-59.493918943872
TMS18F1308P0122,18.7867477886956,7.6243521677726,-5.79830690475642
TMS18F1306P0272,18.1645132229116,0.314411799444183,-55.2890270682585
TMS18F1324P0199,-49.2601254150497,-21.5979207500638,-50.0778969812717
TMS18F1238P0063,-31.8101232487648,-2.15651401305511,-8.67603767973567
TMS18F1306P0285,-25.7998711804796,-19.9047446329269,-48.0186469410998
TMS18F1177P0064,27.100917719445,15.5462913403442,-25.1379493518054
TMS18F1177P0049,28.7411428809334,12.9927343711121,-18.3396922945157
TMS18F1481P0043,28.2208152448045,20.2291173933822,-64.3502932856825
TMS18F1480P0033,45.4216224381262,-21.0182378485041,28.767078072269
TMS18F1324P0169,-1.97300056838397,-30.01936465291,-74.5891589150459
TMS18F1344P0150,-38.6194269345764,-37.1484907199636,-38.0417935663484
TMS18F1258P0124,29.8371799846246,27.4623070850532,-34.1518456145169
TMS18F1258P0084,25.7144826966723,30.0460417884154,-45.163279821999
TMS18F1317P0093,26.8885606403628,15.4504037996788,-67.0060762836429
TMS18F1186P0035,-26.4265417353034,-2.59062610362258,-2.01959525204895
TMS18F1332P0034,12.4539029977882,-44.1313477641654,4.72579065125622
TMS18F1313P0038,28.66366321489,5.93539343353992,-51.6403917091382
TMS18F1259P0083,-30.0641117299703,-49.4165506295654,-20.0209436291838
TMS18F1317P0086,-35.7593946424338,9.62275822303724,-68.0896859717177
TMS18F1352P0132,-78.8474453321379,-15.5979264730008,-15.5918402945448
TMS18F1305P0166,-39.3510668877378,48.1718644799586,-48.5773623335306
TMS18F1324P0142,-40.7050754692698,-30.1618773018414,-61.6695658745524
TMS18F1280P0071,35.0348451715688,-30.7270933533583,-23.1700608835239
TMS18F1306P0289,24.4787755067636,8.20863049910498,-49.9594834095082
TMS18F1260P0071,41.8216217161082,-26.1837275403403,-11.8053752261745
TMS18F1276P0040,26.1100312665579,-0.591441567607249,-57.0901219008715
TMS18F1480P0059,46.0327971032903,-21.0069340505993,32.5760336079893
TMS18F1259P0115,31.6423153622908,-10.7425692069102,0.470669119012491
TMS18F1348P0108,28.3704024416428,6.26116296229852,-28.4783887539646
TMS18F1227P0058,22.1364697517653,-27.1200472605073,-66.798392310153
TMS18F1236P0002,-34.1377395906906,-11.1725567550875,-10.3255291390848
TMS18F1173P0009,31.0792513723945,19.1449041598053,-12.3087116361354
TMS18F1168P0005,-51.1723112681533,26.9565310389485,-2.37496216082515
TMS18F1175P0013,27.6538718531611,21.2437731292487,-19.8288036865162
TMS18F1194P0007,17.3474011413169,12.6667626606634,-16.8896692331802
TMS18F1217P0061,-35.1427276050057,5.37410923983601,-14.9100087972212
TMS18F1210P0008,6.93496587172447,-32.5342420257053,-14.4834728967116
TMS18F1216P0006,-61.5950331978022,-5.60494309106981,4.97562457357299
TMS18F1199P0003,-33.1346849869064,10.8578753763957,21.1570407145829
TMS18F1192P0021,31.4011254904747,10.9638230216205,-6.48778660206824
TMS18F1163P0020,-32.0046016084346,-11.7660847898434,-16.1885347035143
TMS18F1217P0043,17.6480729508653,11.2592037456057,-15.1641837726143
TMS18F1188P0020,-99.3597599657172,13.2394325363205,-9.99759905374437
TMS18F1211P0006,-102.123138326381,4.47560011625903,-7.60195418662814
TMS18F1167P0018,-94.0287182148216,-1.71984685160633,8.05031606253046
TMS18F1184P0024,5.54005636623679,-8.75910970622015,-7.35279243360051
TMS18F1214P0016,-69.4412665594497,-19.5784922999416,-12.0491476132932
TMS18F1200P0002,-7.59470245699453,9.00516492153741,-3.18489301996998
TMS18F1345P0074,-25.7641021488665,-49.3322492418289,-28.9536870280437
TMS18F1196P0019,-47.5829368643978,30.2130025245646,-13.9935765956771
TMS18F1167P0007,27.0286260505435,39.7490375985255,-20.6308056916806
TMS18F1203P0014,-41.0265313864551,27.7367549084593,-25.7931288626132
TMS18F1170P0010,-52.6556626225087,12.3935583637951,-2.22634393251773
TMS18F1220P0006,27.232194874501,7.12534382886325,-6.85613000153386
TMS18F1264P0016,1.37924988080923,31.7135663630309,-76.7556896086298
TMS18F1164P0014,-36.0197212522078,10.5133247686978,-14.7129208594478
TMS18F1177P0008,31.8827095690846,-1.41779049454577,-17.3965485516138
TMS18F1213P0002,19.5755056128683,7.67679633345517,-26.9426294042286
TMS18F1166P0012,-15.2896772309816,-7.46118531424804,-0.987567755139516
TMS18F1204P0026,6.59136419974575,29.4720518578326,-8.551283748379
TMS18F1223P0022,-41.362024045448,36.4205555582261,-14.3151928820154
TMS18F1217P0002,-41.6283691321015,2.25444223062334,-17.8986234393302
TMS18F1217P0039,-39.1300029946508,21.5181452168389,-28.3177637837898
TMS18F1217P0047,-42.8830942546188,24.1753581970876,-17.5905182177322
TMS18F1165P0011,-14.9787640340113,7.8868388520199,22.7248755195537
TMS18F1211P0017,-44.940656417561,8.07745398649211,-17.876096526756
TMS18F1186P0019,-32.62809071329,13.912251561195,-5.95672269539499
TMS18F1177P0024,29.2858800499101,9.46690534041509,-14.9785886281754
TMS18F1209P0011,-76.3952151987234,-28.7256110145767,1.16733598300327
TMS18F1201P0005,-50.9346422866315,13.7210148545264,4.18004603601389
TMS18F1171P0030,27.0807896601902,38.9665999050948,-17.7839559180971
TMS18F1216P0001,-8.26600604014032,4.23889542570792,-15.2147218632714
TMS18F1209P0002,-57.807509941533,-13.8619163878323,-1.57883471912541
TMS18F1211P0005,-48.1586928132636,27.0278244511453,-33.6499694719501
TMS18F1348P0104,-33.1849843357174,2.09601723146273,-14.6876706455005
TMS18F1296P0045,6.63733218691319,5.043853330651,-15.028123228259
TMS18F1164P0016,-95.6770666608422,-14.7608252370825,0.234762674845137
TMS18F1170P0012,-56.0239375567133,22.3311431897171,-7.05485958662598
TMS18F1174P0015,-101.975780207789,9.0823250306916,-10.0172577231442
TMS18F1207P0010,-88.2196372600728,-21.157668218284,17.9774704900831
TMS18F1170P0011,22.3974054513966,27.0021492438701,-2.58229313229856
TMS18F1217P0033,-34.2640855183837,-11.339820233442,-10.8346436364808
TMS18F1191P0013,17.18864372107,5.68257337431397,-13.177768836132
TMS18F1167P0020,-78.937853633539,19.5953973419907,6.63392680163752
TMS18F1207P0014,-78.3864607807126,-4.83287522522288,12.8821427456041
TMS18F1213P0005,25.9109788904687,-17.883601881196,-13.2706996220598
TMS18F1189P0021,-99.5328385434193,-6.05573138898684,3.49491174342255
TMS18F1258P0070,10.153510606838,34.5840941848582,-31.4824746137633
TMS18F1263P0059,-38.1807690808105,-7.3440433265529,-50.0287164979731
TMS18F1294P0005,-14.7859359420436,-36.3687993189196,8.47572186426927
TMS18F1280P0097,-32.5868090454626,-39.9720386317269,-12.026129636278
TMS18F1297P0008,-24.0063251280825,-13.7320353868322,2.18541727615545
TMS18F1292P0008,42.1011161133585,-35.0737105533519,-4.60874826295869
TMS18F1273P0019,-42.694143480755,-8.28954333878959,-66.7074789346673
TMS18F1264P0060,-19.4163840135322,-8.56068252511962,-41.4359779655025
TMS18F1279P0006,38.7876719895102,-28.8422631122845,-34.298184859476
TMS18F1278P0080,-62.3762700530608,-40.0193771534544,-47.8202750272248
TMS18F1289P0004,6.45244902787567,-38.5485643699761,14.6401135033158
TMS18F1272P0001,25.805765743584,25.2043416510511,-56.223800604731
TMS18F1288P0003,-1.28973089981449,-7.40896393485381,1.65764868517656
TMS18F1287P0017,-8.54880484492534,-32.2979847511226,-55.2966219877675
TMS18F1263P0040,25.9490137058052,25.2415188399862,-55.7937576939396
TMS18F1293P0011,-14.0767424315092,-3.85014831309828,10.082001139252
TMS18F1260P0009,42.2131440095538,-24.7158902992265,-3.0514723671469
TMS18F1267P0012,-24.7516523560097,-39.0387465280055,-0.37159879863688
TMS18F1207P0034,-42.7463649281517,-8.22639866850818,-66.9935029351698
TMS18F1258P0078,26.7105059213305,27.2232106696434,-28.3391222768185
TMS18F1288P0006,32.6982380145207,11.5828396915161,-10.5606884695465
TMS18F1276P0008,-4.20072115095089,-0.502565236917447,-55.6152175837067
TMS18F1278P0077,24.3277933784447,11.0580788374378,-10.0177547392344
TMS18F1280P0031,7.29777936131936,-12.8612628434322,-24.7353848497871
TMS18F1279P0001,-13.1101908092169,-45.6552478378274,-29.1163506672838
TMS18F1296P0035,34.4139424736132,-27.366225102402,2.57862298379228
TMS18F1298P0008,34.4616028656934,-21.1658855825182,-25.3317841886362
TMS18F1275P0004,-29.8863633212565,-18.5350472894312,-18.0682591661246
TMS18F1286P0003,-30.564679767132,-49.6029954370101,-8.99420464818786
TMS18F1263P0036,-36.3805987440347,-9.75742890274739,-39.7875438309216
TMS18F1263P0023,28.0677544607976,-7.99050507285577,-50.804221820586
TMS18F1297P0006,32.3754994750968,-39.1390811003484,-43.6395206081031
TMS18F1284P0014,-26.6804929757868,-21.3050577349985,1.47684170908327
TMS18F1262P0017,25.5992722634652,-6.97103703624022,9.35449414133779
TMS18F1295P0024,-14.8049089040136,-38.2555171098145,6.81615611514885
TMS18F1296P0020,38.8572865173958,-14.1217726234861,0.681417633299394
TMS18F1307P0042,40.8973570824625,-7.16886692325576,-29.6825696519552
TMS18F1348P0102,-38.6743178259566,5.89691089980409,-17.934920652508
TMS18F1280P0058,-32.7648408475753,-27.9068907860127,-18.9580231174251
TMS18F1289P0010,-61.4937973183139,-39.2656742140081,24.4897949339794
TMS18F1263P0064,-31.1620132153378,-23.497192686149,-33.9653303523437
TMS18F1266P0005,-52.734496802091,-37.9130370547466,-51.4889695166783
TMS18F1280P0032,-23.9706953692402,-23.709662791646,-14.9495029008152
TMS18F1264P0028,-12.8303568173731,5.90765295817379,-76.203061132955
TMS18F1278P0037,-5.13177108666889,-25.2317491079638,-54.5173450899008
TMS18F1298P0010,39.5719132548287,-25.4662324401484,-12.793735395417
TMS18F1288P0032,11.0825085149461,-17.0805382620046,-1.0098898496613
TMS18F1289P0012,-25.6713804777114,-38.9031209280787,18.1353201748391
TMS18F1288P0031,6.01474186510359,3.31710740160146,-12.6377818215627
TMS18F1288P0021,-20.8802855722212,-37.7599932801255,8.49647456886584
TMS18F1296P0018,41.3203849096372,-26.4005867675243,-13.0931083855748
TMS18F1263P0047,31.8685158288893,-13.3675627946236,-36.7288329375593
TMS18F1296P0027,38.4854121020974,-16.3703346623044,-6.7297504236849
TMS18F1285P0003,23.6404271365986,14.3035437259366,0.603044959503971
TMS18F1281P0009,-12.6457899838318,5.47168501632512,-76.407874860422
TMS18F1287P0003,26.40927012229,-27.950238870441,-38.7288361271951
TMS18F1297P0009,-9.82525319849994,-32.4236634574956,30.6347923887334
TMS18F1270P0012,28.4203540007977,-18.564788975317,-59.0563662322034
TMS18F1294P0011,-15.7525213054371,-42.5664075798668,12.0492321495866
TMS18F1290P0024,-9.22998411023038,14.1219185565559,-21.5424639439451
TMS18F1279P0008,-24.6075424346559,-48.2424709046288,-29.4402232382407
TMS18F1273P0011,-57.7190136733126,-7.94018998129128,-61.8737649765137
TMS18F1296P0002,38.4624461127549,-31.7108089557946,-3.80885245487546
TMS18F1296P0019,-26.700189592104,-21.1732687186835,1.606938284687
TMS18F1289P0016,-5.60953328994475,-23.612420425013,15.6336481483069
TMS18F1297P0005,-27.3349715436808,-53.0932321669511,-21.1692312435436
TMS18F1275P0015,-6.78058363897597,-25.658052925601,-23.3951344903993
TMS18F1260P0023,31.9890273784557,-13.0354465460608,-36.9645478984312
TMS18F1287P0005,-35.4156412121699,-42.2019720258746,-19.5054020048416
TMS18F1289P0007,-59.7674648547008,-40.4996043285624,22.8066450608782
TMS18F1303P0010,46.3845301853514,-15.6736811364761,9.23592604252957
TMS18F1262P0003,35.7619376883566,3.60404961511559,6.64763521518077
TMS18F1286P0001,30.2931475236162,-36.5794523973726,-34.6332633024444
TMS18F1259P0022,30.5949740983947,-24.9317613635092,-34.5096440454502
TMS18F1264P0069,-36.1302181552737,-5.30628913672686,-56.4747524641521
TMS18F1295P0022,46.9336532733215,-32.7117779044326,1.31377646820105
TMS18F1259P0069,-35.2689679697823,-21.6223415821962,-20.9771620896527
TMS18F1261P0015,-11.0877111074484,-20.406462532082,9.07079522410183
TMS18F1289P0024,38.9245647542989,-8.18478963948265,5.32995591721867
TMS18F1298P0005,-29.9403658566251,-13.8127636802184,-10.3771508079468
TMS18F1278P0024,29.3311882398256,-36.2772988190633,-54.7017487253557
TMS18F1263P0015,-34.2419751027873,-19.0705199928687,-33.5573000595469
TMS18F1278P0032,5.81233808441375,-49.6272826058886,-57.2503400390542
TMS18F1298P0026,-24.0508871699138,-31.6788485306755,-9.18103878398427
TMS18F1342P0016,43.040707200365,-31.8470994682667,-0.429976536513752
TMS18F1298P0024,38.9953733781347,-25.8035197486732,-21.8907866253736
TMS18F1300P0017,-27.6772734221977,-26.2105547488994,-8.74973809172234
TMS18F1302P0010,35.1260218321825,15.4792473470649,-25.9017114461811
TMS18F1363P0007,1.00222784603657,33.667043440907,-9.39780771839796
TMS18F1307P0063,41.7703166425618,-2.15449287334757,-20.8236790140317
TMS18F1306P0069,31.3675311697862,-8.27473919778392,-40.0439204540389
TMS18F1306P0042,2.82027948558677,-2.01254373156683,-38.6664880308906
TMS18F1453P0023,-25.9915366971199,-6.97330146839781,-0.783351514337641
TMS18F1395P0029,-32.2852659373819,24.4693324446787,16.9873247275505
TMS18F1298P0027,-25.0175059742789,-23.1824652757517,-0.263976093750823
TMS18F1390P0006,41.4742515369122,-1.80671502740331,20.6876790288151
TMS18F1335P0019,-31.4410963541575,10.2919181944629,-35.8836705936306
TMS18F1349P0101,-64.6406117579376,-65.7435301399119,-5.13922119904031
TMS18F1308P0066,-30.5089163280601,-9.34829770763622,-33.4914063573438
TMS18F1319P0112,26.3870088794134,-40.1502086717226,-71.5607486894495
TMS18F1302P0028,35.2021726515934,13.9630929302661,-30.601549376379
TMS18F1415P0046,41.8171601831301,-1.88412771790052,20.3252827503704
TMS18F1306P0077,-71.1752875669615,-34.3927589505871,26.3024263146462
TMS18F1324P0005,17.9899283629705,-22.883902461249,-73.9807440917197
TMS18F1451P0013,-34.0961129099388,20.2754062715795,19.672923375866
TMS18F1365P0001,-31.1986988772874,12.1923666144032,17.5809273312391
TMS18F1306P0079,27.0448469513392,-8.97726354375332,-45.1858248369747
TMS18F1307P0059,40.5996446391204,-12.9563553741207,-29.2667800121624
TMS18F1299P0012,-23.0377321151026,-46.4630529175932,-0.673596009683515
TMS18F1305P0084,-35.3142596993706,32.3239746706718,-34.6090323738677
TMS18F1349P0106,-99.4796333928048,-52.7686819750631,-20.7688237580493
TMS18F1307P0038,39.9658676774344,-2.95179009407898,-20.0475709990231
TMS18F1307P0014,40.4918896213667,1.96400223810028,-16.2047252013637
TMS18F1319P0168,-40.0032858287632,-24.1271557049637,-75.3128035895639
TMS18F1299P0027,-21.0884233860612,-48.7827725099757,-2.85069070872859
TMS18F1453P0030,-32.8546044886563,9.35681502148236,0.100822768250353
TMS18F1483P0001,-6.79251993649424,-46.1860589329948,30.5180192939044
TMS18F1396P0001,30.0112727092666,-5.45450311085063,-9.98631931821734
TMS18F1453P0026,29.8279305887629,24.0203407264111,-12.0127574470877
TMS18F1451P0015,-36.5474375108885,31.9489450276236,21.0908662722031
TMS18F1482P0013,-18.8886545160269,20.9817451451728,22.99521563834
TMS18F1301P0028,-64.1021707632397,-25.2929600958551,-8.75745860412409
TMS18F1369P0016,-35.7417522004756,3.94466752071363,3.4544570463891
TMS18F1421P0040,-29.6165955714315,-6.7096795494629,10.4881199300713
TMS18F1354P0022,20.4077225810063,11.2467791767911,-54.3604629165936
TMS18F1364P0007,50.3572532019471,-55.5899925554267,-14.4324163604027
TMS18F1336P0006,-33.7584018486736,8.52839131892084,-41.3312371565884
TMS18F1324P0099,-102.701027128592,-49.9492209842067,-47.9585385370116
TMS18F1298P0013,34.8472829532369,-20.8020321594862,-14.7791024945864
TMS18F1395P0014,-27.9132956009644,18.8856127807646,-13.2176762530678
TMS18F1367P0011,-27.9035092059081,2.8206079027836,20.7445445415253
TMS18F1300P0009,-27.7996937300046,-14.8171606682889,-1.09369158810847
TMS18F1291P0042,27.2062910357352,-20.8054752407774,-29.7173935958912
TMS18F1344P0024,-36.4130990461073,0.828041953450213,-45.4814412446569
TMS18F1336P0004,20.6652390090778,45.8730273922866,-67.2936500644827
TMS18F1338P0006,-8.27993143141792,-31.6383671657256,-51.9854605893215
TMS18F1265P0029,25.7607773147688,20.8250143128399,-68.9254112168305
TMS18F1342P0005,24.6059501297993,3.38125370709529,-65.1147372114864
TMS18F1396P0007,30.7075402340608,-4.46150750401898,-22.7417819706487
TMS18F1280P0153,9.24426532065836,-31.9162007406212,-23.4802705148969
TMS18F1484P0032,-33.1360356443395,32.8950590161766,2.16424438928921
TMS18F1299P0007,-21.8753882735623,-42.3998521753934,-1.69191569432568
TMS18F1484P0004,-36.1385834678269,10.3628007936007,-31.46356590807
TMS18F1355P0002,18.9276888332133,35.4804675907399,-65.1533364447401
TMS18F1330P0003,-20.794019655349,-34.9662943936699,-20.9290411314278
TMS18F1300P0015,32.3512235739406,-7.52222869235873,-29.4960352923828
TMS18F1308P0073,-34.3140381617957,-0.35467902448015,-39.5889632138433
TMS18F1306P0055,-30.5804310939749,-27.5634069221781,-38.4413901673034
TMS18F1372P0020,37.049910734851,-11.2921555386138,-14.9004805961273
TMS18F1385P0002,15.3035156075481,20.1185014262032,10.0083838051938
TMS18F1318P0002,-20.5857115445945,20.8345005215961,-70.8093173989029
TMS18F1339P0034,-25.0398795935464,-33.1231684615613,-18.2794666744748
TMS18F1301P0001,-25.0883657350525,-17.1287059666313,-11.2723824316228
TMS18F1278P0181,-37.0712341541841,-43.8157793719625,-45.5169919396034
TMS18F1439P0020,35.4582263562918,23.7316451795633,3.33065038938484
TMS18F1308P0070,28.735629292653,19.6170360874341,-48.3031716613321
TMS18F1333P0002,29.582448397225,25.3206169891544,-24.8525957041428
TMS18F1319P0031,-87.5361922603395,-46.547280459689,-52.6941788976775
TMS18F1324P0040,-100.118994054399,-37.440085013946,-52.3855550544052
TMS18F1327P0002,25.3828222150887,-22.1777026973103,-38.669238099024
TMS18F1323P0058,-91.554195637873,8.6417589270497,-49.7844390365943
TMS18F1278P0136,-99.1627334744636,-59.2314029660088,-43.9803244431812
TMS18F1340P0010,-9.87343479637145,-5.41178840936704,-21.5545062280355
TMS18F1323P0016,14.7099911044794,30.2363067187395,-78.776473086161
TMS18F1484P0009,-32.9031619569946,-1.85132614887956,-13.0691145309012
TMS18F1367P0034,-19.7840533124834,-26.7922413938961,24.5602849360503
TMS18F1343P0052,-18.928824219391,-26.5233365960558,-60.1178119540821
TMS18F1324P0076,-8.75948932885784,-33.5184496561025,-70.903894878818
TMS18F1339P0001,37.2993694607575,-7.44182621552769,-26.388703878385
TMS18F1344P0107,-2.35496086652719,-13.8027691432318,-71.01320823899
TMS18F1344P0021,-2.56882649548064,11.1214286126478,-47.3334742523666
TMS18F1343P0044,19.3641041641125,-10.4446083789306,-69.4631963687946
TMS18F1424P0005,-21.8775745562473,-46.8404453817423,16.3758837065762
TMS18F1311P0022,29.0973905242017,15.6078365332409,-63.6473175501571
TMS18F1366P0017,-45.285273964208,-10.4491512854328,5.05044394924496
TMS18F1375P0016,-37.8625983723658,4.57310907317158,-1.67813513975826
TMS18F1318P0021,-100.691925097928,3.77441597172392,-53.5195617171882
TMS18F1343P0001,12.0675670117385,18.1189737603528,-52.8219226620018
TMS18F1484P0024,-30.1635088424473,-14.4513247552912,-13.0311082968657
TMS18F1352P0012,37.0879072266648,-25.1258383334945,-3.36771867588566
TMS18F1324P0104,-45.3569469905469,-38.4172736457345,-56.471728397634
TMS18F1327P0021,-35.5731437381041,-12.8814045198934,-41.1877710580652
TMS18F1420P0006,-37.3228195251793,21.8759291107172,-38.385614597033
TMS18F1387P0006,40.268366813284,4.72103489263495,6.01230485208184
TMS18F1344P0103,-31.355934614928,-32.4556577465309,-59.9079226043853
TMS18F1320P0028,-19.1285748016646,-37.2924133254071,-39.5036220382741
TMS18F1263P0056,27.418529820972,1.61641322666579,-61.7015286468142
TMS18F1379P0019,40.4189428440004,34.3825667942098,32.0621066100098
TMS18F1318P0014,23.5250814169736,23.4811185018787,-63.8393321244535
TMS18F1415P0045,37.5109845416692,12.1356892961452,21.7073282438299
TMS18F1278P0128,5.61555676257516,-30.8826322483447,-62.7605797270498
TMS18F1328P0016,-40.0854143062266,-18.553032942961,-30.1242262725059
TMS18F1328P0034,-38.245715183206,-23.6455461824693,-21.1295117114683
TMS18F1397P0042,42.9363913691361,14.555664989873,28.378023648419
TMS18F1317P0033,23.6727122959882,18.2505388808618,-79.5474681365845
TMS18F1328P0020,22.8622248868686,-2.80938429586017,-32.8000007397854
TMS18F1451P0025,12.0222439434062,20.2353947607254,8.87518498209175
TMS18F1331P0008,-26.1801836309065,-25.1115656296389,2.45148445035246
TMS18F1278P0168,-101.521406837381,-57.0457534308891,-43.9946273973397
TMS18F1348P0029,-36.0434868366246,7.01523297146775,-29.2766914370677
TMS18F1484P0002,-4.34103738300399,17.0143947499145,-15.8368577654436
TMS18F1349P0115,-30.6086415233466,-47.9833250044816,-18.3596557477186
TMS18F1356P0018,-35.2386757582507,-13.5675459067346,-29.9216340374488
TMS18F1265P0026,-40.4592396821591,17.8533708837276,-67.0320901967903
TMS18F1319P0034,-44.3232229770848,-32.5394361546514,-59.9854818551707
TMS18F1368P0014,-77.8238810442804,-15.4187266364431,21.1701815928138
TMS18F1420P0005,-74.1347220303244,6.01306593941807,-12.2566386289983
TMS18F1318P0033,27.3342751774472,10.3806183897013,-50.7390845033604
TMS18F1337P0012,-29.7815949207792,-13.9596683284229,-20.1876902485153
TMS18F1388P0011,36.4288493728744,36.2865000258049,15.410641050926
TMS18F1349P0143,-31.857573948261,-50.4404483563528,-15.746439036348
TMS18F1348P0075,-93.710063057689,-9.85276692150346,-3.84636061799974
TMS18F1330P0017,43.0906965270655,-14.5962095361725,-14.5834975912911
TMS18F1348P0056,-39.878929492594,18.7059507697744,-26.3811297548026
TMS18F1323P0012,-45.294612958945,19.5060333014034,-55.0992168041403
TMS18F1362P0003,-94.5299310247624,-28.8300204765859,11.5765981478685
TMS18F1328P0018,-38.3351814483576,-30.9314115813594,-25.2779121537032
TMS18F1373P0026,39.3452443984501,9.10308698881675,12.9129707883882
TMS18F1363P0002,-33.1205141570688,10.508651233793,-5.26372155846836
TMS18F1350P0057,42.4654975689342,-30.8681097564436,-2.07915469832885
TMS18F1343P0054,-40.6655937677098,-33.2530472689436,-49.5871639876641
TMS18F1352P0026,38.1679709751516,-13.6129656616062,-12.8436049930082
TMS18F1319P0043,-21.5650572329057,-25.6680687016861,-62.606859329998
TMS18F1348P0050,29.613008516667,9.59158260699844,-35.7552708350628
TMS18F1391P0008,45.6473264047802,-2.2531253948015,28.5620683800012
TMS18F1329P0002,-40.4520716787188,17.8561584319722,-66.9470807805056
TMS18F1338P0008,-1.59584713305193,-30.1498578065288,-39.211262600658
TMS18F1379P0008,37.9827410666161,20.2349211975853,29.2589097719233
TMS18F1342P0015,-46.6960861827865,-12.3516796119332,-36.2970642203354
TMS18F1355P0018,-37.2682664643259,4.69719320680313,-49.9539443059132
TMS18F1309P0057,6.1271146578319,5.02291608029973,-24.2218061975037
TMS18F1359P0015,-30.0299539001029,-13.7658768307657,-1.57179690819874
TMS18F1453P0025,4.96914826539945,14.3905983646151,9.1369836416146
TMS18F1390P0010,-1.99697021397024,30.8992067800586,41.2307352172005
TMS18F1307P0077,37.2588114610737,7.72148725089067,-24.9526006017824
TMS18F1380P0027,-15.1374027774215,30.2113145268475,58.5609072285833
TMS18F1389P0003,-22.797457107859,7.11886960004331,35.3098413540257
TMS18F1336P0001,28.4678579976851,20.3558718312983,-49.7543509194031
TMS18F1331P0005,-30.9904310103437,-11.6823480949303,-0.591704737757624
TMS18F1482P0002,38.7043841475373,7.82401568941753,23.9422424426632
TMS18F1329P0004,16.9029802284637,9.78181906865982,-43.6490107159187
TMS18F1384P0022,-18.4878123640727,-3.33744688631069,19.6662621498752
TMS18F1389P0036,35.9891912523465,27.82347944178,18.6231928593875
TMS18F1389P0028,36.5697580564953,36.0335443442107,22.7006007074393
TMS18F1317P0041,-29.2001173455251,-5.80181957361729,-52.0028514454151
TMS18F1367P0001,29.9846056411719,25.3812928214133,-5.60851821135035
TMS18F1319P0028,-42.2263837296566,-24.5510565704049,-69.5849088996702
TMS18F1390P0023,40.7259700909433,26.9338843854746,38.1849323911377
TMS18F1320P0055,26.0159283107403,-29.5369430202512,-37.58720513773
TMS18F1343P0029,-41.5372366644562,-31.7929116505676,-56.2147937577837
TMS18F1395P0006,-33.2017996838131,35.9731279006086,-15.5407459080729
TMS18F1353P0019,36.5858182697489,-8.53109823226092,-0.49777425437808
TMS18F1265P0033,34.6703305014887,-39.5808350124358,-40.8911509782209
TMS18F1451P0005,-32.350747811879,36.7327554518865,17.304042457853
TMS18F1481P0029,-34.2611397307774,2.74725626735749,-44.4368470391273
TMS18F1384P0025,20.9118397872841,34.2724899578778,7.76917093676469
TMS18F1457P0009,48.1711047632943,-34.6929318134154,27.1728194875147
TMS18F1453P0017,-14.3812478112992,2.53648031272524,-0.755121853352602
TMS18F1278P0152,-35.5692454979629,-44.6168591380466,-51.8952285130319
TMS18F1323P0056,-34.2481753947493,21.1362461840433,-71.9574094228
TMS18F1278P0095,-98.5997615508025,-55.7579151973865,-40.9022690836031
TMS18F1483P0010,46.5330554599149,-37.9479332947862,15.5331176044217
TMS18F1384P0023,39.9594320037849,12.5761521876489,18.54377944248
TMS18F1291P0045,28.7105660939588,-37.2653205507481,-28.7779034554727
TMS18F1484P0035,-32.3755241181794,-5.65600370748544,-17.2196045584125
TMS18F1309P0070,8.92117390783814,6.8882033434229,-14.1584165479343
TMS18F1457P0012,48.9755157955928,-32.1214382114413,22.9875014454279
TMS18F1309P0042,37.4544585561863,4.82698229033809,-21.1344350645292
TMS18F1453P0007,-26.299134564293,-3.97758404994341,11.7324395662123
TMS18F1386P0018,49.4537195862749,-22.7932262477483,37.6696067437888
TMS18F1466P0006,23.54859713549,20.9208019109324,-76.8363916411321
TMS18F1391P0002,26.9297872338447,6.28125300322161,33.5152973731898
TMS18F1349P0005,-99.9622762743741,-51.0351137763349,-16.0565574421201
TMS18F1358P0001,29.3691856862993,11.6065049774347,-27.7308958232413
TMS18F1309P0034,35.4353464294063,-6.06819491909926,-29.4494977876118
TMS18F1453P0027,31.7490588872064,12.7906581748887,5.99011133986312
TMS18F1421P0022,-29.4066532297712,-9.0537869404482,20.9003237284801
TMS18F1309P0015,-29.5799171746169,5.67915143656827,-16.9168884051229
TMS18F1391P0001,46.6358908487897,-2.6388036263097,23.5443074861877
TMS18F1309P0048,8.62835525709653,0.315176470267903,-20.0376425518469
TMS18F1325P0008,33.7106664542668,-32.0727697499187,-40.0082885101902
TMS18F1366P0001,-44.8502537388444,-3.00812454616574,8.74317362063065
TMS18F1318P0010,-5.52143823630182,0.950014680438037,-44.4155445360109
TMS18F1482P0008,40.7031061390445,-4.78963820844472,13.353983429273
TMS18F1485P0015,23.3659251020318,-29.9693177070833,14.1312699718701
TMS18F1396P0014,-29.3276913990534,29.5295887365146,9.66600610493274
TMS18F1323P0029,-46.6668932560819,7.86758707377364,-60.4994295469462
TMS18F1330P0007,39.8460731731289,-9.96082767651844,-27.4774477050649
TMS18F1320P0110,-22.5965354548381,-43.6321192341084,-28.7497698684749
TMS18F1481P0027,-22.5251615256653,2.10031292311965,-56.9769379509416
TMS18F1317P0044,-35.5647331481636,18.6262727779074,-61.9447929471667
TMS18F1339P0024,-8.20957404413997,-10.4315021753532,-22.1548775941108
TMS18F1308P0029,21.3206969326755,7.27327573634258,1.14827540157638
TMS18F1291P0035,-42.3112423252898,-25.0662928758913,-30.8017529064933
TMS18F1319P0094,41.7239317256051,35.0660917720505,35.2316880909091
TMS18F1373P0040,-39.863831256959,0.276833032255031,-17.9445727069314
TMS18F1264P0063,15.2786998627304,-28.8386539397085,18.1954567556615
TMS18F1356P0022,-69.6231045557598,-33.8467143984024,-27.1031310544251
TMS18F1310P0081,33.8362361166926,7.21974998665642,-21.2594867951535
TMS18F1483P0005,-9.02366313404096,-44.4927411336178,24.0353677640988
TMS18F1481P0016,24.3839464963464,4.00943397820485,-61.6020468292545
TMS18F1453P0002,-39.192698926099,26.7003511236095,4.34362996970415
TMS18F1344P0044,-39.8485215416433,19.7281559591856,-55.3562281865255
TMS18F1319P0018,-42.651419801899,-19.190243922804,-43.9240431686896
TMS18F1278P0084,24.7860055142079,-14.9089576005773,-61.9540820102868
TMS18F1372P0017,-40.4476462674476,-17.7821249748362,1.58278150763252
TMS18F1480P0010,6.50702950934369,-28.3214546823862,21.7341234895302
TMS18F1318P0023,-97.3815018272996,-8.87847319767144,-40.0478691892018
TMS18F1389P0016,37.6250042440586,21.5962377522399,26.3393757818775
TMS18F1361P0023,8.52869550074524,14.8306028214454,-22.4278829641912
TMS18F1335P0008,-33.8689091154882,25.7984322026041,-46.3336938730711
TMS18F1355P0001,-22.0481901722651,3.3250499820146,-49.557603997569
TMS18F1483P0002,-36.6440810805645,-8.18863779491863,-52.806489287976
TMS18F1451P0026,-29.2068362037208,17.0172883720917,20.8447846881823
TMS18F1381P0002,1.89661660712316,-2.60689157957258,37.350063048185
TMS18F1319P0124,5.02814458040881,-35.9294571482824,-63.5617092812635
TMS18F1323P0046,-48.5051064653712,25.158297630972,-64.1033153040613
TMS18F1373P0003,-38.5801161621178,0.398491778200723,-16.1558131190093
TMS18F1334P0024,10.3140621345173,11.5314735150162,-42.7722637206457
TMS18F1337P0007,-35.226935334185,16.4682772879437,-44.4008892858154
TMS18F1361P0004,-40.3083139890217,-7.78710052359777,12.7580942004676
TMS18F1354P0030,24.5919988181376,-11.3974463299028,-44.5259261046495
TMS18F1397P0036,41.7336482989939,14.6298344182464,28.8120400433396
TMS18F1324P0101,-41.8254592597946,-43.7725476837845,-48.8456507999189
TMS18F1383P0023,36.2288208010235,48.1006537047063,32.2910136120848
TMS18F1381P0004,4.45624939196934,-7.11710560649155,42.9860139302578
TMS18F1354P0010,25.1482084381067,5.17283873698066,-40.7959605769585
TMS18F1352P0004,-22.9278331870742,-27.7071568499065,6.66591695973024
TMS18F1320P0018,-23.3618050553247,-41.351192864698,-34.2199217029277
TMS18F1358P0003,38.9712756178896,-14.0529155122233,-12.2650386597388
TMS18F1349P0137,19.4712333823422,-48.5459796060418,-25.1146012683122
TMS18F1344P0110,-43.0491505870933,-35.3810441314625,-61.4259478332207
TMS18F1373P0019,-33.2698021801489,-10.5124049889351,-9.15733434036991
TMS18F1354P0025,-37.0448982388884,-17.1074563865326,-41.3689530450625
TMS18F1345P0019,39.216899743303,-37.3524539073957,-28.0903380611091
TMS18F1324P0007,-38.2421262991978,-36.377811986428,-46.2386931236968
TMS18F1344P0004,-43.8487244794294,-33.7839888281723,-67.819209823707
TMS18F1453P0004,-33.045107670185,4.72125547383475,-13.5036812501089
TMS18F1379P0021,42.3537845732573,30.9073239910437,30.5847317776271
TMS18F1338P0012,-92.044834291296,-46.8405863974218,-37.6732791870379
TMS18F1426P0024,-32.3110367853115,36.9558219085456,25.7462617539401
TMS18F1380P0018,-2.86913615465217,39.5847720396225,49.2152160301848
TMS18F1343P0037,-34.0987139280249,-40.9891839901444,-39.151490735861
TMS18F1373P0018,26.4783007107897,0.398663159000066,-14.2571376482467
TMS18F1309P0049,29.4901509685522,7.80827304005808,-26.6535198954726
TMS18F1364P0029,-6.37476647652731,46.7381713370561,28.9113753317531
TMS18F1349P0132,-8.79433196598165,-56.6488781809894,-18.1510875665025
TMS18F1319P0114,0.609897077701868,17.9581199710183,39.7063963081506
TMS18F1319P0024,-41.1932213062261,-46.6718085922619,-57.9223580813873
TMS18F1325P0001,-12.2551442359679,-20.7111607800896,-37.7396337683451
TMS18F1320P0084,-22.8740575371852,-39.4876764337269,-29.387577972788
TMS18F1372P0010,23.2987708048688,-19.9198721863903,-11.829104132667
TMS18F1480P0007,44.2038230549828,-19.468827653612,29.4473397795024
TMS18F1357P0020,34.4585870061904,-8.06074361842693,-25.6078185814407
TMS18F1424P0026,-16.6671086704855,-34.3732634037345,25.5531793913163
TMS18F1457P0002,47.5558950997308,-30.9700981596185,26.5252457312111
TMS18F1339P0021,35.4862651938707,-8.81698594229023,-40.8856076691276
TMS18F1484P0008,32.217996823068,12.4924018358265,-27.6798616094576
TMS18F1389P0027,-25.9891310143708,7.87221976876436,36.1659839167721
TMS18F1340P0018,-59.9019571356514,-12.1449250298602,-6.93932732549255
TMS18F1451P0002,-39.7475519785714,39.2444265098297,7.05971940890994
TMS18F1390P0037,0.35152512850533,22.5388756989681,52.034773068347
TMS18F1376P0012,33.564624276952,10.3590187850626,-11.4449501268226
TMS18F1367P0025,-38.3380110547292,27.1095728536549,-3.94043440431423
TMS18F1453P0014,34.1507232470665,0.149935829464572,-4.48353358508147
TMS18F1350P0033,46.2991268449243,-1.74651388853466,33.3161406727652
TMS18F1324P0078,-47.3062806174286,-33.3557921752917,-64.6069559857208
TMS18F1309P0039,-4.05028136744065,21.5253683272285,38.5755826164339
TMS18F1319P0113,20.7074993514055,-20.7245746885875,-71.2836616902038
TMS18F1372P0019,24.9621920612813,-12.0928512727732,-4.00551124742242
TMS18F1352P0015,-21.9939379063098,-27.0652440447144,-12.1886561966638
TMS18F1331P0022,-29.2186672271489,-16.9410668178907,2.67216575759625
TMS18F1323P0018,-44.6280276201194,22.8104701263247,-61.3040626797752
TMS18F1374P0007,33.4677136542628,3.52485686725596,-22.6111695464103
TMS18F1344P0113,-77.7389158257433,-36.6061429708259,-59.2779565341938
TMS18F1309P0059,36.9515255861018,2.48199122073173,-21.6235352931546
TMS18F1319P0004,-62.9550555077876,-46.2605701641844,-53.9859699828505
TMS18F1337P0033,-40.8674957945973,19.2002114605552,-50.9203538628672
TMS18F1345P0005,28.3651038581592,-26.42482528693,-38.0317722342756
TMS18F1323P0042,-107.906189391462,10.9002719247175,-57.8146633601294
TMS18F1397P0031,39.8678712688196,12.6523644780585,14.1690863857294
TMS18F1451P0009,-39.1058851689728,32.5957927755978,6.78950043495171
TMS18F1395P0030,32.9278487563403,31.5018435859266,-5.49170445373209
TMS18F1335P0014,-38.5075890356247,29.1264163044938,-52.0536953603111
TMS18F1480P0020,10.9409906334308,-43.165217431816,25.7908860810803
TMS18F1378P0019,11.6005497457001,0.880644938655943,35.418588566644
TMS18F1378P0012,45.6469563621116,4.16321547825466,35.7645030675308
TMS18F1424P0001,-24.3656355141365,-30.829120014582,17.6903243186434
TMS18F1421P0020,-28.6688719878925,-10.011086678956,7.56976656520528
TMS18F1484P0012,-36.1264822710387,17.1162949878928,-26.5857202551695
TMS18F1378P0033,45.3946893172955,8.08574301482065,38.3524893186449
TMS18F1372P0005,35.041684001292,-15.3675693682767,-14.0909953042686
TMS18F1409P0002,37.7854619660426,-45.1142505451843,-23.2568982793009
TMS18F1395P0031,32.6625027098833,30.2447663112492,-15.2347678709832
TMS18F1345P0030,36.8484680863879,-30.8202362315777,-36.2778040126456
TMS18F1318P0027,-75.7612361702288,-15.8599273437656,-53.0149810469103
TMS18F1357P0004,-15.9937911379311,-6.21689831046118,-15.1309855604328
TMS18F1484P0019,-31.8592800408133,-48.9508038535755,-16.5198735293725
TMS18F1309P0044,8.96339269807555,12.3718328328227,-10.320985769983
TMS18F1336P0021,25.952633099422,16.2896409462223,-47.9742725215002
TMS18F1366P0002,18.0930172864474,4.35198624704236,3.71693827063941
TMS18F1324P0016,13.0667872670022,-14.5475772045023,-82.3370781866554
TMS18F1278P0175,-63.7261388581721,-47.659415595364,-52.7612178221045
TMS18F1350P0019,-19.2489011520628,-50.4342857112881,0.359805722347107
TMS18F1291P0028,-41.0738766906785,-32.475301567353,-24.2043511631775
TMS18F1391P0023,47.7425970679954,-39.831342638149,0.472800061067943
TMS18F1322P0016,-8.83740065768159,-10.8047860886242,-55.9722134771982
TMS18F1349P0018,-31.880520129765,-49.0143405456876,-16.6692079500181
TMS18F1366P0018,29.5917356693935,8.56886034823952,0.965752213474134
TMS18F1324P0094,-65.4223586329262,-25.4955962780076,-63.0183558880322
TMS18F1345P0037,-27.6861809242906,-40.4192064998564,-31.2275930298105
TMS18F1323P0015,-91.9349456944771,9.03071034318238,-41.1988955917197
TMS18F1378P0009,3.95904110733028,-0.673118101363509,38.7955674506978
TMS18F1319P0110,-92.1002358706763,-54.2117043301804,-52.6037382216664
TMS18F1361P0024,6.97270559828642,17.8900169544965,-23.011349754058
TMS18F1318P0049,-36.732481903731,-8.17607487556232,-52.9572655524918
TMS18F1481P0014,-31.6626938645239,-5.69271747724711,-36.8455320393921
TMS18F1324P0043,-48.470622364623,-23.8171158244161,-66.1785556863045
TMS18F1453P0029,-16.199623640943,-4.37587409029,-1.75089616880908
TMS18F1396P0025,-3.91884612046553,-18.9181749982188,-17.1888807028411
TMS18F1348P0044,-93.8136461674106,-15.920593659058,-5.85113322457721
TMS18F1319P0009,-9.5018035050814,-28.1054372754719,-71.2389468775441
TMS18F1311P0002,4.35158054968351,14.4376799922376,9.18466779846993
TMS18F1356P0026,29.3778390613984,-16.7961389781507,-31.204255039623
TMS18F1438P0019,6.78892575787197,-1.10047635327261,-41.3523969240965
TMS18F1338P0061,-51.8152118585195,-24.8374506475076,-45.3877720017408
TMS18F1382P0019,-6.79883939607602,45.1114972359064,48.7843158418324
TMS18F1349P0147,27.7230954770113,-34.3348078827955,-37.7354956825434
TMS18F1457P0005,49.288818298595,-35.0435895109162,27.0267416458712
TMS18F1370P0012,-41.350129125907,16.5081461817244,-10.9466212708701
TMS18F1335P0016,-35.5808356032136,15.2949403962586,-41.0416396605009
TMS18F1391P0011,50.7097436584804,-14.2649127475497,32.9470769889234
TMS18F1333P0006,31.2000509918719,20.5181567887604,-29.4893073809706
TMS18F1324P0120,7.58761558240121,-27.8535103216218,-67.6848078241918
TMS18F1318P0043,-50.8255766296159,17.9537918023016,-59.6291090671113
TMS18F1481P0005,28.5396464895061,16.477352784191,-60.2704553739953
TMS18F1291P0025,2.92836824727556,-27.7915415042283,-27.850142826546
TMS18F1372P0013,-41.0062663129999,-22.9249884075015,1.03413966553702
TMS18F1409P0005,2.04289920441847,-39.706618687877,-11.7716571982856
TMS18F1348P0085,-29.5129930695961,-5.28414716103218,-21.9725938725425
TMS18F1349P0155,-34.2534173289727,-47.9188691597997,-24.5307677120672
TMS18F1319P0016,-81.6403778675069,-40.7976331240694,-53.5045276796642
TMS18F1357P0024,-42.9603377707416,-16.7270763667949,-7.26162628435097
TMS18F1348P0006,-76.5915499808361,0.548491976759746,-25.1865130782276
TMS18F1397P0021,29.5372182516309,8.77568807779486,1.00516152932936
TMS18F1343P0072,-99.8347319098511,-56.8420619714639,-32.7351399712947
TMS18F1349P0095,-27.2122232749185,-60.3230547008146,-11.4070277259642
TMS18F1353P0014,-69.2187265807434,-20.5182345334637,7.25624812974132
TMS18F1309P0052,8.05281418588504,4.10334789059311,-18.8726722080791
TMS18F1324P0200,-7.00201060931099,-4.73251060066037,-0.419192026608738
TMS18F1287P0039,24.0951299554876,16.9175701632544,-58.3059711203836
TMS18F1349P0126,-21.7880895850254,-42.3219448473639,-28.8749688587346
TMS18F1179P0008,-35.3889893100993,5.95085607097932,-12.2810152433716
TMS18F1447P0002,25.162832615999,29.8338823566589,-4.3012089019092
TMS18F1388P0012,-4.27809381195622,29.9526953267727,1.34250283383661
TMS18F1305P0039,28.2405147446483,-2.40030105591775,-48.1230263753141
TMS18F1318P0036,-35.5193890039658,-30.1496396669281,-19.8447472729304
TMS18F1344P0176,-36.5816251592187,-34.5357626242782,-37.3419863927783
TMS18F1331P0016,28.5299703175389,0.668546239855192,-27.0120913832106
TMS18F1260P0054,-34.0651182621829,4.42684910291147,-36.1307694918189
TMS18F1349P0149,37.1191914462862,3.61447997948496,-22.7380834878257
TMS18F1469P0062,-29.0772005993981,2.1764655317592,-1.32116654095795
TMS18F1334P0023,-34.1948540559621,-6.31529328973657,-38.3329494318307
TMS18F1414P0014,38.0449723228004,-6.67788592513852,-34.2539441651459
TMS18F1299P0005,-44.0147680120219,-45.2353857407811,-63.72585808172
TMS18F1335P0035,33.6667357000102,9.63322508873437,-16.7089950322324
TMS18F1348P0095,-35.6966300920078,24.5773925281341,-37.3465592437579
TMS18F1364P0018,-36.9285453863992,3.8719281427901,-43.9647698197235
TMS18F1353P0022,-25.5998828872973,-28.0805316533298,2.59354828647369
TMS18F1261P0005,-33.3232285166543,8.89521386821051,3.23766905264105
TMS18F1347P0029,45.5542505854092,-37.9188494645996,-5.05821736397146
TMS18F1163P0035,26.9491534222706,14.5411564144027,-55.0432782889824
TMS18F1280P0091,18.9505363530852,-13.902022719528,-50.1815816724338
TMS18F1462P0017,35.7453382564482,6.35299819310451,-15.5884194336676
TMS18F1259P0092,5.12099904399476,39.8677556971276,-37.2940392557441
TMS18F1281P0003,26.9885172294201,42.2828165377529,-38.4930843530224
TMS18F1480P0055,-15.6208417211903,1.26793921573917,-2.8990281742202
TMS18F1476P0048,-17.8939083159003,-48.9345354764146,9.06983384737702
TMS18F1352P0043,-20.1476895122137,-26.0978164072787,-2.41977082762508
TMS18F1178P0048,33.6453222876772,12.2070325019341,-51.5780399724496
TMS18F1339P0033,-39.8812886934439,6.7912310032194,-38.0132885584994
TMS18F1314P0024,40.6590743210859,-34.6998784420421,-7.5190015701205
TMS18F1175P0036,32.0247501270967,7.67762717801062,-17.7756360758756
TMS18F1295P0045,-34.4262578672876,4.36300634035378,-44.9058229835863
TMS18F1295P0036,-32.549260606349,16.5207838794352,-4.53957510505914
TMS18F1288P0027,-11.6316533208426,-1.2044595847731,-40.7288860849445
TMS18F1305P0168,30.4045245713386,-29.1174195404658,-21.0113805285448
TMS18F1274P0025,-36.4825934726479,-19.4007820561679,-43.2070957613322
TMS18F1310P0132,36.5724942817447,3.87055398564571,-12.9511745830572
TMS18F1211P0003,-19.0453990337477,9.35343923252535,-9.06149842389133
TMS18F1481P0046,-38.8394569167225,0.0115777054212328,-60.0161498279724
TMS18F1217P0114,-36.0615976279032,-34.9266253266867,-46.1436500328714
TMS18F1343P0012,-12.8647707475176,16.708945566116,-40.1647371377075
TMS18F1352P0049,-17.6508180792792,-2.22153409987846,-7.06259096686471
TMS18F1328P0027,-19.2462095968578,-11.2556800874255,-22.7181044632883
TMS18F1324P0171,-40.544860570749,33.346841107559,-71.8481225643086
TMS18F1355P0038,-19.9003075378042,-17.8864162657294,2.20328572043285
TMS18F1272P0037,-87.5159865066232,9.53633635194578,-5.11303566925392
TMS18F1314P0007,-85.4945415208167,-3.12561696934359,-9.50617404140657
TMS18F1305P0040,22.6158014450134,51.0027153085578,-49.3787077008491
TMS18F1262P0008,-40.9918158773795,6.99222240185794,-12.8142307148939
TMS18F1308P0077,-33.3931648289679,-8.75300371320282,4.10132063697699
TMS18F1372P0024,-36.6030769254453,2.79002116539749,-1.30842739352385
TMS18F1344P0014,-29.547248872517,-27.5890441118082,-17.9972659800933
TMS18F1337P0049,-88.4795159347459,-12.1962945677882,9.81545514347195
TMS18F1306P0114,-27.8116797963868,12.313782130574,23.5719539932633
TMS18F1287P0029,-94.1434054571632,-50.2354722123271,-8.98181644474429
TMS18F1313P0013,25.1517998006678,-7.32749730075744,-52.3946823907185
TMS18F1342P0003,-36.6807127338566,15.984855088257,-46.9163099388954
TMS18F1174P0011,-31.193970442877,-0.219843821740397,-5.90639092601195
TMS18F1389P0021,25.9719461828607,25.7100692525737,-1.91956072519268
TMS18F1472P0042,-39.2577012651157,19.7051194401823,-21.2048628756311
TMS18F1354P0027,16.2792552160586,-7.55757738126614,-52.8507910923382
TMS18F1278P0068,-13.9805743779464,-12.7510543560446,6.98634945835758
TMS18F1366P0012,-9.12583647243907,6.22397583717664,-14.5853094326265
TMS18F1280P0151,-76.9923003701494,-34.9991243122747,-29.5315038905555
TMS18F1365P0018,33.7612015034881,-22.4049965820337,-11.2728280166704
TMS18F1277P0045,23.3580068091191,30.3116841468718,-24.4295360020957
TMS18F1305P0007,17.2275598523057,-0.643166276142196,-33.6015013391543
TMS18F1344P0003,-20.8064507450641,-15.2732886580102,-20.3672950862741
TMS18F1278P0098,7.17409652467888,0.432227544434728,-21.6268148004591
TMS18F1258P0153,34.334398037883,-3.34471197545964,-31.1263824266322
TMS18F1343P0014,40.8183607195632,-41.1523628342949,-5.41335859353167
TMS18F1481P0009,-38.9584062102938,14.3077860556588,-65.3384985653942
TMS18F1163P0042,28.349285573411,5.87141679824856,-45.319996429038
TMS18F1208P0005,-29.2576304136749,-14.6837524471618,-4.93041919331433
TMS18F1258P0062,-99.1875339403876,10.0636092069938,17.3762943889165
TMS18F1349P0065,35.7891714792491,-5.80635711912878,-27.6214920999936
TMS18F1328P0032,-26.7064690981663,-25.7218903937067,3.7634738403739
TMS18F1320P0082,20.4891616883591,-20.2937237406003,-68.4033216062862
TMS18F1436P0049,-44.2034365855541,-13.7284520552928,-49.3790902302134
TMS18F1350P0026,-38.3069608824079,-42.6089510924166,-54.6726735194812
TMS18F1348P0088,25.5082629360911,-22.9375024410566,-54.1077535566041
TMS18F1280P0107,30.4262170469131,36.3555387872723,-50.3789961300858
TMS18F1312P0039,35.2251755669214,-17.3887921011234,-45.6775956797964
TMS18F1318P0007,-35.1398850244619,-15.3263561149448,-38.0317370409865
TMS18F1291P0014,-46.446188136325,-6.11899348091827,-3.71799072415064
TMS18F1284P0003,-39.7179065371782,-14.9202542678741,-25.7056108886062
TMS18F1323P0024,-75.9730719188379,2.19007629027885,-50.2550274493153
TMS18F1346P0023,-45.5005432119106,-37.0314433367564,-62.2436397318452
TMS18F1310P0088,35.4755674956774,12.9594421415339,-26.0375122507181
TMS18F1191P0002,-34.4054816234606,-33.4884066097493,-26.0858892782434
TMS18F1343P0153,-77.0349515526651,-35.1463366720387,18.8264962007456
TMS18F1350P0065,24.2184908003075,7.99414157498761,-57.68131398986
TMS18F1308P0082,13.1501698176359,-7.79720403132229,-28.3850345861908
TMS18F1282P0049,19.9544335577909,-6.33311244942677,-73.0462021959582
TMS18F1372P0041,-19.6440345838737,-54.6835149660506,-16.4038466792445
TMS18F1175P0053,0.192247243911742,20.0801241218067,-65.1237535038537
TMS18F1222P0012,-40.3861135954515,-2.89099879469203,-10.3566119408001
TMS18F1323P0002,-33.6670879384641,4.54852039510593,-4.70511660046216
TMS18F1280P0112,33.5205740987446,9.62003657148871,-29.2636326594529
TMS18F1280P0086,-17.7871095097052,-27.1804926495304,6.53322148910725
TMS18F1348P0098,28.277053144126,-2.96045475921821,-49.721705430198
TMS18F1322P0019,-22.5557168928164,-27.413048375265,10.2790128469584
TMS18F1319P0100,-94.0882072927996,-0.0705145446816557,-11.3272126544011
TMS18F1344P0198,-36.3468272257666,28.4612733662174,-16.0595144246767
TMS18F1319P0121,-3.93650684331852,-10.4923756648354,3.7604074187164
TMS18F1263P0037,7.69929232774278,-19.8222192479775,-2.06076636857698
TMS18F1484P0036,-50.7391487273391,3.40723114286431,-55.1597787213197
TMS18F1240P0024,28.24401579604,-7.26006137045929,-53.7321631533859
TMS18F1271P0001,34.9894380137485,-9.83382839917349,-7.14402373593905
TMS18F1436P0053,-3.8908812437822,-34.1033152088599,-26.8403235967718
TMS18F1258P0147,-39.3181662438272,3.34933480603052,5.70342408883449
TMS18F1277P0031,30.6873758034567,43.873323774057,-52.631459483261
TMS18F1313P0053,-19.2182171819531,-8.21226324679813,-6.70230856760463
TMS18F1344P0147,-11.7778064941417,-27.346574244813,-42.5664691166374
TMS18F1365P0024,-43.2925830348089,-10.143146697956,-69.0992767951152
TMS18F1348P0101,27.0383306962104,-21.2398870095943,-42.7550449739228
TMS18F1310P0148,-25.3033573361881,-5.43926874888342,-2.77074707432153
TMS18F1291P0026,-93.4666515119833,-56.5452533958177,-7.41685304937832
TMS18F1208P0007,27.7437304136868,22.9578899297162,-55.0848899255746
TMS18F1323P0025,-38.3252978985304,-28.1663609242125,-23.5187360105442
TMS18F1361P0041,-29.5200154224226,-11.8359939329931,4.99762567370591
TMS18F1324P0026,34.14996033047,-17.0730414019826,-42.8093950908336
TMS18F1274P0020,-48.5328845279815,-35.924633415013,-49.7143880269358
TMS18F1280P0126,-31.5501927385769,-21.3220733636477,-17.7052832854561
TMS18F1163P0044,36.291502596977,7.88983845379968,-28.3679915928004
TMS18F1447P0062,-29.6139009354301,-11.2971094854977,-3.94599236640097
TMS18F1335P0021,40.7099315598811,-37.0205630859738,-1.59051545233794
TMS18F1224P0014,32.8020740150113,21.5324678481666,-34.5287929817813
TMS18F1289P0014,42.4880654508765,-26.3271942232588,-13.8451964537509
TMS18F1348P0024,-30.9070399716493,-17.7464398174255,10.8997116319201
TMS18F1305P0031,-0.670660527843453,-22.1906496300259,-44.6037925740002
TMS18F1295P0035,-72.3381143441164,-12.6664229475768,8.89090086216351
TMS18F1308P0084,-26.7033062237702,-12.795598280003,12.363724842982
TMS18F1414P0017,15.2765815544192,-10.2732933040861,-24.6164518472095
TMS18F1231P0011,-34.825056049278,8.2265429731742,-52.5977170607653
TMS18F1345P0012,26.4223881051503,2.91345195475477,-19.92300793494
TMS18F1478P0047,-89.0103762195081,-1.6297321651657,-17.839590897509
TMS18F1318P0016,22.5117295389685,46.0072497367034,-66.2371359318029
TMS18F1348P0113,37.9507477315033,-11.7060382536433,-16.1213819174459
TMS18F1308P0114,-27.8212473343248,-3.74789928334907,-14.5243040812414
TMS18F1314P0026,26.9105373875548,-6.57638034242093,-48.6748472315788
TMS18F1324P0046,-37.8793651405512,13.0214278431381,-58.2020375643169
TMS18F1364P0027,-40.7107555510894,2.91006925226005,0.414669128585858
TMS18F1280P0140,-31.490751472997,-3.24351132342545,-42.5839215600824
TMS18F1380P0003,-0.754524904783846,18.1441476522612,45.03827017145
TMS18F1280P0057,-24.2644697814977,-26.5946012972529,16.4588674820787
TMS18F1350P0041,25.3739742196014,18.8983515420176,-33.8069050570468
TMS18F1306P0149,33.3101925258935,9.76305153821301,-36.403457998195
TMS18F1202P0001,-29.8164794376009,4.11524438883199,11.0399789935716
TMS18F1476P0047,-32.0504338871346,-16.2406639986073,9.87126905011276
TMS18F1348P0092,25.7502968005118,-27.6636027279305,-61.6795642299345
TMS18F1278P0118,-32.5457964514537,3.40097570808813,-15.5489481143139
TMS18F1355P0120,-15.5508198612984,-13.2056367595992,-0.172120299934341
TMS18F1326P0007,-84.8138976230945,2.62813514395121,-45.0494778655429
TMS18F1324P0093,14.794451485232,-20.78068226552,-78.1304022418786
TMS18F1258P0156,22.3262345631482,10.0440316928086,-19.705814837033
TMS18F1225P0030,46.6948727527049,-28.6469886858436,-7.73832324217779
TMS18F1350P0038,-38.9110218578717,15.279436814133,-52.2510812663072
TMS18F1295P0034,-30.4448794832115,4.09394640256996,-12.6684240654076
TMS18F1327P0013,-48.3573271940803,-4.82121265390685,-35.3987147054839
TMS18F1344P0133,-31.7452453561774,-17.8829552137395,-5.44244100801604
TMS18F1447P0078,33.5496435454138,5.64426064936347,-19.414158070935
TMS18F1280P0136,-14.387745098852,-24.2769180554393,-33.8505325291787
TMS18F1221P0053,-41.6596422060368,20.0481689768622,-42.8524214792804
TMS18F1355P0030,-31.8509627127071,-31.8785332911474,-36.9214541230978
TMS18F1323P0041,-36.7715566465904,-34.9166916013378,-53.4649801899716
TMS18F1327P0006,27.870833520144,-41.6241070457065,-70.0344970072327
TMS18F1178P0010,-3.15112368742196,34.8452129052052,47.618535938571
TMS18F1217P0075,-21.7063444646321,-51.4789588267465,-33.7779773546723
TMS18F1307P0001,-74.2997027980366,25.5316713379892,17.5116767428645
TMS18F1350P0091,24.3392034700289,-20.7168041928131,-59.590782788277
TMS18F1481P0015,-75.898243489218,-8.4613745375292,-38.1931380174023
TMS18F1313P0001,39.5162971508569,-23.7372701138252,5.04888854210587
TMS18F1320P0032,-67.4913303083372,29.8035464004425,-65.6038840603973
TMS18F1395P0055,-27.248233832512,9.22221738645755,-44.246920079545
TMS18F1318P0054,-57.3441623666576,-41.4578580702523,-13.5991580539955
TMS18F1338P0099,-43.836656086525,-29.3531202782854,-35.92759409189
TMS18F1217P0019,14.8651117738467,12.0643323527949,-8.20229902721462
TMS18F1349P0123,-4.78803242288169,-10.8334462193319,-7.60115598295663
UKG41-9,37.6244915736067,-4.81799960290668,-16.4720357797015
TMS950211,-11.1786776074862,4.81606634520137,11.2260941006434
TMS961708,-25.9232600993971,0.971571160042352,8.70326275939532
X.TMS982132,36.3371278279036,5.66042995160875,11.912802962385
TMS990240,-5.9308146337422,-5.51921190089647,1.59114470100374
TMS990554,-28.871371779763,-6.43022553309699,0.265749368262529
TMS911730,21.3522656140632,37.0674839222855,-3.60511509591314
TMS870052,35.8149897959599,-2.74893060480444,2.79006035243294
TMS892831,33.4861030365287,-14.1446955154246,-12.5274831047566
TMS63397,23.5908449616437,19.7455082508291,24.1405723750198
TMS920168,-33.1556526144819,22.6090058237298,3.70383201127453
TMS950414,-27.7370352847569,-20.97554111959,-0.601611361100585
TMS960035,-9.88928360855965,-24.8703209827014,16.9274817341155
Z790474,-4.83038840395119,20.7387212655086,11.1201697825535
Z956033,24.3165193723996,35.6233730002193,-17.4183819040784
TMS961413,30.8741344813138,-12.3950517952861,-19.1507592720542
TMS982123,48.8210323323971,-34.9582882751054,17.4011848403744
TMS990558,23.892920061745,-8.50227315323299,-3.22384696555534
TOMA326(4X),44.126497636467,-6.42003900102794,-0.063055360026622
UG110017,30.6846841864507,25.2381261019455,-0.738418408272398
UG110001,-31.4387201356665,-11.3227417632687,18.1211304082155
XO0214,-17.602141938849,5.48922799721524,-3.81910144145423
TZ-130,30.6819935910885,24.9842052629971,-0.625835912263074
TMS18F1489P0044,-20.2808942503759,30.4169291545136,-0.334868546926342
TMS18F1485P0022,26.3502052803093,-32.520979056862,8.17000200860756
TMS18F1558P0040,33.8213915016526,7.99899593645979,-18.3096859156352
TMS18F1539P0056,-21.2264389628722,-37.9367116802923,-3.54906874399612
TMS18F1562P0059,-99.0734039591484,-3.37197323290604,-15.0072624150038
TMS18F1561P0025,31.7508612862955,43.3942739706931,-44.28621806363
TMS18F1520P0050,39.2013269167175,-10.3609081020731,-14.2559144328126
TMS18F1490P0026,-3.71352587071645,-39.8213281256841,-17.8847608398409
TMS18F1490P0023,29.0512454358087,-18.2841014414215,-34.4172384418441
TMS18F1505P0127,25.8601024759061,44.3710371102591,-49.2536450980679
TMS18F1539P0086,-17.2519644677885,-40.811855514059,10.3565988543347
TMS18F1562P0055,-99.2117644008955,-11.4214556204767,-27.0993281026977
TMS18F1539P0075,42.9243321036557,-29.9865037901729,-10.1196344969306
TMS18F1522P0141,52.5200442952628,-24.819892795598,29.9488409833432
TMS18F1562P0068,26.5537250617012,6.47384513763854,-48.6236071833544
TMS18F1539P0065,-9.53532958997668,-39.9959185880483,1.33284279349282
TMS18F1562P0046,-43.3258750188414,9.2377298446954,-48.720048898697
TMS18F1539P0043,15.9905773626482,-39.3556270259187,-4.85101971547779
TMS18F1539P0047,-22.3925762753071,-39.5943727630383,-4.85281633345719
TMS18F1522P0144,2.62343489147163,-4.28750145010899,4.22055405666616
TMS18F1505P0081,5.70098204076277,40.1906638537489,-45.5335754804841
TMS18F1505P0079,24.9005697084529,46.9149118848175,-60.610285342973
TMS18F1539P0055,-18.7759522839341,-43.5595161097839,8.48652975278134
TMS18F1505P0097,13.9293109297347,43.2998135985028,-45.6332682182296
TMS18F1562P0014,-39.5011141871323,2.98858083647378,-47.4209509934774
TMS18F1486P0003,-25.3193898104239,-35.2909580243269,-12.2775110549202
TMS18F1485P0024,-38.5330969891677,-33.9119660939064,27.1335857487846
TMS18F1560P0006,-36.4054362776291,45.6243170530997,-16.7934005100613
TMS18F1563P0016,-34.1741396596495,31.7438426220677,-61.7770917765843
TMS18F1489P0036,22.7836169983019,21.9657192872826,1.63814329605525
TMS18F1505P0066,-8.92442842326329,39.848281300019,-44.0963610420446
TMS18F1506P0012,-19.3298646362455,-10.0200585020668,21.899523427903
TMS18F1507P0002,-3.90957183931456,-32.6755681920718,14.6602806684744
TMS18F1506P0001,2.34465325580735,2.60090267369169,8.31330334819267
TMS18F1541P0002,-42.8339003168017,-18.2953847542172,-21.3775331894619
TMS18F1541P0009,-30.1804802472181,27.339282339835,51.2711947932998
TMS18F1490P0013,-74.1338815900986,-33.1754285943509,-26.4608958950469
TMS18F1505P0073,-20.594886498567,33.580197318542,-45.2113765315059
TMS18F1506P0004,-28.0367629940877,1.76733841493841,10.1628011092078
TMS18F1485P0030,-41.4101095789878,-35.2903923729312,18.7941788030979
TMS18F1542P0018,28.7547796012087,27.4090650824178,5.56365195055156
TMS18F1485P0028,-41.1095658649178,-38.2792034413493,19.4191653026552
TMS18F1562P0004,-39.8028342476702,2.29475106017824,-37.3505097505717
TMS18F1490P0008,30.3508282875765,-20.7412066408109,-33.4140120645128
TMS18F1489P0013,-39.0407031163074,25.7188488061305,4.86972809556988
TMS18F1505P0077,28.8269801620586,35.655613932368,-42.8722464598125
TMS18F1490P0005,-12.1853796772527,-12.5395752117755,-38.1028366734403
TMS18F1505P0049,29.5684790092069,-9.1152162451156,-47.6618538833401
TMS18F1485P0043,24.5118103560146,-28.2551629933513,15.1018280815263
TMS18F1506P0013,-24.0404406587377,-3.18764953652719,19.7536143539609
TMS18F1562P0029,-62.3048462380375,-0.570956940628556,-28.6443781975224
TMS18F1505P0064,-0.329464523969044,32.5098037847316,-42.5170630156891
TMS18F1563P0014,25.9818146417667,39.426354081069,-54.6613718148386
TMS18F1506P0003,33.4516724134943,2.3512635052528,-10.1809389963532
TMS18F1485P0037,-39.4887342314996,-34.4321533464798,22.4049050335035
TMS18F1562P0001,-41.7578360866294,10.2223340505769,-38.5662274450184
TMS18F1489P0018,-18.5492412540346,25.1333243937382,7.53792422937132
TMS18F1489P0029,-8.63566776442755,28.8409781506615,5.23155176091938
TMS18F1561P0009,30.114125089847,36.5151508144798,-54.7485528451873
TMS18F1541P0005,43.5249437507129,-29.9382697978983,0.436020043759396
TMS18F1487P0001,27.2721196106586,18.5034502936842,-60.7582854741452
TMS18F1541P0001,-22.9381791237487,-42.1619748384159,3.9469681297192
TMS18F1507P0008,-21.5454221278684,-39.8599781135847,23.1283616291676
TMS18F1542P0006,25.0714017076952,39.1335434095582,-0.238365407782833
TMS18F1561P0024,27.299102173006,57.0654573810622,-52.1515481682925
TMS18F1542P0001,-32.4563677947265,-11.781194050214,6.44295762136222
TMS18F1490P0021,-33.8139701747292,-27.8335528518703,-23.118663353133
TMS18F1506P0006,-23.6387726987414,-8.70865373288535,21.2829277441314
TMS18F1562P0016,-100.115255754827,-5.91897283453662,-26.8348225467322
TMS20F1683P0025,41.2266355799055,31.0513981103915,30.3201043537204
TMS20F1599P0011,21.3315996225961,28.6318354642559,27.0280928598672
TMS20F1685P0032,48.0513307062528,-6.77287187098394,27.0376858086032
TMS20F1285P0004,37.895943853155,21.6254799954798,11.6037426357628
TMS20F1684P0013,43.7209876064571,-9.73910614490413,22.8990416422619
TMS20F1685P0011,40.9142109178356,9.94845688907285,19.742416192988
TMS20F1582P0025,35.2347534782455,47.1700571252428,18.0269875648869
TMS20F1613P0032,39.0651223040533,23.7763815312849,24.4182111641732
TMS20F1582P0021,15.4915029842738,21.6496664861601,39.937007182084
TMS20F1589P0073,35.6816484878854,50.5821717355975,28.5544863287515
TMS20F1601P0015,41.8843957069259,39.0272197579792,34.0204063816117
TMS20F1048P0026,23.4071441532032,-19.6906602948904,11.7436281070378
TMS20F1005P0009,-32.7100693053574,-0.805685951200515,2.07607263319869
TMS20F1595P0010,-27.6341123834976,8.49933650704871,22.8225498853016
TMS20F1684P0027,45.4727572708027,-10.8982746261566,24.31116681874
TMS20F1679P0037,40.5502073559189,30.403581418555,48.672615236719
TMS20F1591P0004,36.977508600487,35.2133618125944,32.7173790577078
TMS20F1677P0003,7.53963790408946,22.8465405150852,46.6233589279954
TMS20F1003P0004,-66.0182882382526,-15.7532843697183,10.1961314904454
TMS20F1684P0015,47.8784146475056,-20.4028920046427,29.3974929894019
TMS20F1589P0087,35.2155005549339,54.4035292545243,25.9044236735992
TMS20F1589P0070,5.47960923067234,41.4453903574702,42.6698518279511
TMS20F1593P0014,4.48748088883419,-6.76690888977305,23.6532782568924
TMS20F1593P0016,4.70412650144265,6.32779305306553,21.9495756914674
TMS20F1628P0005,37.255149075569,31.2284460983995,22.4655631331394
TMS20F1583P0003,21.634009336563,7.69257112645569,7.66525622491102
TMS20F1573P0017,41.9720650791465,20.118494385276,19.3562993231037
TMS20F1590P0061,-26.650646332461,23.733487884762,11.3554600944273
TMS20F1684P0004,43.7614952470006,-8.72859884642597,22.0369045104944
TMS20F1635P0002,11.9403288625208,20.981025765807,40.8591519103724
TMS20F1598P0004,-0.152472308030697,9.7368021305922,32.0112534951996
TMS20F1005P0001,24.4986998652258,4.07686815308546,0.124194792366958
TMS20F1591P0002,4.36700235841947,35.3059681751101,44.5144477864207
TMS20F1613P0054,-34.8298366277279,8.84093047809177,39.2280482805338
TMS20F1591P0008,37.5856492921454,36.5422773386553,42.1563316778248
TMS20F1684P0040,45.3121360763185,-1.79733168989826,20.1756940603244
TMS20F1630P0034,38.4001222799905,20.6880037079276,15.6072574939946
TMS20F1607P0010,5.08747496937306,28.6892917900095,30.8097523742958
TMS20F1679P0035,40.0557893906573,36.036557253093,40.7724927452604
TMS20F1583P0053,36.8006546374683,14.6911828970729,-7.34920857036499
TMS20F1286P0017,38.777092925945,-2.36374390240139,0.813177948512371
TMS20F1593P0031,0.50203822986085,-1.31140957780237,17.5833716350495
TMS20F1020P0017,-26.3329191064928,-15.5000217017839,19.03870607984
TMS20F1650P0012,42.0279897271144,18.7322877173922,24.1001653368311
TMS20F1679P0036,4.77388261612903,34.4410727677271,44.6585417747168
TMS20F1613P0022,4.54463183739002,22.8551066687179,32.1818733669294
TMS20F1634P0006,13.0615317007452,12.9525607019949,27.5372210761678
TMS20F1593P0017,39.3426110136607,14.1019086292789,12.2643186460394
TMS20F1600P0015,42.7734099108875,20.1511354447165,31.1907428517023
TMS20F1684P0002,46.4485629702545,-10.031986036027,28.2688735667287
TMS20F1582P0050,2.56169911354419,40.173770937987,32.2301740732268
TMS20F1613P0004,7.3570702903617,12.8099894163794,23.5770313746167
TMS20F1623P0017,35.3349216265392,22.0168069039037,8.57268346698748
TMS20F1593P0018,0.964361747002151,2.54423998814451,24.1464365844623
TMS20F1590P0055,-21.8858576293966,21.4840000749417,9.96191598451288
TMS20F1004P0006,-37.6215200793274,-35.892835969915,-4.32670591202012
TMS20F1621P0001,36.7645331931378,10.5864678005697,12.8639215714807
TMS20F1558P0003,37.7237486892428,14.9160694676954,25.6587901458324
TMS20F1595P0033,38.1723113275188,40.1932409090262,33.7152929132727
TMS20F1684P0021,43.4085340457477,-3.36613427515153,19.6729713235697
TMS20F1621P0005,34.987936511773,14.8810608896122,12.925164607676
TMS20F1008P0004,-14.1334252340845,3.25494320878074,7.64895432579659
TMS20F1684P0039,51.6145210150684,-22.5491242618111,35.1061449658021
TMS20F1593P0002,0.746494830355124,5.48203063296857,25.9783761390173
TMS20F1613P0027,-30.5571029326861,6.28752033422735,44.9746799251809
TMS20F1681P0083,8.13012437111682,31.840841932188,53.2285651373854
TMS20F1613P0039,-32.5645955985989,2.33342818937956,30.5308901226098
TMS20F1574P0003,4.97384401241166,30.2169062920194,44.1384993538118
TMS20F1286P0007,27.1234889560462,5.79069019813801,-9.90216854329436
TMS20F1287P0021,44.7320251619414,-6.41120823060487,8.28362555964591
TMS20F1582P0024,41.507881641224,26.5644915468834,44.6800175496882
TMS20F1048P0031,-16.3078952529318,-29.5070656159967,21.4287253096664
TMS20F1643P0005,40.1555141238122,38.3344924225656,41.3363370186592
TMS20F1631P0020,39.579257640045,26.9247046610044,40.0402157564449
TMS20F1679P0033,7.55149392750922,35.6875468624605,55.3414938739693
TMS20F1590P0052,33.5141152883854,39.5506889484802,15.5800668403385
TMS20F1031P0002,33.4145647338444,-0.654114763090449,-17.113233653769
TMS20F1574P0006,1.09417689874957,32.4277665829297,44.5558682799999
TMS20F1286P0032,32.119624182268,-7.61308230243137,4.37916736726909
TMS20F1083P0003,-31.8917620391059,22.5049890235695,-4.12661620411797
TMS20F1113P0035,37.8481173508004,-4.43026757027107,-8.3905019129578
TMS20F1072P0019,37.0018395125362,-5.39446527992872,-0.134318065754786
TMS20F1048P0014,-19.331253162562,-23.1832059568747,16.8409510022722
TMS20F1194P0025,-30.6335246209667,-23.1242922213663,-21.3042800659651
TMS20F1113P0001,42.7600769700286,-6.46183529173828,9.57166679631604
TMS20F1141P0011,-25.6773014755842,-2.53061766707293,10.5503684293296
TMS20F1050P0032,44.5117661881539,-31.3547997399209,-8.15433072501603
TMS20F1126P0010,-34.2393963053168,-14.0980137944755,-23.1238649362616
TMS20F1048P0050,-56.2191189816647,-28.4596993635644,22.0400160250978
TMS20F1141P0004,-84.8430499630327,-10.4108235487964,23.977983105077
TMS20F1068P0011,43.0110019119182,-12.0134996072862,15.2861040473115
TMS20F1050P0004,45.3087352203062,-27.9726049061729,-7.15354249218038
TMS20F1155P0003,37.8529660963142,-1.07852421194612,-8.81067753814267
TMS20F1158P0079,-31.5910796059357,-2.72859831257627,-1.05356853052659
TMS20F1128P0008,-25.3788063091234,-14.8389521084694,21.6623093740789
TMS20F1001P0002,-42.8350526573391,-19.8508404175023,24.1839825297332
TMS20F1057P0037,30.0557482391047,22.6533364276572,-24.9500124794185
TMS20F1116P0032,-6.54968646640614,-6.94856073608689,16.0176281060091
TMS20F1062P0021,-41.5672735279009,-36.6560518976062,17.7504681053705
TMS20F1147P0003,39.4676731340287,-22.0592814661673,-1.76105878205238
TMS20F1180P0002,-28.4368549188115,-8.33961122693005,17.3552303695969
TMS20F1109P0006,47.6331319435121,-44.0695349676163,-4.15097840689985
TMS20F1104P0005,-6.63696457188762,-15.038715657378,2.92260985587771
TMS20F1007P0007,-38.4355621410336,18.0857068759806,5.27059402324302
TMS20F1008P0006,-8.50618617745857,-1.01597093108063,2.08704710493973
TMS20F1062P0022,45.9024725744466,-30.0026741806703,8.87849064353052
TMS20F1072P0006,37.947697578692,-10.6590614788253,0.516005790436188
TMS20F1007P0016,-5.95454769339729,13.9935448096589,-3.96311964663081
TMS20F1182P0047,-21.1123702033186,-22.0746178519863,5.79642442341322
TMS20F1129P0017,40.7713224185047,-18.8232193520666,-2.41838045717643
TMS20F1007P0002,10.8149864923365,8.8842905442887,2.22212081051227
TMS20F1089P0003,-5.19212036862408,25.2854312935125,-7.91450932963253
TMS20F1004P0002,20.4525153925657,-9.55122357897116,-20.5975731630972
TMS20F1056P0067,38.4198663481778,-6.53214404176798,-4.59766235801709
TMS20F1072P0026,33.7105389048832,-11.6642147980177,-2.67060903970431
TMS20F1158P0003,32.4721727629926,10.3889021244256,-6.24840343447172
TMS20F1040P0001,31.4786375981335,-9.85000621455835,-21.6472041816175
TMS20F1007P0003,-70.114690567795,6.34787034304831,7.63804768898036
TMS20F1069P0015,43.4390038642659,-28.7239088434895,-16.5727683743856
TMS20F1007P0013,-49.3288790766265,5.78359984153359,-3.05351235826921
TMS20F1056P0060,40.7794100524924,-11.4644662803278,3.12043873125069
TMS20F1111P0008,42.4934220066275,-18.2678889589875,4.50370803503772
TMS20F1142P0008,-25.4713570887716,-7.4040449021736,7.82920653085615
TMS20F1156P0003,37.953373718315,2.91665228684437,-10.6903007446827
TMS20F1061P0015,44.9190674439986,-24.9068802547673,7.57179975399384
TMS20F1088P0001,-1.47697947116706,-12.7380498100742,-0.565615269925863
TMS20F1116P0042,39.5407246824542,-0.210904515355398,4.02628489063787
TMS20F1074P0008,30.9790891491457,-26.4235052196877,0.878486648179966
TMS20F1025P0005,-31.8962115225819,-0.809943634387533,-17.8468211218683
TMS20F1106P0022,2.21708470550359,-22.9756365033083,13.8579097852807
TMS20F1001P0004,-34.1679008612739,-1.40386074782827,23.5852207064196
TMS20F1111P0014,44.2710262865356,-25.826231603939,2.86168752963908
TMS20F1041P0009,45.1340163506642,-30.7856734634995,-6.90745219072859
TMS20F1158P0008,-29.7533861872471,-4.29987858995222,2.5248693885968
TMS20F1098P0016,-25.7795486321276,-19.8741453881182,7.57467198525775
TMS20F1145P0011,52.5623942728711,-58.4729047120789,-6.80274296687478
TMS20F1106P0021,42.8867281454493,-18.6315934480737,0.249996614338513
TMS20F1143P0028,-16.8634576471508,-28.4444150787006,22.1174031065187
TMS20F1056P0029,36.7175243964447,-5.44770669906646,4.12616232214158
TMS20F1051P0006,37.8271503315324,-19.9564301094213,-4.39703594413109
TMS20F1127P0004,36.4051668645328,-0.0435383814586778,-1.70395434512338
TMS20F1113P0037,-12.5999617224163,-14.9270343343851,18.0609039276014
TMS20F1167P0010,33.2479009591767,6.05302699493873,-4.57277140741018
TMS20F1228P0032,47.0556714052434,-27.0438785340597,1.25420176870666
TMS20F1007P0014,16.7994142020032,28.7268341778153,-12.3427662704181
TMS20F1002P0005,-23.5199498695216,22.7007510559937,8.09480234523716
TMS20F1056P0061,18.8848897797557,-14.2958450980436,4.23631128573419
TMS20F1061P0009,23.0269854285311,-28.3740364047882,14.234525573895
TMS20F1031P0005,37.1982583501311,-10.0272016162655,-16.9743195933401
TMS20F1159P0025,15.45960494229,-27.4207731980254,7.28974570319539
TMS20F1158P0075,34.0255838233245,1.11257889848509,-8.84200229918696
TMS20F1158P0103,20.7866289397678,-21.9891996900086,16.2381407029329
TMS20F1132P0006,33.1571460058994,-24.0590847476176,-1.51557039400138
TMS20F1116P0031,-23.4766002732068,-14.4972769547583,14.985428967162
TMS20F1062P0024,21.046209203345,-28.1312220288532,4.13699926975159
TMS20F1157P0002,38.4814625116348,3.77876162778204,-2.90104345409321
TMS20F1116P0033,40.0379363059719,-4.01428245868499,5.88773879636636
TMS20F1037P0003,-4.11162042568765,-7.98215641672009,-1.04960013674533
TMS20F1048P0012,-10.0867326826662,-26.461222812094,11.4874505939729
TMS20F1221P0015,35.1356201624573,-12.574072471943,2.42212942849408
TMS20F1610P0021,7.05786218584331,24.7316641968703,15.9364047346598
TMS20F1205P0013,-36.6357742595926,30.4702147548401,-22.2730705447979
TMS20F1451P0069,-26.5025745633179,-0.575783408391235,18.0591148703781
TMS20F1619P0034,17.4732910056848,13.0596407818483,0.745889887834986
TMS20F1597P0054,33.701224093925,37.4026561938551,-7.99644013537006
TMS20F1634P0022,12.2364542035672,10.1067760286125,26.1614338159152
TMS20F1424P0014,18.6672744049719,-3.40313485395679,3.32790579265973
TMS20F1336P0006,24.0175367795056,-5.14846797780508,-14.3824917944985
TMS20F1614P0015,7.74283159944043,24.6623538569722,36.3982770880177
TMS20F1387P0025,38.5422471930576,-2.0736518124518,1.79099239667697
TMS20F1610P0034,2.68146315605036,12.3320749440241,15.3278774055193
TMS20F1179P0001,43.6721622067016,-22.7661009135868,-8.17551487216585
TMS20F1589P0053,1.16891498525823,44.507555012629,35.070819124901
TMS20F1440P0039,27.939653853023,27.1053719402744,2.83915011710022
TMS20F1610P0032,21.6349028873852,22.207111438848,3.85487803011261
TMS20F1597P0052,33.5477306398063,41.5992676084811,-0.607997161361838
TMS20F1658P0007,21.907456003402,5.58743279532348,11.3025935919888
TMS20F1552P0020,-23.7071219870303,3.26908939479382,-0.82343754778256
TMS20F1105P0014,-30.3128071130571,-29.9574174633378,-15.9208616079746
TMS20F1412P0038,28.4295622683697,29.4191405082845,-3.77711666792411
TMS20F1611P0057,37.2452951709056,29.6585826948552,2.34505312921991
TMS20F1597P0055,20.2484019078371,50.3405311728549,-5.19999552129586
TMS20F1424P0002,27.6000807284679,7.9083967090348,-14.5157986034295
TMS20F1180P0006,-22.0502121743223,-26.5360127932851,19.1128302188073
TMS20F1609P0056,35.7877446930475,16.0935462590266,18.0880120057359
TMS20F1336P0004,-39.7789491014147,-9.73829670421044,-2.02128291519033
TMS20F1597P0036,33.7098978923983,38.7296327004214,-2.07672780453702
TMS20F1412P0036,24.9544597973991,45.1552052364987,-12.0760206548512
TMS20F1656P0002,4.2474516814365,29.9359205967254,54.3230699642738
TMS20F1221P0001,-8.00464126166961,-27.383543926717,11.4977213754009
TMS20F1424P0009,5.61505793134669,2.43865555488707,2.98620277452072
TMS20F1389P0025,23.8175188304877,4.44106210659856,-11.3419804435202
TMS20F1223P0009,42.5107809616779,-27.4428706494826,-4.05249602945821
TMS20F1361P0013,-23.4916080815998,-1.64080495262712,15.839788458515
TMS20F1323P0050,33.431881181034,29.5071057230414,12.8624010629532
TMS20F1326P0020,29.841147197857,1.63711972520478,-2.93505333365136
TMS20F1597P0057,44.5093509227782,15.5490897142603,32.3170241501128
TMS20F1126P0002,-31.9708147537467,-23.7110565652269,-34.5186251292468
TMS20F1182P0043,28.5045093620468,-4.26438632364217,0.881874852378773
TMS20F1439P0003,30.3613981390842,-4.92000232144871,-26.2503945438214
TMS20F1144P0007,-20.1232329528564,-23.6318231183765,20.4457257614693
TMS20F1609P0004,-1.09913791119739,10.5169198053581,15.3032802871578
TMS20F1609P0005,4.4315031131967,16.7354893105987,28.6142608679476
TMS20F1194P0026,2.55905529483966,-15.661989327486,-17.3200016898652
TMS20F1158P0092,-18.8615680817031,-5.19966741046537,3.96971735701685
TMS20F1385P0030,-0.355717866443838,-12.8211902976617,9.67176128259537
TMS20F1326P0045,36.0202420075247,4.97206167731978,-0.355688612542142
TMS20F1286P0036,48.666584096151,-54.323543720052,-14.5392516124913
TMS20F1423P0040,-8.16203194015775,22.6851621287367,29.6037953976731
TMS20F1590P0040,-23.2285788623688,18.8015371250033,14.5734990299345
TMS20F1228P0028,6.96185940412037,-40.0202670972127,-3.10386723613239
TMS20F1445P0072,-10.2909916514664,43.0277676558791,19.5917295468506
TMS20F1424P0004,8.6378629166677,2.20829710733397,20.0416654673895
TMS20F1193P0005,14.0992726826793,-17.1286081619744,-36.4344894347229
TMS20F1323P0040,35.4164122373049,37.4273570039864,9.89409691702623
TMS20F1553P0005,-79.7941930386492,-11.8702628035955,28.3140354044445
TMS20F1443P0001,-6.60229771180557,31.3346207810098,20.0457321905562
TMS20F1161P0014,29.8598299684601,48.2012459048532,-3.91634555441913
TMS20F1442P0005,-3.41119515600659,-2.62431284641301,15.9486687929203
TMS20F1159P0032,13.0987998465727,-28.3556063670939,-3.03883612507946
TMS20F1415P0015,28.4366803935827,12.7106858248782,1.70245356661331
TMS20F1158P0055,-24.1629464364737,-25.5284126513839,21.0993025413055
TMS20F1609P0018,37.3118099085711,25.2854883641041,30.5890867505121
TMS20F1326P0034,23.5331992284365,6.14961688532546,-11.2921471201056
TMS20F1609P0049,18.3847014426809,7.38997389120666,0.104118585986318
TMS20F1610P0057,8.24601270928685,15.3898050420039,12.6385715739027
TMS20F1221P0019,39.8896387638254,-32.7799996768126,-0.070580385057181
TMS20F1619P0056,36.9702317933786,6.78564795152082,-5.79523836578073
TMS20F1681P0099,8.11318308785319,29.2575621778723,53.5255778048661
TMS20F1361P0007,37.0701779617104,11.3248225454204,-1.53151542208469
TMS20F1620P0017,-25.3726930751293,3.3766342295998,4.93905312937007
TMS20F1630P0023,42.4861965180751,6.99966034935712,19.6335705162955
TMS20F1193P0007,-12.9466994228254,-22.6185372328394,-22.1340841763336
TMS20F1597P0035,37.1471500117947,24.8439730187983,7.87409522949096
TMS20F1612P0006,43.5383011229849,7.39121832810483,18.7755705789564
TMS20F1228P0024,39.5650887196346,-24.4863394233802,-4.60377936978291
TMS20F1126P0007,-37.5525078446679,-11.3163373496509,-25.4906876185268
TMS20F1619P0070,34.4191060571436,7.55672092556098,-14.9894385274369
TMS20F1192P0006,-38.7960638824255,7.18109132842657,14.3479768233419
TMS20F1165P0004,14.9646046460293,-18.1921045070041,20.6633055647949
TMS20F1291P0009,29.7588166473248,3.58571989587796,-0.722885131780794
TMS20F1158P0106,23.2467019992539,11.500321936188,-8.95742242538869
TMS20F1607P0007,40.9862590156033,33.0420682825141,19.6839430332456
TMS20F1656P0001,7.22173921740415,26.3979706519015,58.4013107040549
TMS20F1234P0013,-34.3976790533667,46.2182710141127,-10.3297640911328
TMS20F1619P0004,31.372775935049,13.1190334686897,-13.5242382438773
TMS20F1597P0070,41.9111657126956,20.088708505931,37.7936588133677
TMS20F1619P0058,16.2146635640949,2.16706291707416,-6.52276360838707
TMS20F1299P0004,30.8416592549034,33.0988326472261,1.51663539054095
TMS20F1681P0076,6.92078770373572,28.1826524434836,46.1717289529139
TMS20F1684P0030,47.6092426646019,-7.09930035072009,30.7524950894778
TMS20F1590P0022,-25.7555825608162,27.9549427221949,6.86773613347221
TMS20F1618P0037,3.96449495758988,17.165754986476,26.0537869754332
TMS20F1623P0019,37.9898794225913,13.6786109862939,13.9407360126192
TMS20F1676P0005,41.9976228752331,20.2843908962402,32.7535713914243
TMS20F1451P0018,-4.53764710833483,17.6232462536962,35.0983783485787
TMS20F1624P0006,36.584021895084,17.7797513055421,9.27890335503813
TMS20F1630P0020,38.7109301511159,20.1980067959075,12.9946185360763
TMS20F1533P0019,-12.6031837424884,-10.3069046247052,20.867238154202
TMS20F1619P0017,17.8041232277015,6.2172303880438,-6.03054506727746
TMS20F1652P0009,38.2892821608082,38.6733294180506,27.8359360910623
TMS20F1620P0043,-25.6039695876032,-4.99673030805715,-2.065944354638
TMS20F1234P0008,-42.5112177844994,52.6916495022414,-22.4258278993845
TMS20F1307P0055,-22.067155116256,28.9843132393036,19.3601155512845
TMS20F1679P0018,35.0970547109872,35.8533629270644,42.0696091390029
TMS20F1657P0016,-9.45711340686834,-0.841564134482214,34.4466963210231
TMS20F1533P0023,18.6556270973094,-0.802466309980099,9.51083447182279
TMS20F1530P0007,1.60513425931384,47.9992548488488,38.1523151899838
TMS20F1285P0014,39.5816864355477,8.71037307446533,10.1256276547308
TMS20F1445P0092,-3.38955502452051,24.8269368772476,40.470171497707
TMS20F1637P0004,36.0279623129539,10.8042912598439,26.3841520989356
TMS20F1597P0066,-21.7800388578513,21.2247726765075,21.6720060812506
TMS20F1522P0002,39.126960642218,23.1072692400918,23.4506305228554
TMS20F1610P0008,19.5828189015328,20.6304908575461,15.9338446291721
TMS20F1576P0011,32.2063017413402,27.8464047902878,-8.54847958494087
TMS20F1424P0022,5.89161577540962,10.1402337668561,3.56570093998786
TMS20F1609P0057,32.9839470049079,25.9311254238023,18.8254403248328
TMS20F1644P0065,23.0397004432801,9.59250966874713,8.08782806551176
TMS20F1610P0011,5.2259377311271,22.086370824103,15.8639821720693
TMS20F1645P0008,37.2595752891638,18.1083605491618,15.8725340015922
TMS20F1643P0016,6.08199766023142,32.9553059620286,51.9476309805414
TMS20F1667P0007,37.4598537518007,7.25706882701233,17.5832769353595
TMS20F1620P0045,31.8272420684161,17.1780450674905,-18.552895233379
TMS20F1645P0046,37.5026839375627,22.2917570877987,6.87290976250842
TMS20F1639P0019,17.9245224432212,34.4067273969844,22.0785340066951
TMS20F1619P0016,32.7361846912193,13.429648005652,-14.1156472080698
TMS20F1681P0015,7.52599305274991,32.6457845221967,51.0304909704457
TMS20F1656P0040,6.94356874365858,37.8634267814893,61.1210424002995
TMS20F1430P0122,37.241410020143,17.0647223829611,20.1280787691843
TMS20F1673P0023,39.3743645823781,30.7385761801957,35.3104389851349
TMS20F1590P0057,-30.1608908360625,42.3871532237183,5.62329953679748
TMS20F1684P0035,43.0579580987739,-3.75917469464464,17.6325045038322
TMS20F1307P0036,-20.9863099257339,33.520536591544,23.5755277071402
TMS20F1307P0101,-18.7038157671398,13.6321301596891,23.8620130116575
TMS20F1313P0017,-29.8429341047172,-2.68486216173498,6.28880643951548
TMS20F1681P0132,38.5421001306171,44.1055224308535,38.4072671114924
TMS20F1667P0014,35.6731280083327,17.0450398719991,10.6713180332512
TMS20F1620P0035,25.2873798880632,32.2491177990156,-27.411088217626
TMS20F1654P0002,37.5109990978987,27.1938281644923,25.8722949206946
TMS20F1681P0006,7.63561342784049,27.2399688930184,46.5047214448185
TMS20F1611P0058,2.97325618102137,21.8488185909303,18.1575115564289
TMS20F1534P0038,36.7948104002874,5.82624888183142,9.10449490916752
TMS20F1681P0087,7.11355172177275,33.6468131688285,48.4393760683409
TMS20F1679P0031,36.4453121525102,57.3267744292333,52.8465421738757
TMS20F1681P0062,5.8656316341939,33.2217165281952,45.5717288423381
TMS20F1533P0017,-15.2298691081672,-0.956295023464767,16.3489540978749
TMS20F1673P0008,37.4176427065499,43.414779622377,29.2968108506887
TMS20F1681P0095,40.429348391591,37.1809277603293,37.7365708832073
TMS20F1636P0019,36.7771002675029,-3.75786928323137,11.2869110511113
TMS20F1652P0019,39.5654932147912,31.3028090980983,41.7570910332433
TMS20F1625P0004,35.0275747270658,13.6942466641323,11.0902498245217
TMS20F1619P0029,17.1237087518888,11.6638152405645,-3.05093046023307
TMS20F1681P0002,39.6623777677171,38.0521345264532,39.0794293671513
TMS20F1611P0018,3.30942055942953,25.4361884048868,17.6126294063979
TMS20F1287P0001,4.20432553199696,-15.6165012957261,10.9839750838454
TMS20F1656P0011,5.05339584382495,35.4854173989279,44.98095721982
TMS20F1007P0008,1.99635268902346,16.5632081284332,-1.1133328372293
TMS20F1439P0016,-36.299546150235,-0.169937595116061,-14.0160078092756
TMS20F1658P0006,23.1506760807546,6.17148719223554,10.3910538402126
TMS20F1609P0048,2.9410721818789,21.2499554832695,26.2456556264816
TMS20F1597P0071,-24.859763636628,30.0721457985683,5.06530818333681
TMS20F1597P0033,38.2745330304804,27.9289756224316,6.92067211777354
TMS20F1633P0009,39.6223319079105,7.5826164861845,5.79433471330795
TMS20F1681P0001,7.3123300141951,27.3337299181591,43.0359327184125
TMS20F1673P0012,39.0233232127539,41.5600880416354,34.8524661701129
TMS20F1630P0048,36.7809760866582,22.1957705723379,9.98200599062195
TMS20F1617P0040,33.7754485127547,26.565441036841,12.2036341216739
TMS20F1672P0008,38.7376438334411,32.3047245409321,29.8724058976558
TMS20F1625P0017,34.7643117820962,21.048838185127,7.90755892591276
TMS20F1310P0019,-13.1208524305676,-7.26483374828419,19.3309422145699
TMS20F1656P0025,40.8534074161014,36.2325960059447,40.8397411144781
TMS20F1523P0011,-0.184612581135084,-19.5410160625028,23.9000609699473
TMS20F1522P0003,-25.621881617699,6.00196041835112,31.3820670388353
TMS20F1676P0008,42.1046818195466,17.2783885941128,25.0059088852758
TMS20F1634P0016,12.6686630006943,3.1686776798367,24.1929650176519
TMS20F1448P0009,44.3023717170635,-14.1356384827332,26.6060213157335
TMS20F1609P0047,34.3316902344605,17.1625841236481,15.6689691414467
TMS20F1628P0001,39.6639741878609,26.6858770337843,35.5040632225442
TMS20F1636P0030,17.4375645486127,8.83330932221702,13.7200307237692
TMS20F1479P0038,-34.8938259041253,45.6497953721237,-1.5766568926162
TMS20F1509P0009,-22.2540442867621,3.76494810600218,5.8950333101968
TMS20F1507P0001,-26.1689238910051,24.3637489017573,23.0385840057141
TMS20F1307P0037,-21.6032535879837,21.6319486718814,20.1811875545341
TMS20F1478P0015,-59.5645054162124,-0.162617420148205,19.0945768224997
TMS20F1306P0064,-24.5095904823349,-3.953742755345,18.6429352076889
TMS20F1507P0004,-14.4858202595151,22.9543294612385,25.8575854165424
TMS20F1473P0045,-73.5661669875116,24.660189162974,12.9357095480807
TMS20F1496P0006,25.5175355466745,45.1044934685697,-9.78930368433948
TMS20F1472P0002,14.3552968322063,35.6236516183616,-11.6914373157893
TMS20F1502P0005,37.5383542196411,-14.9488959456482,-2.07559708952922
TMS20F1479P0036,-37.7029317861527,35.4045634374092,6.13310220497602
TMS20F1271P0005,46.805443092824,1.57446809378339,41.3473852148962
TMS20F1473P0032,24.0151890758767,39.0100345531752,5.09342110452226
TMS20F1501P0005,29.9770043991832,-3.49782367049784,-13.1651399939179
TMS20F1510P0005,30.7493527289309,29.1813206844109,-8.28534267323275
TMS20F1496P0003,-17.0392857785486,31.7185582736805,0.156174304235578
TMS20F1476P0012,-98.330967089061,4.25130902460669,-6.89777820773273
TMS20F1464P0003,-39.0373853281684,9.37530539541801,6.54917072139454
TMS20F1307P0039,-18.1944437786369,20.1209868167273,17.2637262917468
TMS20F1476P0026,-110.398326074455,15.0842024386683,-3.55575984206507
TMS20F1502P0007,38.2532257491117,-2.96611095505857,4.89783793700775
TMS20F1476P0021,-40.8945715998161,0.770296781997732,0.945451871792015
TMS20F1289P0002,38.7236649153932,6.25808707634163,4.09712887951697
TMS20F1475P0016,-24.699937186157,43.9028865076535,-11.8090135206158
TMS20F1494P0001,-27.6421101057442,-15.5256121626721,7.83182661034587
TMS20F1299P0015,31.3599608505382,15.3439812705131,-0.576072968706124
TMS20F1235P0038,-57.6870560653433,24.8404628408317,-27.6290142349081
TMS20F1473P0039,25.4128177204979,42.3324789816307,4.28721226546324
TMS20F1472P0003,-61.331242986077,26.0427972126435,8.35459940470133
TMS20F1233P0012,-31.4467978283889,37.9048014592832,-1.56933943704311
TMS20F1486P0001,-60.2792670393037,-28.8946933971266,8.54136223917759
TMS20F1294P0032,-33.3039372557159,13.3783898108281,2.14726599515959
TMS20F1473P0047,-31.9995177951173,28.4885606701134,17.5191989561875
TMS20F1294P0021,27.7554235184348,25.4506299439469,3.0777754472928
TMS20F1299P0016,32.2601950488601,12.7534981463188,10.4283108123954
TMS20F1487P0004,-43.8115500093368,-13.5850057056271,10.9120065576533
TMS20F1452P0015,30.8566274872047,19.8615266853024,13.0384829343246
TMS20F1452P0025,34.6938350110959,29.914025485278,10.1030105681191
TMS20F1476P0017,-102.13215462259,-6.9203340675595,6.91869137384749
TMS20F1499P0007,-29.86593453419,-9.75830698382363,5.3069703179302
TMS20F1504P0008,-18.0625004368088,6.76323037251456,19.8997683011337
TMS20F1476P0014,-37.8214884343281,46.0860830395972,10.6785017539098
TMS20F1496P0028,19.1864781401128,27.4851798794344,-3.71786682162191
TMS20F1510P0007,17.7018491207872,17.9083255468499,11.0397249461262
TMS20F1487P0001,-50.0188724186137,-33.0998610874193,6.45245895657922
TMS20F1504P0007,-72.7641015875561,1.71292477214139,25.7153729446824
TMS20F1302P0025,29.5400646752282,24.6842543460485,-10.4086629006346
TMS20F1472P0024,21.7131633339146,45.5376694324897,-10.5557837720901
TMS20F1475P0008,-37.5549462277094,28.6593681606073,12.0872473457011
TMS20F1473P0041,-40.9433253692034,43.7319418253946,-0.943554573231715
TMS20F1507P0003,-65.5877367098222,-2.80340873999796,27.3767113899269
TMS20F1476P0031,-102.545626766857,3.69610344736997,-1.35834045346911
TMS20F1509P0010,-14.4135407661467,-0.0966347260456195,8.58446206060859
TMS20F1510P0009,34.00258778667,15.5429078266109,8.47023122926527
TMS20F1479P0013,-35.370292105937,25.6759663741744,15.0095824322441
TMS20F1503P0002,-32.3593538441799,-0.60528193459211,-1.81144370081267
TMS20F1233P0060,-23.6373766721293,18.5471831266897,19.4231555922297
TMS20F1476P0023,-37.6869454621821,12.9740832082094,-0.587430607874975
TMS20F1310P0012,-11.528551656999,-9.06020710330682,24.8415870269083
TMS20F1496P0016,-33.5582512738802,-15.2481981702101,-9.23823629968699
TMS20F1510P0003,30.3457343263602,31.2457923518978,-11.7699690260091
TMS20F1473P0040,-36.3752869155973,43.7170386503481,-1.23219203300744
TMS20F1476P0004,-87.0147154735476,-3.54210923505367,22.7489309227232
TMS20F1309P0015,36.6683067323097,17.1840779723227,13.5626789664549
TMS20F1461P0014,-74.4876632178674,-17.7813271177392,20.8447811908479
TMS20F1476P0006,-39.8015863953991,3.84778259116917,11.9596930582824
TMS20F1498P0001,-22.0571292635041,20.9069454693803,8.79154811343025
TMS20F1230P0026,38.7676680688527,34.4960536161916,27.7658194182771
TMS20F1502P0003,-23.4139199041294,-10.9369269562481,17.3258618353032
TMS20F1473P0034,-33.6815639088383,24.147520264184,11.2740540509643
TMS20F1476P0002,26.1437728907173,46.485672842052,4.43617476710147
TMS20F1504P0004,-11.3165644494461,13.8288467530772,6.62197070374217
TMS20F1473P0033,13.872425253375,50.0955855798013,-9.82006468761772
TMS20F1322P0028,-26.0681764189101,-0.38592160109719,19.5849419253457
TMS20F1310P0008,42.9412174074249,-3.99946758538939,14.7655008215972
TMS20F1473P0038,-36.8122828630495,40.8513421740456,7.54503996340795
TMS20F1465P0001,-29.3030845086092,3.11121343368653,18.223739982686
TMS20F1233P0039,10.9430680566227,29.1210960799568,3.72894055951316
TMS20F1286P0013,40.0213997828543,-11.9546679854173,-0.173121815095985
TMS20F1475P0017,-72.6490275816441,19.7845866184238,19.8340860430747
TMS20F1233P0049,26.5019437644818,33.8470253888858,-1.85622578893445
TMS20F1306P0065,-17.3845880005983,0.543191553050109,21.5156357542534
TMS20F1504P0002,31.8553420303445,26.2238140970925,0.396878167220544
TMS20F1458P0014,-34.6076412731284,20.2540198592269,22.8963587506001
TMS20F1478P0025,-72.5091397261386,3.912116050955,4.93643222844101
TMS20F1510P0008,33.8246459855521,20.7551551583828,4.52387778377542
TMS20F1295P0001,32.8205470504701,6.18706277690296,-1.10530355446111
TMS20F1298P0014,-12.4320747958818,28.8903518172623,18.4781157775605
TMS20F1479P0003,-35.3734443768875,32.6595872370155,28.1061288736789
TMS20F1475P0012,-23.0123309698136,39.2332567651564,8.51585082655112
TMS20F1479P0011,-36.0083507040517,32.125628156201,13.2339233599622
TMS20F1454P0001,28.7829873907079,5.32264308843386,-20.3362728418496
TMS20F1479P0008,24.087342959229,45.5988815906201,16.8503229386137
TMS20F1496P0001,-14.3419036749084,27.1976680939284,-4.84355107927002
TMS20F1476P0010,-102.841027712045,-0.76801081278852,-5.31528813004389
TMS20F1472P0004,-40.3940802265931,30.676842024149,0.36025076525562
TMS20F1472P0010,1.85473120820844,25.2837204403623,0.121540144503254
TMS20F1489P0004,-103.690941943253,3.84290050939542,13.5218353256218
TMS20F1475P0011,-55.6017956320333,32.6282638915453,-2.96937762036058
TMS20F1476P0013,-98.0531245533815,-10.0322308086534,6.47972052878829
TMS20F1472P0012,16.3905519766953,59.9732388487587,-22.0200882654252
TMS20F1479P0014,-38.9935736646216,50.7623594783686,-5.44769965046483
TMS20F1474P0007,-29.6548994084796,11.1715837728522,16.585257099545
TMS20F1475P0019,-28.8973934105865,29.2334431123708,8.91540411040044
TMS20F1472P0049,25.1614253703459,28.8803381124245,-1.20860713694318
TMS20F1452P0022,40.0447851470226,17.2766125758396,14.614342042046
TMS20F1455P0004,-1.16099349007678,-0.892168378767248,16.1985003081411
TMS20F1475P0004,-42.6783892258138,33.8073074274997,-1.05504741305071
TMS20F1489P0011,-39.609791697422,4.82136997201667,5.98696983388191
TMS20F1495P0001,-38.3463694309207,-1.16695373223409,-2.69339784178129
TMS20F1472P0030,-30.8673330324758,36.4179288909707,7.69128032087055
TMS20F1460P0009,35.4139054768687,2.93072288115679,3.02283138679636
TMS20F1485P0047,-11.5886813396402,2.32762011789178,7.83544734221448
TMS20F1472P0034,-48.5887354024575,6.53880666720641,10.4963148137002
TMS20F1460P0005,-91.5169057268859,-16.229209273263,32.4048217183544
TMS20F1462P0011,-31.9425127228526,-4.06861576919485,-0.702942957857646
TMS20F1472P0028,-42.351094847491,40.2006060928843,-0.638465348032822
TMS20F1452P0013,-10.7832277450888,12.4874456601226,25.1124284886831
TMS20F1475P0015,-21.6293591249346,35.3853905238397,5.57747843914289
TMS20F1474P0011,-36.6012460228945,2.74990214755073,5.025826698214
TMS20F1468P0010,-25.9582744633578,-4.30014658532738,16.9201273598256
TMS20F1472P0033,-20.5111908541632,18.9568770629482,22.071878821588
TMS20F1472P0041,36.9134991758122,32.8354024663997,35.4539822827175
TMS20F1472P0040,-11.4089115131412,40.6457589297067,-4.87876694483375
TMS20F1509P0003,-28.606833236295,-1.88337376000632,15.1036410704608
TMS20F1489P0007,-68.9170967014525,14.2784961015939,-9.82779318889865
TMS20F1489P0008,-42.7661737926041,-2.83539251952409,3.74935425871493
TMS20F1474P0015,36.279554683859,1.63190265014242,12.0183144380479
TMS20F1504P0005,-36.2158516767227,18.8351976843863,15.8191588579537
TMS20F1472P0005,-12.2649158753653,33.5751793815659,11.9653135661775
TMS20F1474P0010,-74.7994008440541,18.4709361609519,-4.1844712376581
TMS20F1493P0001,15.0250876040341,9.79791391205547,3.75699068047241
TMS20F1472P0021,-84.3582505569102,32.900145002873,0.29771525501675
TMS20F1489P0005,-40.3366114153928,2.11611108789065,3.08895443923878
TMS20F1474P0006,-84.5434350067467,16.162395781358,5.38607581678087
TMS20F1486P0006,-30.6475329215666,-22.0772137443477,7.4643478408755
TMS20F1489P0013,-102.981566501435,-9.83151443106936,14.2313552865786
TMS20F1475P0009,-25.4749654429367,25.6050585774602,16.0957107755311
TMS20F1500P0004,-95.0244786176801,-1.69278276263725,12.5033097553965
TMS20F1487P0009,-95.181617611333,-30.9720902637598,9.40684597816688
TMS20F1509P0017,-23.5367681135501,-14.8095160681064,14.8636146908283
TMS20F1510P0004,31.1226550166169,24.7110809624533,-4.55205543734234
TMS20F1472P0029,-76.6595404073088,-0.673728092028493,24.6571120221369
TMS20F1460P0013,-65.6796424492366,2.71713199884474,11.3619169680119
TMS20F1489P0002,-37.2933873567589,4.76560664067079,3.87110888407872
TMS20F1476P0019,26.417409105588,34.5607194056214,3.6099552472226
TMS20F1462P0002,30.6684594287304,-2.99618584499511,8.86476708090694
TMS20F1487P0006,-95.9761600570655,-24.8124875671043,17.7376590810157
TMS20F1454P0002,30.4768316369169,-12.1268084457379,-34.6281299067416
TMS20F1472P0039,-34.0077092112124,18.0259786861567,26.3997104500456
TMS20F1474P0001,27.4825164379206,16.6356495635316,-1.92131908813694
TMS20F1491P0002,-56.0686086666241,-27.1065159188054,-2.92099755301338
TMS20F1490P0001,-23.2759055417441,-46.3819712419457,8.15092001588249
TMS20F1453P0001,7.63174493003502,-19.8779201573366,-12.6103122905648
TMS20F1460P0022,-30.3546901425232,-2.70010784967574,19.4585576640251
TMS20F1472P0038,-70.6537870269468,3.45241979125443,23.8893303149965
TMS20F1474P0009,-3.21088795350379,26.1963951645476,-8.03503095525943
TMS20F1472P0022,-83.7786737603242,21.0788709033614,21.0022520820089
TMS20F1453P0002,37.3135062216506,-7.39984728632244,-2.0493371269123
TMS20F1491P0007,33.4347371375524,5.30894807842606,10.6356684680358
TMS20F1489P0009,-41.2974743006455,26.9906335722452,-8.78802410687835
TMS20F1489P0001,-38.0460870296538,7.17078588387805,1.25873399483101
TMS20F1464P0001,-12.955016357033,7.91262654552831,17.7506358088624
TMS20F1509P0001,20.8070825706825,-2.02899607554198,-2.97145830646545
TMS20F1487P0003,-36.2830922208038,-9.80864545205511,3.26304687559009
TMS20F1496P0004,25.8388160106754,35.6088299506485,-4.58547445010834
TMS20F1475P0018,-38.2257543004896,20.3982255171658,12.8756003907265
TMS20F1472P0042,25.6792393283184,29.9036156225301,9.53033630701957
TMS20F1473P0023,-34.9218106542752,11.3251760822801,-9.12662945864277
TMS20F1472P0027,-100.014854949902,23.0817479863039,7.52727773242335
TMS20F1472P0055,-33.1939582343334,14.4723073464673,9.67199895444908
TMS20F1509P0015,32.8728957306304,7.83206651625538,-13.3147246617825
TMS20F1472P0020,-76.0198983016493,36.3788952663061,-9.55122738866221
TMS20F1494P0006,33.844807512301,-13.9830369995383,-7.18936593351132
TMS20F1460P0020,-95.9634586419935,-9.1525673882759,30.2783786175301
TMS20F1477P0036,-29.2618882267286,50.0701522260577,1.73656273393562
TMS20F1487P0007,-79.1504355222279,-22.0322386937378,25.2593652981479
TMS20F1473P0021,-21.6287520859666,51.8110790901235,11.7712171000799
TMS20F1472P0047,18.0846898599869,19.6565508379797,-2.16693605836632
TMS20F1461P0001,-17.7570189603852,20.0857033703502,-8.78362992291287
TMS20F1460P0007,28.3654982251005,16.0901596517277,-8.26891117122969
TMS20F1458P0004,-31.7366115336831,-2.85809147951879,12.7883687088637
TMS20F1452P0020,37.2714971307553,15.9901658209825,20.2680446672763
TMS20F1457P0006,44.7300851513064,-44.1245206395524,-4.88923135953585
TMS20F1452P0011,35.8022480588141,32.3378027061985,16.2337455209608
TMS20F1460P0010,7.46684248414164,17.3284373611765,-2.88639065229025
TMS20F1485P0015,-14.3471403317749,19.078818372035,-0.378532052857421
TMS20F1457P0001,-9.70833349085434,-24.7967774178254,4.96646512416241
TMS20F1469P0001,36.7318094139851,10.8096023578084,1.89999752343198
TMS20F1460P0016,-28.8982192792567,-6.40833173905037,16.6137341750242
TMS20F1459P0007,-95.941692111681,8.77855715887241,18.7984850637547
TMS20F1472P0011,-53.8072762456467,18.1923681975512,23.5142859474191
TMS20F1460P0029,-92.5500446239963,-16.2874468703506,31.8488137516806
TMS20F1472P0036,-67.7829666535568,23.2424912139543,11.178773593378
TMS20F1462P0012,27.2866146865682,18.7525421825811,-4.03968973042562
TMS20F1473P0022,-35.1742414744976,29.5972364858145,14.668314865337
TMS20F1460P0021,-34.6837821482221,6.85298090783473,3.53314412819236
TMS20F1472P0025,25.33510724029,29.8802135363962,5.32447375746651
TMS20F1473P0013,-40.8943638344936,44.2386182204532,2.24139336725894
TMS20F1460P0033,32.1166202077264,8.53374795120215,0.383528865657053
TMS20F1472P0031,-21.3404914723299,29.1842872180399,1.78143678366932
TMS20F1472P0044,-38.5288528532899,13.6116301176714,26.4508854925441
TMS20F1473P0020,-7.08063709224699,42.7484364205031,14.1467862280125
TMS20F1458P0006,-12.7624653044408,5.00515826243812,30.3795518306704
TMS20F1472P0009,-33.9577846424506,15.7323874359034,11.9135634213849
TMS20F1452P0007,-7.84268034949337,4.82098673182332,24.636628079521
TMS20F1462P0018,-32.6073908262965,4.14488187227991,1.59857912072893
TMS20F1477P0029,-81.7047845118734,38.141257519346,5.06464503690015
TMS20F1461P0002,-31.4453550705444,-5.29180428058185,14.2756442399382
TMS20F1459P0002,-39.9098695721347,14.0967776676637,19.4669202105945
TMS20F1457P0010,-8.44174058293267,-27.7703306151672,9.86148608486782
TMS20F1477P0015,15.4870575750634,79.1368113482175,-12.4559397891356
TMS20F1467P0006,2.84692576335607,20.6989597938528,3.94388506115203
TMS20F1460P0001,29.0506745148853,17.6155511838214,0.0981202666061271
TMS20F1473P0008,21.2050019852557,56.4524816751942,-0.606757408216437
TMS20F1473P0002,-40.1871620242726,51.840102243654,0.883216055916433
TMS20F1460P0002,30.0752147359385,24.4686718216079,2.09182548332381
TMS20F1473P0014,-39.6748559677881,38.6408077273578,1.81283700712356
TMS20F1460P0026,33.9128538193651,7.84036155016341,10.3861945484085
TMS20F1473P0028,-40.9121692785833,42.2910305927011,10.9505619800284
TMS20F1473P0026,-29.2321181683264,2.30838795770577,8.14407840596128
TMS20F1460P0015,12.3549939091451,-2.71009269006162,8.63996543825753
TMS20F1462P0010,-33.8135747308088,5.0099689681331,11.3778395579848
TMS20F1472P0032,22.9304132737513,36.4612114521,2.72340278196882
TMS20F1466P0001,3.80604524697733,-1.25585711811481,6.61018064649372
TMS20F1469P0002,35.2012311382307,-6.64729134922561,15.2323908911524
TMS20F1502P0001,1.24556706424218,-6.66887308123011,21.2209450309481
TMS20F1460P0036,28.3623845253358,23.6054588623706,-1.46417415205745
TMS20F1472P0046,-7.82878095076769,35.048396283401,1.51022635888641
TMS20F1466P0002,-11.1949074905086,-9.70132893691449,0.445690484651553
TMS20F1459P0004,-92.4152132322536,19.1960026953931,12.5389139915396
TMS20F1473P0009,-39.8397559671124,42.6540031886453,9.16696234671237
TMS20F1452P0019,-7.33991575168391,-1.95942936849866,24.3617458539183
TMS20F1468P0008,19.9658259390507,-8.55491521847793,9.81782142133353
TMS20F1472P0059,-46.5391083955448,26.7814380687636,12.2199215450644
TMS20F1468P0006,24.4523886053936,13.9775104148872,2.94803410489774
TMS20F1479P0019,19.9120774284711,52.140866895568,-5.84767996814535
TMS20F1473P0003,-38.0241783957106,40.7682479411286,3.69197540387213
TMS20F1466P0005,-47.0100893054708,-22.7391846154921,3.61776374718024
TMS20F1472P0016,12.9815128126059,42.1788935499003,-13.0633167531882
TMS20F1460P0027,-36.8190315679888,14.6161292046589,8.59989598028732
TMS20F1479P0035,17.0141990544847,39.6018187438584,-12.892289379523
TMS20F1478P0006,26.2908260634349,19.9711575995796,5.456664895603
TMS20F1477P0045,-22.4774217518388,50.1778740073516,13.6932110353554
TMS20F1479P0056,27.1260316229322,32.1605482606764,3.91329233866073
TMS20F1472P0001,-82.1412512252286,18.6352540467844,15.7930977161646
TMS20F1476P0007,-95.9661140904848,-5.01383934838904,16.1571884946758
TMS20F1510P0014,32.9940877219144,19.2384658921879,10.114732497015
TMS20F1467P0002,-22.7459870082293,-6.87226890453035,10.0919549903746
TMS20F1476P0020,-102.048648258493,-12.2116108848514,7.57314804686018
TMS20F1467P0005,-9.41435720581356,10.328092151734,23.4948238618822
TMS20F1480P0002,-38.7548600445835,15.7387551468291,0.699774774859264
TMS20F1456P0002,37.3045067698354,-19.2825391495806,-13.5473284041883
TMS20F1479P0040,18.0391911669603,57.6061872710338,-17.0512389488861
TMS20F1468P0005,-2.50336045581218,-14.7502138909025,11.7590611165946
TMS20F1485P0027,-13.0167889388465,15.4045102570885,10.2926534449612
TMS20F1477P0003,-38.9144019899893,48.6068691928942,10.161518428684
TMS20F1479P0055,-34.6640094768083,32.5143337701728,6.03483839464989
TMS20F1459P0005,19.133974414557,34.1606101513415,-19.0410108789209
TMS20F1476P0041,-44.4027621082669,20.1176498753671,-10.5182537665132
TMS20F1456P0004,38.5410314889209,-17.4029995255673,-12.0967345771258
TMS20F1482P0003,-13.6559622027849,-27.9557864032861,-5.86722002178721
TMS20F1468P0004,31.1952076233008,-0.360744643512156,-3.82153853723089
TMS20F1478P0007,-32.8569139965732,8.56513606750268,1.69414585101858
TMS20F1460P0028,32.8838251421467,4.26961205195181,6.14699046583663
TMS20F1476P0038,-43.1899516891039,15.068305867784,2.98723521325943
TMS20F1478P0003,19.7996500074624,35.6943425276523,-16.5388279948869
TMS20F1478P0005,-39.4392533004664,26.076185549555,6.17267866273068
TMS20F1477P0018,8.77909742996363,48.4285399665875,6.80790820012826
TMS20F1478P0010,-77.3703499333286,28.9825746474509,26.1341388273699
TMS20F1476P0047,-82.8358983830577,13.395111588544,-1.26452357435664
TMS20F1461P0010,-74.1127016393708,-20.9816288097035,22.608832149484
TMS20F1472P0067,9.99609697753942,45.3081451162979,-20.6719042166281
TMS20F1456P0006,36.3186610005882,-20.1380303335269,-13.0486544483948
TMS20F1477P0016,13.4980457527853,76.0068485452426,-10.6229067882547
TMS20F1510P0011,-29.9558270467815,14.8414451995816,5.59903921895437
TMS20F1485P0045,-13.0228588055267,5.98563303726058,6.25353053432713
TMS20F1476P0050,-105.303202426487,5.81551849439647,7.0756537113928
TMS20F1456P0008,40.5434167781219,-23.0054422021037,-21.8841689505241
TMS20F1472P0007,-63.5166389739671,12.4493814772655,28.7796479446951
TMS20F1475P0005,24.4341338287717,36.1385314501853,-1.54978589052231
TMS20F1467P0003,-39.1153194954471,5.46024049894179,16.6095161507776
TMS20F1476P0027,-37.6773621074626,55.2241880958709,5.06419535866098
TMS20F1455P0002,0.772760865072327,-7.54427851316146,9.01942149580846
TMS20F1477P0019,24.6358815439322,46.8994343706677,-0.0406283778701434
TMS20F1484P0001,1.34977886400898,4.11419389553025,14.4063778102849
TMS20F1462P0014,-28.9559751144524,-10.1675798746856,14.7392677910371
TMS20F1478P0013,-34.8644077615487,11.9479178759713,-1.22008439509889
TMS20F1485P0040,-10.6953192775237,12.6400506954024,20.5652647011484
TMS20F1461P0003,1.16665012434162,8.05440428732678,0.654546735768473
TMS20F1485P0009,-18.3281447393991,20.9396517788754,-0.388591740403474
TMS20F1454P0003,29.3469165257699,-3.77167305708197,-29.5185807951107
TMS20F1497P0007,29.4205808806579,21.8776565653447,-6.56391114032587
TMS20F1477P0007,-23.9328482718888,40.833098928905,5.2305533723371
TMS20F1477P0044,-40.2056278167168,55.1073469999025,7.85607523368161
TMS20F1460P0025,-64.5320811385614,1.5235066939611,22.9440069490304
TMS20F1476P0032,-94.7804376760432,8.82141755704766,7.3997572859497
TMS20F1472P0063,-67.273336425161,11.2827715451086,16.2355702434422
TMS20F1472P0064,-54.6740754121746,6.94881900735319,13.7820677780983
TMS20F1476P0046,-97.6482859617518,-12.2011434556718,9.88758960913255
TMS20F1467P0004,27.9172091891861,22.4204652132882,0.324210307604515
TMS20F1510P0012,-36.8859466407563,11.2637159836354,5.79095270700202
TMS20F1485P0013,24.6697339036184,28.2261779020954,-3.90139445534211
TMS20F1468P0002,34.4030020701268,1.50795130615464,-3.89770841427244
TMS20F1460P0034,-30.178579703146,-7.31529145825312,16.6416575400762
TMS20F1454P0006,33.4714329337118,8.50800165227783,-4.31007007969799
TMS20F1457P0003,43.4266996077871,-26.8389536295926,6.83351721110913
TMS20F1473P0018,25.702492727571,39.4708929451584,6.78418305103144
TMS20F1472P0017,-30.8437510917355,9.15837843915263,12.4383421105809
TMS20F1479P0052,-40.4219644049672,40.7984298413466,3.28238374678329
TMS20F1477P0010,18.9869094456757,58.4179368247281,5.33986167464143
TMS19F1192P0003,44.9042730054969,-2.62856567195007,27.9587040833011
TMS19F1225P0006,44.2670279946978,-18.9471562388629,17.188488405686
TMS20F1484P0002,-1.97827517732777,10.8505553362387,10.2453076434959
TMS19F1219P0131,-13.3965663788308,-18.4533114941958,18.9099174939285
TMS20F1458P0009,38.2386135251738,7.28953985356363,24.174224668323
TMS19F1509P0026,43.5907854896861,-8.23549729820041,14.2925928437442
TMS19F1517P0034,40.8646004321035,3.26063731396993,12.1593908481386
TMS20F1472P0026,-42.1791462614587,27.6787365755981,0.361959752690471
TMS19F1219P0072,-12.6545495421703,-22.3576637070102,25.2796528291397
TMS19F1072P0121,-31.0925925262752,19.7467602069316,20.2470510103109
TMS19F1219P0007,45.0113034083396,-10.0066483823284,18.6939325391964
TMS20F1481P0002,-10.8126177269614,-22.7421995471743,14.3845451396802
TMS19F1225P0014,45.9460345907466,-32.7130613556438,17.4998807906742
TMS19F1193P0073,0.937981023230087,23.876288792541,10.9957882199267
TMS19F1406P0009,-14.3265810689593,19.9258130241903,53.630081797362
TMS20F1461P0007,28.8927625395703,15.2089628299726,0.152492801014549
TMS19F1219P0090,-11.1080188732008,-16.3905945810509,29.5740090364088
TMS20F1501P0007,-74.4305571548294,-22.3731241796562,19.0669296641156
TMS19F1406P0002,-25.7989253971901,19.6010381098603,37.5349255810542
TMS20F1476P0025,-48.669101846748,25.6223966317682,-14.2543228276214
TMS19F1233P0019,46.006669078911,-8.16125929268599,23.2173439335933
TMS19F1224P0002,45.9353676408116,-18.0731017720595,14.890358962899
TMS19F1397P0019,38.9028425903029,34.6021279819101,25.9208003939492
TMS20F1466P0003,-27.80378534961,-4.73584477240287,3.80321717942387
TMS19F1193P0024,3.43308400458365,27.9022834398678,19.4368960984112
TMS19F1192P0004,45.3601411940285,-4.46113145004825,25.7469840715989
TMS19F1408P0002,28.9056250917761,50.7620018531803,-15.7136249687332
TMS19F1219P0180,41.6253630589695,-3.88987406944344,13.9022488505782
TMS19F1233P0024,46.5222002982774,-13.8316943498749,17.7127127077281
TMS19F1407P0010,-7.89191737602449,27.9901209227019,9.68759710561121
TMS19F1194P0053,46.1984468508101,5.29084041113554,36.4881681137441
TMS19F1219P0089,-11.7960821606477,-13.5378136361979,12.0066257055074
TMS19F1069P0015,-24.8714131042463,20.8068545584141,0.624885050076288
TMS19F1228P0027,53.0165821306838,-37.8183460298082,20.4867325706393
TMS19F1219P0038,-15.8399239758027,-12.8751249087932,17.1558387009812
TMS19F1371P0025,-31.6231373283998,5.66601780878465,-12.2341273346418
TMS19F1228P0001,50.9768172466928,-36.3421796944428,22.429166792034
TMS19F1507P0030,45.5050371494834,5.07971861970031,32.6349859152523
TMS19F1011P0056,28.8307292681238,-1.89540841966257,-47.9137469238404
TMS19F1527P0041,40.1350528535526,-1.11333297556748,14.6062791171215
TMS19F1233P0036,45.9431252040458,-10.5655444030299,21.7992997815251
TMS19F1225P0017,46.3859973941629,-30.0906020569495,14.1678409410123
TMS19F1507P0003,53.5495755645052,-17.2317445417464,35.8307212589356
TMS19F1194P0013,45.748027073082,0.582499357527479,29.8131271610313
TMS19F1189P0043,45.530829088045,-12.5001282874758,24.1323955213465
TMS19F1210P0006,25.9877077538777,-5.91104273375009,18.8874375499583
TMS19F1219P0139,-6.77403005485793,-22.7889230121034,34.423273602873
TMS19F1394P0001,-22.2022680645652,14.2489095461714,47.0980415364901
TMS19F1509P0021,45.9484961058954,-16.423932341748,12.0229629209137
TMS19F1527P0070,19.8471615143757,7.4140833446659,19.3900534318767
TMS19F1228P0017,47.7975205049502,-32.9846886962939,20.2496968865179
TMS19F1219P0177,43.6335937556127,-4.05833851606644,22.697840083879
TMS19F1219P0030,42.5019172899125,-7.46735141924764,22.1516319521302
TMS19F1225P0020,44.8669280846484,-27.6379636204062,17.0427929952103
TMS19F1189P0045,45.6957546237905,-6.58419578263354,13.9511113648696
TMS19F1397P0021,-25.2118269750991,25.5411988681354,30.5383840510734
TMS19F1537P0009,43.9989170657226,-3.99292137220108,18.2609815715065
TMS19F1513P0015,32.9010287266088,32.2933405742284,-0.798767893769422
TMS19F1253P0020,-28.2246934706422,22.7222343466135,28.3665507520995
TMS19F1189P0037,48.3655125118356,-15.4090625987801,25.1949555912317
TMS19F1181P0008,45.7514716153833,2.48717027150756,28.6706150195928
TMS19F1193P0010,1.31308161804392,23.6643432945965,-3.12161811706193
TMS19F1509P0005,2.86048661365952,-17.5325808414814,34.8589863117734
TMS19F1395P0009,-29.9199139203214,25.0752454103461,19.343638251567
TMS19F1225P0010,45.811715453262,-30.7377158572148,11.2056940162246
TMS19F1069P0053,-26.5004273154933,25.3179389323294,0.0733452060437562
TMS19F1011P0025,28.444826492978,-9.37738607623872,-44.9266657073348
TMS19F1233P0045,46.5325746513907,-23.3698091457579,19.5687666720389
TMS19F1397P0011,-22.3418372707265,12.1804823294781,38.8087964728704
TMS19F1194P0103,45.3286645008027,8.70351911909701,40.1105912295062
TMS19F1527P0046,40.1114651013114,1.10503680997495,10.84888134166
TMS19F1219P0003,-12.4790249748935,-9.32526605768498,30.7848132568278
TMS19F1498P0029,-17.1250142046283,-7.34207516890635,22.0635854110532
TMS19F1225P0012,46.9863446134887,-23.52132940409,17.9892364079005
TMS19F1394P0035,-22.8862038581425,16.8166728134908,32.003724721898
TMS19F1182P0020,-9.81710706004591,18.8958851814619,-4.26015283923011
TMS19F1193P0055,1.60570090313689,22.7896346176932,14.4171732488106
TMS19F1359P0027,27.2338884120131,-0.872755507095662,-19.7188202737307
TMS19F1270P0019,-8.74771258197794,21.397638512195,35.945611132182
TMS19F1181P0056,25.4686719785564,3.29757291750912,40.4554913158915
TMS19F1233P0090,47.818516523685,-22.0437814037994,31.3304840071518
TMS19F1359P0051,25.3689654973195,19.7895972054257,-31.5439168786109
TMS19F1270P0016,-18.9692519651024,4.49077476837796,37.9431553022422
TMS19F1397P0059,4.64241053975396,20.1950794173131,43.8266691125756
TMS19F1527P0042,43.2777407520105,-1.56317440860812,16.828440909824
TMS19F1270P0011,-25.6660590316993,19.1734868582967,13.0575409266483
TMS19F1394P0038,-26.0008041544925,21.7589084848897,37.4876743130952
TMS19F1537P0015,40.393565866107,4.39083165589702,9.20249554942732
TMS19F1527P0015,43.0138561660709,-4.84142924571962,9.97858741553498
TMS19F1219P0127,42.4151790586499,-10.0656492435601,15.1586719961259
TMS19F1395P0004,-24.0591454264496,16.7427709280958,34.3832770128155
TMS19F1509P0013,51.6572764670216,-27.8178432369932,26.0937215200417
TMS19F1189P0046,42.9534848394425,-0.794501551351977,8.32684062224022
TMS20F1306P0036,-27.68582043803,1.55104849240074,20.2551182652181
TMS20F1476P0039,-61.8587577446576,13.591452902439,-7.22479756004075
TMS18F1505P0057,7.72927484314544,8.29518046838848,-28.420872854165
TMS18F1520P0039,-13.3125455705889,-18.3350304726907,5.04234707874689
TMS20F1477P0040,14.2346714673148,39.7598175142521,-0.0371550152420994
TMS20F1497P0008,32.8043797841095,24.1688523188293,-0.637896619560971
TMS20F1681P0036,6.30531982241849,33.9216893000401,44.1006034231442
TMS20F1006P0007,-34.3723213779666,-5.70582809939362,-2.64038712763998
TMS20F1158P0021,37.06485260189,-16.370061510968,7.27791395481691
TMS18F1489P0038,-78.7405579573634,-18.6892221196921,4.09372416024414
TMS20F1455P0001,30.1474723166776,11.0288691438538,3.75943910054231
TMS18F1562P0023,-48.5748712971193,-18.4508501741292,8.39737869478595
TMS18F1489P0040,35.1511350090055,13.4294334529607,-17.7465852158358
TMS18F1562P0030,-36.9069033027165,13.039792267003,-43.5112616488502
TMS18F1539P0063,-33.0470644927575,-16.481839575753,10.6626707901231
TMS18F1539P0073,-41.8067953464302,-36.1468068878641,-60.9526836055352
TMS18F1505P0047,1.36110834679375,0.902229161750954,-25.2687022900878
TMS19F1142P0014,-30.9144689193067,15.3739934644871,5.47059680493056
TMS19F1017P0043,-94.9158180631778,-31.2772944140309,1.46072059259169
TMS19F1015P0001,-38.5487096587163,8.48917507506764,-43.0030008737128
TMS19F1147P0030,-30.5017356201936,10.4382345774835,16.4986891252763
TMS19F1293P0042,-27.3529134128845,-1.75263767196365,20.1216349011631
TMS19F1110P0029,-20.1200000704214,5.93661122818422,0.560845225899371
TMS18F1562P0025,-95.7893051854706,-16.4234323819745,22.5751268383019
TMS18F1562P0026,-16.7548763841179,61.7235500304642,30.9540295048492
TMS19F1301P0001,45.9629704625016,-5.31881457891471,24.9897569424627
TMS19F1196P0001,26.7962589267256,39.161451504259,12.8603381571913
TMS19F1360P0008,21.4192412594283,32.2341495422104,-40.2414200114342
TMS19F1063P0053,32.4226994292625,11.4671204529107,-10.1128934149274
TMS19F1077P0028,35.5831081083843,-15.4422492280024,5.69167296961251
TMS19F1466P0016,21.3913764474662,-4.84437553361367,-4.48511932697529
TMS19F1304P0114,38.0123878142306,9.53507591627268,25.8954872900672
TMS19F1351P0040,-12.4655037366134,-35.4904611586029,-16.4399159400297
TMS19F1015P0002,-37.5331241302251,-12.5095840154936,-57.2060943048131
TMS19F1017P0097,29.0158805003639,-6.80359497022361,-23.5055514520581
TMS18F1506P0018,31.4076752696004,7.50864129579252,-32.9004716479189
TMS19F1066P0026,39.8684094540568,-0.857085537241545,-9.76269664550999
TMS19F1060P0009,37.4006781446939,-26.10365343438,-7.20438040634917
TMS19F1292P0003,-28.7707589350274,11.5352075710461,22.2898687857878
TMS19F1300P0036,-24.7410973271267,9.84025859229562,22.7088644672949
TMS19F1226P0213,-26.7152576358097,1.85623763816936,2.06858500224425
TMS19F1017P0029,-34.3584670239752,-17.1162782237005,-20.344855414858
TMS19F1316P0116,0.109359842483064,5.62876442402076,16.1063818396474
TMS19F1205P0062,45.3760349942836,-22.309750116033,21.6303012471006
TMS19F1286P0065,-52.0156645792661,10.8066965582734,44.2319274902833
TMS19F1086P0014,-32.7774034747592,-28.2564188134546,-21.9222599672428
TMS19F1437P0004,41.6889019063503,25.3841001894625,34.780304812785
TMS19F1041P0120,-40.6824995826924,-5.77871579712656,-40.4511320526145
TMS19F1361P0001,29.7003899891556,-12.7515255865035,-32.041609233712
TMS19F1295P0033,-57.5178620012845,3.80691794697815,48.8376438189245
TMS19F1142P0003,-77.7320564436433,-3.3350975398428,12.7542098029064
TMS19F1017P0089,-33.9689815185046,6.74697031032696,-3.86224139956451
TMS19F1024P0019,-27.9111375036153,-15.4261612584707,-30.1324529041489
TMS19F1440P0074,20.7075741519539,7.73534757055531,13.9494320346541
TMS19F1366P0016,-31.1700670731716,-29.5675230799352,-29.6860243591011
TMS19F1293P0011,-26.9368353963924,-0.0422670982434309,21.1450101157263
TMS19F1301P0020,40.915835816784,2.79475214560252,12.9049987031986
TMS19F1071P0017,36.507891403328,-14.2427518929172,-23.1487167795421
TMS19F1385P0007,44.4600083589645,-3.54997526326988,16.9941281186082
TMS19F1329P0033,-16.3479608047931,-19.8467244947397,17.2716805626419
TMS19F1026P0004,12.7044909136691,10.9947791002937,1.29202558670842
TMS19F1183P0037,47.5587160431611,-27.5707370594184,13.1501704143316
TMS19F1331P0004,-15.6785569459367,2.01023690359238,27.5155320390381
TMS19F1329P0025,-17.7115223637901,-11.136602866178,14.3760870418268
TMS19F1057P0002,-44.4591393909005,8.76128322621182,-46.6802713252099
TMS19F1437P0047,39.9760055956795,18.9701013606854,32.2788813256311
TMS19F1384P0056,42.9672572123236,9.33516268024076,32.191106931757
TMS19F1218P0020,-77.099526148721,-9.96954139393387,28.9323099124128
TMS19F1080P0071,27.6844565437387,4.84464117294441,-28.1561649550128
TMS19F1091P0065,29.5546117311366,17.6531093979849,-21.2167020212937
TMS19F1386P0058,37.7860400067749,1.49251608824358,18.7585764882558
TMS19F1090P0030,-11.2735942341008,-0.293603666719864,-11.9531756038682
TMS19F1423P0003,11.9422615080895,-6.85622364146385,6.08332002034256
TMS19F1043P0036,29.0594389115789,21.9981060427543,-22.5229611788793
TMS19F1086P0030,-34.8628388863611,-23.7934190043019,-26.3038064559325
TMS19F1067P0043,26.633190759115,20.8127971148012,-42.354534996131
TMS19F1440P0022,-4.01478461748628,-3.51106419702331,20.2538240082889
TMS19F1063P0176,-51.9472299694024,-2.80969729564519,-1.96402519858205
TMS19F1329P0008,-15.2806588211079,-14.6790645522327,10.2325043656769
TMS19F1388P0043,14.9351916837063,-3.77980950867921,48.7468490016276
TMS19F1007P0004,44.542754217772,-43.9629641830505,-14.1868005136223
TMS19F1286P0006,40.9743689910907,23.815280417671,38.2136038586838
TMS19F1503P0016,-16.6965802673538,6.43057319291464,33.1659197444192
TMS19F1087P0045,40.5921906361283,-35.5132409570843,-6.42902645488784
TMS19F1271P0016,38.0985849622072,-10.9115100538705,-4.91154105622843
TMS19F1421P0005,-17.2146115292183,11.299151041039,-32.9765363326092
TMS19F1437P0065,38.8803413381385,23.838888533711,13.8506758457888
TMS19F1338P0038,-3.25940236380689,4.51935966780653,24.4133705633215
TMS19F1293P0082,-23.982349856876,4.45599994663629,32.3947830579328
TMS19F1410P0014,45.6813772178453,-22.9919480324479,-0.138851846468406
TMS19F1267P0009,44.5313211624475,1.9531478717932,21.3674605764665
TMS19F1350P0007,-30.9561895632952,-3.89136533724294,-16.462311304321
TMS19F1414P0076,35.6146668128847,2.35929766378696,-29.6105028788364
TMS19F1293P0037,20.3096994245853,0.780575352597937,15.4366921198496
TMS19F1351P0042,-33.0105887686313,-48.3827574572909,-17.1571344423609
TMS19F1304P0001,38.8400166468292,16.4191752500928,16.038174573138
TMS19F1375P0045,27.2031933047091,-28.1801575528515,-39.4000016705173
TMS19F1078P0041,32.2350193721507,-10.1144419312121,-5.89199347745892
TMS19F1379P0032,10.1999701513777,17.2048227015435,56.587946338476
TMS19F1304P0044,37.9012602416596,41.0750859182115,39.8369922399587
TMS19F1365P0061,-35.3566424541043,15.479038643272,-32.7849130562623
TMS19F1422P0002,-30.3527219258803,-1.68026224552548,-8.48389331639023
TMS19F1041P0112,-35.8498361718405,5.06695029203493,-38.8245608131764
TMS19F1024P0006,2.07708531840177,12.8094713747843,-23.8178374440632
TMS19F1014P0048,-36.4888712054528,-0.674798102682928,-12.5709454088089
TMS19F1286P0075,7.11968546560079,14.7038326534685,34.7769376299221
TMS19F1143P0036,-3.94038318433087,40.5850373150925,2.08727749388587
TMS19F1240P0143,51.6795045035985,-41.6229737442838,22.3880919325613
TMS19F1198P0059,50.7000985656401,-31.6639047825317,24.2641393960186
TMS19F1080P0090,31.8051236922773,-5.93643387484903,-24.4459106179292
TMS19F1315P0070,-0.289725469339138,-7.62947926691513,19.8490475089606
TMS19F1016P0044,-30.4777799090566,-10.5313030967843,-26.7264094901257
TMS19F1218P0011,15.3774671376493,-4.41057952827006,10.7565219006969
TMS19F1050P0056,36.1060217239354,-7.85758945972516,-21.7569686225144
TMS19F1439P0025,-39.2550075043524,41.9083606554966,18.0391738876689
TMS19F1271P0027,41.1208201865342,-18.0688056783955,4.33379593298731
TMS19F1285P0009,23.8024649323312,19.8103652731986,26.0161746222249
TMS19F1219P0084,15.4771651937612,-8.61421227203733,12.9092081919682
