Taxa,BLUE.N,BLUE.I,QTNs,Group,RefInf,ID,BLUP,PEV,gBreedingValue,Prediction
50395,0.00639273365170634,-0.00860327213411134,0,63,1,22,0.0126693820535543,0.00290637654388841,0.00406610991944298,0.0104588435711493
AR144,0.00639273365170634,0.0238729875512628,0,479,1,91,0.00631908646656386,0.00294273338992968,0.0301920740178267,0.036584807669533
CR14B218,0.00639273365170634,-0.00661007603857617,0,515,1,92,-0.0152567821359466,0.00317438813144948,-0.0218668581745227,-0.0154741245228164
CW45180,0.00639273365170634,0.00381215952367819,0,548,1,93,0.00746327553660166,0.00255061059385886,0.0112754350602798,0.0176681687119862
CW5251,0.00639273365170634,0.000244659855285646,0,552,1,94,0.0328960043611844,0.00288668553598278,0.0331406642164701,0.0395333978681764
ESAMBAHKYE,0.00639273365170634,0.00933306946850791,0,226,1,64,-0.000673304348116179,0.00249816738042377,0.00865976512039173,0.0150524987720981
IITA-TMS-BAD9200061,0.00639273365170634,-0.00593251132318803,0,36,1,8,-0.0339290257852191,0.00248884799518255,-0.0398615371084072,-0.0334688034567008
IITA-TMS-BAD9200068,0.00639273365170634,0.0132802736315927,0,37,1,9,-0.0186616222886339,0.00251568728095356,-0.00538134865704113,0.00101138499466522
IITA-TMS-IBA000017,0.00639273365170634,-0.0419782678301382,0,70,1,23,0.00860487259096825,0.00258417270219122,-0.0333733952391699,-0.0269806615874636
IITA-TMS-IBA000061,0.00639273365170634,0.0150997780268924,0,73,1,24,-0.00205264417468023,0.00283336905612074,0.0130471338522121,0.0194398675039185
IITA-TMS-IBA000070,0.00639273365170634,0.00799719370380136,0,74,1,25,0.00528871518829878,0.00219780498403097,0.0132859088921001,0.0196786425438065
IITA-TMS-IBA000093,0.00639273365170634,0.0135472135072998,0,75,1,26,-0.0418427995587333,0.00305599011800973,-0.0282955860514335,-0.0219028523997272
IITA-TMS-IBA000107,0.00639273365170634,-0.0239043947424257,0,77,1,27,-0.0253765891745617,0.00266028030595175,-0.0492809839169874,-0.0428882502652811
IITA-TMS-IBA000203,0.00639273365170634,-0.000347558848436212,0,122,1,38,-0.014590183801707,0.00276597257793524,-0.0149377426501432,-0.00854500899843682
IITA-TMS-IBA000211,0.00639273365170634,-0.0403009597483321,0,124,1,39,-0.036678801114007,0.00269513138232903,-0.0769797608623392,-0.0705870272106328
IITA-TMS-IBA000338,0.00639273365170634,-0.0243817655337112,0,38,1,10,-0.0431251019452097,0.0024342464899655,-0.0675068674789209,-0.0611141338272146
IITA-TMS-IBA000345,0.00639273365170634,-0.0235683656617391,0,40,1,11,-0.0154759190343412,0.00251000208816059,-0.0390442846960802,-0.0326515510443739
IITA-TMS-IBA000346,0.00639273365170634,-0.00476327085441081,0,41,1,12,0.00695028680661804,0.00244457983532339,0.00218701595220723,0.00857974960391357
IITA-TMS-IBA000350,0.00639273365170634,0.0213836839080232,0,42,1,13,-0.0147361619053335,0.00232910564377473,0.00664752200268974,0.0130402556543961
IITA-TMS-IBA000354,0.00639273365170634,0.0113750322216793,0,44,1,14,-0.00290883485696182,0.00222024344155619,0.00846619736471748,0.0148589310164238
IITA-TMS-IBA000355,0.00639273365170634,0.0103214120448267,0,45,1,15,-0.00643937075022872,0.00245472488989666,0.00388204129459799,0.0102747749463043
IITA-TMS-IBA000388,0.00639273365170634,-0.0251681874780892,0,48,1,16,-0.0531421821167271,0.00240665464324662,-0.0783103695948164,-0.07191763594311
IITA-TMS-IBA00070,0.00639273365170634,0.00723748557025194,0,596,1,95,0.00472157605872019,0.00224386616013787,0.0119590616289721,0.0183517952806785
IITA-TMS-IBA010034,0.00639273365170634,-0.000143042707934537,0,93,1,30,-0.00772706689746811,0.00280818855688546,-0.00787010960540264,-0.0014773759536963
IITA-TMS-IBA010046,0.00639273365170634,0.0181894747907774,0,96,1,31,-0.0316884400137116,0.00232002293496675,-0.0134989652229341,-0.0071062315712278
IITA-TMS-IBA010131,0.00639273365170634,0.0130538297021965,0,101,1,32,0.00181327337915336,0.00291724624469668,0.0148671030813499,0.0212598367330562
IITA-TMS-IBA010536,0.00639273365170634,0.0419666240416947,0,119,1,37,-0.00121691650010776,0.00299061894799091,0.0407497075415869,0.0471424411932933
IITA-TMS-IBA010903,0.00639273365170634,-0.0176692039418546,0,109,1,33,-0.0336301186748625,0.0022651290376329,-0.0512993226167171,-0.0449065889650108
IITA-TMS-IBA011224,0.00639273365170634,0.0233616247376899,0,50,1,17,-0.00974132023015126,0.00290455428647515,0.0136203045075386,0.020013038159245
IITA-TMS-IBA011231,0.00639273365170634,0.016664607919454,0,79,1,28,0.0333636026047258,0.00301256208280724,0.0500282105241798,0.0564209441758861
IITA-TMS-IBA011368,0.00639273365170634,0.025937286207419,0,55,1,18,0.00190105579027045,0.00249932622842891,0.0278383419976895,0.0342310756493958
IITA-TMS-IBA011371,0.00639273365170634,-0.00637254074756807,0,56,1,19,-0.0187215413346272,0.00274568687329438,-0.0250940820821953,-0.018701348430489
IITA-TMS-IBA011412,0.00639273365170634,-0.00422115986228009,0,57,1,20,-0.0173551450146625,0.00253357089661385,-0.0215763048769426,-0.0151835712252362
IITA-TMS-IBA011663,0.00639273365170634,0.0355390138539602,0,61,1,21,0.0220472754708034,0.00295122140023286,0.0575862893247636,0.06397902297647
IITA-TMS-IBA011797,0.00639273365170634,0.0740476816587216,0,116,1,34,-0.00851862040155396,0.00272022611419026,0.0655290612571676,0.0719217949088739
IITA-TMS-IBA011807,0.00639273365170634,-0.0251356346214008,0,117,1,35,-0.035832387976311,0.00274949413544409,-0.0609680225977118,-0.0545752889460055
IITA-TMS-IBA011813,0.00639273365170634,0.00730312056209825,0,118,1,36,-0.0301098929525258,0.00275721714507619,-0.0228067723904275,-0.0164140387387212
IITA-TMS-IBA020129,0.00639273365170634,-0.0134952015762853,0,131,1,40,-0.0179534144033057,0.00247169489319953,-0.0314486159795909,-0.0250558823278846
IITA-TMS-IBA020131,0.00639273365170634,-0.00823929919523796,0,132,1,41,-0.00326930937501641,0.00268667910601731,-0.0115086085702544,-0.00511587491854803
IITA-TMS-IBA020233,0.00639273365170634,0.0033589253589909,0,135,1,42,-0.0190693609286084,0.00240430652954016,-0.0157104355696175,-0.00931770191791115
IITA-TMS-IBA020285,0.00639273365170634,0.0315797003438716,0,136,1,43,0.0150772889012756,0.00245918305931745,0.0466569892451472,0.0530497228968536
IITA-TMS-IBA020431,0.00639273365170634,0.0232545374744698,0,139,1,44,0.0137110721665124,0.00266595191166007,0.0369656096409822,0.0433583432926886
IITA-TMS-IBA020432,0.00639273365170634,-0.0195327858900267,0,140,1,45,-0.0222246655531727,0.00259356932461456,-0.0417574514431995,-0.0353647177914931
IITA-TMS-IBA020510,0.00639273365170634,-0.0222921532566899,0,162,1,49,-0.0141588796694996,0.00315727724388652,-0.0364510329261895,-0.0300582992744831
IITA-TMS-IBA020540,0.00639273365170634,-0.0212966600375471,0,164,1,50,0.0310909644004449,0.0025523579495804,0.00979430436289781,0.0161870380146042
IITA-TMS-IBA030006A,0.00639273365170634,-0.0293669111761336,0,222,1,63,-0.0255037520572869,0.00310853494728739,-0.0548706632334205,-0.0484779295817142
IITA-TMS-IBA030007,0.00639273365170634,-0.0125494776795436,0,216,1,61,-0.0281921514476341,0.00286496971142422,-0.0407416291271777,-0.0343488954754713
IITA-TMS-IBA030055A,0.00639273365170634,-0.0624913027212507,0,228,1,65,0.0515391273171346,0.0024775407872888,-0.010952175404116,-0.00455944175240967
IITA-TMS-IBA030060,0.00639273365170634,-0.061591378508217,0,221,1,62,0.0481152346044267,0.00247931897360945,-0.0134761439037903,-0.00708341025208399
IITA-TMS-IBA030060A,0.00639273365170634,-0.0432966693463208,0,408,1,82,0.0374236598114356,0.00270989295862604,-0.00587300953488516,0.000519724116821177
IITA-TMS-IBA030061,0.00639273365170634,0.0264328556161853,0,143,1,46,0.0159810930051683,0.00279925602566262,0.0424139486213536,0.04880668227306
IITA-TMS-IBA030075,0.00639273365170634,0.00713127254760954,0,144,1,47,-0.00525375692530775,0.00239815520258011,0.00187751562230179,0.00827024927400813
IITA-TMS-IBA030141,0.00639273365170634,0.0304727573512833,0,145,1,48,0.00543580545897366,0.00278182113578829,0.035908562810257,0.0423012964619633
IITA-TMS-IBA050128,0.00639273365170634,0.0346431348080361,0,207,1,60,0.000385489820959601,0.00291669225031531,0.0350286246289957,0.041421358280702
IITA-TMS-IBA050303,0.00639273365170634,0.014238281422754,0,191,1,55,-0.0561864032698693,0.00278135356981535,-0.0419481218471153,-0.035555388195409
IITA-TMS-IBA050998,0.00639273365170634,0.0480697126788336,0,204,1,58,-0.0101297029683905,0.00278831051542391,0.0379400097104432,0.0443327433621495
IITA-TMS-IBA051553,0.00639273365170634,0.00455506589385897,0,206,1,59,-0.0278172837796947,0.00265605414180905,-0.0232622178858357,-0.0168694842341294
IITA-TMS-IBA051599,0.00639273365170634,0.0480899917274377,0,189,1,53,-0.00927236638172533,0.00315933410563199,0.0388176253457123,0.0452103589974187
IITA-TMS-IBA051601,0.00639273365170634,0.00682732819940092,0,190,1,54,-0.0422459098710989,0.00296822674578968,-0.035418581671698,-0.0290258480199916
IITA-TMS-IBA051632,0.00639273365170634,0.0208337083612536,0,188,1,52,-0.0151863852093422,0.00293644830214356,0.00564732315191139,0.0120400568036177
IITA-TMS-IBA051652,0.00639273365170634,0.0349744027328269,0,184,1,51,-0.000251015014865974,0.00304668620310929,0.0347233877179609,0.0411161213696673
IITA-TMS-IBA051740,0.00639273365170634,0.0141606445877485,0,199,1,56,0.017399547493427,0.00263131301494972,0.0315601920811756,0.0379529257328819
IITA-TMS-IBA051814,0.00639273365170634,0.0205238323074162,0,203,1,57,0.00424896262784338,0.00261547196095524,0.0247727949352596,0.0311655285869659
IITA-TMS-IBA061101,0.00639273365170634,0.0497279407927011,0,278,1,80,-0.0390037164568068,0.00296238113807809,0.0107242243358943,0.0171169579876007
IITA-TMS-IBA061635,0.00639273365170634,0.00969153273479352,0,283,1,81,-0.0247227231780693,0.00291081472423781,-0.0150311904432758,-0.00863845679156945
IITA-TMS-IBA063046,0.00639273365170634,-0.0165861264189045,0,275,1,79,-0.0342065941226741,0.00279965512672393,-0.0507927205415785,-0.0443999868898722
IITA-TMS-IBA070004,0.00639273365170634,0.0121279421402824,0,263,1,75,-0.036713416223277,0.0024534578987929,-0.0245854740829946,-0.0181927404312882
IITA-TMS-IBA070064,0.00639273365170634,-0.0209048182615574,0,796,1,98,-0.0280439653312734,0.00296561564777844,-0.0489487835928308,-0.0425560499411245
IITA-TMS-IBA070126,0.00639273365170634,0.0122449316108307,0,265,1,76,-0.0517554778093699,0.00271620262728377,-0.0395105461985392,-0.0331178125468329
IITA-TMS-IBA070258,0.00639273365170634,0.0169492743584738,0,269,1,77,0.00358067890140643,0.00241645738480562,0.0205299532598802,0.0269226869115866
IITA-TMS-IBA070536,0.00639273365170634,0.0345329158895037,0,411,1,83,-0.0499304056807066,0.00307115186566076,-0.0153974897912028,-0.00900475613949648
IITA-TMS-IBA070539,0.00639273365170634,0.0198721636010184,0,238,1,67,-0.0146127101628896,0.0030769347946352,0.00525945343812875,0.0116521870898351
IITA-TMS-IBA070593,0.00639273365170634,0.0410301478325822,0,249,1,71,0.00872329874128751,0.00246000907095522,0.0497534465738697,0.056146180225576
IITA-TMS-IBA070675,0.00639273365170634,0.0124891532475273,0,244,1,68,0.0149988820709496,0.00281337370060677,0.0274880353184769,0.0338807689701832
IITA-TMS-IBA070756,0.00639273365170634,0.0181553790666937,0,245,1,69,0.0152291251131889,0.00293460299011861,0.0333845041798825,0.0397772378315889
IITA-TMS-IBA070808,0.00639273365170634,0.0168171440477675,0,253,1,73,-0.0285414493774193,0.00279858756037987,-0.0117243053296518,-0.0053315716779455
IITA-TMS-IBA070835,0.00639273365170634,0.029072734293316,0,233,1,66,-0.0891610053788912,0.00307303539174096,-0.0600882710855752,-0.0536955374338689
IITA-TMS-IBA070874,0.00639273365170634,-0.0210948393981914,0,252,1,72,-0.0337455752779549,0.00358038631132081,-0.0548404146761463,-0.0484476810244399
IITA-TMS-IBA070910,0.00639273365170634,0.0413378214121248,0,248,1,70,0.0078374198471448,0.00247950365791796,0.0491752412592696,0.0555679749109759
IITA-TMS-IBA071313,0.00639273365170634,-0.0251809344020227,0,272,1,78,0.0170185861850777,0.00250939179995718,-0.00816234821694503,-0.00176961456523868
IITA-TMS-IBA071378,0.00639273365170634,-0.0150218965289322,0,260,1,74,0.00427851113559457,0.00301201212042106,-0.0107433853933376,-0.00435065174163131
IITA-TMS-IBA082418,0.00639273365170634,0.036946285714288,0,424,1,84,0.0139563760323789,0.00341308558494392,0.0509026617466669,0.0572953953983732
IITA-TMS-IBA082993,0.00639273365170634,0.00406171760843393,0,429,1,85,0.0279251917940626,0.00277610956036124,0.0319869094024965,0.0383796430542029
IITA-TMS-IBA083580,0.00639273365170634,0.0116461391762409,0,438,1,86,0.00314524739168418,0.00307883295617901,0.0147913865679251,0.0211841202196315
IITA-TMS-IBA083724,0.00639273365170634,-0.00632820709407486,0,441,1,87,0.0173929376890731,0.00307401205066698,0.0110647305949982,0.0174574642467045
IITA-TMS-IBA085006,0.00639273365170634,0.0258556572229239,0,797,1,99,-0.0186210583891845,0.00324486038161217,0.00723459883373933,0.0136273324854457
IITA-TMS-IBA090091,0.00639273365170634,0.00447885583934133,0,794,1,96,-0.0647699040390011,0.00305441869568597,-0.0602910481996597,-0.0538983145479534
IITA-TMS-IBA090144,0.00639273365170634,0.0374966529928148,0,798,1,100,0.00756813132509113,0.00253340597820902,0.045064784317906,0.0514575179696123
IITA-TMS-IBA090454,0.00639273365170634,-0.0129309698803277,0,453,1,88,-0.00439702552151653,0.00281551363520802,-0.0173279954018443,-0.0109352617501379
IITA-TMS-IBA090485,0.00639273365170634,-0.016979791884632,0,454,1,89,0.0178329842675646,0.00284978000363292,0.000853192382932601,0.00724592603463894
IITA-TMS-IBA090576,0.00639273365170634,0.00847219333298113,0,473,1,90,0.00656090376114751,0.00290959336983566,0.0150330970941286,0.021425830745835
IITA-TMS-IBA102103,0.00639273365170634,0.0495464652065128,0,795,1,97,-0.00728389275182346,0.0034093600403164,0.0422625724546893,0.0486553061063956
IITA-TMS-IBA30572,0.00639273365170634,-0.061561288585477,0,1,1,1,0.012477476737445,0.00253134927635857,-0.049083811848032,-0.0426910781963257
IITA-TMS-IBA8900963,0.00639273365170634,-0.0142462326387407,0,18,1,2,-0.032760761952773,0.00306806828104888,-0.0470069945915137,-0.0406142609398074
IITA-TMS-IBA8902195,0.00639273365170634,0.0137994816836547,0,19,1,3,0.0131898408038685,0.00293129959873219,0.0269893224875231,0.0333820561392295
IITA-TMS-IBA9102322,0.00639273365170634,0.00972007357160534,0,29,1,4,-0.0334713635427131,0.00274739146181064,-0.0237512899711077,-0.0173585563194014
IITA-TMS-IBA9102324,0.00639273365170634,-0.0191391481517043,0,30,1,5,-0.0344249210574286,0.00251877493908219,-0.0535640692091329,-0.0471713355574265
IITA-TMS-IBA920057,0.00639273365170634,0.00612707361312541,0,34,1,6,-4.87281782972407e-05,0.0025986163759893,0.00607834543482817,0.0124710790865345
IITA-TMS-IBA920067,0.00639273365170634,0.0114835198452124,0,35,1,7,0.00165127433517898,0.00263960946781414,0.0131347941803914,0.0195275278320977
IITA-TMS-IBA920211,0.00639273365170634,0.00218635353577541,0,90,1,29,-0.0243417062153067,0.0026974693568159,-0.0221553526795313,-0.015762619027825
IITA-TMS-IBA920326,0.00639273365170634,0.0158577290898882,0,828,1,104,0.00544780660207418,0.00259626180029073,0.0213055356919624,0.0276982693436687
IITA-TMS-IBA920417,0.00639273365170634,-0.00150202279323626,0,987,1,156,-0.0341868124144158,0.00274287323933221,-0.0356888352076521,-0.0292961015559458
IITA-TMS-IBA920429,0.00639273365170634,0.0106860804629023,0,833,1,105,0.0394014065974261,0.00245929652058411,0.0500874870603284,0.0564802207120348
IITA-TMS-IBA930007,0.00639273365170634,-0.0994598164654498,0,922,1,138,-0.0264524200894262,0.00250723265828519,-0.125912236554876,-0.11951950290317
IITA-TMS-IBA930134,0.00639273365170634,-0.000224340432144688,0,925,1,139,0.0100495614800347,0.00260399919776681,0.00982522104789004,0.0162179546995964
IITA-TMS-IBA930265,0.00639273365170634,0.00307775572360051,0,928,1,140,-0.0556175108134192,0.00257128255376764,-0.0525397550898187,-0.0461470214381123
IITA-TMS-IBA940018,0.00639273365170634,-0.00170055541975704,0,841,1,106,-0.0149930376541993,0.00267827583248859,-0.0166935930739563,-0.01030085942225
IITA-TMS-IBA940026,0.00639273365170634,-0.0135215428975189,0,843,1,107,-0.014092516081099,0.00271990103417664,-0.0276140589786179,-0.0212213253269116
IITA-TMS-IBA940237,0.00639273365170634,0.00164422218459107,0,799,1,101,0.000531274777781438,0.00242948316766332,0.00217549696237251,0.00856823061407885
IITA-TMS-IBA940270,0.00639273365170634,0.021988201954819,0,845,1,108,0.0220514813140009,0.00258378124621756,0.0440396832688199,0.0504324169205263
IITA-TMS-IBA940561,0.00639273365170634,-0.007492170590488,0,921,1,137,-0.00922740748747605,0.00305371946748782,-0.0167195780779641,-0.0103268444262577
IITA-TMS-IBA950211,0.00639273365170634,-0.00022236998463033,0,931,1,141,-0.00402795792627503,0.00291335989263822,-0.00425032791090536,0.00214240574080098
IITA-TMS-IBA950279,0.00639273365170634,-0.0166883026551518,0,854,1,109,-0.0770323567018413,0.00271337203799588,-0.0937206593569931,-0.0873279257052868
IITA-TMS-IBA950289,0.00639273365170634,-0.013270527891331,0,855,1,110,0.0265649193801666,0.00257642873783373,0.0132943914888355,0.0196871251405419
IITA-TMS-IBA950306,0.00639273365170634,0.0215501364186175,0,856,1,111,-0.0164532208213907,0.00278424562668147,0.00509691559722685,0.0114896492489332
IITA-TMS-IBA950528,0.00639273365170634,0.0110654114167713,0,858,1,112,-0.0153026873600167,0.00276291045963477,-0.00423727594324542,0.00215545770846092
IITA-TMS-IBA950925,0.00639273365170634,0.0299728926196528,0,862,1,113,0.032096376927291,0.00276282297561233,0.0620692695469437,0.0684620031986501
IITA-TMS-IBA950971,0.00639273365170634,0.0507305743655046,0,863,1,114,-0.00453481739593802,0.00270511547000521,0.0461957569695666,0.0525884906212729
IITA-TMS-IBA960023,0.00639273365170634,-0.0133535149285543,0,868,1,115,-0.022087844296434,0.00263481478007942,-0.0354413592249883,-0.0290486255732819
IITA-TMS-IBA960035,0.00639273365170634,0.0170919367077319,0,869,1,116,0.0497774688351467,0.00311079452505843,0.0668694055428786,0.0732621391945849
IITA-TMS-IBA960249,0.00639273365170634,0.01068644575286,0,872,1,117,-0.0319932512011058,0.00271856790985364,-0.0213068054482458,-0.0149140717965394
IITA-TMS-IBA960409,0.00639273365170634,0.0263264516042977,0,874,1,118,0.0254399509640701,0.00299792671057778,0.0517664025683678,0.0581591362200742
IITA-TMS-IBA960557,0.00639273365170634,0.041324663024014,0,876,1,119,0.0442464076219499,0.0028990668911671,0.0855710706459639,0.0919638042976702
IITA-TMS-IBA960595,0.00639273365170634,0.0252396475301098,0,879,1,120,0.0305796024193641,0.00269178405818374,0.0558192499494739,0.0622119836011802
IITA-TMS-IBA960619,0.00639273365170634,0.0307662595471979,0,882,1,121,0.052557651919073,0.00297560907138231,0.0833239114662708,0.0897166451179772
IITA-TMS-IBA960860,0.00639273365170634,-0.00330512740621248,0,934,1,142,0.0309490407214597,0.00274394917854093,0.0276439133152472,0.0340366469669536
IITA-TMS-IBA960869,0.00639273365170634,-0.000210778584113299,0,883,1,122,0.0283517009000379,0.0026363199792038,0.0281409223159246,0.0345336559676309
IITA-TMS-IBA960963,0.00639273365170634,0.00737382597411673,0,884,1,123,-0.021260382860456,0.00261931795376629,-0.0138865568863393,-0.00749382323463293
IITA-TMS-IBA961089A,0.00639273365170634,0.0148114088063332,0,887,1,124,-0.0355817928293389,0.0025522316681843,-0.0207703840230058,-0.0143776503712994
IITA-TMS-IBA961556,0.00639273365170634,0.000995984868363832,0,938,1,143,-0.0295134159205434,0.00265088456743975,-0.0285174310521796,-0.0221246974004733
IITA-TMS-IBA961632,0.00639273365170634,0.0136619653586492,0,895,1,125,-0.0419606293014774,0.00235232765990004,-0.0282986639428282,-0.0219059302911218
IITA-TMS-IBA970290,0.00639273365170634,0.00756199767530299,0,1414,1,182,0.018949794763332,0.00283078330173552,0.026511792438635,0.0329045260903414
IITA-TMS-IBA970425,0.00639273365170634,-0.0395963852884666,0,904,1,126,-0.0101652909154625,0.00263039816852246,-0.0497616762039291,-0.0433689425522228
IITA-TMS-IBA971149,0.00639273365170634,-0.0110528600793581,0,905,1,127,-0.0303933811382484,0.00248263639916764,-0.0414462412176065,-0.0350535075659002
IITA-TMS-IBA971228,0.00639273365170634,-0.0103272691963502,0,906,1,128,-0.0451762774814723,0.00282267185480944,-0.0555035466778226,-0.0491108130261162
IITA-TMS-IBA972205,0.00639273365170634,-0.0392812660316737,0,907,1,129,-0.0101966250691167,0.00264985443221582,-0.0494778911007904,-0.0430851574490841
IITA-TMS-IBA974580,0.00639273365170634,-0.00829452815853527,0,909,1,130,-0.0191967541251219,0.00288148135830501,-0.0274912822836572,-0.0210985486319509
IITA-TMS-IBA974766,0.00639273365170634,0.00317910315008243,0,910,1,131,-0.0258239665819055,0.00275454346798631,-0.0226448634318231,-0.0162521297801168
IITA-TMS-IBA980002,0.00639273365170634,-0.00749134738007402,0,912,1,132,0.0174847621188045,0.00219108755997119,0.00999341473873044,0.0163861483904368
IITA-TMS-IBA980196,0.00639273365170634,0.00710300597283639,0,913,1,133,0.0159051588874722,0.00282098673986935,0.0230081648603085,0.0294008985120149
IITA-TMS-IBA980505,0.00639273365170634,0.0011120700874521,0,916,1,134,-0.0282232236694591,0.00225801608773233,-0.027111153582007,-0.0207184199303007
IITA-TMS-IBA980510,0.00639273365170634,0.0219952133239701,0,940,1,144,-0.00440211438087194,0.00285311899518061,0.0175930989430981,0.0239858325948045
IITA-TMS-IBA980581,0.00639273365170634,-0.00680137030544634,0,917,1,135,0.00612435518298944,0.00222363656444942,-0.000677015122456897,0.00571571852924945
IITA-TMS-IBA982101,0.00639273365170634,0.00290224392041007,0,918,1,136,0.00211412801537627,0.00234995020366479,0.00501637193578635,0.0114091055874927
IITA-TMS-IBA990304,0.00639273365170634,-0.0392473761952283,0,947,1,145,0.0090076892553417,0.00297059303894063,-0.0302396869398866,-0.0238469532881803
IITA-TMS-IBA990564,0.00639273365170634,-0.0187331087275441,0,952,1,146,0.00895606008877348,0.00252552199566637,-0.00977704863877061,-0.00338431498706427
IITA-TMS-IBA993073,0.00639273365170634,0.00837758414218677,0,959,1,147,-0.0592501706572914,0.00246422424361596,-0.0508725865151046,-0.0444798528633983
IITA-TMS-IBA996016,0.00639273365170634,0.0107515813306051,0,962,1,148,0.0285091850764518,0.0034580409443572,0.0392607664070568,0.0456535000587632
IITA-TMS-IKN120210,0.00639273365170634,0.043381874067195,0,1853,1,186,-0.0286410149067346,0.00274336585564273,0.0147408591604604,0.0211335928121668
IITA-TMS-IKN130010,0.00639273365170634,0.0326502858185708,0,1854,1,187,0.00814789641690777,0.00271020664776706,0.0407981822354786,0.047190915887185
IITA-TMS-KAN930061,0.00639273365170634,-0.00618741406303119,0,1005,1,158,-0.0339984409985327,0.00248419999255213,-0.0401858550615639,-0.0337931214098576
IITA-TMS-MM960287,0.00639273365170634,0.0303561892836422,0,1049,1,170,-0.00267760335996703,0.0028306949217105,0.0276785859236752,0.0340713195753815
IITA-TMS-MM961751,0.00639273365170634,0.0414520392415132,0,974,1,154,-0.00063262695181254,0.00280029060266131,0.0408194122897007,0.047212145941407
IITA-TMS-MM964500,0.00639273365170634,0.028045613932723,0,1048,1,169,0.00561003325924396,0.0027009736810741,0.033655647191967,0.0400483808436733
IITA-TMS-MM965280,0.00639273365170634,0.0214895297787326,0,978,1,155,-0.00347808055603977,0.00271790932885543,0.0180114492226928,0.0244041828743992
IITA-TMS-MM967204,0.00639273365170634,0.000520051434360057,0,1079,1,175,0.0126928576715419,0.00260746557882262,0.013212909105902,0.0196056427576083
IITA-TMS-MM970016,0.00639273365170634,0.0048345169109632,0,993,1,157,-0.0132343752489023,0.00288667027346926,-0.00839985833793911,-0.00200712468623277
IITA-TMS-MM970043,0.00639273365170634,0.010625190779415,0,1006,1,159,0.0711560519512119,0.00262843459115752,0.0817812427306269,0.0881739763823332
IITA-TMS-MM970287,0.00639273365170634,0.02773362517594,0,1058,1,171,0.0106728068718125,0.00279196538281418,0.0384064320477524,0.0447991656994588
IITA-TMS-MM970646,0.00639273365170634,0.0119249786658091,0,1008,1,160,0.0712750581352349,0.00262159593562101,0.083200036801044,0.0895927704527504
IITA-TMS-MM970806,0.00639273365170634,0.016170271201099,0,1009,1,161,0.0453421696688189,0.00245898831970608,0.0615124408699179,0.0679051745216243
IITA-TMS-MM972346,0.00639273365170634,0.023433334481765,0,1059,1,172,0.00702132807481332,0.00294486586289114,0.0304546625565783,0.0368473962082847
IITA-TMS-MM990214,0.00639273365170634,0.00603134732826972,0,1024,1,165,0.00124895629671928,0.00306103606238007,0.007280303624989,0.0136730372766953
IITA-TMS-MM990268,0.00639273365170634,0.0330445278563335,0,1034,1,168,0.0472140236780618,0.00277700026780402,0.0802585515343953,0.0866512851861017
IITA-TMS-MM990302,0.00639273365170634,0.0322672169043423,0,1025,1,166,-0.0276404477430715,0.00313922835934546,0.00462676916127079,0.0110195028129771
IITA-TMS-MM990477,0.00639273365170634,0.0326981412395748,0,1026,1,167,0.0472625249342437,0.00276922367056119,0.0799606661738184,0.0863533998255248
IITA-TMS-MOK000141,0.00639273365170634,0.00406291177986181,0,1020,1,162,-0.00127744039974247,0.0024911388694047,0.00278547138011934,0.00917820503182568
IITA-TMS-MOK000142,0.00639273365170634,-0.0147728493631911,0,1021,1,163,0.0252420979113843,0.00257202244810723,0.0104692485481932,0.0168619821998995
IITA-TMS-MOK000146,0.00639273365170634,-0.0377775078244682,0,1022,1,164,-0.0209101306441106,0.00261203818938116,-0.0586876384685788,-0.0522949048168724
IITA-TMS-MOK940583,0.00639273365170634,0.0136506703405463,0,826,1,103,-0.0176669528333315,0.00276641023064687,-0.00401628249278515,0.0023764511589212
IITA-TMS-MOK980004,0.00639273365170634,0.013859769936393,0,968,1,149,-0.0308166921508763,0.00264367695126114,-0.0169569222144833,-0.0105641885627769
IITA-TMS-MOK980028,0.00639273365170634,0.0142080619032478,0,969,1,150,-0.0684476718198778,0.00310498469003651,-0.0542396099166299,-0.0478468762649236
IITA-TMS-MOK980057,0.00639273365170634,-0.0108790187830471,0,971,1,151,-0.0636016057974332,0.00277025983226678,-0.0744806245804803,-0.068087890928774
IITA-TMS-MOK980068,0.00639273365170634,-0.0197759459376576,0,972,1,152,-0.013382131349309,0.00253085196605703,-0.0331580772869667,-0.0267653436352603
IITA-TMS-MOK980115,0.00639273365170634,0.0258621291819225,0,973,1,153,0.00315174265467081,0.00271154050182231,0.0290138718365933,0.0354066054882996
IITA-TMS-ZAR010116,0.00639273365170634,0.0214723709110308,0,1073,1,173,0.0488166463526342,0.00300392134349866,0.070289017263665,0.0766817509153714
IITA-TMS-ZAR930151,0.00639273365170634,0.0236085643789429,0,815,1,102,0.0275023410263821,0.00225431467983434,0.051110905405325,0.0575036390570313
KALESO,0.00639273365170634,0.0316912151184776,0,1855,1,188,0.0154174697532834,0.00289515942736896,0.047108684871761,0.0535014185234674
KIZIMBANI,0.00639273365170634,0.0292166910746114,0,1597,1,185,0.0159960650598517,0.00296619050023482,0.0452127561344631,0.0516054897861695
NR130124,0.00639273365170634,-0.00673723008559994,0,1856,1,189,-0.0454176417106008,0.00272569903324111,-0.0521548717962007,-0.0457621381444944
NR8082,0.00639273365170634,0.000617352198581544,0,1095,1,176,0.0299580125474869,0.00288981112621465,0.0305753647460684,0.0369680983977747
NR87184,0.00639273365170634,0.0136599576283042,0,1098,1,177,0.00469392068866656,0.00291270391484225,0.0183538783169708,0.0247466119686771
NR8949,0.00639273365170634,0.00493628960999439,0,1100,1,178,0.00948190274434303,0.0027912153473208,0.0144181923543374,0.0208109260060438
SIMONYE,0.00639273365170634,0.0653992995465997,0,1075,1,174,0.00241072505405059,0.00314238048564483,0.0678100246006503,0.0742027582523567
TME3,0.00639273365170634,0.0553577391731365,0,1110,1,181,-0.0467184395127699,0.00260264023431392,0.00863929966036664,0.015032033312073
TMEB1,0.00639273365170634,0.0443210222510369,0,1104,1,179,-0.0291555394586548,0.0026150505740159,0.0151654827923821,0.0215582164440885
TMEB1019,0.00639273365170634,0.0457176000899052,0,1487,1,183,0.0122124933365674,0.00303940439726018,0.0579300934264726,0.0643228270781789
TMEB1116,0.00639273365170634,-0.0107112935421283,0,1497,1,184,0.0157349899269548,0.00270942070276832,0.00502369638482654,0.0114164300365329
TMEB117,0.00639273365170634,0.102034968993838,0,1106,1,180,0.0142832794251183,0.00285158550624681,0.116318248418956,0.122710982070663
TMEB1310,0.00639273365170634,0.0454119083091737,0,1868,1,190,-0.0266425311573288,0.00331923485119334,0.0187693771518449,0.0251621108035512
TMEB1336,0.00639273365170634,-0.00385458164192316,0,1882,1,193,0.014790789267436,0.00279097809192858,0.0109362076255128,0.0173289412772192
TMEB14,0.00639273365170634,0.0548616898933482,0,1883,1,194,-0.0498163088154976,0.00255886165761976,0.00504538107785053,0.0114381147295569
TMEB1858,0.00639273365170634,0.0428854539943096,0,2578,1,221,-0.00284071030755669,0.00286024770418244,0.0400447436867529,0.0464374773384592
TMEB2,0.00639273365170634,0.0233473122769587,0,1870,1,191,-0.0359120558222341,0.00335718412180193,-0.0125647435452754,-0.00617200989356909
TMEB203,0.00639273365170634,0.0443077041155098,0,1888,1,195,-0.0286402292220803,0.0026129152092379,0.0156674748934296,0.0220602085451359
TMEB225,0.00639273365170634,0.0473845522097423,0,1892,1,196,0.0103942995439419,0.00247079782806447,0.0577788517536842,0.0641715854053905
TMEB419,0.00639273365170634,0.0438102807387899,0,1901,1,197,0.0122279807295634,0.00263710571680736,0.0560382614683534,0.0624309951200597
TMEB47,0.00639273365170634,0.0411231077178129,0,2220,1,219,0.00894610179990402,0.00296255374935241,0.0500692095177169,0.0564619431694233
TMEB693,0.00639273365170634,0.102162986235161,0,1905,1,198,0.0147355585191157,0.00284978867153564,0.116898544754276,0.123291278405983
TMEB7,0.00639273365170634,0.0550258980244047,0,1906,1,199,-0.0480408493764532,0.00256425181244433,0.00698504864795147,0.0133777822996578
TMEB778,0.00639273365170634,0.0220880589347161,0,1871,1,192,0.0361542958472155,0.00313459936022334,0.0582423547819316,0.064635088433638
TMEB955,0.00639273365170634,0.0350163181340991,0,2084,1,217,0.0171172626815486,0.00290810600607091,0.0521335808156477,0.058526314467354
TMEB961,0.00639273365170634,0.0429458887955669,0,2085,1,218,0.0330854668591115,0.00285318725373939,0.0760313556546784,0.0824240893063848
TMEB966,0.00639273365170634,0.0371557002927424,0,2444,1,220,-0.00027037078797647,0.00293760151745497,0.0368853295047659,0.0432780631564723
TMS13F1003P0003,0.00639273365170634,0.0170900091165809,0,1946,1,208,0.0360830236558573,0.00292520930954963,0.0531730327724383,0.0595657664241446
TMS13F1006P0002,0.00639273365170634,0.0278340926474373,0,1947,1,209,0.0130412677746021,0.00293056234453918,0.0408753604220394,0.0472680940737458
TMS13F1006P0027,0.00639273365170634,0.0105126668370087,0,2050,1,215,-0.0329312829303891,0.00293476416583422,-0.0224186160933804,-0.0160258824416741
TMS13F1018P0005,0.00639273365170634,-0.0101963350527441,0,2052,1,216,-0.0600782298817155,0.0027305615739671,-0.0702745649344596,-0.0638818312827532
TMS13F1020P0001,0.00639273365170634,0.016817846803513,0,1962,1,210,-0.03828489818233,0.00235668082948245,-0.021467051378817,-0.0150743177271106
TMS13F1020P0002,0.00639273365170634,0.00439932508618935,0,1928,1,200,-0.0236560824137858,0.00268471323511155,-0.0192567573275964,-0.0128640236758901
TMS13F1020P0004,0.00639273365170634,0.000405560567547779,0,1929,1,201,-0.0402631413271453,0.00256686806752358,-0.0398575807595975,-0.0334648471078912
TMS13F1021P0008,0.00639273365170634,0.00514942310011207,0,2690,1,222,0.00215716022018002,0.00277878334614741,0.00730658332029208,0.0136993169719984
TMS13F1028P0007,0.00639273365170634,-0.0524535740365532,0,1931,1,202,-0.0315797049130173,0.00352450164554361,-0.0840332789495705,-0.0776405452978641
TMS13F1034P0004,0.00639273365170634,-0.0571691001233338,0,1938,1,204,-0.0145511772111308,0.00290129219263305,-0.0717202773344646,-0.0653275436827582
TMS13F1036P0002,0.00639273365170634,-0.00562073836222277,0,1971,1,211,-0.00908339504469867,0.00285663463792984,-0.0147041334069214,-0.0083113997552151
TMS13F1039P0003,0.00639273365170634,-0.0173005407895429,0,1940,1,205,0.0443090909051093,0.0035003292355546,0.0270085501155664,0.0334012837672728
TMS13F1045P0017,0.00639273365170634,0.00751125681252865,0,1941,1,206,0.00483851957026527,0.00280889439718629,0.0123497763827939,0.0187425100345003
TMS13F1045P0019,0.00639273365170634,-0.0186513481701474,0,1933,1,203,-0.0117652099074375,0.00291629491564569,-0.0304165580775849,-0.0240238244258786
TMS13F1049P0001,0.00639273365170634,0.00417694539406124,0,2693,1,223,-0.0104535610124756,0.0027689107026768,-0.00627661561841432,0.000116118033292027
TMS13F1053P0002,0.00639273365170634,-0.0712449322880313,0,1944,1,207,-0.028653928764162,0.00280578939561898,-0.0998988610521933,-0.0935061274004869
TMS13F1053P0009,0.00639273365170634,-0.0769475053155504,0,2042,1,213,-0.00328376579760451,0.00298282737349631,-0.0802312711131549,-0.0738385374614485
TMS13F1053P0010,0.00639273365170634,-0.0689427103700912,0,1992,1,212,-0.0153111381167262,0.00250107223920008,-0.0842538484868174,-0.077861114835111
TMS13F1053P0015,0.00639273365170634,-0.0541757200025706,0,2044,1,214,-0.0667461137066489,0.00248937496911701,-0.12092183370922,-0.114529100057513
TMS13F1063P0013,0.00639273365170634,-0.0249757915933834,0,2777,1,239,-0.00805641503829974,0.00264298741421054,-0.0330322066316832,-0.0266394729799768
TMS13F1069P0024,0.00639273365170634,0.0201511479537092,0,2906,1,244,-0.00819605794742125,0.00234776641653548,0.011955090006288,0.0183478236579943
TMS13F1072P0002,0.00639273365170634,-0.0220937264545633,0,3040,1,255,0.0195304444245112,0.00252477752775544,-0.00256328203005206,0.00382945162165428
TMS13F1081P0015,0.00639273365170634,0.0478320270170704,0,3042,1,256,0.0275780048976469,0.00293506269278587,0.0754100319147173,0.0818027655664237
TMS13F1088P0007,0.00639273365170634,0.0214135864137923,0,2922,1,245,-0.0176125195585471,0.00211372270951779,0.00380106685524521,0.0101938005069516
TMS13F1095P0011,0.00639273365170634,0.0109740349973437,0,2743,1,235,-0.0575966563141468,0.00286619545078901,-0.0466226213168031,-0.0402298876650968
TMS13F1107P0002,0.00639273365170634,0.0211778095775156,0,3013,1,250,-0.039035478498327,0.00273794946242177,-0.0178576689208114,-0.011464935269105
TMS13F1108P0007,0.00639273365170634,-0.00353952068878713,0,2710,1,224,-0.055747099762807,0.0024879856029494,-0.0592866204515941,-0.0528938867998877
TMS13F1109P0009,0.00639273365170634,0.00698031361359692,0,2711,1,225,-0.0229036468792112,0.00259924269643892,-0.0159233332656142,-0.00953059961390789
TMS13F1109P0011,0.00639273365170634,-0.00285332406060713,0,2821,1,240,-0.0157030061120829,0.00277332356504474,-0.01855633017269,-0.0121635965209837
TMS13F1114P0001,0.00639273365170634,-0.0176352110715161,0,3050,1,257,-0.0320694546779332,0.0025919473505806,-0.0497046657494492,-0.0433119320977429
TMS13F1122P0004,0.00639273365170634,0.0172745639807347,0,3020,1,251,0.00217194465335505,0.00251448193235666,0.0194465086340897,0.0258392422857961
TMS13F1122P0005,0.00639273365170634,-0.00186593662588756,0,2940,1,246,0.0297640420489912,0.00226377383329364,0.0278981054231037,0.03429083907481
TMS13F1124P0003,0.00639273365170634,0.014539443170397,0,3021,1,252,0.0178874870457842,0.00281340688685915,0.0324269302161813,0.0388196638678876
TMS13F1124P0004,0.00639273365170634,0.00478236727200765,0,2747,1,236,0.0118246292093989,0.00261445357024172,0.0166069964814065,0.0229997301331129
TMS13F1126P0003,0.00639273365170634,-0.00512882257110678,0,2834,1,241,-0.0129623703173343,0.00241585025519148,-0.0180911928884411,-0.0116984592367347
TMS13F1126P0006,0.00639273365170634,-0.0145046358497528,0,2835,1,242,0.0125692465721406,0.00240622292383445,-0.00193538927761216,0.00445734437409418
TMS13F1128P0016,0.00639273365170634,0.0497497197908575,0,2749,1,237,0.0135070734759966,0.00309840664516686,0.063256793266854,0.0696495269185604
TMS13F1145P0023,0.00639273365170634,0.0574502263663158,0,2715,1,226,0.0126956916101557,0.00292318808650707,0.0701459179764716,0.0765386516281779
TMS13F1153P0001,0.00639273365170634,0.0110047565875677,0,2757,1,238,-0.0303509383924826,0.00280769112052601,-0.0193461818049149,-0.0129534481532085
TMS13F1160P0004,0.00639273365170634,0.00455449422737829,0,2963,1,247,-0.0131752835753856,0.00218895001085435,-0.00862078934800729,-0.00222805569630095
TMS13F1160P0005,0.00639273365170634,0.0182594580061093,0,2855,1,243,0.00816996795337733,0.00236406074311186,0.0264294259594866,0.032822159611193
TMS13F1176P0002,0.00639273365170634,0.026297684226715,0,2964,1,248,-0.0127965655942875,0.00279297804755352,0.0135011186324275,0.0198938522841338
TMS13F1176P0003,0.00639273365170634,0.0108138804133734,0,2722,1,227,0.00610299511613033,0.00285320945753311,0.0169168755295037,0.0233096091812101
TMS13F1182P0002,0.00639273365170634,0.00698036033607592,0,3059,1,258,-0.0473439636003832,0.00286886041394725,-0.0403636032643073,-0.0339708696126009
TMS13F1203P0042,0.00639273365170634,0.0394749508287477,0,2978,1,249,-0.00219664288626997,0.00277633605216771,0.0372783079424777,0.0436710415941841
TMS13F1212P0002,0.00639273365170634,-0.00998183898208608,0,2724,1,228,-0.035313174928774,0.00246329285018267,-0.0452950139108601,-0.0389022802591537
TMS13F1212P0034,0.00639273365170634,0.0193886597959768,0,3025,1,253,-0.0483510842306635,0.00261109227118095,-0.0289624244346867,-0.0225696907829804
TMS13F1212P0058,0.00639273365170634,-0.00194114141060478,0,2726,1,229,-0.0247223697384958,0.00264812236002354,-0.0266635111491006,-0.0202707774973942
TMS13F1212P0061,0.00639273365170634,-0.00449610486139535,0,2727,1,230,-0.055831628287796,0.0024229086829654,-0.0603277331491913,-0.053934999497485
TMS13F1212P0079,0.00639273365170634,0.0333809693240196,0,2731,1,232,0.00123402330471408,0.00261915390700071,0.0346149926287337,0.04100772628044
TMS13F1214P0004,0.00639273365170634,-0.0207380871424624,0,2728,1,231,-0.0163399908265713,0.00252015261079515,-0.0370780779690337,-0.0306853443173273
TMS13F1214P0036,0.00639273365170634,0.010504969549736,0,2733,1,233,-0.0142556887655045,0.00256572478203828,-0.00375071921576852,0.00264201443593782
TMS13F1216P0010,0.00639273365170634,-0.00399381885291386,0,2734,1,234,-0.0536085386141702,0.00262789353287395,-0.057602357467084,-0.0512096238153777
TMS13F1217P0043,0.00639273365170634,0.0147698035999246,0,3069,1,259,0.052073645219065,0.00272772845148003,0.0668434488189895,0.0732361824706959
TMS13F1241P0016,0.00639273365170634,0.0208135726681857,0,3027,1,254,0.00194052700923937,0.00282415847872707,0.022754099677425,0.0291468333291314
TMS13F1247P0006,0.00639273365170634,0.0118270641611149,0,3443,1,306,-0.0311447212863911,0.00270566431525943,-0.0193176571252762,-0.0129249234735699
TMS13F1288P0005,0.00639273365170634,-0.0197710687528037,0,3101,1,267,-0.0661473601742901,0.00270558714403027,-0.0859184289270939,-0.0795256952753875
TMS13F1288P0014,0.00639273365170634,-0.0219737984891621,0,3349,1,287,-0.0239658304638232,0.00273660698183761,-0.0459396289529853,-0.039546895301279
TMS13F1303P0001,0.00639273365170634,-0.0167484039105494,0,3074,1,260,0.0212822522662823,0.00251775818506264,0.00453384835573289,0.0109265820074392
TMS13F1303P0002,0.00639273365170634,-0.0318144476636967,0,3350,1,288,0.00313419796347672,0.00272975536079599,-0.0286802497002199,-0.0222875160485136
TMS13F1303P0003,0.00639273365170634,-0.0137010348919192,0,3351,1,289,0.0295696537483301,0.00274882178680692,0.0158686188564109,0.0222613525081173
TMS13F1304P0003,0.00639273365170634,-0.000676379378406449,0,3455,1,307,-0.0281632928199927,0.002694909869053,-0.0288396721983991,-0.0224469385466928
TMS13F1306P0001,0.00639273365170634,-0.012347637873425,0,3352,1,290,0.0189954670047381,0.00265136838550492,0.00664782913131312,0.0130405627830195
TMS13F1306P0003,0.00639273365170634,-0.0224000828204205,0,3078,1,262,-0.0106197981865328,0.00277088650365805,-0.0330198810069533,-0.026627147355247
TMS13F1307P0004,0.00639273365170634,-0.0471409381212958,0,3354,1,291,0.0693640079694652,0.00231799713878257,0.0222230698481693,0.0286158034998757
TMS13F1307P0005,0.00639273365170634,-0.0313308900251189,0,3355,1,292,0.00856508807655489,0.00264297381784409,-0.022765801948564,-0.0163730682968576
TMS13F1307P0006,0.00639273365170634,-0.0388425162953855,0,3142,1,279,0.0156247096786638,0.00252131743133887,-0.0232178066167217,-0.0168250729650154
TMS13F1307P0007,0.00639273365170634,-0.0382305745383971,0,3356,1,293,0.0319085742171142,0.00267139275335904,-0.0063220003212829,7.0733330423435e-05
TMS13F1307P0008,0.00639273365170634,-0.0522911634223415,0,3084,1,264,-0.0108001274844365,0.00270939673835196,-0.063091290906778,-0.0566985572550717
TMS13F1307P0010,0.00639273365170634,-0.0323155705840898,0,3357,1,294,0.0495776135366302,0.00245368722744492,0.0172620429525405,0.0236547766042468
TMS13F1307P0011,0.00639273365170634,-0.0295096161891515,0,3087,1,265,0.000135280149109497,0.00254577596118384,-0.029374336040042,-0.0229816023883356
TMS13F1307P0012,0.00639273365170634,-0.0318310011525474,0,3358,1,295,0.0307676801231496,0.00275053084118465,-0.00106332102939781,0.00532941262230853
TMS13F1307P0016,0.00639273365170634,-0.0403798287831038,0,3102,1,268,0.0458538389727951,0.00227634172828854,0.00547401018969133,0.0118667438413977
TMS13F1307P0023,0.00639273365170634,-0.0400008959680446,0,3359,1,296,0.0448288926196372,0.00277055979181194,0.00482799665159254,0.0112207303032989
TMS13F1315P0008,0.00639273365170634,0.0237546508939233,0,3458,1,308,-0.0358672346171605,0.00280113588574346,-0.0121125837232372,-0.00571985007153083
TMS13F1329P0003,0.00639273365170634,-0.0159486699559813,0,3103,1,269,-0.0172659009244264,0.00296132581604803,-0.0332145708804077,-0.0268218372287013
TMS13F1332P0042,0.00639273365170634,-0.00970073317431339,0,3077,1,261,0.0334945769059229,0.00279241368003274,0.0237938437316095,0.0301865773833159
TMS13F1333P0003,0.00639273365170634,0.012568055502878,0,3079,1,263,-0.0137534423240178,0.00234930210180022,-0.00118538682113983,0.00520734683056651
TMS13F1343P0002,0.00639273365170634,-0.0700538587699677,0,3106,1,270,-0.0229723500639825,0.00262173998090114,-0.0930262088339502,-0.0866334751822438
TMS13F1343P0013,0.00639273365170634,-0.0528726444813844,0,3164,1,280,-0.0196779267230262,0.00290179168177249,-0.0725505712044106,-0.0661578375527042
TMS13F1343P0022,0.00639273365170634,-0.0882265744834718,0,3167,1,281,-0.0314202614178927,0.00274424579227135,-0.119646835901365,-0.113254102249658
TMS13F1343P0026,0.00639273365170634,-0.0530178467673016,0,3108,1,271,-0.0297101140670567,0.00291943434980382,-0.0827279608343583,-0.0763352271826519
TMS13F1343P0038,0.00639273365170634,-0.0645443939940542,0,3110,1,272,-0.0596034353667491,0.00294829440672276,-0.124147829360803,-0.117755095709097
TMS13F1343P0044,0.00639273365170634,-0.0617105684542709,0,3111,1,273,-0.0317852267779208,0.0027109957938693,-0.0934957952321917,-0.0871030615804854
TMS13F1343P0045,0.00639273365170634,-0.0629816584667897,0,3288,1,286,0.0143908576656521,0.00293822063892939,-0.0485908008011376,-0.0421980671494313
TMS13F1352P0002,0.00639273365170634,-0.0294816080223891,0,3112,1,274,-0.0454587193702246,0.00277209780973553,-0.0749403273926136,-0.0685475937409073
TMS13F1362P0001,0.00639273365170634,-0.0530356073575461,0,3113,1,275,-0.0321692932415024,0.00274200515934651,-0.0852049005990485,-0.0788121669473422
TMS13F1362P0004,0.00639273365170634,-0.0381097717900756,0,3114,1,276,-0.0649349253805564,0.00283900074519068,-0.103044697170632,-0.0966519635189256
TMS13F1364P0001,0.00639273365170634,0.0307312075575133,0,3115,1,277,-0.0445655828594846,0.00300927826917848,-0.0138343753019713,-0.00744164165026497
TMS13F1365P0002,0.00639273365170634,-0.0405547773029928,0,3116,1,278,-0.0232848257413337,0.00270109235677926,-0.0638396030443265,-0.0574468693926202
TMS13F1365P0029,0.00639273365170634,-0.0437974516246285,0,3187,1,282,-0.0202245268753347,0.00267063187125925,-0.0640219784999633,-0.0576292448482569
TMS13F1376P0018,0.00639273365170634,-0.0616631921922568,0,3462,1,309,0.0121633719205294,0.00251191999187025,-0.0494998202717273,-0.043107086620021
TMS13F1377P0018,0.00639273365170634,-0.10942929930163,0,3198,1,283,-0.021934897817074,0.00420305913691997,-0.131364197118704,-0.124971463466997
TMS13F1400P0001,0.00639273365170634,0.0142411303666494,0,3463,1,310,-0.0132975541832779,0.00275113329108241,0.000943576183371561,0.0073363098350779
TMS13F1401P0016,0.00639273365170634,-0.0715147073032158,0,3214,1,284,0.0104576478321705,0.00290444726834489,-0.0610570594710453,-0.054664325819339
TMS13F1414P0009,0.00639273365170634,-0.010227298497295,0,3464,1,311,-0.0206325083638698,0.00279023613976104,-0.0308598068611648,-0.0244670732094585
TMS13F1439P0004,0.00639273365170634,0.0191412330089603,0,3367,1,297,0.0208702446474551,0.00275718976204487,0.0400114776564153,0.0464042113081217
TMS13F1461P0002,0.00639273365170634,-0.0241666676100684,0,3469,1,312,-0.00998749316003175,0.00249228569183696,-0.0341541607701002,-0.0277614271183938
TMS13F2061P0005,0.00639273365170634,0.00485550248511425,0,3478,1,313,0.00939767291751769,0.00269790304936692,0.0142531754026319,0.0206459090543383
TMS13F2077P0043,0.00639273365170634,0.0577169544364155,0,3095,1,266,-0.015443553469221,0.00288304289895257,0.0422734009671945,0.0486661346189009
TMS13F2110P0008,0.00639273365170634,0.00315227123505866,0,3242,1,285,0.0176503390781092,0.00244728667198084,0.0208026103131679,0.0271953439648742
TMS13F2207P0001,0.00639273365170634,0.00654969447277057,0,3484,1,314,-0.00980543221194432,0.00293705443870985,-0.00325573773917375,0.00313699591253259
TMS14F1001P0004,0.00639273365170634,-5.15231770418486e-05,0,3389,1,300,-0.0161589958027465,0.00276598657559808,-0.0162105189797883,-0.009817785328082
TMS14F1012P0008,0.00639273365170634,-0.00550553537067287,0,3408,1,301,-0.0294123487038268,0.0027719612229933,-0.0349178840744996,-0.0285251504227933
TMS14F1013P0007,0.00639273365170634,-0.033611487675828,0,3416,1,302,-0.0241926674007097,0.00289146958159002,-0.0578041550765377,-0.0514114214248314
TMS14F1014P0016,0.00639273365170634,-0.00562983824395776,0,3425,1,303,-0.0389401352270774,0.00274125562207725,-0.0445699734710351,-0.0381772398193288
TMS14F1014P0017,0.00639273365170634,-0.0180520082601543,0,3426,1,304,-0.0324461849209566,0.0028583976109053,-0.0504981931811109,-0.0441054595294045
TMS14F1016P0006,0.00639273365170634,0.00380657160957283,0,3429,1,305,-0.0246977761599573,0.00253830693433939,-0.0208912045503845,-0.0144984708986782
TMS14F1019P0015,0.00639273365170634,-0.0367703433049262,0,3381,1,299,-0.050362143335972,0.00269522880704135,-0.0871324866408982,-0.0807397529891919
TMS14F1022P0003,0.00639273365170634,-0.0308150258510792,0,3372,1,298,-0.0479060891197041,0.00280726974100284,-0.0787211149707833,-0.0723283813190769
TMS14F1022P0006,0.00639273365170634,-0.0304803793305386,0,3485,1,315,-0.0591101155563681,0.00270014316111109,-0.0895904948869067,-0.0831977612352004
TMS14F1035P0004,0.00639273365170634,-0.0347601701664168,0,3525,1,316,-0.0669472617638859,0.00267882385343947,-0.101707431930303,-0.0953146982785964
TMS14F1035P0007,0.00639273365170634,-0.0509723746741936,0,3527,1,317,-0.0803043072133703,0.00293143468402098,-0.131276681887564,-0.124883948235858
TMS14F1036P0004,0.00639273365170634,-0.0139625938946732,0,3532,1,318,-0.0120288908107327,0.00277999120105158,-0.0259914847054059,-0.0195987510536995
TMS14F1036P0007,0.00639273365170634,-0.0236451159992336,0,3534,1,319,-0.0252758032509816,0.00280888814171168,-0.0489209192502152,-0.0425281855985088
TMS14F1042P0001,0.00639273365170634,-0.0303486663004078,0,3544,1,320,0.00698105287823888,0.00281478030842609,-0.0233676134221689,-0.0169748797704625
TMS14F1042P0010,0.00639273365170634,-0.0195881247033443,0,3548,1,321,-0.0168936339314906,0.00266007171589441,-0.0364817586348349,-0.0300890249831286
TMS14F1049P0001,0.00639273365170634,-0.052374985318438,0,3559,1,322,0.0245351515875815,0.00259307169608936,-0.0278398337308565,-0.0214471000791502
TMS14F1062P0002,0.00639273365170634,-0.00950315583644,0,3601,1,323,0.00231465282803812,0.00277469394710644,-0.00718850300840188,-0.000795769356695539
TMS14F1098P0013,0.00639273365170634,0.0158550622452132,0,3728,1,324,-0.0163548886031269,0.00281037130620387,-0.000499826357913617,0.00589290729379273
TMS14F1120P0003,0.00639273365170634,0.00302970701665185,0,3787,1,325,-0.032143431163795,0.00269853642840878,-0.0291137241471432,-0.0227209904954368
TMS14F1125P0010,0.00639273365170634,-0.0110909690245688,0,3802,1,326,-0.0513284958361338,0.00273475419196783,-0.0624194648607025,-0.0560267312089962
TMS14F1131P0001,0.00639273365170634,-0.0150662448866693,0,3816,1,327,0.00343788961200875,0.00273026155209138,-0.0116283552746605,-0.0052356216229542
TMS14F1146P0002,0.00639273365170634,-0.0227131486229967,0,3860,1,328,-0.0234889959374951,0.00290192926119757,-0.0462021445604917,-0.0398094109087854
TMS14F1159P0003,0.00639273365170634,0.00463646577594441,0,3891,1,329,-0.0506395251121923,0.00272968773257784,-0.0460030593362478,-0.0396103256845415
TMS14F1171P0013,0.00639273365170634,0.00479074406229891,0,3934,1,330,-0.0174571843228975,0.00263920818351176,-0.0126664402605986,-0.00627370660889229
TMS14F1194P0002,0.00639273365170634,-0.0525699688645622,0,3985,1,331,0.0232478316001546,0.00277640194695118,-0.0293221372644076,-0.0229294036127013
TMS14F1195P0004,0.00639273365170634,-0.0297696417561188,0,3988,1,332,-0.04832940660906,0.00287055926253984,-0.0780990483651787,-0.0717063147134724
TMS14F1195P0005,0.00639273365170634,-0.0390478223400283,0,3989,1,333,-0.03847143301212,0.00279840173516975,-0.0775192553521483,-0.071126521700442
TMS14F1196P0003,0.00639273365170634,-0.0273503411232474,0,3997,1,334,-0.051845467670104,0.00261347382962304,-0.0791958087933514,-0.0728030751416451
TMS14F1201P0003,0.00639273365170634,-0.0149244773775301,0,4010,1,335,-0.0369489430210824,0.00245749802043202,-0.0518734203986125,-0.0454806867469062
TMS14F1208P0003,0.00639273365170634,-0.0066966543084933,0,4029,1,336,-0.0518008585719699,0.00280495963478406,-0.0584975128804632,-0.0521047792287569
TMS14F1208P0007,0.00639273365170634,0.000747268337486935,0,4031,1,337,-0.0791960244718301,0.00276576503812274,-0.0784487561343431,-0.0720560224826368
TMS14F1223P0007,0.00639273365170634,-0.0135562292409348,0,4418,1,368,-0.0888247448463457,0.00286224085377007,-0.10238097408728,-0.0959882404355741
TMS14F1224P0004,0.00639273365170634,-0.00445106199974355,0,4424,1,369,-0.0700875321340244,0.00272980519722048,-0.0745385941337679,-0.0681458604820616
TMS14F1255P0005,0.00639273365170634,0.0129382604308278,0,4511,1,370,0.0351233892849324,0.00256748837201481,0.0480616497157602,0.0544543833674666
TMS14F1262P0002,0.00639273365170634,-0.0119278009294699,0,4536,1,371,-0.0514925329274415,0.00271183501750874,-0.0634203338569114,-0.057027600205205
TMS14F1278P0003,0.00639273365170634,0.0284815115479937,0,4601,1,372,-0.0708785372347367,0.00275759184095754,-0.042397025686743,-0.0360042920350367
TMS14F1283P0008,0.00639273365170634,-0.000673373112225436,0,4238,1,351,0.0261152229390562,0.0026120979940248,0.0254418498268308,0.0318345834785371
TMS14F1283P0017,0.00639273365170634,0.0158622415485322,0,4241,1,352,0.0270527752497138,0.00271473910010725,0.042915016798246,0.0493077504499523
TMS14F1284P0001,0.00639273365170634,0.00710319852813245,0,4242,1,353,0.0413712861121298,0.00213471203238588,0.0484744846402623,0.0548672182919686
TMS14F1284P0008,0.00639273365170634,0.0216282278274735,0,4247,1,354,-0.0255277707660635,0.00263685615266808,-0.00389954293858998,0.00249319071311636
TMS14F1284P0010,0.00639273365170634,0.00355414179772082,0,4249,1,355,0.0066282806885367,0.0025437138833451,0.0101824224862575,0.0165751561379639
TMS14F1284P0019,0.00639273365170634,0.0291879307186764,0,4254,1,356,0.0152020191838948,0.00256738161935682,0.0443899499025711,0.0507826835542775
TMS14F1285P0006,0.00639273365170634,0.0110274077757527,0,4296,1,358,-0.0706807621810399,0.00260666824888758,-0.0596533544052872,-0.0532606207535809
TMS14F1285P0017,0.00639273365170634,-0.00631369390037581,0,4064,1,340,-0.0135012321891435,0.00261752976970568,-0.0198149260895193,-0.0134221924378129
TMS14F1287P0008,0.00639273365170634,0.0278761784291968,0,4363,1,364,0.0249505065344291,0.00267352716429747,0.0528266849636259,0.0592194186153322
TMS14F1288P0001,0.00639273365170634,-0.0506638118841315,0,4113,1,343,0.0721922204677193,0.00267959014636256,0.0215284085835878,0.0279211422352942
TMS14F1288P0008,0.00639273365170634,-0.0641106480258124,0,4117,1,344,0.040112105756908,0.00294507676422316,-0.0239985422689043,-0.017605808617198
TMS14F1291P0003,0.00639273365170634,-0.0356124008607837,0,4305,1,359,-0.0116997722136235,0.00248439098135801,-0.0473121730744072,-0.0409194394227009
TMS14F1291P0011,0.00639273365170634,-0.0521302935164712,0,4311,1,360,-0.02199924829229,0.00267943048598135,-0.0741295418087612,-0.0677368081570549
TMS14F1291P0012,0.00639273365170634,-0.0076809824211699,0,4312,1,361,-0.0189444651278581,0.00267001279401032,-0.026625447549028,-0.0202327138973216
TMS14F1292P0012,0.00639273365170634,-0.0440605094620841,0,4356,1,363,0.0663520662984256,0.00263135415336848,0.0222915568363415,0.0286842904880479
TMS14F1295P0012,0.00639273365170634,-0.0234413496999846,0,4057,1,339,0.000869376626745529,0.00272127617222402,-0.022571973073239,-0.0161792394215327
TMS14F1297P0019,0.00639273365170634,0.0130091173033782,0,4044,1,338,0.00393214077130336,0.00275810792724985,0.0169412580746816,0.0233339917263879
TMS14F1299P0007,0.00639273365170634,0.0126154396487642,0,4334,1,362,-0.0277044399135664,0.00275270482422434,-0.0150890002648022,-0.00869626661309582
TMS14F1300P0002,0.00639273365170634,-0.00333315173690587,0,4387,1,366,0.0140789696617492,0.0024977298406131,0.0107458179248434,0.0171385515765497
TMS14F1300P0008,0.00639273365170634,0.0387863101336969,0,4391,1,367,0.0421456426913871,0.00281213711312889,0.080931952825084,0.0873246864767903
TMS14F1301P0004,0.00639273365170634,-0.00561295891628391,0,4083,1,341,0.0311026371897298,0.00272799578419703,0.0254896782734459,0.0318824119251522
TMS14F1301P0013,0.00639273365170634,-0.0130967283492727,0,4091,1,342,0.0560900443903512,0.0026473696348694,0.0429933160410785,0.0493860496927848
TMS14F1303P0012,0.00639273365170634,0.00221787075781161,0,4380,1,365,0.0146159826106577,0.00273913005291244,0.0168338533684693,0.0232265870201757
TMS14F1306P0008,0.00639273365170634,-0.0263480246698499,0,4178,1,347,0.0555165879665513,0.00270490618899583,0.0291685632967013,0.0355612969484077
TMS14F1306P0015,0.00639273365170634,-0.0349816897493618,0,4183,1,348,0.0631285520491872,0.00260820886002079,0.0281468622998254,0.0345395959515317
TMS14F1306P0020,0.00639273365170634,-0.0192878091180537,0,4186,1,349,0.0403039891650197,0.00243519714685776,0.021016180046966,0.0274089136986724
TMS14F1310P0004,0.00639273365170634,-0.0272639758552981,0,4165,1,345,-0.0306761472860011,0.00264579742971536,-0.0579401231412992,-0.0515473894895929
TMS14F1310P0015,0.00639273365170634,-0.0168182282876936,0,4172,1,346,0.00203390355194705,0.00270002174215425,-0.0147843247357466,-0.00839159108404024
TMS14F1311P0002,0.00639273365170634,0.00364055211638222,0,4223,1,350,0.0443711103061037,0.00266194541854563,0.048011662422486,0.0544043960741923
TMS14F1312P0003,0.00639273365170634,0.00303124205913205,0,4257,1,357,0.0307307305908325,0.00276628910302284,0.0337619726499646,0.0401547063016709
TMS15F1001P0001,0.00639273365170634,-0.0777233075336641,0,4677,1,403,-0.00106032223688676,0.00326362082767295,-0.0787836297705509,-0.0723908961188446
TMS15F1001P0003,0.00639273365170634,-0.0776532036901115,0,4676,1,402,0.0449539591662605,0.00303182297467062,-0.032699244523851,-0.0263065108721447
TMS15F1003P0006,0.00639273365170634,-0.0522949039287327,0,4675,1,401,-0.047098447629938,0.00295772687285499,-0.0993933515586707,-0.0930006179069643
TMS15F1004P0012,0.00639273365170634,-0.0633528959495933,0,4673,1,400,-0.016158453867751,0.00319027566744789,-0.0795113498173443,-0.0731186161656379
TMS15F1011P0005,0.00639273365170634,-0.0293025257497505,0,4670,1,399,-0.0338908636150403,0.0028669615090211,-0.0631933893647908,-0.0568006557130845
TMS15F1012P0001,0.00639273365170634,-0.0251592099402982,0,4669,1,398,0.0409663034927699,0.00279690436170344,0.0158070935524717,0.022199827204178
TMS15F1017P0004,0.00639273365170634,-0.0171501162812495,0,4667,1,397,0.0108437681747036,0.00270842718502121,-0.00630634810654593,8.63855451604129e-05
TMS15F1017P0011,0.00639273365170634,-0.0147470390053768,0,4666,1,396,0.0297192581841601,0.00272491165387087,0.0149722191787833,0.0213649528304896
TMS15F1021P0002,0.00639273365170634,0.00473778289275268,0,4665,1,395,0.0373853794132836,0.0026114982149741,0.0421231623060363,0.0485158959577427
TMS15F1021P0003,0.00639273365170634,-0.00822166242139265,0,4664,1,394,0.0182981981119771,0.00271670671965457,0.0100765356905844,0.0164692693422908
TMS15F1021P0009,0.00639273365170634,-0.00919300675566408,0,4663,1,393,0.0796612884936675,0.00378677758978926,0.0704682817380034,0.0768610153897098
TMS15F1021P0011,0.00639273365170634,0.000552343643751929,0,4662,1,392,0.0315150406069695,0.00270776212034581,0.0320673842507214,0.0384601179024277
TMS15F1021P0037,0.00639273365170634,-0.00590021490272607,0,4658,1,391,0.0678063378421449,0.00261118853913981,0.0619061229394188,0.0682988565911251
TMS15F1023P0010,0.00639273365170634,-0.000951941983919215,0,4657,1,390,0.0329748205027041,0.00273755822436865,0.0320228785187849,0.0384156121704912
TMS15F1025P0001,0.00639273365170634,-0.0142383802191812,0,4654,1,389,0.0430568896640339,0.00255587166030265,0.0288185094448527,0.0352112430965591
TMS15F1025P0002,0.00639273365170634,-0.0301367765351613,0,4653,1,388,0.0507829948757838,0.00259832478372665,0.0206462183406225,0.0270389519923289
TMS15F1029P0001,0.00639273365170634,-0.00376651248255562,0,4652,1,387,0.0342439695864181,0.00330787488074135,0.0304774571038625,0.0368701907555688
TMS15F1040P0005,0.00639273365170634,0.0172263755236423,0,4648,1,386,0.00730965872632148,0.00277470900149586,0.0245360342499637,0.0309287679016701
TMS15F1051P0007,0.00639273365170634,-0.0246784409226867,0,4647,1,385,-0.0104762181799394,0.00382096111977957,-0.0351546591026261,-0.0287619254509197
TMS15F1064P0001,0.00639273365170634,-0.0195072062766495,0,4644,1,384,0.0378834125693547,0.00274205347520144,0.0183762062927052,0.0247689399444116
TMS15F1067P0013,0.00639273365170634,0.0100332091874762,0,4643,1,383,0.0196930259851814,0.00271568122034793,0.0297262351726577,0.036118968824364
TMS15F1069P0001,0.00639273365170634,-0.0441585599006868,0,4642,1,382,-0.065758522672995,0.00380805208767394,-0.109917082573682,-0.103524348921976
TMS15F1069P0007,0.00639273365170634,-0.0540015698095238,0,4641,1,381,-0.00538819523875914,0.0026776233070933,-0.0593897650482829,-0.0529970313965766
TMS15F1071P0003,0.00639273365170634,-0.0219619553832627,0,4640,1,380,0.00756559028267407,0.00275663226833856,-0.0143963651005887,-0.00800363144888233
TMS15F1071P0045,0.00639273365170634,0.0162098553310706,0,4637,1,379,0.0344728004292012,0.00269434119648666,0.0506826557602718,0.0570753894119782
TMS15F1072P0005,0.00639273365170634,0.0014956078117242,0,4636,1,378,-0.026797408185842,0.00257745649188262,-0.0253018003741178,-0.0189090667224114
TMS15F1072P0009,0.00639273365170634,-0.0246193599573967,0,4635,1,377,-0.00274880749044114,0.00371645329666291,-0.0273681674478378,-0.0209754337961315
TMS15F1072P0018,0.00639273365170634,-0.0117015418703145,0,4632,1,376,0.00227879279194426,0.00262784630819143,-0.00942274907837022,-0.00303001542666388
TMS15F1072P0027,0.00639273365170634,-0.0191585990160151,0,4631,1,375,0.0383125444869575,0.002641965961263,0.0191539454709424,0.0255466791226487
TMS15F1073P0003,0.00639273365170634,-0.00234398048501406,0,4630,1,374,0.047650943806018,0.00268921472539963,0.045306963321004,0.0516996969727103
TMS15F1073P0005,0.00639273365170634,-0.0303719887935587,0,4629,1,373,0.03938337823284,0.00260268730221747,0.00901138943928129,0.0154041230909876
TMS15F1075P0012,0.00639273365170634,0.0015229767859019,0,5003,1,626,0.0472457378577548,0.00290913395022759,0.0487687146436567,0.0551614482953631
TMS15F1077P0013,0.00639273365170634,-0.0260029662192987,0,5002,1,625,0.0845545774166128,0.00272407844308463,0.0585516111973142,0.0649443448490205
TMS15F1079P0008,0.00639273365170634,-0.0139502692245189,0,5001,1,624,0.0377463298301982,0.00263254784180596,0.0237960606056793,0.0301887942573856
TMS15F1079P0016,0.00639273365170634,0.0126223723367716,0,5000,1,623,0.0371656305497493,0.00264430406801572,0.0497880028865208,0.0561807365382272
TMS15F1079P0020,0.00639273365170634,-0.0385748660171026,0,4999,1,622,0.03146949564793,0.00268569507415648,-0.00710537036917256,-0.000712636717466214
TMS15F1080P0004,0.00639273365170634,-0.00553162998713018,0,4997,1,621,0.0477867553905681,0.00258933579060001,0.0422551254034379,0.0486478590551442
TMS15F1081P0002,0.00639273365170634,-0.00122393111867898,0,4994,1,620,0.0317274058132225,0.00260176989330807,0.0305034746945435,0.0368962083462498
TMS15F1081P0003,0.00639273365170634,-0.00888477455413297,0,4993,1,619,0.0388635810669031,0.00248708968758502,0.0299788065127701,0.0363715401644764
TMS15F1085P0005,0.00639273365170634,-0.057798112118111,0,4991,1,618,-0.0323822494777001,0.00298421503168243,-0.0901803615958111,-0.0837876279441047
TMS15F1092P0001,0.00639273365170634,-0.0142308720819177,0,4990,1,617,-0.0263859251380571,0.0026498686930868,-0.0406167972199747,-0.0342240635682684
TMS15F1092P0016,0.00639273365170634,-0.0118454437632627,0,4989,1,616,1.47278161442216e-05,0.00263943178961728,-0.0118307159471185,-0.00543798229541214
TMS15F1100P0005,0.00639273365170634,-0.0137614032313436,0,4984,1,615,0.00784057267101758,0.00244571050213331,-0.00592083056032607,0.000471903091380272
TMS15F1102P0002,0.00639273365170634,-0.026528055165771,0,4983,1,614,-0.0152351318085961,0.00266220429961554,-0.0417631869743672,-0.0353704533226608
TMS15F1102P0006,0.00639273365170634,-0.0309584398801842,0,4982,1,613,0.00319328000019119,0.00259877748945288,-0.027765159879993,-0.0213724262282866
TMS15F1104P0006,0.00639273365170634,-0.00402637058403865,0,4980,1,612,0.00793044627495569,0.00267987674456788,0.00390407569091704,0.0102968093426234
TMS15F1107P0002,0.00639273365170634,-0.0334110761883757,0,4978,1,611,0.0663236326343096,0.00239265083681498,0.0329125564459339,0.0393052900976402
TMS15F1107P0004,0.00639273365170634,-0.0250329677676878,0,4977,1,610,0.0509973674202947,0.0024388117159634,0.0259643996526069,0.0323571333043133
TMS15F1109P0003,0.00639273365170634,-0.0136923254673786,0,4976,1,609,-0.0395448259644578,0.00258184623597488,-0.0532371514318364,-0.04684441778013
TMS15F1109P0004,0.00639273365170634,-0.00712906787334706,0,4975,1,608,0.00475983969391212,0.00285114905974588,-0.00236922817943494,0.0040235054722714
TMS15F1112P0007,0.00639273365170634,-0.0331191023221579,0,4973,1,607,-0.00124952469862002,0.00301567166723299,-0.0343686270207779,-0.0279758933690716
TMS15F1117P0001,0.00639273365170634,-0.0166178756361721,0,4972,1,606,0.0269472225196504,0.00269605204104726,0.0103293468834783,0.0167220805351846
TMS15F1121P0038,0.00639273365170634,-0.0299834649433268,0,4970,1,605,0.0212926525221049,0.00273850562187596,-0.0086908124212219,-0.00229807876951555
TMS15F1124P0001,0.00639273365170634,-0.0219457576406491,0,4969,1,604,0.0261744049194136,0.00248761857067587,0.00422864727876451,0.0106213809304709
TMS15F1126P0008,0.00639273365170634,-0.0201186626806518,0,4967,1,603,0.00913735929330623,0.00270061041812177,-0.0109813033873456,-0.00458856973563926
TMS15F1127P0002,0.00639273365170634,-0.0456712291912907,0,4966,1,602,-0.0196552435163037,0.0029799066201014,-0.0653264727075943,-0.058933739055888
TMS15F1127P0013,0.00639273365170634,-0.0346452898416147,0,4964,1,601,-0.0190131024995404,0.00280237766256664,-0.0536583923411551,-0.0472656586894488
TMS15F1128P0006,0.00639273365170634,0.00453328926217018,0,4963,1,600,0.0651163713083184,0.00272930605966295,0.0696496605704886,0.0760423942221949
TMS15F1129P0009,0.00639273365170634,-0.0368432678086431,0,4962,1,599,0.0513313772840488,0.00275237652848936,0.0144881094754057,0.020880843127112
TMS15F1132P0001,0.00639273365170634,-0.0245917823828038,0,4957,1,598,0.015954273774607,0.00254805380349079,-0.00863750860819674,-0.0022447749564904
TMS15F1132P0011,0.00639273365170634,0.0059365204441629,0,4955,1,597,0.0663375991365225,0.00253011569036919,0.0722741195806854,0.0786668532323917
TMS15F1132P0013,0.00639273365170634,-0.0243295759502266,0,4954,1,596,0.0949099222025913,0.00247001207775453,0.0705803462523647,0.076973079904071
TMS15F1135P0014,0.00639273365170634,-0.0121130353908899,0,4953,1,595,0.0522740621389488,0.00259993227591019,0.0401610267480589,0.0465537603997652
TMS15F1142P0001,0.00639273365170634,-0.0249863918038986,0,4952,1,594,0.0417301623188159,0.00256183723279948,0.0167437705149173,0.0231365041666236
TMS15F1142P0006,0.00639273365170634,-0.0138038069184239,0,4950,1,593,0.0234008462750464,0.00251748552889688,0.00959703935662255,0.0159897730083289
TMS15F1142P0008,0.00639273365170634,-0.00792539618890517,0,4949,1,592,0.0182272238357068,0.00259180000326632,0.0103018276468017,0.016694561298508
TMS15F1142P0012,0.00639273365170634,-0.027307039781633,0,4948,1,591,-0.00172541527715607,0.00258630050194998,-0.0290324550587891,-0.0226397214070828
TMS15F1143P0001,0.00639273365170634,-0.0188537882009723,0,4947,1,590,-0.00494065381558029,0.00270415707069574,-0.0237944420165526,-0.0174017083648462
TMS15F1144P0006,0.00639273365170634,-0.0151735005362839,0,4944,1,589,0.016808992353984,0.002650023365023,0.00163549181770016,0.0080282254694065
TMS15F1145P0002,0.00639273365170634,-0.0399102311371093,0,4943,1,588,0.0339294721336181,0.0025746654552025,-0.00598075900349123,0.000411974648215116
TMS15F1146P0001,0.00639273365170634,0.000808049179892526,0,4942,1,587,0.0146755945888464,0.0027924088187108,0.015483643768739,0.0218763774204453
TMS15F1148P0003,0.00639273365170634,-0.0328415630575873,0,4940,1,586,0.0449284065186679,0.00272536779137858,0.0120868434610805,0.0184795771127869
TMS15F1153P0009,0.00639273365170634,-0.0328229644315696,0,4937,1,585,-0.00374859331841585,0.00264300008771478,-0.0365715577499854,-0.0301788240982791
TMS15F1153P0022,0.00639273365170634,-0.0226588764490977,0,4935,1,584,-0.0288990161454006,0.00276654038686694,-0.0515578925944983,-0.045165158942792
TMS15F1153P0031,0.00639273365170634,-0.026063750070999,0,4934,1,583,0.017912812251409,0.00273908869767054,-0.00815093781959,-0.00175820416788365
TMS15F1154P0001,0.00639273365170634,-0.00898831299509227,0,4932,1,582,0.00521262798040555,0.00257495983026421,-0.00377568501468671,0.00261704863701963
TMS15F1154P0005,0.00639273365170634,0.00213218440310274,0,4930,1,581,0.0489711127040338,0.0026349817647803,0.0511032971071365,0.0574960307588429
TMS15F1154P0012,0.00639273365170634,-0.0211084279569178,0,4929,1,580,0.00280025947446562,0.00307293921974307,-0.0183081684824522,-0.0119154348307459
TMS15F1154P0015,0.00639273365170634,-0.0173031488359766,0,4928,1,579,0.0433925537484325,0.00252464194869557,0.0260894049124559,0.0324821385641622
TMS15F1156P0003,0.00639273365170634,-0.0359722281654885,0,4926,1,578,0.0317468098393957,0.00256824502928966,-0.00422541832609272,0.00216731532561363
TMS15F1156P0006,0.00639273365170634,-0.0364802226490585,0,4924,1,577,-0.00942819333386411,0.00250842986965347,-0.0459084159829226,-0.0395156823312163
TMS15F1156P0007,0.00639273365170634,-0.0310208801240467,0,4923,1,576,0.0167716777825591,0.00263724856353287,-0.0142492023414876,-0.0078564686897813
TMS15F1156P0014,0.00639273365170634,-0.0500466107797132,0,4922,1,575,-0.0221488932230576,0.00318164167051771,-0.0721955040027708,-0.0658027703510645
TMS15F1158P0006,0.00639273365170634,-0.0270953604449404,0,4921,1,574,-0.0618273931966319,0.0032019046685683,-0.0889227536415723,-0.082530019989866
TMS15F1159P0001,0.00639273365170634,-0.0315026843816385,0,4920,1,573,0.0105259192674554,0.00314211427741026,-0.0209767651141831,-0.0145840314624767
TMS15F1159P0006,0.00639273365170634,-0.0145295897465369,0,4917,1,572,0.00117123117134956,0.00233194078453451,-0.0133583585751873,-0.00696562492348097
TMS15F1160P0005,0.00639273365170634,-0.00777235131877169,0,4916,1,571,0.0155537866294589,0.00247776364809483,0.00778143531068726,0.0141741689623936
TMS15F1160P0010,0.00639273365170634,-0.0165997419464038,0,4915,1,570,0.0119077829643553,0.00236429456438473,-0.00469195898204853,0.00170077466965782
TMS15F1162P0001,0.00639273365170634,-0.00902265074041861,0,4914,1,569,0.0139800304425384,0.00278976213681999,0.00495737970211976,0.0113501133538261
TMS15F1172P0005,0.00639273365170634,-0.00327473416529189,0,4912,1,568,-0.0491037943473266,0.00280168496358095,-0.0523785285126185,-0.0459857948609121
TMS15F1172P0010,0.00639273365170634,-0.031329498410402,0,4911,1,567,-0.0362685264364071,0.00293326777413825,-0.067598024846809,-0.0612052911951027
TMS15F1177P0004,0.00639273365170634,0.0263451088191353,0,4910,1,566,-0.0321847744094592,0.00252956976714221,-0.0058396655903239,0.000553068061382445
TMS15F1179P0001,0.00639273365170634,0.0216248047292125,0,4909,1,565,-0.00412765861721556,0.00280644643090622,0.0174971461119969,0.0238898797637032
TMS15F1179P0015,0.00639273365170634,0.0202767788636013,0,4908,1,564,-0.0251479800256864,0.00288025072229468,-0.00487120116208506,0.00152153248962128
TMS15F1179P0047,0.00639273365170634,0.0252406098528965,0,4907,1,563,-0.0420138179065267,0.00277657316205272,-0.0167732080536302,-0.0103804744019239
TMS15F1181P0009,0.00639273365170634,0.0114423268367981,0,4906,1,562,-0.0359901241456007,0.00296777864591881,-0.0245477973088025,-0.0181550636570962
TMS15F1188P0001,0.00639273365170634,-0.00920939605999798,0,4905,1,561,-0.00108010763177962,0.00286673527715859,-0.0102895036917776,-0.00389677004007126
TMS15F1190P0001,0.00639273365170634,0.0130374301413327,0,4904,1,560,0.0304816885829042,0.00278597765240794,0.0435191187242369,0.0499118523759432
TMS15F1191P0001,0.00639273365170634,-0.0407881435472944,0,4903,1,559,0.00289211405980487,0.00347600248315876,-0.0378960294874895,-0.0315032958357832
TMS15F1195P0001,0.00639273365170634,-0.00605910628286089,0,4901,1,558,-0.033234736384173,0.00258621745946089,-0.0392938426670339,-0.0329011090153275
TMS15F1195P0006,0.00639273365170634,-0.00286936995641906,0,4900,1,557,-0.049155384054118,0.00263007107547813,-0.0520247540105371,-0.0456320203588307
TMS15F1195P0009,0.00639273365170634,-0.0149694521599451,0,4899,1,556,-0.0385632448379748,0.00270468333649651,-0.0535326969979199,-0.0471399633462136
TMS15F1196P0010,0.00639273365170634,-0.00928326269076768,0,4897,1,555,-0.0288689608321369,0.00242984113879773,-0.0381522235229046,-0.0317594898711982
TMS15F1196P0012,0.00639273365170634,0.00348738460162365,0,4896,1,554,-0.0632696006766346,0.00268601144903015,-0.0597822160750109,-0.0533894824233046
TMS15F1196P0016,0.00639273365170634,-0.0195553779115329,0,4895,1,553,-0.0084902343017828,0.00287187334768529,-0.0280456122133157,-0.0216528785616094
TMS15F1197P0006,0.00639273365170634,-0.00793394803579269,0,4894,1,552,-0.0683129069071378,0.00280829506110622,-0.0762468549429305,-0.0698541212912242
TMS15F1197P0022,0.00639273365170634,-0.0189853862442117,0,4893,1,551,-0.0126378235729574,0.00364606959636217,-0.0316232098171691,-0.0252304761654628
TMS15F1199P0007,0.00639273365170634,0.0168155566254455,0,4892,1,550,-0.0597739444618385,0.00293365382301296,-0.042958387836393,-0.0365656541846867
TMS15F1201P0009,0.00639273365170634,-0.0162612949741545,0,4891,1,549,-0.0288310765085759,0.00382270011516805,-0.0450923714827304,-0.0386996378310241
TMS15F1212P0001,0.00639273365170634,-0.0189881058085226,0,4887,1,548,-0.0284032846720807,0.00293956613084838,-0.0473913904806033,-0.0409986568288969
TMS15F1213P0001,0.00639273365170634,-0.0116249011442001,0,4885,1,547,-0.027480842268631,0.00286837436660609,-0.0391057434128311,-0.0327130097611248
TMS15F1214P0002,0.00639273365170634,-0.0338776745836058,0,4884,1,546,-0.0481475186056231,0.0036958681475995,-0.0820251931892289,-0.0756324595375226
TMS15F1215P0002,0.00639273365170634,-0.0338405812462456,0,4883,1,545,-0.0288774130677441,0.00356369527422721,-0.0627179943139897,-0.0563252606622834
TMS15F1218P0001,0.00639273365170634,-0.0109073348835466,0,4882,1,544,-0.0418351273830928,0.00287012294483812,-0.0527424622666395,-0.0463497286149331
TMS15F1221P0002,0.00639273365170634,-0.0148873958435315,0,4880,1,543,-0.0379153762118942,0.00375979231925967,-0.0528027720554258,-0.0464100384037194
TMS15F1224P0005,0.00639273365170634,0.00234098291530239,0,4878,1,542,0.00120226038710079,0.00278430493980402,0.00354324330240318,0.00993597695410952
TMS15F1225P0004,0.00639273365170634,-0.0133918752252815,0,4877,1,541,-0.0338070955123626,0.00346711869692753,-0.047198970737644,-0.0408062370859377
TMS15F1228P0011,0.00639273365170634,-0.0117526990230966,0,4875,1,540,-0.0430093435218828,0.00308182276190691,-0.0547620425449794,-0.0483693088932731
TMS15F1229P0015,0.00639273365170634,-0.0153385369450982,0,4874,1,539,-0.0222953889849473,0.00309657139522124,-0.0376339259300455,-0.0312411922783391
TMS15F1230P0005,0.00639273365170634,0.0196410559386185,0,4873,1,538,-0.00995946171846246,0.00279647544940209,0.00968159422015603,0.0160743278718624
TMS15F1230P0006,0.00639273365170634,0.0239963515653012,0,4872,1,537,0.000548581285091758,0.00279236464023375,0.0245449328503929,0.0309376665020993
TMS15F1230P0021,0.00639273365170634,0.0248798626234843,0,4871,1,536,-0.00320222355593636,0.00275089067956962,0.0216776390675479,0.0280703727192543
TMS15F1234P0001,0.00639273365170634,0.00434005625449629,0,4869,1,535,0.0358715299540238,0.00253798727194716,0.0402115862085201,0.0466043198602265
TMS15F1236P0005,0.00639273365170634,0.0168397770785487,0,4867,1,534,0.00763938341755749,0.00280722693716639,0.0244791604961061,0.0308718941478125
TMS15F1236P0007,0.00639273365170634,-0.00388583960682099,0,4866,1,533,0.00852618483209447,0.00292755233786436,0.00464034522527348,0.0110330788769798
TMS15F1240P0003,0.00639273365170634,-0.0157134192274889,0,4865,1,532,-0.0243096626319598,0.00299796294897371,-0.0400230818594488,-0.0336303482077424
TMS15F1241P0005,0.00639273365170634,-0.0235898684371191,0,4864,1,531,-0.0363615840691053,0.00335655154066317,-0.0599514525062244,-0.0535587188545181
TMS15F1242P0002,0.00639273365170634,0.00975782497621652,0,4863,1,530,-0.060108166416149,0.00266037370290743,-0.0503503414399325,-0.0439576077882261
TMS15F1244P0004,0.00639273365170634,-0.0177099830890989,0,4859,1,529,-0.0201030353194413,0.00347881276066497,-0.0378130184085401,-0.0314202847568338
TMS15F1244P0005,0.00639273365170634,0.00758256817715568,0,4858,1,528,-0.023945881741378,0.00266754569843728,-0.0163633135642223,-0.00997057991251599
TMS15F1244P0010,0.00639273365170634,-0.0165334802738065,0,4857,1,527,-0.0232907920234799,0.00340212269750198,-0.0398242722972863,-0.03343153864558
TMS15F1244P0013,0.00639273365170634,-0.00207286340364783,0,4856,1,526,-0.0344392029723195,0.00273412905527794,-0.0365120663759673,-0.030119332724261
TMS15F1245P0009,0.00639273365170634,-0.0131277632758732,0,4855,1,525,-0.00884392294345267,0.00274589587696262,-0.0219716862193258,-0.0155789525676195
TMS15F1245P0018,0.00639273365170634,0.0166080546500172,0,4854,1,524,-0.0315353199610977,0.00262209110002996,-0.0149272653110804,-0.00853453165937407
TMS15F1251P0001,0.00639273365170634,0.0128529964664699,0,4852,1,523,-0.034632199549826,0.00274795579314908,-0.0217792030833561,-0.0153864694316497
TMS15F1253P0003,0.00639273365170634,0.00782223241248856,0,4851,1,522,-0.020010711931922,0.00282813654302626,-0.0121884795194334,-0.00579574586772705
TMS15F1253P0006,0.00639273365170634,0.0168098826265501,0,4850,1,521,0.0104638218767224,0.00280892491331989,0.0272737045032725,0.0336664381549788
TMS15F1254P0006,0.00639273365170634,-0.00579541455615015,0,4849,1,520,0.00700093417230669,0.00260342217868821,0.00120551961615654,0.00759825326786289
TMS15F1257P0001,0.00639273365170634,-0.021493969093473,0,4847,1,519,-0.00362197177468488,0.00384879990780971,-0.0251159408681578,-0.0187232072164515
TMS15F1257P0005,0.00639273365170634,0.016905275150492,0,4846,1,518,-0.0194248952836157,0.00280924795489835,-0.00251962013312368,0.00387311351858267
TMS15F1259P0003,0.00639273365170634,0.00893858085938588,0,4845,1,517,-0.0493560924979228,0.00272828169154962,-0.0404175116385369,-0.0340247779868306
TMS15F1259P0005,0.00639273365170634,-0.00964758183213562,0,4844,1,516,-0.0317036843441004,0.00270542688965263,-0.041351266176236,-0.0349585325245297
TMS15F1260P0001,0.00639273365170634,0.00757990881109848,0,4843,1,515,-0.0254683824883364,0.00266084711377108,-0.0178884736772379,-0.0114957400255316
TMS15F1266P0009,0.00639273365170634,-0.0185456880931083,0,4842,1,514,0.0496310208950041,0.00271213561513694,0.0310853328018958,0.0374780664536021
TMS15F1269P0004,0.00639273365170634,-0.0346865143923042,0,4841,1,513,0.0219576443583538,0.00260011505275105,-0.0127288700339504,-0.00633613638224409
TMS15F1271P0002,0.00639273365170634,-0.0454859690626603,0,4838,1,512,0.0305868959613898,0.00272053827684746,-0.0148990731012706,-0.00850633944956421
TMS15F1276P0003,0.00639273365170634,0.0116043765660321,0,4836,1,511,0.0432772884502821,0.00234933131064398,0.0548816650163141,0.0612743986680205
TMS15F1276P0004,0.00639273365170634,-0.0060173552698051,0,4835,1,510,0.0159610450472816,0.00255314013222602,0.00994368977747651,0.0163364234291828
TMS15F1279P0001,0.00639273365170634,-0.0192488214727766,0,4834,1,509,0.0611602017457251,0.0025483811238646,0.0419113802729485,0.0483041139246548
TMS15F1279P0006,0.00639273365170634,-0.0165741036399057,0,4833,1,508,0.0306748835199207,0.00251561260967122,0.0141007798800149,0.0204935135317213
TMS15F1284P0001,0.00639273365170634,-0.00722491171531757,0,4831,1,507,0.0379994089286044,0.00263632297584289,0.0307744972132869,0.0371672308649932
TMS15F1286P0011,0.00639273365170634,-0.0260385568376256,0,4829,1,506,0.0367617042296208,0.00263668120858317,0.0107231473919952,0.0171158810437015
TMS15F1288P0002,0.00639273365170634,-0.0262990574703714,0,4827,1,505,0.0866780664402869,0.00277141829205885,0.0603790089699155,0.0667717426216219
TMS15F1290P0005,0.00639273365170634,-0.0163425518227701,0,4826,1,504,0.00425780813703135,0.00294310477583007,-0.0120847436857388,-0.00569201003403246
TMS15F1290P0009,0.00639273365170634,-0.0245364894099532,0,4825,1,503,-0.00747195583637771,0.00267510866559951,-0.0320084452463309,-0.0256157115946246
TMS15F1294P0001,0.00639273365170634,-0.0416940937328973,0,4823,1,502,0.0109480825855762,0.00261267651080022,-0.0307460111473211,-0.0243532774956148
TMS15F1295P0001,0.00639273365170634,-0.0292318664787038,0,4822,1,501,0.011323189237465,0.00257125684400994,-0.0179086772412387,-0.0115159435895324
TMS15F1295P0004,0.00639273365170634,-0.0328305402549666,0,4821,1,500,0.0167328200543925,0.0026110133013967,-0.0160977202005741,-0.00970498654886777
TMS15F1295P0009,0.00639273365170634,-0.0509973614183284,0,4820,1,499,0.0214609647930708,0.00274899783939914,-0.0295363966252577,-0.0231436629735513
TMS15F1295P0017,0.00639273365170634,-0.0299990940289189,0,4819,1,498,0.032557071595443,0.00264047959138103,0.00255797756652412,0.00895071121823046
TMS15F1296P0003,0.00639273365170634,-0.0332156493529162,0,4818,1,497,0.0211438171455999,0.00272170231088728,-0.0120718322073163,-0.00567909855560996
TMS15F1298P0001,0.00639273365170634,-0.0373015282642541,0,4817,1,496,0.045511698938242,0.00264595962986611,0.00821017067398784,0.0146029043256942
TMS15F1298P0003,0.00639273365170634,-0.0473910219702992,0,4816,1,495,0.0331349284053454,0.00276362602055916,-0.0142560935649538,-0.00786335991324745
TMS15F1300P0002,0.00639273365170634,-0.0326847216368557,0,4815,1,494,0.0114423685588877,0.00251238254934721,-0.0212423530779679,-0.0148496194262616
TMS15F1301P0002,0.00639273365170634,-0.0230890653346302,0,4814,1,493,0.00463113098313386,0.00273629698819179,-0.0184579343514963,-0.01206520069979
TMS15F1302P0018,0.00639273365170634,-0.0319788303429014,0,4813,1,492,-0.0163127189922096,0.00262829802399318,-0.048291549335111,-0.0418988156834046
TMS15F1302P0020,0.00639273365170634,-0.0356508317848768,0,4812,1,491,0.0105904442972021,0.00258359217101781,-0.0250603874876747,-0.0186676538359683
TMS15F1302P0027,0.00639273365170634,-0.0413760905393618,0,4811,1,490,-0.0136864373163699,0.00274587142189083,-0.0550625278557317,-0.0486697942040254
TMS15F1303P0005,0.00639273365170634,-0.000997143434838666,0,4810,1,489,0.0390794211630608,0.00274755394011932,0.0380822777282221,0.0444750113799284
TMS15F1305P0002,0.00639273365170634,-0.0418003308772745,0,4808,1,488,0.00148886390230277,0.00260520538493877,-0.0403114669749717,-0.0339187333232654
TMS15F1305P0012,0.00639273365170634,-0.0334336117443103,0,4806,1,487,0.0196041279302698,0.00253979595239652,-0.0138294838140404,-0.00743675016233408
TMS15F1305P0013,0.00639273365170634,-0.0414157287141445,0,4805,1,486,0.0188809144634332,0.00260900572303797,-0.0225348142507112,-0.0161420805990049
TMS15F1305P0021,0.00639273365170634,-0.0462426451578907,0,4803,1,485,0.0214300847332308,0.00261544883922346,-0.0248125604246599,-0.0184198267729536
TMS15F1307P0003,0.00639273365170634,-0.0374463934895006,0,4801,1,484,-0.00271217507248023,0.00273761160438295,-0.0401585685619808,-0.0337658349102745
TMS15F1310P0008,0.00639273365170634,-0.0440867718432404,0,4799,1,483,0.0434339731351083,0.00264286089825592,-0.000652798708132056,0.00573993494357429
TMS15F1310P0019,0.00639273365170634,-0.037856865003445,0,4797,1,482,0.0235695670410544,0.00251472665654319,-0.0142872979623906,-0.00789456431068422
TMS15F1310P0021,0.00639273365170634,-0.0171325191417346,0,4795,1,481,0.000491377342202717,0.00279876549657171,-0.0166411417995319,-0.0102484081478255
TMS15F1310P0023,0.00639273365170634,-0.0280130823874037,0,4794,1,480,0.0259291750956766,0.00262065366786427,-0.00208390729172707,0.00430882635997927
TMS15F1312P0001,0.00639273365170634,-0.0112942129841927,0,4793,1,479,-0.00271243493755729,0.00271216754821773,-0.01400664792175,-0.00761391427004369
TMS15F1313P0002,0.00639273365170634,-0.040867078146856,0,4792,1,478,0.00210266499999763,0.00270299332697182,-0.0387644131468584,-0.032371679495152
TMS15F1315P0002,0.00639273365170634,-0.0134021115069928,0,4790,1,477,-0.0414529164580047,0.00250337855790448,-0.0548550279649975,-0.0484622943132911
TMS15F1316P0001,0.00639273365170634,-0.032907773019906,0,4789,1,476,-0.0229699256274914,0.00266046523847308,-0.0558776986473974,-0.049484964995691
TMS15F1316P0009,0.00639273365170634,-0.0503740536250807,0,4788,1,475,-0.0264919828679071,0.0027719254668239,-0.0768660364929877,-0.0704733028412814
TMS15F1316P0014,0.00639273365170634,-0.0425534526812463,0,4787,1,474,-0.0475510734444677,0.00290628986361276,-0.090104526125714,-0.0837117924740076
TMS15F1317P0002,0.00639273365170634,-0.0358921548907292,0,4786,1,473,-0.0219767788516631,0.00293238846501259,-0.0578689337423922,-0.0514762000906859
TMS15F1317P0003,0.00639273365170634,-0.0271676683781326,0,4785,1,472,-0.0469528167554548,0.00270976971236888,-0.0741204851335873,-0.067727751481881
TMS15F1318P0007,0.00639273365170634,-0.050978926280422,0,4782,1,471,-0.0198156009939689,0.00300536812060227,-0.0707945272743909,-0.0644017936226845
TMS15F1318P0019,0.00639273365170634,-0.0487386831074256,0,4780,1,470,-0.00468095573522997,0.00283599470962057,-0.0534196388426556,-0.0470269051909492
TMS15F1319P0001,0.00639273365170634,0.0241643718367177,0,4777,1,469,0.0395801616110142,0.00259410664809552,0.0637445334477318,0.0701372670994382
TMS15F1321P0001,0.00639273365170634,-0.0214921330797725,0,4776,1,468,-0.00571901569296211,0.00279322371025389,-0.0272111487727346,-0.0208184151210283
TMS15F1323P0004,0.00639273365170634,0.0184058147449417,0,4774,1,467,-0.0227474727613687,0.00276659406756014,-0.00434165801642705,0.00205107563527929
TMS15F1324P0004,0.00639273365170634,-0.00476091302878435,0,4772,1,466,-0.00541174399357388,0.00274731479660238,-0.0101726570223582,-0.00377992337065189
TMS15F1324P0008,0.00639273365170634,0.013951740126455,0,4771,1,465,0.0116391775985093,0.00270288765508759,0.0255909177249643,0.0319836513766706
TMS15F1326P0004,0.00639273365170634,-0.0187091507534667,0,4770,1,464,0.0382935970627838,0.0031515061824073,0.0195844463093171,0.0259771799610234
TMS15F1328P0001,0.00639273365170634,-0.00732775946477032,0,4768,1,463,0.0361634536207766,0.00267470508993618,0.0288356941560062,0.0352284278077126
TMS15F1329P0005,0.00639273365170634,-0.020601757767728,0,4767,1,462,0.0703745969751256,0.00237912232402131,0.0497728392073976,0.0561655728591039
TMS15F1331P0003,0.00639273365170634,-0.0256542008825078,0,4766,1,461,0.0126751773478696,0.00285718778731212,-0.0129790235346382,-0.0065862898829319
TMS15F1334P0004,0.00639273365170634,-0.0170329035800924,0,4764,1,460,0.0188638075154997,0.00277775263841296,0.00183090393540725,0.00822363758711359
TMS15F1335P0001,0.00639273365170634,-0.0231857632591693,0,4763,1,459,0.0705453308766637,0.00278807852453126,0.0473595676174944,0.0537523012692008
TMS15F1336P0002,0.00639273365170634,0.0141428492011104,0,4762,1,458,-0.0223917009410424,0.00267352699934584,-0.0082488517399321,-0.00185611808822575
TMS15F1344P0008,0.00639273365170634,-0.0390653544354577,0,4759,1,457,-0.0207943377244777,0.00281855648712206,-0.0598596921599354,-0.0534669585082291
TMS15F1344P0010,0.00639273365170634,-0.0371536278137845,0,4758,1,456,-0.0318514943066052,0.00274643078060068,-0.0690051221203897,-0.0626123884686834
TMS15F1345P0002,0.00639273365170634,-0.00916627844403608,0,4757,1,455,-0.044703203609074,0.00276482938251508,-0.0538694820531101,-0.0474767484014038
TMS15F1349P0001,0.00639273365170634,0.0344579178254831,0,4756,1,454,-0.00553806539713641,0.00266876538349625,0.0289198524283467,0.035312586080053
TMS15F1351P0003,0.00639273365170634,-0.0223976460287292,0,4754,1,453,0.0491620288360403,0.00231449600905414,0.0267643828073111,0.0331571164590174
TMS15F1352P0002,0.00639273365170634,0.012683084904005,0,4751,1,452,0.00532861218121966,0.00255734840367891,0.0180116970852247,0.024404430736931
TMS15F1354P0001,0.00639273365170634,0.010196054597135,0,4750,1,451,-0.0528334838522082,0.00294086599708613,-0.0426374292550733,-0.0362446956033669
TMS15F1356P0003,0.00639273365170634,-0.0158957038823797,0,4749,1,450,-0.0182619020019607,0.00305692505412754,-0.0341576058843404,-0.0277648722326341
TMS15F1357P0001,0.00639273365170634,-0.0275011001095181,0,4748,1,449,0.0187473983457474,0.00339327940526704,-0.00875370176377067,-0.00236096811206432
TMS15F1364P0004,0.00639273365170634,-0.0168389206085888,0,4747,1,448,0.0102874534126226,0.00272758128891322,-0.00655146719596624,-0.000158733544259899
TMS15F1365P0003,0.00639273365170634,3.55983714439771e-05,0,4746,1,447,0.00195103946104189,0.00291272142013702,0.00198663783248587,0.00837937148419221
TMS15F1367P0001,0.00639273365170634,0.0116492859188672,0,4744,1,446,0.0305808961815202,0.00236041804610875,0.0422301821003874,0.0486229157520938
TMS15F1368P0002,0.00639273365170634,0.0110076764954186,0,4743,1,445,-0.00994802887266396,0.00266828732004877,0.00105964762275468,0.00745238127446102
TMS15F1370P0002,0.00639273365170634,-0.00936356603498698,0,4741,1,444,0.00622009570069343,0.00314607288358144,-0.00314347033429354,0.0032492633174128
TMS15F1370P0004,0.00639273365170634,-0.034066212046919,0,4740,1,443,-0.0754928708862387,0.00322867644739712,-0.109559082933158,-0.103166349281451
TMS15F1370P0007,0.00639273365170634,-0.0156270576769001,0,4739,1,442,-0.0397449751943458,0.00273686710005475,-0.0553720328712458,-0.0489792992195395
TMS15F1371P0002,0.00639273365170634,-0.0149849996206726,0,4738,1,441,-0.00571388784584088,0.00284374061526477,-0.0206988874665135,-0.0143061538148072
TMS15F1374P0004,0.00639273365170634,-0.0199197152484871,0,4737,1,440,-0.000189634985943648,0.00271581116527137,-0.0201093502344307,-0.0137166165827244
TMS15F1378P0006,0.00639273365170634,-0.0328023120324708,0,4735,1,439,-0.00377858164891039,0.00291453563681875,-0.0365808936813812,-0.0301881600296749
TMS15F1379P0004,0.00639273365170634,-0.0202635661714972,0,4734,1,438,-0.0373007232405441,0.00374460285852602,-0.0575642894120413,-0.0511715557603349
TMS15F1380P0002,0.00639273365170634,0.017895400573115,0,4733,1,437,0.0147862265649843,0.00287660533563043,0.0326816271380993,0.0390743607898056
TMS15F1381P0007,0.00639273365170634,-0.0280012276866363,0,4732,1,436,-0.00101489945687135,0.00318324854444257,-0.0290161271435077,-0.0226233934918013
TMS15F1381P0010,0.00639273365170634,-0.0168676459895005,0,4731,1,435,0.0120707807207749,0.0027377954954753,-0.00479686526872564,0.00159586838298071
TMS15F1386P0002,0.00639273365170634,-0.0140744996905135,0,4730,1,434,0.0424206591785662,0.00276307843820147,0.0283461594880527,0.0347388931397591
TMS15F1390P0003,0.00639273365170634,0.0201223618318506,0,4729,1,433,-0.0570066537647778,0.00272792320778795,-0.0368842919329272,-0.0304915582812208
TMS15F1390P0007,0.00639273365170634,0.00867163954350254,0,4728,1,432,-0.0524840534790368,0.00259990865497015,-0.0438124139355342,-0.0374196802838279
TMS15F1392P0001,0.00639273365170634,-0.0281138018502853,0,4726,1,431,-0.0230190873241962,0.00271911550100367,-0.0511328891744815,-0.0447401555227751
TMS15F1392P0002,0.00639273365170634,-0.0258444663372492,0,4725,1,430,-0.0567631231197637,0.00368347710629856,-0.0826075894570129,-0.0762148558053066
TMS15F1393P0002,0.00639273365170634,-0.00262742971408997,0,4724,1,429,-0.0484446181040458,0.00266361848678187,-0.0510720478181358,-0.0446793141664294
TMS15F1393P0007,0.00639273365170634,-0.0418277402212016,0,4722,1,428,-0.0302527823777088,0.00353562875230677,-0.0720805225989103,-0.065687788947204
TMS15F1394P0007,0.00639273365170634,-0.0105648766805703,0,4721,1,427,-0.0160533200334228,0.00280267746560702,-0.0266181967139931,-0.0202254630622867
TMS15F1394P0012,0.00639273365170634,-0.0239073008414711,0,4720,1,426,-0.0410058917217042,0.00285527146764199,-0.0649131925631753,-0.0585204589114689
TMS15F1396P0001,0.00639273365170634,0.00583557112638603,0,4719,1,425,-0.0272459944830043,0.00331467126270787,-0.0214104233566183,-0.0150176897049119
TMS15F1396P0004,0.00639273365170634,-0.00234930057538702,0,4718,1,424,-0.0159246942162173,0.00376841181065275,-0.0182739947916043,-0.0118812611398979
TMS15F1398P0008,0.00639273365170634,-0.000781475438757066,0,4716,1,423,-0.00704794994026188,0.0024193964092951,-0.00782942537901894,-0.0014366917273126
TMS15F1400P0002,0.00639273365170634,0.00477678388513357,0,4714,1,422,-0.0159620499012236,0.00289085239296085,-0.01118526601609,-0.00479253236438366
TMS15F1400P0015,0.00639273365170634,0.00516244999685584,0,4713,1,421,-0.0514329054921667,0.00275771296901181,-0.0462704554953109,-0.0398777218436045
TMS15F1400P0021,0.00639273365170634,-0.00465199602688231,0,4712,1,420,-0.055906656540549,0.00361184822221492,-0.0605586525674313,-0.054165918915725
TMS15F1401P0002,0.00639273365170634,-0.0454781368789798,0,4710,1,419,-0.0204888640712633,0.00351272194231633,-0.0659670009502431,-0.0595742672985368
TMS15F1403P0005,0.00639273365170634,0.00944129156004789,0,4709,1,418,0.0288936606219106,0.00264265959273657,0.0383349521819585,0.0447276858336648
TMS15F1403P0010,0.00639273365170634,-0.0107016904279388,0,4707,1,417,0.0436069186417754,0.0027365236130148,0.0329052282138367,0.039297961865543
TMS15F1403P0018,0.00639273365170634,-0.0333372070830346,0,4705,1,416,0.0420767937348658,0.00280589562127141,0.00873958665183125,0.0151323203035376
TMS15F1403P0019,0.00639273365170634,-0.007128664194169,0,4704,1,415,0.0460245358512607,0.00283415875864202,0.0388958716570917,0.045288605308798
TMS15F1404P0007,0.00639273365170634,-0.00130175693763691,0,4703,1,414,-0.0108479399698722,0.0027473551745968,-0.0121496969075091,-0.00575696325580275
TMS15F1420P0011,0.00639273365170634,-0.00620614312634638,0,4699,1,413,-0.00655418606317233,0.0027708840838821,-0.0127603291895187,-0.00636759553781236
TMS15F1424P0002,0.00639273365170634,0.00162220132416843,0,4698,1,412,0.0366324773832485,0.00253699325869042,0.0382546787074169,0.0446474123591233
TMS15F1424P0004,0.00639273365170634,-0.0235438748875159,0,4697,1,411,0.0318340229909508,0.00366641071068823,0.00829014810343493,0.0146828817551413
TMS15F1424P0015,0.00639273365170634,0.0048680344425639,0,4696,1,410,0.033803708893752,0.00272983067145803,0.0386717433363159,0.0450644769880222
TMS15F1425P0005,0.00639273365170634,-0.000245300963251871,0,4695,1,409,0.0359291168091722,0.00381553781530192,0.0356838158459204,0.0420765494976267
TMS15F1427P0003,0.00639273365170634,-0.0137224689774842,0,4694,1,408,-0.0196448415851691,0.0029648174467983,-0.0333673105626533,-0.0269745769109469
TMS15F1429P0002,0.00639273365170634,-0.0102758523541151,0,4693,1,407,0.0413256841324811,0.00272816028533639,0.031049831778366,0.0374425654300724
TMS15F1440P0003,0.00639273365170634,0.0100063066772216,0,4690,1,406,-0.0608653256259023,0.00287557946714715,-0.0508590189486807,-0.0444662852969743
TMS15F1442P0004,0.00639273365170634,-0.0053062931195721,0,4689,1,405,-0.0237836575052166,0.00269826510382552,-0.0290899506247887,-0.0226972169730823
TMS15F1452P0005,0.00639273365170634,0.0142790696501439,0,4685,1,404,0.017050068299929,0.00280779081799967,0.0313291379500729,0.0377218716017793
TMS15F1474P0007,0.00639273365170634,0.00533605582606391,0,5275,1,784,0.036066936419975,0.00304085322810777,0.0414029922460389,0.0477957258977453
TMS15F1475P0011,0.00639273365170634,0.026428097768525,0,5126,1,719,-0.0288734462234897,0.00270537201115116,-0.00244534845496467,0.00394738519674167
TMS17F1028P0001,0.00639273365170634,0.00911247777513655,0,5340,1,845,0.0554059841066743,0.00290861239255882,0.0645184618818108,0.0709111955335172
TMS17F1034P0003,0.00639273365170634,-0.0148690525102125,0,5359,1,864,0.030746632936411,0.00279857667947907,0.0158775804261985,0.0222703140779049
TMS17F1055P0019,0.00639273365170634,-0.0394496572519193,0,5352,1,857,0.0393381747217822,0.00290714393985799,-0.000111482530137055,0.00628125112156929
TMS17F1061P0067,0.00639273365170634,0.0103281599346352,0,5355,1,860,0.0166053332425501,0.00285860505320569,0.0269334931771854,0.0333262268288917
TMS17F1071P0008,0.00639273365170634,-0.0189413642119805,0,5334,1,839,-0.0146333526700461,0.00296569302496186,-0.0335747168820266,-0.0271819832303203
TMS17F1194P0005,0.00639273365170634,-0.00286734871196789,0,5332,1,837,-0.0200592831269832,0.00278414345274483,-0.0229266318389511,-0.0165338981872448
TMS17F1283P0010,0.00639273365170634,-0.0345204414105658,0,5360,1,865,0.0261634482763709,0.0030080800856963,-0.00835699313419489,-0.00196425948248855
TMS17F1308P0012,0.00639273365170634,-0.0435442017877467,0,5363,1,868,0.00441190824887767,0.0035195851283266,-0.039132293538869,-0.0327395598871626
TMS17F1322P0001,0.00639273365170634,-0.0202628583399722,0,5333,1,838,0.0250406495009137,0.00327042979103143,0.00477779116094147,0.0111705248126478
TMS17F1362P0002,0.00639273365170634,0.0407275510638377,0,5349,1,854,0.0276816779614585,0.00295643490711993,0.0684092290252962,0.0748019626770026
TMS17F1362P0015,0.00639273365170634,0.00965750284050674,0,5358,1,863,0.0043919943393763,0.00275138734462749,0.014049497179883,0.0204422308315894
TMS17F1363P0001,0.00639273365170634,0.015407437394979,0,5353,1,858,0.018902192559829,0.00287836184553908,0.034309629954808,0.0407023636065143
TMS17F1364P0003,0.00639273365170634,0.0344965867270419,0,5339,1,844,0.0419746641455359,0.00298628275296578,0.0764712508725779,0.0828639845242842
TMS17F1366P0037,0.00639273365170634,0.00260254220102527,0,5330,1,835,0.00980921106865483,0.00297955584735448,0.0124117532696801,0.0188044869213864
TMS17F1375P0052,0.00639273365170634,-0.0277230154937897,0,5348,1,853,-0.0289073659485268,0.00286083241495169,-0.0566303814423166,-0.0502376477906102
TMS17F1377P0009,0.00639273365170634,-0.0129096429383603,0,5362,1,867,-0.0139769459839727,0.00287849411079585,-0.026886588922333,-0.0204938552706267
TMS17F1386P0069,0.00639273365170634,-0.0023665890589605,0,5329,1,834,-0.0106662579574185,0.00281175083193751,-0.013032847016379,-0.00664011336467261
TMS17F1387P0008,0.00639273365170634,0.000947564288873926,0,5361,1,866,0.0451847482610196,0.00279170152638748,0.0461323125498936,0.0525250462015999
TMS17F1388P0034,0.00639273365170634,0.0301383997868296,0,5346,1,851,-0.0115925567444554,0.00283847556193146,0.0185458430423742,0.0249385766940806
TMS17F1395P0019,0.00639273365170634,0.00700991384950302,0,5351,1,856,0.0249597700216213,0.00299076043766809,0.0319696838711243,0.0383624175228306
TMS17F1409P0014,0.00639273365170634,-0.00978851490216074,0,5336,1,841,0.0131425020695049,0.00291198229111644,0.00335398716734414,0.00974672081905048
TMS17F1411P0006,0.00639273365170634,-0.00433931987950696,0,5341,1,846,-0.0109987986332089,0.00288405353955414,-0.0153381185127159,-0.00894538486100952
TMS17F1411P0063,0.00639273365170634,-0.0180829622764344,0,5364,1,869,-0.0265943499212183,0.0027273442753424,-0.0446773121976527,-0.0382845785459463
TMS17F1413P0007,0.00639273365170634,0.0024260684427076,0,5342,1,847,-0.0147118748335724,0.0028694961204996,-0.0122858063908648,-0.00589307273915848
TMS17F1416P0007,0.00639273365170634,-0.0206776064879177,0,5337,1,842,-0.0240270514160951,0.00292903373773131,-0.0447046579040129,-0.0383119242523065
TMS17F1416P0013,0.00639273365170634,-0.00398030118451067,0,5331,1,836,0.0183707039984427,0.00286920079789734,0.014390402813932,0.0207831364656383
TMS17F1419P0077,0.00639273365170634,0.0107004508561522,0,5350,1,855,-0.00512659957658985,0.00287608731399517,0.00557385127956234,0.0119665849312687
TMS17F1420P0003,0.00639273365170634,-0.0279813268073484,0,5328,1,833,0.0275493467942903,0.00299465459666364,-0.000431980013058168,0.00596075363864818
TMS17F1439P0047,0.00639273365170634,0.00444107405600321,0,5327,1,832,0.0147902632276632,0.00287014044448421,0.0192313372836664,0.0256240709353728
TMS17F1439P0095,0.00639273365170634,0.0222437412247822,0,5335,1,840,0.00213214620923655,0.00279995361662833,0.0243758874340187,0.0307686210857251
TMS17F1454P0036,0.00639273365170634,0.0202030759808638,0,5343,1,848,0.00974672500297207,0.00302525626050232,0.0299498009838359,0.0363425346355422
TMS17F1467P0005,0.00639273365170634,0.0233415012133955,0,5356,1,861,0.0311815207372334,0.00300179596956903,0.0545230219506289,0.0609157556023352
TMS17F1477P0001,0.00639273365170634,0.0202101961682461,0,5338,1,843,0.0185636843977318,0.0029400146033882,0.0387738805659779,0.0451666142176842
TMS17F1477P0045,0.00639273365170634,0.0040725887084161,0,5357,1,862,0.00269908648194251,0.00301306102652643,0.00677167519035861,0.0131644088420649
TMS17F1482P0027,0.00639273365170634,0.0202122640958641,0,5344,1,849,0.000422160443213702,0.00291052931862451,0.0206344245390778,0.0270271581907842
TMS17F1533P0001,0.00639273365170634,-0.00527461447824629,0,5354,1,859,0.016339763217788,0.00299637814726568,0.0110651487395417,0.0174578823912481
TMS17F1566P0010,0.00639273365170634,0.0194857362618129,0,5347,1,852,0.0232790369703752,0.00286698504519704,0.042764773232188,0.0491575068838944
TMS18F1001P0014,0.00639273365170634,-0.00693067147255177,0,5010,1,631,-0.027641720558213,0.0027482430825658,-0.0345723920307648,-0.0281796583790584
TMS18F1001P0020,0.00639273365170634,-0.00980459130462549,0,5024,1,645,-0.0134357083122813,0.00264183947783627,-0.0232402996169068,-0.0168475659652005
TMS18F1002P0005,0.00639273365170634,-0.0324234967848716,0,5213,1,757,-0.00022545176181152,0.00261994073268973,-0.0326489485466831,-0.0262562148949767
TMS18F1002P0021,0.00639273365170634,-0.0177776334871663,0,5222,1,761,0.0357075934094266,0.00268261002423511,0.0179299599222603,0.0243226935739667
TMS18F1003P0003,0.00639273365170634,-0.0528980070810032,0,5314,1,819,0.0215743524357511,0.00287240057696907,-0.0313236546452521,-0.0249309209935458
TMS18F1003P0009,0.00639273365170634,0.00885908266379382,0,5307,1,812,0.00292526818119931,0.0029121060318879,0.0117843508449931,0.0181770844966995
TMS18F1003P0010,0.00639273365170634,-0.0194656721981813,0,5268,1,778,0.00311609439319676,0.00277765870648105,-0.0163495778049846,-0.00995684415327824
TMS18F1003P0014,0.00639273365170634,0.00159359553155278,0,5036,1,651,0.0536063354114933,0.00259857780016875,0.0551999309430461,0.0615926645947524
TMS18F1004P0008,0.00639273365170634,-0.00973819164055054,0,5280,1,785,-0.00242429709658296,0.00269928305333863,-0.0121624887371335,-0.00576975508542716
TMS18F1004P0010,0.00639273365170634,-0.0222118558557408,0,5148,1,735,0.0314532281964675,0.00284437404376565,0.0092413723407267,0.015634105992433
TMS18F1005P0023,0.00639273365170634,-0.0148039818250344,0,5022,1,643,0.0325766680702656,0.00273800291765261,0.0177726862452312,0.0241654198969375
TMS18F1006P0009,0.00639273365170634,-0.000736745728716849,0,5208,1,754,0.0162967022065025,0.00279852028831496,0.0155599564777856,0.021952690129492
TMS18F1007P0004,0.00639273365170634,-0.0434566995008428,0,5287,1,792,0.0187217049874658,0.00303054195851447,-0.024734994513377,-0.0183422608616707
TMS18F1007P0005,0.00639273365170634,-0.015466437719321,0,5301,1,806,-0.00983899107968359,0.00274936927820534,-0.0253054287990046,-0.0189126951472982
TMS18F1008P0012,0.00639273365170634,-0.0114859758049981,0,5128,1,720,0.042122290892054,0.00274621274040033,0.0306363150870559,0.0370290487387622
TMS18F1009P0028,0.00639273365170634,-0.0315331289592109,0,5214,1,758,0.0200520919901817,0.00276248923206703,-0.0114810369690292,-0.00508830331732284
TMS18F1010P0005,0.00639273365170634,-0.030229843311074,0,5155,1,738,0.0234343730074398,0.00274655164790793,-0.00679547030363426,-0.000402736651927922
TMS18F1010P0011,0.00639273365170634,-0.0301492536085085,0,5008,1,629,0.028467106142963,0.00270353620171268,-0.0016821474655455,0.00471058618616084
TMS18F1010P0027,0.00639273365170634,-0.0313600204321601,0,5095,1,695,0.0519510110487543,0.00266428784717405,0.0205909906165942,0.0269837242683006
TMS18F1010P0030,0.00639273365170634,-0.0366540979256584,0,5106,1,704,0.0269288923706833,0.002829627237323,-0.00972520555497509,-0.00333247190326875
TMS18F1015P0015,0.00639273365170634,-0.00420685670034844,0,5216,1,759,0.0149453160604311,0.00258289480349253,0.0107384593600826,0.017131193011789
TMS18F1016P0010,0.00639273365170634,-0.0190758480532636,0,5011,1,632,0.0390947259272163,0.00264223605988494,0.0200188778739527,0.026411611525659
TMS18F1018P0001,0.00639273365170634,0.0218078521364286,0,5017,1,638,-0.0101128261705526,0.00267749975418708,0.011695025965876,0.0180877596175823
TMS18F1019P0018,0.00639273365170634,-0.0152951899867935,0,5292,1,797,0.0152848989374528,0.00270341881761983,-1.02910493407077e-05,0.00638244260236564
TMS18F1020P0026,0.00639273365170634,-0.0208465638412428,0,5261,1,773,0.0663781407091158,0.00319170274344441,0.045531576867873,0.0519243105195793
TMS18F1020P0027,0.00639273365170634,-0.0261475585330241,0,5006,1,627,0.0609063183109263,0.00316226522966144,0.0347587597779022,0.0411514934296085
TMS18F1020P0033,0.00639273365170634,-0.0268290846938343,0,5262,1,774,0.0577512367959925,0.00362573969968072,0.0309221521021582,0.0373148857538645
TMS18F1024P0020,0.00639273365170634,0.000655653248955122,0,5272,1,782,-0.0163187063784145,0.00278660645249629,-0.0156630531294594,-0.00927031947775302
TMS18F1025P0024,0.00639273365170634,-0.0120071598464536,0,5125,1,718,0.029608065660563,0.00267889563005444,0.0176009058141095,0.0239936394658158
TMS18F1025P0029,0.00639273365170634,-0.0280061612059622,0,5121,1,715,0.0115221672052026,0.00344530708077795,-0.0164839940007596,-0.0100912603490533
TMS18F1025P0038,0.00639273365170634,0.00241357276190931,0,5081,1,683,0.0291341360169788,0.00266459114896513,0.0315477087788881,0.0379404424305945
TMS18F1025P0041,0.00639273365170634,-0.0201234740642638,0,5079,1,681,-0.0267499243736851,0.00362323834777692,-0.0468733984379489,-0.0404806647862425
TMS18F1026P0009,0.00639273365170634,-0.0111290594816729,0,5019,1,640,-0.015128450730861,0.00357542749171986,-0.0262575102125339,-0.0198647765608276
TMS18F1026P0014,0.00639273365170634,-0.00533783890495983,0,5180,1,747,-0.0205493964906455,0.00268981651606889,-0.0258872353956053,-0.019494501743899
TMS18F1028P0003,0.00639273365170634,0.0185489546300976,0,5286,1,791,-0.0096348965453234,0.00283397238171504,0.00891405808477418,0.0153067917364805
TMS18F1028P0030,0.00639273365170634,-0.02571963748509,0,5305,1,810,0.0494446346338426,0.00327637871149697,0.0237249971487527,0.030117730800459
TMS18F1028P0033,0.00639273365170634,-0.0514188963283657,0,5083,1,685,0.0450885504073636,0.00394975374222184,-0.00633034592100214,6.23877307041956e-05
TMS18F1033P0018,0.00639273365170634,-0.0158320044191422,0,5202,1,753,0.0488969204513173,0.00276041566229249,0.0330649160321751,0.0394576496838814
TMS18F1035P0011,0.00639273365170634,-0.0205867349386399,0,5345,1,850,0.0351014104705887,0.00286634135388321,0.0145146755319488,0.0209074091836551
TMS18F1037P0025,0.00639273365170634,-0.0251392652170888,0,5097,1,696,0.024706858475914,0.0028423586105242,-0.000432406741174798,0.00596032691053154
TMS18F1037P0037,0.00639273365170634,-0.00454349054638235,0,5084,1,686,0.0257263245478044,0.00268275391939977,0.0211828340014221,0.0275755676531284
TMS18F1038P0010,0.00639273365170634,-0.0408795454227207,0,5322,1,827,-0.03198059435323,0.00265358398538597,-0.0728601397759508,-0.0664674061242444
TMS18F1038P0056,0.00639273365170634,-0.0562566687392907,0,5297,1,802,-0.0173383909102975,0.0027710606308075,-0.0735950596495882,-0.0672023259978818
TMS18F1038P0078,0.00639273365170634,-0.0144472642127422,0,5108,1,705,0.025279010709824,0.0025678505216502,0.0108317464970818,0.0172244801487881
TMS18F1038P0087,0.00639273365170634,-0.0362811222984849,0,5075,1,677,0.0174408972889347,0.00295238008864077,-0.0188402250095502,-0.0124474913578439
TMS18F1040P0005,0.00639273365170634,-0.0193550143094822,0,5266,1,776,0.0324041471699801,0.00249243677925647,0.013049132860498,0.0194418665122043
TMS18F1040P0032,0.00639273365170634,-0.0195459322400588,0,5014,1,635,0.0138970856269787,0.00265069798249593,-0.00564884661308006,0.000743887038626281
TMS18F1040P0044,0.00639273365170634,-0.0182575979234015,0,5318,1,823,0.00944741022894816,0.00269875306678774,-0.00881018769445334,-0.00241745404274699
TMS18F1040P0047,0.00639273365170634,-0.0207205781823313,0,5101,1,699,0.021671186355769,0.00270285422098039,0.000950608173437732,0.00734334182514407
TMS18F1040P0052,0.00639273365170634,-0.030736424030831,0,5103,1,701,0.0271933446434271,0.00270455340694897,-0.00354307938740395,0.0028496542643024
TMS18F1040P0054,0.00639273365170634,-0.0274835631050743,0,5055,1,659,-0.0306670721077363,0.0027156126548985,-0.0581506352128107,-0.0517579015611043
TMS18F1040P0063,0.00639273365170634,-0.0103870075847163,0,5070,1,672,0.0231258893095405,0.00251296611016325,0.0127388817248242,0.0191316153765306
TMS18F1040P0064,0.00639273365170634,-0.0121206440754132,0,5110,1,707,0.0105031349211386,0.00259749208177526,-0.00161750915427465,0.00477522449743169
TMS18F1040P0067,0.00639273365170634,-0.0385589656692129,0,5066,1,669,-0.00586448804441288,0.00267724571515874,-0.0444234537136257,-0.0380307200619194
TMS18F1040P0069,0.00639273365170634,-0.0584627022083921,0,5111,1,708,0.0243888242952316,0.00390363083485707,-0.0340738779131605,-0.0276811442614541
TMS18F1041P0002,0.00639273365170634,0.0152974275001628,0,5306,1,811,0.0112168317874008,0.00265275277963969,0.0265142592875636,0.0329069929392699
TMS18F1041P0005,0.00639273365170634,-0.0121639384766641,0,5020,1,641,0.0755604721476867,0.00268781006273183,0.0633965336710226,0.069789267322729
TMS18F1042P0009,0.00639273365170634,-0.0142332901352693,0,5029,1,647,0.0730853018873754,0.00315229749520829,0.0588520117521062,0.0652447454038125
TMS18F1044P0013,0.00639273365170634,-0.042998013503896,0,5273,1,783,-0.0176325551415932,0.00271910921855665,-0.0606305686454892,-0.0542378349937829
TMS18F1046P0001,0.00639273365170634,-0.0381702670561856,0,5196,1,751,0.0705082080479759,0.00379300950304885,0.0323379409917903,0.0387306746434967
TMS18F1047P0012,0.00639273365170634,-0.0254150091454522,0,5269,1,779,0.00874334543613916,0.00268574755122442,-0.0166716637093131,-0.0102789300576067
TMS18F1047P0024,0.00639273365170634,0.00329325369427629,0,5191,1,749,0.00452798173553952,0.00257917138307326,0.00782123542981581,0.0142139690815222
TMS18F1047P0045,0.00639273365170634,-0.0484400554518116,0,5267,1,777,0.00964785214042503,0.00292811949131358,-0.0387922033113866,-0.0323994696596802
TMS18F1047P0046,0.00639273365170634,0.0472831253518477,0,5315,1,820,-0.0116947885624043,0.00303194370007801,0.0355883367894435,0.0419810704411498
TMS18F1047P0049,0.00639273365170634,-0.0830191293708243,0,5285,1,790,-0.0433995892234626,0.00304925284071781,-0.126418718594287,-0.120025984942581
TMS18F1048P0023,0.00639273365170634,-0.000701954110111746,0,5316,1,821,0.0357109436703325,0.0024820994045426,0.0350089895602207,0.0414017232119271
TMS18F1049P0022,0.00639273365170634,0.0143130859800804,0,5151,1,736,0.00496688219726628,0.00291540056279226,0.0192799681773467,0.025672701829053
TMS18F1051P0037,0.00639273365170634,-0.00123508210989408,0,5198,1,752,0.0310666804677516,0.00260862748607855,0.0298315983578575,0.0362243320095638
TMS18F1051P0039,0.00639273365170634,-0.0178929644712124,0,5139,1,728,0.046887856071963,0.00256498358779586,0.0289948916007505,0.0353876252524569
TMS18F1051P0059,0.00639273365170634,-0.034138242232633,0,5281,1,786,0.0311070161552264,0.00321687036065899,-0.00303122607740656,0.00336150757429978
TMS18F1051P0063,0.00639273365170634,-0.0126997913608241,0,5319,1,824,0.0413350659781139,0.00261325753316629,0.0286352746172898,0.0350280082689961
TMS18F1051P0069,0.00639273365170634,-0.00445052535755666,0,5105,1,703,-0.0085827035571883,0.00263364403591598,-0.013033228914745,-0.00664049526303861
TMS18F1055P0036,0.00639273365170634,-0.0154867287275876,0,5300,1,805,-0.0202804663925476,0.00261714793855144,-0.0357671951201353,-0.0293744614684289
TMS18F1055P0044,0.00639273365170634,-0.0115578340112477,0,5074,1,676,0.0300913186201875,0.0029596866314305,0.0185334846089398,0.0249262182606461
TMS18F1056P0016,0.00639273365170634,-0.0204320258978126,0,5009,1,630,0.033443579690363,0.00338348828652657,0.0130115537925504,0.0194042874442567
TMS18F1056P0019,0.00639273365170634,0.0194841595470054,0,5304,1,809,0.0225753141835688,0.00276698497732293,0.0420594737305743,0.0484522073822806
TMS18F1056P0032,0.00639273365170634,0.00689342024875704,0,5163,1,740,0.00753310519393842,0.00226080861282089,0.0144265254426955,0.0208192590944018
TMS18F1056P0040,0.00639273365170634,0.00450924124170438,0,5173,1,744,0.018417047897958,0.00336210036067838,0.0229262891396624,0.0293190227913687
TMS18F1056P0050,0.00639273365170634,0.0684787953410714,0,5133,1,723,-0.0299856475017754,0.00288090213672594,0.0384931478392961,0.0448858814910024
TMS18F1056P0052,0.00639273365170634,-0.00580903540246068,0,5061,1,664,0.00854757645198471,0.00342723312349857,0.00273854104952403,0.00913127470123038
TMS18F1056P0053,0.00639273365170634,-0.0029431852783483,0,5134,1,724,0.00329287291583053,0.00265715997195384,0.000349687637482232,0.00674242128918858
TMS18F1056P0057,0.00639273365170634,-0.00965509464809047,0,5118,1,714,0.0412098831147049,0.00256508918526558,0.0315547884666144,0.0379475221183207
TMS18F1056P0064,0.00639273365170634,0.0100764150545049,0,5064,1,667,0.0220159019426371,0.0025832323213527,0.032092316997142,0.0384850506488484
TMS18F1056P0065,0.00639273365170634,-0.00866432487664586,0,5063,1,666,0.0170597624452959,0.0027959415826008,0.00839543756865005,0.0147881712203564
TMS18F1056P0066,0.00639273365170634,-0.0164030210192757,0,5282,1,787,0.00822965377421801,0.00297849502014596,-0.00817336724505764,-0.0017806335933513
TMS18F1057P0025,0.00639273365170634,-0.0232829767710648,0,5144,1,732,-0.00726145436354922,0.00411598006301414,-0.030544431134614,-0.0241516974829077
TMS18F1057P0030,0.00639273365170634,-0.0634096563102605,0,5090,1,692,-0.0208063346506701,0.00407839993810513,-0.0842159909609306,-0.0778232573092242
TMS18F1057P0037,0.00639273365170634,0.00804759169061828,0,5140,1,729,0.0152190266607009,0.00263080914455041,0.0232666183513192,0.0296593520030255
TMS18F1058P0019,0.00639273365170634,-0.00901508678456729,0,5031,1,648,0.0391118648726925,0.00259892149705061,0.0300967780881253,0.0364895117398316
TMS18F1058P0020,0.00639273365170634,-0.0240339313490206,0,5013,1,634,0.0637456462695067,0.00279728108479276,0.0397117149204862,0.0461044485721925
TMS18F1059P0010,0.00639273365170634,-0.0219513122355689,0,5226,1,764,0.0123269400643343,0.00367573089928049,-0.00962437217123452,-0.00323163851952818
TMS18F1059P0012,0.00639273365170634,-0.0379532993235477,0,5192,1,750,0.0357272100358484,0.00349376294322714,-0.00222608928769932,0.00416664436400702
TMS18F1059P0013,0.00639273365170634,-0.0146551994905642,0,5212,1,756,-0.00884176640047663,0.00274364891946678,-0.0234969658910408,-0.0171042322393345
TMS18F1059P0015,0.00639273365170634,-0.0169438348718286,0,5021,1,642,0.0104565919254563,0.00265904268867228,-0.00648724294637229,-9.45092946659509e-05
TMS18F1060P0067,0.00639273365170634,-0.0774294126676673,0,5309,1,814,0.00249027891364696,0.0028979765864133,-0.0749391337540204,-0.068546400102314
TMS18F1063P0008,0.00639273365170634,-0.0286458597596779,0,5321,1,826,0.0231189206806082,0.00272616745413224,-0.00552693907906974,0.000865794572636604
TMS18F1064P0027,0.00639273365170634,-0.0443953249618625,0,5293,1,798,-0.0415478515335811,0.00309300836390188,-0.0859431764954435,-0.0795504428437372
TMS18F1065P0032,0.00639273365170634,-0.0330533579382537,0,5114,1,711,0.0186025895444,0.00270675951396805,-0.0144507683938537,-0.00805803474214735
TMS18F1065P0035,0.00639273365170634,-0.0234248038882331,0,5102,1,700,-0.00956600023445055,0.0026662667268938,-0.0329908041226836,-0.0265980704709773
TMS18F1065P0037,0.00639273365170634,0.02396320218683,0,5076,1,678,-0.0361816720311706,0.00284012695711407,-0.0122184698443406,-0.00582573619263424
TMS18F1068P0055,0.00639273365170634,-0.021147709763347,0,5145,1,733,0.0687653559827602,0.0026191164265838,0.0476176462194132,0.0540103798711195
TMS18F1068P0063,0.00639273365170634,-0.00157281180005499,0,5284,1,789,-0.00667434165050859,0.00280083223772455,-0.00824715345056359,-0.00185441979885724
TMS18F1068P0065,0.00639273365170634,-0.035513694303519,0,5112,1,709,0.0401779544630103,0.00267974264377391,0.00466426015949128,0.0110569938111976
TMS18F1068P0066,0.00639273365170634,-0.0143844490114435,0,5116,1,712,0.0650751603440295,0.00260718869396443,0.050690711332586,0.0570834449842924
TMS18F1068P0077,0.00639273365170634,0.037001681891663,0,5299,1,804,0.0331919684251791,0.00285765840953982,0.0701936503168421,0.0765863839685484
TMS18F1068P0082,0.00639273365170634,-0.0214022672385911,0,5072,1,674,0.0749986618752121,0.00259367380405632,0.053596394636621,0.0599891282883274
TMS18F1068P0090,0.00639273365170634,-0.0341957303203502,0,5065,1,668,0.0245299615534624,0.00291561033542606,-0.00966576876688773,-0.00327303511518139
TMS18F1069P0023,0.00639273365170634,0.0209877902008348,0,5291,1,796,-0.00621461848287493,0.00286348096887,0.0147731717179599,0.0211659053696662
TMS18F1069P0033,0.00639273365170634,-0.0272274697122926,0,5308,1,813,0.0175824148046397,0.00363472993088919,-0.00964505490765298,-0.00325232125594664
TMS18F1069P0035,0.00639273365170634,-0.0446838381920672,0,5123,1,716,0.0141101026928026,0.00288588938481658,-0.0305737354992646,-0.0241810018475582
TMS18F1073P0024,0.00639273365170634,-0.0156207485369837,0,5260,1,772,-0.0139706580401581,0.00266380984616051,-0.0295914065771418,-0.0231986729254355
TMS18F1073P0035,0.00639273365170634,-0.0249666455027673,0,5324,1,829,0.000884106906104102,0.00265505400975809,-0.0240825385966632,-0.0176898049449568
TMS18F1073P0038,0.00639273365170634,-0.0174157812244864,0,5058,1,661,-0.00959936047847968,0.00256633319941583,-0.027015141702966,-0.0206224080512597
TMS18F1075P0001,0.00639273365170634,-0.0106137219605508,0,5161,1,739,-0.0280119651068197,0.00268804524866668,-0.0386256870673705,-0.0322329534156641
TMS18F1075P0011,0.00639273365170634,-0.0406895481474509,0,5211,1,755,-0.0458246675088094,0.0028661083409477,-0.0865142156562603,-0.080121482004554
TMS18F1076P0001,0.00639273365170634,-0.0209223928461728,0,5032,1,649,0.0277873021277697,0.00260530183084778,0.00686490928159686,0.0132576429333032
TMS18F1076P0066,0.00639273365170634,0.000147698671823571,0,5317,1,822,-0.0552405237979932,0.00304454138955369,-0.0550928251261697,-0.0487000914744633
TMS18F1076P0077,0.00639273365170634,-0.0266465005619447,0,5059,1,662,-0.0189198521543765,0.00238627744267888,-0.0455663527163212,-0.0391736190646149
TMS18F1076P0103,0.00639273365170634,-0.0369886688131,0,5311,1,816,0.0258942369595298,0.00280894954774816,-0.0110944318535703,-0.00470169820186392
TMS18F1076P0106,0.00639273365170634,-0.0213627386211311,0,5296,1,801,-0.0289734335927192,0.00267167956801765,-0.0503361722138502,-0.0439434385621439
TMS18F1076P0110,0.00639273365170634,-0.0380012422751296,0,5302,1,807,0.0377316362171438,0.00266478818890809,-0.000269606057985788,0.00612312759372056
TMS18F1076P0112,0.00639273365170634,-0.0276784474879966,0,5320,1,825,0.000270304181034586,0.00272204407955713,-0.027408143306962,-0.0210154096552556
TMS18F1076P0114,0.00639273365170634,-0.0228742409091064,0,5012,1,633,0.0166946862235732,0.00256922191759448,-0.00617955468553312,0.000213178966173219
TMS18F1076P0117,0.00639273365170634,-0.0186945209699084,0,5007,1,628,-0.00198628105983027,0.00250446769005614,-0.0206808020297387,-0.0142880683780323
TMS18F1076P0121,0.00639273365170634,-0.0205398287158346,0,5289,1,794,-0.00109730802586059,0.00328570039267941,-0.0216371367416952,-0.0152444030899889
TMS18F1081P0014,0.00639273365170634,0.0177683865103687,0,5326,1,831,0.0471093356961011,0.00277524179139673,0.0648777222064698,0.0712704558581761
TMS18F1082P0024,0.00639273365170634,0.0117537536892147,0,5295,1,800,-0.0391368330608272,0.00247931378476676,-0.0273830793716125,-0.0209903457199062
TMS18F1083P0014,0.00639273365170634,-0.0141924386894722,0,5027,1,646,0.0486569454958372,0.00272538096928574,0.034464506806365,0.0408572404580713
TMS18F1083P0025,0.00639273365170634,-0.0176591801333293,0,5085,1,687,0.0193306589074621,0.00275280939505278,0.00167147877413279,0.00806421242583913
TMS18F1083P0028,0.00639273365170634,-0.00210361000500601,0,5053,1,658,0.0197907097933114,0.0026231060807562,0.0176870997883054,0.0240798334400117
TMS18F1083P0031,0.00639273365170634,-0.00897603487939887,0,5136,1,726,0.0361409555048104,0.00264767496381184,0.0271649206254115,0.0335576542771178
TMS18F1083P0032,0.00639273365170634,-0.00658885289861372,0,5069,1,671,0.0647685932966467,0.00257331310600554,0.058179740398033,0.0645724740497393
TMS18F1083P0034,0.00639273365170634,-0.00249647546725118,0,5124,1,717,0.0228494371191642,0.00266470585157386,0.0203529616519131,0.0267456953036194
TMS18F1084P0001,0.00639273365170634,-0.00140611044001792,0,5220,1,760,-0.00576797713850713,0.00272233791407344,-0.00717408757852506,-0.000781353926818712
TMS18F1085P0012,0.00639273365170634,-0.0218744792540464,0,5303,1,808,0.0408993383383105,0.00286278581683378,0.0190248590842641,0.0254175927359705
TMS18F1088P0008,0.00639273365170634,0.015495215833945,0,5223,1,762,-0.052436945640937,0.00275436879280698,-0.036941729806992,-0.0305489961552857
TMS18F1089P0001,0.00639273365170634,-0.00836321738879367,0,5174,1,745,-0.0167980238071054,0.00263664961566191,-0.0251612411958991,-0.0187685075441927
TMS18F1090P0023,0.00639273365170634,-0.0233783453315994,0,5093,1,694,0.0284726966155115,0.00285469613759788,0.00509435128391206,0.0114870849356184
TMS18F1090P0031,0.00639273365170634,-0.0266103863231374,0,5060,1,663,0.0648488705605902,0.00267915811265767,0.0382384842374528,0.0446312178891591
TMS18F1091P0014,0.00639273365170634,-0.00340558454732796,0,5153,1,737,-0.0151945717221244,0.0027764237012846,-0.0186001562694524,-0.012207422617746
TMS18F1092P0007,0.00639273365170634,-0.00495546656692118,0,5224,1,763,0.0327696173357318,0.00274769546954173,0.0278141507688106,0.0342068844205169
TMS18F1092P0016,0.00639273365170634,-0.0236890151751499,0,5039,1,653,0.000367248894683366,0.00276474090502281,-0.0233217662804665,-0.0169290326287602
TMS18F1092P0022,0.00639273365170634,0.00636904554236102,0,5170,1,742,0.0200532010267386,0.00281983120081212,0.0264222465690996,0.032814980220806
TMS18F1094P0004,0.00639273365170634,0.0250457515296523,0,5259,1,771,-0.0200198466995698,0.00272242297570623,0.00502590483008256,0.0114186384817889
TMS18F1095P0020,0.00639273365170634,0.0116526259173754,0,5265,1,775,0.0171646276551574,0.00276775641674693,0.0288172535725329,0.0352099872242392
TMS18F1095P0041,0.00639273365170634,-0.00397036884905558,0,5092,1,693,0.0568458543768728,0.00262739273646581,0.0528754855278172,0.0592682191795235
TMS18F1096P0013,0.00639273365170634,-0.027374600303659,0,5288,1,793,0.0122675531655701,0.00279190920492012,-0.0151070471380888,-0.00871431348638249
TMS18F1096P0024,0.00639273365170634,-0.0212111047733009,0,5312,1,817,0.0141351938598266,0.00273502971745024,-0.00707591091347433,-0.000683177261767982
TMS18F1099P0015,0.00639273365170634,-0.0319033372221252,0,5166,1,741,0.053961984933846,0.00266827130181269,0.0220586477117208,0.0284513813634271
TMS18F1102P0031,0.00639273365170634,-0.0375472781440348,0,5071,1,673,0.000323879364160253,0.00309227305010634,-0.0372233987798745,-0.0308306651281682
TMS18F1106P0028,0.00639273365170634,-0.0200462811303757,0,5109,1,706,0.0634110345747872,0.00259977623740087,0.0433647534444115,0.0497574870961178
TMS18F1106P0031,0.00639273365170634,-0.0494307779536713,0,5117,1,713,0.0802257758808879,0.00271163439447897,0.0307949979272166,0.0371877315789229
TMS18F1106P0035,0.00639273365170634,-0.0379475593857257,0,5138,1,727,0.0897220177413116,0.0026983341057712,0.0517744583555858,0.0581671920072922
TMS18F1106P0037,0.00639273365170634,-0.0195347058085085,0,5131,1,721,0.0412709376120296,0.00255318493843317,0.0217362318035212,0.0281289654552275
TMS18F1106P0044,0.00639273365170634,-0.0126254178681271,0,5135,1,725,0.0493311023794519,0.00247251890975722,0.0367056845113248,0.0430984181630312
TMS18F1106P0045,0.00639273365170634,-0.029741399479395,0,5143,1,731,0.0290972604628455,0.00261061019981842,-0.000644139016549562,0.00574859463515678
TMS18F1107P0020,0.00639273365170634,-0.0623875053190177,0,5323,1,828,0.0767177483231176,0.0038134503769625,0.0143302430040999,0.0207229766558062
TMS18F1108P0012,0.00639273365170634,-0.0169347795073965,0,5188,1,748,0.00638732520307852,0.00272305397594196,-0.010547454304318,-0.00415472065261164
TMS18F1109P0011,0.00639273365170634,-0.0518346059383873,0,5177,1,746,0.0220502293532716,0.00310075213141266,-0.0297843765851157,-0.0233916429334093
TMS18F1113P0002,0.00639273365170634,-0.00320972142121338,0,5037,1,652,-0.0130526713309127,0.00385843945871677,-0.0162623927521261,-0.00986965910041974
TMS18F1113P0027,0.00639273365170634,0.00994171935019771,0,5142,1,730,0.0198019612354622,0.0029744435228162,0.0297436805856599,0.0361364142373662
TMS18F1113P0031,0.00639273365170634,-0.0020487374321961,0,5086,1,688,-0.0252009233403266,0.00285366891770747,-0.0272496607725227,-0.0208569271208164
TMS18F1113P0038,0.00639273365170634,0.0202943383394469,0,5052,1,657,-0.00684663034005259,0.00288695386865134,0.0134477079993944,0.0198404416511007
TMS18F1114P0038,0.00639273365170634,-0.0167246139688395,0,5132,1,722,-0.0105342014771667,0.00301411446994865,-0.0272588154460062,-0.0208660817942998
TMS18F1114P0039,0.00639273365170634,-0.0508135307932893,0,5068,1,670,-0.0346389437661569,0.00289244986967743,-0.0854524745594462,-0.0790597409077399
TMS18F1119P0029,0.00639273365170634,-0.00165645326338653,0,5146,1,734,0.0263857772688186,0.00278746129624024,0.024729324005432,0.0311220576571384
TMS18F1119P0037,0.00639273365170634,0.0213177730739172,0,5087,1,689,0.00613852210909778,0.00273714633096197,0.0274562951830149,0.0338490288347213
TMS18F1119P0039,0.00639273365170634,-0.000328952020275664,0,5089,1,691,0.0455544137055094,0.00312245383070293,0.0452254616852338,0.0516181953369401
TMS18F1119P0042,0.00639273365170634,0.00425095672137868,0,5113,1,710,0.0220230482377444,0.00271414556834709,0.0262740049591231,0.0326667386108294
TMS18F1119P0043,0.00639273365170634,0.016418983661677,0,5098,1,697,-0.00925164925555,0.00260886105988536,0.00716733440612705,0.0135600680578334
TMS18F1120P0004,0.00639273365170634,-0.0125807653546856,0,5294,1,799,0.0210578287509696,0.00299388528276788,0.008477063396284,0.0148697970479903
TMS18F1121P0029,0.00639273365170634,-0.0174318019197828,0,5034,1,650,0.0200188849151911,0.00268645990159549,0.00258708299540831,0.00897981664711466
TMS18F1123P0019,0.00639273365170634,0.0168876587608212,0,5172,1,743,0.0400061558369674,0.00264771969220026,0.0568938145977886,0.063286548249495
TMS18F1124P0041,0.00639273365170634,-0.0379412889349092,0,5088,1,690,0.0839188901969211,0.00284102268372091,0.0459776012620119,0.0523703349137182
TMS18F1127P0010,0.00639273365170634,0.00974032010801685,0,5023,1,644,0.0317996357735316,0.00281886916795148,0.0415399558815485,0.0479326895332548
TMS18F1127P0011,0.00639273365170634,-0.0337337714560414,0,5290,1,795,-0.0334526261184238,0.00312111689364724,-0.0671863975744652,-0.0607936639227588
TMS18F1132P0042,0.00639273365170634,-0.0107531373853408,0,5016,1,637,0.0107177074900905,0.00277342811019325,-3.54298952503253e-05,0.00635730375645602
TMS18F1132P0078,0.00639273365170634,0.0509499289532657,0,5310,1,815,0.00836022602007754,0.0029273749619587,0.0593101549733433,0.0657028886250496
TMS18F1132P0083,0.00639273365170634,-0.0154082798326914,0,5050,1,656,-0.0445741839687427,0.00263814993251638,-0.0599824638014341,-0.0535897301497278
TMS18F1132P0144,0.00639273365170634,-0.0612513147962185,0,5056,1,660,-0.0379061021582692,0.00329077538284499,-0.0991574169544877,-0.0927646833027813
TMS18F1134P0010,0.00639273365170634,-0.0545172111850875,0,5018,1,639,-0.0135049620917127,0.0027999400655944,-0.0680221732768002,-0.0616294396250938
TMS18F1135P0025,0.00639273365170634,-0.0485072699532311,0,5041,1,655,0.0305333229971158,0.00383512143219961,-0.0179739469561153,-0.011581213304409
TMS18F1138P0028,0.00639273365170634,-0.0164231865726806,0,5077,1,679,-0.0231421247836369,0.00251563927018497,-0.0395653113563175,-0.0331725777046112
TMS18F1138P0030,0.00639273365170634,-0.0581034661756629,0,5073,1,675,0.0123581883773118,0.0037600546589048,-0.0457452777983511,-0.0393525441466448
TMS18F1138P0035,0.00639273365170634,-0.0229959157724282,0,5325,1,830,0.0224716305339404,0.00268554174850526,-0.000524285238487809,0.00586844841321853
TMS18F1138P0037,0.00639273365170634,-0.0257296003824927,0,5062,1,665,0.0322137553300494,0.00264670132390892,0.00648415494755674,0.0128768885992631
TMS18F1139P0076,0.00639273365170634,-0.0226281124230025,0,5078,1,680,0.0123421308270464,0.00259142472499382,-0.010285981595956,-0.00389324794424968
TMS18F1139P0097,0.00639273365170634,-0.0262894065064657,0,5082,1,684,-0.00502049070502113,0.0026791954568493,-0.0313098972114868,-0.0249171635597805
TMS18F1142P0017,0.00639273365170634,-0.00236679422608669,0,5015,1,636,0.0107038942053521,0.00269971137920194,0.00833709997926546,0.0147298336309718
TMS18F1144P0010,0.00639273365170634,-0.00871154877940038,0,5040,1,654,0.0117497509430389,0.00274325838152084,0.00303820216363854,0.00943093581534488
TMS18F1149P0020,0.00639273365170634,-0.0205647751661217,0,5257,1,769,-0.0187525960732367,0.00270079812111308,-0.0393173712393583,-0.032924637587652
TMS18F1149P0024,0.00639273365170634,-0.00672316698864789,0,5298,1,803,-0.0275444488009289,0.00294592287365834,-0.0342676157895768,-0.0278748821378705
TMS18F1150P0011,0.00639273365170634,-0.011095584491094,0,5271,1,781,0.0119438744285649,0.00268728632243804,0.00084828993747083,0.00724102358917717
TMS18F1150P0015,0.00639273365170634,-0.0318301495066396,0,5258,1,770,-0.0123204777157676,0.00287555457532916,-0.0441506272224072,-0.0377578935707008
TMS18F1152P0003,0.00639273365170634,-0.0122804700136035,0,5270,1,780,-0.0141924244080539,0.00291388254256003,-0.0264728944216574,-0.020080160769951
TMS18F1153P0053,0.00639273365170634,-0.0272191915382962,0,5283,1,788,-0.0100159974466067,0.00280902105565307,-0.0372351889849029,-0.0308424553331966
TMS18F1156P0016,0.00639273365170634,-0.0155541756100288,0,5313,1,818,0.00459062882730305,0.00284427660526703,-0.0109635467827257,-0.00457081313101937
TMS18F1157P0033,0.00639273365170634,-0.0164525828907622,0,5100,1,698,0.00202193201174943,0.00257357896827625,-0.0144306508790128,-0.00803791722730647
TMS18F1157P0038,0.00639273365170634,-0.035603183463512,0,5104,1,702,0.0676641986474411,0.00321812443415395,0.0320610151839291,0.0384537488356355
TMS18F1157P0041,0.00639273365170634,-0.0302357388104871,0,5080,1,682,0.0368474461649998,0.00302723845533121,0.00661170735451273,0.0130044410062191
TMS18F1159P0002,0.00639273365170634,-0.0124690727916467,0,5234,1,765,0.0250770852057681,0.00260803994889878,0.0126080124141214,0.0190007460658277
TMS18F1159P0011,0.00639273365170634,-0.0233466199280929,0,5244,1,767,0.0409388208118524,0.00276126487744254,0.0175922008837595,0.0239849345354659
TMS18F1161P0009,0.00639273365170634,0.0147995816424815,0,5243,1,766,0.0929063913431311,0.00269015967223775,0.107705972985613,0.114098706637319
TMS18F1163P0008,0.00639273365170634,-0.014544652679431,0,5248,1,768,0.0429395889957635,0.002586120170358,0.0283949363163324,0.0347876699680388
TMS18F1163P0020,0.00639273365170634,-0.0266321790303389,0,5786,1,1209,0.0589904171172826,0.00273375425491423,0.0323582380869437,0.0387509717386501
TMS18F1163P0024,0.00639273365170634,0.0068051230855393,0,5585,1,1059,0.0511126741644469,0.00254783771344346,0.0579177972499862,0.0643105309016925
TMS18F1163P0035,0.00639273365170634,-0.0455974006885269,0,6304,1,1515,-0.0313194214134098,0.00298392701859834,-0.0769168221019367,-0.0705240884502304
TMS18F1163P0040,0.00639273365170634,-0.0258172450984873,0,5580,1,1055,0.0264265190266167,0.00261471260486311,0.000609273928129473,0.00700200757983582
TMS18F1163P0042,0.00639273365170634,-0.0305066653432963,0,6357,1,1554,0.0198072984440059,0.00291187924401285,-0.0106993668992904,-0.00430663324758407
TMS18F1163P0044,0.00639273365170634,-0.0110690467832688,0,6409,1,1606,0.0412106320361259,0.00281295494224975,0.0301415852528572,0.0365343189045635
TMS18F1165P0008,0.00639273365170634,-0.0243171545854641,0,5490,1,987,0.0406533413384596,0.00283630741470862,0.0163361867529955,0.0227289204047018
TMS18F1165P0018,0.00639273365170634,-0.0236807021230773,0,5474,1,976,-0.0105782483756941,0.00266148332559626,-0.0342589504987714,-0.0278662168470651
TMS18F1167P0007,0.00639273365170634,-0.0275043813727619,0,5796,1,1212,-0.00825417811802287,0.00290401053780828,-0.0357585594907848,-0.0293658258390785
TMS18F1173P0009,0.00639273365170634,-0.00529599426185152,0,5777,1,1207,0.0167040412657298,0.00283133871807022,0.0114080470038783,0.0178007806555846
TMS18F1174P0011,0.00639273365170634,-0.023120011651802,0,6342,1,1539,0.026587544291983,0.0028525463703177,0.00346753264018092,0.00986026629188727
TMS18F1175P0039,0.00639273365170634,-0.0383695690337695,0,5712,1,1161,0.0530207847464925,0.00272647116862081,0.0146512157127229,0.0210439493644293
TMS18F1175P0053,0.00639273365170634,-0.0735349489178572,0,6380,1,1577,-0.0394952326556843,0.00306525220599507,-0.113030181573541,-0.106637447921835
TMS18F1177P0038,0.00639273365170634,-0.00663500333589124,0,5607,1,1080,0.0438466748448863,0.00260501267703971,0.0372116715089951,0.0436044051607014
TMS18F1177P0042,0.00639273365170634,-0.0023206213163342,0,5674,1,1130,0.115592681017228,0.0026234704092036,0.113272059700894,0.1196647933526
TMS18F1177P0049,0.00639273365170634,-0.00877009947684881,0,5752,1,1187,0.0645053690728223,0.00263080142621802,0.0557352695959735,0.0621280032476798
TMS18F1178P0010,0.00639273365170634,0.0232144882894216,0,6452,1,1649,-0.00715839074599987,0.00260270168077722,0.0160560975434217,0.0224488311951281
TMS18F1178P0025,0.00639273365170634,-0.00647922970242213,0,5647,1,1112,0.0496038986739437,0.00257508938338315,0.0431246689715215,0.0495174026232279
TMS18F1178P0034,0.00639273365170634,-0.00757288687574055,0,5615,1,1085,0.0638651815188623,0.00267312525197991,0.0562922946431218,0.0626850282948281
TMS18F1178P0046,0.00639273365170634,-0.0236293515273292,0,5505,1,994,0.0221174053163573,0.00261776652981893,-0.00151194621097196,0.00488078744073439
TMS18F1179P0008,0.00639273365170634,-0.0351492535182116,0,6285,1,1496,0.00535440319635926,0.00268199059897741,-0.0297948503218523,-0.023402116670146
TMS18F1179P0029,0.00639273365170634,-0.0225034476308492,0,5598,1,1072,0.0238254554193635,0.00287866501131194,0.00132200778851435,0.00771474144022069
TMS18F1180P0033,0.00639273365170634,-0.0276050204088928,0,5482,1,984,-0.0306035574295667,0.00269519051348839,-0.0582085778384595,-0.0518158441867531
TMS18F1186P0035,0.00639273365170634,-0.0153473585702659,0,5760,1,1194,0.043507510949678,0.00268847118416293,0.0281601523794121,0.0345528860311184
TMS18F1188P0020,0.00639273365170634,-0.0733776982870074,0,5788,1,1210,0.0101054855824928,0.00389800891411059,-0.0632722127045146,-0.0568794790528083
TMS18F1191P0002,0.00639273365170634,-0.0247489355984746,0,6374,1,1571,-0.00455081596616793,0.00301306688411754,-0.0292997515646426,-0.0229070179129362
TMS18F1191P0013,0.00639273365170634,-0.0061306138872359,0,5828,1,1217,0.0507544485387696,0.0025284905798299,0.0446238346515337,0.05101656830324
TMS18F1202P0001,0.00639273365170634,-0.00874753788869544,0,6433,1,1630,0.00204015639020437,0.00283429697941162,-0.00670738149849107,-0.000314647846784729
TMS18F1205P0010,0.00639273365170634,0.0191863404702617,0,5480,1,982,0.0155854918242106,0.00268883827363195,0.0347718322944723,0.0411645659461786
TMS18F1207P0008,0.00639273365170634,-0.0134574633674198,0,5473,1,975,-0.021579583694356,0.00273503453489812,-0.0350370470617758,-0.0286443134100695
TMS18F1208P0005,0.00639273365170634,-0.0126712326108227,0,6358,1,1555,0.0528439048846798,0.00284615264400521,0.0401726722738571,0.0465654059255635
TMS18F1208P0007,0.00639273365170634,-0.0500911487120096,0,6403,1,1600,0.00790147088851,0.00297218785258652,-0.0421896778234996,-0.0357969441717932
TMS18F1209P0015,0.00639273365170634,-0.0325434907847488,0,5497,1,992,0.0427719416531875,0.00370389267794369,0.0102284508684387,0.016621184520145
TMS18F1210P0008,0.00639273365170634,0.00909584680873916,0,5782,1,1208,0.0172163372598322,0.00284246693349445,0.0263121840685714,0.0327049177202777
TMS18F1210P0021,0.00639273365170634,0.0119826922597133,0,5472,1,974,0.0223269127712093,0.00259796593738666,0.0343096050309227,0.040702338682629
TMS18F1211P0026,0.00639273365170634,-0.0438802801977997,0,5640,1,1107,0.0417369722270451,0.00285519300606395,-0.00214330797075453,0.00424942568095181
TMS18F1211P0033,0.00639273365170634,-0.0528806327446191,0,5677,1,1133,0.0844542186616812,0.00304755857891042,0.0315735859170621,0.0379663195687685
TMS18F1211P0035,0.00639273365170634,0.00689803390076264,0,5498,1,993,0.0409983283944724,0.00255453118815619,0.047896362295235,0.0542890959469413
TMS18F1214P0016,0.00639273365170634,-0.0393017169631239,0,5792,1,1211,0.0686961345764389,0.00329430892920212,0.029394417613315,0.0357871512650214
TMS18F1215P0027,0.00639273365170634,-0.0326625800855936,0,5476,1,978,0.00863401679915327,0.00315887308334675,-0.0240285632864404,-0.017635829634734
TMS18F1216P0001,0.00639273365170634,-0.0216133625068299,0,5817,1,1215,0.0391458270318804,0.00260448165386792,0.0175324645250505,0.0239251981767568
TMS18F1217P0013,0.00639273365170634,-0.00441820323900486,0,5633,1,1101,0.0396065711602945,0.00276199391361839,0.0351883679212896,0.0415811015729959
TMS18F1217P0019,0.00639273365170634,-0.00642888335243094,0,6462,1,1659,0.0358316456097959,0.00284059620349935,0.029402762257365,0.0357954959090713
TMS18F1217P0034,0.00639273365170634,-0.0523196428437569,0,5475,1,977,0.0459012660341862,0.00287474614438457,-0.00641837680957064,-2.56431578642899e-05
TMS18F1217P0075,0.00639273365170634,-0.0144079264298029,0,6453,1,1650,-0.0238132964418569,0.00298665366140791,-0.0382212228716598,-0.0318284892199535
TMS18F1217P0079,0.00639273365170634,-0.051305679458566,0,5705,1,1156,0.00907876472681039,0.00281579384246814,-0.0422269147317556,-0.0358341810800492
TMS18F1217P0091,0.00639273365170634,-0.0206417422432243,0,5404,1,909,0.0438707365396504,0.00288911800319065,0.023228994296426,0.0296217279481324
TMS18F1217P0095,0.00639273365170634,-0.0588173245270313,0,5406,1,911,0.012243377185035,0.00364201678626057,-0.0465739473419963,-0.04018121369029
TMS18F1217P0121,0.00639273365170634,-0.0466136139261116,0,5397,1,902,-0.00301720412104445,0.00279490897613342,-0.0496308180471561,-0.0432380843954497
TMS18F1218P0003,0.00639273365170634,-0.0305294223551788,0,5481,1,983,0.0457725285910769,0.00374093552063713,0.0152431062358981,0.0216358398876044
TMS18F1220P0006,0.00639273365170634,0.00471835670039759,0,5799,1,1213,0.0881223363930169,0.00258531452960566,0.0928406930934145,0.0992334267451209
TMS18F1221P0048,0.00639273365170634,-0.0199799031078727,0,5558,1,1034,0.00521161486420616,0.00322201462436803,-0.0147682882436665,-0.00837555459196017
TMS18F1221P0053,0.00639273365170634,-0.0759852926915101,0,6448,1,1645,-0.0143979722817313,0.00295450418896934,-0.0903832649732414,-0.0839905313215351
TMS18F1221P0055,0.00639273365170634,-0.00426225350101193,0,5586,1,1060,0.0330025766596434,0.00259067996915398,0.0287403231586315,0.0351330568103378
TMS18F1221P0068,0.00639273365170634,-0.00410955024717086,0,5561,1,1037,-0.00884445066406549,0.00259478965133345,-0.0129540009112364,-0.00656126725953001
TMS18F1222P0012,0.00639273365170634,-0.030992091762627,0,6381,1,1578,0.027638333913557,0.00290795723716916,-0.00335375784906999,0.00303897580263635
TMS18F1223P0022,0.00639273365170634,-0.0582103283209656,0,5806,1,1214,-0.0101242922927058,0.00307531785442357,-0.0683346206136713,-0.061941886961965
TMS18F1224P0014,0.00639273365170634,-0.0268489563320578,0,6412,1,1609,0.0104376727290355,0.0027678485650488,-0.0164112836030223,-0.010018549951316
TMS18F1225P0002,0.00639273365170634,0.0353002398369933,0,5491,1,988,-0.0123459712352864,0.00260857015439091,0.022954268601707,0.0293470022534133
TMS18F1225P0030,0.00639273365170634,0.0357184231155107,0,6441,1,1638,-0.0214924187624459,0.00297129472567751,0.0142260043530648,0.0206187380047711
TMS18F1231P0011,0.00639273365170634,-0.074505528413242,0,6419,1,1616,-0.0226144559636323,0.0029126609347533,-0.0971199843768743,-0.090727250725168
TMS18F1231P0024,0.00639273365170634,-0.010218450222641,0,5743,1,1183,0.0231703465753354,0.00265878706360963,0.0129518963526943,0.0193446300044007
TMS18F1233P0013,0.00639273365170634,-0.0201844661445936,0,5460,1,963,0.00519808250487412,0.00289621702876931,-0.0149863836397195,-0.00859364998801313
TMS18F1240P0024,0.00639273365170634,-0.0309179664580985,0,6392,1,1589,0.0232611107336254,0.00281113290949771,-0.00765685572447314,-0.0012641220727668
TMS18F1240P0026,0.00639273365170634,-0.0170064153593588,0,5438,1,941,-0.0395858734769228,0.00277216911426459,-0.0565922888362816,-0.0501995551845753
TMS18F1250P0037,0.00639273365170634,-0.0218613134505009,0,5661,1,1121,-0.00645105752009628,0.00270978503722393,-0.0283123709705971,-0.0219196373188908
TMS18F1250P0048,0.00639273365170634,-0.0171336180462145,0,5672,1,1128,-0.00437011851329471,0.00343560882457543,-0.0215037365595092,-0.0151110029078029
TMS18F1250P0049,0.00639273365170634,-0.0153817760421986,0,5575,1,1050,0.0172899785170151,0.00314131837094141,0.00190820247481654,0.00830093612652288
TMS18F1250P0050,0.00639273365170634,-0.023717277613506,0,5403,1,908,0.0507315312202409,0.00271852798945648,0.0270142536067349,0.0334069872584412
TMS18F1251P0038,0.00639273365170634,-0.0153691978858334,0,5688,1,1142,0.0064351067775685,0.00245792808787525,-0.00893409110826495,-0.0025413574565586
TMS18F1251P0039,0.00639273365170634,0.0216392847412886,0,5602,1,1076,0.0218867762371559,0.00257295818844135,0.0435260609784445,0.0499187946301508
TMS18F1251P0048,0.00639273365170634,0.0213703061138322,0,5735,1,1177,0.0180422311395741,0.00249368091113296,0.0394125372534063,0.0458052709051127
TMS18F1257P0027,0.00639273365170634,-0.0106739025172812,0,5654,1,1116,0.00464471587642466,0.00265329010401481,-0.00602918664085657,0.00036354701084977
TMS18F1258P0062,0.00639273365170634,-0.045392193396189,0,6359,1,1556,-0.00858035821985379,0.00399852566098561,-0.0539725516160428,-0.0475798179643364
TMS18F1258P0084,0.00639273365170634,-0.0459298405596522,0,5758,1,1192,-0.0244193065969336,0.0028653686641973,-0.0703491471565858,-0.0639564135048795
TMS18F1258P0088,0.00639273365170634,-0.0356295223037655,0,5730,1,1174,-0.0635767670744152,0.00252409691112732,-0.0992062893781806,-0.0928135557264743
TMS18F1258P0113,0.00639273365170634,-0.0641455645910446,0,5552,1,1028,-0.0131533860526833,0.00279662449328483,-0.0772989506437279,-0.0709062169920216
TMS18F1258P0122,0.00639273365170634,-0.0340457136331732,0,5701,1,1153,0.0191608093656314,0.0027943304968352,-0.0148849042675419,-0.00849217061583551
TMS18F1258P0124,0.00639273365170634,-0.0316205528092113,0,5757,1,1191,-0.0439415615459168,0.00269521854047334,-0.0755621143551281,-0.0691693807034218
TMS18F1258P0128,0.00639273365170634,-0.0600109552629716,0,5567,1,1043,-0.0247859002520838,0.00274797875669765,-0.0847968555150555,-0.0784041218633491
TMS18F1258P0136,0.00639273365170634,-0.0228740088170677,0,5690,1,1144,-0.0289131935094275,0.00265530695150699,-0.0517872023264952,-0.0453944686747888
TMS18F1258P0147,0.00639273365170634,-0.0187475610833175,0,6395,1,1592,0.0373370033752514,0.00278338291215893,0.0185894422919339,0.0249821759436403
TMS18F1258P0153,0.00639273365170634,-0.0082541466663223,0,6354,1,1551,0.00603641876932565,0.00270721793737641,-0.00221772789699665,0.00417500575470969
TMS18F1258P0156,0.00639273365170634,-0.0119772833910405,0,6440,1,1637,0.00215909317364032,0.00254590630019256,-0.00981819021740019,-0.00342545656569385
TMS18F1259P0022,0.00639273365170634,-0.00101000378025028,0,5906,1,1237,-0.0381930544731895,0.00272461757472145,-0.0392030582534398,-0.0328103246017335
TMS18F1259P0083,0.00639273365170634,-0.0072472660407204,0,5763,1,1197,-0.0521305054751847,0.00281937587237259,-0.0593777715159051,-0.0529850378641987
TMS18F1259P0092,0.00639273365170634,-0.0558051708601776,0,6307,1,1517,-0.0393857585816966,0.00280995063273578,-0.0951909294418742,-0.0887981957901679
TMS18F1259P0115,0.00639273365170634,0.024589186638761,0,5773,1,1205,-0.0229665219711221,0.00265737814120226,0.00162266466763891,0.00801539831934525
TMS18F1259P0131,0.00639273365170634,0.00362188389825039,0,5526,1,1005,-0.0136882435286909,0.00283351768114175,-0.0100663596304405,-0.0036736259787342
TMS18F1259P0133,0.00639273365170634,0.046762765546036,0,5720,1,1167,-0.000218948916214596,0.00274815287392442,0.0465438166298214,0.0529365502815278
TMS18F1259P0139,0.00639273365170634,-0.0147825278404977,0,5539,1,1015,0.0245059851833255,0.00265449535512853,0.00972345734282779,0.0161161909945341
TMS18F1259P0144,0.00639273365170634,-0.0180328244402013,0,5632,1,1100,-0.038181174096987,0.00264269050539928,-0.0562139985371883,-0.0498212648854819
TMS18F1259P0149,0.00639273365170634,-0.0129930125668047,0,5595,1,1069,-0.0217466495213304,0.00266614470928772,-0.0347396620881351,-0.0283469284364288
TMS18F1260P0004,0.00639273365170634,0.0355486371699771,0,5487,1,986,-0.0116507689216269,0.0026069813901372,0.0238978682483502,0.0302906019000566
TMS18F1260P0052,0.00639273365170634,0.032491507515867,0,5737,1,1178,-0.013073843688539,0.00273874351082569,0.019417663827328,0.0258103974790344
TMS18F1260P0054,0.00639273365170634,-0.056199119003337,0,6292,1,1503,-0.0272232526892981,0.00276657613049557,-0.0834223716926351,-0.0770296380409287
TMS18F1260P0056,0.00639273365170634,0.0215751175479467,0,5729,1,1173,-0.0392765083662493,0.0028152218644809,-0.0177013908183026,-0.0113086571665963
TMS18F1260P0060,0.00639273365170634,0.0288386904877004,0,5732,1,1175,-0.0251710829841538,0.0027822882208397,0.00366760750354658,0.0100603411552529
TMS18F1260P0062,0.00639273365170634,0.0227630655819343,0,5603,1,1077,-0.0175878600897961,0.00277489945943057,0.00517520549213818,0.0115679391438445
TMS18F1260P0071,0.00639273365170634,0.0276606280886021,0,5770,1,1203,-0.0192091120077627,0.0027449727926417,0.00845151608083936,0.0148442497325457
TMS18F1261P0005,0.00639273365170634,-0.0209356236086292,0,6302,1,1513,-0.00662759444578586,0.00276509179116452,-0.0275632180544151,-0.0211704844027088
TMS18F1262P0008,0.00639273365170634,-0.039429658976383,0,6333,1,1530,0.0357507074055228,0.00278637063366963,-0.00367895157086028,0.00271378208084606
TMS18F1262P0015,0.00639273365170634,0.00878793187272617,0,5471,1,973,0.0070769519407945,0.00250640023880014,0.0158648838135207,0.022257617465227
TMS18F1263P0037,0.00639273365170634,0.0139388128283722,0,6390,1,1587,0.0105989740783885,0.00269210612589324,0.0245377869067608,0.0309305205584671
TMS18F1263P0056,0.00639273365170634,-0.0441360373835386,0,6019,1,1298,-0.00972141723634556,0.00303207728193658,-0.0538574546198841,-0.0474647209681778
TMS18F1263P0095,0.00639273365170634,-0.0258794395447154,0,5641,1,1108,-0.0225818516458978,0.00281683341791839,-0.0484612911906133,-0.0420685575389069
TMS18F1263P0097,0.00639273365170634,-0.00654827341915357,0,5676,1,1132,-0.0307895629027373,0.00263094251114648,-0.0373378363218909,-0.0309451026701845
TMS18F1263P0098,0.00639273365170634,-0.0424209473908634,0,5685,1,1140,0.0139264480499655,0.00275462220645842,-0.0284944993408979,-0.0221017656891916
TMS18F1263P0103,0.00639273365170634,-0.0177999905502847,0,5556,1,1032,-0.00627543831647421,0.00269739096181578,-0.0240754288667589,-0.0176826952150526
TMS18F1264P0058,0.00639273365170634,-0.0702397366391277,0,5465,1,968,0.00931510307456142,0.00314245347801576,-0.0609246335645663,-0.0545318999128599
TMS18F1264P0060,0.00639273365170634,-0.0454004047021971,0,5840,1,1219,0.0214001810163139,0.00256534296071697,-0.0240002236858832,-0.0176074900341769
TMS18F1264P0069,0.00639273365170634,-0.0710473416434545,0,5907,1,1238,0.05418739617705,0.00289845994585491,-0.0168599454664045,-0.0104672118146981
TMS18F1269P0003,0.00639273365170634,-0.0416878561380616,0,5648,1,1113,-0.00165039055628156,0.00265730322150098,-0.0433382466943432,-0.0369455130426368
TMS18F1269P0025,0.00639273365170634,-0.0266914714533231,0,5619,1,1089,-0.0272792090315997,0.00269450342678228,-0.0539706804849228,-0.0475779468332164
TMS18F1269P0034,0.00639273365170634,-0.0732996500328041,0,5692,1,1146,0.0221478888683288,0.00337124990761085,-0.0511517611644753,-0.044759027512769
TMS18F1270P0042,0.00639273365170634,-0.0472986171033782,0,5680,1,1136,-0.0507304707464941,0.00298988710857592,-0.0980290878498723,-0.091636354198166
TMS18F1271P0001,0.00639273365170634,0.0187083871816644,0,6393,1,1590,0.00427810027507967,0.00278176310534886,0.022986487456744,0.0293792211084504
TMS18F1271P0002,0.00639273365170634,-0.0465140961799162,0,5664,1,1123,-0.0434491948272674,0.00337117753559211,-0.0899632910071836,-0.0835705573554773
TMS18F1272P0037,0.00639273365170634,-0.0598804739847913,0,6330,1,1527,-0.0197174827768766,0.00373309183885387,-0.0795979567616679,-0.0732052231099616
TMS18F1272P0038,0.00639273365170634,-0.0654354302745464,0,5698,1,1150,0.0506110458741045,0.0027174853873538,-0.0148243844004419,-0.00843165074873561
TMS18F1274P0020,0.00639273365170634,-0.0537895299500268,0,6407,1,1604,-0.0667680934615351,0.00328012999703701,-0.120557623411562,-0.114164889759856
TMS18F1275P0004,0.00639273365170634,-0.0232796918963948,0,5860,1,1224,-0.0367212767794479,0.00267579534523172,-0.0600009686758428,-0.0536082350241364
TMS18F1276P0010,0.00639273365170634,-0.0825179118980729,0,5493,1,989,-0.0133984330634124,0.00305053651644578,-0.0959163449614852,-0.0895236113097789
TMS18F1276P0027,0.00639273365170634,-0.0633274628647183,0,5706,1,1157,0.0231901758903392,0.00283114372650099,-0.0401372869743792,-0.0337445533226728
TMS18F1276P0028,0.00639273365170634,-0.0573736115623601,0,5713,1,1162,0.00141996828694343,0.00275558648744477,-0.0559536432754166,-0.0495609096237103
TMS18F1276P0035,0.00639273365170634,-0.0740700089292514,0,5629,1,1098,-0.014029664465474,0.00282808658974184,-0.0880996733947254,-0.0817069397430191
TMS18F1276P0040,0.00639273365170634,-0.0392029851061841,0,5771,1,1204,0.0171967095089991,0.00285348493773532,-0.022006275597185,-0.0156135419454787
TMS18F1276P0041,0.00639273365170634,-0.0862983234541997,0,5709,1,1160,-0.0282723478375961,0.00299411214930157,-0.114570671291796,-0.108177937640089
TMS18F1276P0042,0.00639273365170634,-0.0754012257788417,0,5716,1,1164,0.0226271778332855,0.0032108246862434,-0.0527740479455562,-0.0463813142938498
TMS18F1276P0049,0.00639273365170634,-0.061677625543836,0,5666,1,1125,0.00694570809639041,0.00309202473571195,-0.0547319174474456,-0.0483391837957392
TMS18F1277P0007,0.00639273365170634,-0.0877076325254036,0,5478,1,980,-0.0295279964949992,0.00306039620493944,-0.117235629020403,-0.110842895368696
TMS18F1277P0031,0.00639273365170634,-0.0582782431340045,0,6396,1,1593,0.0890368431450886,0.00293806392082375,0.0307586000110841,0.0371513336627904
TMS18F1277P0045,0.00639273365170634,-0.0276944534469011,0,6350,1,1547,0.10868085734261,0.00296636129087575,0.080986403895709,0.0873791375474153
TMS18F1277P0066,0.00639273365170634,-0.0607314238138719,0,5741,1,1182,-0.0374294295435346,0.00284224023407197,-0.0981608533574064,-0.0917681197057001
TMS18F1278P0024,0.00639273365170634,-0.0143215637239741,0,5913,1,1239,-0.0141464502771897,0.00285937231163465,-0.0284680140011638,-0.0220752803494575
TMS18F1278P0068,0.00639273365170634,0.00617224168469376,0,6346,1,1543,0.0562934669812043,0.00266462796722939,0.0624657086658981,0.0688584423176044
TMS18F1278P0084,0.00639273365170634,-0.0362370987396673,0,6137,1,1378,-0.0553683053210409,0.00289015683899743,-0.0916054040607082,-0.0852126704090019
TMS18F1278P0095,0.00639273365170634,-0.0621497279835416,0,6093,1,1353,-0.00523983810318407,0.00426978425280167,-0.0673895660867256,-0.0609968324350193
TMS18F1278P0098,0.00639273365170634,-0.0167686483604164,0,6353,1,1550,0.00291381616369085,0.0027219228727737,-0.0138548321967255,-0.0074620985450192
TMS18F1278P0118,0.00639273365170634,-0.0351653696716067,0,6436,1,1633,0.00142432651669272,0.00275133572296582,-0.033741043154914,-0.0273483095032077
TMS18F1278P0128,0.00639273365170634,-0.0385332192281575,0,6023,1,1302,-0.0275706308534774,0.00298119618337137,-0.0661038500816349,-0.0597111164299285
TMS18F1278P0152,0.00639273365170634,-0.0434735478484623,0,6091,1,1351,-0.0208966623794488,0.00309811213827423,-0.0643702102279111,-0.0579774765762047
TMS18F1278P0165,0.00639273365170634,-0.0469984233161152,0,5389,1,894,-0.0578002076005144,0.00292069708057562,-0.10479863091663,-0.0984058972649232
TMS18F1278P0168,0.00639273365170634,-0.0659921688058898,0,6031,1,1309,-0.0502912327494721,0.00437540666934322,-0.116283401555362,-0.109890667903656
TMS18F1278P0175,0.00639273365170634,-0.0584382640552853,0,6235,1,1451,-0.0249306855985974,0.00355366321577077,-0.0833689496538827,-0.0769762160021763
TMS18F1278P0180,0.00639273365170634,-0.0311635959540031,0,5408,1,913,-0.0364234497206757,0.00305609391363929,-0.0675870456746787,-0.0611943120229724
TMS18F1278P0183,0.00639273365170634,-0.0571716059528763,0,5456,1,959,-0.0323866294368927,0.00414612664860164,-0.089558235389769,-0.0831655017380627
TMS18F1279P0006,0.00639273365170634,0.00609950539024457,0,5841,1,1220,-0.0299292875456029,0.0028090292792642,-0.0238297821553583,-0.017437048503652
TMS18F1279P0008,0.00639273365170634,-0.0138069673982745,0,5893,1,1233,-0.00690632197699895,0.00277492583769588,-0.0207132893752735,-0.0143205557235671
TMS18F1280P0032,0.00639273365170634,-0.013955250570058,0,5875,1,1229,-0.0287965384691168,0.0024636088925274,-0.0427517890391748,-0.0363590553874684
TMS18F1280P0057,0.00639273365170634,0.0174350241867047,0,6430,1,1627,0.0460129741705627,0.00262215951472341,0.0634479983572674,0.0698407320089737
TMS18F1280P0071,0.00639273365170634,0.0156616197619796,0,5768,1,1201,-0.0154469096408434,0.00268954355285771,0.000214710121136191,0.00660744377284253
TMS18F1280P0080,0.00639273365170634,-0.014605778050142,0,5681,1,1137,-0.031627781749882,0.00258777763101894,-0.0462335598000241,-0.0398408261483177
TMS18F1280P0086,0.00639273365170634,0.0119958739412424,0,6384,1,1581,0.0521405709182792,0.00259601060104321,0.0641364448595216,0.0705291785112279
TMS18F1280P0091,0.00639273365170634,-0.0289237237788154,0,6305,1,1516,0.0405287586040051,0.00290317981222539,0.0116050348251897,0.017997768476896
TMS18F1280P0092,0.00639273365170634,-0.0234446616838847,0,5700,1,1152,-0.0441093269627421,0.0026354088593273,-0.0675539886466268,-0.0611612549949205
TMS18F1280P0103,0.00639273365170634,-0.00673627425620107,0,5695,1,1148,0.00526900291790504,0.00267661200788244,-0.00146727133829603,0.00492546231341031
TMS18F1280P0107,0.00639273365170634,-0.051903749124301,0,6366,1,1563,0.0237693671516407,0.00307621877118089,-0.0281343819726603,-0.0217416483209539
TMS18F1280P0112,0.00639273365170634,-0.0144949703964996,0,6383,1,1580,0.0355894950188587,0.00279248386930629,0.021094524622359,0.0274872582740654
TMS18F1280P0126,0.00639273365170634,-0.0222511713567289,0,6408,1,1605,-0.0678987719687039,0.00279742249653065,-0.0901499433254328,-0.0837572096737265
TMS18F1280P0130,0.00639273365170634,-0.011386280788438,0,5726,1,1172,-0.0320592374566279,0.00253326184559864,-0.0434455182450658,-0.0370527845933595
TMS18F1280P0136,0.00639273365170634,-0.0261874594562345,0,6447,1,1644,0.0207992132576369,0.00273603090487937,-0.00538824619859763,0.00100448745310871
TMS18F1280P0140,0.00639273365170634,-0.056413971759579,0,6428,1,1625,0.00773877027328305,0.00280513193556747,-0.048675201486296,-0.0422824678345896
TMS18F1280P0145,0.00639273365170634,-0.00672409538231537,0,5610,1,1082,-0.0282764831652457,0.00252847863440726,-0.0350005785475611,-0.0286078448958548
TMS18F1280P0151,0.00639273365170634,-0.0512151507806508,0,6348,1,1545,-0.0461584030875884,0.00348414961029795,-0.0973735538682392,-0.0909808202165329
TMS18F1280P0152,0.00639273365170634,-0.019818613683993,0,5693,1,1147,-0.0350203295040229,0.00267576116733426,-0.0548389431880159,-0.0484462095363096
TMS18F1280P0153,0.00639273365170634,0.00148319049731659,0,5972,1,1267,-0.0635123879149506,0.00255306871392216,-0.0620291974176341,-0.0556364637659277
TMS18F1282P0038,0.00639273365170634,-0.0664801103068273,0,5649,1,1114,-0.0239871168224877,0.00348289169949141,-0.090467227129315,-0.0840744934776086
TMS18F1282P0049,0.00639273365170634,-0.0545145244958834,0,6378,1,1575,-0.0180502960709385,0.00319411594497892,-0.0725648205668218,-0.0661720869151155
TMS18F1282P0053,0.00639273365170634,-0.027758170384502,0,5627,1,1096,0.00516685260417288,0.00268964736579048,-0.0225913177803291,-0.0161985841286228
TMS18F1282P0055,0.00639273365170634,-0.0352999796694652,0,5634,1,1102,-0.0115295446073203,0.00279277155092284,-0.0468295242767855,-0.0404367906250792
TMS18F1284P0003,0.00639273365170634,-0.0382066747717814,0,6370,1,1567,0.00881224049911121,0.0028199879950535,-0.0293944342726702,-0.0230017006209639
TMS18F1286P0003,0.00639273365170634,0.00306708381149255,0,5861,1,1225,0.00603287728274739,0.00274069427608641,0.00909996109423994,0.0154926947459463
TMS18F1286P0012,0.00639273365170634,-0.0126123044178731,0,5485,1,985,0.0280182021219395,0.00287942884804237,0.0154058977040664,0.0217986313557727
TMS18F1287P0005,0.00639273365170634,-0.0139843238855046,0,5901,1,1235,-0.0304370137147442,0.00273771538446022,-0.0444213376002487,-0.0380286039485424
TMS18F1287P0029,0.00639273365170634,-0.0324855158918977,0,6339,1,1536,0.0101383896401496,0.00400813520773422,-0.022347126251748,-0.0159543926000417
TMS18F1287P0039,0.00639273365170634,-0.051698286665081,0,6283,1,1494,0.0724771480001858,0.00300054482693487,0.0207788613351048,0.0271715949868111
TMS18F1287P0045,0.00639273365170634,-0.00543620696546153,0,5682,1,1138,0.0255467153352452,0.00320745840541738,0.0201105083697837,0.02650324202149
TMS18F1287P0047,0.00639273365170634,-0.00931221572833415,0,5639,1,1106,0.0120726928927843,0.00260257445057551,0.00276047716445011,0.00915321081615646
TMS18F1288P0003,0.00639273365170634,0.00516399237288167,0,5845,1,1222,0.0391302064142335,0.00264045922921623,0.0442941987871152,0.0506869324388215
TMS18F1288P0021,0.00639273365170634,0.018278325648433,0,5882,1,1230,0.012324245503425,0.00270793178289774,0.030602571151858,0.0369953048035643
TMS18F1289P0004,0.00639273365170634,0.0400292106503021,0,5843,1,1221,0.00275276146783374,0.00259954279621983,0.0427819721181358,0.0491747057698421
TMS18F1289P0014,0.00639273365170634,0.0261805810547959,0,6413,1,1610,-0.0070246387051448,0.00282808952041457,0.0191559423496511,0.0255486760013575
TMS18F1289P0016,0.00639273365170634,0.0254560055557703,0,5897,1,1234,-0.0195189980201031,0.0025108593754841,0.00593700753566722,0.0123297411873736
TMS18F1291P0014,0.00639273365170634,-0.0262219126197799,0,6369,1,1566,0.0330432465962951,0.00288916119931473,0.00682133397651521,0.0132140676282216
TMS18F1291P0025,0.00639273365170634,-0.00864585020198989,0,6269,1,1480,0.022571190224034,0.00259050911173655,0.0139253400220441,0.0203180736737505
TMS18F1291P0026,0.00639273365170634,-0.0269386241837039,0,6402,1,1599,0.0240390030344323,0.00400515297865581,-0.00289962114927157,0.00349311250243478
TMS18F1291P0028,0.00639273365170634,-0.0273181902038805,0,6237,1,1452,0.019418542930516,0.00273172164507047,-0.00789964727336451,-0.00150691362165816
TMS18F1294P0011,0.00639273365170634,0.0273557904688174,0,5891,1,1232,0.00995511043600611,0.00264564563497177,0.0373109009048235,0.0437036345565298
TMS18F1295P0023,0.00639273365170634,0.0282990916816024,0,5461,1,964,-0.00334822364414826,0.0027413706795113,0.0249508680374541,0.0313436016891604
TMS18F1295P0024,0.00639273365170634,0.0204023025784761,0,5867,1,1226,0.0415228659827153,0.00261381055787242,0.0619251685611914,0.0683179022128977
TMS18F1295P0030,0.00639273365170634,0.0314373971304285,0,5496,1,991,0.00627673054667607,0.00287136463508106,0.0377141276771046,0.0441068613288109
TMS18F1295P0034,0.00639273365170634,-0.0316417323296519,0,6443,1,1640,0.00573909898001937,0.00269322816989627,-0.0259026333496325,-0.0195098996979262
TMS18F1295P0035,0.00639273365170634,-0.0250474269279108,0,6416,1,1613,0.0145436266534062,0.00319163750162782,-0.0105038002745047,-0.00411106662279832
TMS18F1295P0036,0.00639273365170634,-0.0323382590350634,0,6317,1,1520,0.00306095055874434,0.00288079894504838,-0.0292773084763191,-0.0228845748246128
TMS18F1295P0054,0.00639273365170634,0.0255659148675017,0,5684,1,1139,0.00596344658443225,0.00280000997871512,0.031529361451934,0.0379220951036403
TMS18F1296P0018,0.00639273365170634,0.0262787842340387,0,5883,1,1231,0.028298243106499,0.00270437544906585,0.0545770273405377,0.0609697609922441
TMS18F1296P0035,0.00639273365170634,0.0378449665599338,0,5858,1,1223,0.0316430977171934,0.00265444430966561,0.0694880642771272,0.0758807979288335
TMS18F1296P0042,0.00639273365170634,0.0254459783295892,0,5544,1,1020,0.0176244371213242,0.0025458397370922,0.0430704154509134,0.0494631491026197
TMS18F1296P0071,0.00639273365170634,0.0399368357489939,0,5416,1,920,0.0526146746057613,0.0028542924819081,0.0925515103547551,0.0989442440064615
TMS18F1297P0008,0.00639273365170634,-0.00348919077994877,0,5837,1,1218,0.0196890820064171,0.0026367765333138,0.0161998912264683,0.0225926248781746
TMS18F1298P0013,0.00639273365170634,0.0177551725098129,0,5961,1,1261,0.037560464281938,0.00262657475240062,0.055315636791751,0.0617083704434573
TMS18F1298P0017,0.00639273365170634,0.0315520525578,0,5477,1,979,0.0227103155553779,0.0026171592222516,0.0542623681131779,0.0606551017648842
TMS18F1298P0024,0.00639273365170634,0.0162485719857638,0,5918,1,1241,0.00269177845520026,0.00271973024498737,0.0189403504409641,0.0253330840926704
TMS18F1298P0026,0.00639273365170634,-0.0038710898159192,0,5916,1,1240,0.0162368342278363,0.00255350971583639,0.0123657444119171,0.0187584780636234
TMS18F1298P0044,0.00639273365170634,-0.00571146616273828,0,5571,1,1046,0.0222589243748828,0.00259105731469317,0.0165474582121445,0.0229401918638508
TMS18F1298P0052,0.00639273365170634,0.0148484173649761,0,5625,1,1094,0.0302484934050979,0.0026414426518624,0.045096910770074,0.0514896444217803
TMS18F1299P0005,0.00639273365170634,-0.0591396850831675,0,6297,1,1508,-0.0434307109776472,0.00335911338029592,-0.102570396060815,-0.0961776624091083
TMS18F1299P0012,0.00639273365170634,0.0134064631905948,0,5941,1,1252,0.0318942800574492,0.00272756465765162,0.045300743248044,0.0516934768997503
TMS18F1299P0027,0.00639273365170634,0.0137886737375689,0,5947,1,1254,0.0524540077580824,0.00268063947222853,0.0662426814956514,0.0726354151473577
TMS18F1300P0015,0.00639273365170634,-0.00539054426792825,0,5978,1,1271,0.00211238328481874,0.00274003751381045,-0.00327816098310951,0.00311457266859683
TMS18F1300P0017,0.00639273365170634,-0.00869596427414357,0,5919,1,1242,0.055485821931557,0.00252693346635393,0.0467898576574134,0.0531825913091198
TMS18F1302P0018,0.00639273365170634,-0.0131801260637649,0,5479,1,981,0.00529809687768356,0.00256629926488549,-0.00788202918608136,-0.00148929553437501
TMS18F1302P0057,0.00639273365170634,-0.0130615799496359,0,5577,1,1052,0.0422969339177448,0.00261253545902452,0.0292353539681089,0.0356280876198153
TMS18F1303P0010,0.00639273365170634,0.0441312344009805,0,5903,1,1236,0.025762806213376,0.00279165706366305,0.0698940406143564,0.0762867742660628
TMS18F1303P0027,0.00639273365170634,-0.061797363029018,0,5463,1,966,0.0829444131461507,0.00285681727608718,0.0211470501171327,0.027539783768839
TMS18F1305P0007,0.00639273365170634,-0.0218505745824426,0,6351,1,1548,-0.0187924289047269,0.00292793937444936,-0.0406430034871695,-0.0342502698354632
TMS18F1305P0017,0.00639273365170634,-0.0666924167013749,0,5466,1,969,0.0362558399669368,0.0030516877556226,-0.0304365767344381,-0.0240438430827318
TMS18F1305P0019,0.00639273365170634,-0.0759618446701503,0,5494,1,990,0.0328930304402997,0.0027985453415559,-0.0430688142298506,-0.0366760805781443
TMS18F1305P0031,0.00639273365170634,-0.0298788451852877,0,6415,1,1612,0.00392959869429904,0.00270865805443304,-0.0259492464909887,-0.0195565128392824
TMS18F1305P0039,0.00639273365170634,-0.0284156247300353,0,6288,1,1499,-0.0185705748210542,0.00270989416799551,-0.0469861995510895,-0.0405934658993831
TMS18F1305P0040,0.00639273365170634,-0.0638993283392804,0,6332,1,1529,0.0235577375677603,0.00308027585660202,-0.0403415907715201,-0.0339488571198137
TMS18F1305P0138,0.00639273365170634,-0.0642011200645287,0,5512,1,998,0.0600357391496044,0.00298162966964071,-0.00416538091492426,0.00222735273678207
TMS18F1305P0155,0.00639273365170634,0.00688779352247758,0,5631,1,1099,0.0175649368873302,0.0028767875831932,0.0244527304098078,0.0308454640615141
TMS18F1305P0166,0.00639273365170634,-0.0965098155503807,0,5766,1,1199,0.00706953507325321,0.00308172619031711,-0.0894402804771275,-0.0830475468254211
TMS18F1306P0079,0.00639273365170634,-0.0224660485527833,0,5939,1,1250,0.046133418149417,0.00272764455153687,0.0236673695966338,0.0300601032483401
TMS18F1306P0114,0.00639273365170634,-0.000470187864245287,0,6338,1,1535,-0.0265685155167034,0.00296177655325818,-0.0270387033809487,-0.0206459697292424
TMS18F1306P0121,0.00639273365170634,0.0209813021964588,0,5718,1,1165,-0.0132530346075737,0.00208227862894413,0.00772826758888505,0.0141210012405914
TMS18F1306P0125,0.00639273365170634,-0.0402605918548277,0,5545,1,1021,-0.00195524489555021,0.00263959824503509,-0.0422158367503779,-0.0358231030986715
TMS18F1306P0127,0.00639273365170634,-0.00964793498176562,0,5546,1,1022,-0.0043479964106705,0.00255377418476455,-0.0139959313924361,-0.00760319774072978
TMS18F1306P0129,0.00639273365170634,-0.0539550717770954,0,5423,1,926,0.064262670560897,0.00273491311614225,0.0103075987838016,0.016700332435508
TMS18F1306P0130,0.00639273365170634,-0.0371759334491069,0,5435,1,938,0.036958957628904,0.00268167825225236,-0.000216975820202858,0.00617575783150348
TMS18F1306P0135,0.00639273365170634,-0.0394787461740167,0,5468,1,971,0.0436938988679218,0.00276576421649113,0.00421515269390513,0.0106078863456115
TMS18F1306P0149,0.00639273365170634,-0.021488592990901,0,6432,1,1629,0.0301139928540781,0.00271839173077118,0.0086253998631771,0.0150181335148834
TMS18F1306P0228,0.00639273365170634,-0.0502718740770259,0,5584,1,1058,0.00635027636557504,0.0025464793489313,-0.0439215977114508,-0.0375288640597445
TMS18F1306P0230,0.00639273365170634,-0.0514053258434498,0,5702,1,1154,0.035634783605724,0.00275226105805969,-0.0157705422377257,-0.00937780858601938
TMS18F1306P0237,0.00639273365170634,-0.0366864949085325,0,5707,1,1158,0.0283926045411954,0.00274546419509328,-0.00829389036733707,-0.00190115671563073
TMS18F1306P0272,0.00639273365170634,-0.0425080696405167,0,5747,1,1185,0.0359980605525738,0.00275511800019436,-0.00651000908794291,-0.000117275436236575
TMS18F1306P0277,0.00639273365170634,-0.0419498994032917,0,5745,1,1184,0.0360047756240057,0.00274171636271891,-0.00594512377928594,0.000447609872420401
TMS18F1306P0285,0.00639273365170634,-0.0486610256085946,0,5750,1,1186,-0.00878097908447176,0.00278864227307675,-0.0574420046930663,-0.05104927104136
TMS18F1306P0289,0.00639273365170634,-0.0384688110186039,0,5769,1,1202,0.0561717741164161,0.00267548573445363,0.0177029630978122,0.0240956967495185
TMS18F1307P0001,0.00639273365170634,-0.0402085919968207,0,6454,1,1651,0.0228612009953395,0.00346528443783018,-0.0173473910014811,-0.0109546573497748
TMS18F1307P0038,0.00639273365170634,0.00523786812665012,0,5944,1,1253,-0.00040812454125807,0.00254425220913972,0.00482974358539205,0.0112224772370984
TMS18F1307P0042,0.00639273365170634,-0.000943804789391284,0,5869,1,1227,0.00650620970108436,0.00263950732679344,0.00556240491169307,0.0119551385633994
TMS18F1307P0059,0.00639273365170634,0.00265498615313694,0,5940,1,1251,0.0319043908684549,0.00256679662508396,0.0345593770215919,0.0409521106732982
TMS18F1307P0077,0.00639273365170634,-0.00717555553911824,0,6067,1,1331,-5.3886207153154e-05,0.00254018654766928,-0.0072294417462714,-0.000836708094565054
TMS18F1308P0029,0.00639273365170634,0.00890496744929596,0,6125,1,1370,0.00434083801604855,0.00247918290277326,0.0132458054653445,0.0196385391170509
TMS18F1308P0066,0.00639273365170634,-0.0436538663338448,0,5931,1,1246,-0.00649019775425676,0.0025962605497416,-0.0501440640881016,-0.0437513304363952
TMS18F1308P0077,0.00639273365170634,-0.00987252644045398,0,6334,1,1531,0.00728382134848138,0.00280420014315259,-0.0025887050919726,0.00380402855973374
TMS18F1308P0082,0.00639273365170634,-0.0150254450208855,0,6377,1,1574,-0.0273022037422335,0.002775491384365,-0.042327648763119,-0.0359349151114127
TMS18F1308P0084,0.00639273365170634,0.00412263779892386,0,6417,1,1614,0.0518424971899694,0.00299033611565651,0.0559651349888933,0.0623578686405996
TMS18F1308P0096,0.00639273365170634,-0.0453839786987063,0,5699,1,1151,-0.00162315608352405,0.00258681523893764,-0.0470071347822304,-0.040614401130524
TMS18F1308P0114,0.00639273365170634,-0.0273559133999582,0,6424,1,1621,0.0207705535957024,0.00245364557801828,-0.00658535980425584,-0.000192626152549495
TMS18F1308P0138,0.00639273365170634,-0.0410401029478153,0,5587,1,1061,-0.0194978453127735,0.00260622849125234,-0.0605379482605888,-0.0541452146088825
TMS18F1309P0034,0.00639273365170634,-0.00445028121230429,0,6107,1,1361,0.0433504650009399,0.0026504525200103,0.0389001837886356,0.045292917440342
TMS18F1309P0039,0.00639273365170634,0.0218642347384462,0,6200,1,1426,-0.017214398219902,0.00270977534442713,0.00464983651854418,0.0110425701702505
TMS18F1309P0044,0.00639273365170634,-0.011958795720985,0,6231,1,1447,0.0390856884854531,0.00240092579345584,0.0271268927644681,0.0335196264161744
TMS18F1309P0049,0.00639273365170634,-0.0132346487814587,0,6177,1,1408,0.0382685545273923,0.00259926160766574,0.0250339057459336,0.03142663939764
TMS18F1309P0052,0.00639273365170634,-0.015790922537728,0,6281,1,1492,0.0396837452389719,0.0024221010736641,0.023892822701244,0.0302855563529503
TMS18F1309P0057,0.00639273365170634,-0.0225030735364706,0,6063,1,1328,0.000822484715314961,0.00248913124179023,-0.0216805888211557,-0.0152878551694493
TMS18F1309P0059,0.00639273365170634,-0.00113030308954977,0,6208,1,1432,0.0482476950396422,0.0026276942752326,0.0471173919500924,0.0535101256017988
TMS18F1309P0062,0.00639273365170634,-0.000331999311003483,0,5532,1,1010,0.00400104598004436,0.00261274451524658,0.00366904666904088,0.0100617803207472
TMS18F1309P0070,0.00639273365170634,-0.0124382888468063,0,6098,1,1356,0.0427758079211014,0.00242301278943398,0.0303375190742951,0.0367302527260014
TMS18F1309P0074,0.00639273365170634,-0.0124529867307081,0,5444,1,947,0.0282172149261754,0.00272017574979898,0.0157642281954673,0.0221569618471736
TMS18F1310P0081,0.00639273365170634,-0.00530471161006565,0,6131,1,1373,0.049405639676966,0.00246656351787972,0.0441009280669003,0.0504936617186067
TMS18F1310P0088,0.00639273365170634,-0.0122667761450448,0,6373,1,1570,-0.000138322014591455,0.00265246983282003,-0.0124050981596363,-0.00601236450792994
TMS18F1310P0109,0.00639273365170634,0.00320692332814363,0,5655,1,1117,-0.000718448114595852,0.00258668810898488,0.00248847521354778,0.00888120886525412
TMS18F1310P0128,0.00639273365170634,-0.0580459915467189,0,5663,1,1122,0.0448668203835666,0.00268588766222759,-0.0131791711631523,-0.00678643751144596
TMS18F1310P0142,0.00639273365170634,-0.00200160594870488,0,5675,1,1131,-0.0229667046278523,0.00249410294475127,-0.0249683105765572,-0.0185755769248508
TMS18F1310P0146,0.00639273365170634,-0.0103500056127281,0,5524,1,1003,0.0385854173410879,0.00234793589774711,0.0282354117283598,0.0346281453800662
TMS18F1310P0148,0.00639273365170634,-0.0137675630024609,0,6401,1,1598,0.0483890280502671,0.00241180237879894,0.0346214650478062,0.0410141986995125
TMS18F1310P0151,0.00639273365170634,-0.0237692606301629,0,5534,1,1011,-0.033645206845743,0.00260407079601618,-0.0574144674759058,-0.0510217338241995
TMS18F1310P0156,0.00639273365170634,-0.0251446379436984,0,5574,1,1049,-0.024143959032958,0.00246618130330637,-0.0492885969766563,-0.04289586332495
TMS18F1310P0161,0.00639273365170634,0.0106165287242902,0,5691,1,1145,0.0286325393814403,0.00248041153039509,0.0392490681057305,0.0456418017574369
TMS18F1310P0166,0.00639273365170634,-0.00158063308607197,0,5673,1,1129,0.0170350231290215,0.00248423951638833,0.0154543900429495,0.0218471236946559
TMS18F1310P0168,0.00639273365170634,-0.00630452849942438,0,5536,1,1012,-0.00937262105256253,0.00250503944844696,-0.0156771495519869,-0.00928441590028057
TMS18F1310P0171,0.00639273365170634,-0.0157878992503389,0,5551,1,1027,0.0514623887152117,0.00227116360343371,0.0356744894648728,0.0420672231165791
TMS18F1311P0002,0.00639273365170634,0.00278505658431689,0,6255,1,1469,0.00275247639773529,0.00232233921295953,0.00553753298205219,0.0119302666337585
TMS18F1311P0022,0.00639273365170634,-0.053188851043184,0,6006,1,1289,-6.31550963467037e-05,0.00293969947300219,-0.0532520061395307,-0.0468592724878244
TMS18F1312P0033,0.00639273365170634,-0.0297483515954261,0,5540,1,1016,0.00724266837703902,0.00258931278282912,-0.022505683218387,-0.0161129495666807
TMS18F1312P0039,0.00639273365170634,-0.0134103320759448,0,6367,1,1564,0.0188972621331035,0.0029186099592188,0.00548693005715868,0.011879663708865
TMS18F1313P0001,0.00639273365170634,0.0409643083746976,0,6457,1,1654,-0.0261713130567021,0.00276101412703508,0.0147929953179955,0.0211857289697019
TMS18F1313P0013,0.00639273365170634,-0.0313540986470571,0,6340,1,1537,0.0465300653489899,0.00287514767218974,0.0151759667019328,0.0215687003536391
TMS18F1313P0032,0.00639273365170634,-0.0407638479329909,0,5579,1,1054,0.0203075332288959,0.00278567724036013,-0.020456314704095,-0.0140635810523887
TMS18F1313P0038,0.00639273365170634,-0.0363782225150399,0,5762,1,1196,0.0384043106707216,0.00283673066748833,0.00202608815568174,0.00841882180738808
TMS18F1313P0053,0.00639273365170634,-0.0124526922391316,0,6397,1,1594,0.043190108191636,0.00242013066738,0.0307374159525044,0.0371301496042107
TMS18F1314P0007,0.00639273365170634,-0.0555404413112075,0,6331,1,1528,0.0399878479511842,0.00376843263435128,-0.0155525933600233,-0.00915985970831694
TMS18F1314P0026,0.00639273365170634,-0.0272593714126402,0,6425,1,1622,0.0185056211611817,0.00287464027848177,-0.00875375025145845,-0.00236101659975211
TMS18F1314P0029,0.00639273365170634,-0.083593862922116,0,5578,1,1053,-0.00351221187090402,0.00285547202476308,-0.08710607479302,-0.0807133411413136
TMS18F1314P0033,0.00639273365170634,-0.0790373832297479,0,5553,1,1029,0.00425778067599881,0.00288796536467929,-0.0747796025537491,-0.0683868689020428
TMS18F1314P0042,0.00639273365170634,-0.0370036711609837,0,5446,1,949,-0.0116852183849105,0.00288273215854807,-0.0486888895458942,-0.0422961558941878
TMS18F1317P0033,0.00639273365170634,-0.0729184826744265,0,6027,1,1305,0.0364726731164835,0.00327736607548383,-0.036445809557943,-0.0300530759062366
TMS18F1317P0041,0.00639273365170634,-0.0625883005885733,0,6077,1,1339,0.0472501492601702,0.00276348309467368,-0.0153381513284031,-0.00894541767669674
TMS18F1317P0044,0.00639273365170634,-0.0898729667892028,0,6123,1,1368,0.0323371863454911,0.00300160149950867,-0.0575357804437118,-0.0511430467920054
TMS18F1317P0048,0.00639273365170634,-0.0735182874701635,0,5430,1,933,-0.0413306580131661,0.00300347133395178,-0.11484894548333,-0.108456211831623
TMS18F1317P0059,0.00639273365170634,-0.0609383902878806,0,5373,1,878,0.023620990731246,0.00301500997369432,-0.0373173995566346,-0.0309246659049282
TMS18F1317P0093,0.00639273365170634,-0.0575403568860876,0,5759,1,1193,0.00807097201686923,0.00296182292606619,-0.0494693848692184,-0.043076651217512
TMS18F1317P0102,0.00639273365170634,-0.0347579135724767,0,5542,1,1018,0.035937466286508,0.00288098325716262,0.00117955271403136,0.0075722863657377
TMS18F1317P0114,0.00639273365170634,-0.0550597630120805,0,5588,1,1062,0.014578131468491,0.0026964864615973,-0.0404816315435895,-0.0340888978918832
TMS18F1317P0119,0.00639273365170634,-0.0634388976072961,0,5560,1,1036,-0.00204797116028982,0.00314279357891934,-0.065486868767586,-0.0590941351158796
TMS18F1317P0123,0.00639273365170634,-0.0578221360524619,0,5411,1,915,0.0431750990728966,0.00281493771178125,-0.0146470369795652,-0.0082543033278589
TMS18F1318P0002,0.00639273365170634,-0.0911256244792626,0,5983,1,1272,-0.0159842146737362,0.00308855398836279,-0.107109839152999,-0.100717105501292
TMS18F1318P0007,0.00639273365170634,-0.0471073519600773,0,6368,1,1565,0.0121106092244162,0.00308316687171003,-0.0349967427356611,-0.0286040090839547
TMS18F1318P0010,0.00639273365170634,-0.0459220894427271,0,6115,1,1363,-0.0540720579726612,0.00263700797655088,-0.0999941474153884,-0.093601413763682
TMS18F1318P0014,0.00639273365170634,-0.0611074481677616,0,6021,1,1300,0.0139437020139848,0.00297699142885471,-0.0471637461537768,-0.0407710125020705
TMS18F1318P0016,0.00639273365170634,-0.0770837442738904,0,6422,1,1619,-0.0408315633141185,0.00325844506935802,-0.117915307588009,-0.111522573936303
TMS18F1318P0018,0.00639273365170634,-0.091933017892374,0,5371,1,876,-0.0265200319515485,0.00351893348422406,-0.118453049843922,-0.112060316192216
TMS18F1318P0021,0.00639273365170634,-0.110014793511557,0,6009,1,1291,-0.0279916109842321,0.00409492669018659,-0.138006404495789,-0.131613670844083
TMS18F1318P0023,0.00639273365170634,-0.0879585095951833,0,6140,1,1379,-0.00437023684798924,0.00379093835415684,-0.0923287464431726,-0.0859360127914662
TMS18F1318P0027,0.00639273365170634,-0.0840065877454181,0,6228,1,1445,-0.0319342720802342,0.00357913411501919,-0.115940859825652,-0.109548126173946
TMS18F1318P0033,0.00639273365170634,-0.0388618328723708,0,6040,1,1313,-0.0609723980072099,0.00283710664767239,-0.0998342308795807,-0.0934414972278744
TMS18F1318P0036,0.00639273365170634,-0.0213869318524136,0,6289,1,1500,-0.0238456203954523,0.00280505193927129,-0.0452325522478659,-0.0388398185961596
TMS18F1318P0043,0.00639273365170634,-0.0959035101641514,0,6267,1,1478,-0.0368528395491497,0.00312483085639579,-0.132756349713301,-0.126363616061595
TMS18F1318P0049,0.00639273365170634,-0.0663700699240022,0,6248,1,1462,0.039650289960609,0.00281454965463777,-0.0267197799633932,-0.0203270463116869
TMS18F1318P0054,0.00639273365170634,-0.021193150038324,0,6460,1,1657,-0.028465254795452,0.00311478763954507,-0.0496584048337759,-0.0432656711820696
TMS18F1319P0004,0.00639273365170634,-0.0599823644675754,0,6209,1,1433,0.0221855172070007,0.00348472677023623,-0.0377968472605748,-0.0314041136088684
TMS18F1319P0009,0.00639273365170634,-0.0567596161058598,0,6254,1,1468,-0.0198460125641129,0.00311157978892991,-0.0766056286699728,-0.0702128950182664
TMS18F1319P0016,0.00639273365170634,-0.0732672942513194,0,6274,1,1485,-0.0373671605490454,0.00385421917920081,-0.110634454800365,-0.104241721148658
TMS18F1319P0018,0.00639273365170634,-0.0547064771044033,0,6136,1,1377,-0.00775501764963556,0.00306218427946808,-0.0624614947540388,-0.0560687611023325
TMS18F1319P0024,0.00639273365170634,-0.0511879361721158,0,6181,1,1409,-0.0142176381876394,0.00319059064106103,-0.0654055743597552,-0.0590128407080489
TMS18F1319P0028,0.00639273365170634,-0.0757519049445298,0,6079,1,1340,-0.0144003428199131,0.00323340327566546,-0.0901522477644428,-0.0837595141127365
TMS18F1319P0031,0.00639273365170634,-0.0724791267031501,0,5990,1,1276,-0.00423307069329309,0.00400817372246896,-0.0767121973964432,-0.0703194637447368
TMS18F1319P0033,0.00639273365170634,-0.0850684431823802,0,5412,1,916,0.0117356391856373,0.00440106962935523,-0.0733328039967429,-0.0669400703450365
TMS18F1319P0034,0.00639273365170634,-0.0631522984366456,0,6037,1,1311,-0.00407525357376963,0.00313682507570413,-0.0672275520104152,-0.0608348183587089
TMS18F1319P0043,0.00639273365170634,-0.0567864768446905,0,6055,1,1324,0.00264837692637742,0.00302151428699771,-0.0541380999183131,-0.0477453662666067
TMS18F1319P0061,0.00639273365170634,-0.0609768554909729,0,5425,1,928,0.0157137705610461,0.00334938584669874,-0.0452630849299268,-0.0388703512782205
TMS18F1319P0094,0.00639273365170634,0.0366655058122859,0,6127,1,1371,0.0181767615405445,0.00286135734957412,0.0548422673528304,0.0612350010045368
TMS18F1319P0100,0.00639273365170634,-0.0639092787591893,0,6387,1,1584,0.0354736035284326,0.00395948371492151,-0.0284356752307567,-0.0220429415790503
TMS18F1319P0110,0.00639273365170634,-0.0705075891503701,0,6246,1,1460,0.00246392369659641,0.00416096470106867,-0.0680436654537737,-0.0616509318020674
TMS18F1319P0112,0.00639273365170634,-0.0297656234880271,0,5932,1,1247,-0.0212739151110586,0.00324459811932501,-0.0510395385990857,-0.0446468049473794
TMS18F1319P0121,0.00639273365170634,0.00746452478867433,0,6389,1,1586,0.0238341369322625,0.00248480809234117,0.0312986617209369,0.0376913953726432
TMS18F1319P0124,0.00639273365170634,-0.0366871722063728,0,6148,1,1385,-0.0429875834968619,0.00307951898211756,-0.0796747557032348,-0.0732820220515284
TMS18F1319P0159,0.00639273365170634,-0.0398549323398653,0,5396,1,901,-0.00617773024032168,0.00313041603671981,-0.046032662580187,-0.0396399289284806
TMS18F1320P0018,0.00639273365170634,-0.0216639371450549,0,6161,1,1396,-0.0162336405043994,0.00275916824483473,-0.0378975776494542,-0.0315048439977479
TMS18F1320P0032,0.00639273365170634,-0.117908890972703,0,6458,1,1655,-0.0301779330317465,0.00369939020157143,-0.14808682400445,-0.141694090352744
TMS18F1320P0051,0.00639273365170634,-0.0010007481019033,0,5440,1,943,0.00230036131584481,0.00297963570939716,0.0012996132139415,0.00769234686564785
TMS18F1320P0055,0.00639273365170634,-0.00384253757473314,0,6081,1,1342,0.00599759440140021,0.002833189735934,0.00215505682666707,0.00854779047837341
TMS18F1320P0082,0.00639273365170634,-0.0416631295382711,0,6362,1,1559,-0.0022704387369946,0.00321906204559123,-0.0439335682752657,-0.0375408346235593
TMS18F1320P0084,0.00639273365170634,-0.0178773551263404,0,6183,1,1411,-0.0282326799896743,0.00276134583472308,-0.0461100351160147,-0.0397173014643084
TMS18F1320P0086,0.00639273365170634,-0.015050585710478,0,5393,1,898,-0.00472310331495043,0.00270817066219264,-0.0197736890254284,-0.0133809553737221
TMS18F1320P0087,0.00639273365170634,-0.0168169004808538,0,5388,1,893,-0.0303722126382117,0.00270255725894229,-0.0471891131190655,-0.0407963794673591
TMS18F1320P0101,0.00639273365170634,-0.00615979205824003,0,5367,1,872,-0.019399145812854,0.00260053310910149,-0.025558937871094,-0.0191662042193877
TMS18F1320P0113,0.00639273365170634,0.0367995567513041,0,5708,1,1159,0.00457414614140289,0.00265856440340226,0.0413737028927069,0.0477664365444133
TMS18F1322P0016,0.00639273365170634,-0.0519410277461912,0,6239,1,1453,0.0254442646129492,0.0030102611559676,-0.0264967631332419,-0.0201040294815356
TMS18F1322P0019,0.00639273365170634,0.0129992728503399,0,6386,1,1583,-0.0431643115431475,0.00246173510186141,-0.0301650386928076,-0.0237723050411013
TMS18F1323P0002,0.00639273365170634,-0.0261529430468397,0,6382,1,1579,-0.00744560301792237,0.00263214331549253,-0.0335985460647621,-0.0272058124130558
TMS18F1323P0012,0.00639273365170634,-0.0893730059462647,0,6047,1,1318,0.00756553475866146,0.00292219882202409,-0.0818074711876033,-0.0754147375358969
TMS18F1323P0015,0.00639273365170634,-0.0964082773656059,0,6244,1,1458,-0.012673541091107,0.0036301448321941,-0.109081818456713,-0.102689084805007
TMS18F1323P0016,0.00639273365170634,-0.0842329893984643,0,5996,1,1281,-0.0113897855834627,0.00336091001372237,-0.095622774981927,-0.0892300413302207
TMS18F1323P0024,0.00639273365170634,-0.0920162224771849,0,6371,1,1568,-0.0366168912703719,0.00356462317685117,-0.128633113747557,-0.12224038009585
TMS18F1323P0025,0.00639273365170634,-0.0276228257169532,0,6404,1,1601,-0.0152876232108095,0.00281889019610769,-0.0429104489277627,-0.0365177152760564
TMS18F1323P0029,0.00639273365170634,-0.088505190078558,0,6119,1,1367,-0.0156828347358697,0.00313025892878941,-0.104188024814428,-0.0977952911627214
TMS18F1323P0041,0.00639273365170634,-0.0512971217555606,0,6450,1,1647,-0.0508225349122765,0.00322543084880172,-0.102119656667837,-0.0957269230161308
TMS18F1323P0042,0.00639273365170634,-0.122328815525403,0,6212,1,1436,-0.00390226711976634,0.00432150195368553,-0.126231082645169,-0.119838348993463
TMS18F1323P0046,0.00639273365170634,-0.103044961413826,0,6149,1,1386,-0.0374735433652514,0.00316801601200827,-0.140518504779078,-0.134125771127371
TMS18F1323P0056,0.00639273365170634,-0.10011510018374,0,6092,1,1352,-0.0183172605236419,0.00322243334635448,-0.118432360707382,-0.112039627055676
TMS18F1323P0058,0.00639273365170634,-0.104133076160637,0,5993,1,1279,-0.0426770114009999,0.00381514194268463,-0.146810087561637,-0.140417353909931
TMS18F1324P0003,0.00639273365170634,-0.0723634475722032,0,5365,1,870,-0.0397818098443529,0.00409749546095609,-0.112145257416556,-0.10575252376485
TMS18F1324P0005,0.00639273365170634,-0.0468719407456434,0,5936,1,1248,0.00132953767539551,0.00311244573551906,-0.0455424030702479,-0.0391496694185415
TMS18F1324P0016,0.00639273365170634,-0.0624593028706904,0,6234,1,1450,0.0156502859703997,0.00318509289277276,-0.0468090169002907,-0.0404162832485843
TMS18F1324P0026,0.00639273365170634,-0.0114737212619046,0,6406,1,1603,0.0039244052161986,0.00304562183690889,-0.00754931604570605,-0.0011565823939997
TMS18F1324P0040,0.00639273365170634,-0.0846024685083622,0,5991,1,1277,-0.0142244520747846,0.00415518414416131,-0.0988269205831468,-0.0924341869314404
TMS18F1324P0043,0.00639273365170634,-0.0764684041119285,0,6250,1,1464,-0.0428229587000343,0.00323163709007161,-0.119291362811963,-0.112898629160256
TMS18F1324P0046,0.00639273365170634,-0.0843558683749338,0,6426,1,1623,-0.0185716889538757,0.00315961058155798,-0.10292755732881,-0.0965348236771032
TMS18F1324P0070,0.00639273365170634,-0.0519513897112807,0,5372,1,877,-0.0361139811047039,0.00303473577998525,-0.0880653708159846,-0.0816726371642782
TMS18F1324P0076,0.00639273365170634,-0.0528679843794323,0,6000,1,1284,-0.0583817391137978,0.00317314268922883,-0.11124972349323,-0.104856989841524
TMS18F1324P0078,0.00639273365170634,-0.0687586096046212,0,6199,1,1425,0.045951148833629,0.00341359745752784,-0.0228074607709922,-0.0164147271192858
TMS18F1324P0089,0.00639273365170634,-0.0695486191508124,0,5459,1,962,-0.0185854390926549,0.00319270090337561,-0.0881340582434673,-0.081741324591761
TMS18F1324P0092,0.00639273365170634,-0.0984412469212195,0,5437,1,940,0.016333194414791,0.00448069985913688,-0.0821080525064284,-0.0757153188547221
TMS18F1324P0093,0.00639273365170634,-0.0538503370055113,0,6439,1,1636,-0.0236906090704844,0.0032948467756706,-0.0775409460759957,-0.0711482124242894
TMS18F1324P0094,0.00639273365170634,-0.0820652331581143,0,6242,1,1456,-0.0207665156474256,0.00345141158359509,-0.10283174880554,-0.0964390151538336
TMS18F1324P0099,0.00639273365170634,-0.074563475082161,0,5960,1,1260,-0.0314390307003505,0.00432685134367021,-0.106002505782512,-0.0996097721308052
TMS18F1324P0101,0.00639273365170634,-0.0446004774775166,0,6156,1,1393,-0.0513034273854487,0.00303396277541778,-0.0959039048629653,-0.0895111712112589
TMS18F1324P0107,0.00639273365170634,-0.0847126658944908,0,5414,1,918,-0.0289395121486,0.00335850055655305,-0.113652178043091,-0.107259444391385
TMS18F1324P0120,0.00639273365170634,-0.043867238561746,0,6266,1,1477,-0.00814208779196847,0.00291479118318565,-0.0520093263537145,-0.0456165927020082
TMS18F1324P0128,0.00639273365170634,-0.062971099136262,0,5557,1,1033,-0.00578279087651827,0.00308650611263713,-0.0687538900127803,-0.062361156361074
TMS18F1324P0132,0.00639273365170634,-0.0504100055631668,0,5531,1,1009,-0.0441194358635285,0.00300631696283177,-0.0945294414266953,-0.088136707774989
TMS18F1324P0135,0.00639273365170634,-0.0403583609430695,0,5547,1,1023,-0.015717983410131,0.00299865685087052,-0.0560763443532005,-0.0496836107014942
TMS18F1324P0142,0.00639273365170634,-0.0640943958526864,0,5767,1,1200,-0.0576303701615586,0.00306629220650096,-0.121724766014245,-0.115332032362539
TMS18F1324P0169,0.00639273365170634,-0.0545763060969612,0,5755,1,1189,-0.0422962720323865,0.00309927129842094,-0.0968725781293477,-0.0904798444776414
TMS18F1324P0171,0.00639273365170634,-0.110683233419334,0,6328,1,1525,0.0346228479370626,0.00345160417137106,-0.0760603854822712,-0.0696676518305648
TMS18F1324P0186,0.00639273365170634,-0.0858377115383502,0,5660,1,1120,0.0204148848280786,0.00333858387415821,-0.0654228267102715,-0.0590300930585652
TMS18F1324P0200,0.00639273365170634,-0.00159910378445267,0,6282,1,1493,0.0308503422457834,0.00233667597914077,0.0292512384613307,0.035643972113037
TMS18F1325P0001,0.00639273365170634,-0.0307587532006206,0,6182,1,1410,-0.0223135606484065,0.00264347816874081,-0.0530723138490271,-0.0466795801973208
TMS18F1325P0032,0.00639273365170634,-0.0336385311518963,0,5506,1,995,-0.0195256689269335,0.00278868141156035,-0.0531642000788298,-0.0467714664271235
TMS18F1326P0007,0.00639273365170634,-0.0923164715487218,0,6438,1,1635,-0.0414444092736306,0.00372435829850342,-0.133760880822352,-0.127368147170646
TMS18F1327P0002,0.00639273365170634,-0.00951676827479742,0,5992,1,1278,-0.0199986611530786,0.0027836642357815,-0.0295154294278761,-0.0231226957761697
TMS18F1327P0006,0.00639273365170634,-0.0266166057040924,0,6451,1,1648,-0.0401055678954977,0.00335732719964196,-0.0667221735995901,-0.0603294399478837
TMS18F1327P0013,0.00639273365170634,-0.0581927909451611,0,6444,1,1641,0.0154441566568838,0.00308241245068788,-0.0427486342882772,-0.0363559006365709
TMS18F1327P0021,0.00639273365170634,-0.0517785657952946,0,6014,1,1295,0.0125062681059058,0.00275762863972482,-0.0392722976893888,-0.0328795640376825
TMS18F1328P0016,0.00639273365170634,-0.0405010635652034,0,6024,1,1303,-0.0291380499248644,0.00270519078164404,-0.0696391134900678,-0.0632463798383614
TMS18F1328P0018,0.00639273365170634,-0.0276909376499915,0,6049,1,1320,0.00496593721962676,0.0027303704768202,-0.0227250004303647,-0.0163322667786584
TMS18F1328P0020,0.00639273365170634,-0.0166416901784693,0,6028,1,1306,-0.0322735322333584,0.0025861986462398,-0.0489152224118277,-0.0425224887601214
TMS18F1328P0027,0.00639273365170634,-0.0259297802042323,0,6327,1,1524,0.012098432834046,0.0028885130956302,-0.0138313473701863,-0.00743861371847997
TMS18F1328P0032,0.00639273365170634,0.00347060577692403,0,6361,1,1558,0.0160076486250666,0.0028094215818552,0.0194782544019906,0.0258709880536969
TMS18F1328P0034,0.00639273365170634,-0.0279388547304986,0,6025,1,1304,-0.00695656354316596,0.00269489849639249,-0.0348954182736646,-0.0285026846219583
TMS18F1328P0035,0.00639273365170634,-0.0351173696720235,0,5636,1,1104,-0.00699982511704495,0.0026128529093368,-0.0421171947890684,-0.0357244611373621
TMS18F1329P0002,0.00639273365170634,-0.0969446905915338,0,6058,1,1325,0.0564499908138045,0.00308810677438047,-0.0404946997777293,-0.034101966126023
TMS18F1329P0004,0.00639273365170634,-0.0376643776129742,0,6073,1,1336,0.0029017169996521,0.00268629802636784,-0.0347626606133221,-0.0283699269616157
TMS18F1329P0011,0.00639273365170634,-0.0504843882238901,0,5467,1,970,0.0273819605891048,0.0027013342507281,-0.0231024276347853,-0.016709693983079
TMS18F1330P0003,0.00639273365170634,-0.0112899817768275,0,5977,1,1270,0.0501626532135892,0.00271407377453963,0.0388726714367617,0.0452654050884681
TMS18F1330P0008,0.00639273365170634,0.0250855986716701,0,5382,1,887,-0.00166779623890532,0.00276438252441185,0.0234178024327648,0.0298105360844711
TMS18F1330P0009,0.00639273365170634,-0.0287806276591068,0,5451,1,954,-0.0164682513905443,0.00265420134456428,-0.045248879049651,-0.0388561453979447
TMS18F1330P0017,0.00639273365170634,0.0189849144829976,0,6045,1,1316,-0.0280853835166228,0.00275456275911394,-0.00910046903362519,-0.00270773538191885
TMS18F1330P0020,0.00639273365170634,-0.0298316760083267,0,5407,1,912,2.89891763946386e-06,0.00263933733209822,-0.0298287770906873,-0.0234360434389809
TMS18F1331P0005,0.00639273365170634,-0.0112720661432285,0,6071,1,1334,0.00668521649559324,0.00258662125009933,-0.00458684964763528,0.00180588400407107
TMS18F1331P0008,0.00639273365170634,0.00216453197318368,0,6030,1,1308,0.00612058452410819,0.00265375821385439,0.00828511649729188,0.0146778501489982
TMS18F1331P0013,0.00639273365170634,0.00963538914344302,0,5368,1,873,0.0296157118087678,0.00277584199164449,0.0392511009522108,0.0456438346039172
TMS18F1331P0016,0.00639273365170634,-0.00995908052878451,0,6291,1,1502,-0.0316146828714246,0.0026304892284686,-0.0415737634002091,-0.0351810297485028
TMS18F1331P0022,0.00639273365170634,-0.00410261058355352,0,6204,1,1429,0.0102436540330994,0.0026310278757597,0.00614104344954588,0.0125337771012522
TMS18F1332P0002,0.00639273365170634,0.0247810261611478,0,5462,1,965,-0.048615924243758,0.00273386652795314,-0.0238348980826102,-0.0174421644309039
TMS18F1332P0034,0.00639273365170634,0.0372428440190358,0,5761,1,1195,0.0411239719460386,0.00280922132204487,0.0783668159650744,0.0847595496167807
TMS18F1333P0002,0.00639273365170634,-0.0216714075641715,0,5989,1,1275,0.038315111374327,0.00278162700652176,0.0166437038101555,0.0230364374618619
TMS18F1333P0006,0.00639273365170634,-0.0223699155362671,0,6265,1,1476,0.0198830561415988,0.00285654466945137,-0.00248685939466831,0.00390587425703803
TMS18F1333P0012,0.00639273365170634,0.00721897056642433,0,5380,1,885,-0.0470850008612405,0.00273376522948287,-0.0398660302948162,-0.0334732966431098
TMS18F1333P0013,0.00639273365170634,-0.0308053264502005,0,5469,1,972,0.0118501867412994,0.00276248040743771,-0.018955139708901,-0.0125624060571947
TMS18F1334P0003,0.00639273365170634,-0.0227810648655586,0,5455,1,958,-0.0501224145327735,0.00271429256316867,-0.0729034793983321,-0.0665107457466258
TMS18F1334P0023,0.00639273365170634,-0.0521092317227893,0,6295,1,1506,0.0204686934994564,0.00289523741870691,-0.0316405382233329,-0.0252478045716265
TMS18F1334P0024,0.00639273365170634,-0.0415735551555565,0,6151,1,1388,-0.0230658571383819,0.00260709730483794,-0.0646394122939385,-0.0582466786422321
TMS18F1334P0034,0.00639273365170634,-0.030480520779349,0,5659,1,1119,-0.0206662490625576,0.00254359642304331,-0.0511467698419066,-0.0447540361902002
TMS18F1334P0048,0.00639273365170634,-0.0486488920135335,0,5606,1,1079,0.000516025024474426,0.00265647983029899,-0.0481328669890591,-0.0417401333373528
TMS18F1335P0001,0.00639273365170634,-0.0546978347205606,0,5442,1,945,-0.0376742954616991,0.00289094022293271,-0.0923721301822597,-0.0859793965305534
TMS18F1335P0008,0.00639273365170634,-0.0782434506298493,0,6143,1,1382,-0.0280769024800153,0.00275923226840418,-0.106320353109865,-0.0999276194581583
TMS18F1335P0014,0.00639273365170634,-0.0882447111701293,0,6216,1,1438,-0.0268540841112562,0.00294375998617712,-0.115098795281385,-0.108706061629679
TMS18F1335P0016,0.00639273365170634,-0.0680582787968701,0,6263,1,1475,0.00672391464797349,0.00266041551407021,-0.0613343641488966,-0.0549416304971903
TMS18F1335P0019,0.00639273365170634,-0.0578978030543095,0,5929,1,1244,-0.0113009569510319,0.0025751076269654,-0.0691987600053414,-0.0628060263536351
TMS18F1335P0021,0.00639273365170634,0.0430618040020814,0,6411,1,1608,0.0329880344927327,0.00295571984267507,0.0760498384948141,0.0824425721465205
TMS18F1335P0035,0.00639273365170634,-0.00247806773099958,0,6298,1,1509,0.0188791134932144,0.00259984011742407,0.0164010457622149,0.0227937794139212
TMS18F1336P0001,0.00639273365170634,-0.0430956533207337,0,6070,1,1333,-0.0209282745748217,0.00275347150819992,-0.0640239278955554,-0.0576311942438491
TMS18F1336P0004,0.00639273365170634,-0.0790540913457919,0,5967,1,1265,-0.0364176868012047,0.00326379515317594,-0.115471778146997,-0.10907904449529
TMS18F1336P0014,0.00639273365170634,-0.0793873016097204,0,5454,1,957,-0.0343724662354811,0.00319839444657756,-0.113759767845201,-0.107367034193495
TMS18F1336P0015,0.00639273365170634,-0.0823601652091723,0,5415,1,919,0.0177135878749526,0.00281162531977144,-0.0646465773342197,-0.0582538436825133
TMS18F1336P0021,0.00639273365170634,-0.0404551563009029,0,6232,1,1448,0.0135939940712662,0.00273087138913336,-0.0268611622296368,-0.0204684285779304
TMS18F1336P0029,0.00639273365170634,-0.0874383071991247,0,5697,1,1149,0.0103316134391659,0.00294339745135801,-0.0771066937599589,-0.0707139601082525
TMS18F1336P0031,0.00639273365170634,-0.0493392143722192,0,5645,1,1111,0.0368753320816932,0.00292809703693187,-0.012463882290526,-0.00607114863881968
TMS18F1336P0035,0.00639273365170634,-0.0557140317877469,0,5583,1,1057,0.0064503090595768,0.00294315179554851,-0.0492637227281701,-0.0428709890764638
TMS18F1337P0007,0.00639273365170634,-0.0717371223829461,0,6152,1,1389,-0.0144293896648583,0.00274650780091901,-0.0861665120478045,-0.0797737783960981
TMS18F1337P0012,0.00639273365170634,-0.0279019094729314,0,6041,1,1314,-0.00261876473653112,0.00264755352515053,-0.0305206742094625,-0.0241279405577562
TMS18F1337P0033,0.00639273365170634,-0.0827178324556238,0,6210,1,1434,-0.0342860515462915,0.00289735434864909,-0.117003884001915,-0.110611150350209
TMS18F1337P0044,0.00639273365170634,-0.0505179266169769,0,5387,1,892,-0.0561419533518112,0.00273930689943824,-0.106659879968788,-0.100267146317082
TMS18F1337P0049,0.00639273365170634,-0.0335645160600668,0,6337,1,1534,0.0786726402932433,0.00383593424188614,0.0451081242331764,0.0515008578848828
TMS18F1338P0008,0.00639273365170634,-0.0206356521189942,0,6059,1,1326,-0.0526991613595461,0.00256374320837521,-0.0733348134785403,-0.066942079826834
TMS18F1338P0012,0.00639273365170634,-0.0605685220254012,0,6172,1,1404,-0.0143407291847434,0.00390619672530553,-0.0749092512101446,-0.0685165175584383
TMS18F1338P0013,0.00639273365170634,-0.0528576121833354,0,5458,1,961,-0.0470342881157024,0.00309917575695662,-0.0998919002990378,-0.0934991666473314
TMS18F1338P0053,0.00639273365170634,-0.0349366883520852,0,5378,1,883,-0.0448486029602692,0.00271297830052738,-0.0797852913123543,-0.073392557660648
TMS18F1338P0061,0.00639273365170634,-0.0579880567874535,0,6258,1,1472,-0.0308987919904146,0.00300514007725574,-0.088886848777868,-0.0824941151261617
TMS18F1338P0067,0.00639273365170634,-0.0334226018528465,0,5434,1,937,-0.0315633320778558,0.00282509255600989,-0.0649859339307023,-0.058593200278996
TMS18F1338P0078,0.00639273365170634,-0.0636680118137611,0,5635,1,1103,-0.0143580124760567,0.00345359744083325,-0.0780260242898178,-0.0716332906381114
TMS18F1338P0085,0.00639273365170634,-0.0511996468329072,0,5429,1,932,-0.0487984316569075,0.00338977278882657,-0.0999980784898147,-0.0936053448381083
TMS18F1338P0087,0.00639273365170634,-0.0847762447644019,0,5591,1,1065,-0.0152260806239337,0.00409102634978674,-0.100002325388336,-0.0936095917366292
TMS18F1338P0099,0.00639273365170634,-0.0418496415914676,0,6461,1,1658,-0.0354480907336659,0.00288836347647421,-0.0772977323251335,-0.0709049986734272
TMS18F1338P0108,0.00639273365170634,-0.0586220302409749,0,5573,1,1048,0.00959737451770514,0.00299195278893016,-0.0490246557232697,-0.0426319220715634
TMS18F1338P0115,0.00639273365170634,-0.0663393131745294,0,5515,1,1000,-0.0347995699842169,0.00402858729968736,-0.101138883158746,-0.0947461495070399
TMS18F1338P0116,0.00639273365170634,-0.0335411901147157,0,5427,1,930,0.037100713880358,0.00269701002456573,0.00355952376564228,0.00995225741734862
TMS18F1339P0001,0.00639273365170634,0.000314859730654003,0,6001,1,1285,-0.00843167882881583,0.00262597433465728,-0.00811681909816183,-0.00172408544645548
TMS18F1339P0012,0.00639273365170634,0.0121402087443365,0,5432,1,935,-0.0331305952659346,0.00273727748763512,-0.020990386521598,-0.0145976528698917
TMS18F1339P0015,0.00639273365170634,-0.0198235743936292,0,5376,1,881,-0.0286700902079226,0.00257037725272971,-0.0484936646015518,-0.0421009309498455
TMS18F1339P0021,0.00639273365170634,-0.0136982073089676,0,6189,1,1416,0.00857257378672159,0.00271225337842847,-0.00512563352224606,0.00126710012946028
TMS18F1339P0024,0.00639273365170634,-0.0196365862660183,0,6124,1,1369,-0.0315948386391852,0.00252162635695435,-0.0512314249052034,-0.0448386912534971
TMS18F1339P0027,0.00639273365170634,-0.019375198284778,0,5621,1,1091,-0.00188515725389214,0.00264671992904008,-0.0212603555386702,-0.0148676218869638
TMS18F1339P0033,0.00639273365170634,-0.0626542924543438,0,6313,1,1519,-0.0335949073033038,0.00289465970036952,-0.0962491997576476,-0.0898564661059412
TMS18F1339P0034,0.00639273365170634,-0.0122430692756495,0,5984,1,1273,-0.0516341131387779,0.00258860403168435,-0.0638771824144274,-0.0574844487627211
TMS18F1340P0001,0.00639273365170634,-0.0398859938574257,0,5452,1,955,-0.00956536235347466,0.00305145796059841,-0.0494513562109004,-0.043058622559194
TMS18F1340P0010,0.00639273365170634,-0.0229301544699531,0,5995,1,1280,-0.00299052953355499,0.00260044664732221,-0.0259206840035081,-0.0195279503518018
TMS18F1340P0018,0.00639273365170634,-0.0333804005913336,0,6192,1,1419,-0.0641228054664025,0.00293540711774412,-0.0975032060577362,-0.0911104724060298
TMS18F1340P0027,0.00639273365170634,-0.0228836068714554,0,5568,1,1044,-0.0137187068713119,0.0026828795343809,-0.0366023137427673,-0.030209580091061
TMS18F1340P0030,0.00639273365170634,-0.0309232033623751,0,5572,1,1047,-0.0710885113229073,0.00257959877054083,-0.102011714685282,-0.0956189810335761
TMS18F1340P0045,0.00639273365170634,-0.0232762884526592,0,5643,1,1109,-0.0222279299363878,0.00253449066271405,-0.0455042183890469,-0.0391114847373406
TMS18F1341P0027,0.00639273365170634,-0.0261365912114278,0,5548,1,1024,-0.0297316801436579,0.00250010378503702,-0.0558682713550857,-0.0494755377033794
TMS18F1341P0030,0.00639273365170634,-0.0246367105250052,0,5543,1,1019,0.00333843085951428,0.00244319694622375,-0.0212982796654909,-0.0149055460137845
TMS18F1341P0037,0.00639273365170634,-0.043911033368778,0,5510,1,997,0.00841157285616286,0.00364480593124835,-0.0354994605126152,-0.0291067268609088
TMS18F1341P0044,0.00639273365170634,-0.0406367027129314,0,5564,1,1040,0.00381873192400261,0.00262902054252603,-0.0368179707889288,-0.0304252371372225
TMS18F1342P0003,0.00639273365170634,-0.0746698029954186,0,6341,1,1538,0.0229978960238987,0.00287997171265971,-0.0516719069715199,-0.0452791733198136
TMS18F1342P0005,0.00639273365170634,-0.050000394075325,0,5970,1,1266,-0.0423686920729405,0.0030078936553542,-0.0923690861482655,-0.0859763524965592
TMS18F1342P0017,0.00639273365170634,0.0310214080012555,0,5390,1,895,-0.00126524089142963,0.00279299993794278,0.0297561671098259,0.0361489007615322
TMS18F1343P0001,0.00639273365170634,-0.053979371081699,0,6010,1,1292,-0.0310614511664371,0.00276940145588302,-0.0850408222481361,-0.0786480885964297
TMS18F1343P0012,0.00639273365170634,-0.0552094530142316,0,6325,1,1522,-0.0176180700767556,0.00284008393568622,-0.0728275230909871,-0.0664347894392808
TMS18F1343P0014,0.00639273365170634,0.041893808710913,0,6355,1,1552,0.0191153894781651,0.00296402913712038,0.0610091981890781,0.0674019318407845
TMS18F1343P0029,0.00639273365170634,-0.0584259535174433,0,6082,1,1343,-0.0597784083580888,0.00309523158624957,-0.118204361875532,-0.111811628223826
TMS18F1343P0044,0.00639273365170634,-0.0490448175061428,0,6004,1,1288,0.00956545381992163,0.00298828492510122,-0.0394793636862212,-0.0330866300345148
TMS18F1343P0052,0.00639273365170634,-0.052430728005668,0,5999,1,1283,0.0121346420654451,0.002894503612054,-0.0402960859402229,-0.0339033522885165
TMS18F1343P0054,0.00639273365170634,-0.0507785064194905,0,6053,1,1322,0.0209541594281298,0.0030145966044448,-0.0298243469913607,-0.0234316133396544
TMS18F1343P0064,0.00639273365170634,-0.0815900490038728,0,5447,1,950,-0.0183649900335929,0.00434799728512362,-0.0999550390374657,-0.0935623053857594
TMS18F1343P0072,0.00639273365170634,-0.0544475398224048,0,6278,1,1489,-0.00728467246448129,0.00419086350228948,-0.0617322122868861,-0.0553394786351797
TMS18F1343P0084,0.00639273365170634,-0.0549993129227044,0,5644,1,1110,-0.0297701587924277,0.0028888540889271,-0.0847694717151321,-0.0783767380634258
TMS18F1343P0151,0.00639273365170634,-0.0506603118031764,0,5608,1,1081,-0.0266950756724569,0.00295349839345963,-0.0773553874756333,-0.070962653823927
TMS18F1343P0153,0.00639273365170634,-0.00515533503340842,0,6375,1,1572,0.0118746622790168,0.00353700450517158,0.0067193272456084,0.0131120608973147
TMS18F1343P0171,0.00639273365170634,-0.0688778876735107,0,5530,1,1008,-0.0246906285850616,0.0030637045682733,-0.0935685162585723,-0.087175782606866
TMS18F1343P0179,0.00639273365170634,-0.120670815269279,0,5599,1,1073,-0.011041992302064,0.00417896283334827,-0.131712807571343,-0.125320073919637
TMS18F1343P0189,0.00639273365170634,-0.0865528529550069,0,5538,1,1014,-0.058316466578929,0.00369915481927626,-0.144869319533936,-0.138476585882229
TMS18F1344P0003,0.00639273365170634,-0.0222349999314405,0,6352,1,1549,-0.00730956671602699,0.00296521205840494,-0.0295445666474675,-0.0231518329957612
TMS18F1344P0004,0.00639273365170634,-0.0696105482927751,0,6169,1,1401,0.0129566999414753,0.00322834424294022,-0.0566538483512998,-0.0502611146995935
TMS18F1344P0014,0.00639273365170634,-0.0177460237632142,0,6336,1,1533,-0.00835674026961049,0.00282523501771591,-0.0261027640328247,-0.0197100303811183
TMS18F1344P0021,0.00639273365170634,-0.0529543387062402,0,6003,1,1287,-0.017582249709461,0.00257245648930725,-0.0705365884157012,-0.0641438547639949
TMS18F1344P0024,0.00639273365170634,-0.0643239789010443,0,5966,1,1264,0.0262692181674463,0.00265077209211253,-0.0380547607335979,-0.0316620270818916
TMS18F1344P0044,0.00639273365170634,-0.0866689030208569,0,6135,1,1376,-0.0391453261041749,0.00291588290423054,-0.125814229125032,-0.119421495473325
TMS18F1344P0100,0.00639273365170634,-0.0657376373872994,0,5436,1,939,0.00236877339660671,0.00347179714736268,-0.0633688639906927,-0.0569761303389863
TMS18F1344P0103,0.00639273365170634,-0.0557985973566575,0,6017,1,1297,-0.0115690100532881,0.00300197276328799,-0.0673676074099456,-0.0609748737582393
TMS18F1344P0107,0.00639273365170634,-0.0608378460202899,0,6002,1,1286,0.0298239745893239,0.00299289144354833,-0.031013871430966,-0.0246211377792597
TMS18F1344P0110,0.00639273365170634,-0.0621469995639063,0,6164,1,1398,0.0239982472197357,0.00303954002414265,-0.0381487523441706,-0.0317560186924642
TMS18F1344P0113,0.00639273365170634,-0.078995778933012,0,6207,1,1431,0.00243969695693418,0.00388270345000619,-0.0765560819760779,-0.0701633483243715
TMS18F1344P0133,0.00639273365170634,-0.0127004729672641,0,6445,1,1642,-0.0456451691382365,0.00261678151463851,-0.0583456421055006,-0.0519529084537942
TMS18F1344P0136,0.00639273365170634,-0.0700308862442414,0,5611,1,1083,-0.00560742828250377,0.00421956453322039,-0.0756383145267452,-0.0692455808750389
TMS18F1344P0147,0.00639273365170634,-0.0312147490112376,0,6398,1,1595,0.00389648375879134,0.00282056489696934,-0.0273182652524462,-0.0209255316007399
TMS18F1344P0150,0.00639273365170634,-0.0363707855997561,0,5756,1,1190,-0.019728068088152,0.00286041911483952,-0.0560988536879081,-0.0497061200362018
TMS18F1344P0152,0.00639273365170634,-0.0521519601079784,0,5529,1,1007,-0.023612861872281,0.00312914396083881,-0.0757648219802594,-0.0693720883285531
TMS18F1344P0153,0.00639273365170634,-0.0411596394248937,0,5525,1,1004,-0.0193530811660175,0.00332259878216504,-0.0605127205909112,-0.0541199869392049
TMS18F1344P0158,0.00639273365170634,-0.0873226363921447,0,5723,1,1170,0.0804437230377528,0.00395866917163935,-0.00687891335439192,-0.00048617970268558
TMS18F1344P0159,0.00639273365170634,-0.0576965704737857,0,5527,1,1006,0.00391631412030421,0.00320140328340846,-0.0537802563534815,-0.0473875227017752
TMS18F1344P0164,0.00639273365170634,-0.0406814637308903,0,5738,1,1179,0.0111239814345286,0.00304084972890065,-0.0295574822963616,-0.0231647486446553
TMS18F1344P0171,0.00639273365170634,-0.0814921142135687,0,5651,1,1115,0.0101766769264212,0.00434225682965044,-0.0713154372871475,-0.0649227036354411
TMS18F1344P0176,0.00639273365170634,-0.0360754892078339,0,6290,1,1501,0.0377037451305136,0.00294682959467648,0.00162825592267968,0.00802098957438603
TMS18F1344P0184,0.00639273365170634,-0.04420994597517,0,5622,1,1092,0.00169005587609476,0.00302764274162039,-0.0425198900990752,-0.0361271564473689
TMS18F1344P0198,0.00639273365170634,-0.0523983388057621,0,6388,1,1585,-0.0447338319727145,0.00283248899779327,-0.0971321707784766,-0.0907394371267702
TMS18F1345P0001,0.00639273365170634,-0.0203603204511274,0,5422,1,925,0.0225949323340588,0.00272428125753033,0.00223461188293142,0.00862734553463776
TMS18F1345P0005,0.00639273365170634,-0.0047507149975494,0,6211,1,1435,-0.00564005041004533,0.00276963724742822,-0.0103907654075947,-0.00399803175588839
TMS18F1345P0012,0.00639273365170634,-0.00571487227743524,0,6420,1,1617,-0.0447478893462541,0.00269226441636942,-0.0504627616236893,-0.044070027971983
TMS18F1345P0030,0.00639273365170634,0.00427279381132444,0,6227,1,1444,-0.0339048623423319,0.0028077228474387,-0.0296320685310074,-0.0232393348793011
TMS18F1345P0037,0.00639273365170634,-0.0218045795230537,0,6243,1,1457,0.0271112671453714,0.00278774043174134,0.00530668762231764,0.011699421274024
TMS18F1345P0043,0.00639273365170634,-0.0285935296741095,0,5541,1,1017,0.0075835182725904,0.00278150183401093,-0.0210100114015191,-0.0146172777498128
TMS18F1345P0056,0.00639273365170634,-0.0181655659984739,0,5549,1,1025,0.00793058674199345,0.00282389446051224,-0.0102349792564805,-0.00384224560477413
TMS18F1346P0023,0.00639273365170634,-0.0633487902129935,0,6372,1,1569,-0.0178803314358227,0.00339293451234896,-0.0812291216488163,-0.0748363879971099
TMS18F1347P0029,0.00639273365170634,0.0430244955162408,0,6303,1,1514,0.00224196604838952,0.00284447161324899,0.0452664615646303,0.0516591952163367
TMS18F1348P0006,0.00639273365170634,-0.0675642623129201,0,6276,1,1487,-0.0429484250521896,0.00319402680533859,-0.11051268736511,-0.104119953713403
TMS18F1348P0024,0.00639273365170634,0.00323839426024276,0,6414,1,1611,-0.0175643042114061,0.00234612867459162,-0.0143259099511634,-0.00793317629945704
TMS18F1348P0029,0.00639273365170634,-0.0523055163420094,0,6032,1,1310,0.041244833445703,0.00247068107300202,-0.0110606828963064,-0.00466794924460006
TMS18F1348P0039,0.00639273365170634,-0.0606653265821995,0,5405,1,910,0.0144893434565197,0.0033735895994575,-0.0461759831256797,-0.0397832494739734
TMS18F1348P0044,0.00639273365170634,-0.0493116579833923,0,6253,1,1467,-0.00321521015296083,0.00345497838097698,-0.0525268681363531,-0.0461341344846468
TMS18F1348P0051,0.00639273365170634,-0.0377550330957284,0,5449,1,952,-0.0471723092468272,0.00242663432653938,-0.0849273423425556,-0.0785346086908493
TMS18F1348P0056,0.00639273365170634,-0.0585294620162675,0,6046,1,1317,-0.0167164957497359,0.00256900374692425,-0.0752459577660034,-0.068853224114297
TMS18F1348P0085,0.00639273365170634,-0.0345019026671261,0,6272,1,1483,-0.0103177010988028,0.00238070392411564,-0.0448196037659289,-0.0384268701142225
TMS18F1348P0088,0.00639273365170634,-0.0236883710803528,0,6365,1,1562,-0.0470535751891768,0.00285324457421049,-0.0707419462695296,-0.0643492126178232
TMS18F1348P0092,0.00639273365170634,-0.0280006624888391,0,6435,1,1632,-0.0548124670780327,0.00316564714928755,-0.0828131295668718,-0.0764203959151654
TMS18F1348P0095,0.00639273365170634,-0.0700165299091218,0,6299,1,1510,0.00789727442751871,0.00297025659583277,-0.0621192554816031,-0.0557265218298967
TMS18F1348P0097,0.00639273365170634,-0.0450693296115896,0,5563,1,1039,-0.0214209600483906,0.00241890854933998,-0.0664902896599802,-0.0600975560082739
TMS18F1348P0098,0.00639273365170634,-0.029589316613345,0,6385,1,1582,0.014134161584186,0.00280209013976835,-0.015455155029159,-0.00906242137745265
TMS18F1348P0101,0.00639273365170634,-0.0130138778074934,0,6400,1,1597,-0.0124469026337648,0.00290874113911921,-0.0254607804412583,-0.0190680467895519
TMS18F1348P0102,0.00639273365170634,-0.0423525974920396,0,5870,1,1228,-0.0139241333528519,0.00247300633181351,-0.0562767308448915,-0.0498839971931851
TMS18F1348P0104,0.00639273365170634,-0.0339471577921402,0,5820,1,1216,-0.0270517613823128,0.00241727590716563,-0.060998919174453,-0.0546061855227467
TMS18F1348P0108,0.00639273365170634,-0.014702032423608,0,5774,1,1206,-0.0360479194913874,0.00252990324075664,-0.0507499519149955,-0.0443572182632891
TMS18F1348P0113,0.00639273365170634,0.0129334355163168,0,6423,1,1620,-0.0154069872948273,0.00285467058832591,-0.00247355177851051,0.00391918187319583
TMS18F1348P0117,0.00639273365170634,-0.03732322849387,0,5562,1,1038,-0.0120571121550322,0.00252143419868876,-0.0493803406489023,-0.0429876069971959
TMS18F1348P0131,0.00639273365170634,-0.0303270763150979,0,5426,1,929,-0.0292889637753472,0.00251318124242222,-0.0596160400904451,-0.0532233064387387
TMS18F1348P0139,0.00639273365170634,-0.0203698552498371,0,5638,1,1105,-0.0412432810524351,0.00251142710230762,-0.0616131363022722,-0.0552204026505658
TMS18F1348P0156,0.00639273365170634,-0.0215943450087097,0,5418,1,921,-0.0140202456859862,0.00242033532557999,-0.0356145906946959,-0.0292218570429896
TMS18F1348P0157,0.00639273365170634,-0.0458926117262943,0,5509,1,996,-0.0109413677647608,0.00340546829127184,-0.0568339794910551,-0.0504412458393487
TMS18F1349P0005,0.00639273365170634,-0.0420378319934006,0,6105,1,1359,0.0278084369003874,0.00399246191229235,-0.0142293950930133,-0.00783666144130693
TMS18F1349P0018,0.00639273365170634,-0.00531998469262706,0,6240,1,1454,-0.0234683965551756,0.0027187121513628,-0.0287883812478026,-0.0223956475960963
TMS18F1349P0064,0.00639273365170634,-0.00110625414785743,0,5464,1,967,-0.00391564441673254,0.00270815448874271,-0.00502189856458997,0.00137083508711638
TMS18F1349P0065,0.00639273365170634,-0.00266404523972292,0,6360,1,1557,-0.0303212118256969,0.00274590214524489,-0.0329852570654198,-0.0265925234137135
TMS18F1349P0095,0.00639273365170634,0.00891177582249882,0,6279,1,1490,-0.0291214553076102,0.00283838538713845,-0.0202096794851114,-0.013816945833405
TMS18F1349P0101,0.00639273365170634,-0.00312197062989498,0,5930,1,1245,-0.0354313783835733,0.00342441603936197,-0.0385533490134682,-0.0321606153617619
TMS18F1349P0123,0.00639273365170634,-0.00362516557630838,0,6463,1,1660,0.0338073103963707,0.00286885712340179,0.0301821448200623,0.0365748784717687
TMS18F1349P0126,0.00639273365170634,-0.0151248768111183,0,6284,1,1495,-0.0101044634159318,0.0027958047837782,-0.0252293402270501,-0.0188366065753437
TMS18F1349P0137,0.00639273365170634,0.0153964147057314,0,6163,1,1397,-0.0568683531313671,0.00272749761049077,-0.0414719384256357,-0.0350792047739293
TMS18F1349P0143,0.00639273365170634,-0.00359848672335277,0,6043,1,1315,-0.0256844341282646,0.00266667664962761,-0.0292829208516174,-0.022890187199911
TMS18F1349P0147,0.00639273365170634,-0.000223714219106573,0,6260,1,1473,-0.00815763377535526,0.00267323232318232,-0.00838134799446183,-0.00198861434275549
TMS18F1349P0149,0.00639273365170634,-0.00275544303786521,0,6293,1,1504,0.0034742061761256,0.00272261811546753,0.00071876313826039,0.00711149678996673
TMS18F1349P0155,0.00639273365170634,-0.0147771736603718,0,6273,1,1484,0.0234050060901945,0.00278789291698507,0.00862783242982275,0.0150205660815291
TMS18F1349P0157,0.00639273365170634,0.0182782655641158,0,5398,1,903,-0.0335841081031076,0.00279855210609559,-0.0153058425389918,-0.00891310888728544
TMS18F1350P0026,0.00639273365170634,-0.0488324557601747,0,6364,1,1561,-0.00017654521775968,0.00326139223633813,-0.0490090009779344,-0.0426162673262281
TMS18F1350P0033,0.00639273365170634,0.0588746946575034,0,6198,1,1424,-0.00117752830070065,0.00287047869137969,0.0576971663568028,0.0640899000085091
TMS18F1350P0038,0.00639273365170634,-0.0805937991694591,0,6442,1,1639,-0.0741376145952972,0.00303848164969206,-0.154731413764756,-0.14833868011305
TMS18F1350P0041,0.00639273365170634,-0.0288259144790298,0,6431,1,1628,-0.0292422724916276,0.00260027980900413,-0.0580681869706575,-0.0516754533189511
TMS18F1350P0056,0.00639273365170634,0.0486812976427777,0,5450,1,953,-0.006487022787662,0.00280837367136615,0.0421942748551157,0.0485870085068221
TMS18F1350P0065,0.00639273365170634,-0.0458359742802836,0,6376,1,1573,0.0124518413436223,0.00297918401296556,-0.0333841329366612,-0.0269913992849549
TMS18F1350P0067,0.00639273365170634,0.0315104045455013,0,5566,1,1042,-0.0224156439257755,0.00266540967121424,0.00909476061972579,0.0154874942714321
TMS18F1350P0078,0.00639273365170634,0.0251345830931144,0,5628,1,1097,-0.00547305858581167,0.00261907500990023,0.0196615245073027,0.0260542581590091
TMS18F1350P0082,0.00639273365170634,0.0255487591059313,0,5554,1,1030,0.00102107451286095,0.00280592030962365,0.0265698336187923,0.0329625672704986
TMS18F1350P0086,0.00639273365170634,0.0511355267862346,0,5626,1,1095,-0.0217756576246025,0.00285740062071514,0.0293598691616321,0.0357526028133384
TMS18F1350P0091,0.00639273365170634,-0.0308582366953048,0,6455,1,1652,-0.0127647573131888,0.00297309118017511,-0.0436229940084936,-0.0372302603567872
TMS18F1350P0096,0.00639273365170634,0.0465111005037976,0,5555,1,1031,0.000862139720474597,0.00286889088918746,0.0473732402242722,0.0537659738759785
TMS18F1352P0002,0.00639273365170634,0.016644101829382,0,5399,1,904,0.0124779149984711,0.00263029426975034,0.0291220168278531,0.0355147504795594
TMS18F1352P0004,0.00639273365170634,0.00952351979361706,0,6160,1,1395,0.0254718435608154,0.00265100814652822,0.0349953633544325,0.0413880970061388
TMS18F1352P0012,0.00639273365170634,0.0323948931464955,0,6012,1,1294,0.0351251013397683,0.00274700401542419,0.0675199944862638,0.0739127281379702
TMS18F1352P0015,0.00639273365170634,-0.0082571038258939,0,6203,1,1428,0.0408729411294154,0.00259830820277612,0.0326158373035215,0.0390085709552278
TMS18F1352P0016,0.00639273365170634,0.0234407343494596,0,5439,1,942,-0.0061039722503667,0.00277790293381631,0.0173367620990929,0.0237294957507992
TMS18F1352P0026,0.00639273365170634,0.0172849238460891,0,6054,1,1323,0.00486336458727613,0.00269222135733363,0.0221482884333653,0.0285410220850716
TMS18F1352P0035,0.00639273365170634,0.0259563217624584,0,5582,1,1056,0.0319920887998233,0.00261626988282799,0.0579484105622817,0.064341144213988
TMS18F1352P0041,0.00639273365170634,0.0242963483823694,0,5658,1,1118,0.0346084842012106,0.0026146971337778,0.05890483258358,0.0652975662352864
TMS18F1352P0043,0.00639273365170634,0.00151492885518367,0,6311,1,1518,0.0189059626498839,0.00268992602967776,0.0204208915050676,0.0268136251567739
TMS18F1352P0047,0.00639273365170634,0.0366234998796226,0,5620,1,1090,0.0100358107556346,0.00265321401199234,0.0466593106352572,0.0530520442869635
TMS18F1352P0049,0.00639273365170634,-0.0153994944303098,0,6326,1,1523,0.0115796615286319,0.00275241284219956,-0.00381983290167786,0.00257290075002848
TMS18F1352P0132,0.00639273365170634,-0.0503065379553917,0,5765,1,1198,-0.00633636280876496,0.00348161522653831,-0.0566429007641567,-0.0502501671124503
TMS18F1353P0014,0.00639273365170634,-0.0202651841560886,0,6280,1,1491,0.0357715128449023,0.00308515551890203,0.0155063286888137,0.02189906234052
TMS18F1353P0017,0.00639273365170634,0.0197093216456179,0,5448,1,951,-0.0100073091682047,0.00273360296250415,0.00970201247741321,0.0160947461291195
TMS18F1353P0019,0.00639273365170634,0.0251736151030289,0,6084,1,1345,-0.00014344059901967,0.00264440730528498,0.0250301745040092,0.0314229081557156
TMS18F1353P0022,0.00639273365170634,0.00435722827052375,0,6301,1,1512,0.0382141429955031,0.00265354467747937,0.0425713712660269,0.0489641049177332
TMS18F1353P0023,0.00639273365170634,0.00681521848025916,0,5559,1,1035,0.0157673246348366,0.00236840252599608,0.0225825431150957,0.0289752767668021
TMS18F1353P0026,0.00639273365170634,-0.00716058026219063,0,5668,1,1126,0.0298395255262395,0.002670270625281,0.0226789452640489,0.0290716789157553
TMS18F1353P0027,0.00639273365170634,0.0154855389506217,0,5617,1,1087,0.0229355498210939,0.0024189091561597,0.0384210887717156,0.0448138224234219
TMS18F1353P0033,0.00639273365170634,-0.00355698112500152,0,5671,1,1127,0.0203064526958095,0.00253440893006389,0.016749471570808,0.0231422052225143
TMS18F1353P0037,0.00639273365170634,0.0227792772737347,0,5722,1,1169,-0.0178514869074323,0.00252073249403201,0.00492779036630235,0.0113205240180087
TMS18F1353P0038,0.00639273365170634,-0.0794739496245579,0,5516,1,1001,0.0111385375352349,0.00280944444637476,-0.068335412089323,-0.0619426784376166
TMS18F1354P0022,0.00639273365170634,-0.0467257647441911,0,5957,1,1258,-0.0271239380481623,0.00293451632075135,-0.0738497027923534,-0.067456969140647
TMS18F1354P0025,0.00639273365170634,-0.0503207768975144,0,6166,1,1400,0.015434905906137,0.00280735787044362,-0.0348858709913774,-0.0284931373396711
TMS18F1354P0027,0.00639273365170634,-0.0366684174079513,0,6345,1,1542,-0.00019154868342601,0.00295269212449343,-0.0368599660913773,-0.030467232439671
TMS18F1354P0030,0.00639273365170634,-0.0218147327613079,0,6154,1,1391,-0.00659450378850833,0.00278895695331465,-0.0284092365498163,-0.0220165028981099
TMS18F1355P0001,0.00639273365170634,-0.0615372537752128,0,6144,1,1383,0.00478625864051856,0.00270866579539157,-0.0567509951346942,-0.0503582614829879
TMS18F1355P0018,0.00639273365170634,-0.0713155488762517,0,6062,1,1327,0.0431892366286511,0.00269280162156241,-0.0281263122476006,-0.0217335785958943
TMS18F1355P0025,0.00639273365170634,-0.0822642798085387,0,5400,1,905,0.022748200505547,0.00289078840166343,-0.0595160793029918,-0.0531233456512854
TMS18F1355P0030,0.00639273365170634,-0.03454983768808,0,6449,1,1646,0.0410082825060447,0.00290353354457009,0.00645844481796468,0.012851178469671
TMS18F1355P0038,0.00639273365170634,0.00126857628864685,0,6329,1,1526,0.03474342606134,0.00270614017485217,0.0360120023499868,0.0424047360016932
TMS18F1355P0063,0.00639273365170634,-0.0597282574033414,0,5616,1,1086,0.00326595646421298,0.00301500274452202,-0.0564623009391284,-0.0500695672874221
TMS18F1355P0081,0.00639273365170634,-0.0789265186020303,0,5514,1,999,-0.000975140690957066,0.0029591022443875,-0.0799016592929873,-0.073508925641281
TMS18F1355P0085,0.00639273365170634,-0.11428572856787,0,5550,1,1026,0.0349792400682975,0.003378061306505,-0.0793064884995724,-0.0729137548478661
TMS18F1355P0088,0.00639273365170634,-0.0517081102789604,0,5687,1,1141,-0.0418432256551163,0.00314821672436216,-0.0935513359340767,-0.0871586022823703
TMS18F1355P0089,0.00639273365170634,-0.0862021935014887,0,5593,1,1067,0.0382846371457043,0.0029077751854811,-0.0479175563557844,-0.041524822704078
TMS18F1355P0104,0.00639273365170634,-0.0556446731838993,0,5596,1,1070,-0.0011779588112402,0.00289606487754512,-0.0568226319951395,-0.0504298983434331
TMS18F1355P0107,0.00639273365170634,-0.0830108704807212,0,5678,1,1134,0.0293296869785509,0.0033515410002498,-0.0536811835021703,-0.0472884498504639
TMS18F1355P0113,0.00639273365170634,-0.0898369261755065,0,5719,1,1166,-0.00392748246836839,0.00308892681364881,-0.0937644086438749,-0.0873716749921686
TMS18F1355P0120,0.00639273365170634,-0.00125953548087669,0,6437,1,1634,0.0245871850050304,0.00265430845896052,0.0233276495241537,0.0297203831758601
TMS18F1356P0026,0.00639273365170634,-0.00329327982530593,0,6256,1,1470,-0.0455117380858343,0.002726936649686,-0.0488050179111402,-0.0424122842594339
TMS18F1357P0004,0.00639273365170634,-0.0198101204755956,0,6229,1,1446,0.0136150069926314,0.00247597886919302,-0.00619511348296421,0.000197620168742137
TMS18F1357P0020,0.00639273365170634,-0.000187333379484421,0,6186,1,1413,0.0222444162217789,0.00273597494289691,0.0220570828422945,0.0284498164940008
TMS18F1357P0024,0.00639273365170634,-0.0214426926365552,0,6275,1,1486,0.0355854363787939,0.00276737755371331,0.0141427437422388,0.0205354773939451
TMS18F1358P0001,0.00639273365170634,-0.0165405073814192,0,6106,1,1360,0.00598724107504253,0.00264297741906789,-0.0105532663063767,-0.00416053265467036
TMS18F1359P0001,0.00639273365170634,-0.0183729622560874,0,5428,1,931,0.0136321024214356,0.00316296539012499,-0.00474085983465184,0.00165187381705451
TMS18F1359P0023,0.00639273365170634,0.00191813986299236,0,5594,1,1068,-0.0235345940390384,0.00250770668035421,-0.021616454176046,-0.0152237205243397
TMS18F1359P0024,0.00639273365170634,0.00413607126155492,0,5721,1,1168,0.0150095627323747,0.00248360572061584,0.0191456339939296,0.025538367645636
TMS18F1359P0027,0.00639273365170634,0.00824224648155929,0,5703,1,1155,-0.00526231809095515,0.00260030531455849,0.00297992839060414,0.00937266204231048
TMS18F1361P0004,0.00639273365170634,-0.00610913304651256,0,6153,1,1390,0.0598564688148914,0.00268531213824395,0.0537473357683789,0.0601400694200852
TMS18F1361P0018,0.00639273365170634,-0.0162947445193178,0,5402,1,907,0.00431484651517468,0.00277475059291772,-0.0119798980041431,-0.00558716435243673
TMS18F1361P0023,0.00639273365170634,-0.0251529394448291,0,6142,1,1381,0.0827894042847491,0.00264376905769268,0.05763646483992,0.0640291984916263
TMS18F1361P0024,0.00639273365170634,-0.0283696208271846,0,6247,1,1461,0.0450393231881962,0.00254559884573361,0.0166697023610116,0.0230624360127179
TMS18F1361P0034,0.00639273365170634,-0.0079934589108152,0,5576,1,1051,0.0650429705323092,0.00250287217624167,0.057049511621494,0.0634422452732003
TMS18F1361P0041,0.00639273365170634,-0.00503494782158175,0,6405,1,1602,0.0777071497499153,0.00264477886135508,0.0726722019283335,0.0790649355800399
TMS18F1361P0045,0.00639273365170634,-0.0203115097539566,0,5618,1,1088,0.0576374079810881,0.0027175645306894,0.0373258982271315,0.0437186318788379
TMS18F1362P0003,0.00639273365170634,-0.0256187169607315,0,6048,1,1319,0.0768814541454278,0.00383987660898135,0.0512627371846963,0.0576554708364026
TMS18F1362P0007,0.00639273365170634,-0.0114979125867276,0,5443,1,946,-0.00818534938992225,0.0026665664407412,-0.0196832619766498,-0.0132905283249435
TMS18F1363P0007,0.00639273365170634,-0.0279857894674658,0,5921,1,1243,0.0590426904158926,0.00276726135128628,0.0310569009484268,0.0374496346001332
TMS18F1364P0007,0.00639273365170634,0.047116740695525,0,5958,1,1259,0.00629430453858745,0.0024667795822776,0.0534110452341125,0.0598037788858188
TMS18F1364P0018,0.00639273365170634,-0.0649458766958583,0,6300,1,1511,0.0458583538720864,0.0029302121594446,-0.0190875228237718,-0.0126947891720655
TMS18F1364P0022,0.00639273365170634,-0.00468163826339642,0,5441,1,944,0.0435847228449521,0.00288003075906229,0.0389030845815557,0.045295818233262
TMS18F1364P0027,0.00639273365170634,-0.0243093811959408,0,6427,1,1624,0.0719841960537299,0.00298800956974145,0.047674814857789,0.0540675485094954
TMS18F1365P0005,0.00639273365170634,0.0137241975424226,0,5457,1,960,0.00094640813634389,0.0028736942034696,0.0146706056787665,0.0210633393304729
TMS18F1365P0018,0.00639273365170634,0.0214103419436606,0,6349,1,1546,0.00577612025642255,0.0029138733811135,0.0271864622000831,0.0335791958517895
TMS18F1365P0022,0.00639273365170634,3.10781148679037e-05,0,5453,1,956,0.00749943526124693,0.00274269786119416,0.00753051337611484,0.0139232470278212
TMS18F1365P0024,0.00639273365170634,-0.084286004809025,0,6399,1,1596,-0.0163832970191539,0.00341508375384735,-0.100669301828179,-0.0942765681764726
TMS18F1366P0001,0.00639273365170634,-0.0152791322881072,0,6114,1,1362,0.0539222394254443,0.00272722356764456,0.0386431071373372,0.0450358407890435
TMS18F1366P0002,0.00639273365170634,0.0112259127117758,0,6233,1,1449,0.0465102478477189,0.00249549480382578,0.0577361605594947,0.064128894211201
TMS18F1366P0012,0.00639273365170634,-0.0226570412736321,0,6347,1,1544,0.00390518805277326,0.00293056342897561,-0.0187518532208588,-0.0123591195691525
TMS18F1366P0014,0.00639273365170634,-0.00205613672258424,0,5366,1,871,0.0617784348113411,0.00244619595823018,0.0597222980887568,0.0661150317404632
TMS18F1366P0017,0.00639273365170634,-0.0147026873349717,0,6007,1,1290,0.0371793489131842,0.00271653275458374,0.0224766615782125,0.0288693952299188
TMS18F1366P0018,0.00639273365170634,0.012651147009737,0,6241,1,1455,0.0263460765672379,0.00254330743820939,0.0389972235769748,0.0453899572286812
TMS18F1366P0031,0.00639273365170634,0.0171256088812118,0,5589,1,1063,0.0604143154388135,0.00258997202873478,0.0775399243200254,0.0839326579717317
TMS18F1367P0011,0.00639273365170634,0.00231880739831203,0,5963,1,1263,-0.0117252388761159,0.00293221856259397,-0.00940643147780388,-0.00301369782609754
TMS18F1367P0025,0.00639273365170634,-0.0412085764517731,0,6196,1,1422,0.0458006608629396,0.00269871802011843,0.00459208441116646,0.0109848180628728
TMS18F1367P0030,0.00639273365170634,-0.00526585299257736,0,5392,1,897,0.050615389412741,0.0028452485927627,0.0453495364201637,0.05174227007187
TMS18F1369P0010,0.00639273365170634,4.00327808720829e-05,0,5431,1,934,0.0783271224443378,0.00247128755572644,0.0783671552252099,0.0847598888769162
TMS18F1369P0014,0.00639273365170634,0.00798848937752458,0,5381,1,886,0.0819564065493214,0.00257854311288919,0.089944895926846,0.0963376295785523
TMS18F1369P0015,0.00639273365170634,0.00507325235165537,0,5391,1,896,0.0630836480625576,0.00254871705927858,0.068156900414213,0.0745496340659193
TMS18F1369P0016,0.00639273365170634,-0.0192123113476811,0,5955,1,1257,0.0684081447266028,0.00252883764433986,0.0491958333789217,0.0555885670306281
TMS18F1369P0023,0.00639273365170634,0.00545118712903112,0,5375,1,880,0.0562958703738769,0.00252740192862369,0.061747057502908,0.0681397911546144
TMS18F1370P0008,0.00639273365170634,-0.0351039676199004,0,5421,1,924,0.0116002049709063,0.00280870469212074,-0.0235037626489941,-0.0171110289972878
TMS18F1370P0012,0.00639273365170634,-0.0433992770506004,0,6262,1,1474,-0.0120003390059651,0.00286085497952577,-0.0553996160565655,-0.0490068824048591
TMS18F1371P0001,0.00639273365170634,-0.0586232942174227,0,5369,1,874,-0.0285293909113941,0.00312930892528027,-0.0871526851288168,-0.0807599514771105
TMS18F1371P0011,0.00639273365170634,-0.0352043250953583,0,5384,1,889,0.0409762653173813,0.00277327136461227,0.00577194022202304,0.0121646738737294
TMS18F1372P0010,0.00639273365170634,0.0135204215552731,0,6184,1,1412,0.0618780046199111,0.00260279660387295,0.0753984261751842,0.0817911598268906
TMS18F1372P0013,0.00639273365170634,-0.00883672493056319,0,6270,1,1481,0.0708701000384055,0.00278421449088766,0.0620333751078424,0.0684261087595487
TMS18F1372P0019,0.00639273365170634,0.0173426486048193,0,6202,1,1427,0.0474144052261772,0.00257424118446346,0.0647570538309965,0.0711497874827028
TMS18F1372P0024,0.00639273365170634,-0.023556916774229,0,6335,1,1532,0.00930681493071099,0.00281044196782721,-0.014250101843518,-0.00785736819181167
TMS18F1372P0041,0.00639273365170634,0.00515075631699374,0,6379,1,1576,-0.00942771453335493,0.00293056726404473,-0.00427695821636118,0.00211577543534516
TMS18F1373P0003,0.00639273365170634,-0.0374039190424147,0,6150,1,1387,0.0645784766572951,0.0027036259844717,0.0271745576148803,0.0335672912665867
TMS18F1373P0018,0.00639273365170634,0.00117111870330687,0,6176,1,1407,0.0387438775401306,0.00253307165437693,0.0399149962434375,0.0463077298951438
TMS18F1373P0019,0.00639273365170634,-0.0213894927476282,0,6165,1,1399,0.0665237529733709,0.00275664573455117,0.0451342602257427,0.051526993877449
TMS18F1373P0026,0.00639273365170634,0.0292165290230709,0,6050,1,1321,0.0513123667472903,0.00287677624139629,0.0805288957703612,0.0869216294220675
TMS18F1373P0028,0.00639273365170634,-0.0323890817887078,0,5401,1,906,0.0258263346024231,0.00269231239389233,-0.00656274718628476,-0.00017001353457842
TMS18F1373P0040,0.00639273365170634,-0.0397600332656289,0,6128,1,1372,0.0418180832340697,0.00271897832807486,0.00205804996844076,0.0084507836201471
TMS18F1374P0007,0.00639273365170634,-0.00464622027212102,0,6206,1,1430,0.0476788781516252,0.00281807363327568,0.0430326578795042,0.0494253915312106
TMS18F1376P0012,0.00639273365170634,0.00204856761027315,0,6195,1,1421,0.0219542757577611,0.00276618202783247,0.0240028433680343,0.0303955770197406
TMS18F1377P0007,0.00639273365170634,0.00433498207727159,0,5377,1,882,-0.0154001239381639,0.00273492947419535,-0.0110651418608923,-0.00467240820918592
TMS18F1377P0023,0.00639273365170634,-0.026452996360198,0,5379,1,884,0.0244309976728935,0.0027286243094308,-0.00202199868730452,0.00437073496440182
TMS18F1378P0009,0.00639273365170634,0.0395320339526635,0,6245,1,1459,-0.00821955736196646,0.00261229133949232,0.0313124765906971,0.0377052102424034
TMS18F1378P0019,0.00639273365170634,0.039733449150572,0,6218,1,1440,0.017500335140261,0.00266535769585692,0.0572337842908331,0.0636265179425394
TMS18F1379P0019,0.00639273365170634,0.0333112494694085,0,6020,1,1299,0.0305701847536886,0.00293537134605633,0.0638814342230971,0.0702741678748034
TMS18F1379P0021,0.00639273365170634,0.0350240174218972,0,6171,1,1403,0.0196752142475375,0.00292094157072892,0.0546992316694347,0.061091965321141
TMS18F1380P0003,0.00639273365170634,0.0318439710632457,0,6429,1,1626,0.0029504605174674,0.00284522396898933,0.0347944315807131,0.0411871652324194
TMS18F1380P0018,0.00639273365170634,0.0221315526179578,0,6174,1,1406,0.0156402682876075,0.00296230646140328,0.0377718209055653,0.0441645545572716
TMS18F1380P0027,0.00639273365170634,0.0295481006402956,0,6068,1,1332,-0.00154961089480802,0.00297591439178677,0.0279984897454876,0.0343912233971939
TMS18F1381P0002,0.00639273365170634,0.0381179831194552,0,6147,1,1384,0.00876870096925843,0.00263692311056212,0.0468866840887136,0.05327941774042
TMS18F1383P0019,0.00639273365170634,0.0359239403083693,0,5424,1,927,-0.0130871556147153,0.00287161672371135,0.022836784693654,0.0292295183453604
TMS18F1383P0023,0.00639273365170634,0.0231692648209284,0,6157,1,1394,-0.0186911592071121,0.00307720826234201,0.00447810561381636,0.0108708392655227
TMS18F1384P0025,0.00639273365170634,-0.00075692522634537,0,6088,1,1348,-0.0440753485375993,0.00289463120332248,-0.0448322737639447,-0.0384395401122384
TMS18F1386P0018,0.00639273365170634,0.0770595368765355,0,6102,1,1357,0.00869435016082232,0.0028620801271396,0.0857538870373578,0.0921466206890641
TMS18F1388P0012,0.00639273365170634,-0.0185900579453483,0,6287,1,1498,0.0465056950082442,0.00278862421662727,0.0279156370628959,0.0343083707146022
TMS18F1389P0016,0.00639273365170634,0.0337375149534412,0,6141,1,1380,0.00730826473653256,0.00288495867189372,0.0410457796899737,0.0474385133416801
TMS18F1389P0021,0.00639273365170634,-0.00212491880630593,0,6343,1,1540,0.0429492385832007,0.00281948587782119,0.0408243197768948,0.0472170534286011
TMS18F1389P0027,0.00639273365170634,0.0151267823200197,0,6191,1,1418,0.0335032777274426,0.00288135372005394,0.0486300600474623,0.0550227936991687
TMS18F1389P0028,0.00639273365170634,0.0212693413729393,0,6076,1,1338,0.0028192493788077,0.00299705083702016,0.024088590751747,0.0304813244034533
TMS18F1389P0031,0.00639273365170634,0.033199741184505,0,5419,1,922,0.0108102233190768,0.00276950726516263,0.0440099645035818,0.0504026981552882
TMS18F1389P0036,0.00639273365170634,0.0218456311529664,0,6075,1,1337,0.0408106416207003,0.00293376378833055,0.0626562727736667,0.0690490064253731
TMS18F1390P0010,0.00639273365170634,0.0200894808719571,0,6066,1,1330,0.0201115190501289,0.00281226745615187,0.040200999922086,0.0465937335737924
TMS18F1390P0023,0.00639273365170634,0.0436481005797105,0,6080,1,1341,0.0108492275809036,0.00290450838278932,0.0544973281606141,0.0608900618123204
TMS18F1390P0037,0.00639273365170634,0.0365639706470118,0,6194,1,1420,-0.0130148826755776,0.00285428803934874,0.0235490879714342,0.0299418216231405
TMS18F1391P0002,0.00639273365170634,0.043440504917896,0,6104,1,1358,-0.0156688172597147,0.00274995182360575,0.0277716876581814,0.0341644213098877
TMS18F1391P0004,0.00639273365170634,0.058968667160949,0,5445,1,948,-0.0263014118168981,0.00288722697219077,0.0326672553440509,0.0390599889957573
TMS18F1395P0006,0.00639273365170634,-0.0545035020505574,0,6083,1,1344,-0.00139106062405002,0.00274344578356994,-0.0558945626746075,-0.0495018290229011
TMS18F1395P0010,0.00639273365170634,-0.0249641455091705,0,5395,1,900,-0.00519877956455156,0.00273668797765172,-0.030162925073722,-0.0237701914220157
TMS18F1395P0014,0.00639273365170634,-0.039350413445496,0,5962,1,1262,0.0400864973738224,0.00268026095786155,0.000736083928326386,0.00712881758003273
TMS18F1395P0030,0.00639273365170634,-0.00496551807622193,0,6215,1,1437,-0.0144207301372819,0.00261979021781592,-0.0193862482135038,-0.0129935145617975
TMS18F1395P0031,0.00639273365170634,-0.0136507712605976,0,6226,1,1443,-0.0180228611119131,0.00257476454810099,-0.0316736323725107,-0.0252808987208044
TMS18F1395P0033,0.00639273365170634,-0.00923630972774011,0,5665,1,1124,0.0547287026525703,0.00256646487410772,0.0454923929248302,0.0518851265765365
TMS18F1395P0038,0.00639273365170634,-0.0168139819599456,0,5537,1,1013,0.00539513023186057,0.00272117949906072,-0.0114188517280851,-0.00502611807637871
TMS18F1395P0042,0.00639273365170634,-0.0528818204800263,0,5605,1,1078,-0.0325567521401275,0.00267060431386427,-0.0854385726201538,-0.0790458389684474
TMS18F1395P0050,0.00639273365170634,-0.012505213194314,0,5724,1,1171,0.0281796007985677,0.00313178079488538,0.0156743876042537,0.02206712125596
TMS18F1395P0053,0.00639273365170634,-0.0251443931841278,0,5597,1,1071,0.00594421418545154,0.00274757882972298,-0.0192001789986763,-0.0128074453469699
TMS18F1395P0055,0.00639273365170634,-0.0628600848455964,0,6459,1,1656,-0.00357264046237894,0.00287121033611717,-0.0664327253079754,-0.060039991656269
TMS18F1395P0058,0.00639273365170634,-0.0276983425876563,0,5570,1,1045,0.0201634594064295,0.00268185144728786,-0.00753488318122687,-0.00114214952952052
TMS18F1396P0001,0.00639273365170634,0.0106400675246773,0,5950,1,1255,0.00203884822807331,0.00249345578415596,0.0126789157527506,0.019071649404457
TMS18F1396P0014,0.00639273365170634,-0.0245835525439267,0,6118,1,1366,-0.0202459272631414,0.00260689466235829,-0.0448294798070682,-0.0384367461553618
TMS18F1396P0017,0.00639273365170634,0.00569503550448453,0,5394,1,899,0.0648646405938321,0.0025517562623068,0.0705596760983166,0.076952409750023
TMS18F1396P0025,0.00639273365170634,-0.00754395030573387,0,6252,1,1466,-0.0033166543445369,0.00242359845030999,-0.0108606046502708,-0.00446787099856443
TMS18F1396P0049,0.00639273365170634,0.00834185826466714,0,5592,1,1066,0.0152402905549792,0.00251361898429191,0.0235821488196464,0.0299748824713527
TMS18F1396P0053,0.00639273365170634,-0.011522921905585,0,5517,1,1002,-0.000324780591679171,0.0024895154843915,-0.0118477024972641,-0.0054549688455578
TMS18F1396P0081,0.00639273365170634,0.0062550448118193,0,5601,1,1075,-0.0446721818274284,0.0025359621238342,-0.0384171370156091,-0.0320244033639028
TMS18F1397P0021,0.00639273365170634,0.0125373322964216,0,6277,1,1488,0.0278162950649036,0.00254573128883469,0.0403536273613252,0.0467463610130316
TMS18F1397P0036,0.00639273365170634,0.042469937069326,0,6155,1,1392,-0.0104812966373977,0.00294999251518447,0.0319886404319283,0.0383813740836347
TMS18F1399P0036,0.00639273365170634,0.0737642637658712,0,5565,1,1041,0.0413975178041888,0.00289373042619555,0.11516178157006,0.121554515221766
TMS18F1408P0006,0.00639273365170634,0.0129488480504455,0,5370,1,875,0.0531735483622113,0.0025816910552572,0.0661223964126569,0.0725151300643632
TMS18F1409P0005,0.00639273365170634,0.0130888027131631,0,6271,1,1482,0.00828973130372512,0.0026313098488162,0.0213785340168882,0.0277712676685945
TMS18F1409P0008,0.00639273365170634,-0.045870141770086,0,5413,1,917,0.0418712492957854,0.00272189569155807,-0.00399889247430055,0.00239384117740579
TMS18F1414P0014,0.00639273365170634,-0.0071902088205506,0,6296,1,1507,-0.00933415452693753,0.00276363131165581,-0.0165243633474881,-0.0101316296957818
TMS18F1414P0017,0.00639273365170634,-0.00879651431188852,0,6418,1,1615,0.00909307443127694,0.00271546067553586,0.000296560119388421,0.00668929377109476
TMS18F1415P0045,0.00639273365170634,0.0347783895718902,0,6022,1,1301,-0.0203036212986793,0.00299659791671504,0.0144747682732109,0.0208675019249173
TMS18F1419P0037,0.00639273365170634,-0.0352847755056218,0,5679,1,1135,0.0506871118046748,0.00258344811875457,0.015402336299053,0.0217950699507594
TMS18F1420P0005,0.00639273365170634,-0.0570602633497023,0,6039,1,1312,0.0120988980299777,0.00320478788804026,-0.0449613653197246,-0.0385686316680182
TMS18F1420P0006,0.00639273365170634,-0.0703501946156842,0,6015,1,1296,0.0828787624995809,0.00293148185913898,0.0125285678838966,0.018921301535603
TMS18F1421P0005,0.00639273365170634,0.00237790653105331,0,5383,1,888,0.0146845136647589,0.00272587971610193,0.0170624201958122,0.0234551538475186
TMS18F1421P0020,0.00639273365170634,-0.0031703993601848,0,6221,1,1441,0.0323206449377392,0.00286773217589308,0.0291502455775544,0.0355429792292608
TMS18F1421P0025,0.00639273365170634,-0.00499599941079248,0,5386,1,891,-0.00786560511490034,0.0029468003226453,-0.0128616045256928,-0.00646887087398648
TMS18F1421P0059,0.00639273365170634,0.00099273296097056,0,5734,1,1176,0.0157603913004981,0.00279149131976838,0.0167531242614687,0.023145857913175
TMS18F1424P0020,0.00639273365170634,0.0242307491903687,0,5410,1,914,-0.0122097959583139,0.00272717507549665,0.0120209532320548,0.0184136868837611
TMS18F1424P0026,0.00639273365170634,0.0349108709563694,0,6187,1,1414,0.059937001466664,0.00274856358910199,0.0948478724230334,0.10124060607474
TMS18F1426P0001,0.00639273365170634,-0.0385804523168977,0,5385,1,890,0.0431823597674047,0.00317266178302393,0.00460190745050696,0.0109946411022133
TMS18F1426P0024,0.00639273365170634,-0.015300316970383,0,6173,1,1405,-0.0191816834307906,0.00280045866330145,-0.0344820004011737,-0.0280892667494673
TMS18F1436P0038,0.00639273365170634,0.0392615427472151,0,5612,1,1084,0.0203275452005837,0.00273213054763715,0.0595890879477988,0.0659818215995051
TMS18F1436P0041,0.00639273365170634,0.00740703186472558,0,5740,1,1181,-0.00185090315167705,0.00274927424973864,0.00555612871304852,0.0119488623647549
TMS18F1436P0049,0.00639273365170634,-0.0639542886200898,0,6363,1,1560,-0.0192464396545493,0.00309086538371203,-0.0832007282746391,-0.0768079946229327
TMS18F1436P0053,0.00639273365170634,-0.00786237333808966,0,6394,1,1591,-0.0423338271493909,0.00281102316733142,-0.0501962004874805,-0.0438034668357742
TMS18F1438P0019,0.00639273365170634,-0.0348564326637529,0,6257,1,1471,-0.0170318939167329,0.00279424623089422,-0.0518883265804858,-0.0454955929287795
TMS18F1439P0020,0.00639273365170634,0.0093830013299911,0,5987,1,1274,-0.0342334972694016,0.00295496849605849,-0.0248504959394105,-0.0184577622877042
TMS18F1447P0002,0.00639273365170634,-0.00724999336082224,0,6286,1,1497,0.0181869244151156,0.00282451195838221,0.0109369310542933,0.0173296647059997
TMS18F1447P0045,0.00639273365170634,0.0129695185079371,0,5420,1,923,0.036945066298121,0.00283024192421383,0.0499145848060581,0.0563073184577644
TMS18F1447P0062,0.00639273365170634,-0.013909116124664,0,6410,1,1607,0.0913539940153243,0.00271402976677433,0.0774448778906603,0.0838376115423667
TMS18F1447P0078,0.00639273365170634,-0.0027935929458731,0,6446,1,1643,0.0244990542529585,0.00257285714910446,0.0217054613070854,0.0280981949587918
TMS18F1451P0005,0.00639273365170634,-0.0232230557348955,0,6086,1,1346,0.00694626314017173,0.0028810695776255,-0.0162767925947237,-0.00988405894301741
TMS18F1451P0013,0.00639273365170634,-0.0123688372152129,0,5937,1,1249,0.00134338269216954,0.00275309991935367,-0.0110254545230434,-0.00463272087133702
TMS18F1451P0025,0.00639273365170634,0.00344840377745903,0,6029,1,1307,-0.0190049931073789,0.00259811570242803,-0.0155565893299199,-0.00916385567821354
TMS18F1453P0004,0.00639273365170634,-0.0342712466622756,0,6170,1,1402,0.00140743651080712,0.00250666406692805,-0.0328638101514685,-0.0264710764997622
TMS18F1453P0014,0.00639273365170634,0.0149489044732451,0,6197,1,1423,-0.00185242313589066,0.00252691760820346,0.0130964813373544,0.0194892149890608
TMS18F1453P0017,0.00639273365170634,-0.010323781329591,0,6090,1,1350,0.0139402444770149,0.00238667524942525,0.00361646314742391,0.0100091967991302
TMS18F1453P0025,0.00639273365170634,0.00311615840826225,0,6065,1,1329,0.00213769005639549,0.00232401370061107,0.00525384846465774,0.0116465821163641
TMS18F1453P0026,0.00639273365170634,-0.00856191885397944,0,5951,1,1256,-0.0329419116385468,0.00255030536604523,-0.0415038304925262,-0.0351110968408199
TMS18F1453P0029,0.00639273365170634,-0.00827180535731148,0,6251,1,1465,0.0165449147564643,0.00235743490532981,0.00827310939915285,0.0146658430508592
TMS18F1457P0002,0.00639273365170634,0.0701499238003183,0,6188,1,1415,-0.017190119527569,0.00303620594636451,0.0529598042727494,0.0593525379244557
TMS18F1457P0009,0.00639273365170634,0.0732823628753252,0,6089,1,1349,-0.0140313154600933,0.00305826463765996,0.0592510474152318,0.0656437810669382
TMS18F1469P0062,0.00639273365170634,-0.0189581968817922,0,6294,1,1505,0.0350836230513483,0.00254457084112574,0.0161254261695561,0.0225181598212625
TMS18F1472P0039,0.00639273365170634,-0.00551335436684649,0,5739,1,1180,0.0387836924328834,0.00271195863464984,0.033270338066037,0.0396630717177433
TMS18F1472P0042,0.00639273365170634,-0.0538367676399434,0,6344,1,1541,0.0192853127922875,0.00281306594264704,-0.0345514548476558,-0.0281587211959495
TMS18F1476P0047,0.00639273365170634,0.000736723842377569,0,6434,1,1631,-0.0253407027947767,0.00230978381067708,-0.0246039789523991,-0.0182112453006928
TMS18F1478P0047,0.00639273365170634,-0.0663256801278599,0,6421,1,1618,0.00564623647174961,0.00365180625487873,-0.0606794436561103,-0.054286710004404
TMS18F1478P0055,0.00639273365170634,0.0642451826371242,0,5623,1,1093,0.0435301729088025,0.00295532487200606,0.107775355545927,0.114168089197633
TMS18F1480P0020,0.00639273365170634,0.0558620953089124,0,6217,1,1439,0.0054159335188454,0.00280759708906743,0.0612780288277578,0.0676707624794641
TMS18F1480P0023,0.00639273365170634,0.0646104908055777,0,5433,1,936,-0.00772716110233669,0.00290890113632921,0.056883329703241,0.0632760633549474
TMS18F1480P0048,0.00639273365170634,0.0704955720840608,0,5590,1,1064,0.038070423908241,0.00295508733301993,0.108565995992302,0.114958729644008
TMS18F1481P0005,0.00639273365170634,-0.0507985421604301,0,6268,1,1479,0.00930482444184462,0.00292233257701858,-0.0414937177185855,-0.0351009840668791
TMS18F1481P0009,0.00639273365170634,-0.0925032959728184,0,6356,1,1553,-0.00943910933896774,0.00318164094693059,-0.101942405311786,-0.0955496716600798
TMS18F1481P0014,0.00639273365170634,-0.0496259831410004,0,6249,1,1463,0.0142506221144454,0.00261211589977707,-0.0353753610265551,-0.0289826273748487
TMS18F1481P0015,0.00639273365170634,-0.0742955625381229,0,6456,1,1653,-0.0533380575943664,0.00355804726986833,-0.127633620132489,-0.121240886480783
TMS18F1481P0016,0.00639273365170634,-0.0471505423506561,0,6133,1,1375,-0.0140993855386545,0.00289303635104038,-0.0612499278893106,-0.0548571942376042
TMS18F1481P0029,0.00639273365170634,-0.0632321900834613,0,6087,1,1347,0.0108428556202156,0.00270193991120094,-0.0523893344632457,-0.0459966008115393
TMS18F1481P0043,0.00639273365170634,-0.0570451026819021,0,5753,1,1188,0.0331434877320599,0.00292677950015281,-0.0239016149498423,-0.0175088812981359
TMS18F1481P0046,0.00639273365170634,-0.0790450716391076,0,6323,1,1521,-0.00112904976179371,0.00295630965396498,-0.0801741214009013,-0.073781387749195
TMS18F1481P0054,0.00639273365170634,-0.0395229949128346,0,5714,1,1163,-0.00206778089270049,0.00281630580290872,-0.0415907758055351,-0.0351980421538287
TMS18F1481P0073,0.00639273365170634,-0.067996345793442,0,5689,1,1143,-0.0233063360551218,0.00306739877103859,-0.0913026818485637,-0.0849099481968574
TMS18F1481P0075,0.00639273365170634,-0.0430197007617569,0,5600,1,1074,0.026862601130542,0.00277422221825904,-0.016157099631215,-0.00976436597950861
TMS18F1482P0002,0.00639273365170634,0.0400905176232843,0,6072,1,1335,-0.0099998402194189,0.00302019183538847,0.0300906774038654,0.0364834110555717
TMS18F1482P0008,0.00639273365170634,0.0384967679049686,0,6116,1,1364,-0.00963345131923842,0.00296204924162573,0.0288633165857301,0.0352560502374365
TMS18F1483P0005,0.00639273365170634,0.0436821662587059,0,6132,1,1374,0.0134576402495777,0.00297149372417405,0.0571398065082836,0.06353254015999
TMS18F1483P0010,0.00639273365170634,0.0631811216814839,0,6094,1,1354,-0.0207556854203612,0.00314176683031134,0.0424254362611227,0.048818169912829
TMS18F1484P0004,0.00639273365170634,-0.0563895723122087,0,5975,1,1269,0.0331355726550643,0.00276912380896327,-0.0232539996571444,-0.0168612660054381
TMS18F1484P0008,0.00639273365170634,-0.0153979854358738,0,6190,1,1417,-0.0305082352155412,0.00265893462838785,-0.0459062206514151,-0.0395134869997087
TMS18F1484P0009,0.00639273365170634,-0.0299487503937528,0,5997,1,1282,0.000213242787800562,0.00257024208776122,-0.0297355076059522,-0.0233427739542459
TMS18F1484P0012,0.00639273365170634,-0.055677227799146,0,6222,1,1442,0.0258254900313361,0.00274104625773942,-0.0298517377678099,-0.0234590041161035
TMS18F1484P0024,0.00639273365170634,-0.0210239920774545,0,6011,1,1293,-0.0572108308077009,0.00253691741570493,-0.0782348228851555,-0.0718420892334491
TMS18F1484P0032,0.00639273365170634,-0.0358321809987483,0,5973,1,1268,0.0207391219681103,0.00270701562905147,-0.0150930590306381,-0.00870032537893173
TMS18F1484P0035,0.00639273365170634,-0.0313820468954274,0,6097,1,1355,0.0235836351512866,0.00259735917038847,-0.00779841174414088,-0.00140567809243453
TMS18F1484P0036,0.00639273365170634,-0.0831292127821414,0,6391,1,1588,-0.0481997112818785,0.00335397721987349,-0.13132892406402,-0.124936190412314
TMS18F1485P0015,0.00639273365170634,0.0441062887224607,0,6117,1,1365,0.013788729040823,0.00265696395406438,0.0578950177632837,0.0642877514149901
TMS18F1485P0020,0.00639273365170634,0.0189459401467269,0,5374,1,879,-0.00139297572318818,0.00258347615748919,0.0175529644235387,0.0239456980752451
TMS18F1485P0022,0.00639273365170634,0.0416090464360449,0,6488,1,1663,0.0259917065765204,0.00267488583830452,0.0676007530125653,0.0739934866642716
TMS18F1485P0028,0.00639273365170634,0.0175374682845682,0,6528,1,1690,0.00791672283868009,0.00286777307296908,0.0254541911232483,0.0318469247749547
TMS18F1485P0037,0.00639273365170634,0.0190524212382118,0,6541,1,1702,-0.0073220099467789,0.00285295317446049,0.0117304112914329,0.0181231449431393
TMS18F1487P0001,0.00639273365170634,-0.0531592557229296,0,6547,1,1708,0.0400606320263971,0.00288390828335858,-0.0130986236965324,-0.0067058900448261
TMS18F1489P0013,0.00639273365170634,-0.0324153072110041,0,6531,1,1693,-0.0604976622938805,0.00301869799460843,-0.0929129695048846,-0.0865202358531782
TMS18F1489P0018,0.00639273365170634,-0.017955039660502,0,6543,1,1704,-0.0588528771339377,0.00265647409226974,-0.0768079167944397,-0.0704151831427334
TMS18F1489P0029,0.00639273365170634,-0.0167059253813454,0,6544,1,1705,-0.0687340102223571,0.00275851829739245,-0.0854399356037024,-0.0790472019519961
TMS18F1489P0038,0.00639273365170634,-0.029720346407433,0,7309,1,2169,-0.0212093533484937,0.00360723556102629,-0.0509296997559266,-0.0445369661042203
TMS18F1489P0040,0.00639273365170634,-0.00483759809669644,0,7312,1,2172,0.0132723770374791,0.00270456913027711,0.00843477894078271,0.0148275125924891
TMS18F1489P0044,0.00639273365170634,-0.0295003332182853,0,6487,1,1662,-0.0556898544345192,0.00280848930631071,-0.0851901876528045,-0.0787974540010981
TMS18F1490P0005,0.00639273365170634,-0.0358252288635275,0,6533,1,1695,-0.0431654792498778,0.00261746516954543,-0.0789907081134053,-0.0725979744616989
TMS18F1490P0008,0.00639273365170634,-0.00254706480815989,0,6530,1,1692,-0.0331747855006333,0.00274329205995095,-0.0357218503087931,-0.0293291166570868
TMS18F1490P0021,0.00639273365170634,-0.0248864858681898,0,6553,1,1712,0.0498842349362166,0.00275541960048216,0.0249977490680268,0.0313904827197332
TMS18F1490P0023,0.00639273365170634,-0.00566722788902497,0,6495,1,1670,0.0136179465459442,0.0026571309727235,0.0079507186569192,0.0143434523086255
TMS18F1490P0026,0.00639273365170634,0.00408747624396274,0,6494,1,1669,0.0330111319875839,0.00269484340973216,0.0370986082315467,0.043491341883253
TMS18F1505P0047,0.00639273365170634,-0.0237919485602827,0,7316,1,2176,-0.00947957633469023,0.00255017220623093,-0.0332715248949729,-0.0268787912432666
TMS18F1505P0049,0.00639273365170634,-0.0233146003897862,0,6534,1,1696,0.052825384595697,0.00275192438540243,0.0295107842059108,0.0359035178576172
TMS18F1505P0057,0.00639273365170634,-0.0274980194162333,0,7302,1,2165,-0.0270363625608668,0.00272965948781304,-0.0545343819771002,-0.0481416483253938
TMS18F1505P0064,0.00639273365170634,-0.0595673206055308,0,6538,1,1699,0.0184341902839109,0.00269850017056877,-0.0411331303216199,-0.0347403966699136
TMS18F1505P0066,0.00639273365170634,-0.0702022640003771,0,6517,1,1685,0.00887856620855739,0.00272780235960611,-0.0613236977918197,-0.0549309641401133
TMS18F1505P0073,0.00639273365170634,-0.0742071444606625,0,6524,1,1688,0.0132635381549156,0.00278216461782755,-0.0609436063057469,-0.0545508726540406
TMS18F1505P0077,0.00639273365170634,-0.0452594188165868,0,6532,1,1694,0.010032268716634,0.00280282483120727,-0.0352271500999528,-0.0288344164482465
TMS18F1505P0079,0.00639273365170634,-0.0709101438667732,0,6508,1,1681,0.0215445475937917,0.00315077646018545,-0.0493655962729816,-0.0429728626212752
TMS18F1505P0081,0.00639273365170634,-0.0635029464909169,0,6507,1,1680,-0.0210356027961558,0.00277377087939496,-0.0845385492870727,-0.0781458156353664
TMS18F1505P0097,0.00639273365170634,-0.0607586244899035,0,6510,1,1683,0.000772788632353381,0.00280878911672462,-0.0599858358575501,-0.0535931022058438
TMS18F1505P0127,0.00639273365170634,-0.0580834448056396,0,6496,1,1671,0.00214997179588641,0.00292614061611633,-0.0559334730097532,-0.0495407393580468
TMS18F1506P0003,0.00639273365170634,0.00785204373188041,0,6540,1,1701,0.0291752384866068,0.00276068142413655,0.0370272822184872,0.0434200158701936
TMS18F1506P0006,0.00639273365170634,0.0119576903807568,0,6554,1,1713,0.0140889603794373,0.00257266505459934,0.0260466507601941,0.0324393844119004
TMS18F1506P0012,0.00639273365170634,0.0157434353770579,0,6518,1,1686,0.041243311790511,0.00254048749605275,0.0569867471675689,0.0633794808192752
TMS18F1506P0013,0.00639273365170634,0.00705968819150274,0,6536,1,1697,0.0252335486963687,0.00252059244255282,0.0322932368878715,0.0386859705395778
TMS18F1506P0018,0.00639273365170634,-0.017918471661736,0,7335,1,2195,0.0306699313005525,0.00285777955021502,0.0127514596388165,0.0191441932905228
TMS18F1507P0008,0.00639273365170634,0.0330436341738754,0,6549,1,1710,0.00676207765832576,0.00280318847752528,0.0398057118322011,0.0461984454839075
TMS18F1520P0039,0.00639273365170634,0.00795364784192009,0,7303,1,2166,0.0104816033880664,0.00264926006961502,0.0184352512299865,0.0248279848816928
TMS18F1520P0050,0.00639273365170634,0.014631043363478,0,6493,1,1668,-0.0341040330650231,0.00271724836136258,-0.0194729897015451,-0.0130802560498388
TMS18F1522P0141,0.00639273365170634,0.0726291881866102,0,6500,1,1675,0.0290256315705898,0.00291115090076229,0.1016548197572,0.108047553408906
TMS18F1539P0043,0.00639273365170634,0.027350064604301,0,6504,1,1678,0.0107122147335926,0.00282341854303914,0.0380622793378935,0.0444550129895999
TMS18F1539P0047,0.00639273365170634,0.00579440209241457,0,6505,1,1679,-0.00659473043109317,0.00282642307007534,-0.000800328338678601,0.00559240531302774
TMS18F1539P0055,0.00639273365170634,0.0228367344887294,0,6509,1,1682,-0.00363855066707418,0.00283112557065413,0.0191981838216552,0.0255909174733616
TMS18F1539P0056,0.00639273365170634,0.00672791001525929,0,6490,1,1665,-0.0241787856151378,0.00284073038278511,-0.0174508755998785,-0.0110581419481722
TMS18F1539P0063,0.00639273365170634,0.00106673805057925,0,7314,1,2174,-0.0189484663087133,0.00236247118574463,-0.0178817282581341,-0.0114889946064278
TMS18F1539P0073,0.00639273365170634,-0.0605485859248505,0,7315,1,2175,-0.00274994568919141,0.00341947289454909,-0.0632985316140419,-0.0569057979623355
TMS18F1539P0075,0.00639273365170634,0.0321026646583443,0,6499,1,1674,-0.0255340494341553,0.00291177545327186,0.00656861522418904,0.0129613488758954
TMS18F1539P0086,0.00639273365170634,0.0238761860920401,0,6497,1,1672,0.00432391670035982,0.00273489513332307,0.0282001027923999,0.0345928364441062
TMS18F1541P0001,0.00639273365170634,0.0153521821374931,0,6548,1,1709,-0.0191649736311379,0.00264396287438653,-0.00381279149364484,0.0025799421580615
TMS18F1541P0002,0.00639273365170634,-0.0338846625101482,0,6521,1,1687,-0.00699716349447953,0.00286711051356567,-0.0408818260046277,-0.0344890923529214
TMS18F1541P0005,0.00639273365170634,0.0424545591628042,0,6546,1,1707,0.0363583928204126,0.00274234370992847,0.0788129519832168,0.0852056856349231
TMS18F1542P0018,0.00639273365170634,0.00557612982409434,0,6527,1,1689,-0.00127060891697697,0.00290638803250852,0.00430552090711737,0.0106982545588237
TMS18F1558P0040,0.00639273365170634,-0.00296120510075045,0,6489,1,1664,0.0116826518491265,0.00252546623651473,0.00872144674837608,0.0151141804000824
TMS18F1560P0006,0.00639273365170634,-0.0631280109089592,0,6514,1,1684,0.00868592795551899,0.00277291561150828,-0.0544420829534402,-0.0480493493017339
TMS18F1561P0009,0.00639273365170634,-0.0563294428952499,0,6545,1,1706,0.0903112981434824,0.00293088653095886,0.0339818552482325,0.0403745888999388
TMS18F1561P0024,0.00639273365170634,-0.067421892515113,0,6551,1,1711,0.0349989052667979,0.0033509580746675,-0.0324229872483151,-0.0260302535966088
TMS18F1561P0025,0.00639273365170634,-0.0494601186637905,0,6492,1,1667,0.0270146549719867,0.00299030834929448,-0.0224454636918038,-0.0160527300400974
TMS18F1562P0001,0.00639273365170634,-0.0662396358970278,0,6542,1,1703,-0.0315726041361287,0.00286246714344107,-0.0978122400331566,-0.0914195063814502
TMS18F1562P0004,0.00639273365170634,-0.0593600545548257,0,6529,1,1691,0.00529224115883545,0.00278592629545879,-0.0540678133959902,-0.0476750797442839
TMS18F1562P0016,0.00639273365170634,-0.0786593706315987,0,6555,1,1714,0.0172602008060256,0.00377283398180542,-0.0613991698255731,-0.0550064361738668
TMS18F1562P0023,0.00639273365170634,-0.00871680831607147,0,7311,1,2171,-0.00548965837838185,0.00315147182090338,-0.0142064666944533,-0.00781373304274698
TMS18F1562P0025,0.00639273365170634,-0.0230962327475701,0,7323,1,2183,0.0340356421712285,0.00401807644565496,0.0109394094236585,0.0173321430753648
TMS18F1562P0026,0.00639273365170634,-0.0159834453422957,0,7324,1,2184,0.0109861783201548,0.00307636227140169,-0.00499726702214097,0.00139546662956538
TMS18F1562P0029,0.00639273365170634,-0.0621268140031123,0,6537,1,1698,-0.00640067918090661,0.00299788152597909,-0.0685274931840189,-0.0621347595323126
TMS18F1562P0030,0.00639273365170634,-0.0698430840978151,0,7313,1,2173,0.024325597744169,0.00295667459843368,-0.0455174863536461,-0.0391247527019398
TMS18F1562P0046,0.00639273365170634,-0.0762105778195675,0,6503,1,1677,-0.0104099765592388,0.00293999038889659,-0.0866205543788063,-0.0802278207270999
TMS18F1562P0055,0.00639273365170634,-0.0751948240749546,0,6498,1,1673,0.0213574023696483,0.00371376449333306,-0.0538374217053064,-0.0474446880536
TMS18F1562P0059,0.00639273365170634,-0.0683039395266431,0,6491,1,1666,-0.0163242028384558,0.00369099489500248,-0.0846281423650988,-0.0782354087133925
TMS18F1562P0068,0.00639273365170634,-0.0350148100604355,0,6501,1,1676,-0.0316222686391961,0.00277231946806271,-0.0666370786996316,-0.0602443450479253
TMS18F1563P0014,0.00639273365170634,-0.0602779232447824,0,6539,1,1700,0.00812069947110033,0.00315813140682834,-0.0521572237736821,-0.0457644901219757
TMS19F1007P0004,0.00639273365170634,0.0372907628178071,0,7380,1,2236,-0.0113425443394096,0.00315770096868268,0.0259482184783975,0.0323409521301038
TMS19F1011P0025,0.00639273365170634,-0.0211952139524135,0,7273,1,2154,-0.0141405978742808,0.00307870165640324,-0.0353358118266943,-0.028943078174988
TMS19F1011P0056,0.00639273365170634,-0.0281771154168399,0,7245,1,2147,-0.0314761293756889,0.00301238301046749,-0.0596532447925288,-0.0532605111408224
TMS19F1014P0048,0.00639273365170634,-0.0321868259768581,0,7404,1,2258,0.000617148961729112,0.0029266634788563,-0.031569677015129,-0.0251769433634226
TMS19F1015P0001,0.00639273365170634,-0.067636526883198,0,7319,1,2179,-0.0157605657153191,0.00305087796589564,-0.0833970925985171,-0.0770043589468107
TMS19F1015P0002,0.00639273365170634,-0.0683395360925695,0,7333,1,2193,-0.0402781460391025,0.00315617474033076,-0.108617682131672,-0.102224948479966
TMS19F1016P0044,0.00639273365170634,-0.0365122298052922,0,7411,1,2265,-0.0257152020113483,0.00297058536722722,-0.0622274318166405,-0.0558346981649341
TMS19F1017P0029,0.00639273365170634,-0.0287992098891329,0,7341,1,2201,0.0216746149380976,0.00283035752952571,-0.00712459495103529,-0.000731861299328944
TMS19F1017P0043,0.00639273365170634,-0.0340333583934368,0,7318,1,2178,0.0282839433148582,0.0039718390350869,-0.00574941507857859,0.000643318573127757
TMS19F1017P0089,0.00639273365170634,-0.0268025464754985,0,7351,1,2210,0.0169145693662917,0.00278733692515032,-0.00988797710920672,-0.00349524345750038
TMS19F1017P0097,0.00639273365170634,-0.00199607669147426,0,7334,1,2194,0.0165418385441242,0.00269953729604996,0.0145457618526499,0.0209384955043563
TMS19F1024P0006,0.00639273365170634,-0.0289438995359279,0,7403,1,2257,0.0067276515716602,0.00275378055487242,-0.0222162479642677,-0.0158235143125613
TMS19F1024P0019,0.00639273365170634,-0.0354499285470464,0,7352,1,2211,0.00235190094361802,0.00279422025596977,-0.0330980276034284,-0.0267052939517221
TMS19F1026P0004,0.00639273365170634,0.00200408183888834,0,7360,1,2218,0.0304311758420054,0.00273022155578663,0.0324352576808937,0.0388279913326001
TMS19F1041P0112,0.00639273365170634,-0.0601430217917584,0,7402,1,2256,0.0420401188537821,0.00293402116393121,-0.0181029029379763,-0.0117101692862699
TMS19F1041P0120,0.00639273365170634,-0.0581032638148849,0,7347,1,2207,0.00586277866065312,0.0030127158102829,-0.0522404851542318,-0.0458477515025255
TMS19F1043P0036,0.00639273365170634,-0.017815490747076,0,7373,1,2229,0.0720689265024006,0.00282528258081422,0.0542534357553246,0.0606461694070309
TMS19F1050P0056,0.00639273365170634,0.0042883304133745,0,7413,1,2267,-0.0259189051547701,0.00287631211049692,-0.0216305747413956,-0.0152378410896893
TMS19F1057P0002,0.00639273365170634,-0.0746332700001313,0,7364,1,2221,0.0259654717525168,0.00320499838489836,-0.0486677982476145,-0.0422750645959081
TMS19F1060P0009,0.00639273365170634,0.0294918613843465,0,7337,1,2197,-0.0514354151843462,0.00294251698119753,-0.0219435537999996,-0.0155508201482933
TMS19F1063P0053,0.00639273365170634,0.00202470434300159,0,7328,1,2188,-0.0735882767607272,0.00284934138161222,-0.0715635724177256,-0.0651708387660193
TMS19F1063P0176,0.00639273365170634,-0.0295904258268417,0,7377,1,2233,-0.0179238191255689,0.00315716942676908,-0.0475142449524107,-0.0411215113007043
TMS19F1066P0026,0.00639273365170634,0.0137454790548584,0,7336,1,2196,-0.012364030387255,0.00302294851638592,0.00138144866760339,0.00777418231930974
TMS19F1067P0043,0.00639273365170634,-0.037360029570912,0,7375,1,2231,-0.0417808800049722,0.00313020566503432,-0.0791409095758841,-0.0727481759241778
TMS19F1069P0015,0.00639273365170634,-0.025583412533762,0,7239,1,2142,-0.0514316348496995,0.00295401729817366,-0.0770150473834615,-0.0706223137317551
TMS19F1071P0017,0.00639273365170634,0.00691135359318319,0,7357,1,2216,-9.56154765974038e-05,0.00241223987754212,0.00681573811658578,0.0132084717682921
TMS19F1072P0121,0.00639273365170634,-0.0098172574772019,0,7216,1,2134,-0.0480830529731315,0.00312181140142522,-0.0579003104503334,-0.051507576798627
TMS19F1077P0028,0.00639273365170634,0.0345204678265664,0,7329,1,2189,0.00363925442918982,0.0028321904129144,0.0381597222557562,0.0445524559074625
TMS19F1078P0041,0.00639273365170634,0.0185060760115558,0,7397,1,2251,-0.00866968594598855,0.0029206102419828,0.00983639006556725,0.0162291237172736
TMS19F1080P0071,0.00639273365170634,-0.013958002865165,0,7368,1,2224,-0.00345792137769621,0.00282836372145234,-0.0174159242428612,-0.0110231905911548
TMS19F1080P0090,0.00639273365170634,-0.00181932015976826,0,7409,1,2263,0.00431565844086938,0.00286242610247625,0.00249633828110112,0.00888907193280746
TMS19F1086P0014,0.00639273365170634,-0.0229162848653719,0,7345,1,2205,0.0212060291985968,0.00280173656784152,-0.0017102556667751,0.00468247798493124
TMS19F1086P0030,0.00639273365170634,-0.0308625998687869,0,7374,1,2230,0.0124733577616657,0.00287445822222468,-0.0183892421071212,-0.0119965084554149
TMS19F1087P0045,0.00639273365170634,0.0375147623090661,0,7383,1,2238,-0.0176203680651405,0.00288948321805356,0.0198943942439256,0.026287127895632
TMS19F1090P0030,0.00639273365170634,-0.0175703331861398,0,7371,1,2227,0.0379690619134628,0.00276990981976894,0.020398728727323,0.0267914623790294
TMS19F1091P0065,0.00639273365170634,-0.0137619047376788,0,7369,1,2225,-0.0517167959113973,0.00288917504365921,-0.0654787006490761,-0.0590859669973697
TMS19F1110P0029,0.00639273365170634,-0.0142961824647842,0,7322,1,2182,-0.0120423396839566,0.00294897672308495,-0.0263385221487409,-0.0199457884970345
TMS19F1142P0003,0.00639273365170634,-0.0298571853001668,0,7350,1,2209,-0.0428131232793198,0.00380549833414751,-0.0726703085794867,-0.0662775749277803
TMS19F1142P0014,0.00639273365170634,-0.0212245681316223,0,7317,1,2177,-0.0129817668646699,0.00302734972441491,-0.0342063349962922,-0.0278136013445858
TMS19F1143P0036,0.00639273365170634,-0.0238847236308823,0,7406,1,2260,-0.00936442756511486,0.00301387196124277,-0.0332491511959972,-0.0268564175442908
TMS19F1147P0030,0.00639273365170634,-0.00762600700039236,0,7320,1,2180,-0.00581719018646024,0.00230663663356987,-0.0134431971868526,-0.00705046353514626
TMS19F1181P0008,0.00639273365170634,0.0516799806815908,0,7267,1,2153,-0.0175484230538542,0.00280867370910738,0.0341315576277366,0.0405242912794429
TMS19F1181P0056,0.00639273365170634,0.0509544101231386,0,7286,1,2160,0.00629747770614547,0.00279014098423451,0.0572518878292841,0.0636446214809904
TMS19F1182P0020,0.00639273365170634,-0.0206085586169616,0,7282,1,2159,0.0249118042113248,0.00289191803659922,0.00430324559436321,0.0106959792460696
TMS19F1183P0037,0.00639273365170634,0.0554488114486414,0,7361,1,2219,0.0292229232112568,0.00313409243712087,0.0846717346598982,0.0910644683116045
TMS19F1192P0004,0.00639273365170634,0.0527256439496367,0,7232,1,2138,0.0171037663620218,0.00304957236189237,0.0698294103116585,0.0762221439633648
TMS19F1193P0073,0.00639273365170634,-0.00292001192541552,0,7220,1,2135,-0.0136794105249588,0.00289992351052837,-0.0165994224503743,-0.0102066887986679
TMS19F1194P0013,0.00639273365170634,0.0538743742360017,0,7250,1,2148,0.000684968849920321,0.00283216021862588,0.054559343085922,0.0609520767376284
TMS19F1194P0053,0.00639273365170634,0.0577353580583762,0,7237,1,2140,0.0247612893634243,0.00293438996449241,0.0824966474218005,0.0888893810735069
TMS19F1194P0103,0.00639273365170634,0.0587013491079364,0,7276,1,2156,0.00107255763374938,0.00298421454891378,0.0597739067416857,0.0661666403933921
TMS19F1196P0001,0.00639273365170634,0.00456339254863174,0,7326,1,2186,0.0195470343604581,0.00284318173336091,0.0241104269090899,0.0305031605607962
TMS19F1198P0059,0.00639273365170634,0.0701803527773881,0,7408,1,2262,0.00815839801009663,0.00331246199445206,0.0783387507874847,0.084731484439191
TMS19F1205P0062,0.00639273365170634,0.0592166977917457,0,7343,1,2203,-0.0411613999980458,0.00301795156120998,0.0180552977936999,0.0244480314454062
TMS19F1210P0006,0.00639273365170634,0.0360967634868589,0,7252,1,2149,0.00163949008603042,0.00274972643687649,0.0377362535728894,0.0441289872245957
TMS19F1218P0011,0.00639273365170634,0.0214919258342913,0,7412,1,2266,-0.0231253658969445,0.00292157682573599,-0.00163344006265323,0.00475929358905311
TMS19F1218P0020,0.00639273365170634,-0.0102461273934224,0,7367,1,2223,-0.0338430230441445,0.00372059308977214,-0.0440891504375669,-0.0376964167858605
TMS19F1219P0003,0.00639273365170634,0.027662266076458,0,7278,1,2157,0.00907022863415743,0.00283363271312148,0.0367324947106154,0.0431252283623218
TMS19F1219P0038,0.00639273365170634,0.0148668947475111,0,7241,1,2144,-0.0144654162609926,0.00293943928899303,0.000401478486518435,0.00679421213822478
TMS19F1219P0089,0.00639273365170634,0.0126404761069403,0,7238,1,2141,-0.0251304880356251,0.00266968229478102,-0.0124900119286848,-0.00609727827697843
TMS19F1219P0090,0.00639273365170634,0.0314013672955446,0,7223,1,2136,-0.0223520121683238,0.00279369720011198,0.00904935512722081,0.0154420887789271
TMS19F1225P0020,0.00639273365170634,0.057669320076125,0,7260,1,2150,-0.0178763034807951,0.00318760769717262,0.0397930165953298,0.0461857502470362
TMS19F1226P0213,0.00639273365170634,-0.0142124104145285,0,7340,1,2200,-0.0084145823155225,0.00297765563266284,-0.022626992730051,-0.0162342590783446
TMS19F1228P0001,0.00639273365170634,0.0713166872451033,0,7243,1,2146,0.0244367368459399,0.00313704494010182,0.0957534240910431,0.102146157742749
TMS19F1228P0027,0.00639273365170634,0.0714818111414936,0,7240,1,2143,0.0181532845962826,0.00319617330459471,0.0896350957377762,0.0960278293894826
TMS19F1233P0019,0.00639273365170634,0.0528403877837445,0,7227,1,2137,0.01020662294016,0.00317757151869898,0.0630470107239045,0.0694397443756108
TMS19F1233P0045,0.00639273365170634,0.058526953462328,0,7274,1,2155,-0.0154563406197961,0.00298835298007406,0.0430706128425319,0.0494633464942382
TMS19F1240P0143,0.00639273365170634,0.0747511259847346,0,7407,1,2261,-0.00594862927491486,0.00323534513385776,0.0688024967098197,0.0751952303615261
TMS19F1267P0009,0.00639273365170634,0.0443547212673227,0,7390,1,2244,-0.00677888152535672,0.00314938691506016,0.037575839741966,0.0439685733936723
TMS19F1285P0009,0.00639273365170634,0.0266583654608159,0,7416,1,2268,0.0273666912878381,0.00296527399275881,0.0540250567486541,0.0604177904003604
TMS19F1286P0006,0.00639273365170634,0.0456325295978141,0,7381,1,2237,0.035182959481741,0.00317616045338062,0.0808154890795551,0.0872082227312614
TMS19F1286P0065,0.00639273365170634,0.00638017274026945,0,7344,1,2204,-0.0013928800846722,0.00334245712389567,0.00498729265559726,0.0113800263073036
TMS19F1286P0075,0.00639273365170634,0.0285378428520365,0,7405,1,2259,0.0103521494756967,0.00284957876104429,0.0388899923277332,0.0452827259794395
TMS19F1292P0003,0.00639273365170634,-0.00177818651314151,0,7338,1,2198,0.0116657263254314,0.00301319876517374,0.00988753981228988,0.0162802734639962
TMS19F1293P0011,0.00639273365170634,0.00491385814917239,0,7355,1,2214,-0.0175444363769268,0.00296265812875725,-0.0126305782277544,-0.00623784457604805
TMS19F1293P0037,0.00639273365170634,0.0257071095459045,0,7393,1,2247,-0.000543457880004388,0.0029495413571149,0.0251636516659001,0.0315563853176064
TMS19F1293P0042,0.00639273365170634,0.00470165856555572,0,7321,1,2181,0.0243654758444781,0.00298053401304212,0.0290671344100338,0.0354598680617401
TMS19F1293P0082,0.00639273365170634,0.0146639351936392,0,7388,1,2242,0.0142919079557631,0.00311403295628643,0.0289558431494023,0.0353485768011087
TMS19F1295P0033,0.00639273365170634,0.011729231639478,0,7349,1,2208,0.0266385339384117,0.00345662307298676,0.0383677655778897,0.0447604992295961
TMS19F1300P0036,0.00639273365170634,0.00188521619205392,0,7339,1,2199,-0.0361202153196656,0.00291688485426546,-0.0342349991276117,-0.0278422654759053
TMS19F1301P0001,0.00639273365170634,0.0528457210005055,0,7325,1,2185,0.0347764374993331,0.00308769300267007,0.0876221584998385,0.0940148921515449
TMS19F1301P0020,0.00639273365170634,0.0337715717232959,0,7356,1,2215,0.0301926306758643,0.00308199364659273,0.0639642023991602,0.0703569360508666
TMS19F1304P0001,0.00639273365170634,0.0276416363525521,0,7395,1,2249,0.00697212212215516,0.00295296049985983,0.0346137584747073,0.0410064921264137
TMS19F1304P0044,0.00639273365170634,0.0353850219482061,0,7399,1,2253,-0.00232017331326785,0.00308781203340205,0.0330648486349383,0.0394575822866446
TMS19F1304P0114,0.00639273365170634,0.0405605567984055,0,7331,1,2191,0.0187038501215106,0.00310853361292866,0.0592644069199161,0.0656571405716224
TMS19F1315P0070,0.00639273365170634,0.0231612996775285,0,7410,1,2264,0.00741868989626367,0.00310141172320571,0.0305799895737922,0.0369727232254985
TMS19F1316P0116,0.00639273365170634,0.0121031239467635,0,7342,1,2202,0.0310311142268212,0.00286384646728838,0.0431342381735846,0.049526971825291
TMS19F1329P0008,0.00639273365170634,0.00964839511671866,0,7378,1,2234,0.00340193948809157,0.00306702028662955,0.0130503346048102,0.0194430682565166
TMS19F1329P0025,0.00639273365170634,0.0101522298407068,0,7363,1,2220,0.00214818270084356,0.00313328496560236,0.0123004125415503,0.0186931461932567
TMS19F1338P0038,0.00639273365170634,0.0187471041068736,0,7387,1,2241,0.017240418993082,0.00294024250188556,0.0359875230999556,0.0423802567516619
TMS19F1350P0007,0.00639273365170634,-0.0308875475249622,0,7391,1,2245,-0.00331351736626458,0.00282755618815036,-0.0342010648912268,-0.0278083312395205
TMS19F1351P0040,0.00639273365170634,-0.00200753138600955,0,7332,1,2192,0.036415714975506,0.00276408148628395,0.0344081835894965,0.0408009172412028
TMS19F1351P0042,0.00639273365170634,-0.00679071648993938,0,7394,1,2248,-0.00711328337341041,0.00299432362040935,-0.0139039998633498,-0.00751126621164345
TMS19F1360P0008,0.00639273365170634,-0.0449504097856684,0,7327,1,2187,0.0230100463607774,0.00292436714894008,-0.021940363424891,-0.0155476297731846
TMS19F1365P0061,0.00639273365170634,-0.0601850156389825,0,7400,1,2254,0.00175340595065834,0.00286871468101083,-0.0584316096883241,-0.0520388760366178
TMS19F1366P0016,0.00639273365170634,-0.0286289682508093,0,7354,1,2213,-0.00655744624905343,0.0027983230330896,-0.0351864144998627,-0.0287936808481564
TMS19F1371P0025,0.00639273365170634,-0.0328103692864267,0,7242,1,2145,0.0163621556267001,0.00279006500630202,-0.0164482136597266,-0.0100554800080203
TMS19F1375P0045,0.00639273365170634,-0.00568627008734525,0,7396,1,2250,-0.00785720401899682,0.00287260757167066,-0.0135434741063421,-0.00715074045463573
TMS19F1379P0032,0.00639273365170634,0.0495684026985243,0,7398,1,2252,0.00837141619004547,0.00301861779372691,0.0579398188885698,0.0643325525402762
TMS19F1384P0056,0.00639273365170634,0.049465762835692,0,7366,1,2222,-0.0221570719048808,0.0030116874718209,0.0273086909308112,0.0337014245825176
TMS19F1385P0007,0.00639273365170634,0.043360391215465,0,7358,1,2217,-0.0147342336774916,0.00307788842872144,0.0286261575379733,0.0350188911896797
TMS19F1386P0058,0.00639273365170634,0.0383292581186919,0,7370,1,2226,-0.0188891707203495,0.00308803266818988,0.0194400873983424,0.0258328210500487
TMS19F1388P0043,0.00639273365170634,0.0570109281646974,0,7379,1,2235,0.00994461909725963,0.00286047304363471,0.066955547261957,0.0733482809136634
TMS19F1394P0035,0.00639273365170634,0.00771065628381389,0,7281,1,2158,-0.0168927586147617,0.00306184128758118,-0.00918210233094785,-0.00278936867924151
TMS19F1397P0021,0.00639273365170634,-8.00967794743375e-05,0,7262,1,2151,-0.00642861467342633,0.00301591769555081,-0.00650871145290066,-0.000115977801194321
TMS19F1397P0059,0.00639273365170634,0.0325468980628362,0,7290,1,2161,-0.0134465287988203,0.003021220916721,0.0191003692640159,0.0254931029157222
TMS19F1408P0002,0.00639273365170634,-0.0281820255558574,0,7233,1,2139,-0.0348781587295245,0.00311163587578507,-0.0630601842853819,-0.0566674506336755
TMS19F1410P0014,0.00639273365170634,0.0390798558245632,0,7389,1,2243,-0.0567986860536519,0.00332316047717619,-0.0177188302290887,-0.0113260965773823
TMS19F1414P0076,0.00639273365170634,-0.0094115892098952,0,7392,1,2246,0.00986405070709484,0.00290878504729474,0.000452461497199637,0.00684519514890598
TMS19F1421P0005,0.00639273365170634,-0.0476789134644039,0,7385,1,2239,-0.00665232043796172,0.00266949771428207,-0.0543312339023656,-0.0479385002506592
TMS19F1422P0002,0.00639273365170634,-0.024245505519549,0,7401,1,2255,0.00683810336821875,0.00293320255010794,-0.0174074021513303,-0.0110146684996239
TMS19F1423P0003,0.00639273365170634,0.016530025809316,0,7372,1,2228,0.014936597495725,0.00321473018160368,0.031466623305041,0.0378593569567473
TMS19F1437P0004,0.00639273365170634,0.0418566773198511,0,7346,1,2206,-0.00556134486327092,0.00308309840752082,0.0362953324565801,0.0426880661082865
TMS19F1437P0065,0.00639273365170634,0.0212612602694722,0,7386,1,2240,-0.0048467045713306,0.00298470973646026,0.0164145556981416,0.022807289349848
TMS19F1440P0022,0.00639273365170634,0.0190418115180947,0,7376,1,2232,-0.0637410606689098,0.00328453646718692,-0.0446992491508152,-0.0383065154991088
TMS19F1440P0074,0.00639273365170634,0.0204657330654164,0,7353,1,2212,-0.0049502572807304,0.00290822315661892,0.015515475784686,0.0219082094363924
TMS19F1466P0016,0.00639273365170634,0.0106456641003712,0,7330,1,2190,0.0232344463746991,0.00275912536564853,0.0338801104750704,0.0402728441267767
TMS19F1509P0026,0.00639273365170634,0.0430290198986498,0,7212,1,2132,0.00303749624053115,0.0031747492155133,0.0460665161391809,0.0524592497908873
TMS19F1513P0015,0.00639273365170634,-0.000977844873076029,0,7264,1,2152,-0.0179989146663354,0.00316209203027396,-0.0189767595394115,-0.0125840258877051
TMS19F1517P0034,0.00639273365170634,0.0327619869915107,0,7213,1,2133,-0.0131467156236342,0.00323763453689397,0.0196152713678765,0.0260080050195828
TMS19F1527P0015,0.00639273365170634,0.036622228719731,0,7295,1,2162,0.0107657253254212,0.00335118780846876,0.0473879540451522,0.0537806876968586
TMS20F1007P0002,0.00639273365170634,0.00305037914282195,0,6666,1,1753,-0.0267232943716829,0.00276677277386134,-0.023672915228861,-0.0172801815771547
TMS20F1007P0007,0.00639273365170634,-0.0272452444268057,0,6659,1,1749,0.016486915676131,0.00314531567039612,-0.0107583287506747,-0.00436559509896834
TMS20F1007P0008,0.00639273365170634,-0.00957975853369078,0,6872,1,1921,-0.0225956292414968,0.00280939369193501,-0.0321753877751876,-0.0257826541234812
TMS20F1007P0016,0.00639273365170634,-0.015287115256145,0,6663,1,1752,-0.0173934042647994,0.00297415542845778,-0.0326805195209443,-0.026287785869238
TMS20F1008P0006,0.00639273365170634,-0.00223038492911136,0,6660,1,1750,0.0114812352614515,0.00272187633018762,0.00925085033234011,0.0156435839840465
TMS20F1037P0003,0.00639273365170634,0.00132792411405871,0,6713,1,1773,0.00540343312089351,0.0026823382473785,0.00673135723495222,0.0131240908866586
TMS20F1040P0001,0.00639273365170634,0.0029381752152086,0,6672,1,1755,0.013983527310089,0.00292530398271166,0.0169217025252976,0.023314436177004
TMS20F1041P0009,0.00639273365170634,0.0368725065251274,0,6688,1,1760,-0.0215962496698634,0.00315971626233333,0.015276256855264,0.0216689905069703
TMS20F1048P0012,0.00639273365170634,0.0206413511942518,0,6714,1,1774,0.00375365182644336,0.00292191920244946,0.0243950030206952,0.0307877366724015
TMS20F1048P0026,0.00639273365170634,0.0358705399408665,0,6567,1,1717,-0.0152978961629041,0.00297358695332639,0.0205726437779624,0.0269653774296688
TMS20F1048P0050,0.00639273365170634,0.00577051080607905,0,6644,1,1743,-0.00433112665006272,0.00354997342199645,0.00143938415601632,0.00783211780772267
TMS20F1051P0006,0.00639273365170634,0.0288221223735011,0,6695,1,1763,0.0349825310304055,0.00328517508180078,0.0638046534039066,0.0701973870556129
TMS20F1056P0061,0.00639273365170634,0.0230309344186213,0,6702,1,1766,-0.00867496043670585,0.00300649009111629,0.0143559739819154,0.0207487076336218
TMS20F1061P0009,0.00639273365170634,0.0430836022151489,0,6703,1,1767,-0.00127362796499497,0.00318043714535552,0.0418099742501539,0.0482027079018603
TMS20F1062P0021,0.00639273365170634,0.0147459388812712,0,6654,1,1746,-0.00641952137064031,0.00322064004119299,0.00832641751063091,0.0147191511623373
TMS20F1062P0022,0.00639273365170634,0.0518662718253402,0,6661,1,1751,-0.00916210711929987,0.00318956298169775,0.0427041647060404,0.0490968983577467
TMS20F1062P0024,0.00639273365170634,0.0322178982274584,0,6710,1,1770,0.0094548163045674,0.00294202275154375,0.0416727145320258,0.0480654481837322
TMS20F1088P0001,0.00639273365170634,0.00604789850603844,0,6681,1,1758,-0.0111033902039103,0.00268777087275464,-0.00505549169787182,0.00133724195383452
TMS20F1089P0003,0.00639273365170634,-0.0251929612313763,0,6667,1,1754,-0.0139473051274957,0.0028980167930226,-0.039140266358872,-0.0327475327071656
TMS20F1105P0014,0.00639273365170634,-0.0148239019605608,0,6734,1,1794,-0.0454563313462373,0.00277855846330514,-0.0602802333067982,-0.0538874996550918
TMS20F1106P0021,0.00639273365170634,0.0353301135997455,0,6692,1,1762,0.0111359485608612,0.00290934488096361,0.0464660621606068,0.0528587958123131
TMS20F1106P0022,0.00639273365170634,0.0278193340557448,0,6685,1,1759,0.0288686784737303,0.00276780002815765,0.0566880125294751,0.0630807461811814
TMS20F1109P0006,0.00639273365170634,0.0486455182319461,0,6657,1,1748,-0.00601609439818621,0.00311754590209355,0.0426294238337599,0.0490221574854662
TMS20F1111P0008,0.00639273365170634,0.0389420824328943,0,6677,1,1756,-0.0227730659215682,0.0032171679348649,0.0161690165113261,0.0225617501630324
TMS20F1113P0037,0.00639273365170634,0.0187542824221392,0,6697,1,1764,-0.0156373110720328,0.00294791872937951,0.00311697135010639,0.00950970500181273
TMS20F1116P0031,0.00639273365170634,0.00943137157343307,0,6709,1,1769,-0.00795555593645438,0.00285007533849779,0.0014758156369787,0.00786854928868504
TMS20F1116P0032,0.00639273365170634,0.015582229204234,0,6653,1,1745,0.0128664655570042,0.00277359272244218,0.0284486947612382,0.0348414284129445
TMS20F1116P0033,0.00639273365170634,0.0305672466025419,0,6712,1,1772,-0.00502525143687541,0.00294578775352935,0.0255419951656665,0.0319347288173728
TMS20F1126P0002,0.00639273365170634,-0.0370900341298726,0,6753,1,1813,0.00514640058246982,0.0029049265538252,-0.0319436335474028,-0.0255508998956965
TMS20F1126P0007,0.00639273365170634,-0.0388779115774564,0,6792,1,1847,-0.00358608276975375,0.00295510332357886,-0.0424639943472101,-0.0360712606955038
TMS20F1128P0008,0.00639273365170634,0.0149063990179498,0,6650,1,1744,0.00637491114123058,0.00305696957419246,0.0212813101591803,0.0276740438108867
TMS20F1132P0006,0.00639273365170634,0.0313136601613576,0,6708,1,1768,-0.0208068461808634,0.00297529820323516,0.0105068139804942,0.0168995476322006
TMS20F1141P0011,0.00639273365170634,-0.00300231065268076,0,6641,1,1742,0.00641294323739437,0.00278224079866853,0.00341063258471361,0.00980336623641995
TMS20F1142P0008,0.00639273365170634,-0.00263523195891357,0,6678,1,1757,0.00432342424947603,0.00310229299819842,0.00168819229056247,0.00808092594226881
TMS20F1144P0007,0.00639273365170634,0.0218418411481528,0,6756,1,1816,0.0236969238704909,0.00319408999415433,0.0455387650186437,0.05193149867035
TMS20F1145P0011,0.00639273365170634,0.0572998369501459,0,6691,1,1761,0.00795460202598738,0.0032298314774896,0.0652544389761333,0.0716471726278396
TMS20F1157P0002,0.00639273365170634,0.0167877744996895,0,6711,1,1771,2.17866242969598e-05,0.00300886485276833,0.0168095611239864,0.0232022947756928
TMS20F1158P0106,0.00639273365170634,-0.00208155833175244,0,6797,1,1851,-0.0293510233169817,0.00298120368889298,-0.0314325816487342,-0.0250398479970278
TMS20F1159P0032,0.00639273365170634,0.0210313123596618,0,6775,1,1832,-0.0277081630373698,0.00267426313361715,-0.00667685067770795,-0.000284117026001604
TMS20F1161P0014,0.00639273365170634,-0.0149293671288607,0,6773,1,1830,0.0083610159053336,0.00300043725415521,-0.00656835122352714,-0.000175617571820795
TMS20F1165P0004,0.00639273365170634,0.0387104700566711,0,6795,1,1849,0.000608878144295827,0.00273935937645921,0.0393193482009669,0.0457120818526732
TMS20F1167P0010,0.00639273365170634,0.0109148773498903,0,6698,1,1765,-0.0500733290523005,0.00296945994568457,-0.0391584517024103,-0.0327657180507039
TMS20F1179P0001,0.00639273365170634,0.0301682579754454,0,6727,1,1787,0.0295860577587059,0.00295818691790862,0.0597543157341513,0.0661470493858577
TMS20F1180P0002,0.00639273365170634,0.00529493740182603,0,6656,1,1747,0.00893344024697827,0.00290695807281999,0.0142283776488043,0.0206211113005106
TMS20F1180P0006,0.00639273365170634,0.0211767777445242,0,6739,1,1799,0.00374184195494482,0.00290799394637664,0.024918619699469,0.0313113533511754
TMS20F1182P0043,0.00639273365170634,0.0194330097582534,0,6754,1,1814,0.0214413444912412,0.00296764616630799,0.0408743542494946,0.047267087901201
TMS20F1193P0005,0.00639273365170634,-0.016709598758757,0,6769,1,1826,-0.0144134347784247,0.00287792088961409,-0.0311230335371817,-0.0247302998854753
TMS20F1205P0013,0.00639273365170634,-0.0596423075074086,0,6717,1,1777,0.0263567091370004,0.00308478718549398,-0.0332855983704082,-0.0268928647187019
TMS20F1221P0001,0.00639273365170634,0.0223651639031368,0,6745,1,1805,-0.0594959196461848,0.00292779814696425,-0.037130755743048,-0.0307380220913417
TMS20F1221P0015,0.00639273365170634,0.0294866883444875,0,6715,1,1775,-0.0133406878743413,0.00295502745948138,0.0161460004701462,0.0225387341218526
TMS20F1221P0019,0.00639273365170634,0.0415735859249237,0,6782,1,1838,-0.0016193590474588,0.00312072025420216,0.0399542268774649,0.0463469605291712
TMS20F1223P0009,0.00639273365170634,0.0361581888736824,0,6748,1,1808,-0.0280137640543774,0.00296073438312721,0.00814442481930495,0.0145371584710113
TMS20F1228P0024,0.00639273365170634,0.0322466365539472,0,6791,1,1846,0.0179953293930126,0.00312590558725879,0.0502419659469598,0.0566346995986661
TMS20F1228P0028,0.00639273365170634,0.0242963812523941,0,6766,1,1823,0.0148832731072647,0.00293451490227903,0.0391796543596587,0.0455723880113651
TMS20F1230P0026,0.00639273365170634,0.028225253343434,0,6963,1,1997,0.0124490620656813,0.00304023858228606,0.0406743154091153,0.0470670490608217
TMS20F1233P0012,0.00639273365170634,-0.041347327989265,0,6925,1,1966,-0.0181098675394013,0.00292405124554692,-0.0594571955286663,-0.05306446187696
TMS20F1233P0039,0.00639273365170634,-0.0072330657780863,0,6973,1,2005,-0.0117357882935869,0.00296659575153637,-0.0189688540716732,-0.0125761204199669
TMS20F1233P0049,0.00639273365170634,-0.00650538747412284,0,6976,1,2008,-0.0191910606741696,0.00287251861679928,-0.0256964481482925,-0.0193037144965861
TMS20F1233P0060,0.00639273365170634,-0.00568865348222541,0,6952,1,1989,-0.00581441070790607,0.00279732959925081,-0.0115030641901315,-0.00511033053842514
TMS20F1234P0008,0.00639273365170634,-0.0760535226032419,0,6818,1,1871,0.0562885871275083,0.00310745557799443,-0.0197649354757336,-0.0133722018240273
TMS20F1234P0013,0.00639273365170634,-0.0561910828856476,0,6800,1,1854,0.0277346924661512,0.00293531723339885,-0.0284563904194963,-0.02206365676779
TMS20F1235P0038,0.00639273365170634,-0.0733547948012411,0,6922,1,1963,0.017293910912074,0.00313057940356284,-0.0560608838891671,-0.0496681502374608
TMS20F1271P0005,0.00639273365170634,0.0648655089319982,0,6907,1,1954,-0.00330751495136055,0.00298424499869366,0.0615579939806376,0.0679507276323439
TMS20F1285P0014,0.00639273365170634,0.0269276153359595,0,6824,1,1876,-0.0124144227890698,0.0031032414021574,0.0145131925468897,0.0209059261985961
TMS20F1286P0013,0.00639273365170634,0.0294185442751982,0,6974,1,2006,0.00240232995684785,0.0031334846172853,0.031820874232046,0.0382136078837524
TMS20F1286P0032,0.00639273365170634,0.0267536048688779,0,6634,1,1741,-0.039760373316998,0.00314971582217042,-0.0130067684481201,-0.00661403479641375
TMS20F1286P0036,0.00639273365170634,0.045321821764544,0,6763,1,1820,-0.000810196346845055,0.00259410872711665,0.0445116254176989,0.0509043590694053
TMS20F1287P0001,0.00639273365170634,0.0219216500054169,0,6870,1,1919,-0.0328323265291838,0.00311817794919101,-0.0109106765237669,-0.00451794287206051
TMS20F1291P0009,0.00639273365170634,0.0140423136222337,0,6796,1,1850,-0.0160537841798499,0.00302932151195475,-0.00201147055761614,0.00438126309409021
TMS20F1294P0021,0.00639273365170634,0.0037876584359028,0,6929,1,1969,0.023094999032219,0.00304916263541119,0.0268826574681218,0.0332753911198282
TMS20F1294P0032,0.00639273365170634,-0.0245736245981983,0,6927,1,1968,-0.00106618498553969,0.00324723752403666,-0.025639809583738,-0.0192470759320316
TMS20F1298P0014,0.00639273365170634,-0.00628016643754751,0,6983,1,2013,0.00649629294995355,0.00300356391765335,0.000216126512406043,0.00660886016411239
TMS20F1299P0004,0.00639273365170634,-0.000408573377329258,0,6804,1,1857,-0.00737039110192168,0.0031523897630457,-0.00777896447925093,-0.00138623082754459
TMS20F1299P0015,0.00639273365170634,0.00823700757815624,0,6921,1,1962,-0.0390042426561543,0.00301660317024814,-0.0307672350779981,-0.0243745014262917
TMS20F1299P0016,0.00639273365170634,0.0207222783281167,0,6930,1,1970,0.0341967866696769,0.0030569472925333,0.0549190649977936,0.0613117986494999
TMS20F1302P0025,0.00639273365170634,-0.00758556492840972,0,6942,1,1981,-0.00717930081729583,0.00307146129403592,-0.0147648657457055,-0.00837213209399921
TMS20F1306P0036,0.00639273365170634,0.0027158886198115,0,7300,1,2163,0.00859226633460343,0.00293073287765522,0.0113081549544149,0.0177008886061213
TMS20F1306P0065,0.00639273365170634,0.0103239847659216,0,6977,1,2009,0.00331245398800391,0.00286876830528312,0.0136364387539255,0.0200291724056318
TMS20F1307P0036,0.00639273365170634,-0.00896346161469687,0,6848,1,1899,-9.86802983808203e-05,0.00301770537564329,-0.00906214191307769,-0.00266940826137135
TMS20F1307P0039,0.00639273365170634,-0.00558334994660859,0,6914,1,1958,0.00785162773046347,0.00287831341265733,0.00226827778385487,0.00866101143556122
TMS20F1307P0055,0.00639273365170634,-0.0109414115581582,0,6819,1,1872,0.0383768392604114,0.0029195527712453,0.0274354277022532,0.0338281613539596
TMS20F1307P0101,0.00639273365170634,0.00418520038261738,0,6849,1,1900,0.0133737716612306,0.00279602051480777,0.017558972043848,0.0239517056955543
TMS20F1310P0008,0.00639273365170634,0.0406439987352868,0,6970,1,2003,-0.0084484222344531,0.00292064868787381,0.0321955765008337,0.03858831015254
TMS20F1310P0012,0.00639273365170634,0.0223918328489916,0,6954,1,1991,0.0295668211613198,0.00292984485250288,0.0519586540103114,0.0583513876620178
TMS20F1310P0019,0.00639273365170634,0.0152042722396681,0,6885,1,1934,0.0212251305937365,0.0029653845268372,0.0364294028334046,0.0428221364851109
TMS20F1313P0017,0.00639273365170634,-0.00932034861062002,0,6850,1,1901,0.0226013947641326,0.00318222952674633,0.0132810461535126,0.019673779805219
TMS20F1322P0028,0.00639273365170634,0.00412105975669599,0,6969,1,2002,0.00059397386659426,0.00295506753927009,0.00471503362329025,0.0111077672749966
TMS20F1323P0040,0.00639273365170634,0.00762397202144326,0,6770,1,1827,0.0247281562473124,0.00303382330109263,0.0323521282687556,0.038744861920462
TMS20F1323P0050,0.00639273365170634,0.0139398347067219,0,6750,1,1810,0.0356481521127624,0.00316886931978465,0.0495879868194843,0.0559807204711906
TMS20F1326P0020,0.00639273365170634,0.0131198019842426,0,6751,1,1811,-0.0346778645501392,0.00293814928872173,-0.0215580625658967,-0.0151653289141903
TMS20F1326P0034,0.00639273365170634,-0.00102333201069803,0,6779,1,1835,0.0425621668467511,0.00294959896912259,0.041538834836053,0.0479315684877594
TMS20F1326P0045,0.00639273365170634,0.0171227408151551,0,6762,1,1819,0.0238712618145742,0.00294126449957395,0.0409940026297293,0.0473867362814356
TMS20F1336P0004,0.00639273365170634,-0.0187314189084865,0,6741,1,1801,0.0133867149105594,0.00324131983243081,-0.00534470399792712,0.00104802965377922
TMS20F1336P0006,0.00639273365170634,0.00289265765738563,0,6723,1,1783,0.00129993790723922,0.00313209067631535,0.00419259556462485,0.0105853292163312
TMS20F1361P0007,0.00639273365170634,0.0128968325829422,0,6785,1,1841,0.0294487562172842,0.00308890401742343,0.0423455888002264,0.0487383224519327
TMS20F1361P0013,0.00639273365170634,0.00274591130216397,0,6749,1,1809,0.0253660623342765,0.00298863285225322,0.0281119736364404,0.0345047072881468
TMS20F1385P0030,0.00639273365170634,0.0164678362291488,0,6761,1,1818,-0.00779724273520793,0.00312677206862497,0.0086705934939409,0.0150633271456472
TMS20F1387P0025,0.00639273365170634,0.024694568317676,0,6725,1,1785,0.0348260546946353,0.00306411093487957,0.0595206230123113,0.0659133566640176
TMS20F1389P0025,0.00639273365170634,8.5288548174349e-05,0,6747,1,1807,-0.0114527058991872,0.0030468508241931,-0.0113674173510129,-0.00497468369930654
TMS20F1412P0036,0.00639273365170634,-0.0236887307417358,0,6743,1,1803,0.046052991060981,0.00338214529069324,0.0223642603192452,0.0287569939709516
TMS20F1412P0038,0.00639273365170634,-0.00466360499703968,0,6735,1,1795,0.0105030216251092,0.00327416989334791,0.00583941662806952,0.0122321502797759
TMS20F1415P0015,0.00639273365170634,0.0102862391528297,0,6776,1,1833,0.00177380560610143,0.00301209808755093,0.0120600447589311,0.0184527784106375
TMS20F1423P0040,0.00639273365170634,0.0103307760104243,0,6764,1,1821,0.0267685375901978,0.00300666606999424,0.037099313600622,0.0434920472523284
TMS20F1424P0002,0.00639273365170634,-0.00281578074614117,0,6738,1,1798,-0.0042160635871325,0.00295560052657057,-0.00703184433327367,-0.000639110681567332
TMS20F1424P0004,0.00639273365170634,0.0226590509581898,0,6768,1,1825,0.00224281448746903,0.00285116160219808,0.0249018654456588,0.0312945990973652
TMS20F1424P0009,0.00639273365170634,0.00459328544776201,0,6746,1,1806,0.000566676428588752,0.00278264222339228,0.00515996187635076,0.0115526955280571
TMS20F1424P0014,0.00639273365170634,0.0156982289541886,0,6722,1,1782,0.00289832549256207,0.00287001651255334,0.0185965544467507,0.0249892880984571
TMS20F1424P0022,0.00639273365170634,0.000814187906792736,0,6831,1,1883,0.00371008152976255,0.00288947833374404,0.00452426943655529,0.0109170030882616
TMS20F1430P0122,0.00639273365170634,0.0302524012334258,0,6844,1,1895,0.000973109927494427,0.00303645273288126,0.0312255111609203,0.0376182448126266
TMS20F1439P0003,0.00639273365170634,-0.00494382866892897,0,6755,1,1815,-0.00930789774232361,0.00327545503811676,-0.0142517264112526,-0.00785899275954623
TMS20F1439P0016,0.00639273365170634,-0.0337484800065733,0,6873,1,1922,0.0219334884468325,0.00309769955779896,-0.0118149915597408,-0.00542225790803449
TMS20F1440P0039,0.00639273365170634,0.00270081563915431,0,6729,1,1789,0.00302440048276886,0.00298383536105767,0.00572521612192317,0.0121179497736295
TMS20F1442P0005,0.00639273365170634,0.0147712917657534,0,6774,1,1831,-0.00141409251692792,0.00295716496315709,0.0133571992488255,0.0197499329005319
TMS20F1443P0001,0.00639273365170634,-0.0029181584072518,0,6772,1,1829,-0.00873887376043783,0.00310271948150837,-0.0116570321676896,-0.00526429851598328
TMS20F1445P0072,0.00639273365170634,-0.0122466888403978,0,6767,1,1824,0.00652196854353111,0.00303334335300258,-0.00572472029686673,0.000668013354839612
TMS20F1445P0092,0.00639273365170634,0.0221164356868209,0,6825,1,1877,0.0332191931610065,0.00301686134282455,0.0553356288478274,0.0617283624995338
TMS20F1448P0009,0.00639273365170634,0.0585809055527786,0,6891,1,1940,0.0178131079697568,0.0030496950862509,0.0763940135225353,0.0827867471742417
TMS20F1451P0018,0.00639273365170634,0.0205544848436315,0,6811,1,1864,-0.0196165776471031,0.00294989955773683,0.000937907196528334,0.00733064084823468
TMS20F1451P0069,0.00639273365170634,0.0025347885191395,0,6718,1,1778,0.00778159966882675,0.00294595469901927,0.0103163881879663,0.0167091218396726
TMS20F1452P0011,0.00639273365170634,0.0168372755768806,0,7080,1,2077,-0.00628473264747054,0.00312217483753974,0.0105525429294101,0.0169452765811164
TMS20F1452P0013,0.00639273365170634,0.0105179268688788,0,7013,1,2034,-0.00757094864937133,0.00295966288560371,0.0029469782195075,0.00933971187121384
TMS20F1452P0015,0.00639273365170634,0.0182709787295519,0,6932,1,1972,0.0130867003710225,0.00304407290903066,0.0313576791005744,0.0377504127522807
TMS20F1452P0019,0.00639273365170634,0.0201660846084605,0,7128,1,2101,-0.00121940008805882,0.00288245451208057,0.0189466845204017,0.0253394181721081
TMS20F1452P0020,0.00639273365170634,0.0310285331807574,0,7078,1,2076,0.0147172776538511,0.00294165205771797,0.0457458108346085,0.0521385444863149
TMS20F1452P0022,0.00639273365170634,0.0264686785700183,0,7001,1,2025,-0.0154505256477926,0.00308759714424143,0.0110181529222257,0.0174108865739321
TMS20F1452P0025,0.00639273365170634,0.0117912655829286,0,6933,1,1973,-0.00843871738939948,0.00304618438820856,0.00335254819352916,0.0097452818452355
TMS20F1453P0001,0.00639273365170634,0.00389835109903262,0,7049,1,2062,-0.0103631940616192,0.00276974695531844,-0.00646484296258659,-7.21093108802424e-05
TMS20F1453P0002,0.00639273365170634,0.0234500157296627,0,7054,1,2064,-0.001987800840421,0.00291701223745291,0.0214622148892417,0.0278549485409481
TMS20F1454P0002,0.00639273365170634,-0.00864911100166666,0,7044,1,2058,0.000949815028730909,0.00322755171842855,-0.00769929597293576,-0.00130656232122941
TMS20F1455P0001,0.00639273365170634,0.0141894911517085,0,7310,1,2170,-0.0185247757807976,0.00299415180879519,-0.00433528462908911,0.00205744902261723
TMS20F1455P0004,0.00639273365170634,0.0152716046091308,0,7002,1,2026,0.0380765388255117,0.00284887617804015,0.0533481434346425,0.0597408770863488
TMS20F1456P0004,0.00639273365170634,0.0204141063904007,0,7156,1,2109,-0.0140924655370228,0.00304551107836707,0.00632164085337791,0.0127143745050842
TMS20F1457P0001,0.00639273365170634,0.0136828091133611,0,7083,1,2080,-0.0180611518100752,0.00287664735524635,-0.00437834269671407,0.00201439095499228
TMS20F1457P0003,0.00639273365170634,0.0466788052825663,0,7202,1,2128,-0.0335405690621479,0.00297711816903717,0.0131382362204184,0.0195309698721248
TMS20F1457P0010,0.00639273365170634,0.0207870658950913,0,7106,1,2093,0.00507498156433129,0.0028553030554536,0.0258620474594226,0.0322547811111289
TMS20F1458P0006,0.00639273365170634,0.0187682800654376,0,7099,1,2088,0.018691283969638,0.00292017169709701,0.0374595640350756,0.043852297686782
TMS20F1458P0009,0.00639273365170634,0.0403593027022958,0,7211,1,2131,-0.00122184715634105,0.00287846294522922,0.0391374555459548,0.0455301891976611
TMS20F1458P0014,0.00639273365170634,-0.00957934543957967,0,6979,1,2011,-0.014331263949904,0.00271082536123044,-0.0239106093894837,-0.0175178757377774
TMS20F1459P0002,0.00639273365170634,-0.0122511410329709,0,7105,1,2092,0.0193693577964845,0.00307460230601267,0.00711821676351365,0.01351095041522
TMS20F1459P0007,0.00639273365170634,-0.0414563318919265,0,7086,1,2083,0.0331959735852719,0.00369994114102471,-0.00826035830665464,-0.0018676246549483
TMS20F1460P0001,0.00639273365170634,0.00624983735542922,0,7109,1,2095,0.0281154016945576,0.002622104393014,0.0343652390499868,0.0407579727016932
TMS20F1460P0005,0.00639273365170634,-0.0114447315457454,0,7010,1,2031,0.0448175370572584,0.00381776802757545,0.033372805511513,0.0397655391632194
TMS20F1460P0010,0.00639273365170634,-0.00862032200197305,0,7081,1,2078,0.00854293126729679,0.00253618154093585,-7.73907346762609e-05,0.00631534291703008
TMS20F1460P0013,0.00639273365170634,-0.0278956400084913,0,7039,1,2054,-0.00737065446481909,0.00325042510083804,-0.0352662944733104,-0.0288735608216041
TMS20F1460P0015,0.00639273365170634,0.0167798095256456,0,7117,1,2100,0.0224253906734657,0.00265945930588649,0.0392052001991113,0.0455979338508176
TMS20F1460P0016,0.00639273365170634,0.00320379301876864,0,7085,1,2082,-0.00521829466306463,0.0026466770666618,-0.00201450164429598,0.00437823200741036
TMS20F1460P0021,0.00639273365170634,-0.0202337927417187,0,7092,1,2086,0.0195057394333407,0.0026516234577042,-0.000728053308378017,0.00566468034332833
TMS20F1460P0026,0.00639273365170634,0.0244784406914524,0,7114,1,2097,-0.0106382605485221,0.00261105476135893,0.0138401801429304,0.0202329137946367
TMS20F1460P0028,0.00639273365170634,0.0219447001393483,0,7160,1,2111,0.00304007301282091,0.00259307251171971,0.0249847731521692,0.0313775068038755
TMS20F1460P0034,0.00639273365170634,0.00303508843338875,0,7200,1,2127,0.00538890751884896,0.00260716419906022,0.00842399595223771,0.0148167296039441
TMS20F1461P0002,0.00639273365170634,-0.00111020880810282,0,7104,1,2091,0.0294079039418474,0.00283324547348842,0.0282976951337446,0.0346904287854509
TMS20F1461P0003,0.00639273365170634,-0.00341019893289273,0,7185,1,2122,-0.0348666718495552,0.00264989153842013,-0.0382768707824479,-0.0318841371307415
TMS20F1461P0010,0.00639273365170634,-0.00815777372744464,0,7167,1,2115,0.0187034257810837,0.00347156389887645,0.010545652053639,0.0169383857053454
TMS20F1461P0014,0.00639273365170634,-0.0119120200688877,0,6960,1,1994,0.0645997357381366,0.00342502464650952,0.0526877156692489,0.0590804493209552
TMS20F1462P0002,0.00639273365170634,0.0275105425627254,0,7042,1,2057,0.0201656310285752,0.00282784440250617,0.0476761735913006,0.054068907243007
TMS20F1462P0011,0.00639273365170634,-0.0163514084029118,0,7011,1,2032,0.00898663653427698,0.00280464648496667,-0.00736477186863483,-0.000972038216928484
TMS20F1462P0018,0.00639273365170634,-0.0193228107238691,0,7102,1,2089,-0.00470352099256451,0.00271795513236208,-0.0240263317164336,-0.0176335980647272
TMS20F1464P0001,0.00639273365170634,0.0049530526637345,0,7058,1,2066,0.0221881762680285,0.00264096473044134,0.027141228931763,0.0335339625834694
TMS20F1464P0003,0.00639273365170634,-0.0212948768774958,0,6913,1,1957,0.00578000779908002,0.00283950037454707,-0.0155148690784158,-0.00912213542670946
TMS20F1465P0001,0.00639273365170634,-0.00103927729411246,0,6972,1,2004,0.0133041049344408,0.00288346791333775,0.0122648276403283,0.0186575612920346
TMS20F1467P0004,0.00639273365170634,0.00302514989688949,0,7196,1,2125,-0.0138731430775708,0.00286033883808876,-0.0108479931806814,-0.00445525952897501
TMS20F1467P0006,0.00639273365170634,-0.00669792735161186,0,7108,1,2094,-0.019990782630264,0.00265597802126249,-0.0266887099818759,-0.0202959763301695
TMS20F1468P0002,0.00639273365170634,0.0148575990697348,0,7199,1,2126,-0.0260376087910688,0.00316381065484657,-0.011180009721334,-0.00478727606962765
TMS20F1468P0004,0.00639273365170634,0.0142057247146384,0,7158,1,2110,-0.00832567022172544,0.00310419317488266,0.00588005449291296,0.0122727881446193
TMS20F1468P0008,0.00639273365170634,0.0256065571700885,0,7129,1,2102,0.01099796938303,0.00300557867050779,0.0366045265531185,0.0429972602048249
TMS20F1468P0010,0.00639273365170634,0.00392866437768787,0,7016,1,2037,0.00286280640215929,0.00303398938455593,0.00679147077984717,0.0131842044315535
TMS20F1469P0001,0.00639273365170634,0.0162697997552496,0,7084,1,2081,-0.0103734498216686,0.00305359844045757,0.00589634993358103,0.0122890835852874
TMS20F1472P0002,0.00639273365170634,-0.0237605655172656,0,6904,1,1951,-0.023394066629996,0.00269053352539981,-0.0471546321472616,-0.0407618984955553
TMS20F1472P0003,0.00639273365170634,-0.0418871760312882,0,6924,1,1965,0.012249590419888,0.00302698546586632,-0.0296375856114002,-0.0232448519596939
TMS20F1472P0010,0.00639273365170634,-0.0135653944647987,0,6992,1,2019,-0.00224890981259464,0.00262962384400499,-0.0158143042773934,-0.00942157062568703
TMS20F1472P0011,0.00639273365170634,-0.018641612902529,0,7087,1,2084,0.0284982796407284,0.00301347986679279,0.0098566667381994,0.0162494003899057
TMS20F1472P0016,0.00639273365170634,-0.0296607318878028,0,7135,1,2104,0.0141184653264734,0.00276877112459619,-0.0155422665613294,-0.00914953290962306
TMS20F1472P0028,0.00639273365170634,-0.0479621102528229,0,7012,1,2033,0.025222090198195,0.00299887046145814,-0.0227400200546279,-0.0163472864029216
TMS20F1472P0029,0.00639273365170634,-0.0194793853329179,0,7038,1,2053,0.0232820143034025,0.00338445602124567,0.00380262897048459,0.0101953626221909
TMS20F1472P0030,0.00639273365170634,-0.031344933792426,0,7006,1,2028,-0.00866097776029835,0.00278311305697359,-0.0400059115527243,-0.033613177901018
TMS20F1472P0031,0.00639273365170634,-0.0273680697005601,0,7096,1,2087,0.0227934802833365,0.00270491272507891,-0.0045745894172236,0.00181814423448274
TMS20F1472P0033,0.00639273365170634,-0.0016410279831146,0,7017,1,2038,0.0109960289154977,0.00274252229830412,0.00935500093238307,0.0157477345840894
TMS20F1472P0034,0.00639273365170634,-0.021286068698942,0,7009,1,2030,0.0213579308476008,0.00283912981031083,7.18621486587474e-05,0.00646459580036509
TMS20F1472P0036,0.00639273365170634,-0.0412158036583866,0,7089,1,2085,0.00524327691933692,0.0034414888838873,-0.0359725267390497,-0.0295797930873434
TMS20F1472P0038,0.00639273365170634,-0.0192191455250786,0,7051,1,2063,-0.00133246669763701,0.00328337843850908,-0.0205516122227156,-0.0141588785710093
TMS20F1472P0039,0.00639273365170634,-0.00460992687825375,0,7045,1,2059,0.0487963740810556,0.0026379861326063,0.0441864472028018,0.0505791808545082
TMS20F1472P0040,0.00639273365170634,-0.034767197504582,0,7019,1,2040,0.0443525633903262,0.00269478070048673,0.00958536588574419,0.0159780995374505
TMS20F1472P0041,0.00639273365170634,0.0354577430387863,0,7018,1,2039,0.00415357533332924,0.00307021037626738,0.0396113183721155,0.0460040520238218
TMS20F1472P0042,0.00639273365170634,0.00615781572810726,0,7063,1,2071,0.0238048381202945,0.00267332079553498,0.0299626538484018,0.0363553875001081
TMS20F1472P0049,0.00639273365170634,-0.0037536086862025,0,7000,1,2024,0.0443772403798183,0.00262424019623799,0.0406236316936158,0.0470163653453222
TMS20F1472P0059,0.00639273365170634,-0.0302806982706342,0,7130,1,2103,0.0665609452593153,0.00288896292617264,0.0362802469886811,0.0426729806403875
TMS20F1472P0063,0.00639273365170634,-0.0291505122731391,0,7193,1,2123,0.0135769437325509,0.00315175396505862,-0.0155735685405882,-0.00918083488888182
TMS20F1472P0064,0.00639273365170634,-0.0218387708317583,0,7194,1,2124,-0.00202083378139649,0.00297293389930824,-0.0238596046131547,-0.0174668709614484
TMS20F1472P0067,0.00639273365170634,-0.0404082667788124,0,7168,1,2116,0.0117129172793837,0.00283935083545313,-0.0286953494994287,-0.0223026158477224
TMS20F1473P0014,0.00639273365170634,-0.043209224220153,0,7113,1,2096,0.0210904542443823,0.00287627114732815,-0.0221187699757707,-0.0157260363240643
TMS20F1473P0018,0.00639273365170634,-0.00201468254556918,0,7203,1,2129,0.00467694914761372,0.00273666737784805,0.00266226660204454,0.00905500025375088
TMS20F1473P0021,0.00639273365170634,-0.0312101280300394,0,7073,1,2075,0.0246943923407444,0.00286240067409241,-0.00651573568929506,-0.000123002037588714
TMS20F1473P0026,0.00639273365170634,-0.0101192571281497,0,7116,1,2099,-0.0176189139639145,0.0025442272855469,-0.0277381710920643,-0.0213454374403579
TMS20F1473P0028,0.00639273365170634,-0.0373431755564441,0,7115,1,2098,0.0177900497347045,0.00295158116157896,-0.0195531258217396,-0.0131603921700333
TMS20F1473P0033,0.00639273365170634,-0.030684166077652,0,6968,1,2001,-0.00962917223028441,0.00286432938890877,-0.0403133383079364,-0.03392060465623
TMS20F1473P0039,0.00639273365170634,-0.00622055957903912,0,6923,1,1964,0.00329871904542354,0.00270365292814936,-0.00292184053361558,0.00347089311809076
TMS20F1473P0041,0.00639273365170634,-0.049513890398193,0,6945,1,1983,0.000497422104753445,0.00288746791950621,-0.0490164682934395,-0.0426237346417332
TMS20F1473P0045,0.00639273365170634,-0.0436389927128669,0,6902,1,1949,0.00356166310520313,0.00327294587627462,-0.0400773296076638,-0.0336845959559574
TMS20F1474P0006,0.00639273365170634,-0.0520737795538062,0,7030,1,2047,0.0173592776018884,0.00366126706889391,-0.0347145019519179,-0.0283217683002115
TMS20F1474P0007,0.00639273365170634,-0.00749227512906047,0,6998,1,2023,0.00742710220248026,0.00227520713957849,-6.51729265802124e-05,0.00632756072512613
TMS20F1474P0010,0.00639273365170634,-0.0570151063082507,0,7026,1,2044,0.0231935572560088,0.00336749824594191,-0.0338215490522419,-0.0274288154005355
TMS20F1474P0011,0.00639273365170634,-0.0175073637173616,0,7015,1,2036,-0.000197624641725622,0.00272975839048355,-0.0177049883590872,-0.0113122547073809
TMS20F1475P0004,0.00639273365170634,-0.0448188708410328,0,7003,1,2027,0.00446444679612137,0.00295943875441676,-0.0403544240449114,-0.0339616903932051
TMS20F1475P0008,0.00639273365170634,-0.0264233160373752,0,6944,1,1982,0.0254981120878078,0.00286517852746764,-0.000925203949567358,0.00546752970213898
TMS20F1475P0009,0.00639273365170634,-0.0140038971798657,0,7033,1,2049,0.00698177478252664,0.00276952862739961,-0.00702212239733909,-0.000629388745632745
TMS20F1475P0011,0.00639273365170634,-0.0532568529638697,0,6994,1,2021,0.0338590858767018,0.00336118501336934,-0.0193977670871679,-0.0130050334354616
TMS20F1475P0012,0.00639273365170634,-0.0277612770114544,0,6985,1,2015,-0.0124084998770797,0.00282196022452213,-0.0401697768885341,-0.0337770432368278
TMS20F1475P0015,0.00639273365170634,-0.0275330367079575,0,7014,1,2035,-0.0169982816445773,0.00272743022532951,-0.0445313183525348,-0.0381385847008285
TMS20F1475P0017,0.00639273365170634,-0.0337185889508312,0,6975,1,2007,0.000260283343097368,0.00340933948858703,-0.0334583056077338,-0.0270655719560275
TMS20F1475P0018,0.00639273365170634,-0.0212399572913772,0,7062,1,2070,0.00379358223195615,0.00281436261609023,-0.017446375059421,-0.0110536414077147
TMS20F1476P0002,0.00639273365170634,-0.00808522976547268,0,6966,1,1999,0.0273323453085775,0.00288728515910541,0.0192471155431049,0.0256398491948112
TMS20F1476P0004,0.00639273365170634,-0.0254758913168219,0,6958,1,1993,0.0347037725095197,0.00369234249713984,0.0092278811926978,0.0156206148444041
TMS20F1476P0006,0.00639273365170634,-0.0133601838509092,0,6961,1,1995,0.0325022850284746,0.00274287184881951,0.0191421011775654,0.0255348348292717
TMS20F1476P0010,0.00639273365170634,-0.0627312382860522,0,6990,1,2018,0.00756567288195047,0.00384991303957088,-0.0551655654041018,-0.0487728317523954
TMS20F1476P0014,0.00639273365170634,-0.0380660365501234,0,6937,1,1977,0.00983516693758808,0.0030334895760399,-0.0282308696125353,-0.0218381359608289
TMS20F1476P0017,0.00639273365170634,-0.0471095471481187,0,6934,1,1974,0.0107568561027221,0.00385073881720753,-0.0363526910453966,-0.0299599573936903
TMS20F1476P0019,0.00639273365170634,-0.00176949747039305,0,7041,1,2056,0.00351875367763318,0.00294792999991677,0.00174925620724013,0.00814198985894648
TMS20F1476P0020,0.00639273365170634,-0.0433573544865411,0,7145,1,2107,0.0169721835835341,0.00389673711378656,-0.026385170903007,-0.0199924372513007
TMS20F1476P0023,0.00639273365170634,-0.0294164857529443,0,6953,1,1990,-0.0368086251385145,0.00276698251273216,-0.0662251108914588,-0.0598323772397524
TMS20F1476P0026,0.00639273365170634,-0.074563577840149,0,6915,1,1959,0.0476457020974245,0.00416401002047565,-0.0269178757427244,-0.0205251420910181
TMS20F1476P0027,0.00639273365170634,-0.0486483922058743,0,7178,1,2120,-0.0176864731326921,0.00322720240530755,-0.0663348653385664,-0.0599421316868601
TMS20F1476P0031,0.00639273365170634,-0.0614010423042215,0,6947,1,1985,0.00100418940899888,0.00404302953101301,-0.0603968528952226,-0.0540041192435163
TMS20F1476P0038,0.00639273365170634,-0.0303464065980742,0,7161,1,2112,-0.00381728335482137,0.00279968649907767,-0.0341636899528956,-0.0277709563011892
TMS20F1476P0039,0.00639273365170634,-0.0497508094242149,0,7301,1,2164,0.00378744927024344,0.00312092400770088,-0.0459633601539715,-0.0395706265022651
TMS20F1476P0050,0.00639273365170634,-0.0561718057668393,0,7173,1,2119,0.00958140283506515,0.00394749719556284,-0.0465904029317741,-0.0401976692800678
TMS20F1477P0010,0.00639273365170634,-0.0182217327570244,0,7206,1,2130,-0.0295803588638729,0.00304320624347936,-0.0478020916208972,-0.0414093579691909
TMS20F1477P0016,0.00639273365170634,-0.0467542419362419,0,7170,1,2117,-0.0249632829641743,0.00324747849187524,-0.0717175249004162,-0.0653247912487099
TMS20F1477P0018,0.00639273365170634,-0.0167750761033304,0,7164,1,2113,0.017688784232634,0.00294254952534481,0.000913708129303668,0.00730644178101001
TMS20F1477P0029,0.00639273365170634,-0.0635791726618292,0,7103,1,2090,0.0082759311340111,0.00361171008789557,-0.0553032415278181,-0.0489105078761118
TMS20F1477P0036,0.00639273365170634,-0.0440549317561927,0,7071,1,2073,-0.0161597808731933,0.00296457513518774,-0.0602147126293859,-0.0538219789776796
TMS20F1477P0040,0.00639273365170634,-0.0151527366763448,0,7304,1,2167,0.00643674900640869,0.00290625587038766,-0.00871598766993607,-0.00232325401822972
TMS20F1477P0045,0.00639273365170634,-0.0289101321258216,0,7139,1,2106,-0.017762195504207,0.00301976982902213,-0.0466723276300286,-0.0402795939783222
TMS20F1478P0006,0.00639273365170634,0.00841482451456194,0,7138,1,2105,0.0182996441723543,0.00254442659444635,0.0267144686869162,0.0331072023386225
TMS20F1478P0010,0.00639273365170634,-0.0357526931572417,0,7165,1,2114,0.0114350965139727,0.00346127821333759,-0.0243175966432689,-0.0179248629915626
TMS20F1478P0015,0.00639273365170634,-0.0154066099749138,0,6899,1,1947,0.0308823106141072,0.00299348950505151,0.0154757006391934,0.0218684342908997
TMS20F1478P0025,0.00639273365170634,-0.0385635455630162,0,6980,1,2012,0.0102666218685222,0.00310166575868564,-0.028296923694494,-0.0219041900427877
TMS20F1479P0003,0.00639273365170634,-0.0122835855759203,0,6984,1,2014,-0.0113797432833222,0.00293157700460856,-0.0236633288592426,-0.0172705952075362
TMS20F1479P0008,0.00639273365170634,0.00307748962563407,0,6988,1,2016,-0.0196179903252867,0.00288297383806759,-0.0165405006996526,-0.0101477670479463
TMS20F1479P0013,0.00639273365170634,-0.0206708805918615,0,6950,1,1988,-0.0205764059369355,0.00276639540432031,-0.041247286528797,-0.0348545528770907
TMS20F1479P0014,0.00639273365170634,-0.0567919222064729,0,6997,1,2022,-0.0157658802412959,0.00312177200517247,-0.0725578024477688,-0.0661650687960625
TMS20F1479P0036,0.00639273365170634,-0.03610000996822,0,6906,1,1953,0.000113196061858751,0.00282455916918672,-0.0359868139063612,-0.0295940802546549
TMS20F1479P0038,0.00639273365170634,-0.0478143590720483,0,6895,1,1944,-0.0223445005160753,0.00299548751672198,-0.0701588595881237,-0.0637661259364173
TMS20F1484P0001,0.00639273365170634,0.0120694533594218,0,7181,1,2121,-0.00797308544166314,0.00285199320923961,0.0040963679177587,0.010489101569465
TMS20F1485P0015,0.00639273365170634,-0.0195831701035083,0,7082,1,2079,-0.0180366491505546,0.00264815863809799,-0.0376198192540629,-0.0312270856023566
TMS20F1485P0027,0.00639273365170634,-0.00654035676772336,0,7151,1,2108,-0.00587636527048922,0.00264141965744372,-0.0124167220382126,-0.00602398838650625
TMS20F1485P0045,0.00639273365170634,-0.00489875769315984,0,7172,1,2118,-0.0445096373548259,0.00272966149869171,-0.0494083950479857,-0.0430156613962794
TMS20F1485P0047,0.00639273365170634,-0.000452476089987506,0,7008,1,2029,-0.0162706479232711,0.00273274642089525,-0.0167231240132586,-0.0103303903615522
TMS20F1486P0001,0.00639273365170634,-0.0091106850827644,0,6926,1,1967,0.0144057759825871,0.00313212933483338,0.00529509089982268,0.011687824551529
TMS20F1487P0001,0.00639273365170634,-0.00284902029900177,0,6940,1,1979,-0.015303924279057,0.00312619063867029,-0.0181529445780588,-0.0117602109263524
TMS20F1487P0003,0.00639273365170634,-0.0116882225580448,0,7060,1,2068,-0.0164243796209899,0.00279170348038139,-0.0281126021790347,-0.0217198685273283
TMS20F1487P0004,0.00639273365170634,-0.00646744115482787,0,6931,1,1971,0.0116068095888208,0.00287490471657906,0.00513936843399289,0.0115321020856992
TMS20F1487P0007,0.00639273365170634,-0.00787172326206529,0,7072,1,2074,0.019401690900062,0.00371452088958109,0.0115299676379967,0.017922701289703
TMS20F1487P0009,0.00639273365170634,-0.0268030201317441,0,7035,1,2051,0.00588458163828134,0.00383533467872914,-0.0209184384934628,-0.0145257048417564
TMS20F1489P0001,0.00639273365170634,-0.0244826295691102,0,7057,1,2065,0.00366186063725123,0.00267110553890582,-0.020820768931859,-0.0144280352801526
TMS20F1489P0002,0.00639273365170634,-0.0201711756709575,0,7040,1,2055,-0.0166339750709122,0.00271507950664157,-0.0368051507418696,-0.0304124170901633
TMS20F1489P0004,0.00639273365170634,-0.0479798259522319,0,6993,1,2020,0.0223585525286637,0.00397891728816479,-0.0256212734235682,-0.0192285397718619
TMS20F1489P0005,0.00639273365170634,-0.0210916169469379,0,7029,1,2046,0.00170245047962924,0.00267923880841639,-0.0193891664673087,-0.0129964328156024
TMS20F1489P0008,0.00639273365170634,-0.0189520219158543,0,7022,1,2042,0.033598911086642,0.00266411149045628,0.0146468891707877,0.0210396228224941
TMS20F1489P0013,0.00639273365170634,-0.0389378667115878,0,7032,1,2048,-0.0124737891042136,0.00393892765671884,-0.0514116558158013,-0.045018922164095
TMS20F1490P0001,0.00639273365170634,0.0216185051047478,0,7048,1,2061,0.035434980012124,0.00282794025009897,0.0570534851168718,0.0634462187685781
TMS20F1491P0002,0.00639273365170634,-0.0186756658856415,0,7047,1,2060,0.0557743016859049,0.00317251093472105,0.0370986358002634,0.0434913694519697
TMS20F1493P0001,0.00639273365170634,0.00635753553709696,0,7027,1,2045,0.0263492822518065,0.00272145084211462,0.0327068177889035,0.0390995514406098
TMS20F1494P0001,0.00639273365170634,0.00087170121412232,0,6920,1,1961,0.0142960385706178,0.00287596665163147,0.0151677397847401,0.0215604734364465
TMS20F1496P0001,0.00639273365170634,-0.0285570435051382,0,6989,1,2017,-0.0010428543037171,0.00285531036899533,-0.0295998978088553,-0.023207164157149
TMS20F1496P0003,0.00639273365170634,-0.0279594655096491,0,6911,1,1956,0.0225797155073636,0.00288666944637883,-0.0053797500022855,0.00101298364942084
TMS20F1496P0004,0.00639273365170634,-0.0105025850316762,0,7061,1,2069,0.00337276566163557,0.0028522452867651,-0.00712981937004062,-0.000737085718334273
TMS20F1496P0006,0.00639273365170634,-0.0211658275449152,0,6903,1,1950,-0.00954626759341543,0.00305061846737556,-0.0307120951383306,-0.0243193614866243
TMS20F1496P0028,0.00639273365170634,-0.00870452258986911,0,6938,1,1978,-0.00973771933921159,0.00297094819697008,-0.0184422419290807,-0.0120495082773744
TMS20F1497P0008,0.00639273365170634,0.00385354160802861,0,7305,1,2168,-0.0138593937947006,0.00285449403076995,-0.010005852186672,-0.00361311853496561
TMS20F1498P0001,0.00639273365170634,-0.0162830351185908,0,6962,1,1996,-0.0191525568354678,0.0027590175972097,-0.0354355919540586,-0.0290428583023523
TMS20F1499P0007,0.00639273365170634,-0.00614657632826283,0,6935,1,1975,0.0134449699189067,0.00265335964681544,0.00729839359064391,0.0136911272423503
TMS20F1500P0004,0.00639273365170634,-0.0408257575739971,0,7034,1,2050,0.0386121312004023,0.00360801751732982,-0.00221362637359483,0.00417910727811151
TMS20F1501P0005,0.00639273365170634,0.00645712376192244,0,6909,1,1955,0.0301918094489255,0.00264629265216004,0.0366489332108479,0.0430416668625542
TMS20F1502P0003,0.00639273365170634,0.00961890619903843,0,6964,1,1998,0.0500414853908293,0.00264866927592009,0.0596603915898677,0.066053125241574
TMS20F1502P0005,0.00639273365170634,0.0279498763700252,0,6905,1,1952,0.0371942876718056,0.00273622262364357,0.0651441640418308,0.0715368976935372
TMS20F1502P0007,0.00639273365170634,0.0280063649014467,0,6916,1,1960,0.025563189503547,0.00266024828797063,0.0535695544049937,0.0599622880567
TMS20F1504P0002,0.00639273365170634,0.00310431643029494,0,6978,1,2010,-0.00726332100194644,0.00276908138794758,-0.00415900457165149,0.00223372908005485
TMS20F1504P0004,0.00639273365170634,-0.00815307938767381,0,6967,1,2000,-0.0023044251353642,0.00269830602341019,-0.010457504523038,-0.00406477087133166
TMS20F1504P0005,0.00639273365170634,-0.0163935493531868,0,7024,1,2043,0.00565331341080323,0.00299110879596416,-0.0107402359423836,-0.00434750229067727
TMS20F1504P0007,0.00639273365170634,-0.0176615433010999,0,6941,1,1980,0.0106380061594149,0.00345936877145238,-0.00702353714168501,-0.000630803489978668
TMS20F1504P0008,0.00639273365170634,0.00478029850648045,0,6936,1,1976,0.0241886671245574,0.00281075184981025,0.0289689656310378,0.0353616992827442
TMS20F1507P0001,0.00639273365170634,-0.00706890131989879,0,6897,1,1946,-0.0122487089511628,0.00293153116703293,-0.0193176102710616,-0.0129248766193553
TMS20F1507P0003,0.00639273365170634,-0.00939437738287377,0,6946,1,1984,-0.00436120440939185,0.00339272777165773,-0.0137555817922656,-0.00736284814055928
TMS20F1507P0004,0.00639273365170634,0.00303655257127335,0,6901,1,1948,0.0085265526817309,0.00275946993438711,0.0115631052530042,0.0179558389047106
TMS20F1509P0001,0.00639273365170634,0.0101151107039145,0,7059,1,2067,0.021874694005341,0.00268935205249076,0.0319898047092555,0.0383825383609618
TMS20F1509P0003,0.00639273365170634,-0.000703977872135407,0,7020,1,2041,-0.0433786812781823,0.00275690468632606,-0.0440826591503177,-0.0376899254986113
TMS20F1509P0009,0.00639273365170634,-0.00916327815628236,0,6896,1,1945,-0.036598290214566,0.00264120573426812,-0.0457615683708484,-0.0393688347191421
TMS20F1509P0010,0.00639273365170634,7.57291838558872e-05,0,6948,1,1986,-0.00337793737705276,0.0027494702655168,-0.00330220819319687,0.00309052545850947
TMS20F1509P0015,0.00639273365170634,0.00135118933292409,0,7067,1,2072,-0.00518509828624768,0.00279875767790854,-0.00383390895332359,0.00255882469838275
TMS20F1510P0003,0.00639273365170634,-0.0122475782564304,0,6956,1,1992,-0.0375332263747694,0.00279540425898469,-0.0497808046311998,-0.0433880709794934
TMS20F1510P0004,0.00639273365170634,-0.0011359503502642,0,7037,1,2052,-0.0342670499878364,0.0027565270119652,-0.0354030003381006,-0.0290102666863943
TMS20F1510P0009,0.00639273365170634,0.018219507212149,0,6949,1,1987,-0.019584134771528,0.00266927958860761,-0.00136462755937899,0.00502810609232735
TMS20F1522P0002,0.00639273365170634,0.030958336385835,0,6828,1,1880,0.0241836483717889,0.0030187927780784,0.0551419847576239,0.0615347184093303
TMS20F1522P0003,0.00639273365170634,0.0118734113725751,0,6888,1,1937,0.053069434756809,0.00293725825147622,0.0649428461293841,0.0713355797810904
TMS20F1523P0011,0.00639273365170634,0.0340131987210038,0,6887,1,1936,0.00148481338865231,0.00305406287605148,0.0354980121096561,0.0418907457613624
TMS20F1530P0007,0.00639273365170634,0.00923531350352877,0,6823,1,1875,7.50259485266993e-05,0.00295512226430112,0.00931033945205547,0.0157030731037618
TMS20F1533P0019,0.00639273365170634,0.0187303530585527,0,6814,1,1867,-0.02111370091402,0.00275914167508604,-0.00238334785546737,0.00400938579623897
TMS20F1533P0023,0.00639273365170634,0.0200578107453792,0,6822,1,1874,-0.0344303237101218,0.00283007755957041,-0.0143725129647427,-0.00797977931303632
TMS20F1534P0038,0.00639273365170634,0.026061423039404,0,6857,1,1908,-0.0276088605435702,0.00302927240235997,-0.0015474375041662,0.00484529614754014
TMS20F1552P0020,0.00639273365170634,-0.0160862624149094,0,6733,1,1793,0.0441916400177133,0.00286963900976861,0.0281053776028039,0.0344981112545103
TMS20F1553P0005,0.00639273365170634,-0.0112498962972659,0,6771,1,1828,0.01457849672156,0.00361954341944865,0.00332860042429403,0.00972133407600037
TMS20F1576P0011,0.00639273365170634,-0.00615141532877338,0,6830,1,1882,0.00669608608343569,0.00303000533854633,0.000544670754662305,0.00693740440636865
TMS20F1582P0021,0.00639273365170634,0.0341312572504414,0,6564,1,1716,0.0386895417290221,0.00297259294079234,0.0728207989794635,0.0792135326311698
TMS20F1582P0024,0.00639273365170634,0.0504833362666246,0,6626,1,1738,0.018323117844137,0.00319013223655899,0.0688064541107616,0.075199187762468
TMS20F1589P0053,0.00639273365170634,0.00809177308043909,0,6728,1,1788,-0.0155065512836789,0.00293460513749736,-0.00741477820323985,-0.0010220445515335
TMS20F1590P0022,0.00639273365170634,-0.0243090939783138,0,6807,1,1860,-0.00220940329624159,0.00291559972479763,-0.0265184972745554,-0.0201257636228491
TMS20F1590P0040,0.00639273365170634,-0.0102187854380004,0,6765,1,1822,0.019478139456965,0.00284757926941152,0.00925935401896464,0.015652087670671
TMS20F1590P0052,0.00639273365170634,0.0107203828270654,0,6631,1,1740,-0.00405461472705296,0.00320381679946999,0.00666576810001246,0.0130585017517188
TMS20F1590P0055,0.00639273365170634,-0.0154091507155192,0,6610,1,1731,0.0277296664249121,0.00287865630762634,0.0123205157093929,0.0187132493610993
TMS20F1590P0057,0.00639273365170634,-0.0363901596752849,0,6846,1,1897,0.0370186309205142,0.00303690113392589,0.000628471245229252,0.00702120489693559
TMS20F1593P0014,0.00639273365170634,0.0289773262783272,0,6578,1,1721,0.00504060741762268,0.00285705250985507,0.0340179336959498,0.0404106673476562
TMS20F1595P0010,0.00639273365170634,0.00113947166621489,0,6569,1,1718,0.0161927943070577,0.00284493272130654,0.0173322659732726,0.0237249996249789
TMS20F1597P0033,0.00639273365170634,0.0119443365200064,0,6877,1,1926,0.0436636683332684,0.00286261496349862,0.0556080048532748,0.0620007385049811
TMS20F1597P0035,0.00639273365170634,0.0140112634064106,0,6789,1,1844,0.0355172422703226,0.00287556690093641,0.0495285056767332,0.0559212393284396
TMS20F1597P0036,0.00639273365170634,-0.00548580791761715,0,6742,1,1802,0.0155119827439041,0.0029608923121483,0.010026174826287,0.0164189084779933
TMS20F1597P0052,0.00639273365170634,-0.00585213245203711,0,6731,1,1791,0.0140957870573333,0.00297642245230662,0.00824365460529617,0.0146363882570025
TMS20F1597P0054,0.00639273365170634,-0.0103485030221054,0,6720,1,1780,0.0143292395381074,0.00300356678320203,0.00398073651600197,0.0103734701677083
TMS20F1597P0055,0.00639273365170634,-0.0228287326878139,0,6737,1,1797,0.00840530460753915,0.00299607101311249,-0.0144234280802748,-0.00803069442856841
TMS20F1597P0057,0.00639273365170634,0.0468371063676601,0,6752,1,1812,-0.00623312610880013,0.00308492852025837,0.0406039802588599,0.0469967139105663
TMS20F1597P0066,0.00639273365170634,-0.00405968462252696,0,6827,1,1879,0.000281952487482522,0.00275480092284799,-0.00377773213504444,0.0026150015166619
TMS20F1597P0070,0.00639273365170634,0.0479334734561736,0,6802,1,1855,-0.00704104205789434,0.00314399832322981,0.0408924313982792,0.0472851650499856
TMS20F1597P0071,0.00639273365170634,-0.0267506683473252,0,6876,1,1925,0.0230830718050139,0.00284984721671586,-0.00366759654231133,0.00272513710939501
TMS20F1600P0015,0.00639273365170634,0.0421037233864449,0,6604,1,1728,0.0145537014712676,0.00310831282740342,0.0566574248577125,0.0630501585094188
TMS20F1607P0007,0.00639273365170634,0.0226386813955922,0,6798,1,1852,6.30202239777829e-05,0.00304861810347306,0.02270170161957,0.0290944352712764
TMS20F1607P0010,0.00639273365170634,0.015468361137748,0,6593,1,1727,0.0251677167922233,0.00289341796631347,0.0406360779299713,0.0470288115816777
TMS20F1609P0005,0.00639273365170634,0.0199730599611815,0,6758,1,1817,-0.0139082267873018,0.00286806688497865,0.00606483317387966,0.012457566825586
TMS20F1609P0018,0.00639273365170634,0.0354536306170118,0,6778,1,1834,-0.0364180065927779,0.00302840705585568,-0.000964375975766089,0.00542835767594026
TMS20F1609P0047,0.00639273365170634,0.0243093944737253,0,6892,1,1941,-0.02083017965869,0.00284527251967488,0.00347921481503527,0.00987194846674162
TMS20F1609P0048,0.00639273365170634,0.0142477529667579,0,6875,1,1924,-0.0270396354301173,0.00279682753154758,-0.0127918824633594,-0.00639914881165309
TMS20F1609P0049,0.00639273365170634,0.00618444245530482,0,6780,1,1836,-0.0303086542327736,0.00272841387722057,-0.0241242117774688,-0.0177314781257624
TMS20F1609P0056,0.00639273365170634,0.0280560860299257,0,6740,1,1800,-0.0301594600504603,0.00290661344993663,-0.00210337402053464,0.0042893596311717
TMS20F1609P0057,0.00639273365170634,0.0214419395424083,0,6832,1,1884,-0.01828098335607,0.00292181066739483,0.00316095618633825,0.00955368983804459
TMS20F1610P0008,0.00639273365170634,0.0142054549319084,0,6829,1,1881,0.0039865319626621,0.00271795919410133,0.0181919868945705,0.0245847205462769
TMS20F1610P0011,0.00639273365170634,0.00517677689476766,0,6834,1,1886,-0.00563647763767755,0.00276758009491659,-0.00045970074290989,0.00593303290879645
TMS20F1610P0021,0.00639273365170634,0.00473997761517018,0,6716,1,1776,0.0516600970827648,0.00275483088842756,0.056400074697935,0.0627928083496413
TMS20F1610P0032,0.00639273365170634,0.00295723840696887,0,6730,1,1790,0.0176860482700787,0.00274993979208999,0.0206432866770476,0.0270360203287539
TMS20F1610P0034,0.00639273365170634,0.00891121789112587,0,6726,1,1786,-0.00780074725370507,0.00276510559154425,0.0011104706374208,0.00750320428912714
TMS20F1610P0057,0.00639273365170634,0.00771676293241219,0,6781,1,1837,0.0125403582261338,0.00263060890712853,0.020257121158546,0.0266498548102523
TMS20F1611P0018,0.00639273365170634,0.00380546744735402,0,6869,1,1918,0.0391933229584786,0.0027374354741245,0.0429987904058326,0.0493915240575389
TMS20F1611P0057,0.00639273365170634,0.00600271248883026,0,6736,1,1796,0.0435074115366545,0.00285577532559316,0.0495101240254847,0.0559028576771911
TMS20F1611P0058,0.00639273365170634,0.00622362179368396,0,6856,1,1907,0.0402990074815701,0.00274684139962379,0.046522629275254,0.0529153629269604
TMS20F1612P0006,0.00639273365170634,0.0381600943473124,0,6790,1,1845,0.0250952820309784,0.0029605231637547,0.0632553763782907,0.0696481100299971
TMS20F1613P0039,0.00639273365170634,0.00927708647705652,0,6622,1,1737,0.00380365728194076,0.00319157148291402,0.0130807437589973,0.0194734774107036
TMS20F1614P0015,0.00639273365170634,0.024630825930608,0,6724,1,1784,0.0213485858439487,0.00297473019909149,0.0459794117745567,0.0523721454262631
TMS20F1617P0040,0.00639273365170634,0.0152210808171657,0,6882,1,1931,0.0170498744983433,0.00289796978656265,0.032270955315509,0.0386636889672154
TMS20F1618P0037,0.00639273365170634,0.0170229412862604,0,6808,1,1861,-0.00463886957746544,0.00268245031929861,0.012384071708795,0.0187768053605013
TMS20F1619P0016,0.00639273365170634,-0.00274883184640888,0,6841,1,1893,0.00194331545028607,0.00275978616478559,-0.000805516396122807,0.00558721725558354
TMS20F1619P0017,0.00639273365170634,0.000704212117815216,0,6815,1,1868,0.0341130340670168,0.00264705422070372,0.034817246184832,0.0412099798365383
TMS20F1619P0029,0.00639273365170634,-1.90805993813717e-05,0,6867,1,1916,0.00362862492123219,0.0026809871891839,0.00360954432185082,0.0100022779735572
TMS20F1619P0034,0.00639273365170634,0.00297688118480514,0,6719,1,1779,-0.012065087232348,0.00263847993039103,-0.00908820604754287,-0.00269547239583652
TMS20F1619P0056,0.00639273365170634,0.0114290241231897,0,6783,1,1839,-0.011377840121714,0.00290029316819027,5.1184001475673e-05,0.00644391765318202
TMS20F1619P0058,0.00639273365170634,0.00169715639422885,0,6803,1,1856,0.0186939004312927,0.00263933522292859,0.0203910568255215,0.0267837904772278
TMS20F1619P0070,0.00639273365170634,0.000792478194550734,0,6793,1,1848,0.0150410186790508,0.00276318736495761,0.0158334968736015,0.0222262305253079
TMS20F1620P0017,0.00639273365170634,-0.0116089607904237,0,6786,1,1842,0.0206292194911391,0.00274227907684376,0.00902025870071546,0.0154129923524218
TMS20F1620P0035,0.00639273365170634,-0.0305687507901805,0,6853,1,1904,0.0440262900247136,0.00297704771937732,0.0134575392345331,0.0198502728862395
TMS20F1620P0043,0.00639273365170634,-0.0135248559381935,0,6817,1,1870,0.0277829983011503,0.00283337965154059,0.0142581423629568,0.0206508760146631
TMS20F1620P0045,0.00639273365170634,-0.00966691301571623,0,6838,1,1890,-0.00775212697536311,0.00284867529119941,-0.0174190399910793,-0.011026306339373
TMS20F1621P0001,0.00639273365170634,0.0268471748759092,0,6612,1,1732,0.00254332785441577,0.00299594699776349,0.029390502730325,0.0357832363820313
TMS20F1621P0005,0.00639273365170634,0.0233994975331348,0,6616,1,1734,0.00367205720167916,0.00288694468955697,0.027071554734814,0.0334642883865203
TMS20F1623P0017,0.00639273365170634,0.0152985317951272,0,6608,1,1730,0.0010400719495627,0.0030211902650435,0.0163386037446899,0.0227313373963963
TMS20F1623P0019,0.00639273365170634,0.0267626174091989,0,6809,1,1862,0.00719696828624693,0.0030474878433872,0.0339595856954459,0.0403523193471522
TMS20F1624P0006,0.00639273365170634,0.0191445758637062,0,6812,1,1865,-0.00336200272341996,0.00281635369389258,0.0157825731402863,0.0221753067919926
TMS20F1625P0004,0.00639273365170634,0.0223679163401079,0,6866,1,1915,0.000581851597263458,0.00280369068161022,0.0229497679373714,0.0293425015890777
TMS20F1625P0017,0.00639273365170634,0.0149072711838252,0,6884,1,1933,-0.0159582753515013,0.00284588267335042,-0.00105100416767612,0.00534172948403022
TMS20F1628P0001,0.00639273365170634,0.0406423257915501,0,6893,1,1942,0.0215633345385476,0.00312904173627526,0.0622056603300976,0.068598393981804
TMS20F1628P0005,0.00639273365170634,0.0242323867431621,0,6580,1,1722,-0.00142235810289921,0.0030068696216104,0.0228100286402629,0.0292027622919692
TMS20F1630P0020,0.00639273365170634,0.022472257941476,0,6813,1,1866,-0.0231449415319907,0.00295799348164479,-0.000672683590514644,0.0057200500611917
TMS20F1630P0023,0.00639273365170634,0.0386097110500862,0,6787,1,1843,-0.0116342503851933,0.0030735586833355,0.0269754606648929,0.0333681943165992
TMS20F1630P0034,0.00639273365170634,0.0244962904802122,0,6592,1,1726,-0.00715648986109822,0.00293496410603348,0.017339800619114,0.0237325342708203
TMS20F1630P0048,0.00639273365170634,0.0173520912384123,0,6881,1,1930,-0.0283053320769251,0.00297883208074194,-0.0109532408385128,-0.00456050718680645
TMS20F1633P0009,0.00639273365170634,0.0234876423647007,0,6878,1,1927,-0.0103251864542542,0.0030890092087759,0.0131624559104465,0.0195551895621528
TMS20F1634P0016,0.00639273365170634,0.028326382463379,0,6890,1,1939,-0.00195073096251021,0.00306851703966258,0.0263756515008688,0.0327683851525751
TMS20F1634P0022,0.00639273365170634,0.0259126720944841,0,6721,1,1781,-0.0326361266935641,0.00290538771462261,-0.00672345459907995,-0.000330720947373603
TMS20F1635P0002,0.00639273365170634,0.0333909043259634,0,6585,1,1724,-0.0518452668669101,0.00313765155242775,-0.0184543625409467,-0.0120616288892403
TMS20F1636P0019,0.00639273365170634,0.0337106378696177,0,6864,1,1913,0.00878947332458383,0.00290001097250658,0.0425001111942015,0.0488928448459079
TMS20F1636P0030,0.00639273365170634,0.0177597856817193,0,6894,1,1943,0.00447955843255705,0.00280650556564634,0.0222393441142763,0.0286320777659827
TMS20F1637P0004,0.00639273365170634,0.0391644437290479,0,6826,1,1878,-0.0343248945212596,0.00296698956484267,0.00483954920778837,0.0112322828594947
TMS20F1639P0019,0.00639273365170634,0.0110876046161571,0,6840,1,1892,0.0640744922709125,0.003133366373204,0.0751620968870696,0.0815548305387759
TMS20F1643P0005,0.00639273365170634,0.0396817938314343,0,6628,1,1739,-0.00321884208449196,0.00310083075882893,0.0364629517469424,0.0428556853986487
TMS20F1643P0016,0.00639273365170634,0.033651597850475,0,6836,1,1888,-0.0151236225060751,0.00304918690591855,0.0185279753443999,0.0249207089961063
TMS20F1644P0065,0.00639273365170634,0.0151263158344253,0,6833,1,1885,-0.000736069682593039,0.00283748368966772,0.0143902461518323,0.0207829798035386
TMS20F1645P0008,0.00639273365170634,0.0256068105931841,0,6835,1,1887,-0.0446063943455758,0.00300486819001888,-0.0189995837523917,-0.0126068501006853
TMS20F1645P0046,0.00639273365170634,0.0147466873227767,0,6839,1,1891,-0.0299513288308763,0.00302313421725839,-0.0152046415080995,-0.0088119078563932
TMS20F1652P0009,0.00639273365170634,0.0255880715752276,0,6816,1,1869,-0.035668650749974,0.00305881911211765,-0.0100805791747464,-0.00368784552304001
TMS20F1652P0019,0.00639273365170634,0.0438449188463076,0,6865,1,1914,0.00649142261399359,0.00319752734004749,0.0503363414603012,0.0567290751120075
TMS20F1654P0002,0.00639273365170634,0.0299678717115433,0,6854,1,1905,0.00215224744429307,0.00298598058907802,0.0321201191558363,0.0385128528075427
TMS20F1656P0001,0.00639273365170634,0.0442545215140943,0,6799,1,1853,-0.0166388192598364,0.00306954826360675,0.0276157022542579,0.0340084359059642
TMS20F1656P0002,0.00639273365170634,0.0366332534450095,0,6744,1,1804,0.00732563473905953,0.00307708784332648,0.0439588881840691,0.0503516218357754
TMS20F1656P0011,0.00639273365170634,0.0249696199052305,0,6871,1,1920,0.0114092841468332,0.00294166080643343,0.0363789040520637,0.04277163770377
TMS20F1656P0025,0.00639273365170634,0.04082833776844,0,6886,1,1935,0.00302934737755493,0.00312921316797193,0.043857685145995,0.0502504187977013
TMS20F1657P0016,0.00639273365170634,0.0279110960356639,0,6821,1,1873,-0.0430745195298006,0.00295405996563917,-0.0151634234941367,-0.00877068984243033
TMS20F1658P0006,0.00639273365170634,0.0193728112158045,0,6874,1,1923,0.000116228462460733,0.00277077818738649,0.0194890396782652,0.0258817733299715
TMS20F1658P0007,0.00639273365170634,0.0198774825471823,0,6732,1,1792,0.00313248663074346,0.00285286332718493,0.0230099691779258,0.0294027028296321
TMS20F1667P0007,0.00639273365170634,0.0336687729297729,0,6837,1,1889,0.00619854663025542,0.00290901636401985,0.0398673195600283,0.0462600532117346
TMS20F1667P0014,0.00639273365170634,0.0203822433108967,0,6852,1,1903,-0.00499247699220595,0.0028707800029274,0.0153897663186908,0.0217824999703971
TMS20F1672P0008,0.00639273365170634,0.0314886480857823,0,6883,1,1932,-0.0131082157953097,0.00301791227878617,0.0183804322904725,0.0247731659421789
TMS20F1673P0008,0.00639273365170634,0.0237228598603115,0,6862,1,1911,-0.0475635818029863,0.00324218667586721,-0.0238407219426748,-0.0174479882909684
TMS20F1673P0012,0.00639273365170634,0.0309953526571345,0,6880,1,1929,-0.0403782401965043,0.00324618891290842,-0.00938288753936981,-0.00299015388766347
TMS20F1673P0023,0.00639273365170634,0.0379335375237407,0,6845,1,1896,-0.0334462895204684,0.0032058997276047,0.00448724800327226,0.0108799816549786
TMS20F1676P0005,0.00639273365170634,0.0430742056649687,0,6810,1,1863,0.037401739824328,0.00315047779718342,0.0804759454892967,0.0868686791410031
TMS20F1676P0008,0.00639273365170634,0.0375163024891131,0,6889,1,1938,0.0215566794246082,0.00299736878322982,0.0590729819137212,0.0654657155654276
TMS20F1681P0001,0.00639273365170634,0.0291450288375142,0,6879,1,1928,0.0230440890830015,0.00276792470170323,0.0521891179205156,0.058581851572222
TMS20F1681P0002,0.00639273365170634,0.0374208055061426,0,6868,1,1917,0.00651906025894412,0.00300159245286617,0.0439398657650867,0.050332599416793
TMS20F1681P0006,0.00639273365170634,0.0326818745421271,0,6855,1,1906,0.00885446889828949,0.00284783476973187,0.0415363434404166,0.0479290770921229
TMS20F1681P0015,0.00639273365170634,0.0337756319900248,0,6842,1,1894,0.0169531755354003,0.00292628018878315,0.050728807525425,0.0571215411771313
TMS20F1681P0062,0.00639273365170634,0.0273093521219927,0,6860,1,1910,0.0103706806942497,0.00286051856178143,0.0376800328162424,0.0440727664679488
TMS20F1681P0076,0.00639273365170634,0.0314119650454965,0,6805,1,1858,0.020073630428948,0.00272089038694428,0.0514855954744445,0.0578783291261508
TMS20F1681P0083,0.00639273365170634,0.0366768049940703,0,6621,1,1736,0.021257510078824,0.00295051990444659,0.0579343150728943,0.0643270487246007
TMS20F1681P0087,0.00639273365170634,0.0304947043857264,0,6858,1,1909,0.0214653882827247,0.00288446786093837,0.0519600926684512,0.0583528263201575
TMS20F1681P0095,0.00639273365170634,0.0370844758374948,0,6863,1,1912,0.00391381852508982,0.00300104237068744,0.0409982943625846,0.047391028014291
TMS20F1681P0099,0.00639273365170634,0.0384546602069251,0,6784,1,1840,0.0207813858139171,0.00292392410573419,0.0592360460208422,0.0656287796725486
TMS20F1681P0132,0.00639273365170634,0.0326218442471473,0,6851,1,1902,0.0242269632185696,0.00313166154613749,0.056848807465717,0.0632415411174233
TMS20F1684P0002,0.00639273365170634,0.0589849591287455,0,6605,1,1729,-0.00867894900331752,0.0029490248272774,0.050306010125428,0.0566987437771343
TMS20F1684P0004,0.00639273365170634,0.0507791548051161,0,6584,1,1723,-0.013182923856252,0.00289265211916733,0.0375962309488641,0.0439889646005704
TMS20F1684P0013,0.00639273365170634,0.0521650059735664,0,6560,1,1715,-0.00166110885486875,0.00292513768076797,0.0505038971186976,0.056896630770404
TMS20F1684P0015,0.00639273365170634,0.0669082713061238,0,6575,1,1720,-0.0301524371099705,0.00303878893728243,0.0367558341961532,0.0431485678478596
TMS20F1684P0021,0.00639273365170634,0.045207147947309,0,6615,1,1733,-0.0556980472779881,0.00283597764586516,-0.0104908993306791,-0.00409816567897281
TMS20F1684P0027,0.00639273365170634,0.0551735527102446,0,6570,1,1719,-0.0141116829486592,0.00294962158884494,0.0410618697615854,0.0474546034132917
TMS20F1684P0030,0.00639273365170634,0.0602949031417282,0,6806,1,1859,-0.0181573653350943,0.00304674273740006,0.042137537806634,0.0485302714583403
TMS20F1684P0035,0.00639273365170634,0.0432970882920935,0,6847,1,1898,-0.039733138683479,0.00291290328586068,0.00356394960861452,0.00995668326032086
TMS20F1684P0039,0.00639273365170634,0.0757001885358664,0,6618,1,1735,-0.0153373685726139,0.00308324969946553,0.0603628199632525,0.0667555536149589
TMS20F1684P0040,0.00639273365170634,0.0458472792823808,0,6591,1,1725,0.0127067838470452,0.00293470141708469,0.058554063129426,0.0649467967811324
TZ-130,0.00639273365170634,0.00219051240290817,0,6486,1,1661,-0.0522628859421583,0.00304626942331476,-0.0500723735392501,-0.0436796398875438
