Taxa,BLUE.N,BLUE.I,QTNs,Group,RefInf,ID,BLUP,PEV,gBreedingValue,Prediction
50395,-0.0280555374799205,0.0823008197533734,0,63,1,24,-0.159786133603716,0.0770361354155495,-0.077485313850343,-0.105540851330263
AR144,-0.0280555374799205,0.155562477104699,0,479,1,95,0.171759304198198,0.0805649438690292,0.327321781302897,0.299266243822977
CR100215,-0.0280555374799205,-0.401361383731016,0,557,1,99,0.453735898030811,0.0797667219902729,0.0523745142997947,0.0243189768198742
CR14B218,-0.0280555374799205,0.0930350979356202,0,515,1,96,0.0681993962439026,0.0824534712368747,0.161234494179523,0.133178956699602
CW45180,-0.0280555374799205,0.0832594089898678,0,548,1,97,0.122592885400682,0.0666690367417715,0.20585229439055,0.17779675691063
CW5251,-0.0280555374799205,-0.00512710192548344,0,552,1,98,0.16294823666056,0.0752706346407334,0.157821134735076,0.129765597255156
ESAMBAHKYE,-0.0280555374799205,0.0500997920061379,0,226,1,67,-0.1722448352627,0.0674590966890887,-0.122145043256562,-0.150200580736482
IITA-TMS-BAD9200061,-0.0280555374799205,-0.0905932108313557,0,36,1,9,0.0175544741177521,0.0667573214364176,-0.0730387367136036,-0.101094274193524
IITA-TMS-BAD9200068,-0.0280555374799205,-0.0961493618393227,0,37,1,10,0.236388681063574,0.0664560825717968,0.140239319224252,0.112183781744331
IITA-TMS-IBA000017,-0.0280555374799205,0.0545259515872287,0,70,1,25,-0.470298441124859,0.0727621503524602,-0.41577248953763,-0.44382802701755
IITA-TMS-IBA000061,-0.0280555374799205,-0.022803919453371,0,73,1,26,-0.218231199313552,0.074147981070062,-0.241035118766923,-0.269090656246844
IITA-TMS-IBA000070,-0.0280555374799205,-0.119785346206164,0,74,1,27,-0.209382271602515,0.0603667595738036,-0.329167617808679,-0.357223155288599
IITA-TMS-IBA000093,-0.0280555374799205,0.0350479914667588,0,75,1,28,-0.265031613217483,0.0823320747276831,-0.229983621750724,-0.258039159230645
IITA-TMS-IBA000107,-0.0280555374799205,-0.021460077036726,0,77,1,29,-0.281265474962206,0.0704697678535121,-0.302725551998932,-0.330781089478852
IITA-TMS-IBA000203,-0.0280555374799205,-0.144720717892031,0,122,1,41,0.0334323611270783,0.0723502033196079,-0.111288356764953,-0.139343894244873
IITA-TMS-IBA000211,-0.0280555374799205,0.0378899665000414,0,124,1,42,-0.103153242356786,0.0691755849883167,-0.0652632758567448,-0.0933188133366652
IITA-TMS-IBA000338,-0.0280555374799205,0.0276057830788961,0,38,1,11,-0.559962384765214,0.0674409222748277,-0.532356601686318,-0.560412139166238
IITA-TMS-IBA000345,-0.0280555374799205,0.0467217006393347,0,40,1,12,-0.860241550465232,0.0665679616201307,-0.813519849825897,-0.841575387305818
IITA-TMS-IBA000346,-0.0280555374799205,0.00837780822198799,0,41,1,13,-0.403874235820389,0.0643250366476427,-0.395496427598401,-0.423551965078322
IITA-TMS-IBA000350,-0.0280555374799205,0.0219705412099876,0,42,1,14,-0.189610340507122,0.0617994772949862,-0.167639799297135,-0.195695336777055
IITA-TMS-IBA000354,-0.0280555374799205,0.00429209228738276,0,44,1,15,-0.278203289304499,0.0594580894554356,-0.273911197017116,-0.301966734497036
IITA-TMS-IBA000355,-0.0280555374799205,0.0246011491790311,0,45,1,16,-0.137589506003636,0.0696925223764003,-0.112988356824605,-0.141043894304525
IITA-TMS-IBA000364,-0.0280555374799205,0.0715369189351485,0,46,1,17,-0.539642509593794,0.0698174022371881,-0.468105590658645,-0.496161128138565
IITA-TMS-IBA000388,-0.0280555374799205,0.0233473881655417,0,48,1,18,-0.543331656837064,0.0644668746557531,-0.519984268671522,-0.548039806151443
IITA-TMS-IBA00070,-0.0280555374799205,-0.113789401747204,0,596,1,100,-0.165687654457946,0.0617072018870034,-0.279477056205149,-0.30753259368507
IITA-TMS-IBA010034,-0.0280555374799205,-0.0039090233574944,0,93,1,33,-0.129782892285562,0.076069049158635,-0.133691915643056,-0.161747453122977
IITA-TMS-IBA010046,-0.0280555374799205,-0.028999266083091,0,96,1,34,0.13299225801402,0.0592986809741804,0.103992991930929,0.0759374544510086
IITA-TMS-IBA010131,-0.0280555374799205,0.0911959593729321,0,101,1,35,0.263997488374525,0.0778890355771785,0.355193447747457,0.327137910267536
IITA-TMS-IBA010536,-0.0280555374799205,0.0899916486369447,0,119,1,40,0.0563304109649201,0.0801410960343821,0.146322059601865,0.118266522121944
IITA-TMS-IBA010903,-0.0280555374799205,0.125458846857809,0,109,1,36,0.337179231572479,0.059622409760171,0.462638078430288,0.434582540950367
IITA-TMS-IBA011224,-0.0280555374799205,0.109375088200546,0,50,1,19,-0.0813623806119523,0.0762010029208716,0.0280127075885939,-4.28298913265485e-05
IITA-TMS-IBA011231,-0.0280555374799205,0.123606035595472,0,79,1,30,0.273953001066976,0.0818280194087416,0.397559036662447,0.369503499182527
IITA-TMS-IBA011368,-0.0280555374799205,0.304929607409486,0,55,1,20,0.269471728799946,0.0702519256469952,0.574401336209432,0.546345798729512
IITA-TMS-IBA011371,-0.0280555374799205,0.345048835394958,0,56,1,21,0.0209616111193354,0.0752311433900112,0.366010446514294,0.337954909034373
IITA-TMS-IBA011412,-0.0280555374799205,0.108787003786625,0,57,1,22,0.1165148452691,0.0733502436496485,0.225301849055725,0.197246311575804
IITA-TMS-IBA011659,-0.0280555374799205,0.101683832551133,0,87,1,31,-0.101858178892186,0.0754023241823193,-0.000174346341053622,-0.0282298838209741
IITA-TMS-IBA011663,-0.0280555374799205,0.0555142604250442,0,61,1,23,-0.302810840482851,0.0799096879599153,-0.247296580057807,-0.275352117537727
IITA-TMS-IBA011797,-0.0280555374799205,-0.0782435607012666,0,116,1,37,-0.130588760301519,0.0744531403651915,-0.208832321002785,-0.236887858482706
IITA-TMS-IBA011807,-0.0280555374799205,-0.0519115348417828,0,117,1,38,-0.251335843678431,0.074507123039695,-0.303247378520214,-0.331302916000135
IITA-TMS-IBA011813,-0.0280555374799205,-0.105230821373163,0,118,1,39,0.291578421458034,0.0739121623476404,0.186347600084871,0.15829206260495
IITA-TMS-IBA020129,-0.0280555374799205,0.00367635556423264,0,131,1,43,0.451362886112821,0.0607216031750909,0.455039241677054,0.426983704197133
IITA-TMS-IBA020131,-0.0280555374799205,0.018745321355569,0,132,1,44,-0.0260198278760028,0.0702630961550253,-0.00727450652043381,-0.0353300440003543
IITA-TMS-IBA020233,-0.0280555374799205,0.00283659472472055,0,135,1,45,-0.247446857356211,0.0630552890468283,-0.244610262631491,-0.272665800111411
IITA-TMS-IBA020285,-0.0280555374799205,-0.139282800845861,0,136,1,46,0.370412142697452,0.0642854767601801,0.231129341851591,0.203073804371671
IITA-TMS-IBA020431,-0.0280555374799205,-0.105527199462667,0,139,1,47,-0.166995522489512,0.0691569744996193,-0.272522721952179,-0.300578259432099
IITA-TMS-IBA020432,-0.0280555374799205,-0.0499195239318491,0,140,1,48,-0.122577577746126,0.0686359287740599,-0.172497101677975,-0.200552639157896
IITA-TMS-IBA020510,-0.0280555374799205,0.133037083928755,0,162,1,52,0.110305238628389,0.0840172739743299,0.243342322557144,0.215286785077223
IITA-TMS-IBA020540,-0.0280555374799205,-0.0294801429260936,0,164,1,53,0.148894528090693,0.0639165631685492,0.119414385164599,0.0913588476846786
IITA-TMS-IBA030006A,-0.0280555374799205,0.0545531820157379,0,222,1,66,0.278954787591261,0.0805593685153418,0.333507969606999,0.305452432127078
IITA-TMS-IBA030007,-0.0280555374799205,0.0481402412954673,0,216,1,64,-0.259943715615904,0.0767834559139842,-0.211803474320437,-0.239859011800357
IITA-TMS-IBA030055A,-0.0280555374799205,-0.0173623064636365,0,228,1,68,-0.332597518054342,0.073079345450575,-0.349959824517978,-0.378015361997898
IITA-TMS-IBA030060,-0.0280555374799205,-0.016448021871522,0,221,1,65,-0.322484953460259,0.0731262174634923,-0.338932975331781,-0.366988512811701
IITA-TMS-IBA030060A,-0.0280555374799205,0.0631163786764355,0,408,1,85,-0.295081532763186,0.0803524052073243,-0.231965154086751,-0.260020691566671
IITA-TMS-IBA030061,-0.0280555374799205,-0.045627072032842,0,143,1,49,-0.681965953835439,0.0739338386482412,-0.727593025868281,-0.755648563348202
IITA-TMS-IBA030075,-0.0280555374799205,-0.00826548082392524,0,144,1,50,-0.126268798557759,0.059795796537828,-0.134534279381684,-0.162589816861605
IITA-TMS-IBA030141,-0.0280555374799205,-0.0279909424678741,0,145,1,51,-0.414783392104135,0.0755252335505228,-0.442774334572009,-0.47082987205193
IITA-TMS-IBA050128,-0.0280555374799205,0.0245716372045654,0,207,1,63,0.125013089248407,0.0792921915139947,0.149584726452972,0.121529188973052
IITA-TMS-IBA050303,-0.0280555374799205,0.086389194177989,0,191,1,58,0.16768645595241,0.0727751249212725,0.254075650130399,0.226020112650478
IITA-TMS-IBA050998,-0.0280555374799205,0.0464023518945398,0,204,1,61,-0.155028307445578,0.0775443623561871,-0.108625955551038,-0.136681493030958
IITA-TMS-IBA051553,-0.0280555374799205,-0.127103283323291,0,206,1,62,0.174140060434769,0.0679864243856346,0.0470367771114775,0.018981239631557
IITA-TMS-IBA051599,-0.0280555374799205,0.146842667376264,0,189,1,56,0.242821784487297,0.0866994889185954,0.389664451863561,0.361608914383641
IITA-TMS-IBA051601,-0.0280555374799205,0.0774583501222289,0,190,1,57,0.278380993469156,0.0779133889615352,0.355839343591385,0.327783806111464
IITA-TMS-IBA051632,-0.0280555374799205,0.150474521031467,0,188,1,55,0.426873630357388,0.07852327657741,0.577348151388856,0.549292613908935
IITA-TMS-IBA051652,-0.0280555374799205,0.247530138798467,0,184,1,54,0.0281162075869963,0.082894245613134,0.275646346385463,0.247590808905543
IITA-TMS-IBA051740,-0.0280555374799205,-0.00451492865846221,0,199,1,59,0.308323515319613,0.0703257696044917,0.30380858666115,0.27575304918123
IITA-TMS-IBA051814,-0.0280555374799205,0.0280427442862609,0,203,1,60,-0.278550406153206,0.0710929831893811,-0.250507661866945,-0.278563199346866
IITA-TMS-IBA061101,-0.0280555374799205,0.166792193969619,0,278,1,83,0.185166217189069,0.0807662723516317,0.351958411158688,0.323902873678768
IITA-TMS-IBA061635,-0.0280555374799205,0.284430439507661,0,283,1,84,0.337375519206236,0.0816550256294692,0.621805958713898,0.593750421233977
IITA-TMS-IBA063046,-0.0280555374799205,-0.166404090423831,0,275,1,82,0.251222584678136,0.0739217453417949,0.0848184942543053,0.0567629567743848
IITA-TMS-IBA070004,-0.0280555374799205,0.0686082522169746,0,263,1,78,0.268329527500343,0.0637280916167151,0.336937779717317,0.308882242237397
IITA-TMS-IBA070064,-0.0280555374799205,0.192049018257628,0,796,1,104,-0.0685874661231121,0.0819925450404193,0.123461552134515,0.0954060146545949
IITA-TMS-IBA070126,-0.0280555374799205,-0.0739196614483281,0,265,1,79,-0.112763967563197,0.0675232873127013,-0.186683629011525,-0.214739166491445
IITA-TMS-IBA070258,-0.0280555374799205,-0.102604304502293,0,269,1,80,-0.0920543037048292,0.0639492051106264,-0.194658608207122,-0.222714145687043
IITA-TMS-IBA070536,-0.0280555374799205,0.216569799807827,0,411,1,86,0.275601442834322,0.0839808432643534,0.492171242642149,0.464115705162228
IITA-TMS-IBA070539,-0.0280555374799205,0.209798174229124,0,238,1,70,-0.00347725171656402,0.0850514602443142,0.20632092251256,0.178265385032639
IITA-TMS-IBA070593,-0.0280555374799205,0.199640907367,0,249,1,74,0.349830326798418,0.0677611342024962,0.549471234165418,0.521415696685498
IITA-TMS-IBA070675,-0.0280555374799205,0.157345638974171,0,244,1,71,-0.10559768968639,0.07662004807201,0.0517479492877803,0.0236924118078599
IITA-TMS-IBA070756,-0.0280555374799205,0.0365495643037231,0,245,1,72,0.102738558132515,0.0791054009468842,0.139288122436239,0.111232584956318
IITA-TMS-IBA070808,-0.0280555374799205,0.187641483867612,0,253,1,76,0.173986559209941,0.0769381312304661,0.361628043077553,0.333572505597633
IITA-TMS-IBA070835,-0.0280555374799205,0.151970873157453,0,233,1,69,0.146217834829396,0.0836677627374873,0.298188707986849,0.270133170506928
IITA-TMS-IBA070874,-0.0280555374799205,0.384864857267008,0,252,1,75,0.11611282865624,0.0966098417046933,0.500977685923248,0.472922148443328
IITA-TMS-IBA070910,-0.0280555374799205,0.200624728897285,0,248,1,73,0.340347385373822,0.0684205618829954,0.540972114271107,0.512916576791186
IITA-TMS-IBA071313,-0.0280555374799205,-0.209758163615748,0,272,1,81,0.0117040049999566,0.0660900092486972,-0.198054158615792,-0.226109696095712
IITA-TMS-IBA071378,-0.0280555374799205,-0.233053423853358,0,260,1,77,0.183708131827004,0.0835160331469862,-0.0493452920263537,-0.0774008295062741
IITA-TMS-IBA082418,-0.0280555374799205,0.335909746702241,0,424,1,87,0.0797995566876397,0.0938546540584199,0.415709303389881,0.38765376590996
IITA-TMS-IBA082993,-0.0280555374799205,0.00562678229891297,0,429,1,88,-0.176613380991991,0.0742326951123025,-0.170986598693078,-0.199042136172998
IITA-TMS-IBA083580,-0.0280555374799205,0.220046291939585,0,438,1,89,0.180931250400754,0.083842165168922,0.400977542340338,0.372922004860418
IITA-TMS-IBA083724,-0.0280555374799205,0.147620359103408,0,441,1,90,-0.259708372340409,0.0825082831388375,-0.112088013237001,-0.140143550716921
IITA-TMS-IBA085006,-0.0280555374799205,0.27317097773425,0,797,1,105,0.0518716357603578,0.0880164227427002,0.325042613494607,0.296987076014687
IITA-TMS-IBA090091,-0.0280555374799205,0.246002062671928,0,794,1,102,0.433426733079994,0.0836912951123029,0.679428795751922,0.651373258272002
IITA-TMS-IBA090144,-0.0280555374799205,0.185695995801159,0,798,1,106,0.358736314825746,0.0701562675795846,0.544432310626905,0.516376773146985
IITA-TMS-IBA090454,-0.0280555374799205,0.21923653041234,0,453,1,91,-0.201921622611823,0.0793187960990971,0.017314907800517,-0.0107406296794035
IITA-TMS-IBA090485,-0.0280555374799205,0.011816872180599,0,454,1,92,-0.46806463579187,0.0768168263576768,-0.456247763611271,-0.484303301091191
IITA-TMS-IBA090516,-0.0280555374799205,-0.048939375316292,0,463,1,93,-0.52599324962385,0.100282549488835,-0.574932624940142,-0.602988162420063
IITA-TMS-IBA090576,-0.0280555374799205,-0.0617062004159938,0,473,1,94,-0.230152269901323,0.0795088903909799,-0.291858470317316,-0.319914007797237
IITA-TMS-IBA102103,-0.0280555374799205,0.174530897501274,0,795,1,103,0.361991639867405,0.0936792403888604,0.536522537368679,0.508466999888759
IITA-TMS-IBA154810,-0.0280555374799205,0.229384125115857,0,793,1,101,0.22400841387881,0.0911639355634584,0.453392538994667,0.425337001514746
IITA-TMS-IBA30572,-0.0280555374799205,0.283696304247118,0,1,1,1,-0.514665414045835,0.0742842274774467,-0.230969109798717,-0.259024647278637
IITA-TMS-IBA4(2)1425,-0.0280555374799205,0.115239291655038,0,7,1,2,-0.0262816259306765,0.0771087276765144,0.0889576657243612,0.0609021282444408
IITA-TMS-IBA8900963,-0.0280555374799205,0.0601599967860648,0,18,1,3,0.146002759058486,0.0829189749395796,0.20616275584455,0.17810721836463
IITA-TMS-IBA8902195,-0.0280555374799205,0.125682757018303,0,19,1,4,-0.181322534236393,0.0773511394570727,-0.0556397772180898,-0.0836953146980102
IITA-TMS-IBA9102322,-0.0280555374799205,-0.0339723466450996,0,29,1,5,0.104975018765554,0.0736526378517993,0.0710026721204548,0.0429471346405343
IITA-TMS-IBA9102324,-0.0280555374799205,0.0554995791330215,0,30,1,6,-0.556501329670994,0.0670588652658226,-0.501001750537972,-0.529057288017893
IITA-TMS-IBA920057,-0.0280555374799205,0.00745859042756378,0,34,1,7,-0.359208745504948,0.069236166975936,-0.351750155077384,-0.379805692557304
IITA-TMS-IBA920067,-0.0280555374799205,-0.0866461860833473,0,35,1,8,-0.0852524806042139,0.071642944846552,-0.171898666687561,-0.199954204167482
IITA-TMS-IBA920211,-0.0280555374799205,-0.123587703900088,0,90,1,32,0.079722832987728,0.0733328440905466,-0.0438648709123597,-0.0719204083922802
IITA-TMS-IBA920326,-0.0280555374799205,-0.0703433826768349,0,828,1,110,0.0275402972328487,0.0699223278759425,-0.0428030854439862,-0.0708586229239067
IITA-TMS-IBA920397,-0.0280555374799205,-0.0939461775201542,0,830,1,111,-0.100113781639512,0.0674224331464641,-0.194059959159667,-0.222115496639587
IITA-TMS-IBA920417,-0.0280555374799205,-0.0582595752913016,0,987,1,166,-0.152106241583078,0.0743620034881456,-0.210365816874379,-0.2384213543543
IITA-TMS-IBA920429,-0.0280555374799205,-0.047015440733338,0,833,1,112,-0.147549923100954,0.0638775658033986,-0.194565363834292,-0.222620901314212
IITA-TMS-IBA930007,-0.0280555374799205,0.0194505839798018,0,922,1,147,-0.430660425237049,0.0734015363802798,-0.411209841257248,-0.439265378737168
IITA-TMS-IBA930084,-0.0280555374799205,-0.117273500698974,0,923,1,148,0.0731558726855218,0.0718871801801028,-0.0441176280134519,-0.0721731654933723
IITA-TMS-IBA930134,-0.0280555374799205,-0.0754807231048872,0,925,1,149,-0.143666207141535,0.068329989371292,-0.219146930246422,-0.247202467726343
IITA-TMS-IBA930265,-0.0280555374799205,0.048807912771503,0,928,1,150,-0.26170444187248,0.0678503697800335,-0.212896529100977,-0.240952066580898
IITA-TMS-IBA940006,-0.0280555374799205,0.144810006143962,0,840,1,113,-0.0794267713728343,0.0645512258215192,0.0653832347711282,0.0373276972912078
IITA-TMS-IBA940018,-0.0280555374799205,0.0187206786907489,0,841,1,114,-0.0597277595436159,0.0777040426269865,-0.041007080852867,-0.0690626183327875
IITA-TMS-IBA940026,-0.0280555374799205,-0.0622993512883096,0,843,1,115,-0.235117485696492,0.073344601664936,-0.297416836984802,-0.325472374464722
IITA-TMS-IBA940237,-0.0280555374799205,-0.141993563954181,0,799,1,107,0.0716726882195971,0.0617722731378069,-0.0703208757345842,-0.0983764132145047
IITA-TMS-IBA940270,-0.0280555374799205,-0.0809747428917312,0,845,1,116,0.0156480772191055,0.0699648089406077,-0.0653266656726257,-0.0933822031525461
IITA-TMS-IBA940561,-0.0280555374799205,0.37276365483685,0,921,1,146,0.0100489608613737,0.0849711028178007,0.382812615698224,0.354757078218303
IITA-TMS-IBA950211,-0.0280555374799205,0.0536764684439768,0,931,1,151,-0.0574437562929837,0.0777119754312935,-0.00376728784900688,-0.0318228253289273
IITA-TMS-IBA950279,-0.0280555374799205,0.0797140459935038,0,854,1,117,-0.231050893587061,0.0690070345233596,-0.151336847593557,-0.179392385073477
IITA-TMS-IBA950289,-0.0280555374799205,0.160941845490936,0,855,1,118,-0.435861705491344,0.073357368283153,-0.274919860000408,-0.302975397480329
IITA-TMS-IBA950306,-0.0280555374799205,-0.118012277690119,0,856,1,119,-0.00347267690805925,0.068242972887165,-0.121484954598179,-0.149540492078099
IITA-TMS-IBA950528,-0.0280555374799205,-0.0582843077590153,0,858,1,120,-0.210453206062205,0.0741093029575641,-0.26873751382122,-0.296793051301141
IITA-TMS-IBA950925,-0.0280555374799205,0.0617962067748085,0,862,1,121,0.124480384800649,0.0740371087800978,0.186276591575457,0.158221054095537
IITA-TMS-IBA950971,-0.0280555374799205,0.0277097978611637,0,863,1,122,0.502041841511659,0.0704424494670591,0.529751639372823,0.501696101892902
IITA-TMS-IBA960023,-0.0280555374799205,0.0475644016036835,0,868,1,123,-0.472721616066628,0.0742091863638681,-0.425157214462944,-0.453212751942864
IITA-TMS-IBA960035,-0.0280555374799205,0.066685847778685,0,869,1,124,-0.214431583415744,0.0844185371999057,-0.147745735637059,-0.175801273116979
IITA-TMS-IBA960249,-0.0280555374799205,-0.0853180384361835,0,872,1,125,-0.496338590406972,0.0742679787839663,-0.581656628843155,-0.609712166323076
IITA-TMS-IBA960409,-0.0280555374799205,-0.0911388417330411,0,874,1,126,-0.122806233978338,0.0825276809752899,-0.213945075711379,-0.2420006131913
IITA-TMS-IBA960557,-0.0280555374799205,0.013611215759968,0,876,1,127,-0.348790931029176,0.0784554988415319,-0.335179715269208,-0.363235252749129
IITA-TMS-IBA960595,-0.0280555374799205,-0.0692458945339181,0,879,1,128,-0.270299290621335,0.0717206984496675,-0.339545185155253,-0.367600722635173
IITA-TMS-IBA960603,-0.0280555374799205,0.065328973558084,0,881,1,129,-0.575798036822353,0.0744256729235813,-0.510469063264269,-0.538524600744189
IITA-TMS-IBA960619,-0.0280555374799205,0.0751976879958627,0,882,1,130,0.0142706620430739,0.0810248760357949,0.0894683500389366,0.0614128125590161
IITA-TMS-IBA960860,-0.0280555374799205,-0.0191211261073906,0,934,1,152,-0.316689993184143,0.0714373160730186,-0.335811119291534,-0.363866656771454
IITA-TMS-IBA960869,-0.0280555374799205,-0.0610783762905621,0,883,1,131,-0.238255972633793,0.0667854289680476,-0.299334348924355,-0.327389886404275
IITA-TMS-IBA960963,-0.0280555374799205,-0.106539196295678,0,884,1,132,0.17611214878991,0.0703338862285929,0.0695729524942321,0.0415174150143116
IITA-TMS-IBA961089A,-0.0280555374799205,0.0487767911845373,0,887,1,133,-0.151671943746259,0.0659459688840967,-0.102895152561722,-0.130950690041642
IITA-TMS-IBA961556,-0.0280555374799205,-0.0183232452686485,0,938,1,153,-0.345450476725963,0.0704376684427762,-0.363773721994612,-0.391829259474532
IITA-TMS-IBA961632,-0.0280555374799205,-0.0959313682777626,0,895,1,134,-0.254198857070325,0.0618435639910004,-0.350130225348087,-0.378185762828008
IITA-TMS-IBA970290,-0.0280555374799205,-0.144188934112759,0,1414,1,192,0.0512628428558845,0.0662378219058734,-0.0929260912568748,-0.120981628736795
IITA-TMS-IBA970425,-0.0280555374799205,-0.395292373387291,0,904,1,135,0.444526800616386,0.0793686180398068,0.0492344272290952,0.0211788897491748
IITA-TMS-IBA971149,-0.0280555374799205,-0.040352085640426,0,905,1,136,-0.194861323517564,0.0647460905767271,-0.23521340915799,-0.263268946637911
IITA-TMS-IBA971228,-0.0280555374799205,-0.163437626666523,0,906,1,137,0.0141426981485583,0.0734137905168592,-0.149294928517964,-0.177350465997885
IITA-TMS-IBA972205,-0.0280555374799205,-0.397659565362762,0,907,1,138,0.456853783632801,0.0800365374031743,0.0591942182700387,0.0311386807901183
IITA-TMS-IBA974580,-0.0280555374799205,-0.214693757738878,0,909,1,139,-0.0372059543230493,0.0750897798512522,-0.251899712061927,-0.279955249541847
IITA-TMS-IBA974766,-0.0280555374799205,-0.21603863869102,0,910,1,140,0.338767106646102,0.0719014723850801,0.122728467955082,0.094672930475162
IITA-TMS-IBA980002,-0.0280555374799205,-0.0195419124953706,0,912,1,141,-0.0199003134532172,0.0544842480776825,-0.0394422259485877,-0.0674977634285082
IITA-TMS-IBA980196,-0.0280555374799205,0.0191848475716156,0,913,1,142,-0.19276317523981,0.0711897910668061,-0.173578327668194,-0.201633865148115
IITA-TMS-IBA980505,-0.0280555374799205,-0.0387540633282241,0,916,1,143,0.231794309254136,0.0581261623702414,0.193040245925912,0.164984708445992
IITA-TMS-IBA980510,-0.0280555374799205,0.0330908353349688,0,940,1,154,0.190486353849954,0.0731450890869851,0.223577189184922,0.195521651705002
IITA-TMS-IBA980581,-0.0280555374799205,0.095894500750152,0,917,1,144,-0.314291795307624,0.0554882118294142,-0.218397294557472,-0.246452832037393
IITA-TMS-IBA982101,-0.0280555374799205,0.0886155277024598,0,918,1,145,0.132748946326356,0.0573802107444056,0.221364474028816,0.193308936548895
IITA-TMS-IBA990304,-0.0280555374799205,0.155275706579537,0,947,1,155,-0.537442380748261,0.0839473525602536,-0.382166674168724,-0.410222211648644
IITA-TMS-IBA990564,-0.0280555374799205,0.0623118295749092,0,952,1,156,-0.50133978499038,0.0672419005087668,-0.439027955415471,-0.467083492895392
IITA-TMS-IBA993073,-0.0280555374799205,-0.0306495850180709,0,959,1,157,0.0523273202028179,0.062647218335481,0.0216777351847469,-0.00637780229517351
IITA-TMS-IBA996016,-0.0280555374799205,-0.0348355031756621,0,962,1,158,-0.152770432638869,0.0947663297098676,-0.187605935814531,-0.215661473294452
IITA-TMS-IKN120210,-0.0280555374799205,0.0390360091707928,0,1853,1,197,0.225151442112427,0.0690224292246353,0.26418745128322,0.2361319138033
IITA-TMS-IKN130010,-0.0280555374799205,0.33166759555373,0,1854,1,198,0.0811503491140465,0.0743277419075901,0.412817944667777,0.384762407187856
IITA-TMS-KAN930061,-0.0280555374799205,-0.0903502043539214,0,1005,1,168,0.000421268413006791,0.0665882203219362,-0.0899289359409146,-0.117984473420835
IITA-TMS-MM960287,-0.0280555374799205,-0.0330065856512712,0,1049,1,180,-0.10899628100269,0.0769086358747832,-0.142002866653962,-0.170058404133882
IITA-TMS-MM961751,-0.0280555374799205,-0.0747212129432208,0,974,1,164,-0.0983043594228321,0.0764739787874586,-0.173025572366053,-0.201081109845973
IITA-TMS-MM964500,-0.0280555374799205,0.0337721545201355,0,1048,1,179,-0.164047402491925,0.0672292337972889,-0.13027524797179,-0.15833078545171
IITA-TMS-MM965280,-0.0280555374799205,-0.102177218568712,0,978,1,165,-0.146475540154606,0.0738474957459874,-0.248652758723318,-0.276708296203239
IITA-TMS-MM967204,-0.0280555374799205,-0.0761784251024057,0,1079,1,185,-0.220692701828038,0.0751610832333189,-0.296871126930444,-0.324926664410365
IITA-TMS-MM970016,-0.0280555374799205,-0.071419523342375,0,993,1,167,-0.364389528333743,0.0707345988102563,-0.435809051676118,-0.463864589156038
IITA-TMS-MM970043,-0.0280555374799205,-0.0062641072254269,0,1006,1,169,-0.194313574663057,0.0710214776575,-0.200577681888484,-0.228633219368404
IITA-TMS-MM970287,-0.0280555374799205,-0.0173786734413324,0,1058,1,181,-0.211159877799937,0.080434031735893,-0.22853855124127,-0.25659408872119
IITA-TMS-MM970646,-0.0280555374799205,0.00116264673073296,0,1008,1,170,-0.171104172822899,0.0686950066875416,-0.169941526092166,-0.197997063572087
IITA-TMS-MM970806,-0.0280555374799205,0.0721969720724263,0,1009,1,171,-0.459433764661336,0.0619692023234689,-0.38723679258891,-0.41529233006883
IITA-TMS-MM972346,-0.0280555374799205,-0.029312692961858,0,1059,1,182,0.114230028329054,0.0802721785571804,0.0849173353671958,0.0568617978872753
IITA-TMS-MM990214,-0.0280555374799205,0.0988708975353282,0,1024,1,175,0.10352602614831,0.0808879654849223,0.202396923683638,0.174341386203718
IITA-TMS-MM990268,-0.0280555374799205,-0.0970719091023941,0,1034,1,178,0.0299197810770454,0.0715719455430774,-0.0671521280253487,-0.0952076655052692
IITA-TMS-MM990302,-0.0280555374799205,0.0283351889269871,0,1025,1,176,0.14353597100588,0.0824634320432196,0.171871159932867,0.143815622452947
IITA-TMS-MM990477,-0.0280555374799205,-0.0957867538580479,0,1026,1,177,0.0229502645976996,0.0713608973914108,-0.0728364892603483,-0.100892026740269
IITA-TMS-MOK000141,-0.0280555374799205,-0.012213512554185,0,1020,1,172,-0.0902109078036286,0.0665290483695517,-0.102424420357814,-0.130479957837734
IITA-TMS-MOK000142,-0.0280555374799205,-0.0140547270632989,0,1021,1,173,-0.505797834755471,0.0680328918775137,-0.51985256181877,-0.547908099298691
IITA-TMS-MOK000146,-0.0280555374799205,-0.0308221282460765,0,1022,1,174,-0.351375930344523,0.0695667961385563,-0.3821980585906,-0.41025359607052
IITA-TMS-MOK940583,-0.0280555374799205,0.227181129979977,0,826,1,109,-0.0497068007627433,0.0753225373485421,0.177474329217234,0.149418791737313
IITA-TMS-MOK980004,-0.0280555374799205,-0.0802588277498804,0,968,1,159,-0.127784615603575,0.0696005370294932,-0.208043443353455,-0.236098980833376
IITA-TMS-MOK980028,-0.0280555374799205,-0.15516545421655,0,969,1,160,-0.0751287217023171,0.0836751517523695,-0.230294175918867,-0.258349713398788
IITA-TMS-MOK980057,-0.0280555374799205,-0.0943670506987654,0,971,1,161,-0.0326116895454316,0.0729196981393623,-0.126978740244197,-0.155034277724117
IITA-TMS-MOK980068,-0.0280555374799205,-0.0699187690781478,0,972,1,162,-0.22630552458495,0.0628312116177413,-0.296224293663098,-0.324279831143018
IITA-TMS-MOK980115,-0.0280555374799205,-0.0714830408011968,0,973,1,163,-0.242392957258409,0.073459453507617,-0.313875998059605,-0.341931535539526
IITA-TMS-ZAR010116,-0.0280555374799205,0.0342871350128576,0,1073,1,183,-0.161712107836737,0.0808895940564046,-0.127424972823879,-0.1554805103038
IITA-TMS-ZAR930151,-0.0280555374799205,-0.0768799695884352,0,815,1,108,-0.359786435870275,0.0609742931066828,-0.43666640545871,-0.464721942938631
KALESO,-0.0280555374799205,-0.0902539470842856,0,1855,1,199,-0.179165886260221,0.0761556603835623,-0.269419833344507,-0.297475370824427
KIZIMBANI,-0.0280555374799205,0.171186683060649,0,1597,1,196,0.0327858587875102,0.079766159342818,0.20397254184816,0.175917004368239
Mkumba,-0.0280555374799205,-0.062707581838097,0,1582,1,195,-0.029911685872968,0.0801694044144502,-0.0926192677110651,-0.120674805190986
NR130124,-0.0280555374799205,0.0439448761812922,0,1856,1,200,-0.211713549873568,0.0724895047175615,-0.167768673692275,-0.195824211172196
NR8082,-0.0280555374799205,-0.00802398463353934,0,1095,1,186,0.143261423421511,0.0755953825352512,0.135237438787971,0.107181901308051
NR87184,-0.0280555374799205,0.00683952749163279,0,1098,1,187,-0.137749482464053,0.078850605718755,-0.13090995497242,-0.158965492452341
NR8949,-0.0280555374799205,0.00419823538651799,0,1100,1,188,0.021649156194804,0.0755247569942821,0.025847391581322,-0.00220814589859847
SIMONYE,-0.0280555374799205,-0.0824173645121081,0,1075,1,184,-0.161771403127002,0.0886885158213033,-0.24418876763911,-0.27224430511903
TME3,-0.0280555374799205,-0.180926410710418,0,1110,1,191,-0.351981986650443,0.0734421782403003,-0.532908397360861,-0.560963934840781
TMEB1,-0.0280555374799205,-0.204888302691867,0,1104,1,189,-0.123227047369255,0.0730800656904886,-0.328115350061122,-0.356170887541043
TMEB1019,-0.0280555374799205,-0.0946705196014908,0,1487,1,193,-0.268992520450016,0.0858687768512678,-0.363663040051507,-0.391718577531427
TMEB1116,-0.0280555374799205,0.0501571962952177,0,1497,1,194,-0.0691057241125003,0.078120136184129,-0.0189485278172826,-0.047004065297203
TMEB117,-0.0280555374799205,-0.151870828822464,0,1106,1,190,-0.0561542449924966,0.0835398865277312,-0.208025073814961,-0.236080611294881
TMEB1310,-0.0280555374799205,-0.101944871760682,0,1868,1,201,-0.0163683213502312,0.0907179695563175,-0.118313193110913,-0.146368730590834
TMEB1336,-0.0280555374799205,-0.0924209152648777,0,1882,1,204,-0.232507511867789,0.0737988081826845,-0.324928427132667,-0.352983964612587
TMEB14,-0.0280555374799205,-0.180689844393277,0,1883,1,205,-0.316727443424606,0.0718953311502464,-0.497417287817884,-0.525472825297804
TMEB1858,-0.0280555374799205,-0.0820085186666908,0,2578,1,286,-0.365330123709843,0.0835093747435416,-0.447338642376534,-0.475394179856454
TMEB2,-0.0280555374799205,-0.153999729357673,0,1870,1,202,-0.314869830047818,0.0928369144451441,-0.468869559405491,-0.496925096885412
TMEB203,-0.0280555374799205,-0.206760233814949,0,1888,1,206,-0.119756060933191,0.0728895427640368,-0.32651629474814,-0.354571832228061
TMEB225,-0.0280555374799205,-0.259995468729021,0,1892,1,207,-0.475903832802005,0.0722683563369858,-0.735899301531026,-0.763954839010947
TMEB419,-0.0280555374799205,-0.229564877151565,0,1901,1,208,-0.482839121601087,0.0782132971905935,-0.712403998752652,-0.740459536232573
TMEB47,-0.0280555374799205,-0.126614865684125,0,2220,1,284,-0.275203590462426,0.0843807594767877,-0.401818456146551,-0.429873993626471
TMEB693,-0.0280555374799205,-0.152378296395323,0,1905,1,209,-0.0575988287484077,0.0834796827990135,-0.20997712514373,-0.238032662623651
TMEB7,-0.0280555374799205,-0.181157158296175,0,1906,1,210,-0.312053916094726,0.0720840569290131,-0.493211074390901,-0.521266611870821
TMEB778,-0.0280555374799205,-0.140387873630825,0,1871,1,203,-0.268599617420778,0.0811104152276845,-0.408987491051603,-0.437043028531524
TMEB955,-0.0280555374799205,-0.0690022605174458,0,2084,1,282,-0.265170015222209,0.0826264475356303,-0.334172275739654,-0.362227813219575
TMEB961,-0.0280555374799205,-0.060354065432372,0,2085,1,283,-0.20782653659547,0.0827417893723207,-0.268180602027842,-0.296236139507762
TMEB966,-0.0280555374799205,-0.0574637824757786,0,2444,1,285,-0.307285995946366,0.0822230019231511,-0.364749778422144,-0.392805315902065
TMS13F1002P0009,-0.0280555374799205,0.0194813063289626,0,1945,1,219,-0.136903494133889,0.0703000883142375,-0.117422187804926,-0.145477725284847
TMS13F1003P0003,-0.0280555374799205,0.0348919464995944,0,1946,1,220,-0.0587493851006349,0.0738473366271107,-0.0238574386010404,-0.0519129760809609
TMS13F1003P0011,-0.0280555374799205,0.0507604604754909,0,1999,1,262,-0.200138543733326,0.0721013860812137,-0.149378083257835,-0.177433620737756
TMS13F1006P0002,-0.0280555374799205,0.0603100779515147,0,1947,1,221,0.0679165047287871,0.0765438457807796,0.128226582680302,0.100171045200381
TMS13F1006P0008,-0.0280555374799205,0.0194810753799706,0,1948,1,222,-0.171741962643969,0.0781617980970247,-0.152260887263999,-0.180316424743919
TMS13F1006P0011,-0.0280555374799205,0.0941511121717327,0,1949,1,223,-0.0583683550322119,0.0827132077298584,0.0357827571395207,0.00772721965960029
TMS13F1006P0017,-0.0280555374799205,0.0299981823726893,0,2001,1,263,0.126996262533118,0.0773702795424103,0.156994444905807,0.128938907425886
TMS13F1006P0020,-0.0280555374799205,0.0705991935477632,0,2002,1,264,0.165768499220393,0.0823377917163439,0.236367692768157,0.208312155288236
TMS13F1006P0027,-0.0280555374799205,0.0340066870637576,0,2050,1,280,-0.126432714256194,0.0742453624809208,-0.0924260271924365,-0.120481564672357
TMS13F1006P0029,-0.0280555374799205,0.129705403220237,0,2003,1,265,-0.310379642631692,0.0799945398561107,-0.180674239411454,-0.208729776891375
TMS13F1007P0004,-0.0280555374799205,0.066743482787285,0,2004,1,266,-0.303668129268122,0.0749945530348396,-0.236924646480837,-0.264980183960758
TMS13F1007P0005,-0.0280555374799205,0.0153875814899846,0,1950,1,224,-0.13503397828456,0.0680748966265039,-0.119646396794575,-0.147701934274496
TMS13F1008P0017,-0.0280555374799205,0.0757984840998404,0,1951,1,225,-0.231403814963456,0.0704754350147093,-0.155605330863615,-0.183660868343536
TMS13F1008P0023,-0.0280555374799205,0.0812030589232845,0,1952,1,226,-0.347909378652244,0.0726866070684796,-0.266706319728959,-0.29476185720888
TMS13F1009P0002,-0.0280555374799205,-0.0354520913377957,0,2011,1,267,-0.385785899045082,0.0721492517525129,-0.421237990382878,-0.449293527862798
TMS13F1009P0003,-0.0280555374799205,0.0617188516720817,0,1953,1,227,-0.326151161659325,0.0716648062252609,-0.264432309987244,-0.292487847467164
TMS13F1009P0005,-0.0280555374799205,0.0231581990978993,0,2012,1,268,-0.14936513362859,0.0702314610855437,-0.12620693453069,-0.154262472010611
TMS13F1016P0005,-0.0280555374799205,-0.112286142641211,0,1956,1,228,0.244366381902306,0.0703583058056874,0.132080239261094,0.104024701781174
TMS13F1017P0003,-0.0280555374799205,-0.0200242887204091,0,1957,1,229,0.0927732796940086,0.0737157421246943,0.0727489909735994,0.044693453493679
TMS13F1017P0006,-0.0280555374799205,-0.0134975774183259,0,1958,1,230,-0.0937988077171272,0.0711030456586246,-0.107296385135453,-0.135351922615373
TMS13F1017P0009,-0.0280555374799205,0.0865964775709278,0,1959,1,231,-0.104790683566599,0.0713125086116806,-0.0181942059956707,-0.0462497434755912
TMS13F1018P0003,-0.0280555374799205,0.0482152250753355,0,1960,1,232,0.362876956625914,0.066177665747844,0.41109218170125,0.383036644221329
TMS13F1018P0005,-0.0280555374799205,0.0415069663527484,0,2052,1,281,0.0818860124910551,0.0705203920140541,0.123392978843804,0.0953374413638831
TMS13F1018P0009,-0.0280555374799205,0.0569127271534523,0,1961,1,233,0.454058939527447,0.0699788007862215,0.510971666680899,0.482916129200978
TMS13F1020P0001,-0.0280555374799205,0.0198751189469111,0,1962,1,234,0.516321942959894,0.0622575314805424,0.536197061906805,0.508141524426885
TMS13F1020P0002,-0.0280555374799205,-0.00240024624957626,0,1928,1,211,0.238781861964846,0.070014756381625,0.236381615715269,0.208326078235349
TMS13F1020P0003,-0.0280555374799205,-0.0222085438877562,0,2018,1,269,0.572492196165301,0.0676801824818422,0.550283652277544,0.522228114797624
TMS13F1020P0004,-0.0280555374799205,0.0201343315542447,0,1929,1,212,0.643774675362323,0.0693255056774267,0.663909006916568,0.635853469436648
TMS13F1021P0008,-0.0280555374799205,-0.0158641438186794,0,2690,1,287,-0.140172427601364,0.0747100407843507,-0.156036571420043,-0.184092108899964
TMS13F1024P0005,-0.0280555374799205,-0.000419590820091392,0,1963,1,235,0.459109623189231,0.0700180541098592,0.45869003236914,0.430634494889219
TMS13F1028P0001,-0.0280555374799205,0.0340187407885392,0,1964,1,236,-0.328749523891511,0.107567084704883,-0.294730783102972,-0.322786320582893
TMS13F1028P0004,-0.0280555374799205,-0.0378769793017271,0,1965,1,237,-0.121342431360583,0.0999239035315128,-0.15921941066231,-0.18727494814223
TMS13F1028P0007,-0.0280555374799205,-0.0315302705346729,0,1931,1,213,-0.531051699663192,0.0978099388288247,-0.562581970197864,-0.590637507677785
TMS13F1028P0010,-0.0280555374799205,-0.0414937318912402,0,1966,1,238,-0.127486738804335,0.0929917199728528,-0.168980470695575,-0.197036008175496
TMS13F1034P0003,-0.0280555374799205,0.0147831081585506,0,1967,1,239,0.093580217818279,0.0722802775573057,0.10836332597683,0.0803077884969092
TMS13F1034P0004,-0.0280555374799205,0.0168238900714666,0,1938,1,215,-0.0868711157640144,0.077269684671143,-0.0700472256925479,-0.0981027631724683
TMS13F1034P0005,-0.0280555374799205,-0.0774200760011713,0,2023,1,270,-0.162854992756343,0.0733563155117935,-0.240275068757514,-0.268330606237434
TMS13F1034P0009,-0.0280555374799205,-0.00467107657875609,0,1968,1,240,-0.150254798704394,0.0709182167875333,-0.15492587528315,-0.182981412763071
TMS13F1034P0018,-0.0280555374799205,0.00321890485710424,0,1970,1,241,-0.361350348265902,0.0785841726680798,-0.358131443408798,-0.386186980888719
TMS13F1036P0002,-0.0280555374799205,0.0818912564246415,0,1971,1,242,0.0915482053546578,0.0730794695002548,0.173439461779299,0.145383924299379
TMS13F1037P0001,-0.0280555374799205,-0.0259293450564411,0,1972,1,243,0.0319970929558612,0.071674973131837,0.00606774789942009,-0.0219877895805004
TMS13F1037P0004,-0.0280555374799205,-0.0585597011516787,0,1973,1,244,-0.0725723021865486,0.0738985166791528,-0.131132003338227,-0.159187540818148
TMS13F1037P0006,-0.0280555374799205,-0.0301596775755141,0,2027,1,271,-0.215961574032717,0.0702388387839085,-0.246121251608231,-0.274176789088152
TMS13F1037P0010,-0.0280555374799205,-0.037828744047105,0,1975,1,245,-0.314299118399623,0.0864472768408004,-0.352127862446728,-0.380183399926648
TMS13F1039P0003,-0.0280555374799205,-0.19743868594101,0,1940,1,216,0.0870198873697944,0.0948962341322485,-0.110418798571216,-0.138474336051136
TMS13F1045P0013,-0.0280555374799205,0.103586355169511,0,1978,1,246,0.175054779706343,0.0768027994646103,0.278641134875854,0.250585597395934
TMS13F1045P0016,-0.0280555374799205,0.133590755352243,0,1979,1,247,0.328180437999477,0.0744645211250353,0.461771193351721,0.4337156558718
TMS13F1045P0017,-0.0280555374799205,0.107068167278213,0,1941,1,217,0.116520887348814,0.0751768460741889,0.223589054627027,0.195533517147106
TMS13F1045P0019,-0.0280555374799205,0.0828723116379508,0,1933,1,214,0.103016270534751,0.0781983958221115,0.185888582172702,0.157833044692781
TMS13F1049P0001,-0.0280555374799205,0.10546705754941,0,2693,1,288,0.108593775031202,0.0730738966996567,0.214060832580612,0.186005295100692
TMS13F1050P0003,-0.0280555374799205,-0.0921381044844069,0,1981,1,248,0.0861170069152915,0.0684011366285303,-0.0060210975691154,-0.0340766350490359
TMS13F1050P0006,-0.0280555374799205,-0.0367249351519094,0,1982,1,249,-0.628569638920034,0.0694744529156433,-0.665294574071943,-0.693350111551864
TMS13F1050P0009,-0.0280555374799205,-0.119146122153751,0,1983,1,250,-0.110309857554069,0.107284536446514,-0.22945597970782,-0.257511517187741
TMS13F1050P0012,-0.0280555374799205,-0.0959500940348592,0,1984,1,251,-0.0211750307583084,0.071892587936779,-0.117125124793168,-0.145180662273088
TMS13F1051P0003,-0.0280555374799205,-0.0972730270247226,0,1985,1,252,0.365896473567989,0.0756521793271558,0.268623446543266,0.240567909063346
TMS13F1051P0012,-0.0280555374799205,-0.0934414950174273,0,1986,1,253,-0.18560627804863,0.0665794169208912,-0.279047773066057,-0.307103310545977
TMS13F1051P0021,-0.0280555374799205,-0.150864111077433,0,1988,1,254,-0.0562649684359668,0.0703057518137104,-0.207129079513399,-0.23518461699332
TMS13F1051P0024,-0.0280555374799205,-0.107110986403121,0,1989,1,255,0.0734866625497088,0.0680977657968306,-0.0336243238534125,-0.061679861333333
TMS13F1051P0029,-0.0280555374799205,-0.311684537693594,0,2038,1,272,0.00404090314740761,0.0817763784132177,-0.307643634546187,-0.335699172026107
TMS13F1051P0033,-0.0280555374799205,0.102466171726274,0,2039,1,273,-0.130926481101868,0.0744803628772629,-0.0284603093755936,-0.056515846855514
TMS13F1051P0052,-0.0280555374799205,-0.112679011848454,0,2040,1,274,-0.250470088655686,0.0674463938992501,-0.36314910050414,-0.391204637984061
TMS13F1053P0001,-0.0280555374799205,-0.221313484604721,0,1990,1,256,-0.00319114869590963,0.0796906048114239,-0.224504633300631,-0.252560170780551
TMS13F1053P0002,-0.0280555374799205,-0.208496416141339,0,1944,1,218,0.251785241267017,0.0797023702070133,0.043288825125678,0.0152332876457575
TMS13F1053P0006,-0.0280555374799205,-0.239861516851485,0,2041,1,275,-0.168578355604967,0.114721641565534,-0.408439872456452,-0.436495409936372
TMS13F1053P0009,-0.0280555374799205,-0.211838566081198,0,2042,1,276,-0.116990031468114,0.0838527150398861,-0.328828597549312,-0.356884135029232
TMS13F1053P0010,-0.0280555374799205,-0.233146091922677,0,1992,1,257,0.0791388913172943,0.0721768543861243,-0.154007200605383,-0.182062738085303
TMS13F1053P0012,-0.0280555374799205,-0.143282612240135,0,2043,1,277,0.0957180674196374,0.0733462660851694,-0.0475645448204978,-0.0756200823004182
TMS13F1053P0015,-0.0280555374799205,-0.243148758696503,0,2044,1,278,0.203384112634887,0.0703481972834801,-0.0397646460616157,-0.0678201835415361
TMS13F1056P0001,-0.0280555374799205,-0.0666454952271034,0,1993,1,258,0.190271287188547,0.0686113353788572,0.123625791961443,0.095570254481523
TMS13F1056P0010,-0.0280555374799205,-0.138477568249343,0,1994,1,259,0.381889934080949,0.0728285355361404,0.243412365831605,0.215356828351685
TMS13F1056P0013,-0.0280555374799205,-0.0470969277602707,0,1995,1,260,-0.0363048887277726,0.0723591372882082,-0.0834018164880433,-0.111457353967964
TMS13F1056P0019,-0.0280555374799205,-0.157683632635455,0,1996,1,261,0.75337978417335,0.0711741744767059,0.595696151537895,0.567640614057974
TMS13F1056P0024,-0.0280555374799205,0.229490438577534,0,2047,1,279,0.213428625819028,0.0751088039140556,0.442919064396563,0.414863526916642
TMS13F1059P0009,-0.0280555374799205,-0.0312042216230059,0,2768,1,305,-0.496797444105604,0.0703659114031747,-0.52800166572861,-0.55605720320853
TMS13F1059P0012,-0.0280555374799205,-0.0782677973524511,0,2769,1,306,-0.40208235272138,0.0718997019982535,-0.480350150073831,-0.508405687553751
TMS13F1060P0002,-0.0280555374799205,0.0293896900313377,0,2770,1,307,0.276429626572804,0.0719136265665301,0.305819316604141,0.277763779124221
TMS13F1060P0011,-0.0280555374799205,-0.0710580780751334,0,2772,1,308,0.0319369898067515,0.086604307374566,-0.0391210882683819,-0.0671766257483024
TMS13F1060P0014,-0.0280555374799205,0.0101688798394335,0,2773,1,309,0.108894217745355,0.0669038607148166,0.119063097584789,0.0910075601048683
TMS13F1060P0016,-0.0280555374799205,0.0197099359062191,0,2897,1,413,-0.0762127026429489,0.0734559634138914,-0.0565027667367297,-0.0845583042166502
TMS13F1060P0019,-0.0280555374799205,-0.0689028341928196,0,2898,1,414,0.241288040608757,0.0947263474692578,0.172385206415937,0.144329668936017
TMS13F1060P0020,-0.0280555374799205,-0.0996392441700925,0,2774,1,310,0.363065678937658,0.0735206906667574,0.263426434767566,0.235370897287645
TMS13F1060P0023,-0.0280555374799205,0.14932501485509,0,2775,1,311,0.00119539977056549,0.0746715810558614,0.150520414625656,0.122464877145736
TMS13F1063P0001,-0.0280555374799205,0.0995081650294602,0,2776,1,312,-0.105513507115313,0.0686117108930623,-0.00600534208585321,-0.0340608795657737
TMS13F1063P0013,-0.0280555374799205,0.143975066126222,0,2777,1,313,-0.215397126541045,0.0703637708992711,-0.071422060414823,-0.0994775978947434
TMS13F1063P0016,-0.0280555374799205,0.162595254269687,0,2778,1,314,-0.152209008257788,0.0661783430789363,0.0103862460118993,-0.0176692914680212
TMS13F1063P0026,-0.0280555374799205,0.137504211540338,0,2779,1,315,-0.234401547499473,0.0668321185854084,-0.0968973359591354,-0.124952873439056
TMS13F1063P0028,-0.0280555374799205,0.158627399965138,0,2900,1,415,-0.0965621621788684,0.0676064846556306,0.0620652377862697,0.0340097003063492
TMS13F1063P0054,-0.0280555374799205,0.194353283724475,0,2901,1,416,0.0302767057275653,0.073362884385273,0.22462998945204,0.19657445197212
TMS13F1063P0055,-0.0280555374799205,0.110955001919635,0,2780,1,316,-0.0117013350919198,0.0710265135915336,0.0992536668277149,0.0711981293477944
TMS13F1064P0001,-0.0280555374799205,0.0182195196828093,0,2902,1,417,0.185804214411884,0.070072259093874,0.204023734094693,0.175968196614773
TMS13F1064P0005,-0.0280555374799205,-0.0350186634860364,0,2782,1,317,0.285962203975136,0.0714400547251409,0.250943540489099,0.222888003009179
TMS13F1064P0031,-0.0280555374799205,0.00573583869739354,0,2903,1,418,-0.14673827121178,0.0728715863864531,-0.141002432514386,-0.169057969994307
TMS13F1064P0032,-0.0280555374799205,0.00742989966519523,0,2784,1,318,0.289332102128229,0.0712373297345659,0.296762001793424,0.268706464313504
TMS13F1064P0034,-0.0280555374799205,0.0292223051548605,0,2904,1,419,-0.011455444797045,0.0705019300173376,0.0177668603578155,-0.010288677122105
TMS13F1064P0038,-0.0280555374799205,0.0330465410839561,0,2785,1,319,0.235826201166267,0.0715206887125104,0.268872742250223,0.240817204770303
TMS13F1069P0024,-0.0280555374799205,-0.119511685148384,0,2906,1,420,-0.295941510493171,0.0615673746610741,-0.415453195641555,-0.443508733121476
TMS13F1072P0002,-0.0280555374799205,-0.104817219427682,0,3040,1,476,-0.209207662024306,0.0676763333589332,-0.314024881451988,-0.342080418931909
TMS13F1074P0002,-0.0280555374799205,0.124880683614444,0,2787,1,320,-0.325163441646122,0.0749082498482807,-0.200282758031678,-0.228338295511598
TMS13F1074P0005,-0.0280555374799205,0.0895896857012837,0,2788,1,321,-0.296014358591655,0.0743621289789984,-0.206424672890371,-0.234480210370292
TMS13F1074P0007,-0.0280555374799205,0.0453585864524129,0,2908,1,421,-0.509970570556277,0.0738735780421598,-0.464611984103864,-0.492667521583784
TMS13F1079P0006,-0.0280555374799205,-0.0503873930594149,0,2791,1,322,0.0287467366588951,0.0697093570915168,-0.0216406564005197,-0.0496961938804402
TMS13F1079P0009,-0.0280555374799205,0.0692541105738996,0,2792,1,323,0.0647906736932198,0.0650917215414502,0.134044784267119,0.105989246787199
TMS13F1079P0011,-0.0280555374799205,-0.0200790030818062,0,2910,1,422,-0.14698890974421,0.0727239264724244,-0.167067912826017,-0.195123450305937
TMS13F1081P0015,-0.0280555374799205,-0.0238914792845697,0,3042,1,477,0.419485826801352,0.0792920064923215,0.395594347516783,0.367538810036862
TMS13F1083P0003,-0.0280555374799205,-0.272260352715976,0,2793,1,324,0.0580164556629606,0.0804274085550198,-0.214243897053015,-0.242299434532936
TMS13F1083P0006,-0.0280555374799205,-0.191219358434095,0,2794,1,325,0.139441029983721,0.0788798229113087,-0.0517783284503737,-0.0798338659302942
TMS13F1084P0001,-0.0280555374799205,-0.0572090053773434,0,2912,1,423,0.0472170917993509,0.0677888020783811,-0.00999191357799244,-0.0380474510579129
TMS13F1084P0002,-0.0280555374799205,-0.109481610973274,0,2797,1,326,0.181024418955182,0.079306909704912,0.0715428079819076,0.0434872705019871
TMS13F1084P0011,-0.0280555374799205,-0.0454652522282024,0,2798,1,327,0.00430437686364967,0.0736108348731109,-0.0411608753645528,-0.0692164128444732
TMS13F1084P0013,-0.0280555374799205,-0.0589187868305855,0,2915,1,424,0.00864601950511475,0.0704548425061332,-0.0502727673254708,-0.0783283048053912
TMS13F1084P0014,-0.0280555374799205,-0.0810797507517334,0,2799,1,328,-0.0574278284405575,0.0680491711920024,-0.138507579192291,-0.166563116672211
TMS13F1084P0017,-0.0280555374799205,-0.0663424049507401,0,2800,1,329,0.00902468027195874,0.0679447801331387,-0.0573177246787814,-0.0853732621587019
TMS13F1086P0002,-0.0280555374799205,-0.178736190289796,0,2801,1,330,0.459208349789777,0.0756026237098053,0.280472159499981,0.252416622020061
TMS13F1086P0005,-0.0280555374799205,-0.180286167167587,0,2802,1,331,0.494652734291932,0.0802399456576808,0.314366567124345,0.286311029644424
TMS13F1087P0007,-0.0280555374799205,-0.0310035935918751,0,2918,1,425,0.228199605777446,0.0704436112216403,0.197196012185571,0.169140474705651
TMS13F1087P0008,-0.0280555374799205,-0.0354778051856426,0,2803,1,332,0.219010798682577,0.0655424864429834,0.183532993496934,0.155477456017014
TMS13F1087P0017,-0.0280555374799205,-0.0640763023757694,0,2804,1,333,0.168474411329229,0.0706639035265897,0.10439810895346,0.0763425714735395
TMS13F1088P0002,-0.0280555374799205,0.14854642315228,0,2805,1,334,0.206268463458872,0.0690628405554913,0.354814886611152,0.326759349131232
TMS13F1088P0004,-0.0280555374799205,-0.0468509886615599,0,2921,1,426,-0.129706578688454,0.0710860427252529,-0.176557567350013,-0.204613104829934
TMS13F1088P0005,-0.0280555374799205,-0.108137414849599,0,2806,1,335,0.230054435965461,0.0722097788561439,0.121917021115862,0.093861483635942
TMS13F1088P0007,-0.0280555374799205,-0.116097555197731,0,2922,1,427,0.139962770862301,0.0577822512328357,0.0238652156645705,-0.00419032181534992
TMS13F1093P0009,-0.0280555374799205,-0.176942805644473,0,2807,1,336,0.447209084806866,0.0731805672699676,0.270266279162394,0.242210741682473
TMS13F1095P0001,-0.0280555374799205,-0.16515306435928,0,2808,1,337,0.298571053853414,0.0738407149673133,0.133417989494134,0.105362452014213
TMS13F1095P0004,-0.0280555374799205,-0.0129481468008469,0,2809,1,338,-0.0146635347088578,0.0731133863137959,-0.0276116815097047,-0.0556672189896252
TMS13F1095P0007,-0.0280555374799205,0.00558269716431915,0,2810,1,339,-0.0469351796138603,0.0744712858465564,-0.0413524824495412,-0.0694080199294616
TMS13F1095P0011,-0.0280555374799205,-0.0286043051370072,0,2743,1,301,-0.14672796903839,0.0727554122463172,-0.175332274175397,-0.203387811655317
TMS13F1095P0019,-0.0280555374799205,-0.0815507247682589,0,2813,1,340,-0.14772825338565,0.0706762322856886,-0.229278978153909,-0.25733451563383
TMS13F1095P0021,-0.0280555374799205,-0.0858047722163912,0,2926,1,428,-0.035319725447819,0.110401664800071,-0.12112449766421,-0.149180035144131
TMS13F1101P0001,-0.0280555374799205,0.0208797393408537,0,2814,1,341,-0.155700745022337,0.0693864551574259,-0.134821005681483,-0.162876543161403
TMS13F1101P0004,-0.0280555374799205,-0.0226503309893085,0,2815,1,342,0.138317238758634,0.0861171998129404,0.115666907769325,0.0876113702894046
TMS13F1106P0008,-0.0280555374799205,0.112822629797804,0,2927,1,429,-0.141135196128009,0.0738281459977215,-0.0283125663302054,-0.0563681038101258
TMS13F1106P0012,-0.0280555374799205,0.0150199959042444,0,2817,1,343,0.269453861330863,0.067689731112942,0.284473857235107,0.256418319755187
TMS13F1106P0015,-0.0280555374799205,0.109186415125068,0,2818,1,344,0.00856157360526945,0.0693802937225047,0.117747988730338,0.0896924512504171
TMS13F1107P0002,-0.0280555374799205,-0.0134307096386735,0,3013,1,471,0.152656927919929,0.070366936863908,0.139226218281256,0.111170680801335
TMS13F1108P0003,-0.0280555374799205,0.242236115547439,0,2819,1,345,0.344644785548824,0.078625720288024,0.586880901096263,0.558825363616343
TMS13F1108P0007,-0.0280555374799205,0.161595139744856,0,2710,1,289,0.194474612553389,0.0668500169352177,0.356069752298245,0.328014214818325
TMS13F1108P0014,-0.0280555374799205,0.127060041263161,0,2929,1,430,-0.0531877112919932,0.0708256919918236,0.0738723299711676,0.0458167924912471
TMS13F1108P0026,-0.0280555374799205,0.113400122690237,0,2931,1,431,0.425244639925661,0.0719912607284335,0.538644762615898,0.510589225135977
TMS13F1109P0001,-0.0280555374799205,0.0130748789798787,0,2932,1,432,0.372031914959661,0.0712879187041813,0.38510679393954,0.357051256459619
TMS13F1109P0004,-0.0280555374799205,-0.0384767266662136,0,2933,1,433,0.333800395358646,0.069991319561514,0.295323668692433,0.267268131212512
TMS13F1109P0005,-0.0280555374799205,-0.0497447993518257,0,2820,1,346,-0.0141210889708232,0.0722633592353119,-0.0638658883226489,-0.0919214258025693
TMS13F1109P0009,-0.0280555374799205,-0.0450498853603229,0,2711,1,290,-0.176012576572822,0.0687550230578697,-0.221062461933145,-0.249117999413066
TMS13F1109P0011,-0.0280555374799205,-0.0445637861525301,0,2821,1,347,0.0548175134885746,0.0734742701484006,0.0102537273360444,-0.017801810143876
TMS13F1109P0014,-0.0280555374799205,-0.0278508140969027,0,2822,1,348,0.0943822253977096,0.0692054534295497,0.0665314113008069,0.0384758738208864
TMS13F1111P0006,-0.0280555374799205,0.0574250523647845,0,2823,1,349,0.0522830184617543,0.0746512528484842,0.109708070826539,0.0816525333466184
TMS13F1111P0015,-0.0280555374799205,0.0299492016125264,0,2824,1,350,-0.0411948980810603,0.0727201891601611,-0.0112456964685339,-0.0393012339484544
TMS13F1113P0005,-0.0280555374799205,-0.00525653527386125,0,2935,1,434,-0.0458163891261649,0.0731197434614824,-0.0510729244000261,-0.0791284618799466
TMS13F1113P0006,-0.0280555374799205,-0.0590093569573495,0,2825,1,351,-0.107095128480521,0.0736109778375536,-0.166104485437871,-0.194160022917791
TMS13F1114P0001,-0.0280555374799205,-0.099253144221788,0,3050,1,478,-0.239911594976966,0.069683577785696,-0.339164739198754,-0.367220276678675
TMS13F1119P0006,-0.0280555374799205,-0.0718330047332853,0,2828,1,352,-0.275445253518456,0.0782832456610589,-0.347278258251742,-0.375333795731662
TMS13F1120P0009,-0.0280555374799205,-0.0513557162853542,0,2830,1,353,-0.0802149707827942,0.0687687256718042,-0.131570687068148,-0.159626224548069
TMS13F1122P0002,-0.0280555374799205,-0.0130331832121243,0,2939,1,435,-0.0544763016615348,0.0663260860635001,-0.0675094848736591,-0.0955650223535795
TMS13F1122P0004,-0.0280555374799205,-0.0876974937447492,0,3020,1,472,-0.224530883006308,0.0673272127207118,-0.312228376751057,-0.340283914230977
TMS13F1122P0005,-0.0280555374799205,-0.0596856881224421,0,2940,1,436,-0.168993786683648,0.0606169857672115,-0.228679474806091,-0.256735012286011
TMS13F1124P0003,-0.0280555374799205,-0.170302643335112,0,3021,1,473,-0.125121562496686,0.0741584613644043,-0.295424205831799,-0.323479743311719
TMS13F1124P0004,-0.0280555374799205,-0.17554104753439,0,2747,1,302,0.102851367131227,0.0688811598236851,-0.0726896804031621,-0.100745217883083
TMS13F1124P0006,-0.0280555374799205,-0.136943112936818,0,2832,1,354,-0.373683581695792,0.0710201570794826,-0.51062669463261,-0.538682232112531
TMS13F1124P0009,-0.0280555374799205,-0.127926901604948,0,2833,1,355,-0.00432025081923325,0.068424961403294,-0.132247152424182,-0.160302689904102
TMS13F1126P0003,-0.0280555374799205,0.0304863009088967,0,2834,1,356,-0.117586984144555,0.0656810786316986,-0.0871006832356586,-0.115156220715579
TMS13F1126P0006,-0.0280555374799205,-0.0158886940851576,0,2835,1,357,-0.686401294373012,0.0649377299073631,-0.702289988458169,-0.73034552593809
TMS13F1128P0016,-0.0280555374799205,-0.271782819734304,0,2749,1,303,-0.562002234469491,0.0863844416667751,-0.833785054203795,-0.861840591683716
TMS13F1134P0013,-0.0280555374799205,-0.113479126692656,0,2836,1,358,-0.264916614422646,0.0733634451807309,-0.378395741115302,-0.406451278595222
TMS13F1139P0001,-0.0280555374799205,-0.138411505005259,0,2945,1,437,-0.290212035160596,0.0908486501093681,-0.428623540165856,-0.456679077645776
TMS13F1139P0014,-0.0280555374799205,-0.115582776222067,0,2837,1,359,-0.29904192130865,0.0824574581304955,-0.414624697530717,-0.442680235010638
TMS13F1139P0016,-0.0280555374799205,-0.183453680604516,0,2947,1,438,-0.125396566006288,0.0872420916024708,-0.308850246610805,-0.336905784090725
TMS13F1139P0023,-0.0280555374799205,-0.196869613138895,0,2838,1,360,-0.271614708459629,0.0846266863485023,-0.468484321598524,-0.496539859078444
TMS13F1143P0001,-0.0280555374799205,-0.0366607981700203,0,2839,1,361,-0.224143719677522,0.071734066227212,-0.260804517847542,-0.288860055327463
TMS13F1143P0004,-0.0280555374799205,0.0639489013931303,0,2840,1,362,0.251978418647827,0.0722834154386713,0.315927320040957,0.287871782561036
TMS13F1145P0002,-0.0280555374799205,-0.0527719568330921,0,2841,1,363,-0.229998851310633,0.0763375214455503,-0.282770808143725,-0.310826345623646
TMS13F1145P0008,-0.0280555374799205,-0.0827767781918156,0,2843,1,364,-0.127755853139249,0.0835972691474707,-0.210532631331065,-0.238588168810985
TMS13F1145P0014,-0.0280555374799205,-0.109270818063788,0,2844,1,365,-0.123500518710239,0.080666920210881,-0.232771336774027,-0.260826874253948
TMS13F1145P0016,-0.0280555374799205,-0.0642503614700314,0,2951,1,439,-0.0300273615698999,0.075422955507536,-0.0942777230399313,-0.122333260519852
TMS13F1145P0017,-0.0280555374799205,-0.124493235089622,0,2845,1,366,-0.233036776815798,0.0746712456166993,-0.35753001190542,-0.38558554938534
TMS13F1145P0020,-0.0280555374799205,-0.126486090396482,0,2846,1,367,-0.301163146786871,0.0752890376970301,-0.427649237183354,-0.455704774663274
TMS13F1145P0023,-0.0280555374799205,-0.157964224002377,0,2715,1,291,-0.233851533128138,0.0818726665207244,-0.391815757130515,-0.419871294610436
TMS13F1145P0026,-0.0280555374799205,-0.0750567022169129,0,2847,1,368,-0.45274905819331,0.0797125655661017,-0.527805760410223,-0.555861297890143
TMS13F1145P0043,-0.0280555374799205,-0.124325492005222,0,2954,1,440,-0.153542587332778,0.0773811937379988,-0.277868079338,-0.30592361681792
TMS13F1151P0036,-0.0280555374799205,0.13953936225321,0,2955,1,441,-0.308555165323591,0.0912635612056935,-0.169015803070381,-0.197071340550301
TMS13F1151P0037,-0.0280555374799205,0.137309782633926,0,2851,1,369,-0.214415427648413,0.093446856252596,-0.0771056450144875,-0.105161182494408
TMS13F1153P0001,-0.0280555374799205,0.0163893991741801,0,2757,1,304,0.374111809040177,0.0726910121880864,0.390501208214358,0.362445670734437
TMS13F1153P0005,-0.0280555374799205,0.00506771584988801,0,2958,1,442,0.0207030090304564,0.0750601411373211,0.0257707248803444,-0.00228481259957606
TMS13F1153P0009,-0.0280555374799205,0.0546043589498361,0,2852,1,370,0.0726965351112757,0.071461834644418,0.127300894061112,0.0992453565811914
TMS13F1154P0001,-0.0280555374799205,-0.214776259308838,0,2853,1,371,0.282895618102946,0.0765473469190318,0.0681193587941084,0.040063821314188
TMS13F1154P0003,-0.0280555374799205,-0.238985144653017,0,2960,1,443,-0.0819187844481526,0.0763732444188423,-0.320903929101169,-0.34895946658109
TMS13F1154P0004,-0.0280555374799205,-0.234346088378088,0,2854,1,372,0.313486218873802,0.0731807924609233,0.0791401304957142,0.0510845930157938
TMS13F1154P0010,-0.0280555374799205,-0.270440483910077,0,2719,1,292,0.282127781169769,0.105994988391528,0.0116872972596917,-0.0163682402202288
TMS13F1160P0004,-0.0280555374799205,-0.0163084282307751,0,2963,1,444,0.220459428030397,0.0560602711941288,0.204150999799622,0.176095462319701
TMS13F1160P0005,-0.0280555374799205,-0.10572931233641,0,2855,1,373,0.10279268152815,0.0630383441178144,-0.00293663080825994,-0.0309921682881804
TMS13F1176P0002,-0.0280555374799205,-0.0370537923159119,0,2964,1,445,-0.0128216834902007,0.0742268197809057,-0.0498754758061126,-0.0779310132860331
TMS13F1176P0003,-0.0280555374799205,-0.0186125075359698,0,2722,1,293,0.0323798853366375,0.0744630642639282,0.0137673778006676,-0.0142881596792528
TMS13F1176P0006,-0.0280555374799205,-0.0844689100043061,0,2856,1,374,-0.192557942193096,0.0728224487325718,-0.277026852197402,-0.305082389677322
TMS13F1176P0008,-0.0280555374799205,-0.0236838306265699,0,2966,1,446,-0.237512601717786,0.0720106783686744,-0.261196432344356,-0.289251969824276
TMS13F1177P0008,-0.0280555374799205,0.100771420330184,0,2968,1,447,-0.169668537960518,0.0751687386959514,-0.068897117630334,-0.0969526551102544
TMS13F1177P0009,-0.0280555374799205,0.0986674636269113,0,2858,1,375,0.0597085594626843,0.0701254101394246,0.158376023089596,0.130320485609675
TMS13F1177P0012,-0.0280555374799205,0.143361765877592,0,2859,1,376,-0.067664331789626,0.0719343122950056,0.0756974340879663,0.0476418966080459
TMS13F1177P0015,-0.0280555374799205,0.0200008937512919,0,2860,1,377,-0.12556407852282,0.0796698863871964,-0.105563184771529,-0.133618722251449
TMS13F1182P0002,-0.0280555374799205,0.297918751147824,0,3059,1,479,0.284575591082945,0.0784551834646264,0.582494342230768,0.554438804750848
TMS13F1184P0002,-0.0280555374799205,0.122006665811506,0,2969,1,448,0.0916701107558263,0.0745773725080184,0.213676776567332,0.185621239087412
TMS13F1184P0009,-0.0280555374799205,0.128606930280723,0,2861,1,378,-0.0254711959575168,0.0797126589728169,0.103135734323206,0.075080196843286
TMS13F1194P0007,-0.0280555374799205,0.163726421807964,0,2971,1,449,0.067620197487181,0.0736217445306441,0.231346619295145,0.203291081815224
TMS13F1195P0005,-0.0280555374799205,-0.00914690106425701,0,2972,1,450,0.25246448582385,0.0686490522872792,0.243317584759593,0.215262047279673
TMS13F1195P0006,-0.0280555374799205,0.0170303758838614,0,2862,1,379,0.367549861321811,0.0702307890676716,0.384580237205672,0.356524699725752
TMS13F1198P0002,-0.0280555374799205,0.0540579909570095,0,2863,1,380,0.388341898462225,0.07032541052166,0.442399889419235,0.414344351939314
TMS13F1198P0007,-0.0280555374799205,0.10095213711275,0,2973,1,451,0.142885493323348,0.0714139176988978,0.243837630436098,0.215782092956177
TMS13F1198P0008,-0.0280555374799205,0.160680939757612,0,2864,1,381,0.0204812822207374,0.0731815884407045,0.181162221978349,0.153106684498429
TMS13F1198P0010,-0.0280555374799205,0.211038320986391,0,2974,1,452,-0.0926720403663104,0.0767273257688693,0.118366280620081,0.0903107431401602
TMS13F1202P0002,-0.0280555374799205,0.189489442288105,0,2865,1,382,0.240281001317255,0.0753118412837835,0.429770443605361,0.40171490612544
TMS13F1202P0013,-0.0280555374799205,0.148272923525786,0,2975,1,453,0.239193247788254,0.0737807944208018,0.38746617131404,0.35941063383412
TMS13F1202P0016,-0.0280555374799205,0.216181813537941,0,2976,1,454,0.25340184252575,0.0728151921752286,0.469583656063691,0.44152811858377
TMS13F1202P0020,-0.0280555374799205,0.175438777460335,0,2866,1,383,0.395326868931692,0.075037808821282,0.570765646392026,0.542710108912106
TMS13F1202P0029,-0.0280555374799205,0.185418621754316,0,2867,1,384,0.239436282371379,0.0755685280223666,0.424854904125695,0.396799366645774
TMS13F1202P0044,-0.0280555374799205,0.210205186112955,0,2868,1,385,0.307266546219721,0.0713681577971993,0.517471732332676,0.489416194852756
TMS13F1203P0004,-0.0280555374799205,0.0973024665659091,0,2869,1,386,-0.0223212564567187,0.0716936493609238,0.0749812101091904,0.04692567262927
TMS13F1203P0028,-0.0280555374799205,0.0956403295032437,0,2870,1,387,0.335552977742294,0.0722361265483253,0.431193307245538,0.403137769765617
TMS13F1203P0042,-0.0280555374799205,0.0937684146756116,0,2978,1,455,0.262978288573924,0.0740069523188406,0.356746703249536,0.328691165769615
TMS13F1204P0002,-0.0280555374799205,0.193862684915919,0,2871,1,388,-0.0919487742420716,0.0768250641193593,0.101913910673848,0.0738583731939273
TMS13F1204P0005,-0.0280555374799205,0.100972031374368,0,2872,1,389,0.0243879377644714,0.0745030637294535,0.125359969138839,0.0973044316589187
TMS13F1204P0007,-0.0280555374799205,0.157254665620075,0,2979,1,456,0.0269447338641771,0.0742758373956863,0.184199399484252,0.156143862004332
TMS13F1204P0010,-0.0280555374799205,0.273238198250632,0,2980,1,457,0.298931723896622,0.0801498283451397,0.572169922147254,0.544114384667334
TMS13F1204P0011,-0.0280555374799205,0.203892442058933,0,2873,1,390,0.157038302752148,0.0727212337060664,0.36093074481108,0.33287520733116
TMS13F1204P0014,-0.0280555374799205,0.301084985489951,0,2874,1,391,0.220218058311136,0.0839063851307234,0.521303043801087,0.493247506321167
TMS13F1212P0002,-0.0280555374799205,0.158606475471211,0,2724,1,294,0.674660122328447,0.0666976240766443,0.833266597799658,0.805211060319737
TMS13F1212P0005,-0.0280555374799205,0.135490780267619,0,2875,1,392,0.673116083731983,0.07099242638375,0.808606863999602,0.780551326519682
TMS13F1212P0008,-0.0280555374799205,0.144602048516927,0,2876,1,393,0.480306755998232,0.0712523310896167,0.624908804515159,0.596853267035238
TMS13F1212P0019,-0.0280555374799205,0.188878230353511,0,2981,1,458,0.524144881708603,0.0743019976636236,0.713023112062113,0.684967574582193
TMS13F1212P0022,-0.0280555374799205,0.157917881850778,0,2982,1,459,0.509585483978199,0.0719754172715749,0.667503365828977,0.639447828349056
TMS13F1212P0028,-0.0280555374799205,0.0894336976695971,0,2984,1,460,0.597629548411101,0.0684186573416231,0.687063246080698,0.659007708600778
TMS13F1212P0034,-0.0280555374799205,0.103918487812349,0,3025,1,474,0.159940296248605,0.0695722258497153,0.263858784060955,0.235803246581034
TMS13F1212P0041,-0.0280555374799205,0.148569787075185,0,2878,1,394,0.524660442934992,0.0722719401703052,0.673230230010177,0.645174692530256
TMS13F1212P0053,-0.0280555374799205,0.10608829246013,0,2879,1,395,0.469646568912623,0.0710470960940434,0.575734861372754,0.547679323892833
TMS13F1212P0058,-0.0280555374799205,0.0835200374004866,0,2726,1,295,0.457685373281248,0.0693716045942272,0.541205410681735,0.513149873201814
TMS13F1212P0059,-0.0280555374799205,0.17231162572794,0,2880,1,396,0.365247770249742,0.071990374548533,0.537559395977682,0.509503858497762
TMS13F1212P0061,-0.0280555374799205,0.109596277380916,0,2727,1,296,0.504219706148661,0.0613252411269897,0.613815983529578,0.585760446049657
TMS13F1212P0062,-0.0280555374799205,0.11969082831653,0,2881,1,397,0.024863592160419,0.073264953574199,0.144554420476948,0.116498882997028
TMS13F1212P0068,-0.0280555374799205,0.074554844298606,0,2882,1,398,0.582733868325346,0.067875036450062,0.657288712623952,0.629233175144031
TMS13F1212P0071,-0.0280555374799205,0.148285003836816,0,2883,1,399,0.546050930189384,0.0718823906756248,0.6943359340262,0.66628039654628
TMS13F1212P0073,-0.0280555374799205,0.210082511599193,0,2987,1,461,0.344892014110527,0.0751980839267987,0.55497452570972,0.526918988229799
TMS13F1212P0077,-0.0280555374799205,0.0785543820968548,0,2884,1,400,0.586972436707776,0.0683478686620436,0.665526818804631,0.637471281324711
TMS13F1212P0079,-0.0280555374799205,0.0506320848222439,0,2731,1,298,0.284372627775903,0.0691261002072123,0.335004712598147,0.306949175118226
TMS13F1214P0004,-0.0280555374799205,0.170254329319516,0,2728,1,297,-0.191642858369647,0.0677615307721685,-0.0213885290501302,-0.0494440665300506
TMS13F1214P0005,-0.0280555374799205,0.177779008469933,0,2989,1,462,0.0452835449705404,0.0741315586801505,0.223062553440473,0.195007015960553
TMS13F1214P0009,-0.0280555374799205,0.128041121125832,0,2885,1,401,0.180301599198454,0.0715403275152863,0.308342720324286,0.280287182844365
TMS13F1214P0012,-0.0280555374799205,0.154473004757203,0,2886,1,402,0.193850419002706,0.071173979423345,0.348323423759909,0.320267886279989
TMS13F1214P0020,-0.0280555374799205,0.289737333111691,0,2990,1,463,-0.129047476033494,0.0789514057817774,0.160689857078197,0.132634319598276
TMS13F1214P0030,-0.0280555374799205,0.151150861264371,0,2887,1,403,0.118434787574157,0.0716226820967866,0.269585648838528,0.241530111358608
TMS13F1214P0036,-0.0280555374799205,0.0352092430407866,0,2733,1,299,0.0705686070577979,0.0671512728481642,0.105777850098584,0.077722312618664
TMS13F1216P0002,-0.0280555374799205,0.104034979172207,0,2991,1,464,0.596841223358825,0.0711686888361963,0.700876202531031,0.672820665051111
TMS13F1216P0008,-0.0280555374799205,0.108766843763953,0,2992,1,465,0.357926919798198,0.0718541930553999,0.466693763562151,0.438638226082231
TMS13F1216P0009,-0.0280555374799205,0.102515090553258,0,2888,1,404,0.141369203199691,0.0696620326178541,0.243884293752949,0.215828756273029
TMS13F1216P0010,-0.0280555374799205,0.0925700338773742,0,2734,1,300,0.40874864068026,0.0683698776445052,0.501318674557634,0.473263137077713
TMS13F1216P0012,-0.0280555374799205,0.127591194302509,0,2889,1,405,0.0576610024856063,0.0685835800274699,0.185252196788116,0.157196659308195
TMS13F1216P0021,-0.0280555374799205,0.0792916172044138,0,2890,1,406,0.292006402783242,0.0728297461581727,0.371298019987656,0.343242482507735
TMS13F1217P0043,-0.0280555374799205,-0.0915677497529641,0,3069,1,480,0.0470740434232341,0.0715435287570179,-0.04449370632973,-0.0725492438096505
TMS13F1221P0003,-0.0280555374799205,0.00562833192771463,0,2891,1,407,0.303634231211538,0.0655824748877634,0.309262563139253,0.281207025659333
TMS13F1223P0005,-0.0280555374799205,0.08115562638492,0,2892,1,408,0.196805862514802,0.0688720097818297,0.277961488899722,0.249905951419802
TMS13F1223P0007,-0.0280555374799205,0.0177990145692289,0,2998,1,466,-0.0406480882393996,0.0680220339511798,-0.0228490736701707,-0.0509046111500912
TMS13F1223P0010,-0.0280555374799205,0.0307010803810791,0,2999,1,467,0.07353198440177,0.066917333787503,0.104233064782849,0.0761775273029286
TMS13F1223P0016,-0.0280555374799205,0.0294298599667232,0,3000,1,468,-0.0504128909704889,0.0692691075325943,-0.0209830310037657,-0.0490385684836862
TMS13F1223P0025,-0.0280555374799205,0.0261109218252052,0,3001,1,469,0.0347573436240067,0.0689255285500083,0.0608682654492118,0.0328127279692914
TMS13F1232P0003,-0.0280555374799205,-0.0392284540785837,0,2893,1,409,-0.308916910903973,0.0712501311395699,-0.348145364982557,-0.376200902462477
TMS13F1232P0009,-0.0280555374799205,-0.142093480775635,0,2894,1,410,0.00545697488694935,0.0716621820691215,-0.136636505888686,-0.164692043368606
TMS13F1232P0014,-0.0280555374799205,-0.0391568499344607,0,3003,1,470,-0.207268226796397,0.0697679867243446,-0.246425076730858,-0.274480614210779
TMS13F1241P0001,-0.0280555374799205,-0.0059568164625083,0,2895,1,411,0.182249122782685,0.0738061397834035,0.176292306320177,0.148236768840256
TMS13F1241P0016,-0.0280555374799205,-0.0170447799271755,0,3027,1,475,0.154910481514454,0.0716874751368427,0.137865701587279,0.109810164107358
TMS13F1241P0023,-0.0280555374799205,-0.00178744473707979,0,2896,1,412,0.0760835526606541,0.071668167738578,0.0742961079235743,0.0462405704436538
TMS13F1245P0001,-0.0280555374799205,-0.104794740537713,0,3245,1,610,0.000680585637721318,0.0794893937254594,-0.104114154899992,-0.132169692379912
TMS13F1247P0006,-0.0280555374799205,-0.107340247595209,0,3443,1,670,0.291697930659377,0.070432901458149,0.184357683064168,0.156302145584247
TMS13F1253P0002,-0.0280555374799205,-0.0569465667078997,0,3246,1,611,-0.23636117113603,0.071151321007903,-0.29330773784393,-0.32136327532385
TMS13F1253P0003,-0.0280555374799205,-0.120246081121535,0,3126,1,504,-0.0444882391507032,0.0752867320033891,-0.164734320272238,-0.192789857752158
TMS13F1254P0002,-0.0280555374799205,0.00185621458835283,0,3247,1,612,-0.113929648971047,0.074807692340067,-0.112073434382695,-0.140128971862615
TMS13F1254P0003,-0.0280555374799205,-0.0524253770285812,0,3127,1,505,-0.0112542503164876,0.0717316469277346,-0.0636796273450688,-0.0917351648249893
TMS13F1254P0012,-0.0280555374799205,-0.057560702559807,0,3129,1,506,0.113882589036218,0.0668714138630639,0.0563218864764111,0.0282663489964907
TMS13F1266P0027,-0.0280555374799205,0.103692272979977,0,3252,1,613,0.042000268974086,0.0710617231894182,0.145692541954063,0.117637004474143
TMS13F1273P0005,-0.0280555374799205,-0.0314686581979359,0,3253,1,614,0.169578623922977,0.0692859136794522,0.138109965725041,0.110054428245121
TMS13F1273P0015,-0.0280555374799205,-0.0242359108699805,0,3131,1,507,0.181620139165532,0.0692991775122648,0.157384228295552,0.129328690815632
TMS13F1286P0005,-0.0280555374799205,0.0286143780284222,0,3132,1,508,0.156819559022857,0.0714607250570753,0.18543393705128,0.157378399571359
TMS13F1287P0004,-0.0280555374799205,-0.00485157910500125,0,3257,1,615,0.0459256695253175,0.073224958678556,0.0410740904203162,0.0130185529403958
TMS13F1287P0005,-0.0280555374799205,0.00495727909682629,0,3133,1,509,0.0649224960811644,0.0706385957271131,0.0698797751779907,0.0418242376980703
TMS13F1287P0011,-0.0280555374799205,0.0815082057219309,0,3134,1,510,-0.0403116399925232,0.0710987022600119,0.0411965657294077,0.0131410282494872
TMS13F1287P0016,-0.0280555374799205,-0.0399934737876041,0,3258,1,616,0.117107343119976,0.0700200957360672,0.077113869332372,0.0490583318524515
TMS13F1288P0005,-0.0280555374799205,0.0748449092959584,0,3101,1,492,0.38969052954753,0.0708678840560511,0.464535438843488,0.436479901363568
TMS13F1288P0009,-0.0280555374799205,0.0561032229999029,0,3071,1,481,0.198973168172309,0.0738745307209424,0.255076391172212,0.227020853692291
TMS13F1288P0010,-0.0280555374799205,0.0841856521076463,0,3135,1,511,0.366078668959542,0.0705021556411106,0.450264321067189,0.422208783587268
TMS13F1288P0014,-0.0280555374799205,0.0889857259596376,0,3349,1,651,0.370035705770616,0.0724488018279353,0.459021431730253,0.430965894250333
TMS13F1291P0003,-0.0280555374799205,0.0208102197173254,0,3137,1,512,0.0868099519982741,0.071746700943285,0.1076201717156,0.0795646342356791
TMS13F1291P0005,-0.0280555374799205,-0.115143575503802,0,3264,1,617,0.0622816694255514,0.073135242275247,-0.0528619060782511,-0.0809174435581715
TMS13F1291P0012,-0.0280555374799205,0.0573388173055789,0,3138,1,513,0.277021290911344,0.0694669923444996,0.334360108216923,0.306304570737003
TMS13F1303P0001,-0.0280555374799205,0.0633775515154092,0,3074,1,482,0.251009806925291,0.0678156632141878,0.314387358440701,0.28633182096078
TMS13F1303P0002,-0.0280555374799205,-0.0335588554925754,0,3350,1,652,-0.181300283663552,0.0706529883940538,-0.214859139156127,-0.242914676636048
TMS13F1303P0003,-0.0280555374799205,0.0875079798590588,0,3351,1,653,-0.171993616882351,0.0716376733285858,-0.0844856370232921,-0.112541174503213
TMS13F1303P0005,-0.0280555374799205,0.131733445358821,0,3139,1,514,-0.156576202119194,0.0820952024616385,-0.0248427567603734,-0.0528982942402939
TMS13F1304P0003,-0.0280555374799205,-0.0112618398315897,0,3455,1,671,0.192514300034484,0.0679513110609904,0.181252460202894,0.153196922722974
TMS13F1306P0001,-0.0280555374799205,-0.00918808514169664,0,3352,1,654,-0.336554329249637,0.0711046887320766,-0.345742414391333,-0.373797951871254
TMS13F1306P0002,-0.0280555374799205,-0.0313692925505987,0,3140,1,515,-0.159316450487753,0.0695370603603441,-0.190685743038351,-0.218741280518272
TMS13F1306P0003,-0.0280555374799205,0.0923597479970326,0,3078,1,484,-0.428853795410571,0.0719941828788566,-0.336494047413539,-0.364549584893459
TMS13F1306P0004,-0.0280555374799205,0.0479453104961013,0,3081,1,486,-0.0989456457081016,0.0665657068185607,-0.0510003352120003,-0.0790558726919208
TMS13F1306P0005,-0.0280555374799205,-0.00587349185499439,0,3141,1,516,-0.304599288465706,0.0789279427856717,-0.310472780320701,-0.338528317800621
TMS13F1307P0004,-0.0280555374799205,0.0433122447195888,0,3354,1,655,0.3037002488005,0.0644809082908777,0.347012493520088,0.318956956040168
TMS13F1307P0005,-0.0280555374799205,0.0544042347255255,0,3355,1,656,-0.315453592283805,0.0726201701063182,-0.261049357558279,-0.2891048950382
TMS13F1307P0006,-0.0280555374799205,0.0599341156941026,0,3142,1,517,-0.141469581545547,0.0691178637989666,-0.081535465851444,-0.109591003331364
TMS13F1307P0007,-0.0280555374799205,0.0854499050521903,0,3356,1,657,-0.0649035189249728,0.0741638140552677,0.0205463861272174,-0.00750915135270303
TMS13F1307P0008,-0.0280555374799205,0.0408736607446575,0,3084,1,487,0.144434517165448,0.0753352846624388,0.185308177910106,0.157252640430185
TMS13F1307P0010,-0.0280555374799205,0.0491599031925512,0,3357,1,658,-0.136303490159926,0.0672158444444515,-0.0871435869673752,-0.115199124447296
TMS13F1307P0011,-0.0280555374799205,0.0882439754924668,0,3087,1,488,0.0368833821582493,0.0701095569979025,0.125127357650716,0.0970718201707956
TMS13F1307P0012,-0.0280555374799205,0.0942782365899172,0,3358,1,659,-0.282804515755744,0.0749132954263566,-0.188526279165827,-0.216581816645748
TMS13F1307P0016,-0.0280555374799205,0.0671779745699016,0,3102,1,493,0.282341575272235,0.0649141312792449,0.349519549842137,0.321464012362217
TMS13F1307P0017,-0.0280555374799205,-0.00105221760900567,0,3267,1,618,-0.0110867441444341,0.0724625763607947,-0.0121389617534397,-0.0401944992333602
TMS13F1307P0018,-0.0280555374799205,0.0656504995784693,0,3144,1,518,0.033050712824281,0.0797314683860687,0.0987012124027503,0.0706456749228298
TMS13F1307P0021,-0.0280555374799205,0.0640264227465791,0,3145,1,519,-0.0234568974186002,0.0806086201883252,0.0405695253279789,0.0125139878480584
TMS13F1307P0023,-0.0280555374799205,0.0479481035876832,0,3359,1,660,0.0180419279778751,0.0773074812093438,0.0659900315655582,0.0379344940856378
TMS13F1307P0024,-0.0280555374799205,0.0802961718767198,0,3146,1,520,-0.0528112109020106,0.0849765201231425,0.0274849609747092,-0.000570576505211251
TMS13F1315P0008,-0.0280555374799205,0.175895786106536,0,3458,1,672,0.22440449515388,0.0759254641267203,0.400300281260416,0.372244743780496
TMS13F1324P0002,-0.0280555374799205,0.102908590799244,0,3093,1,489,-0.0471660832180022,0.0688941327083179,0.055742507581242,0.0276869701013215
TMS13F1324P0004,-0.0280555374799205,0.0910618076039159,0,3269,1,619,0.0447643100852846,0.0720552796043742,0.1358261176892,0.10777058020928
TMS13F1329P0003,-0.0280555374799205,0.0871544228483733,0,3103,1,494,-0.328381672718852,0.0771459618175682,-0.241227249870479,-0.269282787350399
TMS13F1329P0017,-0.0280555374799205,-0.255140847987759,0,3149,1,521,-0.0783701780689195,0.0820704062572896,-0.333511026056679,-0.361566563536599
TMS13F1332P0004,-0.0280555374799205,-0.170790090788958,0,3150,1,522,0.121593535697492,0.0741258525026375,-0.0491965550914662,-0.0772520925713867
TMS13F1332P0010,-0.0280555374799205,-0.153337187674906,0,3151,1,523,-0.00758649248958761,0.0727014183663351,-0.160923680164494,-0.188979217644414
TMS13F1332P0016,-0.0280555374799205,-0.149995374583487,0,3152,1,524,0.0428322726717234,0.0725750747502916,-0.107163101911763,-0.135218639391684
TMS13F1332P0042,-0.0280555374799205,-0.184320061504615,0,3077,1,483,0.0355256384803805,0.0728599896251252,-0.148794423024235,-0.176849960504155
TMS13F1333P0003,-0.0280555374799205,-0.0941564433367602,0,3079,1,485,-0.00108425063562343,0.0622727615624191,-0.0952406939723836,-0.123296231452304
TMS13F1333P0007,-0.0280555374799205,-0.0709998499446753,0,3153,1,525,0.00646950887343088,0.0684818965523012,-0.0645303410712445,-0.0925858785511649
TMS13F1333P0012,-0.0280555374799205,-0.0832584431197861,0,3274,1,620,0.204348012112988,0.0713070426239315,0.121089568993202,0.0930340315132818
TMS13F1333P0019,-0.0280555374799205,-0.11657275834377,0,3154,1,526,-0.12570151361245,0.0697225746232662,-0.24227427195622,-0.27032980943614
TMS13F1333P0021,-0.0280555374799205,0.112473136209759,0,3275,1,621,0.1914671869923,0.0682493431533217,0.303940323202059,0.275884785722139
TMS13F1333P0022,-0.0280555374799205,-0.0544381157385614,0,3155,1,527,0.468682477505314,0.0693609657608361,0.414244361766752,0.386188824286832
TMS13F1333P0025,-0.0280555374799205,-0.066643690981415,0,3156,1,528,0.146299737611195,0.0701258105376415,0.0796560466297803,0.0516005091498599
TMS13F1336P0003,-0.0280555374799205,-0.0961414847159636,0,3276,1,622,-0.0289337879235689,0.0736233182211333,-0.125075272639532,-0.153130810119453
TMS13F1336P0021,-0.0280555374799205,-0.11849264105005,0,3277,1,623,-0.028577290455161,0.0923186784611459,-0.147069931505211,-0.175125468985132
TMS13F1336P0026,-0.0280555374799205,-0.120809757116651,0,3158,1,529,-0.111657530459452,0.0774287244402223,-0.232467287576104,-0.260522825056024
TMS13F1336P0028,-0.0280555374799205,-0.103424379591425,0,3278,1,624,0.0361623611769511,0.0773061171263405,-0.0672620184144737,-0.0953175558943942
TMS13F1339P0002,-0.0280555374799205,-0.104747019481914,0,3159,1,530,-0.194067708653996,0.097772408964345,-0.29881472813591,-0.32687026561583
TMS13F1339P0007,-0.0280555374799205,-0.0653160351384922,0,3279,1,625,-0.0063280879579282,0.0744981151852232,-0.0716441230964204,-0.0996996605763409
TMS13F1340P0001,-0.0280555374799205,0.0490258062410076,0,3160,1,531,-0.242474486040381,0.0738654918588555,-0.193448679799373,-0.221504217279293
TMS13F1340P0004,-0.0280555374799205,0.0482698687832918,0,3161,1,532,0.0175602406669649,0.0753005331047957,0.0658301094502568,0.0377745719703363
TMS13F1343P0001,-0.0280555374799205,-0.163784808556351,0,3162,1,533,0.225045530412189,0.078206290795745,0.0612607218558388,0.0332051843759183
TMS13F1343P0002,-0.0280555374799205,-0.264355962452634,0,3106,1,495,-0.271956700205803,0.0755792647958703,-0.536312662658437,-0.564368200138357
TMS13F1343P0009,-0.0280555374799205,-0.19269190063713,0,3281,1,626,-0.207488778153921,0.110043516078472,-0.40018067879105,-0.428236216270971
TMS13F1343P0010,-0.0280555374799205,-0.210886495956341,0,3163,1,534,-0.0504574789686599,0.0772877842416141,-0.261343974925001,-0.289399512404922
TMS13F1343P0013,-0.0280555374799205,-0.179261519383914,0,3164,1,535,0.0701606537724878,0.0814841609485624,-0.109100865611426,-0.137156403091347
TMS13F1343P0016,-0.0280555374799205,-0.183048187764507,0,3165,1,536,-0.235753024413083,0.077901409779602,-0.41880121217759,-0.446856749657511
TMS13F1343P0019,-0.0280555374799205,-0.25259292338474,0,3166,1,537,0.180019653963568,0.118702137719248,-0.0725732694211713,-0.100628806901092
TMS13F1343P0022,-0.0280555374799205,-0.219166241822507,0,3167,1,538,0.388569781880771,0.0801336789510195,0.169403540058264,0.141348002578344
TMS13F1343P0026,-0.0280555374799205,-0.171496281413116,0,3108,1,496,-0.149597070894311,0.0820062324857691,-0.321093352307426,-0.349148889787347
TMS13F1343P0031,-0.0280555374799205,-0.177893233918683,0,3168,1,539,0.0306058997416849,0.0822909200383788,-0.147287334176998,-0.175342871656918
TMS13F1343P0038,-0.0280555374799205,-0.121272763513485,0,3110,1,497,0.306435691659718,0.0807908338889069,0.185162928146233,0.157107390666313
TMS13F1343P0040,-0.0280555374799205,-0.186572291476114,0,3169,1,540,-0.263264094875888,0.0814042625924976,-0.449836386352002,-0.477891923831922
TMS13F1343P0044,-0.0280555374799205,-0.195526884563094,0,3111,1,498,-0.19422175267793,0.0760212604992445,-0.389748637241024,-0.417804174720944
TMS13F1343P0045,-0.0280555374799205,-0.21026151573244,0,3288,1,627,-0.120573590960404,0.0819203672343709,-0.330835106692844,-0.358890644172764
TMS13F1343P0051,-0.0280555374799205,-0.183307360626652,0,3170,1,541,0.335670802119269,0.0780106201251117,0.152363441492617,0.124307904012697
TMS13F1344P0002,-0.0280555374799205,-0.0790677006878675,0,3171,1,542,0.125896169264764,0.0915894842237617,0.046828468576897,0.0187729310969765
TMS13F1344P0008,-0.0280555374799205,-0.114004081226029,0,3172,1,543,0.130344125598116,0.0788544375959015,0.0163400443720874,-0.0117154931078331
TMS13F1350P0005,-0.0280555374799205,-0.0420411690310207,0,3174,1,544,-0.0776338551622944,0.0719541127453043,-0.119675024193315,-0.147730561673236
TMS13F1352P0001,-0.0280555374799205,-0.0538360428559878,0,3175,1,545,-0.0141892191135353,0.0715825587719164,-0.0680252619695231,-0.0960807994494436
TMS13F1352P0002,-0.0280555374799205,-0.0779205104360637,0,3112,1,499,-0.0288458455294485,0.0754290937145861,-0.106766355965512,-0.134821893445433
TMS13F1352P0010,-0.0280555374799205,-0.106144576098694,0,3176,1,546,-0.224522487434502,0.0795309906229101,-0.330667063533196,-0.358722601013116
TMS13F1357P0008,-0.0280555374799205,-0.0567694953043716,0,3177,1,547,-0.0853592883407566,0.0777349439128752,-0.142128783645128,-0.170184321125049
TMS13F1362P0001,-0.0280555374799205,-0.162412074348831,0,3113,1,500,-0.0308038536297462,0.0748623821900255,-0.193215927978577,-0.221271465458498
TMS13F1362P0004,-0.0280555374799205,-0.045473288646458,0,3114,1,501,-0.145798380066065,0.0776959582453693,-0.191271668712523,-0.219327206192444
TMS13F1362P0005,-0.0280555374799205,-0.116929944973389,0,3293,1,628,-0.252066428153026,0.0712666255351605,-0.368996373126415,-0.397051910606335
TMS13F1362P0008,-0.0280555374799205,-0.109074322479637,0,3294,1,629,-0.314757660568606,0.0779297254319016,-0.423831983048243,-0.451887520528163
TMS13F1362P0009,-0.0280555374799205,-0.192055144156146,0,3178,1,548,-0.19674716533623,0.0766959281470768,-0.388802309492376,-0.416857846972296
TMS13F1364P0001,-0.0280555374799205,-0.24796660373121,0,3115,1,502,0.323760181365443,0.0823319963398405,0.0757935776342331,0.0477380401543127
TMS13F1365P0001,-0.0280555374799205,-0.0869540419176504,0,3180,1,549,-0.212116015190783,0.069585060792216,-0.299070057108433,-0.327125594588353
TMS13F1365P0002,-0.0280555374799205,-0.119338740266344,0,3116,1,503,0.0291055476609749,0.0727408935677082,-0.0902331926053687,-0.118288730085289
TMS13F1365P0004,-0.0280555374799205,-0.0366281494911333,0,3181,1,550,-0.017142952551341,0.0776208878283912,-0.0537711020424743,-0.0818266395223948
TMS13F1365P0011,-0.0280555374799205,-0.150098174373864,0,3182,1,551,-0.201366574468505,0.0759476867308093,-0.351464748842369,-0.37952028632229
TMS13F1365P0013,-0.0280555374799205,-0.0719820566378656,0,3298,1,630,-0.0314408894603772,0.0735057066764329,-0.103422946098243,-0.131478483578163
TMS13F1365P0014,-0.0280555374799205,-0.0679201528084982,0,3183,1,552,-0.231410826854779,0.102966772480266,-0.299330979663278,-0.327386517143198
TMS13F1365P0017,-0.0280555374799205,-0.114453802199684,0,3184,1,553,0.0956624104709686,0.0732155789100291,-0.0187913917287156,-0.046846929208636
TMS13F1365P0019,-0.0280555374799205,-0.0899176871582409,0,3299,1,631,-0.0551119398367255,0.0700279310129481,-0.145029626994966,-0.173085164474887
TMS13F1365P0023,-0.0280555374799205,-0.0747502768921597,0,3185,1,554,-0.272355318966882,0.0704900633316283,-0.347105595859042,-0.375161133338962
TMS13F1365P0026,-0.0280555374799205,-0.0668863596293278,0,3186,1,555,0.139348645420939,0.0750388926567082,0.0724622857916112,0.0444067483116908
TMS13F1365P0029,-0.0280555374799205,-0.0773280256878845,0,3187,1,556,-0.0160691295246954,0.0714105548195878,-0.0933971552125799,-0.1214526926925
TMS13F1365P0031,-0.0280555374799205,-0.0320887179444052,0,3301,1,632,-0.0259617007095656,0.0750991591007672,-0.0580504186539708,-0.0861059561338912
TMS13F1365P0032,-0.0280555374799205,-0.126570209364516,0,3188,1,557,0.411078730168554,0.0785969559353775,0.284508520804038,0.256452983324118
TMS13F1365P0038,-0.0280555374799205,-0.0525425225610009,0,3189,1,558,0.133407258193818,0.0791560485144472,0.0808647356328173,0.0528091981528969
TMS13F1365P0040,-0.0280555374799205,-0.0676288558117856,0,3303,1,633,-0.116169012849855,0.0737625925453682,-0.183797868661641,-0.211853406141561
TMS13F1368P0007,-0.0280555374799205,-0.0505159544088911,0,3190,1,559,-0.0207416828415703,0.0732445756294348,-0.0712576372504614,-0.0993131747303818
TMS13F1368P0010,-0.0280555374799205,-0.0624741678319915,0,3191,1,560,-0.194991400233095,0.0738222002854487,-0.257465568065087,-0.285521105545007
TMS13F1368P0012,-0.0280555374799205,-0.0841261765199877,0,3304,1,634,-0.29392316684725,0.0732597966069118,-0.378049343367238,-0.406104880847158
TMS13F1368P0016,-0.0280555374799205,-0.0639483233954175,0,3192,1,561,-0.269738602907163,0.0743789447767123,-0.33368692630258,-0.361742463782501
TMS13F1375P0003,-0.0280555374799205,-0.0265084103691585,0,3193,1,562,-0.131839671425477,0.0754720120880472,-0.158348081794635,-0.186403619274556
TMS13F1376P0018,-0.0280555374799205,0.284512594835017,0,3462,1,673,-0.50926123102153,0.0737168099068109,-0.224748636186513,-0.252804173666433
TMS13F1377P0003,-0.0280555374799205,0.074141869521293,0,3194,1,563,-0.277232140606665,0.0785883576807453,-0.203090271085372,-0.231145808565293
TMS13F1377P0006,-0.0280555374799205,0.0657896978927173,0,3195,1,564,-0.315924198759854,0.0872509840718361,-0.250134500867136,-0.278190038347057
TMS13F1377P0009,-0.0280555374799205,0.0471820172157578,0,3196,1,565,-0.194134080491448,0.0752580538968516,-0.14695206327569,-0.17500760075561
TMS13F1377P0012,-0.0280555374799205,0.0913652627318127,0,3197,1,566,-0.217863457411747,0.0837526636506004,-0.126498194679935,-0.154553732159855
TMS13F1377P0017,-0.0280555374799205,0.0357920071904155,0,3308,1,635,-0.152716837644447,0.0788488006403705,-0.116924830454031,-0.144980367933952
TMS13F1377P0018,-0.0280555374799205,0.0225441294805636,0,3198,1,567,-0.459259936698165,0.120278074586081,-0.436715807217602,-0.464771344697522
TMS13F1377P0020,-0.0280555374799205,0.0506561871176803,0,3309,1,636,0.0403320634275623,0.0843610454357892,0.0909882505452426,0.0629327130653222
TMS13F1378P0005,-0.0280555374799205,0.0791751960409463,0,3310,1,637,0.0551390818742659,0.0817281842288366,0.134314277915212,0.106258740435292
TMS13F1378P0006,-0.0280555374799205,0.0842774823724094,0,3199,1,568,0.15329398757291,0.0692812232711879,0.237571469945319,0.209515932465399
TMS13F1381P0003,-0.0280555374799205,0.0664329394986451,0,3200,1,569,-0.170529799999448,0.110187107294536,-0.104096860500802,-0.132152397980723
TMS13F1383P0003,-0.0280555374799205,0.0221550947754499,0,3201,1,570,-0.0134645805068624,0.0699577020422647,0.00869051426858746,-0.019365023211333
TMS13F1383P0009,-0.0280555374799205,0.0370001538738358,0,3203,1,571,0.0580210608991844,0.0681095186619345,0.0950212147730202,0.0669656772930997
TMS13F1383P0012,-0.0280555374799205,-0.0208846699722142,0,3204,1,572,-0.170940294575915,0.0689490357037604,-0.191824964548129,-0.21988050202805
TMS13F1387P0002,-0.0280555374799205,0.06207569671525,0,3205,1,573,0.124681140290295,0.0729278299857841,0.186756837005545,0.158701299525624
TMS13F1391P0012,-0.0280555374799205,0.0502416207058305,0,3206,1,574,0.117844617343731,0.069970732031106,0.168086238049561,0.140030700569641
TMS13F1391P0015,-0.0280555374799205,0.0897476072860614,0,3207,1,575,-0.0765494079502626,0.0715670142064529,0.0131981993357989,-0.0148573381441216
TMS13F1391P0026,-0.0280555374799205,0.079181797949672,0,3316,1,638,-0.228753729569357,0.0735346924361018,-0.149571931619685,-0.177627469099605
TMS13F1391P0027,-0.0280555374799205,0.0584868013328701,0,3208,1,576,-0.261829872256013,0.0676773906853206,-0.203343070923143,-0.231398608403063
TMS13F1391P0036,-0.0280555374799205,0.0715145286051693,0,3209,1,577,-0.0628303580199876,0.0699226456670565,0.00868417058518166,-0.0193713668947388
TMS13F1395P0002,-0.0280555374799205,-0.0387030375687624,0,3210,1,578,0.0390784362987493,0.0688382295531739,0.000375398729986876,-0.0276801387499336
TMS13F1395P0004,-0.0280555374799205,0.0828779575363142,0,3320,1,639,-0.179106930969234,0.0700367869674881,-0.0962289734329195,-0.12428451091284
TMS13F1400P0001,-0.0280555374799205,0.0930332713369855,0,3463,1,674,0.459184638347366,0.072714248536138,0.552217909684352,0.524162372204431
TMS13F1401P0009,-0.0280555374799205,-0.0783435562023522,0,3323,1,640,-0.136626357559786,0.0821987117661703,-0.214969913762139,-0.243025451242059
TMS13F1401P0013,-0.0280555374799205,-0.0322274673500629,0,3213,1,579,-0.238291353435984,0.0803548708138131,-0.270518820786047,-0.298574358265968
TMS13F1401P0016,-0.0280555374799205,-0.113219650300304,0,3214,1,580,0.0580347944123985,0.0794527375029568,-0.0551848558879054,-0.0832403933678259
TMS13F1401P0018,-0.0280555374799205,-0.0988979490590684,0,3325,1,641,-0.107570879456318,0.0765067929996255,-0.206468828515387,-0.234524365995307
TMS13F1401P0019,-0.0280555374799205,-0.0902039011013226,0,3215,1,581,0.0562358988708494,0.0917958126226023,-0.0339680022304732,-0.0620235397103936
TMS13F1414P0009,-0.0280555374799205,-0.000770780775915206,0,3464,1,675,0.01772662085008,0.0727451379788151,0.0169558400741648,-0.0110996974057557
TMS13F1420P0001,-0.0280555374799205,-0.0284809590916224,0,3216,1,582,-0.402125653013683,0.0706711556073226,-0.430606612105305,-0.458662149585225
TMS13F1420P0003,-0.0280555374799205,0.0715388806595958,0,3326,1,642,-0.475395967753195,0.0682335023050084,-0.4038570870936,-0.43191262457352
TMS13F1420P0004,-0.0280555374799205,0.0833447608007172,0,3217,1,583,-0.192061736884265,0.0873196424638826,-0.108716976083547,-0.136772513563468
TMS13F1420P0007,-0.0280555374799205,0.031674886800336,0,3218,1,584,-0.658751704382054,0.0717572189594413,-0.627076817581718,-0.655132355061638
TMS13F1420P0010,-0.0280555374799205,0.0814332516661255,0,3219,1,585,-0.304818159286765,0.0745053084146085,-0.22338490762064,-0.25144044510056
TMS13F1420P0012,-0.0280555374799205,0.0640699904619307,0,3327,1,643,-0.494304569993814,0.0688542970974993,-0.430234579531883,-0.458290117011804
TMS13F1423P0002,-0.0280555374799205,0.0884078600452597,0,3328,1,644,0.0712677025368831,0.0766464397505982,0.159675562582143,0.131620025102222
TMS13F1423P0006,-0.0280555374799205,0.0476579067484329,0,3220,1,586,0.10824857783492,0.0740855044359328,0.155906484583352,0.127850947103432
TMS13F1423P0008,-0.0280555374799205,-0.0273024088997611,0,3329,1,645,-0.119599991417156,0.0804606481943057,-0.146902400316917,-0.174957937796838
TMS13F1436P0003,-0.0280555374799205,-0.0551350684153803,0,3221,1,587,-0.0670680251322976,0.0866856920166018,-0.122203093547678,-0.150258631027598
TMS13F1436P0009,-0.0280555374799205,0.0164230546433046,0,3222,1,588,0.11689597518041,0.0683561510033239,0.133319029823714,0.105263492343794
TMS13F1436P0011,-0.0280555374799205,-0.0873890711517717,0,3330,1,646,0.20611609698393,0.073458621694838,0.118727025832158,0.090671488352238
TMS13F1439P0001,-0.0280555374799205,-0.0422584157226465,0,3331,1,647,0.485745178951408,0.0680993949255894,0.443486763228761,0.415431225748841
TMS13F1439P0002,-0.0280555374799205,-0.0721809449721888,0,3223,1,589,0.145078877117373,0.0676877628557524,0.072897932145184,0.0448423946652636
TMS13F1439P0004,-0.0280555374799205,-0.106355687714747,0,3367,1,661,0.0103140601435908,0.0723008974109658,-0.0960416275711567,-0.124097165051077
TMS13F1439P0005,-0.0280555374799205,-0.0835799688830863,0,3224,1,590,0.330396619320198,0.0727802819346041,0.246816650437111,0.218761112957191
TMS13F1439P0011,-0.0280555374799205,-0.0589593915375511,0,3225,1,591,0.0841946859022224,0.0680325629042348,0.0252352943646713,-0.00282024311524916
TMS13F1446P0001,-0.0280555374799205,-0.10844187055019,0,3226,1,592,0.247912136660699,0.0744096059964154,0.139470266110509,0.111414728630589
TMS13F1446P0004,-0.0280555374799205,-0.0584693386906373,0,3227,1,593,0.403529572899272,0.0753030709357127,0.345060234208635,0.317004696728714
TMS13F1446P0013,-0.0280555374799205,-0.0350102706085175,0,3228,1,594,0.412383383947775,0.0778817931370518,0.377373113339258,0.349317575859337
TMS13F1449P0009,-0.0280555374799205,-0.00152169294137073,0,3229,1,595,0.118834627749175,0.0745919160057185,0.117312934807804,0.0892573973278835
TMS13F1452P0009,-0.0280555374799205,0.101599117669298,0,3230,1,596,0.395766690096378,0.0736809854409617,0.497365807765676,0.469310270285756
TMS13F1455P0002,-0.0280555374799205,-0.0951402320278913,0,3231,1,597,0.191569424463663,0.0755368568012051,0.0964291924357713,0.0683736549558509
TMS13F1455P0004,-0.0280555374799205,-0.0678444324248852,0,3332,1,648,0.367777214496994,0.0694890797656894,0.299932782072108,0.271877244592188
TMS13F1461P0002,-0.0280555374799205,-0.0775661042809343,0,3469,1,676,0.0681143318654971,0.0657621788831407,-0.00945177241543722,-0.0375073098953577
TMS13F1466P0001,-0.0280555374799205,-0.157090555834496,0,3232,1,598,-0.413967197284067,0.0818021615738227,-0.571057753118563,-0.599113290598484
TMS13F1467P0001,-0.0280555374799205,-0.101061667112685,0,3233,1,599,-0.0324698969627804,0.0728162487686526,-0.133531564075466,-0.161587101555386
TMS13F2005P0009,-0.0280555374799205,0.0864014537998368,0,3235,1,600,-0.47701374763,0.0810864553338868,-0.390612293830164,-0.418667831310084
TMS13F2061P0005,-0.0280555374799205,-0.0245076428969408,0,3478,1,677,0.404009222770288,0.0708778734911501,0.379501579873347,0.351446042393427
TMS13F2077P0001,-0.0280555374799205,0.0434086942416313,0,3236,1,601,-0.0102672421334529,0.075653900152346,0.0331414521081785,0.00508591462825802
TMS13F2077P0021,-0.0280555374799205,0.0647830957500138,0,3096,1,491,0.425765948872008,0.0762485046181025,0.490549044622021,0.462493507142101
TMS13F2077P0043,-0.0280555374799205,0.00318448619187947,0,3095,1,490,0.191552280550994,0.0780467074170557,0.194736766742874,0.166681229262953
TMS13F2101P0001,-0.0280555374799205,-0.049146974133266,0,3341,1,649,-0.271016485599579,0.0738418326277944,-0.320163459732845,-0.348218997212765
TMS13F2101P0002,-0.0280555374799205,-0.12488624516161,0,3237,1,602,0.00832243334710292,0.0746004781330079,-0.116563811814507,-0.144619349294428
TMS13F2101P0008,-0.0280555374799205,-0.066739722547671,0,3238,1,603,-0.281017607076937,0.0714013020455091,-0.347757329624608,-0.375812867104528
TMS13F2101P0014,-0.0280555374799205,-0.153701683402756,0,3239,1,604,-0.143046209962699,0.112195869890329,-0.296747893365456,-0.324803430845376
TMS13F2110P0002,-0.0280555374799205,0.0206752421600937,0,3240,1,605,-0.551586096898984,0.0661529949459068,-0.53091085473889,-0.558966392218811
TMS13F2110P0005,-0.0280555374799205,-0.0315041807204338,0,3241,1,606,-0.56475003731843,0.0659659927307713,-0.596254218038864,-0.624309755518784
TMS13F2110P0008,-0.0280555374799205,0.0225248956150615,0,3242,1,607,-0.32618310910598,0.0622676678649422,-0.303658213490919,-0.331713750970839
TMS13F2110P0011,-0.0280555374799205,0.0217664901723724,0,3243,1,608,-0.0198145618170713,0.0681000108846942,0.00195192835530109,-0.0261036091246194
TMS13F2110P0013,-0.0280555374799205,0.0589733326233965,0,3346,1,650,-0.507913415029652,0.0670809255328054,-0.448940082406256,-0.476995619886176
TMS13F2110P0017,-0.0280555374799205,0.0216600148437154,0,3244,1,609,-0.384195655258107,0.0694840478813121,-0.362535640414391,-0.390591177894312
TMS13F2207P0001,-0.0280555374799205,-0.0450612756130943,0,3484,1,678,0.0925191838134194,0.0799874009856035,0.0474579082003252,0.0194023707204047
TMS14F1001P0004,-0.0280555374799205,0.0451679532774146,0,3389,1,664,0.360434217839772,0.0732754229786389,0.405602171117186,0.377546633637266
TMS14F1012P0008,-0.0280555374799205,0.0251683054418445,0,3408,1,665,-0.144766974164324,0.0745815102056141,-0.119598668722479,-0.147654206202399
TMS14F1013P0007,-0.0280555374799205,0.102954670726343,0,3416,1,666,0.309983275358789,0.0776366828611247,0.412937946085132,0.384882408605211
TMS14F1014P0016,-0.0280555374799205,0.0925146141272189,0,3425,1,667,0.100997688135005,0.0728384508816022,0.193512302262224,0.165456764782303
TMS14F1014P0017,-0.0280555374799205,0.115388330096017,0,3426,1,668,0.128181831857402,0.076684146235637,0.243570161953419,0.215514624473498
TMS14F1016P0006,-0.0280555374799205,0.0719422526165632,0,3429,1,669,-0.0515457541088249,0.0637582166974971,0.0203964985077383,-0.00765903897218215
TMS14F1019P0015,-0.0280555374799205,0.0781863469475293,0,3381,1,663,0.0227727506088473,0.0726925102346452,0.100959097556377,0.0729035600764562
TMS14F1022P0003,-0.0280555374799205,0.058583204668673,0,3372,1,662,0.0635581058985876,0.074715088929046,0.122141310567261,0.0940857730873401
TMS14F1022P0006,-0.0280555374799205,0.0531668739750016,0,3485,1,679,0.121415990069547,0.0704649417569983,0.174582864044549,0.146527326564628
TMS14F1035P0004,-0.0280555374799205,-0.042836726147236,0,3525,1,680,0.368020718659121,0.0711414625495759,0.325183992511885,0.297128455031965
TMS14F1035P0007,-0.0280555374799205,0.0455807361321747,0,3527,1,681,0.0201829675223323,0.0776619963297497,0.0657637036545071,0.0377081661745866
TMS14F1035P0008,-0.0280555374799205,-0.0505158440576517,0,3528,1,682,-0.17407547341249,0.0833401121576424,-0.224591317470142,-0.252646854950063
TMS14F1036P0004,-0.0280555374799205,0.0454010934248807,0,3532,1,683,-0.0307454697043739,0.0746419888051617,0.0146556237205068,-0.0133999137594136
TMS14F1036P0007,-0.0280555374799205,0.0302261638972894,0,3534,1,684,0.202441466898981,0.07480421572721,0.232667630796271,0.20461209331635
TMS14F1042P0001,-0.0280555374799205,0.0480436685927796,0,3544,1,685,0.0406792689968832,0.0750765537918851,0.0887229375896628,0.0606674001097424
TMS14F1042P0010,-0.0280555374799205,0.0203938227866281,0,3548,1,686,-0.100141850837113,0.0707409462331218,-0.0797480280504851,-0.107803565530406
TMS14F1049P0001,-0.0280555374799205,0.0368513426636287,0,3559,1,687,-0.0441121876152313,0.0695992368564572,-0.0072608449516026,-0.0353163824315231
TMS14F1062P0002,-0.0280555374799205,0.102097146657462,0,3601,1,688,0.161342471580659,0.0732795446569051,0.26343961823812,0.2353840807582
TMS14F1098P0013,-0.0280555374799205,-0.0760585003806226,0,3728,1,689,0.252329277008977,0.0757761800626501,0.176270776628354,0.148215239148434
TMS14F1120P0003,-0.0280555374799205,-0.0315357900967397,0,3787,1,690,0.0501798080479121,0.0700999289945509,0.0186440179511724,-0.00941151952874803
TMS14F1125P0010,-0.0280555374799205,-0.0276941374852834,0,3802,1,691,0.325240771097308,0.0720395000296156,0.297546633612025,0.269491096132104
TMS14F1131P0001,-0.0280555374799205,-0.0730911994033036,0,3816,1,692,0.0224281836763417,0.0728636306886163,-0.0506630157269619,-0.0787185532068824
TMS14F1146P0002,-0.0280555374799205,0.085345100809849,0,3860,1,693,0.024240949347685,0.0789852669462937,0.109586050157534,0.0815305126776135
TMS14F1159P0003,-0.0280555374799205,-0.130877570347799,0,3891,1,694,0.451254323184073,0.0732697023111889,0.320376752836274,0.292321215356354
TMS14F1171P0013,-0.0280555374799205,-0.0338476706535824,0,3934,1,695,0.244467373659125,0.0693872615420155,0.210619703005543,0.182564165525623
TMS14F1194P0002,-0.0280555374799205,0.00161113332211883,0,3985,1,696,-0.396726742398345,0.0759577591933418,-0.395115609076227,-0.423171146556147
TMS14F1195P0004,-0.0280555374799205,0.124213786166564,0,3988,1,697,0.218983461950478,0.0781761543749147,0.343197248117042,0.315141710637121
TMS14F1195P0005,-0.0280555374799205,0.0747081834189203,0,3989,1,698,0.215116546813867,0.0745557165139335,0.289824730232787,0.261769192752867
TMS14F1196P0003,-0.0280555374799205,0.0429717811800576,0,3997,1,699,0.0340606369616558,0.0689320768813812,0.0770324181417134,0.0489768806617929
TMS14F1201P0003,-0.0280555374799205,0.00300412703466539,0,4010,1,700,-0.0268653135558727,0.0626555976050212,-0.0238611865212073,-0.0519167240011278
TMS14F1208P0003,-0.0280555374799205,0.000854859766067813,0,4029,1,701,0.365773297086875,0.0746523692805061,0.366628156852943,0.338572619373023
TMS14F1208P0007,-0.0280555374799205,0.0320116008330156,0,4031,1,702,0.182049788764539,0.0735391929376936,0.214061389597555,0.186005852117635
TMS14F1223P0007,-0.0280555374799205,0.0913352512243161,0,4418,1,733,0.141116842745938,0.0724232796548155,0.232452093970254,0.204396556490334
TMS14F1224P0004,-0.0280555374799205,0.0899083816767741,0,4424,1,734,0.206407335839549,0.0726974002877517,0.296315717516323,0.268260180036403
TMS14F1255P0005,-0.0280555374799205,-0.0309083065008476,0,4511,1,735,0.184047777717,0.0691748655001445,0.153139471216152,0.125083933736232
TMS14F1262P0002,-0.0280555374799205,0.079800308099648,0,4536,1,736,0.216534244096166,0.0728018378875859,0.296334552195814,0.268279014715893
TMS14F1278P0003,-0.0280555374799205,-0.0472020984515734,0,4601,1,737,0.144697513081412,0.0736931596218448,0.0974954146298387,0.0694398771499182
TMS14F1283P0008,-0.0280555374799205,-0.0907281923752897,0,4238,1,716,-0.084238119717249,0.070370719912748,-0.174966312092539,-0.203021849572459
TMS14F1283P0017,-0.0280555374799205,-0.0519544765082494,0,4241,1,717,-0.0325844362060853,0.0718041757106011,-0.0845389127143347,-0.112594450194255
TMS14F1284P0001,-0.0280555374799205,-0.13736386734039,0,4242,1,718,0.0794843497734725,0.0569265675249638,-0.057879517566917,-0.0859350550468375
TMS14F1284P0008,-0.0280555374799205,-0.044441489156899,0,4247,1,719,-0.338310303655761,0.0707184558403976,-0.38275179281266,-0.410807330292581
TMS14F1284P0010,-0.0280555374799205,-0.0989695964513556,0,4249,1,720,-0.387496445579963,0.0683743348057878,-0.486466042031319,-0.514521579511239
TMS14F1284P0019,-0.0280555374799205,-0.100944729484342,0,4254,1,721,0.0898025057723833,0.0691046374062072,-0.0111422237119583,-0.0391977611918788
TMS14F1285P0006,-0.0280555374799205,-0.0872890121479932,0,4296,1,723,-0.324551407155106,0.0705205949996038,-0.411840419303099,-0.439895956783019
TMS14F1285P0017,-0.0280555374799205,-0.130803660946602,0,4064,1,705,-0.319083894821043,0.069983230780491,-0.449887555767645,-0.477943093247565
TMS14F1287P0008,-0.0280555374799205,0.0239243154335714,0,4363,1,729,-0.465287754294818,0.07164450928659,-0.441363438861247,-0.469418976341167
TMS14F1288P0001,-0.0280555374799205,-0.0704014735202673,0,4113,1,708,-0.191542286521715,0.0709785585615582,-0.261943760041982,-0.289999297521902
TMS14F1288P0008,-0.0280555374799205,0.0444778358372065,0,4117,1,709,-0.11075202121897,0.0788458688114453,-0.0662741853817635,-0.0943297228616839
TMS14F1291P0003,-0.0280555374799205,-0.0731810401246483,0,4305,1,724,-0.451514364283125,0.0666601353359409,-0.524695404407774,-0.552750941887694
TMS14F1291P0011,-0.0280555374799205,-0.0619023410030953,0,4311,1,725,-0.163102399706194,0.071962174549972,-0.225004740709289,-0.25306027818921
TMS14F1291P0012,-0.0280555374799205,-0.0312454455527369,0,4312,1,726,-0.244643606829397,0.0716574543239227,-0.275889052382134,-0.303944589862055
TMS14F1292P0012,-0.0280555374799205,0.045347566862235,0,4356,1,728,-0.273267464012913,0.0702638535141631,-0.227919897150678,-0.255975434630598
TMS14F1295P0012,-0.0280555374799205,0.107200538179345,0,4057,1,704,-0.0697285204336338,0.0754237278062425,0.0374720177457114,0.00941648026579094
TMS14F1297P0019,-0.0280555374799205,0.00793954992949528,0,4044,1,703,-0.286457061482239,0.0718787856232759,-0.278517511552744,-0.306573049032664
TMS14F1299P0007,-0.0280555374799205,0.0298605055309964,0,4334,1,727,-0.434191644053716,0.0717095507735132,-0.40433113852272,-0.432386676002641
TMS14F1300P0002,-0.0280555374799205,0.00853114157288724,0,4387,1,731,-0.252818742958518,0.0637960134383639,-0.244287601385631,-0.272343138865551
TMS14F1300P0008,-0.0280555374799205,-0.0218273192839951,0,4391,1,732,-0.0929475905109166,0.075388139658658,-0.114774909794912,-0.142830447274832
TMS14F1301P0004,-0.0280555374799205,-0.0706386092211883,0,4083,1,706,-0.485266872000544,0.0740495892792835,-0.555905481221732,-0.583961018701653
TMS14F1301P0013,-0.0280555374799205,-0.0710713953104097,0,4091,1,707,-0.00960324928885988,0.0730024229123321,-0.0806746445992696,-0.10873018207919
TMS14F1303P0012,-0.0280555374799205,-0.0984936116551819,0,4380,1,730,0.149959306552388,0.073507708550992,0.0514656948972066,0.0234101574172861
TMS14F1306P0008,-0.0280555374799205,0.00914784898421614,0,4178,1,712,-0.318261159521742,0.0749320624762231,-0.309113310537526,-0.337168848017446
TMS14F1306P0015,-0.0280555374799205,0.0185979026953602,0,4183,1,713,-0.451253302480915,0.0706305236073291,-0.432655399785555,-0.460710937265476
TMS14F1306P0020,-0.0280555374799205,0.0107322719326609,0,4186,1,714,-0.318315971468057,0.0658206746388478,-0.307583699535396,-0.335639237015316
TMS14F1310P0004,-0.0280555374799205,0.0228884883249382,0,4165,1,710,-0.21023392733569,0.0761481972111391,-0.187345439010752,-0.215400976490673
TMS14F1310P0015,-0.0280555374799205,-0.0455210241193353,0,4172,1,711,-0.478968642312168,0.073569226987689,-0.524489666431504,-0.552545203911424
TMS14F1311P0002,-0.0280555374799205,-0.0579769861872292,0,4223,1,715,-0.227712390567222,0.0709683590353591,-0.285689376754451,-0.313744914234371
TMS14F1312P0003,-0.0280555374799205,-0.0984636831363307,0,4257,1,722,-0.201278528062043,0.0737437389480823,-0.299742211198374,-0.327797748678294
TMS15F1001P0001,-0.0280555374799205,0.0475998315331207,0,4677,1,770,0.136578356098344,0.0867436739729004,0.184178187631464,0.156122650151544
TMS15F1001P0003,-0.0280555374799205,0.0828480500663743,0,4676,1,769,-0.11241705136266,0.0831102489004097,-0.029569001296286,-0.0576245387762065
TMS15F1003P0006,-0.0280555374799205,0.119040896713369,0,4675,1,768,0.0446304704086861,0.0807922045853448,0.163671367122055,0.135615829642135
TMS15F1004P0012,-0.0280555374799205,0.100294884555305,0,4673,1,767,0.0988169340938287,0.0869802099536163,0.199111818649134,0.171056281169213
TMS15F1011P0005,-0.0280555374799205,-0.0350383850465507,0,4670,1,766,0.0253446799723172,0.0754838491823487,-0.00969370507423349,-0.0377492425541539
TMS15F1012P0001,-0.0280555374799205,-0.063861073194348,0,4669,1,765,-0.254745401536627,0.073211263669677,-0.318606474730975,-0.346662012210895
TMS15F1017P0004,-0.0280555374799205,-0.00368431445893875,0,4667,1,764,-0.0189786730304986,0.0722014982567723,-0.0226629874894374,-0.0507185249693578
TMS15F1017P0011,-0.0280555374799205,0.00905643834234909,0,4666,1,763,-0.124998979107429,0.0722316716932993,-0.115942540765079,-0.143998078245
TMS15F1021P0002,-0.0280555374799205,-0.121320285044984,0,4665,1,762,0.213631587544402,0.0722451780511883,0.0923113024994188,0.0642557650194983
TMS15F1021P0003,-0.0280555374799205,-0.137695930618408,0,4664,1,761,0.224689215164388,0.0728084966629456,0.0869932845459797,0.0589377470660592
TMS15F1021P0009,-0.0280555374799205,-0.0714797497249982,0,4663,1,760,-0.0607958497822824,0.107159404978151,-0.132275599507281,-0.160331136987201
TMS15F1021P0011,-0.0280555374799205,-0.0837177286000977,0,4662,1,759,0.146926686776047,0.0732405277711817,0.0632089581759492,0.0351534206960287
TMS15F1021P0013,-0.0280555374799205,-0.0952447630843213,0,4661,1,758,0.074366137747993,0.0692416296093283,-0.0208786253363283,-0.0489341628162488
TMS15F1021P0028,-0.0280555374799205,-0.069952978969374,0,4659,1,757,0.104316112042472,0.0586987468828574,0.0343631330730979,0.00630759559317741
TMS15F1021P0037,-0.0280555374799205,-0.0816413616410844,0,4658,1,756,0.190115455038174,0.0700270417730478,0.10847409339709,0.0804185559171696
TMS15F1023P0010,-0.0280555374799205,0.0288144208797199,0,4657,1,755,0.283110999040975,0.0716658377517498,0.311925419920695,0.283869882440775
TMS15F1025P0001,-0.0280555374799205,-0.0203423332610855,0,4654,1,754,-0.0775388098689538,0.0670846449663503,-0.0978811431300393,-0.12593668060996
TMS15F1025P0002,-0.0280555374799205,-0.0195752700593489,0,4653,1,753,-0.0389040706962685,0.0693288582933496,-0.0584793407556174,-0.0865348782355379
TMS15F1029P0001,-0.0280555374799205,-0.0242175433691259,0,4652,1,752,0.0458899433066021,0.0897641390885717,0.0216723999374763,-0.0063831375424442
TMS15F1040P0005,-0.0280555374799205,-0.0234689677535923,0,4648,1,751,0.126414642490431,0.0744146035230613,0.102945674736839,0.0748901372569186
TMS15F1051P0007,-0.0280555374799205,0.0587467295998395,0,4647,1,750,0.0547154669658405,0.108492259280516,0.11346219656568,0.0854066590857595
TMS15F1064P0001,-0.0280555374799205,0.0225186197330967,0,4644,1,749,0.181443362819196,0.0735467396043391,0.203961982552293,0.175906445072372
TMS15F1067P0013,-0.0280555374799205,0.0346098512667989,0,4643,1,748,0.0322614415519948,0.0723416869283848,0.0668712928187937,0.0388157553388732
TMS15F1069P0001,-0.0280555374799205,0.0770337493335118,0,4642,1,747,0.0869756158354102,0.10821079714379,0.164009365168922,0.135953827689002
TMS15F1069P0007,-0.0280555374799205,0.0822424871066873,0,4641,1,746,0.0763433351960628,0.0729504339282991,0.15858582230275,0.13053028482283
TMS15F1071P0003,-0.0280555374799205,0.0996278669939037,0,4640,1,745,0.400156048844301,0.0736307073658421,0.499783915838205,0.471728378358285
TMS15F1071P0045,-0.0280555374799205,0.075122980460867,0,4637,1,744,0.515396937965839,0.0718190226430073,0.590519918426706,0.562464380946786
TMS15F1072P0005,-0.0280555374799205,0.0638432812029376,0,4636,1,743,0.319322584976968,0.069415985642148,0.383165866179905,0.355110328699985
TMS15F1072P0009,-0.0280555374799205,0.0422584149506425,0,4635,1,742,0.0944182585124916,0.105350284929086,0.136676673463134,0.108621135983214
TMS15F1072P0018,-0.0280555374799205,0.0447096244048097,0,4632,1,741,0.22385068853834,0.0712416996391481,0.26856031294315,0.240504775463229
TMS15F1072P0027,-0.0280555374799205,0.0773862353337987,0,4631,1,740,0.211143877632228,0.0716987355994878,0.288530112966027,0.260474575486107
TMS15F1073P0003,-0.0280555374799205,0.0534450310052331,0,4630,1,739,0.351298633451565,0.0729594844727718,0.404743664456798,0.376688126976878
TMS15F1073P0005,-0.0280555374799205,0.0190592252134284,0,4629,1,738,0.166345239238592,0.0696360264121611,0.18540446445202,0.1573489269721
TMS15F1075P0012,-0.0280555374799205,-0.00772856182961747,0,5003,1,1010,0.533167745913858,0.0755936435819315,0.52543918408424,0.49738364660432
TMS15F1077P0013,-0.0280555374799205,0.0653690127852498,0,5002,1,1009,0.479725038616741,0.0740098695151356,0.545094051401991,0.517038513922071
TMS15F1079P0008,-0.0280555374799205,0.0268416319176139,0,5001,1,1008,-0.143262896620051,0.0702867907378738,-0.116421264702437,-0.144476802182358
TMS15F1079P0016,-0.0280555374799205,0.0769110961915865,0,5000,1,1007,0.177353798491032,0.0706502638740017,0.254264894682618,0.226209357202698
TMS15F1079P0020,-0.0280555374799205,0.0627478560513334,0,4999,1,1006,0.259407469366067,0.0728735906464126,0.322155325417401,0.29409978793748
TMS15F1079P0025,-0.0280555374799205,0.0402432808171846,0,4998,1,1005,0.101832861071757,0.0698097259432798,0.142076141888942,0.114020604409021
TMS15F1080P0004,-0.0280555374799205,-0.0629417574859891,0,4997,1,1004,0.410822239077595,0.0693233070719491,0.347880481591606,0.319824944111686
TMS15F1081P0002,-0.0280555374799205,0.0419145954563769,0,4994,1,1003,0.273968911886496,0.0703305670481116,0.315883507342873,0.287827969862953
TMS15F1081P0003,-0.0280555374799205,0.0203040848525015,0,4993,1,1002,-0.134276573179178,0.066378132181618,-0.113972488326676,-0.142028025806597
TMS15F1082P0002,-0.0280555374799205,0.0960158206122663,0,4992,1,1001,0.1090883146287,0.0755347327911804,0.205104135240966,0.177048597761046
TMS15F1085P0005,-0.0280555374799205,0.0866599785535738,0,4991,1,1000,-0.0767486259038102,0.0811846877772698,0.00991135264976359,-0.0181441848301569
TMS15F1092P0001,-0.0280555374799205,-0.0368398985706942,0,4990,1,999,0.074928091620996,0.0711612239038956,0.0380881930503018,0.0100326555703814
TMS15F1092P0016,-0.0280555374799205,0.0383970798353161,0,4989,1,998,0.00633786123416057,0.070657951834312,0.0447349410694766,0.0166794035895562
TMS15F1092P0026,-0.0280555374799205,-0.0252215571027717,0,5005,1,1011,-0.06630077629463,0.0750383019846725,-0.0915223333974018,-0.119577870877322
TMS15F1100P0005,-0.0280555374799205,0.00577547980812569,0,4984,1,997,-0.0188842809482645,0.0646543828364499,-0.0131088011401388,-0.0411643386200592
TMS15F1102P0002,-0.0280555374799205,-0.0110852893698116,0,4983,1,996,0.0792265832147511,0.0709611671615723,0.0681412938449395,0.040085756365019
TMS15F1102P0006,-0.0280555374799205,-0.0118503286078363,0,4982,1,995,0.110431323053194,0.0703009102555198,0.0985809944453575,0.0705254569654371
TMS15F1104P0006,-0.0280555374799205,-0.072855347720229,0,4980,1,994,0.0514570783661156,0.0720154995828693,-0.0213982693541134,-0.0494538068340338
TMS15F1105P0002,-0.0280555374799205,-0.00950563481385691,0,4979,1,993,0.0399690675637585,0.0671778962317097,0.0304634327499016,0.00240789526998118
TMS15F1107P0002,-0.0280555374799205,-0.0500573429512413,0,4978,1,992,0.127697067459537,0.0645480922701217,0.0776397245082954,0.0495841870283749
TMS15F1107P0004,-0.0280555374799205,-0.00576326644734929,0,4977,1,991,0.193462127947757,0.0663440283765074,0.187698861500408,0.159643324020488
TMS15F1109P0003,-0.0280555374799205,-0.0466998086680992,0,4976,1,990,0.0143185382705785,0.0669017809074191,-0.0323812703975207,-0.0604368078774412
TMS15F1109P0004,-0.0280555374799205,0.00425010925967238,0,4975,1,989,0.281045643817808,0.0756899049330094,0.28529575307748,0.25724021559756
TMS15F1112P0007,-0.0280555374799205,0.188448576291683,0,4973,1,988,-0.0825471203421753,0.083770902592186,0.105901455949508,0.0778459184695876
TMS15F1117P0001,-0.0280555374799205,-0.00473636544065913,0,4972,1,987,0.153324495053317,0.0707420939224215,0.148588129612658,0.120532592132737
TMS15F1121P0038,-0.0280555374799205,0.0303284653724018,0,4970,1,986,-0.137876536837862,0.0733697628967265,-0.107548071465461,-0.135603608945381
TMS15F1124P0001,-0.0280555374799205,0.021803823837807,0,4969,1,985,-0.172766395101932,0.0662463805559591,-0.150962571264125,-0.179018108744045
TMS15F1126P0007,-0.0280555374799205,-0.00732963198106218,0,4968,1,984,-0.248691330203001,0.071668001848183,-0.256020962184063,-0.284076499663984
TMS15F1126P0008,-0.0280555374799205,-0.0468214930845861,0,4967,1,983,-0.106368889797089,0.0721619148689177,-0.153190382881675,-0.181245920361595
TMS15F1127P0002,-0.0280555374799205,0.110736089692021,0,4966,1,982,-0.0658687207763306,0.0807790357484093,0.0448673689156902,0.0168118314357698
TMS15F1127P0013,-0.0280555374799205,0.0617878904738927,0,4964,1,981,0.101513138517543,0.0760511964560672,0.163301028991435,0.135245491511515
TMS15F1128P0006,-0.0280555374799205,-0.00250134711015892,0,4963,1,980,-0.0719417001748791,0.0719275101896905,-0.074443047285038,-0.102498584764958
TMS15F1129P0009,-0.0280555374799205,-0.0458116017861398,0,4962,1,979,0.0106770678994421,0.0717728730097505,-0.0351345338866977,-0.0631900713666181
TMS15F1130P0012,-0.0280555374799205,0.0477085639987463,0,4959,1,978,-0.00445469476879259,0.067450835428933,0.0432538692299537,0.0151983317500333
TMS15F1132P0001,-0.0280555374799205,-0.000140592264324786,0,4957,1,977,0.331113996537506,0.0671778518696973,0.330973404273182,0.302917866793261
TMS15F1132P0011,-0.0280555374799205,0.00975848740868572,0,4955,1,976,0.298667769968745,0.0683572774816328,0.308426257377431,0.28037071989751
TMS15F1132P0013,-0.0280555374799205,-0.0360882500750885,0,4954,1,975,0.390435802592579,0.0655897705992646,0.35434755251749,0.32629201503757
TMS15F1135P0014,-0.0280555374799205,0.039606473688856,0,4953,1,974,-0.226307629998174,0.0671878080577569,-0.186701156309318,-0.214756693789238
TMS15F1142P0001,-0.0280555374799205,-0.000858720871141479,0,4952,1,973,-0.228714273217008,0.0667636814660635,-0.229572994088149,-0.25762853156807
TMS15F1142P0006,-0.0280555374799205,0.0677413448890704,0,4950,1,972,-0.155935353294812,0.0641255443814909,-0.0881940084057415,-0.116249545885662
TMS15F1142P0008,-0.0280555374799205,0.0243908935026438,0,4949,1,971,0.0642080183249699,0.069600192898855,0.0885989118276137,0.0605433743476933
TMS15F1142P0012,-0.0280555374799205,-0.00307019740380574,0,4948,1,970,-0.00501186812449597,0.0689117637614121,-0.00808206552830171,-0.0361376030082222
TMS15F1143P0001,-0.0280555374799205,0.0819342328491954,0,4947,1,969,-0.175343311862147,0.0713425193276021,-0.0934090790129516,-0.121464616492872
TMS15F1143P0004,-0.0280555374799205,0.134830425431405,0,4946,1,968,-0.32977699298311,0.0705512501662486,-0.194946567551705,-0.223002105031626
TMS15F1144P0006,-0.0280555374799205,0.0762895427841469,0,4944,1,967,0.214303440650451,0.0706916124952557,0.290592983434598,0.262537445954677
TMS15F1145P0002,-0.0280555374799205,-0.0203169279093357,0,4943,1,966,0.0774497139891838,0.0701818401096431,0.0571327860798481,0.0290772485999277
TMS15F1146P0001,-0.0280555374799205,-0.0266822188950088,0,4942,1,965,0.126449063625861,0.0749839931106955,0.0997668447308523,0.0717113072509318
TMS15F1148P0003,-0.0280555374799205,0.018896995711055,0,4940,1,964,0.27854283674883,0.0734288312811005,0.297439832459885,0.269384294979965
TMS15F1153P0009,-0.0280555374799205,0.168589329221404,0,4937,1,963,-0.0150552438879098,0.0720420911409707,0.153534085333494,0.125478547853574
TMS15F1153P0022,-0.0280555374799205,0.10369436882033,0,4935,1,962,0.0891486018339015,0.0745853752915022,0.192842970654232,0.164787433174311
TMS15F1153P0031,-0.0280555374799205,0.133031470834436,0,4934,1,961,-0.0808891542760868,0.074013421806757,0.0521423165583488,0.0240867790784283
TMS15F1154P0001,-0.0280555374799205,-0.00644489448474266,0,4932,1,960,0.470451193713881,0.0685230333924762,0.464006299229138,0.435950761749218
TMS15F1154P0002,-0.0280555374799205,0.0234609205337714,0,4931,1,959,0.317412056451767,0.0677097273065681,0.340872976985538,0.312817439505618
TMS15F1154P0005,-0.0280555374799205,-0.00722889664685501,0,4930,1,958,0.311947423727049,0.0706504016793408,0.304718527080194,0.276662989600273
TMS15F1154P0012,-0.0280555374799205,0.0260074972536597,0,4929,1,957,0.0995943859766758,0.083596684007241,0.125601883230335,0.097546345750415
TMS15F1154P0015,-0.0280555374799205,0.00390696743115409,0,4928,1,956,0.0663615536036316,0.0674968114251543,0.0702685210347857,0.0422129835548653
TMS15F1156P0003,-0.0280555374799205,0.0210657808825315,0,4926,1,955,-0.10543556852027,0.0689302993638679,-0.0843697876377388,-0.112425325117659
TMS15F1156P0005,-0.0280555374799205,0.015066631096306,0,4925,1,954,-0.253266130851804,0.0666195150922358,-0.238199499755498,-0.266255037235418
TMS15F1156P0006,-0.0280555374799205,0.0666247936703709,0,4924,1,953,-0.0452082737932174,0.0675739492997127,0.0214165198771536,-0.0066390176027669
TMS15F1156P0007,-0.0280555374799205,0.093885711274878,0,4923,1,952,-0.235150345181025,0.0703299097424337,-0.141264633906147,-0.169320171386068
TMS15F1156P0014,-0.0280555374799205,0.0144997328760534,0,4922,1,951,-0.051134560697873,0.0876975030279454,-0.0366348278218196,-0.06469036530174
TMS15F1158P0006,-0.0280555374799205,0.0769084783038901,0,4921,1,950,0.199052267661234,0.0882388002809879,0.275960745965124,0.247905208485203
TMS15F1159P0001,-0.0280555374799205,0.0500193735128898,0,4920,1,949,-0.383821041045675,0.0876324106838218,-0.333801667532785,-0.361857205012706
TMS15F1159P0003,-0.0280555374799205,0.0464677962763419,0,4919,1,948,-0.145111321084179,0.0675758551406448,-0.0986435248078372,-0.126699062287758
TMS15F1159P0006,-0.0280555374799205,0.0791305211119872,0,4917,1,947,-0.159238427844285,0.0615881765096181,-0.0801079067322979,-0.108163444212218
TMS15F1160P0005,-0.0280555374799205,-0.00497166241915671,0,4916,1,946,0.0844372612701189,0.0667961002840994,0.0794655988509621,0.0514100613710417
TMS15F1160P0010,-0.0280555374799205,0.0427944927755339,0,4915,1,945,0.159838454207917,0.0637476389961944,0.202632946983451,0.174577409503531
TMS15F1162P0001,-0.0280555374799205,0.0291898694346773,0,4914,1,944,-0.0923719161416845,0.0750003864827637,-0.0631820467070072,-0.0912375841869277
TMS15F1172P0005,-0.0280555374799205,-0.134033130365329,0,4912,1,943,0.492201699384447,0.0756813707280549,0.358168569019118,0.330113031539198
TMS15F1172P0010,-0.0280555374799205,-0.0595886542268281,0,4911,1,942,0.251335777247552,0.0785147013483771,0.191747123020723,0.163691585540803
TMS15F1177P0004,-0.0280555374799205,0.0118861351983793,0,4910,1,941,0.39885311903018,0.066566716884777,0.410739254228559,0.382683716748639
TMS15F1179P0001,-0.0280555374799205,0.0695781454078426,0,4909,1,940,0.418629686568634,0.0751616129186604,0.488207831976476,0.460152294496556
TMS15F1179P0015,-0.0280555374799205,0.0641158055884967,0,4908,1,939,0.511417953908722,0.0754067149178939,0.575533759497219,0.547478222017298
TMS15F1179P0047,-0.0280555374799205,0.0534238673216638,0,4907,1,938,0.332412625466842,0.0739332302239637,0.385836492788506,0.357780955308586
TMS15F1181P0009,-0.0280555374799205,0.0468605666844614,0,4906,1,937,0.351044554878136,0.0769365879611735,0.397905121562598,0.369849584082677
TMS15F1188P0001,-0.0280555374799205,0.0459105405018621,0,4905,1,936,0.218660850283548,0.0762338167391707,0.26457139078541,0.236515853305489
TMS15F1190P0001,-0.0280555374799205,-0.0517344498016151,0,4904,1,935,0.300855496668012,0.0746136370444467,0.249121046866397,0.221065509386476
TMS15F1191P0001,-0.0280555374799205,0.0177832289969728,0,4903,1,934,0.218581243279641,0.0976298701288994,0.236364472276614,0.208308934796693
TMS15F1195P0001,-0.0280555374799205,-0.0171706707152848,0,4901,1,933,0.483145513742369,0.0684706008443506,0.465974843027084,0.437919305547164
TMS15F1195P0006,-0.0280555374799205,-0.0232582889112526,0,4900,1,932,0.121827120820188,0.0682832828727802,0.0985688319089359,0.0705132944290154
TMS15F1195P0009,-0.0280555374799205,0.0117502050222272,0,4899,1,931,0.186141336733837,0.0709923552471616,0.197891541756064,0.169836004276144
TMS15F1196P0010,-0.0280555374799205,-0.013733294497132,0,4897,1,930,0.303397014914604,0.0639011490184695,0.289663720417472,0.261608182937552
TMS15F1196P0012,-0.0280555374799205,0.00447156565037275,0,4896,1,929,0.539273881671672,0.0708872597127472,0.543745447322045,0.515689909842125
TMS15F1196P0016,-0.0280555374799205,0.0320085301030491,0,4895,1,928,0.102043792342556,0.0750820438392261,0.134052322445606,0.105996784965685
TMS15F1197P0006,-0.0280555374799205,0.0922203030173423,0,4894,1,927,0.278424006485452,0.0739203012528294,0.370644309502794,0.342588772022874
TMS15F1197P0022,-0.0280555374799205,0.0187651411149817,0,4893,1,926,0.205523737146305,0.100797949002642,0.224288878261287,0.196233340781366
TMS15F1199P0007,-0.0280555374799205,0.0774632445570264,0,4892,1,925,0.559749594879733,0.0772383478830207,0.63721283943676,0.609157301956839
TMS15F1201P0009,-0.0280555374799205,-0.037648263083181,0,4891,1,924,0.570493764491361,0.108084544278955,0.53284550140818,0.504789963928259
TMS15F1204P0005,-0.0280555374799205,-0.00544298267780424,0,4890,1,923,0.40241541570704,0.0785766727399757,0.396972433029236,0.368916895549316
TMS15F1212P0001,-0.0280555374799205,-0.122405077521439,0,4887,1,922,0.185274016826642,0.079145660320798,0.0628689393052025,0.0348134018252821
TMS15F1213P0001,-0.0280555374799205,-0.0598474830410292,0,4885,1,921,0.272266568533063,0.0754623170654467,0.212419085492033,0.184363548012113
TMS15F1214P0002,-0.0280555374799205,-0.0711547170092699,0,4884,1,920,0.14727206240786,0.104620415113272,0.0761173453985897,0.0480618079186693
TMS15F1215P0002,-0.0280555374799205,-0.0156504258483716,0,4883,1,919,-0.0165765621088042,0.0986858762268687,-0.0322269879571757,-0.0602825254370962
TMS15F1218P0001,-0.0280555374799205,0.0295238592521627,0,4882,1,918,0.0871435527242111,0.0758843068835622,0.116667411976374,0.0886118744964534
TMS15F1221P0002,-0.0280555374799205,0.00884353516925196,0,4880,1,917,0.14457740757157,0.106232836158906,0.153420942740822,0.125365405260901
TMS15F1224P0005,-0.0280555374799205,-0.0109531752015423,0,4878,1,916,0.273425347411027,0.07252889390506,0.262472172209484,0.234416634729564
TMS15F1225P0004,-0.0280555374799205,-0.0644215240315603,0,4877,1,915,0.505607705360772,0.0969737416781008,0.441186181329212,0.413130643849291
TMS15F1228P0006,-0.0280555374799205,-0.109921026710354,0,4876,1,914,0.239083792738927,0.0790981546963947,0.129162766028573,0.101107228548653
TMS15F1228P0011,-0.0280555374799205,-0.167197491902848,0,4875,1,913,0.338159846515011,0.0795325948177856,0.170962354612162,0.142906817132242
TMS15F1229P0015,-0.0280555374799205,0.00154063424682047,0,4874,1,912,0.0142248021184356,0.0845882793725212,0.015765436365256,-0.0122901011146644
TMS15F1230P0005,-0.0280555374799205,0.0115238199362878,0,4873,1,911,0.292279219172478,0.0717027508884489,0.303803039108766,0.275747501628845
TMS15F1230P0006,-0.0280555374799205,-0.0953828301657962,0,4872,1,910,0.254552515392472,0.0754726566439785,0.159169685226676,0.131114147746755
TMS15F1230P0021,-0.0280555374799205,-0.0221828864935178,0,4871,1,909,0.50987095478217,0.0717105712099277,0.487688068288652,0.459632530808732
TMS15F1234P0001,-0.0280555374799205,-0.00879910352339603,0,4869,1,908,0.40963119296312,0.0658603931792854,0.400832089439724,0.372776551959803
TMS15F1236P0001,-0.0280555374799205,-0.0924340289608688,0,4868,1,907,-0.0496623847737213,0.0781219623554962,-0.14209641373459,-0.170151951214511
TMS15F1236P0005,-0.0280555374799205,-0.111784204044749,0,4867,1,906,0.255971974624347,0.0745883531849761,0.144187770579598,0.116132233099678
TMS15F1236P0007,-0.0280555374799205,-0.185182692369886,0,4866,1,905,0.442010041481826,0.0757943865620445,0.256827349111941,0.22877181163202
TMS15F1240P0003,-0.0280555374799205,0.0244655522693767,0,4865,1,904,-0.00861930802399444,0.0772358242828279,0.0158462442453823,-0.0122092932345381
TMS15F1241P0005,-0.0280555374799205,-0.216653432998816,0,4864,1,903,0.410539026241451,0.0910285987793496,0.193885593242635,0.165830055762715
TMS15F1242P0002,-0.0280555374799205,0.013194310120065,0,4863,1,902,0.342821123274963,0.07012994243851,0.356015433395028,0.327959895915107
TMS15F1244P0004,-0.0280555374799205,-0.126278732532659,0,4859,1,901,0.436748350618524,0.0966978895734224,0.310469618085864,0.282414080605944
TMS15F1244P0005,-0.0280555374799205,-0.105282827053829,0,4858,1,900,-0.083713593883034,0.0721356907642719,-0.188996420936863,-0.217051958416784
TMS15F1244P0010,-0.0280555374799205,-0.0946510295040071,0,4857,1,899,0.0919697623139253,0.0951030630527998,-0.00268126719008174,-0.0307368046700022
TMS15F1244P0013,-0.0280555374799205,-0.0834958027247436,0,4856,1,898,0.161878800802657,0.0736358814393832,0.0783829980779131,0.0503274605979927
TMS15F1245P0009,-0.0280555374799205,-0.0945444530967895,0,4855,1,897,0.468504009340982,0.0740045873574036,0.373959556244192,0.345904018764272
TMS15F1245P0018,-0.0280555374799205,-0.0781695473150116,0,4854,1,896,0.250224178290711,0.070320897822036,0.172054630975699,0.143999093495779
TMS15F1251P0001,-0.0280555374799205,-0.0865008304016596,0,4852,1,895,0.348169148248803,0.0717099527616903,0.261668317847144,0.233612780367223
TMS15F1253P0003,-0.0280555374799205,-0.0675738693640203,0,4851,1,894,0.166620547915214,0.0753560290219511,0.0990466785511934,0.0709911410712729
TMS15F1253P0006,-0.0280555374799205,-0.0402441112503883,0,4850,1,893,0.27846728421582,0.074737279137241,0.238223172965431,0.210167635485511
TMS15F1254P0006,-0.0280555374799205,-0.0925980590112928,0,4849,1,892,0.145243181066083,0.0702517347591098,0.0526451220547902,0.0245895845748697
TMS15F1256P0011,-0.0280555374799205,0.00126424872038367,0,4848,1,891,0.260640406222951,0.0731399307318344,0.261904654943335,0.233849117463414
TMS15F1257P0001,-0.0280555374799205,-0.0847377172246311,0,4847,1,890,-0.0793283646378389,0.109451620303163,-0.16406608186247,-0.19212161934239
TMS15F1257P0005,-0.0280555374799205,-0.0476174369226136,0,4846,1,889,-0.0578275897585805,0.0744194576293472,-0.105445026681194,-0.133500564161115
TMS15F1259P0003,-0.0280555374799205,0.032293867397347,0,4845,1,888,0.367502803828261,0.0714023683483473,0.399796671225608,0.371741133745688
TMS15F1259P0005,-0.0280555374799205,0.0157736491412911,0,4844,1,887,0.363248493531958,0.072474027579625,0.379022142673249,0.350966605193329
TMS15F1260P0001,-0.0280555374799205,0.0162441122968923,0,4843,1,886,0.334519049097662,0.0703654305980656,0.350763161394554,0.322707623914633
TMS15F1266P0009,-0.0280555374799205,0.00741035924659773,0,4842,1,885,-0.059463884587429,0.0712026217695034,-0.0520535253408313,-0.0801090628207518
TMS15F1269P0004,-0.0280555374799205,0.100485335492373,0,4841,1,884,-0.232225145333256,0.0700395323940724,-0.131739809840883,-0.159795347320803
TMS15F1271P0002,-0.0280555374799205,0.0695257895855959,0,4838,1,883,-0.217072803104648,0.0737812575727858,-0.147547013519052,-0.175602550998972
TMS15F1276P0003,-0.0280555374799205,0.0156859886074701,0,4836,1,882,0.357207987640929,0.0631785702947023,0.372893976248399,0.344838438768479
TMS15F1276P0004,-0.0280555374799205,-0.0563168951612018,0,4835,1,881,0.387451307685237,0.0688478485787416,0.331134412524035,0.303078875044114
TMS15F1279P0001,-0.0280555374799205,-0.0156137367198597,0,4834,1,880,0.3298427851553,0.0674632033575561,0.314229048435441,0.28617351095552
TMS15F1279P0006,-0.0280555374799205,-0.0256747258598883,0,4833,1,879,0.281998353408711,0.0676228653332159,0.256323627548823,0.228268090068902
TMS15F1284P0001,-0.0280555374799205,-0.0599864166408511,0,4831,1,878,-0.0467239098913804,0.0707084522373607,-0.106710326532232,-0.134765864012152
TMS15F1286P0011,-0.0280555374799205,-0.03027283753036,0,4829,1,877,0.194198187506763,0.0703454285888904,0.163925349976403,0.135869812496483
TMS15F1286P0012,-0.0280555374799205,0.100894188928537,0,4828,1,876,-0.110228669937018,0.0798658808081175,-0.00933448100848033,-0.0373900184884008
TMS15F1288P0002,-0.0280555374799205,-0.0505622948789198,0,4827,1,875,0.157517333796577,0.0756672240518581,0.106955038917657,0.0788995014377369
TMS15F1290P0005,-0.0280555374799205,-0.0325790294591413,0,4826,1,874,-0.182639841004839,0.0785382159804452,-0.21521887046398,-0.243274407943901
TMS15F1290P0009,-0.0280555374799205,0.0027840442456151,0,4825,1,873,-0.292077153739882,0.0718089779640255,-0.289293109494267,-0.317348646974187
TMS15F1294P0001,-0.0280555374799205,0.0598094476793495,0,4823,1,872,0.0246921321847635,0.0706729522962009,0.084501579864113,0.0564460423841926
TMS15F1295P0001,-0.0280555374799205,0.0839426242823137,0,4822,1,871,-0.00592822403392796,0.0687122466466273,0.0780144002483857,0.0499588627684653
TMS15F1295P0004,-0.0280555374799205,0.0666909764893297,0,4821,1,870,-0.0508174236696144,0.0704680774918573,0.0158735528197152,-0.0121819846602052
TMS15F1295P0009,-0.0280555374799205,0.119694795491847,0,4820,1,869,-0.29323779471866,0.0756129932654124,-0.173542999226813,-0.201598536706733
TMS15F1295P0017,-0.0280555374799205,0.109987844162562,0,4819,1,868,-0.347308630289005,0.0714519171183474,-0.237320786126443,-0.265376323606363
TMS15F1296P0003,-0.0280555374799205,0.0822548883318884,0,4818,1,867,0.124191729136063,0.0726647223986741,0.206446617467951,0.178391079988031
TMS15F1298P0001,-0.0280555374799205,0.0752462490706286,0,4817,1,866,-0.121947703768124,0.0715034891714125,-0.0467014546974951,-0.0747569921774155
TMS15F1298P0003,-0.0280555374799205,0.0870702998212965,0,4816,1,865,-0.249584542347562,0.0755186673774642,-0.162514242526265,-0.190569780006186
TMS15F1300P0002,-0.0280555374799205,0.0919207508710422,0,4815,1,864,0.23785179460269,0.0672284487691821,0.329772545473732,0.301717007993812
TMS15F1301P0002,-0.0280555374799205,0.00832064489437508,0,4814,1,863,0.0164268230317265,0.074486537049215,0.0247474679261016,-0.00330806955381884
TMS15F1302P0018,-0.0280555374799205,0.0357365056432752,0,4813,1,862,-0.146510590598936,0.070937451037594,-0.110774084955661,-0.138829622435581
TMS15F1302P0020,-0.0280555374799205,0.0321531138795262,0,4812,1,861,-0.28618111349053,0.0700187849795792,-0.254027999611004,-0.282083537090925
TMS15F1302P0027,-0.0280555374799205,0.0800968785332811,0,4811,1,860,-0.0549637943076541,0.0743214069097541,0.0251330842256271,-0.0029224532542934
TMS15F1303P0005,-0.0280555374799205,0.030017082525689,0,4810,1,859,0.476256718070928,0.0717527493683409,0.506273800596617,0.478218263116696
TMS15F1305P0002,-0.0280555374799205,0.0405495445343651,0,4808,1,858,-0.126273740285037,0.0713748688637057,-0.0857241957506724,-0.113779733230593
TMS15F1305P0012,-0.0280555374799205,0.00598963021334247,0,4806,1,857,0.376107926210248,0.0692464736629873,0.382097556423591,0.35404201894367
TMS15F1305P0013,-0.0280555374799205,0.0729961645078631,0,4805,1,856,-0.178561501928302,0.0710035179342338,-0.105565337420439,-0.133620874900359
TMS15F1305P0021,-0.0280555374799205,0.109962118183027,0,4803,1,855,-0.201193091682044,0.0714283392613003,-0.0912309734990173,-0.119286510978938
TMS15F1307P0003,-0.0280555374799205,0.129847965560523,0,4801,1,854,-0.34707133359756,0.0743171176167537,-0.217223368037037,-0.245278905516957
TMS15F1310P0008,-0.0280555374799205,0.0634231055369457,0,4799,1,853,-0.324112865837741,0.0709953898132058,-0.260689760300795,-0.288745297780715
TMS15F1310P0019,-0.0280555374799205,0.00418476534478278,0,4797,1,852,-0.15584879175425,0.0668709302452752,-0.151664026409467,-0.179719563889387
TMS15F1310P0021,-0.0280555374799205,0.0496275586268964,0,4795,1,851,-0.272721842665477,0.0752448862100306,-0.223094284038581,-0.251149821518501
TMS15F1310P0023,-0.0280555374799205,0.0417263985611232,0,4794,1,850,0.0257522125570996,0.0688577316529789,0.0674786111182228,0.0394230736383023
TMS15F1312P0001,-0.0280555374799205,-0.040781020690361,0,4793,1,849,0.311655265726676,0.0713296563169055,0.270874245036315,0.242818707556395
TMS15F1313P0002,-0.0280555374799205,-0.0610182293675984,0,4792,1,848,0.302350930158821,0.0718645040998681,0.241332700791222,0.213277163311302
TMS15F1315P0002,-0.0280555374799205,0.0435134596492872,0,4790,1,847,0.327561716694581,0.0667688964538058,0.371075176343868,0.343019638863947
TMS15F1316P0001,-0.0280555374799205,0.00742822073952185,0,4789,1,846,0.433253438390321,0.0717066193937901,0.440681659129843,0.412626121649922
TMS15F1316P0009,-0.0280555374799205,0.0342931697951128,0,4788,1,845,-0.105532551725783,0.0754043461248275,-0.0712393819306703,-0.0992949194105907
TMS15F1316P0014,-0.0280555374799205,0.0967241471981109,0,4787,1,844,0.497957397192196,0.0791328352438724,0.594681544390307,0.566626006910387
TMS15F1317P0002,-0.0280555374799205,0.135603720399297,0,4786,1,843,0.028445229490247,0.0787688955443674,0.164048949889544,0.135993412409624
TMS15F1317P0003,-0.0280555374799205,0.112845936926493,0,4785,1,842,0.0256756770690064,0.0733147526979493,0.138521613995499,0.110466076515579
TMS15F1318P0007,-0.0280555374799205,0.114812401042023,0,4782,1,841,0.123056182013548,0.0827964027408906,0.237868583055571,0.209813045575651
TMS15F1318P0011,-0.0280555374799205,0.126616837165926,0,4781,1,840,0.176600581204387,0.0763808918173929,0.303217418370314,0.275161880890393
TMS15F1318P0019,-0.0280555374799205,0.0975012672763067,0,4780,1,839,-0.261947043981451,0.0772831978694127,-0.164445776705145,-0.192501314185065
TMS15F1319P0001,-0.0280555374799205,-0.0794691865007116,0,4777,1,838,0.425080694137428,0.0696502414078036,0.345611507636716,0.317555970156795
TMS15F1321P0001,-0.0280555374799205,0.0210638690180155,0,4776,1,837,0.103592192924237,0.0747114751480705,0.124656061942253,0.0966005244623322
TMS15F1323P0004,-0.0280555374799205,0.00427273790143685,0,4774,1,836,-0.0900263398007655,0.0739268855688509,-0.0857536018993287,-0.113809139379249
TMS15F1324P0004,-0.0280555374799205,-0.0305303953528741,0,4772,1,835,0.111036083301954,0.0716831901598065,0.0805056879490797,0.0524501504691593
TMS15F1324P0008,-0.0280555374799205,-0.0339515548788078,0,4771,1,834,-0.0508796064548229,0.0720104998933275,-0.0848311613336307,-0.112886698813551
TMS15F1326P0004,-0.0280555374799205,-0.173150125849121,0,4770,1,833,0.41880977620713,0.0845358667473205,0.245659650358009,0.217604112878089
TMS15F1328P0001,-0.0280555374799205,-0.0370195222985941,0,4768,1,832,0.184375298314701,0.0712469204025597,0.147355776016107,0.119300238536186
TMS15F1329P0005,-0.0280555374799205,-0.11127466912097,0,4767,1,831,0.620675865626317,0.0628881139795557,0.509401196505347,0.481345659025427
TMS15F1331P0003,-0.0280555374799205,0.0710721244853184,0,4766,1,830,0.321828494417738,0.076773336188987,0.392900618903057,0.364845081423136
TMS15F1334P0004,-0.0280555374799205,-0.0121855293726942,0,4764,1,829,-0.101422113593735,0.075887346827235,-0.113607642966429,-0.14166318044635
TMS15F1335P0001,-0.0280555374799205,0.115864019597509,0,4763,1,828,0.175852370721829,0.075509925972751,0.291716390319338,0.263660852839418
TMS15F1336P0002,-0.0280555374799205,-0.0639388546175875,0,4762,1,827,0.382636475713736,0.0718788928480986,0.318697621096149,0.290642083616228
TMS15F1344P0003,-0.0280555374799205,0.0252183991379067,0,4760,1,826,-0.043343326429422,0.0727539409536326,-0.0181249272915152,-0.0461804647714357
TMS15F1344P0008,-0.0280555374799205,-0.00781427391332559,0,4759,1,825,0.0630136815604844,0.0756273619331134,0.0551994076471588,0.0271438701672384
TMS15F1344P0010,-0.0280555374799205,0.0165558341234133,0,4758,1,824,-0.0174589760666008,0.0729068518669296,-0.000903141943187535,-0.028958679423108
TMS15F1345P0002,-0.0280555374799205,0.0470369922641648,0,4757,1,823,0.0456500828163221,0.073850097635313,0.0926870750804869,0.0646315376005664
TMS15F1349P0001,-0.0280555374799205,-0.0576909363904281,0,4756,1,822,0.294193876539096,0.0711498942039324,0.236502940148668,0.208447402668748
TMS15F1351P0003,-0.0280555374799205,-0.0591987106385639,0,4754,1,821,0.110265611599623,0.0617828363967473,0.0510669009610594,0.0230113634811389
TMS15F1352P0002,-0.0280555374799205,-0.0656431047131518,0,4751,1,820,0.297191773079127,0.0687577549139784,0.231548668365975,0.203493130886055
TMS15F1354P0001,-0.0280555374799205,0.148084754831809,0,4750,1,819,-0.0263344530329802,0.077853559182489,0.121750301798829,0.0936947643189085
TMS15F1356P0003,-0.0280555374799205,0.0743584085750399,0,4749,1,818,0.131834559136722,0.0809104412823297,0.206192967711762,0.178137430231842
TMS15F1357P0001,-0.0280555374799205,-0.0451456601013451,0,4748,1,817,-0.0468861057985128,0.0932693312856022,-0.092031765899858,-0.120087303379778
TMS15F1364P0004,-0.0280555374799205,-0.0447240852971799,0,4747,1,816,0.000617537546235225,0.0725062823210295,-0.0441065477509447,-0.0721620852308652
TMS15F1365P0003,-0.0280555374799205,-0.133901536980417,0,4746,1,815,-0.080880648698702,0.0778548488467296,-0.214782185679119,-0.242837723159039
TMS15F1367P0001,-0.0280555374799205,-0.0601099759922673,0,4744,1,814,0.262613837898523,0.0614867676027226,0.202503861906256,0.174448324426336
TMS15F1368P0002,-0.0280555374799205,-0.0633319658770627,0,4743,1,813,0.318186951739435,0.0715934209320732,0.254854985862372,0.226799448382452
TMS15F1370P0002,-0.0280555374799205,-0.0842961847572772,0,4741,1,812,0.14950522451529,0.0837170773318022,0.0652090397580125,0.037153502278092
TMS15F1370P0004,-0.0280555374799205,0.105515309381097,0,4740,1,811,0.285946608134414,0.0888566158682246,0.391461917515512,0.363406380035591
TMS15F1370P0007,-0.0280555374799205,-0.00657672851064068,0,4739,1,810,0.201429931989275,0.0724199541509473,0.194853203478634,0.166797665998713
TMS15F1371P0002,-0.0280555374799205,-0.0750703078133101,0,4738,1,809,0.361770379155054,0.0763071712671459,0.286700071341744,0.258644533861823
TMS15F1374P0004,-0.0280555374799205,0.0375424843371621,0,4737,1,808,0.371484102518589,0.0714775933358712,0.409026586855752,0.380971049375831
TMS15F1378P0006,-0.0280555374799205,0.023057594024505,0,4735,1,807,0.401237582117632,0.0758152692182857,0.424295176142137,0.396239638662216
TMS15F1379P0004,-0.0280555374799205,-0.0617368747075232,0,4734,1,806,0.173550796901847,0.105386198895579,0.111813922194324,0.0837583847144031
TMS15F1380P0002,-0.0280555374799205,0.0261041793660698,0,4733,1,805,0.0621234487980574,0.0768812474267048,0.0882276281641272,0.0601720906842067
TMS15F1381P0007,-0.0280555374799205,0.0171047271240601,0,4732,1,804,0.433985387938496,0.0845947015175824,0.451090115062557,0.423034577582636
TMS15F1381P0010,-0.0280555374799205,-0.0682311627962773,0,4731,1,803,0.483752646013038,0.0726007382415838,0.415521483216761,0.38746594573684
TMS15F1386P0002,-0.0280555374799205,0.0192353327778793,0,4730,1,802,0.122785334507262,0.073450992302802,0.142020667285141,0.113965129805221
TMS15F1390P0003,-0.0280555374799205,0.0401476906788386,0,4729,1,801,0.406555195658604,0.072592884136168,0.446702886337443,0.418647348857522
TMS15F1390P0007,-0.0280555374799205,0.0620313035347008,0,4728,1,800,0.52867962854035,0.0688651466320704,0.590710932075051,0.56265539459513
TMS15F1392P0001,-0.0280555374799205,0.0833392462578552,0,4726,1,799,0.393235305094029,0.0740715024684896,0.476574551351884,0.448519013871964
TMS15F1392P0002,-0.0280555374799205,0.0440384069062704,0,4725,1,798,0.201697015412293,0.103174967382797,0.245735422318564,0.217679884838643
TMS15F1393P0002,-0.0280555374799205,0.043583878726565,0,4724,1,797,0.164804518156367,0.0712833593954207,0.208388396882932,0.180332859403012
TMS15F1393P0007,-0.0280555374799205,0.0456293227973678,0,4722,1,796,-0.394633770431053,0.0975962667468561,-0.349004447633686,-0.377059985113606
TMS15F1394P0007,-0.0280555374799205,-0.0453320504499397,0,4721,1,795,-0.105934917289174,0.0739179043635912,-0.151266967739113,-0.179322505219034
TMS15F1394P0012,-0.0280555374799205,-0.102149178166787,0,4720,1,794,0.561216277696782,0.0759990537495196,0.459067099529995,0.431011562050075
TMS15F1396P0001,-0.0280555374799205,-0.0751807997809591,0,4719,1,793,0.189637821480374,0.0930037131499871,0.114457021699415,0.0864014842194945
TMS15F1396P0004,-0.0280555374799205,-0.0552311985459714,0,4718,1,792,0.374985440388494,0.106830060335924,0.319754241842523,0.291698704362602
TMS15F1398P0008,-0.0280555374799205,-0.121269657591324,0,4716,1,791,0.410524670485733,0.0627317041498639,0.28925501289441,0.261199475414489
TMS15F1400P0002,-0.0280555374799205,-0.04068899977878,0,4714,1,790,0.0253860274946608,0.0767164874063212,-0.0153029722841192,-0.0433585097640397
TMS15F1400P0015,-0.0280555374799205,-0.0175702642213857,0,4713,1,789,0.36387473745713,0.0716236186578245,0.346304473235745,0.318248935755824
TMS15F1400P0021,-0.0280555374799205,-0.101916821745494,0,4712,1,788,0.166923256156367,0.101359645673067,0.0650064344108733,0.0369508969309529
TMS15F1400P0030,-0.0280555374799205,-0.0130031696757515,0,4711,1,787,0.0729289348795588,0.0763585326344552,0.0599257652038073,0.0318702277238868
TMS15F1401P0002,-0.0280555374799205,0.0140987877838235,0,4710,1,786,0.0401894670360889,0.0968513796833565,0.0542882548199124,0.026232717339992
TMS15F1403P0005,-0.0280555374799205,0.0149000349388075,0,4709,1,785,0.315242315412482,0.0711125349065638,0.33014235035129,0.302086812871369
TMS15F1403P0010,-0.0280555374799205,0.0559282078058395,0,4707,1,784,0.22114120202939,0.0741332438572269,0.277069409835229,0.249013872355309
TMS15F1403P0018,-0.0280555374799205,0.0474820395580276,0,4705,1,783,-0.160504675341993,0.0741176347624909,-0.113022635783965,-0.141078173263886
TMS15F1403P0019,-0.0280555374799205,0.080539403507792,0,4704,1,782,0.227566629086402,0.0759158530367477,0.308106032594194,0.280050495114274
TMS15F1404P0007,-0.0280555374799205,0.071458262546215,0,4703,1,781,0.451790290820124,0.0715484424532476,0.523248553366339,0.495193015886418
TMS15F1420P0011,-0.0280555374799205,-0.0334504008099471,0,4699,1,780,0.112742415828933,0.0731304566729197,0.0792920150189861,0.0512364775390656
TMS15F1424P0002,-0.0280555374799205,-0.0762199684056725,0,4698,1,779,0.208157632620356,0.0667439469586877,0.131937664214683,0.103882126734763
TMS15F1424P0004,-0.0280555374799205,-0.0869633220138747,0,4697,1,778,0.088693197911342,0.102797828609425,0.00172987589746726,-0.0263256615824532
TMS15F1424P0015,-0.0280555374799205,-0.124114128269677,0,4696,1,777,0.155614438263154,0.0691465620458894,0.0315003099934771,0.00344477251355668
TMS15F1425P0005,-0.0280555374799205,-0.013605826136707,0,4695,1,776,-0.152655918995939,0.108102444287565,-0.166261745132646,-0.194317282612566
TMS15F1427P0003,-0.0280555374799205,0.0552093401757475,0,4694,1,775,0.120147120073756,0.0794677230746907,0.175356460249504,0.147300922769583
TMS15F1429P0002,-0.0280555374799205,-0.0320168504453844,0,4693,1,774,-0.193741073128603,0.071757764384784,-0.225757923573988,-0.253813461053908
TMS15F1440P0003,-0.0280555374799205,-0.103635264191412,0,4690,1,773,0.272878458762229,0.0771074778380637,0.169243194570817,0.141187657090897
TMS15F1442P0004,-0.0280555374799205,0.0914022479479989,0,4689,1,772,-0.00589675319019863,0.0717048180982879,0.0855054947578003,0.0574499572778798
TMS15F1452P0005,-0.0280555374799205,0.0813185985887325,0,4685,1,771,0.189817787445676,0.0752690257315388,0.271136386034408,0.243080848554488
TMS15F1474P0007,-0.0280555374799205,-0.0558489167643719,0,5275,1,1202,-0.0527248539987546,0.0813819227898034,-0.108573770763127,-0.136629308243047
TMS15F1475P0011,-0.0280555374799205,0.00679361870806817,0,5126,1,1128,0.127945626646761,0.0748749734991717,0.134739245354829,0.106683707874909
TMS16F1016P0007,-0.0280555374799205,0.0692473276762779,0,5274,1,1201,0.0146214290047829,0.0659345413694776,0.0838687566810608,0.0558132192011403
TMS17F1028P0001,-0.0280555374799205,-0.0714771748241959,0,5340,1,1267,0.0482796948288926,0.0809088915105982,-0.0231974799953032,-0.0512530174752237
TMS17F1034P0003,-0.0280555374799205,-0.00698525041258299,0,5359,1,1286,0.0495512580399217,0.0747840312957016,0.0425660076273387,0.0145104701474182
TMS17F1055P0019,-0.0280555374799205,-0.00457305597754635,0,5352,1,1279,0.0346286892870673,0.0800245226958723,0.0300556333095209,0.00200009582960047
TMS17F1061P0067,-0.0280555374799205,-0.0587534537010031,0,5355,1,1282,-0.123243398515446,0.0805778938508616,-0.181996852216449,-0.210052389696369
TMS17F1071P0008,-0.0280555374799205,0.00333275742148952,0,5334,1,1261,-0.0517565085127665,0.0840040209068732,-0.048423751091277,-0.0764792885711974
TMS17F1194P0005,-0.0280555374799205,0.0443928115022065,0,5332,1,1259,-0.0395299453876893,0.0747036311438763,0.00486286611451717,-0.0231926713654033
TMS17F1283P0010,-0.0280555374799205,0.0267270405495591,0,5360,1,1287,0.106360025892415,0.0823497815938954,0.133087066441974,0.105031528962054
TMS17F1308P0012,-0.0280555374799205,-0.0666752604921071,0,5363,1,1290,0.145849021420743,0.0999763437307138,0.0791737609286358,0.0511182234487153
TMS17F1322P0001,-0.0280555374799205,-0.00899543398977193,0,5333,1,1260,-0.0692792537456713,0.0929875268836363,-0.0782746877354432,-0.106330225215364
TMS17F1362P0002,-0.0280555374799205,-0.15402141624142,0,5349,1,1276,-0.00508830593861107,0.0813800506334227,-0.159109722180031,-0.187165259659952
TMS17F1362P0015,-0.0280555374799205,-0.218897013115592,0,5358,1,1285,0.0680199020511022,0.0765027210477539,-0.150877111064489,-0.17893264854441
TMS17F1363P0001,-0.0280555374799205,-0.0375322455276662,0,5353,1,1280,-0.259596030608176,0.0786846934918994,-0.297128276135842,-0.325183813615763
TMS17F1364P0003,-0.0280555374799205,-0.0997807003058412,0,5339,1,1266,-0.266780450860541,0.0847443027509127,-0.366561151166382,-0.394616688646303
TMS17F1366P0037,-0.0280555374799205,-0.103058589990325,0,5330,1,1257,0.0360394627961591,0.0800116407695044,-0.0670191271941658,-0.0950746646740862
TMS17F1375P0052,-0.0280555374799205,-0.106558033361107,0,5348,1,1275,0.230173530453795,0.078317292952435,0.123615497092688,0.0955599596127676
TMS17F1377P0009,-0.0280555374799205,0.0484925965760908,0,5362,1,1289,0.207986201270444,0.0814819635497352,0.256478797846535,0.228423260366614
TMS17F1386P0069,-0.0280555374799205,-0.0513482184378503,0,5329,1,1256,0.0651067019987396,0.0777145379205627,0.0137584835608893,-0.0142970539190311
TMS17F1387P0008,-0.0280555374799205,-0.0232613499743291,0,5361,1,1288,-0.255173118547796,0.0758156903824354,-0.278434468522125,-0.306490006002045
TMS17F1388P0034,-0.0280555374799205,-0.00629107923564159,0,5346,1,1273,0.270234646033842,0.0779265865899884,0.2639435667982,0.23588802931828
TMS17F1395P0019,-0.0280555374799205,0.0176066589566048,0,5351,1,1278,-0.301009822311587,0.0832305632176645,-0.283403163354983,-0.311458700834903
TMS17F1409P0014,-0.0280555374799205,-0.0463658103251418,0,5336,1,1263,0.0205872551314981,0.0822658016549506,-0.0257785551936437,-0.0538340926735641
TMS17F1411P0006,-0.0280555374799205,-0.0379028027275775,0,5341,1,1268,0.0547854943686365,0.0786697265371161,0.016882691641059,-0.0111728458388615
TMS17F1411P0063,-0.0280555374799205,-0.0808317989741068,0,5364,1,1291,0.154518383435818,0.0777120390966312,0.0736865844617116,0.0456310469817912
TMS17F1413P0007,-0.0280555374799205,-0.0123133411399876,0,5342,1,1269,0.161733217947545,0.0807897539867542,0.149419876807557,0.121364339327636
TMS17F1416P0007,-0.0280555374799205,-0.062225842469332,0,5337,1,1264,-0.172397917238718,0.0781883073884991,-0.23462375970805,-0.26267929718797
TMS17F1416P0013,-0.0280555374799205,-0.000318905475225312,0,5331,1,1258,-0.206954387566879,0.0781006774996677,-0.207273293042104,-0.235328830522024
TMS17F1419P0077,-0.0280555374799205,0.0394270061598403,0,5350,1,1277,0.171228109010152,0.0806988333353689,0.210655115169993,0.182599577690072
TMS17F1420P0003,-0.0280555374799205,0.0224470195059392,0,5328,1,1255,-0.210906161826479,0.085399114157111,-0.18845914232054,-0.21651467980046
TMS17F1439P0047,-0.0280555374799205,-0.00244997014764952,0,5327,1,1254,0.0217083808944859,0.0816063611263159,0.0192584107468364,-0.00879712673308406
TMS17F1439P0095,-0.0280555374799205,0.00810653149150229,0,5335,1,1262,0.0418461932477465,0.0764897176606647,0.0499527247392488,0.0218971872593284
TMS17F1454P0036,-0.0280555374799205,-0.157218623451354,0,5343,1,1270,-0.564475864569741,0.0839490709393767,-0.721694488021095,-0.749750025501016
TMS17F1467P0005,-0.0280555374799205,-0.0481452395288617,0,5356,1,1283,-0.23754616784376,0.0818363026801887,-0.285691407372622,-0.313746944852542
TMS17F1477P0001,-0.0280555374799205,0.135530510928409,0,5338,1,1265,0.448879532283681,0.0815580088042167,0.58441004321209,0.556354505732169
TMS17F1477P0045,-0.0280555374799205,0.112665120785513,0,5357,1,1284,0.249730354325083,0.0846868149097515,0.362395475110596,0.334339937630675
TMS17F1482P0027,-0.0280555374799205,0.0393161792276158,0,5344,1,1271,0.0998272912825317,0.0812346473610277,0.139143470510147,0.111087933030227
TMS17F1533P0001,-0.0280555374799205,0.0791109556194139,0,5354,1,1281,-0.197466925254198,0.0842178388291101,-0.118355969634784,-0.146411507114704
TMS17F1566P0010,-0.0280555374799205,0.00828339985740623,0,5347,1,1274,0.197455769955718,0.0803516838413428,0.205739169813124,0.177683632333204
TMS18F1001P0014,-0.0280555374799205,0.0801311548219182,0,5010,1,1016,-0.0721984687230115,0.072487566798812,0.00793268609890668,-0.0201228513810138
TMS18F1001P0020,-0.0280555374799205,0.0749367262614786,0,5024,1,1030,-0.0745661966048636,0.0707888184734239,0.000370529656615021,-0.0276850078233054
TMS18F1002P0005,-0.0280555374799205,-0.0701407734346322,0,5213,1,1172,0.450194998122818,0.0700745210292034,0.380054224688186,0.351998687208265
TMS18F1002P0021,-0.0280555374799205,-0.0929134799539597,0,5222,1,1176,0.221894940154241,0.0722355986204087,0.128981460200281,0.100925922720361
TMS18F1003P0003,-0.0280555374799205,-0.169181946507418,0,5314,1,1241,-0.287605881492586,0.0795838417990328,-0.456787828000004,-0.484843365479924
TMS18F1003P0009,-0.0280555374799205,-0.0830363474374142,0,5307,1,1234,0.272963628698823,0.0781530866898125,0.189927281261409,0.161871743781488
TMS18F1003P0010,-0.0280555374799205,-0.0774662049153261,0,5268,1,1195,0.10535726037352,0.0787484979581093,0.0278910554581936,-0.000164482021726892
TMS18F1003P0014,-0.0280555374799205,-0.0781950867692405,0,5036,1,1041,0.587811260765597,0.0688055212162168,0.509616173996357,0.481560636516436
TMS18F1004P0008,-0.0280555374799205,0.0255162402315937,0,5280,1,1207,-0.0319758072335707,0.0744477774669872,-0.00645956700197697,-0.0345151044818974
TMS18F1004P0010,-0.0280555374799205,0.0036604234431015,0,5148,1,1150,0.0588958751065215,0.0761423231893726,0.062556298549623,0.0345007610697025
TMS18F1005P0023,-0.0280555374799205,-0.0651317007044959,0,5022,1,1028,0.226193904814279,0.0724596520019544,0.161062204109783,0.133006666629863
TMS18F1006P0009,-0.0280555374799205,-0.0279005550600641,0,5208,1,1169,0.0185013124006068,0.0755070405580485,-0.00939924265945732,-0.0374547801393778
TMS18F1007P0004,-0.0280555374799205,-0.0803865326375208,0,5287,1,1214,0.251048117077523,0.0840410002891719,0.170661584440003,0.142606046960082
TMS18F1007P0005,-0.0280555374799205,-0.00286185107724702,0,5301,1,1228,-0.0753394214942178,0.0743867152059635,-0.0782012725714648,-0.106256810051385
TMS18F1008P0012,-0.0280555374799205,-0.102002934655401,0,5128,1,1130,0.0172401253028651,0.0738434477445565,-0.0847628093525361,-0.112818346832457
TMS18F1009P0028,-0.0280555374799205,0.0451267261618281,0,5214,1,1173,0.125743252352726,0.0738200281262484,0.170869978514554,0.142814441034633
TMS18F1010P0005,-0.0280555374799205,0.0435325916164333,0,5155,1,1153,-0.105068876659319,0.0729484881707621,-0.0615362850428855,-0.0895918225228059
TMS18F1010P0011,-0.0280555374799205,0.0763515008578342,0,5008,1,1014,-0.135584203774024,0.0710738071514148,-0.0592327029161901,-0.0872882403961106
TMS18F1010P0027,-0.0280555374799205,0.0593432212927262,0,5095,1,1098,0.000319267543158308,0.071079061279728,0.0596624888358845,0.0316069513559641
TMS18F1010P0030,-0.0280555374799205,0.0725215761270817,0,5106,1,1109,-0.215626809876865,0.076112988202799,-0.143105233749783,-0.171160771229704
TMS18F1015P0015,-0.0280555374799205,0.0285994929468414,0,5216,1,1174,0.416182595670833,0.0664479034597316,0.444782088617674,0.416726551137754
TMS18F1016P0010,-0.0280555374799205,0.0458102838427486,0,5011,1,1017,0.285451237986179,0.0690030197468025,0.331261521828927,0.303205984349007
TMS18F1018P0001,-0.0280555374799205,-0.111699126307654,0,5017,1,1023,-0.0717020633875864,0.0725062554970827,-0.18340118969524,-0.211456727175161
TMS18F1019P0018,-0.0280555374799205,0.0528094863597143,0,5292,1,1219,0.158022275410581,0.070872401777183,0.210831761770295,0.182776224290375
TMS18F1020P0026,-0.0280555374799205,-0.060620679087794,0,5261,1,1188,0.23721999144891,0.0863345190567757,0.176599312361116,0.148543774881195
TMS18F1020P0027,-0.0280555374799205,-0.101789135609456,0,5006,1,1012,0.18973145929319,0.0864541398956969,0.0879423236837334,0.059886786203813
TMS18F1020P0033,-0.0280555374799205,-0.0909091601736496,0,5262,1,1189,-0.00522511811087529,0.101877209700819,-0.0961342782845249,-0.124189815764445
TMS18F1024P0020,-0.0280555374799205,0.0705207505780175,0,5272,1,1199,-0.0836560320790961,0.0759006588553236,-0.0131352815010786,-0.0411908189809991
TMS18F1025P0024,-0.0280555374799205,0.0799913448833854,0,5125,1,1127,0.141812003715993,0.071032645939237,0.221803348599378,0.193747811119458
TMS18F1025P0029,-0.0280555374799205,0.0314080596468259,0,5121,1,1123,0.11656943191055,0.0961889856240645,0.147977491557376,0.119921954077455
TMS18F1025P0038,-0.0280555374799205,-0.0347434686644808,0,5081,1,1084,0.358324579571601,0.0726803271367706,0.32358111090712,0.2955255734272
TMS18F1025P0041,-0.0280555374799205,-0.000135614144690793,0,5079,1,1082,-0.0360710746482673,0.101321734322609,-0.0362066887929581,-0.0642622262728785
TMS18F1026P0009,-0.0280555374799205,-0.081349876580776,0,5019,1,1025,0.320240445511607,0.100690731187956,0.238890568930831,0.210835031450911
TMS18F1026P0014,-0.0280555374799205,0.0335234751279843,0,5180,1,1162,0.259236629634518,0.0745646497196752,0.292760104762503,0.264704567282582
TMS18F1028P0003,-0.0280555374799205,-0.099377889099146,0,5286,1,1213,-0.162170175034266,0.0771262598733458,-0.261548064133412,-0.289603601613332
TMS18F1028P0030,-0.0280555374799205,0.048403076634228,0,5305,1,1232,0.12057104015338,0.0901690119181154,0.168974116787608,0.140918579307687
TMS18F1028P0033,-0.0280555374799205,0.0406305005185724,0,5083,1,1086,0.295170311931447,0.111023248282252,0.335800812450019,0.307745274970099
TMS18F1033P0018,-0.0280555374799205,-0.0226665023199049,0,5202,1,1168,0.480284874431456,0.0734729756014131,0.457618372111551,0.429562834631631
TMS18F1035P0011,-0.0280555374799205,0.0573069542103987,0,5345,1,1272,-0.0152276653424799,0.0813081821966527,0.0420792888679188,0.0140237513879983
TMS18F1037P0025,-0.0280555374799205,-0.0387136527359703,0,5097,1,1100,0.22532005314123,0.0751121473361225,0.186606400405259,0.158550862925339
TMS18F1037P0037,-0.0280555374799205,-0.0244177913200182,0,5084,1,1087,0.0670009209900464,0.0685249665266807,0.0425831296700281,0.0145275921901077
TMS18F1037P0043,-0.0280555374799205,-0.0588855752736941,0,5119,1,1121,0.199717100853145,0.0694378108494154,0.140831525579451,0.112775988099531
TMS18F1038P0010,-0.0280555374799205,-0.11809597004558,0,5322,1,1249,0.272321287620333,0.0720065543957422,0.154225317574753,0.126169780094832
TMS18F1038P0056,-0.0280555374799205,-0.107203231590014,0,5297,1,1224,-0.218129076000297,0.0753204413452702,-0.325332307590311,-0.353387845070232
TMS18F1038P0078,-0.0280555374799205,0.0788634179765491,0,5108,1,1111,0.0776848468630654,0.0699316001803533,0.156548264839614,0.128492727359694
TMS18F1038P0087,-0.0280555374799205,0.0646265797241505,0,5075,1,1078,0.102902304488532,0.0802680128900259,0.167528884212683,0.139473346732762
TMS18F1039P0021,-0.0280555374799205,-0.00607093775256138,0,5026,1,1032,0.610212101218124,0.0705126118038099,0.604141163465562,0.576085625985642
TMS18F1040P0005,-0.0280555374799205,-0.0387584611977203,0,5266,1,1193,-0.00255504175910279,0.0663048220438886,-0.0413135029568231,-0.0693690404367436
TMS18F1040P0032,-0.0280555374799205,-0.0129819777541691,0,5014,1,1020,0.0405505750053164,0.0733043861040759,0.0275685972511473,-0.000486940228773165
TMS18F1040P0043,-0.0280555374799205,0.042253377720668,0,5130,1,1132,-0.0818806448548584,0.0783634154104484,-0.0396272671341904,-0.0676828046141108
TMS18F1040P0044,-0.0280555374799205,-0.140875852108308,0,5318,1,1245,0.554221586241818,0.0745181734559937,0.41334573413351,0.385290196653589
TMS18F1040P0047,-0.0280555374799205,0.0663758787981379,0,5101,1,1104,0.0957806684122665,0.0738308924298076,0.162156547210404,0.134101009730484
TMS18F1040P0052,-0.0280555374799205,0.0188129030609187,0,5103,1,1106,0.140527204483297,0.0727138810007907,0.159340107544216,0.131284570064295
TMS18F1040P0054,-0.0280555374799205,0.0591413345217806,0,5055,1,1059,0.189266151794515,0.0719185208366994,0.248407486316295,0.220351948836375
TMS18F1040P0057,-0.0280555374799205,0.0419636726849609,0,5122,1,1124,0.317393243380216,0.0693799545799536,0.359356916065177,0.331301378585256
TMS18F1040P0063,-0.0280555374799205,-0.0151313891218089,0,5070,1,1073,0.316195666475968,0.0671485135498807,0.301064277354159,0.273008739874239
TMS18F1040P0064,-0.0280555374799205,0.0314970082802015,0,5110,1,1113,0.35918927254413,0.0676799305762599,0.390686280824331,0.362630743344411
TMS18F1040P0067,-0.0280555374799205,-0.0150414683446796,0,5066,1,1069,0.0117040727229517,0.0706921388591567,-0.00333739562172791,-0.0313929331016484
TMS18F1040P0069,-0.0280555374799205,0.0310024745239491,0,5111,1,1114,0.00594466445905985,0.110303117209412,0.036947138983009,0.00889160150308854
TMS18F1041P0002,-0.0280555374799205,-0.113726575302423,0,5306,1,1233,0.449242063759941,0.072215677529178,0.335515488457518,0.307459950977598
TMS18F1041P0005,-0.0280555374799205,0.0806302597730193,0,5020,1,1026,0.211144956331479,0.0717737798787384,0.291775216104498,0.263719678624578
TMS18F1042P0009,-0.0280555374799205,-0.114309390579388,0,5029,1,1035,0.400887765164874,0.08548134926126,0.286578374585486,0.258522837105566
TMS18F1044P0013,-0.0280555374799205,-0.159258050369296,0,5273,1,1200,-0.0231205741140111,0.0746067188649097,-0.182378624483307,-0.210434161963227
TMS18F1046P0001,-0.0280555374799205,0.064292616580219,0,5196,1,1166,-0.113071642881224,0.107576829996437,-0.0487790263010052,-0.0768345637809257
TMS18F1047P0012,-0.0280555374799205,-0.162114942542438,0,5269,1,1196,0.163204760876203,0.074071515852393,0.00108981833376476,-0.0269657191461557
TMS18F1047P0024,-0.0280555374799205,-0.0223159825791001,0,5191,1,1164,0.0815793462422664,0.0643846199090462,0.0592633636631663,0.0312078261832458
TMS18F1047P0042,-0.0280555374799205,-0.0319699326070847,0,5276,1,1203,-0.797040643302092,0.0724355551439906,-0.829010575909177,-0.857066113389097
TMS18F1047P0045,-0.0280555374799205,-0.0854660792260859,0,5267,1,1194,-0.088281623068737,0.0816770929289349,-0.173747702294823,-0.201803239774743
TMS18F1047P0046,-0.0280555374799205,-0.204858822741153,0,5315,1,1242,-0.143296990578057,0.0845822353742555,-0.34815581331921,-0.37621135079913
TMS18F1047P0049,-0.0280555374799205,-0.111645361733827,0,5285,1,1212,-0.237767764039998,0.0850489267454391,-0.349413125773825,-0.377468663253745
TMS18F1047P0062,-0.0280555374799205,-0.111741471845439,0,5051,1,1055,0.041208284296327,0.0961396834022646,-0.0705331875491118,-0.0985887250290323
TMS18F1048P0023,-0.0280555374799205,-0.0284198381096806,0,5316,1,1243,-0.588175990506054,0.0669857832113928,-0.616595828615735,-0.644651366095655
TMS18F1049P0022,-0.0280555374799205,0.116060005473447,0,5151,1,1151,0.286353576673511,0.0802695052965176,0.402413582146958,0.374358044667037
TMS18F1051P0037,-0.0280555374799205,0.0169129031830726,0,5198,1,1167,0.314414167414516,0.0695919599042587,0.331327070597589,0.303271533117668
TMS18F1051P0039,-0.0280555374799205,0.0137136093010949,0,5139,1,1141,0.367850273715679,0.0685288973567268,0.381563883016774,0.353508345536854
TMS18F1051P0059,-0.0280555374799205,0.0260821100381601,0,5281,1,1208,-0.153984357387784,0.0862861981761699,-0.127902247349623,-0.155957784829544
TMS18F1051P0063,-0.0280555374799205,0.0381565252963628,0,5319,1,1246,0.107812321447262,0.0691002628932124,0.145968846743625,0.117913309263704
TMS18F1051P0069,-0.0280555374799205,0.0137168380405065,0,5105,1,1108,0.247355633669232,0.0711508959903158,0.261072471709738,0.233016934229818
TMS18F1051P0072,-0.0280555374799205,0.0199719705662243,0,5096,1,1099,0.231258912655132,0.0682049583092367,0.251230883221356,0.223175345741436
TMS18F1055P0036,-0.0280555374799205,0.0256464795611316,0,5300,1,1227,0.287213085859427,0.0688150698047259,0.312859565420559,0.284804027940638
TMS18F1055P0044,-0.0280555374799205,-0.049692983979676,0,5074,1,1077,0.656823475985911,0.0803417824935847,0.607130492006235,0.579074954526314
TMS18F1056P0016,-0.0280555374799205,-0.0883342668769622,0,5009,1,1015,0.661532391048276,0.0931470131951174,0.573198124171314,0.545142586691393
TMS18F1056P0019,-0.0280555374799205,-0.181176400852108,0,5304,1,1231,-0.0916053135473819,0.0766108550310767,-0.27278171439949,-0.300837251879411
TMS18F1056P0032,-0.0280555374799205,-0.109642067838717,0,5163,1,1155,-0.191115881991231,0.0623163285629265,-0.300757949829948,-0.328813487309868
TMS18F1056P0040,-0.0280555374799205,-0.0586604345015798,0,5173,1,1159,0.448953948814371,0.0937542279972407,0.390293514312791,0.36223797683287
TMS18F1056P0050,-0.0280555374799205,0.00670880116714731,0,5133,1,1135,0.0930344788839795,0.077771565917705,0.0997432800511268,0.0716877425712064
TMS18F1056P0052,-0.0280555374799205,-0.0965716598329164,0,5061,1,1064,0.217415724054977,0.0955991124976201,0.120844064222061,0.0927885267421402
TMS18F1056P0053,-0.0280555374799205,-0.0614405596667263,0,5134,1,1136,0.433095595925617,0.0711021136621426,0.371655036258891,0.343599498778971
TMS18F1056P0057,-0.0280555374799205,-0.0386714159899133,0,5118,1,1120,0.443837856505621,0.0679734783927732,0.405166440515707,0.377110903035787
TMS18F1056P0064,-0.0280555374799205,-0.0531110158272022,0,5064,1,1067,0.611974190876206,0.067642954741397,0.558863175049004,0.530807637569084
TMS18F1056P0065,-0.0280555374799205,-0.0569396173965774,0,5063,1,1066,0.303069337851935,0.0734520407982124,0.246129720455357,0.218074182975437
TMS18F1056P0066,-0.0280555374799205,-0.0575593664772956,0,5282,1,1209,-0.165509858138743,0.0850424877856297,-0.223069224616039,-0.251124762095959
TMS18F1056P0077,-0.0280555374799205,-0.0442007067548626,0,5099,1,1102,0.648765653002878,0.0660227673866868,0.604564946248015,0.576509408768095
TMS18F1057P0025,-0.0280555374799205,0.127874252867869,0,5144,1,1146,0.102419816858439,0.116440695773607,0.230294069726307,0.202238532246387
TMS18F1057P0030,-0.0280555374799205,0.138561383727413,0,5090,1,1093,-0.151065363671203,0.115780120973951,-0.0125039799437904,-0.0405595174237109
TMS18F1057P0033,-0.0280555374799205,0.16381427600354,0,5141,1,1143,0.00637223397118731,0.0810114174060592,0.170186509974728,0.142130972494807
TMS18F1057P0037,-0.0280555374799205,0.085317755889469,0,5140,1,1142,0.192418502664924,0.0676907806990476,0.277736258554393,0.249680721074472
TMS18F1058P0019,-0.0280555374799205,-0.0597047379995162,0,5031,1,1036,0.350391951857766,0.0694668778398638,0.29068721385825,0.262631676378329
TMS18F1058P0020,-0.0280555374799205,0.0233925016318155,0,5013,1,1019,0.326756108376143,0.0746383076664905,0.350148610007958,0.322093072528038
TMS18F1059P0010,-0.0280555374799205,0.0618910321301071,0,5226,1,1179,-0.184245700955024,0.105439154967616,-0.122354668824917,-0.150410206304838
TMS18F1059P0012,-0.0280555374799205,0.0673479324355896,0,5192,1,1165,0.0708453647594366,0.0980476862697869,0.138193297195026,0.110137759715106
TMS18F1059P0013,-0.0280555374799205,0.052421762942061,0,5212,1,1171,0.246991897390847,0.0742279016990422,0.299413660332908,0.271358122852987
TMS18F1059P0015,-0.0280555374799205,0.163229378311707,0,5021,1,1027,-0.038349537947394,0.0709463928454201,0.124879840364313,0.0968243028843929
TMS18F1060P0067,-0.0280555374799205,-0.140325540920687,0,5309,1,1236,-0.45103648846207,0.0816430372973878,-0.591362029382757,-0.619417566862678
TMS18F1060P0068,-0.0280555374799205,-0.027620592466704,0,5067,1,1070,-0.0131474548186747,0.089224856070366,-0.0407680472853788,-0.0688235847652992
TMS18F1063P0008,-0.0280555374799205,-0.139088124430784,0,5321,1,1248,0.307932696064822,0.0766653293443336,0.168844571634038,0.140789034154117
TMS18F1063P0009,-0.0280555374799205,0.146537675726245,0,5033,1,1038,0.181989957391354,0.073037589349835,0.328527633117599,0.300472095637679
TMS18F1064P0027,-0.0280555374799205,-0.113207252317955,0,5293,1,1220,-0.106866003422372,0.0874719975388407,-0.220073255740326,-0.248128793220247
TMS18F1065P0026,-0.0280555374799205,0.101912954070672,0,5147,1,1149,0.0434587961076532,0.0734311984119449,0.145371750178325,0.117316212698404
TMS18F1065P0032,-0.0280555374799205,0.011906154182469,0,5114,1,1117,0.347934910660265,0.072753920381876,0.359841064842734,0.331785527362814
TMS18F1065P0035,-0.0280555374799205,0.0122571246881881,0,5102,1,1105,0.429460724411047,0.0706422539527083,0.441717849099235,0.413662311619315
TMS18F1065P0037,-0.0280555374799205,0.00149724553389762,0,5076,1,1079,-0.154605358711813,0.0743055797538614,-0.153108113177915,-0.181163650657836
TMS18F1066P0022,-0.0280555374799205,0.0216526201079906,0,5028,1,1034,0.33750293729637,0.0725431217201659,0.359155557404361,0.33110001992444
TMS18F1066P0024,-0.0280555374799205,0.00366460618395757,0,5047,1,1051,0.53440269833538,0.0703753713153277,0.538067304519338,0.510011767039417
TMS18F1066P0033,-0.0280555374799205,-0.00232313122357893,0,5120,1,1122,0.42106075580565,0.0729197359621458,0.418737624582071,0.39068208710215
TMS18F1068P0055,-0.0280555374799205,0.0986963321992655,0,5145,1,1147,0.0361833109320282,0.0683480137029552,0.134879643131294,0.106824105651373
TMS18F1068P0063,-0.0280555374799205,-0.0249832909599872,0,5284,1,1211,0.271067614017705,0.078447647353019,0.246084323057718,0.218028785577798
TMS18F1068P0065,-0.0280555374799205,0.0827580370966108,0,5112,1,1115,0.196966610110649,0.0711181251688424,0.27972464720726,0.25166910972734
TMS18F1068P0066,-0.0280555374799205,0.0376304124861324,0,5116,1,1118,0.0996553952121143,0.0709099088484314,0.137285807698247,0.109230270218326
TMS18F1068P0077,-0.0280555374799205,-0.0550445047121163,0,5299,1,1226,0.0206325067173296,0.0790081745356933,-0.0344119979947867,-0.0624675354747071
TMS18F1068P0082,-0.0280555374799205,0.0797126974170871,0,5072,1,1075,0.221743574014585,0.0682475716011412,0.301456271431672,0.273400733951752
TMS18F1068P0085,-0.0280555374799205,0.117229305587407,0,5094,1,1097,0.0198387601537691,0.07599333321308,0.137068065741176,0.109012528261256
TMS18F1068P0088,-0.0280555374799205,0.0894561379252331,0,5127,1,1129,0.224516348375334,0.073504221873007,0.313972486300567,0.285916948820647
TMS18F1068P0090,-0.0280555374799205,0.101180660136241,0,5065,1,1068,0.260710540055693,0.0784893052917252,0.361891200191935,0.333835662712014
TMS18F1069P0023,-0.0280555374799205,-0.219088601347576,0,5291,1,1218,-0.237154797420731,0.0793250386251145,-0.456243398768307,-0.484298936248227
TMS18F1069P0028,-0.0280555374799205,0.0573244069552562,0,5091,1,1094,0.151914526123125,0.0820253199539334,0.209238933078381,0.18118339559846
TMS18F1069P0033,-0.0280555374799205,-0.124763453704143,0,5308,1,1235,-0.185638388993556,0.103068714368181,-0.3104018426977,-0.33845738017762
TMS18F1069P0035,-0.0280555374799205,0.104255612129297,0,5123,1,1125,-0.0220367249934958,0.0770391971872453,0.0822188871358012,0.0541633496558808
TMS18F1071P0028,-0.0280555374799205,0.070570837635637,0,5137,1,1139,0.587132902239132,0.0720536072419161,0.657703739874769,0.629648202394848
TMS18F1073P0024,-0.0280555374799205,-0.0618123323225218,0,5260,1,1187,0.0283705579438725,0.0718373143768034,-0.0334417743786493,-0.0614973118585698
TMS18F1073P0030,-0.0280555374799205,-0.0741709935192921,0,5263,1,1190,0.100049616444888,0.0779570844206512,0.0258786229255957,-0.00217691455432475
TMS18F1073P0035,-0.0280555374799205,-0.0310391545832831,0,5324,1,1251,-0.0782012674387691,0.0713939128458881,-0.109240422022052,-0.137295959501973
TMS18F1073P0038,-0.0280555374799205,-0.0371415942101669,0,5058,1,1061,0.208172034509695,0.0690076972747236,0.171030440299528,0.142974902819608
TMS18F1075P0001,-0.0280555374799205,0.12673276592606,0,5161,1,1154,-0.131379233939992,0.071245260807671,-0.00464646801393181,-0.0327020054938523
TMS18F1075P0011,-0.0280555374799205,0.0243873088625303,0,5211,1,1170,0.24511467520579,0.0765285572495863,0.269501984068321,0.2414464465884
TMS18F1076P0001,-0.0280555374799205,-0.00366299140290145,0,5032,1,1037,0.255724903149718,0.0689702272471386,0.252061911746817,0.224006374266897
TMS18F1076P0066,-0.0280555374799205,-0.236687753381488,0,5317,1,1244,0.150632524496991,0.0838242653196086,-0.0860552288844972,-0.114110766364418
TMS18F1076P0077,-0.0280555374799205,-0.0137057785164383,0,5059,1,1062,0.256067869660096,0.0644873355647352,0.242362091143657,0.214306553663737
TMS18F1076P0103,-0.0280555374799205,-0.0460486478556425,0,5311,1,1238,0.668238385973775,0.0758073390703869,0.622189738118132,0.594134200638212
TMS18F1076P0104,-0.0280555374799205,-0.0446132334203084,0,5129,1,1131,0.149272642704725,0.0915845580508977,0.104659409284417,0.0766038718044961
TMS18F1076P0106,-0.0280555374799205,-0.214403006491959,0,5296,1,1223,-0.368572724569666,0.0740588824717211,-0.582975731061625,-0.611031268541546
TMS18F1076P0110,-0.0280555374799205,-0.166132840263685,0,5302,1,1229,-0.203603392967754,0.0742049496901283,-0.369736233231439,-0.397791770711359
TMS18F1076P0112,-0.0280555374799205,-0.0584904689512621,0,5320,1,1247,0.287439204698957,0.0742848521980672,0.228948735747695,0.200893198267775
TMS18F1076P0114,-0.0280555374799205,0.00961191268504279,0,5012,1,1018,-0.149128611482059,0.0686725559345125,-0.139516698797016,-0.167572236276937
TMS18F1076P0117,-0.0280555374799205,0.0113096815864804,0,5007,1,1013,-0.474596568887679,0.0664843610487436,-0.463286887301198,-0.491342424781119
TMS18F1076P0121,-0.0280555374799205,-0.076676406965938,0,5289,1,1216,-0.19170554345329,0.0926722067998239,-0.268381950419228,-0.296437487899148
TMS18F1079P0003,-0.0280555374799205,0.0521701646766157,0,5035,1,1040,0.0905040577155213,0.0700562091441782,0.142674222392137,0.114618684912217
TMS18F1081P0014,-0.0280555374799205,-0.13412823175081,0,5326,1,1253,-0.722867716342259,0.0751336101127813,-0.85699594809307,-0.88505148557299
TMS18F1082P0024,-0.0280555374799205,-0.0926762669103331,0,5295,1,1222,-0.1538700149877,0.0660521634497001,-0.246546281898033,-0.274601819377953
TMS18F1083P0014,-0.0280555374799205,-0.112186564131047,0,5027,1,1033,0.034139593998084,0.0742331902927452,-0.0780469701329633,-0.106102507612884
TMS18F1083P0025,-0.0280555374799205,-0.0892007796775812,0,5085,1,1088,-0.0149278052341215,0.0740451711800634,-0.104128584911703,-0.132184122391623
TMS18F1083P0028,-0.0280555374799205,0.0600389337174491,0,5053,1,1057,0.0955041240184335,0.06934404904717,0.155543057735883,0.127487520255962
TMS18F1083P0031,-0.0280555374799205,-0.0533651998578838,0,5136,1,1138,-0.112472024097017,0.0710544945141856,-0.165837223954901,-0.193892761434821
TMS18F1083P0032,-0.0280555374799205,-0.0153780347640199,0,5069,1,1072,-0.174276286111314,0.0685331371551371,-0.189654320875334,-0.217709858355255
TMS18F1083P0034,-0.0280555374799205,-0.0132823720153413,0,5124,1,1126,0.101681389866232,0.0714456664467631,0.0883990178508903,0.0603434803709699
TMS18F1084P0001,-0.0280555374799205,-0.0684347305780267,0,5220,1,1175,0.227934075240506,0.0733969771408158,0.15949934466248,0.131443807182559
TMS18F1085P0012,-0.0280555374799205,0.0600994723164219,0,5303,1,1230,0.301682247104702,0.0763548251667028,0.361781719421124,0.333726181941203
TMS18F1088P0008,-0.0280555374799205,-0.00421092733293319,0,5223,1,1177,0.493321178578075,0.0744240779949097,0.489110251245141,0.461054713765221
TMS18F1089P0001,-0.0280555374799205,-0.0555677582052244,0,5174,1,1160,0.191176942402541,0.0698243984884052,0.135609184197316,0.107553646717396
TMS18F1090P0020,-0.0280555374799205,0.0750620550786472,0,5049,1,1053,0.0678596831697964,0.0701663524520866,0.142921738248444,0.114866200768523
TMS18F1090P0023,-0.0280555374799205,0.152157154359396,0,5093,1,1096,-0.186502000032741,0.0768790091010699,-0.0343448456733456,-0.0624003831532661
TMS18F1090P0029,-0.0280555374799205,0.137961053028706,0,5045,1,1050,-0.22722271535379,0.0752732901027283,-0.0892616623250841,-0.117317199805005
TMS18F1090P0031,-0.0280555374799205,0.115267618860414,0,5060,1,1063,0.0368204488072773,0.0717794290809598,0.152088067667692,0.124032530187771
TMS18F1091P0014,-0.0280555374799205,0.00111783280471248,0,5153,1,1152,0.263395832113449,0.0737563966320258,0.264513664918162,0.236458127438241
TMS18F1092P0007,-0.0280555374799205,-0.0708640708636189,0,5224,1,1178,0.241569602975066,0.0730835284786013,0.170705532111448,0.142649994631527
TMS18F1092P0016,-0.0280555374799205,0.0321869084132831,0,5039,1,1044,0.201779879905564,0.0741300324571824,0.233966788318847,0.205911250838927
TMS18F1092P0022,-0.0280555374799205,0.0245963804279719,0,5170,1,1157,0.393725013764679,0.0735100988593871,0.418321394192651,0.39026585671273
TMS18F1094P0004,-0.0280555374799205,-0.0119501759064642,0,5259,1,1186,0.462082224339536,0.0728672476304804,0.450132048433072,0.422076510953152
TMS18F1095P0020,-0.0280555374799205,0.0998961300478715,0,5265,1,1192,0.121541122459883,0.0733296713920835,0.221437252507754,0.193381715027834
TMS18F1095P0041,-0.0280555374799205,0.0594126764586022,0,5092,1,1095,-0.0208462205060004,0.0702066784627695,0.0385664559526018,0.0105109184726813
TMS18F1096P0013,-0.0280555374799205,-0.196041102393354,0,5288,1,1215,0.330112083378702,0.0786429722573979,0.134070980985347,0.106015443505427
TMS18F1096P0024,-0.0280555374799205,-0.00610546408641145,0,5312,1,1239,0.247596704056204,0.0731827390939271,0.241491239969792,0.213435702489872
TMS18F1096P0042,-0.0280555374799205,-0.00401546439808569,0,5107,1,1110,0.243497255182138,0.0705426722747424,0.239481790784052,0.211426253304132
TMS18F1098P0004,-0.0280555374799205,0.00683723463929527,0,5048,1,1052,0.237401521805839,0.082524777065592,0.244238756445135,0.216183218965214
TMS18F1099P0015,-0.0280555374799205,-0.00730800939368338,0,5166,1,1156,0.0279644498566135,0.0737246015721943,0.0206564404629301,-0.00739909701699035
TMS18F1099P0017,-0.0280555374799205,0.0189490782429039,0,5038,1,1043,0.434732746454417,0.0669743186026557,0.453681824697321,0.4256262872174
TMS18F1102P0031,-0.0280555374799205,0.154436648616643,0,5071,1,1074,0.0484362875816812,0.0830661392043806,0.202872936198324,0.174817398718403
TMS18F1104P0007,-0.0280555374799205,0.0563271738631295,0,5025,1,1031,-0.0480413143113072,0.0703162951568576,0.00828585955182229,-0.0197696779280982
TMS18F1106P0028,-0.0280555374799205,0.126451898487531,0,5109,1,1112,0.0647366544125058,0.0696363233435355,0.191188552900037,0.163133015420116
TMS18F1106P0031,-0.0280555374799205,0.0784331239491788,0,5117,1,1119,0.208857015517445,0.0728814974018504,0.287290139466624,0.259234601986704
TMS18F1106P0035,-0.0280555374799205,0.104167884991023,0,5138,1,1140,-0.228420068042444,0.0716760507894272,-0.124252183051421,-0.152307720531341
TMS18F1106P0037,-0.0280555374799205,0.0688226110600972,0,5131,1,1133,-0.0166222705823628,0.068227055213304,0.0522003404777344,0.0241448029978139
TMS18F1106P0044,-0.0280555374799205,0.0645694129725057,0,5135,1,1137,0.262849385651039,0.0662110410224053,0.327418798623545,0.299363261143625
TMS18F1106P0045,-0.0280555374799205,0.0298400517648596,0,5143,1,1145,0.0250380931862968,0.0699549591934094,0.0548781449511563,0.0268226074712359
TMS18F1107P0020,-0.0280555374799205,-0.0549858778148509,0,5323,1,1250,-0.204248324050897,0.108518326574096,-0.259234201865748,-0.287289739345668
TMS18F1108P0012,-0.0280555374799205,0.115171253874052,0,5188,1,1163,0.0707145079865538,0.0732273214928402,0.185885761860605,0.157830224380685
TMS18F1109P0011,-0.0280555374799205,0.195395642900718,0,5177,1,1161,-0.24731583944026,0.0834904662956638,-0.0519201965395427,-0.0799757340194631
TMS18F1113P0002,-0.0280555374799205,0.0345049797677398,0,5037,1,1042,0.244218818367746,0.110491480780897,0.278723798135486,0.250668260655566
TMS18F1113P0027,-0.0280555374799205,0.132751624924842,0,5142,1,1144,0.263725447794199,0.0815977288479178,0.396477072719041,0.368421535239121
TMS18F1113P0031,-0.0280555374799205,0.0302342560056393,0,5086,1,1089,0.400614242844893,0.077926558564314,0.430848498850532,0.402792961370612
TMS18F1113P0038,-0.0280555374799205,0.0627579669105937,0,5052,1,1056,0.270787541020898,0.0795272069995367,0.333545507931492,0.305489970451571
TMS18F1114P0032,-0.0280555374799205,0.108060930872863,0,5044,1,1049,-0.00809459657502758,0.0679661961282462,0.0999663342978354,0.0719107968179149
TMS18F1114P0038,-0.0280555374799205,0.0920520654956302,0,5132,1,1134,0.310949899188558,0.0809443461685835,0.403001964684188,0.374946427204267
TMS18F1114P0039,-0.0280555374799205,0.13267562722922,0,5068,1,1071,0.0651659411968326,0.0766958372373263,0.197841568426053,0.169786030946133
TMS18F1119P0029,-0.0280555374799205,0.0129906899576308,0,5146,1,1148,0.363667255794656,0.074737896242813,0.376657945752286,0.348602408272366
TMS18F1119P0037,-0.0280555374799205,-0.0121135057424484,0,5087,1,1090,0.325932880162802,0.0723726547769778,0.313819374420354,0.285763836940433
TMS18F1119P0039,-0.0280555374799205,0.0311360152055741,0,5089,1,1092,0.162936914332177,0.085343695316719,0.194072929537751,0.166017392057831
TMS18F1119P0042,-0.0280555374799205,-0.0337582817947546,0,5113,1,1116,0.485355687095795,0.0734907702876023,0.451597405301041,0.42354186782112
TMS18F1119P0043,-0.0280555374799205,0.0368632944700204,0,5098,1,1101,0.453723941744287,0.0688852255563347,0.490587236214307,0.462531698734387
TMS18F1120P0004,-0.0280555374799205,-0.247388402088957,0,5294,1,1221,-0.0299224425247114,0.0831701830675866,-0.277310844613668,-0.305366382093589
TMS18F1121P0029,-0.0280555374799205,0.0435283565983696,0,5034,1,1039,0.209212700414934,0.0720180264557578,0.252741057013303,0.224685519533383
TMS18F1123P0019,-0.0280555374799205,0.021216513477518,0,5172,1,1158,0.348277024348837,0.0705752978894311,0.369493537826355,0.341438000346435
TMS18F1124P0041,-0.0280555374799205,-0.0247297909766687,0,5088,1,1091,0.264396362659809,0.0748232541432427,0.23966657168314,0.21161103420322
TMS18F1125P0004,-0.0280555374799205,-0.212816846897072,0,5278,1,1205,0.320798067330809,0.0741661868064502,0.107981220433736,0.079925682953816
TMS18F1127P0010,-0.0280555374799205,0.024175667910516,0,5023,1,1029,0.413977643213432,0.0755312868954349,0.438153311123948,0.410097773644028
TMS18F1127P0011,-0.0280555374799205,-0.146878184937364,0,5290,1,1217,0.0909737221736886,0.0890091243871173,-0.0559044627636751,-0.0839600002435956
TMS18F1132P0042,-0.0280555374799205,0.0492448365361935,0,5016,1,1022,0.128334138682153,0.0735932741466935,0.177578975218346,0.149523437738426
TMS18F1132P0058,-0.0280555374799205,0.0942333760772593,0,5054,1,1058,0.363083924379776,0.074558149835731,0.457317300457035,0.429261762977114
TMS18F1132P0062,-0.0280555374799205,-0.0939044432669558,0,5279,1,1206,0.258181966897522,0.0682596279356215,0.164277523630567,0.136221986150646
TMS18F1132P0078,-0.0280555374799205,-0.189135532687826,0,5310,1,1237,0.23872735108709,0.0814690474911157,0.0495918183992639,0.0215362809193434
TMS18F1132P0083,-0.0280555374799205,0.0145875485406353,0,5050,1,1054,0.27188920841931,0.0693516128354642,0.286476756959945,0.258421219480025
TMS18F1132P0144,-0.0280555374799205,-0.381381719394338,0,5056,1,1060,0.593549968178161,0.0936471537725527,0.212168248783823,0.184112711303902
TMS18F1134P0010,-0.0280555374799205,0.0656729956036547,0,5018,1,1024,0.0314367696546014,0.0753656967252004,0.0971097652582561,0.0690542277783356
TMS18F1135P0025,-0.0280555374799205,-0.0963616631742038,0,5041,1,1046,0.33026251032902,0.109101110114777,0.233900847154816,0.205845309674896
TMS18F1138P0028,-0.0280555374799205,0.0268242738467191,0,5077,1,1080,0.36535468959775,0.0657444869164811,0.392178963444469,0.364123425964548
TMS18F1138P0030,-0.0280555374799205,-0.0125960499937282,0,5073,1,1076,0.0403720893530059,0.106463370653222,0.0277760393592776,-0.000279498120642832
TMS18F1138P0035,-0.0280555374799205,0.0307411607996224,0,5325,1,1252,-0.264189704013251,0.0718576644043952,-0.233448543213629,-0.261504080693549
TMS18F1138P0037,-0.0280555374799205,0.0417758121072911,0,5062,1,1065,0.138826528057558,0.0703730300447433,0.180602340164849,0.152546802684929
TMS18F1139P0076,-0.0280555374799205,0.0505455598447313,0,5078,1,1081,0.272593262392137,0.0699120678151335,0.323138822236869,0.295083284756948
TMS18F1139P0097,-0.0280555374799205,0.0835538820499791,0,5082,1,1085,0.107596624927686,0.0723660456085926,0.191150506977665,0.163094969497745
TMS18F1142P0017,-0.0280555374799205,-0.0255763083483913,0,5015,1,1021,0.460849068463325,0.0723773211944329,0.435272760114933,0.407217222635013
TMS18F1143P0028,-0.0280555374799205,-0.0280722016838256,0,5043,1,1048,0.229689473430448,0.0702968374753377,0.201617271746623,0.173561734266702
TMS18F1143P0034,-0.0280555374799205,0.0355937209661997,0,5042,1,1047,-0.233126012047325,0.072184599627343,-0.197532291081125,-0.225587828561046
TMS18F1144P0010,-0.0280555374799205,0.109419560716504,0,5040,1,1045,-0.291313229967207,0.0729792637829501,-0.181893669250703,-0.209949206730624
TMS18F1149P0020,-0.0280555374799205,0.0288272869165499,0,5257,1,1184,0.297554408546691,0.0723178703299271,0.326381695463241,0.29832615798332
TMS18F1149P0024,-0.0280555374799205,-0.0865267018858026,0,5298,1,1225,0.516671447171649,0.0787072501816811,0.430144745285846,0.402089207805926
TMS18F1150P0011,-0.0280555374799205,-0.0441019591319428,0,5271,1,1198,-0.165864753504886,0.0743010895219318,-0.209966712636829,-0.23802225011675
TMS18F1150P0015,-0.0280555374799205,-0.0226318118095705,0,5258,1,1185,0.440177676708298,0.0767172640044861,0.417545864898728,0.389490327418807
TMS18F1152P0003,-0.0280555374799205,-0.191406110900916,0,5270,1,1197,0.21893609872651,0.0797506956035235,0.0275299878255931,-0.000525549654327384
TMS18F1153P0053,-0.0280555374799205,-0.000125915139241511,0,5283,1,1210,-0.210171095525316,0.0778475383481296,-0.210297010664557,-0.238352548144478
TMS18F1153P0058,-0.0280555374799205,-0.147975114452961,0,5277,1,1204,0.15495651466075,0.0749683602994401,0.00698140020778895,-0.0210741372721315
TMS18F1156P0016,-0.0280555374799205,0.0195999557468404,0,5313,1,1240,0.653745033586994,0.076218967524395,0.673344989333834,0.645289451853914
TMS18F1157P0033,-0.0280555374799205,-0.0130075401807081,0,5100,1,1103,0.0952406282342749,0.0692961890902496,0.0822330880535667,0.0541775505736463
TMS18F1157P0038,-0.0280555374799205,-0.0243392646257713,0,5104,1,1107,-0.0212988765765871,0.0895880436634653,-0.0456381412023583,-0.0736936786822788
TMS18F1157P0041,-0.0280555374799205,-0.00451921637518896,0,5080,1,1083,0.1091754641617,0.0807321688482998,0.104656247786511,0.0766007103065909
TMS18F1159P0001,-0.0280555374799205,0.137167135936556,0,5264,1,1191,0.185413300848543,0.0777416698311529,0.322580436785099,0.294524899305179
TMS18F1159P0002,-0.0280555374799205,0.0322164416942317,0,5234,1,1180,0.305070392848249,0.0688281860186206,0.337286834542481,0.30923129706256
TMS18F1159P0011,-0.0280555374799205,0.0420308211004421,0,5244,1,1182,0.107141570223366,0.0745646940004129,0.149172391323809,0.121116853843888
TMS18F1161P0009,-0.0280555374799205,-0.00166272099883533,0,5243,1,1181,0.332061669969828,0.0725811021070954,0.330398948970992,0.302343411491072
TMS18F1163P0008,-0.0280555374799205,-0.07873854370176,0,5248,1,1183,0.443253325115057,0.0698192326681693,0.364514781413297,0.336459243933376
TMS18F1163P0020,-0.0280555374799205,-0.0976602816303974,0,5786,1,1696,0.313714155562328,0.0727398690696622,0.216053873931931,0.18799833645201
TMS18F1163P0024,-0.0280555374799205,-0.0760112943219014,0,5585,1,1509,0.5441982368451,0.0681576879718696,0.468186942523199,0.440131405043278
TMS18F1163P0035,-0.0280555374799205,-0.0892111419510709,0,6304,1,2079,0.370122990123797,0.08267951918084,0.280911848172726,0.252856310692806
TMS18F1163P0040,-0.0280555374799205,-0.082777732821461,0,5580,1,1505,0.36032898746668,0.0695576356734787,0.277551254645219,0.249495717165299
TMS18F1163P0042,-0.0280555374799205,-0.0985452434337395,0,6357,1,2132,0.104724989667635,0.080873711275055,0.00617974623389511,-0.0218757912460253
TMS18F1163P0044,-0.0280555374799205,-0.0421396707878365,0,6409,1,2184,-0.189861144843373,0.0776569324523519,-0.23200081563121,-0.26005635311113
TMS18F1165P0008,-0.0280555374799205,0.127360040312413,0,5490,1,1416,-0.0650170450096227,0.0780865208856966,0.0623429953027899,0.0342874578228694
TMS18F1165P0018,-0.0280555374799205,0.0555443369458297,0,5474,1,1400,-0.118900349663032,0.0704098497604054,-0.0633560127172021,-0.0914115501971226
TMS18F1167P0007,-0.0280555374799205,0.112628229755367,0,5796,1,1699,-0.0497183381065064,0.0789456670273403,0.062909891648861,0.0348543541689406
TMS18F1173P0009,-0.0280555374799205,0.0494019062924967,0,5777,1,1694,-0.126077577862261,0.0718254746480015,-0.0766756715697645,-0.104731209049685
TMS18F1174P0011,-0.0280555374799205,-0.0203726764453113,0,6342,1,2117,0.0733985796460112,0.078171107347151,0.0530259032006999,0.0249703657207794
TMS18F1175P0036,-0.0280555374799205,-0.0139938154138104,0,6315,1,2090,0.0254784881804524,0.0740006698476747,0.011484672766642,-0.0165708647132784
TMS18F1175P0039,-0.0280555374799205,0.00301959336618705,0,5712,1,1633,0.171523662401332,0.0733530391812411,0.174543255767519,0.146487718287599
TMS18F1175P0053,-0.0280555374799205,-0.0965111058890046,0,6380,1,2155,-0.34354812203363,0.0846433763565198,-0.440059227922635,-0.468114765402555
TMS18F1177P0038,-0.0280555374799205,-0.0160359465542516,0,5607,1,1531,0.575843049367843,0.0689885281261213,0.559807102813592,0.531751565333671
TMS18F1177P0042,-0.0280555374799205,-0.0422316573583948,0,5674,1,1595,0.31888526708886,0.0702914364501412,0.276653609730465,0.248598072250544
TMS18F1177P0049,-0.0280555374799205,0.00650019065528545,0,5752,1,1671,0.426899050196544,0.0701814394389513,0.433399240851829,0.405343703371909
TMS18F1178P0010,-0.0280555374799205,0.278827496307309,0,6452,1,2227,0.174553970619071,0.0740562654841455,0.45338146692638,0.425325929446459
TMS18F1178P0025,-0.0280555374799205,0.0327805602784391,0,5647,1,1568,0.0162433362703531,0.0680566509246875,0.0490238965487922,0.0209683590688718
TMS18F1178P0034,-0.0280555374799205,-0.0134267670390164,0,5615,1,1538,0.126759101960917,0.0713660535678587,0.1133323349219,0.0852767974419796
TMS18F1178P0046,-0.0280555374799205,0.0328510494177397,0,5505,1,1430,-0.238485634779182,0.0697995066113223,-0.205634585361442,-0.233690122841363
TMS18F1178P0048,-0.0280555374799205,-0.0887551175768921,0,6312,1,2087,-0.0478321663964882,0.0789044034252222,-0.13658728397338,-0.164642821453301
TMS18F1179P0008,-0.0280555374799205,-0.0125211268022023,0,6285,1,2060,-0.168270784359107,0.0730400543029952,-0.18079191116131,-0.20884744864123
TMS18F1179P0029,-0.0280555374799205,0.0740225818716283,0,5598,1,1522,-0.0481415063325496,0.077914872832574,0.0258810755390788,-0.00217446194084171
TMS18F1180P0018,-0.0280555374799205,0.0569823611483847,0,5502,1,1427,-0.0236415561472073,0.0760539269628896,0.0333408050011775,0.00528526752125702
TMS18F1180P0033,-0.0280555374799205,0.0428943528897392,0,5482,1,1408,0.476835371491718,0.0721224762680462,0.519729724381457,0.491674186901536
TMS18F1186P0025,-0.0280555374799205,0.0335910495695264,0,5669,1,1590,0.33289257402066,0.0730895281276784,0.366483623590187,0.338428086110266
TMS18F1186P0030,-0.0280555374799205,-0.0176735328500922,0,5511,1,1436,0.516631708081041,0.0705525828275256,0.498958175230949,0.470902637751028
TMS18F1186P0035,-0.0280555374799205,-0.0190857904723945,0,5760,1,1679,0.466599021754948,0.0690840040142932,0.447513231282554,0.419457693802634
TMS18F1186P0039,-0.0280555374799205,0.0214409880402566,0,5728,1,1649,0.637989123764547,0.0693580247863622,0.659430111804803,0.631374574324883
TMS18F1188P0020,-0.0280555374799205,0.01831781965106,0,5788,1,1697,0.0438687770670208,0.110372107479516,0.0621865967180808,0.0341310592381604
TMS18F1189P0008,-0.0280555374799205,0.0236102754039548,0,5483,1,1409,0.173468011384488,0.0696925965331352,0.197078286788443,0.169022749308522
TMS18F1191P0002,-0.0280555374799205,-0.216881246279613,0,6374,1,2149,0.421908635465711,0.0826152965950471,0.205027389186098,0.176971851706178
TMS18F1191P0013,-0.0280555374799205,-0.0110478386620196,0,5828,1,1704,0.28241719030093,0.0676061891453021,0.27136935163891,0.24331381415899
TMS18F1192P0009,-0.0280555374799205,0.0324050813686035,0,5501,1,1426,0.00636535741797134,0.066735058124645,0.0387704387865748,0.0107149013066543
TMS18F1202P0001,-0.0280555374799205,0.0451358480846038,0,6433,1,2208,0.0338270558264943,0.0760232234282151,0.0789629039110981,0.0509073664311776
TMS18F1205P0010,-0.0280555374799205,-0.0613121637637556,0,5480,1,1406,0.319457395370701,0.0721226474248663,0.258145231606946,0.230089694127025
TMS18F1205P0015,-0.0280555374799205,-0.0107144462270644,0,5499,1,1424,0.158647876013909,0.0704226419378254,0.147933429786845,0.119877892306924
TMS18F1207P0008,-0.0280555374799205,-0.00240620783024301,0,5473,1,1399,-0.109534837622113,0.0716868046242534,-0.111941045452356,-0.139996582932277
TMS18F1208P0005,-0.0280555374799205,-0.0783754227737352,0,6358,1,2133,-0.234497986607983,0.0812743509960748,-0.312873409381719,-0.340928946861639
TMS18F1208P0007,-0.0280555374799205,-0.0538088823394584,0,6403,1,2178,-0.139695646196317,0.0824579851671966,-0.193504528535775,-0.221560066015696
TMS18F1209P0015,-0.0280555374799205,0.0749759405149978,0,5497,1,1422,0.134160897514387,0.106043104623445,0.209136838029385,0.181081300549465
TMS18F1210P0008,-0.0280555374799205,-0.176594670771203,0,5782,1,1695,0.337914081100655,0.0755939434929193,0.161319410329452,0.133263872849532
TMS18F1210P0021,-0.0280555374799205,-0.0878774759432402,0,5472,1,1398,0.262267446433983,0.0684658247693513,0.174389970490743,0.146334433010822
TMS18F1211P0003,-0.0280555374799205,0.0123427577383843,0,6322,1,2097,0.23425851031971,0.0771220547758573,0.246601268058095,0.218545730578174
TMS18F1211P0026,-0.0280555374799205,0.00697544024268321,0,5640,1,1562,0.389342850835429,0.0754383936004878,0.396318291078112,0.368262753598191
TMS18F1211P0033,-0.0280555374799205,-0.00533016910899154,0,5677,1,1598,0.099714245953254,0.0822960640638844,0.0943840768442624,0.066328539364342
TMS18F1211P0035,-0.0280555374799205,-0.00680918840591111,0,5498,1,1423,0.356276067544209,0.0679945757117741,0.349466879138298,0.321411341658378
TMS18F1214P0016,-0.0280555374799205,-0.122675424162878,0,5792,1,1698,0.437861438748646,0.0907933695352695,0.315186014585768,0.287130477105847
TMS18F1215P0027,-0.0280555374799205,-0.0463584222688105,0,5476,1,1402,0.0386158546985091,0.0859612399967415,-0.00774256757030137,-0.0357981050502218
TMS18F1216P0001,-0.0280555374799205,-0.0252581493102252,0,5817,1,1702,0.0390849029969418,0.0690842665093125,0.0138267536867166,-0.0142287837932038
TMS18F1217P0013,-0.0280555374799205,-0.273534761747554,0,5633,1,1555,0.0983322163162072,0.0772308272623614,-0.175202545431346,-0.203258082911267
TMS18F1217P0019,-0.0280555374799205,0.0294338165408748,0,6462,1,2237,0.322256386208061,0.0790330324924182,0.351690202748936,0.323634665269016
TMS18F1217P0026,-0.0280555374799205,-0.00274834273764328,0,5492,1,1418,-0.2395819230325,0.0810541025818934,-0.242330265770143,-0.270385803250063
TMS18F1217P0034,-0.0280555374799205,0.0670100671784856,0,5475,1,1401,-0.0706499390277695,0.0768245112168893,-0.0036398718492839,-0.0316954093292044
TMS18F1217P0075,-0.0280555374799205,-0.312792955716231,0,6453,1,2228,-0.3211557013624,0.0837864231260641,-0.633948657078631,-0.662004194558551
TMS18F1217P0079,-0.0280555374799205,0.0593356667471855,0,5705,1,1626,0.0497359279079318,0.0752781271468954,0.109071594655117,0.0810160571751968
TMS18F1217P0091,-0.0280555374799205,-0.0221129128173967,0,5404,1,1331,0.235818446631052,0.0786199051554841,0.213705533813655,0.185649996333735
TMS18F1217P0092,-0.0280555374799205,-0.0501853746701201,0,5656,1,1577,0.179684877743681,0.0660695228044097,0.129499503073561,0.101443965593641
TMS18F1217P0095,-0.0280555374799205,-0.0455311885569662,0,5406,1,1333,0.00414843406988358,0.102584163741621,-0.0413827544870826,-0.0694382919670031
TMS18F1217P0114,-0.0280555374799205,-0.278870229323859,0,6324,1,2099,-0.211566347888478,0.0838043650679512,-0.490436577212337,-0.518492114692257
TMS18F1217P0121,-0.0280555374799205,0.0471646020961914,0,5397,1,1324,0.0414787555618491,0.0757852876625932,0.0886433576580405,0.06058782017812
TMS18F1218P0003,-0.0280555374799205,-0.078176201522541,0,5481,1,1407,0.167386816545418,0.105395572987052,0.0892106150228774,0.0611550775429569
TMS18F1220P0006,-0.0280555374799205,0.0135787788716632,0,5799,1,1700,0.341144168606582,0.0681187736548354,0.354722947478246,0.326667409998325
TMS18F1220P0023,-0.0280555374799205,-0.00640977961880753,0,5488,1,1414,0.325729465293669,0.070062659591892,0.319319685674861,0.291264148194941
TMS18F1221P0048,-0.0280555374799205,-0.107256427614161,0,5558,1,1483,-0.0950007199945336,0.0894247674773426,-0.202257147608695,-0.230312685088615
TMS18F1221P0053,-0.0280555374799205,-0.0387749828661141,0,6448,1,2223,0.230440954411702,0.081988415073861,0.191665971545588,0.163610434065668
TMS18F1221P0055,-0.0280555374799205,-0.0885598343343271,0,5586,1,1510,0.132198061914187,0.0694745494274523,0.0436382275798603,0.0155826900999398
TMS18F1221P0059,-0.0280555374799205,-0.0609294030677345,0,5507,1,1432,0.202091809387674,0.0663489373655088,0.14116240631994,0.113106868840019
TMS18F1221P0068,-0.0280555374799205,-0.0561291733354392,0,5561,1,1486,-0.0237943843527043,0.0680343284348892,-0.0799235576881435,-0.107979095168064
TMS18F1222P0012,-0.0280555374799205,-0.0448855633045947,0,6381,1,2156,0.183948744743752,0.0781345707348069,0.139063181439158,0.111007643959237
TMS18F1223P0022,-0.0280555374799205,0.10954462828422,0,5806,1,1701,0.106023246838774,0.0819079159204764,0.215567875122994,0.187512337643074
TMS18F1224P0014,-0.0280555374799205,-0.00216258214121914,0,6412,1,2187,0.279109557357237,0.0767994749385413,0.276946975216018,0.248891437736098
TMS18F1225P0002,-0.0280555374799205,-0.0816338664608905,0,5491,1,1417,0.111732730381344,0.0714018488980463,0.0300988639204537,0.00204332644053326
TMS18F1225P0030,-0.0280555374799205,-0.137616808240552,0,6441,1,2216,0.0122144529262282,0.0818513393073307,-0.125402355314324,-0.153457892794245
TMS18F1231P0011,-0.0280555374799205,-0.114988347523422,0,6419,1,2194,-0.00691024836962147,0.0813643056885455,-0.121898595893044,-0.149954133372964
TMS18F1231P0024,-0.0280555374799205,0.0767990661858446,0,5743,1,1664,0.157586165957902,0.0698677216573395,0.234385232143746,0.206329694663826
TMS18F1233P0013,-0.0280555374799205,0.00298441522025429,0,5460,1,1387,0.331464140548838,0.0779803191023251,0.334448555769092,0.306393018289171
TMS18F1240P0024,-0.0280555374799205,-0.177239905984475,0,6392,1,2167,0.421328607032695,0.0789976135238423,0.24408870104822,0.2160331635683
TMS18F1240P0026,-0.0280555374799205,-0.0614130245036769,0,5438,1,1365,0.126785223667996,0.0738088282595066,0.0653721991643196,0.0373166616843992
TMS18F1250P0033,-0.0280555374799205,-0.0202705472070115,0,5653,1,1574,0.195203414047543,0.0850715332133328,0.174932866840531,0.146877329360611
TMS18F1250P0037,-0.0280555374799205,-0.00279586710867692,0,5661,1,1582,-0.0233884062229835,0.0717814397885435,-0.0261842733316604,-0.0542398108115809
TMS18F1250P0048,-0.0280555374799205,-0.00351077713396594,0,5672,1,1593,-0.0610709351879818,0.0962885737519862,-0.0645817123219478,-0.0926372498018682
TMS18F1250P0049,-0.0280555374799205,-0.0389435894121346,0,5575,1,1500,0.00602569485351338,0.0857428329800207,-0.0329178945586212,-0.0609734320385417
TMS18F1250P0050,-0.0280555374799205,0.00773259976034238,0,5403,1,1330,-0.020943127166384,0.0721837432530909,-0.0132105274060416,-0.041266064885962
TMS18F1251P0037,-0.0280555374799205,-0.155210641662688,0,5731,1,1652,-0.311433272934526,0.0718211473586458,-0.466643914597214,-0.494699452077135
TMS18F1251P0038,-0.0280555374799205,-0.0266672587535012,0,5688,1,1609,0.0470071818270607,0.0664537204054896,0.0203399230735596,-0.00771561440636088
TMS18F1251P0039,-0.0280555374799205,-0.157442669176544,0,5602,1,1526,-0.0442612289703677,0.0692178230784044,-0.201703898146912,-0.229759435626832
TMS18F1251P0048,-0.0280555374799205,-0.103665800967535,0,5735,1,1656,0.11618314617672,0.066529386850547,0.012517345209185,-0.0155381922707354
TMS18F1257P0027,-0.0280555374799205,0.0212668114334269,0,5654,1,1575,0.457057388294764,0.0719353516254486,0.47832419972819,0.45026866224827
TMS18F1258P0062,-0.0280555374799205,0.0810774646372987,0,6359,1,2134,-0.0510708408989842,0.11322939968783,0.0300066237383146,0.00195108625839411
TMS18F1258P0084,-0.0280555374799205,0.00342895390400916,0,5758,1,1677,0.294930992761088,0.0783887965963891,0.298359946665097,0.270304409185177
TMS18F1258P0088,-0.0280555374799205,0.042353699848886,0,5730,1,1651,-0.121148717573304,0.0671031840781034,-0.078795017724418,-0.106850555204338
TMS18F1258P0113,-0.0280555374799205,0.0637296900695052,0,5552,1,1477,0.149742281951284,0.0768079516148528,0.21347197202079,0.185416434540869
TMS18F1258P0122,-0.0280555374799205,0.00669498901819621,0,5701,1,1622,0.0955910610500144,0.0756246190682032,0.102286050068211,0.0742305125882901
TMS18F1258P0124,-0.0280555374799205,0.0235673605726024,0,5757,1,1676,0.0828221456233897,0.074055836599003,0.106389506195992,0.0783339687160716
TMS18F1258P0128,-0.0280555374799205,0.0184396295385254,0,5567,1,1492,-0.0522734886162053,0.0745155914533682,-0.0338338590776799,-0.0618893965576003
TMS18F1258P0136,-0.0280555374799205,0.0456441308718324,0,5690,1,1611,0.0947256583699413,0.071612712413179,0.140369789241774,0.112314251761853
TMS18F1258P0147,-0.0280555374799205,0.026150977500769,0,6395,1,2170,0.357512702408839,0.0758210004054116,0.383663679909608,0.355608142429688
TMS18F1258P0153,-0.0280555374799205,-0.0973054643053753,0,6354,1,2129,0.0204731210835898,0.0766454870674587,-0.0768323432217854,-0.104887880701706
TMS18F1258P0156,-0.0280555374799205,-0.0103365642024524,0,6440,1,2215,0.216765559039902,0.0694864124636417,0.20642899483745,0.178373457357529
TMS18F1259P0022,-0.0280555374799205,-0.19797354360069,0,5906,1,1724,0.814203304713602,0.0752370706402808,0.616229761112913,0.588174223632992
TMS18F1259P0083,-0.0280555374799205,-0.266666070567571,0,5763,1,1682,0.442525855209152,0.0779934982233972,0.175859784641581,0.147804247161661
TMS18F1259P0092,-0.0280555374799205,0.0646709206585358,0,6307,1,2082,-0.00782569587510607,0.077026977637194,0.0568452247834298,0.0287896873035093
TMS18F1259P0098,-0.0280555374799205,-0.146202221230957,0,5704,1,1625,0.591458073312475,0.0710573645338216,0.445255852081518,0.417200314601598
TMS18F1259P0099,-0.0280555374799205,-0.190055750348364,0,5520,1,1445,0.632106722574097,0.074357159279131,0.442050972225733,0.413995434745813
TMS18F1259P0115,-0.0280555374799205,-0.0408586068340575,0,5773,1,1692,0.536104110727285,0.0693330257547882,0.495245503893227,0.467189966413307
TMS18F1259P0131,-0.0280555374799205,-0.215812340883029,0,5526,1,1451,0.662974291617576,0.0775397174991373,0.447161950734546,0.419106413254626
TMS18F1259P0133,-0.0280555374799205,0.0416347210602444,0,5720,1,1641,-0.00751641138816962,0.0738982591581044,0.0341183096720748,0.0060627721921543
TMS18F1259P0139,-0.0280555374799205,-0.196175340295032,0,5539,1,1464,0.337912322334928,0.0727868833753088,0.141736982039896,0.113681444559976
TMS18F1259P0144,-0.0280555374799205,-0.134229583438272,0,5632,1,1554,0.594039180092865,0.0720600721184152,0.459809596654594,0.431754059174673
TMS18F1259P0149,-0.0280555374799205,-0.192665195399218,0,5595,1,1519,0.622411648688426,0.0725937812923012,0.429746453289209,0.401690915809288
TMS18F1260P0004,-0.0280555374799205,-0.080295513693552,0,5487,1,1413,0.116729582045845,0.0712949953001097,0.0364340683522931,0.0083785308723726
TMS18F1260P0052,-0.0280555374799205,-0.122802214811742,0,5737,1,1658,-0.0525220130778155,0.0756571143007758,-0.175324227889558,-0.203379765369478
TMS18F1260P0054,-0.0280555374799205,-0.0851264728531396,0,6292,1,2067,0.0505801935159554,0.076048608032017,-0.0345462793371842,-0.0626018168171047
TMS18F1260P0056,-0.0280555374799205,-0.159468357023186,0,5729,1,1650,-0.0420480939389301,0.077579919020414,-0.201516450962116,-0.229571988442037
TMS18F1260P0060,-0.0280555374799205,-0.118870651154261,0,5732,1,1653,0.232538693893924,0.0762866122576587,0.113668042739663,0.0856125052597424
TMS18F1260P0062,-0.0280555374799205,-0.141543137741071,0,5603,1,1527,0.176256158960025,0.0765775241950503,0.0347130212189535,0.00665748373903308
TMS18F1260P0071,-0.0280555374799205,-0.139025763602518,0,5770,1,1689,0.0636761397881886,0.075697817251475,-0.0753496238143291,-0.10340516129425
TMS18F1261P0005,-0.0280555374799205,0.0432282541994892,0,6302,1,2077,-0.0975670556329993,0.0734866570975936,-0.0543388014335101,-0.0823943389134306
TMS18F1262P0008,-0.0280555374799205,-0.010161920112454,0,6333,1,2108,-0.0229063808667353,0.0753894543793721,-0.0330683009791893,-0.0611238384591097
TMS18F1262P0015,-0.0280555374799205,-0.0539484734442332,0,5471,1,1397,0.132401135566162,0.0672226260744686,0.0784526621219293,0.0503971246420088
TMS18F1263P0037,-0.0280555374799205,-0.0884506820001748,0,6390,1,2165,0.266529303424313,0.0712295450083879,0.178078621424138,0.150023083944217
TMS18F1263P0056,-0.0280555374799205,-0.162102663777845,0,6019,1,1812,0.00683573945470937,0.0840871638680209,-0.155266924323136,-0.183322461803056
TMS18F1263P0095,-0.0280555374799205,-0.191614767516598,0,5641,1,1563,0.0289087239546102,0.0780364797628786,-0.162706043561988,-0.190761581041909
TMS18F1263P0097,-0.0280555374799205,-0.138393301507533,0,5676,1,1597,-0.201731031370622,0.0714041435234345,-0.340124332878155,-0.368179870358076
TMS18F1263P0098,-0.0280555374799205,-0.188473306567,0,5685,1,1606,-0.13662005819943,0.076270503761962,-0.32509336476643,-0.35314890224635
TMS18F1263P0103,-0.0280555374799205,-0.199596913919125,0,5556,1,1481,-0.00991607573437799,0.0741454149495664,-0.209512989653503,-0.237568527133423
TMS18F1263P0109,-0.0280555374799205,-0.130732671992492,0,5715,1,1636,-0.0568816547154024,0.0726892627936529,-0.187614326707894,-0.215669864187815
TMS18F1264P0058,-0.0280555374799205,-0.134139820196416,0,5465,1,1392,-0.35543585727087,0.0896846044854801,-0.489575677467287,-0.517631214947207
TMS18F1264P0060,-0.0280555374799205,-0.15314568781848,0,5840,1,1706,0.0676154580936289,0.0697901426772791,-0.0855302297248509,-0.113585767204771
TMS18F1264P0063,-0.0280555374799205,-0.0693578579766897,0,6129,1,1917,-0.438918851192587,0.0790553749356325,-0.508276709169277,-0.536332246649198
TMS18F1264P0069,-0.0280555374799205,-0.182878980215206,0,5907,1,1725,-0.17062325134499,0.0806638584907664,-0.353502231560197,-0.381557769040117
TMS18F1264P0109,-0.0280555374799205,-0.058041422786926,0,5744,1,1665,-0.145000459000665,0.088138529233764,-0.203041881787591,-0.231097419267511
TMS18F1265P0026,-0.0280555374799205,-0.115134202780677,0,6036,1,1829,-0.17202940662384,0.0848945007822663,-0.287163609404518,-0.315219146884438
TMS18F1265P0029,-0.0280555374799205,-0.101466984340808,0,5969,1,1767,-0.0709543271364307,0.0857550493895664,-0.172421311477239,-0.200476848957159
TMS18F1265P0030,-0.0280555374799205,-0.156421342275031,0,5409,1,1336,-0.291911089262822,0.0745300003862152,-0.448332431537853,-0.476387969017773
TMS18F1265P0031,-0.0280555374799205,-0.122754854598003,0,5533,1,1458,0.0703483086961685,0.0784979857294222,-0.0524065459018348,-0.0804620833817552
TMS18F1265P0033,-0.0280555374799205,-0.277006781186156,0,6085,1,1876,0.0428639108938345,0.0805663647942247,-0.234142870292321,-0.262198407772242
TMS18F1269P0003,-0.0280555374799205,-0.149615764292443,0,5648,1,1569,0.111680751691427,0.0714748140710286,-0.0379350126010163,-0.0659905500809368
TMS18F1269P0025,-0.0280555374799205,-0.114731300301869,0,5619,1,1542,-0.0123885765571324,0.0721474832722058,-0.127119876859001,-0.155175414338922
TMS18F1269P0031,-0.0280555374799205,-0.23608365378448,0,5569,1,1494,0.389418476293888,0.0938415113735599,0.153334822509408,0.125279285029487
TMS18F1269P0034,-0.0280555374799205,-0.136843396131729,0,5692,1,1613,-0.0251374567154731,0.0940657840485558,-0.161980852847202,-0.190036390327123
TMS18F1270P0042,-0.0280555374799205,-0.192396529961574,0,5680,1,1601,0.301602813713571,0.0831398056998458,0.109206283751996,0.0811507462720759
TMS18F1271P0001,-0.0280555374799205,-0.0578810133250102,0,6393,1,2168,0.345485461769799,0.0749223251270424,0.287604448444788,0.259548910964868
TMS18F1271P0002,-0.0280555374799205,-0.00461055641860926,0,5664,1,1585,0.211329763670294,0.0942275008771664,0.206719207251685,0.178663669771765
TMS18F1272P0026,-0.0280555374799205,-0.127697077177338,0,5500,1,1425,0.540320506055601,0.076007259046374,0.412623428878264,0.384567891398343
TMS18F1272P0037,-0.0280555374799205,0.0174549466540476,0,6330,1,2105,-0.0608097972600683,0.107328432736983,-0.0433548506060207,-0.0714103880859412
TMS18F1272P0038,-0.0280555374799205,-0.116538336485481,0,5698,1,1619,0.380316630549183,0.0753005583726868,0.263778294063701,0.235722756583781
TMS18F1274P0020,-0.0280555374799205,-0.294210248255232,0,6407,1,2182,0.247949937455355,0.0916309589766522,-0.0462603107998772,-0.0743158482797977
TMS18F1274P0025,-0.0280555374799205,-0.205369895769697,0,6320,1,2095,-0.0473904975555391,0.0839128852153858,-0.252760393325236,-0.280815930805156
TMS18F1275P0004,-0.0280555374799205,-0.131184258596991,0,5860,1,1711,0.268346684650118,0.0710209368575389,0.137162426053127,0.109106888573207
TMS18F1276P0010,-0.0280555374799205,-0.0534107796721241,0,5493,1,1419,-0.208453540881755,0.0853455596299941,-0.261864320553879,-0.2899198580338
TMS18F1276P0027,-0.0280555374799205,-0.111060575313633,0,5706,1,1627,0.00210774715963287,0.0771631367709331,-0.108952828154,-0.137008365633921
TMS18F1276P0028,-0.0280555374799205,-0.129431295169603,0,5713,1,1634,-0.0954489607602646,0.0761950537720374,-0.224880255929868,-0.252935793409788
TMS18F1276P0035,-0.0280555374799205,-0.0780870737848687,0,5629,1,1552,-0.102307042689968,0.0774871467947408,-0.180394116474837,-0.208449653954757
TMS18F1276P0040,-0.0280555374799205,-0.15870383347084,0,5771,1,1690,0.123067960432271,0.0788644576882171,-0.0356358730385683,-0.0636914105184888
TMS18F1276P0041,-0.0280555374799205,-0.116838605012281,0,5709,1,1630,-0.0642104734507529,0.0831058346874008,-0.181049078463034,-0.209104615942954
TMS18F1276P0042,-0.0280555374799205,-0.0956158533496242,0,5716,1,1637,-0.0627888221842001,0.0910507298854149,-0.158404675533824,-0.186460213013745
TMS18F1276P0049,-0.0280555374799205,-0.138127234423757,0,5666,1,1587,0.14462959352472,0.087428090857283,0.00650235910096356,-0.0215531783789569
TMS18F1277P0007,-0.0280555374799205,-0.113817352627978,0,5478,1,1404,-0.170664406779669,0.0844163987975256,-0.284481759407647,-0.312537296887567
TMS18F1277P0031,-0.0280555374799205,0.0413685597398632,0,6396,1,2171,-0.244462785202474,0.0843813128386988,-0.203094225462611,-0.231149762942531
TMS18F1277P0045,-0.0280555374799205,0.0619711685206816,0,6350,1,2125,0.0790471327267831,0.08104900330418,0.141018301247465,0.112962763767544
TMS18F1277P0066,-0.0280555374799205,-0.154817936901946,0,5741,1,1662,-0.154895748891993,0.0768755742424697,-0.309713685793938,-0.337769223273859
TMS18F1277P0072,-0.0280555374799205,-0.0762398209662626,0,5733,1,1654,-0.056369610506394,0.0886440720775311,-0.132609431472657,-0.160664968952577
TMS18F1278P0009,-0.0280555374799205,-0.284340213886663,0,5489,1,1415,0.236036493291497,0.0842156014096915,-0.0483037205951655,-0.076359258075086
TMS18F1278P0024,-0.0280555374799205,-0.30201551144716,0,5913,1,1726,0.0783544915860547,0.0810985767857286,-0.223661019861105,-0.251716557341026
TMS18F1278P0068,-0.0280555374799205,-0.0356207651209032,0,6346,1,2121,-0.32221142938889,0.0727059592920619,-0.357832194509794,-0.385887731989714
TMS18F1278P0084,-0.0280555374799205,-0.232644654166023,0,6137,1,1924,0.240872680880815,0.0797173930950187,0.00822802671479239,-0.0198275107651281
TMS18F1278P0095,-0.0280555374799205,-0.358073866132749,0,6093,1,1884,0.277406523405468,0.124247783721444,-0.0806673427272805,-0.108722880207201
TMS18F1278P0098,-0.0280555374799205,-0.0576199263068796,0,6353,1,2128,-0.0327806991437728,0.0745238113458509,-0.0904006254506524,-0.118456162930573
TMS18F1278P0118,-0.0280555374799205,-0.0320692806749711,0,6436,1,2211,-0.0056029434694124,0.0746375647164719,-0.0376722241443836,-0.065727761624304
TMS18F1278P0128,-0.0280555374799205,-0.304006929881327,0,6023,1,1816,0.233389538420317,0.0818816416096322,-0.0706173914610109,-0.0986729289409313
TMS18F1278P0136,-0.0280555374799205,-0.381313315625082,0,5994,1,1787,-0.0851236734273871,0.127056927851085,-0.466436989052469,-0.494492526532389
TMS18F1278P0152,-0.0280555374799205,-0.335618658881571,0,6091,1,1882,0.284762522891467,0.0864384475103829,-0.0508561359901046,-0.078911673470025
TMS18F1278P0165,-0.0280555374799205,-0.254276429934272,0,5389,1,1316,0.269266419244545,0.08000069125193,0.0149899893102739,-0.0130655481696466
TMS18F1278P0168,-0.0280555374799205,-0.372378446434804,0,6031,1,1824,0.189407648538492,0.127379221448276,-0.182970797896312,-0.211026335376232
TMS18F1278P0175,-0.0280555374799205,-0.353567444925515,0,6235,1,2010,0.257396666606539,0.100759293116296,-0.0961707783189752,-0.124226315798896
TMS18F1278P0180,-0.0280555374799205,-0.273904682905471,0,5408,1,1335,0.211018460367191,0.083997525375456,-0.0628862225382797,-0.0909417600182001
TMS18F1278P0181,-0.0280555374799205,-0.314655814948643,0,5986,1,1780,0.426390218032933,0.0849815743693369,0.11173440308429,0.0836788656043692
TMS18F1278P0183,-0.0280555374799205,-0.323280727142703,0,5456,1,1383,0.328653513165336,0.120139876578727,0.00537278602263347,-0.022682751457287
TMS18F1279P0006,-0.0280555374799205,-0.213057655532231,0,5841,1,1707,-0.241459655254925,0.0772205703243753,-0.454517310787156,-0.482572848267077
TMS18F1279P0008,-0.0280555374799205,-0.287384540674544,0,5893,1,1720,-0.352218886111004,0.0777491967096738,-0.639603426785549,-0.667658964265469
TMS18F1280P0032,-0.0280555374799205,-0.143727977027105,0,5875,1,1716,-0.0577233542522302,0.0669078496639259,-0.201451331279335,-0.229506868759256
TMS18F1280P0057,-0.0280555374799205,-0.0685704202261342,0,6430,1,2205,-0.0379256021131592,0.0711408872018934,-0.106496022339293,-0.134551559819214
TMS18F1280P0071,-0.0280555374799205,-0.190415247711531,0,5768,1,1687,0.189889800657172,0.0734642010928658,-0.00052544705435853,-0.028580984534279
TMS18F1280P0080,-0.0280555374799205,-0.095842989810131,0,5681,1,1602,0.0345125457243743,0.0700748830625409,-0.0613304440857567,-0.0893859815656772
TMS18F1280P0086,-0.0280555374799205,-0.0980087774667688,0,6384,1,2159,-0.341632457628002,0.0716354774372852,-0.439641235094771,-0.467696772574691
TMS18F1280P0091,-0.0280555374799205,-0.196235811036974,0,6305,1,2080,0.389235043190252,0.0797475185074278,0.192999232153278,0.164943694673357
TMS18F1280P0092,-0.0280555374799205,-0.180716263413057,0,5700,1,1621,0.192659307370168,0.0731693187289913,0.0119430439571109,-0.0161124935228096
TMS18F1280P0103,-0.0280555374799205,-0.201606950298279,0,5695,1,1616,-0.142056132145722,0.0720894502582354,-0.343663082444001,-0.371718619923921
TMS18F1280P0105,-0.0280555374799205,-0.081669123357158,0,5694,1,1615,-0.00596798507699008,0.0682497037297161,-0.0876371084341481,-0.115692645914069
TMS18F1280P0107,-0.0280555374799205,0.0159507484365768,0,6366,1,2141,-0.297000851552786,0.0855066461697692,-0.281050103116209,-0.30910564059613
TMS18F1280P0112,-0.0280555374799205,-0.037613205786681,0,6383,1,2158,-0.144028288044678,0.0777094110275615,-0.181641493831359,-0.20969703131128
TMS18F1280P0120,-0.0280555374799205,-0.168673628152748,0,5717,1,1638,0.133216854929674,0.0664807461528999,-0.0354567732230748,-0.0635123107029952
TMS18F1280P0126,-0.0280555374799205,-0.142071780612249,0,6408,1,2183,0.0634891901123277,0.0759665903822069,-0.0785825904999213,-0.106638127979842
TMS18F1280P0130,-0.0280555374799205,-0.159998132493936,0,5726,1,1647,0.0968392536710139,0.0691784297212449,-0.0631588788229223,-0.0912144163028428
TMS18F1280P0136,-0.0280555374799205,-0.197743706306507,0,6447,1,2222,0.191488847226464,0.0737205638345728,-0.00625485908004247,-0.0343103965599629
TMS18F1280P0140,-0.0280555374799205,-0.135118651613768,0,6428,1,2203,-0.245131345078694,0.0772173724357066,-0.380249996692461,-0.408305534172382
TMS18F1280P0145,-0.0280555374799205,-0.154764481836966,0,5610,1,1534,0.298140458412927,0.0674145068948603,0.143375976575962,0.115320439096041
TMS18F1280P0151,-0.0280555374799205,-0.236951419139036,0,6348,1,2123,0.0603398826210171,0.0995352555393179,-0.176611536518019,-0.204667073997939
TMS18F1280P0152,-0.0280555374799205,-0.120594747708768,0,5693,1,1614,0.510713695817247,0.0721134398304025,0.390118948108478,0.362063410628558
TMS18F1280P0153,-0.0280555374799205,-0.19878481410682,0,5972,1,1770,0.428764590007451,0.0693420150662603,0.229979775900631,0.201924238420711
TMS18F1281P0003,-0.0280555374799205,0.0736258049152053,0,6308,1,2083,-0.118923270614508,0.0842781753411698,-0.0452974656993031,-0.0733530031792236
TMS18F1282P0038,-0.0280555374799205,0.0837555351664169,0,5649,1,1570,-0.293078561650346,0.0960945381307724,-0.20932302648393,-0.23737856396385
TMS18F1282P0049,-0.0280555374799205,-0.227844718551471,0,6378,1,2153,-0.0424538517671336,0.089690310496856,-0.270298570318605,-0.298354107798525
TMS18F1282P0053,-0.0280555374799205,-0.157749925095777,0,5627,1,1550,0.105213401949387,0.0724503179208692,-0.0525365231463905,-0.0805920606263109
TMS18F1282P0055,-0.0280555374799205,0.106134480474981,0,5634,1,1556,-0.0653419549472217,0.0756032104938614,0.040792525527759,0.0127369880478385
TMS18F1284P0003,-0.0280555374799205,-0.138152540092781,0,6370,1,2145,-0.205534552578644,0.0770961038207109,-0.343687092671424,-0.371742630151345
TMS18F1286P0003,-0.0280555374799205,-0.236838810546289,0,5861,1,1712,0.257188823664922,0.0751860636780934,0.0203500131186331,-0.0077055243612873
TMS18F1286P0006,-0.0280555374799205,-0.222028211630483,0,5486,1,1412,0.336222376103033,0.0715436712303782,0.114194164472549,0.086138626992629
TMS18F1286P0012,-0.0280555374799205,-0.254968513275534,0,5485,1,1411,-0.00407221217394219,0.079775556174555,-0.259040725449476,-0.287096262929397
TMS18F1287P0005,-0.0280555374799205,-0.235372351551885,0,5901,1,1722,0.328990272353038,0.0750143924950564,0.0936179208011538,0.0655623833212333
TMS18F1287P0029,-0.0280555374799205,-0.245630411478316,0,6339,1,2114,-0.181467424033151,0.116024637316665,-0.427097835511467,-0.455153372991387
TMS18F1287P0039,-0.0280555374799205,-0.0885534692107754,0,6283,1,2058,0.0181682035954574,0.0842074037335011,-0.0703852656153179,-0.0984408030952384
TMS18F1287P0045,-0.0280555374799205,-0.326461592348966,0,5682,1,1603,0.51381151147732,0.0905068684815518,0.187349919128354,0.159294381648434
TMS18F1287P0047,-0.0280555374799205,0.123299235590387,0,5639,1,1561,-0.0541020336893914,0.0704195070426275,0.069197201900996,0.0411416644210755
TMS18F1288P0003,-0.0280555374799205,-0.026713229214905,0,5845,1,1709,0.183647276319554,0.0682766580401031,0.156934047104649,0.128878509624728
TMS18F1288P0021,-0.0280555374799205,-0.137397464366803,0,5882,1,1717,-0.125947291680948,0.0736607549566776,-0.263344756047751,-0.291400293527671
TMS18F1288P0027,-0.0280555374799205,-0.119449585881826,0,6318,1,2093,0.0570253713994206,0.0749350067166871,-0.0624242144824052,-0.0904797519623257
TMS18F1289P0004,-0.0280555374799205,-0.120985581675968,0,5843,1,1708,0.0828137935418485,0.0698453903468586,-0.038171788134119,-0.0662273256140395
TMS18F1289P0014,-0.0280555374799205,-0.145237178915106,0,6413,1,2188,-0.0918411632046761,0.078231753165759,-0.237078342119782,-0.265133879599702
TMS18F1289P0016,-0.0280555374799205,-0.0564994690681741,0,5897,1,1721,0.289061797867263,0.0666031738064249,0.232562328799089,0.204506791319168
TMS18F1291P0014,-0.0280555374799205,-0.0406060349789346,0,6369,1,2144,0.0525957750403394,0.0779609439487748,0.0119897400614048,-0.0160657974185157
TMS18F1291P0025,-0.0280555374799205,-0.194179859842615,0,6269,1,2044,0.292741873374654,0.0685288520742031,0.0985620135320388,0.0705064760521183
TMS18F1291P0026,-0.0280555374799205,-0.267782336965907,0,6402,1,2177,0.195902612618575,0.116465798618869,-0.071879724347332,-0.0999352618272525
TMS18F1291P0028,-0.0280555374799205,-0.208029885895589,0,6237,1,2012,0.31854973415324,0.0742471486836954,0.11051984825765,0.08246431077773
TMS18F1291P0035,-0.0280555374799205,-0.19529686135369,0,6126,1,1914,0.259793725579112,0.0751463609151494,0.0644968642254219,0.0364413267455014
TMS18F1291P0042,-0.0280555374799205,-0.167601875724951,0,5965,1,1763,-0.0173071705745681,0.0698081426057541,-0.184909046299519,-0.21296458377944
TMS18F1291P0045,-0.0280555374799205,-0.234152377483322,0,6096,1,1886,0.261819690688317,0.0746263666177634,0.0276673132049941,-0.000388224274926352
TMS18F1294P0011,-0.0280555374799205,-0.14726036444936,0,5891,1,1719,-0.287749164488118,0.0730928345649109,-0.435009528937478,-0.463065066417398
TMS18F1295P0023,-0.0280555374799205,-0.163094283923652,0,5461,1,1388,-0.136992212528644,0.0757825583948249,-0.300086496452296,-0.328142033932217
TMS18F1295P0024,-0.0280555374799205,-0.143567381296692,0,5867,1,1713,-0.461899312679017,0.0707030609965512,-0.605466693975709,-0.633522231455629
TMS18F1295P0030,-0.0280555374799205,-0.193242280874759,0,5496,1,1421,-0.180838618243101,0.0798158818571532,-0.37408089911786,-0.40213643659778
TMS18F1295P0034,-0.0280555374799205,-0.0209381315102973,0,6443,1,2218,-0.0838551186410955,0.0715783114727929,-0.104793250151393,-0.132848787631313
TMS18F1295P0035,-0.0280555374799205,-0.0356253524751529,0,6416,1,2191,-0.115130381843101,0.0900864692021833,-0.150755734318254,-0.178811271798174
TMS18F1295P0036,-0.0280555374799205,0.0537874723263485,0,6317,1,2092,-0.133969897837419,0.0780153572806088,-0.0801824255110707,-0.108237962990991
TMS18F1295P0045,-0.0280555374799205,-0.109830146272231,0,6316,1,2091,0.57839622495156,0.078909581539575,0.468566078679329,0.440510541199409
TMS18F1295P0049,-0.0280555374799205,-0.142676296542124,0,5614,1,1537,-0.262882577755109,0.080318927353043,-0.405558874297234,-0.433614411777154
TMS18F1295P0054,-0.0280555374799205,-0.171475267777579,0,5684,1,1605,-0.198876638945182,0.0752078355378178,-0.370351906722761,-0.398407444202681
TMS18F1296P0018,-0.0280555374799205,-0.143568154368929,0,5883,1,1718,0.00646690804924534,0.0737399098935499,-0.137101246319684,-0.165156783799604
TMS18F1296P0035,-0.0280555374799205,-0.104727009827258,0,5858,1,1710,0.106566860669847,0.0717402807087558,0.0018398508425887,-0.0262156866373318
TMS18F1296P0042,-0.0280555374799205,-0.115493805888288,0,5544,1,1469,0.10413831398405,0.0679829894882732,-0.0113554919042377,-0.0394110293841581
TMS18F1296P0071,-0.0280555374799205,-0.165946738018906,0,5416,1,1343,0.277784778785496,0.0772924746802544,0.111838040766589,0.0837825032866689
TMS18F1297P0008,-0.0280555374799205,-0.0540727031803802,0,5837,1,1705,-0.0146882767564122,0.0708467519505782,-0.0687609799367924,-0.0968165174167128
TMS18F1298P0013,-0.0280555374799205,-0.125309432038104,0,5961,1,1760,0.103288042435481,0.071011581807339,-0.0220213896026222,-0.0500769270825426
TMS18F1298P0017,-0.0280555374799205,-0.105393331828332,0,5477,1,1403,0.0135957683553495,0.0712504820223299,-0.0917975634729828,-0.119853100952903
TMS18F1298P0024,-0.0280555374799205,-0.165742160302896,0,5918,1,1729,0.0373800086676672,0.0746393060063446,-0.128362151635229,-0.156417689115149
TMS18F1298P0026,-0.0280555374799205,-0.161252430174037,0,5916,1,1727,-0.429451457979295,0.068762762008356,-0.590703888153333,-0.618759425633253
TMS18F1298P0044,-0.0280555374799205,-0.176218244207288,0,5571,1,1496,-0.0769213937459576,0.0706381301354953,-0.253139637953245,-0.281195175433166
TMS18F1298P0052,-0.0280555374799205,-0.0907477907490581,0,5625,1,1548,0.0808818093028858,0.0707222462518278,-0.00986598144617234,-0.0379215189260928
TMS18F1299P0005,-0.0280555374799205,-0.371937926385234,0,6297,1,2072,0.576127395229068,0.0954677978443319,0.204189468843834,0.176133931363913
TMS18F1299P0012,-0.0280555374799205,-0.199751410208429,0,5941,1,1746,-0.293924243870167,0.0743237444289661,-0.493675654078595,-0.521731191558516
TMS18F1299P0027,-0.0280555374799205,-0.215383880379309,0,5947,1,1750,-0.10490212369753,0.0741588792966925,-0.320286004076839,-0.348341541556759
TMS18F1300P0015,-0.0280555374799205,-0.110554938140615,0,5978,1,1775,0.0930104560453549,0.0740710795136001,-0.01754448209526,-0.0456000195751804
TMS18F1300P0017,-0.0280555374799205,-0.137378935625052,0,5919,1,1730,-0.31172715380777,0.0677261141434447,-0.449106089432821,-0.477161626912742
TMS18F1302P0018,-0.0280555374799205,-0.0172701395308912,0,5479,1,1405,-0.104144971620273,0.0701485143521332,-0.121415111151165,-0.149470648631085
TMS18F1302P0057,-0.0280555374799205,-0.0698662236355619,0,5577,1,1502,0.214055987796814,0.072101654602283,0.144189764161253,0.116134226681332
TMS18F1302P0059,-0.0280555374799205,0.00931806467193422,0,5521,1,1446,-0.244672448793323,0.0704518810745281,-0.235354384121389,-0.263409921601309
TMS18F1303P0010,-0.0280555374799205,-0.0358207975008605,0,5903,1,1723,-0.114940032588292,0.0769756337329304,-0.150760830089152,-0.178816367569073
TMS18F1303P0027,-0.0280555374799205,0.0460879279420031,0,5463,1,1390,-0.262487611828735,0.0820440268658396,-0.216399683886732,-0.244455221366652
TMS18F1305P0007,-0.0280555374799205,-0.0944703717880683,0,6351,1,2126,0.431522580361731,0.0828491001646177,0.337052208573663,0.308996671093743
TMS18F1305P0017,-0.0280555374799205,0.0790777606562637,0,5466,1,1393,-0.289132112423133,0.085722335609377,-0.210054351766869,-0.238109889246789
TMS18F1305P0019,-0.0280555374799205,0.0516906777250854,0,5494,1,1420,0.00483068713813947,0.0773229732939235,0.0565213648632249,0.0284658273833044
TMS18F1305P0031,-0.0280555374799205,-0.217529701980798,0,6415,1,2190,0.0127726890529069,0.0750628380056241,-0.204757012927891,-0.232812550407811
TMS18F1305P0039,-0.0280555374799205,-0.141180184903531,0,6288,1,2063,0.642981384861078,0.0755932376937862,0.501801199957547,0.473745662477626
TMS18F1305P0040,-0.0280555374799205,0.0796509788101058,0,6332,1,2107,-0.317447920722718,0.0870028912470432,-0.237796941912612,-0.265852479392532
TMS18F1305P0100,-0.0280555374799205,0.0119833532542499,0,5727,1,1648,0.0765132155418055,0.0878194454987598,0.0884965687960554,0.0604410313161349
TMS18F1305P0130,-0.0280555374799205,0.0906106322793837,0,5508,1,1433,-0.105377809598423,0.0852986161915907,-0.0147671773190395,-0.04282271479896
TMS18F1305P0138,-0.0280555374799205,-0.0122658612707806,0,5512,1,1437,0.059831655038049,0.0840910929092673,0.0475657937672684,0.019510256287348
TMS18F1305P0155,-0.0280555374799205,-0.0262198926176238,0,5631,1,1553,-0.420472645100297,0.0709654374975061,-0.446692537717921,-0.474748075197842
TMS18F1305P0166,-0.0280555374799205,0.063952535040175,0,5766,1,1685,-0.240579786798849,0.0867140602728521,-0.176627251758674,-0.204682789238595
TMS18F1305P0168,-0.0280555374799205,-0.17808369772428,0,6319,1,2094,0.0036332441885112,0.075447255414051,-0.174450453535769,-0.202505991015689
TMS18F1306P0079,-0.0280555374799205,-0.160823014193872,0,5939,1,1744,0.163349187627687,0.0748160132593267,0.00252617343381453,-0.0255293640461059
TMS18F1306P0114,-0.0280555374799205,0.114698654114155,0,6338,1,2113,0.22183223096035,0.0814677272907491,0.336530885074504,0.308475347594584
TMS18F1306P0121,-0.0280555374799205,-0.115678688635381,0,5718,1,1639,0.132422267590803,0.0565095189338674,0.0167435789554217,-0.0113119585244987
TMS18F1306P0125,-0.0280555374799205,-0.15460040036536,0,5545,1,1470,0.531452686909832,0.0719454333391044,0.376852286544472,0.348796749064552
TMS18F1306P0127,-0.0280555374799205,-0.105810232342137,0,5546,1,1471,-0.00990322020990236,0.0713976127857346,-0.115713452552039,-0.14376899003196
TMS18F1306P0129,-0.0280555374799205,-0.216958189312896,0,5423,1,1350,0.144751054758039,0.0765873394654035,-0.0722071345548571,-0.100262672034778
TMS18F1306P0130,-0.0280555374799205,-0.161334031954612,0,5435,1,1362,0.235692421869749,0.0747721591898979,0.0743583899151375,0.0463028524352171
TMS18F1306P0135,-0.0280555374799205,-0.21528928500867,0,5468,1,1395,0.298775358952908,0.0764972091099595,0.0834860739442382,0.0554305364643177
TMS18F1306P0149,-0.0280555374799205,-0.0568843335185061,0,6432,1,2207,0.305494328596835,0.0753853937661195,0.248609995078328,0.220554457598408
TMS18F1306P0228,-0.0280555374799205,-0.135148969753335,0,5584,1,1508,0.176751596012987,0.0700282245330886,0.0416026262596522,0.0135470887797318
TMS18F1306P0230,-0.0280555374799205,-0.147589581501054,0,5702,1,1623,0.552554129743893,0.0766496887259116,0.404964548242839,0.376909010762919
TMS18F1306P0237,-0.0280555374799205,-0.196706454901942,0,5707,1,1628,0.549070921901625,0.0771125705177889,0.352364466999683,0.324308929519762
TMS18F1306P0272,-0.0280555374799205,-0.150651559802455,0,5747,1,1668,0.297200614480392,0.0759452695515767,0.146549054677936,0.118493517198016
TMS18F1306P0277,-0.0280555374799205,-0.170551002307859,0,5745,1,1666,0.591695246250641,0.0766899289693729,0.421144243942782,0.393088706462862
TMS18F1306P0285,-0.0280555374799205,-0.219835425145156,0,5750,1,1670,0.463524420372425,0.0772187171478197,0.243688995227268,0.215633457747348
TMS18F1306P0289,-0.0280555374799205,-0.101979465779364,0,5769,1,1688,0.308524606737208,0.0737816703867582,0.206545140957844,0.178489603477924
TMS18F1307P0001,-0.0280555374799205,0.148998822691126,0,6454,1,2229,0.01941699575075,0.0970319276755429,0.168415818441876,0.140360280961956
TMS18F1307P0038,-0.0280555374799205,-0.0642994386305322,0,5944,1,1748,0.0149349288179409,0.0697339741385947,-0.0493645098125913,-0.0774200472925117
TMS18F1307P0042,-0.0280555374799205,-0.108757291857633,0,5869,1,1714,0.0290585257736093,0.0728446356901824,-0.0796987660840234,-0.107754303563944
TMS18F1307P0059,-0.0280555374799205,-0.131999801976986,0,5940,1,1745,0.0531107828435375,0.0720680705066655,-0.0788890191334485,-0.106944556613369
TMS18F1307P0063,-0.0280555374799205,-0.0629253319908146,0,5922,1,1732,-0.349989330825935,0.0705347557487567,-0.41291466281675,-0.44097020029667
TMS18F1307P0077,-0.0280555374799205,-0.033257988321344,0,6067,1,1859,-0.100479065972691,0.0699333547226421,-0.133737054294035,-0.161792591773955
TMS18F1308P0029,-0.0280555374799205,0.0358856537114473,0,6125,1,1913,0.0760300012024932,0.0657344950342405,0.111915654913941,0.0838601174340201
TMS18F1308P0066,-0.0280555374799205,-0.135446771235578,0,5931,1,1738,0.00146790133459247,0.0705428841107903,-0.133978869900985,-0.162034407380906
TMS18F1308P0077,-0.0280555374799205,-0.0286896800253009,0,6334,1,2109,0.305399527036334,0.0791281341942124,0.276709847011034,0.248654309531113
TMS18F1308P0082,-0.0280555374799205,-0.110484759614488,0,6377,1,2152,-0.456631155517775,0.0748755977357561,-0.567115915132264,-0.595171452612184
TMS18F1308P0084,-0.0280555374799205,-0.0220892882546883,0,6417,1,2192,-0.205567052808301,0.0784562254657383,-0.227656341062989,-0.255711878542909
TMS18F1308P0096,-0.0280555374799205,-0.114900961852415,0,5699,1,1620,0.28537347155349,0.070293911214528,0.170472509701074,0.142416972221154
TMS18F1308P0112,-0.0280555374799205,-0.0845599788179468,0,5637,1,1559,0.0355182096203636,0.0707174082923361,-0.0490417691975832,-0.0770973066775036
TMS18F1308P0114,-0.0280555374799205,-0.0588644841194108,0,6424,1,2199,-0.108102494060088,0.0668826577266284,-0.166966978179499,-0.195022515659419
TMS18F1308P0122,-0.0280555374799205,0.0178027265394559,0,5746,1,1667,0.223568617982146,0.0663045584370907,0.241371344521601,0.213315807041681
TMS18F1308P0138,-0.0280555374799205,-0.106074314766351,0,5587,1,1511,0.347631174066598,0.0686520409868931,0.241556859300247,0.213501321820326
TMS18F1309P0015,-0.0280555374799205,-0.0259925962715741,0,6110,1,1899,0.156682107489814,0.0698702656322543,0.13068951121824,0.10263397373832
TMS18F1309P0034,-0.0280555374799205,-0.104003980770431,0,6107,1,1896,0.24724802439717,0.072516526337939,0.143244043626739,0.115188506146818
TMS18F1309P0039,-0.0280555374799205,0.197508752491815,0,6200,1,1981,0.521659050373308,0.076448614309789,0.719167802865122,0.691112265385202
TMS18F1309P0042,-0.0280555374799205,-0.0348103647373679,0,6100,1,1890,-0.0515604317515058,0.0721693808513955,-0.0863707964888737,-0.114426333968794
TMS18F1309P0044,-0.0280555374799205,0.0242653611418721,0,6231,1,2006,0.0833092378923518,0.0646028626817237,0.107574599034224,0.0795190615543034
TMS18F1309P0048,-0.0280555374799205,-0.0535529980260286,0,6112,1,1901,-0.0874336452341035,0.0653806484578059,-0.140986643260132,-0.169042180740053
TMS18F1309P0049,-0.0280555374799205,-0.0383751491887108,0,6177,1,1960,-0.0952390183838414,0.0705143287917114,-0.133614167572552,-0.161669705052473
TMS18F1309P0052,-0.0280555374799205,-0.0344183542828891,0,6281,1,2056,-0.33540760166748,0.0646060735528731,-0.36982595595037,-0.39788149343029
TMS18F1309P0057,-0.0280555374799205,-0.0456066819685657,0,6063,1,1855,-0.0174141379385476,0.0671888738306708,-0.0630208199071133,-0.0910763573870337
TMS18F1309P0059,-0.0280555374799205,-0.0460933255156676,0,6208,1,1987,0.23137151268783,0.0710799643750722,0.185278187172163,0.157222649692242
TMS18F1309P0062,-0.0280555374799205,-0.0273717852507249,0,5532,1,1457,-0.0078943366342225,0.0711883713410621,-0.0352661218849474,-0.0633216593648679
TMS18F1309P0070,-0.0280555374799205,-0.0094993715968714,0,6098,1,1888,-0.0107313734197889,0.0641662504918794,-0.0202307450166603,-0.0482862824965808
TMS18F1309P0074,-0.0280555374799205,-0.10585280447671,0,5444,1,1371,-0.0532244452165585,0.0741774539938947,-0.159077249693268,-0.187132787173189
TMS18F1310P0081,-0.0280555374799205,-0.0254334063337117,0,6131,1,1918,0.574959947644397,0.0673007303367477,0.549526541310685,0.521471003830765
TMS18F1310P0088,-0.0280555374799205,-0.0143917055652201,0,6373,1,2148,-0.0757639043300325,0.0726884003674635,-0.0901556098952526,-0.118211147375173
TMS18F1310P0109,-0.0280555374799205,0.0066277717345544,0,5655,1,1576,0.167708305512294,0.069986476767571,0.174336077246848,0.146280539766928
TMS18F1310P0128,-0.0280555374799205,-0.124695017720777,0,5663,1,1584,0.079417753945377,0.0736391128184484,-0.0452772637753995,-0.0733328012553199
TMS18F1310P0132,-0.0280555374799205,-0.016168851579571,0,6321,1,2096,0.198143484725567,0.0697611399704798,0.181974633145996,0.153919095666076
TMS18F1310P0142,-0.0280555374799205,0.0246448492710226,0,5675,1,1596,0.283831383669057,0.0673997394843795,0.308476232940079,0.280420695460159
TMS18F1310P0146,-0.0280555374799205,-0.0126071430354962,0,5524,1,1449,0.0449962907404427,0.0635226425684471,0.0323891477049464,0.00433361022502599
TMS18F1310P0148,-0.0280555374799205,-0.0330605482826723,0,6401,1,2176,0.0794296208763043,0.0654295349256188,0.046369072593632,0.0183135351137115
TMS18F1310P0151,-0.0280555374799205,0.00176513356761713,0,5534,1,1459,-0.160202925110146,0.0697737797081039,-0.158437791542529,-0.186493329022449
TMS18F1310P0156,-0.0280555374799205,-0.0218037157480614,0,5574,1,1499,-0.0793010579661247,0.065635837305874,-0.101104773714186,-0.129160311194106
TMS18F1310P0161,-0.0280555374799205,0.0271448716663086,0,5691,1,1612,0.0453233503965507,0.0676188550894585,0.0724682220628593,0.0444126845829388
TMS18F1310P0166,-0.0280555374799205,-0.105994878102908,0,5673,1,1594,0.0719098640089163,0.0672854774217258,-0.0340850140939917,-0.0621405515739121
TMS18F1310P0168,-0.0280555374799205,-0.0157194950718264,0,5536,1,1461,0.21848284744526,0.0682930485599663,0.202763352373433,0.174707814893513
TMS18F1310P0171,-0.0280555374799205,-0.0357237784705146,0,5551,1,1476,0.114992414706412,0.061416363024777,0.0792686362358975,0.0512130987559771
TMS18F1311P0002,-0.0280555374799205,0.0867543950604448,0,6255,1,2030,0.140286302937776,0.0566664243583021,0.227040697998221,0.1989851605183
TMS18F1311P0007,-0.0280555374799205,0.0450373454190212,0,5484,1,1410,-0.0278552626694242,0.0652324854343211,0.017182082749597,-0.0108734547303234
TMS18F1311P0022,-0.0280555374799205,-0.108435681078452,0,6006,1,1799,-0.391385064819405,0.0815434981076675,-0.499820745897857,-0.527876283377777
TMS18F1312P0033,-0.0280555374799205,0.119771151892509,0,5540,1,1465,0.278680168523869,0.069081408523541,0.398451320416378,0.370395782936457
TMS18F1312P0039,-0.0280555374799205,-0.196816517518798,0,6367,1,2142,-0.502978152103772,0.0816293512936584,-0.69979466962257,-0.727850207102491
TMS18F1313P0001,-0.0280555374799205,-0.0820829257513894,0,6457,1,2232,0.444639828437457,0.0759906326402647,0.362556902686068,0.334501365206147
TMS18F1313P0013,-0.0280555374799205,-0.174104611134459,0,6340,1,2115,0.336637362839638,0.0814744031480576,0.16253275170518,0.134477214225259
TMS18F1313P0032,-0.0280555374799205,-0.131974479252167,0,5579,1,1504,0.192042698177082,0.0776877124920154,0.0600682189249156,0.0320126814449952
TMS18F1313P0038,-0.0280555374799205,-0.11581981709084,0,5762,1,1681,0.0872692331602661,0.0784642611486503,-0.0285505839305739,-0.0566061214104943
TMS18F1313P0053,-0.0280555374799205,-0.0550792156366771,0,6397,1,2172,0.178023356036107,0.0655660788335391,0.12294414039943,0.0948886029195096
TMS18F1314P0007,-0.0280555374799205,-0.0478812300700089,0,6331,1,2106,0.191127767229183,0.108472378966259,0.143246537159174,0.115190999679254
TMS18F1314P0024,-0.0280555374799205,-0.163079365750377,0,6314,1,2089,0.0432250302222032,0.0786039158147756,-0.119854335528174,-0.147909873008095
TMS18F1314P0026,-0.0280555374799205,-0.160428008131953,0,6425,1,2200,0.738853951756197,0.0800802401434859,0.578425943624244,0.550370406144324
TMS18F1314P0029,-0.0280555374799205,-0.0575303393855928,0,5578,1,1503,0.0766043592715227,0.0795187164608316,0.0190740198859298,-0.00898151759399063
TMS18F1314P0033,-0.0280555374799205,-0.0504925323467586,0,5553,1,1478,0.506706582801838,0.0799872805945932,0.45621405045508,0.428158512975159
TMS18F1314P0042,-0.0280555374799205,0.0772510738899215,0,5446,1,1373,0.229029117813694,0.0786071317438521,0.306280191703616,0.278224654223695
TMS18F1317P0033,-0.0280555374799205,-0.142045516151438,0,6027,1,1820,0.00637814943911764,0.0925619976717125,-0.135667366712321,-0.163722904192241
TMS18F1317P0041,-0.0280555374799205,-0.171859264809419,0,6077,1,1869,-0.348933383358019,0.0757251306012769,-0.520792648167438,-0.548848185647358
TMS18F1317P0044,-0.0280555374799205,-0.0972595574885769,0,6123,1,1911,-0.605973458007497,0.0845047606173758,-0.703233015496074,-0.731288552975994
TMS18F1317P0048,-0.0280555374799205,-0.0798184248784058,0,5430,1,1357,0.104177007545733,0.0849697682719032,0.0243585826673269,-0.00369695481259352
TMS18F1317P0059,-0.0280555374799205,-0.186360441645463,0,5373,1,1300,-0.145739899630109,0.0848599240195096,-0.332100341275572,-0.360155878755492
TMS18F1317P0086,-0.0280555374799205,-0.152276609872818,0,5764,1,1683,-0.570674079002652,0.0873654901849618,-0.72295068887547,-0.751006226355391
TMS18F1317P0093,-0.0280555374799205,-0.118652037675676,0,5759,1,1678,-0.480425189778307,0.0830988073460401,-0.599077227453983,-0.627132764933904
TMS18F1317P0102,-0.0280555374799205,-0.156711901131592,0,5542,1,1467,-0.535051869409008,0.0799873280281566,-0.6917637705406,-0.71981930802052
TMS18F1317P0114,-0.0280555374799205,-0.172297863865153,0,5588,1,1512,-0.319466684579393,0.0740122665791421,-0.491764548444546,-0.519820085924466
TMS18F1317P0119,-0.0280555374799205,-0.13550191551897,0,5560,1,1485,-0.0251101430138361,0.0882960375200524,-0.160612058532806,-0.188667596012727
TMS18F1317P0123,-0.0280555374799205,-0.158890589712645,0,5411,1,1338,-0.37526030121432,0.0771348916933688,-0.534150890926964,-0.562206428406885
TMS18F1318P0002,-0.0280555374799205,-0.111157885519534,0,5983,1,1778,0.00849031188718202,0.0858213858338947,-0.102667573632352,-0.130723111112272
TMS18F1318P0007,-0.0280555374799205,-0.173692706987487,0,6368,1,2143,0.289704690561203,0.0881816697995242,0.116011983573716,0.0879564460937955
TMS18F1318P0010,-0.0280555374799205,-0.120036400652487,0,6115,1,1904,0.00180634856723551,0.0744786533843142,-0.118230052085252,-0.146285589565172
TMS18F1318P0014,-0.0280555374799205,-0.0763571379865101,0,6021,1,1814,-0.617394918951107,0.0815387431234545,-0.693752056937617,-0.721807594417537
TMS18F1318P0016,-0.0280555374799205,0.0117297212508507,0,6422,1,2197,-0.537165224387751,0.0926428862426312,-0.525435503136901,-0.553491040616821
TMS18F1318P0018,-0.0280555374799205,-0.13269282687263,0,5371,1,1298,-0.710846087469611,0.0991011644821508,-0.843538914342241,-0.871594451822162
TMS18F1318P0021,-0.0280555374799205,-0.142683139074719,0,6009,1,1802,-0.35081025152437,0.116508432564226,-0.493493390599088,-0.521548928079009
TMS18F1318P0023,-0.0280555374799205,-0.158181406374703,0,6140,1,1927,-0.327700944850134,0.10796450432722,-0.485882351224838,-0.513937888704758
TMS18F1318P0027,-0.0280555374799205,-0.22153925707057,0,6228,1,2004,-0.408146147624406,0.0995639608450698,-0.629685404694976,-0.657740942174897
TMS18F1318P0033,-0.0280555374799205,-0.0947246824532116,0,6040,1,1833,-0.512371967485269,0.0760945953809412,-0.607096649938481,-0.635152187418401
TMS18F1318P0036,-0.0280555374799205,-0.185576367058361,0,6289,1,2064,0.421722207538671,0.0766104281515401,0.23614584048031,0.208090303000389
TMS18F1318P0043,-0.0280555374799205,-0.0951315189453059,0,6267,1,2042,-0.448772768537034,0.0878935620140882,-0.54390428748234,-0.57195982496226
TMS18F1318P0049,-0.0280555374799205,-0.185240677421869,0,6248,1,2023,-0.286960050946419,0.0783618001729907,-0.472200728368288,-0.500256265848208
TMS18F1318P0054,-0.0280555374799205,-0.21794178713483,0,6460,1,2235,-0.0392481965377375,0.0874672531517508,-0.257189983672568,-0.285245521152488
TMS18F1319P0004,-0.0280555374799205,-0.351008018673443,0,6209,1,1988,0.145281010486749,0.098995518203376,-0.205727008186693,-0.233782545666614
TMS18F1319P0009,-0.0280555374799205,-0.31735303248212,0,6254,1,2029,0.206011965734393,0.0862110938791628,-0.111341066747726,-0.139396604227647
TMS18F1319P0016,-0.0280555374799205,-0.328477354103255,0,6274,1,2049,0.272260719004627,0.109807664994577,-0.0562166350986282,-0.0842721725785486
TMS18F1319P0018,-0.0280555374799205,-0.207074864186961,0,6136,1,1923,0.384228756220967,0.086522117901246,0.177153892034005,0.149098354554085
TMS18F1319P0024,-0.0280555374799205,-0.36157571291089,0,6181,1,1962,0.635889885693528,0.0903574050865084,0.274314172782638,0.246258635302717
TMS18F1319P0028,-0.0280555374799205,-0.300959211032502,0,6079,1,1870,0.217613978371748,0.0915276887796339,-0.0833452326607533,-0.111400770140674
TMS18F1319P0031,-0.0280555374799205,-0.351006052978784,0,5990,1,1783,0.137370479412096,0.115292096296502,-0.213635573566688,-0.241691111046608
TMS18F1319P0033,-0.0280555374799205,-0.366115326232884,0,5412,1,1339,-0.0517852875205853,0.12816759062453,-0.417900613753469,-0.44595615123339
TMS18F1319P0034,-0.0280555374799205,-0.308107620023415,0,6037,1,1830,0.510517950419095,0.0869786121750848,0.202410330395679,0.174354792915759
TMS18F1319P0043,-0.0280555374799205,-0.28425683835289,0,6055,1,1847,0.0841986112771613,0.083409783682932,-0.200058227075729,-0.228113764555649
TMS18F1319P0061,-0.0280555374799205,-0.289737051674699,0,5425,1,1352,0.0303841075504798,0.0926416967777591,-0.259352944124219,-0.287408481604139
TMS18F1319P0094,-0.0280555374799205,0.249664644062729,0,6127,1,1915,0.109682394110157,0.0804840036601101,0.359347038172886,0.331291500692966
TMS18F1319P0100,-0.0280555374799205,-0.0409134592890543,0,6387,1,2162,0.105080003631523,0.111914766597957,0.064166544342469,0.0361110068625485
TMS18F1319P0110,-0.0280555374799205,-0.383470117779256,0,6246,1,2021,0.135791618887174,0.121744827345998,-0.247678498892082,-0.275734036372003
TMS18F1319P0112,-0.0280555374799205,-0.365486830906729,0,5932,1,1739,0.228897226271326,0.0919427471129662,-0.136589604635404,-0.164645142115324
TMS18F1319P0121,-0.0280555374799205,-0.0341064172830022,0,6389,1,2164,0.105797648587343,0.065922979706155,0.0716912313043404,0.04363569382442
TMS18F1319P0124,-0.0280555374799205,-0.327542511332852,0,6148,1,1934,0.368703646124405,0.0845627311673518,0.0411611347915532,0.0131055973116327
TMS18F1319P0159,-0.0280555374799205,-0.32393267690608,0,5396,1,1323,0.367142596504953,0.0873929904323448,0.0432099195988731,0.0151543821189526
TMS18F1319P0168,-0.0280555374799205,-0.31488570707233,0,5946,1,1749,-0.134678633615504,0.0939331895080111,-0.449564340687834,-0.477619878167755
TMS18F1320P0018,-0.0280555374799205,-0.271536578425663,0,6161,1,1947,-0.0879645076189113,0.0762177377990096,-0.359501086044575,-0.387556623524495
TMS18F1320P0028,-0.0280555374799205,-0.268727459891108,0,6018,1,1811,-0.170668368941927,0.0771416878380952,-0.439395828833036,-0.467451366312956
TMS18F1320P0032,-0.0280555374799205,-0.0634637650456848,0,6458,1,2233,-0.320845050069216,0.105165418087243,-0.384308815114901,-0.412364352594821
TMS18F1320P0051,-0.0280555374799205,-0.259768398714657,0,5440,1,1367,-0.34259419845896,0.0824799039365176,-0.602362597173617,-0.630418134653537
TMS18F1320P0055,-0.0280555374799205,-0.226366210758441,0,6081,1,1872,-0.770779294912709,0.0769989766115953,-0.99714550567115,-1.02520104315107
TMS18F1320P0082,-0.0280555374799205,-0.273667880143755,0,6362,1,2137,0.359847474427039,0.0920762104087657,0.0861795942832838,0.0581240568033633
TMS18F1320P0084,-0.0280555374799205,-0.250205683061361,0,6183,1,1964,-0.19451355954404,0.0759513660276667,-0.444719242605401,-0.472774780085321
TMS18F1320P0086,-0.0280555374799205,-0.278924968817539,0,5393,1,1320,-0.390993061089242,0.0755262875057083,-0.66991802990678,-0.697973567386701
TMS18F1320P0087,-0.0280555374799205,-0.261104726596357,0,5388,1,1315,-0.318273815025819,0.074437585219627,-0.579378541622177,-0.607434079102097
TMS18F1320P0101,-0.0280555374799205,-0.232224356380576,0,5367,1,1294,-0.532302230641919,0.0720499885990953,-0.764526587022496,-0.792582124502416
TMS18F1320P0109,-0.0280555374799205,0.0707118216947797,0,5742,1,1663,-0.155103818742248,0.0638610093648163,-0.0843919970474688,-0.112447534527389
TMS18F1320P0110,-0.0280555374799205,-0.265856601354366,0,6121,1,1909,-0.0771847782409998,0.0768217943100196,-0.343041379595366,-0.371096917075286
TMS18F1320P0113,-0.0280555374799205,0.106629823511681,0,5708,1,1629,0.16051656123054,0.0707729523421196,0.267146384742221,0.239090847262301
TMS18F1322P0016,-0.0280555374799205,-0.201988985055157,0,6239,1,2014,-0.0397400962874526,0.0808568790975172,-0.24172908134261,-0.26978461882253
TMS18F1322P0019,-0.0280555374799205,-0.0890347326633678,0,6386,1,2161,-0.2521733732931,0.065724691952453,-0.341208105956468,-0.369263643436388
TMS18F1323P0002,-0.0280555374799205,0.00280634561594578,0,6382,1,2157,0.383920211164066,0.0710336001286287,0.386726556780012,0.358671019300091
TMS18F1323P0012,-0.0280555374799205,-0.0754634747666312,0,6047,1,1839,-0.337446927694854,0.0816155818645055,-0.412910402461485,-0.440965939941406
TMS18F1323P0015,-0.0280555374799205,-0.0854425079215915,0,6244,1,2019,-0.199409671243049,0.103592760238277,-0.284852179164641,-0.312907716644561
TMS18F1323P0016,-0.0280555374799205,-0.0903011373687958,0,5996,1,1789,0.0786857023406755,0.0935437444516714,-0.0116154350281203,-0.0396709725080407
TMS18F1323P0024,-0.0280555374799205,-0.137881040139466,0,6371,1,2146,-0.19311560160445,0.100590573722174,-0.330996641743915,-0.359052179223836
TMS18F1323P0025,-0.0280555374799205,-0.187713078213504,0,6404,1,2179,0.560231280929625,0.0772862343708289,0.372518202716121,0.344462665236201
TMS18F1323P0029,-0.0280555374799205,-0.13961912078084,0,6119,1,1908,0.000461887315808204,0.0866099467026704,-0.139157233465032,-0.167212770944953
TMS18F1323P0041,-0.0280555374799205,-0.299254847761926,0,6450,1,2225,0.120990981857223,0.0883619283456081,-0.178263865904702,-0.206319403384623
TMS18F1323P0042,-0.0280555374799205,-0.125320004321031,0,6212,1,1991,0.149266184262658,0.124198358326771,0.023946179941627,-0.0041093575382935
TMS18F1323P0046,-0.0280555374799205,-0.0770110005044473,0,6149,1,1935,-0.105316318907007,0.0891129165984567,-0.182327319411454,-0.210382856891374
TMS18F1323P0056,-0.0280555374799205,-0.11440401245726,0,6092,1,1883,-0.174940051873769,0.0898009100568661,-0.289344064331028,-0.317399601810949
TMS18F1323P0058,-0.0280555374799205,-0.110916276586335,0,5993,1,1786,0.219277901784907,0.109548755991941,0.108361625198572,0.0803060877186515
TMS18F1324P0003,-0.0280555374799205,-0.312324680843665,0,5365,1,1292,0.481165850342026,0.119817294500333,0.168841169498361,0.140785632018441
TMS18F1324P0005,-0.0280555374799205,-0.300325322281014,0,5936,1,1741,0.499308817495718,0.0877144742205539,0.198983495214704,0.170927957734783
TMS18F1324P0016,-0.0280555374799205,-0.288935722477561,0,6234,1,2009,0.784851509804157,0.0897397322305547,0.495915787326596,0.467860249846675
TMS18F1324P0026,-0.0280555374799205,-0.187615891992093,0,6406,1,2181,-0.326848228889901,0.0844739543011245,-0.514464120881994,-0.542519658361914
TMS18F1324P0040,-0.0280555374799205,-0.313019253972578,0,5991,1,1784,0.369738809276757,0.121368502644222,0.0567195553041787,0.0286640178242583
TMS18F1324P0043,-0.0280555374799205,-0.289002345293546,0,6250,1,2025,0.337878630970053,0.09180955811936,0.0488762856765074,0.0208207481965869
TMS18F1324P0046,-0.0280555374799205,-0.110677569089228,0,6426,1,2201,-0.337322585263088,0.0861279335658813,-0.448000154352316,-0.476055691832237
TMS18F1324P0070,-0.0280555374799205,-0.327179394233021,0,5372,1,1299,0.353836350945923,0.0852485092202894,0.0266569567129024,-0.0013985807670181
TMS18F1324P0076,-0.0280555374799205,-0.339142395547931,0,6000,1,1793,0.577127822091303,0.0873188452871195,0.237985426543372,0.209929889063452
TMS18F1324P0078,-0.0280555374799205,-0.324684695739136,0,6199,1,1980,0.19053937529658,0.0945763589802822,-0.134145320442555,-0.162200857922476
TMS18F1324P0089,-0.0280555374799205,-0.255851248816055,0,5459,1,1386,0.0511564625316735,0.0886559396540173,-0.204694786284382,-0.232750323764302
TMS18F1324P0092,-0.0280555374799205,-0.321567356651897,0,5437,1,1364,0.206384402238366,0.129821880069212,-0.115182954413531,-0.143238491893451
TMS18F1324P0093,-0.0280555374799205,-0.303317391437165,0,6439,1,2214,0.484446773651241,0.0924751158223959,0.181129382214075,0.153073844734155
TMS18F1324P0094,-0.0280555374799205,-0.288925989273671,0,6242,1,2017,0.42194516690062,0.0972116200121886,0.133019177626949,0.104963640147028
TMS18F1324P0099,-0.0280555374799205,-0.353632928824989,0,5960,1,1759,0.372134040823815,0.126549805901247,0.0185011119988261,-0.00955442548109436
TMS18F1324P0101,-0.0280555374799205,-0.324190255008474,0,6156,1,1942,0.548413200719251,0.0855710100041054,0.224222945710777,0.196167408230856
TMS18F1324P0104,-0.0280555374799205,-0.32318774046447,0,6013,1,1806,0.276238099612824,0.0873587976911016,-0.0469496408516464,-0.0750051783315669
TMS18F1324P0107,-0.0280555374799205,-0.309495630997807,0,5414,1,1341,0.496901721147392,0.0948694340338625,0.187406090149585,0.159350552669665
TMS18F1324P0120,-0.0280555374799205,-0.304753099679259,0,6266,1,2041,0.426170054429853,0.0815048168540079,0.121416954750594,0.0933614172706736
TMS18F1324P0128,-0.0280555374799205,-0.295702028008258,0,5557,1,1482,0.431349747787643,0.0864160027412324,0.135647719779386,0.107592182299465
TMS18F1324P0132,-0.0280555374799205,-0.318213499765618,0,5531,1,1456,0.549270648113261,0.0841882158504377,0.231057148347642,0.203001610867722
TMS18F1324P0135,-0.0280555374799205,-0.273084817558238,0,5547,1,1472,0.350712613676694,0.0829447305820227,0.0776277961184567,0.0495722586385363
TMS18F1324P0142,-0.0280555374799205,-0.302428296695797,0,5767,1,1686,0.461412499438682,0.0856999714253919,0.158984202742886,0.130928665262965
TMS18F1324P0169,-0.0280555374799205,-0.333997931237428,0,5755,1,1674,0.209708643770831,0.0875484238247607,-0.124289287466597,-0.152344824946517
TMS18F1324P0171,-0.0280555374799205,-0.0632944533534819,0,6328,1,2103,-0.0466686066998161,0.0988336067650126,-0.109963060053298,-0.138018597533218
TMS18F1324P0179,-0.0280555374799205,-0.318307351498897,0,5683,1,1604,0.395716398085124,0.0841525843357982,0.0774090465862267,0.0493535091063063
TMS18F1324P0186,-0.0280555374799205,-0.300042137730652,0,5660,1,1581,0.297908853055439,0.0944020508622791,-0.00213328467521351,-0.030188822155134
TMS18F1324P0199,-0.0280555374799205,-0.234964993196285,0,5748,1,1669,0.515021428364498,0.0820372283657204,0.280056435168213,0.252000897688293
TMS18F1324P0200,-0.0280555374799205,-0.021771845148625,0,6282,1,2057,0.248585669757796,0.0631199736567384,0.226813824609171,0.198758287129251
TMS18F1325P0001,-0.0280555374799205,-0.193336400339739,0,6182,1,1963,0.409071036578937,0.0720016043243769,0.215734636239198,0.187679098759278
TMS18F1325P0008,-0.0280555374799205,-0.243030173946852,0,6113,1,1902,0.221572211428673,0.0787580932007266,-0.0214579625181792,-0.0495134999980996
TMS18F1325P0032,-0.0280555374799205,-0.259630173706551,0,5506,1,1431,0.12085934252083,0.0778693433528402,-0.138770831185721,-0.166826368665641
TMS18F1326P0007,-0.0280555374799205,-0.122418928380991,0,6438,1,2213,-0.735842376393194,0.104977698369742,-0.858261304774186,-0.886316842254106
TMS18F1327P0002,-0.0280555374799205,-0.198448189093269,0,5992,1,1785,0.45190096976167,0.0755478105897775,0.253452780668401,0.225397243188481
TMS18F1327P0006,-0.0280555374799205,-0.367305367523147,0,6451,1,2226,0.201995091552356,0.0950991770898042,-0.165310275970791,-0.193365813450712
TMS18F1327P0013,-0.0280555374799205,-0.123417782086412,0,6444,1,2219,0.391612547093323,0.0838582719427417,0.268194765006911,0.24013922752699
TMS18F1327P0021,-0.0280555374799205,-0.172215212117993,0,6014,1,1807,-0.273675875382813,0.076313802300917,-0.445891087500806,-0.473946624980726
TMS18F1328P0016,-0.0280555374799205,-0.165771330398848,0,6024,1,1817,0.303113694449095,0.0741973744706997,0.137342364050246,0.109286826570326
TMS18F1328P0018,-0.0280555374799205,-0.204248584074864,0,6049,1,1841,0.0963559841420362,0.0746813191572457,-0.107892599932827,-0.135948137412748
TMS18F1328P0020,-0.0280555374799205,-0.100816994735893,0,6028,1,1821,0.37632997521327,0.069133662911607,0.275512980477378,0.247457442997457
TMS18F1328P0027,-0.0280555374799205,-0.112430450431192,0,6327,1,2102,-0.0738249726943106,0.0830299539219906,-0.186255423125502,-0.214310960605423
TMS18F1328P0032,-0.0280555374799205,-0.10043304725184,0,6361,1,2136,-0.44065383740764,0.0805164448163823,-0.54108688465948,-0.569142422139401
TMS18F1328P0034,-0.0280555374799205,-0.162025787691332,0,6025,1,1818,0.147035061975252,0.0723294055603765,-0.01499072571608,-0.0430462631960005
TMS18F1328P0035,-0.0280555374799205,-0.14094618102321,0,5636,1,1558,0.153349460404794,0.0708624814214409,0.0124032793815835,-0.015652258098337
TMS18F1329P0002,-0.0280555374799205,-0.114885393771231,0,6058,1,1850,-0.1675415612318,0.0848332391612072,-0.282426955003031,-0.310482492482951
TMS18F1329P0004,-0.0280555374799205,-0.078542619562754,0,6073,1,1865,0.311125507650798,0.0727858912635432,0.232582888088044,0.204527350608123
TMS18F1329P0011,-0.0280555374799205,-0.152737145327647,0,5467,1,1394,0.0232006016516524,0.0730156601620528,-0.129536543675994,-0.157592081155915
TMS18F1330P0003,-0.0280555374799205,-0.20744581558908,0,5977,1,1774,-0.438834159422689,0.073659755670221,-0.646279975011769,-0.674335512491689
TMS18F1330P0008,-0.0280555374799205,-0.151892590299035,0,5382,1,1309,-0.0617692330532567,0.0758151139245051,-0.213661823352291,-0.241717360832212
TMS18F1330P0009,-0.0280555374799205,-0.168377383876839,0,5451,1,1378,-0.171683480491082,0.0716824836581274,-0.340060864367921,-0.368116401847842
TMS18F1330P0017,-0.0280555374799205,-0.097835178557578,0,6045,1,1837,-0.335919058420281,0.0746828668762172,-0.433754236977859,-0.46180977445778
TMS18F1330P0020,-0.0280555374799205,-0.163172727530198,0,5407,1,1334,-0.335569426940297,0.0718837292956817,-0.498742154470496,-0.526797691950416
TMS18F1331P0005,-0.0280555374799205,-0.0538409652513336,0,6071,1,1863,-0.315971072281423,0.069941475500898,-0.369812037532757,-0.397867575012677
TMS18F1331P0008,-0.0280555374799205,-0.101460201542365,0,6030,1,1823,-0.305254151434858,0.0721071852787479,-0.406714352977223,-0.434769890457144
TMS18F1331P0013,-0.0280555374799205,-0.107070128249927,0,5368,1,1295,-0.23643169311211,0.0740711009310862,-0.343501821362037,-0.371557358841958
TMS18F1331P0016,-0.0280555374799205,-0.0695290230721551,0,6291,1,2066,-0.127746319632279,0.0721619457529327,-0.197275342704434,-0.225330880184354
TMS18F1331P0022,-0.0280555374799205,-0.0667369979051187,0,6204,1,1984,-0.533716714095611,0.0703586913555663,-0.600453712000729,-0.62850924948065
TMS18F1332P0002,-0.0280555374799205,-0.0630577826801729,0,5462,1,1389,-0.163789620239103,0.0731979083464458,-0.226847402919276,-0.254902940399196
TMS18F1332P0034,-0.0280555374799205,-0.171479356835984,0,5761,1,1680,-0.597462079369716,0.0754247398361323,-0.7689414362057,-0.79699697368562
TMS18F1333P0002,-0.0280555374799205,0.0403819167037017,0,5989,1,1782,-0.278582169972644,0.075713370876609,-0.238200253268942,-0.266255790748863
TMS18F1333P0006,-0.0280555374799205,0.00742384897073049,0,6265,1,2040,-0.206967494760267,0.0772742875305485,-0.199543645789537,-0.227599183269457
TMS18F1333P0012,-0.0280555374799205,-0.024958370814759,0,5380,1,1307,-0.216601083233763,0.0734030598945282,-0.241559454048522,-0.269614991528443
TMS18F1333P0013,-0.0280555374799205,-0.11809184393816,0,5469,1,1396,-0.155544084806897,0.0745263041724007,-0.273635928745057,-0.301691466224978
TMS18F1334P0003,-0.0280555374799205,-0.0505524042814718,0,5455,1,1382,-0.552918602515306,0.0756171732875726,-0.603471006796778,-0.631526544276698
TMS18F1334P0023,-0.0280555374799205,-0.136495122085251,0,6295,1,2070,-0.0377559864885799,0.0786847978075005,-0.17425110857383,-0.202306646053751
TMS18F1334P0024,-0.0280555374799205,-0.0693760275563773,0,6151,1,1937,-0.147180934359199,0.0719293612663597,-0.216556961915576,-0.244612499395497
TMS18F1334P0034,-0.0280555374799205,-0.11398762936494,0,5659,1,1580,-0.171627070367017,0.0696186564135181,-0.285614699731956,-0.313670237211877
TMS18F1334P0044,-0.0280555374799205,-0.118180100678925,0,5518,1,1443,-0.115748057404985,0.0721569508485907,-0.23392815808391,-0.261983695563831
TMS18F1334P0048,-0.0280555374799205,-0.0756968633815308,0,5606,1,1530,-0.390994041317363,0.0729433092884292,-0.466690904698894,-0.494746442178814
TMS18F1335P0001,-0.0280555374799205,-0.0157850884460841,0,5442,1,1369,-0.366621419842354,0.0800569526210748,-0.382406508288438,-0.410462045768359
TMS18F1335P0008,-0.0280555374799205,-0.0234867595478959,0,6143,1,1930,-0.290269571354816,0.0772686079507618,-0.313756330902712,-0.341811868382632
TMS18F1335P0014,-0.0280555374799205,-0.0258280038272948,0,6216,1,1994,-0.379528949855611,0.0822142925491717,-0.405356953682906,-0.433412491162826
TMS18F1335P0016,-0.0280555374799205,-0.0531654664695809,0,6263,1,2038,-0.440356340306583,0.0737378788488945,-0.493521806776164,-0.521577344256085
TMS18F1335P0019,-0.0280555374799205,-0.0594885715318326,0,5929,1,1736,-0.453918640588509,0.0711205298885862,-0.513407212120341,-0.541462749600262
TMS18F1335P0021,-0.0280555374799205,-0.156361610876703,0,6411,1,2186,-0.159858701053432,0.0812942091917359,-0.316220311930135,-0.344275849410055
TMS18F1335P0035,-0.0280555374799205,-0.00263418425418824,0,6298,1,2073,0.0368592765918115,0.0698594303114443,0.0342250923376233,0.00616955485770282
TMS18F1336P0001,-0.0280555374799205,-0.0498731435238614,0,6070,1,1862,-0.288512376818644,0.0759994239049588,-0.338385520342506,-0.366441057822426
TMS18F1336P0004,-0.0280555374799205,0.0080478226891828,0,5967,1,1765,-0.0402890943745436,0.0921768384856687,-0.0322412716853608,-0.0602968091652812
TMS18F1336P0014,-0.0280555374799205,0.0120920365215884,0,5454,1,1381,-0.551184764942905,0.0909287414020697,-0.539092728421317,-0.567148265901237
TMS18F1336P0015,-0.0280555374799205,-0.055562190613963,0,5415,1,1342,-0.29768611144838,0.0783771739299514,-0.353248302062343,-0.381303839542263
TMS18F1336P0021,-0.0280555374799205,-0.0622892494913426,0,6232,1,2007,-0.0229682433745725,0.0749723263563777,-0.085257492865915,-0.113313030345835
TMS18F1336P0029,-0.0280555374799205,-0.0443405476597801,0,5697,1,1618,-0.512805620646751,0.0818769177131703,-0.557146168306531,-0.585201705786452
TMS18F1336P0031,-0.0280555374799205,-0.0676349065480357,0,5645,1,1567,-0.0994902298427301,0.0805925682029149,-0.167125136390766,-0.195180673870686
TMS18F1336P0035,-0.0280555374799205,-0.0716400647676915,0,5583,1,1507,-0.0838974626724064,0.0823399759958309,-0.155537527440098,-0.183593064920018
TMS18F1337P0007,-0.0280555374799205,-0.0575312094570454,0,6152,1,1938,-0.323074504864238,0.0748795206693056,-0.380605714321283,-0.408661251801204
TMS18F1337P0012,-0.0280555374799205,-0.11780149856768,0,6041,1,1834,-0.112721273992781,0.0718207548911933,-0.230522772560461,-0.258578310040381
TMS18F1337P0033,-0.0280555374799205,-0.0647023789249452,0,6210,1,1989,-0.0347215736155502,0.0805996501991963,-0.0994239525404954,-0.127479490020416
TMS18F1337P0044,-0.0280555374799205,-0.0136880938526518,0,5387,1,1314,-0.0030233257350887,0.0743443230376035,-0.0167114195877405,-0.0447669570676609
TMS18F1337P0049,-0.0280555374799205,-0.032639564440976,0,6337,1,2112,-0.0218650699831667,0.10938175145263,-0.0545046344241427,-0.0825601719040632
TMS18F1338P0006,-0.0280555374799205,-0.278574873053162,0,5968,1,1766,-0.0932789185664348,0.0780627490490688,-0.371853791619596,-0.399909329099517
TMS18F1338P0008,-0.0280555374799205,-0.236139368499093,0,6059,1,1851,0.440346163131737,0.0701214843291341,0.204206794632644,0.176151257152724
TMS18F1338P0012,-0.0280555374799205,-0.310911142853262,0,6172,1,1956,0.346056297428672,0.113099608216802,0.0351451545754101,0.00708961709548961
TMS18F1338P0013,-0.0280555374799205,-0.229143685322057,0,5458,1,1385,0.202398949423542,0.0858136849066639,-0.0267447358985144,-0.0548002733784348
TMS18F1338P0053,-0.0280555374799205,-0.239526128740965,0,5378,1,1305,0.172974095789876,0.0755552162889474,-0.0665520329510892,-0.0946075704310097
TMS18F1338P0061,-0.0280555374799205,-0.235812262725037,0,6258,1,2033,0.198509790584885,0.0845803649276897,-0.0373024721401523,-0.0653580096200727
TMS18F1338P0067,-0.0280555374799205,-0.15555658240637,0,5434,1,1361,-0.0953840381160116,0.0791605362708327,-0.250940620522382,-0.278996158002302
TMS18F1338P0078,-0.0280555374799205,-0.223155898164837,0,5635,1,1557,0.282564752038498,0.0985236974762955,0.059408853873661,0.0313533163937405
TMS18F1338P0085,-0.0280555374799205,-0.257286606813912,0,5429,1,1356,0.0377752883663955,0.0965273852127037,-0.219511318447516,-0.247566855927437
TMS18F1338P0087,-0.0280555374799205,-0.25517293308439,0,5591,1,1515,0.302310886122511,0.119412440273963,0.0471379530381208,0.0190824155582003
TMS18F1338P0089,-0.0280555374799205,-0.256996385588267,0,5513,1,1438,0.186673920361243,0.0795782494672878,-0.0703224652270246,-0.0983780027069451
TMS18F1338P0099,-0.0280555374799205,-0.227748446230107,0,6461,1,2236,0.0582614398343924,0.0811540188045857,-0.169487006395715,-0.197542543875635
TMS18F1338P0108,-0.0280555374799205,-0.259903890089609,0,5573,1,1498,0.414082265025421,0.0836707542741061,0.154178374935812,0.126122837455891
TMS18F1338P0115,-0.0280555374799205,-0.241832990983408,0,5515,1,1440,0.176550929674996,0.116275872644188,-0.0652820613084112,-0.0933375987883317
TMS18F1338P0116,-0.0280555374799205,-0.130291208868857,0,5427,1,1354,0.269912146423394,0.0761877072620333,0.139620937554537,0.111565400074616
TMS18F1339P0001,-0.0280555374799205,-0.10109652687193,0,6001,1,1794,-0.612593977774783,0.0719585906473444,-0.713690504646712,-0.741746042126633
TMS18F1339P0012,-0.0280555374799205,-0.0407037701518833,0,5432,1,1359,-0.208680619364696,0.0763481474694122,-0.249384389516579,-0.277439926996499
TMS18F1339P0015,-0.0280555374799205,-0.156550758894299,0,5376,1,1303,-0.38384414759841,0.0690567883632411,-0.540394906492708,-0.568450443972629
TMS18F1339P0021,-0.0280555374799205,-0.147372727972512,0,6189,1,1970,-0.362481189510585,0.0751541224604799,-0.509853917483096,-0.537909454963017
TMS18F1339P0024,-0.0280555374799205,-0.106324114931471,0,6124,1,1912,-0.177621055065695,0.070386233412491,-0.283945169997166,-0.312000707477086
TMS18F1339P0027,-0.0280555374799205,0.0302245440258584,0,5621,1,1544,0.217214018600048,0.0704765661702955,0.247438562625906,0.219383025145986
TMS18F1339P0033,-0.0280555374799205,-0.0809688916228996,0,6313,1,2088,-0.0555982515884277,0.0783661172272582,-0.136567143211327,-0.164622680691248
TMS18F1339P0034,-0.0280555374799205,-0.192729009322118,0,5984,1,1779,-0.239176392193419,0.0709587449502454,-0.431905401515537,-0.459960938995457
TMS18F1340P0001,-0.0280555374799205,-0.174940869374651,0,5452,1,1379,-0.23055993566307,0.0836360618006088,-0.40550080503772,-0.433556342517641
TMS18F1340P0010,-0.0280555374799205,-0.0836791398726998,0,5995,1,1788,-0.22549917031985,0.068847877425265,-0.30917831019255,-0.337233847672471
TMS18F1340P0018,-0.0280555374799205,-0.0762413779281432,0,6192,1,1973,-0.31972422215604,0.0801179511553604,-0.395965600084183,-0.424021137564103
TMS18F1340P0027,-0.0280555374799205,-0.183340189148655,0,5568,1,1493,-0.357552143999896,0.0723755069047695,-0.540892333148551,-0.568947870628472
TMS18F1340P0030,-0.0280555374799205,-0.0761886187011347,0,5572,1,1497,-0.395860892018355,0.0690899147279677,-0.472049510719489,-0.50010504819941
TMS18F1340P0045,-0.0280555374799205,-0.0492462248447318,0,5643,1,1565,-0.318209288425505,0.0674703348844394,-0.367455513270237,-0.395511050750157
TMS18F1341P0027,-0.0280555374799205,-0.0345787022205651,0,5548,1,1473,-0.452854197666485,0.0663359320272852,-0.487432899887051,-0.515488437366971
TMS18F1341P0030,-0.0280555374799205,-0.0716074650184103,0,5543,1,1468,-0.254549555841989,0.0648696905647595,-0.3261570208604,-0.35421255834032
TMS18F1341P0036,-0.0280555374799205,-0.0864408936474704,0,5504,1,1429,-0.285804582880146,0.090101639473132,-0.372245476527616,-0.400301014007537
TMS18F1341P0037,-0.0280555374799205,-0.134197120755687,0,5510,1,1435,-0.183711585642586,0.103429426462883,-0.317908706398273,-0.345964243878194
TMS18F1341P0044,-0.0280555374799205,-0.127707109754234,0,5564,1,1489,-0.149018910257555,0.0721622313956572,-0.276726020011788,-0.304781557491709
TMS18F1342P0003,-0.0280555374799205,-0.0667020655607327,0,6341,1,2116,-0.2947345718962,0.0815914409177285,-0.361436637456933,-0.389492174936853
TMS18F1342P0005,-0.0280555374799205,-0.164434692072429,0,5970,1,1768,0.0890085508402187,0.0840584672795411,-0.0754261412322101,-0.103481678712131
TMS18F1342P0015,-0.0280555374799205,-0.157463775438079,0,6061,1,1853,-0.275343564460113,0.0768117382543577,-0.432807339898192,-0.460862877378112
TMS18F1342P0016,-0.0280555374799205,-0.131124423799263,0,5917,1,1728,-0.396372783699097,0.0786462816343416,-0.527497207498359,-0.55555274497828
TMS18F1342P0017,-0.0280555374799205,-0.155619606230228,0,5390,1,1317,-0.547370408542646,0.0765575561604524,-0.702990014772874,-0.731045552252795
TMS18F1343P0001,-0.0280555374799205,-0.0694115930458096,0,6010,1,1803,-0.184034083037997,0.0745622491440028,-0.253445676083806,-0.281501213563727
TMS18F1343P0012,-0.0280555374799205,-0.0425711851412762,0,6325,1,2100,-0.390627187633372,0.0801490185735776,-0.433198372774648,-0.461253910254569
TMS18F1343P0014,-0.0280555374799205,-0.184378932107619,0,6355,1,2130,-0.436365372543588,0.0828845662395892,-0.620744304651207,-0.648799842131127
TMS18F1343P0029,-0.0280555374799205,-0.294209379963956,0,6082,1,1873,0.327077048565112,0.0866300545993558,0.0328676686011553,0.0048121311212348
TMS18F1343P0044,-0.0280555374799205,-0.235251635882051,0,6004,1,1797,0.423830761847077,0.0838748398084604,0.188579125965026,0.160523588485106
TMS18F1343P0052,-0.0280555374799205,-0.280681615960345,0,5999,1,1792,0.249255684890806,0.0799493752005438,-0.0314259310695387,-0.0594814685494592
TMS18F1343P0054,-0.0280555374799205,-0.281844455886007,0,6053,1,1845,0.0716376456621224,0.0840766574258944,-0.210206810223885,-0.238262347703805
TMS18F1343P0064,-0.0280555374799205,-0.314498319959893,0,5447,1,1374,0.210879616442365,0.125821570040943,-0.103618703517528,-0.131674240997448
TMS18F1343P0072,-0.0280555374799205,-0.340049218749341,0,6278,1,2053,0.215267279339052,0.120178078734963,-0.12478193941029,-0.15283747689021
TMS18F1343P0078,-0.0280555374799205,-0.127984221172835,0,5662,1,1583,0.00996680681236381,0.0858760187085689,-0.118017414360471,-0.146072951840392
TMS18F1343P0084,-0.0280555374799205,-0.0564341129028017,0,5644,1,1566,-0.160848620184961,0.0791660667253914,-0.217282733087763,-0.245338270567683
TMS18F1343P0151,-0.0280555374799205,-0.0794142712295124,0,5608,1,1532,0.0893127479412604,0.0800846376889963,0.009898476711748,-0.0181570607681725
TMS18F1343P0153,-0.0280555374799205,-0.103111582272926,0,6375,1,2150,0.217049443167242,0.0986771574083234,0.113937860894316,0.0858823234143957
TMS18F1343P0171,-0.0280555374799205,-0.233540245944467,0,5530,1,1455,0.144807785130028,0.0847166289039989,-0.0887324608144392,-0.11678799829436
TMS18F1343P0179,-0.0280555374799205,-0.106540700669032,0,5599,1,1523,-0.415196409254136,0.120935872414942,-0.521737109923169,-0.549792647403089
TMS18F1343P0189,-0.0280555374799205,-0.0621178936183216,0,5538,1,1463,-0.231202408164019,0.105540904453643,-0.293320301782341,-0.321375839262261
TMS18F1344P0003,-0.0280555374799205,-0.122962280389746,0,6352,1,2127,0.164746929531718,0.0851957673521113,0.0417846491419717,0.0137291116620513
TMS18F1344P0004,-0.0280555374799205,-0.335084551312701,0,6169,1,1953,0.195175174185422,0.0918695060764815,-0.139909377127278,-0.167964914607199
TMS18F1344P0014,-0.0280555374799205,-0.169078299183878,0,6336,1,2111,-0.444465893729737,0.0789889063489838,-0.613544192913615,-0.641599730393535
TMS18F1344P0021,-0.0280555374799205,-0.0850342647854945,0,6003,1,1796,0.187496843777182,0.0694194678738385,0.102462578991687,0.0744070415117667
TMS18F1344P0024,-0.0280555374799205,-0.126508223124872,0,5966,1,1764,-0.42340271411297,0.0728833638522644,-0.549910937237842,-0.577966474717763
TMS18F1344P0044,-0.0280555374799205,-0.0747149084626774,0,6135,1,1922,-0.182665628318922,0.08165712217595,-0.257380536781599,-0.28543607426152
TMS18F1344P0100,-0.0280555374799205,-0.353057484050882,0,5436,1,1363,0.513251858696248,0.100017172368803,0.160194374645365,0.132138837165445
TMS18F1344P0103,-0.0280555374799205,-0.306282238582774,0,6017,1,1810,0.302765951013901,0.0834494064492291,-0.00351628756887296,-0.0315718250487934
TMS18F1344P0107,-0.0280555374799205,-0.255807313535551,0,6002,1,1795,-0.0178244208743711,0.0830623825394999,-0.273631734409922,-0.301687271889842
TMS18F1344P0110,-0.0280555374799205,-0.323954831680691,0,6164,1,1949,0.346849618087635,0.0869381302790143,0.0228947864069447,-0.00516075107297576
TMS18F1344P0113,-0.0280555374799205,-0.326503315515579,0,6207,1,1986,0.562730234777694,0.1091413349932,0.236226919262115,0.208171381782195
TMS18F1344P0133,-0.0280555374799205,-0.0935113894611444,0,6445,1,2220,-0.165989390229251,0.0713841574953697,-0.259500779690395,-0.287556317170316
TMS18F1344P0136,-0.0280555374799205,-0.345840391834349,0,5611,1,1535,0.368679345529088,0.123067984994933,0.022838953694739,-0.00521658378518147
TMS18F1344P0147,-0.0280555374799205,-0.234651800825363,0,6398,1,2173,0.337927923288762,0.0768189443587333,0.103276122463399,0.0752205849834783
TMS18F1344P0150,-0.0280555374799205,-0.265945979785085,0,5756,1,1675,0.410998499900756,0.078308694647579,0.145052520115671,0.116996982635751
TMS18F1344P0152,-0.0280555374799205,-0.28490828441359,0,5529,1,1454,0.603396338658485,0.0873740541444155,0.318488054244894,0.290432516764974
TMS18F1344P0153,-0.0280555374799205,-0.320384666037222,0,5525,1,1450,0.0303550392584373,0.0919424152674859,-0.290029626778784,-0.318085164258705
TMS18F1344P0156,-0.0280555374799205,-0.341008212192881,0,5523,1,1448,-0.00630742217389361,0.091845854070369,-0.347315634366774,-0.375371171846695
TMS18F1344P0158,-0.0280555374799205,-0.299769171854821,0,5723,1,1644,-0.014351277641735,0.112594764200553,-0.314120449496556,-0.342175986976476
TMS18F1344P0159,-0.0280555374799205,-0.348822454535247,0,5527,1,1452,0.376329220218828,0.0907353872061699,0.0275067656835811,-0.000548771796339387
TMS18F1344P0164,-0.0280555374799205,-0.299473631165955,0,5738,1,1659,0.261299942479318,0.0853286226557524,-0.0381736886866372,-0.0662292261665577
TMS18F1344P0171,-0.0280555374799205,-0.333135757557188,0,5651,1,1572,0.218418399374131,0.1263808356806,-0.114717358183057,-0.142772895662978
TMS18F1344P0176,-0.0280555374799205,-0.252800971155375,0,6290,1,2065,0.564497503626297,0.081725668031775,0.311696532470922,0.283640994991001
TMS18F1344P0184,-0.0280555374799205,-0.349253408673344,0,5622,1,1545,0.617236961035092,0.084251445838442,0.267983552361749,0.239928014881828
TMS18F1344P0198,-0.0280555374799205,0.0716657957593179,0,6388,1,2163,-0.258823792494269,0.0771830491864387,-0.187157996734951,-0.215213534214871
TMS18F1345P0001,-0.0280555374799205,-0.257491885492539,0,5422,1,1349,-0.468446348274028,0.0755713685198584,-0.725938233766567,-0.753993771246487
TMS18F1345P0005,-0.0280555374799205,-0.214270241615323,0,6211,1,1990,-0.530310828490192,0.0764983598471727,-0.744581070105515,-0.772636607585435
TMS18F1345P0012,-0.0280555374799205,-0.0405686842311402,0,6420,1,2195,0.53622115179643,0.0719363939463529,0.49565246756529,0.467596930085369
TMS18F1345P0019,-0.0280555374799205,-0.231589034528448,0,6167,1,1952,-0.225402146613014,0.076971975867213,-0.456991181141462,-0.485046718621383
TMS18F1345P0030,-0.0280555374799205,-0.227078932907489,0,6227,1,2003,-0.168430387146109,0.077232351312072,-0.395509320053599,-0.423564857533519
TMS18F1345P0037,-0.0280555374799205,-0.25971092421929,0,6243,1,2018,-0.233240937952599,0.0763062417160921,-0.492951862171889,-0.52100739965181
TMS18F1345P0043,-0.0280555374799205,-0.263081291638733,0,5541,1,1466,-0.177970719851326,0.0769910141173605,-0.441052011490058,-0.469107548969978
TMS18F1345P0056,-0.0280555374799205,-0.21681396351409,0,5549,1,1474,-0.181486117389609,0.079800439823156,-0.3983000809037,-0.42635561838362
TMS18F1346P0023,-0.0280555374799205,-0.333415572513812,0,6372,1,2147,0.605669540826243,0.0952720556348902,0.272253968312431,0.244198430832511
TMS18F1347P0029,-0.0280555374799205,-0.169316781678071,0,6303,1,2078,-0.0772274716585252,0.0788850881330524,-0.246544253336597,-0.274599790816517
TMS18F1348P0006,-0.0280555374799205,-0.0751480271663025,0,6276,1,2051,0.0179240128240191,0.0886446233432125,-0.0572240143422834,-0.0852795518222039
TMS18F1348P0024,-0.0280555374799205,-0.0474144527592524,0,6414,1,2189,0.201396232618663,0.0611921614536372,0.15398177985941,0.12592624237949
TMS18F1348P0029,-0.0280555374799205,-0.0553607549257016,0,6032,1,1825,-0.33076312299065,0.0677515455673641,-0.386123877916351,-0.414179415396272
TMS18F1348P0039,-0.0280555374799205,-0.0857843112940471,0,5405,1,1332,-0.0455997601138195,0.0956731685776289,-0.131384071407867,-0.159439608887787
TMS18F1348P0044,-0.0280555374799205,-0.0924011716595642,0,6253,1,2028,-0.387518061429253,0.0980654443056378,-0.479919233088817,-0.507974770568738
TMS18F1348P0050,-0.0280555374799205,-0.0561623828311715,0,6056,1,1848,-0.0739502189464764,0.06811794036714,-0.130112601777648,-0.158168139257568
TMS18F1348P0051,-0.0280555374799205,-0.0370537265303825,0,5449,1,1376,-0.280725850957465,0.0643779703355899,-0.317779577487847,-0.345835114967768
TMS18F1348P0056,-0.0280555374799205,0.00154578648773117,0,6046,1,1838,0.0503102035717803,0.0705261932269001,0.0518559900595115,0.023800452579591
TMS18F1348P0085,-0.0280555374799205,-0.0862079102349846,0,6272,1,2047,-0.0144558015650105,0.0649175444850507,-0.100663711799995,-0.128719249279916
TMS18F1348P0088,-0.0280555374799205,-0.244563579577956,0,6365,1,2140,-0.197657212071081,0.0794431717592075,-0.442220791649037,-0.470276329128957
TMS18F1348P0092,-0.0280555374799205,-0.285494761790118,0,6435,1,2210,0.430955455429313,0.0878242919871715,0.145460693639195,0.117405156159274
TMS18F1348P0095,-0.0280555374799205,-0.0038158931620451,0,6299,1,2074,0.219798057360456,0.0818896128435975,0.215982164198411,0.18792662671849
TMS18F1348P0097,-0.0280555374799205,-0.0230509513099638,0,5563,1,1488,-0.0342787076492481,0.0646091334312807,-0.0573296589592119,-0.0853851964391323
TMS18F1348P0098,-0.0280555374799205,-0.147980596137511,0,6385,1,2160,0.68878605874364,0.0782051917619889,0.540805462606129,0.512749925126209
TMS18F1348P0101,-0.0280555374799205,-0.20569974923971,0,6400,1,2175,-0.452064047906638,0.0805335251774412,-0.657763797146348,-0.685819334626269
TMS18F1348P0102,-0.0280555374799205,-0.028787933939429,0,5870,1,1715,-0.0459820386672485,0.0668840650611524,-0.0747699726066774,-0.102825510086598
TMS18F1348P0104,-0.0280555374799205,-0.0352312601274535,0,5820,1,1703,-0.242753685425517,0.065213446566322,-0.27798494555297,-0.306040483032891
TMS18F1348P0108,-0.0280555374799205,-0.0500724315419845,0,5774,1,1693,-0.235533746557173,0.0675798500233997,-0.285606178099158,-0.313661715579078
TMS18F1348P0110,-0.0280555374799205,-0.0170956306497452,0,5736,1,1657,-0.0978855942767812,0.0661797937531982,-0.114981224926526,-0.143036762406447
TMS18F1348P0113,-0.0280555374799205,-0.0904397820247788,0,6423,1,2198,-0.0155678968100689,0.0773316890689422,-0.106007678834848,-0.134063216314768
TMS18F1348P0117,-0.0280555374799205,-0.0583199366315074,0,5562,1,1487,-0.0355474724294099,0.0682435172940892,-0.0938674090609173,-0.121922946540838
TMS18F1348P0131,-0.0280555374799205,-0.0141008244636546,0,5426,1,1353,0.169230614728408,0.0684407149982693,0.155129790264754,0.127074252784833
TMS18F1348P0134,-0.0280555374799205,-0.02959517057777,0,5710,1,1631,-0.300074207031804,0.0694391967233083,-0.329669377609574,-0.357724915089494
TMS18F1348P0139,-0.0280555374799205,-0.00211338181684541,0,5638,1,1560,0.15044737211507,0.0679562198291423,0.148333990298224,0.120278452818304
TMS18F1348P0156,-0.0280555374799205,0.0100947510097541,0,5418,1,1345,0.0638619922976816,0.0659432000181914,0.0739567433074357,0.0459012058275152
TMS18F1348P0157,-0.0280555374799205,-0.0770104032466762,0,5509,1,1434,-0.457196697982918,0.0971398353200133,-0.534207101229594,-0.562262638709514
TMS18F1349P0005,-0.0280555374799205,-0.269233521563017,0,6105,1,1894,0.175670436671195,0.115561661831294,-0.0935630848918219,-0.121618622371742
TMS18F1349P0018,-0.0280555374799205,-0.255828716246986,0,6240,1,2015,0.499237265438527,0.0762135614967043,0.243408549191541,0.215353011711621
TMS18F1349P0064,-0.0280555374799205,-0.266855863495666,0,5464,1,1391,0.206572575106589,0.0747362279451312,-0.0602832883890771,-0.0883388258689976
TMS18F1349P0065,-0.0280555374799205,-0.0977842072040556,0,6360,1,2135,-0.213548817056386,0.0755196854261675,-0.311333024260442,-0.339388561740362
TMS18F1349P0095,-0.0280555374799205,-0.2883626483954,0,6279,1,2054,0.247338410975285,0.0798598108137738,-0.0410242374201146,-0.0690797749000351
TMS18F1349P0101,-0.0280555374799205,-0.297386843277167,0,5930,1,1737,0.449110735977598,0.0978594855200601,0.15172389270043,0.12366835522051
TMS18F1349P0106,-0.0280555374799205,-0.289589286149383,0,5943,1,1747,0.275478654391025,0.11706937444498,-0.0141106317583574,-0.0421661692382779
TMS18F1349P0115,-0.0280555374799205,-0.256064503874708,0,6034,1,1827,0.0732983391568744,0.0748452647692372,-0.182766164717833,-0.210821702197754
TMS18F1349P0123,-0.0280555374799205,-0.0672169956459233,0,6463,1,2238,0.218897104426848,0.0808461304391787,0.151680108780925,0.123624571301004
TMS18F1349P0126,-0.0280555374799205,-0.260609518695024,0,6284,1,2059,-0.377727732529261,0.0781339177570955,-0.638337251224285,-0.666392788704205
TMS18F1349P0137,-0.0280555374799205,-0.272362101358542,0,6163,1,1948,0.617655291474136,0.0754652086639163,0.345293190115593,0.317237652635673
TMS18F1349P0142,-0.0280555374799205,-0.273687360621828,0,5535,1,1460,0.204572101627748,0.084805739194657,-0.0691152589940801,-0.0971707964740005
TMS18F1349P0143,-0.0280555374799205,-0.259265663130196,0,6043,1,1836,0.283401650415741,0.0749732756239824,0.0241359872855446,-0.00391955019437584
TMS18F1349P0147,-0.0280555374799205,-0.246815780779646,0,6260,1,2035,0.413350545577898,0.0730309855014084,0.166534764798251,0.138479227318331
TMS18F1349P0149,-0.0280555374799205,-0.0444075248597153,0,6293,1,2068,0.00257229478411723,0.0757978118814819,-0.0418352300755981,-0.0698907675555186
TMS18F1349P0155,-0.0280555374799205,-0.273305733604206,0,6273,1,2048,0.11055839820785,0.0772954327887159,-0.162747335396356,-0.190802872876277
TMS18F1349P0157,-0.0280555374799205,-0.267384655368608,0,5398,1,1325,0.526999189397417,0.0769986799178732,0.259614534028809,0.231558996548889
TMS18F1350P0019,-0.0280555374799205,-0.213232637122536,0,6236,1,2011,-0.0996892841683442,0.0729037293283809,-0.31292192129088,-0.3409774587708
TMS18F1350P0026,-0.0280555374799205,-0.335152129540953,0,6364,1,2139,0.0206437974810769,0.0924640921115004,-0.314508332059876,-0.342563869539797
TMS18F1350P0033,-0.0280555374799205,0.0897722902087582,0,6198,1,1979,0.269803569723673,0.078745336383472,0.359575859932431,0.331520322452511
TMS18F1350P0038,-0.0280555374799205,-0.0847224302869525,0,6442,1,2217,-0.326331345506813,0.0839894825913008,-0.411053775793766,-0.439109313273686
TMS18F1350P0041,-0.0280555374799205,-0.0119669921800644,0,6431,1,2206,0.152136243068982,0.0711785704709154,0.140169250888917,0.112113713408997
TMS18F1350P0056,-0.0280555374799205,-0.172347342367722,0,5450,1,1377,0.0600442715647779,0.0782329056687988,-0.112303070802944,-0.140358608282864
TMS18F1350P0057,-0.0280555374799205,-0.13164356883121,0,6052,1,1844,-0.0247439083813038,0.0730676922948954,-0.156387477212514,-0.184443014692434
TMS18F1350P0065,-0.0280555374799205,-0.124379116935499,0,6376,1,2151,-0.0803825994845483,0.0825692528269378,-0.204761716420047,-0.232817253899968
TMS18F1350P0067,-0.0280555374799205,-0.20910801680701,0,5566,1,1491,-0.382465949326956,0.074325413833601,-0.591573966133967,-0.619629503613887
TMS18F1350P0075,-0.0280555374799205,-0.204409898176686,0,5670,1,1591,-0.334904369989592,0.0764523169455753,-0.539314268166278,-0.567369805646198
TMS18F1350P0078,-0.0280555374799205,-0.178371958062295,0,5628,1,1551,-0.278138227549183,0.0703763134508958,-0.456510185611477,-0.484565723091398
TMS18F1350P0082,-0.0280555374799205,-0.246176236516604,0,5554,1,1479,-0.125869993718711,0.0781187300596965,-0.372046230235315,-0.400101767715235
TMS18F1350P0086,-0.0280555374799205,-0.187974852971185,0,5626,1,1549,-0.284911932147012,0.0790202470636328,-0.472886785118197,-0.500942322598118
TMS18F1350P0091,-0.0280555374799205,-0.250572110588047,0,6455,1,2230,0.425769253976583,0.0827688677198957,0.175197143388536,0.147141605908616
TMS18F1350P0096,-0.0280555374799205,-0.21510047425255,0,5555,1,1480,-0.086520299455523,0.0799546678317509,-0.301620773708073,-0.329676311187994
TMS18F1352P0002,-0.0280555374799205,-0.118879468014812,0,5399,1,1326,-0.138429253339388,0.0714283479594779,-0.2573087213542,-0.28536425883412
TMS18F1352P0004,-0.0280555374799205,-0.100355770502625,0,6160,1,1946,-0.0533573523330941,0.0711799895601592,-0.15371312283572,-0.18176866031564
TMS18F1352P0012,-0.0280555374799205,-0.111568406439814,0,6012,1,1805,-0.216718546936413,0.0743324262402189,-0.328286953376227,-0.356342490856148
TMS18F1352P0015,-0.0280555374799205,-0.149989165249407,0,6203,1,1983,-0.231662782252323,0.0704759290430309,-0.38165194750173,-0.40970748498165
TMS18F1352P0016,-0.0280555374799205,-0.1385517967912,0,5439,1,1366,0.291347601760814,0.0762497758812573,0.152795804969614,0.124740267489694
TMS18F1352P0026,-0.0280555374799205,-0.0893342033117556,0,6054,1,1846,0.333996035479919,0.073701835513084,0.244661832168164,0.216606294688243
TMS18F1352P0035,-0.0280555374799205,-0.0863651714207651,0,5582,1,1506,-0.228269186195597,0.071326423547121,-0.314634357616362,-0.342689895096283
TMS18F1352P0041,-0.0280555374799205,-0.128531075798415,0,5658,1,1579,-0.261189825318957,0.0700042890695932,-0.389720901117372,-0.417776438597293
TMS18F1352P0043,-0.0280555374799205,-0.118573306512691,0,6311,1,2086,0.09229342314221,0.0732207989087022,-0.0262798833704808,-0.0543354208504013
TMS18F1352P0047,-0.0280555374799205,-0.11071581380346,0,5620,1,1543,-0.010510693556178,0.0732227151987493,-0.121226507359638,-0.149282044839559
TMS18F1352P0049,-0.0280555374799205,-0.0307034887050884,0,6326,1,2101,0.158612695788983,0.07607888233139,0.127909207083895,0.0998536696039744
TMS18F1352P0132,-0.0280555374799205,-0.116676713748206,0,5765,1,1684,-0.150408875976707,0.0963541395318332,-0.267085589724913,-0.295141127204833
TMS18F1353P0014,-0.0280555374799205,-0.072930471757723,0,6280,1,2055,-0.283357287305627,0.0853935202553398,-0.35628775906335,-0.384343296543271
TMS18F1353P0017,-0.0280555374799205,-0.115210772827163,0,5448,1,1375,-0.101460390963753,0.0738533966146536,-0.216671163790916,-0.244726701270837
TMS18F1353P0019,-0.0280555374799205,-0.0337602675507886,0,6084,1,1875,0.261913187921197,0.0714144194454137,0.228152920370408,0.200097382890488
TMS18F1353P0022,-0.0280555374799205,-0.113510568650448,0,6301,1,2076,-0.0108638260623321,0.0727624760407351,-0.12437439471278,-0.152429932192701
TMS18F1353P0023,-0.0280555374799205,-0.0371688579036963,0,5559,1,1484,0.152502592542359,0.0624514636469134,0.115333734638663,0.087278197158742
TMS18F1353P0026,-0.0280555374799205,-0.112285488608398,0,5668,1,1589,0.0886595739090824,0.0742583608303859,-0.0236259146993157,-0.0516814521792362
TMS18F1353P0027,-0.0280555374799205,-0.046653375775484,0,5617,1,1540,0.136965626437456,0.0646953892512024,0.0903122506619723,0.0622567131820518
TMS18F1353P0033,-0.0280555374799205,-0.0239074892499475,0,5671,1,1592,-0.0933032582026468,0.0680118396506733,-0.117210747452594,-0.145266284932515
TMS18F1353P0037,-0.0280555374799205,-0.0222639945117768,0,5722,1,1643,0.344450718361417,0.0663260327844967,0.322186723849641,0.29413118636972
TMS18F1353P0038,-0.0280555374799205,-0.153191497487741,0,5516,1,1441,-0.429686072723136,0.0788603113899434,-0.582877570210878,-0.610933107690798
TMS18F1354P0010,-0.0280555374799205,-0.0892175879398692,0,6159,1,1945,-0.0405049626743228,0.0719731358691723,-0.129722550614192,-0.157778088094112
TMS18F1354P0022,-0.0280555374799205,-0.10181845807214,0,5957,1,1757,0.223758591974067,0.0799724081420103,0.121940133901926,0.093884596422006
TMS18F1354P0025,-0.0280555374799205,-0.1906566059376,0,6166,1,1951,-0.145034337881943,0.0778143636608571,-0.335690943819543,-0.363746481299463
TMS18F1354P0027,-0.0280555374799205,-0.177201714029016,0,6345,1,2120,0.304446202482231,0.0811911982602263,0.127244488453215,0.0991889509732949
TMS18F1354P0030,-0.0280555374799205,-0.169416703036519,0,6154,1,1940,0.192436898981863,0.0757749752473583,0.0230201959453438,-0.00503534153457666
TMS18F1355P0001,-0.0280555374799205,-0.125935612312637,0,6144,1,1931,0.208066770894216,0.0730555175397539,0.0821311585815786,0.0540756211016582
TMS18F1355P0002,-0.0280555374799205,-0.0299299620492646,0,5976,1,1773,-0.0714245249213172,0.0850647488324249,-0.101354486970582,-0.129410024450502
TMS18F1355P0018,-0.0280555374799205,-0.122735207796581,0,6062,1,1854,0.028030779171611,0.0743408380020537,-0.0947044286249697,-0.12275996610489
TMS18F1355P0025,-0.0280555374799205,-0.155289078478575,0,5400,1,1327,-0.025602459002098,0.0813765950385814,-0.180891537480673,-0.208947074960594
TMS18F1355P0030,-0.0280555374799205,-0.239984102243199,0,6449,1,2224,-0.0340841539850056,0.0809597990213849,-0.274068256228204,-0.302123793708125
TMS18F1355P0038,-0.0280555374799205,-0.0711181625921062,0,6329,1,2104,0.123386820531215,0.0733261398772873,0.052268657939109,0.0242131204591885
TMS18F1355P0063,-0.0280555374799205,-0.139890853331981,0,5616,1,1539,0.13916423891581,0.0836614088210167,-0.000726614416171029,-0.0287821518960915
TMS18F1355P0066,-0.0280555374799205,-0.0923440666630755,0,5686,1,1607,0.124862414050139,0.0842414164341767,0.0325183473870637,0.00446280990714328
TMS18F1355P0081,-0.0280555374799205,-0.116963868926979,0,5514,1,1439,-0.101995236127079,0.082585171357407,-0.218959105054058,-0.247014642533979
TMS18F1355P0085,-0.0280555374799205,-0.0681441898769667,0,5550,1,1475,-0.0314171253089121,0.0963806879151241,-0.0995613151858788,-0.127616852665799
TMS18F1355P0088,-0.0280555374799205,-0.245299409402135,0,5687,1,1608,0.308939016608159,0.0877993400577092,0.0636396072060239,0.0355840697261035
TMS18F1355P0089,-0.0280555374799205,-0.110256992908579,0,5593,1,1517,-0.0826930278102811,0.0811585338903391,-0.192950020718861,-0.221005558198781
TMS18F1355P0104,-0.0280555374799205,-0.1062948247031,0,5596,1,1520,0.0506682341006314,0.0803809704295049,-0.0556265906024689,-0.0836821280823894
TMS18F1355P0107,-0.0280555374799205,-0.120060659530134,0,5678,1,1599,0.135195665421422,0.0941476830788607,0.0151350058912876,-0.0129205315886328
TMS18F1355P0113,-0.0280555374799205,-0.0959714166027116,0,5719,1,1640,-0.0598975876961145,0.0857942752094794,-0.155869004298826,-0.183924541778747
TMS18F1355P0119,-0.0280555374799205,-0.106969478348489,0,5650,1,1571,-0.0612337574102332,0.0956655987003217,-0.168203235758722,-0.196258773238643
TMS18F1355P0120,-0.0280555374799205,-0.0575918962785252,0,6437,1,2212,0.360192681287193,0.071073409860159,0.302600785008668,0.274545247528747
TMS18F1356P0018,-0.0280555374799205,-0.143745450238746,0,6035,1,1828,0.179151370149792,0.0746731030944239,0.0354059199110458,0.00735038243112535
TMS18F1356P0026,-0.0280555374799205,-0.154643336821129,0,6256,1,2031,0.783653448434789,0.0737485903240412,0.62901011161366,0.60095457413374
TMS18F1357P0004,-0.0280555374799205,-0.0698013465747672,0,6229,1,2005,-0.0455967763613089,0.065296403924341,-0.115398122936076,-0.143453660415996
TMS18F1357P0020,-0.0280555374799205,-0.101806687317419,0,6186,1,1967,0.230424921470191,0.0725872503334557,0.128618234152772,0.100562696672852
TMS18F1357P0024,-0.0280555374799205,-0.094789763363877,0,6275,1,2050,0.0203311807349876,0.0730867703100064,-0.0744585826288895,-0.10251412010881
TMS18F1358P0001,-0.0280555374799205,-0.0253891290320761,0,6106,1,1895,-0.146301223363884,0.0719614328490773,-0.17169035239596,-0.19974588987588
TMS18F1359P0001,-0.0280555374799205,-0.101777427802904,0,5428,1,1355,-0.115794545575245,0.0870135640573885,-0.217571973378149,-0.245627510858069
TMS18F1359P0015,-0.0280555374799205,-0.0652463641639667,0,6064,1,1856,0.190736784019073,0.0683639070230863,0.125490419855107,0.0974348823751861
TMS18F1359P0023,-0.0280555374799205,-0.0630961556227988,0,5594,1,1518,0.0265833846027933,0.0652260544532005,-0.0365127710200056,-0.064568308499926
TMS18F1359P0024,-0.0280555374799205,-0.071725048763245,0,5721,1,1642,0.23376697806171,0.0651377953890505,0.162041929298465,0.133986391818545
TMS18F1359P0027,-0.0280555374799205,-0.00941458775349425,0,5703,1,1624,0.0833526302661546,0.0686646974730147,0.0739380425126604,0.0458825050327399
TMS18F1361P0004,-0.0280555374799205,-0.00122183154551327,0,6153,1,1939,0.216181656912318,0.0724573542539532,0.214959825366805,0.186904287886885
TMS18F1361P0018,-0.0280555374799205,-0.0095730866570682,0,5402,1,1329,0.18233897695825,0.0749915518637996,0.172765890301182,0.144710352821262
TMS18F1361P0023,-0.0280555374799205,0.000912207723603703,0,6142,1,1929,0.202475923572082,0.0689282688689895,0.203388131295686,0.175332593815765
TMS18F1361P0024,-0.0280555374799205,0.0120214940441509,0,6247,1,2022,0.397325071251989,0.0674610587578709,0.40934656529614,0.381291027816219
TMS18F1361P0034,-0.0280555374799205,-0.0428821416919695,0,5576,1,1501,0.296835343562181,0.0656368599702883,0.253953201870212,0.225897664390291
TMS18F1361P0038,-0.0280555374799205,0.0984898234273646,0,5711,1,1632,0.351540451119578,0.072792903372584,0.450030274546943,0.421974737067022
TMS18F1361P0041,-0.0280555374799205,-0.0388037568678116,0,6405,1,2180,-0.18052437262701,0.0705349522160361,-0.219328129494821,-0.247383666974742
TMS18F1361P0045,-0.0280555374799205,-0.0580033200171294,0,5618,1,1541,0.109781506754769,0.0711726952409991,0.0517781867376393,0.0237226492577189
TMS18F1362P0003,-0.0280555374799205,-0.0983698501637213,0,6048,1,1840,0.183201761407047,0.109034538340529,0.0848319112433259,0.0567763737634055
TMS18F1362P0007,-0.0280555374799205,-0.00265114075235243,0,5443,1,1370,0.186807757380949,0.0713645698765275,0.184156616628596,0.156101079148676
TMS18F1363P0002,-0.0280555374799205,0.0264028250666509,0,6051,1,1843,0.000531109302182892,0.0760169438954481,0.0269339343688338,-0.00112160311108663
TMS18F1363P0007,-0.0280555374799205,0.115729921246636,0,5921,1,1731,-0.145639739800777,0.072052903684571,-0.0299098185541409,-0.0579653560340614
TMS18F1364P0007,-0.0280555374799205,-0.26932618613403,0,5958,1,1758,-0.450757924762271,0.0719624830355055,-0.720084110896301,-0.748139648376221
TMS18F1364P0018,-0.0280555374799205,-0.109523832475232,0,6300,1,2075,-0.0189355009039579,0.0812506665487913,-0.12845933337919,-0.15651487085911
TMS18F1364P0022,-0.0280555374799205,0.242909391958722,0,5441,1,1368,0.0976347589371447,0.0786932590780149,0.340544150895867,0.312488613415946
TMS18F1364P0027,-0.0280555374799205,0.00946047598450506,0,6427,1,2202,0.418304055017737,0.0777454667608978,0.427764531002242,0.399708993522321
TMS18F1364P0029,-0.0280555374799205,0.276576581937841,0,6178,1,1961,-0.203509983956699,0.0784729203860725,0.0730665979811429,0.0450110605012224
TMS18F1365P0001,-0.0280555374799205,0.097200491124779,0,5938,1,1743,-0.310462340072448,0.0551560227019293,-0.213261848947669,-0.24131738642759
TMS18F1365P0005,-0.0280555374799205,0.275290321025198,0,5457,1,1384,-0.281192771402094,0.079344800813259,-0.00590245037689585,-0.0339579878568163
TMS18F1365P0018,-0.0280555374799205,-0.122414908491311,0,6349,1,2124,-0.419739460369913,0.0816313977657814,-0.542154368861224,-0.570209906341144
TMS18F1365P0022,-0.0280555374799205,0.226769818775504,0,5453,1,1380,-0.35614392588642,0.0733568693130189,-0.129374107110916,-0.157429644590836
TMS18F1365P0024,-0.0280555374799205,-0.239043794583489,0,6399,1,2174,0.486195769891257,0.0949153765295226,0.247151975307768,0.219096437827848
TMS18F1366P0001,-0.0280555374799205,0.00729723078710451,0,6114,1,1903,-0.135676578000501,0.0744550635349894,-0.128379347213396,-0.156434884693317
TMS18F1366P0002,-0.0280555374799205,0.0304143062012993,0,6233,1,2008,0.0505634669278531,0.0654437663724858,0.0809777731291524,0.052922235649232
TMS18F1366P0012,-0.0280555374799205,-0.0152326350532583,0,6347,1,2122,0.0138852659777669,0.0832438287643795,-0.00134736907549134,-0.0294029065554118
TMS18F1366P0014,-0.0280555374799205,0.0268476962178213,0,5366,1,1293,-0.100852048197646,0.0647410511101639,-0.0740043519798244,-0.102059889459745
TMS18F1366P0017,-0.0280555374799205,-0.034345375620489,0,6007,1,1800,0.0869880359291791,0.0731618947891244,0.0526426603086901,0.0245871228287696
TMS18F1366P0018,-0.0280555374799205,0.0416352732612481,0,6241,1,2016,0.0722785239473551,0.0663728137547273,0.113913797208603,0.0858582597286828
TMS18F1366P0031,-0.0280555374799205,0.0671457456276222,0,5589,1,1513,-0.145477882620334,0.0692644987723761,-0.0783321369927114,-0.106387674472632
TMS18F1367P0011,-0.0280555374799205,0.0668542912749138,0,5963,1,1762,-0.0148510256216004,0.0781219121351632,0.0520032656533134,0.0239477281733929
TMS18F1367P0025,-0.0280555374799205,0.0994792953814812,0,6196,1,1977,-0.0754494447610457,0.0723994791130665,0.0240298506204355,-0.00402568685948494
TMS18F1367P0030,-0.0280555374799205,0.138335301361344,0,5392,1,1319,-0.079134046735137,0.0737670733977967,0.0592012546262072,0.0311457171462867
TMS18F1367P0034,-0.0280555374799205,-0.0464416071941942,0,5998,1,1791,0.059922116053845,0.077703701339522,0.0134805088596509,-0.0145750286202696
TMS18F1368P0014,-0.0280555374799205,-0.0136027584597013,0,6038,1,1831,-0.0123991381822704,0.0964432784477187,-0.0260018966419716,-0.0540574341218921
TMS18F1369P0010,-0.0280555374799205,0.042016129591861,0,5431,1,1358,0.0310131152248278,0.0650475448467089,0.0730292448166888,0.0449737073367684
TMS18F1369P0014,-0.0280555374799205,0.06513454621174,0,5381,1,1308,-0.0510862303105134,0.069540914854792,0.0140483159012266,-0.0140072215786939
TMS18F1369P0015,-0.0280555374799205,0.0176425380814368,0,5391,1,1318,-0.0169051528615564,0.067338353056261,0.00073738521988043,-0.02731815226004
TMS18F1369P0016,-0.0280555374799205,0.0227509988986214,0,5955,1,1755,-0.0264176734594489,0.0681499032334684,-0.00366667456082749,-0.0317222120407479
TMS18F1369P0023,-0.0280555374799205,0.0764051314928025,0,5375,1,1302,0.0470521830593232,0.0675040883228944,0.123457314552126,0.0954017770722053
TMS18F1370P0008,-0.0280555374799205,0.0625966497616749,0,5421,1,1348,-0.29648168326469,0.0739952387449364,-0.233885033503015,-0.261940570982936
TMS18F1370P0012,-0.0280555374799205,0.0350657906987135,0,6262,1,2037,-0.117625812663381,0.0768144001011172,-0.0825600219646671,-0.110615559444588
TMS18F1371P0001,-0.0280555374799205,0.158125898140504,0,5369,1,1296,-0.156615543751384,0.0850904958728274,0.00151035438912042,-0.0265451830908
TMS18F1371P0011,-0.0280555374799205,0.11256419437219,0,5384,1,1311,-0.265649578404978,0.0744001295133849,-0.153085384032788,-0.181140921512708
TMS18F1372P0005,-0.0280555374799205,-0.100493960381478,0,6224,1,2001,0.248234209774599,0.0719539647668324,0.147740249393121,0.1196847119132
TMS18F1372P0010,-0.0280555374799205,-0.11451154084731,0,6184,1,1965,0.510577766026226,0.0692846122939239,0.396066225178916,0.368010687698995
TMS18F1372P0013,-0.0280555374799205,-0.0976312070545316,0,6270,1,2045,0.42463199930177,0.0744142598396298,0.327000792247238,0.298945254767318
TMS18F1372P0017,-0.0280555374799205,-0.0743960853537983,0,6138,1,1925,0.133131170902205,0.0744197452347202,0.0587350855484064,0.030679548068486
TMS18F1372P0019,-0.0280555374799205,-0.0596382857571537,0,6202,1,1982,0.445828010433315,0.0688138009865421,0.386189724676161,0.358134187196241
TMS18F1372P0020,-0.0280555374799205,-0.0853895085907413,0,5981,1,1776,0.223563426020374,0.0727160437781332,0.138173917429633,0.110118379949712
TMS18F1372P0024,-0.0280555374799205,0.00456191990265231,0,6335,1,2110,-0.140588949885015,0.0770275832953071,-0.136027029982363,-0.164082567462284
TMS18F1372P0041,-0.0280555374799205,-0.277776344205803,0,6379,1,2154,-0.355151690098718,0.0815371737300554,-0.632928034304521,-0.660983571784441
TMS18F1373P0003,-0.0280555374799205,-0.0469844196519515,0,6150,1,1936,0.414893460784627,0.0715616531877133,0.367909041132675,0.339853503652755
TMS18F1373P0018,-0.0280555374799205,-0.0353979949978137,0,6176,1,1959,0.811330255164296,0.0674261973313117,0.775932260166482,0.747876722686562
TMS18F1373P0019,-0.0280555374799205,-0.0729530641779771,0,6165,1,1950,0.566605511192266,0.0727491232875455,0.493652447014289,0.465596909534369
TMS18F1373P0026,-0.0280555374799205,0.0780505453815277,0,6050,1,1842,0.480871377345407,0.0782018297411074,0.558921922726934,0.530866385247014
TMS18F1373P0028,-0.0280555374799205,-0.0115926988387334,0,5401,1,1328,0.613297191801502,0.0715984012149347,0.601704492962769,0.573648955482848
TMS18F1373P0040,-0.0280555374799205,-0.0525949402113766,0,6128,1,1916,0.410643328495656,0.0729558530871584,0.35804838828428,0.329992850804359
TMS18F1374P0007,-0.0280555374799205,-0.0447859576356152,0,6206,1,1985,0.427271123830094,0.0752330723375078,0.382485166194479,0.354429628714559
TMS18F1375P0016,-0.0280555374799205,0.0109200016753905,0,6008,1,1801,0.292683723394971,0.0719311088357062,0.303603725070362,0.275548187590441
TMS18F1376P0012,-0.0280555374799205,0.0150492285441782,0,6195,1,1976,0.313888918414302,0.0735809418289875,0.328938146958481,0.30088260947856
TMS18F1377P0007,-0.0280555374799205,0.0212541063025865,0,5377,1,1304,0.257167786565797,0.0735829325408149,0.278421892868383,0.250366355388463
TMS18F1377P0023,-0.0280555374799205,-0.0692234653949584,0,5379,1,1306,0.338755844408615,0.0720887561616235,0.269532379013656,0.241476841533736
TMS18F1378P0009,-0.0280555374799205,0.105424041151367,0,6245,1,2020,0.1021867396331,0.0709583676754091,0.207610780784468,0.179555243304547
TMS18F1378P0019,-0.0280555374799205,0.103317292682216,0,6218,1,1996,0.207290159849131,0.0719056918100767,0.310607452531346,0.282551915051426
TMS18F1378P0033,-0.0280555374799205,0.14509004014798,0,6223,1,2000,0.021760649559977,0.0800902324126239,0.166850689707957,0.138795152228037
TMS18F1379P0008,-0.0280555374799205,0.170243469341892,0,6060,1,1852,0.479626776655093,0.0804019586290429,0.649870245996985,0.621814708517064
TMS18F1379P0019,-0.0280555374799205,0.237846669128201,0,6020,1,1813,0.175976619122824,0.0817458359580086,0.413823288251025,0.385767750771105
TMS18F1379P0021,-0.0280555374799205,0.21929278723349,0,6171,1,1955,0.170923715777322,0.0814981489684087,0.390216503010813,0.362160965530892
TMS18F1380P0003,-0.0280555374799205,0.201560763690957,0,6429,1,2204,0.193009144052831,0.0783960318826699,0.394569907743789,0.366514370263868
TMS18F1380P0018,-0.0280555374799205,0.303251747355787,0,6174,1,1958,0.18590027855818,0.0800122757081538,0.489152025913967,0.461096488434047
TMS18F1380P0027,-0.0280555374799205,0.288579615632158,0,6068,1,1860,0.250970142820396,0.0826464559761838,0.539549758452554,0.511494220972633
TMS18F1381P0002,-0.0280555374799205,0.0930620893125678,0,6147,1,1933,0.118740059628795,0.0712699184853915,0.211802148941362,0.183746611461442
TMS18F1381P0004,-0.0280555374799205,0.0899899958985953,0,6158,1,1944,-0.148096423570599,0.0727534339096819,-0.0581064276720035,-0.0861619651519239
TMS18F1382P0019,-0.0280555374799205,0.324944453520534,0,6259,1,2034,0.201177563435555,0.0832862904770581,0.526122016956089,0.498066479476168
TMS18F1383P0019,-0.0280555374799205,0.275853976897131,0,5424,1,1351,0.208930959073043,0.0799292746811409,0.484784935970173,0.456729398490253
TMS18F1383P0023,-0.0280555374799205,0.295840741802475,0,6157,1,1943,0.138875260817081,0.0853856739852321,0.434716002619556,0.406660465139635
TMS18F1384P0022,-0.0280555374799205,0.038838549815037,0,6074,1,1866,0.27852914328147,0.0742137450565391,0.317367693096507,0.289312155616586
TMS18F1384P0025,-0.0280555374799205,0.16794355948225,0,6088,1,1879,-0.02885291453344,0.0779740285959984,0.13909064494881,0.11103510746889
TMS18F1385P0002,-0.0280555374799205,0.114027051994084,0,5982,1,1777,0.305191363450483,0.0724550872633,0.419218415444566,0.391162877964646
TMS18F1386P0018,-0.0280555374799205,0.0135603797620806,0,6102,1,1892,0.209137431569246,0.0800101118815318,0.222697811331326,0.194642273851406
TMS18F1387P0006,-0.0280555374799205,0.0405002704964234,0,6016,1,1809,0.268519929974347,0.0747400403029318,0.309020200470771,0.28096466299085
TMS18F1388P0011,-0.0280555374799205,0.199176003369118,0,6042,1,1835,0.188676796579328,0.0783783585558145,0.387852799948446,0.359797262468526
TMS18F1388P0012,-0.0280555374799205,0.129442232406062,0,6287,1,2062,-0.0982060402447723,0.0719326504987668,0.0312361921612899,0.00318065468136944
TMS18F1389P0003,-0.0280555374799205,0.125948373881923,0,6069,1,1861,0.235998435462837,0.0767269819613593,0.361946809344761,0.33389127186484
TMS18F1389P0016,-0.0280555374799205,0.167822954806001,0,6141,1,1928,0.4221984053165,0.0787098856136835,0.590021360122501,0.56196582264258
TMS18F1389P0021,-0.0280555374799205,0.10543924144603,0,6343,1,2118,0.0805548570392705,0.0761491305540877,0.1859940984853,0.15793856100538
TMS18F1389P0027,-0.0280555374799205,0.131191766078771,0,6191,1,1972,0.222814041712493,0.0773163511329372,0.354005807791264,0.325950270311343
TMS18F1389P0028,-0.0280555374799205,0.2183949238914,0,6076,1,1868,0.207885735720197,0.0810277075744796,0.426280659611597,0.398225122131676
TMS18F1389P0031,-0.0280555374799205,0.135290207633613,0,5419,1,1346,0.167510517112004,0.0743371984818732,0.302800724745618,0.274745187265697
TMS18F1389P0036,-0.0280555374799205,0.172430332177674,0,6075,1,1867,0.541740444307885,0.0787363397052663,0.71417077648556,0.686115239005639
TMS18F1390P0006,-0.0280555374799205,0.0539365163346468,0,5928,1,1735,0.188724552244944,0.0754634809613316,0.242661068579591,0.21460553109967
TMS18F1390P0010,-0.0280555374799205,0.244561774594358,0,6066,1,1858,0.36741090437801,0.0761330436654218,0.611972678972368,0.583917141492448
TMS18F1390P0023,-0.0280555374799205,0.223536805842388,0,6080,1,1871,0.51685703895185,0.0811246513624158,0.740393844794239,0.712338307314318
TMS18F1390P0037,-0.0280555374799205,0.239627589910329,0,6194,1,1975,0.258278601887837,0.0788424115438696,0.497906191798166,0.469850654318246
TMS18F1391P0001,-0.0280555374799205,0.0588762277582045,0,6111,1,1900,-0.129661409099059,0.079354398388605,-0.0707851813408543,-0.0988407188207748
TMS18F1391P0002,-0.0280555374799205,0.122251643731552,0,6104,1,1893,0.294116433979094,0.0742274302673916,0.416368077710646,0.388312540230726
TMS18F1391P0004,-0.0280555374799205,0.0687619204589411,0,5445,1,1372,0.163643515105613,0.0790182509393156,0.232405435564554,0.204349898084634
TMS18F1391P0008,-0.0280555374799205,0.0743567507543803,0,6057,1,1849,0.172055774211122,0.0790479244822925,0.246412524965502,0.218356987485582
TMS18F1391P0011,-0.0280555374799205,0.0364614847621252,0,6264,1,2039,0.00554904736108017,0.0802108115801656,0.0420105321232053,0.0139549946432849
TMS18F1391P0023,-0.0280555374799205,-0.161778232019345,0,6238,1,2013,-0.289521972914685,0.0801821231717079,-0.45130020493403,-0.47935574241395
TMS18F1395P0006,-0.0280555374799205,0.105043839369514,0,6083,1,1874,0.0426176376398474,0.0740649292402432,0.147661477009362,0.119605939529441
TMS18F1395P0010,-0.0280555374799205,0.141465498411379,0,5395,1,1322,-0.116900141520089,0.0759450511742866,0.0245653568912904,-0.00349018058863007
TMS18F1395P0014,-0.0280555374799205,0.0400643468517703,0,5962,1,1761,0.0396766865586473,0.0708560076382561,0.0797410334104176,0.0516854959304971
TMS18F1395P0029,-0.0280555374799205,0.147140103168926,0,5926,1,1734,-0.00943024169152319,0.0761093121408809,0.137709861477403,0.109654323997483
TMS18F1395P0030,-0.0280555374799205,0.120568660455234,0,6215,1,1993,-0.111044144968847,0.0712117051981229,0.00952451548638669,-0.0185310219935338
TMS18F1395P0031,-0.0280555374799205,0.0881581939868233,0,6226,1,2002,-0.00339584015235893,0.0702076731058893,0.0847623538344644,0.056706816354544
TMS18F1395P0033,-0.0280555374799205,-0.0488102049879113,0,5665,1,1586,0.173275851677619,0.0655314803011518,0.124465646689708,0.0964101092097871
TMS18F1395P0038,-0.0280555374799205,0.0970833734337278,0,5537,1,1462,-0.160646662977257,0.0735531227521269,-0.0635632895435292,-0.0916188270234497
TMS18F1395P0042,-0.0280555374799205,0.0983612449495669,0,5605,1,1529,-0.154482357634716,0.0734950311089361,-0.0561211126851488,-0.0841766501650693
TMS18F1395P0046,-0.0280555374799205,0.102319151215045,0,5522,1,1447,-0.30005766911848,0.0632719522769633,-0.197738517903435,-0.225794055383355
TMS18F1395P0050,-0.0280555374799205,0.106932085268329,0,5724,1,1645,-0.0472029959538371,0.0853725165447066,0.059729089314492,0.0316735518345715
TMS18F1395P0053,-0.0280555374799205,0.0938823496499187,0,5597,1,1521,0.272099043097691,0.0746983580554318,0.36598139274761,0.337925855267689
TMS18F1395P0055,-0.0280555374799205,-0.0868411950187746,0,6459,1,2234,0.175799667695145,0.0785771964023624,0.0889584726763708,0.0609029351964503
TMS18F1395P0058,-0.0280555374799205,0.124043387787589,0,5570,1,1495,-0.208456029754569,0.0735745483894006,-0.0844126419669797,-0.1124681794469
TMS18F1396P0001,-0.0280555374799205,-0.0478264819857701,0,5950,1,1752,0.599328517870378,0.0665120290484476,0.551502035884608,0.523446498404688
TMS18F1396P0007,-0.0280555374799205,-0.0790454455364531,0,5971,1,1769,0.522458269637144,0.068663667208025,0.443412824100691,0.415357286620771
TMS18F1396P0014,-0.0280555374799205,0.148376775270065,0,6118,1,1907,0.10481704827397,0.069216978877106,0.253193823544035,0.225138286064114
TMS18F1396P0017,-0.0280555374799205,0.0197819100293637,0,5394,1,1321,-0.0088308444122961,0.0675265149104243,0.0109510656170676,-0.0171044718628529
TMS18F1396P0025,-0.0280555374799205,-0.127835238440825,0,6252,1,2027,0.797839028409583,0.0652385178576255,0.670003789968758,0.641948252488838
TMS18F1396P0049,-0.0280555374799205,-0.0931206447913836,0,5592,1,1516,0.365263171190025,0.0677222873044132,0.272142526398642,0.244086988918721
TMS18F1396P0053,-0.0280555374799205,-0.117751223852601,0,5517,1,1442,0.183403059985957,0.0678414804868774,0.0656518361333552,0.0375962986534348
TMS18F1396P0067,-0.0280555374799205,-0.0760137186084828,0,5657,1,1578,0.378097194913311,0.0677881536943259,0.302083476304828,0.274027938824908
TMS18F1396P0081,-0.0280555374799205,-0.118863464161781,0,5601,1,1525,0.607590646400603,0.0686127672261254,0.488727182238822,0.460671644758901
TMS18F1397P0021,-0.0280555374799205,0.0426104743528684,0,6277,1,2052,0.027887125053547,0.0662763086418119,0.0704975994064155,0.042442061926495
TMS18F1397P0031,-0.0280555374799205,0.0965391469589491,0,6213,1,1992,0.128738037422251,0.0770139265900163,0.2252771843812,0.19722164690128
TMS18F1397P0036,-0.0280555374799205,0.145762749665279,0,6155,1,1941,0.342906950088821,0.0799966318881022,0.4886696997541,0.460614162274179
TMS18F1397P0042,-0.0280555374799205,0.14436020143534,0,6026,1,1819,0.100938467063995,0.0802585281598886,0.245298668499335,0.217243131019415
TMS18F1399P0033,-0.0280555374799205,0.0310638048220289,0,5503,1,1428,0.0396875210219008,0.079110106685017,0.0707513258439297,0.0426957883640092
TMS18F1399P0036,-0.0280555374799205,0.0114044092351849,0,5565,1,1490,0.0436563456537994,0.0809736618277539,0.0550607548889843,0.0270052174090639
TMS18F1408P0006,-0.0280555374799205,-0.0394739204820404,0,5370,1,1297,-0.319386124580988,0.0699247976414175,-0.358860045063028,-0.386915582542949
TMS18F1409P0005,-0.0280555374799205,-0.199729659710732,0,6271,1,2046,0.238465795685482,0.0705285545586863,0.0387361359747495,0.010680598494829
TMS18F1409P0008,-0.0280555374799205,-0.0363193555262638,0,5413,1,1340,0.276644060715138,0.0731382225464342,0.240324705188874,0.212269167708953
TMS18F1414P0014,-0.0280555374799205,-0.11967749668187,0,6296,1,2071,-0.0455804836835329,0.0759679940839075,-0.165257980365403,-0.193313517845323
TMS18F1414P0017,-0.0280555374799205,-0.110225999094237,0,6418,1,2193,0.134746078788144,0.0718985663447305,0.0245200796939073,-0.00353545778601316
TMS18F1415P0045,-0.0280555374799205,0.115095859188968,0,6022,1,1815,0.316426167623062,0.0798972445875729,0.43152202681203,0.40346648933211
TMS18F1415P0046,-0.0280555374799205,0.0526361120342625,0,5934,1,1740,0.199190711791694,0.0753460910075664,0.251826823825957,0.223771286346037
TMS18F1419P0032,-0.0280555374799205,-0.0484923883933701,0,5609,1,1533,-0.570008747464296,0.0741656849095041,-0.618501135857666,-0.646556673337587
TMS18F1419P0037,-0.0280555374799205,-0.0571042478436872,0,5679,1,1600,-0.383193036223279,0.0685807091782821,-0.440297284066966,-0.468352821546886
TMS18F1419P0039,-0.0280555374799205,-0.0614615464875071,0,5642,1,1564,-0.346099098883304,0.0686425003617413,-0.407560645370811,-0.435616182850731
TMS18F1419P0044,-0.0280555374799205,-0.0229727861404331,0,5604,1,1528,-0.30775577519489,0.0695105123431061,-0.330728561335323,-0.358784098815243
TMS18F1420P0005,-0.0280555374799205,-0.015947106797389,0,6039,1,1832,-0.32480798441395,0.0884570488624255,-0.340755091211339,-0.36881062869126
TMS18F1420P0006,-0.0280555374799205,-0.0182379580926851,0,6015,1,1808,-0.616822243409239,0.0792281290971211,-0.635060201501924,-0.663115738981844
TMS18F1421P0005,-0.0280555374799205,-0.0507738563552189,0,5383,1,1310,-0.230005725042608,0.0704383016401486,-0.280779581397826,-0.308835118877747
TMS18F1421P0020,-0.0280555374799205,-0.0238849121617082,0,6221,1,1998,-0.0637674592872085,0.0727748600507489,-0.0876523714489166,-0.115707908928837
TMS18F1421P0022,-0.0280555374799205,0.0171413790387065,0,6109,1,1898,0.0417947729421372,0.073907482303136,0.0589361519808436,0.0308806145009232
TMS18F1421P0025,-0.0280555374799205,0.0616162640798642,0,5386,1,1313,-0.0237595056541458,0.0752109306509638,0.0378567584257184,0.00980122094579793
TMS18F1421P0040,-0.0280555374799205,-0.00196055619157067,0,5956,1,1756,-0.203687130810915,0.0722993744808628,-0.205647687002485,-0.233703224482406
TMS18F1421P0050,-0.0280555374799205,-0.0419477264172386,0,5696,1,1617,-0.119157288056918,0.0726979574621393,-0.161105014474157,-0.189160551954077
TMS18F1421P0055,-0.0280555374799205,-0.0283392493439526,0,5624,1,1547,-0.387598554469473,0.0708513997918505,-0.415937803813426,-0.443993341293346
TMS18F1421P0059,-0.0280555374799205,-0.00517835985653795,0,5734,1,1655,-0.112970021326282,0.0723171152463065,-0.11814838118282,-0.14620391866274
TMS18F1424P0001,-0.0280555374799205,-0.0829866400559512,0,6220,1,1997,-0.294477435694606,0.0742990001408329,-0.377464075750557,-0.405519613230477
TMS18F1424P0005,-0.0280555374799205,-0.153820426958848,0,6005,1,1798,-0.275844965047032,0.0771661528256625,-0.42966539200588,-0.457720929485801
TMS18F1424P0020,-0.0280555374799205,-0.115190979884647,0,5410,1,1337,-0.455386666053613,0.0739784791506983,-0.57057764593826,-0.59863318341818
TMS18F1424P0026,-0.0280555374799205,-0.0753005945386935,0,6187,1,1968,-0.410946469936186,0.0751035374526146,-0.486247064474879,-0.5143026019548
TMS18F1426P0001,-0.0280555374799205,0.268471898894376,0,5385,1,1312,-0.116782565997833,0.0870697891723542,0.151689332896544,0.123633795416623
TMS18F1426P0024,-0.0280555374799205,0.224070389968877,0,6173,1,1957,-0.0249704268710912,0.0765911107919285,0.199099963097786,0.171044425617865
TMS18F1436P0038,-0.0280555374799205,0.030232280988912,0,5612,1,1536,-0.168852292428172,0.0732524133359183,-0.13862001143926,-0.16667554891918
TMS18F1436P0041,-0.0280555374799205,0.0714125480642172,0,5740,1,1661,0.0370701382617956,0.0725382219532659,0.108482686326013,0.0804271488460923
TMS18F1436P0049,-0.0280555374799205,-0.199395203426248,0,6363,1,2138,0.130317540069099,0.086747648552845,-0.069077663357149,-0.0971332008370694
TMS18F1436P0053,-0.0280555374799205,-0.218610409434889,0,6394,1,2169,0.505430985321425,0.0760836466767837,0.286820575886536,0.258765038406615
TMS18F1436P0062,-0.0280555374799205,0.0938017952653476,0,5667,1,1588,-0.142626238899338,0.0739758786676736,-0.0488244436339902,-0.0768799811139106
TMS18F1438P0019,-0.0280555374799205,-0.11895991613379,0,6257,1,2032,0.318086553474214,0.0752707198554549,0.199126637340423,0.171071099860503
TMS18F1439P0020,-0.0280555374799205,0.112626768956421,0,5987,1,1781,0.269230326820126,0.0786791627326775,0.381857095776547,0.353801558296627
TMS18F1447P0002,-0.0280555374799205,0.116102857354586,0,6286,1,2061,-0.0574488065104236,0.0748516697584528,0.0586540508441621,0.0305985133642416
TMS18F1447P0045,-0.0280555374799205,0.275797115299734,0,5420,1,1347,0.0113706647592378,0.0784286626927882,0.287167780058972,0.259112242579052
TMS18F1447P0062,-0.0280555374799205,-0.0614122871417511,0,6410,1,2185,0.394534426022565,0.0727338680865533,0.333122138880814,0.305066601400893
TMS18F1447P0077,-0.0280555374799205,0.361762626868218,0,5528,1,1453,-0.499271760095253,0.100114169546701,-0.137509133227036,-0.165564670706956
TMS18F1447P0078,-0.0280555374799205,-0.0269641069857034,0,6446,1,2221,0.423594721203369,0.070207227820836,0.396630614217665,0.368575076737745
TMS18F1451P0002,-0.0280555374799205,0.18102670058106,0,6193,1,1974,-0.124399092249225,0.0785235004824858,0.0566276083318351,0.0285720708519146
TMS18F1451P0005,-0.0280555374799205,0.199652894683284,0,6086,1,1877,-0.42596942369844,0.0775754916229356,-0.226316529015156,-0.254372066495076
TMS18F1451P0013,-0.0280555374799205,0.136772460452643,0,5937,1,1742,-0.0686297469897975,0.0728376497552861,0.068142713462845,0.0400871759829246
TMS18F1451P0015,-0.0280555374799205,0.189632176201822,0,5952,1,1754,-0.304202107280769,0.0752731032441739,-0.114569931078947,-0.142625468558868
TMS18F1451P0025,-0.0280555374799205,0.111050238819371,0,6029,1,1822,-0.0730750304804638,0.067933043357355,0.0379752083389072,0.00991967085898671
TMS18F1451P0026,-0.0280555374799205,0.126785665930101,0,6146,1,1932,-0.208623383034183,0.0706233119209981,-0.0818377171040825,-0.109893254584003
TMS18F1453P0002,-0.0280555374799205,0.120707908991334,0,6134,1,1921,0.155664179466111,0.0753297712173773,0.276372088457444,0.248316550977524
TMS18F1453P0004,-0.0280555374799205,-0.0208712313511089,0,6170,1,1954,-0.674880751757956,0.066195265269894,-0.695751983109065,-0.723807520588986
TMS18F1453P0007,-0.0280555374799205,0.0133251884307071,0,6101,1,1891,-0.586979465421062,0.0648553980417749,-0.573654276990354,-0.601709814470275
TMS18F1453P0014,-0.0280555374799205,-0.00852522212160816,0,6197,1,1978,-0.494277221974774,0.0668897295119421,-0.502802444096382,-0.530857981576303
TMS18F1453P0017,-0.0280555374799205,0.00718684695244234,0,6090,1,1881,-0.39021525559218,0.062936708333097,-0.383028408639737,-0.411083946119658
TMS18F1453P0023,-0.0280555374799205,-0.0340605814571825,0,5925,1,1733,-0.794718010389918,0.0648464377948594,-0.8287785918471,-0.856834129327021
TMS18F1453P0025,-0.0280555374799205,0.0864834171618302,0,6065,1,1857,0.151758524727779,0.0567670034324718,0.238241941889609,0.210186404409689
TMS18F1453P0026,-0.0280555374799205,0.07063289158683,0,5951,1,1753,-0.315259933314085,0.0679635416278001,-0.244627041727255,-0.272682579207175
TMS18F1453P0027,-0.0280555374799205,0.0735921057078016,0,6108,1,1897,-0.599826215935069,0.0683309300805918,-0.526234110227268,-0.554289647707188
TMS18F1453P0029,-0.0280555374799205,-0.0248646013072281,0,6251,1,2026,-0.114556866736408,0.0628407555782358,-0.139421468043636,-0.167477005523557
TMS18F1453P0051,-0.0280555374799205,0.0499844105138409,0,5519,1,1444,-0.271269591325609,0.0638072184595679,-0.221285180811768,-0.249340718291689
TMS18F1457P0002,-0.0280555374799205,-0.0520424392582989,0,6188,1,1969,0.15651209258042,0.0837640476490276,0.104469653322121,0.0764141158422002
TMS18F1457P0005,-0.0280555374799205,-0.0676325503406293,0,6261,1,2036,0.276870829461948,0.0837281756264781,0.209238279121319,0.181182741641398
TMS18F1457P0009,-0.0280555374799205,-0.0658581705091211,0,6089,1,1880,0.28169297057277,0.0844104925105208,0.215834800063649,0.187779262583729
TMS18F1457P0012,-0.0280555374799205,-0.066589884459872,0,6099,1,1889,0.0877713506421579,0.0830643144173949,0.0211814661822858,-0.00687407129763461
TMS18F1462P0017,-0.0280555374799205,-0.0131291244480403,0,6306,1,2081,0.137318028004313,0.0693379471003127,0.124188903556273,0.0961333660763524
TMS18F1469P0062,-0.0280555374799205,0.00267245525439542,0,6294,1,2069,-0.719245016475252,0.0673716568010899,-0.716572561220857,-0.744628098700777
TMS18F1469P0066,-0.0280555374799205,0.00694201508829339,0,5652,1,1573,-0.0245645828553632,0.0727504007204668,-0.0176225677670698,-0.0456781052469902
TMS18F1472P0039,-0.0280555374799205,0.11782941607834,0,5739,1,1660,-0.00763691061330475,0.0740405041655912,0.110192505465035,0.0821369679851146
TMS18F1472P0042,-0.0280555374799205,0.0202063590597931,0,6344,1,2119,0.223134701839897,0.0774884807514953,0.24334106089969,0.215285523419769
TMS18F1476P0047,-0.0280555374799205,-0.0440444849605182,0,6434,1,2209,0.22157000964564,0.0601099852015356,0.177525524685122,0.149469987205201
TMS18F1476P0048,-0.0280555374799205,-0.182567157475117,0,6310,1,2085,-0.651787250118892,0.0758935801552987,-0.834354407594009,-0.86240994507393
TMS18F1478P0047,-0.0280555374799205,-0.0650950273159524,0,6421,1,2196,-0.516067271594351,0.102390550697672,-0.581162298910303,-0.609217836390224
TMS18F1478P0055,-0.0280555374799205,-0.0654623284962457,0,5623,1,1546,-0.117791448284593,0.0835556835752523,-0.183253776780839,-0.211309314260759
TMS18F1480P0007,-0.0280555374799205,0.00418701273196702,0,6185,1,1966,0.180088922466356,0.0789467434349778,0.184275935198323,0.156220397718402
TMS18F1480P0010,-0.0280555374799205,-0.0581907210976295,0,6139,1,1926,0.0269041569704896,0.0703587272933237,-0.03128656412714,-0.0593421016070604
TMS18F1480P0020,-0.0280555374799205,-0.108984425135269,0,6217,1,1995,0.244561775898959,0.0768718311756074,0.13557735076369,0.107521813283769
TMS18F1480P0023,-0.0280555374799205,-0.0429463160010488,0,5433,1,1360,0.333112559964297,0.0795769957975197,0.290166243963249,0.262110706483328
TMS18F1480P0032,-0.0280555374799205,0.0175826791904628,0,5417,1,1344,-0.0575983697912339,0.0752544625526836,-0.0400156906007711,-0.0680712280806915
TMS18F1480P0033,-0.0280555374799205,-0.00411068596675687,0,5754,1,1673,0.247386783046386,0.0805637890360933,0.243276097079629,0.215220559599708
TMS18F1480P0036,-0.0280555374799205,-0.0570386104103649,0,5725,1,1646,0.126682419367072,0.0820360405371078,0.0696438089567072,0.0415882714767867
TMS18F1480P0048,-0.0280555374799205,-0.0561198561858282,0,5590,1,1514,0.34071790643845,0.081561682859616,0.284598050252622,0.256542512772701
TMS18F1480P0055,-0.0280555374799205,-0.00423617475953229,0,6309,1,2084,0.192383216121575,0.0691138386153731,0.188147041362042,0.160091503882122
TMS18F1480P0059,-0.0280555374799205,0.00658730407651871,0,5772,1,1691,0.0985871315214909,0.0778486020392096,0.10517443559801,0.0771188981180892
TMS18F1481P0005,-0.0280555374799205,-0.0954387353550377,0,6268,1,2043,-0.458446173190776,0.0812079611455027,-0.553884908545814,-0.581940446025734
TMS18F1481P0009,-0.0280555374799205,-0.125209185600742,0,6356,1,2131,-0.361051281108006,0.0892110800319569,-0.486260466708748,-0.514316004188669
TMS18F1481P0014,-0.0280555374799205,-0.129492248975112,0,6249,1,2024,-0.295438259715663,0.0713911968258428,-0.424930508690775,-0.452986046170695
TMS18F1481P0015,-0.0280555374799205,-0.149185427540433,0,6456,1,2231,-0.0626994100009019,0.0991648303851421,-0.211884837541335,-0.239940375021256
TMS18F1481P0016,-0.0280555374799205,-0.152043730237159,0,6133,1,1920,-0.030099410738337,0.0795416777788718,-0.182143140975496,-0.210198678455417
TMS18F1481P0027,-0.0280555374799205,-0.151769072213267,0,6122,1,1910,-0.197261364976652,0.0773367540434041,-0.349030437189919,-0.37708597466984
TMS18F1481P0029,-0.0280555374799205,-0.115313665315211,0,6087,1,1878,-0.205695786094983,0.0737454626300305,-0.321009451410194,-0.349064988890115
TMS18F1481P0043,-0.0280555374799205,-0.0910161786867313,0,5753,1,1672,-0.100626664675505,0.0824712191404509,-0.191642843362236,-0.219698380842156
TMS18F1481P0046,-0.0280555374799205,-0.170596448811508,0,6323,1,2098,0.0819041361118413,0.0839447198756864,-0.0886923126996668,-0.116747850179587
TMS18F1481P0054,-0.0280555374799205,-0.123062240640721,0,5714,1,1635,-0.0134013111551383,0.0777719437359013,-0.136463551795859,-0.16451908927578
TMS18F1481P0073,-0.0280555374799205,-0.0809068120925918,0,5689,1,1610,0.000605410425378962,0.0859824934765855,-0.0803014016672129,-0.108356939147133
TMS18F1481P0075,-0.0280555374799205,-0.0877777559151817,0,5600,1,1524,-0.296290876788576,0.0780427602699071,-0.384068632703758,-0.412124170183678
TMS18F1482P0002,-0.0280555374799205,0.103270448030742,0,6072,1,1864,0.226564259347415,0.0826433922677625,0.329834707378157,0.301779169898237
TMS18F1482P0008,-0.0280555374799205,0.0209093461560906,0,6116,1,1905,0.318918147584348,0.0813664985612397,0.339827493740438,0.311771956260518
TMS18F1483P0001,-0.0280555374799205,-0.110279222494886,0,5949,1,1751,-0.356055377789147,0.0834381908918044,-0.466334600284033,-0.494390137763953
TMS18F1483P0005,-0.0280555374799205,-0.121390923826529,0,6132,1,1919,-0.171004289583945,0.0825663683840925,-0.292395213410475,-0.320450750890395
TMS18F1483P0010,-0.0280555374799205,-0.112088276217295,0,6094,1,1885,-0.213432631961203,0.088548854747084,-0.325520908178498,-0.353576445658418
TMS18F1484P0002,-0.0280555374799205,0.0271871137582195,0,6033,1,1826,0.353965933144708,0.0667208296939416,0.381153046902928,0.353097509423007
TMS18F1484P0004,-0.0280555374799205,-0.0473549333518894,0,5975,1,1772,0.213157978169232,0.0747188944239953,0.165803044817342,0.137747507337422
TMS18F1484P0008,-0.0280555374799205,-0.0212407723744203,0,6190,1,1971,0.311607519451668,0.0720552741576267,0.290366747077248,0.262311209597328
TMS18F1484P0009,-0.0280555374799205,-0.0473247612186395,0,5997,1,1790,0.0632274284780112,0.0692130010111493,0.0159026672593716,-0.0121528702205488
TMS18F1484P0012,-0.0280555374799205,-0.0053530405900786,0,6222,1,1999,0.163895149711157,0.0735252892747396,0.158542109121078,0.130486571641158
TMS18F1484P0024,-0.0280555374799205,-0.100009239742855,0,6011,1,1804,0.0669901148792525,0.0689448997962613,-0.0330191248636027,-0.0610746623435231
TMS18F1484P0032,-0.0280555374799205,0.141319515555754,0,5973,1,1771,-0.324826587807054,0.0703044441364696,-0.183507072251299,-0.21156260973122
TMS18F1484P0035,-0.0280555374799205,-0.0748350628658134,0,6097,1,1887,-0.112218668381999,0.0698548732331269,-0.187053731247813,-0.215109268727733
TMS18F1484P0036,-0.0280555374799205,-0.143948006754579,0,6391,1,2166,0.356407555643806,0.0929576624081897,0.212459548889227,0.184404011409306
TMS18F1485P0015,-0.0280555374799205,-0.0846357554093214,0,6117,1,1906,0.287584708687199,0.071030380715259,0.202948953277877,0.174893415797957
TMS18F1485P0020,-0.0280555374799205,-0.0985143267917327,0,5374,1,1301,0.0853111001745356,0.070396847841942,-0.0132032266171971,-0.0412587640971176
TMS18F1485P0022,-0.0280555374799205,-0.11166679762435,0,6488,1,2241,0.220115621263671,0.0720386665452092,0.108448823639321,0.0803932861594005
TMS18F1485P0024,-0.0280555374799205,-0.0710832327068463,0,6513,1,2266,-0.120020091687254,0.0788768916852073,-0.1911033243941,-0.219158861874021
TMS18F1485P0028,-0.0280555374799205,-0.111173068449866,0,6528,1,2280,0.0787348479340542,0.0776578958242656,-0.0324382205158115,-0.0604937579957319
TMS18F1485P0030,-0.0280555374799205,-0.100354831595227,0,6526,1,2278,0.183639170744158,0.0790082381024341,0.083284339148931,0.0552288016690105
TMS18F1485P0037,-0.0280555374799205,-0.086514784524225,0,6541,1,2292,0.0798239975246734,0.077700410906488,-0.00669078699955158,-0.034746324479472
TMS18F1486P0003,-0.0280555374799205,-0.18519518274514,0,6512,1,2265,0.291378985562671,0.0744357916754866,0.106183802817531,0.0781282653376107
TMS18F1487P0001,-0.0280555374799205,-0.088386621606354,0,6547,1,2298,-0.0503388569708277,0.0809609780500937,-0.138725478577182,-0.166781016057102
TMS18F1489P0013,-0.0280555374799205,0.118052624012244,0,6531,1,2283,0.156320082869112,0.0754101931682901,0.274372706881356,0.246317169401435
TMS18F1489P0018,-0.0280555374799205,0.124992562581048,0,6543,1,2294,-0.117265846499339,0.0709443308114169,0.00772671608170936,-0.0203288213982111
TMS18F1489P0029,-0.0280555374799205,0.135152512147506,0,6544,1,2295,0.164674787929336,0.0719738450075491,0.299827300076842,0.271771762596922
TMS18F1489P0036,-0.0280555374799205,0.0992561079171537,0,6516,1,2269,-0.186226024038353,0.0734026988636441,-0.0869699161211992,-0.11502545360112
TMS18F1489P0038,-0.0280555374799205,-0.074945578397013,0,7309,1,3010,0.251483263436301,0.102435990829007,0.176537685039288,0.148482147559367
TMS18F1489P0040,-0.0280555374799205,0.0106095546848811,0,7312,1,3013,0.141643516121524,0.0754097159986583,0.152253070806405,0.124197533326485
TMS18F1489P0044,-0.0280555374799205,0.125181742117573,0,6487,1,2240,0.118680050080724,0.0724737659400405,0.243861792198297,0.215806254718376
TMS18F1490P0005,-0.0280555374799205,-0.159930874513322,0,6533,1,2285,0.586161476822878,0.0695552269949736,0.426230602309556,0.398175064829635
TMS18F1490P0008,-0.0280555374799205,-0.177305234346809,0,6530,1,2282,0.535077731485468,0.0738280628769325,0.357772497138659,0.329716959658738
TMS18F1490P0013,-0.0280555374799205,-0.220457072678408,0,6523,1,2275,0.150486092046928,0.0942395219080739,-0.0699709806314801,-0.0980265181114006
TMS18F1490P0021,-0.0280555374799205,-0.184761967317016,0,6553,1,2304,0.141653205165188,0.0749699963804205,-0.0431087621518279,-0.0711642996317483
TMS18F1490P0023,-0.0280555374799205,-0.169874459375809,0,6495,1,2248,0.529431629585303,0.0726188083882028,0.359557170209494,0.331501632729573
TMS18F1490P0026,-0.0280555374799205,-0.217768703129279,0,6494,1,2247,0.369109075175196,0.0725556643707635,0.151340372045916,0.123284834565996
TMS18F1505P0047,-0.0280555374799205,-0.0663309248047523,0,7316,1,3017,-0.219369028013013,0.068299694330098,-0.285699952817765,-0.313755490297686
TMS18F1505P0049,-0.0280555374799205,-0.16804410564996,0,6534,1,2286,0.287690561513811,0.0756347389607141,0.119646455863851,0.0915909183839305
TMS18F1505P0057,-0.0280555374799205,-0.0433485116548513,0,7302,1,3004,-0.563187440905981,0.0749190165755804,-0.606535952560832,-0.634591490040753
TMS18F1505P0064,-0.0280555374799205,0.0186368420492397,0,6538,1,2289,-0.0728424747648772,0.0731338678127929,-0.0542056327156375,-0.0822611701955579
TMS18F1505P0066,-0.0280555374799205,0.0443129840216625,0,6517,1,2270,-0.213364525837635,0.0747994917332016,-0.169051541815972,-0.197107079295893
TMS18F1505P0073,-0.0280555374799205,0.0136878655121737,0,6524,1,2276,-0.113013728768234,0.0756067312663443,-0.0993258632560606,-0.127381400735981
TMS18F1505P0077,-0.0280555374799205,0.0337217119338136,0,6532,1,2284,0.223551355433738,0.0774989126255286,0.257273067367551,0.229217529887631
TMS18F1505P0079,-0.0280555374799205,0.0314292087041947,0,6508,1,2261,0.00487195872056517,0.0885394888960579,0.0363011674247599,0.00824562994483943
TMS18F1505P0081,-0.0280555374799205,0.0431760471076306,0,6507,1,2260,-0.395970120994733,0.0757952636539628,-0.352794073887103,-0.380849611367023
TMS18F1505P0097,-0.0280555374799205,0.0567883533250531,0,6510,1,2263,-0.125471559133595,0.0779056018737389,-0.0686832058085418,-0.0967387432884623
TMS18F1505P0127,-0.0280555374799205,0.052388720635348,0,6496,1,2249,0.275930979537265,0.0816459100520519,0.328319700172613,0.300264162692693
TMS18F1506P0001,-0.0280555374799205,0.0342949817980804,0,6520,1,2272,0.173707710276049,0.0686221041123672,0.20800269207413,0.179947154594209
TMS18F1506P0003,-0.0280555374799205,-0.0151658517790906,0,6540,1,2291,0.171477368920462,0.0772246817364908,0.156311517141371,0.128255979661451
TMS18F1506P0004,-0.0280555374799205,0.0329827902965834,0,6525,1,2277,-0.0515148171353908,0.0667229901540852,-0.0185320268388073,-0.0465875643187278
TMS18F1506P0006,-0.0280555374799205,0.0202176156618543,0,6554,1,2305,0.0469258040042476,0.0686103683850829,0.0671434196661019,0.0390878821861814
TMS18F1506P0012,-0.0280555374799205,0.0168277625442907,0,6518,1,2271,0.0028003004924701,0.0684675755994061,0.0196280630367608,-0.00842747444315966
TMS18F1506P0013,-0.0280555374799205,0.0391739740523242,0,6536,1,2287,-0.0336272816260074,0.0674554718798597,0.00554669242631674,-0.0225088450536037
TMS18F1506P0018,-0.0280555374799205,-0.0568211816202852,0,7335,1,3036,0.0692503137048535,0.077061359667633,0.0124291320845683,-0.0156264053953521
TMS18F1507P0008,-0.0280555374799205,-0.105619192328736,0,6549,1,2300,-0.313562816896823,0.0771633745768163,-0.419182009225559,-0.447237546705479
TMS18F1520P0039,-0.0280555374799205,-0.0644743375804441,0,7303,1,3005,0.145099157505985,0.0706854180600674,0.0806248199255411,0.0525692824456206
TMS18F1520P0050,-0.0280555374799205,-0.0794674211400081,0,6493,1,2246,-0.217269030280775,0.0734723598651332,-0.296736451420783,-0.324791988900704
TMS18F1522P0141,-0.0280555374799205,-0.0161445211574198,0,6500,1,2253,-0.0687128201998277,0.0826239799627014,-0.0848573413572474,-0.112912878837168
TMS18F1522P0144,-0.0280555374799205,-0.00606375760605991,0,6506,1,2259,-0.0987942260120488,0.0742911974900546,-0.104857983618109,-0.132913521098029
TMS18F1539P0043,-0.0280555374799205,-0.177656266946751,0,6504,1,2257,-0.175380321080203,0.0760279124789639,-0.353036588026954,-0.381092125506874
TMS18F1539P0047,-0.0280555374799205,-0.182387133774337,0,6505,1,2258,0.180197674657299,0.0758871606169099,-0.00218945911703816,-0.0302449965969586
TMS18F1539P0055,-0.0280555374799205,-0.161641606344714,0,6509,1,2262,-0.121137950425171,0.0771288957279835,-0.282779556769884,-0.310835094249805
TMS18F1539P0056,-0.0280555374799205,-0.171668875214374,0,6490,1,2243,0.24022320206425,0.0759296865607286,0.0685543268498759,0.0404987893699555
TMS18F1539P0063,-0.0280555374799205,-0.0429560609538755,0,7314,1,3015,0.268008492464561,0.0618854863797117,0.225052431510686,0.196996894030765
TMS18F1539P0065,-0.0280555374799205,-0.165631877334855,0,6502,1,2255,0.0469125998590027,0.0732805840216786,-0.118719277475853,-0.146774814955773
TMS18F1539P0073,-0.0280555374799205,-0.32574290503952,0,7315,1,3016,0.000102734386481059,0.0919594164272151,-0.325640170653039,-0.35369570813296
TMS18F1539P0075,-0.0280555374799205,-0.150244141955374,0,6499,1,2252,0.0447269814431542,0.0795941840401179,-0.10551716051222,-0.13357269799214
TMS18F1539P0086,-0.0280555374799205,-0.144724212427516,0,6497,1,2250,-0.133145746484092,0.0745947465887559,-0.277869958911608,-0.305925496391528
TMS18F1541P0001,-0.0280555374799205,-0.168783000056018,0,6548,1,2299,0.0465985767140255,0.0720217832120884,-0.122184423341992,-0.150239960821913
TMS18F1541P0002,-0.0280555374799205,-0.140631868425845,0,6521,1,2273,0.159403669237813,0.0808811052905743,0.0187718008119685,-0.00928373666795193
TMS18F1541P0005,-0.0280555374799205,-0.120631856612937,0,6546,1,2297,-0.2579052669251,0.0750465108842317,-0.378537123538037,-0.406592661017957
TMS18F1541P0009,-0.0280555374799205,0.25475827015155,0,6522,1,2274,0.0996896345588365,0.0834617321739007,0.354447904710387,0.326392367230466
TMS18F1542P0001,-0.0280555374799205,-0.0348387565809149,0,6552,1,2303,-0.0510917856837549,0.0685823953235068,-0.0859305422646698,-0.11398607974459
TMS18F1542P0006,-0.0280555374799205,0.166549854043323,0,6550,1,2301,0.015957970913725,0.0774669161005574,0.182507824957048,0.154452287477128
TMS18F1542P0018,-0.0280555374799205,0.13367082997139,0,6527,1,2279,-0.0278015007447149,0.0767938182663492,0.105869329226675,0.0778137917467543
TMS18F1558P0040,-0.0280555374799205,-0.0139514268162529,0,6489,1,2242,0.0604039499679663,0.0675144880479678,0.0464525231517134,0.018396985671793
TMS18F1560P0006,-0.0280555374799205,0.141889138073886,0,6514,1,2267,-0.133625005581081,0.0758842167938619,0.00826413249280478,-0.0197914049871157
TMS18F1561P0009,-0.0280555374799205,0.00444263378013901,0,6545,1,2296,-0.449832055203318,0.0821443360503593,-0.445389421423179,-0.4734449589031
TMS18F1561P0024,-0.0280555374799205,0.0979236285530252,0,6551,1,2302,-0.314993389702083,0.0934541020270236,-0.217069761149057,-0.245125298628978
TMS18F1561P0025,-0.0280555374799205,0.0626591845985339,0,6492,1,2245,-0.0945416116353668,0.0827460300373242,-0.0318824270368328,-0.0599379645167533
TMS18F1562P0001,-0.0280555374799205,-0.0682406948348104,0,6542,1,2293,0.119467418429769,0.0784095294771626,0.0512267235949582,0.0231711861150377
TMS18F1562P0004,-0.0280555374799205,-0.0980520207551039,0,6529,1,2281,-0.0399008714459367,0.0757295094500032,-0.137952892201041,-0.166008429680961
TMS18F1562P0014,-0.0280555374799205,-0.123102999776441,0,6511,1,2264,-0.295069144812345,0.0773320740080544,-0.418172144588786,-0.446227682068706
TMS18F1562P0016,-0.0280555374799205,-0.10924452817105,0,6555,1,2306,-0.444271286444899,0.107242535013451,-0.553515814615948,-0.581571352095869
TMS18F1562P0023,-0.0280555374799205,-0.0590511135069625,0,7311,1,3012,0.178382544789985,0.0903695310411674,0.119331431283023,0.0912758938031023
TMS18F1562P0025,-0.0280555374799205,-0.0156681960381136,0,7323,1,3024,0.337528079849145,0.113578363969729,0.321859883811031,0.293804346331111
TMS18F1562P0026,-0.0280555374799205,0.344350211543887,0,7324,1,3025,0.0620955181174209,0.0864204903031258,0.406445729661308,0.378390192181388
TMS18F1562P0029,-0.0280555374799205,-0.0880918387912176,0,6537,1,2288,-0.45656357651381,0.0828563379893572,-0.544655415305028,-0.572710952784948
TMS18F1562P0030,-0.0280555374799205,-0.0696569296342566,0,7313,1,3014,-0.0953879723247874,0.083920499286443,-0.165044901959044,-0.193100439438964
TMS18F1562P0046,-0.0280555374799205,-0.100772262742367,0,6503,1,2256,-0.277077095399645,0.0800586289018049,-0.377849358142012,-0.405904895621933
TMS18F1562P0055,-0.0280555374799205,-0.133062132124612,0,6498,1,2251,-0.212780756455592,0.106346171233862,-0.345842888580205,-0.373898426060125
TMS18F1562P0059,-0.0280555374799205,-0.0655310905624737,0,6491,1,2244,-0.442548810782198,0.105054716697902,-0.508079901344672,-0.536135438824592
TMS18F1562P0068,-0.0280555374799205,-0.105368595270619,0,6501,1,2254,-0.120334590274998,0.0753415929365658,-0.225703185545617,-0.253758723025538
TMS18F1563P0014,-0.0280555374799205,0.0165429069792284,0,6539,1,2290,-0.0930930628749214,0.0873441964982793,-0.0765501558956931,-0.104605693375614
TMS18F1563P0016,-0.0280555374799205,-0.0414233619937571,0,6515,1,2268,-0.445301951358224,0.0898018902178908,-0.486725313351981,-0.514780850831902
TMS19F1007P0004,-0.0280555374799205,-0.220248077970022,0,7380,1,3080,0.130774513442955,0.0870029652926132,-0.0894735645270674,-0.117529102006988
TMS19F1011P0025,-0.0280555374799205,-0.161651519948183,0,7273,1,2992,-0.0101390430726818,0.0834941539463778,-0.171790563020865,-0.199846100500785
TMS19F1011P0056,-0.0280555374799205,-0.138415065677049,0,7245,1,2981,0.188716739594037,0.0829541326824535,0.050301673916988,0.0222461364370675
TMS19F1014P0048,-0.0280555374799205,-0.0413330362289084,0,7404,1,3103,-0.0561537228127486,0.0784004036809408,-0.097486759041657,-0.125542296521578
TMS19F1015P0001,-0.0280555374799205,-0.0875644187481979,0,7319,1,3020,-0.023173260711584,0.0844236399755129,-0.110737679459782,-0.138793216939702
TMS19F1015P0002,-0.0280555374799205,-0.215379961268668,0,7333,1,3034,0.146440821675156,0.0885811756372346,-0.0689391395935114,-0.0969946770734319
TMS19F1016P0044,-0.0280555374799205,-0.121614425423997,0,7411,1,3110,-0.329236724433828,0.0799853611619528,-0.450851149857825,-0.478906687337745
TMS19F1017P0029,-0.0280555374799205,-0.131973921477783,0,7341,1,3042,0.225750829486271,0.0772298529244095,0.0937769080084881,0.0657213705285677
TMS19F1017P0043,-0.0280555374799205,-0.136840291390007,0,7318,1,3019,0.237271323688849,0.113097838282341,0.100431032298842,0.0723754948189211
TMS19F1017P0089,-0.0280555374799205,0.0143779450568322,0,7351,1,3052,0.00908113287029388,0.0761002817489713,0.0234590779271261,-0.00459645955279437
TMS19F1017P0097,-0.0280555374799205,-0.0911951489387495,0,7334,1,3035,0.151353509245597,0.0739942507344639,0.0601583603068471,0.0321028228269267
TMS19F1024P0006,-0.0280555374799205,-0.0120885808006671,0,7403,1,3102,-0.304890687553017,0.0730522555664607,-0.316979268353684,-0.345034805833605
TMS19F1024P0019,-0.0280555374799205,-0.151447581445812,0,7352,1,3053,-0.321292721221107,0.0759507335240915,-0.472740302666919,-0.50079584014684
TMS19F1026P0004,-0.0280555374799205,0.0511205771444113,0,7360,1,3061,-0.311663618203691,0.072249615984693,-0.26054304105928,-0.288598578539201
TMS19F1041P0112,-0.0280555374799205,-0.0900944831249527,0,7402,1,3101,-0.0456607081100091,0.0797552135149326,-0.135755191234962,-0.163810728714882
TMS19F1041P0120,-0.0280555374799205,-0.140754379893147,0,7347,1,3048,-0.0995504570356515,0.0825764896194996,-0.240304836928799,-0.268360374408719
TMS19F1043P0036,-0.0280555374799205,0.0328186468767798,0,7373,1,3073,0.211342248891087,0.0758274186769698,0.244160895767866,0.216105358287946
TMS19F1050P0056,-0.0280555374799205,-0.0900839208280101,0,7413,1,3112,0.0444371672191869,0.0784557961784297,-0.0456467536088232,-0.0737022910887437
TMS19F1057P0002,-0.0280555374799205,-0.0972165322796085,0,7364,1,3065,-0.522032733395063,0.0880557391905019,-0.619249265674671,-0.647304803154591
TMS19F1060P0009,-0.0280555374799205,-0.126323634495417,0,7337,1,3038,0.0557762723691691,0.0790931346005825,-0.0705473621262482,-0.0986028996061686
TMS19F1063P0053,-0.0280555374799205,0.0233084081354566,0,7328,1,3029,0.427957261433587,0.076488621326018,0.451265669569044,0.423210132089123
TMS19F1063P0176,-0.0280555374799205,-0.0223275106469389,0,7377,1,3077,0.133092359945105,0.0843613679718846,0.110764849298166,0.0827093118182454
TMS19F1066P0026,-0.0280555374799205,-0.0268905273111456,0,7336,1,3037,-0.247973277107715,0.0799351989118263,-0.274863804418861,-0.302919341898781
TMS19F1067P0043,-0.0280555374799205,-0.0275511079340641,0,7375,1,3075,0.480075307083372,0.0852285392472779,0.452524199149308,0.424468661669388
TMS19F1069P0015,-0.0280555374799205,0.0869396239455927,0,7239,1,2976,0.522771932689432,0.0795977654909481,0.609711556635025,0.581656019155105
TMS19F1071P0017,-0.0280555374799205,-0.120801312025892,0,7357,1,3058,-0.130728049385949,0.0676836815163215,-0.251529361411842,-0.279584898891762
TMS19F1072P0121,-0.0280555374799205,0.136434005108841,0,7216,1,2961,0.204320402968278,0.0835233530562677,0.340754408077119,0.312698870597198
TMS19F1077P0028,-0.0280555374799205,-0.0457484175382506,0,7329,1,3030,0.0282091960322296,0.0759083156600903,-0.0175392215060209,-0.0455947589859414
TMS19F1078P0041,-0.0280555374799205,-0.055848220195453,0,7397,1,3096,0.0682154570353017,0.077765899146059,0.0123672368398487,-0.0156883006400717
TMS19F1080P0071,-0.0280555374799205,-0.0552075991168292,0,7368,1,3068,0.181612660233948,0.0765568130107261,0.126405061117119,0.0983495236371985
TMS19F1080P0090,-0.0280555374799205,-0.0898881184649561,0,7409,1,3108,-0.0124560810760302,0.0773610106754536,-0.102344199540986,-0.130399737020907
TMS19F1086P0014,-0.0280555374799205,-0.183115373399133,0,7345,1,3046,0.0734798499440346,0.0765812818761135,-0.109635523455098,-0.137691060935019
TMS19F1086P0030,-0.0280555374799205,-0.176708136923562,0,7374,1,3074,-0.227289959419067,0.0791562500049275,-0.403998096342629,-0.432053633822549
TMS19F1087P0045,-0.0280555374799205,-0.163479957258716,0,7383,1,3083,0.205923736921208,0.0795498232782374,0.0424437796624917,0.0143882421825713
TMS19F1090P0030,-0.0280555374799205,-0.0355659731278377,0,7371,1,3071,-0.169653078137522,0.0732335201067163,-0.205219051265359,-0.23327458874528
TMS19F1091P0065,-0.0280555374799205,0.0182030288745666,0,7369,1,3069,0.586376113296897,0.0772375524320022,0.604579142171464,0.576523604691543
TMS19F1110P0029,-0.0280555374799205,0.0246069189892482,0,7322,1,3023,-0.00402619209608152,0.0788636113783092,0.0205807268931666,-0.00747481058675381
TMS19F1142P0003,-0.0280555374799205,0.0138861668815753,0,7350,1,3051,-0.0837035414447785,0.10546407883406,-0.0698173745632032,-0.0978729120431236
TMS19F1142P0014,-0.0280555374799205,0.0769512635852306,0,7317,1,3018,-0.167225910924091,0.0822247349523281,-0.0902746473388602,-0.118330184818781
TMS19F1143P0036,-0.0280555374799205,0.176316247789467,0,7406,1,3105,-0.17818313093568,0.0801342015509151,-0.00186688314621261,-0.0299224206261331
TMS19F1147P0030,-0.0280555374799205,0.0868725371415321,0,7320,1,3021,-0.326447808237216,0.0590894905951698,-0.239575271095684,-0.267630808575605
TMS19F1181P0008,-0.0280555374799205,0.0946289731304055,0,7267,1,2990,0.138521413266751,0.0786791340626412,0.233150386397156,0.205094848917236
TMS19F1181P0056,-0.0280555374799205,0.12884426338235,0,7286,1,2998,0.144762891223752,0.0769129883229626,0.273607154606102,0.245551617126182
TMS19F1182P0020,-0.0280555374799205,0.0667689211065107,0,7282,1,2997,0.0925323806356122,0.0756720086493189,0.159301301742123,0.131245764262202
TMS19F1183P0037,-0.0280555374799205,-0.0749188539130697,0,7361,1,3062,-0.26381681288098,0.0856279525404822,-0.33873566679405,-0.36679120427397
TMS19F1192P0004,-0.0280555374799205,0.057203903750595,0,7232,1,2971,0.193744083172327,0.0842312652478434,0.250947986922922,0.222892449443002
TMS19F1193P0073,-0.0280555374799205,0.131203321307522,0,7220,1,2963,0.349622198440876,0.0777391768093232,0.480825519748398,0.452769982268478
TMS19F1194P0013,-0.0280555374799205,0.089785364271454,0,7250,1,2982,0.131964847977437,0.0780924250249616,0.221750212248891,0.193694674768971
TMS19F1194P0053,-0.0280555374799205,0.128215337176771,0,7237,1,2974,-0.119955829458673,0.0823999180157841,0.00825950771809776,-0.0197960297618227
TMS19F1194P0103,-0.0280555374799205,0.152573517832707,0,7276,1,2994,-0.0486661386315713,0.0834257710226669,0.103907379201136,0.0758518417212156
TMS19F1196P0001,-0.0280555374799205,0.203256708130139,0,7326,1,3027,-0.068781757382392,0.0765890856335076,0.134474950747747,0.106419413267827
TMS19F1198P0059,-0.0280555374799205,-0.060946339051288,0,7408,1,3107,-0.0957809602283902,0.0936848464543256,-0.156727299279678,-0.184782836759599
TMS19F1205P0062,-0.0280555374799205,-0.0293978300237465,0,7343,1,3044,0.216052770163273,0.083618030624381,0.186654940139527,0.158599402659606
TMS19F1210P0006,-0.0280555374799205,0.0301472462077524,0,7252,1,2983,0.0483541160109834,0.0747699027220105,0.0785013622187358,0.0504458247388154
TMS19F1218P0011,-0.0280555374799205,0.0128281236408482,0,7412,1,3111,-0.0259384844879354,0.0768868314891415,-0.0131103608470872,-0.0411658983270077
TMS19F1218P0020,-0.0280555374799205,0.0309960394488298,0,7367,1,3067,0.166571101559383,0.102632107829581,0.197567141008213,0.169511603528293
TMS19F1219P0003,-0.0280555374799205,0.0451238048931609,0,7278,1,2995,-0.309282875314719,0.0774518031284506,-0.264159070421558,-0.292214607901478
TMS19F1219P0038,-0.0280555374799205,-0.00804623258683014,0,7241,1,2978,-0.197275721310266,0.0780072147748309,-0.205321953897096,-0.233377491377016
TMS19F1219P0089,-0.0280555374799205,-0.0247625431248462,0,7238,1,2975,-0.0501158062635757,0.0722710285186373,-0.0748783493884219,-0.102933886868342
TMS19F1219P0090,-0.0280555374799205,0.0121394612935985,0,7223,1,2965,-0.30932813045112,0.0762930344990661,-0.297188669157521,-0.325244206637442
TMS19F1219P0180,-0.0280555374799205,0.0263119463565143,0,7234,1,2973,-0.0770087774601209,0.0787457921540511,-0.0506968311036065,-0.078752368583527
TMS19F1224P0002,-0.0280555374799205,-0.0302450800087853,0,7228,1,2969,-0.538717617175437,0.0861575960526762,-0.568962697184222,-0.597018234664143
TMS19F1225P0010,-0.0280555374799205,-0.0938304145488728,0,7271,1,2991,-0.136012092869842,0.0870823420852084,-0.229842507418715,-0.257898044898635
TMS19F1225P0020,-0.0280555374799205,-0.0646390571721663,0,7260,1,2986,-0.0183442391920613,0.088713934174621,-0.0829832963642277,-0.111038833844148
TMS19F1226P0213,-0.0280555374799205,0.0109785118867677,0,7340,1,3041,-0.153980658956544,0.0785505947505115,-0.143002147069776,-0.171057684549696
TMS19F1228P0001,-0.0280555374799205,-0.0857209737018891,0,7243,1,2980,-0.0221927387191027,0.0881456393296463,-0.107913712420992,-0.135969249900912
TMS19F1228P0017,-0.0280555374799205,-0.0779517374340839,0,7257,1,2985,-0.190940583925716,0.0876319254077666,-0.2688923213598,-0.296947858839721
TMS19F1228P0027,-0.0280555374799205,-0.097140170503432,0,7240,1,2977,-0.162455908929703,0.0906841179085026,-0.259596079433135,-0.287651616913055
TMS19F1233P0019,-0.0280555374799205,0.034652282974105,0,7227,1,2968,-0.0218802352526402,0.0849646582731399,0.0127720477214648,-0.0152834897584556
TMS19F1233P0045,-0.0280555374799205,-0.0394816763986171,0,7274,1,2993,-0.0177557483608419,0.0823356857737479,-0.057237424759459,-0.0852929622393795
TMS19F1240P0143,-0.0280555374799205,-0.108003291855232,0,7407,1,3106,-0.0656011816925756,0.0915697938066563,-0.173604473547808,-0.201660011027728
TMS19F1267P0009,-0.0280555374799205,0.0719549647717759,0,7390,1,3089,0.168118397289275,0.0869195126945422,0.240073362061051,0.212017824581131
TMS19F1285P0009,-0.0280555374799205,0.158064512326769,0,7416,1,3113,0.15040015169369,0.0847854996336493,0.30846466402046,0.280409126540539
TMS19F1286P0006,-0.0280555374799205,0.210508877617902,0,7381,1,3081,0.155840075401147,0.0890442111777156,0.366348953019049,0.338293415539129
TMS19F1286P0065,-0.0280555374799205,0.163453461479855,0,7344,1,3045,-0.0649507377858459,0.0930851873697082,0.0985027236940095,0.070447186214089
TMS19F1286P0075,-0.0280555374799205,0.159305072458126,0,7405,1,3104,0.255629249092849,0.0781363123268463,0.414934321550974,0.386878784071054
TMS19F1292P0003,-0.0280555374799205,0.107762333186333,0,7338,1,3039,0.203217224896322,0.0821584172753088,0.310979558082655,0.282924020602735
TMS19F1293P0011,-0.0280555374799205,0.0560066109884997,0,7355,1,3056,-0.0783903895192942,0.0802382884727115,-0.0223837785307945,-0.0504393160107149
TMS19F1293P0037,-0.0280555374799205,0.0481786269993285,0,7393,1,3092,0.304549647654648,0.0778818689815051,0.352728274653977,0.324672737174056
TMS19F1293P0042,-0.0280555374799205,0.0459187108311825,0,7321,1,3022,0.526636642936505,0.0800213073969261,0.572555353767688,0.544499816287768
TMS19F1293P0082,-0.0280555374799205,0.10651519636539,0,7388,1,3087,0.110974231904669,0.0848204175972375,0.217489428270059,0.189433890790139
TMS19F1295P0033,-0.0280555374799205,0.146252266356031,0,7349,1,3050,0.307974748286529,0.0973039273622625,0.45422701464256,0.42617147716264
TMS19F1300P0036,-0.0280555374799205,0.102180950007558,0,7339,1,3040,0.210932209121227,0.0784420238598678,0.313113159128785,0.285057621648864
TMS19F1301P0001,-0.0280555374799205,0.0515452900240743,0,7325,1,3026,0.0708751332932634,0.0856159110175987,0.122420423317338,0.0943648858374173
TMS19F1301P0020,-0.0280555374799205,0.0516176606413364,0,7356,1,3057,0.18325528710888,0.0837161234352253,0.234872947750217,0.206817410270296
TMS19F1304P0001,-0.0280555374799205,0.117497866254182,0,7395,1,3094,0.241718019012413,0.0814404153075123,0.359215885266595,0.331160347786674
TMS19F1304P0044,-0.0280555374799205,0.287402077043161,0,7399,1,3098,0.168872103500149,0.086898496246596,0.45627418054331,0.428218643063389
TMS19F1304P0114,-0.0280555374799205,0.115839431654674,0,7331,1,3032,0.273357406501542,0.084669197610929,0.389196838156216,0.361141300676295
TMS19F1315P0070,-0.0280555374799205,0.0230380146066804,0,7410,1,3109,-0.193814054266073,0.0814932832175022,-0.170776039659393,-0.198831577139313
TMS19F1316P0116,-0.0280555374799205,0.068497313221276,0,7342,1,3043,-0.19505424261368,0.0747174193277469,-0.126556929392404,-0.154612466872325
TMS19F1329P0008,-0.0280555374799205,-0.0348389652568628,0,7378,1,3078,-0.100403671630322,0.0809707243212811,-0.135242636887184,-0.163298174367105
TMS19F1329P0025,-0.0280555374799205,-0.00863648538673033,0,7363,1,3064,-0.333473906262003,0.082070633715294,-0.342110391648733,-0.370165929128654
TMS19F1329P0033,-0.0280555374799205,-0.0371291840181232,0,7359,1,3060,-0.0637202641362771,0.0855871525170307,-0.1008494481544,-0.128904985634321
TMS19F1331P0004,-0.0280555374799205,0.0834543475840383,0,7362,1,3063,-0.2256707596525,0.0777259116618332,-0.142216412068462,-0.170271949548382
TMS19F1338P0038,-0.0280555374799205,0.0865976641151019,0,7387,1,3086,0.285174948510879,0.0785781494295747,0.371772612625981,0.34371707514606
TMS19F1350P0007,-0.0280555374799205,-0.0651612707002696,0,7391,1,3090,-0.0327315218316695,0.0766624782579708,-0.0978927925319391,-0.12594833001186
TMS19F1351P0040,-0.0280555374799205,-0.1963632362449,0,7332,1,3033,0.134766780890748,0.0734925507218529,-0.061596455354152,-0.0896519928340725
TMS19F1351P0042,-0.0280555374799205,-0.254635528426042,0,7394,1,3093,0.351649044982941,0.082943090293073,0.0970135165568997,0.0689579790769792
TMS19F1359P0051,-0.0280555374799205,-0.00192219963441835,0,7288,1,2999,-0.300021559592648,0.0776770777872381,-0.301943759227066,-0.329999296706986
TMS19F1360P0008,-0.0280555374799205,0.0259119108109501,0,7327,1,3028,0.000139591793884834,0.0805536495202245,0.0260515026048349,-0.00200403487508555
TMS19F1361P0001,-0.0280555374799205,-0.139909467114584,0,7348,1,3049,0.184183211279013,0.0792261226941099,0.0442737441644291,0.0162182066845087
TMS19F1365P0061,-0.0280555374799205,-0.0294099545678055,0,7400,1,3099,-0.136854884333129,0.0785068405834312,-0.166264838900935,-0.194320376380855
TMS19F1366P0016,-0.0280555374799205,-0.210068189544958,0,7354,1,3055,0.275543758829104,0.0764290797416637,0.0654755692841461,0.0374200318042256
TMS19F1371P0025,-0.0280555374799205,-0.0132251069162878,0,7242,1,2979,-0.546278144599658,0.0761138648901299,-0.559503251515946,-0.587558788995866
TMS19F1375P0045,-0.0280555374799205,-0.225578659214184,0,7396,1,3095,0.569192677276297,0.0789117488784089,0.343614018062114,0.315558480582193
TMS19F1379P0032,-0.0280555374799205,0.230782257564225,0,7398,1,3097,0.135948205815959,0.0843299612484379,0.366730463380184,0.338674925900263
TMS19F1384P0056,-0.0280555374799205,0.132983476602269,0,7366,1,3066,0.28826277306781,0.0834856595989285,0.421246249670078,0.393190712190158
TMS19F1385P0007,-0.0280555374799205,0.0366152048802953,0,7358,1,3059,0.0158520291098771,0.0846216480712771,0.0524672339901724,0.024411696510252
TMS19F1386P0058,-0.0280555374799205,0.0621072726412956,0,7370,1,3070,0.0575943556636624,0.0833588983211258,0.119701628304958,0.0916460908250375
TMS19F1388P0043,-0.0280555374799205,0.121076865877405,0,7379,1,3079,0.209473029576965,0.0791224514973999,0.33054989545437,0.302494357974449
TMS19F1394P0035,-0.0280555374799205,0.157582047926189,0,7281,1,2996,0.168975108370348,0.0830031368166212,0.326557156296537,0.298501618816617
TMS19F1397P0021,-0.0280555374799205,0.190019094529385,0,7262,1,2987,0.219400895851618,0.0831163634907025,0.409419990381003,0.381364452901082
TMS19F1397P0059,-0.0280555374799205,0.207350939033476,0,7290,1,3000,0.0695863974017058,0.0828175874702573,0.276937336435182,0.248881798955261
TMS19F1408P0002,-0.0280555374799205,0.172855922668279,0,7233,1,2972,0.577791121270364,0.0867008423874954,0.750647043938643,0.722591506458723
TMS19F1410P0014,-0.0280555374799205,-0.0927719364807901,0,7389,1,3088,0.0250165174327518,0.0904344399541342,-0.0677554190480382,-0.0958109565279587
TMS19F1414P0076,-0.0280555374799205,-0.0689480398548302,0,7392,1,3091,-0.426602605131537,0.0787225922888479,-0.495550644986368,-0.523606182466288
TMS19F1421P0005,-0.0280555374799205,-0.0457847848426403,0,7385,1,3084,0.318376303064305,0.0723278544936753,0.272591518221665,0.244535980741745
TMS19F1422P0002,-0.0280555374799205,-0.0336076025472317,0,7401,1,3100,-0.107168559807065,0.0842664881386156,-0.140776162354297,-0.168831699834217
TMS19F1423P0003,-0.0280555374799205,-0.0107971739720641,0,7372,1,3072,0.20983487556426,0.0865650208027299,0.199037701592195,0.170982164112275
TMS19F1437P0004,-0.0280555374799205,0.207637478556895,0,7346,1,3047,0.0965538866823021,0.0859594307555375,0.304191365239197,0.276135827759276
TMS19F1437P0065,-0.0280555374799205,0.142661954131327,0,7386,1,3085,0.114160321807541,0.0816116675452186,0.256822275938867,0.228766738458947
TMS19F1440P0022,-0.0280555374799205,0.0411441603602915,0,7376,1,3076,-0.287383594091308,0.0815750439299249,-0.246239433731016,-0.274294971210937
TMS19F1440P0074,-0.0280555374799205,0.0733666899665085,0,7353,1,3054,-0.175620341445383,0.0769075729025198,-0.102253651478874,-0.130309188958795
TMS19F1466P0016,-0.0280555374799205,-0.0307963298547994,0,7330,1,3031,0.207555851027209,0.073395467866242,0.176759521172409,0.148703983692489
TMS19F1503P0016,-0.0280555374799205,0.11768011636274,0,7382,1,3082,0.268020448615405,0.0837661072439928,0.385700564978145,0.357645027498224
TMS19F1509P0021,-0.0280555374799205,-0.0312725885986124,0,7255,1,2984,0.242315406486183,0.0871988016617938,0.211042817887571,0.18298728040765
TMS19F1509P0026,-0.0280555374799205,0.00928941861601968,0,7212,1,2958,0.145393467143965,0.08758200861911,0.154682885759984,0.126627348280064
TMS19F1513P0015,-0.0280555374799205,0.136948013925094,0,7264,1,2989,0.17073313788782,0.0881115265483902,0.307681151812915,0.279625614332994
TMS19F1517P0034,-0.0280555374799205,0.0515011994836316,0,7213,1,2959,0.274794702636706,0.0889760463097704,0.326295902120337,0.298240364640417
TMS19F1527P0015,-0.0280555374799205,0.0115296544294367,0,7295,1,3001,0.0317268135586008,0.0930043542660722,0.0432564679880375,0.0152009305081171
TMS19F1537P0009,-0.0280555374799205,0.0382279673107674,0,7263,1,2988,-0.0528286563719499,0.0891419207202896,-0.0146006890611825,-0.0426562265411029
TMS20F1001P0002,-0.0280555374799205,-0.0204936811686281,0,6651,1,2401,0.329116389991127,0.0873231647064122,0.308622708822499,0.280567171342579
TMS20F1001P0004,-0.0280555374799205,0.0563575560676823,0,6686,1,2436,0.584187702223037,0.0828031140057533,0.640545258290719,0.612489720810798
TMS20F1002P0005,-0.0280555374799205,0.115816179685891,0,6701,1,2451,0.472633252283545,0.0801530697059716,0.588449431969436,0.560393894489515
TMS20F1003P0004,-0.0280555374799205,-0.0443815130045194,0,6574,1,2325,0.0151263667580097,0.093294776555751,-0.0292551462465098,-0.0573106837264302
TMS20F1004P0002,-0.0280555374799205,-0.0955089527596177,0,6668,1,2418,-0.125903941211973,0.0722657124643971,-0.221412893971591,-0.249468431451511
TMS20F1004P0006,-0.0280555374799205,-0.166814085233602,0,6611,1,2361,-0.0325513302687638,0.0816651350650414,-0.199365415502366,-0.227420952982286
TMS20F1005P0001,-0.0280555374799205,0.0198868118893694,0,6587,1,2338,0.0801533123066086,0.0756275310961257,0.100040124195978,0.0719845867160576
TMS20F1005P0009,-0.0280555374799205,-0.0007905118184399,0,6568,1,2319,0.0143538246540278,0.0758600335134419,0.0135633128355879,-0.0144922246443325
TMS20F1006P0007,-0.0280555374799205,-0.0346995666528649,0,7307,1,3009,0.298602377379216,0.0829469513896892,0.263902810726351,0.235847273246431
TMS20F1007P0002,-0.0280555374799205,0.0446368523382623,0,6666,1,2416,0.113857882657884,0.0726873559148299,0.158494734996146,0.130439197516226
TMS20F1007P0003,-0.0280555374799205,0.0411713466898011,0,6673,1,2423,-0.202756409757538,0.0929986928114717,-0.161585063067737,-0.189640600547658
TMS20F1007P0007,-0.0280555374799205,0.0870845071200273,0,6659,1,2409,0.0295837669528143,0.0816199285315506,0.116668274072842,0.0886127365929211
TMS20F1007P0008,-0.0280555374799205,0.0668416773575419,0,6872,1,2621,0.172153467101482,0.0724305322325802,0.238995144459024,0.210939606979104
TMS20F1007P0013,-0.0280555374799205,0.0110812868117221,0,6675,1,2425,0.0889373818884743,0.0804308590742752,0.100018668700196,0.071963131220276
TMS20F1007P0014,-0.0280555374799205,0.0882703578261648,0,6700,1,2450,-0.062067865431788,0.0756173489434453,0.0262024923943768,-0.00185304508554365
TMS20F1007P0016,-0.0280555374799205,0.0473266191190699,0,6663,1,2413,0.140971560634712,0.0751977769459709,0.188298179753782,0.160242642273862
TMS20F1008P0004,-0.0280555374799205,0.033604455911352,0,6617,1,2367,0.055198787251182,0.0740067943820756,0.088803243162534,0.0607477056826136
TMS20F1008P0006,-0.0280555374799205,0.000700679682452846,0,6660,1,2410,0.013809304021964,0.0706907964688206,0.0145099837044169,-0.0135455537755036
TMS20F1020P0017,-0.0280555374799205,-0.0148806989949351,0,6598,1,2349,0.0616766517206939,0.0789691890796253,0.0467959527257588,0.0187404152458383
TMS20F1025P0005,-0.0280555374799205,-0.0561269818488395,0,6684,1,2434,0.155869988958273,0.081077688294283,0.0997430071094337,0.0716874696295132
TMS20F1031P0002,-0.0280555374799205,-0.0471002911553108,0,6632,1,2382,-0.038587809275643,0.0808171022409501,-0.0856881004309538,-0.113743637910874
TMS20F1031P0005,-0.0280555374799205,-0.0858151958637,0,6704,1,2454,0.430794868230258,0.0812746126029499,0.344979672366558,0.316924134886638
TMS20F1037P0003,-0.0280555374799205,-0.0369280975431739,0,6713,1,2463,-0.0975087396842175,0.0707630604853465,-0.134436837227391,-0.162492374707312
TMS20F1040P0001,-0.0280555374799205,-0.098616866078371,0,6672,1,2422,0.296258350636091,0.0787447046210678,0.19764148455772,0.169585947077799
TMS20F1041P0009,-0.0280555374799205,-0.144463306194456,0,6688,1,2438,-0.365545666843586,0.0864923934315064,-0.510008973038042,-0.538064510517962
TMS20F1048P0012,-0.0280555374799205,-0.0804579932344803,0,6714,1,2464,-0.158058692185048,0.0783818673383227,-0.238516685419529,-0.266572222899449
TMS20F1048P0014,-0.0280555374799205,-0.0526652065620991,0,6638,1,2388,-0.114058638839397,0.0815481834123402,-0.166723845401496,-0.194779382881417
TMS20F1048P0026,-0.0280555374799205,-0.0479897357605976,0,6567,1,2318,0.076067831822181,0.0821045715856292,0.0280780960615834,2.2558581662932e-05
TMS20F1048P0031,-0.0280555374799205,-0.0662437489526424,0,6627,1,2377,-0.184061727667214,0.0817641233135835,-0.250305476619857,-0.278361014099777
TMS20F1048P0050,-0.0280555374799205,-0.0640024655006356,0,6644,1,2394,-0.19083205727452,0.0953437231962261,-0.254834522775155,-0.282890060255076
TMS20F1050P0004,-0.0280555374799205,-0.133285457074766,0,6647,1,2397,-0.136407991692933,0.0852856752537423,-0.269693448767699,-0.297748986247619
TMS20F1050P0032,-0.0280555374799205,-0.150387143204636,0,6642,1,2392,-0.170344464643627,0.086726957137513,-0.320731607848263,-0.348787145328184
TMS20F1051P0006,-0.0280555374799205,-0.0925916623165336,0,6695,1,2445,-0.0839987993941167,0.0890249020651801,-0.17659046171065,-0.204645999190571
TMS20F1056P0029,-0.0280555374799205,-0.00790676355877143,0,6694,1,2444,-0.0921912505182602,0.0805218776493714,-0.100098014077032,-0.128153551556952
TMS20F1056P0060,-0.0280555374799205,-0.0356447439746779,0,6676,1,2426,-0.115495211666424,0.0834709709527933,-0.151139955641102,-0.179195493121023
TMS20F1056P0061,-0.0280555374799205,-0.0465865344906232,0,6702,1,2452,-0.251491712956408,0.0787993951876309,-0.298078247447031,-0.326133784926952
TMS20F1056P0067,-0.0280555374799205,-0.0365654634724996,0,6669,1,2419,-0.337624526359151,0.0811349664743053,-0.374189989831651,-0.402245527311571
TMS20F1057P0037,-0.0280555374799205,0.0289256086223184,0,6652,1,2402,-0.218519672868949,0.0812904358010665,-0.18959406424663,-0.217649601726551
TMS20F1061P0009,-0.0280555374799205,-0.0776641323798498,0,6703,1,2453,-0.257318997138598,0.0864903018208109,-0.334983129518448,-0.363038666998368
TMS20F1061P0015,-0.0280555374799205,-0.0794689985185107,0,6680,1,2430,0.00627915665706247,0.0893939184111102,-0.0731898418614482,-0.101245379341369
TMS20F1062P0021,-0.0280555374799205,-0.109022679714761,0,6654,1,2404,-0.152778265296785,0.0876307503405686,-0.261800945011546,-0.289856482491466
TMS20F1062P0022,-0.0280555374799205,-0.0971975266128858,0,6661,1,2411,-0.309498894733128,0.0872346837864855,-0.406696421346014,-0.434751958825934
TMS20F1062P0024,-0.0280555374799205,-0.104910794452005,0,6710,1,2460,-0.065566649332708,0.0788720443432346,-0.170477443784713,-0.198532981264633
TMS20F1068P0011,-0.0280555374799205,-0.00391253793753843,0,6646,1,2396,-0.408146031733169,0.0853668948148889,-0.412058569670708,-0.440114107150628
TMS20F1069P0015,-0.0280555374799205,-0.162821284248668,0,6674,1,2424,-0.186175628122244,0.0851925483853697,-0.348996912370912,-0.377052449850832
TMS20F1072P0006,-0.0280555374799205,-0.0397697168801139,0,6662,1,2412,0.0319353677118151,0.0804521174982825,-0.00783434916829886,-0.0358898866482193
TMS20F1072P0019,-0.0280555374799205,-0.019501672747338,0,6637,1,2387,-0.0290678189102061,0.0774924165824454,-0.0485694916575442,-0.0766250291374646
TMS20F1072P0026,-0.0280555374799205,-0.0532735801228919,0,6670,1,2420,-0.0682844032409515,0.0794370368113237,-0.121557983363843,-0.149613520843764
TMS20F1074P0008,-0.0280555374799205,-0.105817764542675,0,6683,1,2433,-0.354430925481768,0.0832240551335905,-0.460248690024443,-0.488304227504364
TMS20F1083P0003,-0.0280555374799205,0.0801975976830009,0,6635,1,2385,-0.421828157539173,0.0759939410671023,-0.341630559856172,-0.369686097336092
TMS20F1088P0001,-0.0280555374799205,-0.0553529334193229,0,6681,1,2431,-0.0817848387913766,0.0717851021941247,-0.1371377722107,-0.16519330969062
TMS20F1089P0003,-0.0280555374799205,0.0839608795322119,0,6667,1,2417,0.165512423737556,0.0767810094494596,0.249473303269768,0.221417765789848
TMS20F1098P0016,-0.0280555374799205,-0.065122293225304,0,6690,1,2440,-0.0483979317853896,0.0768917107670411,-0.113520225010694,-0.141575762490614
TMS20F1104P0005,-0.0280555374799205,-0.0558413521044865,0,6658,1,2408,-0.191923090639759,0.0762109210108588,-0.247764442744245,-0.275819980224166
TMS20F1105P0014,-0.0280555374799205,-0.173351553747451,0,6734,1,2484,0.104141350916818,0.0760644627280672,-0.0692102028306328,-0.0972657403105533
TMS20F1106P0021,-0.0280555374799205,-0.0736011412165824,0,6692,1,2442,-0.129157876549604,0.079560716552164,-0.202759017766186,-0.230814555246107
TMS20F1106P0022,-0.0280555374799205,-0.0579970683628039,0,6685,1,2435,-0.244329354616702,0.0739774545268714,-0.302326422979506,-0.330381960459427
TMS20F1109P0006,-0.0280555374799205,-0.192491743169103,0,6657,1,2407,-0.0272865677834057,0.0859946649414724,-0.219778310952508,-0.247833848432429
TMS20F1111P0008,-0.0280555374799205,-0.0602799544259655,0,6677,1,2427,-0.0939518836972694,0.087985510718457,-0.154231838123235,-0.182287375603155
TMS20F1111P0014,-0.0280555374799205,-0.0964998918845167,0,6687,1,2437,0.123399417380123,0.0925290498251953,0.026899525495606,-0.00115601198431446
TMS20F1113P0001,-0.0280555374799205,0.0035504148381237,0,6640,1,2390,0.234013002251135,0.0823506284722463,0.237563417089259,0.209507879609338
TMS20F1113P0035,-0.0280555374799205,-0.0383166999800001,0,6636,1,2386,0.23205025464423,0.0807054677040261,0.193733554664229,0.165678017184309
TMS20F1113P0037,-0.0280555374799205,-0.0138556812409088,0,6697,1,2447,-0.248566959302268,0.0783900213099209,-0.262422640543177,-0.290478178023097
TMS20F1116P0031,-0.0280555374799205,-0.0216520083951811,0,6709,1,2459,-0.221329219804988,0.0760526097753438,-0.242981228200169,-0.271036765680089
TMS20F1116P0032,-0.0280555374799205,0.0146448021580314,0,6653,1,2403,-0.209184729222129,0.0726976174802371,-0.194539927064098,-0.222595464544018
TMS20F1116P0033,-0.0280555374799205,0.00334913876276189,0,6712,1,2462,-0.188699844971567,0.0778272568034138,-0.185350706208806,-0.213406243688726
TMS20F1116P0042,-0.0280555374799205,0.0141401565147749,0,6682,1,2432,-0.0380315458840036,0.0774589681792515,-0.0238913893692287,-0.0519469268491491
TMS20F1126P0002,-0.0280555374799205,-0.198923052726685,0,6753,1,2503,0.219058867036116,0.0801266411566341,0.020135814309431,-0.00791972317048942
TMS20F1126P0007,-0.0280555374799205,-0.122169757334901,0,6792,1,2542,0.157253926690193,0.0800109681501328,0.0350841693552922,0.00702863187537178
TMS20F1126P0010,-0.0280555374799205,-0.126980447367982,0,6643,1,2393,0.420317151333288,0.0757388253857069,0.293336703965306,0.265281166485386
TMS20F1127P0004,-0.0280555374799205,-0.00139249479184518,0,6696,1,2446,-0.134349933968594,0.0758579380356831,-0.135742428760439,-0.16379796624036
TMS20F1128P0008,-0.0280555374799205,-0.0047094321458075,0,6650,1,2400,-0.106696119711878,0.0828498002047257,-0.111405551857686,-0.139461089337606
TMS20F1129P0017,-0.0280555374799205,-0.082032752184934,0,6665,1,2415,-0.305697437479545,0.0845471748743096,-0.387730189664479,-0.415785727144399
TMS20F1132P0006,-0.0280555374799205,-0.102307500259557,0,6708,1,2458,-0.195437171895685,0.0810366679745736,-0.297744672155241,-0.325800209635162
TMS20F1141P0004,-0.0280555374799205,0.0146113439126141,0,6645,1,2395,-0.533603827922948,0.105430803325005,-0.518992484010334,-0.547048021490254
TMS20F1141P0011,-0.0280555374799205,0.0161914523560259,0,6641,1,2391,-0.171479825916819,0.0749109901077469,-0.155288373560794,-0.183343911040714
TMS20F1142P0008,-0.0280555374799205,-0.0118759150225275,0,6678,1,2428,-0.147690476594185,0.0821966026561624,-0.159566391616713,-0.187621929096633
TMS20F1143P0028,-0.0280555374799205,-0.0599080902468857,0,6693,1,2443,-0.328131038872927,0.0811260456352831,-0.388039129119813,-0.416094666599733
TMS20F1144P0007,-0.0280555374799205,-0.044607593079373,0,6756,1,2506,-0.229967344436826,0.084737071100944,-0.274574937516199,-0.302630474996119
TMS20F1145P0011,-0.0280555374799205,-0.26003671630125,0,6691,1,2441,-0.412867449966888,0.0901909247558365,-0.672904166268138,-0.700959703748059
TMS20F1147P0003,-0.0280555374799205,-0.0939576939767273,0,6655,1,2405,0.15127940188702,0.0775113798186259,0.057321707910293,0.0292661704303725
TMS20F1155P0003,-0.0280555374799205,-0.0253711402720778,0,6648,1,2398,-0.277859857913179,0.0775726381768232,-0.303230998185256,-0.331286535665177
TMS20F1156P0003,-0.0280555374799205,-0.0137650953628484,0,6679,1,2429,-0.14603154114361,0.080637046432612,-0.159796636506459,-0.187852173986379
TMS20F1157P0002,-0.0280555374799205,0.0115749826122514,0,6711,1,2461,-0.111528594384548,0.0790967604689528,-0.0999536117722969,-0.128009149252217
TMS20F1158P0003,-0.0280555374799205,0.0295186407074045,0,6671,1,2421,-0.0996019504966091,0.0782539911578385,-0.0700833097892046,-0.0981388472691251
TMS20F1158P0008,-0.0280555374799205,-0.0139692411762448,0,6689,1,2439,-0.368747058045629,0.0736106238727637,-0.382716299221874,-0.410771836701794
TMS20F1158P0055,-0.0280555374799205,-0.0511679474755508,0,6777,1,2527,-0.289301252813319,0.077869479601688,-0.340469200288869,-0.36852473776879
TMS20F1158P0075,-0.0280555374799205,-0.0166030033455823,0,6706,1,2456,-0.0571543210812194,0.0757170238030863,-0.0737573244268017,-0.101812861906722
TMS20F1158P0079,-0.0280555374799205,-0.0174812447084677,0,6649,1,2399,-0.395504971783084,0.0774197059213114,-0.412986216491552,-0.441041753971473
TMS20F1158P0092,-0.0280555374799205,-0.0126847454994792,0,6760,1,2510,-0.144577472977425,0.0770007147684701,-0.157262218476904,-0.185317755956824
TMS20F1158P0103,-0.0280555374799205,-0.0454249692996911,0,6707,1,2457,-0.174308463428559,0.0759431297934789,-0.21973343272825,-0.24778897020817
TMS20F1158P0106,-0.0280555374799205,0.0257716544019509,0,6797,1,2547,-0.184689936885236,0.0767439031870533,-0.158918282483285,-0.186973819963205
TMS20F1159P0025,-0.0280555374799205,-0.0936942786773506,0,6705,1,2455,-0.314273315698373,0.0728452867366071,-0.407967594375723,-0.436023131855644
TMS20F1159P0032,-0.0280555374799205,-0.126579053981641,0,6775,1,2525,-0.0545546219403622,0.071243352748261,-0.181133675922003,-0.209189213401924
TMS20F1161P0014,-0.0280555374799205,0.194969072956407,0,6773,1,2523,0.237954768776288,0.0834690931871474,0.432923841732695,0.404868304252775
TMS20F1165P0004,-0.0280555374799205,-0.017696033822446,0,6795,1,2545,-0.19190724341064,0.0732701793018488,-0.209603277233086,-0.237658814713007
TMS20F1167P0010,-0.0280555374799205,0.0159957013003696,0,6698,1,2448,0.0303480119488279,0.0788941425989842,0.0463437132491975,0.0182881757692771
TMS20F1179P0001,-0.0280555374799205,-0.11436238131916,0,6727,1,2477,0.0669880990116349,0.0809701595730885,-0.0473742823075256,-0.075429819787446
TMS20F1180P0002,-0.0280555374799205,0.010385157984986,0,6656,1,2406,-0.186992391440998,0.0783717891443891,-0.176607233456012,-0.204662770935932
TMS20F1180P0006,-0.0280555374799205,-0.0607294978325716,0,6739,1,2489,-0.0556491870235019,0.0788000573196651,-0.116378684856074,-0.144434222335994
TMS20F1182P0043,-0.0280555374799205,-0.0127412163696454,0,6754,1,2504,0.0856112729161601,0.0793692315430829,0.0728700565465146,0.0448145190665942
TMS20F1182P0047,-0.0280555374799205,-0.0788801605878049,0,6664,1,2414,-0.483163798214798,0.0768014656599961,-0.562043958802603,-0.590099496282524
TMS20F1192P0006,-0.0280555374799205,0.0663732092260453,0,6794,1,2544,-0.344659384031638,0.075356674951218,-0.278286174805593,-0.306341712285513
TMS20F1193P0005,-0.0280555374799205,-0.172067421086728,0,6769,1,2519,0.0353216376782486,0.0763904232233742,-0.13674578340848,-0.1648013208884
TMS20F1193P0007,-0.0280555374799205,-0.158042301320251,0,6788,1,2538,0.019525051730696,0.0753172963107465,-0.138517249589555,-0.166572787069475
TMS20F1194P0025,-0.0280555374799205,-0.15957899847792,0,6639,1,2389,0.200425620255529,0.0772781479277608,0.0408466217776091,0.0127910842976886
TMS20F1194P0026,-0.0280555374799205,-0.113860859573936,0,6759,1,2509,0.036689250085828,0.0721277362737353,-0.0771716094881084,-0.105227146968029
TMS20F1205P0013,-0.0280555374799205,0.0628196193224154,0,6717,1,2467,0.0465087431433422,0.0839509459607779,0.109328362465758,0.0812728249858372
TMS20F1221P0001,-0.0280555374799205,-0.0841112962463766,0,6745,1,2495,-0.146868761288295,0.0793269418767912,-0.230980057534671,-0.259035595014592
TMS20F1221P0015,-0.0280555374799205,-0.0428058209833454,0,6715,1,2465,-0.137622310058938,0.0800165860592103,-0.180428131042284,-0.208483668522204
TMS20F1221P0019,-0.0280555374799205,-0.134358760109261,0,6782,1,2532,-0.40979990171816,0.0859307473077498,-0.544158661827421,-0.572214199307341
TMS20F1223P0009,-0.0280555374799205,-0.122703335385719,0,6748,1,2498,-0.238503307043705,0.0825658801463143,-0.361206642429424,-0.389262179909345
TMS20F1228P0024,-0.0280555374799205,-0.112072483525634,0,6791,1,2541,-0.292012718505538,0.084956038546692,-0.404085202031172,-0.432140739511093
TMS20F1228P0028,-0.0280555374799205,-0.176471971523751,0,6766,1,2516,-0.258185423814605,0.0801280693652581,-0.434657395338356,-0.462712932818277
TMS20F1228P0032,-0.0280555374799205,-0.105826964627188,0,6699,1,2449,-0.40498812825212,0.086284986674859,-0.510815092879309,-0.538870630359229
TMS20F1230P0026,-0.0280555374799205,0.226218254308074,0,6963,1,2712,-0.0331945519681287,0.0845542836383592,0.193023702339945,0.164968164860025
TMS20F1233P0012,-0.0280555374799205,0.152196567804773,0,6925,1,2674,-0.0489641662211676,0.0794605384620627,0.103232401583605,0.075176864103685
TMS20F1233P0039,-0.0280555374799205,0.134051688633789,0,6973,1,2722,-0.168652179784933,0.0807461755168885,-0.0346004911511433,-0.0626560286310638
TMS20F1233P0049,-0.0280555374799205,0.139929589619149,0,6976,1,2725,0.121240132326554,0.0786264012121718,0.261169721945703,0.233114184465783
TMS20F1233P0060,-0.0280555374799205,0.129814594266562,0,6952,1,2701,-0.14885598761246,0.0745176185337337,-0.0190413933458979,-0.0470969308258183
TMS20F1234P0008,-0.0280555374799205,0.155394734755849,0,6818,1,2568,-0.259521984838823,0.0857480800951704,-0.104127250082974,-0.132182787562895
TMS20F1234P0013,-0.0280555374799205,0.162557492332737,0,6800,1,2550,-0.18644565087131,0.0802859477431929,-0.023888158538573,-0.0519436960184934
TMS20F1235P0038,-0.0280555374799205,0.0221807773603396,0,6922,1,2671,-0.444378667977064,0.0858366539740808,-0.422197890616725,-0.450253428096645
TMS20F1271P0005,-0.0280555374799205,0.126136877096526,0,6907,1,2656,-0.0158945713994209,0.08415575592628,0.110242305697105,0.0821867682171841
TMS20F1285P0004,-0.0280555374799205,0.12699857228657,0,6559,1,2310,0.130206740479398,0.0854490041292247,0.257205312765968,0.229149775286048
TMS20F1285P0014,-0.0280555374799205,0.0686693726621351,0,6824,1,2574,0.26961645324512,0.0841449040289426,0.338285825907256,0.310230288427335
TMS20F1286P0007,-0.0280555374799205,-0.000521469336360186,0,6624,1,2374,0.106983513521945,0.0804899400014783,0.106462044185585,0.0784065067056646
TMS20F1286P0013,-0.0280555374799205,-0.0469403939710713,0,6974,1,2723,-0.0198052886354985,0.0852119377060585,-0.0667456826065699,-0.0948012200864903
TMS20F1286P0017,-0.0280555374799205,-0.00393331768728996,0,6596,1,2347,-0.0335212121022676,0.0844976901932989,-0.0374545297895575,-0.065510067269478
TMS20F1286P0032,-0.0280555374799205,-0.01676684749251,0,6634,1,2384,0.00549933985691137,0.0832275611067926,-0.0112675076355987,-0.0393230451155191
TMS20F1286P0036,-0.0280555374799205,-0.264454404699798,0,6763,1,2513,-0.383985350905996,0.0760895859217185,-0.648439755605794,-0.676495293085714
TMS20F1287P0001,-0.0280555374799205,-0.034808039986906,0,6870,1,2619,0.057373014682451,0.0822597970923278,0.022564974695545,-0.00549056278437546
TMS20F1287P0021,-0.0280555374799205,0.000373222671773497,0,6625,1,2375,-0.0442635738253548,0.0873342856790925,-0.0438903511535813,-0.0719458886335017
TMS20F1289P0002,-0.0280555374799205,0.0414973928089751,0,6918,1,2667,0.524256519401136,0.0844645328590252,0.565753912210111,0.537698374730191
TMS20F1291P0009,-0.0280555374799205,0.0159731905367661,0,6796,1,2546,0.150948127285928,0.0815982929817628,0.166921317822694,0.138865780342773
TMS20F1294P0021,-0.0280555374799205,0.118415229251163,0,6929,1,2678,0.142519698046956,0.082839100698447,0.260934927298118,0.232879389818198
TMS20F1294P0032,-0.0280555374799205,0.0590757895417058,0,6927,1,2676,0.198952189222345,0.0867437885053591,0.258027978764051,0.22997244128413
TMS20F1295P0001,-0.0280555374799205,0.0261602829804162,0,6982,1,2731,0.22186312767927,0.0817977796769769,0.248023410659686,0.219967873179766
TMS20F1298P0014,-0.0280555374799205,0.171825703549965,0,6983,1,2732,0.121208781107119,0.080987104676688,0.293034484657084,0.264978947177164
TMS20F1299P0004,-0.0280555374799205,0.146578328759485,0,6804,1,2554,-0.175159715244314,0.0853606395267247,-0.0285813864848294,-0.0566369239647499
TMS20F1299P0015,-0.0280555374799205,0.0660479735832218,0,6921,1,2670,0.29085875453815,0.0810711679250398,0.356906728121372,0.328851190641452
TMS20F1299P0016,-0.0280555374799205,0.0858259990779655,0,6930,1,2679,-0.0922947899303445,0.0823759039999465,-0.00646879085237902,-0.0345243283322995
TMS20F1302P0025,-0.0280555374799205,0.0778609086703258,0,6942,1,2691,0.00992712927359633,0.0829273646543287,0.0877880379439221,0.0597325004640017
TMS20F1306P0036,-0.0280555374799205,0.0601686727511744,0,7300,1,3002,0.244294853007252,0.0801453995023799,0.304463525758426,0.276407988278506
TMS20F1306P0064,-0.0280555374799205,0.0328143094312703,0,6900,1,2649,0.0169664910192413,0.0795712603924795,0.0497808004505116,0.0217252629705912
TMS20F1306P0065,-0.0280555374799205,0.0604283236279467,0,6977,1,2726,0.057622186081319,0.0770595239289322,0.118050509709266,0.0899949722293452
TMS20F1307P0036,-0.0280555374799205,0.204666994281798,0,6848,1,2598,-0.0939245823799655,0.081540925031602,0.110742411901833,0.0826868744219122
TMS20F1307P0037,-0.0280555374799205,0.145108787666724,0,6898,1,2647,0.0869169061242419,0.0791416916649947,0.232025693790966,0.203970156311046
TMS20F1307P0039,-0.0280555374799205,0.130964627543074,0,6914,1,2663,0.157283580318189,0.0770599196072058,0.288248207861263,0.260192670381342
TMS20F1307P0055,-0.0280555374799205,0.173739884329647,0,6819,1,2569,0.243102087394154,0.0796549396644023,0.416841971723801,0.388786434243881
TMS20F1307P0101,-0.0280555374799205,0.12193929873306,0,6849,1,2599,0.207157129589024,0.0753961040434992,0.329096428322084,0.301040890842164
TMS20F1309P0015,-0.0280555374799205,0.113624845968004,0,6959,1,2708,0.192080806377501,0.0826925716869191,0.305705652345505,0.277650114865584
TMS20F1310P0008,-0.0280555374799205,0.0283783730328057,0,6970,1,2719,-0.103419524741558,0.0797086881824074,-0.075041151708752,-0.103096689188672
TMS20F1310P0012,-0.0280555374799205,0.0298063543101235,0,6954,1,2703,-0.305750751775052,0.0782840860096486,-0.275944397464928,-0.303999934944849
TMS20F1310P0019,-0.0280555374799205,0.0218890638154466,0,6885,1,2634,-0.160557460763254,0.0787072543786374,-0.138668396947807,-0.166723934427728
TMS20F1313P0017,-0.0280555374799205,0.00328851616555642,0,6850,1,2600,0.298440463249745,0.0832679205337426,0.301728979415301,0.273673441935381
TMS20F1322P0028,-0.0280555374799205,0.0503058488959225,0,6969,1,2718,0.370150034861083,0.0792937654903958,0.420455883757006,0.392400346277085
TMS20F1323P0040,-0.0280555374799205,0.188542497663063,0,6770,1,2520,0.227073602038695,0.0836818301864853,0.415616099701758,0.387560562221837
TMS20F1323P0050,-0.0280555374799205,0.163253403079776,0,6750,1,2500,0.300378073271769,0.0864376155117523,0.463631476351545,0.435575938871624
TMS20F1326P0020,-0.0280555374799205,0.00162492399798226,0,6751,1,2501,-0.0401557522602522,0.0790836294633067,-0.0385308282622699,-0.0665863657421904
TMS20F1326P0034,-0.0280555374799205,-0.00322308874469339,0,6779,1,2529,-0.0533007733386013,0.0796557013977233,-0.0565238620832947,-0.0845793995632151
TMS20F1326P0045,-0.0280555374799205,0.0234387173741396,0,6762,1,2512,-0.113439971939806,0.0793150687242403,-0.0900012545656668,-0.118056792045587
TMS20F1336P0004,-0.0280555374799205,-0.0504819727528904,0,6741,1,2491,0.0271921337554008,0.0869984434711955,-0.0232898389974896,-0.0513453764774101
TMS20F1336P0006,-0.0280555374799205,-0.0593427847293943,0,6723,1,2473,0.187495048887503,0.0831735944576058,0.128152264158109,0.100096726678188
TMS20F1361P0007,-0.0280555374799205,0.0470210224508258,0,6785,1,2535,0.151811681524056,0.0829183450983883,0.198832703974882,0.170777166494962
TMS20F1361P0013,-0.0280555374799205,0.0348578318533763,0,6749,1,2499,0.0147752463593289,0.0790532078115022,0.0496330782127051,0.0215775407327847
TMS20F1385P0030,-0.0280555374799205,-0.0271283693386027,0,6761,1,2511,-0.109438323058584,0.0829347611488044,-0.136566692397186,-0.164622229877107
TMS20F1387P0025,-0.0280555374799205,-1.56675831370938e-05,0,6725,1,2475,-0.051265082203113,0.0831528886346999,-0.0512807497862501,-0.0793362872661706
TMS20F1389P0025,-0.0280555374799205,-0.0105284294480538,0,6747,1,2497,0.0670809394303357,0.0813577725502528,0.056552509982282,0.0284969725023615
TMS20F1412P0036,-0.0280555374799205,0.158978677865332,0,6743,1,2493,-0.118762194314963,0.089645486968742,0.0402164835503694,0.012160946070449
TMS20F1412P0038,-0.0280555374799205,0.116130412141692,0,6735,1,2485,0.101633630657023,0.087205443951134,0.217764042798715,0.189708505318794
TMS20F1415P0015,-0.0280555374799205,0.0610120587411028,0,6776,1,2526,0.0675677695033468,0.0836383882474279,0.12857982824445,0.100524290764529
TMS20F1423P0040,-0.0280555374799205,0.177046941955398,0,6764,1,2514,0.266592699962048,0.0805381912811154,0.443639641917445,0.415584104437525
TMS20F1424P0002,-0.0280555374799205,-0.00438671426177405,0,6738,1,2488,0.245965981851241,0.0790957582626042,0.241579267589467,0.213523730109546
TMS20F1424P0004,-0.0280555374799205,0.0658636098007972,0,6768,1,2518,-0.0675451564279845,0.0755363374131165,-0.00168154662718732,-0.0297370841071078
TMS20F1424P0009,-0.0280555374799205,0.0191163129431981,0,6746,1,2496,-0.0721556481108968,0.0739354432462395,-0.0530393351676987,-0.0810948726476192
TMS20F1424P0014,-0.0280555374799205,-0.00326681566174004,0,6722,1,2472,-0.0232832556376274,0.0762201082342995,-0.0265500712993674,-0.0546056087792879
TMS20F1424P0022,-0.0280555374799205,0.0531840566585615,0,6831,1,2581,-0.110966565857617,0.0754679648125372,-0.0577825091990555,-0.0858380466789759
TMS20F1430P0122,-0.0280555374799205,0.131433514569759,0,6844,1,2594,-0.0526393760374341,0.0841945024354462,0.078794138532325,0.0507386010524046
TMS20F1439P0003,-0.0280555374799205,-0.0907656335933249,0,6755,1,2505,-0.0896725120115288,0.0864484830476285,-0.180438145604854,-0.208493683084774
TMS20F1439P0016,-0.0280555374799205,-0.0432069604824565,0,6873,1,2622,-0.196500034227946,0.0828263412489976,-0.239706994710402,-0.267762532190323
TMS20F1440P0039,-0.0280555374799205,0.124737308520058,0,6729,1,2479,0.237074948869326,0.0812666862445961,0.361812257389384,0.333756719909463
TMS20F1442P0005,-0.0280555374799205,0.0329656968593686,0,6774,1,2524,0.135023232453193,0.0794349683814669,0.167988929312562,0.139933391832641
TMS20F1443P0001,-0.0280555374799205,0.187041957178886,0,6772,1,2522,-0.198914865058994,0.0840771496939538,-0.0118729078801072,-0.0399284453600277
TMS20F1445P0072,-0.0280555374799205,0.2346591811447,0,6767,1,2517,-0.189226488291074,0.0823147638913078,0.0454326928536265,0.017377155373706
TMS20F1445P0092,-0.0280555374799205,0.216743027994368,0,6825,1,2575,0.0512260235144758,0.0814709792034445,0.267969051508844,0.239913514028923
TMS20F1448P0009,-0.0280555374799205,0.0187528617653449,0,6891,1,2640,-0.0313407056357092,0.084253118919136,-0.0125878438703643,-0.0406433813502848
TMS20F1451P0018,-0.0280555374799205,0.171361880322149,0,6811,1,2561,-0.149319500466628,0.0806383742777972,0.0220423798555207,-0.00601315762439972
TMS20F1451P0069,-0.0280555374799205,0.0452215750441246,0,6718,1,2468,-0.0610346580551197,0.0798513362915523,-0.0158130830109951,-0.0438686204909156
TMS20F1452P0007,-0.0280555374799205,0.0880442671598882,0,7101,1,2850,0.144275884336647,0.0760373323703572,0.232320151496535,0.204264614016615
TMS20F1452P0011,-0.0280555374799205,0.184776919390877,0,7080,1,2829,-0.0850931825993349,0.0850536222047652,0.099683736791542,0.0716281993116215
TMS20F1452P0013,-0.0280555374799205,0.121363949066374,0,7013,1,2762,0.340205860027056,0.0779415701561598,0.46156980909343,0.433514271613509
TMS20F1452P0015,-0.0280555374799205,0.122878057074261,0,6932,1,2681,0.103100634114359,0.0833513229200392,0.22597869118862,0.197923153708699
TMS20F1452P0019,-0.0280555374799205,0.0587778809565915,0,7128,1,2877,0.413528409460565,0.0767467872538578,0.472306290417157,0.444250752937236
TMS20F1452P0020,-0.0280555374799205,0.127300906479874,0,7078,1,2827,0.247139754934994,0.08004936186885,0.374440661414868,0.346385123934947
TMS20F1452P0022,-0.0280555374799205,0.117266023399753,0,7001,1,2750,-0.0673236335490534,0.0845283988585213,0.0499423898506994,0.0218868523707789
TMS20F1452P0025,-0.0280555374799205,0.157416435410571,0,6933,1,2682,0.256401300510158,0.0824432506023003,0.413817735920729,0.385762198440808
TMS20F1453P0001,-0.0280555374799205,-0.11802575210946,0,7049,1,2798,0.0604745366625388,0.0732879673047563,-0.0575512154469214,-0.0856067529268419
TMS20F1453P0002,-0.0280555374799205,-0.0332405541550143,0,7054,1,2803,-0.0651527742258213,0.0772609372983587,-0.0983933283808355,-0.126448865860756
TMS20F1454P0001,-0.0280555374799205,-0.0313444326790317,0,6987,1,2736,-0.0548222160773758,0.0807471746730322,-0.0861666487564075,-0.114222186236328
TMS20F1454P0002,-0.0280555374799205,-0.144395721155188,0,7044,1,2793,0.423606652924326,0.0846750180713303,0.279210931769139,0.251155394289218
TMS20F1454P0003,-0.0280555374799205,-0.0951161083430568,0,7187,1,2936,0.283908146065005,0.0812255514546208,0.188792037721949,0.160736500242028
TMS20F1454P0006,-0.0280555374799205,0.0270851720089991,0,7201,1,2950,-0.149765626681843,0.0831925759231296,-0.122680454672844,-0.150735992152765
TMS20F1455P0001,-0.0280555374799205,0.0598157801240218,0,7310,1,3011,0.0473212452953155,0.0819015528865566,0.107137025419337,0.0790814879394168
TMS20F1455P0002,-0.0280555374799205,-0.00661300232894213,0,7179,1,2928,0.0828960470127236,0.0739519749725139,0.0762830446837814,0.048227507203861
TMS20F1455P0004,-0.0280555374799205,0.0411721586268003,0,7002,1,2751,-0.0134374692179709,0.0741203784886336,0.0277346894088294,-0.000320848071091093
TMS20F1456P0002,-0.0280555374799205,-0.115247948630567,0,7148,1,2897,0.269651465357074,0.0787461144991064,0.154403516726506,0.126347979246586
TMS20F1456P0004,-0.0280555374799205,-0.1031802679311,0,7156,1,2905,-0.0663894693881567,0.0802052204653551,-0.169569737319257,-0.197625274799177
TMS20F1456P0006,-0.0280555374799205,-0.117559178495625,0,7169,1,2918,0.169962096359957,0.0800701206338517,0.0524029178643318,0.0243473803844114
TMS20F1456P0008,-0.0280555374799205,-0.153791637728514,0,7174,1,2923,-0.00881351059331553,0.081315326820469,-0.16260514832183,-0.19066068580175
TMS20F1457P0001,-0.0280555374799205,-0.091544911763529,0,7083,1,2832,-0.0989102103340355,0.0768646452049952,-0.190455122097565,-0.218510659577485
TMS20F1457P0003,-0.0280555374799205,-0.0898020395450665,0,7202,1,2951,0.0696361400272894,0.081746880701756,-0.0201658995177771,-0.0482214369976976
TMS20F1457P0006,-0.0280555374799205,-0.195057454246683,0,7079,1,2828,-0.00675359483799049,0.0882315267719051,-0.201811049084673,-0.229866586564594
TMS20F1457P0010,-0.0280555374799205,-0.0903320378843343,0,7106,1,2855,-0.18705940264039,0.0763259236304615,-0.277391440524724,-0.305446978004645
TMS20F1458P0004,-0.0280555374799205,0.0204481567698719,0,7077,1,2826,-0.032289040891273,0.0766032999523361,-0.0118408841214011,-0.0398964216013216
TMS20F1458P0006,-0.0280555374799205,0.104311610921309,0,7099,1,2848,0.0453807858928039,0.0774432998019576,0.149692396814113,0.121636859334193
TMS20F1458P0009,-0.0280555374799205,0.101619791846597,0,7211,1,2957,0.200376406342989,0.0781451946375639,0.301996198189586,0.273940660709666
TMS20F1458P0014,-0.0280555374799205,0.14559588085254,0,6979,1,2728,-0.15838909844609,0.0728059073052518,-0.0127932175935492,-0.0408487550734697
TMS20F1459P0002,-0.0280555374799205,0.109619313694394,0,7105,1,2854,-0.250383213194677,0.0843464237240898,-0.140763899500284,-0.168819436980204
TMS20F1459P0004,-0.0280555374799205,0.106737567221539,0,7126,1,2875,-0.358359603343324,0.10458750770614,-0.251622036121785,-0.279677573601705
TMS20F1459P0005,-0.0280555374799205,0.0927519602397279,0,7154,1,2903,-0.0740814091206388,0.0720325597015107,0.0186705511190891,-0.00938498636083132
TMS20F1459P0007,-0.0280555374799205,0.0799355620251779,0,7086,1,2835,-0.344598226020014,0.10454396275071,-0.264662663994836,-0.292718201474757
TMS20F1460P0001,-0.0280555374799205,0.077263847800313,0,7109,1,2858,-0.116204259301267,0.0679304818363046,-0.0389404115009539,-0.0669959489808744
TMS20F1460P0002,-0.0280555374799205,0.111763766159424,0,7112,1,2861,-0.185455412311369,0.0691854275281641,-0.0736916461519448,-0.101747183631865
TMS20F1460P0005,-0.0280555374799205,0.0128961336655971,0,7010,1,2759,-0.087160423580721,0.107280926890691,-0.074264289915124,-0.102319827395044
TMS20F1460P0007,-0.0280555374799205,0.0475090590657825,0,7076,1,2825,-0.310338451872145,0.0696985624322095,-0.262829392806363,-0.290884930286283
TMS20F1460P0009,-0.0280555374799205,0.0241786162049109,0,7007,1,2756,-0.056816496463228,0.0716349791172216,-0.0326378802583172,-0.0606934177382376
TMS20F1460P0010,-0.0280555374799205,0.06566400054551,0,7081,1,2830,0.0247409374835041,0.0657133461635744,0.0904049380290141,0.0623494005490936
TMS20F1460P0013,-0.0280555374799205,0.0366675949861213,0,7039,1,2788,-0.0971911024454885,0.0893911517790895,-0.0605235074593672,-0.0885790449392877
TMS20F1460P0015,-0.0280555374799205,0.0138102313214708,0,7117,1,2866,0.183354898058272,0.0713085867585431,0.197165129379743,0.169109591899822
TMS20F1460P0016,-0.0280555374799205,0.0164108160546044,0,7085,1,2834,-0.162458864202095,0.0690411276879535,-0.146048048147491,-0.174103585627411
TMS20F1460P0020,-0.0280555374799205,0.0363504735595138,0,7070,1,2819,-0.231234828819363,0.10792932080655,-0.19488435525985,-0.22293989273977
TMS20F1460P0021,-0.0280555374799205,0.0353185910963111,0,7092,1,2841,-0.318318121946147,0.0702429877422544,-0.282999530849836,-0.311055068329757
TMS20F1460P0022,-0.0280555374799205,0.0397944139792763,0,7050,1,2799,-0.130557893113902,0.0691920056909358,-0.0907634791346253,-0.118819016614546
TMS20F1460P0025,-0.0280555374799205,0.0639578090316795,0,7191,1,2940,-0.50814590052692,0.0848093802553827,-0.44418809149524,-0.472243628975161
TMS20F1460P0026,-0.0280555374799205,0.0651809897770047,0,7114,1,2863,-0.215249110659197,0.0692650551702376,-0.150068120882193,-0.178123658362113
TMS20F1460P0027,-0.0280555374799205,0.0818890302706707,0,7136,1,2885,-0.0855901788925585,0.0724153828465333,-0.00370114862188782,-0.0317566861018083
TMS20F1460P0028,-0.0280555374799205,0.038258136996179,0,7160,1,2909,-0.15355130975115,0.0679047017207804,-0.115293172754971,-0.143348710234892
TMS20F1460P0029,-0.0280555374799205,0.0110047328221368,0,7088,1,2837,-0.383958974689478,0.105238722279132,-0.372954241867341,-0.401009779347261
TMS20F1460P0033,-0.0280555374799205,0.0401132404832515,0,7095,1,2844,-0.117887524845194,0.0710109255294192,-0.0777742843619428,-0.105829821841863
TMS20F1460P0034,-0.0280555374799205,0.0125453508104932,0,7200,1,2949,-0.0478237550351179,0.0687657678537118,-0.0352784042246247,-0.0633339417045451
TMS20F1460P0036,-0.0280555374799205,0.0980751620623773,0,7123,1,2872,-0.0706335011021876,0.0700096297340579,0.0274416609601898,-0.000613876519730702
TMS20F1461P0001,-0.0280555374799205,0.0584313977262408,0,7075,1,2824,0.0292846049652504,0.0725195966587603,0.0877160026914912,0.0596604652115708
TMS20F1461P0002,-0.0280555374799205,0.0143640854658228,0,7104,1,2853,-0.038362646609719,0.0738166310711955,-0.0239985611438962,-0.0520540986238166
TMS20F1461P0003,-0.0280555374799205,0.0358483719306231,0,7185,1,2934,0.00926128330018913,0.0688071061962487,0.0451096552308122,0.0170541177508917
TMS20F1461P0007,-0.0280555374799205,0.0672661343901831,0,7222,1,2964,0.0371395781334916,0.0738444010171282,0.104405712523675,0.0763501750437542
TMS20F1461P0010,-0.0280555374799205,-0.0326668374299318,0,7167,1,2916,-0.113314243227903,0.0957939371286876,-0.145981080657835,-0.174036618137756
TMS20F1461P0014,-0.0280555374799205,-0.0241325483753478,0,6960,1,2709,-0.0550094786079197,0.0937733523272596,-0.0791420269832675,-0.107197564463188
TMS20F1462P0002,-0.0280555374799205,0.0150058062058601,0,7042,1,2791,0.322134048661557,0.0748246837610976,0.337139854867417,0.309084317387496
TMS20F1462P0010,-0.0280555374799205,0.0494553337497517,0,7118,1,2867,-0.0803471713527811,0.072645042251984,-0.0308918376030294,-0.0589473750829499
TMS20F1462P0011,-0.0280555374799205,-0.0221828711675533,0,7011,1,2760,0.0132897588061856,0.0738443932131605,-0.00889311236136768,-0.0369486498412881
TMS20F1462P0012,-0.0280555374799205,0.0703749033793964,0,7090,1,2839,0.0468615338505468,0.0753987148600495,0.117236437229943,0.0891808997500227
TMS20F1462P0014,-0.0280555374799205,-0.00463624399043774,0,7182,1,2931,0.0745224010125844,0.0747870113206937,0.0698861570221467,0.0418306195422262
TMS20F1462P0018,-0.0280555374799205,0.0187374381368665,0,7102,1,2851,-0.329197702613175,0.0728992221113841,-0.310460264476309,-0.338515801956229
TMS20F1464P0001,-0.0280555374799205,0.0814197742584942,0,7058,1,2807,-0.185580938735258,0.0685135748793514,-0.104161164476764,-0.132216701956684
TMS20F1464P0003,-0.0280555374799205,0.0539038574403527,0,6913,1,2662,-0.0287284134752185,0.0756997808898357,0.0251754439651342,-0.00288009351478623
TMS20F1465P0001,-0.0280555374799205,0.0609329728271636,0,6972,1,2721,-0.290744418975183,0.0702240526712505,-0.22981144614802,-0.25786698362794
TMS20F1466P0001,-0.0280555374799205,0.0134610137134584,0,7120,1,2869,0.0312691526591354,0.0642229599378542,0.0447301663725937,0.0166746288926733
TMS20F1466P0002,-0.0280555374799205,-0.0406959475283614,0,7125,1,2874,-0.00776125419267185,0.0645424961479866,-0.0484572017210332,-0.0765127392009537
TMS20F1466P0003,-0.0280555374799205,-0.0120614528769918,0,7230,1,2970,-0.274241638830076,0.0675719630131686,-0.286303091707068,-0.314358629186988
TMS20F1466P0005,-0.0280555374799205,-0.0902467906324003,0,7134,1,2883,-0.038459530122732,0.0771017623769926,-0.128706320755132,-0.156761858235053
TMS20F1467P0002,-0.0280555374799205,-0.00308077188465999,0,7144,1,2893,-0.145631176331097,0.068194575633753,-0.148711948215757,-0.176767485695678
TMS20F1467P0003,-0.0280555374799205,0.0653845701002741,0,7177,1,2926,-0.515609191154586,0.0736122778916543,-0.450224621054312,-0.478280158534232
TMS20F1467P0004,-0.0280555374799205,0.0980150391191364,0,7196,1,2945,-0.375057439929107,0.0744377532312117,-0.277042400809971,-0.305097938289891
TMS20F1467P0005,-0.0280555374799205,0.107906194071008,0,7146,1,2895,0.407301015447185,0.0701116297780393,0.515207209518193,0.487151672038273
TMS20F1467P0006,-0.0280555374799205,0.0984008895812942,0,7108,1,2857,0.112229125517436,0.0690108347753181,0.21063001509873,0.182574477618809
TMS20F1468P0002,-0.0280555374799205,-0.00115353429002967,0,7199,1,2948,-0.05394544572931,0.0822605749762659,-0.0550989800193397,-0.0831545174992601
TMS20F1468P0004,-0.0280555374799205,-0.00912132812914844,0,7158,1,2907,-0.0564300599935391,0.0849897511663599,-0.0655513881226876,-0.093606925602608
TMS20F1468P0005,-0.0280555374799205,-0.0296552950997464,0,7150,1,2899,-0.0662362293142695,0.0778558748794086,-0.0958915244140159,-0.123947061893936
TMS20F1468P0006,-0.0280555374799205,0.0694236122568594,0,7131,1,2880,-0.215357965010767,0.0814384414854588,-0.145934352753907,-0.173989890233828
TMS20F1468P0008,-0.0280555374799205,-0.00678811084358465,0,7129,1,2878,8.60809749843247e-05,0.0792793304160859,-0.00670202986860033,-0.0347575673485208
TMS20F1468P0010,-0.0280555374799205,0.0264248326434763,0,7016,1,2765,-0.24076652686694,0.0806376572790066,-0.214341694223464,-0.242397231703384
TMS20F1469P0001,-0.0280555374799205,0.0543603850245163,0,7084,1,2833,-0.219237044636266,0.0823853693628818,-0.16487665961175,-0.19293219709167
TMS20F1469P0002,-0.0280555374799205,0.0177769672502853,0,7121,1,2870,-0.0331553879910853,0.0822934540276455,-0.0153784207408,-0.0434339582207204
TMS20F1472P0001,-0.0280555374799205,0.11442081729531,0,7141,1,2890,-0.44661079838796,0.0969004518935869,-0.332189981092651,-0.360245518572571
TMS20F1472P0002,-0.0280555374799205,0.118885448338099,0,6904,1,2653,-0.0384836121037542,0.0718775473019873,0.0804018362343447,0.0523462987544243
TMS20F1472P0003,-0.0280555374799205,0.126946027438071,0,6924,1,2673,-0.278391790944044,0.0838097638696202,-0.151445763505973,-0.179501300985893
TMS20F1472P0004,-0.0280555374799205,0.126259401461889,0,6991,1,2740,-0.130419914915455,0.0752120675383229,-0.0041605134535658,-0.0322160509334863
TMS20F1472P0005,-0.0280555374799205,0.173459203478834,0,7025,1,2774,-0.268018902426847,0.0689581809556735,-0.094559698948013,-0.122615236427933
TMS20F1472P0007,-0.0280555374799205,0.126289138281,0,7175,1,2924,-0.220493281516359,0.0872085614714407,-0.0942041432353589,-0.122259680715279
TMS20F1472P0009,-0.0280555374799205,0.0960806420805969,0,7100,1,2849,-0.159917729554923,0.0709281826484782,-0.0638370874743265,-0.0918926249542469
TMS20F1472P0010,-0.0280555374799205,0.106981714704504,0,6992,1,2741,-0.279831799530845,0.0672585990043532,-0.172850084826342,-0.200905622306262
TMS20F1472P0011,-0.0280555374799205,0.136771874514151,0,7087,1,2836,-0.291109258026073,0.0809308720136167,-0.154337383511922,-0.182392920991842
TMS20F1472P0012,-0.0280555374799205,0.192893526270061,0,6996,1,2745,-0.228398308927237,0.0817185650865734,-0.0355047826571763,-0.0635603201370968
TMS20F1472P0016,-0.0280555374799205,0.142540275932981,0,7135,1,2884,-0.240233990674487,0.0727072590955835,-0.0976937147415057,-0.125749252221426
TMS20F1472P0017,-0.0280555374799205,0.0701600358207899,0,7204,1,2953,-0.25999141638023,0.0698690479494874,-0.18983138055944,-0.217886918039361
TMS20F1472P0020,-0.0280555374799205,0.119256381284187,0,7068,1,2817,-0.242242430630464,0.0969540347806275,-0.122986049346277,-0.151041586826197
TMS20F1472P0021,-0.0280555374799205,0.131185789181282,0,7028,1,2777,-0.349945558227261,0.106533445086504,-0.218759769045979,-0.2468153065259
TMS20F1472P0022,-0.0280555374799205,0.139036142059612,0,7053,1,2802,-0.271463015684702,0.0985270344252045,-0.13242687362509,-0.160482411105011
TMS20F1472P0024,-0.0280555374799205,0.164502118913981,0,6943,1,2692,-0.237172168267945,0.0752000887850637,-0.0726700493539636,-0.100725586833884
TMS20F1472P0025,-0.0280555374799205,0.143079738694495,0,7093,1,2842,-0.101432257882268,0.0703712913959013,0.0416474808122266,0.0135919433323062
TMS20F1472P0026,-0.0280555374799205,0.113466784930406,0,7214,1,2960,-0.100617870590524,0.0764029693985112,0.0128489143398817,-0.0152066231400387
TMS20F1472P0027,-0.0280555374799205,0.108427589612665,0,7065,1,2814,-0.378912150417256,0.111599201716701,-0.270484560804591,-0.298540098284511
TMS20F1472P0028,-0.0280555374799205,0.163395079375612,0,7012,1,2761,-0.360587448505718,0.0804075180044388,-0.197192369130105,-0.225247906610026
TMS20F1472P0029,-0.0280555374799205,0.0582936577478152,0,7038,1,2787,-0.377744232206234,0.0934797724547404,-0.319450574458419,-0.347506111938339
TMS20F1472P0030,-0.0280555374799205,0.171741857032361,0,7006,1,2755,-0.321379188591591,0.0747118974799288,-0.14963733155923,-0.17769286903915
TMS20F1472P0031,-0.0280555374799205,0.125773239800599,0,7096,1,2845,-0.204357355645245,0.0746438278353121,-0.0785841158446461,-0.106639653324567
TMS20F1472P0032,-0.0280555374799205,0.163325210725863,0,7119,1,2868,-0.393306443006065,0.0724424679654946,-0.229981232280202,-0.258036769760123
TMS20F1472P0033,-0.0280555374799205,0.139207767892701,0,7017,1,2766,-0.0847369983156394,0.0711243638683331,0.0544707695770614,0.0264152320971409
TMS20F1472P0034,-0.0280555374799205,0.052009569871933,0,7009,1,2758,-0.0944421984423189,0.0758908376053637,-0.0424326285703859,-0.0704881660503063
TMS20F1472P0036,-0.0280555374799205,0.122382072430636,0,7089,1,2838,-0.271425968720507,0.097594797355067,-0.149043896289871,-0.177099433769791
TMS20F1472P0038,-0.0280555374799205,0.0741151891497211,0,7051,1,2800,-0.520946569345869,0.0916320567094766,-0.446831380196148,-0.474886917676069
TMS20F1472P0039,-0.0280555374799205,0.146013650938693,0,7045,1,2794,-0.521756203699206,0.0711155137919797,-0.375742552760513,-0.403798090240434
TMS20F1472P0040,-0.0280555374799205,0.156478266384573,0,7019,1,2768,-0.0559700063589086,0.072432134635055,0.100508260025664,0.0724527225457435
TMS20F1472P0041,-0.0280555374799205,0.240423543442425,0,7018,1,2767,-0.0105650530141486,0.0837436002018108,0.229858490428276,0.201802952948356
TMS20F1472P0042,-0.0280555374799205,0.154906423126281,0,7063,1,2812,-0.305677173458972,0.0713778061925955,-0.150770750332691,-0.178826287812611
TMS20F1472P0044,-0.0280555374799205,0.127129888373738,0,7097,1,2846,-0.0999195535443668,0.0812196310505903,0.0272103348293709,-0.000845202650549604
TMS20F1472P0046,-0.0280555374799205,0.151021260814384,0,7124,1,2873,-0.0570286762556794,0.0696587787364183,0.0939925845587051,0.0659370470787846
TMS20F1472P0047,-0.0280555374799205,0.0784968769563769,0,7074,1,2823,-0.167287333673175,0.0662945442074996,-0.0887904567167985,-0.116845994196719
TMS20F1472P0049,-0.0280555374799205,0.12068682618972,0,7000,1,2749,0.167763528810007,0.0687653410981503,0.288450354999727,0.260394817519807
TMS20F1472P0055,-0.0280555374799205,0.084615896458515,0,7066,1,2815,0.0868258607826768,0.0719529476264049,0.171441757241192,0.143386219761271
TMS20F1472P0059,-0.0280555374799205,0.142237993439618,0,7130,1,2879,-0.517487807585468,0.0772549874303423,-0.37524981414585,-0.40330535162577
TMS20F1472P0063,-0.0280555374799205,0.0861327076434441,0,7193,1,2942,-0.399993102021985,0.0857356260569322,-0.313860394378541,-0.341915931858462
TMS20F1472P0064,-0.0280555374799205,0.0622825093739783,0,7194,1,2943,-0.276472604911645,0.0789170438187267,-0.214190095537667,-0.242245633017587
TMS20F1472P0067,-0.0280555374799205,0.134271082680852,0,7168,1,2917,-0.116102391614705,0.0762417790490318,0.0181686910661475,-0.00988684641377291
TMS20F1473P0002,-0.0280555374799205,0.216847271418806,0,7111,1,2860,-0.300195597926226,0.0818489929536143,-0.0833483265074196,-0.11140386398734
TMS20F1473P0003,-0.0280555374799205,0.178245894816991,0,7133,1,2882,-0.353030603262618,0.0770471824605334,-0.174784708445627,-0.202840245925547
TMS20F1473P0008,-0.0280555374799205,0.23807682473551,0,7110,1,2859,-0.285248432053281,0.0787278743975755,-0.0471716073177701,-0.0752271447976905
TMS20F1473P0009,-0.0280555374799205,0.201234094484724,0,7127,1,2876,-0.266472824420183,0.076105202164229,-0.0652387299354589,-0.0932942674153793
TMS20F1473P0013,-0.0280555374799205,0.188547142336695,0,7094,1,2843,-0.240018436759033,0.0770774600325604,-0.0514712944223371,-0.0795268319022576
TMS20F1473P0014,-0.0280555374799205,0.163902609078382,0,7113,1,2862,-0.273563515485385,0.0761699695705332,-0.109660906407003,-0.137716443886924
TMS20F1473P0018,-0.0280555374799205,0.187558368317643,0,7203,1,2952,-0.442089485385807,0.0721508363571516,-0.254531117068164,-0.282586654548085
TMS20F1473P0020,-0.0280555374799205,0.218654004446707,0,7098,1,2847,-0.243735660138227,0.0721606883085114,-0.0250816556915203,-0.0531371931714408
TMS20F1473P0021,-0.0280555374799205,0.248799055124633,0,7073,1,2822,-0.336073264680616,0.0771539447866145,-0.087274209555983,-0.115329747035903
TMS20F1473P0022,-0.0280555374799205,0.162004282679793,0,7091,1,2840,-0.607856852548473,0.0715213122041022,-0.44585256986868,-0.4739081073486
TMS20F1473P0023,-0.0280555374799205,0.0189252518321971,0,7064,1,2813,-0.424571697308937,0.0733294229221891,-0.40564644547674,-0.433701982956661
TMS20F1473P0026,-0.0280555374799205,0.0295319145558339,0,7116,1,2865,-0.306859114324389,0.068198772265669,-0.277327199768555,-0.305382737248475
TMS20F1473P0028,-0.0280555374799205,0.204561210370179,0,7115,1,2864,-0.740043486394467,0.0807311914610335,-0.535482276024287,-0.563537813504208
TMS20F1473P0032,-0.0280555374799205,0.180752926094849,0,6908,1,2657,-0.489340534133937,0.0719951374542197,-0.308587608039087,-0.336643145519008
TMS20F1473P0033,-0.0280555374799205,0.184980177373886,0,6968,1,2717,-0.358547653409854,0.0763637871639618,-0.173567476035968,-0.201623013515888
TMS20F1473P0034,-0.0280555374799205,0.129763406684563,0,6965,1,2714,-0.134151414077938,0.0700397954029262,-0.00438800739337483,-0.0324435448732953
TMS20F1473P0038,-0.0280555374799205,0.189427056437896,0,6971,1,2720,-0.352756122883956,0.0779592718713673,-0.163329066446059,-0.19138460392598
TMS20F1473P0039,-0.0280555374799205,0.192636719340946,0,6923,1,2672,-0.216800249568052,0.0710949387729006,-0.0241635302271065,-0.0522190677070269
TMS20F1473P0040,-0.0280555374799205,0.17713031190924,0,6957,1,2706,-0.285387052017792,0.0779146664563986,-0.108256740108553,-0.136312277588473
TMS20F1473P0041,-0.0280555374799205,0.177552858203525,0,6945,1,2694,-0.207573029685775,0.0784711361743606,-0.0300201714822504,-0.0580757089621708
TMS20F1473P0045,-0.0280555374799205,0.13267641746992,0,6902,1,2651,-0.654674048861892,0.0884147530500612,-0.521997631391972,-0.550053168871892
TMS20F1473P0047,-0.0280555374799205,0.165570779403432,0,6928,1,2677,-0.32949481480404,0.0734130633349064,-0.163924035400608,-0.191979572880529
TMS20F1474P0001,-0.0280555374799205,0.0673704643865577,0,7046,1,2795,-0.247864559423963,0.0719351489110508,-0.180494095037406,-0.208549632517326
TMS20F1474P0006,-0.0280555374799205,0.0748376485044212,0,7030,1,2779,-0.413532353971304,0.101655221095413,-0.338694705466883,-0.366750242946803
TMS20F1474P0007,-0.0280555374799205,0.0902832992396725,0,6998,1,2747,-0.332885647689788,0.0572459869448601,-0.242602348450115,-0.270657885930036
TMS20F1474P0009,-0.0280555374799205,0.0876536645343503,0,7052,1,2801,-0.154840081271643,0.0717192583986349,-0.0671864167372927,-0.0952419542172131
TMS20F1474P0010,-0.0280555374799205,0.0588911142071304,0,7026,1,2775,-0.283357991713749,0.0922778739619074,-0.224466877506619,-0.252522414986539
TMS20F1474P0011,-0.0280555374799205,0.022006139059755,0,7015,1,2764,0.168841963744232,0.0728494327327962,0.190848102803987,0.162792565324066
TMS20F1474P0015,-0.0280555374799205,0.0438062545312213,0,7023,1,2772,0.169599790815498,0.0829579627644824,0.21340604534672,0.185350507866799
TMS20F1475P0004,-0.0280555374799205,0.135284287454741,0,7003,1,2752,-0.0374381040532496,0.0794325020564027,0.0978461834014914,0.069790645921571
TMS20F1475P0005,-0.0280555374799205,0.150230245430238,0,7176,1,2925,-0.257752642384944,0.0748445967571364,-0.107522396954706,-0.135577934434627
TMS20F1475P0008,-0.0280555374799205,0.150647471306153,0,6944,1,2693,0.028077438605413,0.0770043639633397,0.178724909911566,0.150669372431645
TMS20F1475P0009,-0.0280555374799205,0.150103310599939,0,7033,1,2782,-0.0628248813680712,0.0738174968063774,0.0872784292318674,0.059222891751947
TMS20F1475P0011,-0.0280555374799205,0.123743938153012,0,6994,1,2743,-0.34036607965492,0.0914728610256873,-0.216622141501908,-0.244677678981828
TMS20F1475P0012,-0.0280555374799205,0.186650757575836,0,6985,1,2734,-0.0310744974508516,0.0758349681816819,0.155576260124984,0.127520722645064
TMS20F1475P0015,-0.0280555374799205,0.162411911859178,0,7014,1,2763,-0.225185048620325,0.0722878665359034,-0.0627731367611465,-0.090828674241067
TMS20F1475P0016,-0.0280555374799205,0.149634772354671,0,6919,1,2668,-0.457280771762529,0.0787909835116968,-0.307645999407858,-0.335701536887779
TMS20F1475P0017,-0.0280555374799205,0.13141683577185,0,6975,1,2724,-0.363809038603281,0.0941623619289872,-0.232392202831431,-0.260447740311351
TMS20F1475P0018,-0.0280555374799205,0.117988749447979,0,7062,1,2811,-0.13644746375022,0.0755915761889239,-0.0184587143022411,-0.0465142517821615
TMS20F1475P0019,-0.0280555374799205,0.145084365790978,0,6999,1,2748,-0.264327982934037,0.0733273542825939,-0.119243617143059,-0.14729915462298
TMS20F1476P0002,-0.0280555374799205,0.210609928107385,0,6966,1,2715,-0.0794320220862611,0.0795261080383202,0.131177906021124,0.103122368541203
TMS20F1476P0004,-0.0280555374799205,0.0399059359624972,0,6958,1,2707,-0.286112784100724,0.102901989820106,-0.246206848138226,-0.274262385618147
TMS20F1476P0006,-0.0280555374799205,0.0455990973051705,0,6961,1,2710,-0.0367051918622853,0.0737876613044354,0.00889390544288526,-0.0191616320370352
TMS20F1476P0007,-0.0280555374799205,0.0145121929872133,0,7142,1,2891,-0.476722074975319,0.104599549061571,-0.462209881988106,-0.490265419468026
TMS20F1476P0010,-0.0280555374799205,-0.0279821811109518,0,6990,1,2739,-0.167051105977732,0.109928538819773,-0.195033287088684,-0.223088824568605
TMS20F1476P0012,-0.0280555374799205,-0.0108100585925777,0,6912,1,2661,-0.258960684463703,0.111635648403306,-0.26977074305628,-0.297826280536201
TMS20F1476P0013,-0.0280555374799205,-0.0337304932649309,0,6995,1,2744,0.219536051077208,0.110622003629559,0.185805557812277,0.157750020332357
TMS20F1476P0014,-0.0280555374799205,0.220084408736483,0,6937,1,2686,-0.262565991067855,0.0850095733961041,-0.0424815823313719,-0.0705371198112923
TMS20F1476P0017,-0.0280555374799205,-0.0198017972434701,0,6934,1,2683,-0.15952393551596,0.110788502539886,-0.17932573275943,-0.207381270239351
TMS20F1476P0019,-0.0280555374799205,0.1581258152107,0,7041,1,2790,-0.322314595178004,0.079285899416416,-0.164188779967304,-0.192244317447225
TMS20F1476P0020,-0.0280555374799205,-0.0402542854303166,0,7145,1,2894,0.0802296298662138,0.111726653328205,0.0399753444358972,0.0119198069559768
TMS20F1476P0021,-0.0280555374799205,0.00190845466420397,0,6917,1,2666,0.0340079053076314,0.0719508305059119,0.0359163599718353,0.00786082249191488
TMS20F1476P0023,-0.0280555374799205,0.0493444172236168,0,6953,1,2702,-0.199978954664355,0.0736550063999377,-0.150634537440739,-0.178690074920659
TMS20F1476P0025,-0.0280555374799205,0.0635370077474589,0,7226,1,2967,-0.199362643758436,0.0792745022898502,-0.135825636010977,-0.163881173490897
TMS20F1476P0026,-0.0280555374799205,0.0429278551914696,0,6915,1,2664,-0.196165389145909,0.117573040563207,-0.15323753395444,-0.18129307143436
TMS20F1476P0027,-0.0280555374799205,0.242965761404568,0,7178,1,2927,-0.37224737972796,0.0894728625997442,-0.129281618323392,-0.157337155803313
TMS20F1476P0031,-0.0280555374799205,0.00184647483090364,0,6947,1,2696,-0.188353957959051,0.1136023163067,-0.186507483128147,-0.214563020608067
TMS20F1476P0032,-0.0280555374799205,0.0485333937462886,0,7192,1,2941,-0.363061213153028,0.105286225313188,-0.314527819406739,-0.34258335688666
TMS20F1476P0038,-0.0280555374799205,0.0675689777128109,0,7161,1,2910,-0.0591320672770341,0.074426383596237,0.0084369104357768,-0.0196186270441437
TMS20F1476P0039,-0.0280555374799205,0.0311451840088128,0,7301,1,3003,-0.176426257403569,0.0859429913851038,-0.145281073394756,-0.173336610874677
TMS20F1476P0041,-0.0280555374799205,0.0511598035290699,0,7155,1,2904,0.0855526191226865,0.0753320992256282,0.136712422651756,0.108656885171836
TMS20F1476P0046,-0.0280555374799205,-0.03334815547402,0,7195,1,2944,0.0650326922236444,0.107008206747638,0.0316845367496244,0.00362899926970395
TMS20F1476P0047,-0.0280555374799205,0.0448581608297439,0,7166,1,2915,0.0517479953531499,0.0969446161921379,0.0966061561828937,0.0685506187029733
TMS20F1476P0050,-0.0280555374799205,0.0339550431830332,0,7173,1,2922,-0.20841913824397,0.112270289272767,-0.174464095060937,-0.202519632540857
TMS20F1477P0003,-0.0280555374799205,0.229155405950313,0,7152,1,2901,-0.176436693808369,0.0895436315316174,0.0527187121419443,0.0246631746620238
TMS20F1477P0007,-0.0280555374799205,0.184163029534265,0,7189,1,2938,-0.0707251914183107,0.0751216016520515,0.113437838115955,0.0853823006360342
TMS20F1477P0010,-0.0280555374799205,0.262673022170626,0,7206,1,2955,-0.0442572947857655,0.0829147751522296,0.21841572738486,0.19036018990494
TMS20F1477P0015,-0.0280555374799205,0.300093370667053,0,7107,1,2856,-0.0333377647201178,0.0943118010597537,0.266755605946935,0.238700068467015
TMS20F1477P0016,-0.0280555374799205,0.291817928134522,0,7170,1,2919,-0.29199576510627,0.0894471078244881,-0.000177836971748002,-0.0282333744516685
TMS20F1477P0018,-0.0280555374799205,0.223702522406389,0,7164,1,2913,-0.0928231277351247,0.0779689220757007,0.130879394671264,0.102823857191343
TMS20F1477P0019,-0.0280555374799205,0.199757858906159,0,7180,1,2929,0.114953495338396,0.0796172476531065,0.314711354244555,0.286655816764635
TMS20F1477P0029,-0.0280555374799205,0.166767009604117,0,7103,1,2852,-0.255319369039978,0.101444220405278,-0.0885523594358611,-0.116607896915782
TMS20F1477P0036,-0.0280555374799205,0.212826236255813,0,7071,1,2820,-0.140189081911842,0.0812478873663214,0.0726371543439715,0.044581616864051
TMS20F1477P0040,-0.0280555374799205,0.168696006149032,0,7304,1,3006,0.0974055622591991,0.080749804764125,0.266101568408231,0.238046030928311
TMS20F1477P0044,-0.0280555374799205,0.249991777326113,0,7190,1,2939,-0.0829111526565285,0.0860518240227543,0.167080624669584,0.139025087189664
TMS20F1477P0045,-0.0280555374799205,0.247184017853879,0,7139,1,2888,-0.0990666220406162,0.0810976396841705,0.148117395813263,0.120061858333342
TMS20F1478P0003,-0.0280555374799205,0.106232231500304,0,7162,1,2911,-0.258661162426535,0.0756503093417892,-0.15242893092623,-0.180484468406151
TMS20F1478P0005,-0.0280555374799205,0.123141628521243,0,7163,1,2912,-0.540684668971087,0.0734866324782281,-0.417543040449844,-0.445598577929764
TMS20F1478P0006,-0.0280555374799205,0.101815174665173,0,7138,1,2887,-0.0661485378196639,0.068359943626893,0.0356666368455089,0.00761109936558844
TMS20F1478P0007,-0.0280555374799205,0.0375916651852048,0,7159,1,2908,-0.456673659742209,0.0683989356348263,-0.419081994557005,-0.447137532036925
TMS20F1478P0010,-0.0280555374799205,0.187207689889409,0,7165,1,2914,-0.322495145155667,0.0971982824429219,-0.135287455266258,-0.163342992746178
TMS20F1478P0013,-0.0280555374799205,0.0435379124113436,0,7183,1,2932,-0.124285508409674,0.0698937520633398,-0.0807475959983303,-0.108803133478251
TMS20F1478P0015,-0.0280555374799205,0.0466357505731142,0,6899,1,2648,-0.258447689477155,0.0807332163603094,-0.211811938904041,-0.239867476383961
TMS20F1478P0025,-0.0280555374799205,0.0231707524106681,0,6980,1,2729,-0.223471858433381,0.0861026928175428,-0.200301106022713,-0.228356643502633
TMS20F1479P0003,-0.0280555374799205,0.212244906508627,0,6984,1,2733,-0.138121952106121,0.0784022686501017,0.0741229544025058,0.0460674169225853
TMS20F1479P0008,-0.0280555374799205,0.24119519411825,0,6988,1,2737,0.0696504773644897,0.0778281208112488,0.31084567148274,0.282790134002819
TMS20F1479P0011,-0.0280555374799205,0.168581454010556,0,6986,1,2735,0.141860339271479,0.074421589489815,0.310441793282034,0.282386255802114
TMS20F1479P0013,-0.0280555374799205,0.146422631039025,0,6950,1,2699,-0.191939184506019,0.0730513010976488,-0.0455165534669938,-0.0735720909469143
TMS20F1479P0014,-0.0280555374799205,0.194821148777357,0,6997,1,2746,-0.0785065415312186,0.0848644497308082,0.116314607246139,0.0882590697662183
TMS20F1479P0019,-0.0280555374799205,0.205223407279205,0,7132,1,2881,-0.285086353292518,0.078536119725371,-0.0798629460133133,-0.107918483493234
TMS20F1479P0035,-0.0280555374799205,0.13255525675946,0,7137,1,2886,-0.0354946353139306,0.0727204320536929,0.0970606214455298,0.0690050839656093
TMS20F1479P0036,-0.0280555374799205,0.162479559040835,0,6906,1,2655,-0.149849042987976,0.0756310715275518,0.0126305160528584,-0.0154250214270621
TMS20F1479P0038,-0.0280555374799205,0.184454494799008,0,6895,1,2644,0.00875498561389564,0.0801980485762707,0.193209480412904,0.165153942932983
TMS20F1479P0040,-0.0280555374799205,0.196902559215855,0,7149,1,2898,-0.327864295147481,0.0823027112973935,-0.130961735931627,-0.159017273411547
TMS20F1479P0052,-0.0280555374799205,0.177001653880081,0,7205,1,2954,0.0156148477356184,0.07870224166923,0.192616501615699,0.164560964135779
TMS20F1479P0055,-0.0280555374799205,0.15033079957175,0,7153,1,2902,-0.130016742680101,0.0751642194286064,0.0203140568916487,-0.00774148058827176
TMS20F1479P0056,-0.0280555374799205,0.148931387139719,0,7140,1,2889,0.316359600373836,0.073025595379853,0.465290987513555,0.437235450033635
TMS20F1480P0002,-0.0280555374799205,0.0644614970049436,0,7147,1,2896,-0.137976240202561,0.0761324368487102,-0.0735147431976172,-0.101570280677538
TMS20F1481P0002,-0.0280555374799205,-0.0568127597789378,0,7218,1,2962,-0.285312127490481,0.0758697587266894,-0.342124887269419,-0.370180424749339
TMS20F1482P0003,-0.0280555374799205,-0.135353484448646,0,7157,1,2906,0.059930455136258,0.0801608203976741,-0.0754230293123882,-0.103478566792309
TMS20F1484P0001,-0.0280555374799205,0.0575130220479175,0,7181,1,2930,-0.0965685330503707,0.0717065386739114,-0.0390555110024531,-0.0671110484823736
TMS20F1484P0002,-0.0280555374799205,0.0739854703729964,0,7209,1,2956,0.0305941657377078,0.0730741843627771,0.104579636110704,0.0765240986307837
TMS20F1485P0009,-0.0280555374799205,0.0853149917398843,0,7186,1,2935,-0.0416825794930078,0.0694173991137996,0.0436324122468765,0.015576874766956
TMS20F1485P0013,-0.0280555374799205,0.110397104222365,0,7198,1,2947,0.343451743883706,0.0730392105372363,0.45384884810607,0.42579331062615
TMS20F1485P0015,-0.0280555374799205,0.0778933066402704,0,7082,1,2831,0.0456297766397019,0.0687587033775701,0.123523083279972,0.0954675458000518
TMS20F1485P0027,-0.0280555374799205,0.092222796294502,0,7151,1,2900,0.0899135600054293,0.0690389729458007,0.182136356299931,0.154080818820011
TMS20F1485P0040,-0.0280555374799205,0.109371249793095,0,7184,1,2933,0.0983898288455879,0.0710099797481229,0.207761078638683,0.179705541158763
TMS20F1485P0045,-0.0280555374799205,0.0413303138090073,0,7172,1,2921,0.231068170047615,0.0712210421584762,0.272398483856622,0.244342946376701
TMS20F1485P0047,-0.0280555374799205,0.0304649387529634,0,7008,1,2757,0.455756530088937,0.070595738442501,0.486221468841901,0.45816593136198
TMS20F1486P0001,-0.0280555374799205,-0.103761928927269,0,6926,1,2675,-0.0628346250558213,0.0858685942335969,-0.16659655398309,-0.194652091463011
TMS20F1486P0006,-0.0280555374799205,-0.0751775427035766,0,7031,1,2780,0.038108353365325,0.0730739929660238,-0.0370691893382516,-0.065124726818172
TMS20F1487P0001,-0.0280555374799205,-0.126282753861569,0,6940,1,2689,-0.159536009786266,0.0850053142999093,-0.285818763647835,-0.313874301127755
TMS20F1487P0003,-0.0280555374799205,-0.0357457708098885,0,7060,1,2809,-0.0580643574049283,0.0733155395108318,-0.0938101282148168,-0.121865665694737
TMS20F1487P0004,-0.0280555374799205,-0.0311082798843752,0,6931,1,2680,-0.0953883145286428,0.0772247707256059,-0.126496594413018,-0.154552131892938
TMS20F1487P0006,-0.0280555374799205,-0.0644617277878931,0,7043,1,2792,-0.214622104673477,0.114168222215869,-0.27908383246137,-0.307139369941291
TMS20F1487P0007,-0.0280555374799205,-0.0302089848590903,0,7072,1,2821,-0.15739448841002,0.104681441000028,-0.18760347326911,-0.21565901074903
TMS20F1487P0009,-0.0280555374799205,-0.11348598142023,0,7035,1,2784,0.0595846912621857,0.108077887411561,-0.0539012901580445,-0.0819568276379649
TMS20F1489P0001,-0.0280555374799205,0.0300066736842999,0,7057,1,2806,0.0638831265977214,0.070934443031016,0.0938898002820213,0.0658342628021009
TMS20F1489P0002,-0.0280555374799205,0.0272159212567616,0,7040,1,2789,-0.0941270643911345,0.0720447784029082,-0.0669111431343729,-0.0949666806142933
TMS20F1489P0004,-0.0280555374799205,0.0437292774949213,0,6993,1,2742,-0.187508602284776,0.112006425588013,-0.143779324789854,-0.171834862269775
TMS20F1489P0005,-0.0280555374799205,0.0135896612298584,0,7029,1,2778,0.0972675620819027,0.0711755890249851,0.110857223311761,0.0828016858318406
TMS20F1489P0007,-0.0280555374799205,0.0261161173559041,0,7021,1,2770,-0.499347842763065,0.0871031077373404,-0.473231725407161,-0.501287262887081
TMS20F1489P0008,-0.0280555374799205,-0.00565919156417818,0,7022,1,2771,0.0498766298824913,0.0714373980866935,0.0442174383183132,0.0161619008383927
TMS20F1489P0009,-0.0280555374799205,0.0852124344254384,0,7056,1,2805,-0.221011240117803,0.0751598228240531,-0.135798805692365,-0.163854343172285
TMS20F1489P0011,-0.0280555374799205,0.0331095387042792,0,7004,1,2753,-0.141347014881187,0.0701601438181454,-0.108237476176908,-0.136293013656829
TMS20F1489P0013,-0.0280555374799205,-0.0118089171201733,0,7032,1,2781,-0.0981839304218756,0.111836067092452,-0.109992847542049,-0.138048385021969
TMS20F1490P0001,-0.0280555374799205,-0.174895705343986,0,7048,1,2797,0.032809797148443,0.0775774436138268,-0.142085908195543,-0.170141445675463
TMS20F1491P0002,-0.0280555374799205,-0.127696314116237,0,7047,1,2796,-0.16311580825954,0.0864875951033294,-0.290812122375777,-0.318867659855697
TMS20F1491P0007,-0.0280555374799205,0.0551691253707536,0,7055,1,2804,-0.175488693461676,0.0763966097570952,-0.120319568090922,-0.148375105570842
TMS20F1493P0001,-0.0280555374799205,0.0531598529280144,0,7027,1,2776,0.108702977584815,0.0711916285723891,0.161862830512829,0.133807293032909
TMS20F1494P0001,-0.0280555374799205,-0.0462771123853061,0,6920,1,2669,0.00636674277983541,0.0757535225887498,-0.0399103696054707,-0.0679659070853912
TMS20F1494P0006,-0.0280555374799205,-0.0755894138247592,0,7069,1,2818,0.0721190931591366,0.0772472723992689,-0.00347032066562254,-0.031525858145543
TMS20F1495P0001,-0.0280555374799205,-0.0161200170808163,0,7005,1,2754,0.365040339982384,0.077787839753623,0.348920322901568,0.320864785421647
TMS20F1496P0001,-0.0280555374799205,0.0996650435643204,0,6989,1,2738,0.27511403426334,0.075764054495221,0.37477907782766,0.34672354034774
TMS20F1496P0003,-0.0280555374799205,0.132342211538069,0,6911,1,2660,-0.121760037803408,0.0768193189054532,0.0105821737346608,-0.0174733637452596
TMS20F1496P0004,-0.0280555374799205,0.139694942244342,0,7061,1,2810,0.162408154120941,0.0753499069760724,0.302103096365283,0.274047558885362
TMS20F1496P0006,-0.0280555374799205,0.165178148406149,0,6903,1,2652,-0.192262012018653,0.0811371426296245,-0.027083863612504,-0.0551394010924245
TMS20F1496P0016,-0.0280555374799205,-0.0931473240503037,0,6955,1,2704,-0.00690058721051735,0.0726978578596902,-0.100047911260821,-0.128103448740741
TMS20F1496P0028,-0.0280555374799205,0.107255741427911,0,6938,1,2687,0.159566309920809,0.083445853862096,0.26682205134872,0.238766513868799
TMS20F1497P0007,-0.0280555374799205,0.0767220683977588,0,7188,1,2937,0.396141816883836,0.0750697050096643,0.472863885281595,0.444808347801674
TMS20F1497P0008,-0.0280555374799205,0.103175596539057,0,7305,1,3007,0.325627906988339,0.0769770561872102,0.428803503527397,0.400747966047476
TMS20F1498P0001,-0.0280555374799205,0.110342033644388,0,6962,1,2711,-0.0397501087098956,0.0751692092339968,0.0705919249344921,0.0425363874545716
TMS20F1499P0007,-0.0280555374799205,-0.0292284608024771,0,6935,1,2684,-0.0635091822421677,0.0706679715601905,-0.0927376430446448,-0.120793180524565
TMS20F1500P0004,-0.0280555374799205,0.0184277348762302,0,7034,1,2783,-0.490529725872225,0.102262349519107,-0.472101990995994,-0.500157528475915
TMS20F1501P0005,-0.0280555374799205,-0.0484296750859033,0,6909,1,2658,0.133906276268382,0.0703133154357806,0.0854766011824784,0.057421063702558
TMS20F1501P0007,-0.0280555374799205,-0.0484055016996136,0,7224,1,2966,-0.161134960738947,0.0969721665880146,-0.209540462438561,-0.237595999918481
TMS20F1502P0001,-0.0280555374799205,0.0310464142350237,0,7122,1,2871,-0.127237801877609,0.0684265357698108,-0.0961913876425849,-0.124246925122505
TMS20F1502P0003,-0.0280555374799205,-0.000146323185711714,0,6964,1,2713,-0.118879853851123,0.0709684892558781,-0.119026177036835,-0.147081714516755
TMS20F1502P0005,-0.0280555374799205,-0.0650790988062116,0,6905,1,2654,0.105525901493559,0.0734988424463075,0.0404468026873472,0.0123912652074268
TMS20F1502P0007,-0.0280555374799205,0.00483724369381346,0,6916,1,2665,-0.170013249202448,0.071870417871049,-0.165176005508635,-0.193231542988555
TMS20F1503P0002,-0.0280555374799205,-0.0107222558337344,0,6951,1,2700,0.0751939191851625,0.0702552231781628,0.0644716633514281,0.0364161258715076
TMS20F1504P0002,-0.0280555374799205,0.114613865378157,0,6978,1,2727,-0.163774728829054,0.0751952007616771,-0.0491608634508969,-0.0772164009308174
TMS20F1504P0004,-0.0280555374799205,0.0755461738713513,0,6967,1,2716,-0.0805917916380336,0.0701530081366644,-0.00504561776668234,-0.0331011552466028
TMS20F1504P0005,-0.0280555374799205,0.119786854305329,0,7024,1,2773,-0.345742270367377,0.0787136226198777,-0.225955416062048,-0.254010953541968
TMS20F1504P0007,-0.0280555374799205,0.071663493674031,0,6941,1,2690,-0.194439150423119,0.0957920279245418,-0.122775656749088,-0.150831194229008
TMS20F1504P0008,-0.0280555374799205,0.0820607088064101,0,6936,1,2685,0.0272144857170468,0.0749341950220104,0.109275194523457,0.0812196570435364
TMS20F1507P0001,-0.0280555374799205,0.164114466771763,0,6897,1,2646,-0.285740984444059,0.0791578097554683,-0.121626517672296,-0.149682055152216
TMS20F1507P0003,-0.0280555374799205,0.057961369010367,0,6946,1,2695,-0.41227251613661,0.0934972942416522,-0.354311147126243,-0.382366684606163
TMS20F1507P0004,-0.0280555374799205,0.167150684832395,0,6901,1,2650,-0.252775288567746,0.074311879745481,-0.0856246037353505,-0.113680141215271
TMS20F1509P0001,-0.0280555374799205,-0.0147891731678823,0,7059,1,2808,0.185640790532994,0.0685589550564002,0.170851617365112,0.142796079885191
TMS20F1509P0003,-0.0280555374799205,0.0312936741726524,0,7020,1,2769,0.185363011552919,0.0715139273823325,0.216656685725572,0.188601148245651
TMS20F1509P0009,-0.0280555374799205,0.0300878818477305,0,6896,1,2645,0.421348988352727,0.0680141911802435,0.451436870200458,0.423381332720537
TMS20F1509P0010,-0.0280555374799205,0.0220658386562127,0,6948,1,2697,0.297575064646681,0.0703720770879348,0.319640903302894,0.291585365822974
TMS20F1509P0015,-0.0280555374799205,-0.00085732109279462,0,7067,1,2816,0.226020738669553,0.0732542272821972,0.225163417576759,0.197107880096838
TMS20F1509P0017,-0.0280555374799205,-0.0233113240190569,0,7036,1,2785,0.196494240076192,0.071384320337771,0.173182916057135,0.145127378577214
TMS20F1510P0003,-0.0280555374799205,0.101782907115982,0,6956,1,2705,0.0140765980059651,0.0747533130350949,0.115859505121947,0.0878039676420262
TMS20F1510P0004,-0.0280555374799205,0.0944121070633039,0,7037,1,2786,0.113448725703921,0.0726968208490462,0.207860832767225,0.179805295287305
TMS20F1510P0005,-0.0280555374799205,0.102818334392772,0,6910,1,2659,-0.00603347246515119,0.0728534378947965,0.0967848619276208,0.0687293244477003
TMS20F1510P0007,-0.0280555374799205,0.107820720151997,0,6939,1,2688,0.29611466496778,0.0675058210694832,0.403935385119776,0.375879847639856
TMS20F1510P0008,-0.0280555374799205,0.103252979983905,0,6981,1,2730,-0.0465112952760412,0.0719879742021813,0.0567416847078641,0.0286861472279436
TMS20F1510P0009,-0.0280555374799205,0.0922958412831609,0,6949,1,2698,0.168618776531398,0.0705470723961008,0.260914617814559,0.232859080334639
TMS20F1510P0011,-0.0280555374799205,0.0751588936106165,0,7171,1,2920,0.235376287368303,0.0708077465061251,0.310535180978919,0.282479643498999
TMS20F1510P0012,-0.0280555374799205,0.0599557728105017,0,7197,1,2946,-0.149848458785307,0.081223464068218,-0.0898926859748052,-0.117948223454726
TMS20F1510P0014,-0.0280555374799205,0.112331923268764,0,7143,1,2892,0.425674073619162,0.0710302663090635,0.538005996887926,0.509950459408005
TMS20F1522P0002,-0.0280555374799205,0.166298730920615,0,6828,1,2578,0.0494038757978665,0.0836130842871038,0.215702606718481,0.187647069238561
TMS20F1522P0003,-0.0280555374799205,0.110050009934586,0,6888,1,2637,0.161710469177657,0.0796350368442802,0.271760479112242,0.243704941632322
TMS20F1523P0011,-0.0280555374799205,-0.0158443461769818,0,6887,1,2636,-0.0975509189201224,0.082454015635737,-0.113395265097104,-0.141450802577025
TMS20F1530P0007,-0.0280555374799205,0.308355506731939,0,6823,1,2573,-0.0283755260103079,0.0821616279280781,0.279979980721631,0.251924443241711
TMS20F1533P0017,-0.0280555374799205,0.039956758037223,0,6861,1,2610,-0.153722126502897,0.0784570054392313,-0.113765368465674,-0.141820905945594
TMS20F1533P0019,-0.0280555374799205,0.0134015878577018,0,6814,1,2564,-0.0660402984259627,0.0772078340619542,-0.0526387105682608,-0.0806942480481813
TMS20F1533P0023,-0.0280555374799205,0.0248750767301947,0,6822,1,2572,-0.24538589183698,0.0756256811230679,-0.220510815106786,-0.248566352586706
TMS20F1534P0038,-0.0280555374799205,0.0534154923155647,0,6857,1,2607,-0.130806219416298,0.0799991823511403,-0.0773907271007332,-0.105446264580654
TMS20F1552P0020,-0.0280555374799205,0.00917776016494874,0,6733,1,2483,-0.130862004851269,0.0763062143436282,-0.121684244686321,-0.149739782166241
TMS20F1553P0005,-0.0280555374799205,0.0210121661158819,0,6771,1,2521,0.128492836787282,0.101935970501143,0.149505002903164,0.121449465423243
TMS20F1558P0003,-0.0280555374799205,0.137811431184402,0,6613,1,2363,0.281770344629181,0.0855065284955938,0.419581775813583,0.391526238333663
TMS20F1573P0017,-0.0280555374799205,0.142604801527137,0,6582,1,2333,0.202134045473844,0.0855835262291807,0.344738847000981,0.316683309521061
TMS20F1574P0003,-0.0280555374799205,0.25044976450058,0,6623,1,2373,0.0888301428989572,0.0808712848486452,0.339279907399537,0.311224369919617
TMS20F1574P0006,-0.0280555374799205,0.260543660213554,0,6633,1,2383,-0.0519079163968558,0.0821259917963903,0.208635743816698,0.180580206336777
TMS20F1576P0011,-0.0280555374799205,0.096606857279526,0,6830,1,2580,0.0177057173237195,0.0822424521719042,0.114312574603246,0.0862570371233251
TMS20F1582P0021,-0.0280555374799205,0.203711939480567,0,6564,1,2315,-0.0996095831929516,0.0812444302609526,0.104102356287616,0.0760468188076951
TMS20F1582P0024,-0.0280555374799205,0.240117348594259,0,6626,1,2376,0.0509804960657136,0.088761158135255,0.291097844659972,0.263042307180052
TMS20F1582P0025,-0.0280555374799205,0.252163423711719,0,6562,1,2313,-0.196620288430213,0.0843827835341847,0.0555431352815063,0.0274875978015858
TMS20F1582P0050,-0.0280555374799205,0.259029845701363,0,6606,1,2356,-0.0772075355847461,0.0823135217319529,0.181822310116617,0.153766772636697
TMS20F1583P0003,-0.0280555374799205,0.0558026431497694,0,6581,1,2332,-0.0271283647595267,0.0741687572481805,0.0286742783902427,0.000618740910322279
TMS20F1583P0053,-0.0280555374799205,0.0449932435864093,0,6595,1,2346,-0.10416842238867,0.0789247461116178,-0.0591751788022606,-0.087230716282181
TMS20F1589P0053,-0.0280555374799205,0.285042089607329,0,6728,1,2478,-0.0422510989426267,0.0794478955977642,0.242790990664702,0.214735453184782
TMS20F1589P0070,-0.0280555374799205,0.293695664932841,0,6577,1,2328,0.0342617833233658,0.0819839755893216,0.327957448256206,0.299901910776286
TMS20F1589P0073,-0.0280555374799205,0.295847052983407,0,6565,1,2316,0.0189919666148336,0.0862315057147071,0.31483901959824,0.28678348211832
TMS20F1589P0087,-0.0280555374799205,0.30452399083726,0,6576,1,2327,-0.157341793411337,0.0862849423656077,0.147182197425923,0.119126659946002
TMS20F1590P0022,-0.0280555374799205,0.134311706936565,0,6807,1,2557,-0.188650766579202,0.0777476226620524,-0.0543390596426363,-0.0823945971225568
TMS20F1590P0040,-0.0280555374799205,0.117440332334293,0,6765,1,2515,-0.184344869433269,0.0774477188903418,-0.0669045370989766,-0.094960074578897
TMS20F1590P0052,-0.0280555374799205,0.213109330188746,0,6631,1,2381,0.163336985657669,0.0872596322569346,0.376446315846414,0.348390778366494
TMS20F1590P0055,-0.0280555374799205,0.116042795746484,0,6610,1,2360,-0.147014236567457,0.0780349876775981,-0.0309714408209725,-0.0590269783008929
TMS20F1590P0057,-0.0280555374799205,0.191195165783003,0,6846,1,2596,-0.0696210216527802,0.0812299677583077,0.121574144130223,0.0935186066503026
TMS20F1590P0061,-0.0280555374799205,0.12892789077216,0,6583,1,2334,0.00633056382052265,0.0762567931137036,0.135258454592683,0.107202917112762
TMS20F1591P0002,-0.0280555374799205,0.27286517942577,0,6588,1,2339,-0.0470724592003868,0.0817005902960005,0.225792720225383,0.197737182745462
TMS20F1591P0004,-0.0280555374799205,0.242833416318367,0,6572,1,2323,-0.108333996133647,0.0851524468345795,0.13449942018472,0.1064438827048
TMS20F1591P0008,-0.0280555374799205,0.274733997217666,0,6590,1,2341,6.87841211291507e-06,0.0868205603722846,0.274740875629779,0.246685338149859
TMS20F1593P0002,-0.0280555374799205,0.0953911940813132,0,6619,1,2369,-0.23669986941434,0.0753931840778813,-0.141308675333027,-0.169364212812947
TMS20F1593P0014,-0.0280555374799205,0.0377111793096537,0,6578,1,2329,-0.280380099691462,0.0747191597748726,-0.242668920381808,-0.270724457861729
TMS20F1593P0016,-0.0280555374799205,0.0881336803159096,0,6579,1,2330,-0.373734495872741,0.073924584738146,-0.285600815556831,-0.313656353036752
TMS20F1593P0017,-0.0280555374799205,0.0972955507806991,0,6603,1,2353,-0.228076954427249,0.0817389080722902,-0.13078140364655,-0.15883694112647
TMS20F1593P0018,-0.0280555374799205,0.0779480705915463,0,6609,1,2359,-0.176806922388709,0.0759984865937222,-0.0988588517971624,-0.126914389277083
TMS20F1593P0031,-0.0280555374799205,0.0434187926611133,0,6597,1,2348,-0.0395093605926915,0.0766966485733542,0.00390943206842188,-0.0241461054114986
TMS20F1595P0010,-0.0280555374799205,0.0965703191785886,0,6569,1,2320,-0.0609057253056585,0.077010575559956,0.0356645938729301,0.00760905639300962
TMS20F1595P0033,-0.0280555374799205,0.266693156803553,0,6614,1,2364,0.317137769018087,0.0885492127893407,0.58383092582164,0.555775388341719
TMS20F1597P0033,-0.0280555374799205,0.140556145095171,0,6877,1,2626,-0.0116979926787143,0.0787141729532227,0.128858152416457,0.100802614936536
TMS20F1597P0035,-0.0280555374799205,0.130107703496529,0,6789,1,2539,0.246548091067475,0.0790865681082774,0.376655794564004,0.348600257084084
TMS20F1597P0036,-0.0280555374799205,0.160574692469079,0,6742,1,2492,0.0474760426951379,0.0814334372549975,0.208050735164217,0.179995197684297
TMS20F1597P0052,-0.0280555374799205,0.176726291151117,0,6731,1,2481,0.185195580267034,0.0825994694383482,0.361921871418152,0.333866333938231
TMS20F1597P0054,-0.0280555374799205,0.138525954026294,0,6720,1,2470,-0.203178686094622,0.0819050039584295,-0.0646527320683281,-0.0927082695482486
TMS20F1597P0055,-0.0280555374799205,0.199476150966722,0,6737,1,2487,0.0195996408419129,0.0821410738818254,0.219075791808635,0.191020254328714
TMS20F1597P0057,-0.0280555374799205,0.159648508572175,0,6752,1,2502,0.298939309017408,0.0866101075367385,0.458587817589583,0.430532280109663
TMS20F1597P0066,-0.0280555374799205,0.147522483723123,0,6827,1,2577,0.120516250696026,0.0752154966904375,0.268038734419149,0.239983196939228
TMS20F1597P0070,-0.0280555374799205,0.193740243777217,0,6802,1,2552,0.214443258097604,0.0876703038911287,0.408183501874822,0.380127964394901
TMS20F1597P0071,-0.0280555374799205,0.138301783785369,0,6876,1,2625,0.138638230810959,0.0774977646277926,0.276940014596328,0.248884477116407
TMS20F1598P0004,-0.0280555374799205,0.129994895198085,0,6586,1,2337,-0.22870578093385,0.0774500536170073,-0.0987108857357649,-0.126766423215685
TMS20F1599P0011,-0.0280555374799205,0.197783935218705,0,6557,1,2308,0.0232919009987215,0.0835880237461465,0.221075836217427,0.193020298737506
TMS20F1600P0015,-0.0280555374799205,0.17572667603313,0,6604,1,2354,0.037933845206681,0.0855133182803157,0.213660521239811,0.18560498375989
TMS20F1601P0015,-0.0280555374799205,0.262991524606617,0,6566,1,2317,0.426219606655329,0.0908310339982369,0.689211131261946,0.661155593782025
TMS20F1607P0007,-0.0280555374799205,0.197838509361996,0,6798,1,2548,0.188276657708947,0.0841445620191675,0.386115167070943,0.358059629591022
TMS20F1607P0010,-0.0280555374799205,0.206966541018067,0,6593,1,2344,0.349659002699413,0.0783646137051027,0.55662554371748,0.528570006237559
TMS20F1609P0004,-0.0280555374799205,0.0867299803153644,0,6757,1,2507,0.661412485398104,0.0743750505528252,0.748142465713469,0.720086928233548
TMS20F1609P0005,-0.0280555374799205,0.150463456153515,0,6758,1,2508,0.18981262589394,0.0758676710706152,0.340276082047455,0.312220544567534
TMS20F1609P0018,-0.0280555374799205,0.195143899334394,0,6778,1,2528,0.359466225648003,0.0833688704688962,0.554610124982397,0.526554587502476
TMS20F1609P0047,-0.0280555374799205,0.119164579431161,0,6892,1,2641,0.368871726358156,0.0763518149801675,0.488036305789317,0.459980768309396
TMS20F1609P0048,-0.0280555374799205,0.162742248416762,0,6875,1,2624,0.17989467030851,0.0743194257591291,0.342636918725271,0.314581381245351
TMS20F1609P0049,-0.0280555374799205,0.0331890765512806,0,6780,1,2530,-0.107849747869786,0.0744667936575006,-0.0746606713185051,-0.102716208798426
TMS20F1609P0056,-0.0280555374799205,0.121530613876435,0,6740,1,2490,0.341826663312554,0.0778791416934302,0.463357277188989,0.435301739709068
TMS20F1609P0057,-0.0280555374799205,0.164733123550635,0,6832,1,2582,0.330980299631802,0.0788935671931677,0.495713423182437,0.467657885702517
TMS20F1610P0008,-0.0280555374799205,0.133074011965859,0,6829,1,2579,0.164441188369021,0.0725656717305943,0.29751520033488,0.26945966285496
TMS20F1610P0011,-0.0280555374799205,0.137618485853906,0,6834,1,2584,0.0255885946236091,0.0732813906783849,0.163207080477515,0.135151542997594
TMS20F1610P0021,-0.0280555374799205,0.149136162894294,0,6716,1,2466,-0.0312110846886414,0.0739701085946865,0.117925078205652,0.0898695407257318
TMS20F1610P0032,-0.0280555374799205,0.106325041668127,0,6730,1,2480,-0.00763681234775319,0.0739278763981802,0.0986882293203736,0.0706326918404531
TMS20F1610P0034,-0.0280555374799205,0.0948080413393892,0,6726,1,2476,0.136382953365393,0.0763459320332691,0.231190994704782,0.203135457224862
TMS20F1610P0057,-0.0280555374799205,0.100744968486723,0,6781,1,2531,0.0454432131019398,0.0698789601885982,0.146188181588663,0.118132644108742
TMS20F1611P0018,-0.0280555374799205,0.156400304758592,0,6869,1,2618,0.283404917249002,0.0745972052627094,0.439805222007594,0.411749684527673
TMS20F1611P0057,-0.0280555374799205,0.13501643172373,0,6736,1,2486,0.0440076040949077,0.0787800088556198,0.179024035818638,0.150968498338718
TMS20F1611P0058,-0.0280555374799205,0.142777218537616,0,6856,1,2606,0.290819179861012,0.0741105398851043,0.433596398398629,0.405540860918708
TMS20F1612P0006,-0.0280555374799205,0.0875501954011689,0,6790,1,2540,0.291069416282909,0.0807821817441753,0.378619611684078,0.350564074204158
TMS20F1613P0004,-0.0280555374799205,0.120211175714308,0,6607,1,2357,-0.0995020413568999,0.0770419176749741,0.0207091343574082,-0.00734640312251228
TMS20F1613P0027,-0.0280555374799205,0.14856956043543,0,6620,1,2370,0.0215367078356546,0.0857818969970431,0.170106268271085,0.142050730791164
TMS20F1613P0032,-0.0280555374799205,0.171800662579176,0,6563,1,2314,0.163901648928354,0.0872286933002874,0.335702311507529,0.307646774027609
TMS20F1613P0039,-0.0280555374799205,0.0915629091468969,0,6622,1,2372,-0.0424901274760782,0.0837094498520249,0.0490727816708187,0.0210172441908982
TMS20F1613P0054,-0.0280555374799205,0.142928186368865,0,6589,1,2340,0.0426911917835834,0.0856527435049941,0.185619378152449,0.157563840672528
TMS20F1614P0015,-0.0280555374799205,0.205806818894435,0,6724,1,2474,0.17937265025894,0.0807987126155447,0.385179469153376,0.357123931673455
TMS20F1617P0040,-0.0280555374799205,0.149068265228699,0,6882,1,2631,0.343060507595035,0.0801815499148591,0.492128772823734,0.464073235343813
TMS20F1618P0037,-0.0280555374799205,0.14511030637227,0,6808,1,2558,0.234187122354372,0.0728636931047596,0.379297428726642,0.351241891246721
TMS20F1619P0004,-0.0280555374799205,0.0206769086598453,0,6801,1,2551,0.156301154188155,0.0755163518301553,0.176978062848001,0.14892252536808
TMS20F1619P0016,-0.0280555374799205,0.0204725271510709,0,6841,1,2591,-0.148551683517379,0.0741256621413967,-0.128079156366309,-0.156134693846229
TMS20F1619P0017,-0.0280555374799205,0.0111366502432856,0,6815,1,2565,-0.0994909913836786,0.0702177836287629,-0.088354341140393,-0.116409878620313
TMS20F1619P0029,-0.0280555374799205,0.0422901135260424,0,6867,1,2616,-0.0609077142773053,0.07272036988498,-0.0186176007512629,-0.0466731382311834
TMS20F1619P0034,-0.0280555374799205,0.0587589089723661,0,6719,1,2469,-0.11182832199088,0.0702510888018805,-0.0530694130185134,-0.0811249504984339
TMS20F1619P0056,-0.0280555374799205,0.0160422337203524,0,6783,1,2533,-0.128123341560477,0.0788652618181178,-0.112081107840124,-0.140136645320045
TMS20F1619P0058,-0.0280555374799205,-0.00744040957879813,0,6803,1,2553,-0.076380611971292,0.0695610677667772,-0.0838210215500901,-0.111876559030011
TMS20F1619P0070,-0.0280555374799205,-0.00652355613346017,0,6793,1,2543,-0.0573319953112043,0.0748792930431438,-0.0638555514446645,-0.0919110889245849
TMS20F1620P0017,-0.0280555374799205,0.0254922924571215,0,6786,1,2536,0.0855105858706705,0.0736150381745589,0.111002878327792,0.0829473408478715
TMS20F1620P0035,-0.0280555374799205,0.0620257990958937,0,6853,1,2603,0.0016140534541756,0.081414986979796,0.0636398525500693,0.0355843150701488
TMS20F1620P0043,-0.0280555374799205,-0.0292664903968797,0,6817,1,2567,-0.252383872968262,0.0758508934893239,-0.281650363365141,-0.309705900845062
TMS20F1620P0045,-0.0280555374799205,0.0238298914336814,0,6838,1,2588,-0.0737384636401716,0.0769843767355652,-0.0499085722064902,-0.0779641096864106
TMS20F1621P0001,-0.0280555374799205,0.0839101834080209,0,6612,1,2362,-0.0387314617159056,0.0810903375643258,0.0451787216921152,0.0171231842121948
TMS20F1621P0005,-0.0280555374799205,0.101991817287785,0,6616,1,2366,-0.0483999866997783,0.0794282225664861,0.0535918305880071,0.0255362931080866
TMS20F1623P0017,-0.0280555374799205,0.119969977175387,0,6608,1,2358,0.202475163530383,0.0826296388414021,0.32244514070577,0.29438960322585
TMS20F1623P0019,-0.0280555374799205,0.100043449651439,0,6809,1,2559,-0.000482349783236462,0.0827440400387866,0.0995610998682024,0.0715055623882819
TMS20F1624P0006,-0.0280555374799205,0.104213490060173,0,6812,1,2562,0.00324702180534833,0.0775197409663398,0.107460511865521,0.0794049743856008
TMS20F1625P0004,-0.0280555374799205,0.0918961069696237,0,6866,1,2615,0.00819339900794447,0.0780137189829468,0.100089505977568,0.0720339684976477
TMS20F1625P0017,-0.0280555374799205,0.113989331524543,0,6884,1,2633,0.256468583073759,0.0778595198257042,0.370457914598302,0.342402377118382
TMS20F1628P0001,-0.0280555374799205,0.214935159478512,0,6893,1,2642,0.0579512471425623,0.0868917680540505,0.272886406621074,0.244830869141153
TMS20F1628P0005,-0.0280555374799205,0.197574644570791,0,6580,1,2331,0.396805562995644,0.082568563488877,0.594380207566436,0.566324670086515
TMS20F1630P0020,-0.0280555374799205,0.124934264686467,0,6813,1,2563,0.245091390744956,0.0813816472876101,0.370025655431423,0.341970117951503
TMS20F1630P0023,-0.0280555374799205,0.0881851985928094,0,6787,1,2537,0.240384532870826,0.0840077282922011,0.328569731463635,0.300514193983715
TMS20F1630P0034,-0.0280555374799205,0.134232084497505,0,6592,1,2343,0.386401848418616,0.0805025082443964,0.520633932916121,0.492578395436201
TMS20F1630P0048,-0.0280555374799205,0.124782472102899,0,6881,1,2630,0.0926927062047475,0.0812656805300533,0.217475178307647,0.189419640827726
TMS20F1631P0020,-0.0280555374799205,0.228545783981948,0,6629,1,2379,0.0982320571441918,0.0874492942781405,0.326777841126139,0.298722303646219
TMS20F1633P0009,-0.0280555374799205,0.0518810300799472,0,6878,1,2627,-0.0102398017555413,0.0845153406229263,0.0416412283244059,0.0135856908444855
TMS20F1634P0006,-0.0280555374799205,0.132376127644212,0,6602,1,2352,0.180033854016333,0.0794354219116201,0.312409981660545,0.284354444180625
TMS20F1634P0016,-0.0280555374799205,0.0818413366388662,0,6890,1,2639,0.101971009119154,0.0821123926742228,0.18381234575802,0.1557568082781
TMS20F1634P0022,-0.0280555374799205,0.116487698544578,0,6721,1,2471,0.169419572674591,0.0786343716010073,0.285907271219169,0.257851733739249
TMS20F1635P0002,-0.0280555374799205,0.203116330380829,0,6585,1,2336,0.198559639309594,0.0848389840138093,0.401675969690423,0.373620432210502
TMS20F1636P0019,-0.0280555374799205,0.0191256488174294,0,6864,1,2613,0.198154737183502,0.0781480744328405,0.217280386000931,0.189224848521011
TMS20F1636P0030,-0.0280555374799205,0.0770351154751398,0,6894,1,2643,0.167901265503888,0.0744611095657866,0.244936380979028,0.216880843499107
TMS20F1637P0004,-0.0280555374799205,0.122350230207539,0,6826,1,2576,0.469154417381623,0.0810008700621182,0.591504647589162,0.563449110109242
TMS20F1639P0019,-0.0280555374799205,0.20800772991045,0,6840,1,2590,0.0149327976992772,0.0852658676693324,0.222940527609727,0.194884990129806
TMS20F1643P0005,-0.0280555374799205,0.280249638656746,0,6628,1,2378,0.276665297829097,0.0867472965300301,0.556914936485843,0.528859399005923
TMS20F1643P0016,-0.0280555374799205,0.2838019623743,0,6836,1,2586,0.415003412105853,0.0842953681336524,0.698805374480154,0.670749837000233
TMS20F1644P0065,-0.0280555374799205,0.0651141074274637,0,6833,1,2583,0.104904547027526,0.0742924623126265,0.170018654454989,0.141963116975069
TMS20F1645P0008,-0.0280555374799205,0.12399686553393,0,6835,1,2585,0.201705091270942,0.0820682720234989,0.325701956804872,0.297646419324951
TMS20F1645P0046,-0.0280555374799205,0.116611479367411,0,6839,1,2589,0.151525581734317,0.0821067687462784,0.268137061101728,0.240081523621808
TMS20F1650P0012,-0.0280555374799205,0.149963976426207,0,6599,1,2350,0.0561396633166223,0.0840067034414888,0.206103639742829,0.178048102262909
TMS20F1652P0009,-0.0280555374799205,0.243956404374327,0,6816,1,2566,0.385226093415027,0.0846850046556996,0.629182497789354,0.601126960309434
TMS20F1652P0019,-0.0280555374799205,0.251753577577202,0,6865,1,2614,0.362365091664862,0.0889053269268473,0.614118669242064,0.586063131762144
TMS20F1654P0002,-0.0280555374799205,0.190083318941436,0,6854,1,2604,-0.0342244062502343,0.0825727391710417,0.155858912691202,0.127803375211281
TMS20F1656P0001,-0.0280555374799205,0.274246044949437,0,6799,1,2549,0.110035491191588,0.0857605137736974,0.384281536141025,0.356225998661104
TMS20F1656P0002,-0.0280555374799205,0.277515318450164,0,6744,1,2494,0.252362691039761,0.0843890175822601,0.529878009489925,0.501822472010004
TMS20F1656P0011,-0.0280555374799205,0.274984505072951,0,6871,1,2620,0.132418021352597,0.0796480018509729,0.407402526425548,0.379346988945627
TMS20F1656P0025,-0.0280555374799205,0.270085850434111,0,6886,1,2635,0.239379490541269,0.0863000105948721,0.50946534097538,0.48140980349546
TMS20F1656P0040,-0.0280555374799205,0.330059964063757,0,6843,1,2593,0.0590831691981833,0.0900685714457958,0.38914313326194,0.36108759578202
TMS20F1657P0016,-0.0280555374799205,0.0913218601046452,0,6821,1,2571,0.0550686405188561,0.0787586411351837,0.146390500623501,0.118334963143581
TMS20F1658P0006,-0.0280555374799205,0.0571240497102574,0,6874,1,2623,0.0863788553253285,0.0736486206903975,0.143502905035586,0.115447367555665
TMS20F1658P0007,-0.0280555374799205,0.0570788415025637,0,6732,1,2482,-0.066922943348747,0.0747364800876237,-0.00984410184618333,-0.0378996393261038
TMS20F1667P0007,-0.0280555374799205,0.0830808428909852,0,6837,1,2587,0.172789147023306,0.0793448132014397,0.255869989914292,0.227814452434371
TMS20F1667P0014,-0.0280555374799205,0.104903229368805,0,6852,1,2602,0.0279585627519919,0.0783306407960396,0.132861792120797,0.104806254640877
TMS20F1672P0008,-0.0280555374799205,0.222845713912361,0,6883,1,2632,0.222092928415496,0.0843514372732924,0.444938642327857,0.416883104847937
TMS20F1673P0008,-0.0280555374799205,0.267899175404931,0,6862,1,2611,0.319785044082162,0.0894827923519611,0.587684219487093,0.559628682007172
TMS20F1673P0012,-0.0280555374799205,0.275693143151748,0,6880,1,2629,0.348002854838318,0.0897303882210755,0.623695997990065,0.595640460510145
TMS20F1673P0023,-0.0280555374799205,0.231433688434951,0,6845,1,2595,0.357601549103638,0.0871273150115519,0.589035237538589,0.560979700058668
TMS20F1676P0005,-0.0280555374799205,0.180558173421947,0,6810,1,2560,0.181165615361776,0.0862781448095638,0.361723788783723,0.333668251303802
TMS20F1676P0008,-0.0280555374799205,0.146367875793881,0,6889,1,2638,0.292073636359273,0.0822280446992736,0.438441512153154,0.410385974673233
TMS20F1677P0003,-0.0280555374799205,0.226572923854017,0,6573,1,2324,0.108967806237772,0.0807029973169655,0.335540730091789,0.307485192611868
TMS20F1679P0018,-0.0280555374799205,0.271350770660647,0,6820,1,2570,0.0451392982900647,0.084795652522577,0.316490068950712,0.288434531470792
TMS20F1679P0033,-0.0280555374799205,0.304886193698152,0,6630,1,2380,0.215874372261724,0.083136370223186,0.520760565959876,0.492705028479955
TMS20F1679P0035,-0.0280555374799205,0.268996070775842,0,6594,1,2345,0.180949516282362,0.0904992150210828,0.449945587058204,0.421890049578284
TMS20F1679P0036,-0.0280555374799205,0.269663408579027,0,6600,1,2351,0.188408440579083,0.0794987561667107,0.45807184915811,0.430016311678189
TMS20F1679P0037,-0.0280555374799205,0.267291834102867,0,6571,1,2322,0.361161867382314,0.090383114117832,0.628453701485181,0.600398164005261
TMS20F1681P0001,-0.0280555374799205,0.235470253940355,0,6879,1,2628,0.268141570405623,0.075885362146257,0.503611824345978,0.475556286866057
TMS20F1681P0002,-0.0280555374799205,0.272737354684682,0,6868,1,2617,0.304860067369874,0.0844537293511076,0.577597422054556,0.549541884574635
TMS20F1681P0006,-0.0280555374799205,0.244752069052958,0,6855,1,2605,0.276136590093122,0.0774983578499542,0.520888659146081,0.49283312166616
TMS20F1681P0015,-0.0280555374799205,0.280088416200595,0,6842,1,2592,0.184744270528788,0.0813938594836974,0.464832686729383,0.436777149249463
TMS20F1681P0036,-0.0280555374799205,0.266073450339951,0,7306,1,3008,0.32928606950353,0.0799413407528594,0.595359519843481,0.567303982363561
TMS20F1681P0062,-0.0280555374799205,0.267174003703738,0,6860,1,2609,0.46178138612142,0.0787630437052141,0.728955389825158,0.700899852345237
TMS20F1681P0076,-0.0280555374799205,0.247726288567089,0,6805,1,2555,0.359682751310097,0.0752665917890115,0.607409039877186,0.579353502397265
TMS20F1681P0083,-0.0280555374799205,0.282869493016746,0,6621,1,2371,0.21427612783179,0.0816360577651929,0.497145620848537,0.469090083368616
TMS20F1681P0087,-0.0280555374799205,0.277058708213293,0,6858,1,2608,0.149239046884459,0.0793032107878987,0.426297755097752,0.398242217617831
TMS20F1681P0095,-0.0280555374799205,0.26540930498102,0,6863,1,2612,0.114235008048809,0.0832304591545198,0.379644313029828,0.351588775549908
TMS20F1681P0099,-0.0280555374799205,0.27281612016352,0,6784,1,2534,0.124949893711774,0.0813160644512999,0.397766013875293,0.369710476395373
TMS20F1681P0132,-0.0280555374799205,0.296249190152146,0,6851,1,2601,0.0834322622531749,0.0878650962416695,0.379681452405321,0.351625914925401
TMS20F1683P0025,-0.0280555374799205,0.219054372541432,0,6556,1,2307,0.19694664840203,0.0898037541858937,0.416001020943462,0.387945483463541
TMS20F1684P0002,-0.0280555374799205,0.0408641541491274,0,6605,1,2355,0.0522509933277696,0.0818751791560412,0.0931151474768969,0.0650596099969765
TMS20F1684P0004,-0.0280555374799205,0.0287633957567936,0,6584,1,2335,0.119154118320041,0.0798993163098185,0.147917514076835,0.119861976596914
TMS20F1684P0013,-0.0280555374799205,0.0269017048553992,0,6560,1,2311,0.0558314538463754,0.0809664862863009,0.0827331587017746,0.0546776212218542
TMS20F1684P0015,-0.0280555374799205,0.000471463920123982,0,6575,1,2326,0.143151643470566,0.0848231163583818,0.14362310739069,0.11556756991077
TMS20F1684P0021,-0.0280555374799205,0.0447361644225632,0,6615,1,2365,-0.0896652061781753,0.0782955851188395,-0.0449290417556121,-0.0729845792355326
TMS20F1684P0027,-0.0280555374799205,0.0261170573301643,0,6570,1,2321,0.0819748740171804,0.0810678015093236,0.108091931347345,0.0800363938674243
TMS20F1684P0030,-0.0280555374799205,0.0602314689180614,0,6806,1,2556,-0.18584696000182,0.0844838010216232,-0.125615491083758,-0.153671028563679
TMS20F1684P0035,-0.0280555374799205,0.0373734738655298,0,6847,1,2597,0.0958305940119861,0.0789895522080804,0.133204067877516,0.105148530397595
TMS20F1684P0039,-0.0280555374799205,0.00766974869535252,0,6618,1,2368,-0.0648004895697057,0.0871264851028968,-0.0571307408743532,-0.0851862783542737
TMS20F1684P0040,-0.0280555374799205,0.0529244212990603,0,6591,1,2342,-0.157110205443558,0.0807490819634784,-0.104185784144498,-0.132241321624418
TMS20F1685P0011,-0.0280555374799205,0.100752187195885,0,6561,1,2312,-0.0786026413244814,0.0825313362662444,0.022149545871404,-0.00590599160851644
TMS20F1685P0032,-0.0280555374799205,0.0513194698976316,0,6558,1,2309,-0.168982111678196,0.0833540865828753,-0.117662641780565,-0.145718179260485
TZ-130,-0.0280555374799205,0.106436669876916,0,6486,1,2239,-0.10720375665595,0.0825552759722567,-0.000767086779033241,-0.0288226242589537
