,het.snp,maf,r
2,0.482270459754618,0.373803424565188,0.980155283170256
6,0.234326547121478,0.130915464473507,-0.114260225213216
10,0.104220035054604,0.0557503033571525,-0.204612806308555
16,0.106242416071188,0.0566266684643387,0.963049226520373
17,0.10678171767561,0.0577052716731832,0.904089366805404
24,0.121882162599434,0.0653903195362007,-0.18998596856577
31,0.407577187542133,0.292099231495214,0.875724706830062
32,0.454631252527976,0.34043413779156,0.999392026157056
35,0.408925441553189,0.29007685047863,-0.179378368404249
53,0.175138196036133,0.0999730349197789,-0.249238859033216
59,0.438587029796414,0.313671295672105,-0.393652855899893
61,0.332883915329648,0.219832816502629,0.996004041465388
64,0.353242550896589,0.226911150060671,0.997293038672564
67,0.530807604152622,0.45955237966833,-0.31640888257274
68,0.194957529998652,0.108129971686666,0.632171046707064
77,0.255898611298369,0.146150734798436,-0.173039189614671
93,0.328704327895376,0.212080355939059,0.99980158822081
94,0.328839153296481,0.212147768639612,1
103,0.23122556289605,0.133679385196171,1
106,0.450182014291493,0.346164217338547,0.954296533180929
107,0.461102871781044,0.362141027369556,0.980124867627367
108,0.45665363354456,0.357489551031414,0.718823653225516
113,0.310502898746124,0.190171228259404,0.996921751905037
115,0.348928138061211,0.219495752999865,0.999399084644224
119,0.233787245517055,0.12929755966024,0.940105312453277
128,0.440070109208575,0.30119994606984,0.594030375294929
130,0.278144802480787,0.176284211945531,0.998886081063008
137,0.172846164217339,0.0941081299716867,-0.0943778778292685
139,0.173520291222866,0.0940407172711338,-0.179960962697898
141,0.327086423082109,0.203047054064986,0.805672703201322
142,0.251179722259674,0.148645004718889,0.992075986036271
155,0.398004584063638,0.267358770392342,-0.140458004784714
157,0.0920857489551031,0.0519751921261966,-0.20180888651356
162,0.475529189699339,0.444991236348928,0.743795514735767
166,0.480787380342456,0.419306997438317,0.991282259719876
170,0.24309019819334,0.138937575839288,0.989408980484163
193,0.48038290413914,0.416812727517864,-0.845842611249691
194,0.484427666172307,0.496224888769044,0.615248938883547
197,0.400701092085749,0.267898071996764,0.991275644233542
200,0.232978293110422,0.135904004314413,-0.222514568995323
206,0.359579344748551,0.221450721315896,-0.231826921052187
207,0.298638263448834,0.184913037616287,0.773331308477276
214,0.2929755966024,0.178845894566536,0.742962099471478
218,0.435620870972091,0.33632196305784,0.866695713195287
224,0.387353377376298,0.276055008763651,0.797058229280175
227,0.240932991775651,0.139746528245921,-0.174147764209383
228,0.314412835378185,0.198867466630713,0.958697382548586
229,0.325333692867736,0.209720911419711,0.678225964649271
231,0.362006201968451,0.243696912498315,0.756546027225773
235,0.427531346905757,0.314749898880949,0.999225760345957
244,0.416880140218417,0.294997977618983,0.995774774540509
255,0.322906835647836,0.205136847782122,1
263,0.497910206282864,0.443373331535661,-0.462306456742113
269,0.405150330322233,0.321356343535122,1
287,0.438047728191991,0.340097074288796,-0.519790236162433
291,0.410543346366455,0.305446946204665,0.999384355771998
297,0.298098961844411,0.187205069435082,1
315,0.0846703518942969,0.0473237157880545,-0.115787792111305
321,0.344883376028044,0.226102197654038,0.999810153849622
326,0.344613725225833,0.226102197654038,0.973794689685571
328,0.336119724956182,0.227383038964541,0.998898842121183
330,0.336389375758393,0.227787515167858,0.971224661980848
332,0.143723877578536,0.0756370500202238,-0.119310455676953
348,0.411217473371983,0.287043278953755,0.999338028064116
352,0.349737090467844,0.222461911824188,0.997642534125486
356,0.488607253606579,0.499258460293919,-0.679936089056862
361,0.492921666441958,0.498988809491708,-0.459919917742984
363,0.297424834838884,0.184575974113523,-0.319169315942332
366,0.0912767965484697,0.051840366725091,0.970304840829309
367,0.0875016853175138,0.049952811109613,0.775865970608978
380,0.120803559390589,0.069030605366051,0.450221427650873
385,0.154914385870298,0.0922879870567614,0.943851110424223
387,0.165565592557638,0.0984225428070649,0.990379485491065
401,0.0555480652554941,0.0289874612376971,-0.0850006112246235
404,0.0481326681946879,0.0254145881083996,1
416,0.520156397465282,0.453417823918026,0.606578569017276
420,0.310368073345018,0.205473911284886,-0.157990340547288
425,0.458001887555615,0.404273965215047,1
432,0.144398004584064,0.0773223675340434,-0.0747756475448243
437,0.489551031414318,0.480450316839693,0.396632896114775
446,0.148847242820547,0.0806255898611299,-0.0512504653268402
462,0.480248078738034,0.372927059458002,0.936369823192747
463,0.458406363758932,0.343804772819199,0.850155802475964
471,0.45085614129702,0.331670486719698,0.999690685999639
475,0.441553188620736,0.324322502359444,-0.285422302249329
476,0.263583659161386,0.157543481191857,-0.364977491344563
477,0.49467439665633,0.407240124039369,-0.364184560604099
481,0.412430901981933,0.283874882027774,0.998654260616327
484,0.477821221518134,0.418902521235001,-0.672553295314617
485,0.45665363354456,0.378252662801672,-0.3891926320707
486,0.324389915059997,0.201563974652825,-0.318552980173953
497,0.427666172306863,0.332614264527437,0.998975075133758
521,0.199002292031819,0.113253336928677,-0.175594974451754
528,0.190238640959957,0.109275987596063,1
537,0.339894836187138,0.217540784683834,-0.103293671025781
541,0.200620196845086,0.112714035324255,0.999323928973883
543,0.376567345287852,0.25448294458676,0.941496458906436
552,0.256572738303896,0.156599703384118,0.611865727346592
554,0.149656195227181,0.0891195901307806,0.556526731490046
562,0.487393824996629,0.465754348119186,0.438694744869007
583,0.317648645004719,0.203856006471619,-0.245289962990427
584,0.267628421194553,0.163475798840502,-0.192565647200843
590,0.39274639342052,0.271066468922745,0.999321823193811
592,0.470540649858433,0.368073345018201,0.998973512710701
602,0.278549278684104,0.170284481596333,0.703312657138493
605,0.158824322502359,0.0923553997573143,-0.186314599085501
606,0.334232169340704,0.215518403667251,0.237458762694261
609,0.267223944991236,0.165026290953216,0.997148781858764
610,0.267763246595659,0.165026290953216,0.799377929232557
626,0.0928947013617366,0.0545368747472024,-0.114051991845052
630,0.469057570446272,0.398206822165296,0.99766031527602
633,0.439395982203047,0.317041930699744,0.83972378674942
641,0.13051098827019,0.073075367399218,-0.1231742252315
643,0.334636645544021,0.211406228933531,-0.334151151573354
644,0.369556424430363,0.247741674531482,0.407651790627343
646,0.447620331670487,0.330322232708642,0.586847304001306
652,0.50775246056357,0.445732776055009,0.780663118067018
655,0.335175947148443,0.212889308345692,0.997184258737484
669,0.256842389106108,0.150262909532156,0.810841738412817
671,0.150195496831603,0.0796818120533909,-0.128112652609922
685,0.254011055682891,0.150734798436025,0.988205983052562
689,0.47916947552919,0.433733315356613,-0.390321535188781
690,0.29661588243225,0.179991910475934,-0.340763843848938
725,0.0750977484158015,0.0395712552244843,-0.188314631339611
728,0.503707698530403,0.493730618848591,-0.148630900661677
732,0.0748280976135904,0.0394364298233787,-0.0143747538707738
755,0.441418363219631,0.359983820951867,-0.310841737616187
759,0.441283537818525,0.360455709855737,-0.467945608447301
764,0.363219630578401,0.235405150330322,0.0515705826034937
771,0.477551570715923,0.404880679520022,-0.601427526548522
783,0.118781178374006,0.0692328434677093,1
784,0.118781178374006,0.0692328434677093,1
794,0.140622893353108,0.0770527167318322,1
800,0.139813940946474,0.0765134151274101,-0.289299430767406
803,0.139679115545369,0.0768504786301739,-0.218955761418549
807,0.39153296481057,0.295806930025617,-0.284619740949551
808,0.280167183497371,0.165430767156532,-0.0713982697203002
811,0.280167183497371,0.165565592557638,-0.133359354665196
823,0.137656734528785,0.075569637319671,1
845,0.138465686935419,0.0763785897263044,0.987738016231076
847,0.493326142645274,0.466563300525819,0.99932896035113
856,0.431441283537819,0.343939598220305,-0.0374409986420183
857,0.391398139409465,0.280369421599029,0.476912730045582
868,0.373466361062424,0.258190643117163,0.854674579128269
880,0.311042200350546,0.194215990292571,-0.12629113448712
887,0.372252932452474,0.256774976405555,-0.163209344251994
896,0.469327221248483,0.3789267898072,0.337373717142455
900,0.315626263988135,0.196777672913577,0.530744135489813
901,0.498853984090603,0.465956586220844,-0.248445141747008
914,0.450047188890387,0.353107725495483,-0.435028767084086
915,0.343400296615882,0.248280976135904,-0.286145311484066
931,0.480517729540245,0.47337198328165,-0.82165532315374
945,0.0357287312929756,0.0188081434542268,-0.00815215097198102
946,0.156532290683565,0.0854118916003775,0.500933719004896
950,0.143723877578536,0.0786032088445463,-0.0322669616327123
953,0.141027369556424,0.0772549548334907,-0.161558881247322
957,0.394768774437104,0.259538897128219,-0.559931255223561
978,0.403802076311177,0.291559929890791,0.977647272767944
979,0.414992584602939,0.297694485641095,0.871016846312754
981,0.146824861803964,0.0819064311716328,0.97216688046838
993,0.406228933531077,0.276055008763651,0.643555561042772
998,0.484562491573412,0.4116219495753,-0.396974831072939
1003,0.404341377915599,0.282931104220035,0.872237391640768
1005,0.0333018740730754,0.0175947148442767,-0.0864886073720109
1008,0.311581501954968,0.194215990292571,1
1015,0.127140353242551,0.0734124309019819,1
1027,0.456249157341243,0.375084265875691,0.996357024316314
1036,0.429284077120129,0.327760550087636,0.999552620690553
1038,0.145206956990697,0.0792099231495214,1
1044,0.145072131589591,0.0795469866522853,0.291482693884233
1046,0.491977888634219,0.457934474855063,0.292164490621413
1050,0.357422138330862,0.242213833086153,-0.285168124234806
1054,0.145072131589591,0.0792773358500741,-0.0454362993406564
1059,0.314143184575974,0.199137117432924,0.999583673789031
1066,0.316165565592558,0.199743831737899,-0.136592003890549
1069,0.144667655386275,0.0793447485506269,1
1079,0.0934340029661588,0.0504921127140353,0.992475518173057
1082,0.0939733045705811,0.0490090333018741,0.99709455840124
1095,0.0947822569772145,0.0494135095051907,0.347221287503584
1099,0.0919509235539976,0.0481326681946879,0.989661830505529
1102,0.142645274369691,0.0777942564379129,0.993972779046203
1108,0.143858702979641,0.078400970742888,1
1110,0.143184575974114,0.0783335580423352,0.982318954070456
1113,0.385061345557503,0.247269785627612,-0.252484040350255
1114,0.248348388836457,0.146420385600647,0.513998653732996
1116,0.248348388836457,0.146420385600647,0.998928566675997
1119,0.490359983820952,0.387960091681273,0.974824651213638
1122,0.47916947552919,0.38789267898072,0.999713436748435
1130,0.470675475259539,0.35883780504247,0.56126657839284
1137,0.425374140488068,0.302076311177026,0.68415728633615
1152,0.314952136982608,0.208305244708103,0.999608790246844
1194,0.301469596872051,0.191586894971013,-0.18725484170638
1197,0.448564109478226,0.354523392207092,0.483810106176528
1210,0.311716327356074,0.197384387218552,0.994791272341583
1232,0.396925980854793,0.259538897128219,0.997281105282525
1234,0.187946609141162,0.106916543076716,-0.18090309803021
1242,0.48038290413914,0.415329648105703,0.837539836199471
1243,0.455170554132399,0.343669947418094,0.99894533808613
1247,0.503438047728192,0.465147633814211,0.983922329682373
1255,0.498449507887286,0.436632061480383,0.998198112561376
1273,0.48159633274909,0.417823918026156,0.121932261482793
1274,0.284886072536066,0.171969799110152,-0.338626315520792
1277,0.455979506539032,0.408251314547661,0.387679032069286
1280,0.486854523392207,0.438384791694755,0.119535254450672
1284,0.164352163947688,0.0894566536335446,-0.117726234487814
1287,0.500202238101658,0.438317378994203,0.296813204940164
1292,0.177699878657139,0.0984225428070649,-0.270562948853698
1296,0.460563570176621,0.413644330591884,0.378856312335291
1302,0.164756640151004,0.0896588917352029,-0.184814637900611
1306,0.250910071457463,0.142577861669138,-0.100080126320508
1307,0.100444923823648,0.05278414453283,-0.100070880947966
1317,0.455305379533504,0.477214507213159,0.995899084237109
1318,0.457058109747876,0.478225697721451,0.35532998032771
1320,0.453957125522448,0.385937710664689,0.994962612975166
1326,0.45544020493461,0.385735472563031,-0.209970926270779
1340,0.247134960226507,0.141094782256977,0.999716373416719
1350,0.24915734124309,0.142510448968586,-0.301792506629732
1357,0.508696238371309,0.45739517325064,-0.25796390753789
1360,0.372522583254685,0.260415262235405,0.98769848649684
1366,0.232304166104894,0.130173924767426,-0.326701527430421
1369,0.299312390454362,0.178913307267089,0.99976622173637
1374,0.301604422273156,0.180059323176486,0.999533416779637
1376,0.487663475798841,0.495550761763516,-0.431818074524983
1389,0.417419441822839,0.292705945800189,0.999835885045155
1397,0.220709181609815,0.123432654712148,0.489102552630172
1401,0.407846838344344,0.296683295132803,-0.440311368452337
1418,0.429284077120129,0.33800728057166,-0.440297287953231
1419,0.399892139679116,0.268302548200081,0.990191642055259
1420,0.399352838074693,0.266954294189025,0.996129125206777
1433,0.399487663475799,0.267291357691789,-0.341931574337658
1437,0.341377915599299,0.240393690171228,0.999653529970913
1442,0.500741539706081,0.443171093434003,0.782554312253132
1443,0.422542807064851,0.331940137521909,-0.282226208585582
1459,0.341512741000404,0.24019145206957,-0.378368904416586
1461,0.436025347175408,0.304166104894162,-0.379214130013675
1487,0.458541189160038,0.384184980450317,0.895674318833905
1492,0.458001887555615,0.384319805851422,-0.46263041090488
1494,0.449912363489281,0.380275043818255,-0.458617496325599
1508,0.417284616421734,0.335243359848996,1
1509,0.417284616421734,0.335243359848996,-0.528845308924029
1525,0.396521504651476,0.289402723473102,0.994451300235438
1534,0.346636106242416,0.242753134690576,0.827392181265614
1542,0.473776459484967,0.436429823378725,0.999603673691622
1544,0.473506808682756,0.436160172576513,0.539044427044935
1547,0.347849534852366,0.244573277605501,0.998621740895159
1552,0.347040582445733,0.243629499797762,0.734122600488113
1553,0.449238236483754,0.386139948766348,0.998919617455784
1554,0.449238236483754,0.386409599568559,0.887628992941126
1564,0.302143723877579,0.185856815424026,-0.242236853955383
1565,0.294323850613456,0.204193069974383,0.639651912062722
1570,0.328839153296481,0.226439261156802,0.936556049053327
1571,0.293380072805717,0.203451530268303,0.994493255842159
1574,0.292301469596872,0.202642577861669,0.998096888060318
1580,0.290413913981394,0.201968450856141,0.999429186839118
1589,0.299986517459889,0.172509100714575,0.839010227884393
1613,0.352029122286639,0.250303357152488,0.998988298124432
1616,0.283133342321693,0.162869084535527,0.998203195610573
1628,0.310233247943913,0.217136308480518,-0.229838550600008
1631,0.309963597141702,0.217136308480518,0.96406179510574
1635,0.469462046649589,0.416206013212889,0.645680406154281
1649,0.47916947552919,0.395038425239315,-0.594699489149007
1652,0.312120803559391,0.216327356073884,0.962333157926319
1676,0.503707698530403,0.442496966428475,-0.572586134614789
1686,0.50411217473372,0.441350950519078,0.985404110027145
1691,0.422407981663745,0.314075771875421,0.999540533821866
1709,0.341917217203721,0.240393690171228,-0.0868088022746975
1710,0.0714574625859512,0.037481461507348,-0.0853525120655572
1716,0.366725091007146,0.262774706754753,0.920048395488077
1722,0.090872320345153,0.0489416206013212,0.984390547035212
1731,0.0817041930699744,0.0422003505460429,-0.0185017546968713
1736,0.479573951732506,0.448361871376567,0.61318483921069
1739,0.333018740730754,0.218417149791021,0.987536117571598
1744,0.326547121477686,0.228798705676149,-0.347001511112298
1761,0.389375758392881,0.260887151139275,1
1762,0.389375758392881,0.260887151139275,-0.35450887360382
1763,0.335850074153971,0.241000404476203,-0.442419606208256
1776,0.368073345018201,0.25374140488068,0.829682195296818
1779,0.467709316435216,0.482472697856276,0.999619259694639
1780,0.467574491034111,0.482540110556829,0.570980556157677
1787,0.452743696912498,0.468383443440744,0.982195494054241
1796,0.441957664824053,0.34528785223136,0.962782572126404
1809,0.0881758123230417,0.0451665093703654,0.998401219875486
1820,0.363354455979507,0.23075367399218,-0.309028676150852
1821,0.31791829580693,0.225023594445193,0.992786329772935
1826,0.397060806255899,0.293717136308481,-0.357075926100371
1830,0.417823918026156,0.344411487124174,-0.373461992517585
1841,0.472832681677228,0.487865713900499,-0.55192061302891
1843,0.336659026560604,0.243157610893892,-0.33124807753801
1850,0.448968585681542,0.325603343669947,0.99686538119726
1861,0.246326007819873,0.141499258460294,0.999155637007657
1862,0.24673048402319,0.141566671160847,-0.201108911033689
1863,0.342321693407038,0.228461642173385,0.969211555235336
1865,0.340703788593771,0.237090467844142,-0.217371516900721
1870,0.34043413779156,0.23439395982203,-0.370675428633142
1874,0.478225697721451,0.372589995955238,0.999705005186814
1877,0.478764999325873,0.373264122960766,0.987758592361154
1878,0.478090872320345,0.372657408655791,0.997208304278333
1879,0.47579884050155,0.371376567345288,0.928080403195742
1888,0.234596197923689,0.134016448698935,0.675209041224565
1891,0.389915059997303,0.259134420924902,0.968962066174863
1894,0.365781313199407,0.270257516516112,-0.332499534691338
1896,0.04745854118916,0.0244033976001079,-0.0713620877786573
1900,0.463125252797627,0.341445328299852,-0.247616296791581
1901,0.187137656734529,0.102062828636915,0.601719842620048
1902,0.380207631117703,0.251853849265202,0.664360650841681
1928,0.175407846838344,0.0947148442766618,-0.0716970755438937
1937,0.474315761089389,0.415531886207361,0.990374270062214
1939,0.295267628421195,0.17796952945935,-0.234218719526377
1940,0.328030200889848,0.209720911419711,0.444318523996723
1956,0.182014291492517,0.0988270190103816,-0.304646854752137
1958,0.172980989618444,0.093366590265606,-0.182310570369634
1967,0.260482674935958,0.152352703249292,-0.170292132860906
1970,0.496561952271808,0.488000539301604,-0.320167597548704
1972,0.460968046379938,0.395779964945396,0.779968168140944
1977,0.22057435620871,0.120938384791695,0.390398255867931
1980,0.351489820682217,0.227517864365646,0.988713960090603
1985,0.479978427935823,0.43777807738978,-0.676442809095456
1994,0.297424834838884,0.184036672509101,0.870115125526861
1995,0.260078198732641,0.14770122691115,0.865206194304814
2004,0.46150734798436,0.427463934205204,0.999869754382463
2011,0.392611568019415,0.276796548469732,0.868972042401171
2026,0.4140488067952,0.294795739517325,0.672532674314877
2028,0.232169340703789,0.130376162869084,0.999087179336669
2039,0.280167183497371,0.167183497370905,1
2043,0.280167183497371,0.167183497370905,0.581594262274751
2050,0.35472563030875,0.213496022650667,-0.2426349784728
2058,0.334501820142915,0.210799514628556,1
2062,0.3559390589187,0.215046514763381,1
2071,0.359444519347445,0.215720641768909,0.996398179438343
2085,0.352568423891061,0.213091546447351,0.969662683894081
2086,0.359174868545234,0.215316165565593,0.997234966011221
2094,0.3510853444789,0.214102736955642,-0.452563215322494
2098,0.359579344748551,0.216192530672779,0.707757365086795
2099,0.466765538627477,0.361332074962923,0.709573932759824
2109,0.465147633814211,0.451125792099232,-0.46534838317892
2113,0.340703788593771,0.209990562221923,1
2115,0.340703788593771,0.209990562221923,0.951684314477852
2117,0.357422138330862,0.21646218147499,1
2125,0.444519347445059,0.329445867601456,-0.372515502126433
2129,0.354995281110961,0.222259673722529,-0.37772201748761
2130,0.429958204125657,0.338479169475529,-0.377699023296617
2135,0.352163947687744,0.225562896049616,0.986658725262179
2144,0.482674935957934,0.439665633005258,0.592483778821164
2147,0.453957125522448,0.423688822974248,0.0121770381629268
2157,0.356613185924228,0.214979102062829,0.997253876846054
2165,0.441013887016314,0.332546851826884,-0.369117169182551
2187,0.361062424160712,0.216529594175543,-0.476199453163591
2195,0.3535122016988,0.216664419576648,0.993993973673611
2203,0.356478360523123,0.219091276796548,0.998766449371597
2204,0.356208709720911,0.218956451395443,0.997532434815921
2206,0.354051503303222,0.217743022785493,0.997940166002014
2221,0.355534582715384,0.218619387892679,0.981707074076169
2248,0.353916677902117,0.218080086288257,-0.456217221034634
2256,0.426183092894701,0.327288661183767,0.955020712700398
2264,0.465552110017527,0.430969394633949,-0.640884294263236
2266,0.443710395038425,0.347107995146286,0.99825315360267
2281,0.354321154105433,0.219091276796548,0.996320973860912
2283,0.343130645813671,0.212147768639612,0.905379647792469
2287,0.0427396521504652,0.0216394768774437,-0.0878653743585692
2295,0.355534582715384,0.219832816502629,-0.474482956834362
2300,0.355534582715384,0.22010246730484,-0.481863776636381
2305,0.335850074153971,0.212552244842928,0.943037399208944
2306,0.350141566671161,0.225360657947957,0.997872793434129
2311,0.354051503303222,0.219226102197654,-0.451069679447374
2312,0.467709316435216,0.427329108804099,-0.634365681937133
2314,0.421733854658218,0.321963057840097,0.923696020404215
2316,0.467574491034111,0.428609950114602,-0.439803272717283
2323,0.357422138330862,0.220506943508157,0.977593952036908
2324,0.349737090467844,0.219900229203182,0.999799661118431
2325,0.34987191586895,0.219967641903735,0.999799661118431
2327,0.3559390589187,0.219765403802076,0.999795701783476
2328,0.355804233517595,0.219697991101524,0.999182746353673
2346,0.357287312929756,0.220439530807604,1
2348,0.355669408116489,0.219900229203182,0.989615491672419
2351,0.355669408116489,0.219900229203182,0.987773153352587
2355,0.509370365376837,0.398813536470271,0.964922997246998
2356,0.494404745854119,0.408992854253741,0.63282802809017
2359,0.385196170958609,0.244640690306054,0.924833159640121
2365,0.0438182553593097,0.0220439530807605,0.989046794845077
2367,0.425104489685857,0.267695833895106,1
2368,0.425104489685857,0.267695833895106,0.999812266883375
2376,0.420790076850479,0.269178913307267,1
2377,0.420790076850479,0.269178913307267,0.982792807338662
2385,0.399083187272482,0.26344883376028,0.999463718153664
2387,0.422947283268168,0.266077929081839,1
2397,0.203451530268303,0.111972495618174,-0.201323952465873
2399,0.423621410273696,0.266145341782392,0.997931038849441
2405,0.173520291222866,0.0920183362545504,-0.17223622538887
2406,0.42105972765269,0.264460024268572,0.992368979888211
2410,0.421464203856006,0.269381151408925,0.998711315239716
2416,0.420250775246056,0.264864500471889,1
2417,0.420250775246056,0.264864500471889,0.984079792593863
2423,0.503438047728192,0.458676014561143,-0.513221885307863
2426,0.42348658487259,0.266212754482945,0.999811660345998
2430,0.424160711878118,0.266549817985709,0.999435092076463
2442,0.0439530807604153,0.0222461911824188,-0.11040994380014
2455,0.42470001348254,0.266954294189025,-0.109988328375064
2469,0.476338142105973,0.3789267898072,0.75260148745483
2470,0.388162329782931,0.256235674801133,-0.163752472576086
2481,0.201563974652825,0.109950114601591,0.915331188567296
2489,0.413644330591883,0.263179182958069,-0.108413478011142
2509,0.419037346636106,0.26344883376028,0.790908256790192
2514,0.419037346636106,0.26344883376028,-0.109179661106953
2515,0.044357556963732,0.0228529054873938,0.997001550768674
2523,0.0440879061615208,0.022178778481866,-0.118877356139338
2533,0.395982203047054,0.256100849400027,0.999816005719621
2535,0.395982203047054,0.256235674801133,0.964435213988849
2549,0.0448968585681542,0.0229877308884994,-0.117044532813096
2552,0.0446272077659431,0.0235270324929217,1
2553,0.0446272077659431,0.0235270324929217,1
2564,0.424025886477012,0.266886881488472,-0.233693863842474
2572,0.424295537279223,0.266886881488472,0.999435507464769
2582,0.411352298773089,0.261224214642039,0.980095537507517
2584,0.422542807064851,0.266280167183497,0.680193397235815
2585,0.528650397734933,0.427868410408521,0.678646772287051
2592,0.528380746932722,0.425576378589726,0.684253185612869
2609,0.448159633274909,0.288661183767022,0.945063959076949
2617,0.409060266954294,0.280571659700688,0.997127706354501
2625,0.410273695564244,0.269178913307267,1
2634,0.427261696103546,0.269044087906162,-0.111249637539482
2645,0.420655251449373,0.267628421194553,-0.109430295428228
2651,0.423756235674801,0.267156532290684,-0.184870895701089
2653,0.422407981663745,0.265808278279628,0.632341646205495
2661,0.422407981663745,0.265808278279628,0.992300493391552
2666,0.423756235674801,0.267021706889578,0.998686193389426
2680,0.42591344209249,0.268504786301739,0.980145531695104
2685,0.426048267493596,0.269920453013348,0.974859449984435
2699,0.170688957799649,0.0897937171363085,-0.180678249840411
2701,0.144532829985169,0.0819738438721855,-0.240550744061448
2707,0.517999191047593,0.449103411082648,0.997439487739967
2709,0.408116489146555,0.277807738978023,-0.196299042254982
2725,0.419576648240529,0.266280167183497,0.981544706054427
2738,0.426317918295807,0.268841849804503,0.779068682242477
2741,0.426048267493596,0.268302548200081,0.983437935426986
2750,0.42348658487259,0.267426183092895,0.999065607017353
2754,0.421733854658218,0.26681946878792,0.98840254781176
2755,0.425778616691385,0.268167722798975,-0.12069324374892
2767,0.424834838883646,0.267830659296211,0.998874926795601
2768,0.424834838883646,0.267561008494,-0.110217684496593
2778,0.331266010516381,0.223877578535796,0.777566162161376
2793,0.111096130510988,0.0589187002831334,-0.024490276770966
2802,0.402858298503438,0.26560604017797,0.64418581311842
2805,0.423351759471484,0.26681946878792,1
2807,0.108264797087771,0.0592557637858973,0.475270027169072
2811,0.423082108669273,0.26681946878792,-0.196635816923826
2835,0.28717810435486,0.165970068760955,-0.270568079718042
2847,0.426183092894701,0.268504786301739,0.997374692367852
2852,0.422677632465957,0.271470945126062,0.999634044544432
2854,0.053390858837805,0.0269650802211137,-0.0482810100757067
2859,0.42227315626264,0.273156262639881,0.968568275711938
2861,0.426452743696912,0.268639611702845,-0.166936814351816
2863,0.426857219900229,0.268841849804503,-0.118977972711016
2866,0.530403127949306,0.445867601456114,-0.451646187796859
2867,0.432115410543346,0.324322502359444,-0.422472355264348
2868,0.428475124713496,0.269111500606714,0.972646149370913
2869,0.413644330591883,0.278953754887421,-0.314603079847045
2872,0.42834029931239,0.270257516516112,0.995514309164712
2881,0.420520426048268,0.26634757988405,1
2883,0.408925441553189,0.264055548065255,1
2901,0.42591344209249,0.268369960900634,-0.323899034383242
2919,0.425239315086962,0.267898071996764,0.998127058979115
2945,0.425508965889174,0.268302548200081,0.991237143361779
2950,0.426587569098018,0.270324929216664,-0.301887105276834
2951,0.333692867736282,0.207159228798706,-0.423388772601037
2971,0.410812997168667,0.267156532290684,0.999275840363641
2991,0.428205473911285,0.269515976810031,1
2992,0.428205473911285,0.269515976810031,1
3008,0.428070648510179,0.270661992719428,0.9953411558906
3012,0.42712687070244,0.270055278414453,0.996451624598147
3020,0.487124174194418,0.422475394364298,-0.505925213384485
3021,0.427531346905757,0.269044087906162,0.99962466510343
3024,0.418498045031684,0.278549278684104,-0.516580855701137
3025,0.479843602534718,0.414925171902386,-0.561433901440306
3031,0.412565727383039,0.264931913172442,0.96908702970528
3032,0.427800997707968,0.268909262505056,-0.377811494639857
3033,0.426722394499124,0.306795200215721,-0.377683259113361
3052,0.424430362680329,0.305109882701901,-0.374764210816404
3053,0.427666172306863,0.268976675205609,0.973982665850019
3054,0.415531886207361,0.265066738573547,1
3057,0.427261696103546,0.268909262505056,0.997749684053886
3062,0.427396521504651,0.268976675205609,0.998123978219064
3066,0.428609950114602,0.269448564109478,0.978020561001373
3073,0.417014965619523,0.265403802076311,0.973033730006185
3077,0.425778616691385,0.268437373601186,0.999812628042447
3080,0.426048267493596,0.268572199002292,0.998128090158281
3085,0.41526223540515,0.266414992584603,0.972443815445065
3088,0.42227315626264,0.267358770392342,0.977987585199699
3093,0.401779695294594,0.285155723338277,0.96065877335301
3100,0.488202777403263,0.388499393285695,0.726542480789706
3106,0.426722394499124,0.268235135499528,0.999061767056798
3107,0.426587569098018,0.268572199002292,0.997190862111571
3111,0.428609950114602,0.269853040312795,0.99868804486949
3115,0.407172711338816,0.262639881353647,0.999816574572113
3120,0.421194553053795,0.271942834029931,-0.516246849528726
3122,0.427261696103546,0.269313738708373,0.998500991512639
3124,0.427261696103546,0.269178913307267,0.999812704872689
3125,0.42712687070244,0.26924632600782,0.934257236055952
3144,0.498988809491708,0.485169205878388,0.609456165699788
3164,0.428609950114602,0.269987865713901,0.999812649776085
3174,0.427396521504651,0.268976675205609,0.997184291558163
3177,0.42834029931239,0.269853040312795,0.996817628964997
3179,0.427666172306863,0.269650802211137,-0.283037187571159
3200,0.427800997707968,0.269178913307267,0.613139180030889
3201,0.508831063772415,0.4697316974518,-0.868541928727796
3205,0.403936901712283,0.278144802480787,0.999662247637464
3221,0.427666172306863,0.26924632600782,0.997195346189067
3222,0.427800997707968,0.269987865713901,1
3231,0.427800997707968,0.271066468922745,0.999256470976737
3236,0.306323311311851,0.201429149251719,0.99960018338347
3245,0.428205473911285,0.273425913442092,0.987260477230341
3248,0.428879600916813,0.271066468922745,0.985288483653217
3250,0.425508965889174,0.269381151408925,0.952734447453493
3254,0.413779155992989,0.267156532290684,-0.350970979141799
3255,0.395712552244843,0.275380881758123,-0.59772904596903
3257,0.428609950114602,0.271066468922745,0.873499598688238
3264,0.428475124713496,0.270999056222192,0.99962739546021
3269,0.427800997707968,0.270527167318323,1
3271,0.428070648510179,0.270796818120534,0.999813692850673
3277,0.439261156801941,0.320075502224619,-0.601919542869796
3280,0.419711473641634,0.265808278279628,0.999252967819032
3281,0.419441822839423,0.265673452878522,0.987582138036961
3286,0.412970203586356,0.269044087906162,0.999819738706676
3293,0.428609950114602,0.270527167318323,0.995337364867467
3297,0.337467978967237,0.219023864095996,-0.28140103727709
3311,0.429014426317918,0.27045975461777,0.998130098277373
3318,0.422138330861534,0.271470945126062,0.973839643705757
3320,0.428879600916813,0.271336119724956,-0.502456588991409
3343,0.383308615343131,0.259336659026561,-0.342003117999047
3345,0.412970203586356,0.269853040312795,-0.486071310488255
3356,0.429418902521235,0.270796818120534,0.982472584485947
3357,0.425643791290279,0.269718214911689,0.997959502535382
3359,0.428879600916813,0.270122691115006,0.990043325313283
3364,0.476068491303762,0.428138061210732,0.999062508898057
3367,0.416745314817312,0.266617230686261,0.983067528438157
3378,0.39854388566806,0.277470675475259,0.999164437819764
3396,0.485910745584468,0.438721855197519,0.96831870783516
3404,0.419711473641634,0.264864500471889,0.992009669723624
3406,0.420520426048268,0.267291357691789,0.992580119867664
3413,0.426587569098018,0.269381151408925,0.975877761026869
3416,0.425643791290279,0.268639611702845,0.995138367553477
3419,0.418498045031684,0.277335850074154,-0.352705594712616
3424,0.42834029931239,0.271201294323851,0.988446664429314
3428,0.428070648510179,0.268909262505056,0.975072164995702
3433,0.42834029931239,0.269178913307267,0.972884940668646
3439,0.501954968316031,0.403195362006202,0.715877988527339
3445,0.423216934070379,0.267965484697317,0.979236589787
3447,0.426587569098018,0.271538357826615,1
3448,0.426587569098018,0.271538357826615,0.990357571071691
3452,0.411487124174194,0.260887151139275,1
3454,0.378320075502225,0.238775785357961,0.915835900705975
3461,0.429688553323446,0.269718214911689,0.998307849692916
3464,0.426048267493596,0.270594580018876,0.993310284941391
3468,0.430767156532291,0.270527167318323,0.993074862152534
3469,0.429823378724552,0.271268707024403,0.999813367717793
3475,0.429823378724552,0.269515976810031,0.993038855044475
3476,0.42834029931239,0.269313738708373,0.999248817704041
3493,0.426452743696912,0.267291357691789,-0.50585966195789
3494,0.509370365376837,0.433059188351085,-0.505922203851486
3505,0.425508965889174,0.270999056222192,0.999815321548809
3506,0.425374140488068,0.271066468922745,0.975061055452003
3507,0.435081569367669,0.272414722933801,0.97577435187682
3510,0.429284077120129,0.270055278414453,0.960962799083764
3522,0.412296076580828,0.262639881353647,0.998698254525645
3547,0.430093029526763,0.270729405419981,0.98464616684225
3548,0.428070648510179,0.273088849939329,1
3555,0.412700552784145,0.283740056626668,0.97617982561537
3566,0.430093029526763,0.27167318322772,0.963762767013403
3569,0.410678171767561,0.266010516381286,0.956946275745563
3576,0.4116219495753,0.279290818390185,0.957828387912344
3583,0.43049750573008,0.270661992719428,0.998309293451237
3595,0.431576108938924,0.270527167318323,1
3599,0.398948361871377,0.251516785762438,0.947427186548152
3600,0.431845759741135,0.270392341917217,0.999245337064237
3606,0.432250235944452,0.270999056222192,0.998118059301124
3608,0.431980585142241,0.27045975461777,0.999622617432276
3613,0.415666711608467,0.268369960900634,1
3614,0.415666711608467,0.268369960900634,0.96358050853876
3625,0.433463664554402,0.271470945126062,0.946898751506579
3626,0.405554806525549,0.26223540515033,1
3634,0.433328839153297,0.272212484832142,1
3639,0.430901981933396,0.270190103815559,0.961856148063177
3640,0.410947822569772,0.258325468518269,0.999810356984762
3647,0.42227315626264,0.267493595793447,0.973242591095787
3652,0.409734393959822,0.272279897532695,1
3653,0.409734393959822,0.272279897532695,1
3665,0.425374140488068,0.274167453148173,0.989681380305099
3667,0.430901981933396,0.27045975461777,0.989854271803136
3674,0.431441283537819,0.270864230821087,0.995681182305337
3682,0.429958204125657,0.269718214911689,0.999811684150293
3694,0.431171632735607,0.27045975461777,0.946358927505195
3700,0.431576108938924,0.270661992719428,0.998495422996986
3702,0.432519886746663,0.271268707024403,0.99324338640981
3722,0.420115949844951,0.266145341782392,0.98074851318141
3724,0.429553727922341,0.269381151408925,1
3729,0.429149251719024,0.269448564109478,1
3741,0.50653903195362,0.442429553727922,0.765901686925859
3745,0.430901981933396,0.270055278414453,0.999811508264041
3746,0.431036807334502,0.270122691115006,0.999246373435254
3753,0.507213158959148,0.439665633005258,0.670774846338398
3759,0.354590804907645,0.242820547391128,-0.464596949782615
3768,0.431036807334502,0.270257516516112,1
3769,0.431036807334502,0.270257516516112,-0.558680456127153
3770,0.515841984629904,0.489011729809896,-0.552776431985965
3773,0.430901981933396,0.269650802211137,0.99811580102396
3776,0.432115410543346,0.270661992719428,0.998115731897008
3780,0.38546582176082,0.253539166779021,1
3783,0.460968046379938,0.325535930969395,0.869877230342193
3796,0.431036807334502,0.270527167318323,0.992662266220171
3804,0.431441283537819,0.270999056222192,0.999812135061996
3808,0.460428744775516,0.392948631522179,-0.459433248200012
3811,0.409329917756505,0.258190643117163,0.980437730346577
3820,0.408116489146555,0.258258055817716,-0.316893454376574
3824,0.457192935148982,0.346568693541863,-0.592218800310131
3843,0.355399757314278,0.226776324659566,-0.312921274115411
3846,0.478225697721451,0.350208979371714,-0.446835167735952
3849,0.528785223136039,0.449777538088176,-0.540169793010587
3852,0.414318457597411,0.262572468653094,0.999812870499229
3855,0.400026965080221,0.25690980180666,0.997405157935603
3861,0.471619253067278,0.373736011864635,-0.49123049954401
3866,0.434272616961035,0.274032627747067,-0.542920550585231
3868,0.527706619927194,0.466630713226372,-0.557076636298417
3871,0.441418363219631,0.282728866118377,0.999817703128836
3873,0.520560873668599,0.466428475124714,-0.489663922948186
3876,0.389375758392881,0.260347849534852,0.9583552777095
3885,0.453148173115815,0.284683834434407,1
3889,0.455709855736821,0.286099501146016,1
3890,0.455709855736821,0.286099501146016,0.9878553297728
3892,0.455979506539032,0.28596467574491,0.998131660067047
3897,0.490899285425374,0.321221518134016,0.9018146038803
3899,0.454631252527976,0.285425374140488,0.997390336352881
3908,0.418498045031684,0.291627342591344,0.947086693143538
3915,0.445058649049481,0.30194148577592,0.931921496652506
3916,0.454496427126871,0.284953485236619,0.983468816630412
3918,0.446811379263853,0.281919913711743,0.983294406640176
3920,0.452743696912498,0.284616421733855,0.999627171563692
3921,0.453013347714709,0.284616421733855,0.999813502139488
3933,0.355534582715384,0.225225832546852,-0.296744428497257
3934,0.454496427126871,0.28522313603883,0.980164599721763
3936,0.448833760280437,0.284414183632196,-0.513628836823625
3937,0.524201159498449,0.430767156532291,-0.521905525256459
3940,0.456249157341243,0.286234326547121,0.996453226772787
3946,0.453687474720237,0.284818659835513,0.999813343539735
3954,0.453957125522448,0.284683834434407,0.996455028313824
3961,0.450047188890387,0.282594040717271,0.995342449373452
3966,0.445597950653903,0.283874882027774,0.981912153979393
3967,0.452608871511393,0.284414183632196,0.823215690953163
3971,0.449507887285965,0.282998516920588,0.999441419371019
3983,0.420520426048268,0.275111230955912,0.951521119140772
3989,0.450721315895915,0.284414183632196,0.99870274853742
3991,0.0541998112444384,0.0270999056222192,-0.120058330712368
3992,0.463529729000944,0.300930295267628,0.957186125048732
3997,0.451260617500337,0.283740056626668,0.998882149480909
4010,0.452204395308076,0.284211945530538,0.997576332026013
4011,0.452878522313604,0.284549009033302,0.997577695909192
4019,0.452743696912498,0.28475124713496,0.993114013144174
4030,0.453417823918026,0.284683834434407,0.997199100579317
4033,0.452743696912498,0.284616421733855,0.998695881366666
4034,0.452608871511393,0.284683834434407,0.998882025567145
4035,0.453417823918026,0.284818659835513,0.99720284337305
4038,0.452608871511393,0.284818659835513,0.989992382596364
4039,0.451530268302548,0.285627612242146,0.999445661784548
4045,0.450047188890387,0.287987056761494,0.997636163725634
4053,0.453552649319132,0.284346770931644,0.994219906388862
4058,0.45422677632466,0.284549009033302,0.994984435805058
4060,0.454631252527976,0.286234326547121,0.709600087750283
4065,0.450990966698126,0.283065929621141,0.961473268680741
4072,0.434272616961035,0.283335580423352,0.999643211513051
4076,0.452339220709182,0.284144532829985,1
4123,0.45206956990697,0.284414183632196,0.999813818307472
4125,0.453552649319132,0.285425374140488,0.995534550248357
4131,0.448564109478226,0.282931104220035,0.919894431238769
4133,0.452608871511393,0.284818659835513,1
4140,0.452743696912498,0.285290548739383,1
4146,0.452878522313604,0.284144532829985,1
4161,0.444384522043953,0.28475124713496,-0.56365246861263
4163,0.438452204395308,0.287043278953755,1
4167,0.442496966428475,0.290953215585816,0.999823983070341
4170,0.398678711069165,0.264729675070783,1
4176,0.452878522313604,0.284549009033302,0.985474529328824
4184,0.451395442901443,0.285155723338277,0.997963266384862
4186,0.494809222057436,0.448968585681542,-0.571369190370208
4208,0.442496966428475,0.2905487393825,0.959871360068142
4213,0.448294458676015,0.284683834434407,1
4215,0.44842928407712,0.283942294728327,0.993560584980981
4224,0.450047188890387,0.284346770931644,0.99573343129118
4226,0.450990966698126,0.28400970742888,0.989759202162702
4233,0.452474046110287,0.284346770931644,0.943687728740034
4238,0.438721855197519,0.294728326816772,0.971824646396457
4245,0.420924902251584,0.278818929486315,-0.345744181147929
4262,0.513145476607793,0.449507887285965,-0.567395790227295
4265,0.448968585681542,0.283807469327221,0.995177510647586
4268,0.443305918835109,0.284346770931644,1
4274,0.450451665093704,0.283874882027774,1
4285,0.426587569098018,0.271538357826615,1
4287,0.451530268302548,0.284144532829985,0.880442453592347
4293,0.446272077659431,0.287447755157072,0.981554484692551
4297,0.453013347714709,0.284346770931644,1
4298,0.453013347714709,0.284346770931644,0.993280396838226
4307,0.436160172576513,0.292368882297425,0.999827782543162
4313,0.435081569367669,0.276324659565862,0.969985145454531
4322,0.452339220709182,0.283740056626668,0.99887828502782
4326,0.45206956990697,0.285897263044358,0.993353869273374
4327,0.45206956990697,0.283470405824457,0.99588871674445
4333,0.452608871511393,0.286032088445463,1
4346,0.448698934879331,0.284346770931644,0.995563114377824
4355,0.484427666172307,0.322434946743967,0.892664115075389
4360,0.452608871511393,0.284279358231091,1
4373,0.491573412430902,0.41863287043279,0.935407185366568
4383,0.451260617500337,0.283065929621141,0.989921273243769
4387,0.42348658487259,0.283200755022246,0.979435249400597
4388,0.428070648510179,0.283605231225563,-0.346671553036057
4390,0.453552649319132,0.284616421733855,-0.52534817312904
4392,0.452204395308076,0.283807469327221,0.992719598053805
4396,0.452743696912498,0.284211945530538,-0.315397352903812
4405,0.452608871511393,0.284818659835513,0.972603348437537
4415,0.393285695024943,0.248280976135904,-0.31730216775234
4418,0.450182014291493,0.284683834434407,0.997410532706991
4419,0.44964271268707,0.284414183632196,0.998150475934768
4423,0.449507887285965,0.284346770931644,0.999075344154869
4438,0.414318457597411,0.270257516516112,-0.265447308410105
4439,0.354321154105433,0.216529594175543,-0.273533776414955
4443,0.44842928407712,0.284346770931644,0.996881307363038
4444,0.44721585546717,0.284953485236619,1
4446,0.556694081164891,0.470877713361197,0.644794401228738
4452,0.247269785627612,0.141027369556424,-0.237930019640881
4455,0.39611702844816,0.254550357287313,0.915612960223139
4456,0.449103411082648,0.283335580423352,0.997775266356212
4476,0.447485506269381,0.282122151813402,1
4477,0.447485506269381,0.282122151813402,0.992376529328494
4494,0.449507887285965,0.280976135904004,0.986133845218449
4495,0.448698934879331,0.281650262909532,0.99962622217875
4498,0.445597950653903,0.278886342186868,1
4499,0.445597950653903,0.278886342186868,0.987616722336751
4500,0.450451665093704,0.281178374005663,0.991561698339547
4502,0.449777538088176,0.282054739112849,0.985203132385784
4503,0.449103411082648,0.281178374005663,0.998127738990944
4509,0.435755696373197,0.282459215316166,0.999820228361841
4510,0.435890521774302,0.282391802615613,0.96273614185246
4512,0.44020493460968,0.277807738978023,0.99981396938304
4516,0.450182014291493,0.282122151813402,0.998689440701756
4517,0.45085614129702,0.282459215316166,0.999812693445842
4521,0.43049750573008,0.283335580423352,1
4523,0.450586490494809,0.284077120129432,0.999442634240873
4534,0.443710395038425,0.280234596197924,0.997403273284518
4542,0.423621410273696,0.286638802750438,0.987265267637595
4545,0.44964271268707,0.282256977214507,0.999439520733491
4551,0.44357556963732,0.287312929755966,0.985284259151635
4563,0.520291222866388,0.449440474585412,0.669890099613368
4565,0.449777538088176,0.284346770931644,0.984966044302373
4566,0.450721315895915,0.283470405824457,0.983505922789702
4570,0.408116489146555,0.267426183092895,0.999641236918018
4572,0.441013887016314,0.277672913576918,0.913739469985623
4574,0.487798301199946,0.318053121208036,0.907086592091854
4577,0.510044492382365,0.382297424834839,0.788216029718488
4578,0.445328299851692,0.283874882027774,0.988406625394422
4587,0.448564109478226,0.282526628016718,0.998883174726153
4588,0.449103411082648,0.282661453417824,0.993111303308991
4592,0.446676553862748,0.280773897802346,0.997203015213448
4593,0.44842928407712,0.281650262909532,0.997009718757751
4594,0.44842928407712,0.281380612107321,0.985053473872984
4603,0.423756235674801,0.273762976944856,0.999818691371549
4606,0.449103411082648,0.281178374005663,0.997938115168334
4621,0.421464203856006,0.284211945530538,1
4625,0.430632331131185,0.277740326277471,0.99945602686508
4631,0.451665093703654,0.284077120129432,0.990684331072941
4632,0.452474046110287,0.284481596332749,0.994038904572612
4635,0.450721315895915,0.283200755022246,0.998694829175087
4642,0.443980045840636,0.287245517055413,1
4644,0.450316839692598,0.283133342321693,0.998508656799124
4646,0.450586490494809,0.283268167722799,0.997390544153157
4655,0.519482270459755,0.456046919239585,0.666869751492949
4659,0.450586490494809,0.28353781852501,1
4660,0.450586490494809,0.28353781852501,0.989736582765007
4666,0.451665093703654,0.284886072536066,0.99981443279258
4669,0.449777538088176,0.282998516920588,0.997392893805193
4675,0.425104489685857,0.281582850208979,1
4686,0.44964271268707,0.282931104220035,0.998883406164476
4687,0.449103411082648,0.282931104220035,0.996842419516754
4688,0.447620331670487,0.282459215316166,0.948096108271904
4693,0.448294458676015,0.282661453417824,0.997399639699879
4706,0.446676553862748,0.282391802615613,0.999444530848255
4734,0.442092490225158,0.281987326412296,1
4744,0.448024807873803,0.282796278818929,0.932386789580311
4751,0.429149251719024,0.278751516785762,1
4752,0.429149251719024,0.278751516785762,1
4755,0.44236214102737,0.288998247269786,0.978444032127462
4756,0.445058649049481,0.280908723203452,0.997420241468031
4763,0.481326681946879,0.318727248213563,0.899648161362499
4764,0.442092490225158,0.27942564379129,0.976094251579703
4765,0.443440744236214,0.282661453417824,1
4771,0.444384522043953,0.284077120129432,0.999817400954164
4776,0.430632331131185,0.275178643656465,0.999633019639447
4781,0.451530268302548,0.28764999325873,0.999817006879334
4786,0.438856680598625,0.298436025347175,-0.525773798612749
4788,0.439935283807469,0.282526628016718,0.999818267857326
4791,0.439800458406364,0.282459215316166,0.999818267880756
4792,0.439935283807469,0.282391802615613,1
4797,0.453282998516921,0.286773628151544,0.998153093609854
4798,0.453013347714709,0.286773628151544,1
4801,0.453822300121343,0.286503977349333,0.993719885810599
4802,0.454361601725765,0.287582580558177,0.968350760377567
4815,0.443440744236214,0.297627072940542,0.946317821283372
4817,0.43535122016988,0.282796278818929,0.71155252538999
4823,0.453687474720237,0.28643656464878,0.980066698725976
4842,0.452204395308076,0.286908453552649,0.988741612109132
4847,0.412430901981933,0.269987865713901,0.999641478393017
4851,0.370095726034785,0.235742213833086,-0.338074316034557
4853,0.449238236483754,0.285560199541594,0.983239833650642
4856,0.453148173115815,0.284414183632196,0.998693274147431
4871,0.431036807334502,0.281582850208979,0.99875351924367
4875,0.452204395308076,0.287987056761494,0.997070607805413
4876,0.453822300121343,0.287043278953755,0.997967103252523
4879,0.455035728731293,0.288189294863152,0.999446735701577
4882,0.446946204664959,0.28764999325873,1
4886,0.442766617230686,0.294323850613456,0.998786352484358
4890,0.505190777942564,0.492314952136983,-0.590470535383451
4898,0.453282998516921,0.287043278953755,0.998892783232663
4900,0.454091950923554,0.287312929755966,0.999815310090023
4908,0.451260617500337,0.284279358231091,0.982216335983048
4923,0.414183632196306,0.279493056491843,-0.359491770016137
4933,0.478495348523662,0.333760280436834,0.893816363213644
4948,0.447081030066064,0.284077120129432,0.96645344869895
4953,0.441283537818525,0.28063907240124,1
4965,0.43899150599973,0.290413913981394,1
4966,0.43899150599973,0.290413913981394,1
4968,0.448564109478226,0.283874882027774,1
4974,0.439530807604153,0.286369151948227,0.999821649192326
4976,0.43899150599973,0.285155723338277,1
4980,0.448833760280437,0.283874882027774,0.959712158010296
4983,0.430093029526763,0.278953754887421,0.958552878569364
4987,0.444519347445059,0.27942564379129,0.999626996273172
5009,0.44842928407712,0.281380612107321,0.998878090486533
5015,0.434002966158824,0.27699878657139,0.897612994707949
5028,0.449103411082648,0.282661453417824,0.998139163620935
5031,0.446137252258325,0.282391802615613,0.872158759307199
5033,0.466361062424161,0.316367803694216,0.880764386557211
5037,0.405959282728866,0.283605231225563,0.999172056880406
5057,0.441013887016314,0.28522313603883,0.843968901478469
5064,0.449103411082648,0.281717675610085,0.999438976921879
5071,0.437643251988675,0.315086962383713,0.502665201089657
5079,0.450316839692598,0.282594040717271,0.995707841278527
5081,0.433328839153297,0.28475124713496,0.999646559776874
5082,0.433059188351085,0.284616421733855,0.999469757969198
5083,0.43292436294998,0.284549009033302,0.970839086821019
5089,0.440879061615208,0.351624646083322,-0.456897992863216
5093,0.440609410812997,0.276526897667521,0.994577084988305
5098,0.4116219495753,0.271740595928273,0.915765941452834
5102,0.428475124713496,0.284616421733855,0.994241553824443
5107,0.440744236214103,0.276594310368073,0.980469504107038
5110,0.426048267493596,0.285425374140488,0.999827069933739
5121,0.533504112174734,0.446339490359984,0.660042872564909
5126,0.426587569098018,0.293110422003505,1
5155,0.441688014021842,0.278009977079682,1
5164,0.135229877308885,0.0759741135229878,-0.174363874508249
5165,0.417689092625051,0.280976135904004,0.71812167413222
5167,0.43777807738978,0.279695294593501,1
5181,0.439261156801941,0.275717945260887,0.997197246849487
5187,0.469192395847378,0.385735472563031,-0.487707511001333
5191,0.444654172846164,0.278009977079682,0.997741034998436
5192,0.445193474450586,0.278144802480787,0.845590594814182
5195,0.444519347445059,0.277942564379129,0.997180015221111
5197,0.446406903060537,0.278751516785762,0.99399119198208
5211,0.444654172846164,0.278144802480787,0.997369177672281
5213,0.398274234865849,0.259943373331536,-0.302323431054747
5230,0.242820547391128,0.145544020493461,-0.262214049790644
5232,0.440339760010786,0.276526897667521,0.981427317316623
5247,0.444923823648375,0.279493056491843,0.999813066571834
5249,0.445463125252798,0.278414453282999,0.998495559620249
5264,0.242550896588917,0.145813671295672,0.996570535965842
5266,0.444519347445059,0.27821221518134,0.99924877251125
5278,0.443171093434003,0.28063907240124,0.992957381428401
5284,0.444384522043953,0.277470675475259,0.970094859791248
5288,0.443171093434003,0.27699878657139,0.674647868721825
5309,0.37845490090333,0.261359040043144,-0.386365332788164
5320,0.423082108669273,0.27868410408521,1
5321,0.423082108669273,0.27868410408521,-0.242832096886605
5324,0.38088175812323,0.255157071592288,-0.343886835390953
5325,0.440070109208575,0.274504516650937,0.999810945865872
5326,0.44020493460968,0.27457192935149,0.993039053707259
5328,0.440879061615208,0.274908992854254,0.999621851023899
5330,0.100310098422543,0.0568963192665498,-0.196836390862847
5332,0.0997707968181205,0.0568963192665498,-0.17307187499611
5335,0.309828771740596,0.195766482405285,-0.283841542238512
5354,0.0992314952136983,0.0537953350411218,0.341172130091171
5367,0.0995011460159094,0.0537953350411218,-0.127930541400486
5370,0.426317918295807,0.26344883376028,0.999614722411937
5372,0.418498045031684,0.25859511932048,0.99787464947698
5373,0.418902521235001,0.259067008224349,0.97156932917458
5374,0.432115410543346,0.265268976675206,-0.441943899588489
5376,0.389510583793987,0.298570850748281,-0.18983760667553
5379,0.389240932991776,0.298436025347175,0.999849624430315
5388,0.323176486450047,0.211338816232978,-0.294151096304047
5391,0.149656195227181,0.0857489551031414,-0.197866644470234
5397,0.445058649049481,0.339018471079951,0.8650001597904
5400,0.424295537279223,0.2627072940542,-0.296469914512371
5401,0.317244168801402,0.214439800458406,1
5407,0.429284077120129,0.263044357556964,0.981851092352062
5415,0.451260617500337,0.33874882027774,0.818176786663774
5421,0.431576108938924,0.263516246460833,-0.142185105466615
5424,0.431576108938924,0.263111770257517,1
5429,0.407442362141027,0.264662262370231,0.999818331982009
5430,0.407307536739922,0.264594849669678,0.999636618720784
5436,0.431576108938924,0.263246595658622,0.994919753807866
5438,0.4164756640151,0.270122691115006,0.975634991419915
5441,0.467709316435216,0.317311581501955,0.854504105715512
5453,0.418228394229473,0.272751786436565,0.837075734481614
5455,0.42712687070244,0.262100579749225,-0.135813626404275
5458,0.429688553323446,0.263381421059728,0.974307824040407
5475,0.396656330052582,0.258190643117163,0.858215198648026
5478,0.43171093434003,0.264257786166914,0.753315439554394
5487,0.413644330591883,0.254415531886207,-0.142115444174761
5499,0.432519886746663,0.264527436969125,-0.157558375587653
5501,0.43292436294998,0.264729675070783,0.979093225329309
5509,0.432654712147769,0.267156532290684,-0.450423824174196
5511,0.462181474989888,0.34987191586895,-0.388853954103859
5522,0.504921127140353,0.442159902925711,-0.603850532269031
5524,0.476338142105973,0.389982472697856,-0.468605596424479
5526,0.426992045301335,0.295469866522853,-0.352638085359739
5529,0.432385061345557,0.265538627477417,0.993459655833489
5538,0.0926250505595254,0.0514358905217743,-0.0759857396006624
5545,0.0920857489551031,0.0511662397195631,0.979417525570672
5546,0.0879061615208305,0.0492112714035324,-0.24440677865344
5551,0.422138330861534,0.293177834704058,-0.403907465446378
5552,0.431980585142241,0.266010516381286,0.990165369985798
5555,0.537144398004584,0.44236214102737,-0.484293743499056
5556,0.42591344209249,0.263111770257517,-0.0700621096344018
5558,0.42591344209249,0.263111770257517,1
5562,0.414857759201834,0.267291357691789,1
5565,0.425778616691385,0.316570041795874,0.841979987170169
5568,0.0914116219495753,0.0505595254145881,0.979882766207936
5569,0.0906026695429419,0.050289874612377,-0.0745108534368394
5572,0.407712012943238,0.269381151408925,1
5577,0.486989348793313,0.368073345018201,-0.402043949748519
5584,0.45544020493461,0.317783470405824,-0.388739929487252
5588,0.451530268302548,0.315424025886477,-0.391592935532634
5591,0.409734393959822,0.291559929890791,0.999190678715912
5595,0.425778616691385,0.267089119590131,0.983755069983765
5616,0.432654712147769,0.263516246460833,0.997257796589623
5620,0.422812457867062,0.258325468518269,0.999411378018341
5621,0.422677632465957,0.258258055817716,0.963562502825285
5622,0.422947283268168,0.258932182823244,0.999804400651422
5635,0.375219091276797,0.242348658487259,1
5641,0.378589726304436,0.236348928138061,1
5645,0.430227854927868,0.263381421059728,-0.0884166260395943
5657,0.429418902521235,0.261628690845355,0.994917439720161
5660,0.430632331131185,0.267089119590131,0.879418995819302
5662,0.430632331131185,0.267089119590131,-0.0876155375097341
5667,0.390993663206148,0.256437912902791,0.914919444710865
5670,0.474989888094917,0.390926250505595,-0.48336138851644
5674,0.432115410543346,0.263381421059728,0.999216430782413
5678,0.471349602265067,0.393959822030471,0.995257307190767
5682,0.440744236214103,0.293447485506269,0.884818766034346
5708,0.431576108938924,0.264325198867467,0.998252328679903
5709,0.431980585142241,0.264931913172442,0.992807297271958
5715,0.430767156532291,0.262842119455305,0.999608456637244
5716,0.431036807334502,0.262976944856411,0.996872986900212
5726,0.435216394768774,0.266145341782392,-0.541419984517427
5739,0.43171093434003,0.267358770392342,0.973409781356643
5742,0.436699474180936,0.267830659296211,0.971729462411516
5744,0.425508965889174,0.263179182958069,0.960667590032356
5747,0.426857219900229,0.277605500876365,-0.190213285708722
5748,0.146420385600647,0.0838613994876635,-0.188477729154921
5752,0.147229338007281,0.0830524470810301,0.9957119483278
5754,0.438587029796414,0.268504786301739,1
5758,0.437373601186464,0.267628421194553,0.998249131071535
5770,0.426048267493596,0.286369151948227,-0.337005315587257
5773,0.421733854658218,0.266010516381286,0.999812385364693
5787,0.437508426587569,0.267561008494,0.996304013213253
5788,0.43656464877983,0.266549817985709,1
5801,0.438182553593097,0.267628421194553,0.999805094223624
5808,0.438587029796414,0.267830659296211,0.999025998341422
5822,0.488337602804368,0.437508426587569,-0.545174862416191
5825,0.436025347175408,0.268302548200081,1
5828,0.434946743966563,0.271942834029931,0.99267885034866
5830,0.437238775785358,0.27335850074154,0.984940109950309
5840,0.437103950384252,0.267493595793447,0.997088828352915
5841,0.436429823378725,0.267695833895106,-0.496354397263225
5847,0.458676014561143,0.319805851422408,0.393083704967993
5852,0.438587029796414,0.268639611702845,-0.0883032393618474
5857,0.437238775785358,0.267830659296211,0.999805835100135
5871,0.439530807604153,0.269381151408925,0.999224656835375
5874,0.436969124983147,0.267156532290684,0.998053722932604
5880,0.449777538088176,0.413913981394095,-0.523642221649172
5882,0.408790616152083,0.251449373061885,-0.281796670426388
5894,0.423756235674801,0.252865039773493,0.998578153474508
5896,0.423756235674801,0.252865039773493,0.998579287937466
5906,0.422677632465957,0.252460563570177,-0.183693276409728
5915,0.243629499797762,0.152959417554267,-0.10028518297783
5921,0.45665363354456,0.313401644869894,0.400210629407848
5932,0.207361466900364,0.130376162869084,0.343334129576606
5941,0.53727922340569,0.477618983416476,-0.536664889230622
5949,0.419981124443845,0.251651611163543,-0.192276568458625
5957,0.4164756640151,0.251786436564649,0.999001204678315
5970,0.418767695833895,0.255359309693946,0.999802818051898
5986,0.165430767156532,0.0864904948092221,-0.183326800698109
5987,0.423891061075907,0.252932452474046,-0.133999169441755
5992,0.422407981663745,0.252730214372388,0.992764715196507
5998,0.495752999865175,0.337265740865579,0.795265083999154
6000,0.390454361601726,0.247809087232035,0.997347462061086
6003,0.42348658487259,0.253134690575704,0.99473470344284
6004,0.423216934070379,0.253134690575704,1
6005,0.423216934070379,0.253134690575704,0.975200716923258
6017,0.405689631926655,0.267156532290684,-0.147561535718603
6020,0.14817311581502,0.077457192935149,1
6025,0.413374679789672,0.264662262370231,0.999446265948268
6034,0.408386139948766,0.262976944856411,0.810632181792794
6039,0.520426048267494,0.442496966428475,0.382885561415661
6043,0.518942968855332,0.483416475664015,-0.336457342917496
6049,0.350276392072266,0.227450451665094,-0.301249231486409
6052,0.0579749224753944,0.0297964136443306,-0.165421268148618
6053,0.515033032223271,0.456518808143454,0.997182367451483
6054,0.513684778212215,0.455709855736821,-0.432061135754895
6055,0.248887690440879,0.152622354051503,-0.245029150157462
6056,0.413239854388567,0.24841580153701,0.99959593287033
6058,0.407577187542133,0.245179991910476,0.999594853914524
6060,0.351220169880005,0.227652689766752,1
6069,0.423621410273696,0.254685182688418,-0.327449957101038
6074,0.496561952271808,0.470742887960092,-0.835880730655836
6085,0.316030740191452,0.216259943373332,0.830316707046162
6092,0.398409060266954,0.260954563839827,1
6103,0.2905487393825,0.184643386814076,-0.271145070550063
6115,0.42227315626264,0.253202103276257,1
6123,0.505730079546987,0.488809491708238,-0.538970248836422
6125,0.422542807064851,0.253067277875152,0.970838404828892
6130,0.410004044762033,0.249224753943643,0.991213407588769
6134,0.151139274639342,0.0794795739517326,-0.143018660909478
6135,0.418093568828367,0.256774976405555,0.999804780543067
6140,0.417284616421734,0.259741135229877,0.973819262501398
6141,0.407037885937711,0.257179452608872,1
6147,0.422812457867062,0.252123500067413,1
6152,0.41984629904274,0.251179722259674,0.999392023091902
6155,0.424430362680329,0.25374140488068,0.996360427955895
6156,0.422812457867062,0.253067277875152,-0.524936916752021
6162,0.424295537279223,0.253808817581232,-0.215053059133113
6164,0.400161790481327,0.24794391263314,1
6171,0.422407981663745,0.252730214372388,0.991326645960811
6172,0.423891061075907,0.254145881083996,1
6177,0.407037885937711,0.261089389240933,-0.526272635383783
6179,0.421733854658218,0.253202103276257,-0.537171629786341
6186,0.420924902251584,0.252393150869624,0.999596243146957
6190,0.418093568828367,0.255966023998921,0.986456786483783
6203,0.378859377106647,0.253471754078468,0.999287114433085
6216,0.107321019280032,0.0605366050964001,-0.115882540020394
6219,0.409599568558716,0.25374140488068,1
6226,0.386409599568559,0.233517594714844,-0.19692372523407
6230,0.339355534582715,0.200417958743427,-0.443459907816203
6239,0.413239854388567,0.251516785762438,0.981702432829578
6247,0.421464203856006,0.255494135095052,0.956261153728024
6249,0.393824996629365,0.272819199137117,0.982090998111626
6250,0.385330996359714,0.278279627881893,-0.362427608063369
6265,0.395847377645949,0.245921531616557,1
6266,0.395847377645949,0.245921531616557,0.953927280354766
6279,0.413105028987461,0.253067277875152,-0.272338956808465
6289,0.426722394499124,0.259471484427666,0.948459927665578
6295,0.411891600377511,0.259741135229877,1
6296,0.411891600377511,0.259741135229877,-0.125670368717751
6301,0.165161116354321,0.0930969394633949,0.989437297497664
6302,0.162060132128893,0.0912767965484698,0.466539180347544
6304,0.521369826075233,0.442429553727922,0.621457576769889
6305,0.420385600647162,0.254820008089524,-0.365458503115575
6311,0.202103276257247,0.10725360657948,-0.21439227491978
6327,0.450721315895915,0.330389645409195,-0.134684233241629
6331,0.451799919104759,0.337670217068896,-0.414115813585461
6339,0.063098287717406,0.0323580962653364,-0.139314363028664
6359,0.419306997438317,0.253876230281785,0.995215367695171
6362,0.4164756640151,0.251921261965754,-0.0977418338500636
6366,0.421733854658218,0.254550357287313,0.991453127594554
6373,0.421868680059323,0.25448294458676,0.999799998586587
6374,0.422003505460429,0.254415531886207,0.996401683818555
6385,0.0570311446676554,0.0293245247404611,-0.0836068260780516
6387,0.20533908588378,0.113185924228125,0.997594888389846
6398,0.334232169340704,0.207294054199811,-0.40432443158806
6415,0.46272077659431,0.364298233787245,0.998691099849726
6420,0.499393285695025,0.43535122016988,0.62773143314579
6425,0.406903060536605,0.249966293649724,-0.420349332180789
6430,0.164082513145477,0.0870297964136443,-0.183827317334401
6432,0.509640016179048,0.471349602265067,-0.48114927938919
6433,0.426048267493596,0.270055278414453,0.906551816943879
6441,0.419306997438317,0.252932452474046,-0.311050479773703
6445,0.367938519617096,0.228461642173385,0.999600200063888
6454,0.420385600647162,0.253876230281785,0.999201017698915
6458,0.40798166374545,0.248213563435351,-0.100140156993335
6467,0.159768100310098,0.0871646218147499,0.999574895890677
6481,0.41526223540515,0.255089658891735,1
6482,0.41526223540515,0.255089658891735,1
6484,0.415127410004045,0.251921261965754,0.981649337132575
6489,0.39854388566806,0.242550896588917,0.999799595598524
6490,0.398678711069165,0.24261830928947,0.908099658733621
6502,0.413374679789672,0.249022515841985,1
6509,0.503572873129298,0.426789807199676,-0.597897524693191
6510,0.495078872859647,0.34744505864905,0.46914329791306
6516,0.087771336119725,0.0449642712687071,0.241431206358589
6545,0.416745314817312,0.25084265875691,1
6550,0.414857759201834,0.249764055548065,1
6553,0.414722933800728,0.249831468248618,0.994378723546089
6565,0.415531886207361,0.25037076985304,1
6572,0.446406903060537,0.299379803154914,-0.385675967624448
6578,0.410138870163139,0.248078738034246,0.999799395992732
6579,0.410004044762033,0.248011325333693,0.996183856489547
6583,0.41283537818525,0.248887690440879,0.92347282115867
6599,0.0904678441418363,0.0504921127140353,-0.178717328230129
6605,0.537414048806795,0.476877443710395,0.520281058522042
6614,0.387623028178509,0.253673992180127,0.940904147711069
6616,0.0946474315761089,0.0527167318322772,-0.184141676812469
6629,0.0714574625859512,0.0378859377106647,-0.0664957423238615
6631,0.0709181609815289,0.0370769853040313,-0.0739240983352979
6642,0.461642173385466,0.36052312255629,-0.309922350596929
6648,0.399083187272482,0.248752865039773,-0.406591279803561
6650,0.410138870163139,0.247404611028718,-0.361760656012296
6651,0.479304300930295,0.349265201563975,-0.361544837294645
6654,0.409329917756505,0.24673048402319,-0.126849148399679
6676,0.409869219360928,0.247539436429823,-0.175132056357939
6679,0.394903599838209,0.238034245651881,0.962471059341052
6687,0.410543346366455,0.248280976135904,-0.124997647045336
6692,0.323311311851153,0.197923688822974,0.999351336492185
6707,0.415801537009573,0.25980854793043,-0.37455809687924
6708,0.484562491573412,0.352972900094378,-0.363434965371767
6714,0.407037885937711,0.258797357422138,-0.381241358118871
6715,0.474450586490495,0.357085074828098,-0.389329837461518
6716,0.389375758392881,0.265336389375758,-0.490114700969294
6717,0.438317378994203,0.373668599164082,-0.490114700969294
6719,0.389375758392881,0.265336389375758,-0.245431669629196
6720,0.227450451665094,0.128151543750843,0.820882933429016
6727,0.468383443440744,0.355130106512067,-0.18142265633208
6730,0.474855062693812,0.358905217743023,-0.405723162756318
6731,0.344613725225833,0.204934609680464,-0.276807914812737
6740,0.396386679250371,0.248483214237562,0.972986795247273
6743,0.519886746663071,0.401240393690171,-0.429933434719623
6772,0.467035189429689,0.348523661857894,-0.0798108252924973
6774,0.414857759201834,0.258662532021033,0.855709112193366
6775,0.478225697721451,0.315828502089794,0.842367115187306
6777,0.416340838613995,0.259404071727113,0.999425890042259
6784,0.417149791020628,0.260752325738169,0.976655240528629
6793,0.334232169340704,0.210395038425239,1
6799,0.484292840771201,0.34650128084131,-0.360686167592918
6801,0.0819738438721855,0.0420655251449373,-0.0843782756019654
6818,0.488067952002157,0.351220169880005,-0.372728983751603
6822,0.370769853040313,0.228933531077255,-0.170953427732782
6823,0.172846164217339,0.0935688283672644,-0.170290924665775
6828,0.374410138870163,0.262302817850883,1
6832,0.166239719563166,0.0894566536335446,-0.199511899244215
6841,0.393285695024943,0.246393420520426,1
6845,0.387488202777403,0.260887151139275,1
6866,0.402993123904544,0.248280976135904,0.9828259148509
6871,0.40461102871781,0.248280976135904,0.999802878045301
6884,0.381286234326547,0.249561817446407,-0.574713947851865
6890,0.402723473102332,0.247337198328165,0.997635517273169
6892,0.401510044492382,0.249292166644196,0.991851745666154
6894,0.399083187272482,0.247000134825401,0.977260159604106
6897,0.381690710529864,0.251247134960227,-0.339417950878835
6901,0.512875825805582,0.487933126601052,0.561108059135644
6907,0.472293380072806,0.407779425643791,0.980535832142891
6922,0.403262774706755,0.248146150734798,0.998820436883731
6923,0.403532425508966,0.248146150734798,0.996265093866234
6924,0.402318996899016,0.247539436429823,0.998229193856864
6925,0.402453822300121,0.247472023729271,-0.206753752869807
6932,0.372118107051368,0.232843467709316,0.98247775982965
6936,0.402049346096805,0.247809087232035,0.996084173303246
6941,0.403262774706755,0.24841580153701,-0.147338374738471
6952,0.402453822300121,0.248011325333693,0.99705669913902
6962,0.38546582176082,0.242753134690576,0.997497004053253
6965,0.401914520695699,0.247606849130376,0.999803645793228
6967,0.275178643656465,0.15592557637859,0.998391892689229
6968,0.275178643656465,0.156060401779695,-0.258325245361938
6971,0.471754078468383,0.311918565457732,-0.280489030040011
6988,0.383982742348658,0.237966832951328,0.999802548859074
6991,0.402993123904544,0.247337198328165,-0.29068510133045
6993,0.402858298503438,0.247539436429823,-0.201834082976089
7007,0.160442227315626,0.0854793043009303,0.998228248565126
7017,0.402588647701227,0.251314547660779,1
7024,0.421194553053795,0.310098422542807,0.997526657763695
7030,0.401105568289066,0.245988944317109,0.999802223444629
7056,0.402723473102332,0.246932722124848,0.967757093788957
7081,0.201159498449508,0.111096130510988,-0.136337788230729
7082,0.24551705541324,0.146892274504517,0.999736474267577
7098,0.400161790481327,0.247809087232035,-0.320520062097301
7104,0.333827693137387,0.202103276257247,-0.338081953443405
7107,0.395308076041526,0.245651880814345,0.940290677157492
7109,0.366185789402723,0.235000674127006,1
7116,0.428475124713496,0.276931373870837,-0.226253039552105
7121,0.475664015100445,0.355669408116489,0.997099365472038
7132,0.40461102871781,0.245854118916004,1
7137,0.404341377915599,0.24625859511932,1
7146,0.404476203316705,0.249426992045301,0.995298655598925
7150,0.390589187002831,0.247741674531482,0.692684824543038
7157,0.403667250910071,0.250101119050829,0.999611037553034
7158,0.403936901712283,0.250235944451935,0.999805492456612
7171,0.498045031683969,0.458406363758932,0.633010891289213
7172,0.402049346096805,0.248618039638668,0.999218684514418
7173,0.402049346096805,0.248483214237562,0.999218071728952
7174,0.402588647701227,0.248618039638668,0.999804423221533
7178,0.395847377645949,0.250775246056357,0.98392198994658
7182,0.401510044492382,0.255224484292841,1
7191,0.405150330322233,0.250438182553593,-0.122417510182815
7201,0.129567210462451,0.0695024942699205,-0.128177317063516
7205,0.400835917486855,0.248550626938115,1
7210,0.384387218551975,0.23897802345962,0.973146996971792
7215,0.404206552514494,0.249022515841985,-0.149288388755393
7217,0.404341377915599,0.249494404745854,0.997850418833826
7218,0.403936901712283,0.249561817446407,0.933934152340397
7220,0.417014965619523,0.262976944856411,0.971688227626912
7222,0.405554806525549,0.261561278144802,0.998350279819062
7236,0.366455440204935,0.256707563705002,0.999660373974907
7237,0.366185789402723,0.256707563705002,-0.139440142842956
7241,0.132533369286774,0.0709855736820817,-0.119485954139798
7243,0.403802076311177,0.263381421059728,0.998370875859578
7256,0.408116489146555,0.261628690845355,0.999630241574899
7257,0.408116489146555,0.26149386544425,0.999814997929669
7264,0.407172711338816,0.261696103545908,1
7265,0.407172711338816,0.261696103545908,1
7275,0.414318457597411,0.260415262235405,0.93329894227842
7278,0.413105028987461,0.260213024133747,0.998868676541635
7281,0.436699474180936,0.326075232573817,0.805078839010743
7282,0.413509505190778,0.260684913037616,-0.109257939301119
7310,0.338142105972765,0.221248483214238,0.999232393450833
7313,0.132668194687879,0.0710529863826345,-0.11897998857391
7328,0.13415127410004,0.071524875286504,-0.122508264872054
7358,0.413105028987461,0.260078198732641,0.993018021969972
7363,0.4116219495753,0.259741135229877,-0.299862488875781
7366,0.393420520426048,0.258055817716058,1
7370,0.175407846838344,0.0949844950788729,0.337566736067523
7373,0.400835917486855,0.257718754213294,0.999260321867022
7374,0.401375219091277,0.257988405015505,0.99963005682244
7380,0.41283537818525,0.25980854793043,0.999054934672805
7381,0.412161251179722,0.259606309828772,0.996793062425234
7391,0.173655116623972,0.0946474315761089,-0.104271899706775
7405,0.408520965349872,0.258460293919374,0.997173156240978
7408,0.133477147094513,0.0713226371848457,-0.121202889510149
7411,0.404206552514494,0.258325468518269,-0.119633752390564
7412,0.133477147094513,0.0713226371848457,-0.120783765111014
7419,0.39733045705811,0.253808817581232,-0.115892596182836
7422,0.39733045705811,0.262167992449778,1
7426,0.451395442901443,0.329513280302009,0.835863069997491
7438,0.412970203586356,0.260550087636511,0.998869302071553
7439,0.412700552784145,0.260415262235405,0.978328939640579
7440,0.408386139948766,0.260954563839827,1
7454,0.412430901981933,0.259067008224349,0.996774322525162
7460,0.405285155723338,0.255898611298369,0.999621771883826
7466,0.171228259404072,0.0930295267628422,-0.28850497216794
7478,0.412296076580828,0.258864770122691,0.998482861410969
7480,0.412026425778617,0.258999595523797,0.999621000078999
7481,0.412296076580828,0.259134420924902,0.999431421531024
7486,0.132398543885668,0.0715922879870567,-0.10950320541347
7487,0.175138196036133,0.0951193204799784,-0.212904227926504
7493,0.410947822569772,0.258325468518269,0.83399246612007
7502,0.406498584333288,0.260010786032088,1
7504,0.406498584333288,0.260010786032088,0.985614011630277
7507,0.411217473371983,0.258729944721586,0.994897876272518
7515,0.346231630039099,0.228124578670622,0.904665493300239
7518,0.403262774706755,0.264190373466361,-0.559439286684926
7526,0.544964271268707,0.491573412430902,-0.288417519083646
7530,0.382095186733181,0.256977214507213,1
7535,0.409464743157611,0.257314278009977,1
7538,0.409060266954294,0.25738169071053,0.975900208716983
7540,0.405959282728866,0.259875960630983,0.987390380917794
7545,0.407712012943238,0.256842389106108,-0.506772827658668
7547,0.491708237832008,0.487191586894971,-0.497907594794236
7559,0.409734393959822,0.257718754213294,0.99622552888909
7560,0.411082647970878,0.259067008224349,0.999055142079641
7562,0.410947822569772,0.258999595523797,1
7571,0.409464743157611,0.257718754213294,0.0360778182414805
7594,0.471754078468383,0.482607523257382,0.742254783177068
7596,0.233517594714844,0.133611972495618,-0.272472907301984
7608,0.471214776863961,0.391600377511123,-0.553093054016591
7615,0.334501820142915,0.213361197249562,-0.196714247284077
7620,0.447081030066064,0.332074962923015,0.746494645317389
7639,0.422138330861534,0.306255898611298,-0.242458634874787
7651,0.139409464743158,0.0769853040312795,0.32170696096005
7665,0.381960361332075,0.241135229877309,0.673599068625976
7670,0.467170014830794,0.380544694620466,0.564816841145801
7675,0.131589591479035,0.0719967641903735,-0.111766104282049
7681,0.0660644465417285,0.0347849534852366,-0.0685153808311267
7682,0.130106512066873,0.0716597006876095,-0.156301924633716
7688,0.134286099501146,0.0745584468113792,1
7689,0.134286099501146,0.0745584468113792,-0.205350127526278
7696,0.133342321693407,0.0738169071052986,0.30539360917145
7704,0.273560738843198,0.169542941890252,1
7707,0.455170554132399,0.34286099501146,-0.224390263048235
7725,0.128218956451395,0.0700417958743427,-0.221818792096277
7740,0.282189564513954,0.169273291088041,-0.293585753575702
7741,0.399352838074693,0.290144263179183,0.999682452930605
7746,0.224888769044088,0.127814480248079,-0.0816197427962589
7752,0.464608332209788,0.364567884589457,1
7765,0.465956586220844,0.410812997168667,-0.372537453928798
7773,0.490225158419846,0.405959282728866,0.853179936718071
7774,0.453687474720237,0.33632196305784,-0.3415002783489
7781,0.451260617500337,0.338074693272213,-0.339952157712045
7784,0.168801402184172,0.0947822569772145,0.149938049698949
7785,0.265066738573547,0.156936766886882,-0.169141931751477
7786,0.290413913981394,0.17554267223945,-0.447755769902679
7800,0.495078872859647,0.437103950384252,-0.778169172510863
7805,0.50047188890387,0.440474585411892,0.49064823969796
7814,0.137117432924363,0.075569637319671,0.994787720759974
7822,0.129162734259134,0.0725360657947958,0.960252599694294
7824,0.136173655116624,0.0756370500202238,0.306190341800549
7833,0.138600512336524,0.0764460024268572,-0.169420565380714
7834,0.432385061345557,0.330524470810301,-0.511641078344018
7841,0.0566266684643387,0.0293919374410139,1
7849,0.458271538357827,0.340501550492113,-0.392054204835481
7851,0.45786706215451,0.340299312390454,1
7856,0.139004988539841,0.0766482405285156,1
7858,0.139139813940946,0.0767156532290684,0.998596730054222
7879,0.403532425508966,0.270392341917217,0.985189481861982
7880,0.405959282728866,0.274706754752595,-0.182693203169441
7883,0.144532829985169,0.0795469866522853,-0.155059923246096
7893,0.481461507347984,0.439598220304705,0.510942881559571
7902,0.147364163408386,0.0809626533638937,0.389285856802105
7918,0.150060671430498,0.0836591613860052,-0.0699971754152188
7923,0.490359983820952,0.408588378050425,0.839369827989083
7929,0.469596872050694,0.42058783874882,0.986632577405152
7932,0.180800862882567,0.0990292571120399,0.999236230258161
7948,0.465686935418633,0.431171632735607,0.910534566606002
7953,0.16003775111231,0.0870297964136443,-0.131729090687757
7955,0.263853309963597,0.161857894027235,-0.216535988629457
7960,0.311985978158285,0.21235000674127,0.745115236245217
7963,0.311446676553863,0.211541054334637,1
7969,0.170823783200755,0.0967372252932452,0.607612123529993
7970,0.34987191586895,0.232101928003236,-0.183916189597973
7971,0.147768639611703,0.0826479708777134,-0.184167989495666
7972,0.349737090467844,0.232438991506,-0.185091790448298
7981,0.333153566131859,0.203923419172172,-0.258558667359712
7982,0.31427800997708,0.192598085479304,-0.481925687107561
7989,0.515437508426588,0.495820412565727,-0.480437981322869
7997,0.216664419576648,0.120062019684509,1
8004,0.451260617500337,0.325401105568289,0.815923414955172
8009,0.216259943373332,0.119994606983956,-0.124085561158764
8011,0.178104354860456,0.0978158285020898,-0.110560796878996
8017,0.178104354860456,0.0979506539031954,-0.171501601843298
8020,0.149116893622759,0.0827827962788189,-0.105287222889524
8021,0.178104354860456,0.0979506539031954,0.725480538177505
8029,0.18376702170689,0.100512336524201,-0.0926551294226982
8032,0.358770392341917,0.235607388431981,0.562845941936168
8037,0.36294997977619,0.254415531886207,-0.188015049638321
8045,0.15302683025482,0.0877039234191722,-0.21284895000363
8060,0.153566131859242,0.0878387488202778,0.445590462849723
8063,0.0295267628421195,0.0150330322232709,-0.042199514005846
8079,0.419172172037212,0.311514089254415,0.9998463695747
8082,0.152487528650398,0.0868949710125387,-0.167286619502054
8097,0.419037346636106,0.303491977888634,0.485112641841914
8101,0.48159633274909,0.483349062963462,0.830194319277345
8103,0.466765538627477,0.370095726034785,-0.0759509971886558
8110,0.352703249292167,0.229607658082783,-0.461551522568001
8111,0.453282998516921,0.422542807064851,-0.0872641602908912
8115,0.150465147633814,0.0864230821086692,0.426914521438204
8118,0.199946069839558,0.109006336793852,0.999284920285442
8125,0.503168396925981,0.458676014561143,0.547686877338582
8137,0.233922070918161,0.132600781987326,-0.237511843639722
8152,0.491438587029796,0.481259269246326,0.315373706476597
8162,0.217877848186598,0.127275178643656,0.37890226369171
8165,0.152487528650398,0.0859511932047998,-0.302398160224543
8170,0.459619792368882,0.350343804772819,-0.475714302281987
8171,0.385870297964136,0.289470136173655,-0.470246857524558
8176,0.212484832142376,0.124309019819334,-0.226274343119144
8180,0.379937980315491,0.259538897128219,-0.254928778187122
8186,0.392207091816098,0.280908723203452,-0.281425429376207
8190,0.381825535930969,0.260887151139275,0.993947277503175
8198,0.152352703249292,0.0860186059053526,0.99875301175714
8199,0.152487528650398,0.0860860186059054,0.997506067661185
8206,0.358500741539706,0.234933261426453,0.959633772039357
8216,0.509505190777943,0.480585142240798,-0.406116657610862
8220,0.394229472832682,0.277201024673048,-0.443415405474543
8222,0.406498584333288,0.29250370769853,-0.270025785572437
8226,0.284346770931644,0.175475259538897,0.999542014617002
8228,0.126735877039234,0.0657947957395173,-0.111404832474699
8229,0.285695024942699,0.176149386544425,0.989933644912592
8230,0.283268167722799,0.174801132533369,0.999541540104687
8245,0.407442362141027,0.291627342591344,-0.242253011946354
8252,0.412026425778617,0.289604961574761,0.76714278805569
8253,0.487124174194418,0.402251584198463,-0.142048121702284
8254,0.485910745584468,0.373466361062424,-0.495589656246891
8265,0.12228663880275,0.0668059862478091,0.997877239089628
8268,0.413239854388567,0.300997707968181,0.845413537894311
8272,0.132668194687879,0.073075367399218,0.504877376647795
8281,0.117567749764056,0.0606714304975058,-0.056016176025036
8282,0.137252258325469,0.0738843198058514,-0.0911887010312455
8283,0.135499528111096,0.0747606849130377,-0.124234932952561
8287,0.13630848051773,0.0731427800997708,-0.0507526064014266
8289,0.134016448698935,0.0737494944047459,-0.236554528361886
8291,0.13873533773763,0.0747606849130377,-0.0301925091015028
8292,0.0497505730079547,0.0274369691249832,0.969690708603191
8308,0.357961439935284,0.232641229607658,-0.38347507061337
8341,0.484697316974518,0.49056222192261,-0.61275838357835
8350,0.479978427935823,0.397195631657004,0.406096259790089
8361,0.430901981933396,0.2929755966024,-0.343173307836891
8363,0.130376162869085,0.071524875286504,0.389032105530418
8365,0.127275178643656,0.0699743831737899,-0.25010353661664
8370,0.126061750033706,0.0651880814345422,-0.0629149356749232
8371,0.131050289874612,0.0718619387892679,-0.182306568278732
8372,0.356343535122017,0.242079007685048,-0.165148569381218
8382,0.431980585142241,0.333692867736281,-0.224442100823344
8384,0.483888364567885,0.405217743022785,0.854895654096223
8385,0.432385061345557,0.333760280436834,0.855124115758532
8401,0.451125792099231,0.323715788054469,0.826700240743028
8409,0.516381286234327,0.487258999595524,-0.529698649426545
8414,0.149251719023864,0.0817716057705272,0.509656242535319
8421,0.474989888094917,0.363421868680059,-0.380131920997714
8422,0.315086962383713,0.205406498584333,-0.379520455109128
8427,0.149925846029392,0.0819738438721855,-0.302510576460521
8428,0.513280302008899,0.475731427800998,-0.568668268927154
8431,0.217068895779965,0.122151813401645,-0.149306369497104
8433,0.501954968316031,0.474652824592153,0.445425388950136
8442,0.47094512606175,0.386881488472428,-0.241104439291056
8448,0.468383443440744,0.383713091546447,0.995369463426571
8457,0.244708103006606,0.141903734663611,-0.184012763134017
8459,0.471888903869489,0.433733315356613,0.998812258976589
8460,0.471484427666172,0.433800728057166,0.996831000600536
8464,0.053390858837805,0.0310098422542807,1
8465,0.053390858837805,0.0310098422542807,-0.100262953291071
8478,0.357017662127545,0.229068356478361,-0.221469070169248
8495,0.488067952002157,0.499662936497236,-0.562253569722533
8507,0.481865983551301,0.386005123365242,-0.245013837615667
8513,0.476203316704867,0.370904678441418,0.442314810534478
8525,0.170688957799649,0.0976135904004315,-0.166475345985679
8527,0.493326142645274,0.38957799649454,-0.276577084552033
8528,0.20169880005393,0.113522987730889,-0.0899597108733957
8535,0.393959822030471,0.29904273965215,0.377028649406173
8536,0.287987056761494,0.179452608871511,0.991949776835564
8538,0.204530133477147,0.116421733854658,-0.169576203910085
8541,0.283133342321693,0.173655116623972,0.994210772738245
8551,0.484562491573412,0.453552649319132,-0.468691813104381
8563,0.182688418498045,0.0990292571120399,-0.228012580389237
8564,0.49346096804638,0.396791155453687,0.814653354185201
8577,0.49346096804638,0.457597411352299,-0.310684924207603
8586,0.251314547660779,0.147768639611703,-0.14454594369421
8590,0.102871781043549,0.0530537953350412,0.265921370686195
8603,0.419172172037212,0.298705676149387,0.590862248241678
8604,0.229877308884994,0.132331131185115,-0.11813642740925
8618,0.500741539706081,0.471079951462856,-0.484751927837642
8624,0.280167183497371,0.176081973843872,-0.443378511263458
8629,0.304705406498584,0.186868005932318,-0.227915138037881
8639,0.361601725765134,0.22178778481866,-0.370246183582106
8650,0.355130106512067,0.218686800593232,-0.515601512437259
8652,0.360792773358501,0.22178778481866,0.51456661679035
8654,0.516650937036538,0.441013887016314,-0.467159544650029
8655,0.359714170149656,0.221113657813132,-0.372298183389187
8658,0.517999191047593,0.441553188620736,-0.467542966401204
8667,0.360388297155184,0.221450721315896,0.996116340669421
8668,0.358096265336389,0.220304705406499,-0.379578211620765
8685,0.424160711878118,0.2954024538223,-0.264836904295934
8686,0.250910071457463,0.144330591883511,-0.263265088804037
8690,0.424295537279223,0.294795739517325,0.99917312669796
8693,0.425508965889174,0.296346231630039,0.99769071643765
8695,0.424565188081435,0.295739517325064,-0.540985598993346
8700,0.387218551975192,0.252258325468518,0.999265710184236
8711,0.50775246056357,0.491168936227585,-0.654266457667935
8726,0.48645004718889,0.421733854658218,0.811592302725893
8729,0.43292436294998,0.353040312794931,-0.536423515464619
8732,0.428205473911285,0.382499662936497,1
8733,0.428205473911285,0.382499662936497,0.968279628302101
8743,0.11042200350546,0.0588512875825805,-0.211992325341133
8751,0.170554132398544,0.0937710664689227,0.994038789197561
8753,0.464877983011999,0.333962518538493,0.783914310227328
8755,0.169475529189699,0.0945800188755561,1
8757,0.169475529189699,0.0945800188755561,-0.105062527485567
8758,0.388971282189565,0.247472023729271,-0.42949386226527
8760,0.439800458406364,0.320884454631252,0.999531758094195
8770,0.111096130510988,0.0594580018875556,-0.201775226044028
8774,0.434946743966563,0.359309693946339,-0.429438784195885
8784,0.131994067682351,0.0700417958743427,1
8786,0.478764999325873,0.430160442227316,-0.328148747033592
8803,0.240798166374545,0.138061210732102,0.234986717416406
8808,0.111500606714305,0.059660239989214,-0.204595959480231
8811,0.435755696373197,0.361062424160712,-0.394053904543338
8830,0.448024807873803,0.324726978562761,-0.55616571839147
8832,0.436429823378725,0.362612916273426,-0.555056511296105
8833,0.447755157071592,0.325401105568289,-0.139390392312032
8839,0.199811244438452,0.112444384522044,1
8845,0.442901442631792,0.333086153431306,0.99394578671033
8848,0.493730618848591,0.496427126870702,0.26592588126067
8852,0.329513280302009,0.211810705136848,-0.422945257575492
8856,0.363893757583929,0.224282054739113,0.995740196380081
8865,0.485910745584468,0.443171093434003,-0.451906031634155
8867,0.327490899285425,0.208507482809761,-0.358148544281758
8874,0.227720102467305,0.131791829580693,-0.223040984908529
8880,0.368073345018201,0.228394229472833,0.969527076548259
8882,0.356208709720911,0.215046514763381,-0.16311452046511
8886,0.228259404071727,0.133140083591749,0.39014130269821
8893,0.173655116623972,0.0938384791694755,-0.190728839387592
8910,0.173655116623972,0.0951867331805312,0.996883685389898
8911,0.172846164217339,0.0955912093838479,-0.299319059154018
8915,0.15666711608467,0.0860186059053526,-0.274964499027292
8918,0.327625724686531,0.196575434811919,-0.378631615549553
8921,0.301334771470945,0.18572199002292,-0.20428018787956
8922,0.363354455979507,0.222394499123635,-0.191378998548605
8938,0.515437508426588,0.472765268976675,0.999720044349021
8942,0.531077254954833,0.460496157476069,0.665054789123398
8964,0.489955507617635,0.406228933531077,0.455062688469973
8973,0.332614264527437,0.211338816232978,-0.29917282322164
8976,0.231360388297155,0.129567210462451,-0.132051287196421
8985,0.384117567749764,0.259336659026561,-0.0475442233668833
8996,0.112309559120938,0.0575030335715249,-0.0728756873672071
9001,0.512741000404476,0.47263044357557,-0.566250329258396
9008,0.472697856276122,0.350411217473372,-0.141491736776686
9009,0.111500606714305,0.0595254145881084,-0.141491736776686
9025,0.318862073614669,0.204327895375489,-0.389876158054199
9037,0.43777807738978,0.288458945665363,-0.132163317585721
9043,0.398813536470271,0.268976675205609,0.844566166328563
9044,0.329243629499798,0.208035593905892,-0.134482103243419
9047,0.399352838074693,0.268707024403398,1
9054,0.318187946609141,0.217203721181071,0.999813764377931
9056,0.507887285964676,0.472225967372253,0.430356760166472
9059,0.483753539166779,0.441553188620736,-0.390003975158788
9061,0.402993123904544,0.269718214911689,0.99964996167894
9067,0.1210732101928,0.066199271942834,1
9070,0.362545503572873,0.229809896184441,0.999804881365729
9071,0.362680328973979,0.229877308884994,-0.254829811190617
9075,0.338142105972765,0.227585277066199,0.848987802248766
9078,0.110826479708777,0.0601321288930835,0.995901242907543
9086,0.110152352703249,0.0599298907914251,1
9092,0.11042200350546,0.0599298907914251,0.416331774295402
9095,0.311446676553863,0.185654577322368,-0.284190191938257
9101,0.415936362410678,0.296683295132803,-0.277450225063441
9106,0.414857759201834,0.269853040312795,0.975422268078346
9120,0.37602804368343,0.231832277201025,0.989676895375576
9128,0.364567884589457,0.230146959687205,0.999804147526351
9135,0.374005662666846,0.236618578940272,-0.284588975817586
9136,0.298773088849939,0.178104354860456,-0.284015441216862
9143,0.367938519617096,0.230214372387758,0.9994070078394
9145,0.36780369421599,0.230146959687205,0.904616539359011
9146,0.331400835917487,0.21599029257112,1
9163,0.37966832951328,0.236214102736956,-0.242169219580398
9164,0.298503438047728,0.178239180261561,-0.153682820122789
9168,0.22057435620871,0.123365242011595,-0.145712407238212
9174,0.346905757044627,0.21524875286504,0.586683859520035
9177,0.509370365376837,0.445597950653903,-0.718234678217591
9187,0.48645004718889,0.412565727383039,0.99194161183813
9189,0.477686396117028,0.432722124848321,0.945318197128789
9199,0.0327625724686531,0.0166509370365376,-0.08831567426024
9203,0.477281919913712,0.4140488067952,0.993324642304681
9206,0.42348658487259,0.331603074019145,-0.631688784753145
9221,0.360118646352973,0.25690980180666,-0.50708649732217
9231,0.163812862343265,0.090265606040178,0.353111010621235
9239,0.48280976135904,0.383645678845895,-0.221293229645923
9256,0.484292840771201,0.384387218551975,-0.42226602816948
9259,0.490899285425374,0.476540380207631,0.990769886147187
9261,0.38667925037077,0.258460293919374,0.998402341457824
9271,0.441283537818525,0.354118916003775,0.989519754010948
9275,0.442092490225158,0.354523392207092,-0.565918264776404
9282,0.48523661857894,0.490427396521505,0.603997352623203
9291,0.497910206282864,0.4951462855602,0.999865719657542
9293,0.497910206282864,0.492854253741405,0.994108475612401
9299,0.498045031683969,0.496157476068491,-0.188856100419268
9306,0.0599973034919779,0.0310772549548335,0.996658263339679
9319,0.494944047458541,0.44890117298099,0.789105459547388
9331,0.168262100579749,0.0980180666037481,-0.261469776652519
9337,0.481326681946879,0.427800997707968,0.942302884618355
9342,0.506673857354726,0.454091950923554,0.730591827725815
9348,0.136578131319941,0.075569637319671,0.988162170651334
9352,0.467709316435216,0.420048537144398,0.968269901553393
9360,0.506673857354726,0.481461507347984,0.84928855147692
9364,0.149656195227181,0.0829176216799244,0.99738093862307
9369,0.399892139679116,0.262639881353647,0.768573761546003
9383,0.157071592287987,0.082445732776055,0.91347556601076
9390,0.153566131859242,0.0832546851826884,0.976727510590321
9392,0.146555211001753,0.0816367803694216,0.999560586982047
9401,0.154779560469192,0.0833220978832412,1
9405,0.184036672509101,0.0970068760954563,0.995956599649353
9409,0.314008359174869,0.18208170419307,0.985691190443498
9415,0.147633814210597,0.0806930025616827,0.654488629176279
9419,0.185250101119051,0.0978832412026426,1
9421,0.185250101119051,0.0978832412026426,0.990348486032776
9423,0.324120264257786,0.200350546042874,0.315345649028467
9424,0.0528515572333828,0.0270999056222192,0.316110805814634
9439,0.325064042065525,0.201092085748955,1
9447,0.32492921666442,0.200889847647297,0.63509861919019
9450,0.0558177160577053,0.028448159633275,-0.0390022296386482
9453,0.178778481865984,0.0947822569772145,-0.095421739468702
9455,0.217877848186598,0.121612511797223,-0.0432360059113424
9457,0.142105972765269,0.078063907240124,-0.0629290885661925
9458,0.217338546582176,0.121612511797223,-0.0910426216911427
9468,0.315761089389241,0.192800323580963,-0.145549310871748
9475,0.226776324659566,0.127140353242551,0.998453761507748
9479,0.341377915599299,0.217338546582176,0.999005859451665
9480,0.341512741000404,0.217405959282729,0.719644476204027
9483,0.214642038560065,0.120399083187272,0.614963462779299
9487,0.196305784009707,0.11042200350546,-0.0623915772125912
9494,0.175812323041661,0.0935688283672644,0.987253524097158
9507,0.10071457462586,0.0514358905217743,-0.0753304575220616
9509,0.213833086153431,0.125926924632601,0.424980641901407
9510,0.499393285695025,0.46393420520426,0.645613149053598
9512,0.297694485641095,0.189025212350007,0.999786338938316
9521,0.499932587299447,0.468653094242955,0.419991727253637
9522,0.215046514763381,0.127747067547526,-0.0975869445269075
9529,0.204530133477147,0.110354590804908,0.487204350622959
9538,0.146690036402858,0.0769853040312795,0.998529275041295
9539,0.146555211001753,0.0769178913307267,-0.0894606746583167
9549,0.297424834838884,0.170014830794122,0.911389262335717
9550,0.260482674935958,0.155723338276931,1
9560,0.439126331400836,0.356276122421464,0.347450957953112
9576,0.363758932182823,0.255628960496157,0.624803398588758
9581,0.232708642308211,0.138870163138735,0.550141883176505
9589,0.232978293110422,0.142510448968586,0.568312220888655
9595,0.215720641768909,0.120399083187272,0.999351477297553
9598,0.220709181609815,0.122893353107726,0.998398547706339
9601,0.455035728731293,0.317176756100849,-0.123424780148395
9613,0.170823783200755,0.0913442092490225,0.995447535081002
9622,0.498853984090603,0.401105568289066,-0.00401295625670724
9638,0.235674801132533,0.139679115545369,-0.245040309891017
9640,0.380746932722125,0.249831468248618,0.999086765726973
9660,0.0643117163273561,0.0329648105703114,-0.0758127212821815
9670,0.228259404071727,0.135162464608332,0.740478236917999
9671,0.332883915329648,0.221585546717001,-0.286020949384532
9679,0.351894296885533,0.215450990966698,-0.199578114634003
9680,0.224079816637454,0.126196575434812,0.993192574161992
9686,0.525953889712822,0.491910475933666,-0.384740152069085
9691,0.477012269111501,0.346905757044627,0.759029021361523
9694,0.22057435620871,0.123634892813806,0.407383308698222
9696,0.184575974113523,0.104826749359579,0.979461603501288
9700,0.21599029257112,0.127275178643656,0.971156098705341
9705,0.506404206552515,0.456114331940138,0.763986137821902
9719,0.331131185115276,0.196575434811919,-0.40393901731431
9723,0.219900229203182,0.124376432519887,0.950153472982864
9727,0.411891600377511,0.272819199137117,-0.515113557158715
9729,0.255494135095052,0.156599703384118,-0.139323348723005
9739,0.414318457597411,0.274032627747067,0.745962157767211
9750,0.476742618309289,0.402049346096805,-0.450797002438842
9755,0.0417958743427262,0.0211675879735742,-0.106001592387967
9759,0.472023729270595,0.405487393824997,1
9763,0.339894836187138,0.220776594310368,-0.444974334135409
9766,0.221383308615343,0.123769718214912,-0.187313791634543
9767,0.347310233247944,0.224079816637454,0.705639636108561
9769,0.501280841310503,0.448698934879331,-0.744108327672083
9781,0.480787380342456,0.424834838883646,0.992873332170481
9788,0.480248078738034,0.42348658487259,0.987977652460607
9795,0.47795604691924,0.369758662532021,-0.417516980617986
9800,0.34286099501146,0.221046245112579,-0.317546077759738
9803,0.222057435620871,0.125455035728731,-0.190766012892871
9808,0.390724012403937,0.24915734124309,-0.180846209994956
9813,0.174868545233922,0.0939058918700283,-0.177783394126411
9820,0.216394768774437,0.128556019954159,-0.246040905171115
9827,0.199002292031819,0.10799514628556,-0.19240772638877
9830,0.353916677902117,0.231292975596602,-0.314791097662205
9831,0.383308615343131,0.255561547795605,-0.185457538147299
9836,0.373736011864635,0.26344883376028,1
9842,0.373736011864635,0.26344883376028,-0.344485068191065
9860,0.45206956990697,0.343198058514224,0.88735805199614
9867,0.390184710799515,0.251044896858568,-0.254608068209543
9868,0.23122556289605,0.141364433059188,0.994697493999075
9871,0.259538897128219,0.144195766482405,0.998560811306526
9872,0.259134420924902,0.144128353781853,-0.335323420333091
9881,0.50775246056357,0.458271538357827,-0.297007689647829
9887,0.178239180261561,0.0962653363893757,0.708246120410444
9906,0.494000269650802,0.457462585951193,-0.837826513579579
9907,0.501146015909397,0.452271808008629,-0.815712010901161
9908,0.492382364837535,0.447755157071592,-0.832830731817382
9909,0.499932587299447,0.467439665633005,0.972512193415281
9921,0.203451530268303,0.111163543211541,0.92441687528115
9922,0.223810165835243,0.123230416610489,0.937291340182149
9944,0.320075502224619,0.196170958608602,-0.374911019334254
9947,0.32277201024673,0.197249561817446,-0.0660354822039365
9949,0.488607253606579,0.404206552514494,-0.273397523777674
9951,0.489146555211002,0.404745854118916,-0.275217786518545
9952,0.191586894971013,0.108871511392746,0.995192451855127
9959,0.191856545773224,0.108871511392746,0.98380182319865
9967,0.496966428475125,0.485775920183363,0.990179463002194
9974,0.431171632735607,0.307806390724012,0.741833426961538
9978,0.493730618848591,0.478630173924767,0.9838871569515
9979,0.499662936497236,0.479034650128084,0.998919942579713
9985,0.489955507617635,0.395038425239315,-0.764005334483805
9999,0.21477686396117,0.122488876904409,0.985888118729516
10013,0.193609275987596,0.110287178104355,0.489168361515299
10021,0.228663880275044,0.131589591479035,-0.214060218874133
10025,0.293245247404611,0.178306592962114,0.721556291704359
10027,0.31670486719698,0.193407037885938,-0.1725718047845
10028,0.206687339894836,0.117635162464608,0.96721120603121
10035,0.400701092085749,0.291222866388028,0.978667669352564
10038,0.435755696373197,0.30241337467979,0.887060127932386
10051,0.383713091546447,0.256437912902791,0.999466594421785
10058,0.391937441013887,0.263785897263044,0.757935964003405
10061,0.484966967776729,0.378657139004989,0.75236351215974
10066,0.374005662666846,0.252797627072941,-0.202260626108121
10072,0.482135634353512,0.402453822300121,0.691647726449404
10077,0.415397060806256,0.265673452878522,-0.321123741812764
10085,0.328704327895376,0.216934070378859,1
10094,0.197384387218552,0.112983686126466,0.990791022887715
10097,0.491573412430902,0.401644869893488,-0.458032401056878
10099,0.42834029931239,0.333086153431306,0.999268302522046
10100,0.427666172306863,0.332749089928543,0.751683096378684
10103,0.199137117432924,0.113994876634758,0.998355043489425
10117,0.416071187811784,0.265471214776864,-0.560175896118352
10120,0.383713091546447,0.260617500337064,-0.323548340292302
10147,0.469192395847378,0.32856950249427,0.629103807291737
10157,0.198732641229608,0.109747876499933,-0.240215756959917
10161,0.386409599568559,0.279088580288526,-0.217727193114767
10163,0.393824996629365,0.287515167857624,-0.453866104144251
10165,0.448564109478226,0.328232438991506,-0.454698543034043
10168,0.427261696103546,0.302750438182554,0.961070810676353
10181,0.428205473911285,0.323041661048942,-0.523607365213
10182,0.470810300660644,0.375893218282324,-0.25886756614386
10184,0.416340838613995,0.336389375758393,-0.441059015600637
10190,0.444114871241742,0.328973978697587,0.986901479942155
10193,0.434946743966563,0.302683025482001,1
10200,0.474315761089389,0.388971282189565,-0.457389537152488
10211,0.419576648240529,0.316570041795874,0.87933041201168
10233,0.416206013212889,0.264864500471889,-0.197791422200685
10236,0.415397060806256,0.264864500471889,1
10241,0.423351759471484,0.299447215855467,0.954381498848424
10245,0.513415127410004,0.414183632196306,0.998086090591005
10258,0.51476338142106,0.432115410543346,0.998989594612668
10260,0.479304300930295,0.359377106646892,-0.617326359456571
10263,0.445463125252798,0.313603882971552,0.94662317962628
10274,0.440879061615208,0.309289470136174,0.92694786783067
10284,0.395982203047054,0.275111230955912,0.876967372113081
10286,0.395712552244843,0.274167453148173,0.777081127306354
10296,0.416071187811784,0.289065659970338,0.110425053152593
10299,0.416610489416206,0.297694485641095,0.675018374430503
10301,0.42470001348254,0.313199406768235,0.997988852833586
10310,0.417419441822839,0.322097883241203,0.756166888259599
10313,0.33220978832412,0.217743022785493,1
10318,0.333692867736282,0.216866657678307,-0.505567294121115
10324,0.52905487393825,0.487663475798841,-0.802134212788844
10330,0.403802076311177,0.280908723203452,0.297515474990781
10335,0.166644195766482,0.0986921936092759,0.962041323673978
10338,0.360792773358501,0.23850613455575,-0.118299888438461
10351,0.429553727922341,0.313873533773763,0.720938289021419
10359,0.398948361871377,0.303829041391398,1
10364,0.494404745854119,0.447957395173251,0.227202893285437
10372,0.495618174464069,0.450047188890387,0.313479527114195
10377,0.416745314817312,0.290885802885264,0.834434545592483
10379,0.258055817716058,0.151139274639342,0.834689643099872
10382,0.250910071457463,0.146892274504517,0.37058674909721
10386,0.443036268032897,0.319671026021302,0.986540919415638
10387,0.434272616961035,0.325266280167184,-0.154232823788019
10398,0.0835917486854523,0.0439530807604153,0.43884772728825
10434,0.155588512875826,0.0880409869219361,0.432696270263171
10440,0.49224753943643,0.418565457732237,0.629025298741034
10443,0.375353916677902,0.258864770122691,0.771716210878112
10445,0.448024807873803,0.373398948361871,-0.505509204172051
10448,0.373061884859107,0.257988405015505,-0.421482548256533
10449,0.430901981933396,0.322232708642308,0.999847736190322
10466,0.13293784549009,0.0746932722124848,0.410371321784557
10482,0.164082513145477,0.090265606040178,0.423799287448411
10483,0.434677093164352,0.321423756235675,-0.19968660384973
10484,0.133611972495618,0.071524875286504,0.301611842108695
10492,0.301874073075367,0.177497640555481,-0.120070597027268
10500,0.491438587029796,0.444586760145611,-0.788125398635035
10506,0.210057974922475,0.116354321154105,-0.208170807285005
10522,0.459754617769988,0.432519886746663,-0.722727443414743
10524,0.434946743966563,0.327760550087636,0.419984658224295
10530,0.466226237023055,0.419981124443845,-0.602157425087126
10533,0.43413779155993,0.341108264797088,-0.395217098559261
10534,0.337333153566132,0.234056896319267,-0.474243431282885
10542,0.328839153296481,0.202844815963327,-0.282973979033376
10547,0.392476742618309,0.261359040043144,-0.389194103199551
10555,0.203586355669408,0.112848860725361,-0.161538944431003
10560,0.314952136982608,0.192800323580963,-0.184377407014574
10569,0.275987596063098,0.166037481461507,-0.313803982119023
10578,0.379263853309964,0.236281515437508,0.750322832715735
10579,0.464203856006472,0.351287582580558,-0.30500347397319
10582,0.0138870163138735,0.00734798436025352,-0.0416335508958557
10583,0.31549143858703,0.193744101388702,-0.201167222906525
10604,0.216259943373332,0.121612511797223,-0.209189489381899
10609,0.376432519886747,0.288526358365916,0.987021370953536
10613,0.471484427666172,0.408858028852636,0.266078200826007
10614,0.0779290818390185,0.0446272077659431,0.411901251031206
10626,0.262909532155858,0.152352703249292,-0.0931283739914127
10632,0.257112039908319,0.147566401510045,-0.175423708723382
10636,0.428205473911285,0.319940676823514,0.52399846612747
10647,0.193069974383174,0.113927463934205,-0.320414104124023
10649,0.43171093434003,0.307536739921801,0.499691673107507
10653,0.340838613994877,0.20992314952137,0.528541333092721
10664,0.348388836456788,0.230416610489416,-0.385025231954012
10668,0.198462990427397,0.104085209653499,0.995362122127099
10670,0.304031279493056,0.186665767830659,0.9837465531366
10672,0.326412296076581,0.201092085748955,0.94042696719167
10680,0.499393285695025,0.414183632196306,1
10707,0.160711878117837,0.0915464473506808,1
10710,0.158419846299043,0.0904004314412835,0.407724497529957
10723,0.158015370095726,0.0875016853175138,0.882553850893975
10730,0.433598489955508,0.325198867466631,-0.438962943110947
10736,0.45786706215451,0.325064042065525,0.952426089924572
10740,0.44478899824727,0.307334501820143,0.718093053035186
10746,0.497640555480653,0.470203586355669,-0.589020827967963
10747,0.400296615882432,0.280234596197924,1
10758,0.391398139409465,0.248820277740326,-0.356653069378358
10763,0.507213158959148,0.498853984090603,0.997676685334294
10767,0.501820142914925,0.472563030875017,0.995912040212466
10769,0.503707698530403,0.473237157880545,-0.793999637109477
10772,0.413509505190778,0.276324659565862,1
10778,0.444114871241742,0.334366994741809,-0.56995697407109
10785,0.440339760010786,0.332479439126331,-0.456643861573475
10786,0.406633409734394,0.28111096130511,0.980833569920071
10793,0.486719697991102,0.423756235674801,-0.379596313130902
10810,0.394768774437104,0.283807469327221,0.999033590479751
10816,0.387488202777403,0.297964136443306,-0.568672089989245
10817,0.469327221248483,0.49298907914251,0.999872960843994
10821,0.490629634623163,0.422070918160982,-0.83151449131513
10824,0.483214237562357,0.462181474989888,0.427083096314939
10825,0.413105028987461,0.284481596332749,0.999663806245357
10826,0.413374679789672,0.284481596332749,0.997815141793842
10830,0.489955507617635,0.421329378454901,-0.520339374815989
10838,0.413105028987461,0.286234326547121,-0.381651767676189
10848,0.413374679789672,0.286234326547121,0.981279117155369
10849,0.405959282728866,0.27942564379129,-0.564203279331805
10862,0.444923823648375,0.341512741000405,0.982169861772519
10866,0.435486045570986,0.32614264527437,0.901003122587493
10870,0.417419441822839,0.301739247674262,0.93626783514057
10879,0.247269785627612,0.145341782391803,0.929674771356639
10882,0.249966293649724,0.147633814210597,0.972457214319022
10893,0.459350141566671,0.396993393555346,0.742482555205582
10896,0.505460428744775,0.442834029931239,0.940282667732161
10897,0.500606714304975,0.472495618174464,0.995785255940985
10906,0.374140488067952,0.268100310098423,0.999835903003809
10920,0.445058649049481,0.410745584468114,0.775698749593804
10930,0.238640959956856,0.144263179182958,-0.161804118461553
10936,0.142645274369691,0.0803559390589187,-0.15689805808326
10937,0.381555885128758,0.28232438991506,-0.184224377116781
10941,0.247674261830929,0.159161386005123,0.963169450288267
10943,0.294323850613456,0.192058783874882,0.998761259900347
10949,0.159093973304571,0.0893892409329917,-0.146762240758109
10951,0.304300930295268,0.199069704732372,0.687460065463842
10954,0.111500606714305,0.0599298907914251,0.999408342194953
10958,0.0649858433328839,0.0339760010786032,-0.121310710685287
10965,0.405285155723338,0.301739247674262,0.892303109900334
10973,0.305784009707429,0.199137117432924,0.998377708371551
10980,0.107186193878927,0.0564244303626803,0.989348380089288
10987,0.402318996899016,0.290144263179183,1
11001,0.074019145206957,0.0395712552244843,0.621058864599219
11010,0.0980180666037481,0.0534582715383578,1
11014,0.454631252527976,0.383847916947553,0.859998261731406
11020,0.0757718754213294,0.0385600647161926,0.994433101683861
11026,0.482405285155723,0.424834838883646,-0.139061328145694
11041,0.503303222327086,0.417891330726709,-0.275535765637143
11042,0.171632735607388,0.0937710664689227,-0.127543091319407
11052,0.379533504112175,0.247067547525954,-0.257423486211337
11055,0.482135634353512,0.414722933800728,-0.522219666809746
11066,0.452878522313604,0.341849804503168,0.644474982367599
11067,0.43292436294998,0.303559390589187,0.865106376694212
11068,0.384387218551975,0.249494404745854,-0.351755233112987
11072,0.385600647161925,0.25037076985304,-0.325759488945041
11074,0.386814075771875,0.251112309559121,-0.323454851614651
11075,0.336524201159498,0.221652959417554,-0.306582617911491
11079,0.257920992314952,0.164958878252663,1
11080,0.257920992314952,0.164958878252663,-0.256610717428396
11084,0.0717271133881623,0.0378859377106647,0.242644580047135
11085,0.472428205473911,0.417689092625051,-0.734145986554123
11086,0.48280976135904,0.428407712012943,0.428774128198975
11091,0.15545368747472,0.0851422407981663,0.702673565871588
11092,0.253606579479574,0.149319131724417,1
11095,0.122151813401645,0.0663340973439396,1
11105,0.151274100040448,0.0848051772954025,-0.067110175116496
11117,0.0748280976135904,0.0406498584333288,-0.0249491486222969
11122,0.464338681407577,0.374679789672374,0.999857442036531
11124,0.152757179452609,0.0872994472158555,0.377960167971944
11125,0.442227315626264,0.364837535391668,0.999860947556288
11131,0.433598489955508,0.336389375758393,0.881056589924936
11139,0.329378454900903,0.208372657408656,-0.0795234560849048
11151,0.412296076580828,0.288256707563705,0.840212597063646
11154,0.0715922879870568,0.0393016044222732,0.330667275684276
11168,0.105837939867871,0.0569637319671026,0.996906283060029
11171,0.447889982472698,0.372792234056896,0.871293115162894
11178,0.20412565727383,0.126196575434812,-0.352432104040002
11181,0.0900633679385196,0.0519077794256438,-0.233300186651434
11182,0.461237697182149,0.386072536065795,0.999446636001596
11187,0.499797761898342,0.453620062019685,0.262537376392748
11189,0.452339220709182,0.377039234191722,-0.340700058674649
11194,0.0901981933396252,0.0521100175273022,-0.21231342683692
11199,0.519077794256438,0.486719697991101,0.999157608601113
11206,0.492112714035324,0.429014426317918,-0.554844991485513
11219,0.116623971956317,0.0634353512201699,-0.0237552713636482
11223,0.10678171767561,0.0574356208709721,-0.0304377683422227
11229,0.106916543076716,0.0575030335715249,0.999386332026298
11230,0.10678171767561,0.0574356208709721,-0.215491834039856
11240,0.421599029257112,0.311244438452204,-0.383030229330581
11241,0.450721315895915,0.319468787919644,0.765181510613917
11243,0.444249696642848,0.372320345153027,-0.216081008631177
11261,0.386544424969664,0.252595388971282,-0.453564485963146
11271,0.0350546042874478,0.0194148577592018,0.995087804056053
11272,0.0351894296885533,0.0194822704597546,0.998363509040949
11276,0.129702035863557,0.0697047323715788,-0.0115600441403317
11282,0.446811379263853,0.374410138870163,-0.497948773832713
11283,0.387757853579614,0.27531346905757,-0.429954075051826
11285,0.0416610489416206,0.0235270324929217,-0.144090485563377
11286,0.441013887016314,0.371241741944182,0.987010280719819
11294,0.0351894296885533,0.019347445058649,0.218619312710994
11296,0.37845490090333,0.25205608736686,-0.358001474055732
11302,0.155184036672509,0.0863556694081165,-0.289397806072841
11310,0.03559390589187,0.0202238101658353,-0.0858093356477642
11317,0.377376297694486,0.250977484158015,-0.147266047573726
11320,0.45422677632466,0.342793582310907,1
11332,0.492921666441958,0.426587569098018,-0.510959776976182
11334,0.377511123095591,0.253606579479574,-0.483373237714048
11336,0.47916947552919,0.403127949305649,-0.521314265581795
11346,0.106377241472293,0.0566940811648915,0.271529383704988
11352,0.248078738034246,0.158689497101254,0.468263590175019
11361,0.359040043144128,0.255966023998921,0.949917062703636
11365,0.302952676284212,0.215788054469462,-0.0674604141284092
11366,0.0338411756774976,0.0169205878387488,0.997944262936662
11367,0.0339760010786032,0.0169880005393016,-0.0827180856680979
11378,0.489416206013213,0.496696777672914,1
11390,0.255494135095052,0.157543481191857,0.92575051582004
11394,0.448833760280437,0.315693676688688,-0.279321055914437
11397,0.503707698530403,0.489011729809896,0.459737929123325
11410,0.503572873129298,0.495011460159094,0.113861845214297
11412,0.0146959687205069,0.00734798436025352,0.0796547123333394
11417,0.503033571524875,0.49298907914251,0.156887019442966
11421,0.0146959687205069,0.00734798436025352,0.207648561372807
11432,0.403802076311177,0.294930564918431,-0.267764638833033
11434,0.25037076985304,0.158217608197384,0.859323201899246
11437,0.256842389106108,0.160509640016179,0.991728608444756
11439,0.257516516111635,0.160846703518943,0.998567866892293
11440,0.256977214507213,0.160442227315626,-0.302992992911965
11443,0.464608332209788,0.334501820142915,-0.300588565178884
11447,0.0283133342321693,0.015639746528246,1
11460,0.133342321693407,0.0732776055008764,0.516454364602913
11465,0.331805312120804,0.238438721855198,0.804731356683053
11468,0.0140218417149791,0.0071457462585951,0.108289480316559
11487,0.032492921666442,0.0167857624376433,-0.0779227031638743
11488,0.445463125252798,0.311042200350546,0.898623416530477
11489,0.434272616961035,0.292773358500741,0.983214079709163
11491,0.458945665363354,0.327760550087636,0.952185775084061
11495,0.463260078198733,0.349602265066739,0.864966119553755
11497,0.436160172576513,0.316367803694216,0.998427825741009
11514,0.472832681677228,0.353040312794931,-0.56900800990447
11516,0.451395442901443,0.327895375488742,1
11523,0.462046649588783,0.365309424295537,0.970275197804793
11538,0.493191317244169,0.484832142375624,0.998670871114224
11539,0.491843063233113,0.48523661857894,-0.261516107305922
11542,0.162599433733315,0.0906026695429419,-0.268027784389974
11543,0.484292840771201,0.423756235674801,0.305773461980616
11555,0.161925306727788,0.0944451934744506,0.686363657383539
11556,0.16246460833221,0.094310368073345,0.979948964435153
11558,0.448564109478226,0.351557233382769,0.999563748178176
11572,0.476877443710395,0.385263583659161,1
11577,0.44478899824727,0.35061345557503,-0.126125050335542
11581,0.139813940946474,0.0820412565727383,-0.226459776910652
11584,0.498719158689497,0.454698665228529,0.795808785621903
11585,0.447755157071592,0.351961709586086,0.999129673526499
11600,0.0312794930564918,0.015639746528246,0.12657034696851
11615,0.448024807873803,0.325940407172711,-0.446110812721066
11623,0.137117432924363,0.0809626533638937,0.338143597095332
11625,0.137387083726574,0.0810974787649993,0.338869737595964
11634,0.422138330861534,0.341849804503168,0.999858942530616
11640,0.115949844950789,0.0643117163273561,0.382545135789071
11643,0.116219495753,0.0643117163273561,1
11655,0.491303761628691,0.453282998516921,0.0997311748366695
11656,0.0787380342456519,0.0411217473371983,0.994016095310125
11676,0.394633949035998,0.266212754482945,0.892401329887068
11695,0.510448968585682,0.443171093434003,0.16278346168604
11700,0.328973978697587,0.20048537144398,0.574681099885973
11711,0.512336524201159,0.441553188620736,0.991926405276386
11716,0.107590670082243,0.0575704462720776,-0.149901135648718
11719,0.240393690171228,0.141768909262505,-0.115420909866468
11720,0.114466765538627,0.0611433194013752,-0.118156711012189
11721,0.246191182418768,0.140353242550897,0.939237616315592
11732,0.290009437778077,0.174396656330053,0.991772249780818
11747,0.232708642308211,0.143184575974113,0.96503785331806
11752,0.107590670082243,0.0574356208709721,0.2288561045661
11768,0.167048671969799,0.0956586220844007,-0.144334688395988
11781,0.10799514628556,0.0576378589726304,0.996921392219848
11782,0.108399622488877,0.0578400970742888,-0.115526494065838
11783,0.16489146555211,0.093366590265606,0.414046143099235
11787,0.390993663206148,0.269785627612242,0.708699600898142
11794,0.490225158419846,0.418902521235001,0.593853731096221
11795,0.333018740730754,0.199137117432924,-0.0669385639777129
11796,0.066199271942834,0.0337737629769449,-0.0457517095471912
11801,0.213698260752326,0.121814749898881,1
11803,0.0401779695294594,0.0202238101658353,0.191312253424137
11809,0.0405824457327761,0.0204260482674936,0.335961337148106
11817,0.228798705676149,0.13098287717406,-0.0720548028299066
11820,0.297559660239989,0.175205608736686,0.901757100697652
11821,0.338951058379399,0.203181879466091,0.317688632720095
11822,0.0462451125792099,0.0244708103006607,0.904633051869138
11831,0.179722259673723,0.0990292571120399,0.704051542472857
11836,0.0599973034919779,0.0322906835647836,-0.030858036001846
11843,0.383443440744236,0.236348928138061,0.313188776704852
11845,0.0625589861129837,0.0324929216664419,0.278577530359425
11856,0.343130645813671,0.210260213024134,0.908384457978197
11858,0.336254550357287,0.220035054604287,0.999807546150985
11861,0.0361332074962923,0.0192800323580963,-0.0959524994755721
11866,0.42591344209249,0.317176756100849,-0.214167279956954
11873,0.484292840771201,0.412296076580828,0.315246452622803
11878,0.437238775785358,0.294526088715114,-0.287494399797886
11882,0.300390993663206,0.17311581501955,0.631445420514914
11883,0.461102871781044,0.343939598220305,0.999542333274465
11891,0.513145476607793,0.441418363219631,0.893584114744174
11896,0.179317783470406,0.0980180666037481,-0.131213265293966
11897,0.309019819333962,0.17796952945935,-0.133349090699912
11918,0.15302683025482,0.0836591613860052,-0.141883461323149
11924,0.466630713226372,0.422070918160982,-0.383131724455103
11926,0.33099635971417,0.196912498314682,0.999776470758821
11942,0.424025886477012,0.313266819468788,-0.412251972822395
11950,0.345827153835783,0.209990562221923,0.752491196814668
11954,0.346636106242416,0.211878117837401,-0.202151985240872
11961,0.428070648510179,0.344276661723069,1
11967,0.183227720102467,0.105500876365107,-0.253682415558732
11974,0.228933531077255,0.134555750303357,0.874527399690745
11985,0.172306862612916,0.0993663206148039,0.989635321102133
11987,0.235405150330322,0.140757718754213,-0.246624256935798
11993,0.510044492382365,0.49298907914251,0.558397418489546
12003,0.194553053795335,0.111163543211541,-0.184755016566721
12004,0.336254550357287,0.208844546312525,0.997717835214663
12010,0.456518808143454,0.337872455170554,-0.447549047899844
12012,0.444519347445059,0.3232438991506,0.993601180315091
12014,0.444384522043953,0.319940676823514,-0.415339120796409
12015,0.405689631926655,0.293043009302953,-0.528822411985489
12018,0.443305918835109,0.317244168801402,0.968680154315546
12021,0.443171093434003,0.317311581501955,0.998567491304668
12036,0.484966967776729,0.463597141701497,-0.50602992434626
12045,0.417014965619523,0.282256977214507,0.999828632928332
12046,0.417149791020628,0.282189564513954,0.995902903308572
12047,0.416340838613995,0.282998516920588,0.997439978928433
12048,0.417554267223945,0.283200755022246,0.997610630985386
12055,0.439665633005258,0.351287582580558,-0.544734207283881
12059,0.455575030335715,0.33874882027774,-0.554166882611424
12060,0.44236214102737,0.369623837130916,-0.550581227071819
12066,0.504516650937037,0.495483349062963,0.723180960587275
12070,0.441688014021842,0.349467439665633,0.993251004668436
12073,0.450586490494809,0.361062424160712,0.687052350674242
12077,0.13752190912768,0.0772549548334907,1
12081,0.501954968316031,0.487326412296077,0.978556849109088
12085,0.503033571524875,0.490157745719293,-0.91363227619581
12086,0.508831063772415,0.483349062963462,0.974743958429699
12091,0.503977349332614,0.469462046649589,0.999863114988162
12097,0.505460428744775,0.469529459350142,0.994652642310144
12106,0.331805312120804,0.206215450990967,-0.432887292637465
12108,0.509774841580154,0.44067682351355,-0.539815835055441
12112,0.137791559929891,0.0745584468113792,0.997560088679672
12113,0.137117432924363,0.0742213833086154,-0.280565960023094
12116,0.137791559929891,0.0746932722124848,0.313215998840754
12120,0.142780099770797,0.0778616691384657,0.439886520373326
12126,0.157206417689093,0.0864230821086692,1
12132,0.13873533773763,0.0758392881218821,0.961639659728049
12135,0.128623432654712,0.0710529863826345,0.999502054439301
12138,0.143454226776325,0.079951462855602,1
12145,0.143454226776325,0.079951462855602,0.95854737908046
12152,0.38789267898072,0.272549548334906,0.98842563878773
12158,0.457732236753404,0.359916408251315,-0.1341357492238
12159,0.422812457867062,0.299716866657678,-0.411868536680227
12162,0.391128488607254,0.274976405554807,-0.327111754714003
12167,0.495348523661858,0.430362680328974,-0.548768939483973
12178,0.117972225967372,0.0637050020223811,0.977657643062109
12180,0.116893622758528,0.0634353512201699,-0.115105790170363
12185,0.421194553053795,0.331266010516381,0.972365430274055
12189,0.145881083996225,0.0831872724821356,0.46092052816728
12233,0.444384522043953,0.328973978697587,0.996003650948898
12235,0.416880140218417,0.293245247404611,0.294578757655471
12237,0.49588782526628,0.445867601456114,-0.365925451421771
12238,0.246595658622084,0.141094782256977,-0.365667844980964
12249,0.0597276526897667,0.0309424295537279,0.203553581624524
12255,0.490764460024269,0.435755696373197,0.472258531515429
12262,0.199676419037347,0.111298368612647,1
12270,0.0714574625859512,0.0413913981394095,0.469382797539624
12277,0.394094647431576,0.277268437373601,0.97423371892845
12281,0.426587569098018,0.308615343130646,0.881232644630715
12287,0.0833220978832412,0.046514763381421,-0.127161036662556
12293,0.0834569232843468,0.0453687474720237,-0.201772845712868
12296,0.0835917486854523,0.0453013347714709,-0.202944561486709
12312,0.194687879196441,0.106916543076716,-0.138654624469762
12313,0.225293245247405,0.132061480382904,-0.356570626203934
12314,0.49952811109613,0.483011999460698,-0.355714994406274
12323,0.458810839962249,0.374747202372927,0.836742909873399
12324,0.498719158689497,0.46197923688823,0.302898536212365
12333,0.425104489685857,0.315289200485371,-0.297438362306775
12354,0.462181474989888,0.34407442362141,0.999387930383635
12363,0.271942834029931,0.160644465417285,0.164932242578713
12366,0.0701092085748955,0.038425239315087,0.573066957095768
12372,0.0698395577726844,0.0393690171228259,-0.0650274718272719
12379,0.285695024942699,0.163071322637185,0.999481944200027
12390,0.368612646622624,0.257246865309424,0.983090472200166
12395,0.487798301199946,0.492517190238641,-0.557203489171336
12399,0.483079412161251,0.422475394364298,0.998906152917739
12411,0.435755696373197,0.32034515302683,0.975037490007104
12420,0.489416206013213,0.412026425778617,1
12423,0.49103411082648,0.412161251179722,0.99718709348563
12424,0.489146555211002,0.412026425778617,0.998875902563523
12439,0.242146420385601,0.146959687205069,0.682409616427624
12447,0.460698395577727,0.358028852635837,0.502789341420596
12455,0.0947822569772145,0.0500876365107186,-0.0750150435721876
12467,0.216394768774437,0.120870972091142,0.326213277564322
12470,0.36780369421599,0.234191721720372,0.971964807194145
12475,0.462990427396522,0.354995281110961,0.999702442024822
12483,0.215046514763381,0.126263988135365,-0.116165912842619
12486,0.265201563974653,0.159026560604018,-0.185843606737849
12488,0.210597276526898,0.128353781852501,-0.150020125026439
12490,0.111500606714305,0.059660239989214,0.394782589567379
12498,0.169071052986383,0.0922205743562087,0.792202581489641
12506,0.30119994606984,0.18376702170689,-0.137746647445953
12519,0.487124174194418,0.430564918430632,0.544994019865337
12539,0.11042200350546,0.0589861129836862,-0.122970825183203
12547,0.309559120938385,0.203181879466091,0.805011357379474
12550,0.207631117702575,0.119994606983956,-0.24916986034552
12555,0.506134555750303,0.442496966428475,0.496048981540923
12563,0.503168396925981,0.45908049076446,0.998354591641348
12564,0.502359444519347,0.459889443171093,0.357908848419159
12568,0.518134016448699,0.475866253202103,0.996907953756979
12592,0.213698260752326,0.126263988135365,0.496186833481882
12594,0.13752190912768,0.0776594310368073,-0.0538617221164368
12599,0.165565592557638,0.0942429553727923,-0.0877163834201873
12609,0.0473237157880545,0.0242011594984495,-0.0543315429464527
12610,0.182149116893623,0.102804368342996,0.84933022190091
12616,0.161386005123365,0.0867601456114332,-0.161866313954625
12617,0.356073884319806,0.239786975866253,0.588151671582428
12618,0.476338142105973,0.466293649723608,1
12634,0.456114331940138,0.33510853444789,0.999535730982102
12636,0.171497910206283,0.0946474315761089,0.612267733224479
12637,0.0709181609815289,0.0370769853040313,0.293993139359324
12664,0.129567210462451,0.0688283672643926,0.445338778111478
12668,0.26681946878792,0.171026021302413,-0.118404596455236
12673,0.26560604017797,0.171093434002966,-0.360326208988658
12674,0.458945665363354,0.368208170419307,-0.358864706485709
12679,0.426992045301335,0.313266819468788,-0.656453815670178
12694,0.489955507617635,0.495618174464069,-0.936403129359265
12702,0.165970068760955,0.0926924632600782,0.999604642980118
12707,0.158015370095726,0.0876365107186194,0.356671777485811
12717,0.212215181340164,0.119590130780639,0.982845366502233
12722,0.425508965889174,0.302952676284212,0.897151517211307
12724,0.382499662936497,0.276324659565862,0.689163858894833
12735,0.208844546312525,0.118309289470136,-0.140358011586687
12738,0.118916003775111,0.0637724147229338,0.998879992522461
12739,0.118916003775111,0.0639072401240394,0.992186596964721
12752,0.11743292436295,0.0634353512201699,-0.115008326642355
12761,0.313334232169341,0.200889847647297,0.999794992630274
12763,0.343130645813671,0.225091007145746,0.282166255768573
12769,0.0744236214102737,0.0386948901172981,-0.106867071108324
12770,0.265740865579075,0.169947418093569,0.999096469396374
12784,0.33679385196171,0.210462451125792,0.995892689531433
12787,0.336928677362815,0.210529863826345,0.594182991535059
12794,0.118107051368478,0.0649858433328839,-0.0937766293563644
12797,0.215181340164487,0.119455305379534,0.938716201666709
12807,0.293514898206822,0.175744910341108,0.970315178943197
12811,0.197654038020763,0.112983686126466,0.585705860850292
12812,0.400026965080221,0.273628151543751,0.537898264202667
12824,0.207361466900364,0.117298098961844,-0.187080974252785
12833,0.503842523931509,0.462383713091546,-0.793757130278061
12858,0.472563030875017,0.391600377511123,0.372291590232294
12864,0.386544424969664,0.272010246730484,-0.478814664451287
12879,0.434407442362141,0.314143184575974,0.934724484500737
12880,0.412161251179722,0.289402723473102,0.706616574046125
12882,0.118511527571795,0.0643791290279089,-0.0700916793730638
12889,0.46150734798436,0.395510314143185,-0.297319340571916
12893,0.220304705406499,0.131454766077929,-0.287020142048102
12896,0.453282998516921,0.355130106512067,-0.416196112920326
12898,0.228124578670622,0.132263718484563,-0.108690150751201
12902,0.47579884050155,0.489888094917082,0.764703641262774
12912,0.451934744505865,0.347310233247944,0.997039224616455
12918,0.164756640151004,0.0907374949440475,0.328380602085034
12920,0.165430767156532,0.0910745584468113,0.327542659312753
12921,0.496427126870702,0.464743157610894,1
12924,0.4745854118916,0.395442901442632,1
12940,0.45206956990697,0.347647296750708,-0.46156807945091
12942,0.464877983011999,0.365511662397196,-0.491681621867743
12952,0.449238236483754,0.347579884050155,-0.186696152718851
12953,0.144667655386275,0.0796143993528381,-0.18686541579803
12962,0.143858702979641,0.0790750977484158,-0.216592302000839
12973,0.351759471484428,0.220776594310368,-0.174808407423577
12975,0.14480248078738,0.0796818120533909,0.999546096639012
12978,0.511662397195632,0.48934879331266,0.332118366133635
12980,0.330052581906431,0.198328165026291,0.792178413251642
12982,0.330861534313065,0.198732641229608,-0.180359184829032
12984,0.302008898476473,0.18376702170689,-0.246624039202199
12990,0.499662936497236,0.49831468248618,-0.320721536231982
12999,0.448294458676015,0.312997168666577,-0.332691261347197
13008,0.0838613994876635,0.044357556963732,0.999213179464915
13009,0.0837265740865579,0.0442901442631792,-0.0563572645660157
13022,0.342186868005932,0.217203721181071,0.888762076754188
13024,0.359714170149656,0.239045436160173,1
13033,0.345961979236888,0.224484292840771,0.998271043803523
13036,0.494135095051908,0.436632061480383,0.94887327177903
13041,0.195901307806391,0.110759067008224,0.797699904621022
13044,0.503842523931509,0.489079142510449,0.999049756161927
13055,0.191721720372118,0.107725495483349,0.99649980340051
13057,0.191317244168801,0.10725360657948,0.981312055191922
13064,0.458271538357827,0.416138600512337,0.990066667208256
13065,0.45422677632466,0.415329648105703,0.863322469500219
13072,0.196305784009707,0.106377241472293,1
13074,0.478225697721451,0.383915329648106,-0.123949214957909
13075,0.0678171767561009,0.0359309693946339,0.99809908148712
13077,0.492921666441958,0.446676553862748,0.922284287526726
13078,0.49346096804638,0.481865983551301,0.921212851374569
13085,0.251853849265202,0.15302683025482,-0.37547712405364
13086,0.490899285425374,0.460496157476069,0.982468599507759
13091,0.508291762167992,0.47337198328165,-0.602956408493921
13098,0.238775785357961,0.147161925306728,0.625443565367498
13100,0.506404206552515,0.450047188890387,0.972478535181745
13102,0.348658487259,0.222461911824188,0.671095956572701
13105,0.0760415262235405,0.0392341917217204,0.98913148797953
13106,0.0755022246191182,0.0388297155184036,-0.118940407541366
13107,0.317648645004719,0.188216259943373,0.99022960613083
13110,0.40218417149791,0.274437103950384,0.990586981351451
13117,0.291088040986922,0.173048402318997,-0.11057843201765
13118,0.072131589591479,0.0367399218012674,-0.0888181284591895
13124,0.359040043144128,0.244101388701631,0.947148793281995
13129,0.379803154914386,0.251112309559121,0.688256265050974
13140,0.165970068760955,0.0932317648645005,-0.134209117718062
13142,0.492786841040852,0.451597681003101,0.469370478610021
13145,0.280032358096265,0.167116084670352,0.47970742850208
13151,0.196979911015235,0.112916273425913,0.603203373712122
13153,0.0411217473371983,0.0211001752730214,0.23116841814614
13158,0.224079816637454,0.135499528111096,-0.259448661329156
13159,0.433328839153297,0.303087501685318,0.582198870395609
13163,0.271268707024403,0.162599433733315,-0.163399461704397
13167,0.199137117432924,0.114803829041391,0.999675014246641
13172,0.251719023864096,0.144600242685722,0.944545571389068
13180,0.495213698260752,0.436632061480383,0.675926588453912
13181,0.392881218821626,0.268302548200081,0.998628174586171
13186,0.41040852096535,0.281245786706215,1
13197,0.0788728596467574,0.0406498584333288,0.291766733105816
13208,0.155723338276931,0.084333288391533,-0.027037416534273
13210,0.0465147633814211,0.0235270324929217,1
13211,0.0465147633814211,0.0235270324929217,1
13214,0.348388836456788,0.218551975192126,0.927210129582352
13215,0.318996899015775,0.19441822839423,0.998689472620086
13228,0.0462451125792099,0.0237966832951328,-0.0978440965046692
13235,0.285829850343805,0.165700417958743,-0.183138290209705
13236,0.294997977618983,0.1743292436295,-0.149606961452758
13242,0.292840771201294,0.185924228124579,0.9987058608525
13249,0.459350141566671,0.339288121882163,0.998460400965864
13252,0.220439530807604,0.122219226102198,-0.235633450419702
13254,0.371309154644735,0.240798166374545,0.998315130126273
13257,0.473102332479439,0.354658217608197,-0.2070911385418
13275,0.384117567749764,0.264190373466361,-0.429992431679892
13277,0.152217877848187,0.0820412565727383,1
13285,0.33922070918161,0.215450990966698,-0.389693891862249
13288,0.369826075232574,0.239652150465148,0.987095708002447
13294,0.463664554402049,0.344007010920858,-0.104718035427037
13295,0.0311446676553863,0.0161116354321154,-0.0499715968463989
13296,0.324389915059997,0.199406768235135,-0.244278915459016
13302,0.337872455170554,0.217608197384387,0.821029155355209
13305,0.407846838344344,0.289537548874208,-0.499629955474254
13308,0.322502359444519,0.208035593905892,1
13325,0.502763920722664,0.453080760415262,-0.071656752229858
13329,0.50289874612377,0.452608871511393,-0.426877264471352
13330,0.276257246865309,0.171700148307941,1
13337,0.470405824457328,0.358702979641364,1
13345,0.501280841310503,0.452339220709182,-0.446757151611199
13359,0.483349062963462,0.406835647836052,-0.306784039480038
13363,0.0342456518808143,0.0173924767426183,-0.0324931210121758
13365,0.113522987730888,0.0591883510853445,0.396446108033309
13366,0.395442901442632,0.282391802615613,-0.11772735972382
13369,0.374679789672374,0.259606309828772,0.998290085576847
13379,0.400161790481327,0.290683564783605,0.924693779881698
13380,0.423621410273696,0.325333692867736,0.909935879990682
13384,0.450451665093704,0.336861264662262,0.956509769596229
13385,0.433194013752191,0.317850883106377,0.946039048812876
13387,0.41863287043279,0.294526088715114,0.925986738115699
13388,0.44236214102737,0.327423486584873,-0.548742233448594
13392,0.496831603074019,0.400498853984091,-0.516258596259169
13410,0.502359444519347,0.428744775515707,-0.52979015070401
13421,0.462451125792099,0.344883376028044,0.993285637476115
13428,0.473776459484967,0.385870297964136,-0.201147307742237
13432,0.477281919913712,0.386814075771875,0.998714245378244
13433,0.477147094512606,0.3862073614669,1
13443,0.0935688283672644,0.0500202238101658,0.98878476441733
13447,0.145746258595119,0.0770527167318322,0.774277403223662
13453,0.261426452743697,0.148779830119995,0.911492101673879
13472,0.187002831333423,0.106309828771741,0.374977302844981
13473,0.514898206822165,0.440811648914656,0.265099323642421
13475,0.27747067547526,0.167992449777538,0.530615660488231
13481,0.190373466361062,0.108129971686666,-0.106155859064425
13487,0.281380612107321,0.167655386274774,0.835842300517365
13490,0.109343400296616,0.0592557637858973,0.97503951558516
13496,0.482000808952407,0.365713900498854,0.43161631939877
13500,0.326816772279898,0.197519212619658,-0.175326863166686
13503,0.16489146555211,0.0963327490899285,0.694027127958845
13507,0.30119994606984,0.182823243899151,0.498455320877549
13509,0.323985438856681,0.195833895105838,0.992617884799211
13515,0.109747876499933,0.0586490494809222,0.891254550353065
13523,0.457192935148982,0.334299582041257,0.99673764056219
13530,0.402453822300121,0.273762976944856,0.985403594703984
13536,0.456518808143454,0.338142105972765,0.34986850381
13539,0.449238236483754,0.33679385196171,0.999696606699832
13540,0.448968585681542,0.336659026560604,0.999696505218147
13549,0.111635432115411,0.0601321288930835,0.998231883313362
13557,0.0973439395982203,0.0523122556289605,0.98664550208915
13559,0.0946474315761089,0.0498853984090603,0.86979488597184
13568,0.111905082917622,0.05932317648645,0.916021479601686
13570,0.0974787649993259,0.0513010651206688,0.779475404844258
13572,0.150869623837131,0.0801537009572604,0.993470353553838
13575,0.0973439395982203,0.0515033032223271,0.988303719975613
13577,0.097748415801537,0.0515707159228799,0.833110159829136
13578,0.136173655116624,0.0722664149925846,-0.0510664614484465
13590,0.0985573682081704,0.0521100175273022,0.507480033284901
13593,0.10192800323581,0.0547391128488607,1
13601,0.10192800323581,0.0540649858433329,-0.128153841470995
13608,0.0990966698125927,0.0517055413239854,1
13609,0.0990966698125927,0.0517055413239854,0.949388849928202
13614,0.107455844681138,0.0565592557637858,0.994903930018151
13620,0.465282459215316,0.358568154240259,0.990136117831799
13621,0.459215316165566,0.3559390589187,0.998969977653905
13628,0.325198867466631,0.203316704867197,-0.381641068819504
13635,0.48280976135904,0.39079142510449,1
13639,0.494269920453013,0.451395442901443,1
13640,0.494269920453013,0.451395442901443,1
13644,0.0946474315761089,0.0527167318322772,0.983250754258151
13647,0.356748011325334,0.245382230012134,0.434358800996812
13654,0.493191317244169,0.417689092625051,-0.405611606830895
13655,0.304300930295268,0.185587164621815,-0.368346456536969
13657,0.314412835378185,0.194148577592018,-0.371862854162261
13661,0.314143184575974,0.195901307806391,1
13669,0.459350141566671,0.362612916273426,1
13672,0.508561412970204,0.440744236214103,0.896513433255681
13674,0.272616961035459,0.159498449507887,0.999744341077846
13675,0.272751786436565,0.15956586220844,-0.346205655723995
13687,0.470270999056222,0.376836996090063,-0.299143837627553
13690,0.49103411082648,0.429014426317918,-0.201103154034574
13703,0.503707698530403,0.476068491303762,0.999863580278994
13706,0.503168396925981,0.484966967776729,-0.262511357044215
13715,0.435620870972091,0.315693676688688,-0.520546566956072
13726,0.325333692867736,0.210529863826345,1
13731,0.322367534043414,0.209046784414184,-0.391589825940524
13752,0.459619792368882,0.348051772954025,0.992228044736095
13755,0.418498045031684,0.300256168262101,0.998882273617477
13765,0.496022650667386,0.473169745179992,0.820529797685489
13776,0.187542132937845,0.104826749359579,0.667550947712987
13783,0.502359444519347,0.474855062693812,0.99618348410026
13793,0.504651476338142,0.472765268976675,0.997953583033692
13818,0.479978427935823,0.386139948766348,-0.219905996486355
13820,0.480113253336929,0.3862073614669,0.998991671685665
13824,0.25738169071053,0.152285290548739,0.999219746704483
13843,0.374140488067952,0.241270055278414,-0.230207566563184
13846,0.334501820142915,0.212687070244034,0.998189973453726
13851,0.339085883780504,0.213091546447351,-0.194528784771416
13856,0.369556424430363,0.248685452339221,1
13858,0.230146959687205,0.132600781987326,-0.143650792379763
13874,0.484158015370096,0.423419172172037,0.681345672680096
13877,0.232034515302683,0.133544559795065,-0.228697649244348
13886,0.386005123365242,0.251112309559121,-0.535436558695059
13890,0.358096265336389,0.225832546851827,-0.490963644699334
13894,0.358231090737495,0.226169610354591,0.556689679855114
13897,0.50896588917352,0.470608062558986,0.555407221676567
13900,0.300121342860995,0.184710799514629,0.772846958189757
13905,0.171767561008494,0.0924902251584199,-0.135527446368773
13914,0.211541054334637,0.122084400701092,-0.0859331093328436
13915,0.172576513415127,0.0928947013617365,0.531623495102273
13935,0.201294323850613,0.114803829041391,-0.0918820340081228
13936,0.171632735607388,0.0952541458810841,0.334736062359672
13940,0.170823783200755,0.0964675744910342,0.343364916356249
13941,0.463529729000944,0.454091950923554,0.826903103104299
13942,0.424295537279223,0.357489551031414,0.791960150480637
13950,0.361197249561817,0.250303357152488,1
13954,0.40339760010786,0.296750707833356,-0.351222198924492
13958,0.4673048402319,0.371309154644735,0.321186609465702
13966,0.415531886207361,0.304031279493057,0.809560646605428
13979,0.160172576513415,0.0869623837130915,-0.139888967050869
13987,0.338681407577188,0.223810165835243,-0.494771871734965
13990,0.409464743157611,0.301671834973709,0.820203381250549
13996,0.405150330322233,0.297627072940542,0.42534791589064
13998,0.480248078738034,0.409060266954294,-0.427695362055677
14007,0.42834029931239,0.340231899689902,0.99426021610788
14009,0.427666172306863,0.338951058379399,-0.576254198711752
14010,0.474180935688284,0.394701361736551,0.999720104058717
14012,0.130645813671296,0.0680194148577592,-0.0813414377689169
14013,0.143993528380747,0.0768504786301739,0.996623158758382
14015,0.135229877308885,0.0717945260887151,0.959432949522882
14018,0.196710260213024,0.107927733585007,-0.100629811327307
14031,0.208574895510314,0.116556559255764,0.742529902774399
14037,0.138196036133207,0.0738169071052986,0.950953604940751
14045,0.484966967776729,0.426654981798571,-0.236514714518965
14052,0.397195631657004,0.274774167453148,-0.153732407310606
14060,0.398948361871377,0.275111230955912,-0.279725723559904
14062,0.247134960226507,0.149319131724417,0.99845243746413
14063,0.24794391263314,0.149723607927734,-0.3453086700914
14066,0.127949305649184,0.0682890656599704,-0.164393571653991
14072,0.33220978832412,0.213024133746798,-0.166074814709597
14077,0.127679654846973,0.0681542402588647,-0.169706436259118
14079,0.401779695294594,0.281650262909532,-0.478681002312551
14089,0.126735877039234,0.0678171767561009,0.383390543975873
14090,0.450586490494809,0.352163947687744,0.852160181580937
14099,0.186328704327895,0.108534447889982,-0.0836300946396541
14102,0.338951058379399,0.220169880005393,-0.0860075206471408
14109,0.177834704058245,0.100107860320884,-0.227355994372307
14137,0.468113792638533,0.441013887016314,0.670362543256582
14140,0.504651476338142,0.444586760145611,-0.275179656327795
14143,0.479708777133612,0.447755157071592,-0.603723700479262
14158,0.47916947552919,0.463529729000944,0.749229077088317
14163,0.468922745045167,0.469192395847378,0.948330234096499
14168,0.495078872859647,0.49467439665633,-0.380748027501204
14179,0.331940137521909,0.202507752460564,0.60196379777956
14182,0.330187407307537,0.201226911150061,0.577994659918244
14190,0.367399218012674,0.270931643521639,-0.365810924842318
14195,0.387353377376298,0.265538627477417,0.99163154124816
14198,0.308076041526224,0.193676688688149,0.993853859900886
14200,0.306997438317379,0.193676688688149,1
14211,0.342321693407038,0.212147768639612,-0.490665865818994
14215,0.436429823378725,0.317446406903061,-0.47487721814754
14217,0.312120803559391,0.197182149116894,-0.14786859984605
14226,0.126735877039234,0.0697047323715788,0.997466983017822
14245,0.274369691249831,0.164015100444924,0.434498223768547
14248,0.499123634892814,0.481865983551301,-0.431080770201171
14255,0.125387623028179,0.0715922879870567,-0.0873861644467634
14260,0.193204799784279,0.10725360657948,0.423088577723358
14264,0.378859377106647,0.254280706485102,0.841433881914254
14277,0.276931373870837,0.165430767156532,-0.118182304352219
14282,0.277201024673048,0.165565592557638,0.512629870274481
14291,0.254550357287313,0.145072131589591,-0.118122676089024
14302,0.423351759471484,0.305649184306323,-0.397440079329347
14310,0.329648105703114,0.20823783200755,0.988967250964086
14319,0.26803289739787,0.160711878117837,1
14320,0.26803289739787,0.160711878117837,0.660217285263625
14322,0.398004584063638,0.267628421194553,-0.433875447063168
14327,0.460159093973305,0.339153296481057,-0.382289393988159
14331,0.126601051638129,0.0693676688688148,0.294944478214052
14332,0.397600107860321,0.30895240663341,0.95625615364335
14333,0.425104489685857,0.313940946474316,-0.131576738297499
14337,0.127544829445868,0.0697047323715788,-0.14327234200826
14342,0.431036807334502,0.345624915734124,0.999715482118928
14345,0.437912902790886,0.347849534852366,0.819517914679731
14346,0.408790616152083,0.300525819064312,0.855958740234396
14348,0.12808413105029,0.0682216529594175,-0.0446761462917164
14355,0.485101793177835,0.394229472832682,0.810588812200898
14367,0.48645004718889,0.393420520426048,-0.213026236399782
14369,0.507078333558042,0.459687205069435,-0.493426758402507
14375,0.133746797896724,0.0709181609815289,0.290725342926611
14380,0.394364298233787,0.264864500471889,0.762722148346452
14383,0.2905487393825,0.172913576917891,0.997603825739062
14389,0.162599433733315,0.0873668599164082,0.348212265841966
14396,0.464203856006472,0.342523931508696,0.863887891179226
14413,0.402318996899016,0.268572199002292,0.998769386025097
14424,0.388431980585142,0.25569637319671,0.99369440820544
14435,0.314412835378185,0.189564513954429,-0.156534904623353
14438,0.448159633274909,0.331400835917487,0.814725957109204
14447,0.158015370095726,0.0858837805042471,0.991783049427327
14453,0.345961979236888,0.22542807064851,0.823231576819745
14458,0.404880679520022,0.279021167587974,0.999326243950415
14471,0.469057570446272,0.443238506134556,-0.490090204521647
14477,0.313469057570446,0.202575165161116,0.997770172589708
14478,0.313334232169341,0.202103276257247,0.992197512365619
14483,0.315761089389241,0.205878387488203,0.992631681431265
14487,0.299177565053256,0.187879196440609,-0.188045520828048
14488,0.325603343669947,0.210934340029662,-0.136262211470168
14495,0.333827693137387,0.210462451125792,0.726764461437629
14498,0.272347310233248,0.16125117972226,0.792385577862395
14505,0.489416206013213,0.38546582176082,-0.401169782508084
14506,0.320210327625725,0.201901038155588,-0.135179814388756
14520,0.491438587029796,0.397532695159768,0.976724022915332
14525,0.492112714035324,0.397060806255899,0.999421487303135
14528,0.177430227854928,0.0988270190103816,-0.268298804639526
14530,0.196036133207496,0.107590670082244,-0.145010854865236
14531,0.276122421464204,0.159363624106782,-0.19183533861682
14535,0.275583119859782,0.161925306727787,-0.027397346727381
14537,0.277740326277471,0.160442227315626,0.437058487908364
14542,0.497910206282864,0.463597141701497,0.0397901382475612
14544,0.275043818255359,0.158824322502359,1
14555,0.469596872050694,0.430564918430632,0.355027331003967
14558,0.473911284886073,0.39928542537414,0.999722265794212
14563,0.480787380342456,0.400701092085749,0.689129957640321
14570,0.159498449507887,0.0901307806390724,0.719227678697828
14571,0.262100579749225,0.150060671430498,0.694998286090713
14574,0.502494269920453,0.493663206148038,-0.724475823180898
14576,0.434002966158824,0.347107995146286,0.991141240826433
14577,0.437508426587569,0.34818659835513,0.976099973835978
14580,0.449238236483754,0.359983820951867,0.968613238222681
14585,0.435890521774302,0.363287043278954,0.453649162893937
14598,0.495078872859647,0.378050424700013,0.937289252539778
14604,0.496022650667386,0.378117837400566,0.998181658846248
14612,0.49346096804638,0.374140488067952,0.431496181402974
14629,0.419441822839423,0.291964406094108,0.615361214574126
14632,0.179317783470406,0.0965349871915869,-0.0963995088955992
14639,0.334501820142915,0.218619387892679,-0.498752627747217
14641,0.340164486989349,0.205676149386544,0.96875407872737
14647,0.399352838074693,0.27410004044762,-0.377365078597104
14651,0.340299312390454,0.212754482944587,0.992640983077765
14657,0.189564513954429,0.102871781043549,0.4850226244017
14659,0.351220169880005,0.222124848321424,-0.175603249313945
14666,0.448564109478226,0.325131454766078,0.772483551727085
14676,0.100040447620332,0.0568963192665498,0.992338109880329
14680,0.422812457867062,0.302683025482001,0.999680092791637
14684,0.39733045705811,0.262167992449778,-0.328263514307093
14692,0.190238640959957,0.103208844546313,-0.126650219073568
14697,0.190777942564379,0.103478495348524,-0.0946381182382216
14699,0.192530672778752,0.103950384252393,-0.152884973385056
14702,0.187272482135634,0.102130241337468,0.995112309950178
14704,0.189429688553323,0.102804368342996,0.998497746333119
14710,0.389510583793987,0.255426722394499,0.57398349283817
14718,0.334097343939598,0.207631117702575,0.681214497176794
14724,0.331805312120804,0.207159228798706,0.998353566839409
14734,0.267898071996764,0.154442496966428,-0.131497769646055
14738,0.188351085344479,0.10266954294189,0.39315653715953
14750,0.262909532155858,0.15302683025482,0.997887796883275
14756,0.190912767965485,0.10556828906566,0.999278748081225
14769,0.315086962383713,0.197316974517999,0.992673903197158
14782,0.295672104624511,0.176014561143319,-0.225116118519774
14790,0.317513819603613,0.196777672913577,0.616920062650766
14792,0.201429149251719,0.118376702170689,-0.0310720023904774
14793,0.160577052716732,0.0872994472158555,-0.147656551543599
14795,0.201024673048402,0.111568019414858,-0.126687451163467
14796,0.392611568019415,0.273560738843198,0.248122485347967
14802,0.473102332479439,0.382701901038156,0.44823342806222
14805,0.472967507078334,0.383038964540919,0.582055034606346
14822,0.188351085344479,0.103208844546313,-0.148494228141262
14824,0.408790616152083,0.288526358365916,0.541219926877388
14826,0.233517594714844,0.134420924902252,-0.11780796571659
14828,0.333558042335176,0.211406228933531,-0.181767619638744
14830,0.183227720102467,0.10024268572199,0.392392383106354
14831,0.49467439665633,0.423553997573143,0.361956362978507
14835,0.183362545503573,0.100310098422543,0.999620477508772
14849,0.477416745314817,0.432856950249427,0.997861981252928
14856,0.476472967507078,0.434946743966563,0.990187102270021
14864,0.236618578940272,0.141229607658083,0.999457781388324
14866,0.238101658352434,0.141971147364163,0.999188424369913
14891,0.475664015100445,0.460428744775516,1
14904,0.378050424700013,0.260887151139275,0.996746120215335
14908,0.460968046379938,0.363826344883376,-0.662033751351836
14912,0.471484427666172,0.425980854793043,0.998538775873697
14913,0.470810300660644,0.425239315086962,0.995882502870782
14922,0.472967507078334,0.418093568828367,-0.510479036295427
14932,0.409869219360928,0.298368612646623,0.995610471811139
14934,0.410004044762033,0.299919104759337,-0.566844768064823
14938,0.40798166374545,0.311177025751652,-0.568895844967777
14939,0.442901442631792,0.410745584468114,0.999743402509238
14940,0.442631791829581,0.410745584468114,-0.76277540157529
14944,0.211406228933531,0.122421464203856,0.983100843618103
14945,0.205608736685992,0.121005797492247,-0.152124388365255
14951,0.242011594984495,0.136645544020493,-0.258769135423934
14960,0.250910071457463,0.150532560334367,0.999224014161297
14965,0.205204260482675,0.1186463529729,-0.181394750096836
14969,0.20048537144398,0.118309289470136,1
14976,0.505999730349198,0.474517999191048,0.978812882485036
14986,0.225158419846299,0.127949305649184,0.993895627581593
15000,0.236214102736956,0.134420924902252,-0.254611543730456
15008,0.43899150599973,0.318187946609141,0.99608626415199
15009,0.440744236214103,0.319873264122961,0.920224860799587
15028,0.352433598489956,0.236483753539167,1
15029,0.352433598489956,0.236483753539167,-0.467842136066763
15030,0.50047188890387,0.420655251449373,-0.529604662765036
15033,0.124174194418228,0.0728731292975596,0.393718273807549
15036,0.407037885937711,0.292099231495214,-0.399729664222237
15045,0.366185789402723,0.249831468248618,-0.494073323038869
15050,0.287312929755966,0.178980719967642,-0.27645983443874
15057,0.465552110017527,0.360860186059054,-0.678968071133009
15067,0.490629634623163,0.423014695968721,-0.624900035763934
15070,0.248752865039773,0.142173385465822,-0.230164097080099
15076,0.271403532425509,0.164149925846029,-0.188634377095048
15080,0.505055952541459,0.450721315895915,-0.368714045392672
15082,0.227045975461777,0.127410004044762,0.98739822436873
15099,0.192126196575435,0.111163543211541,0.994023464618747
15105,0.378859377106647,0.24673048402319,-0.247949723881435
15110,0.194687879196441,0.112309559120938,0.896282891888111
15112,0.195362006201968,0.111702844815963,0.991293804278251
15122,0.457058109747876,0.383308615343131,0.345026962429127
15126,0.430632331131185,0.303222327086423,-0.383477721771638
15129,0.43049750573008,0.30315491438587,-0.382566172250226
15131,0.364433059188351,0.250573007954699,0.999825700654765
15133,0.36416340838614,0.250438182553593,0.999825700884143
15141,0.203721181070514,0.116017257651342,0.53360160502128
15144,0.411082647970878,0.310031009842254,0.978416104822446
15145,0.402993123904544,0.300862882567076,0.999538822180342
15150,0.201833625455036,0.114938654442497,-0.244598703717411
15152,0.39854388566806,0.276526897667521,0.99949644551775
15168,0.509640016179048,0.483214237562357,-0.234868545303469
15178,0.227315626263988,0.130645813671296,-0.126218886770755
15184,0.0802211136578131,0.0424025886477012,-0.119425998280131
15187,0.20870972091142,0.117972225967372,0.999026429656278
15193,0.209518673318053,0.118511527571795,0.935343891311821
15197,0.435486045570986,0.352163947687744,0.999858729695897
15201,0.201429149251719,0.117028448159633,-0.261676909491022
15205,0.138061210732102,0.0741539706080626,-0.262177653879721
15214,0.491303761628691,0.404880679520022,-0.769148337413712
15237,0.162194957529999,0.0924228124578671,0.989874254786406
15264,0.100984225428071,0.0575030335715249,-0.201926978186091
15265,0.499258460293919,0.409532155858164,1
15285,0.505999730349198,0.45254145881084,0.978410965934275
15297,0.311042200350546,0.190980180666038,0.701358835940319
15323,0.371039503842524,0.263583659161386,0.985524972864443
15327,0.259943373331536,0.166374544964271,0.999542910479658
15331,0.371983281650263,0.257449103411083,0.666213183748391
15333,0.373061884859107,0.258527706619927,0.672067245504308
15336,0.29418902521235,0.183227720102467,0.973452798608251
15338,0.286099501146016,0.177160577052717,0.583073153037825
15341,0.406903060536605,0.294323850613456,-0.53154391625378
15352,0.404341377915599,0.293177834704058,-0.28766944061344
15354,0.0876365107186194,0.0479978427935823,-0.12563477534339
15357,0.36052312255629,0.232438991506,-0.264174178881427
15365,0.326547121477686,0.210597276526898,0.998605796750417
15371,0.434677093164352,0.359983820951867,-0.600868089758384
15372,0.48402318996899,0.421733854658218,0.938155073516346
15377,0.475933665902656,0.396925980854793,0.400929297047013
15380,0.417554267223945,0.315289200485371,-0.611323017485886
15381,0.49710125387623,0.494337333153566,-0.641127544087287
15388,0.496966428475125,0.488876904408791,-0.75095481059255
15404,0.199406768235136,0.113725225832547,0.99966915824504
15410,0.193878926789807,0.107186193878927,0.994277851739869
15411,0.193878926789807,0.106646892274505,0.982499639817263
15414,0.406228933531077,0.271875421329378,0.546463711663114
15418,0.426857219900229,0.291222866388028,0.544829493839503
15425,0.194283402993124,0.105905352568424,0.978752947090225
15432,0.196575434811919,0.107321019280032,0.925530843705021
15435,0.176621275448294,0.0974787649993258,0.540057519021664
15441,0.191721720372118,0.107051368477821,0.970010730472748
15443,0.260078198732641,0.156195227180801,0.690506642944387
15451,0.200620196845086,0.109613051098827,0.426896387582583
15471,0.200620196845086,0.110287178104355,0.701129801168184
15478,0.155318862073615,0.0891195901307806,-0.0756873406702834
15479,0.203047054064986,0.111365781313199,-0.257149482728226
15496,0.178374005662667,0.0967372252932452,0.986591987227511
15502,0.188485910745584,0.109882701901038,0.343538015107314
15508,0.186059053525684,0.101793177834704,0.983779598761265
15510,0.18862073614669,0.105231225562896,0.980063740179015
15518,0.194418228394229,0.106242416071188,0.995635214016797
15531,0.14938654442497,0.0833220978832412,0.99956845522812
15548,0.193204799784279,0.106849130376163,0.813060767117998
15549,0.256303087501685,0.152959417554267,-0.190697481159251
15552,0.193339625185385,0.10678171767561,0.998569324915721
15560,0.384656869354186,0.250033706350276,1
15564,0.239449912363489,0.14116219495753,-0.188559367510413
15566,0.244438452204395,0.146622623702305,0.830693265913857
15570,0.193609275987596,0.107455844681138,0.987644939949752
15579,0.261830928947014,0.154375084265876,0.999741446241312
15587,0.0504247000134825,0.0260213024133746,-0.0861487958660507
15591,0.195092355399757,0.106175003370635,-0.133106312952305
15597,0.192800323580963,0.105433463664554,0.99489985838205
15605,0.192935148982068,0.109275987596063,1
15613,0.519212619657544,0.419239584737765,-0.278665099741498
15619,0.352972900094378,0.22542807064851,-0.257181379074866
15622,0.048402318996899,0.0262235405150331,-0.0863460567351558
15624,0.282189564513954,0.166172306862613,-0.212051870823708
15629,0.187002831333423,0.104287447755157,1
15631,0.187002831333423,0.104287447755157,1
15637,0.490494809222057,0.440744236214103,0.52592915158479
15655,0.178104354860456,0.101186463529729,-0.141766089454808
15670,0.191182418767696,0.105703114466766,-0.163603860870334
15673,0.190912767965485,0.105433463664554,-0.150230312132321
15676,0.324524740461103,0.227248213563435,0.501230254314945
15680,0.273021437238776,0.166172306862613,-0.0787829795597032
15681,0.184710799514629,0.107051368477821,-0.212014462020819
15684,0.18740730753674,0.103950384252393,0.360232984473951
15686,0.252662801671835,0.153431306458137,0.700019028617568
15704,0.0465147633814211,0.0240663340973439,-0.0818606496151405
15705,0.198193339625185,0.108399622488877,0.999284378534328
15715,0.315626263988135,0.203653768369961,-0.166579378150882
15716,0.176081973843872,0.0986921936092759,0.539173657263558
15724,0.230416610489416,0.134218686800593,-0.15764007185957
15725,0.194148577592018,0.107725495483349,-0.115811704485599
15728,0.522852905487394,0.483618713765673,-0.178639144686035
15734,0.27531346905757,0.161520830524471,-0.154967301253521
15735,0.205743562087097,0.115410543346366,-0.31632891306153
15744,0.18983416475664,0.105837939867871,0.999642915549209
15749,0.186598355130107,0.108804098692194,-0.340869201354486
15759,0.312525279762707,0.190103815558851,0.914812332668423
15772,0.289470136173655,0.171295672104624,-0.162357784949054
15786,0.492517190238641,0.498651745988944,-0.343790021296801
15793,0.195901307806391,0.108332209788324,0.999646236677362
15802,0.309424295537279,0.202305514358905,0.999598838606124
15806,0.340838613994877,0.217203721181071,0.576508621587484
15810,0.189564513954429,0.107186193878927,0.998954590862434
15818,0.190238640959957,0.108871511392746,-0.191391035976406
15819,0.322637184845625,0.211203990831873,0.557951049338699
15829,0.192395847377646,0.105905352568424,0.998915105787374
15832,0.363219630578401,0.259134420924902,0.771607338928176
15845,0.0411217473371983,0.021235000674127,0.996786723063572
15871,0.185519751921262,0.104624511257921,1
15890,0.24187676958339,0.157071592287987,-0.193182923027803
15904,0.194418228394229,0.106916543076716,1
15908,0.194957529998652,0.106512066873399,0.987798603053917
15910,0.192126196575435,0.106983955777268,-0.145767054610673
15911,0.197654038020763,0.108264797087771,0.991058846364251
15912,0.196710260213024,0.107927733585007,-0.148622506303802
15915,0.196575434811919,0.107860320884455,0.994984947765974
15921,0.180666037481462,0.0982877174059593,1
15925,0.193609275987596,0.105433463664554,-0.0582071236510385
15930,0.193609275987596,0.105837939867871,0.995262158372372
15934,0.189160037751112,0.104557098557368,1
15950,0.473911284886073,0.384050155049211,-0.256082073504672
15951,0.195496831603074,0.106377241472293,-0.148064848240146
15956,0.195766482405285,0.106646892274505,0.99781690073043
15962,0.196170958608602,0.106714304975057,-0.149611428787075
15963,0.253876230281785,0.151476338142106,1
15965,0.195766482405285,0.106512066873399,0.97199254320228
15966,0.197384387218552,0.108399622488877,0.987153876767676
15970,0.193609275987596,0.106377241472293,0.978185163239149
15971,0.193878926789807,0.105433463664554,1
15978,0.185250101119051,0.103411082647971,0.964255497649943
15979,0.193878926789807,0.105433463664554,0.999632558330534
15998,0.196305784009707,0.107186193878927,0.997470132621514
16004,0.194418228394229,0.106242416071188,0.998181478509077
16018,0.197654038020763,0.10799514628556,0.997842734013277
16023,0.198462990427397,0.108129971686666,1
16028,0.197519212619658,0.10725360657948,0.989847990061944
16036,0.197384387218552,0.107455844681138,0.982190974333947
16039,0.19684508561413,0.106646892274505,0.984617819004808
16044,0.195901307806391,0.106714304975057,0.996735823274784
16045,0.19684508561413,0.107186193878927,0.993118170206995
16046,0.195901307806391,0.106983955777268,1
16049,0.196440609410813,0.106849130376163,0.998545589706166
16057,0.190643117163274,0.108264797087771,0.975492224113682
16061,0.195227180800863,0.107186193878927,0.985667666284669
16082,0.194687879196441,0.107725495483349,0.982286406865014
16088,0.195901307806391,0.108062558986113,0.948180759622377
16097,0.196305784009707,0.106916543076716,0.997093752242965
16099,0.19563165700418,0.106714304975057,1
16136,0.195496831603074,0.106107590670082,0.998900575287833
16138,0.182688418498045,0.0997033841175677,1
16140,0.19563165700418,0.106175003370635,0.997067677462782
16141,0.195362006201968,0.106040177969529,0.928194882299661
16153,0.202103276257247,0.115208305244708,0.975399160405151
16154,0.204934609680464,0.110961305109883,0.99893331830877
16161,0.205204260482675,0.111096130510988,0.983050539354308
16177,0.204799784279358,0.111433194013752,0.997536847346915
16181,0.204934609680464,0.111500606714305,0.996840016435417
16185,0.205069435081569,0.111433194013752,0.997529848529518
16194,0.205473911284886,0.111096130510988,0.996101190130412
16198,0.195362006201968,0.109141162194958,1
16202,0.205743562087097,0.110826479708777,1
16203,0.205743562087097,0.110826479708777,0.983342044817597
16205,0.205069435081569,0.11089389240933,0.995365711056352
16213,0.19226102197654,0.104489685856815,0.999629805038079
16221,0.199811244438452,0.108399622488877,0.98804320537071
16222,0.199137117432924,0.107388431980585,1
16223,0.199137117432924,0.107388431980585,0.969664617768314
16230,0.201563974652825,0.113860051233652,0.974959937877369
16237,0.20749629230147,0.112242146420386,1
16243,0.345692328434677,0.216259943373332,0.838012699001095
16246,0.284346770931644,0.165363354455979,1
16248,0.278414453282999,0.167250910071457,1
16256,0.282863691519482,0.165430767156532,0.998749192815546
16258,0.28232438991506,0.165161116354321,0.989980576779657
16263,0.281785088310638,0.164756640151004,1
16264,0.281785088310638,0.164756640151004,0.999749139384499
16274,0.203990831872725,0.109275987596063,0.998909167697922
16281,0.208440070109209,0.112174733719833,0.998225011620573
16293,0.204260482674936,0.109275987596063,0.9938255880144
16295,0.204260482674936,0.109950114601591,0.984126682174185
16296,0.203721181070514,0.109545638398274,0.999276922006041
16310,0.205743562087097,0.112848860725361,0.969992871745701
16313,0.205608736685992,0.109950114601591,-0.0706095862146078
16316,0.196305784009707,0.113388162329783,0.96802885448033
16326,0.208440070109209,0.112174733719833,0.359341698475068
16331,0.209518673318053,0.11257920992315,0.98830877295195
16335,0.205069435081569,0.109815289200485,0.9786421956838
16338,0.210597276526898,0.113388162329783,0.98801275087662
16353,0.210866927329109,0.114197114736416,1
16361,0.210192800323581,0.113051098827019,0.995063994329321
16375,0.506404206552515,0.473102332479439,-0.331012662002234
16377,0.497370904678441,0.458743427261696,-0.315276242684871
16382,0.210597276526898,0.113253336928677,0.997530399353098
16390,0.203721181070514,0.109545638398274,0.978141633191307
16391,0.211271403532426,0.113590400431441,0.993699164019377
16393,0.477281919913712,0.398409060266954,-0.510212333643242
16398,0.211810705136848,0.113860051233652,1
16417,0.212215181340164,0.114736416340839,1
16421,0.484562491573412,0.41863287043279,-0.272557967824646
16422,0.179722259673723,0.0988944317109344,0.999618732137737
16425,0.437238775785358,0.308682755831199,0.890361655423689
16430,0.211271403532426,0.113455575030336,0.991189348612065
16431,0.211945530537953,0.1137926385331,0.998943524579842
16432,0.211541054334637,0.113590400431441,0.95998985442232
16436,0.198732641229608,0.110691654307672,1
16446,0.211945530537953,0.113927463934205,0.664666242159304
16450,0.329243629499798,0.225967372252933,0.66248470791912
16453,0.211541054334637,0.113590400431441,-0.225774136929121
16461,0.204934609680464,0.112444384522044,-0.106560583948475
16463,0.142240798166375,0.0793447485506269,-0.292053597877003
16472,0.493730618848591,0.484292840771201,0.476656294825469
16473,0.284886072536066,0.166037481461507,-0.276448353341695
16481,0.284346770931644,0.165363354455979,0.997734058550553
16489,0.28475124713496,0.165835243359849,0.77835186382263
16495,0.272751786436565,0.173318053121208,-0.250524846547327
16496,0.378320075502225,0.250101119050829,-0.242129573808281
16500,0.283942294728327,0.165430767156532,0.999497739271481
16501,0.284211945530538,0.165565592557638,0.999246485549815
16503,0.384791694755292,0.253471754078468,-0.248282397974204
16512,0.379533504112175,0.253134690575704,-0.231866212820956
16519,0.50047188890387,0.492517190238641,0.452026508795919
16528,0.283268167722799,0.165228529054874,0.999497626189537
16529,0.28353781852501,0.165228529054874,0.999497247366632
16557,0.369286773628152,0.231427800997708,-0.184786496522419
16559,0.191856545773224,0.104691923958474,-0.144721882613224
16579,0.27868410408521,0.162262370230551,0.983180664854448
16581,0.370365376836996,0.23776459484967,-0.129733788005235
16587,0.283672643926116,0.165700417958743,-0.368652066128333
16589,0.276257246865309,0.16199271942834,0.999494557136101
16593,0.283133342321693,0.165430767156532,-0.430631149286969
16604,0.284886072536066,0.166307132263719,0.968088185747321
16607,0.27288661183767,0.164756640151004,-0.128253346945932
16616,0.290818390184711,0.171295672104624,-0.128671119190519
16617,0.134286099501146,0.0717271133881623,0.371745522562509
16618,0.471349602265067,0.365646487798301,0.749472659602638
16621,0.13415127410004,0.0716597006876095,-0.118988996347584
16632,0.285020897937171,0.16610489416206,0.991487010933924
16654,0.422947283268168,0.303289739786976,-0.309678945977977
16659,0.28232438991506,0.165295941755427,-0.121446099443893
16664,0.282054739112849,0.165161116354321,-0.265236436948766
16683,0.346366455440205,0.221855197519213,0.715494982847381
16685,0.288930834569233,0.170082243494674,0.984642351216239
16687,0.280571659700688,0.165902656060402,0.495383987182302
16688,0.502359444519347,0.470270999056222,0.498867466935249
16694,0.497370904678441,0.407240124039369,0.998992277085192
16696,0.446406903060537,0.30436834299582,-0.426376466317743
16697,0.445732776055009,0.31670486719698,-0.310894942753995
16702,0.273156262639881,0.160442227315626,0.999746246166257
16714,0.281919913711743,0.165363354455979,0.979357189134461
16716,0.272347310233248,0.159902925711204,1
16727,0.264122960765808,0.154846973169745,0.972546855185746
16728,0.278144802480787,0.161588243225024,0.933150138180948
16730,0.504786301739248,0.399083187272482,0.522086936777719
16748,0.281380612107321,0.165633005258191,0.992537057104295
16767,0.26560604017797,0.160442227315626,0.552173861707549
16768,0.477281919913712,0.37845490090333,0.552826836902664
16776,0.289200485371444,0.171834973709047,0.855179254471847
16783,0.287852231360388,0.171160846703519,0.999277189042127
16790,0.290683564783605,0.173385465821761,0.552476812282008
16798,0.288526358365916,0.171497910206283,0.973136290080957
16800,0.284481596332749,0.176216799244978,-0.418713720487308
16808,0.290953215585816,0.173250640420655,0.98471316489974
16821,0.291088040986922,0.173587703923419,0.999761618955343
16827,0.4745854118916,0.400701092085749,-0.384634221855741
16833,0.285155723338277,0.178036942159903,0.974860546691666
16838,0.491438587029796,0.410341108264797,-0.380267571223201
16846,0.288256707563705,0.174868545233922,-0.14382641010534
16848,0.352838074693272,0.219563165700418,0.997573511800068
16857,0.280167183497371,0.168801402184172,1
16861,0.272751786436565,0.168329513280302,0.595787770126997
16862,0.442631791829581,0.351422407981664,0.999569556355388
16867,0.289200485371444,0.174127005527841,0.99858532585807
16885,0.289200485371444,0.173318053121208,0.976485411601726
16886,0.282998516920588,0.177227989753269,1
16892,0.044357556963732,0.0259538897128219,-0.0179312453800602
16894,0.0444923823648375,0.0266954294189026,1
16902,0.29176216799245,0.173250640420655,1
16915,0.290953215585816,0.172711338816233,-0.413033213104113
16917,0.325468518268842,0.204260482674936,-0.143144243776518
16930,0.2905487393825,0.172509100714575,1
16933,0.291222866388028,0.172846164217339,0.99021026315883
16934,0.291896993393555,0.173992180126736,1
16944,0.290279088580289,0.172509100714575,-0.33963176838332
16967,0.33679385196171,0.198867466630713,0.5409723347447
16968,0.505999730349198,0.440272347310233,0.523521633859478
16973,0.316300390993663,0.212215181340164,1
16978,0.264257786166914,0.154509909666981,-0.106451195953397
16985,0.267358770392342,0.155116623971956,0.767363622677159
16987,0.252932452474046,0.156262639881354,1
16989,0.252932452474046,0.156262639881354,-0.10031209824954
17001,0.267628421194553,0.155251449373062,1
17003,0.498853984090603,0.417014965619523,-0.244332644268541
17006,0.382904139139814,0.263044357556964,-0.113785933408061
17019,0.269381151408925,0.15666711608467,0.997658133929579
17024,0.444654172846164,0.362006201968451,0.999718675354706
17025,0.444654172846164,0.361871376567345,0.990915227183495
17031,0.26803289739787,0.15545368747472,0.991862997240173
17034,0.267223944991236,0.154914385870298,0.955195004333046
17037,0.269785627612242,0.156195227180801,0.966112053503076
17043,0.268302548200081,0.155992989079142,0.9997390628295
17046,0.26924632600782,0.156195227180801,0.995558197324677
17047,0.267493595793448,0.155184036672509,0.996064867014143
17054,0.26924632600782,0.155790750977484,-0.0719484434048955
17057,0.0535256842389106,0.0298638263448834,0.596013064549982
17061,0.298098961844411,0.180733450182014,0.999770890222326
17064,0.0541998112444385,0.0299312390454362,-0.0704205191842934
17067,0.243764325198867,0.14237562356748,-0.149432599317118
17069,0.267223944991236,0.154375084265876,-0.0880586374097223
17081,0.26924632600782,0.155521100175273,1
17082,0.26924632600782,0.155521100175273,0.991308631865546
17095,0.267628421194553,0.155116623971956,1
17106,0.267628421194553,0.154442496966428,0.889663135209437
17107,0.313603882971552,0.185924228124579,0.35665426544418
17113,0.267223944991236,0.154644735068087,0.99711034422996
17121,0.267763246595659,0.154914385870298,-0.0732739801597896
17136,0.26803289739787,0.158689497101254,1
17140,0.0508291762167992,0.0266280167183497,-0.0891154369735332
17146,0.267898071996764,0.155521100175273,-0.0888930159935953
17154,0.212619657543481,0.12761224214642,0.889868414059263
17157,0.267898071996764,0.155116623971956,0.969855754191978
17159,0.255089658891735,0.148038290413914,-0.0877867287916981
17161,0.0529863826344883,0.0279762707294055,1
17174,0.0537953350411218,0.0282459215316165,0.344344292036481
17185,0.278953754887421,0.169273291088041,0.89699811790978
17187,0.271942834029931,0.158622084400701,0.994609315493968
17206,0.27531346905757,0.16125117972226,0.96423516261618
17208,0.272751786436565,0.15956586220844,1
17213,0.284616421733855,0.166307132263719,0.999252058676276
17216,0.273156262639881,0.159228798705676,0.930380009019418
17223,0.272616961035459,0.162734259134421,0.973633954160898
17224,0.260347849534852,0.155521100175273,1
17227,0.279627881892949,0.165430767156532,0.994561548114747
17230,0.272482135634354,0.159296211406229,0.998976152482649
17236,0.288796009168127,0.168262100579749,0.999005258266487
17245,0.26803289739787,0.15545368747472,0.982383330039561
17250,0.272751786436565,0.158756909801807,0.997164165181326
17252,0.272616961035459,0.158689497101254,0.995886993526589
17255,0.271133881623298,0.158082782796279,0.999742011597334
17261,0.273291088040987,0.159431036807335,0.891823013284462
17264,0.287447755157072,0.176621275448294,0.999770923139106
17267,0.359579344748551,0.223877578535796,0.888373030660102
17275,0.339625185384927,0.210934340029662,0.759007697140369
17277,0.307941216125118,0.187811783740057,0.996874247922013
17287,0.307671565322907,0.187002831333423,0.999326973884083
17289,0.307806390724012,0.187070244033976,0.997312672867271
17290,0.308615343130646,0.187609545638398,0.993512850824973
17301,0.308884993932857,0.187609545638398,1
17305,0.296211406228934,0.183564783605231,0.819783342941975
17311,0.301739247674262,0.183227720102467,0.992727597378889
17312,0.302278549278684,0.183227720102467,1
17338,0.302952676284212,0.183699609006337,0.992734836393606
17347,0.297964136443306,0.18376702170689,0.976171130397139
17348,0.290818390184711,0.176823513549953,0.994698163321802
17353,0.297290009437778,0.17965484697317,0.996323473263539
17357,0.367534043413779,0.23122556289605,0.353657085656789
17365,0.300121342860995,0.181744640690306,1
17378,0.29904273965215,0.181205339085884,0.997022151112928
17379,0.298907914251045,0.181003100984225,1
17399,0.294054199811244,0.178036942159903,-0.139630663196734
17402,0.343130645813671,0.222394499123635,0.855068924154672
17406,0.344748550626938,0.247202372927059,-0.269681444952359
17413,0.289065659970338,0.184710799514629,1
17420,0.275583119859782,0.17554267223945,0.997778106863447
17422,0.290953215585816,0.184710799514629,0.975800686927867
17427,0.291357691789133,0.184778212215181,0.970504678114136
17436,0.180800862882567,0.102399892139679,-0.173098685354026
17440,0.0947822569772145,0.0487393824996629,-0.128939024948945
17448,0.294458676014561,0.180666037481461,1
17450,0.342591344209249,0.216192530672779,-0.111662929894598
17456,0.297424834838884,0.182823243899151,0.976598814121501
17463,0.295941755426722,0.181812053390859,0.998422348539937
17467,0.10192800323581,0.0547391128488607,0.999358127275421
17471,0.2978293110422,0.181407577187542,0.999772664419444
17472,0.297694485641095,0.181474989888095,0.922698049817592
17488,0.279223405689632,0.177767291357692,1
17489,0.279223405689632,0.177767291357692,1
17496,0.287447755157072,0.188081434542268,0.979248989894255
17499,0.364028582985034,0.240528515572334,0.835975759778004
17501,0.292166644195766,0.178711069165431,0.799640393796667
17504,0.298638263448834,0.181946878791964,0.990445247218372
17519,0.296481057031145,0.182486180396387,0.977022109731374
17522,0.29176216799245,0.177699878657139,0.998389734430906
17524,0.274504516650937,0.176486450047189,0.99978035421486
17525,0.274639342052043,0.176553862747742,1
17531,0.288930834569233,0.183429958204126,0.986988759898618
17551,0.291088040986922,0.178711069165431,0.988347265589716
17552,0.292301469596872,0.178239180261561,0.989666531365008
17555,0.29176216799245,0.178239180261561,0.991989244958719
17569,0.292705945800189,0.179385196170959,0.990228704890066
17574,0.274774167453148,0.170284481596333,0.999535687693665
17576,0.274504516650937,0.170149656195227,0.966150738828096
17577,0.292301469596872,0.179317783470406,0.999772541618629
17584,0.291896993393555,0.178980719967642,0.993850059544177
17587,0.292840771201294,0.179317783470406,0.980479093482562
17590,0.291492517190239,0.178508831063772,0.832305480430312
17593,0.376836996090063,0.249494404745854,0.80368493631843
17599,0.357556963731967,0.235674801132533,0.996469663902349
17602,0.282189564513954,0.174666307132264,0.920530361937772
17603,0.274369691249831,0.170621545099097,0.9972289209143
17608,0.272616961035459,0.169745179991911,0.970326840591316
17613,0.266145341782392,0.171497910206283,-0.0690815216279565
17624,0.0299312390454362,0.0152352703249292,-0.0495936240233797
17632,0.270999056222192,0.168127275178644,1
17648,0.349197788863422,0.207361466900364,-0.108761013422499
17651,0.180531212080356,0.103613320749629,-0.184193905594265
17656,0.266010516381286,0.165902656060402,0.971822997369999
17682,0.434811918565458,0.300862882567076,0.0644155224650324
17685,0.428475124713496,0.309154644735068,-0.30899233745239
17703,0.292166644195766,0.179115545368748,0.706348279572483
17713,0.503572873129298,0.485843332883915,0.999864028605617
17716,0.419306997438317,0.347040582445733,-0.357329403030045
17718,0.483618713765673,0.475326951597681,-0.849634277619714
17719,0.469596872050694,0.446339490359984,0.999870117666589
17720,0.469462046649589,0.446272077659431,0.897725317120266
17733,0.297424834838884,0.180800862882567,0.96544361967505
17736,0.280302008898476,0.183699609006337,0.998101787726429
17744,0.297290009437778,0.181003100984225,-0.358149552014046
17748,0.505864904948092,0.469462046649589,-0.288983688919232
17759,0.298638263448834,0.182755831198598,1
17772,0.297155184036673,0.182553593096939,-0.316657837648909
17774,0.297559660239989,0.182486180396387,0.996863582703379
17778,0.298907914251045,0.182755831198598,0.981459555007011
17780,0.295941755426722,0.181003100984225,0.980802283598366
17783,0.298233787245517,0.181879466091412,0.973690008821722
17788,0.29418902521235,0.179991910475934,0.999089602752819
17793,0.446406903060537,0.327558311985978,1
17795,0.133072670891196,0.074625859511932,-0.154702166510783
17801,0.49103411082648,0.414992584602939,-0.367373798997871
17806,0.489011729809896,0.41330726708912,0.999719707492573
17810,0.314547660779291,0.190845355264932,0.998221858827356
17813,0.156397465282459,0.0888499393285695,-0.111354593409225
17823,0.31090737494944,0.189025212350007,0.997553498954008
17833,0.469462046649589,0.354995281110961,-0.33643145891152
17834,0.290818390184711,0.176014561143319,1
17837,0.474046110287178,0.375758392881219,-0.340822265778508
17839,0.366050964001618,0.237090467844142,-0.262528173901702
17840,0.298773088849939,0.182688418498045,-0.166256918756825
17853,0.294728326816772,0.183901847107995,0.999118929863779
17857,0.259404071727113,0.163408386139949,0.999765471861878
17861,0.296346231630039,0.185250101119051,1
17862,0.296346231630039,0.185250101119051,1
17863,0.296346231630039,0.185250101119051,-0.342586892314735
17874,0.295267628421195,0.180531212080356,0.998412366698445
17875,0.294863152217878,0.180733450182014,0.99390599447217
17887,0.311311851152757,0.200283133342322,-0.409986816614805
17892,0.294728326816772,0.183497370904678,0.998234565965012
17893,0.293919374410139,0.183632196305784,0.988934168510377
17894,0.294728326816772,0.182283942294728,-0.195821062575819
17896,0.293649723607928,0.181205339085884,1
17898,0.296076580827828,0.182283942294728,0.994160587147505
17904,0.295672104624511,0.181003100984225,0.994114057458593
17908,0.461642173385466,0.365242011594984,-0.332847945047286
17911,0.294458676014561,0.181340164486989,0.650636683140553
17912,0.438721855197519,0.347714709451261,0.999424663236859
17916,0.294458676014561,0.181744640690306,0.991266456540448
17932,0.295806930025617,0.182283942294728,-0.336279205050094
17935,0.420790076850479,0.351017931778347,0.999313027834208
17937,0.42105972765269,0.351152757179453,0.619551241710712
17954,0.286234326547121,0.179520021572064,0.999777486847806
17962,0.270729405419981,0.170688957799649,-0.350093937872827
17970,0.269785627612242,0.169677767291358,-0.255916662431374
17979,0.288256707563705,0.177834704058245,0.998408804308277
17994,0.283807469327221,0.175340434137792,0.753460073063267
17995,0.390184710799515,0.269111500606714,0.738105801209223
18006,0.279762707294054,0.178980719967642,1
18029,0.29176216799245,0.1791829580693,-0.458624198686064
18031,0.291492517190239,0.178778481865984,-0.290252896097664
18037,0.282998516920588,0.177902116758797,-0.322404699463026
18042,0.505190777942564,0.448496696777673,0.999443469620397
18051,0.287987056761494,0.176890926250506,-0.290114833801427
18052,0.364972360792773,0.250438182553593,0.97129735807772
18067,0.286908453552649,0.177160577052717,0.999544993351668
18071,0.334771470945126,0.220911419711474,-0.449025303400084
18076,0.287312929755966,0.177227989753269,0.974849945971568
18077,0.282998516920588,0.173452878522314,0.99953583611767
18082,0.287717405959283,0.177160577052717,0.997946526070709
18089,0.285290548739382,0.177025751651611,0.999096759655956
18104,0.22664149925846,0.130308750168532,0.960364424760863
18105,0.232438991506,0.127949305649184,0.956890718957965
18107,0.299447215855467,0.184913037616287,0.980217735218947
18110,0.292031818794661,0.182688418498045,0.989359010375494
18126,0.289470136173655,0.179115545368748,-0.0824891512215195
18128,0.290279088580289,0.179520021572064,0.996620619649483
18161,0.265471214776864,0.155116623971956,-0.380417644093273
18169,0.258460293919374,0.167520560873669,1
18171,0.258460293919374,0.167520560873669,1
18178,0.253606579479574,0.150262909532156,1
18189,0.265066738573547,0.153431306458137,0.99867551490783
18192,0.387757853579614,0.240258864770123,0.998228736934732
18210,0.273156262639881,0.158150195496832,-0.336563266823342
18216,0.274234865848726,0.158285020897937,-0.201796138737082
18220,0.272751786436565,0.157947957395173,-0.385459676049506
18222,0.494809222057436,0.431306458136713,0.68043994012919
18227,0.47579884050155,0.492854253741405,-0.828798294305858
18228,0.473506808682756,0.407712012943239,-0.592810617698146
18231,0.314817311581502,0.193811514089254,0.994426947452625
18232,0.314547660779291,0.195429418902521,-0.42472001924373
18236,0.252123500067413,0.15666711608467,0.597326516705352
18240,0.254011055682891,0.158015370095726,0.99053711277193
18278,0.446272077659431,0.327760550087636,-0.580834691214496
18280,0.445732776055009,0.327086423082109,-0.408763399693364
18281,0.405554806525549,0.268167722798975,0.998047012115864
18286,0.407037885937711,0.269313738708373,1
18287,0.407037885937711,0.269313738708373,-0.463791369522991
18298,0.464473506808683,0.356006471619253,0.892625899929208
18305,0.413374679789672,0.287987056761494,-0.489009404434504
18310,0.449238236483754,0.336524201159498,-0.428709971526222
18321,0.494135095051908,0.388634218686801,-0.134643064534511
18322,0.203181879466091,0.115612781448025,0.999344892288051
18323,0.20291222866388,0.115477956046919,0.998039675443159
18324,0.203451530268303,0.115882432250236,0.989191994790806
18327,0.202507752460564,0.115815019549683,1
18332,0.154779560469192,0.0844007010920858,0.660059821784938
18345,0.209383847916948,0.118713765673453,-0.0748437165613567
18347,0.209518673318053,0.118781178374006,-0.073746892912815
18356,0.0469192395847378,0.0248078738034245,-0.0258864337035742
18357,0.223540515033032,0.124713496022651,0.969190666353932
18359,0.050289874612377,0.0256842389106108,0.00040031117161809
18366,0.215585816367804,0.119522718080086,-0.0716255989919641
18387,0.0529863826344883,0.027167318322772,0.853527859018297
18388,0.0575704462720777,0.0302683025482001,0.43576970569603
18393,0.462585951193205,0.353444788998247,0.925367927855096
18407,0.451125792099231,0.330052581906431,0.998599826364585
18410,0.277875151678576,0.168868814884724,0.99738371672767
18426,0.517055413239854,0.481394094647432,0.999300032237696
18427,0.517459889443171,0.48159633274909,-0.456636572088479
18429,0.0582445732776055,0.0316839692598085,-0.161815366735602
18430,0.448564109478226,0.329985169205878,-0.301646189985611
18431,0.267223944991236,0.155318862073615,-0.413456883794135
18433,0.519482270459755,0.481259269246326,-0.413618920598175
18436,0.447755157071592,0.330524470810301,-0.164791983670819
18438,0.0581097478764999,0.0314817311581502,-0.0392858592816537
18453,0.449238236483754,0.331400835917487,-0.161522285302386
18489,0.279223405689632,0.164149925846029,0.901122090420655
18491,0.305514358905218,0.189699339355535,0.993894784089023
18495,0.265471214776864,0.162397195631657,0.384660510912719
18514,0.482540110556829,0.417891330726709,0.999587849520063
18516,0.482674935957934,0.418093568828367,-0.574385746916014
18522,0.220439530807604,0.12761224214642,-0.127334618287696
18527,0.452878522313604,0.421666441957665,0.999226611464621
18528,0.452339220709182,0.421396791155454,-0.619772305396363
18533,0.437373601186464,0.314412835378185,0.999841431546036
18541,0.391398139409465,0.264729675070783,0.999826033296053
18549,0.470001348254011,0.395847377645948,1
18550,0.470001348254011,0.395847377645948,-0.485864854113529
18568,0.415127410004045,0.296683295132803,-0.436984879274137
18584,0.196979911015235,0.114938654442497,-0.246520027257742
18587,0.430632331131185,0.310772549548335,0.998418610769273
18597,0.377106646892275,0.254078468383443,-0.344456228836043
18602,0.432789537548874,0.311581501954968,-0.247402438605327
18606,0.43171093434003,0.312794930564918,-0.387984274213229
18617,0.437238775785358,0.315424025886477,-0.219658929965517
18622,0.382904139139814,0.257920992314952,-0.403518220161023
18623,0.438721855197519,0.317109343400297,-0.404025359980712
18627,0.437238775785358,0.316907105298638,-0.394214224662352
18628,0.365781313199407,0.243292436294998,-0.330476876250802
18632,0.183901847107995,0.0992314952136982,0.98872224860241
18635,0.378994202507752,0.255831198597816,-0.327961838835376
18638,0.183092894701362,0.0989618444114871,-0.17375581067141
18642,0.366050964001618,0.242213833086153,-0.200206941753151
18655,0.0706485101793178,0.0390993663206148,0.270989991767464
18656,0.469192395847378,0.399083187272482,0.999312594354039
18658,0.469596872050694,0.399420250775246,0.984100904836833
18702,0.447081030066064,0.359444519347445,-0.29147297099108
18706,0.290144263179183,0.182958069300256,-0.446508598443943
18718,0.491977888634219,0.487056761493865,0.615909441293301
18742,0.404476203316705,0.274774167453148,0.863739378615008
18747,0.480517729540245,0.470675475259539,-0.830356589564971
18749,0.480922205743562,0.470608062558986,0.968716501184378
18758,0.428744775515707,0.304435755696373,0.876956281843385
18763,0.1791829580693,0.0975461776998786,0.415904487232871
18770,0.483618713765673,0.434744505864905,0.449179220177771
18778,0.445058649049481,0.356680598624781,0.803685581001435
18809,0.298638263448834,0.179520021572064,0.977002589458377
18816,0.297694485641095,0.1791829580693,0.998840782505638
18824,0.177295402453822,0.0959282728866119,-0.0573901399541889
18844,0.363219630578401,0.22542807064851,1
18847,0.159902925711204,0.0893892409329917,0.460843459340148
18850,0.16125117972226,0.0904678441418363,0.997991837337573
18851,0.161116354321154,0.0904004314412835,0.464739921371822
18854,0.330591883510853,0.203316704867197,0.678339199669368
18856,0.450316839692598,0.322637184845625,0.488330681981011
18860,0.238775785357961,0.136915194822705,0.949007076702045
18865,0.0837265740865579,0.0444249696642848,0.260782564539567
18870,0.488472428205474,0.422475394364298,-0.810745380439644
18873,0.478495348523662,0.428947013617366,-0.737858063810545
18876,0.0725360657947957,0.0370769853040313,-0.0586329541179268
18888,0.477551570715923,0.412970203586356,0.990966103935041
18890,0.479034650128084,0.415599298907914,-0.335204139891979
18891,0.235270324929217,0.134218686800593,-0.366292980985387
18899,0.475394364298234,0.387488202777403,-0.28892860668042
18900,0.209383847916948,0.121410273695564,-0.285061755567527
18907,0.479843602534718,0.397128218956451,-0.430878901923181
18913,0.40218417149791,0.264190373466361,-0.191815460599889
18919,0.488876904408791,0.460833220978832,0.998135297065188
18920,0.487798301199946,0.461372522583255,-0.365185693865536
18924,0.461102871781044,0.416340838613995,0.999868084746561
18933,0.497236079277336,0.483349062963462,0.885550224841428
18946,0.481461507347984,0.424093299177565,0.999863957674099
18957,0.467170014830794,0.430699743831738,0.999868803552638
18962,0.47579884050155,0.427059458001888,0.988701248190738
18964,0.477281919913712,0.413644330591884,-0.786603923809886
18969,0.067143049750573,0.0350546042874478,0.628918151385303
18972,0.0912767965484697,0.0494135095051907,0.993772574801812
18985,0.0629634623163004,0.0329648105703114,0.640737252924816
18998,0.062154509909667,0.0326951597681003,0.959800712685578
19009,0.0655251449373062,0.0339760010786032,0.983703528933391
19012,0.0686261291627343,0.0356613185924228,0.986256722649118
19017,0.0698395577726844,0.0366725091007146,0.992437473617022
19019,0.0693002561682621,0.0361332074962923,0.931906980161214
19032,0.0660644465417285,0.0349197788863422,0.998037175300502
19037,0.0656599703384118,0.034043413779156,0.972527001625881
19044,0.0558177160577053,0.0291222866388028,0.885827847165773
19051,0.0372118107051368,0.019684508561413,1
19057,0.0392341917217204,0.0208305244708104,0.988803751040289
19060,0.0389645409195092,0.0206956990697047,0.990370491405676
19066,0.0385600647161925,0.0204934609680464,0.980616397007132
19067,0.0385600647161925,0.0204934609680464,0.996765073071838
19072,0.0407172711338816,0.0214372387757854,0.246805394813899
19075,0.395847377645949,0.253336928677363,0.998318943025052
19079,0.38546582176082,0.246932722124848,0.983082028416479
19094,0.394633949035998,0.252999865174599,0.996829517207736
19098,0.395577726843737,0.253067277875152,0.999813036954211
19101,0.395847377645949,0.252932452474046,0.998504269215905
19102,0.395308076041526,0.253067277875152,0.998506358158581
19108,0.378724551705541,0.252999865174599,0.987509997924286
19110,0.384117567749764,0.257718754213294,0.962262486546668
19112,0.394229472832682,0.252932452474046,0.998694816180077
19145,0.410543346366455,0.271740595928273,0.932282995417345
19148,0.390589187002831,0.251516785762438,1
19150,0.41040852096535,0.271538357826615,0.996637226744458
19151,0.409734393959822,0.270661992719428,0.998226979701152
19163,0.399622488876904,0.264527436969125,0.195283132649703
19169,0.0369421599029257,0.0194148577592018,0.996561411967603
19174,0.414588108399623,0.272549548334906,0.998753484096004
19177,0.395847377645949,0.253202103276257,0.949009745558847
19178,0.413509505190778,0.271740595928273,0.999286865515369
19181,0.0408520965349872,0.0213698260752325,1
19185,0.486584872589996,0.420857489551031,0.869134648191258
19189,0.117298098961844,0.0655251449373062,-0.205753772958735
19202,0.479034650128084,0.421127140353243,0.870018390025915
19203,0.482135634353512,0.488472428205474,0.998306852170562
19206,0.119590130780639,0.0668059862478091,1
19221,0.482270459754618,0.419913711743292,0.992061786604062
19224,0.480113253336929,0.418835108534448,0.99713441442995
19226,0.474989888094917,0.433531077254955,0.998540194854927
19233,0.118376702170689,0.066199271942834,-0.218350476011388
19240,0.121747337198328,0.0678845894566537,-0.279069697271054
19243,0.119994606983956,0.0670082243494674,-0.221542569064147
19245,0.479304300930295,0.433396251853849,-0.868707240104075
19247,0.482405285155723,0.497640555480653,0.998957578678413
19248,0.483214237562357,0.497775380881758,-0.279119664093791
19249,0.121208035593906,0.0677497640555481,-0.280873584895784
19259,0.122556289604962,0.0700417958743427,0.999511757147219
19262,0.123904543616017,0.0699069704732371,0.998517626423262
19271,0.120399083187272,0.0684238910610759,0.977319096553501
19283,0.120399083187272,0.0677497640555481,0.974864031376317
19289,0.062154509909667,0.0325603343669948,0.96144131867987
19290,0.0573007954698665,0.0301334771470945,0.978333261558906
19320,0.518538492652016,0.463529729000944,0.92628393236465
19324,0.0582445732776055,0.0307401914520695,-0.14285832035608
19336,0.515841984629904,0.434946743966563,0.393061046112709
19338,0.520021572064177,0.442429553727922,0.999278654480643
19342,0.053390858837805,0.0303357152487529,0.429019633911825
19343,0.242685721990023,0.151274100040448,-0.243172596724266
19345,0.456788458945665,0.322906835647836,0.999031805984902
19362,0.502763920722664,0.392274504516651,-0.255873211888917
19365,0.168801402184172,0.0951867331805312,-0.258445115200653
19382,0.168127275178644,0.0948496696777673,-0.0913934629977637
19392,0.438856680598625,0.320951867331805,0.794920745643839
19406,0.521100175273021,0.49635971417015,0.998310623823279
19418,0.125252797627073,0.070581097478765,-0.244408002120359
19421,0.52204395308076,0.494135095051908,-0.855601928644485
19426,0.501280841310503,0.405689631926655,0.893240189473619
19433,0.519482270459755,0.49635971417015,-0.265826594295543
19435,0.517325064042066,0.475731427800998,-0.941841362907124
19442,0.126196575434812,0.0714574625859512,0.882514271989456
19449,0.119185654577322,0.0671430497505731,0.917923933405522
19453,0.131859242281246,0.0811648914655521,0.629287703537565
19458,0.132803020088985,0.081501954968316,-0.114019746605235
19465,0.259404071727113,0.158554671700148,0.638180336038835
19467,0.294728326816772,0.182553593096939,0.528976566588872
19474,0.121208035593906,0.0664015100444924,0.520455140676052
19475,0.305244708103007,0.18862073614669,0.988227476001473
19486,0.481731158150196,0.476675205608737,-0.304725458267077
19490,0.175273021437239,0.100984225428071,-0.0919811111811666
19491,0.142780099770797,0.0891870028313334,0.658002968927551
19505,0.508291762167992,0.477551570715923,-0.84491513434961
19510,0.103545908049076,0.0555480652554942,-0.224867993358096
19511,0.489281380612107,0.441350950519078,0.999051265031994
19515,0.499662936497236,0.474046110287178,-0.769032868282091
19517,0.502089793717136,0.486854523392207,-0.930543524112898
19519,0.448024807873803,0.390656599703384,1
19524,0.217877848186598,0.126601051638129,0.993705363816692
19537,0.483618713765673,0.40750977484158,0.983002986437895
19538,0.480248078738034,0.399892139679116,-0.757507098218401
19542,0.46272077659431,0.478225697721451,0.998867606811287
19544,0.501550492112714,0.490359983820952,-0.849387280134455
19546,0.483483888364568,0.450451665093704,0.897608703074529
19552,0.485775920183363,0.429216664419577,0.999863597401587
19560,0.475124713496023,0.463664554402049,0.920712623761709
19562,0.474989888094917,0.424767426183093,0.999060613181767
19565,0.475259538897128,0.424767426183093,1
19572,0.443845220439531,0.341243090198193,0.992262568683172
19573,0.443171093434003,0.344681137926385,-0.420168162252481
19590,0.424430362680329,0.320479978427936,0.856935027115064
19609,0.457058109747876,0.36052312255629,0.972229370890412
19618,0.2905487393825,0.178036942159903,-0.375911865832564
19620,0.470405824457328,0.396454091950924,-0.215471180161571
19624,0.0746932722124848,0.040582445732776,0.00391953497747227
19633,0.491977888634219,0.458338951058379,0.99825239743165
19649,0.450047188890387,0.355669408116489,-0.16050450267163
19652,0.148577592018336,0.0812997168666577,-0.262429932003946
19653,0.479304300930295,0.427059458001888,-0.168672930197335
19660,0.449103411082648,0.353309963597142,0.999854984447605
19683,0.474855062693812,0.40339760010786,-0.636572749324712
19690,0.484562491573412,0.457192935148982,0.999071369338551
19692,0.203451530268303,0.115612781448025,-0.151870123787565
19694,0.467439665633005,0.404408790616152,-0.175991839510287
19707,0.0846703518942969,0.0450316839692598,-0.113812058099716
19725,0.350141566671161,0.219563165700418,0.62557374968107
19732,0.483888364567885,0.402251584198463,0.579495890987135
19735,0.340838613994877,0.225023594445193,0.664299638586658
19738,0.486315221787785,0.404408790616152,0.278882326927375
19747,0.29176216799245,0.179452608871511,0.843544937554155
19749,0.293110422003505,0.180261561278145,0.989020991658993
19751,0.281245786706215,0.174598894431711,0.547464727942904
19754,0.462181474989888,0.404745854118916,1
19756,0.462181474989888,0.404745854118916,0.298254558670833
19758,0.0914116219495753,0.0484023189968991,-0.178383203370092
19762,0.230146959687205,0.139207226641499,-0.303847807872426
19768,0.441822839422947,0.338209518673318,0.999554068267718
19780,0.502763920722664,0.411419711473642,0.987577334464527
19808,0.0989618444114871,0.0539301604422273,-0.162939697695257
19813,0.449507887285965,0.34286099501146,-0.495397879316781
19816,0.446811379263853,0.330591883510853,-0.137412659952813
19818,0.446946204664959,0.329985169205878,0.996924158090321
19822,0.436969124983147,0.345624915734124,1
19834,0.445328299851692,0.329850343804773,-0.501427820272335
19837,0.452878522313604,0.34818659835513,1
19838,0.452878522313604,0.34818659835513,0.997627602672273
19846,0.48280976135904,0.442699204530133,-0.427437573785109
19851,0.445193474450586,0.332479439126331,-0.327931828592223
19858,0.174464069030605,0.103006606444654,0.9989638018375
19863,0.446946204664959,0.347107995146286,-0.533292749834587
19867,0.175677497640555,0.101051638128623,-0.203452932096726
19878,0.101119050829176,0.0525819064311717,-0.220236810385198
19885,0.102197654038021,0.0568963192665498,0.953634899226074
19893,0.440879061615208,0.33679385196171,1
19894,0.440879061615208,0.33679385196171,-0.673489307508424
19901,0.474855062693812,0.474720237292706,0.114021177902281
19902,0.221518134016449,0.132465956586221,0.635927408544133
19903,0.106107590670082,0.0569637319671026,0.64719773790083
19906,0.48402318996899,0.433463664554402,0.99891838594195
19910,0.488742079007685,0.438384791694755,0.999320484029529
19911,0.489146555211002,0.438182553593097,0.755414607434387
19932,0.261696103545908,0.162262370230551,0.987131440135121
19933,0.261696103545908,0.162801671834974,1
19936,0.264392611568019,0.163745449642713,-0.219982833973127
19944,0.185115275717945,0.104152622354052,-0.173309798615345
19957,0.484562491573412,0.378859377106647,0.999261833622571
19960,0.480248078738034,0.368073345018201,-0.190565990853128
19965,0.494944047458541,0.435957934474855,-0.64313016801967
19966,0.466495887825266,0.353781852501011,0.844287653308799
19967,0.400701092085749,0.282863691519482,-0.18021930027718
19984,0.389375758392881,0.253471754078468,-0.276420712569151
19989,0.138465686935419,0.0752999865174598,0.999518950526456
19993,0.501550492112714,0.468383443440744,0.996865640762586
19996,0.385330996359714,0.252123500067413,-0.135363455319759
20011,0.269785627612242,0.166981259269246,1
20018,0.277875151678576,0.170621545099097,0.996956226062541
20028,0.513010651206687,0.452811109613051,0.999294785445265
20046,0.496022650667386,0.483820951867332,-0.588286590051615
20054,0.497505730079547,0.485910745584468,-0.452468534366772
20055,0.298233787245517,0.182823243899151,0.994594677989508
20064,0.345692328434677,0.225293245247405,0.0529819080113509
20067,0.496966428475125,0.477281919913712,0.996769707426069
20073,0.142780099770797,0.0790750977484158,-0.0916676314191304
20076,0.44020493460968,0.323513549952811,-0.257297431318272
20077,0.200889847647297,0.111365781313199,0.995518426869471
20081,0.334501820142915,0.204867196979911,-0.249419828360199
20083,0.13630848051773,0.0752999865174598,-0.114617617822868
20087,0.300795469866523,0.18450856141297,-0.242286852657073
20095,0.356748011325334,0.231764864500472,-0.390574280413806
20114,0.171363084805177,0.0964675744910342,1
20118,0.431171632735607,0.362815154375084,0.992662440438547
20124,0.471079951462856,0.359309693946339,-0.253980025406655
20130,0.28111096130511,0.166441957664824,0.515284624068411
20135,0.279627881892949,0.165970068760955,0.589324555191362
20144,0.207361466900364,0.117702575165161,-0.253096206966174
20157,0.074962923014696,0.0408520965349872,-0.102388100738902
20160,0.462990427396522,0.422542807064851,-0.358528955833966
20163,0.474720237292706,0.39807199676419,0.98705775027937
20168,0.507347984360254,0.425037076985304,-0.753144953380464
20174,0.454496427126871,0.346029391937441,-0.186082345317665
20177,0.452339220709182,0.345355264931913,1
20179,0.367399218012674,0.236146690036403,-0.41091757195795
20182,0.439126331400836,0.347647296750708,-0.441995573187324
20185,0.318727248213563,0.201833625455036,1
20198,0.483079412161251,0.489753269515977,-0.97847147954394
20211,0.486584872589996,0.477888634218687,0.562429717604742
20216,0.357961439935284,0.229944721585547,0.564731368087834
20221,0.482540110556829,0.473169745179992,0.999738178288628
20237,0.485371443980046,0.465417284616422,0.541195260714689
20242,0.481865983551301,0.382364837535392,-0.499919834286632
20243,0.408790616152083,0.289604961574761,-0.161894645107214
20247,0.118376702170689,0.0610759067008224,0.973687582212981
20257,0.214642038560065,0.118781178374006,0.400940542442871
20267,0.36173655116624,0.226708911959013,0.644393649291746
20268,0.200080895240663,0.112444384522044,-0.216916484801633
20273,0.391937441013887,0.258258055817716,-0.310911438060003
20302,0.477281919913712,0.39153296481057,0.851132194105331
20308,0.500606714304975,0.420992314952137,0.999574057998094
20331,0.346770931643522,0.211001752730214,-0.109502426039206
20332,0.104085209653499,0.0551435890521774,-0.0910276250797047
20333,0.345018201429149,0.212956721046245,0.78923274012601
20338,0.393016044222732,0.267830659296211,-0.318382020236077
20344,0.440744236214103,0.325401105568289,-0.330344628901472
20347,0.270594580018876,0.161588243225024,0.642032311185714
20348,0.150195496831603,0.0792773358500741,0.999524469180406
20349,0.150060671430498,0.0792099231495214,-0.105079466140718
20351,0.412700552784145,0.30773897802346,0.999386764923629
20356,0.168936227585277,0.0957934474855062,0.992393333563503
20362,0.42470001348254,0.308210866927329,0.70860617862494
20370,0.348658487259,0.21235000674127,0.968375163169999
20374,0.168936227585277,0.0959282728866119,1
20376,0.169071052986383,0.0958608601860591,0.393338734835412
20390,0.396925980854793,0.270324929216664,0.739921773254412
20394,0.419981124443845,0.289133072670891,0.915034264805941
20404,0.13415127410004,0.0719293514898207,0.771184825971795
20405,0.0879061615208305,0.0459754617769987,0.745928840363623
20408,0.130915464473507,0.0732776055008764,0.747308403707178
20412,0.0768504786301739,0.0407172711338816,1
20418,0.0535256842389106,0.0277066199271943,-0.037325227972638
20427,0.402723473102332,0.273762976944856,0.999485074201918
20439,0.4140488067952,0.299379803154914,-0.117990891459094
20442,0.179048132668195,0.100175273021437,0.878050981299404
20449,0.450182014291493,0.321760819738439,0.857173537076115
20454,0.12444384522044,0.0672104624511258,-0.0446828526494202
20463,0.450451665093704,0.322434946743967,-0.146217346100684
20474,0.129702035863557,0.0725360657947958,0.498237048224569
20478,0.135769178913307,0.0731427800997708,-0.0598374461984972
20491,0.323446137252258,0.2021706889578,0.842043192008063
20492,0.331535661318592,0.209316435216395,0.785816100598305
20494,0.245651880814345,0.141701496561952,0.995803320182243
20496,0.063098287717406,0.0334366994741809,1
20502,0.478495348523662,0.398880949170824,1
20506,0.352163947687744,0.223944991236349,0.994693622477724
20508,0.353781852501011,0.225158419846299,0.997258190067723
20525,0.137791559929891,0.0737494944047459,0.992128592587585
20526,0.138600512336524,0.0745584468113792,0.991681005625849
20530,0.266280167183497,0.153903195362006,0.986926795279462
20532,0.267628421194553,0.155790750977484,-0.189241314842088
20540,0.272482135634354,0.166172306862613,1
20545,0.31306458136713,0.193339625185385,-0.3813289736808
20547,0.452608871511393,0.38256707563705,-0.667081977270953
20554,0.361871376567345,0.245382230012134,-0.406299357825196
20555,0.414722933800728,0.307806390724012,-0.562816402868199
20556,0.482135634353512,0.417689092625051,-0.370491363814712
20560,0.359174868545234,0.24673048402319,0.830804659860892
20564,0.440474585411892,0.327962788189295,-0.177938271131926
20570,0.120533908588378,0.0649858433328839,-0.173474805702724
20579,0.447350680868276,0.323311311851153,0.922452670981858
20580,0.476203316704867,0.355264931913172,0.23232060847253
20584,0.122016988000539,0.0658622084400701,-0.172906338027648
20589,0.460563570176621,0.356882836726439,1
20594,0.476068491303762,0.355736820817042,1
20604,0.118916003775111,0.0643117163273561,0.322000135489936
20606,0.120668733989484,0.0653229068356478,1
20609,0.11985978158285,0.0647836052312256,0.910315277991368
20614,0.119724956181745,0.0647161925306727,-0.17203195207548
20617,0.172037211810705,0.0973439395982203,-0.237250940040877
20618,0.448294458676015,0.323918026156128,-0.238068118202905
20621,0.478630173924767,0.419576648240529,0.99986395969541
20627,0.350680868275583,0.228461642173385,0.981827225408228
20648,0.27747067547526,0.170823783200755,-0.424223166737807
20660,0.118511527571795,0.0639746528245921,0.320144878775642
20662,0.445597950653903,0.322704597546178,0.918414772293165
20668,0.472563030875017,0.352770661992719,1
20676,0.4721585546717,0.353242550896589,0.999847388632045
20688,0.396521504651476,0.270931643521639,-0.351586418961598
20689,0.329917756505326,0.213765673452879,-0.233220089909565
20691,0.396925980854793,0.271403532425509,-0.2253202068757
20694,0.521369826075233,0.499595523796683,-0.591083927783769
20697,0.11743292436295,0.0637050020223811,-0.221940096899086
20698,0.519886746663071,0.435486045570986,0.994047637998842
20702,0.519886746663071,0.433733315356613,0.469219563469638
20703,0.25980854793043,0.156464877983012,0.466321577592034
20732,0.461911824187677,0.355399757314278,0.931125390653147
20750,0.259134420924902,0.144263179182958,0.999712816258562
20776,0.486719697991102,0.479034650128084,0.351642299731638
20777,0.170419306997438,0.0923553997573143,0.999182234205189
20782,0.223675340434138,0.124376432519887,-0.289860963328346
20786,0.512741000404476,0.430160442227316,-0.0965142672451687
20787,0.217473371983282,0.120466495887825,0.835472119928121
20789,0.216799244977754,0.120803559390589,0.996432522296562
20793,0.231495213698261,0.136645544020493,-0.165392871318853
20796,0.386544424969664,0.257583928812188,0.600446279085535
20799,0.223675340434138,0.132735607388432,-0.159896326668252
20814,0.171363084805177,0.0935014156667117,0.988322496718746
20815,0.169880005393016,0.0915464473506808,0.995855796702237
20824,0.409060266954294,0.288526358365916,0.99412202859171
20840,0.165565592557638,0.0897937171363085,0.991631933483058
20853,0.295267628421195,0.182283942294728,0.776390519195074
20872,0.403532425508966,0.269853040312795,0.998775107676083
20874,0.405015504921127,0.271133881623298,0.996676659498381
20879,0.410812997168667,0.332816502629095,-0.473150641910468
20886,0.467574491034111,0.356073884319806,-0.543443223967094
20894,0.418093568828367,0.29708777133612,0.98288713782504
20895,0.415801537009573,0.302952676284212,-0.21061113931401
20909,0.459754617769988,0.318187946609141,-0.179004252479196
20912,0.51840366725091,0.466293649723608,0.610902952537289
20913,0.374005662666846,0.251719023864096,0.682083540272151
20924,0.179452608871511,0.100647161925307,0.997786379475307
20926,0.290953215585816,0.177565053256033,0.61591018373308
20928,0.268707024403398,0.158217608197384,0.773398874984099
20929,0.180126735877039,0.100984225428071,-0.141932569868261
20934,0.180666037481462,0.101119050829176,0.446135350295347
20942,0.105163812862343,0.0546042874477551,0.996008202103269
20943,0.105163812862343,0.0546042874477551,-0.095473313580317
20959,0.187272482135634,0.108736685991641,-0.0860322748540654
20965,0.170284481596333,0.0949844950788729,-0.134835193582385
20966,0.189294863152218,0.105837939867871,0.515124544579161
20974,0.169610354590805,0.0950519077794256,0.756745398325457
20992,0.405419981124444,0.291829580693003,0.99808106221068
20996,0.420520426048268,0.326075232573817,0.991763169814549
20998,0.424565188081435,0.327558311985978,0.954000065275138
21005,0.0180666037481461,0.00916812727517868,0.243240998526182
21014,0.197788863421869,0.115882432250236,0.907393241987685
21016,0.171228259404072,0.0934340029661588,0.839178172761568
21018,0.176351624646083,0.0986921936092759,0.906410821701075
21019,0.175273021437239,0.0955912093838479,0.878676472283721
21028,0.16853175138196,0.0915464473506808,0.304064897980136
21029,0.491168936227585,0.490966698125927,0.816440084629691
21031,0.479439126331401,0.495213698260752,0.945133443887829
21032,0.486989348793313,0.470270999056222,1
21039,0.287312929755966,0.17965484697317,0.999776975200047
21040,0.287447755157072,0.179587434272617,0.982993817966777
21042,0.289065659970338,0.179452608871511,0.984479429361142
21048,0.393016044222732,0.329985169205878,-0.422915293870251
21049,0.349602265066739,0.245179991910476,-0.423584600444644
21051,0.357826614534178,0.251719023864096,0.971554607963921
21052,0.34528785223136,0.240461102871781,-0.523456932960429
21057,0.489281380612107,0.477214507213159,0.979271479754808
21067,0.164486989348793,0.0935688283672644,0.998459873015814
21072,0.481731158150196,0.466563300525819,0.985004092094268
21073,0.488876904408791,0.472967507078334,-0.308772189063151
21074,0.165970068760955,0.0941755426722395,-0.275869161209974
21078,0.343130645813671,0.239112848860725,-0.360590410930491
21083,0.344478899824727,0.240326277470675,0.999300876156709
21089,0.401914520695699,0.288324120264258,-0.382100817820648
21100,0.219495752999865,0.128353781852501,0.412435158688317
21101,0.458541189160038,0.449170823783201,-0.430486856845439
21102,0.359174868545234,0.241067817176756,0.95086328053502
21108,0.451125792099231,0.35229877308885,-0.671305308445882
21114,0.457597411352299,0.361601725765134,0.996673807052426
21125,0.489011729809896,0.416812727517864,0.857057896585738
21130,0.210866927329109,0.118511527571795,-0.315886412903043
21131,0.478090872320345,0.440744236214103,0.999867298794343
21134,0.419981124443845,0.335378185250101,0.680768811550697
21141,0.450586490494809,0.353647027099906,0.998401843304351
21144,0.163003909936632,0.0879735742213833,-0.26295033563352
21147,0.0779290818390185,0.0426048267493596,-0.0469174303558112
21155,0.49710125387623,0.47505730079547,-0.349186527980944
21157,0.0381555885128758,0.0201563974652824,-0.122136087046341
21161,0.466361062424161,0.41816098152892,-0.416494063218314
21178,0.0381555885128758,0.0205608736685992,-0.0508363576249525
21183,0.0377511123095591,0.0198193339625186,-0.00330906735507849
21186,0.060266954294189,0.0325603343669948,-0.081339082577282
21193,0.333153566131859,0.211203990831873,0.998988679203837
21203,0.159228798705676,0.0852770661992719,-0.184566859160836
21209,0.0377511123095591,0.0198193339625186,-0.0481336932064978
21211,0.495078872859647,0.440474585411892,-0.804104239060469
21214,0.513954429014426,0.462181474989888,0.976207985688927
21218,0.502224619118242,0.436092759875961,0.320109238767751
21234,0.476338142105973,0.356950249426992,0.162840823547973
21236,0.475664015100445,0.357017662127545,0.71654263253556
21240,0.0314143184575974,0.0158419846299043,8.33472193050072e-05
21241,0.383443440744236,0.242416071187812,0.235054261949623
21254,0.452339220709182,0.393353107725495,0.890979484094021
21265,0.463394903599838,0.402116758797357,0.934928148576309
21278,0.494944047458541,0.469933935553458,0.99744599079688
21284,0.451934744505865,0.375758392881219,0.959693232578227
21288,0.1137926385331,0.060266954294189,0.260770225541221
21296,0.460024268572199,0.33922070918161,-0.52878722552066
21299,0.47795604691924,0.374477551570716,0.997943467977775
21304,0.38667925037077,0.286234326547121,-0.489377676332891
21314,0.396386679250371,0.272212484832142,-0.385341458631305
21316,0.460968046379938,0.347377645948497,-0.500697983766962
21322,0.462181474989888,0.346096804637994,-0.471294601653923
21324,0.125792099231495,0.0666711608467035,-0.172078669593293
21326,0.394903599838209,0.286301739247674,-0.575760154436088
21336,0.390184710799515,0.280302008898476,1
21350,0.0219765403802076,0.0111230955912094,1
21368,0.409329917756505,0.27989753269516,-0.290040858757853
21374,0.0378859377106647,0.0201563974652824,-0.0462519066268113
21379,0.491843063233113,0.409869219360928,0.997305511514547
21382,0.0349197788863422,0.0188081434542268,1
21385,0.479843602534718,0.376095456383983,0.891741987692373
21388,0.193609275987596,0.107186193878927,-0.0451733521084504
21390,0.220169880005393,0.125994337333154,0.907326100830543
21405,0.345422677632466,0.215046514763381,-0.288394015502974
21407,0.368477821221518,0.233315356613186,-0.311178856587802
21417,0.445058649049481,0.308008628825671,0.999503712460566
21430,0.0339760010786032,0.0183362545503573,-0.074923892472292
21432,0.0601321288930835,0.0300660644465417,-0.125274918113309
21441,0.0343804772819199,0.0185384926520157,-0.0927795558271856
21449,0.470810300660644,0.436294997977619,0.982020017409779
21450,0.476607792908184,0.445260887151139,-0.159571739919038
21453,0.261291627342591,0.146824861803964,0.569505908007525
21455,0.290009437778077,0.18086827558312,-0.0700185168346277
21456,0.0604017796952946,0.0302008898476473,0.996454638320832
21461,0.478360523122556,0.400296615882432,-0.130585525708276
21464,0.294863152217878,0.175340434137792,0.999762248429757
21465,0.294728326816772,0.175273021437239,0.999524599756489
21492,0.453822300121343,0.402049346096805,0.980182803546178
21501,0.385600647161925,0.254820008089524,-0.322782573282243
21511,0.452608871511393,0.397263044357557,-0.378302538988638
21518,0.412430901981933,0.284414183632196,-0.0976417526090389
21526,0.0823783200755022,0.0479304300930296,0.0189362663736344
21531,0.349197788863422,0.210462451125792,-0.275213200067377
21540,0.322097883241203,0.213226371848456,0.1491455549289
21542,0.160442227315626,0.0852096534987191,-0.172839867566486
21552,0.0668733989483619,0.0382904139139814,-0.151762579347973
21553,0.431171632735607,0.28933531077255,0.162636456631605
21554,0.286503977349333,0.176419037346636,-0.263470315886533
21559,0.224888769044088,0.12687070244034,0.925799569352201
21562,0.196170958608602,0.11089389240933,0.865666866941709
21578,0.0510988270190104,0.0263583659161386,-0.123231893217824
21580,0.502494269920453,0.381488472428205,0.873417127507846
21583,0.0396386679250371,0.0203586355669408,-0.0183996020395819
21584,0.154105433463665,0.0819064311716328,-0.126184153256318
21598,0.42470001348254,0.333018740730754,-0.569940376188829
21605,0.428205473911285,0.331940137521909,-0.237143568113076
21606,0.173520291222866,0.0926924632600782,-0.279275661534198
21611,0.430362680328974,0.332074962923015,-0.218207257473116
21617,0.429823378724552,0.332074962923015,-0.546472989132263
21624,0.0741539706080626,0.0382904139139814,-0.156995426221214
21635,0.217877848186598,0.135904004314413,0.983943954931269
21639,0.494000269650802,0.470810300660644,-0.756701501413883
21641,0.0949170823783201,0.0531212080355939,0.991730291837354
21647,0.0957260347849535,0.0510988270190104,0.970727310038899
21653,0.41283537818525,0.293649723607928,0.691055421118406
21656,0.497236079277336,0.499393285695025,0.518638449456597
21668,0.495752999865175,0.463057840097074,1
21671,0.416071187811784,0.2954024538223,-0.507405178382213
21678,0.499662936497236,0.486180396386679,0.836332782352993
21686,0.503842523931509,0.4975731427801,-0.449624053636667
21688,0.442496966428475,0.328704327895376,-0.0251486922591798
21691,0.417823918026156,0.296818120533909,1
21692,0.417823918026156,0.296818120533909,1
21694,0.418767695833895,0.297155184036673,0.985258248467906
21700,0.422407981663745,0.300323580962653,-0.296149385862767
21701,0.288661183767022,0.171700148307941,-0.350864048594724
21704,0.210057974922475,0.117163273560739,0.44063768689996
21719,0.503842523931509,0.418430632331131,0.440377831611785
21726,0.211945530537953,0.11743292436295,-0.297837307067681
21727,0.475933665902656,0.408251314547661,-0.622971157185187
21732,0.352568423891061,0.222124848321424,-0.430930843103999
21748,0.0928947013617366,0.0483349062963462,-0.101974214628362
21753,0.228124578670622,0.13293784549009,-0.305851172869395
21754,0.488337602804368,0.392476742618309,-0.656223451269865
21758,0.043413779155993,0.0219765403802076,-0.0060849138696783
21778,0.0459754617769988,0.0235270324929217,-0.122676828886294
21779,0.470810300660644,0.415397060806256,0.999595937115128
21791,0.461911824187677,0.349737090467844,0.980208364231867
21794,0.4697316974518,0.354995281110961,0.996980065118043
21799,0.469057570446272,0.355332344613725,0.999698530616193
21800,0.469057570446272,0.355332344613725,0.998944689709428
21812,0.466900364028583,0.355332344613725,-0.604220108283901
21827,0.282054739112849,0.16610489416206,-0.186499095616308
21830,0.246865309424296,0.143386814075772,0.987741002551429
21832,0.503438047728192,0.44842928407712,-0.370245726058726
21839,0.49224753943643,0.432182823243899,0.999449003650778
21841,0.434677093164352,0.311581501954968,-0.666860203679397
21842,0.501954968316031,0.498382095186733,-0.994914037674874
21865,0.290953215585816,0.189699339355535,-0.147053860582277
21868,0.295806930025617,0.186868005932318,0.982139237353765
21870,0.151543750842659,0.0825131454766078,0.998221274766138
21895,0.171767561008494,0.0974787649993258,0.999251267916594
21899,0.16246460833221,0.0878387488202778,-0.185001003292261
21903,0.159768100310098,0.0864904948092221,0.427556467452891
21908,0.168936227585277,0.0975461776998786,0.45105436737934
21916,0.360388297155184,0.238573547256303,-0.186162837914474
21922,0.358500741539706,0.239786975866253,0.774990987865211
21934,0.361197249561817,0.239786975866253,-0.186545346962635
21936,0.36294997977619,0.239989213967912,-0.189977969489406
21940,0.143723877578536,0.0810300660644465,0.985528278929794
21950,0.16246460833221,0.0881083996224888,0.425622997194185
21956,0.332614264527437,0.2094512606175,-0.142217355900278
21965,0.125387623028179,0.0676823513549952,0.294930357687608
21966,0.506404206552515,0.464203856006472,0.453139914497761
21973,0.33342321693407,0.208642308210867,1
21975,0.406228933531077,0.265538627477417,-0.315027688204365
21984,0.240258864770123,0.134016448698935,0.449794835623067
21999,0.187542132937845,0.102804368342996,0.726477316243399
22001,0.152352703249292,0.083996224888769,-0.200083205957594
22008,0.283807469327221,0.170891195901308,1
22009,0.283807469327221,0.170891195901308,0.15161450364615
22014,0.40798166374545,0.287447755157072,0.999344345505172
22022,0.216664419576648,0.127342591344209,0.938719068370376
22024,0.495618174464069,0.470001348254011,0.226781999671874
22034,0.11042200350546,0.0577726843737361,0.978518456244385
22036,0.227315626263988,0.13630848051773,-0.301572866265806
22040,0.246865309424296,0.147296750707833,-0.401029773707969
22041,0.493056491843063,0.476001078603209,0.99852966348441
22043,0.492652015639747,0.476742618309289,0.26905363404976
22047,0.201833625455036,0.118983416475664,-0.082459256046137
22048,0.106377241472293,0.055885128758258,-0.132150574980485
22050,0.480922205743562,0.42881218821626,0.868149726729261
22053,0.202372927059458,0.118983416475664,-0.283467418981552
22058,0.47579884050155,0.405487393824997,-0.219080535848055
22061,0.466495887825266,0.370769853040313,-0.161924555662737
22064,0.165565592557638,0.0887151139274639,-0.160243840708342
22066,0.104759336659027,0.055885128758258,-0.111025873560445
22069,0.508291762167992,0.489955507617635,0.432092202090177
22074,0.229877308884994,0.137993798031549,1
22093,0.429688553323446,0.297492247539436,0.469704940998441
22097,0.426857219900229,0.293514898206822,0.377970304730026
22106,0.3535122016988,0.219226102197654,0.611187021222608
22108,0.181205339085884,0.0997707968181205,-0.0672312456657992
22114,0.0756370500202238,0.039975731427801,0.994827090580242
22115,0.0761763516246461,0.0402453822300122,1
22127,0.484697316974518,0.440407172711339,0.560282956800231
22133,0.401644869893488,0.272684373736012,-0.244495107254831
22152,0.377376297694486,0.254078468383443,0.808067147504304
22154,0.273695564244304,0.16731832277201,0.464478846982716
22161,0.482540110556829,0.41573412430902,0.987416499198538
22163,0.0752325738169071,0.0396386679250371,-0.155746968570397
22168,0.222866388027504,0.132735607388432,0.582187826349002
22169,0.427800997707968,0.317041930699744,0.585933845880434
22182,0.0608062558986113,0.0318862073614669,-0.0866406263976084
22184,0.350950519077794,0.219158689497101,0.997778246224532
22186,0.464743157610894,0.395914790346501,0.639110976480613
22188,0.29904273965215,0.178374005662667,-0.152192507840457
22193,0.452339220709182,0.374882027774033,-0.658489587823927
22198,0.194283402993124,0.106040177969529,-0.152366210510285
22199,0.2978293110422,0.177767291357692,-0.284714950220427
22220,0.302683025482001,0.178980719967642,-0.194915577854216
22221,0.235674801132533,0.143993528380747,-0.367385188977388
22222,0.485101793177835,0.458136712956721,0.51154788183752
22228,0.396521504651476,0.264055548065255,0.912824973465197
22235,0.257112039908319,0.147836052312256,0.999180544088599
22241,0.255224484292841,0.146892274504517,-0.104058979626127
22260,0.0732101928003236,0.0391667790211676,0.484702474429635
22269,0.453552649319132,0.367938519617096,0.988463396608192
22275,0.443440744236214,0.36706215450991,-0.305249970859495
22277,0.443440744236214,0.366388027504382,0.96789245055511
22279,0.456518808143454,0.369421599029257,0.900115912073962
22283,0.432519886746663,0.333827693137387,0.939034491099571
22285,0.422003505460429,0.325872994472159,0.743645303787877
22298,0.158285020897937,0.0852096534987191,-0.233554951499155
22321,0.421329378454901,0.310300660644465,0.696602925322108
22324,0.267763246595659,0.159768100310098,0.814223195773328
22325,0.331266010516381,0.219428340299312,0.628074020514485
22334,0.197249561817446,0.119657543481192,0.947097560303584
22336,0.266145341782392,0.158959147903465,0.552377953673945
22340,0.194418228394229,0.117972225967372,0.99726853351494
22341,0.194553053795335,0.118174464069031,0.696750813429496
22343,0.194553053795335,0.118174464069031,-0.0708835815187478
22346,0.151678576243764,0.0854118916003775,-0.101798173204154
22347,0.272212484832142,0.161453417823918,0.951983594422953
22355,0.189564513954429,0.104489685856815,0.993433294906443
22392,0.448968585681542,0.353647027099906,0.997975411664547
22396,0.471888903869489,0.368208170419307,-0.559920727425319
22404,0.435081569367669,0.309491708237832,-0.471076295783652
22415,0.448968585681542,0.369151948227046,-0.428774993878665
22421,0.26560604017797,0.155992989079142,-0.335748164582403
22422,0.439665633005258,0.356141297020359,-0.172383915380203
22423,0.105028987461238,0.0612781448024808,-0.210464573912589
22428,0.190373466361062,0.104894162060132,-0.118827669980908
22445,0.266280167183497,0.156464877983012,-0.288857038161025
22446,0.433328839153297,0.318862073614669,-0.623375212328257
22452,0.447485506269381,0.352501011190508,0.999565768082359
22463,0.510448968585682,0.48280976135904,-0.709829107125847
22473,0.44721585546717,0.351287582580558,0.99898570313114
22476,0.452608871511393,0.375151678576244,0.946268307340119
22479,0.123634892813806,0.069637319671026,-0.126802997700407
22482,0.45085614129702,0.352433598489955,-0.330176774571884
22487,0.262505055952541,0.155386274774167,-0.334418478335926
22491,0.445058649049481,0.351287582580558,1
22493,0.266954294189025,0.156801941485776,0.999485273084106
22502,0.443305918835109,0.339490359983821,0.999851425619366
22511,0.493730618848591,0.408520965349872,0.999145445364207
22512,0.493191317244169,0.408116489146555,0.531155023115435
22515,0.447081030066064,0.352568423891061,0.893515226699708
22522,0.325198867466631,0.217203721181071,0.481114490861472
22523,0.104489685856815,0.0611433194013752,0.999461631245967
22528,0.188890386948901,0.104557098557368,0.998549732635631
22533,0.190103815558851,0.105028987461238,0.355215602775106
22536,0.187946609141162,0.104085209653499,-0.267074308280547
22538,0.471214776863961,0.494067682351355,-0.129176471895991
22541,0.188081434542268,0.104152622354052,0.998544418880923
22550,0.262505055952541,0.154981798570851,0.999484108927371
22564,0.436160172576513,0.356141297020359,0.999719731810133
22566,0.437912902790886,0.356748011325334,0.997617237126523
22575,0.446946204664959,0.350748280976136,0.984269439627469
22576,0.445732776055009,0.353242550896589,0.981721777525376
22578,0.443980045840636,0.349534852366186,1
22579,0.443980045840636,0.349534852366186,0.996262983752711
22581,0.446946204664959,0.353175138196036,0.999422544218075
22588,0.36416340838614,0.239112848860725,-0.195741435609613
22602,0.26560604017797,0.16003775111231,0.985838706174595
22604,0.26681946878792,0.156869354186329,0.991806484446952
22606,0.26803289739787,0.157610893892409,0.9946157411721
22610,0.264797087771336,0.155723338276931,1
22612,0.230821086692733,0.134960226506674,0.0243796179256796
22618,0.125522448429284,0.0692328434677093,-0.0787171970066572
22622,0.409464743157611,0.291559929890791,1
22624,0.402588647701227,0.29904273965215,0.659555249519167
22628,0.252527976270729,0.153363893757584,0.998483819054969
22663,0.32614264527437,0.210260213024134,0.67910507155697
22666,0.266549817985708,0.156599703384118,-0.320598964054015
22667,0.472428205473911,0.362141027369556,-0.41523978085372
22671,0.266954294189025,0.156262639881354,-0.12011159025257
22681,0.469866522852905,0.374477551570716,0.999566972221148
22684,0.49952811109613,0.415329648105703,-0.421238705972157
22686,0.425104489685857,0.337670217068896,-0.305540603720625
22689,0.268572199002292,0.158554671700148,-0.125123367487126
22693,0.140083591748685,0.0754348119185655,-0.120036101537785
22702,0.329513280302009,0.210732101928003,-0.2029369605745
22714,0.154779560469192,0.0862882567075637,-0.112609987601174
22716,0.28933531077255,0.171363084805177,-0.43598357834675
22740,0.152487528650398,0.0820412565727383,-0.135012727009363
22741,0.292571120399083,0.171767561008494,0.778612748073205
22747,0.496157476068491,0.426183092894701,-0.378046126225993
22751,0.481865983551301,0.401510044492382,-0.706205594600004
22753,0.15302683025482,0.0825805581771606,-0.134042181833109
22756,0.152217877848187,0.0820412565727383,-0.190076511208415
22770,0.339894836187138,0.218754213293785,-0.154497057011573
22783,0.301469596872051,0.176486450047189,-0.243602651407621
22795,0.368342995820413,0.245651880814345,-0.517703338218982
22808,0.393420520426048,0.258460293919374,0.17559691269138
22817,0.153296481057031,0.0828502089793717,-0.209449093047938
22825,0.0594580018875556,0.0306727787515167,-0.119185758433588
22827,0.290009437778077,0.169947418093569,0.552260293430518
22828,0.494000269650802,0.400296615882432,-0.198948686897776
22834,0.325198867466631,0.19563165700418,-0.337400237750647
22836,0.324794391263314,0.195429418902521,0.671413383484712
22846,0.405150330322233,0.277538088175812,0.611272288669695
22853,0.105837939867871,0.0565592557637858,-0.00613678180017939
22854,0.0648510179317783,0.0332344613725226,-0.00776163640184169
22857,0.0872320345153027,0.0472563030875017,-0.0889328486706827
22873,0.295806930025617,0.172037211810705,0.612407162964555
22876,0.300930295267628,0.180531212080356,-0.431621074904311
22877,0.491573412430902,0.461102871781044,0.507724907801857
22878,0.296885533234461,0.172441688014022,-0.325506122344489
22887,0.286908453552649,0.172306862612916,0.972570911831429
22893,0.525010111905083,0.486719697991101,-0.237735979195741
22901,0.172711338816233,0.094310368073345,0.996807966269538
22906,0.440744236214103,0.29951462855602,0.509639824782413
22922,0.118376702170689,0.0622893353107725,0.499567038686212
22928,0.333962518538493,0.205945800188756,-0.128278196265845
22941,0.333018740730754,0.207900768504786,-0.272871720717501
22961,0.404071727113388,0.293851961709586,0.815997094287467
22963,0.204395308076042,0.117028448159633,-0.11780325488656
22973,0.486315221787785,0.459282728866118,-0.467905282496082
22981,0.338411756774976,0.207765943103681,0.729265761251367
22986,0.367534043413779,0.263718484562492,-0.443959003872559
22989,0.137117432924363,0.0735472563030874,0.342155316330315
22991,0.427935823109074,0.337872455170554,-0.342013908756808
23005,0.414453282998517,0.271403532425509,0.829724489481345
23033,0.113522987730888,0.0605366050964001,-0.0843279140945382
23039,0.14601590939733,0.0789402723473103,-0.205737252610715
23043,0.514898206822165,0.465080221113658,0.791858550911678
23047,0.113118511527572,0.0604691923958474,-0.22388992217141
23049,0.469327221248483,0.364904948092221,0.9995582235695
23054,0.308345692328435,0.186665767830659,0.498307803606676
23057,0.288661183767022,0.169138465686935,-0.214413386270691
23061,0.468653094242955,0.369151948227046,-0.61113537669458
23068,0.305918835108534,0.185587164621815,-0.215392858992559
23070,0.494944047458541,0.483011999460698,0.999464834097631
23108,0.435890521774302,0.305716597006876,0.322301554906849
23111,0.269381151408925,0.159633274908993,-0.194653491427211
23112,0.30726708911959,0.185587164621815,0.999093058166851
23113,0.306997438317379,0.185452339220709,-0.195834554685306
23119,0.0973439395982203,0.0510988270190104,0.307949970140311
23122,0.341108264797088,0.217877848186598,-0.249603820684638
23129,0.0729405419981124,0.0374140488067952,0.999051767794524
23131,0.382230012134286,0.252999865174599,-0.107934139725505
23136,0.210327625724687,0.122691115006067,-0.206957582419542
23142,0.492786841040852,0.434744505864905,0.376096261816324
23148,0.279493056491843,0.164015100444924,-0.334621539886348
23150,0.357826614534178,0.232438991506,0.999621175457874
23151,0.357556963731967,0.232304166104894,-0.239390886335214
23165,0.433868140757719,0.314952136982607,-0.310278604686098
23176,0.255763785897263,0.144600242685722,0.994673447841916
23180,0.502763920722664,0.490157745719293,-0.755058726493778
23182,0.50289874612377,0.466765538627477,-0.276394011473658
23183,0.139679115545369,0.0767156532290684,1
23186,0.256303087501685,0.145139544290144,0.999438211438521
23195,0.127949305649184,0.0688283672643926,0.999474982811618
23200,0.488876904408791,0.455709855736821,0.288994861257755
23220,0.454766077929082,0.37312929755966,0.994399465258649
23221,0.454766077929082,0.371106916543077,0.978333302534672
23222,0.450721315895915,0.360995011460159,-0.412822149652428
23227,0.256303087501685,0.144735068086828,-0.195737713381093
23230,0.199406768235136,0.114129702035864,-0.124642663760841
23233,0.257651341512741,0.145544020493461,-0.226082734799721
23238,0.0702440339760011,0.0366050964001617,0.0664563120403632
23245,0.206687339894836,0.118713765673453,1
23255,0.165835243359849,0.0922205743562087,-0.26417991213199
23260,0.0682216529594176,0.0354590804907644,-0.0574580020705442
23261,0.205878387488203,0.121005797492247,0.403980261076097
23268,0.256977214507213,0.145746258595119,-0.0663056584852082
23269,0.0693002561682621,0.0359983820951867,-0.0834033764741442
23285,0.453552649319132,0.367399218012674,-0.431963826984549
23288,0.0760415262235405,0.0397734933261427,-0.0641467447660484
23295,0.132803020088985,0.0708507482809762,-0.0645680266515223
23300,0.103545908049076,0.0555480652554942,-0.0696501830102298
23304,0.0823783200755022,0.044020493460968,-0.0702418309284612
23306,0.103411082647971,0.0554806525549414,-0.0693194492442422
23307,0.132668194687879,0.0707833355804234,-0.0693194492442422
23315,0.455305379533504,0.368680059323176,-0.187059591954852
23333,0.402049346096805,0.267089119590131,0.793138339880045
23344,0.401644869893488,0.266886881488472,0.997879704329932
23349,0.255763785897263,0.1440609410813,-0.154736231657739
23372,0.257112039908319,0.144465417284616,0.999716350265219
23381,0.25616826210058,0.144532829985169,-0.226094498662038
23385,0.455170554132399,0.375353916677902,-0.177332332327561
23403,0.448159633274909,0.388566805986248,0.501878162129373
23406,0.300930295267628,0.176486450047189,0.993293238396823
23420,0.281380612107321,0.170621545099097,0.994085329741912
23442,0.185115275717945,0.100916812727518,-0.185068563778181
23465,0.480922205743562,0.343467709316435,0.999839914609861
23467,0.490090333018741,0.354253741404881,0.997470830993493
23470,0.492921666441958,0.352029122286639,0.988485037740068
23475,0.490090333018741,0.352096534987192,1
23476,0.490090333018741,0.352096534987192,0.996172905052302
23485,0.290009437778077,0.174935957934475,-0.456387939037503
23486,0.528785223136039,0.473776459484967,-0.67489192864102
23488,0.528515572333828,0.473911284886072,-0.454936660377587
23490,0.37845490090333,0.241944182283942,-0.512591042122587
23494,0.202642577861669,0.111028717810435,-0.316686996060437
23496,0.406903060536605,0.287852231360388,0.344079303498293
23497,0.490225158419846,0.446946204664959,-0.626422764350825
23503,0.375623567480113,0.240798166374545,-0.259796741548851
23509,0.459619792368882,0.350074153970608,1
23515,0.205878387488203,0.114129702035864,-0.119356731362189
23518,0.239584737764595,0.13826344883376,0.982356373141572
23522,0.2397195631657,0.137656734528785,-0.113664964923465
23524,0.237966832951328,0.13705002022381,0.999139770436156
23529,0.236888229742483,0.136241067817177,0.71340614168455
23532,0.237157880544695,0.136375893218282,0.997698575439515
23541,0.367668868814885,0.244101388701631,0.727792531057145
23544,0.235809626533639,0.135432115410543,-0.112004076292783
23550,0.366050964001618,0.241809356882837,0.581114573708841
23563,0.25616826210058,0.150465147633814,-0.106615658518362
23565,0.264122960765808,0.154307671565323,0.587200548260755
23578,0.315626263988135,0.204867196979911,-0.195845107065263
23585,0.412565727383039,0.294593501415667,1
23591,0.184036672509101,0.102265066738573,0.463978888345094
23592,0.45544020493461,0.355804233517595,0.554517451487274
23600,0.394364298233787,0.291559929890791,0.320517536469877
23602,0.496696777672914,0.411891600377511,0.616776702947923
23608,0.513280302008899,0.470608062558986,0.552127439233806
23615,0.498719158689497,0.410206282863692,0.540233558081221
23616,0.309559120938385,0.181340164486989,-0.216656298089027
23634,0.46272077659431,0.347579884050155,0.956806184793608
23643,0.462316300390994,0.345624915734124,0.998780792163259
23654,0.324389915059997,0.199811244438452,0.999358351247607
23656,0.310502898746124,0.187744371039504,0.988966360878011
23668,0.13051098827019,0.0707833355804234,0.64632098173925
23672,0.450047188890387,0.407172711338816,1
23673,0.450047188890387,0.407172711338816,0.408533097154081
23674,0.154644735068087,0.083389510583794,0.990670924332616
23679,0.155588512875826,0.083996224888769,-0.0957617600465561
23688,0.455170554132399,0.408520965349872,0.998551512813504
23697,0.471484427666172,0.477214507213159,-0.318319384796756
23711,0.324120264257786,0.201968450856141,0.768861673376727
23714,0.329917756505326,0.221720372118107,-0.248207270924281
23719,0.134016448698935,0.0709181609815289,-0.198736933871004
23720,0.447620331670487,0.349602265066739,0.559809051472611
23724,0.42834029931239,0.288593771066469,0.998971150370561
23741,0.508022111365781,0.446137252258325,0.92080081381352
23742,0.503033571524875,0.406700822434947,0.914308372270811
23744,0.50896588917352,0.449305649184306,0.987899578082745
23748,0.429823378724552,0.287312929755966,-0.318759548448586
23751,0.13172441688014,0.069637319671026,-0.16836998737879
23752,0.433463664554402,0.290885802885264,1
23756,0.432250235944452,0.288796009168127,-0.151634981404722
23760,0.107051368477821,0.0566266684643387,-0.108818763822793
23765,0.471484427666172,0.360186059053526,-0.200539711102457
23775,0.10678171767561,0.0566266684643387,-0.115946129661652
23787,0.33099635971417,0.223473102332479,-0.191026997407182
23795,0.447889982472698,0.336524201159498,-0.734593013451817
23799,0.255628960496157,0.149251719023864,0.972794336407913
23806,0.49224753943643,0.366388027504382,-0.408646007961368
23821,0.444384522043953,0.33342321693407,-0.316680896212868
23822,0.255224484292841,0.149049480922206,0.993848331075321
23828,0.474989888094917,0.37191586894971,-0.58354769474693
23830,0.509774841580154,0.485438856680599,0.368020540596687
23833,0.253876230281785,0.148375353916678,-0.183834990054995
23849,0.347175407846838,0.20338411756775,0.511567179371949
23850,0.523796683295133,0.47869758662532,0.378686464882091
23865,0.208979371713631,0.1137926385331,-0.241586601344328
23875,0.210192800323581,0.114129702035864,-0.1647391009314
23877,0.502763920722664,0.431508696238371,-0.444325493438354
23884,0.196305784009707,0.109882701901038,-0.131980306672778
23888,0.297559660239989,0.175340434137792,-0.160738270523807
23890,0.192126196575435,0.107523257381691,0.403433164592632
23900,0.19104759336659,0.106983955777268,0.292767533437092
23913,0.328839153296481,0.199743831737899,0.54599732711069
23915,0.497910206282864,0.440541998112444,0.999170857579136
23921,0.281785088310638,0.165970068760955,0.481442387487874
23922,0.49952811109613,0.441485775920183,0.706344548353359
23935,0.179048132668195,0.100040447620332,0.507275069124917
23945,0.0475933665902656,0.0240663340973439,-0.0757816770357076
23949,0.487393824996629,0.430834569232843,-0.806391996793246
23950,0.516920587838749,0.481057031144668,1
23954,0.523527032492922,0.484899555076176,-0.318348049433459
23963,0.219226102197654,0.126735877039234,0.886395102168016
23964,0.182553593096939,0.102062828636915,-0.287159865787097
23966,0.498584333288392,0.396521504651476,0.974332299562301
23967,0.487663475798841,0.395779964945396,-0.774620342759927
23989,0.527976270729405,0.482000808952407,-0.313226078122739
23990,0.170419306997438,0.0986921936092759,0.340991190617879
24012,0.174059592827289,0.0968720506943508,0.98270441680567
24013,0.176216799244978,0.0988944317109344,0.99925378509576
24022,0.495348523661858,0.372522583254685,0.807789205533594
24026,0.494135095051908,0.371646218147499,0.995402575019337
24031,0.538762302817851,0.490629634623163,0.955457850739617
24034,0.520021572064177,0.433126601051638,0.999124831268871
24036,0.520560873668599,0.433800728057166,0.984306229458353
24042,0.519751921261966,0.435957934474855,0.754048001863178
24044,0.435890521774302,0.305312120803559,0.994775972488812
24052,0.520426048267494,0.437643251988675,0.744179653880054
24056,0.523931508696238,0.453822300121343,0.993090193245568
24057,0.522852905487394,0.452608871511393,0.406698298977541
24068,0.434811918565458,0.339288121882163,0.998106268433763
24073,0.493595793447485,0.414385870297964,-0.755771925160429
24075,0.238640959956856,0.134555750303357,-0.323322276192931
24078,0.235270324929217,0.132465956586221,-0.320896760409851
24084,0.235674801132533,0.132533369286774,0.996397324698142
24095,0.487258999595524,0.419306997438317,-0.334045269407
24097,0.221518134016449,0.126129162734259,0.999385780129002
24098,0.22178778481866,0.126263988135365,0.999692883810301
24104,0.225967372252932,0.127140353242551,-0.336884809310149
24108,0.528245921531617,0.453148173115815,0.99694412598113
24110,0.235000674127006,0.13219630578401,0.999699431376214
24116,0.234461372522583,0.132061480382904,-0.219830940259625
24124,0.496696777672914,0.393690171228259,0.491631067987026
24129,0.240663340973439,0.134892813806121,0.995825197775212
24131,0.239180261561278,0.134016448698935,0.999700538082057
24148,0.383847916947553,0.237629769448564,0.849397450614416
24173,0.373061884859107,0.234259134420925,-0.170010839116102
24179,0.223270864230821,0.125252797627073,0.998124279790984
24189,0.229338007280572,0.128016718349737,0.997204524589675
24191,0.503842523931509,0.420318187946609,0.571540205912371
24198,0.499662936497236,0.422003505460429,0.21499116850801
24202,0.0635027639207227,0.033099635971417,-0.0384432508270436
24204,0.151274100040448,0.089928542537414,-0.134469577357535
24205,0.396251853849265,0.255022246191182,0.940797156632466
24222,0.204530133477147,0.116961035459081,0.461744644488617
24227,0.379937980315491,0.262100579749225,-0.135951560954246
24234,0.203586355669408,0.115815019549683,0.601261881686136
24236,0.393690171228259,0.272482135634354,0.999831178076151
24239,0.0875016853175138,0.0498179857085075,0.473764456167643
24248,0.391398139409465,0.270527167318323,0.429627144871967
24254,0.48982068221653,0.437845490090333,-0.7395409809386
24255,0.482135634353512,0.408655790750977,0.998469327975909
24259,0.485775920183363,0.409801806660375,0.99762293766895
24261,0.489551031414318,0.437575839288122,0.885817303453037
24266,0.254011055682891,0.145206956990697,0.999165894765409
24272,0.43049750573008,0.291964406094108,-0.221424667013317
24276,0.0942429553727922,0.0542672239449913,-0.150167523769561
24279,0.485910745584468,0.415801537009573,0.298843248665094
24289,0.170014830794122,0.0987596063098287,-0.108177495609255
24292,0.333692867736282,0.22010246730484,0.998281644139831
24302,0.506808682755831,0.481798570850748,-0.0473457713394008
24303,0.458406363758932,0.362680328973979,1
24304,0.458406363758932,0.362680328973979,-0.475225893081229
24309,0.366859916408251,0.231697451799919,-0.121684743699495
24314,0.395712552244843,0.273223675340434,0.881761190127292
24324,0.316030740191452,0.203181879466091,-0.23587685727413
24332,0.430093029526763,0.333288391532965,-0.357265494290445
24338,0.429958204125657,0.333355804233518,0.999119579904648
24351,0.168127275178644,0.0979506539031954,-0.293478715696956
24362,0.299986517459889,0.187609545638398,1
24363,0.299986517459889,0.187609545638398,0.235645780639407
24367,0.256033436699474,0.151611163543212,-0.111190757722586
24393,0.163543211541054,0.0894566536335446,-0.0684418370769459
24400,0.412700552784145,0.29951462855602,0.765412414745118
24403,0.341377915599299,0.223675340434138,0.575860104444581
24404,0.166913846568694,0.0906026695429419,-0.17009363531443
24411,0.493865444249697,0.497977618983417,-0.31200336448553
24426,0.417689092625051,0.298098961844412,-0.313189226039051
24429,0.416745314817312,0.299244977753809,0.643831463734086
24447,0.315761089389241,0.195092355399757,-0.443921643988944
24448,0.483483888364568,0.457732236753404,1
24462,0.407846838344344,0.289942025077525,-0.256556862791779
24468,0.315221787784819,0.194957529998652,0.998059525388457
24479,0.318322772010247,0.195968720506943,0.999351725314718
24480,0.318187946609141,0.195766482405285,-0.107841461895983
24481,0.127544829445868,0.066199271942834,-0.200858915549926
24494,0.480517729540245,0.440744236214103,-0.429017435901706
24502,0.493056491843063,0.418295806930026,-0.606569079193472
24503,0.453013347714709,0.346366455440205,0.985980328507447
24510,0.485910745584468,0.42105972765269,0.999862223663755
24511,0.485775920183363,0.420992314952137,-0.594343068639351
24514,0.494000269650802,0.423082108669273,0.983621215345923
24518,0.493865444249697,0.41694755291897,-0.410830092877282
24525,0.364298233787246,0.248618039638668,0.43009702496267
24528,0.286638802750438,0.182553593096939,0.839147359492679
24531,0.284211945530538,0.181205339085884,0.824939029435301
24536,0.363893757583929,0.247606849130376,0.420517860280976
24537,0.115949844950789,0.0613455575030336,0.99823110854392
24541,0.368882297424835,0.253067277875152,0.994774043082518
24550,0.323311311851153,0.208979371713631,0.997611140446135
24554,0.285560199541594,0.181070513684778,0.965570681748835
24559,0.410947822569772,0.289604961574761,-0.318800490394702
24561,0.488472428205474,0.420453013347715,0.99321643221974
24569,0.506404206552515,0.499797761898342,-0.618398017063222
24572,0.510448968585682,0.495078872859647,0.487146368171771
24577,0.508561412970204,0.497505730079547,-0.524926091720228
24584,0.509370365376837,0.496966428475125,0.984496036363916
24589,0.509235539975731,0.4975731427801,-0.718690235947895
24594,0.458271538357827,0.364904948092221,0.502863811195963
24596,0.0447620331670487,0.0250775246056357,1
24597,0.0447620331670487,0.0250775246056357,1
24599,0.352163947687744,0.226237023055144,0.780898614321013
24607,0.242011594984495,0.133814210597276,0.995740738173928
24610,0.378050424700013,0.241337467978967,0.971453513868607
24616,0.372657408655791,0.232304166104894,0.978367206166324
24619,0.25495483349063,0.142443036268033,0.998556756826988
24623,0.255224484292841,0.142577861669138,0.714047071802026
24636,0.0643117163273561,0.0341782391802615,0.176607994446643
24637,0.497910206282864,0.453215585816368,0.93879764312862
24641,0.452339220709182,0.368814884724282,0.929953971196954
24646,0.491438587029796,0.400633679385196,0.233974201938353
24648,0.0625589861129837,0.0337063502763921,0.22947095234985
24650,0.0581097478764999,0.0310772549548335,-0.145185439462589
24653,0.494000269650802,0.407577187542133,0.255209902699162
24658,0.0761763516246461,0.0403802076311177,0.996579000774879
24659,0.0761763516246461,0.0403802076311177,0.939427286730184
24660,0.0779290818390185,0.0419306997438318,0.764437120015296
24664,0.422812457867062,0.302548200080895,1
24665,0.422812457867062,0.302548200080895,0.997441059416727
24670,0.379533504112175,0.254078468383443,0.996793627458879
24673,0.130241337467979,0.0707833355804234,0.155450033314536
24682,0.319805851422408,0.19347445058649,-0.443364279055427
24684,0.51476338142106,0.47337198328165,0.989197894960331
24688,0.325333692867736,0.196508022111366,0.791520488003886
24699,0.412565727383039,0.276122421464204,0.976307428200451
24700,0.4067682351355,0.267291357691789,0.974685711674821
24708,0.320614803829041,0.193609275987596,-0.105362064968106
24715,0.332883915329648,0.20581097478765,0.928065261777659
24716,0.345827153835783,0.212956721046245,0.912709662321825
24717,0.38425239315087,0.243764325198867,0.296350344315194
24723,0.453013347714709,0.321828232438992,0.99887711684879
24731,0.0566266684643387,0.0291222866388028,0.233761987850547
24732,0.478899824726979,0.376702170688958,0.99882951117718
24741,0.34987191586895,0.213765673452879,0.999581906307451
24749,0.231630039099366,0.127544829445868,-0.183959134751613
24755,0.324794391263314,0.190845355264932,0.999079135322627
24757,0.476472967507078,0.453957125522448,-0.842975619722958
24767,0.233787245517055,0.128353781852501,-0.346181804276165
24770,0.234056896319267,0.128893083456923,0.538302041254725
24774,0.186059053525684,0.104759336659027,-0.130190345341352
24776,0.484966967776729,0.45618174464069,-0.348853149065013
24778,0.440879061615208,0.305784009707429,0.812843925696854
24781,0.360927598759606,0.223742753134691,0.61529815795382
24788,0.488742079007685,0.36369151948227,-0.636208182856393
24794,0.142510448968586,0.0769178913307267,-0.213923344231238
24796,0.118781178374006,0.0614129702035864,-0.274617235895418
24809,0.5278414453283,0.497977618983417,0.999572109507059
24811,0.527571794526089,0.497977618983417,0.998715524309687
24818,0.519482270459755,0.498516920587839,0.861014953222412
24821,0.238371309154645,0.13873533773763,-0.333956683562065
24825,0.293245247404611,0.170891195901308,-0.349977110700338
24837,0.479304300930295,0.41816098152892,0.984164436645517
24840,0.48402318996899,0.424430362680329,0.991969492034173
24846,0.0635027639207227,0.0320210327625725,0.690078312344799
24859,0.0779290818390185,0.0409869219360928,-0.0170435844200568
24867,0.504921127140353,0.448361871376567,-0.216149831379151
24871,0.493056491843063,0.408453552649319,-0.218404098940441
24876,0.126601051638129,0.0661318592422813,-0.177747907955113
24882,0.435216394768774,0.440339760010786,0.999877599627817
24886,0.495078872859647,0.489955507617635,-0.820952266539924
24888,0.0769853040312795,0.0405150330322233,0.00488216410440632
24896,0.0736146690036403,0.037481461507348,-0.0437821064356376
24907,0.427531346905757,0.301132533369287,0.774558750018284
24908,0.317783470405824,0.201631387353377,0.999793309832836
24913,0.427935823109074,0.290144263179183,0.32838039106556
24915,0.074019145206957,0.038088175812323,0.311902718913975
24917,0.381286234326547,0.268707024403398,0.984601438271032
24923,0.393690171228259,0.254280706485102,1
24933,0.0652554941350951,0.0333018740730754,0.180572593499671
24937,0.0742887960091681,0.0383578266145341,-0.081174454836035
24940,0.491168936227585,0.444991236348928,0.491925038045682
24942,0.281919913711743,0.166172306862613,0.984177971581634
24957,0.323580962653364,0.197519212619658,1
24963,0.455709855736821,0.347984360253472,0.605431801321052
24964,0.281919913711743,0.165633005258191,-0.0801516394265932
24965,0.0741539706080626,0.0388297155184036,-0.0801915639465955
24970,0.276392072266415,0.16610489416206,0.569823780002259
24980,0.0660644465417285,0.0338411756774977,0.361990706648933
24982,0.32856950249427,0.201361736551166,0.889630226118859
24985,0.459889443171093,0.37434272616961,0.990379432292481
24987,0.27288661183767,0.167587973574221,-0.156380263248447
24989,0.310098422542807,0.191721720372118,-0.471156083861032
24992,0.186328704327895,0.10314143184576,-0.0397540934410964
24998,0.0764460024268572,0.0402453822300122,-0.14568404507597
25004,0.501550492112714,0.456249157341243,0.996715964275527
25012,0.486584872589996,0.404678441418363,-0.650628249605454
25013,0.484832142375624,0.388971282189565,0.916506639905229
25017,0.265066738573547,0.16853175138196,-0.313924492759081
25021,0.0725360657947957,0.0368073345018202,-0.0979352306697382
25026,0.507887285964676,0.484225428070649,0.97332547875015
25027,0.506269381151409,0.476944856410948,-0.72262464204957
25029,0.45206956990697,0.362073614669004,0.661504731500923
25044,0.090872320345153,0.0490764460024269,-0.105582035737619
25045,0.31670486719698,0.198530403127949,1
25053,0.0726708911959013,0.0375488742079008,1
25054,0.0726708911959013,0.0375488742079008,0.999061910108144
25057,0.0724012403936902,0.0374140488067952,-0.0710435958418722
25065,0.25037076985304,0.153363893757584,0.823549487696052
25070,0.25158419846299,0.143049750573008,-0.184860474161274
25076,0.332614264527437,0.212012943238506,0.999598437644802
25095,0.151408925441553,0.0809626533638937,0.9986174510033
25109,0.384656869354186,0.256235674801133,0.498468854790988
25110,0.15788054469462,0.084333288391533,0.999108084249286
25112,0.158015370095726,0.0844007010920858,0.998661250867528
25125,0.161386005123365,0.0866253202103276,0.989105939695236
25130,0.305379533504112,0.190036402858298,0.6617111472429
25134,0.389240932991776,0.274841580153701,1
25138,0.37966832951328,0.266549817985709,0.958035317102309
25143,0.383308615343131,0.269718214911689,0.999500352696082
25149,0.387488202777403,0.273021437238776,-0.473792174768124
25150,0.482135634353512,0.39611702844816,-0.372996200409164
25151,0.291627342591344,0.179520021572064,0.989140575383238
25156,0.290683564783605,0.179587434272617,0.999322892694603
25162,0.287582580558177,0.177767291357692,-0.164046690093328
25167,0.297964136443306,0.184306323311312,-0.156949903019338
25170,0.496831603074019,0.433800728057166,-0.3772184374388
25178,0.458001887555615,0.337265740865579,-0.560054986024292
25182,0.480248078738034,0.391802615612781,0.99957252332408
25186,0.256842389106108,0.1464877983012,-0.228901620271042
25191,0.43292436294998,0.312323041661049,0.998576719095445
25196,0.272212484832142,0.156734528785223,0.622281744472242
25198,0.509774841580154,0.426789807199676,0.975590934364317
25223,0.258190643117163,0.147296750707833,-0.379352256750149
25228,0.509100714574626,0.417014965619523,0.992066100451335
25231,0.257920992314952,0.14770122691115,-0.337799961112149
25237,0.0641768909262505,0.0330322232708642,0.997878046197575
25239,0.483483888364568,0.394364298233787,0.918543152110947
25251,0.259134420924902,0.148982068221653,-0.342141063272469
25252,0.512066873398948,0.414453282998517,-0.718780352816289
25261,0.154914385870298,0.0840636375893218,0.993388294346319
25270,0.453013347714709,0.331131185115276,-0.563560846208728
25277,0.0663340973439396,0.0341108264797088,-0.0599151124891492
25281,0.141027369556424,0.0814345422677633,1
25288,0.494944047458541,0.427329108804099,0.998885117200342
25297,0.196979911015235,0.121140622893353,0.947718219549704
25321,0.186868005932318,0.109613051098827,-0.356856095793522
25330,0.460968046379938,0.375421329378455,0.388597106519984
25342,0.337602804368343,0.211001752730214,0.614249136290723
25350,0.268707024403398,0.161318592422812,-0.135958800323019
25353,0.429014426317918,0.334501820142915,0.999707920203724
25356,0.182418767695834,0.112511797222597,0.779190976921309
25358,0.483349062963462,0.499595523796683,0.690760137713254
25368,0.184845624915734,0.109815289200485,1
25369,0.184845624915734,0.109815289200485,-0.084135647845093
25376,0.276122421464204,0.16731832277201,-0.319164108497438
25379,0.265336389375758,0.158150195496832,-0.192211059706522
25384,0.307671565322907,0.213698260752326,0.995935253720864
25390,0.481461507347984,0.444047458541189,-0.0275563268052686
25395,0.439530807604153,0.336524201159498,0.741582151688564
25400,0.0676823513549953,0.0366725091007146,-0.137170462030875
25408,0.154914385870298,0.084333288391533,-0.260685612065105
25412,0.281245786706215,0.161520830524471,0.783885288095392
25415,0.0587838748820278,0.0312794930564918,-0.0780748890318231
25417,0.0587838748820278,0.0312794930564918,-0.155006265253252
25434,0.370500202238102,0.24673048402319,0.58139670301532
25443,0.4745854118916,0.490764460024269,0.222506145583531
25460,0.0620196845085614,0.0333018740730754,-0.0598263432440455
25474,0.183632196305784,0.101793177834704,0.173957523771752
25483,0.255224484292841,0.150937036537684,-0.13846639369967
25484,0.211541054334637,0.121410273695564,0.848665270991529
25486,0.406363758932183,0.312390454361602,-0.164082524207142
25503,0.168127275178644,0.094310368073345,-0.165478766847626
25507,0.302952676284212,0.182351354995281,0.418442909774242
25515,0.458676014561143,0.417149791020628,0.24966893087389
25519,0.318727248213563,0.210866927329109,0.397693545806953
25523,0.373331535661319,0.253404341377916,0.997188018062005
25524,0.373061884859107,0.253404341377916,-0.226452675499187
25531,0.265875690980181,0.177699878657139,0.886268564416167
25536,0.111230955912094,0.0595254145881084,-0.108788900224442
25537,0.316030740191452,0.195766482405285,1
25548,0.209114197114736,0.116691384656869,0.445845803644908
25555,0.246056357017662,0.138398274234866,-0.107728544657781
25565,0.405959282728866,0.270527167318323,0.701673943425105
25571,0.372118107051368,0.253067277875152,0.999824460453677
25573,0.406228933531077,0.271605770527167,0.433775376305114
25578,0.380342456518808,0.267291357691789,0.983397022486861
25583,0.180800862882567,0.101186463529729,0.998526067464212
25603,0.443440744236214,0.374612376971821,0.809213991591668
25607,0.370500202238102,0.24551705541324,0.984849318374765
25616,0.449103411082648,0.346433868140758,0.691359319809861
25618,0.106242416071188,0.0577052716731832,0.85115203384093
25627,0.131319940676824,0.0705136847782122,1
25629,0.164621814749899,0.091209383847917,0.0555864453971893
25630,0.28933531077255,0.172441688014022,-0.129608375196951
25631,0.187137656734529,0.103276257246865,-0.119047007949031
25632,0.244168801402184,0.139611702844816,1
25635,0.429688553323446,0.313536470270999,0.999687536156048
25637,0.442901442631792,0.341849804503168,0.705561048269876
25645,0.36537683699609,0.249696642847512,1
25646,0.36537683699609,0.249696642847512,1
25648,0.0492112714035324,0.0251449373061885,1
25650,0.507617635162465,0.471012538762303,0.998759689980622
25654,0.185924228124579,0.106040177969529,0.462328924218405
25667,0.185654577322368,0.106175003370635,0.159296896768818
25671,0.371848456249157,0.244573277605501,0.700619596238559
25674,0.368612646622624,0.257920992314952,-0.14656472932275
25684,0.0492112714035324,0.025010111905083,0.945530512943833
25688,0.420520426048268,0.297492247539436,0.975980654172262
25691,0.373466361062424,0.245786706215451,0.670430231422279
25693,0.377915599298908,0.260550087636511,0.589120273736593
25697,0.259269246326008,0.152285290548739,0.997640524119214
25699,0.0888499393285695,0.046851826884185,-0.0720775990695438
25703,0.190508291762168,0.104961574760685,-0.124787587506473
25704,0.236483753539167,0.134960226506674,0.432170035129785
25706,0.484966967776729,0.462923014695969,0.536129887935164
25715,0.162194957529999,0.0882432250235945,-0.0935439552470944
25718,0.266280167183497,0.155790750977484,-0.194834244716231
25723,0.0885802885263584,0.0467170014830794,0.350613294155814
25724,0.393959822030471,0.26803289739787,-0.500317109302349
25731,0.312660105163813,0.186396117028448,-0.40318322408116
25734,0.489281380612107,0.417352029122287,-0.386811972289025
25747,0.290683564783605,0.179048132668195,-0.183658381269657
25760,0.32735607388432,0.20169880005393,-0.084651182527961
25765,0.0912767965484697,0.0480652554941351,-0.16359963081201
25769,0.295806930025617,0.191317244168801,-0.175391855690373
25783,0.4067682351355,0.303829041391398,1
25788,0.304166104894162,0.194957529998652,-0.388567112000202
25791,0.316839692598085,0.197923688822974,0.703625109178847
25800,0.332344613725226,0.206754752595389,-0.175279225131138
25807,0.325603343669947,0.2070244033976,0.654691517539729
25808,0.462316300390994,0.381758123230417,0.878365088004906
25815,0.402049346096805,0.316165565592558,-0.628642902379476
25820,0.457597411352299,0.333288391532965,0.997655059103322
25836,0.43777807738978,0.303963866792504,0.867108325862468
25841,0.398678711069165,0.277268437373601,0.856959323493732
25843,0.34650128084131,0.220035054604287,0.660628701766829
25845,0.375353916677902,0.243899150599973,0.960695879581992
25849,0.358770392341917,0.239517325064042,-0.208518787177589
25855,0.455305379533504,0.345355264931913,0.751772842038062
25859,0.409599568558716,0.285020897937171,0.731969024030083
25861,0.202238101658352,0.111096130510988,-0.153908215723741
25864,0.293784549009033,0.177362815154375,1
25866,0.206552514493731,0.113118511527572,-0.16331544979979
25869,0.203047054064986,0.111770257516516,-0.129574931193307
25874,0.418093568828367,0.289942025077525,-0.237177023462803
25875,0.191721720372118,0.108399622488877,0.600494063338951
25884,0.432115410543346,0.30773897802346,0.504266253409333
25894,0.495483349062963,0.373803424565188,0.975128318495864
25898,0.49588782526628,0.440879061615208,-0.490342644666966
25901,0.492786841040852,0.482472697856276,0.568767528447597
25906,0.380612107321019,0.265538627477417,1
25910,0.383982742348658,0.267493595793447,0.992776079761327
25917,0.0390993663206148,0.0198193339625186,0.991237036702347
25925,0.334366994741809,0.224079816637454,0.842280209880485
25948,0.253606579479574,0.160644465417285,0.12186991367092
25953,0.298503438047728,0.201294323850613,0.787841525077407
25963,0.122016988000539,0.0634353512201699,-0.141303014456729
25965,0.424834838883646,0.330524470810301,0.983991164880652
25968,0.383847916947553,0.28643656464878,-0.13445992774439
25983,0.501550492112714,0.416206013212889,0.867874549896342
25987,0.441418363219631,0.348388836456788,0.999855548173729
25997,0.452608871511393,0.362612916273426,0.997139770635758
26000,0.452339220709182,0.363421868680059,-0.465607065365476
26011,0.0896588917352029,0.0460428744775516,0.274801506731713
26013,0.454900903330187,0.412296076580828,1
26023,0.448024807873803,0.357489551031414,0.972488102442322
26025,0.451125792099231,0.36173655116624,0.966222636111548
26027,0.450182014291493,0.361938789267898,1
26035,0.359309693946339,0.223338276931374,0.703361161164626
26040,0.362141027369556,0.224349467439666,0.781772211940711
26052,0.361601725765134,0.225832546851827,0.805448297621036
26066,0.467170014830794,0.371646218147499,0.994945484939801
26071,0.170149656195227,0.0993663206148039,0.982015048024167
26073,0.481191856545773,0.472225967372253,0.305490455768903
26080,0.465821760819738,0.404273965215047,0.997018477013545
26115,0.337467978967237,0.21767561008494,0.946284426805747
26125,0.0746932722124848,0.0395038425239315,0.496146210624087
26131,0.0756370500202238,0.0406498584333288,0.968180284792178
26135,0.079951462855602,0.0422677632465956,0.973433086864022
26144,0.218012673587704,0.128286369151948,0.812697949564832
26150,0.501550492112714,0.42834029931239,0.998309381071177
26151,0.500741539706081,0.428475124713496,0.997333161111997
26152,0.49952811109613,0.427194283402993,0.990574507351261
26153,0.499662936497236,0.42591344209249,0.994659192327877
26155,0.499393285695025,0.426048267493596,0.120116301782556
26161,0.471349602265067,0.414318457597411,0.999865015662838
26164,0.447485506269381,0.320412565727383,0.803058455701384
26166,0.495483349062963,0.405217743022785,0.999568465901841
26176,0.429823378724552,0.300256168262101,0.701783005942263
26178,0.450586490494809,0.319805851422408,1
26182,0.345692328434677,0.223540515033032,0.999806642494817
26188,0.393959822030471,0.253336928677363,0.961074735831904
26192,0.383308615343131,0.247067547525954,0.999626620480681
26194,0.387757853579614,0.250775246056357,0.984840609578522
26196,0.384117567749764,0.249898880949171,0.985989182687686
26199,0.368477821221518,0.24261830928947,0.999080754801754
26202,0.36780369421599,0.242146420385601,0.948175277252577
26216,0.470136173655117,0.382027774032628,0.477332728959666
26218,0.213698260752326,0.120736146690036,-0.189198514844874
26219,0.383982742348658,0.263044357556964,0.97148292269491
26222,0.472697856276122,0.386814075771875,0.976315952789206
26232,0.217338546582176,0.124174194418228,-0.237019909095795
26237,0.496022650667386,0.452271808008629,0.995772688627991
26240,0.497370904678441,0.447148442766617,0.975957667568111
26245,0.489955507617635,0.42105972765269,0.685339260104425
26248,0.396251853849265,0.264460024268572,0.999646931562039
26261,0.416745314817312,0.276459484966968,0.957244829005682
26263,0.498988809491708,0.428542537414049,0.992004520760498
26264,0.499123634892814,0.428744775515707,0.996212914323785
26271,0.42712687070244,0.310637724147229,1
26272,0.42712687070244,0.310637724147229,1
26284,0.147903465012808,0.0823109073749494,0.999563165716035
26285,0.148038290413914,0.0823783200755023,0.555412456876795
26287,0.48159633274909,0.411756774976406,-0.289523960220623
26290,0.450182014291493,0.312997168666577,-0.306523202702726
26292,0.289470136173655,0.177767291357692,1
26298,0.511662397195632,0.418295806930026,0.998978746753418
26305,0.495483349062963,0.412363489281381,-0.249261258266538
26307,0.152352703249292,0.0852096534987191,0.977924904512901
26311,0.343130645813671,0.215788054469462,-0.21796316381791
26315,0.173655116623972,0.0973439395982203,-0.17670943015245
26334,0.392207091816098,0.262437643251989,-0.537665450559668
26338,0.320884454631253,0.206013212889308,-0.291260640349209
26342,0.417958743427262,0.290009437778077,0.990389190393235
26344,0.394768774437104,0.261156801941486,-0.335003691095249
26345,0.363489281380612,0.24187676958339,-0.346638739526973
26351,0.420385600647162,0.291088040986922,-0.203301565893254
26365,0.399083187272482,0.270055278414453,-0.396598115855384
26372,0.179452608871511,0.102399892139679,0.996428882994401
26376,0.428609950114602,0.326210057974923,0.171083019893635
26395,0.418363219630578,0.298436025347175,1
26417,0.4116219495753,0.295739517325064,0.999840077793898
26422,0.411756774976406,0.295806930025617,0.99936049178325
26436,0.447081030066064,0.326547121477686,-0.619019322472736
26440,0.238371309154645,0.139139813940946,1
26442,0.183497370904678,0.107658082782796,-0.307812481369967
26446,0.159768100310098,0.0878387488202778,0.317823204612448
26455,0.441688014021842,0.310502898746124,0.999512339651053
26459,0.437508426587569,0.306121073210193,-0.565918412367821
26464,0.460968046379938,0.384589456653634,0.504903339197649
26471,0.163273560738843,0.0913442092490225,0.941417657860319
26474,0.164082513145477,0.0906700822434947,-0.163441150717467
26478,0.504921127140353,0.49298907914251,0.999727671934991
26492,0.400026965080221,0.269718214911689,0.621890818534248
26499,0.32277201024673,0.206822165295942,0.99878714470176
26504,0.485101793177835,0.475394364298234,0.770784566393151
26506,0.204664958878253,0.119050829176217,0.999059783032547
26507,0.204530133477147,0.11911824187677,0.793906346926666
26515,0.466765538627477,0.342726169610355,-0.220057777633367
26524,0.0682216529594176,0.0372118107051368,-0.0050422100591784
26530,0.0697047323715788,0.0372792234056897,-0.139430730870298
26531,0.487124174194418,0.381488472428205,0.992471466547785
26544,0.51476338142106,0.475798840501551,0.314154784226722
26547,0.141027369556424,0.0794121612511797,0.997330403617177
26550,0.13630848051773,0.0767830659296211,0.99862879550786
26568,0.486854523392207,0.402251584198463,0.879561646005331
26570,0.467439665633005,0.372185519751921,0.878921467775496
26571,0.493326142645274,0.435418632870433,0.707600922542094
26578,0.137117432924363,0.0812323041661049,-0.198412968768986
26584,0.503977349332614,0.429958204125657,0.866946281630673
26596,0.507213158959148,0.42470001348254,0.999856611200883
26597,0.507347984360254,0.424632600781987,0.818943944772158
26601,0.428070648510179,0.285088310637724,0.706052427993038
26603,0.455035728731293,0.335513010651207,1
26610,0.136712956721046,0.0787380342456518,0.960761822117253
26622,0.463664554402049,0.346433868140758,0.990126991581719
26623,0.462181474989888,0.342456518808143,0.989809126341916
26631,0.480652554941351,0.394162060132129,0.746973465992965
26640,0.449777538088176,0.365511662397196,0.971508050219861
26645,0.134420924902252,0.0765134151274101,-0.154447066242527
26649,0.496561952271808,0.449575299986517,0.845416741192546
26652,0.378589726304436,0.253606579479574,0.999644139840524
26655,0.449373061884859,0.388903869489012,-0.00267559741786717
26656,0.417149791020628,0.293380072805717,0.26007011466941
26667,0.133746797896724,0.0763111770257516,-0.00510741552226668
26675,0.467170014830794,0.39200485371444,-0.472330826724867
26677,0.490090333018741,0.439328569502494,0.999046741268277
26680,0.38546582176082,0.26149386544425,0.694411000016524
26682,0.318053121208036,0.193137387083727,0.998896052572025
26700,0.162869084535526,0.0932991775650532,0.945004945484362
26704,0.147903465012808,0.0837939867871107,0.929651303849473
26707,0.324255089658892,0.204462720776594,-0.322820058138778
26715,0.489146555211002,0.480922205743562,-0.298572347742488
26717,0.149925846029392,0.0854793043009303,-0.132418763160379
26721,0.28232438991506,0.166779021167588,1
26727,0.146824861803964,0.0870297964136443,-0.132296438372682
26743,0.49346096804638,0.420520426048267,0.503420920829273
26760,0.505055952541459,0.467170014830794,0.440021793155746
26762,0.202372927059458,0.114399352838075,0.389761764296992
26765,0.500067412700553,0.453620062019685,0.340678252584315
26769,0.411891600377511,0.309491708237832,0.996189131941897
26775,0.501954968316031,0.45375488742079,0.993271297857137
26780,0.160711878117837,0.0883106377241473,-0.0918254121037585
26785,0.503168396925981,0.491573412430902,0.297714964804986
26787,0.162194957529999,0.0890521774302279,-0.191642419442479
26789,0.472832681677228,0.369084535526493,0.99941220985957
26794,0.0640420655251449,0.0347175407846838,-0.16690650145895
26801,0.375353916677902,0.237427531346906,0.761657940318402
26803,0.142780099770797,0.0844681137926385,0.676432320122079
26804,0.272482135634354,0.173048402318997,0.999550543379688
26814,0.396656330052582,0.274639342052043,-0.213324611677535
26816,0.14938654442497,0.0854793043009303,0.52857138303282
26817,0.373736011864635,0.252393150869624,0.526162479870865
26819,0.353377376297695,0.217945260887151,-0.165903985171305
26823,0.164217338546582,0.0938384791694755,1
26843,0.181744640690306,0.102062828636915,-0.0817071312665983
26859,0.123769718214912,0.0666037481461508,-0.263188242077148
26865,0.432250235944452,0.352703249292167,-0.260965813664422
26867,0.36659026560604,0.251651611163543,-0.141515898642105
26873,0.477281919913712,0.385870297964136,0.596373288373594
26878,0.115410543346366,0.0653903195362007,0.998954996748079
26880,0.465821760819738,0.398206822165296,1
26886,0.433868140757719,0.376702170688958,-0.314713809714044
26890,0.395712552244843,0.2651341512741,0.835832241143787
26893,0.444923823648375,0.336119724956182,-0.307719304130886
26913,0.388836456788459,0.282189564513954,-0.179415998660778
26918,0.125926924632601,0.0667385735472563,0.448310482764199
26919,0.368477821221518,0.246932722124848,0.143790454305214
26920,0.451125792099231,0.404880679520022,0.980329458350661
26923,0.450990966698126,0.404813266819469,0.332114555875093
26924,0.116219495753,0.0653903195362007,0.34064045026705
26926,0.498045031683969,0.397465282459215,0.95720074231452
26927,0.479978427935823,0.379803154914386,0.0559832548746926
26928,0.041526223540515,0.0230551435890521,-0.133865580379401
26933,0.0412565727383039,0.0229203181879466,1
26945,0.481191856545773,0.441755426722395,-0.398803214310869
26947,0.287717405959283,0.175812323041661,0.602403342816704
26948,0.466765538627477,0.369556424430363,0.843972039539147
26953,0.0455709855736821,0.0248078738034245,-0.0957351577941146
26956,0.422542807064851,0.318996899015775,0.96354079221496
26965,0.384791694755292,0.259943373331536,-0.139235817672088
26968,0.447755157071592,0.339557772684374,-0.412248377021667
26973,0.442227315626264,0.340838613994877,0.997934061883422
26979,0.447755157071592,0.347107995146286,0.988846472474948
26982,0.441418363219631,0.340568963192665,-0.417447468146744
26992,0.388027504381826,0.25980854793043,0.982335177382037
26995,0.390993663206148,0.260887151139275,1
27000,0.458541189160038,0.334164756640151,-0.259487509284469
27003,0.451260617500337,0.326344883376028,-0.442105495456752
27008,0.305649184306323,0.186530942429554,0.984959499095236
27009,0.305784009707429,0.183497370904678,-0.250624774083332
27013,0.436294997977619,0.345422677632466,-0.309975885206984
27016,0.436699474180936,0.346568693541863,-0.387602521137593
27023,0.170284481596333,0.0936362410678172,-0.242674731820797
27038,0.259673722529325,0.152083052447081,-0.312205490798776
27041,0.274908992854254,0.167520560873669,0.63579383538742
27051,0.450586490494809,0.327086423082109,-0.67585732877544
27054,0.51017931778347,0.489955507617635,0.980887838720984
27056,0.45085614129702,0.326547121477686,-0.332729007006616
27059,0.506269381151409,0.480854793043009,0.462879939268039
27060,0.277066199271943,0.164958878252663,-0.192832221690304
27071,0.176890926250506,0.0964001617904813,-0.192644726658297
27072,0.339625185384927,0.22131589591479,-0.390511493929116
27079,0.421329378454901,0.291559929890791,0.58580297359668
27082,0.339355534582715,0.22131589591479,-0.274448030820801
27084,0.237697182149117,0.139611702844816,0.99805731341409
27087,0.467170014830794,0.382971551840367,-0.362948173231311
27091,0.23850613455575,0.140690306053661,-0.318858803885902
27096,0.460833220978832,0.380746932722125,0.495146527463543
27121,0.235135499528111,0.146420385600647,0.629161924328057
27122,0.398409060266954,0.273897802345962,0.70931408159473
27137,0.0881758123230417,0.046514763381421,-0.128391395953478
27138,0.377376297694486,0.257179452608872,-0.161737012768684
27141,0.241337467978967,0.142914925171902,-0.117683907764206
27146,0.446406903060537,0.357489551031414,-0.583340678639523
27150,0.354455979506539,0.231158150195497,0.999243489491164
27151,0.354455979506539,0.231158150195497,0.737332633213534
27156,0.381825535930969,0.263853309963597,-0.570979787200128
27162,0.484966967776729,0.396454091950924,0.828744066792506
27173,0.205608736685992,0.120870972091142,0.44421063558687
27194,0.408251314547661,0.283268167722799,0.711500904062697
27205,0.447620331670487,0.320614803829041,-0.297264276945281
27214,0.29904273965215,0.183362545503573,-0.274047318460733
27221,0.31549143858703,0.190777942564379,-0.201491697296562
27230,0.506943508156937,0.483214237562357,0.997807106953078
27238,0.342726169610355,0.237023055143589,0.987416773801379
27244,0.417284616421734,0.314075771875421,0.825154367729958
27250,0.423216934070379,0.291829580693003,-0.367372185648409
27303,0.469057570446272,0.383106377241472,-0.489104841083808
27304,0.420115949844951,0.295806930025617,-0.48605286450344
27306,0.479304300930295,0.389443171093434,0.999857151104722
27316,0.429823378724552,0.314682486180396,0.838715921948387
27321,0.482674935957934,0.427800997707968,0.899817460736885
27322,0.460698395577727,0.381083996224889,0.999860422118068
27327,0.487124174194418,0.394971012538762,-0.449731785804641
27333,0.399218012673588,0.287380342456519,-0.527955660094803
27347,0.493595793447485,0.408049076446002,-0.493150631656344
27350,0.483753539166779,0.399487663475799,-0.531459468267182
27353,0.489551031414318,0.399959552379668,0.964713798625991
27357,0.426183092894701,0.303559390589187,0.999839315208894
27366,0.22421464203856,0.128825670756371,1
27372,0.226506673857355,0.129162734259134,-0.327342108831351
27374,0.31090737494944,0.197519212619658,0.774268382625821
27375,0.225832546851827,0.130713226371848,0.774259137673257
27383,0.248078738034246,0.143319401375219,-0.348688690316765
27386,0.245651880814345,0.141836321963058,0.812731777174767
27393,0.236483753539167,0.136443305918835,0.735697338468972
27403,0.408655790750977,0.29129027908858,0.870087097826342
27410,0.0965349871915869,0.0519077794256438,1
27426,0.124848321423756,0.0699743831737899,0.99451884368971
27442,0.352972900094378,0.221652959417554,0.836629532876291
27445,0.405150330322233,0.281178374005663,0.555155346018081
27453,0.225158419846299,0.127140353242551,0.442685329387074
27457,0.195362006201968,0.119522718080086,0.455163348115744
27465,0.415531886207361,0.299716866657678,0.541821748272758
27477,0.478090872320345,0.426587569098018,0.398327559641961
27482,0.0791425104489686,0.0410543346366455,-0.0529393126196635
27489,0.0666037481461507,0.0349197788863422,1
27493,0.199002292031819,0.115815019549683,-0.261771703195394
27496,0.374005662666846,0.248618039638668,0.627206523891471
27497,0.490090333018741,0.438924093299178,-0.562631105206355
27507,0.480922205743562,0.408183901847108,0.838246619795454
27521,0.519886746663071,0.457192935148982,-0.706178967505107
27530,0.0629634623163004,0.033099635971417,0.438293271173
27535,0.0750977484158015,0.0402453822300122,-0.0897643618040675
27537,0.500202238101658,0.429149251719024,0.697413170858078
27543,0.498045031683969,0.450451665093704,0.365488411173578
27545,0.0617500337063503,0.0324929216664419,-0.0735380174141663
27554,0.282594040717271,0.171497910206283,0.441834070953641
27555,0.5326951597681,0.496764190373466,0.196414096148877
27558,0.439800458406364,0.361871376567345,0.999721328059293
27568,0.481191856545773,0.430160442227316,0.999865021072262
27570,0.481191856545773,0.430160442227316,0.696360832497813
27571,0.434811918565458,0.291155453687475,0.644380201451896
27573,0.206013212889308,0.117702575165161,0.349324089386264
27578,0.470810300660644,0.329648105703114,0.529421960427351
27591,0.479304300930295,0.420992314952137,0.885628225141002
27599,0.32034515302683,0.197519212619658,-0.0958059948188349
27615,0.224079816637454,0.130915464473507,0.420647981591188
27619,0.453957125522448,0.313536470270999,-0.651021826713989
27623,0.454496427126871,0.31380612107321,-0.258568526066195
27624,0.235944451934745,0.133611972495618,-0.134900671582769
27637,0.333692867736282,0.203249292166644,0.505564384756941
27640,0.325468518268842,0.198328165026291,-0.312125434473606
27643,0.207226641499258,0.118039638667925,-0.13449181347334
27644,0.168936227585277,0.0897263044357557,-0.137345588880964
27645,0.206013212889308,0.117567749764056,-0.137410460542418
27652,0.385600647161925,0.252662801671835,0.598848278356768
27655,0.43899150599973,0.34164756640151,0.616261736635027
27657,0.0436834299582041,0.0226506673857355,-0.0683843980174204
27659,0.338681407577188,0.212889308345692,-0.250812331713463
27670,0.212619657543481,0.124106781717676,0.904464241355315
27674,0.184710799514629,0.104220035054604,-0.066114265692706
27678,0.440070109208575,0.370500202238102,-0.256920123459754
27679,0.196575434811919,0.116489146555211,-0.0767131168051741
27683,0.436160172576513,0.330254820008089,0.99624713574128
27687,0.41984629904274,0.299447215855467,1
27689,0.430901981933396,0.325064042065525,0.584620666139562
27697,0.207091816098153,0.116219495753,-0.133082854707413
27702,0.207765943103681,0.116286908453553,-0.280100739249638
27707,0.483618713765673,0.393487933126601,-0.645418376760789
27716,0.202238101658352,0.115140892544155,-0.120101383052044
27724,0.166779021167588,0.0879735742213833,-0.102560971479303
27731,0.260752325738169,0.16125117972226,-0.143865407086513
27748,0.197249561817446,0.117904813266819,-0.0523568519831674
27758,0.269515976810031,0.153903195362006,-0.330391018732581
27760,0.211541054334637,0.119657543481192,-0.121381028993706
27770,0.0467844141836322,0.0236618578940272,0.183218321249431
27781,0.508831063772415,0.486854523392207,-0.482700161993686
27783,0.337063502763921,0.206552514493731,-0.197705417071283
27804,0.206013212889308,0.116219495753,0.389405905048059
27814,0.172306862612916,0.0904678441418363,-0.0947454447027436
27819,0.265875690980181,0.172711338816233,0.999118540133574
27820,0.266414992584603,0.172980989618444,0.752824744289751
27829,0.117837400566267,0.0624241607118781,-0.0616656778711362
27833,0.463664554402049,0.43366590265606,-0.278142025082025
27846,0.187272482135634,0.10725360657948,-0.266174227609306
27851,0.235000674127006,0.135162464608332,1
27862,0.41863287043279,0.279964945395713,-0.0897300204242761
27866,0.357961439935284,0.241135229877309,-0.356731336656108
27867,0.39854388566806,0.263583659161386,-0.356903203296479
27874,0.471619253067278,0.402049346096805,-0.594427884706114
27886,0.0400431441283538,0.0204260482674936,0.268028147046327
27887,0.329108804098692,0.212012943238506,-0.0793739016062033
27891,0.18498045031684,0.105703114466766,-0.0832927430903702
27894,0.134690575704463,0.0701766212754483,-0.184641321397835
27900,0.302548200080895,0.186598355130106,-0.128396126032961
27902,0.168127275178644,0.0944451934744506,1
27911,0.448294458676015,0.315154375084266,1
27915,0.448294458676015,0.315154375084266,1
27926,0.127410004044762,0.0704462720776594,-0.144256680801227
27927,0.472563030875017,0.35519751921262,0.15268593650573
27932,0.515167857624376,0.470338411756775,0.730539688675869
27934,0.193878926789807,0.10678171767561,0.62198619889042
27938,0.191991371174329,0.105703114466766,1
27940,0.217877848186598,0.124309019819334,-0.336195613079717
27943,0.496831603074019,0.463462316300391,0.389213124120836
27946,0.0930295267628421,0.0529863826344883,-0.177631722560098
27965,0.491438587029796,0.459956855871646,0.966124394709202
27969,0.274639342052043,0.170082243494674,-0.173881159485868
27983,0.160711878117837,0.0873668599164082,1
27987,0.491573412430902,0.473911284886072,-0.750894552144329
27988,0.485371443980046,0.394229472832682,-0.122244133919331
27991,0.486989348793313,0.395038425239315,0.995691692339726
28002,0.097748415801537,0.0514358905217743,-0.149131175220237
28005,0.458406363758932,0.332749089928543,-0.107151048475894
28009,0.0426048267493596,0.0217068895779965,-0.124569033239974
28011,0.175273021437239,0.0957260347849535,-0.2476944025778
28013,0.494539571255224,0.487933126601052,0.999866520276694
28016,0.195766482405285,0.108669273291088,0.411794469058559
28018,0.0397734933261426,0.0202912228663881,-0.103577397509485
28024,0.508156936766887,0.476540380207631,-0.833620532200947
28029,0.0396386679250371,0.0203586355669408,0.0146781593769207
28033,0.0422003505460429,0.0215046514763382,0.970731891055909
28035,0.446406903060537,0.368005932317649,0.568730698491276
28048,0.492382364837535,0.408925441553189,-0.26699496095211
28068,0.439665633005258,0.302345961979237,0.977858227570078
28072,0.484966967776729,0.348860725360658,0.92350677881412
28076,0.0974787649993259,0.0526493191317244,-0.203041403697517
28088,0.160711878117837,0.0892544155318862,1
28101,0.512336524201159,0.490090333018741,-0.590657608568043
28105,0.364837535391668,0.235674801132533,0.998863303256543
28108,0.478764999325873,0.367871106916543,-0.505536956437529
28109,0.442631791829581,0.312457867062155,-0.50554194142977
28111,0.479034650128084,0.368410408520965,-0.175653096676554
28119,0.328434677093164,0.223540515033032,0.917514205042459
28122,0.106916543076716,0.0577726843737361,-0.0552931160954082
28131,0.174194418228394,0.0964001617904813,0.999613080029382
28158,0.458271538357827,0.350208979371714,1
28164,0.45786706215451,0.350411217473372,0.998958042528762
28174,0.470270999056222,0.408251314547661,0.998912513890141
28177,0.40798166374545,0.310233247943913,0.728025446216673
28183,0.275448294458676,0.174396656330053,0.684470539694502
28189,0.0244033976001079,0.012201698800054,-0.0181117114483624
28207,0.24794391263314,0.145948496696778,-0.0887741368142992
28214,0.243359848995551,0.145004718889039,0.999733147790251
28228,0.314412835378185,0.209114197114736,0.740256007407234
28238,0.495078872859647,0.474720237292706,-0.193867834028097
28247,0.326547121477686,0.217068895779965,0.991425442405374
28253,0.387083726574087,0.251112309559121,-0.308632493292438
28259,0.439800458406364,0.334232169340704,-0.358854720397704
28274,0.406498584333288,0.33146824861804,0.937401037852492
28275,0.381690710529864,0.302076311177026,0.993431165950897
28283,0.450316839692598,0.349197788863422,-0.241550949865011
28285,0.0342456518808143,0.017796952945935,1
28294,0.0342456518808143,0.0179317783470406,1
28297,0.0347849534852366,0.0179317783470406,1
28300,0.262774706754753,0.158217608197384,0.733738486096863
28307,0.123230416610489,0.0694350815693676,0.644436890071405
28310,0.121208035593906,0.0678845894566537,-0.0755448334575999
28314,0.14237562356748,0.0783335580423352,0.717497773534594
28321,0.304300930295268,0.198665228529055,-0.00101782940689247
28322,0.410678171767561,0.283807469327221,-0.174895872075472
28323,0.149251719023864,0.0844681137926385,-0.100125752040845
28336,0.133611972495618,0.0790750977484158,0.999572438516666
28346,0.50896588917352,0.480180666037481,0.330950275817167
28351,0.152217877848187,0.0847377645948497,1
28383,0.509370365376837,0.489955507617635,0.9972527212508
28385,0.506943508156937,0.482135634353512,0.997124763565019
28389,0.497370904678441,0.472495618174464,-0.834161560242448
28393,0.453013347714709,0.364837535391668,1
28399,0.197384387218552,0.111500606714305,0.987062471067079
28406,0.199002292031819,0.110961305109883,-0.354310219811367
28407,0.48982068221653,0.46804637993798,-0.788976907562008
28410,0.173924767426183,0.10071457462586,1
28420,0.198867466630713,0.110489416206013,0.967082515145014
28424,0.196170958608602,0.111163543211541,0.365033149843709
28425,0.493191317244169,0.4697316974518,0.999062365633466
28440,0.468383443440744,0.330726708911959,-0.514333509487686
28451,0.311851152757179,0.187744371039504,-0.175370393777782
28452,0.148712417419442,0.0829850343804773,-0.15295294990501
28457,0.149116893622759,0.0829176216799244,0.329139617395141
28467,0.21235000674127,0.118983416475664,-0.108450727811908
28468,0.14938654442497,0.0830524470810301,0.494118815314865
28475,0.520965349871916,0.496831603074019,0.338307410158959
28492,0.297964136443306,0.179587434272617,-0.228083437051533
28497,0.133342321693407,0.0748955103141432,-0.242873259113292
28519,0.25859511932048,0.14938654442497,0.482799938104751
28524,0.226776324659566,0.130106512066873,-0.19850515302849
28528,0.504921127140353,0.422879870567615,-0.436446548134587
28545,0.317244168801402,0.200417958743427,0.545664712536844
28546,0.507887285964676,0.439867871106916,0.415052231554973
28553,0.269785627612242,0.151611163543212,-0.223278318587932
28556,0.274908992854254,0.166172306862613,-0.211837016448951
28563,0.283942294728327,0.1743292436295,-0.19791199065493
28574,0.487663475798841,0.491505999730349,-0.536424935719318
28577,0.405015504921127,0.291492517190239,0.997118629199133
28580,0.374140488067952,0.24504516650937,-0.362517983646029
28584,0.145881083996225,0.079951462855602,-0.102315364499916
28586,0.444519347445059,0.344950788728596,1
28589,0.219900229203182,0.124511257920992,0.992504678539975
28626,0.223944991236349,0.126668464338681,-0.245819007398907
28629,0.225967372252932,0.126735877039234,-0.0966593311578675
28630,0.22300121342861,0.126331400835918,0.997221955101267
28640,0.490764460024269,0.455035728731293,-0.530402972354358
28669,0.400701092085749,0.290818390184711,0.996984453926879
28670,0.39975731427801,0.289672374275313,-0.57954514775138
28672,0.271808008628826,0.158959147903465,0.981751697220531
28679,0.271942834029931,0.159431036807335,0.998978623077626
28681,0.345422677632466,0.230955912093838,0.823496706065067
28691,0.488337602804368,0.388836456788459,-0.22503392577737
28692,0.121747337198328,0.0721990022920318,-0.096674358724319
28694,0.266954294189025,0.157206417689093,-0.372803661120162
28696,0.271268707024403,0.159093973304571,-0.266259746484556
28705,0.270594580018876,0.158082782796279,0.991589065648389
28707,0.273830389645409,0.160239989213968,0.998725319426001
28713,0.483888364567885,0.428542537414049,-0.31694321919905
28714,0.229068356478361,0.130308750168532,-0.229015941637823
28721,0.230146959687205,0.128960496157476,0.999384868394801
28728,0.348793312660105,0.230079546986652,-0.478904333999662
28736,0.0955912093838479,0.051840366725091,-0.0664249229665067
28752,0.352838074693272,0.23439395982203,-0.222722055184781
28758,0.489685856815424,0.448833760280437,-0.766464571099095
28771,0.273965215046515,0.160981528920049,-0.404328912916852
28776,0.488742079007685,0.451867331805312,-0.412840283185446
28780,0.257246865309424,0.157206417689093,1
28786,0.460698395577727,0.39321828232439,-0.234195187029455
28787,0.122421464203856,0.0707833355804234,-0.096572942906415
28791,0.0997707968181205,0.0543346366455441,1
28797,0.273021437238776,0.16077929081839,-0.36985173806927
28801,0.458136712956721,0.392341917217204,-0.367585617866909
28804,0.121882162599434,0.0703788593771066,-0.0974338890478955
28823,0.36416340838614,0.24261830928947,-0.228159623226869
28831,0.273021437238776,0.15956586220844,-0.0788796086208963
28839,0.234596197923689,0.131050289874612,-0.128278920639162
28849,0.305514358905218,0.183901847107995,0.610549286189796
28852,0.309154644735068,0.185856815424026,-0.19460090214262
28856,0.290279088580289,0.174127005527841,0.975064734794471
28858,0.284077120129432,0.169273291088041,0.797232751442097
28863,0.442901442631792,0.312862343265471,-0.170579923273461
28872,0.30848051772954,0.18619387892679,-0.125211987883422
28874,0.300525819064312,0.19151948227046,-0.14895405918196
28879,0.345153026830255,0.245651880814345,0.679335492970648
28885,0.284886072536066,0.175205608736686,0.999770088128245
28890,0.314143184575974,0.188081434542268,-0.193162812177287
28893,0.312525279762707,0.187542132937845,0.712858308242745
28894,0.192665498179857,0.105770527167318,-0.238574915522926
28895,0.389915059997303,0.266549817985709,-0.289789923054365
28911,0.0965349871915869,0.0531212080355939,0.261429568411309
28919,0.497640555480653,0.444721585546717,-0.500030242894767
28920,0.334906296346232,0.223675340434138,0.97578171764565
28927,0.0988270190103816,0.0542672239449913,-0.138195812072429
28931,0.288391532964811,0.172374275313469,0.797773023874985
28934,0.140218417149791,0.073075367399218,0.272775201101508
28935,0.50775246056357,0.45908049076446,-0.401675777073467
28946,0.286234326547121,0.173048402318997,1
28955,0.388297155184037,0.267089119590131,0.970706104213979
28963,0.518268841849804,0.487798301199946,-0.868222504572119
28968,0.256842389106108,0.15349871915869,0.994868991921367
28974,0.376162869084536,0.255898611298369,0.700292400652774
28988,0.255763785897263,0.152015639746528,-0.260904572172336
28995,0.262505055952541,0.157678306592962,0.991988030790653
28998,0.259943373331536,0.155858163678037,0.997973695465497
29001,0.378050424700013,0.257246865309424,-0.261670233056502
29002,0.25980854793043,0.155655925576379,0.655403715083971
29006,0.255628960496157,0.151948227045975,0.984045517139778
29011,0.255628960496157,0.15181340164487,0.999481089421146
29020,0.493056491843063,0.455642443036268,0.968458392620968
29024,0.256977214507213,0.152622354051503,0.995081926935184
29025,0.25738169071053,0.152824592153162,0.491222598432458
29028,0.264122960765808,0.156195227180801,0.988492559105055
29034,0.257651341512741,0.152420115949845,-0.358105452205236
29035,0.473641634083861,0.387016313873534,-0.727914920566929
29037,0.511662397195632,0.459822030470541,-0.375022178468394
29039,0.363758932182823,0.240124039369017,-0.246453567471896
29059,0.232708642308211,0.136038829715518,-0.267807047048316
29061,0.25374140488068,0.156801941485776,-0.273349376752971
29068,0.364433059188351,0.240865579075098,-0.134090732948049
29082,0.373331535661319,0.252460563570177,0.556187255128848
29084,0.371174329243629,0.249764055548065,0.715990380187709
29095,0.174868545233922,0.0970068760954563,-0.104056200841081
29110,0.251719023864096,0.1489146555211,0.627566220903559
29121,0.248078738034246,0.147094512606175,-0.168480543703359
29125,0.247269785627612,0.146824861803964,0.968706390857679
29127,0.238640959956856,0.14358905217743,1
29130,0.27747067547526,0.166374544964271,0.969431270460295
29131,0.265336389375758,0.160307401914521,1
29136,0.475664015100445,0.398409060266954,0.213066585715095
29144,0.335041121747337,0.208103006606445,0.999583969847884
29145,0.335310772549548,0.208103006606445,0.521436164247259
29152,0.292031818794661,0.170823783200755,1
29164,0.480787380342456,0.475124713496023,-0.333402808282302
29173,0.432385061345557,0.309087232034515,-0.232274561595103
29184,0.172441688014022,0.102939193744101,0.984917216380483
29186,0.172711338816233,0.10024268572199,0.985967443557635
29191,0.402993123904544,0.277268437373601,-0.521764348886577
29200,0.171228259404072,0.102197654038021,-0.338143900914974
29201,0.476338142105973,0.462653363893758,0.994279635521557
29203,0.477147094512606,0.461035459080491,-0.797158773892202
29212,0.470540649858433,0.466900364028583,0.994726864718871
29213,0.473911284886073,0.466023998921397,0.970881232998549
29216,0.479708777133612,0.435620870972091,1
29229,0.483483888364568,0.484966967776729,0.992950324880977
29241,0.273560738843198,0.162801671834974,0.986196343573547
29261,0.280706485101793,0.167722798975327,0.946869103331734
29285,0.236483753539167,0.133611972495618,0.958637866478548
29287,0.221113657813132,0.126331400835918,0.977199854522807
29307,0.398409060266954,0.246123769718215,0.972220706129175
29329,0.362141027369556,0.22057435620871,-0.115536657906402
29334,0.356208709720911,0.216394768774437,0.99937206628607
29337,0.348928138061211,0.212754482944587,0.882774953893989
29341,0.500337063502764,0.442564379129028,0.997231894716199
29350,0.439800458406364,0.314682486180396,0.993782243388284
29351,0.439126331400836,0.314075771875421,0.980512985511211
29352,0.432789537548874,0.307401914520696,0.995029669132135
29353,0.432385061345557,0.308413105028987,0.958971687742968
29366,0.468787919644061,0.352635836591614,1
29373,0.413374679789672,0.26924632600782,0.353595664408653
29378,0.384117567749764,0.241000404476203,0.751992048388912
29388,0.425374140488068,0.314480248078738,0.974490671780166
29389,0.415531886207361,0.305784009707429,0.740904917023932
29392,0.114736416340839,0.0580423351759471,0.871098193903004
29401,0.0559525414588108,0.0295941755426722,-0.0834769806551277
29411,0.186059053525684,0.100310098422543,-0.150359638586517
29416,0.0648510179317783,0.0341782391802615,-0.0769251815357641
29418,0.211541054334637,0.120196845085614,1
29420,0.45422677632466,0.372185519751921,0.790680452225405
29422,0.0773897802345962,0.0403127949305649,-0.122830937286018
29423,0.360253471754078,0.262639881353647,-0.166913642591201
29424,0.123230416610489,0.0648510179317784,-0.115837854012977
29425,0.222596737225293,0.135027639207227,-0.0971080377963147
29440,0.0718619387892679,0.0375488742079008,-0.0634948900872063
29448,0.303491977888634,0.191923958473776,0.495751650904297
29452,0.224619118241877,0.127140353242551,0.459498644400513
29455,0.429823378724552,0.31090737494944,0.821810716268726
29456,0.370769853040313,0.241607118781178,0.36226570883553
29462,0.4745854118916,0.397734933261427,1
29466,0.222057435620871,0.129095321558582,-0.164006807425341
29472,0.298233787245517,0.172846164217339,-0.189568161920152
29475,0.2978293110422,0.17264392611568,0.570106208793219
29489,0.346905757044627,0.222664149925846,-0.246095800477218
29491,0.141836321963058,0.0787380342456518,0.335804039122476
29494,0.142105972765269,0.0787380342456518,-0.0766191269572584
29503,0.457732236753404,0.377308884993933,0.887288117392364
29504,0.474180935688284,0.426520156397465,0.317839795200212
29506,0.474046110287178,0.426452743696913,0.296273821385017
29511,0.243629499797762,0.13705002022381,0.590326587949457
29512,0.110152352703249,0.0554806525549414,-0.12164536937974
29520,0.132803020088985,0.072468653094243,-0.0787412352555191
29535,0.109478225697721,0.0567614938654443,1
29537,0.413913981394095,0.30605366050964,0.339024842165122
29538,0.109882701901038,0.0569637319671026,-0.100847564840643
29550,0.112848860725361,0.0581771605770527,-0.1016155014619
29551,0.214102736955642,0.115545368747472,0.9877530209417
29552,0.217877848186598,0.117972225967372,-0.0986777861238465
29554,0.213024133746798,0.11500606714305,0.771994135920693
29558,0.0959956855871646,0.0504247000134825,-0.0572684718953642
29560,0.107725495483349,0.0557503033571525,0.839012778025754
29573,0.108264797087771,0.0556154779560469,-0.161800808457386
29577,0.484832142375624,0.348658487259,-0.216694668519646
29579,0.36416340838614,0.25205608736686,-0.477046774969722
29585,0.363489281380612,0.249426992045301,0.719126058116551
29594,0.106242416071188,0.0547391128488607,0.866397089271536
29603,0.117702575165161,0.0612781448024808,0.878241581752869
29608,0.355534582715384,0.240056626668464,0.99369275687585
29626,0.167453148173116,0.0923553997573143,0.999598360708635
29635,0.20870972091142,0.114871241741944,0.957211493487478
29641,0.230146959687205,0.13098287717406,0.876674288901472
29644,0.038425239315087,0.0197519212619658,1
29647,0.188216259943373,0.103950384252393,0.991215131891374
29660,0.190912767965485,0.104624511257921,0.994878522268334
29661,0.191991371174329,0.105163812862343,-0.0657743159947061
29669,0.48645004718889,0.412700552784145,0.563897817689018
29675,0.262639881353647,0.149251719023864,1
29677,0.0640420655251449,0.0336389375758392,-0.0605135207999236
29680,0.117298098961844,0.061210732101928,-0.0677870806868008
29681,0.0962653363893758,0.0521774302278549,0.637175735758788
29688,0.183497370904678,0.105366050964002,0.939164230513516
29693,0.135499528111096,0.0717945260887151,0.465557337552706
29697,0.112309559120938,0.0579075097748416,-0.111155127369652
29711,0.0438182553593097,0.0223136038829715,0.22819773981969
29714,0.408790616152083,0.281919913711743,-0.0984028456275245
29732,0.118107051368478,0.062154509909667,0.793801390849354
29744,0.445193474450586,0.330187407307537,0.998926676490784
29750,0.157071592287987,0.0854118916003775,0.999133262537982
29761,0.345018201429149,0.223338276931374,0.830605480515379
29775,0.481191856545773,0.427733585007415,0.999052423895157
29777,0.169340703788594,0.0969394633949036,0.98804499490994
29781,0.0715922879870568,0.0391667790211676,0.995724184046741
29783,0.0711878117837401,0.0389645409195092,0.389268121269949
29797,0.359174868545234,0.225967372252933,0.831237721946079
29799,0.19927194283403,0.111365781313199,-0.111642280869701
29802,0.46609141162195,0.336456788458946,-0.555040067961463
29807,0.0699743831737899,0.0374140488067952,1
29815,0.193744101388702,0.106040177969529,-0.256277617271647
29820,0.489416206013213,0.477551570715923,0.999867493499767
29823,0.127275178643656,0.0664689227450451,-0.208344180370905
29837,0.256033436699474,0.154172846164217,1
29845,0.199137117432924,0.111298368612647,-0.218723373692149
29846,0.464473506808683,0.33753539166779,-0.217220883632149
29847,0.20048537144398,0.111163543211541,-0.215529058735267
29848,0.463394903599838,0.337130915464473,0.755731648484654
29866,0.484832142375624,0.498179857085075,0.288033035897286
29867,0.139813940946474,0.0752999865174598,-0.264624470136
29876,0.49103411082648,0.373331535661319,0.80691104094728
29896,0.238640959956856,0.135229877308885,-0.251162961440793
29898,0.154509909666981,0.0880409869219361,-0.267654763406376
29900,0.127949305649184,0.066536335445598,-0.224832098012536
29905,0.513415127410004,0.43413779155993,-0.107453852256021
29906,0.334771470945126,0.20823783200755,-0.439287496151155
29911,0.154509909666981,0.0879061615208305,-0.0752271075045981
29919,0.275987596063098,0.164554402049346,-0.0762778556904934
29923,0.468787919644061,0.357219900229203,-0.356298433249067
29927,0.193609275987596,0.108669273291088,-0.222960690462118
29957,0.365916138600512,0.249022515841985,1
29961,0.285020897937171,0.170014830794122,0.973816080461174
29970,0.379263853309964,0.281852501011191,-0.259939702216949
29975,0.507482809761359,0.456114331940138,0.970344028940123
29991,0.225697721450721,0.128758258055818,-0.156008580927163
29995,0.195092355399757,0.110759067008224,-0.0656952644370347
29996,0.0380207631117703,0.0199541593636241,1
29997,0.0380207631117703,0.0199541593636241,0.986511507196585
29999,0.0370769853040313,0.0194822704597546,0.286305217183891
30001,0.346096804637994,0.215113927463934,0.281566322858494
30012,0.228933531077255,0.130376162869084,-0.271857446612271
30013,0.47094512606175,0.376634757988405,-0.258983757689459
30014,0.229068356478361,0.127072940541998,0.72238074653435
30024,0.130106512066873,0.0700417958743427,0.921658216662716
30032,0.123904543616017,0.0650532560334367,0.998869988738882
30048,0.140757718754213,0.0744236214102737,1
30051,0.140353242550897,0.0742213833086154,0.602019081270772
30058,0.100040447620332,0.0536605096400162,0.982449339119271
30060,0.100175273021437,0.0539975731427801,1
30076,0.108804098692194,0.0583119859781582,0.497399683599934
30085,0.502494269920453,0.421261965754348,0.63806437397162
30089,0.16853175138196,0.0865579075097749,0.743430504332207
30090,0.258055817716058,0.143184575974113,-0.118999566734479
30098,0.108264797087771,0.0562896049615748,0.299162054446811
30106,0.109343400296616,0.0584468113792639,-0.111023458315059
30121,0.321019280032358,0.208103006606445,0.600266189021946
30125,0.47579884050155,0.367601456114332,0.999703130805768
30127,0.476338142105973,0.367736281515437,-0.194982622100379
30133,0.163947687744371,0.0844007010920858,0.390418966700934
30138,0.432250235944452,0.309019819333962,-0.0633986917249072
30139,0.172441688014022,0.094310368073345,0.694026688432217
30142,0.251314547660779,0.147903465012808,0.998401625176369
30145,0.289874612376972,0.17311581501955,0.699646902624561
30147,0.249426992045301,0.146555211001753,0.903012251169095
30150,0.249426992045301,0.146690036402858,0.999195221404309
30158,0.248752865039773,0.147296750707833,0.30447401781824
30168,0.171363084805177,0.0951193204799784,1
30174,0.480113253336929,0.39200485371444,0.99786572529309
30180,0.475394364298234,0.394094647431576,0.402828618077116
30184,0.174194418228394,0.0957260347849535,0.98820985965936
30194,0.172576513415127,0.0945126061750033,0.987057005137484
30211,0.0768504786301739,0.0415262235405151,0.438729782539078
30215,0.223540515033032,0.129567210462451,-0.111368942963251
30216,0.0765808278279628,0.0412565727383039,0.995924002404637
30228,0.306458136712957,0.186261291627343,0.807155105522019
30236,0.0606714304975057,0.0334366994741809,0.982465459273814
30241,0.496427126870702,0.452608871511393,-0.874828152751811
30250,0.364028582985034,0.245786706215451,0.821734681236113
30256,0.377511123095591,0.254685182688418,-0.126493651705499
30257,0.0419306997438317,0.0242011594984495,0.998719037459464
30258,0.0420655251449373,0.0242685721990022,-0.125860577904312
30259,0.378859377106647,0.254011055682891,0.979015861159206
30264,0.454361601725765,0.369151948227046,-0.667086449855534
30270,0.492517190238641,0.403734663610624,0.976822528545378
30281,0.451125792099231,0.34987191586895,-0.572996168702322
30283,0.487124174194418,0.387016313873534,0.987998356973739
30284,0.485101793177835,0.390049885398409,-0.511536923405113
30292,0.430901981933396,0.320749629230147,-0.463111674690061
30308,0.476607792908184,0.369893487933127,0.649710954592437
30317,0.473506808682756,0.330861534313065,0.49754511688918
30318,0.227180800862883,0.131791829580693,-0.119246891600176
30319,0.112309559120938,0.0624915734124309,0.450567845028949
30325,0.173520291222866,0.100916812727518,1
30327,0.185654577322368,0.10968046379938,0.969955873051408
30330,0.440744236214103,0.321086692732911,-0.169613325387313
30331,0.0831872724821356,0.0472563030875017,0.999304204953768
30337,0.504921127140353,0.451597681003101,0.993475836961594
30344,0.265201563974653,0.155521100175273,0.987113654882363
30352,0.262505055952541,0.159296211406229,0.575454437008319
30354,0.265471214776864,0.155655925576379,0.738491590486038
30355,0.176216799244978,0.0953889712821896,0.733971764250156
30370,0.265201563974653,0.154981798570851,0.647483215238358
30373,0.189564513954429,0.103276257246865,0.710996565304591
30380,0.31306458136713,0.197519212619658,0.997690557492389
30393,0.0750977484158015,0.0407846838344345,0.963749016042762
30400,0.415127410004045,0.303559390589187,0.999530280986582
30416,0.467170014830794,0.39321828232439,-0.753492269849516
30424,0.521235000674127,0.482000808952407,0.677033342252983
30426,0.484562491573412,0.401779695294593,0.393384656192311
30432,0.22421464203856,0.128016718349737,-0.106489661049116
30452,0.508156936766887,0.424902251584198,-0.2188900063584
30456,0.340568963192665,0.214507213158959,0.99737509206372
30470,0.339625185384927,0.214844276661723,0.621415667071882
30472,0.184575974113523,0.0997033841175677,0.615072715343659
30476,0.405689631926655,0.298975326951598,0.995802556855644
30492,0.367264392611568,0.243629499797762,0.999817746342425
30498,0.314817311581502,0.206350276392072,0.552661934913505
30507,0.311581501954968,0.209181609815289,0.997882117042459
30514,0.346366455440205,0.233450182014291,0.784435075586652
30519,0.40097074288796,0.282863691519482,0.997865844839746
30520,0.401375219091277,0.283200755022246,0.981285118213771
30529,0.397869758662532,0.279560469192396,0.988315711525188
30531,0.39611702844816,0.278279627881893,0.997186215536652
30532,0.396791155453687,0.278616691384657,0.999503316841515
30534,0.39733045705811,0.28063907240124,0.996060850495002
30536,0.392341917217204,0.280302008898476,0.978648615064027
30549,0.309424295537279,0.205945800188756,0.990621239628079
30556,0.396386679250371,0.281785088310638,0.417655659790372
30570,0.376297694485641,0.233854658217608,0.939113759786153
30578,0.268976675205609,0.161048941620601,0.741783635088161
30580,0.38789267898072,0.260819738438722,0.99982413803623
30581,0.388027504381826,0.260887151139275,0.745199604080326
30589,0.351220169880005,0.236416340838614,0.312869316278972
30590,0.445597950653903,0.34940002696508,0.546740801679684
30597,0.251719023864096,0.153094242955373,-0.123564097523071
30611,0.311985978158285,0.205743562087097,0.86280507213432
30612,0.383578266145342,0.259067008224349,0.998773204571207
30614,0.297964136443306,0.18740730753674,-0.292287258264102
30618,0.340568963192665,0.227450451665094,0.595355109544849
30638,0.240663340973439,0.144465417284616,-0.230046140158149
30643,0.495618174464069,0.414453282998517,0.997020633417625
30647,0.124174194418228,0.0653229068356478,0.321135984987378
30649,0.458001887555615,0.346029391937441,0.951304339087769
30664,0.481191856545773,0.376769583389511,0.999852843291657
30665,0.481326681946879,0.376836996090063,0.992802122754869
30669,0.266414992584603,0.15545368747472,0.602999815079953
30671,0.501415666711608,0.460091681272752,-0.136299662462205
30673,0.479034650128084,0.376095456383983,0.977632025256995
30677,0.480652554941351,0.409397330457058,0.912129039462158
30679,0.479439126331401,0.37602804368343,0.776807497892677
30680,0.497640555480653,0.492180126735877,0.999597306316465
30690,0.389240932991776,0.281313199406768,0.93285707332859
30692,0.483618713765673,0.380814345422678,-0.460853865839701
30702,0.401510044492382,0.269650802211137,-0.399332431578977
30704,0.428475124713496,0.304975057300795,-0.52461139672336
30712,0.45544020493461,0.350680868275583,0.600903537635532
30715,0.237427531346906,0.140555480652555,0.59832677078543
30718,0.407307536739922,0.319199137117433,-0.374921250700278
30724,0.288121882162599,0.17844141836322,-0.287057343885665
30731,0.509909666981259,0.429958204125657,0.999283722861178
30748,0.0357287312929756,0.0192126196575435,-0.0607125355643148
30757,0.335310772549548,0.206350276392072,0.615293048768934
30758,0.49224753943643,0.402790885802885,-0.170242367940787
30766,0.45206956990697,0.323918026156128,-0.528582577516408
30767,0.49103411082648,0.396791155453687,-0.248886841807719
30768,0.14480248078738,0.0773897802345962,0.294588339098347
30769,0.517999191047593,0.474450586490495,-0.219709183216742
30778,0.201294323850613,0.107792908183902,0.904055341013569
30790,0.0729405419981124,0.0383578266145341,0.685965943694953
30793,0.441822839422947,0.36827558311986,-0.530014477972894
30797,0.353647027099906,0.222798975326952,-0.356707565986727
30799,0.0372118107051368,0.0190103815558851,0.158557165974008
30800,0.459619792368882,0.393622758527707,-0.590809899027327
30806,0.474180935688284,0.44768774437104,0.997521344849694
30810,0.463799379803155,0.43656464877983,1
30812,0.463799379803155,0.43656464877983,0.971270636614409
30826,0.365646487798301,0.258190643117163,-0.111179329401999
30855,0.409734393959822,0.317446406903061,0.994991377273697
30866,0.455844681137926,0.339422947283268,0.94549321429601
30873,0.387353377376298,0.262167992449778,-0.417742807565608
30893,0.469057570446272,0.398880949170824,0.92008091652899
30899,0.47916947552919,0.472563030875017,0.996499940131857
30909,0.284077120129432,0.178845894566536,-0.270784054273749
30910,0.405419981124444,0.296818120533909,-0.452459258725175
30912,0.405285155723338,0.296750707833356,-0.448854008952466
30916,0.516650937036538,0.471214776863961,-0.663242964653239
30922,0.507213158959148,0.484832142375624,-0.733395492489706
30925,0.516920587838749,0.493865444249697,0.721408784011898
30930,0.252393150869624,0.14938654442497,-0.303986854266698
30931,0.455709855736821,0.321019280032358,-0.525083011937485
30934,0.472293380072806,0.380005393016044,0.997567432179759
30938,0.242550896588917,0.141903734663611,0.982582013524805
30944,0.337063502763921,0.211001752730214,0.989573580570506
30953,0.29661588243225,0.182283942294728,-0.302412252231474
30960,0.517864365646488,0.450653903195362,-0.486286693270014
30975,0.333962518538493,0.216057705271673,0.986916154573186
30979,0.491573412430902,0.483214237562357,1
30980,0.491573412430902,0.483214237562357,0.999867123731916
30985,0.290953215585816,0.180261561278145,1
30991,0.446811379263853,0.323985438856681,-0.615563338088763
31002,0.308210866927329,0.193069974383174,0.999786211990235
31008,0.307671565322907,0.192665498179857,1
31009,0.307671565322907,0.192665498179857,-0.361562381581903
31013,0.460428744775516,0.333490629634623,-0.364937491033348
31015,0.303491977888634,0.197451799919105,1
31018,0.303491977888634,0.197451799919105,-0.32847030570725
31033,0.293919374410139,0.181609815289201,0.998654691916006
31035,0.292571120399083,0.181070513684778,0.625237006896055
31058,0.461642173385466,0.351894296885533,-0.344064796270514
31060,0.293110422003505,0.18039638667925,-0.369953616104935
31078,0.465147633814211,0.347310233247944,0.998168762496898
31088,0.203856006471619,0.110691654307672,0.63227833348081
31089,0.260482674935958,0.148847242820547,0.816039031843535
31090,0.344613725225833,0.20533908588378,0.73112080093131
31093,0.0341108264797088,0.0178643656464877,0.334399912584651
31136,0.272751786436565,0.152015639746528,0.998889758248114
31138,0.272482135634354,0.151880814345423,0.629945977413358
31144,0.265471214776864,0.151611163543212,0.905712445526098
31146,0.210327625724687,0.114601590939733,0.834974475525852
31148,0.466765538627477,0.413644330591884,-0.522278974671926
31161,0.431306458136713,0.354523392207092,0.960295141916148
31166,0.368342995820413,0.276392072266415,0.838859269914677
31168,0.440339760010786,0.322502359444519,-0.388245106453434
31169,0.380477281919914,0.249022515841985,-0.364512789650612
31176,0.496561952271808,0.461844411487124,0.57084091455555
31183,0.443036268032897,0.322637184845625,-0.0566591364164276
31187,0.381286234326547,0.252932452474046,-0.291204680914196
31200,0.427800997707968,0.334164756640151,-0.415723571223935
31218,0.378050424700013,0.260617500337064,0.966344749288193
31223,0.374679789672374,0.262437643251989,0.99983131110308
31225,0.437643251988675,0.329378454900903,0.995010450340193
31229,0.497640555480653,0.444721585546717,-0.46799419020825
31234,0.491573412430902,0.449912363489281,0.997174440966094
31237,0.488742079007685,0.450519077794256,0.96578544689424
31244,0.543481191856546,0.48449507887286,-0.475101843659351
31257,0.43292436294998,0.327423486584873,0.996997804438809
31260,0.430632331131185,0.327086423082109,0.23214485953097
31261,0.383982742348658,0.246595658622084,1
31299,0.48982068221653,0.476135904004314,0.996153466348929
31300,0.489416206013213,0.475529189699339,0.855534854981341
31303,0.480922205743562,0.409666981259269,0.177771047452567
31313,0.507347984360254,0.462653363893758,0.998615962902058
31316,0.506134555750303,0.472023729270595,0.999862680200821
31318,0.505999730349198,0.471956316570042,0.993564487873151
31320,0.303896454091951,0.190238640959957,0.540692539539784
31323,0.428070648510179,0.279695294593501,0.975518935722565
31337,0.300795469866523,0.191249831468249,0.990960232602212
31339,0.306188485910746,0.194081164891466,0.946288590031281
31341,0.289739786975866,0.180328973978698,1
31349,0.40339760010786,0.276526897667521,0.848255914391761
31352,0.416610489416206,0.290683564783605,0.871308599501596
31360,0.465821760819738,0.341310502898746,0.538277969704226
31369,0.508831063772415,0.483349062963462,0.571551631391978
31370,0.373061884859107,0.245584468113793,0.998351469349135
31378,0.485371443980046,0.479573951732506,0.999605682712961
31384,0.286234326547121,0.173722529324525,-0.188242410223298
31393,0.287987056761494,0.174598894431711,0.998831191424091
31415,0.352703249292167,0.239584737764595,0.609504419190963
31422,0.275987596063098,0.169408116489147,0.999530186177352
31431,0.260752325738169,0.151274100040448,-0.355899576230887
31433,0.508022111365781,0.472023729270595,-0.793097306824535
31435,0.44721585546717,0.350478630173925,0.295057898963735
31443,0.419306997438317,0.291896993393555,0.709281940723426
31446,0.282594040717271,0.171363084805177,-0.294452813073925
31451,0.405959282728866,0.280369421599029,0.995476174509615
31464,0.377106646892275,0.241270055278414,-0.417135602768373
31466,0.479034650128084,0.366118376702171,0.991320596579458
31472,0.18862073614669,0.103748146150735,-0.102187665686071
31484,0.401644869893488,0.281178374005663,0.750760974255957
31491,0.493730618848591,0.419306997438317,0.730387288555816
31494,0.175947148442767,0.096197923688823,0.369206705604507
31495,0.495348523661858,0.419306997438317,0.7293944979881
31502,0.39733045705811,0.279021167587974,-0.230450558505829
31504,0.0504247000134825,0.0268302548200081,0.187716630797824
31510,0.397060806255899,0.278616691384657,-0.37536685517263
31515,0.36052312255629,0.255089658891735,1
31516,0.36052312255629,0.255089658891735,-0.42635870105606
31523,0.491977888634219,0.419104759336659,0.621821136721055
31528,0.210732101928003,0.122354051503303,-0.213922972930191
31542,0.113927463934205,0.0645139544290144,-0.1566819337012
31548,0.387757853579614,0.274908992854254,0.722788158879146
31549,0.475124713496023,0.422812457867062,0.999730874637119
31553,0.344209249022516,0.219563165700418,-0.270376723978076
31568,0.166779021167588,0.0984899555076176,-0.169211336784407
31572,0.501011190508292,0.44842928407712,0.37974014330937
31573,0.20870972091142,0.125387623028179,-0.115068521157054
31576,0.189294863152218,0.103680733450182,-0.181385187118998
31589,0.406903060536605,0.271942834029931,-0.300703079889341
31594,0.217608197384387,0.123904543616017,-0.141302340728512
31596,0.217877848186598,0.124039369017123,0.635870814970646
31597,0.367399218012674,0.24504516650937,0.662774488727198
31606,0.165970068760955,0.0930969394633949,-0.124775895714471
31619,0.394094647431576,0.254887420790077,-0.227103101108193
31622,0.24187676958339,0.139274639342052,-0.229577243238018
31623,0.325333692867736,0.213226371848456,0.999805034372609
31627,0.361871376567345,0.233922070918161,1
31628,0.361871376567345,0.233922070918161,0.449106043714559
31637,0.0796818120533909,0.0426722394499124,-0.112768001754332
31642,0.387623028178509,0.264999325872994,-0.503783902282438
31644,0.382904139139814,0.263044357556964,-0.507736164429442
31648,0.388971282189565,0.267561008494,0.493705398840639
31649,0.151274100040448,0.0822434946743966,-0.25383173376405
31650,0.496966428475125,0.39611702844816,-0.503803164021618
31652,0.297155184036673,0.182688418498045,-0.397019221426761
31653,0.496022650667386,0.396588917352029,-0.215282791310721
31658,0.496292301469597,0.39685856815424,0.985159337827895
31669,0.365781313199407,0.246663071322637,-0.39296789106688
31671,0.465282459215316,0.354658217608197,-0.595693601403523
31682,0.434811918565458,0.348051772954025,-0.400805282502163
31684,0.47337198328165,0.365174598894432,0.894932560679238
31685,0.467170014830794,0.322165295941755,-0.401321424954314
31687,0.466226237023055,0.321693407037886,-0.377327153285853
31697,0.465821760819738,0.32203047054065,0.991712801831711
31698,0.46851826884185,0.322569772145072,0.296536372202084
31701,0.520560873668599,0.498651745988944,-0.571294039135043
31707,0.358770392341917,0.239112848860725,-0.309766358822645
31711,0.362815154375084,0.233854658217608,-0.544008827843751
31716,0.36294997977619,0.241202642577862,1
31723,0.400161790481327,0.274234865848726,0.990495044111357
31730,0.436969124983147,0.343198058514224,-0.322941474324574
31732,0.320479978427936,0.202709990562222,1
31733,0.320479978427936,0.202709990562222,0.999793432939197
31741,0.34164756640151,0.213967911554537,-0.192957802633745
31746,0.33800728057166,0.21066468922745,-0.236351025702092
31751,0.44842928407712,0.336524201159498,0.712296597049389
31754,0.200620196845086,0.120399083187272,-0.190929473956543
31755,0.339355534582715,0.211203990831873,-0.200586543809391
31769,0.461102871781044,0.389510583793987,0.718775148955917
31770,0.374140488067952,0.250168531751382,0.998031770101116
31778,0.367129567210462,0.246663071322637,-0.337135520829074
31779,0.379129027908858,0.253202103276257,-0.385292166390545
31783,0.300660644465417,0.177699878657139,-0.434603877057377
31784,0.502089793717136,0.488067952002157,-0.679270788388346
31793,0.369151948227046,0.248887690440879,0.993947894202035
31794,0.370230551435891,0.249426992045301,0.99982197662985
31807,0.398274234865849,0.278144802480787,0.988584903381924
31808,0.400835917486855,0.280908723203452,-0.312496351151571
31812,0.298638263448834,0.178036942159903,-0.122860175059166
31830,0.452204395308076,0.320884454631252,0.996148303996622
31832,0.204260482674936,0.120601321288931,0.392192101082156
31834,0.236618578940272,0.138937575839288,-0.177332460366521
31840,0.395577726843737,0.275043818255359,1
31847,0.443710395038425,0.30773897802346,0.977980966196441
31849,0.305379533504112,0.18208170419307,-0.182992179473597
31869,0.491843063233113,0.479034650128084,-0.738567827458481
31899,0.044357556963732,0.0224484292840771,-0.121243494673128
31910,0.296346231630039,0.176890926250506,-0.398975066576589
31911,0.484697316974518,0.49177565053256,0.99973839725713
31920,0.307536739921801,0.194485641094782,0.848900787966689
31923,0.321963057840097,0.201159498449508,0.998739838150164
31927,0.327760550087636,0.203923419172172,0.965195428833019
31928,0.324120264257786,0.197654038020763,0.99395708570672
31930,0.168262100579749,0.096804637993798,-0.204837157161146
31946,0.326951597681003,0.199474180935688,0.927605810884694
31970,0.437912902790886,0.349197788863422,1
31971,0.437912902790886,0.349197788863422,-0.333014497188884
31982,0.299986517459889,0.179385196170959,0.998135989215711
31986,0.463394903599838,0.466967776729136,-0.448505074677881
31988,0.434811918565458,0.345490090333019,0.998280857675545
31994,0.477281919913712,0.427935823109074,0.550082830032375
31997,0.323715788054469,0.199339355534583,0.998071917125655
32001,0.47579884050155,0.428407712012943,0.996246302969633
32007,0.356208709720911,0.227720102467305,0.999417904848512
32011,0.353242550896589,0.230551435890522,-0.226512551924686
32014,0.381016583524336,0.25158419846299,0.925000826504264
32022,0.380746932722125,0.252527976270729,0.632130286611473
32027,0.223136038829716,0.127072940541998,0.472711444600333
32028,0.474450586490495,0.397802345961979,0.993337971440524
32033,0.261561278144802,0.160307401914521,0.475975755186421
32040,0.225967372252932,0.135364702709991,0.523788011416092
32041,0.460428744775516,0.377308884993933,0.698790159680883
32045,0.461102871781044,0.369421599029257,0.978973546760246
32066,0.504651476338142,0.454159363624107,-0.711611178198387
32095,0.495752999865175,0.399015774571929,-0.664372032439575
32102,0.489146555211002,0.400431441283538,-0.672796137170241
32108,0.49588782526628,0.398813536470271,-0.411742694390469
32110,0.495752999865175,0.412767965484697,0.977953860375882
32115,0.481731158150196,0.385802885263584,-0.386313124775475
32126,0.348928138061211,0.214911689362276,-0.412102883495851
32129,0.496831603074019,0.399420250775246,0.999708613673668
32149,0.32735607388432,0.203856006471619,-0.398838755447307
32155,0.328165026290953,0.195901307806391,0.897540016374212
32162,0.448024807873803,0.349804503168397,-0.548886203351518
32167,0.467170014830794,0.358702979641364,-0.375268392078862
32175,0.379398678711069,0.245921531616557,-0.445045154305677
32183,0.278549278684104,0.16246460833221,0.999746327052443
32189,0.375758392881219,0.242213833086153,-0.240175638513745
32200,0.454091950923554,0.324389915059997,0.999042960000682
32202,0.260617500337063,0.151745988944317,-0.277413383777703
32205,0.460563570176621,0.329648105703114,1
32209,0.489146555211002,0.412700552784145,-0.72924224800127
32211,0.48982068221653,0.435014156667116,-0.722571035006187
32217,0.513280302008899,0.485169205878388,0.817108639533826
32223,0.493595793447485,0.391870028313334,-0.616680864373366
32226,0.493056491843063,0.384454631252528,0.999702857313553
32228,0.365511662397196,0.222798975326952,-0.404829031906937
32231,0.262909532155858,0.154105433463665,0.98192300279704
32233,0.269785627612242,0.158756909801807,-0.129115752274817
32235,0.164217338546582,0.0891195901307806,-0.138859527151872
32238,0.163003909936632,0.0877039234191722,-0.140096761497765
32239,0.257112039908319,0.150532560334367,0.986456279414573
32244,0.261696103545908,0.153363893757584,-0.169622756294219
32249,0.258325468518269,0.146285560199542,0.497195095595517
32262,0.377915599298908,0.241000404476203,0.998667361738147
32271,0.261561278144802,0.154914385870298,-0.148517396661548
32273,0.377106646892275,0.249764055548065,0.557005202855506
32280,0.217338546582176,0.129162734259134,-0.133270521348974
32284,0.202238101658352,0.114466765538627,1
32287,0.167857624376433,0.0937710664689227,-0.0405936314081507
32290,0.220978832412026,0.134488337602804,0.998070940921474
32312,0.0955912093838479,0.0573682081704193,1
32315,0.508022111365781,0.420655251449373,0.986439865237332
32319,0.506134555750303,0.420250775246056,0.993133601359713
32322,0.168396925980855,0.0924228124578671,0.73885616114477
32330,0.186059053525684,0.105703114466766,0.997893397113726
32335,0.0932991775650533,0.0574356208709721,0.292860714820822
32344,0.499393285695025,0.417014965619523,1
32345,0.499393285695025,0.417014965619523,0.786897021743654
32346,0.422812457867062,0.310637724147229,0.620130671730062
32351,0.173520291222866,0.0953889712821896,-0.163162525527293
32352,0.261561278144802,0.159093973304571,0.999753597626364
32354,0.390724012403937,0.267898071996764,0.68065586310248
32356,0.502494269920453,0.417621679924498,0.364119877071644
32358,0.254280706485102,0.157745719293515,1
32363,0.412565727383039,0.305918835108534,0.99969126088387
32370,0.262370230551436,0.160846703518943,-0.376317548183326
32380,0.442631791829581,0.329985169205878,-0.561008580374446
32386,0.455575030335715,0.372320345153027,-0.469712519693851
32393,0.329648105703114,0.209316435216395,-0.338181583649171
32405,0.312660105163813,0.191249831468249,-0.216033351290056
32412,0.309289470136174,0.189025212350007,-0.360302394083497
32414,0.476472967507078,0.367938519617096,-0.378579417021837
32420,0.477147094512606,0.365579075097748,-0.422814479463824
32423,0.21936092759876,0.13098287717406,-0.0896643579177726
32426,0.498584333288392,0.410273695564244,-0.345132276743827
32436,0.252932452474046,0.150195496831603,0.684430891691386
32451,0.0626938115140893,0.0316165565592558,0.23909453271365
32456,0.148038290413914,0.0852096534987191,-0.0823794462484803
32463,0.360253471754078,0.234461372522583,-0.465529575940229
32473,0.101119050829176,0.0536605096400162,-0.018021646837176
32479,0.115949844950789,0.0651206687339895,-0.111944322041737
32481,0.418228394229473,0.328030200889848,0.999563906152644
32496,0.42105972765269,0.342928407712013,0.999859658854544
32508,0.149116893622759,0.0819738438721855,1
32513,0.247404611028718,0.151880814345423,-0.134078097036941
32515,0.262100579749225,0.164756640151004,0.968821259891747
32522,0.14938654442497,0.0811648914655521,0.510803115205756
32523,0.373870837265741,0.248820277740326,0.963133590597368
32550,0.0244033976001079,0.0128758258055818,1
32553,0.277201024673048,0.164756640151004,0.752508403461276
32556,0.272077659431037,0.162869084535527,0.754869119069655
32561,0.375353916677902,0.250235944451935,0.768592483279787
32568,0.268976675205609,0.159835513010651,0.757403078444194
32571,0.26681946878792,0.158622084400701,0.755848320194874
32575,0.382364837535392,0.256572738303896,0.99628239034518
32584,0.274774167453148,0.164621814749899,-0.125310405767436
32585,0.156397465282459,0.0834569232843467,-0.124283143405556
32587,0.267493595793448,0.158824322502359,0.755103474467186
32590,0.271403532425509,0.165902656060402,0.77982902558673
32591,0.369151948227046,0.248348388836457,0.516865248157614
32593,0.271403532425509,0.165902656060402,0.977107450395132
32602,0.370230551435891,0.243225023594445,-0.00826113575395307
32603,0.0279088580288526,0.0148982068221652,-0.0220788831653048
32608,0.36052312255629,0.235270324929217,0.997196215188942
32621,0.49710125387623,0.456046919239585,0.999455844411778
32631,0.160846703518943,0.0870297964136443,-0.199393524782276
32636,0.396521504651476,0.286571390049885,1
32637,0.396521504651476,0.286571390049885,0.999839996100529
32640,0.155318862073615,0.083996224888769,-0.195487934261538
32642,0.3559390589187,0.2348658487259,0.999071169837953
32643,0.356073884319806,0.234933261426453,-0.370103187212661
32646,0.425104489685857,0.306255898611298,0.962846942206357
32657,0.412296076580828,0.289739786975866,-0.286032367890658
32658,0.248752865039773,0.147027099905622,0.945428148561992
32665,0.425508965889174,0.308615343130646,0.824243619831129
32668,0.480248078738034,0.397195631657004,0.159238432099839
32681,0.509909666981259,0.44964271268707,1
32683,0.514898206822165,0.452271808008629,0.514212918771325
32684,0.302008898476473,0.181205339085884,-0.273641663502304
32687,0.502763920722664,0.41330726708912,0.692971024744865
32690,0.397869758662532,0.261224214642039,1
32692,0.406498584333288,0.265403802076311,0.986017447066842
32693,0.398139409464743,0.261898341647566,0.998382825059771
32708,0.377376297694486,0.282391802615613,0.784369344851414
32719,0.247539436429823,0.14601590939733,0.414634626450488
32726,0.395038425239315,0.288526358365916,1
32738,0.21936092759876,0.125994337333154,0.9890118247931
32759,0.249426992045301,0.146555211001753,-0.235358328398318
32763,0.474180935688284,0.435418632870433,-0.602497740566629
32765,0.442092490225158,0.33996224888769,-0.536750332362583
32770,0.406228933531077,0.284683834434407,-0.476947002538139
32778,0.479843602534718,0.437710664689227,-0.517334271510024
32779,0.377106646892275,0.249764055548065,-0.517576330113523
32781,0.478225697721451,0.437710664689227,0.998668237933679
32796,0.379398678711069,0.251988674666307,-0.369167319010243
32801,0.21477686396117,0.133814210597276,-0.177954600487985
32811,0.262370230551436,0.164352163947688,-0.162488694841384
32812,0.24794391263314,0.145813671295672,0.363111770211322
32824,0.321963057840097,0.199946069839558,-0.155302126988479
32827,0.227180800862883,0.136241067817177,0.303123629435787
32837,0.185115275717945,0.109950114601591,0.40655613677879
32839,0.455844681137926,0.361399487663476,-0.287345125498944
32844,0.364433059188351,0.238303896454092,0.966496671142385
32851,0.447081030066064,0.341782391802616,1
32852,0.447081030066064,0.341782391802616,-0.289642976785676
32854,0.249022515841985,0.146352972900094,-0.108986329936757
32855,0.171228259404072,0.100579749224754,-0.166138223795258
32868,0.497505730079547,0.442901442631792,-0.405862049443931
32871,0.216529594175543,0.123769718214912,-0.256845641247822
32872,0.435486045570986,0.318727248213563,-0.487574575298164
32875,0.216394768774437,0.123567480113253,-0.260849136694191
32881,0.216394768774437,0.123567480113253,0.979977670670938
32885,0.219091276796548,0.129634623163004,-0.267832186594862
32887,0.498853984090603,0.445732776055009,-0.354491072416977
32897,0.47795604691924,0.408588378050425,0.808202730041368
32898,0.436699474180936,0.311244438452204,0.919007751946669
32901,0.436834299582041,0.311851152757179,-0.661234496755544
32904,0.435216394768774,0.312660105163813,0.999206421737746
32905,0.435620870972091,0.312997168666577,0.995074019134894
32911,0.499797761898342,0.464675744910341,-0.607517632689905
32916,0.511797222596737,0.497236079277336,-0.232882094346837
32924,0.41984629904274,0.299582041256573,0.69915066938578
32926,0.498853984090603,0.437912902790886,0.512381802433097
32935,0.228663880275044,0.132128893083457,0.998536716822837
32956,0.356613185924228,0.25448294458676,0.984304544597968
32962,0.417554267223945,0.334164756640151,0.32033566861991
32978,0.393016044222732,0.271470945126062,-0.156770996547345
32981,0.0160442227315626,0.00815693676688689,-0.0702596378811918
32987,0.426587569098018,0.308615343130646,0.996680393716151
32989,0.382364837535392,0.261561278144802,-0.460258679500437
32992,0.427935823109074,0.306458136712957,-0.421658537999546
33018,0.444384522043953,0.342052042604827,0.973841305114268
33026,0.446137252258325,0.341849804503168,0.997927855828368
33027,0.446137252258325,0.342793582310907,0.996302404263297
33029,0.445597950653903,0.342389106107591,0.998075336889389
33035,0.441418363219631,0.349332614264527,0.972050569666142
33040,0.436834299582041,0.329513280302009,0.965735826278879
33044,0.0184710799514629,0.009370365376837,0.124735872080384
33053,0.109343400296616,0.0584468113792639,-0.244365430046598
33059,0.500876365107186,0.476540380207631,0.980634310448144
33062,0.118376702170689,0.0625589861129837,0.364807904491802
33063,0.448159633274909,0.342052042604827,0.748814759571873
33066,0.503438047728192,0.481865983551301,0.553269735614254
33077,0.229068356478361,0.131117702575165,0.931816945766276
33082,0.13051098827019,0.0701092085748956,-0.119495375396897
33085,0.424295537279223,0.308682755831199,0.865083844914868
33096,0.441283537818525,0.331603074019145,0.349411426208623
33097,0.118241876769583,0.0622219226102197,0.361986654500115
33101,0.230281785088311,0.131589591479035,0.99583741905246
33109,0.469057570446272,0.374207900768505,0.676231056924288
33114,0.220709181609815,0.129499797761898,-0.374470363603706
33122,0.484158015370096,0.390656599703384,0.999135705822054
33127,0.229607658082783,0.135432115410543,0.994066748888386
33134,0.50047188890387,0.473237157880545,-0.0503329201099228
33136,0.44842928407712,0.362275852770662,-0.608989951750677
33140,0.233922070918161,0.137184845624916,0.701634308502309
33144,0.412430901981933,0.302211136578131,0.99890689609886
33145,0.41283537818525,0.302683025482001,-0.206058270593297
33148,0.373331535661319,0.247876499932587,-0.384572872756748
33153,0.468653094242955,0.383038964540919,1
33161,0.118511527571795,0.0626263988135365,-0.184442065920904
33169,0.382230012134286,0.26392072266415,-0.228657806556561
33175,0.415666711608467,0.298436025347175,-0.610629857629011
33178,0.412026425778617,0.305244708103007,-0.363156515586043
33180,0.41283537818525,0.297290009437778,-0.168352821814083
33181,0.117702575165161,0.0620870972091142,-0.131689793763758
33187,0.345422677632466,0.232304166104894,-0.38850557881128
33191,0.449777538088176,0.340029661588243,0.354861669418236
33204,0.379533504112175,0.259875960630983,0.644324800117539
33210,0.0342456518808143,0.0176621275448294,-0.102882466231275
33213,0.432519886746663,0.322906835647836,-0.101886458719887
33219,0.439530807604153,0.330861534313065,0.972167454911275
33230,0.494809222057436,0.429014426317918,0.997639624211659
33234,0.501954968316031,0.460630982877174,-0.800309175030503
33236,0.502494269920453,0.432587299447216,0.964505649387927
33237,0.496022650667386,0.429486315221788,0.999860752912215
33249,0.502494269920453,0.467507078333558,-0.804255252298777
33265,0.501820142914925,0.448564109478226,0.997657088591606
33267,0.502089793717136,0.453822300121343,0.999036496791972
33270,0.184845624915734,0.103748146150735,-0.311708654446985
33278,0.301469596872051,0.183901847107995,0.993464894195218
33284,0.50168531751382,0.452945935014157,-0.258076316891651
33296,0.125926924632601,0.0693002561682621,0.99745582666495
33297,0.126601051638129,0.069637319671026,0.394274293330537
33310,0.369421599029257,0.245921531616557,0.584309092939206
33318,0.36901712282594,0.245854118916004,0.998915668710594
33326,0.162329782931104,0.0946474315761089,-0.152141640520473
33329,0.170554132398544,0.0998382095186733,0.96914641328206
33331,0.368342995820413,0.245786706215451,0.725914096208257
33332,0.255494135095052,0.151341512741,-0.146520214161843
33338,0.370365376836996,0.236281515437508,0.534786720994255
33345,0.254550357287313,0.149116893622758,-0.216717750004643
33347,0.469596872050694,0.340366725091007,0.582764783865693
33354,0.250640420655251,0.151745988944317,0.548278294169644
33357,0.351894296885533,0.216529594175543,0.9284311812026
33359,0.479573951732506,0.434205204260483,-0.366379430353277
33361,0.248213563435351,0.149723607927734,0.999483505481984
33363,0.321963057840097,0.193069974383174,-0.217089733838246
33366,0.476607792908184,0.444182283942295,-0.625575264689172
33367,0.436025347175408,0.324255089658892,-0.617754033812859
33411,0.499393285695025,0.477147094512606,0.998243456632105
33413,0.499123634892814,0.477281919913712,0.993503692653102
33416,0.182149116893623,0.0970068760954563,-0.0913504359253472
33417,0.116893622758528,0.0641094782256977,0.608733055159425
33422,0.178913307267089,0.0952541458810841,1
33427,0.117972225967372,0.0642443036268033,-0.0938463081085068
33433,0.18376702170689,0.0980854793043009,0.319614904799649
33435,0.183362545503573,0.0978832412026426,-0.217369330736602
33449,0.182418767695834,0.0968720506943508,-0.220325866728448
33456,0.117702575165161,0.0638398274234866,-0.207192624027357
33467,0.182823243899151,0.097748415801537,0.999206629868654
33469,0.116084670351894,0.0638398274234866,-0.0840278739817412
33479,0.16731832277201,0.0924228124578671,1
33497,0.117972225967372,0.0639746528245921,-0.0839474500527252
33503,0.184036672509101,0.0979506539031954,0.496193355247531
33508,0.183901847107995,0.100310098422543,0.975033640364176
33515,0.117028448159633,0.0636375893218283,-0.0904326495007075
33520,0.183632196305784,0.0974787649993258,0.99719502495922
33522,0.183362545503573,0.0972091141971148,1
33528,0.183227720102467,0.097141701496562,0.993146459621661
33534,0.11743292436295,0.0638398274234866,-0.0911608624999742
33546,0.1816098152892,0.0964675744910342,0.710311375524323
33547,0.273425913442092,0.159228798705676,0.614957394387791
33555,0.182823243899151,0.0973439395982203,1
33559,0.181205339085884,0.0966698125926925,-0.0906722086208113
33562,0.166779021167588,0.0882432250235945,0.893523603451751
33576,0.107186193878927,0.0604691923958474,-0.0704652212921049
33579,0.503977349332614,0.447350680868276,0.336852079844836
33582,0.465686935418633,0.357556963731967,-0.560163697369321
33584,0.469327221248483,0.35061345557503,-0.22451503027023
33593,0.464338681407577,0.371174329243629,0.759951066236527
33597,0.18376702170689,0.0974113522987731,1
33601,0.392611568019415,0.252932452474046,0.44533158024514
33602,0.117028448159633,0.0648510179317784,-0.199823601946305
33603,0.454496427126871,0.360186059053526,-0.374784215543788
33604,0.31306458136713,0.18619387892679,-0.326876952023632
33623,0.18619387892679,0.0994337333153567,0.996471474904832
33636,0.192665498179857,0.106983955777268,-0.12378595184659
33642,0.117163273560739,0.0638398274234866,1
33646,0.0566266684643387,0.0311446676553863,-0.0763123004225226
33650,0.184171497910206,0.0978832412026426,0.945825961530973
33664,0.184306323311312,0.0982203047054065,1
33668,0.117163273560739,0.0637050020223811,1
33670,0.184306323311312,0.0979506539031954,-0.0863319809746505
33671,0.117702575165161,0.0639746528245921,-0.0943059033192329
33672,0.254415531886207,0.140555480652555,0.797235803557993
33675,0.452474046110287,0.314143184575974,0.367365238458757
33676,0.121747337198328,0.0659970338411757,-0.0343072795081262
33680,0.080895240663341,0.0428744775515707,-0.0893247747711452
33681,0.179722259673723,0.096197923688823,-0.0856472811883673
33690,0.170823783200755,0.0921531616556559,1
33696,0.177834704058245,0.0951193204799784,0.996771973954333
33708,0.410543346366455,0.303963866792504,0.998917745688055
33713,0.176890926250506,0.0949170823783201,-0.235259053767989
33714,0.477416745314817,0.362747741674531,-0.235457890907633
33739,0.0459754617769988,0.0240663340973439,-0.0499883858060506
33743,0.176351624646083,0.0942429553727923,-0.0235099736772293
33746,0.0492112714035324,0.0258190643117163,0.508161798836477
33750,0.0473237157880545,0.0256842389106108,1
33752,0.177295402453822,0.0949844950788729,1
33754,0.173789942025078,0.100781987326412,0.959121139145931
33760,0.118107051368478,0.0648510179317784,-0.0910252850537674
33763,0.354995281110961,0.216597006876096,0.603229372434782
33766,0.177565053256033,0.0978158285020898,1
33767,0.177565053256033,0.0978158285020898,0.95095734829818
33777,0.184845624915734,0.0986247809087232,0.988592908264787
33798,0.379263853309964,0.244236214102737,-0.194725626750554
33802,0.264527436969125,0.161925306727787,0.318994397251523
33815,0.177565053256033,0.0951193204799784,1
33819,0.420385600647162,0.293380072805717,0.492084383099862
33822,0.165026290953216,0.0883106377241473,0.549888289732752
33830,0.171228259404072,0.0910071457462586,0.465292970823111
33833,0.109882701901038,0.0588512875825805,-0.0692191738872855
33834,0.152757179452609,0.0819064311716328,0.999544581874886
33848,0.44964271268707,0.308682755831199,-0.186054249489329
33851,0.175947148442767,0.0995685587164622,1
33866,0.365646487798301,0.252797627072941,0.999827133973045
33875,0.164352163947688,0.0883780504247,0.944887702228069
33893,0.178913307267089,0.096197923688823,0.38451520375873
33896,0.178508831063772,0.0959956855871646,-0.158366989549119
33899,0.0508291762167992,0.0273021437238776,-0.0955252655091805
33912,0.176621275448294,0.0943777807738978,0.999592274595732
33927,0.168396925980855,0.0910745584468113,0.999585702559789
33929,0.157610893892409,0.0887825266280167,-0.0689325542442167
33932,0.386139948766348,0.26803289739787,1
33941,0.166239719563166,0.0889173520291223,0.415882495825748
33944,0.182283942294728,0.0972091141971148,0.494927529169723
33956,0.488876904408791,0.455709855736821,0.995184217012856
33958,0.447889982472698,0.356478360523123,0.823985295051818
33961,0.409329917756505,0.293110422003505,-0.255318038249893
33963,0.178104354860456,0.0974113522987731,-0.195875811770646
33966,0.388836456788459,0.269111500606714,0.971715132527695
33971,0.192665498179857,0.106175003370635,-0.112807998570704
33977,0.181340164486989,0.0980854793043009,0.777854237166675
33982,0.178104354860456,0.0947148442766618,-0.217011714613996
33983,0.413913981394095,0.305244708103007,-0.266690615187329
33985,0.177295402453822,0.0939058918700283,-0.206160904034085
33986,0.385330996359714,0.267763246595659,-0.239797699814881
33987,0.245921531616557,0.143049750573008,-0.105287627411635
33992,0.404476203316705,0.289065659970338,-0.530624968539334
34006,0.176621275448294,0.0938384791694755,1
34007,0.176621275448294,0.0938384791694755,1
34015,0.171363084805177,0.0909397330457058,0.957892977732573
34016,0.183632196305784,0.097748415801537,-0.150706801507695
34021,0.180666037481462,0.0997707968181205,0.95590737349647
34033,0.174598894431711,0.0926924632600782,1
34043,0.179587434272617,0.0957260347849535,0.410908012304856
34049,0.179587434272617,0.0981528920048537,0.987223452972025
34053,0.180935688283673,0.0969394633949036,0.997608947348252
34061,0.181205339085884,0.097748415801537,1
34062,0.181205339085884,0.097748415801537,0.97867950162054
34073,0.467978967237428,0.40386948901173,-0.538019197079965
34077,0.285155723338277,0.176553862747742,-0.131417668732912
34082,0.490899285425374,0.467641903734664,0.322541526980783
34092,0.393555345827154,0.262976944856411,-0.411517840999275
34102,0.437238775785358,0.342254280706485,-0.418648166105813
34104,0.183632196305784,0.0990966698125927,1
34106,0.183362545503573,0.102062828636915,1
34110,0.366725091007146,0.251449373061885,0.553187480469135
34113,0.176621275448294,0.0931643521639477,1
34119,0.181879466091412,0.100512336524201,0.996624155936572
34127,0.172980989618444,0.0930969394633949,0.381991624282939
34133,0.488202777403263,0.407644600242686,0.402420680268064
34134,0.180800862882567,0.0978158285020898,0.376810791736094
34135,0.492517190238641,0.428542537414049,0.993380180997611
34139,0.181744640690306,0.0992314952136982,-0.149251988656284
34143,0.158824322502359,0.0906026695429419,1
34144,0.158824322502359,0.0906026695429419,0.566389278307094
34145,0.355130106512067,0.223405689631927,0.606611573456114
34148,0.314547660779291,0.190980180666038,0.998890851635142
34153,0.180935688283673,0.0986921936092759,-0.0562221465083048
34160,0.288526358365916,0.170284481596333,0.722668393546272
34171,0.282863691519482,0.168262100579749,0.536775828552433
34174,0.483618713765673,0.42517190238641,0.385805068109453
34181,0.307806390724012,0.19030605366051,0.657157789811673
34196,0.04745854118916,0.0241337467978967,-0.0708819446371461
34198,0.339085883780504,0.214709451260617,0.985125296658666
34216,0.358770392341917,0.236416340838614,0.861433199735288
34217,0.417284616421734,0.290750977484158,0.988132044896549
34219,0.419711473641634,0.292908183901847,0.971729869735785
34234,0.248483214237562,0.145813671295672,-0.247238806212366
34236,0.423891061075907,0.289065659970338,-0.22428791749223
34238,0.0779290818390185,0.0404476203316705,0.581497474784393
34254,0.478495348523662,0.381083996224889,0.997536976296884
34258,0.479304300930295,0.381218821625994,0.906116825405732
34263,0.464069030605366,0.336389375758393,0.982121623984376
34268,0.44964271268707,0.343602534717541,0.854707333344114
34274,0.405015504921127,0.278144802480787,-0.396918809101828
34278,0.257112039908319,0.154038020763112,0.496502325664373
34287,0.444114871241742,0.309424295537279,-0.107006483904118
34298,0.144937306188486,0.081501954968316,-0.169407180177753
34302,0.49710125387623,0.392948631522179,0.238433913954126
34303,0.0628286369151948,0.0328973978697586,1
34314,0.479978427935823,0.369286773628152,-0.492042294721438
34316,0.441148712417419,0.369691249831468,1
34319,0.37481461507348,0.250505595254146,0.594227936968998
34323,0.156397465282459,0.0895240663340974,-0.0915963188967231
34341,0.374544964271269,0.250640420655251,0.542950115692805
34354,0.279358231090737,0.172037211810705,-0.321679496604062
34355,0.454766077929082,0.329850343804773,0.222560579969845
34371,0.442227315626264,0.315626263988135,0.968758561779474
34381,0.507887285964676,0.479641364433059,-0.444589344802797
34386,0.195227180800863,0.111096130510988,0.322875916914237
34402,0.263853309963597,0.158082782796279,-0.198343548910812
34406,0.280976135904004,0.168396925980855,-0.0567135138330361
34407,0.0133477147094513,0.00680868275583124,-0.0205341702539276
34418,0.414992584602939,0.304300930295268,0.462821347877169
34437,0.509505190777943,0.440407172711339,-0.668502429076133
34441,0.435620870972091,0.374882027774033,-0.713140934696652
34448,0.413105028987461,0.365781313199407,1
34449,0.413105028987461,0.365781313199407,1
34474,0.117567749764056,0.0644465417284616,0.272287955755669
34480,0.0622893353107725,0.0319536200620197,-0.154268146752758
34483,0.338546582176082,0.210395038425239,0.685544429100345
34489,0.488202777403263,0.444856410947823,-0.42025382925214
34503,0.40461102871781,0.264864500471889,-0.122834052556206
34512,0.50047188890387,0.426992045301335,0.996490729315058
34531,0.296346231630039,0.182823243899151,0.904984933971487
34535,0.323176486450047,0.204867196979911,0.549664307577568
34537,0.435620870972091,0.321356343535122,0.730938936106594
34542,0.316570041795874,0.199137117432924,-0.232850436998251
34547,0.231899689901577,0.137656734528785,0.408185283258507
34553,0.457597411352299,0.369421599029257,-0.293146032038265
34555,0.230281785088311,0.136847782122152,0.99972174574103
34565,0.260078198732641,0.152420115949845,-0.209254432178145
34568,0.264257786166914,0.158689497101254,-0.162745218153668
34574,0.0985573682081704,0.0519751921261966,-0.204378205621835
34575,0.467978967237428,0.404678441418363,-0.20271927082888
34582,0.275178643656465,0.168329513280302,0.482103839347797
34603,0.486989348793313,0.380072805716597,-0.555559737932391
34606,0.443440744236214,0.327558311985978,-0.417905086757694
34616,0.377780773897802,0.26803289739787,-0.347568001364223
34647,0.423756235674801,0.316367803694216,-0.134586561559706
34648,0.0823783200755022,0.0421329378454901,-0.0195557777760875
34668,0.473237157880545,0.421868680059323,0.983895021310952
34704,0.074019145206957,0.0382230012134286,-0.215220749122128
34705,0.473911284886073,0.485573682081704,0.998076639340655
34720,0.466900364028583,0.364095995685587,0.996188407826844
34722,0.466765538627477,0.364433059188351,-0.624491033795912
34730,0.455709855736821,0.369151948227046,-0.239176118298391
34740,0.0760415262235405,0.0413913981394095,-0.0253634814094203
34752,0.4140488067952,0.277403262774707,1
34770,0.407037885937711,0.269583389510584,1
34774,0.404206552514494,0.267223944991236,-0.107594964153752
34775,0.0755022246191182,0.0389645409195092,0.991949555776746
34777,0.401914520695699,0.264864500471889,0.976700689682531
34779,0.42348658487259,0.321625994337333,-0.555520117145765
34783,0.404071727113388,0.257314278009977,-0.467877844258684
34798,0.390858837805042,0.25690980180666,0.901245983545997
34808,0.47094512606175,0.360186059053526,0.999252514614611
34811,0.470270999056222,0.36294997977619,0.993627940829693
34825,0.343130645813671,0.221046245112579,0.966054775540897
34830,0.429823378724552,0.295132803020089,0.768547472017874
34834,0.321963057840097,0.197654038020763,0.998923365721378
34848,0.204664958878253,0.120399083187272,1
34849,0.204664958878253,0.120399083187272,0.480213465108429
34851,0.20533908588378,0.120601321288931,-0.20876212166072
34857,0.0794121612511797,0.0407846838344345,0.995707005774866
34858,0.0792773358500742,0.0411217473371983,0.996590523019095
34859,0.0795469866522853,0.0413913981394095,0.999148221800424
34864,0.0884454631252528,0.0470540649858433,0.934466249985041
34871,0.0901981933396252,0.0473911284886073,0.915693527558432
34891,0.0795469866522853,0.0407172711338816,1
34892,0.0795469866522853,0.0407172711338816,0.971357195083561
34893,0.0817041930699744,0.042470001348254,0.886033393799417
34894,0.0988270190103816,0.0531886207361467,0.928497017420289
34898,0.0791425104489686,0.0407846838344345,0.800021970561655
34904,0.0787380342456519,0.040582445732776,0.704463672210467
34908,0.0733450182014291,0.0380207631117703,0.701374150237686
34918,0.138465686935419,0.0759741135229878,-0.150546579497202
34922,0.232573816907105,0.133814210597276,0.972149699938508
34924,0.137387083726574,0.0762437643251989,0.856271668260065
34932,0.0900633679385196,0.047188890386949,-0.106319259447752
34934,0.0304705406498584,0.0157745719293515,-0.0817240584397539
34937,0.420924902251584,0.288661183767022,0.842077503554971
34942,0.386948901172981,0.266684643386814,0.487398748860396
34944,0.136712956721046,0.0759067008224349,1
34947,0.233922070918161,0.139342052042605,0.954569030657357
34951,0.299582041256573,0.186059053525684,0.998899608048716
34959,0.327221248483214,0.212687070244034,0.973739885584093
34967,0.295132803020089,0.188822974248348,0.597186421918612
34969,0.500876365107186,0.410475933665903,0.258699526505125
34974,0.154644735068087,0.0859511932047998,0.722894652040462
34977,0.0920857489551031,0.0484697316974518,0.830804480824997
34981,0.424834838883646,0.301402184171498,0.999677056109864
35008,0.477686396117028,0.378117837400566,0.837328910588512
35018,0.498853984090603,0.420385600647162,0.998300344123612
35020,0.426587569098018,0.306727787515168,0.352100874000186
35022,0.313873533773763,0.190643117163274,0.538874842268594
35027,0.193744101388702,0.11453417823918,-0.178445508265289
35034,0.370365376836996,0.243562087097209,-0.141081309419316
35047,0.103680733450182,0.0564244303626803,-0.137413923487177
35048,0.289874612376972,0.18376702170689,0.860083551329151
35072,0.370500202238102,0.244438452204395,-0.138368808282559
35074,0.369151948227046,0.243359848995551,0.885083546235274
35077,0.4091950923554,0.289267898071997,0.959441135004397
35080,0.393016044222732,0.274032627747067,0.985940936701261
35081,0.396251853849265,0.275515707159229,1
35082,0.396251853849265,0.275515707159229,0.875873428631606
35091,0.420924902251584,0.278279627881893,-0.1497055109363
35105,0.0494809222057436,0.0251449373061885,0.565075835714822
35111,0.0800862882567076,0.0413913981394095,0.998289167515495
35112,0.0803559390589187,0.0415262235405151,0.998289167515495
35116,0.0884454631252528,0.0461102871781044,-0.0119036847636329
35117,0.0693002561682621,0.036537683699609,-0.0373561174452979
35134,0.066199271942834,0.0345827153835783,0.999000417472572
35135,0.0663340973439396,0.0345153026830255,0.984242426021659
35136,0.0668733989483619,0.0351894296885533,0.962741745395285
35142,0.0521774302278549,0.0270324929216664,0.993629488474397
35144,0.0516381286234327,0.0267628421194553,-0.0805659536319449
35161,0.423621410273696,0.312120803559391,0.998609172162118
35164,0.381960361332075,0.258797357422138,-0.114315444508384
35165,0.054334636645544,0.0279762707294055,1
35168,0.359040043144128,0.223068626129163,-0.0777529382331705
35171,0.362545503572873,0.238708372657409,-0.214725573673109
35174,0.423621410273696,0.298233787245517,-0.361603597768308
35183,0.41863287043279,0.291964406094108,-0.12652251879751
35190,0.141836321963058,0.0795469866522853,-0.0669809590159475
35197,0.473237157880545,0.334366994741809,-0.480745681031072
35203,0.342995820412566,0.220709181609815,1
35204,0.342995820412566,0.220709181609815,0.997459711444724
35205,0.34286099501146,0.220641768909262,-0.288443142933468
35213,0.299716866657678,0.187879196440609,0.499250279285384
35214,0.474450586490495,0.412633140083592,0.668176496740508
35223,0.359040043144128,0.238708372657409,-0.398520238370106
35225,0.294997977618983,0.176351624646083,-0.360407031485602
35234,0.505190777942564,0.45955237966833,-0.169844034041057
35243,0.476742618309289,0.438856680598625,-0.265291224954709
35244,0.151948227045975,0.0804233517594715,0.502436752899719
35248,0.483483888364568,0.45786706215451,0.999867704983048
35252,0.0850748280976136,0.0437508426587569,-0.0627897311942448
35257,0.275717945260887,0.159026560604018,0.991187177391137
35258,0.277605500876365,0.160105163812862,0.853165693340927
35260,0.319940676823514,0.199878657139005,-0.414963370541161
35263,0.27288661183767,0.157341243090198,0.98863832775795
35269,0.273560738843198,0.157813131994068,-0.33238232820897
35271,0.503303222327086,0.422205743562087,0.892562266604456
35276,0.0791425104489686,0.0410543346366455,0.686699282327538
35281,0.163947687744371,0.0900633679385197,0.661287522064413
35288,0.253471754078468,0.150195496831603,0.990072214335816
35290,0.30726708911959,0.183834434407442,0.902689372800617
35293,0.512875825805582,0.495483349062963,0.417578452767029
35302,0.113253336928677,0.0617500337063502,0.998296970899603
35303,0.113657813131994,0.0619522718080087,0.999432473291344
35311,0.118781178374006,0.0647836052312256,-0.144693930634392
35313,0.312255628960496,0.198732641229608,0.991910986930546
35317,0.450721315895915,0.338209518673318,1
35337,0.497236079277336,0.43292436294998,0.906442954177247
35339,0.460833220978832,0.363624106781718,0.553420614054346
35341,0.0589187002831333,0.0301334771470945,0.300868625670866
35345,0.356613185924228,0.218754213293785,-0.292769099699285
35348,0.370500202238102,0.238371309154645,-0.247308280320342
35349,0.291896993393555,0.168329513280302,-0.250652083743932
35353,0.297424834838884,0.182418767695834,-0.265380814066161
35355,0.371309154644735,0.23850613455575,-0.26595791260398
35371,0.376432519886747,0.2397195631657,-0.398020599576034
35372,0.414183632196306,0.297424834838884,-0.214515769224288
35374,0.197923688822974,0.10799514628556,-0.1562313145931
35382,0.430767156532291,0.309087232034515,0.466864514451404
35389,0.329513280302009,0.199406768235135,-0.146142418252826
35390,0.130645813671296,0.0719293514898207,-0.153764407528404
35395,0.39031953620062,0.257449103411083,0.541081429402799
35420,0.472023729270595,0.366118376702171,0.623111812428957
35424,0.472697856276122,0.364298233787245,0.544527467911414
35433,0.0885802885263584,0.0452339220709181,-0.155951883913982
35435,0.331400835917487,0.212080355939059,0.689783683565369
35439,0.292571120399083,0.179048132668195,-0.198693481113505
35475,0.177565053256033,0.10024268572199,0.999632042236758
35477,0.135499528111096,0.0743562087097209,-0.115840941844461
35483,0.170014830794122,0.0959282728866119,-0.0820189830153874
35489,0.114736416340839,0.0623567480113253,1
35503,0.115949844950789,0.0629634623163003,-0.121720476979266
35504,0.273560738843198,0.158891735202912,-0.386189621593494
35509,0.21814749898881,0.119455305379534,-0.126625076391105
35526,0.435890521774302,0.310570311446677,-0.227128103161811
35530,0.214372387757854,0.123634892813806,0.99263753522979
35536,0.224753943642982,0.130308750168532,0.789846816753387
35539,0.202642577861669,0.11453417823918,-0.134194469859992
35546,0.433463664554402,0.302750438182554,0.989675994376456
35547,0.437103950384252,0.304705406498584,0.992618827717665
35555,0.124578670621545,0.0682216529594175,-0.0943462232463588
35565,0.299447215855467,0.18208170419307,0.999091205829174
35577,0.410678171767561,0.281245786706215,-0.388283792684876
35578,0.4091950923554,0.316502629095322,1
35579,0.4091950923554,0.316502629095322,0.999261449361871
35583,0.2905487393825,0.17965484697317,0.999098302829635
35595,0.412700552784145,0.284279358231091,-0.31029540642769
35596,0.306592962114062,0.189968990157746,-0.347877435413981
35598,0.187542132937845,0.106175003370635,0.99824460360026
35599,0.187137656734529,0.105972765268977,-0.118387471457914
35600,0.230551435890522,0.129702035863557,-0.274569053133015
35602,0.359983820951867,0.237832007550222,-0.250177518264899
35608,0.318862073614669,0.189497101253876,-0.209348178218075
35610,0.515707159228799,0.412902790885803,-0.65420300901777
35613,0.259134420924902,0.150465147633814,0.467097928226406
35617,0.468383443440744,0.406633409734394,0.757179195675005
35627,0.310772549548335,0.19151948227046,-0.397423397241089
35630,0.302952676284212,0.188148847242821,0.564584111650779
35632,0.227450451665094,0.128016718349737,-0.316340063261388
35633,0.520965349871916,0.430362680328974,-0.421199716731833
35636,0.503438047728192,0.434272616961035,1
35639,0.498988809491708,0.426250505595254,0.983825135062436
35644,0.0308750168531751,0.0159768100310098,0.134652077407277
35647,0.288930834569233,0.173722529324525,-0.241575619100286
35651,0.227989753269516,0.129634623163004,0.996391315387632
35655,0.293649723607928,0.173655116623972,-0.341625710923805
35659,0.301874073075367,0.189227450451665,0.877971052406834
35661,0.32856950249427,0.199204530133477,-0.459282548921863
35663,0.0838613994876635,0.0428744775515707,-0.0712337250933482
35679,0.0643117163273561,0.0328299851692059,-0.0863013051298942
35681,0.135229877308885,0.0720641768909263,-0.181656794810359
35689,0.134690575704463,0.0716597006876095,-0.178975857537232
35690,0.343804772819199,0.218282324389915,-0.301616767814638
35694,0.0803559390589187,0.0427396521504652,0.997579919703223
35699,0.182823243899151,0.102602130241337,-0.102379083775724
35704,0.226237023055144,0.127544829445868,0.976312526437666
35708,0.113118511527572,0.0610084940002696,-0.101945190131934
35713,0.0636375893218282,0.0327625724686531,-0.0653121611242879
35723,0.0647161925306728,0.0334366994741809,-0.056987598897259
35725,0.107051368477821,0.0586490494809222,0.97985775419963
35743,0.401510044492382,0.268707024403398,-0.184226644013878
35749,0.492382364837535,0.446676553862748,-0.232470695058345
35756,0.445597950653903,0.336591613860051,-0.034571989585389
35760,0.0652554941350951,0.0337063502763921,-0.0773395751432953
35764,0.0649858433328839,0.0345153026830255,-0.0416398376470525
35774,0.256572738303896,0.156330052581906,1
35780,0.284886072536066,0.169677767291358,-0.207594814910232
35782,0.367129567210462,0.233719832816503,-0.142073610539975
35785,0.290818390184711,0.172104624511258,-0.0815523639489733
35787,0.51354995281111,0.495550761763516,-0.574420800349804
35788,0.395982203047054,0.262842119455305,-0.206011809682744
35789,0.133611972495618,0.0779964945395712,-0.126247018767294
35792,0.0760415262235405,0.0396386679250371,-0.198890822729967
35797,0.171228259404072,0.0964001617904813,0.995847121252234
35799,0.366725091007146,0.235539975731428,-0.29205575383482
35805,0.375893218282324,0.246191182418768,-0.162318430977496
35814,0.193609275987596,0.110152352703249,0.416809803988502
35820,0.172576513415127,0.096804637993798,-0.210787765970309
35821,0.365646487798301,0.236348928138061,-0.507010556362067
35822,0.497910206282864,0.460900633679385,-0.51008434739119
35827,0.401105568289066,0.283740056626668,-0.372665227239622
35829,0.067143049750573,0.0357287312929756,0.485597342343356
35831,0.134420924902252,0.0738169071052986,-0.0376254236766059
35837,0.366320614803829,0.236955642443036,-0.100271806289402
35838,0.0591883510853445,0.031212080355939,-0.106008429624996
35846,0.397869758662532,0.283605231225563,0.979651981936214
35849,0.407307536739922,0.285492786841041,-0.34164033057636
35859,0.02372927059458,0.0122691115006067,-0.0740350085483428
35865,0.0215720641768909,0.0113253336928677,1
35871,0.31306458136713,0.195496831603074,-0.0627808478095562
35883,0.32978293110422,0.207631117702575,-0.108840070469388
35886,0.275717945260887,0.162936497236079,0.264118952059193
35901,0.310098422542807,0.194148577592018,0.998504286013244
35906,0.225023594445193,0.131252527976271,1
35923,0.466226237023055,0.383038964540919,1
35925,0.45786706215451,0.402588647701227,0.962569808078127
35928,0.346231630039099,0.225293245247405,-0.0986533462447456
35937,0.306727787515168,0.192328434677093,-0.145804628540595
35947,0.311311851152757,0.194350815693677,-0.290486896607057
35951,0.373331535661319,0.258527706619927,-0.295662593086438
35952,0.345557503033572,0.215922879870568,0.996547462855527
35956,0.372522583254685,0.259201833625455,0.985622062365496
35962,0.410273695564244,0.274032627747067,-0.290131889524951
35963,0.326547121477686,0.203586355669408,-0.192420389447591
35985,0.389780234596198,0.258527706619927,-0.31247231072487
35986,0.308750168531751,0.193744101388702,-0.312625571102816
35987,0.389915059997303,0.25859511932048,-0.305220588635632
35992,0.389510583793987,0.256100849400027,0.999457033046456
35999,0.316030740191452,0.198193339625185,-0.287866809426263
36003,0.306458136712957,0.191923958473776,0.956418230113973
36005,0.493865444249697,0.401577457192935,-0.643791738319793
36012,0.291222866388028,0.181744640690306,0.999334293712712
36020,0.392341917217204,0.289874612376972,-0.241972769889601
36023,0.400835917486855,0.276055008763651,-0.191988571926586
36028,0.315761089389241,0.197654038020763,0.998307275200296
36029,0.316570041795874,0.197923688822974,0.998730373792227
36034,0.489281380612107,0.432317648645005,0.932438341402835
36037,0.489011729809896,0.43245247404611,0.970475711325719
36043,0.394903599838209,0.252460563570177,0.998316799117108
36044,0.395038425239315,0.252797627072941,0.994195655399098
36051,0.275043818255359,0.164082513145477,0.760542698950037
36059,0.276257246865309,0.16657678306593,1
36073,0.164756640151004,0.0876365107186194,0.0932778238908975
36081,0.273830389645409,0.16320614803829,1
36082,0.273830389645409,0.16320614803829,0.993817988548593
36087,0.140892544155319,0.0759741135229878,1
36093,0.16610489416206,0.0883106377241473,-0.164079037654166
36108,0.272482135634354,0.162127544829446,0.97328464994276
36113,0.26924632600782,0.16199271942834,0.975334309131777
36126,0.278953754887421,0.166307132263719,0.992004359074245
36136,0.27288661183767,0.167587973574221,0.941174751125672
36142,0.272482135634354,0.16441957664824,0.999030610335682
36143,0.272212484832142,0.164689227450452,0.94700658473811
36144,0.291627342591344,0.176419037346636,0.997670896077179
36149,0.266010516381286,0.164958878252663,0.998816937112071
36162,0.292840771201294,0.176486450047189,0.823682141141331
36164,0.293649723607928,0.176621275448294,0.472733729834013
36169,0.507347984360254,0.491236348928138,0.965033010916068
36172,0.507347984360254,0.485438856680599,-0.939870794269239
36182,0.273965215046515,0.167183497370905,0.998570023309224
36183,0.274234865848726,0.167183497370905,1
36188,0.469327221248483,0.384724282054739,0.999717931743084
36189,0.469057570446272,0.384859107455845,0.98811576454369
36202,0.502224619118242,0.364770122691115,-0.310249941955239
36205,0.501011190508292,0.364702709990562,0.994774972273555
36206,0.501146015909397,0.363421868680059,-0.324477735801474
36208,0.543481191856546,0.499325872994472,-0.39624504805156
36213,0.255224484292841,0.156464877983012,0.293875977022519
36224,0.500067412700553,0.361534313064581,-0.359819750684169
36229,0.496157476068491,0.362141027369556,0.921262114646007
36232,0.218282324389915,0.127747067547526,0.994074345709626
36233,0.216125117972226,0.126938115140893,0.997927383093676
36238,0.500202238101658,0.361332074962923,-0.67505998070515
36259,0.536739921801267,0.473169745179992,0.998975567521364
36266,0.537414048806795,0.472967507078334,1
36267,0.537414048806795,0.472967507078334,-0.38040447977525
36277,0.521504651476338,0.491843063233113,0.812044611189858
36282,0.507347984360254,0.472765268976675,0.999311907911555
36290,0.459619792368882,0.320008089524066,-0.36766359519014
36295,0.419981124443845,0.275650532560334,0.991288198609163
36299,0.221652959417554,0.130780639072401,0.892432462660426
36308,0.31306458136713,0.184036672509101,0.855488550936192
36313,0.500067412700553,0.475866253202103,-0.619142627466031
36317,0.29661588243225,0.17796952945935,-0.350342448544264
36321,0.13415127410004,0.0703114466765539,0.734642520530424
36327,0.473237157880545,0.369960900633679,-0.493086415055923
36342,0.347579884050155,0.215585816367804,0.381773665873788
36347,0.467978967237428,0.373398948361871,1
36350,0.224888769044088,0.122151813401645,0.846353217071634
36357,0.079007685047863,0.0401779695294594,0.999105191440641
36363,0.481191856545773,0.423823648375354,1
36366,0.497505730079547,0.42105972765269,0.985744244008959
36367,0.494809222057436,0.42470001348254,0.981108343472498
36381,0.498045031683969,0.467035189429689,0.254376936246281
36382,0.0791425104489686,0.0402453822300122,0.998209843068169
36383,0.0788728596467574,0.0401105568289065,-0.09957757243529
36386,0.446541728461642,0.391128488607254,0.145716364302945
36389,0.0792773358500742,0.0403127949305649,0.681344082564788
36410,0.328030200889848,0.204058244573278,-0.236796541639204
36412,0.316300390993663,0.194957529998652,-0.444310555557078
36419,0.285425374140488,0.184913037616287,-0.464873942508461
36444,0.0784683834434407,0.0399083187272482,-0.169840729727711
36451,0.448159633274909,0.340029661588243,0.999850107444702
36452,0.448024807873803,0.340097074288796,-0.468999473033064
36463,0.407577187542133,0.280908723203452,-0.401205517659007
36466,0.0767156532290684,0.0393016044222732,-0.229068597861673
36467,0.503842523931509,0.48449507887286,0.650541012507885
36470,0.421464203856006,0.285425374140488,-0.418358218124885
36472,0.403667250910071,0.264257786166914,0.450927532763006
36481,0.1791829580693,0.0978158285020898,0.997306141965995
36487,0.443980045840636,0.322974248348389,0.961303609326563
36488,0.450990966698126,0.33268167722799,0.976300724610487
36491,0.444654172846164,0.329513280302009,0.99678796225609
36494,0.496157476068491,0.435216394768774,0.282755792683043
36497,0.444114871241742,0.330052581906431,0.813910938406794
36498,0.48159633274909,0.420790076850479,0.999589971168007
36500,0.216799244977754,0.127005527841445,-0.365044427980362
36505,0.51017931778347,0.447081030066064,0.997323915469789
36506,0.510314143184576,0.447283268167723,0.99633861557065
36512,0.444923823648375,0.329378454900903,-0.239671906633224
36514,0.222057435620871,0.125589861129837,-0.112635634053921
36516,0.465956586220844,0.344478899824727,-0.312753827659654
36529,0.475664015100445,0.380612107321019,-0.75736622460387
36530,0.503033571524875,0.484090602669543,-0.744569676142885
36553,0.180261561278145,0.0995685587164622,-0.181700008309343
36555,0.477281919913712,0.379937980315491,-0.241484052346306
36559,0.286908453552649,0.176351624646083,-0.177246932506727
36560,0.26803289739787,0.152757179452609,0.995687823201656
36562,0.301334771470945,0.180328973978698,-0.200663389683396
36569,0.287447755157072,0.1767561008494,0.666071003707324
36575,0.357691789133073,0.231292975596602,0.642561462801847
36577,0.398004584063638,0.292571120399083,-0.520280610361329
36582,0.489146555211002,0.488337602804368,1
36588,0.476607792908184,0.392678980719968,-0.308515589246955
36591,0.208574895510314,0.118983416475664,0.998722170151545
36595,0.433598489955508,0.302952676284212,0.54231359847477
36610,0.368477821221518,0.233315356613186,-0.434759218655673
36627,0.466765538627477,0.405285155723338,-0.738061077418424
36631,0.373736011864635,0.238236483753539,0.754790758355544
36638,0.328704327895376,0.223405689631927,0.0596372480318001
36641,0.131185115275718,0.071524875286504,0.40376614712912
36642,0.422677632465957,0.293177834704058,0.824927060013576
36656,0.263314008359175,0.159970338411757,0.628022535413225
36680,0.380612107321019,0.250033706350276,-0.19644114837567
36687,0.487528650397735,0.483214237562357,-0.571685995448747
36693,0.150330322232709,0.081501954968316,-0.136205472040154
36716,0.469327221248483,0.494202507752461,0.524705412007048
36736,0.372118107051368,0.255494135095052,-0.188773393667629
36739,0.40798166374545,0.312255628960496,0.993421501624262
36749,0.465956586220844,0.389780234596198,0.453721008160703
36760,0.42348658487259,0.289672374275313,0.860690180658595
36763,0.374005662666846,0.233787245517055,-0.120810658747131
36766,0.0990966698125927,0.0521100175273022,-0.08114518656992
36767,0.252932452474046,0.147903465012808,-0.176966685282166
36778,0.506404206552515,0.486315221787785,0.884337133910806
36788,0.497775380881758,0.43171093434003,0.604502597932293
36790,0.49103411082648,0.485910745584468,1
36792,0.469327221248483,0.414925171902386,-0.404115344990517
36796,0.506673857354726,0.48523661857894,0.895084036221934
36797,0.498045031683969,0.430497505730079,0.895634716814851
36814,0.241607118781178,0.140353242550897,1
36817,0.472697856276122,0.366320614803829,-0.72313843351675
36821,0.339894836187138,0.203653768369961,-0.244078919177568
36824,0.394094647431576,0.261089389240933,0.6439577025794
36838,0.431441283537819,0.33342321693407,0.737063217248262
36870,0.454631252527976,0.361601725765134,-0.326776873366521
36878,0.292166644195766,0.172778751516786,-0.328755511494087
36880,0.418767695833895,0.297424834838884,-0.448651658307727
36882,0.470540649858433,0.383847916947553,0.741884681912803
36901,0.459215316165566,0.39975731427801,0.937846428200399
36906,0.2905487393825,0.174801132533369,-0.362631902122165
36912,0.471754078468383,0.444047458541189,-0.411584746991912
36916,0.300525819064312,0.181542402588648,0.854723823375678
36923,0.102602130241337,0.0542672239449913,-0.170294958802163
36930,0.4116219495753,0.296548469731697,0.663743220237707
36942,0.288526358365916,0.178913307267089,-0.363397484183585
36945,0.223136038829716,0.137858972630444,-0.222654972089869
36951,0.473776459484967,0.395712552244843,-0.316565333842579
36955,0.347175407846838,0.220237292705946,-0.401532776178666
36956,0.433463664554402,0.344681137926385,0.999856660774489
36961,0.411756774976406,0.303087501685318,0.438500301746459
36963,0.100849400026965,0.0535256842389106,-0.13466081033791
36967,0.369960900633679,0.263314008359175,-0.523480636193737
36973,0.464338681407577,0.443845220439531,0.335531470175415
37001,0.148038290413914,0.0779290818390185,0.981123624879684
37004,0.483214237562357,0.428609950114602,-0.216474256943327
37019,0.148577592018336,0.0779290818390185,-0.0893846069815935
37026,0.299447215855467,0.18450856141297,0.987933455801879
37036,0.298638263448834,0.181272751786437,-0.216143137932997
37040,0.405015504921127,0.283133342321693,0.444545062433114
37045,0.499797761898342,0.450249426992045,0.544452134912229
37049,0.503977349332614,0.4721585546717,0.979122653300741
37054,0.352163947687744,0.224888769044088,-0.252072159445883
37055,0.284211945530538,0.170284481596333,-0.343915234128609
37056,0.448968585681542,0.366725091007146,-0.404772458537138
37057,0.332479439126331,0.211945530537953,0.998396088181157
37063,0.288391532964811,0.171295672104624,0.992583095778185
37068,0.14601590939733,0.0765134151274101,0.990649200686324
37071,0.144667655386275,0.0757044627207766,0.599903429515296
37076,0.137252258325469,0.0717271133881623,-0.114760040430541
37077,0.301739247674262,0.181609815289201,-0.259388173172689
37080,0.497505730079547,0.45786706215451,0.993603085119081
37087,0.432519886746663,0.336254550357287,0.00676271533712961
37088,0.151274100040448,0.0794121612511797,0.933599484046568
37104,0.135229877308885,0.0692328434677093,0.726351713244842
37107,0.134555750303357,0.0686261291627343,0.232080211928128
37121,0.471079951462856,0.380072805716597,0.32713654462745
37122,0.111770257516516,0.0570985573682081,0.520191352694591
37126,0.36537683699609,0.244573277605501,0.999459242220012
37129,0.473237157880545,0.408251314547661,0.674456525412308
37134,0.183901847107995,0.102062828636915,-0.172794463920244
37141,0.358635566940812,0.227585277066199,-0.358329911740804
37147,0.120399083187272,0.0614129702035864,0.450856992599795
37161,0.118241876769583,0.062761224214642,-0.217511634011172
37163,0.180935688283673,0.100579749224754,-0.260932349417949
37165,0.310772549548335,0.188553323446137,-0.12505053191599
37170,0.238640959956856,0.13630848051773,-0.0941681188141521
37172,0.468383443440744,0.369421599029257,-0.476277612712896
37173,0.429553727922341,0.301334771470945,-0.138119600837632
37177,0.499797761898342,0.453620062019685,-0.681765385292992
37188,0.261561278144802,0.166779021167588,-0.155341970089517
37194,0.439530807604153,0.338276931373871,-0.516993743798615
37198,0.431980585142241,0.308076041526224,-0.199664732309517
37210,0.490359983820952,0.389443171093434,0.144738781611581
37213,0.428205473911285,0.303761628690845,-0.627637708364011
37216,0.119320479978428,0.0612781448024808,-0.0800340511628351
37227,0.462451125792099,0.339490359983821,0.963713251071867
37240,0.150060671430498,0.0856815424025886,1
37244,0.441553188620736,0.329715518403667,0.368920007225762
37246,0.118511527571795,0.0620870972091142,1
37255,0.115140892544155,0.063098287717406,-0.14163287837676
37261,0.376162869084536,0.254145881083996,0.583964201366834
37262,0.497505730079547,0.492786841040852,0.977996256773934
37271,0.295537279223406,0.175273021437239,-0.123105469498049
37277,0.506673857354726,0.474315761089389,0.988489195625601
37283,0.486989348793313,0.473911284886072,-0.657349133330406
37322,0.458001887555615,0.356545773223675,0.345494179626567
37323,0.117702575165161,0.0611433194013752,0.987922343914577
37337,0.119185654577322,0.0620196845085614,-0.151701678178772
37352,0.121747337198328,0.0633005258190643,0.998247321665123
37354,0.22664149925846,0.125859511932048,-0.289830132112023
37356,0.252527976270729,0.14527436969125,-0.360820957976131
37361,0.480787380342456,0.42105972765269,1
37369,0.458406363758932,0.346636106242416,0.84915786856465
37388,0.488202777403263,0.420722664149926,-0.597812920273675
37394,0.166779021167588,0.0889173520291223,0.32990661815839
37401,0.486315221787785,0.404813266819469,0.995908068333273
37403,0.366050964001618,0.249898880949171,0.496999928381802
37409,0.417419441822839,0.316974517999191,0.999849749326585
37414,0.136982607523257,0.0757718754213293,0.999529004323639
37422,0.503977349332614,0.426452743696913,-0.674123597468035
37428,0.16003775111231,0.0901307806390724,1
37436,0.164352163947688,0.0878387488202778,0.998273823820542
37455,0.417419441822839,0.29418902521235,1
37460,0.417689092625051,0.294323850613456,-0.206417006627614
37462,0.140353242550897,0.0742213833086154,0.999499085379066
37464,0.394499123634893,0.270999056222192,-0.238311097213339
37465,0.246865309424296,0.144195766482405,-0.121877346695454
37466,0.139274639342052,0.0736820817041931,-0.244926002192518
37478,0.165565592557638,0.0888499393285695,-0.0939061399488571
37485,0.164621814749899,0.0881083996224888,0.65799516124038
37489,0.512741000404476,0.463731967102602,-0.448406446112409
37495,0.233922070918161,0.13340973439396,0.518589212298276
37498,0.232304166104894,0.132600781987326,-0.184235665215599
37500,0.476068491303762,0.420453013347715,-0.214749676289973
37507,0.0848051772954024,0.0438856680598625,0.250297755206101
37512,0.365781313199407,0.269178913307267,0.846061420730185
37524,0.0823783200755022,0.0444249696642848,-0.111477768178809
37529,0.490225158419846,0.434272616961035,0.889240093248873
37539,0.445193474450586,0.367668868814885,0.888304721929634
37542,0.400566266684643,0.276189834164757,0.344535626953513
37543,0.0862882567075637,0.0454361601725766,-0.178220465916133
37544,0.49467439665633,0.415868949710125,0.994638962919255
37546,0.0869623837130915,0.0456383982742349,-0.17526779558365
37560,0.139813940946474,0.0763785897263044,0.692589410806931
37566,0.063098287717406,0.0337063502763921,1
37582,0.197384387218552,0.107321019280032,0.501703677344748
37583,0.443980045840636,0.324187676958339,0.999376594923383
37587,0.147229338007281,0.0811648914655521,0.996874473171401
37599,0.278818929486315,0.165970068760955,0.312272904950359
37600,0.454496427126871,0.353849265201564,0.286974820795182
37607,0.343535122016988,0.226506673857355,0.654490279927587
37610,0.307671565322907,0.190508291762168,-0.118211378979644
37613,0.0895240663340973,0.0477281919913711,0.957486430282526
37624,0.0846703518942969,0.0450316839692598,0.978880094091211
37636,0.487258999595524,0.415531886207361,-0.21790628177884
37637,0.0870972091141971,0.0447620331670486,0.896832456253208
37649,0.514089254415532,0.474652824592153,0.231600881763007
37652,0.51476338142106,0.473237157880545,0.569282839198365
37654,0.268302548200081,0.175273021437239,-0.132857257717302
37656,0.481731158150196,0.413037616286908,-0.240509652063167
37660,0.41863287043279,0.313401644869894,0.99954247644087
37674,0.339760010786032,0.221652959417554,0.672173673533227
37684,0.418498045031684,0.298233787245517,0.320697197555514
37700,0.496022650667386,0.435957934474855,0.999447278376051
37701,0.495752999865175,0.436092759875961,1
37703,0.389240932991776,0.267695833895106,1
37714,0.486045570985574,0.390656599703384,-0.0132381002171179
37716,0.250640420655251,0.165228529054874,1
37717,0.250640420655251,0.165228529054874,-0.111160736439573
37723,0.462855601995416,0.342389106107591,0.901500906682738
37724,0.487663475798841,0.389847647296751,0.901383714086171
37732,0.0931643521639477,0.047795604691924,-0.117208485732771
37743,0.0916812727517864,0.0478630173924768,1
37747,0.356073884319806,0.226978562761224,-0.145960989058726
37750,0.079007685047863,0.0399083187272482,0.994688996799168
37751,0.0787380342456519,0.0403127949305649,-0.11423171719279
37758,0.389915059997303,0.26102197654038,-0.281504451851196
37759,0.262639881353647,0.162329782931104,-0.283662215590039
37770,0.111096130510988,0.0577052716731832,-0.129459501966873
37771,0.321288930834569,0.202305514358905,0.535877194199368
37779,0.0935688283672644,0.0479978427935823,1
37793,0.179452608871511,0.105500876365107,-0.0886229490727631
37800,0.201968450856141,0.115680194148578,-0.0969108172281125
37817,0.475933665902656,0.386948901172981,0.998574749078345
37826,0.502629095321559,0.471484427666172,0.99221283193689
37833,0.465821760819738,0.378117837400566,0.999573948610647
37835,0.513954429014426,0.477416745314817,0.998469791518699
37841,0.111635432115411,0.0581097478764999,-0.103567961428428
37843,0.515033032223271,0.477012269111501,0.226158274013326
37851,0.178913307267089,0.106714304975057,0.958447713259633
37859,0.519347445058649,0.441688014021842,0.866184883346525
37865,0.199946069839558,0.112242146420386,0.402958898733193
37881,0.485910745584468,0.431845759741135,0.99959215701396
37882,0.485506269381151,0.431913172441688,1
37884,0.393555345827154,0.276324659565862,-0.142528393376563
37893,0.38546582176082,0.260550087636511,-0.146642338784382
37917,0.407577187542133,0.274706754752595,-0.400648338278389
37919,0.447755157071592,0.320277740326277,0.998726122768618
37924,0.316570041795874,0.195766482405285,-0.146524545294892
37927,0.388566805986248,0.249022515841985,0.633071780700893
37930,0.105298638263449,0.0556154779560469,-0.157431577864459
37936,0.316165565592558,0.193676688688149,0.998033265537324
37939,0.316570041795874,0.193878926789807,1
37940,0.316570041795874,0.193878926789807,-0.191211114688264
37943,0.253606579479574,0.146352972900094,0.983536531064955
37949,0.248213563435351,0.142712687070244,0.450506580592968
37960,0.434272616961035,0.305986247809087,0.999837639805427
37961,0.434407442362141,0.30605366050964,1
37964,0.0985573682081704,0.0523796683295132,0.931148983780958
37978,0.451530268302548,0.390656599703384,0.274765019554069
37986,0.0957260347849535,0.0529863826344883,1
37992,0.361062424160712,0.232438991506,-0.184599108281905
37995,0.102871781043549,0.0550761763516247,-0.126737084084337
38009,0.0857489551031414,0.0475933665902656,-0.128456531785631
38010,0.332883915329648,0.221720372118107,-0.498374924217924
38015,0.0930295267628421,0.0481326681946879,-0.0911599728992495
38024,0.0884454631252528,0.0457058109747877,0.329393148382675
38025,0.428609950114602,0.313401644869894,0.353889459834221
38047,0.338951058379399,0.221248483214238,0.689562476325862
38051,0.453417823918026,0.349130376162869,0.694564420916078
38058,0.458406363758932,0.343804772819199,0.741648600908958
38060,0.480113253336929,0.398880949170824,0.409996440793537
38065,0.484562491573412,0.398813536470271,-0.438775849083315
38070,0.420655251449373,0.327221248483214,0.387432319118589
38074,0.0942429553727922,0.0504921127140353,0.996551822573471
38077,0.0946474315761089,0.0506943508156936,-0.0785322289870793
38083,0.229742483483888,0.13293784549009,-0.0688088885959132
38087,0.170688957799649,0.0962653363893757,0.996955546683008
38099,0.459889443171093,0.353040312794931,0.996745042885436
38102,0.171228259404072,0.0954563839827424,0.685919534559745
38104,0.198732641229608,0.110691654307672,0.962578843200004
38110,0.507482809761359,0.423891061075907,0.999282028870303
38111,0.507347984360254,0.423688822974248,0.988002446049796
38125,0.186059053525684,0.103950384252393,0.993857968593381
38127,0.184710799514629,0.103545908049076,0.991678158020713
38134,0.168396925980855,0.0924228124578671,0.963636436009671
38140,0.164621814749899,0.0906700822434947,0.881798844225288
38165,0.249696642847512,0.148712417419442,0.95041114016509
38173,0.4721585546717,0.379937980315491,-0.252445211520538
38184,0.308750168531751,0.200080895240663,-0.176684555989865
38186,0.230955912093838,0.135162464608332,1
38190,0.120938384791695,0.0641094782256977,-0.0650723974442608
38193,0.161655655925576,0.0904004314412835,0.999193903357522
38197,0.162329782931104,0.0906026695429419,-0.176398713502064
38198,0.406094108129972,0.29904273965215,0.973631900111686
38206,0.50289874612377,0.485641094782257,0.999049014408434
38217,0.250910071457463,0.146622623702305,-0.246993936048339
38219,0.48402318996899,0.478225697721451,0.999868876528756
38223,0.460428744775516,0.344411487124174,-0.172880039053679
38231,0.414992584602939,0.287447755157072,0.996331951201929
38235,0.158150195496832,0.0872994472158555,1
38240,0.238775785357961,0.140420655251449,0.607056729710269
38251,0.2397195631657,0.140892544155319,-0.123064538243299
38253,0.493730618848591,0.492652015639746,-0.533854749670144
38255,0.299716866657678,0.176014561143319,0.524909950450238
38257,0.499932587299447,0.44721585546717,-0.363775735020641
38268,0.239180261561278,0.140488067952002,0.958131825692037
38269,0.252123500067413,0.150060671430498,0.994773626912401
38271,0.161655655925576,0.0883780504247,-0.133886484034648
38272,0.251179722259674,0.149453957125522,0.947091411968113
38280,0.290144263179183,0.177295402453822,0.477613263129483
38287,0.521504651476338,0.470405824457328,0.448133617397229
38303,0.306458136712957,0.19030605366051,0.51864784292883
38312,0.327625724686531,0.209249022515842,0.999597016310026
38328,0.494135095051908,0.458473776459485,-0.0793796055825909
38332,0.263718484562492,0.153431306458137,-0.159929419275843
38338,0.253876230281785,0.150397734933261,-0.287005270562522
38346,0.22664149925846,0.125320210327626,-0.134327279990913
38349,0.276661723068626,0.155588512875826,-0.265808070044868
38358,0.418902521235001,0.275920183362546,-0.324868210026453
38363,0.253202103276257,0.151139274639342,-0.198273094521899
38365,0.439261156801941,0.32492921666442,-0.284743861204582
38372,0.248078738034246,0.148577592018336,-0.262329218061123
38384,0.431576108938924,0.294256437912903,-0.473531553530475
38391,0.489551031414318,0.417486854523392,0.794319856496705
38402,0.271403532425509,0.154307671565323,0.522094920007621
38407,0.27410004044762,0.155790750977484,0.998665434870437
38414,0.258999595523797,0.158082782796279,0.98962452974559
38415,0.258729944721586,0.157543481191857,1
38421,0.441283537818525,0.34454631252528,0.996208134394417
38424,0.271268707024403,0.152892004853714,-0.172019887883092
38426,0.276796548469732,0.171565322906836,0.997459859083784
38434,0.308884993932857,0.210260213024134,0.755180265137289
38436,0.309019819333962,0.210327625724687,0.997914116815978
38445,0.305918835108534,0.20823783200755,-0.200634831576445
38453,0.370904678441418,0.256505325603344,1
38468,0.307806390724012,0.207294054199811,0.990920460492352
38471,0.306592962114062,0.205743562087097,-0.342298860065818
38478,0.307536739921801,0.206215450990967,-0.346181365807143
38485,0.306188485910746,0.205945800188756,1
38505,0.366725091007146,0.254550357287313,1
38521,0.26924632600782,0.170891195901308,1
38523,0.395712552244843,0.277403262774707,0.995870114862432
38533,0.41526223540515,0.290009437778077,-0.289709174458895
38540,0.386409599568559,0.266010516381286,0.991460668477053
38542,0.388027504381826,0.267628421194553,0.767678965156424
38545,0.272077659431037,0.178508831063772,-0.249062403402803
38556,0.27410004044762,0.177632465956586,0.999132064940105
38559,0.280302008898476,0.165093703653768,-0.239336095054151
38561,0.27410004044762,0.177497640555481,-0.239446619225442
38568,0.453013347714709,0.339085883780504,0.998784088404228
38571,0.263314008359175,0.152959417554267,0.555000821070251
38575,0.283133342321693,0.184710799514629,0.980013429442649
38576,0.274639342052043,0.178576243764325,0.880690550265596
38584,0.452878522313604,0.334164756640151,0.995998488897208
38598,0.38910610759067,0.276257246865309,0.615952272233552
38604,0.324794391263314,0.214574625859512,-0.0541512414404832
38610,0.0795469866522853,0.0428744775515707,0.983981093529922
38616,0.229742483483888,0.137387083726574,0.97513611755545
38617,0.223136038829716,0.136510718619388,-0.086510914390321
38620,0.282459215316166,0.180059323176486,0.993511804200256
38629,0.230821086692733,0.13172441688014,0.988456128816333
38630,0.234191721720372,0.133274908992854,0.999704155995521
38651,0.319266549817986,0.197384387218552,0.996141361025556
38653,0.318187946609141,0.19684508561413,1
38655,0.270864230821087,0.168194687879196,-0.362077291413812
38659,0.478764999325873,0.384859107455845,-0.360162954331352
38669,0.304300930295268,0.188553323446137,-0.252392207976405
38671,0.488876904408791,0.375893218282324,-0.406473206049124
38672,0.347040582445733,0.221518134016449,0.803019158507986
38676,0.273021437238776,0.169542941890252,0.819363990913199
38686,0.0895240663340973,0.0478630173924768,-0.0963526597067685
38687,0.281650262909532,0.17264392611568,0.792548888279031
38688,0.202238101658352,0.115815019549683,-0.188013125352844
38715,0.437373601186464,0.326412296076581,0.760776666473026
38717,0.293919374410139,0.186868005932318,0.911022714484342
38722,0.489955507617635,0.407037885937711,-0.538705699270078
38725,0.107590670082243,0.0566266684643387,1
38729,0.108669273291088,0.057165970068761,-0.173487402406745
38744,0.217743022785493,0.123028178508831,-0.287210049961863
38751,0.493056491843063,0.457664824052852,0.748048382598714
38752,0.429553727922341,0.32155858163678,0.974356615472399
38753,0.440339760010786,0.331400835917487,0.97252919649251
38755,0.428744775515707,0.32034515302683,0.998780737999141
38767,0.505595254145881,0.443440744236214,0.513975864597303
38773,0.447755157071592,0.33632196305784,0.981987398114438
38781,0.225158419846299,0.127140353242551,-0.358890548101476
38795,0.362006201968451,0.228191991371174,-0.248607881648449
38796,0.308884993932857,0.187070244033976,0.993916250656487
38805,0.422003505460429,0.329378454900903,-0.662931709304123
38806,0.466630713226372,0.461305109882702,-0.404939319110416
38813,0.452608871511393,0.34940002696508,1
38815,0.37845490090333,0.243022785492787,0.968416096011773
38816,0.380477281919914,0.248618039638668,-0.605255196254907
38831,0.474315761089389,0.490494809222057,1
38853,0.47579884050155,0.488944317109343,0.564774010671787
38856,0.302548200080895,0.183362545503573,-0.256438254505666
38859,0.374140488067952,0.243427261696104,-0.502786175707988
38866,0.199137117432924,0.113725225832547,-0.281166736509724
38867,0.437912902790886,0.323311311851153,-0.291973110974215
38876,0.208305244708103,0.117904813266819,-0.178741660438678
38883,0.437238775785358,0.303694215990293,-0.327681758987491
38889,0.303491977888634,0.182486180396387,-0.251852271539317
38892,0.379803154914386,0.246663071322637,0.986094655818072
38901,0.208170419306997,0.117972225967372,-0.184594060030192
38902,0.306997438317379,0.186126466226237,0.994367785038882
38908,0.477012269111501,0.489685856815424,0.563824743336025
38913,0.43656464877983,0.321963057840097,-0.689204666242502
38923,0.439126331400836,0.323109073749494,-0.280185132046621
38925,0.446541728461642,0.331535661318592,-0.393367837621689
38926,0.37238775785358,0.238910610759067,0.0060702936365311
38942,0.465956586220844,0.48402318996899,0.793646009248525
38948,0.269111500606714,0.160307401914521,-0.186088180189421
38949,0.246865309424296,0.142712687070244,-0.0924239410025733
38953,0.269515976810031,0.160374814615074,-0.443048418528571
38958,0.26681946878792,0.16320614803829,-0.120113929495606
38964,0.268707024403398,0.159970338411757,-0.112525568198799
38965,0.140083591748685,0.0762437643251989,-0.112715953334844
38968,0.267898071996764,0.159296211406229,-0.108244087330871
38972,0.279358231090737,0.167992449777538,0.975394448476809
38976,0.275852770661993,0.168262100579749,0.993380980492383
38978,0.278009977079682,0.169610354590805,1
38982,0.269111500606714,0.160577052716732,0.966575697743764
38983,0.278144802480787,0.169273291088041,-0.454314392185416
38991,0.255224484292841,0.15471214776864,0.45897691071667
39009,0.27989753269516,0.172711338816233,0.811960492103909
39017,0.270190103815559,0.160307401914521,0.995729265678409
39029,0.270055278414453,0.159161386005123,0.568232203442284
39037,0.45422677632466,0.353849265201564,0.987999509777248
39045,0.295132803020089,0.196777672913577,0.139664372234853
39063,0.267358770392342,0.159835513010651,0.996497036182904
39066,0.264257786166914,0.168127275178644,0.971584385774721
39075,0.455844681137926,0.368680059323176,-0.243964505218191
39082,0.463664554402049,0.349265201563975,0.999394802678973
39085,0.164352163947688,0.0914790346501281,0.517710039826955
39100,0.491438587029796,0.487191586894971,0.335356454461717
39106,0.144128353781853,0.0779964945395712,-0.297691521346557
39110,0.453552649319132,0.324255089658892,0.57201820148893
39129,0.14480248078738,0.079951462855602,-0.139792057561546
39136,0.260887151139275,0.156734528785223,-0.301296108843041
39137,0.450451665093704,0.318929486315222,-0.310736302535567
39140,0.495348523661858,0.41040852096535,-0.704927078997883
39141,0.498719158689497,0.425576378589726,-0.373904082926381
39152,0.454631252527976,0.310637724147229,-0.601412801946825
39175,0.146555211001753,0.0793447485506269,-0.159216903570527
39177,0.379937980315491,0.252393150869624,-0.5569846982998
39180,0.48280976135904,0.394701361736551,0.37417353821672
39184,0.464877983011999,0.369691249831468,0.999855741083465
39199,0.168127275178644,0.0918835108534448,-0.141414984124845
39201,0.467035189429689,0.352838074693272,-0.267165875145898
39204,0.145072131589591,0.0784683834434408,-0.175889763707368
39225,0.388162329782931,0.282931104220035,0.982800345353317
39238,0.364028582985034,0.255224484292841,-0.308096774124021
39242,0.4697316974518,0.366859916408251,-0.438266860766569
39259,0.379533504112175,0.264729675070783,-0.275200070237323
39260,0.297424834838884,0.18498045031684,-0.421673664478351
39280,0.27747067547526,0.166913846568694,0.472202877144121
39281,0.50411217473372,0.460630982877174,0.972266765086236
39286,0.178374005662667,0.099298907914251,0.526815422599051
39340,0.504651476338142,0.459147903465013,0.97920448142162
39355,0.471484427666172,0.400094377780774,0.99986203693007
39358,0.191586894971013,0.108197384387219,-0.150466481951941
39362,0.435081569367669,0.318659835513011,-0.526522750811381
39363,0.470810300660644,0.369556424430363,-0.666154246090568
39372,0.282054739112849,0.167857624376432,0.96668723445847
39378,0.455170554132399,0.343265471214777,-0.249230854227959
39382,0.451125792099231,0.385600647161925,1
39383,0.451125792099231,0.385600647161925,-0.367886435588527
39387,0.284616421733855,0.168733989483619,0.998780809361305
39395,0.231090737494944,0.137791559929891,0.999448046184686
39404,0.244842928407712,0.137926385330996,-0.294967339014201
39412,0.282459215316166,0.167925037076985,0.963834047326306
39415,0.290279088580289,0.173183227720102,0.966041533732625
39419,0.476742618309289,0.421194553053795,0.539870046540253
39420,0.281515437508427,0.167453148173116,-0.230954408292632
39422,0.474315761089389,0.417823918026156,0.544753894877018
39430,0.226371848456249,0.128016718349737,0.951254483618951
39441,0.245651880814345,0.13994876634758,-0.172412698525426
39457,0.250910071457463,0.143926115680194,1
39474,0.496561952271808,0.474652824592153,0.994900514143827
39489,0.308750168531751,0.185789402723473,0.955098856476021
39500,0.307806390724012,0.184643386814076,-0.159913724145143
39505,0.433194013752191,0.340906026695429,1
39506,0.433194013752191,0.340906026695429,-0.718833526803352
39507,0.491438587029796,0.493258729944722,-0.418065664531805
39513,0.248348388836457,0.141297020358636,-0.160845300898402
39516,0.323446137252258,0.199204530133477,-0.170838957293738
39520,0.326007819873264,0.200350546042874,0.970014541597718
39542,0.311446676553863,0.190103815558851,0.970107973369661
39548,0.30969394633949,0.191789133072671,-0.15991940933428
39553,0.292840771201294,0.182823243899151,1
39554,0.292840771201294,0.182823243899151,-0.303789745606769
39557,0.489551031414318,0.491640825131455,0.675110213917538
39575,0.420250775246056,0.296143993528381,-0.316952858354379
39577,0.421733854658218,0.29418902521235,0.98505881407027
39581,0.271808008628826,0.158015370095726,1
39587,0.279493056491843,0.161318592422812,0.99302747966743
39589,0.136712956721046,0.0742887960091682,-0.124320332261073
39591,0.136712956721046,0.0742887960091682,-0.125207053356729
39594,0.289200485371444,0.167385735472563,0.93552888840071
39600,0.280167183497371,0.160577052716732,0.99401872722806
39609,0.454091950923554,0.404476203316705,-0.236901029006845
39612,0.276526897667521,0.157678306592962,-0.123895897425456
39616,0.487124174194418,0.483011999460698,0.284483425291188
39633,0.0945126061750034,0.0488742079007685,0.422828158263974
39635,0.108129971686666,0.0566266684643387,0.812916340710022
39655,0.484562491573412,0.404071727113388,-0.436390356180332
39662,0.218417149791021,0.134420924902252,1
39663,0.218417149791021,0.134420924902252,0.999727142882253
39666,0.0814345422677632,0.0427396521504652,-0.161075183130682
39669,0.483079412161251,0.388229742483484,0.999711222173782
39674,0.401240393690171,0.296346231630039,0.998909825172513
39679,0.357691789133073,0.255966023998921,1
39681,0.402049346096805,0.294863152217878,-0.392522301329634
39686,0.197654038020763,0.117163273560739,-0.165616541443276
39711,0.375488742079008,0.250168531751382,-0.3374425087387
39716,0.273560738843198,0.15349871915869,-0.180522514532159
39721,0.364837535391668,0.235135499528111,0.71964456783488
39727,0.0679520021572064,0.0354590804907644,-0.116851136580717
39733,0.459350141566671,0.361129836861265,-0.608878318818644
39740,0.363489281380612,0.234191721720372,-0.348024122500804
39746,0.0679520021572064,0.0355939058918701,-0.132189631678143
39755,0.308615343130646,0.184373736011865,-0.187975860856928
39764,0.491438587029796,0.461709586086019,-0.522912965446474
39765,0.356478360523123,0.238910610759067,-0.500606300553429
39778,0.371848456249157,0.239854388566806,0.996043244937712
39781,0.369151948227046,0.238371309154645,-0.366148598950423
39782,0.425374140488068,0.296683295132803,-0.364674221401928
39801,0.278818929486315,0.167587973574221,0.758561047051183
39811,0.491303761628691,0.439126331400836,0.994027381620454
39812,0.490225158419846,0.436160172576513,0.994027381620454
39816,0.47579884050155,0.348591074558447,0.75649637614833
39821,0.317378994202508,0.190238640959957,0.685455098655291
39822,0.186463529729001,0.103343669947418,0.699329335250319
39824,0.137387083726574,0.0752999865174598,0.804995989479787
39837,0.334636645544021,0.197923688822974,0.949306188317517
39839,0.307671565322907,0.183497370904678,0.990285305153143
39844,0.301604422273156,0.178576243764325,1
39851,0.192665498179857,0.106444654172846,0.708575967980979
39854,0.192395847377646,0.106444654172846,0.982082267170737
39867,0.108804098692194,0.0601995415936363,-0.109938471112713
39868,0.205473911284886,0.115140892544155,-0.0744389306146561
39872,0.50775246056357,0.400701092085749,-0.623073213794453
39874,0.508022111365781,0.402318996899016,-0.438936020182319
39877,0.162060132128893,0.0907374949440475,0.998797593296183
39881,0.216125117972226,0.123028178508831,1
39884,0.215855467170015,0.122623702305514,-0.313263487534511
39887,0.508426587569098,0.402116758797357,-0.307923901200189
39896,0.505595254145881,0.403127949305649,0.999852456637665
39899,0.207900768504786,0.11743292436295,0.967668839625867
39908,0.541189160037751,0.462990427396522,0.997619177321043
39912,0.541189160037751,0.463260078198733,0.998364722636464
39919,0.337063502763921,0.20870972091142,1
39921,0.336119724956182,0.208372657408656,0.976071687367162
39926,0.468113792638533,0.407846838344344,0.63029725614452
39937,0.436699474180936,0.288458945665363,0.679038298645659
39941,0.433328839153297,0.283268167722799,0.669335591370866
39954,0.468922745045167,0.39031953620062,-0.732467496878051
39955,0.491843063233113,0.443171093434003,-0.70909312965885
39964,0.523931508696238,0.490629634623163,-0.453564477808818
39966,0.525279762707294,0.492112714035324,-0.449157970681908
39972,0.523931508696238,0.492112714035324,0.997738210954098
39988,0.523796683295133,0.493663206148038,0.859370563587421
39989,0.502224619118242,0.422205743562087,0.861919175519423
39994,0.516785762437643,0.430295267628421,-0.698687638989233
40004,0.240124039369017,0.141499258460294,0.981658671754446
40007,0.408116489146555,0.261089389240933,0.994614643084523
40010,0.408251314547661,0.260887151139275,0.82149862792821
40016,0.427800997707968,0.324592153161656,0.980718140192751
40017,0.431036807334502,0.329985169205878,0.981542422690209
40019,0.429553727922341,0.325603343669947,0.99819657591027
40028,0.456923284346771,0.344950788728596,0.979500183311725
40034,0.222866388027504,0.123837130915464,0.949277845271602
40038,0.176621275448294,0.100444923823648,0.984607797432259
40049,0.163273560738843,0.0930969394633949,0.999613736438202
40050,0.163408386139949,0.0931643521639477,-0.15141329282301
40055,0.380612107321019,0.239382499662936,0.960615294981017
40058,0.394633949035998,0.244505864904948,0.941451011849901
40067,0.513280302008899,0.389847647296751,1
40070,0.515437508426588,0.389847647296751,1
40079,0.395173250640421,0.261224214642039,0.96501432556037
40087,0.380477281919914,0.249831468248618,0.68558138775765
40091,0.176890926250506,0.0939733045705811,-0.0753561506165839
40099,0.182149116893623,0.0976810031009843,1
40103,0.178913307267089,0.0951193204799784,-0.111312376025774
40112,0.230686261291627,0.142712687070244,1
40115,0.220709181609815,0.135027639207227,0.69013052706502
40119,0.0895240663340973,0.047188890386949,0.980138068635513
40121,0.244438452204395,0.144330591883511,0.97829335500235
40125,0.23365242011595,0.135566940811649,0.993992844070739
40126,0.235135499528111,0.13630848051773,0.993708675298654
40128,0.232978293110422,0.134960226506674,1
40130,0.197519212619658,0.114264527436969,0.615199407620578
40140,0.445328299851692,0.343198058514224,0.959673402559343
40144,0.437643251988675,0.338276931373871,0.992406415650313
40146,0.439126331400836,0.340366725091007,0.799473339242347
40150,0.441553188620736,0.341445328299852,0.77384452178999
40162,0.444654172846164,0.343804772819199,0.923233864042133
40171,0.416745314817312,0.309761359040043,0.998618548471801
40180,0.504516650937037,0.444384522043953,0.740565747644373
40185,0.419037346636106,0.30969394633949,0.835876681227491
40205,0.432250235944452,0.330457058109748,-0.67268428237998
40211,0.43292436294998,0.330254820008089,0.992966712739888
40215,0.43777807738978,0.330119994606984,0.999698232072027
40217,0.439395982203047,0.331333423216934,1
40220,0.0881758123230417,0.0467844141836322,-0.068959168566051
40223,0.369556424430363,0.262033167048672,0.648587334392339
40234,0.185519751921262,0.103411082647971,0.998909184772908
40245,0.515167857624376,0.480989618444115,-0.643566837895814
40248,0.197114736416341,0.112983686126466,0.99966915538207
40252,0.0875016853175138,0.0463125252797627,-0.209558047948714
40254,0.24309019819334,0.138937575839288,0.414491689149575
40255,0.508831063772415,0.451395442901443,0.412147410302159
40266,0.513280302008899,0.486652285290549,-0.591161781467023
40277,0.0923553997573143,0.0491438587029797,-0.192105500111952
40279,0.504651476338142,0.45011460159094,-0.898665290132517
40282,0.510988270190104,0.489416206013213,1
40283,0.510988270190104,0.489416206013213,0.992947970743632
40285,0.448833760280437,0.408453552649319,-0.819868039533713
40290,0.492921666441958,0.490090333018741,0.861868736068311
40294,0.498045031683969,0.433868140757719,0.996522589541646
40296,0.46851826884185,0.360860186059054,0.916403230337738
40305,0.0834569232843468,0.0445597950653903,0.996128732526608
40316,0.0846703518942969,0.0450316839692598,-0.0576932737690912
40336,0.0848051772954024,0.0450990966698126,-0.084856156478864
40343,0.499797761898342,0.403195362006202,0.998544446067099
40353,0.493056491843063,0.413442092490225,0.999576329157596
40359,0.494944047458541,0.48570850748281,0.998664695434306
40364,0.510583793986787,0.493393555345827,0.993957783912978
40385,0.395442901442632,0.263381421059728,0.99946865749751
40398,0.442766617230686,0.31090737494944,0.994950972760069
40431,0.504381825535931,0.473978697586625,0.99986327789534
40442,0.494539571255224,0.460563570176621,0.929568991348116
40445,0.508426587569098,0.488405015504921,0.999725504038566
40452,0.500067412700553,0.490022920318188,-0.876884586562779
40460,0.506808682755831,0.495955237966833,0.982134036102915
40464,0.281919913711743,0.169947418093569,-0.440079404841404
40470,0.406903060536605,0.291222866388028,0.999517379508442
40478,0.407037885937711,0.288593771066469,0.823013306331213
40488,0.139544290144263,0.0736820817041931,0.29807796785942
40494,0.392611568019415,0.261696103545908,0.963821145130901
40500,0.482540110556829,0.379870567614939,0.999853377858912
40515,0.412970203586356,0.30558177160577,0.999845352295602
40517,0.412970203586356,0.30558177160577,0.999845341674082
40522,0.243359848995551,0.142173385465822,-0.267136878837192
40524,0.24551705541324,0.143521639476877,-0.271150011823104
40526,0.416206013212889,0.286571390049885,0.999832161265582
40528,0.416206013212889,0.286571390049885,0.642976875806357
40532,0.454361601725765,0.361601725765134,-0.735612876886961
40535,0.398813536470271,0.271808008628826,0.628073177912563
40536,0.515572333827693,0.471888903869489,0.997763334089742
40550,0.20992314952137,0.116017257651342,-0.115876170268972
40561,0.505190777942564,0.471147364163408,0.998629287452336
40567,0.502494269920453,0.472765268976675,0.942463765195237
40568,0.495752999865175,0.443642982337872,0.361667678313327
40569,0.163408386139949,0.0919509235539976,-0.0633242620810752
40596,0.312929755966024,0.198934879331266,1
40597,0.312929755966024,0.198934879331266,-0.188201957399842
40605,0.437643251988675,0.325333692867736,0.436795477104942
40619,0.381421059727653,0.255966023998921,1
40621,0.10678171767561,0.0567614938654443,0.994970260538579
40623,0.463260078198733,0.356208709720911,0.805616914611534
40648,0.170284481596333,0.0984899555076176,-0.0708747584287563
40650,0.0802211136578131,0.0455035728731293,1
40653,0.339894836187138,0.205541323985439,-0.121496021218539
40663,0.347310233247944,0.213833086153431,-0.443002226999584
40669,0.401375219091277,0.274437103950384,0.409633971964811
40670,0.105703114466766,0.0573007954698666,1
40672,0.402049346096805,0.274774167453148,0.402329967785196
40673,0.106916543076716,0.0573682081704193,0.315247782393736
40681,0.0670082243494674,0.0360657947957396,0.224240205319268
40694,0.110826479708777,0.0605366050964001,0.991305046289168
40704,0.489685856815424,0.463799379803155,-0.808209515802931
40705,0.489551031414318,0.432722124848321,-0.748418290161462
40707,0.493730618848591,0.462046649588782,-0.795374935045668
40709,0.434407442362141,0.326277470675475,-0.614494901653877
40713,0.062154509909667,0.033099635971417,-0.161666595115144
40740,0.111096130510988,0.05932317648645,-0.202589676729483
40741,0.476472967507078,0.39854388566806,0.584729743753138
40745,0.382499662936497,0.255966023998921,0.424617604838595
40746,0.109343400296616,0.0583119859781582,-0.122999643977726
40753,0.320614803829041,0.200620196845086,0.970290803475225
40755,0.310772549548335,0.191923958473776,0.870929410548151
40763,0.330322232708642,0.208305244708103,1
40764,0.330322232708642,0.208305244708103,0.816342854168042
40766,0.339625185384927,0.216866657678307,0.738596862843307
40781,0.190373466361062,0.111500606714305,0.586651894263449
40787,0.292301469596872,0.19226102197654,0.987743673391165
40798,0.268707024403398,0.162532021032763,0.83784305760151
40801,0.265471214776864,0.159835513010651,0.823126195763637
40803,0.325198867466631,0.211541054334637,0.681317889994117
40806,0.325603343669947,0.211743292436295,-0.255013400841439
40808,0.446541728461642,0.368747472023729,-0.518008815921453
40809,0.408520965349872,0.310233247943913,-0.341537283967559
40813,0.270729405419981,0.164486989348793,0.547713528897381
40823,0.453013347714709,0.34744505864905,0.997771795687938
40825,0.453282998516921,0.34744505864905,-0.193339288303091
40843,0.271403532425509,0.165228529054874,0.976077330280267
40844,0.272482135634354,0.16900364028583,-0.206353519293555
40858,0.457058109747876,0.367534043413779,0.999429819092873
40861,0.44020493460968,0.319873264122961,0.343904443237815
40865,0.398409060266954,0.271336119724956,1
40871,0.451395442901443,0.364028582985034,0.999715948737345
40890,0.42712687070244,0.330591883510853,0.999411211361925
40893,0.0845355264931913,0.0441553188620736,1
40898,0.0827827962788189,0.0432789537548874,0.933732641488516
40902,0.496561952271808,0.453080760415262,-0.287876546227925
40909,0.49588782526628,0.456249157341243,0.978215836580646
40910,0.499932587299447,0.464069030605366,-0.21497504136737
40912,0.499662936497236,0.408520965349872,-0.170577262315655
40916,0.510044492382365,0.493258729944722,-0.261369867325246
40923,0.402588647701227,0.312525279762707,-0.632942203113863
40930,0.107860320884455,0.056222192261022,1
40945,0.50532560334367,0.440879061615208,0.998738795825079
40947,0.505864904948092,0.432519886746663,1
40950,0.446272077659431,0.374005662666846,0.902694292568797
40964,0.356613185924228,0.234798436025347,-0.20108849811971
40965,0.196440609410813,0.107388431980585,0.357880599592019
40966,0.525953889712822,0.447283268167723,0.358488107458201
40968,0.527167318322772,0.447620331670487,0.498222046798069
40972,0.357287312929756,0.24187676958339,0.937656006921234
40973,0.358096265336389,0.236753404341378,0.864106572407276
40982,0.362141027369556,0.240798166374545,-0.426726098821005
40989,0.444114871241742,0.327490899285425,0.989812456773416
40991,0.50411217473372,0.480989618444115,0.999863668243951
40997,0.255898611298369,0.150465147633814,0.551501601649836
41005,0.501415666711608,0.457664824052852,0.967622009960517
41006,0.507078333558042,0.469933935553458,0.966792259280294
41013,0.186463529729001,0.0995685587164622,-0.160610849875945
41022,0.342726169610355,0.232304166104894,0.979191824664995
41027,0.343939598220305,0.223877578535796,0.99731741937831
41029,0.355130106512067,0.23607927733585,0.965179521917497
41032,0.355130106512067,0.230416610489416,0.968995261533181
41041,0.280302008898476,0.173587703923419,0.972991157395281
41042,0.268976675205609,0.166172306862613,0.985379014357745
41049,0.170014830794122,0.0982203047054065,0.866303389217097
41056,0.188351085344479,0.108601860590535,0.981353149551935
41057,0.184441148712417,0.107186193878927,-0.17981297106202
41060,0.262774706754753,0.155521100175273,0.584471204681203
41062,0.175407846838344,0.101186463529729,0.992828609911399
41065,0.464338681407577,0.34528785223136,0.579137664299428
41076,0.310368073345018,0.191452069569907,0.70615539404822
41082,0.314008359174869,0.200283133342322,0.531815423368316
41091,0.34407442362141,0.211406228933531,0.831621035232599
41097,0.262100579749225,0.158285020897937,0.813082698877284
41100,0.347310233247944,0.212889308345692,0.989790846637275
41102,0.268572199002292,0.158959147903465,1
41108,0.268707024403398,0.159296211406229,0.995459802759669
41109,0.268976675205609,0.15956586220844,0.996215400519661
41117,0.274504516650937,0.163138735337738,0.979127483095906
41123,0.491573412430902,0.429284077120129,0.995861577550795
41124,0.49103411082648,0.428744775515707,-0.712467927995308
41142,0.384522043953081,0.248752865039773,-0.45766543296762
41148,0.265201563974653,0.161857894027235,0.994902722825128
41151,0.276526897667521,0.167250910071457,0.999519485115052
41157,0.277605500876365,0.167385735472563,1
41160,0.270055278414453,0.163071322637185,0.982518465819014
41161,0.278009977079682,0.167857624376432,0.999279541412119
41163,0.466361062424161,0.362343265471215,-0.417778983274131
41172,0.470001348254011,0.364702709990562,0.985400304114393
41186,0.483618713765673,0.412498314682486,-0.640681109315376
41188,0.470675475259539,0.366522852905487,0.998383349080726
41193,0.471484427666172,0.367466630713226,0.998235133362129
41198,0.471619253067278,0.366994741809357,0.997939289384601
41200,0.49224753943643,0.385128758258056,0.9580649676208
41204,0.471214776863961,0.366792503707699,-0.191472136578365
41209,0.516246460833221,0.469933935553458,-0.725626471920329
41212,0.267493595793448,0.158959147903465,1
41215,0.432115410543346,0.310839962248888,0.998413471328168
41223,0.172441688014022,0.0980854793043009,1
41233,0.35472563030875,0.226034784953485,0.999804650118342
41234,0.354590804907645,0.225967372252933,-0.186553185750041
41235,0.178239180261561,0.101388701631387,0.998554191552575
41242,0.369151948227046,0.242011594984495,0.381591941109345
41246,0.362680328973979,0.238640959956856,0.961371558258195
41247,0.346366455440205,0.225630308750169,0.961371558258195
41249,0.264257786166914,0.159633274908993,0.504503486997683
41265,0.345153026830255,0.231764864500472,-0.282623615166311
41266,0.344209249022516,0.224282054739113,0.537863365009506
41275,0.0814345422677632,0.0432789537548874,0.525493547056319
41296,0.329108804098692,0.209586086018606,0.925738481614879
41304,0.0223810165835243,0.0115949844950789,-0.0639454219026769
41310,0.421599029257112,0.315154375084266,0.996801534737381
41314,0.273021437238776,0.162801671834974,-0.297956245808614
41315,0.421194553053795,0.314143184575974,0.647927698136241
41323,0.117972225967372,0.0608736685991641,-0.17418078945144
41327,0.487393824996629,0.398746123769718,0.992615957585937
41329,0.428475124713496,0.318862073614669,-0.417181951265371
41332,0.425643791290279,0.318120533908588,1
41333,0.425643791290279,0.318120533908588,-0.151326612541429
41335,0.242685721990023,0.144263179182958,-0.217370442650727
41345,0.512875825805582,0.471214776863961,0.998189584667949
41357,0.254550357287313,0.151408925441553,-0.380879457311509
41358,0.507347984360254,0.456855871646218,-0.38166042214591
41365,0.0628286369151948,0.0324929216664419,0.257045231224762
41366,0.430901981933396,0.309019819333962,0.99952232166487
41367,0.430767156532291,0.309087232034515,0.257622049599069
41368,0.0633679385196171,0.0326277470675476,-0.0474630640887138
41369,0.0891195901307806,0.0469866522852905,0.329430292867481
41373,0.0889847647296751,0.0469192395847378,0.999250767221947
41382,0.157745719293515,0.0866927329108804,1
41385,0.332344613725226,0.212147768639612,0.975450721505567
41386,0.341108264797088,0.22057435620871,0.998055780409427
41390,0.257920992314952,0.149453957125522,-0.307779448516848
41391,0.437508426587569,0.362208440070109,-0.41178598792457
41393,0.510583793986787,0.475866253202103,0.996536622608162
41400,0.487663475798841,0.425037076985304,1
41401,0.487663475798841,0.425037076985304,-0.385695030476312
41407,0.0688957799649454,0.0362006201968451,0.989458719812116
41424,0.148038290413914,0.0800862882567076,0.466761450750852
41427,0.470540649858433,0.436834299582041,-0.86669076202622
41431,0.491168936227585,0.48934879331266,-0.238127895993869
41442,0.424834838883646,0.325401105568289,0.772743907509253
41443,0.349467439665633,0.226102197654038,0.973806158318803
41466,0.265336389375758,0.158689497101254,0.978899496064716
41475,0.50289874612377,0.47094512606175,0.996463960198872
41480,0.325603343669947,0.211878117837401,0.553323212206684
41486,0.491708237832008,0.428407712012943,0.992956161169839
41495,0.270190103815559,0.162194957529999,0.991874148854141
41497,0.438587029796414,0.299244977753809,-0.2580503535752
41499,0.439665633005258,0.300458406363759,-0.266622743469527
41524,0.262370230551436,0.15545368747472,-0.109193677633917
41527,0.0834569232843468,0.0442901442631792,-0.082006059859997
41529,0.0703788593771067,0.0376162869084535,-0.0629640173496639
41536,0.227180800862883,0.131252527976271,-0.288740934813794
41539,0.419306997438317,0.321693407037886,-0.203999226495793
41542,0.204799784279358,0.121410273695564,-0.116677455074084
41548,0.479304300930295,0.465080221113658,0.932774092883226
41549,0.476338142105973,0.428677362815154,-0.112225921191582
41550,0.241337467978967,0.144532829985169,-0.235821665080529
41561,0.491977888634219,0.49056222192261,-0.770344479551858
41603,0.507482809761359,0.444114871241742,0.999578988790458
41608,0.510718619387893,0.445193474450587,0.989266456515008
41611,0.511797222596737,0.443171093434003,1
41615,0.481461507347984,0.387555615477956,-0.695777048330255
41618,0.504516650937037,0.460159093973305,0.991276543139198
41627,0.493730618848591,0.448159633274909,0.899612314436537
41632,0.460563570176621,0.40339760010786,0.871282807108502
41648,0.517325064042066,0.468181205339086,-0.721335900188346
41650,0.481731158150196,0.379466091411622,0.999853511577225
41656,0.506673857354726,0.456383982742349,0.999861219214722
41658,0.474989888094917,0.387960091681273,-0.703566952088069
41679,0.0906026695429419,0.0512336524201159,0.997401217198683
41684,0.252662801671835,0.142105972765269,-0.0994129867281035
41686,0.466226237023055,0.375758392881219,0.257935069489377
41694,0.44964271268707,0.330389645409195,0.892121827057278
41707,0.0105163812862343,0.00525819064311717,0.981106175570052
41718,0.0978832412026426,0.0546042874477551,0.931559028533821
41719,0.0852096534987192,0.0477281919913711,0.999305454554138
41729,0.420385600647162,0.338681407577188,0.997313044653357
41741,0.468653094242955,0.375893218282324,0.903694425936541
41749,0.452743696912498,0.362545503572873,-0.648980364240593
41753,0.42470001348254,0.347714709451261,0.316678968249802
41754,0.0729405419981124,0.0421329378454901,0.999238977493293
41755,0.073075367399218,0.0422003505460429,0.525261094867341
41760,0.23122556289605,0.140016179048133,0.997855115635347
41764,0.0759067008224349,0.0434811918565458,0.994027064220178
41766,0.0745584468113793,0.0428070648510179,0.974728363529514
41768,0.074019145206957,0.0428070648510179,0.989646204687454
41777,0.476338142105973,0.400498853984091,0.784392102876297
41786,0.191721720372118,0.10920857489551,0.978034840642351
41789,0.191586894971013,0.108871511392746,0.409507869996588
41790,0.477416745314817,0.406970473237158,0.995316883996588
41795,0.478495348523662,0.407779425643791,0.991171124483467
41797,0.190643117163274,0.109613051098827,0.415071806345931
41800,0.477551570715923,0.409464743157611,0.742617568652738
41809,0.251179722259674,0.154038020763112,0.999251269433695
41813,0.179048132668195,0.103276257246865,1
41815,0.179452608871511,0.103478495348524,0.767764085155665
41819,0.083996224888769,0.0479304300930296,0.530015398672442
41827,0.0838613994876635,0.0475933665902656,0.988896292508201
41834,0.0842658756909802,0.0480652554941351,0.939421915103823
41835,0.0776594310368073,0.0444923823648375,0.98754941343164
41836,0.0753673992180127,0.0433463664554402,0.996269662682254
41837,0.0752325738169071,0.0431441283537819,0.987466795167022
41840,0.0769853040312795,0.0441553188620736,0.264396795769128
41841,0.48982068221653,0.46319266549818,0.944614017345316
41868,0.21599029257112,0.131859242281246,0.99804990064778
41900,0.22178778481866,0.135027639207227,0.970333098283797
41901,0.210192800323581,0.128690845355265,0.968764124763849
41908,0.205743562087097,0.124848321423756,0.64801819709926
41917,0.363219630578401,0.253202103276257,0.650732986296612
41920,0.364028582985034,0.254011055682891,-0.121705068236792
41924,0.203586355669408,0.122421464203856,-0.103195901832669
41929,0.205743562087097,0.124713496022651,-0.0781249717520643
41932,0.402318996899016,0.290279088580289,0.59769722340158
41937,0.0695699069704732,0.036537683699609,0.951368249968513
41938,0.0769853040312795,0.0402453822300122,-0.136532506801652
41947,0.0668733989483619,0.0351894296885533,-0.0573670568613487
41948,0.319805851422408,0.19927194283403,0.663613839384577
41950,0.210462451125792,0.125859511932048,-0.188162148432782
41965,0.202642577861669,0.121949575299987,-0.155684430007859
41968,0.448833760280437,0.355467170014831,-0.275082155900877
41969,0.174059592827289,0.103478495348524,0.332005274802154
41976,0.204664958878253,0.126061750033706,0.996305109045433
41984,0.314682486180396,0.192935148982068,0.823140790029599
41987,0.305784009707429,0.197788863421869,0.53328588234355
41993,0.198732641229608,0.121208035593906,0.726850567641757
41996,0.490494809222057,0.476472967507078,0.999867121560123
41999,0.49710125387623,0.483686126466226,0.533303128437414
42001,0.311042200350546,0.19151948227046,-0.0507458728996811
42004,0.493595793447485,0.479236888229743,0.496658529305735
42008,0.338411756774976,0.224888769044088,0.557144749653761
42014,0.368612646622624,0.249966293649724,0.995585646690206
42024,0.203721181070514,0.118578940272347,0.997484022422967
42032,0.333692867736282,0.217945260887151,0.462946502880212
42052,0.314143184575974,0.194013752190913,1
42058,0.447889982472698,0.324794391263314,-0.591094002486067
42072,0.496831603074019,0.474248348388836,0.896096464162253
42083,0.477147094512606,0.418969933935553,-0.503701659316079
42087,0.479978427935823,0.418093568828367,0.998496221738412
42088,0.48038290413914,0.418295806930026,0.173766982333807
42090,0.310098422542807,0.190643117163274,0.50422121900765
42107,0.378185250101119,0.2627072940542,-0.325429433457257
42108,0.355264931913172,0.236416340838614,0.997430984212038
42115,0.348388836456788,0.230012134286099,-0.311240692706062
42121,0.408790616152083,0.296750707833356,0.98181627079461
42125,0.408925441553189,0.296683295132803,-0.245422855173987
42138,0.221113657813132,0.134016448698935,0.63027312888136
42139,0.412026425778617,0.283942294728327,0.629167090038662
42142,0.409464743157611,0.281987326412296,0.638594837050544
42152,0.184575974113523,0.103478495348524,0.34172713779573
42161,0.0772549548334906,0.0401105568289065,0.99912271632292
42164,0.235000674127006,0.133140083591749,-0.129901104193437
42170,0.468653094242955,0.342456518808143,0.861576860045183
42173,0.296885533234461,0.180531212080356,-0.339497939430361
42174,0.506808682755831,0.408318727248214,-0.508425186209862
42181,0.187946609141162,0.110556828906566,-0.294483092162274
42182,0.483214237562357,0.361062424160712,0.96855632005149
42188,0.182823243899151,0.112983686126466,1
42192,0.475664015100445,0.342726169610355,0.998099176960431
42206,0.487528650397735,0.369556424430363,0.6059599443594
42211,0.227720102467305,0.135432115410543,0.526850996905117
42217,0.445867601456114,0.345355264931913,0.996919643910484
42226,0.120399083187272,0.0666711608467035,0.999475352404312
42245,0.514493730618849,0.43899150599973,1
42247,0.487124174194418,0.368545233922071,0.259569530410232
42251,0.475394364298234,0.356882836726439,0.943012306235685
42258,0.279358231090737,0.16125117972226,-0.348522915309191
42279,0.49224753943643,0.366792503707699,0.999691463947258
42281,0.490494809222057,0.363624106781718,0.881874087664934
42286,0.446137252258325,0.320547391128489,0.899495036338512
42296,0.322367534043414,0.193407037885938,0.99910635894316
42302,0.538357826614534,0.481798570850748,0.652762127958666
42309,0.207900768504786,0.123634892813806,-0.106361051499628
42311,0.523931508696238,0.44600242685722,0.755798578413739
42315,0.526358365916139,0.444923823648375,0.999124377161337
42324,0.260887151139275,0.168059862478091,0.480972813672883
42330,0.210057974922475,0.128893083456923,-0.161201513899984
42372,0.275852770661993,0.156936766886882,0.985925975845648
42374,0.379398678711069,0.252258325468518,0.699950679062129
42386,0.512875825805582,0.448159633274909,0.998445149692876
42402,0.409869219360928,0.280976135904004,0.711406158794971
42463,0.0947822569772145,0.0530537953350412,-0.12271909903184
42465,0.0941081299716867,0.0527167318322772,0.427609800150472
42471,0.511797222596737,0.445463125252798,0.995892094888461
42486,0.406498584333288,0.279964945395713,0.619759500381626
42490,0.411352298773089,0.280773897802346,0.614063062189218
42496,0.419172172037212,0.295739517325064,0.995777273419372
42500,0.268302548200081,0.153970608062559,-0.101776602515461
42503,0.399487663475799,0.287380342456519,0.999839398462378
42504,0.399352838074693,0.287312929755966,0.994534495439407
42516,0.124713496022651,0.0680194148577592,0.968860527868018
42520,0.115949844950789,0.0632331131185115,0.74277974795249
42523,0.164082513145477,0.0916138600512336,-0.0640360353385443
42533,0.493730618848591,0.447889982472698,0.901524199720926
42534,0.477147094512606,0.411015235270325,1
42535,0.477147094512606,0.411015235270325,0.884975776496799
42544,0.50896588917352,0.466698125926925,1
42548,0.111230955912094,0.0606040177969529,1
42549,0.111230955912094,0.0606040177969529,0.978487261580094
42557,0.48523661857894,0.425306727787515,0.945394593061842
42589,0.10920857489551,0.0583793986787111,0.268311313411952
42598,0.493191317244169,0.471214776863961,0.99599103380436
42601,0.498449507887286,0.488405015504921,-0.956278897961114
42603,0.496831603074019,0.481259269246326,0.996371580671395
42605,0.49831468248618,0.482135634353512,0.998390306816848
42607,0.497505730079547,0.482674935957934,0.998120042395414
42608,0.496427126870702,0.48280976135904,0.995049513690859
42614,0.504921127140353,0.488000539301604,0.990223199403531
42624,0.478360523122556,0.424565188081435,0.998245667681809
42634,0.477012269111501,0.4116219495753,0.663079587252201
42646,0.0736146690036403,0.0404476203316705,0.97805923710839
42647,0.0759067008224349,0.0415936362410678,0.984576868491071
42655,0.0748280976135904,0.0421329378454901,0.43952497286445
42676,0.297020358635567,0.17264392611568,0.733991620144931
42690,0.441013887016314,0.339288121882163,0.99837463617568
42697,0.195766482405285,0.116084670351894,0.991548411336492
42705,0.36780369421599,0.243629499797762,-0.31075083637545
42708,0.49710125387623,0.480180666037481,1
42717,0.439800458406364,0.362545503572873,0.995268688276395
42729,0.349062963462316,0.241000404476203,-0.146399846847411
42730,0.0814345422677632,0.0447620331670486,-0.152259531069289
42736,0.359174868545234,0.241472293380073,0.999819526073194
42737,0.359309693946339,0.241539706080626,0.999639037923798
42749,0.499932587299447,0.472697856276122,0.998101882939479
42752,0.498853984090603,0.468653094242955,-0.283835707116331
42756,0.150060671430498,0.0851422407981663,0.999582822495048
42763,0.441822839422947,0.338883645678846,1
42766,0.441822839422947,0.338883645678846,0.860190054675982
42772,0.436699474180936,0.347647296750708,-0.648742968275604
42795,0.323715788054469,0.207159228798706,-0.231312415187928
42816,0.331266010516381,0.212956721046245,0.707947119807827
42817,0.445732776055009,0.363084805177295,-0.101556275833351
42821,0.45786706215451,0.391263314008359,0.411243611101448
42830,0.0984225428070648,0.0519077794256438,-0.130684669903115
42845,0.299851692058784,0.192800323580963,-0.1467023319851
42848,0.1816098152892,0.0968720506943508,0.347809646175704
42849,0.483079412161251,0.435418632870433,0.190405127177983
42850,0.0444923823648375,0.0233247943912633,0.998557267406743
42854,0.433868140757719,0.330726708911959,0.999701556585392
42859,0.0906026695429419,0.0485371443980046,-0.165698973536635
42870,0.445193474450586,0.32856950249427,-0.173088398431054
42883,0.0895240663340973,0.0479978427935823,-0.128365125655224
42889,0.0953215585816368,0.0503572873129298,-0.115176048330855
42892,0.439800458406364,0.3559390589187,0.882990514364164
42905,0.0826479708777134,0.0441553188620736,-0.0983873209082893
42906,0.350546042874478,0.223270864230821,-0.283554940373475
42907,0.329243629499798,0.209114197114736,0.695648744098916
42914,0.415801537009573,0.319940676823514,0.988889225065469
42920,0.0477281919913712,0.0249426992045302,0.993262355149808
42931,0.0471888903869489,0.0248078738034245,-0.0185795937706108
42941,0.322097883241203,0.206889577996495,1
42943,0.32614264527437,0.208911959013078,-0.122009960146682
42951,0.458136712956721,0.350006741270055,-0.0994681803944965
42952,0.0485371443980046,0.0253471754078468,1
42965,0.330322232708642,0.205743562087097,-0.206435952155519
42967,0.199137117432924,0.108601860590535,0.336497322604778
42979,0.489685856815424,0.485506269381151,0.99933866139005
42981,0.328030200889848,0.213091546447351,-0.12628556485686
42982,0.0876365107186194,0.0469192395847378,0.231825815807153
42989,0.199676419037347,0.110219765403802,-0.275537834974424
43005,0.340838613994877,0.230551435890522,0.99581113841138
43006,0.339894836187138,0.231023324794391,0.997640009819563
43010,0.086827558311986,0.0466495887825267,-0.00265143958358918
43013,0.0864230821086693,0.0465821760819738,0.992593834673109
43014,0.0850748280976136,0.045908049076446,-0.0754894707872758
43029,0.194957529998652,0.105837939867871,-0.0325142511612709
43036,0.38425239315087,0.281650262909532,-0.270062123131382
43047,0.331400835917487,0.209383847916948,-0.180169295983735
43052,0.210327625724687,0.123365242011595,0.900787586522035
43065,0.357017662127545,0.236888229742483,0.920111875026758
43079,0.495752999865175,0.406565997033841,0.970309556463138
43087,0.323850613455575,0.209383847916948,-0.12495037142523
43089,0.0473237157880545,0.0248752865039773,-0.13202208218994
43105,0.471484427666172,0.385937710664689,-0.62393324713287
43109,0.478495348523662,0.469529459350142,-0.353970310592786
43118,0.287312929755966,0.178980719967642,-0.351912812921535
43128,0.235000674127006,0.1489146555211,-0.271930722975751
43133,0.198597815828502,0.119657543481192,0.996973760788296
43137,0.260347849534852,0.148105703114467,-0.0837724918331907
43157,0.154914385870298,0.0841984629904274,0.487996566408358
43158,0.40461102871781,0.268909262505056,0.48281249485994
43161,0.462451125792099,0.334232169340704,-0.363492126427068
43169,0.168127275178644,0.0924228124578671,0.814938258428706
43171,0.165161116354321,0.090265606040178,0.902752648547955
43187,0.45665363354456,0.346433868140758,0.99924961372168
43188,0.456788458945665,0.346636106242416,-0.215020253343145
43191,0.447620331670487,0.325198867466631,0.861768609015469
43204,0.362006201968451,0.222124848321424,0.952486329812126
43209,0.361601725765134,0.222192261021977,-0.429252774564614
43216,0.100984225428071,0.0569637319671026,1
43233,0.100175273021437,0.0556154779560469,0.998775310962271
43242,0.402318996899016,0.309828771740596,0.848788107808648
43252,0.487393824996629,0.465215046514763,-0.593437397574692
43257,0.370769853040313,0.254685182688418,0.59893485071016
43264,0.0500202238101658,0.0289200485371444,-0.0691976653891032
43279,0.435890521774302,0.299244977753809,0.954118826153217
43283,0.400161790481327,0.267089119590131,-0.46327683451052
43291,0.436294997977619,0.309559120938385,0.830746081321672
43295,0.409464743157611,0.291964406094108,-0.495936851888564
43298,0.404341377915599,0.257044627207766,-0.0999531802901755
43305,0.0512336524201159,0.0268302548200081,-0.141204405334795
43307,0.482135634353512,0.391802615612781,0.998144475391255
43318,0.492786841040852,0.448092220574356,-0.528627681679041
43337,0.261156801941486,0.1489146555211,0.712781526174585
43342,0.0501550492112714,0.0260213024133746,-0.063671544527007
43343,0.451125792099231,0.303222327086423,0.98671108348142
43346,0.469327221248483,0.349669677767291,0.998470911594
43353,0.368342995820413,0.240798166374545,-0.236609175438426
43367,0.469866522852905,0.42517190238641,0.841343014546981
43368,0.453822300121343,0.342321693407038,0.0437124585820412
43369,0.0458406363758932,0.0244033976001079,-0.143089913848322
43375,0.488472428205474,0.417217203721181,0.929545499497779
43378,0.486045570985574,0.462383713091546,-0.749980005578767
43380,0.487258999595524,0.455979506539032,-0.750136679772878
43384,0.482674935957934,0.429418902521235,1
43397,0.2372927059458,0.155992989079142,-0.380622241766621
43406,0.0682216529594176,0.036537683699609,-0.0912181099743822
43407,0.242281245786706,0.151206687339895,0.998507311298151
43411,0.453822300121343,0.310502898746124,-0.114883241906267
43414,0.40798166374545,0.28232438991506,0.997825127347739
43424,0.106107590670082,0.0592557637858973,0.993066701335431
43433,0.0687609545638398,0.0369421599029257,-0.0847716585017781
43440,0.510988270190104,0.45544020493461,0.688840269205901
43448,0.241472293380073,0.139746528245921,-0.084910661817249
43453,0.181205339085884,0.10071457462586,-0.219628748978175
43455,0.385061345557503,0.242955372792234,0.999039225476876
43456,0.384926520156397,0.243022785492787,0.724604389950672
43459,0.0911419711473642,0.0494809222057435,-0.0363541295813314
43472,0.173520291222866,0.096197923688823,1
43476,0.179857085074828,0.099635971417015,0.965210511707193
43478,0.469057570446272,0.364770122691115,0.174367142999959
43491,0.0732101928003236,0.0391667790211676,0.182048897782203
43507,0.0393690171228259,0.0203586355669408,-0.0548584626095633
43510,0.079951462855602,0.0426722394499124,0.991218761740907
43515,0.0800862882567076,0.0427396521504652,-0.157052235279242
43525,0.060266954294189,0.0313469057570446,-0.163844249058206
43540,0.425104489685857,0.350208979371714,0.794356890364574
43544,0.0883106377241472,0.0503572873129298,-0.050248121139157
43545,0.069030605366051,0.0372118107051368,0.56379589791677
43547,0.48402318996899,0.452743696912498,0.928731797706897
43560,0.395982203047054,0.292368882297425,0.994379296380182
43585,0.337333153566132,0.22542807064851,0.995519619872417
43602,0.421733854658218,0.314547660779291,0.792079282718721
43614,0.322906835647836,0.221181070513685,0.808388278814327
43617,0.42105972765269,0.302615612781448,0.982751725198549
43620,0.444384522043953,0.312120803559391,-0.437318816910306
43623,0.0659296211406229,0.034987191586895,1
43630,0.327895375488742,0.224484292840771,0.999634092964955
43648,0.433868140757719,0.299177565053256,0.99966715877641
43655,0.434946743966563,0.297020358635567,0.87540031659379
43663,0.501415666711608,0.441755426722395,0.996256770063851
43685,0.298368612646623,0.183969259808548,0.87753980948274
43692,0.475529189699339,0.347512471349602,0.987637154417405
43710,0.499258460293919,0.490966698125927,-0.372198655148847
43715,0.162869084535526,0.0864230821086692,-0.194764178920783
43723,0.164082513145477,0.0871646218147499,-0.201454355736588
43725,0.439395982203047,0.303829041391398,0.671039632686948
43735,0.0705136847782122,0.0383578266145341,0.987685150081015
43736,0.0697047323715788,0.0376836996090063,0.998210673907925
43739,0.0702440339760011,0.0372792234056897,-0.200901037555137
43748,0.506404206552515,0.458001887555615,-0.179173918706597
43757,0.511797222596737,0.489685856815424,0.391063566906577
43770,0.194687879196441,0.109613051098827,0.357675864061937
43771,0.503842523931509,0.450923553997573,0.901768731103939
43773,0.491303761628691,0.418498045031684,0.989370232164833
43776,0.488472428205474,0.404273965215047,0.365518543068923
43778,0.159902925711204,0.0892544155318862,-0.225910422074012
43787,0.498449507887286,0.4951462855602,0.161142090277466
43792,0.063098287717406,0.0327625724686531,-0.136757572001457
43799,0.447755157071592,0.349265201563975,0.922005287551597
43808,0.114601590939733,0.0618848591074559,0.400866996643432
43815,0.397869758662532,0.259201833625455,-0.294622170476883
43827,0.117028448159633,0.063098287717406,1
43832,0.503842523931509,0.428407712012943,0.221429620030302
43838,0.324255089658892,0.197856276122422,-0.420057579007109
43839,0.483753539166779,0.403936901712283,-0.643584849533463
43851,0.374949440474585,0.240865579075098,0.844776241515045
43858,0.119455305379533,0.0645813671295672,0.800813220103908
43868,0.0966698125926925,0.0522448429284077,0.559271399916465
43930,0.490764460024269,0.439261156801941,-0.646988776634807
43939,0.0773897802345962,0.0400431441283537,0.995579836127528
43941,0.0755022246191182,0.0390993663206148,0.993707674879979
43942,0.0759067008224349,0.0393016044222732,-0.179336223889802
43946,0.475259538897128,0.370163138735338,-0.177449357509517
43949,0.353242550896589,0.220978832412026,0.996202970880663
43956,0.0746932722124848,0.0385600647161926,-0.0615721085734326
43971,0.262100579749225,0.151139274639342,-0.0891325949526381
43975,0.375219091276797,0.236011864635297,-0.381182769793293
43983,0.370904678441418,0.241000404476203,0.999252996377989
43984,0.371443980045841,0.241270055278414,0.999252996377989
43985,0.370904678441418,0.241000404476203,-0.393842972063062
43992,0.44600242685722,0.363084805177295,0.295681930795418
43997,0.362275852770662,0.228731292975597,-0.114433618924962
44004,0.500606714304975,0.448361871376567,0.197416654855742
44006,0.0764460024268572,0.0395712552244843,0.988395793466469
44007,0.0763111770257516,0.0395038425239315,0.985166437699684
44022,0.42834029931239,0.322165295941755,-0.0999338856433453
44023,0.0776594310368073,0.0403127949305649,-0.109171673248683
44024,0.332883915329648,0.200552784144533,0.997815491482573
44043,0.156936766886881,0.0852096534987191,0.617630145793145
44050,0.0750977484158015,0.0388971282189564,0.302412100548549
44056,0.0821086692732911,0.0442901442631792,0.996913015113801
44074,0.0821086692732911,0.0444249696642848,0.400187998473149
44075,0.352838074693272,0.250573007954699,0.996441278297419
44078,0.318862073614669,0.205002022381017,-0.0750965344143185
44079,0.0838613994876635,0.0451665093703654,-0.0753620009633434
44082,0.0827827962788189,0.0463799379803155,0.990058187641879
44086,0.266010516381286,0.160509640016179,0.838319167571125
44087,0.208979371713631,0.118376702170689,-0.162077301069486
44089,0.208979371713631,0.118241876769583,-0.195034210014817
44092,0.333692867736282,0.22954024538223,0.70533144714832
44094,0.333827693137387,0.229607658082783,-0.110194005847718
44095,0.0756370500202238,0.0394364298233787,0.841774685286639
44096,0.05932317648645,0.0297964136443306,0.203898624287651
44101,0.250640420655251,0.149858433328839,0.968300995866459
44111,0.212484832142376,0.119050829176217,1
44125,0.460698395577727,0.387016313873534,0.700766876161878
44128,0.371578805446946,0.275717945260887,0.999842221800766
44131,0.236214102736956,0.136038829715518,0.236183346676332
44152,0.473911284886073,0.384319805851422,-0.45748159272149
44161,0.231360388297155,0.131050289874612,1
44164,0.23122556289605,0.13098287717406,-0.101134929464153
44166,0.488876904408791,0.445058649049481,0.999459561044414
44170,0.348254011055683,0.21767561008494,0.847356300946512
44173,0.399218012673588,0.271336119724956,-0.448365248302554
44180,0.48402318996899,0.394499123634893,0.898083207598547
44182,0.316030740191452,0.216529594175543,-0.112264781293397
44191,0.0761763516246461,0.0391667790211676,0.319873816813491
44206,0.0757718754213294,0.0389645409195092,0.257056621807625
44211,0.478225697721451,0.389308345692328,0.908574279284076
44212,0.45786706215451,0.3535122016988,-0.15201926172786
44220,0.421868680059323,0.302076311177026,-0.543934201057383
44222,0.424969664284751,0.299177565053256,0.896534701250248
44227,0.432115410543346,0.310839962248888,0.964919073652517
44236,0.236618578940272,0.134488337602804,0.457313492645133
44239,0.459889443171093,0.344950788728596,0.900551516837694
44257,0.471619253067278,0.375488742079008,0.975178782125534
44263,0.44357556963732,0.343804772819199,0.999412484861434
44266,0.464069030605366,0.380207631117703,-0.523940478000258
44273,0.466361062424161,0.357489551031414,0.883719018125502
44274,0.424295537279223,0.304233517594715,0.996337806664418
44283,0.493191317244169,0.403127949305649,0.999281922129969
44284,0.493326142645274,0.403330187407308,0.510424303250449
44290,0.397465282459215,0.259673722529325,-0.169234675257183
44291,0.148038290413914,0.0800862882567076,-0.0319780449752963
44299,0.383847916947553,0.241539706080626,0.997683520168017
44301,0.044357556963732,0.0232573816907106,1
44310,0.377376297694486,0.243427261696104,-0.220845212610331
44313,0.0440879061615208,0.0232573816907106,0.998561849524488
44316,0.512741000404476,0.481528920048537,0.459142148736017
44317,0.279627881892949,0.166374544964271,0.62341946466617
44322,0.256303087501685,0.154846973169745,0.890565629395124
44324,0.0451665093703654,0.0237966832951328,-0.0362135256364933
44330,0.34286099501146,0.219428340299312,0.708659843467175
44336,0.2929755966024,0.175340434137792,-0.163636774261037
44340,0.219900229203182,0.124241607118781,-0.152579779196937
44353,0.213428609950115,0.119792368882297,-0.0476040725412386
44364,0.0439530807604153,0.0230551435890521,-0.0935439318523663
44367,0.456518808143454,0.318996899015775,0.261649597800668
44379,0.50532560334367,0.498449507887286,0.988951515674547
44381,0.221652959417554,0.125792099231495,-0.155123266738286
44383,0.443710395038425,0.318255359309694,0.894057890028237
44388,0.385330996359714,0.249022515841985,0.714086363410988
44398,0.492112714035324,0.436834299582041,-0.517051568630467
44401,0.27531346905757,0.159363624106782,-0.0774018316503008
44403,0.274234865848726,0.158689497101254,-0.246454684499886
44413,0.0442227315626264,0.0231899689901578,-0.0668319319170613
44427,0.496831603074019,0.410071457462586,0.568742646071218
44433,0.26681946878792,0.155655925576379,-0.0444041288335777
44434,0.0442227315626264,0.0231899689901578,-0.0537465873251221
44437,0.355669408116489,0.225293245247405,-0.434032898465416
44443,0.271268707024403,0.158419846299043,-0.236098510662442
44461,0.0440879061615208,0.0231225562896049,0.161551305752
44463,0.043413779155993,0.0227854927868411,-0.106435996943708
44468,0.309963597141702,0.198530403127949,1
44477,0.511123095591209,0.466023998921397,0.429885943197771
44483,0.180800862882567,0.0986247809087232,-0.061848158192991
44498,0.249831468248618,0.144465417284616,0.365756718758931
44508,0.305918835108534,0.187339894836187,0.999777600740056
44514,0.310502898746124,0.186396117028448,0.997040332136023
44517,0.0845355264931913,0.0446946204664959,-0.0806800115756243
44524,0.451260617500337,0.353175138196036,0.546437868765482
44532,0.510718619387893,0.429418902521235,0.251775395205776
44538,0.0448968585681542,0.0235270324929217,-0.135616485196579
44539,0.499123634892814,0.496157476068491,-0.136472071103289
44540,0.044357556963732,0.0233922070918161,0.980285459445742
44541,0.0462451125792099,0.0242011594984495,-0.0572828147514249
44560,0.257516516111635,0.14817311581502,-0.061047019547296
44561,0.044357556963732,0.0233922070918161,-0.0745381939283456
44565,0.217877848186598,0.125522448429284,-0.055573804762622
44570,0.374275313469058,0.239584737764595,1
44573,0.430901981933396,0.307671565322907,0.233817028116884
44580,0.0442227315626264,0.0231899689901578,-0.0662885211879647
44588,0.405824457327761,0.275178643656465,0.918748098554307
44597,0.386139948766348,0.250505595254146,-0.103725080688737
44598,0.0444923823648375,0.0233247943912633,0.346114826816517
44599,0.297020358635567,0.174666307132264,-0.0829908941450333
44615,0.0486719697991101,0.0256842389106108,1
44621,0.494135095051908,0.423688822974248,-0.490348433507114
44632,0.187811783740057,0.102804368342996,0.875936813527712
44642,0.364972360792773,0.239517325064042,-0.461093967156052
44644,0.389915059997303,0.252662801671835,-0.189037819389264
44652,0.43656464877983,0.299582041256573,0.998160637383759
44653,0.435890521774302,0.298840501550492,-0.411273833833221
44658,0.501415666711608,0.418700283133342,-0.510542533685423
44661,0.414183632196306,0.275987596063098,-0.511807697694256
44670,0.228933531077255,0.128893083456923,0.592850706333026
44671,0.426992045301335,0.288728596467575,0.632999170596311
44675,0.255763785897263,0.146352972900094,-0.149376292273785
44690,0.39854388566806,0.257786166913847,0.998346113941991
44691,0.398139409464743,0.257583928812188,0.999816236967721
44693,0.226911150060671,0.130308750168532,0.997918444688605
44710,0.245786706215451,0.140151004449238,-0.387356743820322
44726,0.495752999865175,0.413846568693542,0.47948728062141
44731,0.0451665093703654,0.0236618578940272,0.99571166624154
44732,0.0447620331670487,0.0234596197923689,0.163343416091315
44734,0.235539975731428,0.136106242416071,-0.057760855964453
44738,0.468248618039639,0.353444788998247,-0.274142286880057
44750,0.39975731427801,0.259067008224349,-0.439077521278017
44754,0.453687474720237,0.350748280976136,0.290428952331018
44755,0.285425374140488,0.163610624241607,-0.242038061868075
44769,0.359444519347445,0.239854388566806,-0.12258047590505
44773,0.382904139139814,0.24551705541324,-0.358089905895326
44780,0.0999056222192261,0.0556154779560469,1
44789,0.0912767965484697,0.0492786841040852,-0.130260969565645
44791,0.049346096804638,0.0260213024133746,0.222549262871414
44800,0.0916812727517864,0.0496157476068492,1
44810,0.129432385061346,0.0725360657947958,0.779246372274827
44814,0.0490764460024269,0.0258864770122691,-0.0571343959340617
44817,0.19684508561413,0.110691654307672,-0.0321487254882862
44827,0.0995011460159094,0.0520426048267494,-0.1442957545718
44841,0.133207496292301,0.0736146690036403,0.983247380255867
44849,0.0997707968181205,0.052447081030066,-0.0634932906913193
44854,0.495618174464069,0.473237157880545,0.892960733481083
44857,0.0934340029661588,0.0511662397195631,0.249848762213862
44861,0.491843063233113,0.474315761089389,-0.218254329689648
44873,0.295941755426722,0.181812053390859,0.257200940151165
44897,0.498988809491708,0.466023998921397,0.487427953357256
44902,0.440339760010786,0.330187407307537,-0.558238678984722
44911,0.436025347175408,0.328165026290953,0.276834999607919
44914,0.229472832681677,0.130241337467979,0.771320533132379
44931,0.436160172576513,0.325266280167184,-0.310571976399503
44934,0.420250775246056,0.309761359040043,0.282154873657888
44941,0.247000134825401,0.140622893353108,-0.281880947579133
44957,0.0490764460024269,0.0258864770122691,-0.0346012438108098
44964,0.466900364028583,0.344681137926385,0.23606399499847
44979,0.474989888094917,0.403734663610624,-0.190152911476802
44986,0.394633949035998,0.257314278009977,-0.114249889829546
44988,0.274639342052043,0.157813131994068,-0.234317846354553
44989,0.377780773897802,0.251853849265202,-0.421371408956546
44995,0.136982607523257,0.0763111770257516,0.999535248801252
44998,0.395308076041526,0.259269246326008,0.931626013707252
44999,0.422947283268168,0.285627612242146,0.0367548521596187
45004,0.393150869623837,0.256842389106108,-0.243266277177235
45007,0.050289874612377,0.0266280167183497,1
45008,0.050289874612377,0.0266280167183497,0.987309848725214
45012,0.393016044222732,0.256640151004449,-0.189580922958465
45019,0.516785762437643,0.494067682351355,0.996657265072527
45022,0.0985573682081704,0.0517055413239854,-0.0179853381487791
45023,0.0492112714035324,0.0256842389106108,0.986682548461325
45026,0.168396925980855,0.0935014156667117,-0.133316161924921
45030,0.0492112714035324,0.0256842389106108,-0.0197238079186916
45038,0.0951867331805312,0.0494809222057435,0.309373377167804
45048,0.290009437778077,0.166981259269246,-0.0881163906630541
45055,0.458271538357827,0.346568693541863,0.585766669795209
45067,0.250235944451935,0.143858702979641,1
45076,0.291896993393555,0.17021706889578,-0.113884586543992
45090,0.0477281919913712,0.0245382230012134,0.994461338823906
45092,0.0479978427935823,0.0248078738034245,0.370332248572084
45105,0.288256707563705,0.176890926250506,0.999312442371085
45114,0.401240393690171,0.273965215046515,-0.120386832902974
45116,0.488742079007685,0.436901712282594,-0.198305898942859
45121,0.131994067682351,0.0716597006876095,0.993022955915831
45131,0.132533369286774,0.072468653094243,-0.26662116803122
45136,0.38425239315087,0.26344883376028,-0.589749174422662
45142,0.313738708372657,0.184373736011865,0.986942852328828
45147,0.0471888903869489,0.0242685721990022,0.990649708738106
45155,0.0912767965484697,0.0472563030875017,0.989428244664683
45157,0.311446676553863,0.191586894971013,-0.118356169758156
45158,0.0904678441418363,0.0469866522852905,-0.118356169758156
45197,0.423082108669273,0.304570581097479,0.983992739433002
45204,0.0467844141836322,0.0243359848995551,-0.00418414894447613
45208,0.441418363219631,0.328434677093164,0.945284606537758
45209,0.420655251449373,0.304300930295268,-0.184935491059139
45213,0.0876365107186194,0.0451665093703654,-0.0243856248664399
45217,0.492652015639747,0.428879600916813,-0.177615542287099
45219,0.340568963192665,0.217877848186598,0.999604814367449
45220,0.340838613994877,0.218012673587704,-0.270542464184879
45224,0.41984629904274,0.298233787245517,0.944266557911401
45238,0.0974787649993259,0.0521100175273022,0.296757093031538
45241,0.440070109208575,0.342995820412566,1
45250,0.410947822569772,0.288796009168127,-0.364191004157875
45254,0.301874073075367,0.174261830928947,-0.0697764179436943
45255,0.0467844141836322,0.0242011594984495,-0.0328084443789841
45263,0.44236214102737,0.335917486854523,0.877673149147524
45264,0.408655790750977,0.286571390049885,0.999835351128392
45269,0.302548200080895,0.175407846838344,-0.244959709982564
45271,0.503842523931509,0.433396251853849,-0.558930933500807
45287,0.422542807064851,0.312794930564918,0.974525294077719
45291,0.408655790750977,0.283200755022246,-0.105759480370251
45294,0.0941081299716867,0.0482674935957934,-0.0294187424754959
45298,0.0458406363758932,0.02372927059458,-0.0881343300331466
45313,0.342052042604827,0.207968181205339,0.553686743035252
45324,0.439126331400836,0.3280976135904,-0.307967080718786
45327,0.503168396925981,0.464473506808683,-0.62185652602844
45328,0.42834029931239,0.310839962248888,0.93365925321257
45344,0.0454361601725765,0.0235270324929217,-0.104471401287817
45345,0.401914520695699,0.285897263044358,0.992025115008156
45346,0.403936901712283,0.283807469327221,1
45347,0.403936901712283,0.283807469327221,0.999835339570797
45351,0.0458406363758932,0.02372927059458,0.20570796722805
45361,0.0458406363758932,0.02372927059458,-0.09633111983968
45363,0.45665363354456,0.382297424834839,-0.152049049237857
45364,0.0455709855736821,0.0241337467978967,0.979108325533626
45365,0.0448968585681542,0.0231225562896049,1
45371,0.488472428205474,0.413442092490225,-0.129058328437449
45380,0.248752865039774,0.150397734933261,-0.247292162846058
45382,0.0451665093703654,0.0232573816907106,1
45386,0.336659026560604,0.223338276931374,0.311457639976838
45388,0.0454361601725765,0.0236618578940272,1
45390,0.0466495887825266,0.0244033976001079,-0.147020374220887
45411,0.0864230821086693,0.0448294458676014,0.259970158503408
45413,0.348793312660105,0.232506404206553,-0.0910035419737925
45428,0.177565053256033,0.100512336524201,-0.0767056285911486
45438,0.228798705676149,0.13219630578401,-0.0856796306782812
45442,0.435216394768774,0.369421599029257,0.747289955334533
45443,0.362141027369556,0.241472293380073,0.913026870722583
45449,0.4697316974518,0.471754078468383,-0.511861950602275
45454,0.470136173655117,0.470742887960092,-0.173274822408361
45466,0.305514358905218,0.188216259943373,0.833562255381669
45469,0.47795604691924,0.49177565053256,0.582901056782058
45471,0.053390858837805,0.0281785088310638,-0.0153935793218896
45490,0.459889443171093,0.410206282863692,0.240039346075957
45496,0.345692328434677,0.226911150060671,0.325908437391245
45498,0.0521774302278549,0.0278414453282998,0.99760420516665
45510,0.0529863826344883,0.0282459215316165,-0.103816318737859
45511,0.339085883780504,0.244775515707159,-0.260220763028265
45512,0.28353781852501,0.172509100714575,0.999765540542265
45515,0.246326007819873,0.147161925306728,-0.166020862091401
45546,0.477281919913712,0.453957125522448,-0.209469364917693
45556,0.479304300930295,0.455103141431846,-0.20430859920952
45558,0.468383443440744,0.468248618039639,-0.362928699232594
45568,0.0494809222057436,0.0264931913172441,0.152563565171587
45569,0.462316300390994,0.484629904273965,0.731419875530999
45583,0.306458136712957,0.188014021841715,-0.300393223800701
45592,0.163947687744371,0.0901981933396252,0.990692534671233
45594,0.166509370365377,0.0945800188755561,0.603270523674948
45605,0.369556424430363,0.24962923014696,0.591884941019194
45608,0.460833220978832,0.368073345018201,-0.222793726302955
45618,0.341377915599299,0.222596737225293,-0.322873244374812
45620,0.342726169610355,0.222327086423082,0.996325772794809
45623,0.323580962653364,0.212619657543481,0.999805225570263
45626,0.312120803559391,0.192193609275988,-0.254022059472464
45633,0.420655251449373,0.302548200080895,-0.331679984623568
45635,0.343130645813671,0.222933800728057,0.888207029924364
45636,0.304435755696373,0.184171497910206,-0.234082172125967
45637,0.308884993932857,0.190440879061615,-0.274316588346356
45643,0.30484023189969,0.184373736011865,-0.0715359314302251
45646,0.0525819064311716,0.0280436834299582,-0.119234999556802
45665,0.520965349871916,0.473102332479439,0.491749276920078
45691,0.422677632465957,0.28063907240124,-0.24378425197826
45702,0.121882162599434,0.0647161925306727,-0.0219235911216424
45715,0.505864904948092,0.477012269111501,-0.822243862597711
45724,0.0494809222057436,0.0266280167183497,0.4401849549482
45734,0.355399757314278,0.247269785627612,-0.0798356731413441
45735,0.0478630173924767,0.0256842389106108,-0.101301661491649
45743,0.0488067952002157,0.0275043818255359,-0.0934060517498083
45747,0.144398004584064,0.0782661453417824,-0.169394126018496
45751,0.0485371443980046,0.0273695564244304,-0.0887808616630216
45754,0.392881218821626,0.271268707024403,-0.0965590894894669
45758,0.370095726034785,0.241674531481731,0.999814304047444
45767,0.0486719697991101,0.0275717945260887,-0.0475219860480719
45770,0.358905217743023,0.236888229742483,-0.0681575801920254
45774,0.144128353781853,0.0781313199406768,-0.0498991826900824
45784,0.346636106242416,0.219967641903735,0.712877749178802
45794,0.41040852096535,0.286908453552649,-0.552965445347606
45795,0.467574491034111,0.419576648240529,0.999733877983214
45797,0.108399622488877,0.0583793986787111,0.718432162796135
45802,0.489551031414318,0.484629904273965,-0.579098174158213
45817,0.0488067952002157,0.0275043818255359,0.998843281999335
45827,0.40339760010786,0.266280167183497,0.999821729928409
45846,0.423082108669273,0.292705945800189,0.955083747345321
45847,0.428879600916813,0.299379803154914,0.999671469062207
45849,0.294458676014561,0.183632196305784,1
45858,0.409464743157611,0.27335850074154,0.999824960402461
45861,0.409329917756505,0.273425913442092,0.999650207492308
45862,0.409060266954294,0.273291088040987,0.999475373790435
45863,0.409464743157611,0.273493326142645,0.999650196043337
45872,0.0369421599029257,0.0207631117702575,-0.111970131866106
45886,0.4116219495753,0.290211675879736,-0.614270721258472
45897,0.0788728596467574,0.0432115410543347,0.374459922034412
45898,0.400835917486855,0.27214507213159,0.999827831897757
45906,0.399622488876904,0.271942834029931,0.99965629421367
45917,0.34043413779156,0.212282594040717,1
45933,0.0366725091007146,0.0203586355669408,-0.0694113693180832
45934,0.3510853444789,0.225023594445193,0.961838731713516
45947,0.490629634623163,0.499730349197789,-0.992869417026814
45954,0.455575030335715,0.411419711473642,-0.127717263782197
45959,0.266954294189025,0.156936766886882,-0.0635266345208173
45971,0.166779021167588,0.0951193204799784,0.999620215742482
45980,0.498719158689497,0.435283807469327,0.0746728383496619
45983,0.346636106242416,0.225360657947957,-0.266612178929863
45985,0.455844681137926,0.342658756909802,-0.462661584763993
45990,0.44721585546717,0.337265740865579,-0.102363294670628
45992,0.0930295267628421,0.0492112714035324,-0.154324378487847
46003,0.45908049076446,0.342928407712013,-0.146379078343939
46014,0.126061750033706,0.0658622084400701,-0.159368797251228
46018,0.477416745314817,0.392678980719968,-0.106275205504468
46020,0.0377511123095591,0.0199541593636241,-0.00830419279761933
46022,0.0381555885128758,0.0202912228663881,-0.125122498570732
46026,0.491438587029796,0.401038155588513,-0.202832967748969
46029,0.474720237292706,0.389847647296751,0.999858609176922
46030,0.474855062693812,0.389915059997303,0.982371109368458
46032,0.0942429553727922,0.0500876365107186,-0.133289550480609
46034,0.0943777807738978,0.0500202238101658,0.999295403099969
46040,0.359444519347445,0.250101119050829,0.884184722286287
46042,0.401375219091277,0.282256977214507,-0.0783249291498381
46043,0.0617500337063503,0.0337063502763921,1
46045,0.0617500337063503,0.0337063502763921,-0.178828230770081
46056,0.0380207631117703,0.0199541593636241,-0.0109909768834161
46057,0.0923553997573143,0.0490090333018741,-0.199956423571511
46063,0.0674127005527841,0.0350546042874478,-0.0716527300275438
46066,0.0382904139139814,0.0200889847647296,-0.127041541739084
46068,0.111635432115411,0.0625589861129837,-0.0268366356032455
46070,0.402453822300121,0.271470945126062,-0.0969367273921469
46071,0.0663340973439396,0.0345153026830255,-0.168740427134384
46081,0.0674127005527841,0.0350546042874478,0.305711276986024
46082,0.426183092894701,0.306795200215721,0.303473451308848
46094,0.0674127005527841,0.0353242550896589,1
46095,0.0674127005527841,0.0353242550896589,-0.103418866034406
46111,0.0892544155318862,0.0470540649858433,-0.0133524636629604
46112,0.0668733989483619,0.0349197788863422,-0.181597551532944
46115,0.0892544155318862,0.0470540649858433,-0.227561449386398
46120,0.0675475259538897,0.0351220169880005,1
46121,0.0675475259538897,0.0351220169880005,-0.0413086256142084
46123,0.0679520021572064,0.0353242550896589,-0.190405752963056
46124,0.500741539706081,0.489281380612107,0.162939332218783
46129,0.0897937171363085,0.0473237157880545,-0.227019096883334
46137,0.0893892409329918,0.0471214776863961,-0.227402917064355
46138,0.499662936497236,0.477551570715923,-0.185504908094608
46140,0.0893892409329918,0.0473911284886073,1
46141,0.0893892409329918,0.0473911284886073,0.999260593648049
46142,0.0892544155318862,0.0473237157880545,1
46147,0.487933126601052,0.492180126735877,-0.0669081870525698
46155,0.488876904408791,0.406633409734394,0.876021551736709
46173,0.0667385735472563,0.0351220169880005,-0.0407148921305471
46174,0.0382904139139814,0.0200889847647296,-0.0407037081103399
46182,0.0667385735472563,0.0345827153835783,0.185236309721984
46185,0.49588782526628,0.469192395847378,0.2318424935976
46191,0.0670082243494674,0.0347175407846838,1
46210,0.0523122556289605,0.0281785088310638,-0.0498787934026838
46211,0.0666037481461507,0.0345153026830255,0.187236527676148
46215,0.0551435890521774,0.0283807469327221,-0.125917094100177
46228,0.0670082243494674,0.0347175407846838,-0.168128440997115
46229,0.48280976135904,0.415194822704598,0.996416981416091
46236,0.0670082243494674,0.0347175407846838,-0.183817359223137
46239,0.475529189699339,0.394836187137657,-0.158603258435708
46240,0.0668733989483619,0.034650128084131,0.998994090622688
46241,0.0670082243494674,0.0347175407846838,0.998994090622688
46245,0.467844141836322,0.397060806255899,-0.178292003254737
46262,0.0711878117837401,0.0368073345018202,-0.0454679936332991
46263,0.12687070244034,0.0689631926654982,1
46279,0.0724012403936902,0.0374140488067952,1
46281,0.0725360657947957,0.037481461507348,-0.00191719356291684
46282,0.461237697182149,0.426924632600782,1
46294,0.311042200350546,0.214439800458406,0.394587490732185
46302,0.0910071457462586,0.0533234461372523,0.998786348839384
46307,0.465686935418633,0.412565727383039,-0.582734647002716
46308,0.437373601186464,0.334232169340704,-0.159808669489182
46318,0.0733450182014291,0.038425239315087,0.994577926645921
46322,0.153566131859242,0.0870297964136443,0.745666588334735
46323,0.091816098152892,0.0490090333018741,0.00295634771624968
46339,0.304705406498584,0.224349467439666,-0.185365141892685
46340,0.426183092894701,0.315154375084266,-0.322714260659367
46342,0.0664689227450452,0.0360657947957396,1
46352,0.0736146690036403,0.0380207631117703,0.497608655170975
46354,0.26102197654038,0.164756640151004,0.514909811287338
46369,0.420385600647162,0.308884993932857,0.892286838501642
46379,0.161790481326682,0.0984225428070649,0.691371531677661
46380,0.092759875960631,0.0509640016179048,-0.0498181801871702
46387,0.0838613994876635,0.0494809222057435,1
46392,0.0842658756909802,0.0500876365107186,-0.0553087675810761
46395,0.152083052447081,0.0879061615208305,0.75071218460548
46416,0.11743292436295,0.0634353512201699,-0.086228448344105
46418,0.0697047323715788,0.0375488742079008,1
46419,0.0697047323715788,0.0375488742079008,-0.062650203101656
46429,0.197923688822974,0.111500606714305,0.987097966323531
46435,0.264527436969125,0.166644195766482,-0.0700974996901743
46441,0.0962653363893758,0.0529863826344883,0.0213380319683241
46446,0.097748415801537,0.0539975731427801,-0.0273258189951052
46448,0.0724012403936902,0.038088175812323,1
46450,0.0280436834299582,0.0142914925171902,0.152825831578836
46455,0.0980180666037481,0.0541323985438856,-0.0170486635066639
46461,0.0697047323715788,0.0363354455979507,-0.0524318333435711
46464,0.0281785088310638,0.014358905217743,-0.0169661268050369
46466,0.0370769853040313,0.0194822704597546,0.998284909968544
46467,0.0369421599029257,0.0194148577592018,0.998279466550721
46469,0.0649858433328839,0.0339760010786032,0.998982857035625
46484,0.0711878117837401,0.0370769853040313,0.307327582930689
46508,0.080895240663341,0.0479978427935823,-0.0544553189190695
46514,0.327490899285425,0.209855736820817,0.587019184391309
46528,0.0713226371848456,0.0387623028178509,-0.214352668796836
46530,0.0713226371848456,0.0376836996090063,-0.0664919893665559
46533,0.224619118241877,0.129567210462451,0.52565199152694
46534,0.424430362680329,0.334771470945126,0.545232028128373
46538,0.0283133342321693,0.0146959687205069,-0.0653347610647662
46544,0.457058109747876,0.434542267763247,0.160344365999713
46549,0.0980180666037481,0.053727922340569,0.0246924749798474
46552,0.0719967641903735,0.0376162869084535,0.945171747817448
46554,0.0655251449373062,0.0341108264797088,-0.0983872820449765
46560,0.0718619387892679,0.0372792234056897,-0.053120287983821
46561,0.187137656734529,0.105972765268977,-0.0395876748430352
46564,0.460698395577727,0.409127679654847,0.963712020729148
46571,0.44600242685722,0.420115949844951,0.133042454050238
46576,0.302817850883106,0.187272482135634,0.999338914744938
46577,0.303222327086423,0.187339894836187,-0.0817833038800159
46582,0.0724012403936902,0.0376836996090063,-0.211081195164904
46585,0.48159633274909,0.490494809222057,-0.535018427295434
46592,0.298233787245517,0.187676958338951,0.41771835563522
46601,0.0718619387892679,0.0375488742079008,1
46603,0.499393285695025,0.465552110017527,-0.133492960686179
46611,0.0717271133881623,0.0373466361062424,0.999064454360064
46612,0.0715922879870568,0.0372792234056897,-0.221368422560982
46623,0.397195631657004,0.292705945800189,-0.00603024089995557
46630,0.503572873129298,0.467507078333558,0.89209357447735
46642,0.0707833355804234,0.0368747472023729,-0.0646201049486623
46647,0.0705136847782122,0.0368747472023729,1
46656,0.0606714304975057,0.0316839692598085,-0.0325976839455092
46658,0.473776459484967,0.44964271268707,0.927107530549535
46659,0.496427126870702,0.451799919104759,0.196741024846924
46670,0.437238775785358,0.324187676958339,-0.263750959270525
46675,0.122151813401645,0.0679520021572064,0.876748340957956
46676,0.0973439395982203,0.0527167318322772,1
46679,0.0676823513549953,0.0354590804907644,-0.0390301016367838
46685,0.0652554941350951,0.0339760010786032,-0.128343881403066
46686,0.477821221518134,0.371174329243629,0.902204822525857
46689,0.499662936497236,0.410543346366455,0.124308845250333
46693,0.119724956181745,0.0635027639207226,0.728014413468101
46694,0.0684913037616287,0.0358635566940811,-0.0388644226499804
46703,0.159093973304571,0.0892544155318862,-0.0745046919930357
46710,0.486584872589996,0.455912093838479,-0.34035128980337
46712,0.46150734798436,0.394027234731023,-0.147699783903919
46716,0.029661588243225,0.0151004449238237,-0.105864280575108
46722,0.0626938115140893,0.0328299851692059,-0.0582890340980723
46727,0.261291627342591,0.152217877848187,-0.267150602934764
46736,0.458406363758932,0.452474046110287,-0.350442792349057
46739,0.079951462855602,0.0449642712687071,0.981601696700814
46740,0.0798166374544964,0.043413779155993,1
46747,0.466765538627477,0.437238775785358,0.998957968623249
46753,0.455844681137926,0.415464473506809,-0.709259039790512
46756,0.461102871781044,0.406094108129972,-0.271289686171405
46759,0.44478899824727,0.424902251584198,-0.284646732443802
46760,0.159768100310098,0.0939058918700283,0.860715260882872
46766,0.455709855736821,0.418498045031684,-0.139611303249452
46767,0.0625589861129837,0.0327625724686531,-0.0247058946590242
46768,0.0791425104489686,0.0426722394499124,-0.0247058946590242
46769,0.0625589861129837,0.0327625724686531,-0.156329098206719
46778,0.0629634623163004,0.0329648105703114,1
46785,0.458945665363354,0.410004044762033,-0.19460492997269
46787,0.0632331131185115,0.033099635971417,-0.128976382670952
46808,0.062154509909667,0.0332344613725226,1
46812,0.424969664284751,0.295132803020089,1
46840,0.0598624780908723,0.0312794930564918,-0.122675737889786
46852,0.440339760010786,0.311851152757179,0.998709990822794
46854,0.440609410812997,0.308345692328435,0.943358632116831
46864,0.441148712417419,0.311985978158285,-0.124397679805299
46866,0.0599973034919779,0.0314817311581502,0.233410310271764
46868,0.461642173385466,0.335310772549548,0.926623295594197
46870,0.0597276526897667,0.0313469057570446,0.99890749283171
46873,0.439126331400836,0.304233517594715,0.999669269512603
46878,0.441822839422947,0.328367264392612,0.959529222371898
46879,0.458271538357827,0.341714979102063,0.239162476851996
46881,0.0601321288930835,0.0314143184575975,0.00255821691211304
46894,0.435890521774302,0.315289200485371,0.895077013403935
46896,0.0599973034919779,0.0324255089658891,0.941510452794133
46905,0.0608062558986113,0.0326951597681003,0.99079722806064
46906,0.0617500337063503,0.0322232708642308,0.998929362695806
46912,0.0616152083052447,0.033099635971417,0.911752407079442
46924,0.0629634623163004,0.0332344613725226,0.993910256376375
46936,0.0653903195362006,0.0341782391802615,1
46938,0.0644465417284616,0.03438047728192,1
46939,0.0644465417284616,0.03438047728192,1
46946,0.0717271133881623,0.0378859377106647,0.379109201352764
46947,0.34407442362141,0.226237023055144,0.338024856848787
46952,0.0717271133881623,0.0376162869084535,-0.00668857316347204
46958,0.365511662397196,0.244640690306054,0.34985601810666
46984,0.250101119050829,0.15713900498854,1
46993,0.277066199271943,0.157273830389645,0.411428339453201
46996,0.27288661183767,0.155318862073615,-0.107534285406036
47002,0.261291627342591,0.16489146555211,0.860773978265878
47005,0.167453148173116,0.0976135904004315,0.38283643980207
47007,0.295537279223406,0.189025212350007,-0.13002238851539
47029,0.0717271133881623,0.0370769853040313,-0.00596947240460319
47040,0.0703788593771067,0.0377511123095591,0.999099989812908
47042,0.363489281380612,0.234461372522583,-0.11016045084734
47043,0.0672778751516786,0.0364702709990562,1
47046,0.0672778751516786,0.0364702709990562,1
47050,0.380612107321019,0.267291357691789,0.385909999715388
47052,0.0706485101793178,0.0376162869084535,0.984467488910726
47059,0.0853444788998247,0.0503572873129298,1
47066,0.0768504786301739,0.0408520965349872,-0.0587029965039142
47070,0.219495752999865,0.121882162599434,-0.180423783145225
47072,0.0771201294323851,0.0409869219360928,0.990838743745998
47073,0.0783335580423352,0.0402453822300122,0.484338862719063
47079,0.0768504786301739,0.0411217473371983,0.5013380862478
47082,0.0866927329108804,0.0460428744775516,0.506286298203275
47083,0.244033976001079,0.151678576243764,0.491542321403173
47087,0.0709181609815289,0.0372118107051368,0.667895111933782
47089,0.0795469866522853,0.0419306997438318,0.425314978976804
47095,0.067143049750573,0.0389645409195092,0.999185197175857
47111,0.0628286369151948,0.0327625724686531,-0.161852003788973
47114,0.0481326681946879,0.0247404611028718,1
47116,0.372118107051368,0.258999595523797,0.998807523950815
47122,0.426587569098018,0.300930295267628,0.957682672696469
47123,0.405689631926655,0.292234056896319,0.910636399297277
47134,0.105972765268977,0.0548739382499663,-0.050929807750158
47139,0.0701092085748955,0.0370769853040313,-0.160342038860404
47141,0.10556828906566,0.0548065255494135,-0.197260398257206
47149,0.0705136847782122,0.037144398004584,1
47150,0.0705136847782122,0.037144398004584,-0.176834546467452
47155,0.1816098152892,0.101725765134151,0.999633581516903
47157,0.181744640690306,0.101793177834704,-0.0429784659361765
47159,0.0703788593771067,0.0370769853040313,-0.171098627699609
47160,0.461372522583255,0.3559390589187,-0.171406258348254
47167,0.47795604691924,0.433531077254955,-0.796688707468202
47168,0.486854523392207,0.458473776459485,0.897496918923237
47180,0.0714574625859512,0.037481461507348,1
47185,0.50775246056357,0.488742079007685,-0.232707977720476
47195,0.433733315356613,0.326210057974923,0.3000516419839
47196,0.0701092085748955,0.0372118107051368,0.295888481116144
47201,0.164756640151004,0.0955912093838479,-0.063095552669788
47202,0.0713226371848456,0.037818525010112,0.656677193560164
47218,0.0703788593771067,0.0381555885128758,1
47219,0.0703788593771067,0.0381555885128758,0.994747061280817
47234,0.229607658082783,0.140825131454766,-0.0899313981649336
47242,0.283268167722799,0.177902116758797,0.834604410077642
47247,0.0705136847782122,0.0379533504112175,-0.0967219308631789
47252,0.0710529863826345,0.0384926520156398,1
47257,0.252393150869624,0.155184036672509,-0.165341991400072
47265,0.0706485101793178,0.0372118107051368,0.947954152995561
47267,0.0645813671295672,0.0337737629769449,-0.10932354625553
47281,0.211945530537953,0.124848321423756,0.988949496425912
47284,0.261561278144802,0.158419846299043,0.456521298692597
47288,0.0697047323715788,0.0366050964001617,0.999054951655759
47295,0.265066738573547,0.16489146555211,-0.0973164808300607
47296,0.072131589591479,0.0384926520156398,-0.0566997529906608
47311,0.371174329243629,0.24625859511932,1
47316,0.0703788593771067,0.0372118107051368,0.99446430928997
47329,0.100849400026965,0.0525819064311717,-0.124388279825136
47333,0.0703788593771067,0.0372118107051368,-0.0463244192303409
47342,0.0706485101793178,0.0372118107051368,0.972367289447771
47350,0.101388701631387,0.0529863826344883,-0.0460282634848659
47353,0.100040447620332,0.0527167318322772,1
47354,0.100040447620332,0.0527167318322772,-0.0504687454628256
47365,0.0695699069704732,0.0362680328973979,0.997124676688348
47368,0.0691654307671565,0.0362006201968451,0.780911194806447
47378,0.101658352433598,0.055278414453283,0.916329383172842
47385,0.103006606444654,0.0559525414588108,0.982430003207155
47386,0.103276257246865,0.0551435890521774,-0.0674068227611074
47397,0.0691654307671565,0.0359309693946339,1
47407,0.0722664149925846,0.0386948901172981,0.975639587771641
47417,0.0678171767561009,0.0357961439935284,0.998080557080977
47447,0.0697047323715788,0.0382230012134286,0.999133731742752
47449,0.0695699069704732,0.0382904139139814,0.983538883980405
47452,0.18619387892679,0.104017796952946,0.961024445092168
47457,0.0697047323715788,0.0366050964001617,0.490168511423774
47460,0.217473371983282,0.128421194553054,0.594786025536923
47469,0.0711878117837401,0.0368073345018202,-0.0787000249440198
47470,0.250910071457463,0.145678845894567,0.560822267908746
47471,0.458945665363354,0.345827153835783,0.990810772750052
47478,0.429688553323446,0.307199676419037,-0.126192509401297
47486,0.309019819333962,0.187137656734529,0.408203566324222
47496,0.49831468248618,0.486989348793313,-0.198054866280693
47498,0.0718619387892679,0.0370095726034785,1
47510,0.0711878117837401,0.0372118107051368,1
47511,0.0711878117837401,0.0372118107051368,-0.0777888465465839
47524,0.0710529863826345,0.0366050964001617,0.999038324115097
47536,0.0713226371848456,0.0367399218012674,0.99535985113966
47538,0.493056491843063,0.41937441013887,0.234145161807029
47542,0.246595658622084,0.139072401240394,-0.11723461177718
47550,0.387218551975192,0.254685182688418,0.328792750814773
47551,0.0711878117837401,0.0366725091007146,0.998076001160025
47564,0.0707833355804234,0.0364702709990562,-0.0558150988315038
47569,0.178778481865984,0.0958608601860591,0.591393268209477
47574,0.353916677902117,0.249224753943643,1
47579,0.4091950923554,0.28522313603883,0.906812860920297
47584,0.0823783200755022,0.0441553188620736,-0.10234720396428
47591,0.32614264527437,0.215518403667251,0.999807658106461
47594,0.184171497910206,0.10314143184576,0.430441882017079
47596,0.325603343669947,0.220237292705946,0.964737911421897
47600,0.404476203316705,0.285560199541594,0.912305557442925
47624,0.358770392341917,0.239652150465148,0.845640000231671
47642,0.0815693676688688,0.044020493460968,0.987737488628071
47644,0.0718619387892679,0.0375488742079008,0.241335632087411
47653,0.298907914251045,0.180733450182014,0.995173711756259
47655,0.0724012403936902,0.0374140488067952,-0.0868205444575238
47658,0.400835917486855,0.303424565188081,-0.0982395834252306
47664,0.406633409734394,0.295672104624511,0.730167389957674
47668,0.25495483349063,0.150667385735473,-0.182503839640017
47671,0.268707024403398,0.161318592422812,0.999505545087612
47681,0.0707833355804234,0.0376836996090063,1
47685,0.20533908588378,0.118848591074558,-0.0583372027022534
47693,0.190643117163274,0.110961305109883,-0.165109966594163
47697,0.477012269111501,0.397734933261427,-0.344990228254136
47699,0.189564513954429,0.105298638263449,-0.323837324873896
47707,0.0699743831737899,0.0372792234056897,-0.168095712184587
47718,0.0598624780908723,0.0320884454631253,-0.0503186816314979
47741,0.0674127005527841,0.0359983820951867,-0.0597221384951113
47747,0.48159633274909,0.425104489685857,-0.125106684217556
47750,0.304975057300795,0.185384926520156,0.735382632327759
47758,0.429149251719024,0.299919104759337,-0.211815224053012
47760,0.0698395577726844,0.0373466361062424,-0.12392833285582
47762,0.200755022246191,0.109410812997169,-0.153631761834228
47777,0.240663340973439,0.142308210866927,-0.259136393247804
47791,0.399218012673588,0.292908183901847,-0.250124556103403
47799,0.0895240663340973,0.0482674935957934,0.979179915755476
47805,0.490359983820952,0.409127679654847,-0.426008358148148
47806,0.305918835108534,0.204327895375489,-0.458210048262401
47810,0.464203856006472,0.423149521369826,-0.0113468008727068
47812,0.0683564783605231,0.0353916677902116,0.999012872671247
47841,0.45908049076446,0.37312929755966,-0.172751996144906
47843,0.0674127005527841,0.0349197788863422,0.99799786628973
47849,0.0684913037616287,0.0354590804907644,1
47851,0.0672778751516786,0.0348523661857894,1
47866,0.444114871241742,0.347175407846838,-0.150936928177288
47871,0.0670082243494674,0.0347175407846838,0.998994090622688
47872,0.0668733989483619,0.034650128084131,-0.0525620613613554
47873,0.107321019280032,0.0559525414588108,-0.152050352144864
47875,0.0682216529594176,0.0351894296885533,0.252849388844052
47880,0.0639072401240394,0.0328973978697586,1
47887,0.454091950923554,0.338142105972765,-0.157402817350137
47894,0.0683564783605231,0.0356613185924228,0.996103604864172
47903,0.430362680328974,0.309424295537279,-0.09343495636285
47914,0.46150734798436,0.361129836861265,-0.397518188624671
47929,0.0628286369151948,0.0334366994741809,1
47947,0.425778616691385,0.295267628421195,-0.124408422081341
47949,0.0625589861129837,0.0335715248752865,0.979758336752135
47950,0.0639072401240394,0.0334366994741809,1
47953,0.0687609545638398,0.0355939058918701,0.946006958327081
47970,0.32978293110422,0.202103276257247,-0.11025421830078
47980,0.3510853444789,0.234191721720372,-0.264838214810375
47981,0.331400835917487,0.203586355669408,0.892731820853607
47988,0.492786841040852,0.440272347310233,-0.463236059031375
47995,0.328839153296481,0.202035863556694,-0.10612666060945
47997,0.0663340973439396,0.03438047728192,0.276788175006078
48000,0.130645813671296,0.069637319671026,-0.0583836413571682
48001,0.0688957799649454,0.0356613185924228,0.999017863012474
48005,0.26560604017797,0.158824322502359,-0.196044354236168
48022,0.0614803829041391,0.0322232708642308,0.0231449531748644
48025,0.437373601186464,0.472697856276122,-0.265935242262986
48045,0.294323850613456,0.187609545638398,0.813723396787251
48046,0.22421464203856,0.134892813806121,-0.0687427874829543
48050,0.478225697721451,0.395779964945396,-0.725662712970431
48056,0.0595928272886612,0.0323580962653364,0.998980640973692
48066,0.492382364837535,0.462855601995416,-0.160859812501986
48068,0.477416745314817,0.397128218956451,0.874128215087312
48069,0.484832142375624,0.465147633814211,-0.431332251276758
48075,0.0657947957395173,0.0368073345018202,0.963932954256427
48082,0.218282324389915,0.125859511932048,0.757155096258594
48084,0.066199271942834,0.0357961439935284,-0.0948125142048625
48089,0.066199271942834,0.0357961439935284,1
48094,0.0616152083052447,0.0332344613725226,0.496940471185604
48100,0.100175273021437,0.0549413509505191,0.760496381204435
48101,0.151004449238236,0.087771336119725,1
48112,0.449912363489281,0.325131454766078,0.867036303764292
48114,0.446946204664959,0.374207900768505,0.999724710827598
48119,0.218821625994337,0.126668464338681,-0.0881106219508795
48129,0.119724956181745,0.0643117163273561,-0.0365278374922705
48146,0.0624241607118781,0.0328299851692059,0.94773111283295
48161,0.110961305109883,0.0592557637858973,-0.0876619971182407
48162,0.181879466091412,0.103208844546313,-0.301806940355525
48164,0.113657813131994,0.0607388431980586,-0.109513565961789
48166,0.111500606714305,0.0591209383847917,0.987205150964797
48176,0.490494809222057,0.453822300121343,-0.82166956579467
48179,0.0633679385196171,0.0334366994741809,-0.19826319961426
48182,0.0598624780908723,0.0316839692598085,-0.175483983947024
48185,0.0582445732776055,0.0335715248752865,0.968529564435113
48190,0.097748415801537,0.0526493191317244,-0.0954766866360221
48191,0.15545368747472,0.0839288121882162,-0.20014610351886
48198,0.22664149925846,0.137454496427127,-0.0375977696336715
48199,0.0666037481461507,0.0351894296885533,-0.0375977696336715
48203,0.481731158150196,0.368005932317649,-0.150652680868757
48211,0.105972765268977,0.0560873668599164,-0.173174118651308
48214,0.480113253336929,0.397397869758663,0.8498635313271
48227,0.47916947552919,0.457192935148982,-0.213268189919748
48249,0.471079951462856,0.405015504921127,0.962330222465167
48250,0.477012269111501,0.39854388566806,0.964151101491698
48252,0.460698395577727,0.410341108264797,0.999734190022773
48253,0.460968046379938,0.410475933665903,0.969874717753048
48255,0.224753943642982,0.138937575839288,0.995501668850971
48263,0.102871781043549,0.053727922340569,-0.0767480020361964
48264,0.100040447620332,0.0543346366455441,1
48270,0.0639072401240394,0.0359983820951867,-0.143160717856466
48271,0.308345692328435,0.20581097478765,0.877364293459454
48276,0.0652554941350951,0.0347849534852366,0.19603429609007
48277,0.537953350411218,0.461237697182149,-0.533398981399005
48288,0.0647161925306728,0.0347849534852366,-0.10402693398715
48292,0.0516381286234327,0.0279762707294055,1
48297,0.0641768909262505,0.0354590804907644,0.905663874669875
48300,0.0613455575030336,0.0328299851692059,-0.10101773181175
48302,0.313738708372657,0.210395038425239,0.887690367057398
48313,0.0637724147229338,0.0341782391802615,-0.141470482008236
48318,0.0652554941350951,0.0350546042874478,-0.0785639132189758
48320,0.382499662936497,0.261224214642039,0.251573096242969
48323,0.0791425104489686,0.0411891600377511,0.268933755278498
48337,0.0697047323715788,0.0360657947957396,0.984669393845123
48348,0.375893218282324,0.252662801671835,-0.162165412126398
48354,0.368208170419307,0.258392881218822,-0.15719327286582
48356,0.0702440339760011,0.0360657947957396,-0.0918690906243338
48361,0.321019280032358,0.204462720776594,-0.310536709282601
48362,0.366320614803829,0.257179452608872,0.98092334246382
48378,0.253876230281785,0.145004718889039,0.999721555032729
48381,0.314008359174869,0.196642847512471,-0.286828154455532
48383,0.0750977484158015,0.0398409060266954,-0.136564094523588
48384,0.314817311581502,0.197991101523527,0.998947638057005
48385,0.314682486180396,0.197788863421869,-0.145472335650051
48386,0.0699743831737899,0.0359309693946339,0.995102203094538
48388,0.0691654307671565,0.0367399218012674,0.978309114056422
48393,0.313873533773763,0.201294323850613,0.918152608435274
48394,0.355264931913172,0.224282054739113,0.925901499273449
48398,0.332614264527437,0.219023864095996,0.291211951206842
48405,0.435620870972091,0.30558177160577,0.754033021039659
48408,0.304300930295268,0.216192530672779,0.998921975725188
48411,0.314817311581502,0.199204530133477,1
48427,0.069030605366051,0.0355939058918701,-0.144586307907197
48439,0.320884454631253,0.197114736416341,0.887295270341058
48443,0.37481461507348,0.234596197923689,0.996067177870307
48448,0.315356613185924,0.195833895105838,-0.243425416488605
48449,0.39274639342052,0.260010786032088,-0.248796262027334
48450,0.319671026021302,0.197991101523527,0.891361127466491
48452,0.0693002561682621,0.0369421599029257,0.305834082815796
48455,0.0636375893218282,0.0333018740730754,1
48462,0.357422138330862,0.240326277470675,0.84027105926786
48464,0.375893218282324,0.234461372522583,0.30833306530197
48475,0.31306458136713,0.201024673048402,0.982315308318132
48482,0.0567614938654442,0.0305379533504112,-0.0992263048814453
48483,0.330861534313065,0.213967911554537,-0.294969867666138
48491,0.384387218551975,0.240326277470675,0.979874109561543
48506,0.0707833355804234,0.0363354455979507,0.275333119299879
48513,0.375758392881219,0.233854658217608,0.893256070191376
48514,0.318862073614669,0.197451799919105,0.685103031105504
48526,0.341377915599299,0.215316165565593,-0.119591273168977
48529,0.308615343130646,0.195699069704732,0.990976313342642
48532,0.306458136712957,0.194890117298099,-0.0379014203835948
48540,0.407442362141027,0.275448294458676,0.758062424892403
48553,0.0475933665902656,0.0242011594984495,-0.120146330116899
48578,0.0697047323715788,0.0357961439935284,0.999013432805997
48579,0.0695699069704732,0.0357287312929756,1
48580,0.0695699069704732,0.0357287312929756,0.999013432805997
48584,0.0691654307671565,0.0355264931913173,-0.0738408973846535
48585,0.140488067952002,0.0744236214102737,-0.0748196834683087
48597,0.0697047323715788,0.0357961439935284,1
48601,0.0679520021572064,0.0373466361062424,0.2839063961104
48602,0.434002966158824,0.301671834973709,0.2839063961104
48605,0.0686261291627343,0.0364702709990562,0.189089897276872
48606,0.468922745045167,0.379263853309964,0.192917693118345
48618,0.0697047323715788,0.0357961439935284,-0.0654998623034831
48620,0.0697047323715788,0.0357961439935284,-0.143525505744223
48627,0.38546582176082,0.253808817581232,0.981209043797961
48629,0.210327625724687,0.122691115006067,0.911196500575672
48640,0.0668733989483619,0.03438047728192,0.825698168294248
48658,0.447620331670487,0.378320075502225,-0.765589179697911
48665,0.0675475259538897,0.0345827153835783,0.997957174759196
48666,0.0675475259538897,0.0345827153835783,0.994883537492653
48667,0.0668733989483619,0.0342456518808143,-0.0930759039348624
48670,0.0675475259538897,0.0347175407846838,-0.0541655326249039
48675,0.223405689631927,0.125724686530942,-0.0731130669968885
48679,0.379803154914386,0.262167992449778,0.999828897649614
48680,0.379937980315491,0.26223540515033,-0.222438415286461
48694,0.0695699069704732,0.0358635566940811,0.993115469054863
48695,0.0694350815693677,0.0356613185924228,0.283901262328622
48701,0.296076580827828,0.180531212080356,0.985966837863375
48704,0.20048537144398,0.111028717810435,-0.174931317284127
48706,0.490899285425374,0.40629634623163,-0.130714269554848
48709,0.0684913037616287,0.0351894296885533,0.995010006354047
48723,0.0701092085748955,0.0359983820951867,-0.00954274198469448
48726,0.121612511797223,0.0645813671295672,-0.0559968111574641
48730,0.0691654307671565,0.0355264931913173,0.996022630008714
48733,0.163273560738843,0.0904004314412835,-0.0421247868706881
48739,0.0706485101793178,0.0364028582985034,1
48751,0.323041661048942,0.200755022246191,-0.330888058378207
48753,0.507213158959148,0.463125252797627,-0.688691364960971
48754,0.447081030066064,0.366320614803829,-0.270184250280964
48757,0.417149791020628,0.328973978697587,-0.160044710904125
48761,0.0686261291627343,0.037144398004584,0.307466915506602
48762,0.463799379803155,0.480113253336929,0.376258721524206
48771,0.360118646352973,0.242483483888365,-0.324482309923804
48773,0.377780773897802,0.250775246056357,-0.356118343422566
48781,0.225023594445193,0.135162464608332,-0.229634314183293
48790,0.098692193609276,0.0529863826344883,-0.0482881836399648
48793,0.174598894431711,0.0964675744910342,0.452876776034618
48794,0.433733315356613,0.338209518673318,0.276400640977944
48796,0.173250640420655,0.0975461776998786,0.993603240317915
48809,0.12228663880275,0.0711203990831872,-0.0636844590426872
48811,0.0695699069704732,0.0357287312929756,0.988145280648533
48814,0.0761763516246461,0.0403802076311177,-0.094812753802245
48817,0.253606579479574,0.159431036807335,0.523563032318465
48828,0.167992449777538,0.0941081299716867,1
48839,0.0492112714035324,0.025010111905083,0.270172318443273
48850,0.0705136847782122,0.0362006201968451,0.281318805198486
48857,0.369691249831468,0.257112039908319,-0.41417886123539
48860,0.50653903195362,0.44768774437104,-0.166713189621729
48862,0.0703788593771067,0.0361332074962923,1
48863,0.0703788593771067,0.0361332074962923,-0.0460949185829409
48865,0.213293784549009,0.125117972225967,-0.0359887511769661
48868,0.0702440339760011,0.0360657947957396,0.998040789199801
48870,0.0702440339760011,0.0360657947957396,1
48873,0.225023594445193,0.125724686530942,0.476086247856754
48878,0.0628286369151948,0.0353242550896589,-0.0584852135352078
48880,0.0672778751516786,0.0347175407846838,0.985901024478863
48886,0.163003909936632,0.087434272616961,1
48888,0.0663340973439396,0.0341108264797088,1
48889,0.0663340973439396,0.0341108264797088,-0.0565968973637414
48903,0.164621814749899,0.0924228124578671,-0.109838385654102
48914,0.108534447889982,0.0569637319671026,0.996192624547227
48916,0.120938384791695,0.06464877983012,-0.233594579877435
48920,0.0635027639207227,0.0351220169880005,-0.0578290001755783
48943,0.185654577322368,0.111702844815963,1
48946,0.228259404071727,0.137319671026021,0.454077517719136
48947,0.489011729809896,0.462788189294863,-0.232924435045461
48965,0.426048267493596,0.30362680328974,0.999678759214504
48968,0.426452743696912,0.303694215990293,0.997110381299634
48970,0.426587569098018,0.304166104894162,0.839210834651831
48972,0.0629634623163004,0.0353916677902116,0.28733524121723
48976,0.39975731427801,0.276594310368073,-0.244385361838082
48978,0.39975731427801,0.276594310368073,-0.246362120233956
48994,0.429823378724552,0.305109882701901,-0.622900887659197
48999,0.391263314008359,0.263179182958069,0.996676712507348
49001,0.363758932182823,0.23607927733585,0.991157912989842
49003,0.363893757583929,0.236685991640825,0.990492579047715
49006,0.395173250640421,0.271470945126062,1
49019,0.508831063772415,0.468922745045167,-0.547540255706158
49022,0.0609410812997169,0.0335715248752865,0.999022008137979
49029,0.121208035593906,0.0666711608467035,0.704583486672105
49031,0.223540515033032,0.133746797896724,0.979273909504715
49047,0.125522448429284,0.066536335445598,0.992856972000516
49049,0.488472428205474,0.401712282594041,0.991670379556045
49055,0.228124578670622,0.14601590939733,-0.136350984432566
49060,0.104624511257921,0.055278414453283,-0.166401595442625
49062,0.0664689227450452,0.0360657947957396,0.414208636264943
49064,0.486045570985574,0.480045840636376,0.999473710128593
49068,0.485641094782257,0.480248078738034,-0.221804964452417
49090,0.101253876230282,0.0535930969394633,0.99867564427458
49091,0.101523527032493,0.053727922340569,-0.0614706366339922
49093,0.101793177834704,0.0538627477416745,-0.177285625496325
49094,0.494944047458541,0.408992854253741,-0.577576842981583
49100,0.103411082647971,0.0548065255494135,-0.171089065906447
49103,0.402453822300121,0.295335041121747,0.999216249523809
49114,0.114871241741944,0.0617500337063502,0.258503826684767
49117,0.431306458136713,0.348591074558447,0.874986834771382
49120,0.100444923823648,0.0534582715383578,-0.177340581337533
49123,0.451395442901443,0.364028582985034,0.851703836395843
49124,0.404071727113388,0.293177834704058,-0.376306986594009
49126,0.494135095051908,0.413442092490225,-0.428423459768288
49137,0.38910610759067,0.286503977349333,0.899274178764225
49139,0.489685856815424,0.417689092625051,-0.508122743689145
49140,0.364567884589457,0.262639881353647,0.926686104065307
49141,0.378320075502225,0.293110422003505,0.906401035484559
49144,0.313738708372657,0.21282189564514,-0.447758867570483
49147,0.499258460293919,0.410475933665903,-0.195418058571887
49149,0.48280976135904,0.445126061750034,-0.234693444892335
49150,0.109478225697721,0.0595928272886612,1
49163,0.408925441553189,0.308817581232304,0.837921577540014
49169,0.105972765268977,0.0560873668599164,0.217286588083015
49187,0.333558042335176,0.235000674127006,0.546170140516029
49202,0.0903330187407308,0.0509640016179048,0.984205236344098
49203,0.0923553997573143,0.0526493191317244,1
49213,0.0974787649993259,0.0544020493460968,-0.114518877295981
49224,0.356882836726439,0.237360118646353,0.689818700854795
49229,0.479843602534718,0.433261426452744,-0.112845120805827
49230,0.0343804772819199,0.0186733180531212,0.859773565970325
49232,0.443980045840636,0.364365646487798,0.990467240502224
49235,0.445328299851692,0.365444249696643,1
49236,0.445328299851692,0.365444249696643,-0.128126057535228
49254,0.206148038290414,0.113725225832547,0.981513919190907
49255,0.207900768504786,0.115815019549683,0.998662919513032
49269,0.205069435081569,0.114129702035864,0.987528000813168
49270,0.206822165295942,0.11500606714305,0.999663558493311
49275,0.204664958878253,0.116893622758528,-0.120771445514996
49278,0.207361466900364,0.115275717945261,-0.122158051280336
49290,0.460024268572199,0.381825535930969,-0.287394611856143
49291,0.206013212889308,0.114736416340839,-0.285583102033761
49301,0.324794391263314,0.216866657678307,-0.432741369138408
49302,0.463664554402049,0.394701361736551,-0.451348892135626
49314,0.446541728461642,0.341377915599299,-0.240429543321695
49325,0.480248078738034,0.427531346905757,0.631316270084217
49326,0.349062963462316,0.235742213833086,-0.169674164518667
49328,0.311311851152757,0.194620466495888,0.998505179955124
49329,0.311446676553863,0.194687879196441,-0.183560035983575
49335,0.481191856545773,0.436092759875961,0.995304948621168
49348,0.449373061884859,0.353579614399353,0.995217923585081
49349,0.450047188890387,0.354321154105433,0.645382474670341
49353,0.269111500606714,0.172037211810705,0.693497401834581
49364,0.504921127140353,0.465889173520291,-0.519572557408686
49379,0.116354321154105,0.0608736685991641,0.980139295574745
49382,0.10556828906566,0.0553458271538357,-0.193720121521765
49385,0.1137926385331,0.0595928272886612,-0.133496537678197
49392,0.48159633274909,0.39031953620062,-0.436037845437805
49395,0.151408925441553,0.083389510583794,-0.200782136449477
49406,0.39274639342052,0.287110691654308,0.999209781176138
49408,0.237427531346906,0.137319671026021,0.999714875754723
49417,0.443710395038425,0.363961170284482,0.256554522091893
49427,0.27288661183767,0.164352163947688,0.385400644727641
49437,0.481461507347984,0.365983551301065,-0.735570054973788
49449,0.499258460293919,0.471147364163408,-0.355838018003582
49454,0.496427126870702,0.398813536470271,0.989462763042344
49462,0.497910206282864,0.400633679385196,0.966103391593227
49474,0.509774841580154,0.483955777268437,0.484413477906585
49478,0.283268167722799,0.180733450182014,-0.356693779634781
49483,0.458271538357827,0.350074153970608,0.992259865793594
49504,0.120129432385061,0.0641094782256977,0.28563951800259
49508,0.275448294458676,0.181137926385331,0.99618504307888
49509,0.276526897667521,0.180059323176486,-0.157697355156839
49526,0.343804772819199,0.218686800593232,-0.40590045599976
49528,0.487798301199946,0.466361062424161,0.732642652564918
49534,0.404745854118916,0.313873533773763,0.753870685288723
49545,0.170554132398544,0.0951193204799784,-0.10278130663497
49546,0.180935688283673,0.0964001617904813,0.36458468691488
49548,0.168127275178644,0.0939058918700283,-0.231574534554933
49551,0.444519347445059,0.358433328839153,-0.226758170622383
49559,0.4721585546717,0.364298233787245,-0.335227586063883
49561,0.445193474450586,0.358635566940812,-0.56973779696382
49564,0.172441688014022,0.0922879870567614,0.998342130611763
49565,0.172441688014022,0.0920183362545504,0.493108846537873
49572,0.487663475798841,0.467237427531347,0.819402983675268
49586,0.280976135904004,0.176081973843872,-0.195609623181146
49592,0.175947148442767,0.0959282728866119,-0.0568345936202002
49596,0.471079951462856,0.369286773628152,-0.346683267449336
49600,0.445058649049481,0.359242281245787,-0.57980141848314
49602,0.444519347445059,0.35883780504247,0.985683826679091
49608,0.443980045840636,0.358163678036942,-0.470342541602954
49615,0.470001348254011,0.36901712282594,0.652264476050179
49616,0.323041661048942,0.201024673048402,-0.0638737859800809
49617,0.0291222866388028,0.0149656195227181,0.177016328656155
49624,0.447485506269381,0.367871106916543,0.999441529210809
49628,0.173520291222866,0.0935014156667117,0.431024140728911
49631,0.111500606714305,0.058716462181475,-0.215049588704504
49636,0.115410543346366,0.0613455575030336,0.355141740314246
49648,0.333153566131859,0.206485101793178,-0.113569476395586
49649,0.114736416340839,0.0610084940002696,1
49651,0.282594040717271,0.1767561008494,0.998648571353997
49655,0.282054739112849,0.176351624646083,-0.163935321851609
49661,0.172711338816233,0.0925576378589726,-0.166816289174663
49664,0.169880005393016,0.0947822569772145,-0.0831015908697413
49666,0.36901712282594,0.245314817311582,-0.205671008149839
49678,0.445328299851692,0.366118376702171,-0.328347632260591
49683,0.255763785897263,0.148240528515572,-0.131135555140221
49685,0.487393824996629,0.456316570041796,-0.384083764079832
49686,0.24794391263314,0.147431576108939,0.606477036909361
49692,0.483618713765673,0.393353107725495,-0.313286755455251
49701,0.446541728461642,0.367668868814885,-0.25029767465123
49702,0.172306862612916,0.0919509235539976,-0.255076825776446
49706,0.441957664824053,0.369960900633679,0.984473650363158
49720,0.446272077659431,0.367129567210462,0.996660760413339
49724,0.115410543346366,0.062154509909667,-0.0665627238035116
49725,0.190777942564379,0.107658082782796,-0.181462006036238
49735,0.239180261561278,0.137656734528785,-0.110961659389847
49742,0.238371309154645,0.137252258325469,-0.300168407654015
49747,0.394229472832682,0.303491977888634,-0.272386660574444
49750,0.296481057031145,0.189497101253876,-0.178077370235872
49756,0.297155184036673,0.189429688553323,0.994258018752318
49760,0.242281245786706,0.140016179048133,-0.313972883231192
49768,0.121747337198328,0.0690980180666038,0.999502613094616
49769,0.121612511797223,0.069030605366051,-0.169007651935746
49773,0.474315761089389,0.463664554402049,1
49775,0.471214776863961,0.471551840366725,-0.886507924930063
49782,0.282594040717271,0.176081973843872,0.722828987620888
49784,0.384522043953081,0.268572199002292,0.65063960567666
49794,0.293649723607928,0.18862073614669,0.677780334034381
49812,0.293110422003505,0.188485910745585,-0.391401276555187
49818,0.294728326816772,0.188216259943373,1
49820,0.494809222057436,0.460428744775516,0.363595997958295
49823,0.126331400835917,0.0681542402588647,-0.0857390596712207
49833,0.474989888094917,0.399015774571929,-0.274938035714481
49840,0.4745854118916,0.399622488876904,-0.260230516820122
49844,0.297559660239989,0.188822974248348,-0.169895748572567
49853,0.185519751921262,0.105298638263449,-0.137995350705379
49857,0.465147633814211,0.433328839153296,0.361001968144943
49867,0.160981528920049,0.0901981933396252,-0.225086011813865
49875,0.242820547391128,0.140285829850344,-0.154957461088963
49877,0.306862612916273,0.193609275987596,-0.153022984130204
49884,0.417958743427262,0.332749089928543,0.99971337951245
49887,0.242416071187812,0.139679115545369,-0.0524181131465724
49892,0.324524740461103,0.208777133611972,0.989767233734739
49907,0.336524201159498,0.232438991506,-0.254449899841647
49908,0.239180261561278,0.140622893353108,-0.242448254211039
49911,0.323446137252258,0.207159228798706,0.996563247045493
49912,0.324120264257786,0.207361466900364,0.518382880204024
49918,0.329378454900903,0.213765673452879,-0.341670195310157
49929,0.332883915329648,0.21524875286504,0.986035878537294
49930,0.32978293110422,0.213428609950115,-0.199486605926872
49935,0.313199406768235,0.20823783200755,0.770054958664805
49943,0.41863287043279,0.306930025616826,0.672436057566931
49952,0.329243629499798,0.213158959147904,0.999211252409688
49957,0.167722798975327,0.0888499393285695,-0.150125809336204
49960,0.489551031414318,0.464810570311447,0.562354164986673
49964,0.429149251719024,0.366118376702171,0.570435857913247
49966,0.340838613994877,0.225158419846299,0.961589664559806
49968,0.328839153296481,0.21282189564514,-0.290841535720182
49969,0.368612646622624,0.253202103276257,0.99982616722834
49979,0.300795469866523,0.188822974248348,1
49992,0.332883915329648,0.214439800458406,0.546316114667414
49995,0.332883915329648,0.214304975057301,0.710033457967198
49999,0.245112579209923,0.140083591748685,-0.103992525473168
50002,0.358770392341917,0.232910880409869,0.736667520519185
50009,0.510853444788998,0.446743966563301,0.571246055148717
50019,0.424565188081435,0.320547391128489,0.998641954108585
50023,0.348388836456788,0.228663880275044,0.999811253837706
50043,0.230821086692733,0.134555750303357,0.495527141865839
50049,0.477551570715923,0.360927598759606,0.999848572191607
50054,0.345961979236888,0.226776324659566,0.71307590693188
50059,0.348254011055683,0.230214372387758,0.992900906915745
50060,0.346636106242416,0.228057165970069,0.998491189530502
50062,0.345692328434677,0.22664149925846,-0.236782306962501
50084,0.342995820412566,0.225158419846299,-0.292682782016533
50092,0.363084805177295,0.253134690575704,1
50093,0.363084805177295,0.253134690575704,-0.205746911127259
50094,0.222461911824188,0.124309019819334,0.988279120526608
50096,0.476068491303762,0.396184441148712,-0.581100903067235
50104,0.480922205743562,0.488539840906027,-0.565641479204103
50108,0.345018201429149,0.227383038964541,-0.294449381919692
50109,0.380612107321019,0.252460563570177,0.998920463141577
50115,0.340973439395982,0.224147229338007,-0.153507196102141
50125,0.354590804907645,0.235135499528111,-0.158239600105061
50132,0.134420924902252,0.0730079546986653,0.97410636844983
50136,0.132803020088985,0.0721990022920318,0.421064561071218
50143,0.331400835917487,0.220304705406499,0.924702231170508
50151,0.423891061075907,0.295941755426722,0.999177815458986
50172,0.367534043413779,0.259673722529325,-0.532095499732773
50174,0.353242550896589,0.220844007010921,-0.44643851731999
50183,0.121342860995011,0.0659296211406228,-0.260969379227183
50184,0.488472428205474,0.414790346501281,-0.257877624395574
50187,0.245382230012134,0.141027369556424,-0.205984741230165
50189,0.457462585951193,0.375286503977349,-0.389129349626009
50193,0.456788458945665,0.375488742079008,-0.410122785268173
50195,0.343804772819199,0.225832546851827,0.996969280272495
50199,0.126331400835917,0.0684238910610759,1
50201,0.335445597950654,0.216934070378859,0.993928471800228
50203,0.516111635432115,0.487528650397735,0.516381241491536
50206,0.515033032223271,0.48860725360658,0.516745833441875
50218,0.341108264797088,0.222192261021977,-0.117875784835316
50226,0.518808143454227,0.491708237832008,-0.781438502579336
50229,0.519347445058649,0.491303761628691,0.517086098444199
50230,0.336389375758393,0.217136308480518,-0.166763030422237
50232,0.121342860995011,0.0651206687339895,-0.247427922742002
50236,0.461372522583255,0.38910610759067,-0.587246132024413
50243,0.460698395577727,0.385668059862478,-0.206997309721822
50256,0.34286099501146,0.221720372118107,-0.202513092346457
50257,0.163273560738843,0.0875690980180666,-0.202456048494136
50283,0.339625185384927,0.219697991101524,-0.127107607146667
50293,0.342186868005932,0.221383308615343,0.779869422534005
50298,0.475664015100445,0.368342995820413,0.994229239455927
50301,0.343535122016988,0.221113657813132,0.996108721216171
50315,0.342726169610355,0.221518134016449,0.999028555361416
50316,0.343130645813671,0.221585546717001,0.572292730737597
50317,0.486045570985574,0.454159363624107,0.996673393214325
50332,0.156936766886881,0.0848051772954025,0.98535016850127
50337,0.140892544155319,0.0800188755561548,0.982915848451457
50340,0.458541189160038,0.401981933396252,0.41946534581289
50342,0.3559390589187,0.220169880005393,-0.202329232517798
50356,0.15424025886477,0.0842658756909802,-0.174447982332837
50364,0.353781852501011,0.21936092759876,-0.148154813901833
50365,0.154644735068087,0.0844681137926385,-0.238888406788803
50371,0.508831063772415,0.410004044762033,0.381114689838289
50380,0.167857624376433,0.0883780504247,-0.078541960877339
50382,0.457597411352299,0.331266010516381,0.7542132350116
50400,0.333692867736282,0.223338276931374,0.997005860269086
50409,0.335310772549548,0.226169610354591,1
50417,0.267628421194553,0.166172306862613,-0.252545407685986
50418,0.366994741809357,0.231630039099366,-0.2504965563391
50420,0.484292840771201,0.396521504651476,0.552824883910887
50426,0.366050964001618,0.234528785223136,-0.221414092226601
50429,0.486584872589996,0.397532695159768,-0.344604796452971
50442,0.150195496831603,0.079007685047863,-0.060782756825568
50445,0.269650802211137,0.168262100579749,0.527940160399595
50450,0.363624106781718,0.238573547256303,0.999814317101433
50453,0.273965215046515,0.173789942025077,0.999326870546027
50460,0.273425913442092,0.178104354860456,0.977899283570992
50464,0.280571659700688,0.177497640555481,-0.190759402585757
50469,0.280976135904004,0.177295402453822,0.999108394649891
50473,0.317378994202508,0.189160037751112,0.999545256669523
50480,0.192665498179857,0.111837670217069,-0.15799487448424
50482,0.309559120938385,0.188216259943373,0.999329527891755
50485,0.427935823109074,0.319671026021302,-0.489292225191216
50490,0.485910745584468,0.46393420520426,-0.410008854532098
50506,0.334906296346232,0.200215720641769,-0.0616804470511236
50509,0.43049750573008,0.301671834973709,0.999836460030505
50510,0.430632331131185,0.301739247674262,-0.208424192282829
50520,0.434002966158824,0.303829041391398,0.975041530180425
50527,0.0742887960091681,0.0379533504112175,-0.179314727014265
50533,0.314547660779291,0.198260752325738,-0.431737814869404
50539,0.320884454631253,0.19805851422408,0.551868781868003
50543,0.489011729809896,0.449979776189834,-0.669722158182367
50545,0.325872994472159,0.20581097478765,-0.18830203908229
50554,0.443980045840636,0.356006471619253,-0.352719549263458
50559,0.441822839422947,0.37771336119725,0.999188214239961
50560,0.442092490225158,0.377578535796144,-0.452576057569507
50569,0.495483349062963,0.435014156667116,-0.67403368427482
50571,0.447620331670487,0.354995281110961,-0.633233226347056
50582,0.44842928407712,0.358500741539706,0.87982915755675
50594,0.463125252797627,0.391330726708912,-0.0388479485715751
50605,0.473776459484967,0.415127410004045,0.999187836091763
50609,0.089928542537414,0.0525144937306189,0.99010979685336
50613,0.0907374949440475,0.0529189699339355,0.75646544930024
50614,0.0564918430632331,0.0299986517459889,-0.118319966197741
50627,0.226506673857355,0.125926924632601,0.993690898882781
50642,0.444519347445059,0.339557772684374,0.998659613601499
50647,0.123904543616017,0.0658622084400701,0.99669772316706
50648,0.12444384522044,0.0661318592422813,0.923614147056226
50649,0.140622893353108,0.0765134151274101,-0.217550888225694
50656,0.419711473641634,0.322974248348389,1
50675,0.441822839422947,0.328232438991506,0.868628625054074
50676,0.479439126331401,0.391937441013887,0.998152785839645
50686,0.484966967776729,0.410341108264797,0.996797834082374
50693,0.490629634623163,0.423149521369826,0.804948005164575
50705,0.475124713496023,0.376836996090063,0.998694023546925
50711,0.47579884050155,0.376634757988405,0.99723712062448
50712,0.475124713496023,0.376297694485641,1
50715,0.481865983551301,0.366725091007146,0.996983190822264
50719,0.493595793447485,0.402925711203991,0.926811787943056
50720,0.481731158150196,0.370297964136443,-0.0892056393250135
50752,0.492517190238641,0.383241202642578,-0.366957682819472
50755,0.344209249022516,0.205676149386544,-0.325561508525741
50757,0.325198867466631,0.191182418767696,-0.413694009750062
50758,0.500741539706081,0.424160711878118,-0.665096097606484
50766,0.471349602265067,0.358770392341917,-0.289015603100288
50769,0.4673048402319,0.3559390589187,-0.706444743555617
50780,0.499797761898342,0.480854793043009,-0.485704800671675
50782,0.501280841310503,0.477821221518134,-0.490032728903271
50802,0.508561412970204,0.414857759201834,0.983453878654332
50804,0.50532560334367,0.407307536739922,0.99590419974363
50819,0.496561952271808,0.407779425643791,0.993246416798383
50823,0.172172037211811,0.0921531616556559,0.842038819107698
50826,0.218282324389915,0.124241607118781,1
50836,0.191721720372118,0.105028987461238,0.609413930282305
50838,0.102332479439126,0.0521100175273022,0.881954874787964
50840,0.103276257246865,0.0527167318322772,0.994400220015585
50851,0.136712956721046,0.0715922879870567,0.838475542012403
50852,0.102467304840232,0.0523122556289605,-0.0478840527999611
50870,0.50168531751382,0.456586220844007,0.459514823794969
50878,0.397465282459215,0.26102197654038,0.986333700360137
50884,0.0885802885263584,0.0488742079007685,0.702511759756482
50889,0.108534447889982,0.0591209383847917,0.746835145570392
50897,0.127949305649184,0.0685587164621815,0.993716071478072
50898,0.12929755966024,0.0693676688688148,0.449794985268483
50901,0.0586490494809222,0.0301334771470945,0.994201102889854
50902,0.0579749224753944,0.0297964136443306,-0.0934114497432142
50925,0.488876904408791,0.384117567749764,0.14810864704507
50942,0.215046514763381,0.125994337333154,-0.242904559633041
50960,0.495752999865175,0.407374949440475,-0.451259288842255
50962,0.473506808682756,0.340029661588243,0.967005863601972
50968,0.0923553997573143,0.0494135095051907,-0.121514875143669
50973,0.356073884319806,0.226708911959013,-0.236307828688428
50974,0.231090737494944,0.138061210732102,-0.0583069614288231
50982,0.446406903060537,0.323513549952811,-0.23051185922072
50990,0.0920857489551031,0.0487393824996629,-0.110878295443124
50992,0.44600242685722,0.321828232438992,0.982218979923474
51004,0.40461102871781,0.277538088175812,0.98791196609399
51010,0.389645409195092,0.258729944721586,-0.142354523424525
51016,0.469866522852905,0.399015774571929,-0.787867371178472
51020,0.389375758392881,0.255898611298369,-0.19937120123521
51028,0.0922205743562087,0.0463799379803155,0.988053338854986
51039,0.300256168262101,0.179115545368748,-0.271409985477266
51047,0.311581501954968,0.188822974248348,0.782682587437745
51062,0.36901712282594,0.235068086827558,0.999230907854724
51064,0.121208035593906,0.0638398274234866,-0.146866118219675
51093,0.500741539706081,0.428609950114602,-0.165315460681114
51105,0.366994741809357,0.243764325198867,0.433734583823149
51113,0.418228394229473,0.293110422003505,1
51115,0.426048267493596,0.288526358365916,-0.161351538748466
51116,0.119050829176217,0.0619522718080087,-0.143833167015935
51120,0.475529189699339,0.38742079007685,0.865608226441789
51121,0.488067952002157,0.447485506269381,0.987862721902547
51124,0.502763920722664,0.482742348658487,-0.519003550360597
51128,0.357422138330862,0.226708911959013,-0.145105065377659
51132,0.356748011325334,0.226506673857355,-0.340019756799736
51135,0.466630713226372,0.35641094782257,0.999850505032411
51140,0.119455305379533,0.0622893353107725,0.389818037887771
51149,0.355264931913172,0.224416880140218,-0.139579226254285
51151,0.355264931913172,0.224416880140218,-0.467729288152551
51162,0.488202777403263,0.403734663610624,0.86856404260866
51188,0.12808413105029,0.0725360657947958,0.292763672614241
51190,0.500741539706081,0.484562491573412,0.360268652918167
51192,0.170688957799649,0.099635971417015,0.978065550119779
51204,0.185654577322368,0.106579479573952,0.778547956673177
51209,0.424834838883646,0.297357422138331,-0.254169049027874
51210,0.223270864230821,0.133611972495618,0.999718852084034
51220,0.180126735877039,0.103411082647971,0.991530839646968
51228,0.0903330187407308,0.047188890386949,0.940377281473505
51232,0.256842389106108,0.157273830389645,0.998770392299555
51233,0.256977214507213,0.157610893892409,0.990776178985364
51240,0.234731023324794,0.131657004179587,0.971910275023424
51260,0.381690710529864,0.259336659026561,0.736995877103703
51265,0.100040447620332,0.0527167318322772,-0.120258528222884
51266,0.192800323580963,0.10556828906566,0.340485113216044
51268,0.0616152083052447,0.0326951597681003,0.0916901119158211
51274,0.486584872589996,0.407914251044897,-0.800735674461534
51303,0.449103411082648,0.374612376971821,0.999723837616692
51305,0.197114736416341,0.107590670082244,-0.132335528999807
51309,0.262370230551436,0.157206417689093,0.658946155598282
51312,0.190238640959957,0.103613320749629,-0.190536665694886
51313,0.482540110556829,0.494067682351355,0.147494285276997
51316,0.0505595254145881,0.0256842389106108,0.993179306504671
51323,0.500876365107186,0.490831872724821,0.991014877647401
51336,0.132398543885668,0.0745584468113792,-0.266885634755733
51339,0.49224753943643,0.452002157206418,-0.158193755195059
51343,0.489551031414318,0.454429014426318,0.994901265948495
51349,0.410812997168667,0.293447485506269,0.85601265213252
51350,0.449912363489281,0.363152217877848,-0.15226440173852
51352,0.192665498179857,0.104152622354052,0.974359762237228
51358,0.195362006201968,0.105905352568424,-0.245868723551209
51361,0.441283537818525,0.324052851557233,0.99536900454502
51369,0.455035728731293,0.377983011999461,0.906441662529245
51375,0.449103411082648,0.334838883645679,0.859210429975349
51382,0.431036807334502,0.321221518134016,0.998626069018969
51412,0.20533908588378,0.121410273695564,0.9066528716935
51440,0.244168801402184,0.138398274234866,0.997102032497137
51441,0.243899150599973,0.137993798031549,0.997380840882036
51445,0.494404745854119,0.420183362545504,0.458884260355664
51450,0.129702035863557,0.0686261291627343,-0.0664828491800753
51451,0.0501550492112714,0.0253471754078468,-0.0738965753218615
51459,0.385330996359714,0.262370230551436,-0.284046955574754
51461,0.381690710529864,0.259067008224349,0.958857031399908
51466,0.418902521235001,0.323109073749494,0.228929372301179
51467,0.0505595254145881,0.0258190643117163,-0.110146395634739
51481,0.386409599568559,0.259404071727113,-0.277012945414071
51493,0.386005123365242,0.259875960630983,0.998418204886342
51496,0.386274774167453,0.259741135229877,0.999120166859641
51508,0.0759067008224349,0.0398409060266954,-0.132525085549806
51509,0.463529729000944,0.359174868545234,-0.367968089874959
51514,0.394499123634893,0.252797627072941,-0.338776432485737
51530,0.386409599568559,0.260347849534852,1
51532,0.386139948766348,0.259404071727113,-0.556545100607616
51541,0.465686935418633,0.415936362410678,0.974148616708448
51542,0.476742618309289,0.425643791290279,0.949216259301275
51543,0.473102332479439,0.450653903195362,-0.556826918386009
51547,0.387083726574087,0.260010786032088,0.996121882671765
51549,0.467978967237428,0.472225967372253,-0.586403119737533
51550,0.381421059727653,0.267156532290684,-0.421653038112278
51551,0.452204395308076,0.352433598489955,1
51552,0.452204395308076,0.352433598489955,0.426293655081753
51566,0.504921127140353,0.461305109882702,-0.140519714714391
51573,0.384926520156397,0.271201294323851,-0.312232108129855
51581,0.386005123365242,0.261359040043144,-0.395059751020184
51582,0.434407442362141,0.309828771740596,0.994731803367319
51589,0.38546582176082,0.260954563839827,-0.549914029849507
51590,0.51354995281111,0.466293649723608,-0.553161697141497
51596,0.050289874612377,0.0258190643117163,-0.0631405989375084
51597,0.314412835378185,0.182553593096939,-0.387279066281106
51602,0.489011729809896,0.393487933126601,-0.351762012811173
51603,0.315356613185924,0.181677227989753,-0.0878105991607064
51614,0.0516381286234327,0.0268976675205609,-0.155528081422663
51619,0.390184710799515,0.245921531616557,0.999808290757631
51621,0.389510583793987,0.245314817311582,0.970039216683406
51625,0.0486719697991102,0.0263583659161386,0.99875060708975
51626,0.0485371443980046,0.0262909532155858,-0.155190402454089
51628,0.408925441553189,0.271605770527167,0.426601782482621
51639,0.352838074693272,0.215518403667251,-0.0865435569189484
51652,0.437643251988675,0.345557503033572,0.997550106307432
51656,0.259673722529325,0.16003775111231,-0.18167046427381
51664,0.491303761628691,0.439800458406364,-0.334321882239195
51665,0.228529054873938,0.136645544020493,-0.161380610445017
51679,0.215450990966698,0.131454766077929,-0.10849440978773
51693,0.420790076850479,0.281043548604557,0.987381176483659
51700,0.289739786975866,0.169138465686935,0.708926771320343
51702,0.240528515572334,0.137656734528785,0.881086285821659
51706,0.257112039908319,0.145813671295672,0.993846141406334
51707,0.255224484292841,0.144600242685722,0.375476411160282
51711,0.204934609680464,0.113927463934205,0.570701888363861
51720,0.0478630173924767,0.0242011594984495,0.995666722877207
51729,0.230416610489416,0.134757988405016,0.687563759982621
51730,0.376567345287852,0.252325738169071,0.635178521614926
51731,0.217608197384387,0.120803559390589,-0.0492638301140334
51743,0.213833086153431,0.117837400566267,0.99866603539526
51747,0.133207496292301,0.072131589591479,0.998497116011386
51754,0.166239719563166,0.0908049076446003,0.995475606638117
51756,0.221113657813132,0.1210732101928,-0.330674075079899
51757,0.50411217473372,0.441620601321289,0.999161705618878
51769,0.465147633814211,0.34286099501146,0.199106799511556
51773,0.362275852770662,0.228731292975597,0.994720598114286
51784,0.0432789537548874,0.0220439530807605,-0.0829004252185354
51785,0.391128488607254,0.256370500202238,0.998548568068394
51792,0.204799784279358,0.112781448024808,1
51793,0.204799784279358,0.112781448024808,-0.188786900590901
51797,0.0613455575030336,0.031212080355939,0.22330085055108
51799,0.0454361601725765,0.0231225562896049,-0.0626905916836679
51800,0.360253471754078,0.224753943642982,0.977261028153365
51817,0.464608332209788,0.352163947687744,0.685729115389073
51825,0.502763920722664,0.41115006067143,-0.657673360294729
51828,0.393150869623837,0.256707563705002,-0.491310913685144
51847,0.0435486045570986,0.0229877308884994,-0.0614306937374392
51850,0.120129432385061,0.0624915734124309,-0.120872871035187
51856,0.248618039638668,0.144263179182958,0.627972731348988
51872,0.119455305379533,0.0622893353107725,-0.0790209863281017
51880,0.489281380612107,0.469124983146825,0.998539521704185
51884,0.193878926789807,0.109747876499933,-0.131240792673936
51887,0.493326142645274,0.469529459350142,0.404621963610369
51892,0.334771470945126,0.208507482809761,0.997928982754568
51896,0.277605500876365,0.16657678306593,0.999028667577569
51900,0.352029122286639,0.211473641634084,-0.180855286776113
51906,0.494404745854119,0.466293649723608,0.987760929126684
51914,0.369556424430363,0.242079007685048,0.716559960291216
51924,0.353647027099906,0.212012943238506,-0.265306340000148
51927,0.35229877308885,0.210799514628556,0.548830461165428
51933,0.354590804907645,0.240932991775651,-0.596355634816233
51940,0.264527436969125,0.162194957529999,0.984152919717243
51950,0.196170958608602,0.116152083052447,0.8823425896844
51959,0.159902925711204,0.0923553997573143,0.349402362533022
51973,0.430767156532291,0.346164217338547,-0.1342499553169
51975,0.1743292436295,0.10388297155184,0.206930110225055
51993,0.181474989888095,0.108264797087771,-0.325191997240726
51996,0.510314143184576,0.49056222192261,0.998760099669113
52032,0.473102332479439,0.345624915734124,0.991452751029915
52037,0.324524740461103,0.19394633949036,0.952128220682057
52038,0.350411217473372,0.207698530403128,-0.0530996950632955
52046,0.353107725495483,0.209181609815289,-0.342437997948472
52047,0.482270459754618,0.36948901172981,-0.341121859386361
52052,0.485641094782257,0.371713630848052,-0.584105492503602
52054,0.459350141566671,0.366388027504382,-0.184581916346979
52056,0.0989618444114871,0.0528515572333828,0.998002183960683
52059,0.459889443171093,0.36584872589996,-0.183318415553858
52069,0.473776459484967,0.373331535661319,0.999854174813269
52083,0.490494809222057,0.455844681137926,0.988543581785339
52084,0.483753539166779,0.455844681137926,1
52088,0.483753539166779,0.455844681137926,0.843198033777085
52099,0.474855062693812,0.379937980315491,0.844994756543451
52105,0.466361062424161,0.375151678576244,0.999714051263245
52114,0.499258460293919,0.411284886072536,-0.778687216856042
52116,0.479708777133612,0.386544424969664,-0.658203436976076
52119,0.480113253336929,0.385668059862478,0.85093038094848
52129,0.198462990427397,0.112444384522044,-0.315092470548913
52133,0.328704327895376,0.221113657813132,1
52143,0.4745854118916,0.403667250910071,1
52154,0.453013347714709,0.348793312660105,0.623483702530181
52161,0.295537279223406,0.189564513954429,0.995772814260861
52163,0.392611568019415,0.2905487393825,0.922196257466027
52172,0.298638263448834,0.190710529863826,0.949708475028245
52175,0.176351624646083,0.101253876230282,0.999640909579998
52179,0.239584737764595,0.137589321828232,0.919383016782642
52185,0.149251719023864,0.0841984629904274,0.988173077034651
52198,0.185115275717945,0.10266954294189,0.558239516853322
52199,0.396791155453687,0.262302817850883,0.769061127043603
52201,0.399352838074693,0.263988135364703,0.554520969945274
52204,0.178913307267089,0.106983955777268,0.974807026998148
52206,0.183362545503573,0.10192800323581,0.538554150373228
52213,0.402993123904544,0.267021706889578,0.999822690843985
52214,0.402858298503438,0.267089119590131,0.483344748807254
52222,0.189429688553323,0.105500876365107,0.99892441019538
52235,0.347445058649049,0.216057705271673,0.960397561610982
52244,0.348658487259,0.238775785357961,0.495519002767882
52245,0.127410004044762,0.0707159228798706,-0.100878376768067
52247,0.267493595793448,0.155184036672509,0.463294120017193
52254,0.253471754078468,0.144398004584064,-0.160439246376596
52257,0.14480248078738,0.0807604152622354,1
52264,0.25738169071053,0.148510179317783,-0.202157362150157
52271,0.264931913172442,0.152420115949845,-0.178265526951872
52280,0.263583659161386,0.151611163543212,0.999731405089755
52286,0.39611702844816,0.290144263179183,1
52299,0.462451125792099,0.362275852770662,-0.739812758140093
52309,0.473911284886073,0.456316570041796,-0.043498376492184
52313,0.487124174194418,0.419913711743292,0.470675494804734
52322,0.476203316704867,0.380072805716597,0.443334151623935
52329,0.193069974383174,0.109478225697721,0.993494493693136
52344,0.460428744775516,0.339288121882163,-0.235637516905569
52365,0.46029391937441,0.339085883780504,-0.642181419949781
52383,0.464203856006472,0.371781043548605,0.996844150379522
52398,0.45422677632466,0.352635836591614,0.993088390018047
52403,0.207631117702575,0.116489146555211,0.252389060515301
52414,0.462990427396522,0.367534043413779,0.998556454534299
52420,0.486719697991102,0.400566266684643,0.828203827922106
52422,0.16246460833221,0.0893218282324389,-0.140624252683775
52430,0.253606579479574,0.153903195362006,0.995238338549235
52438,0.170823783200755,0.0947148442766618,0.368814699721392
52446,0.253202103276257,0.15424025886477,-0.325712410267172
52458,0.427935823109074,0.304705406498584,-0.312234204056316
52464,0.497640555480653,0.454833490629635,-0.606732213892872
52470,0.252662801671835,0.154644735068087,-0.309802843816958
52476,0.0755022246191182,0.0407172711338816,-0.049487021166782
52477,0.283672643926116,0.175138196036133,0.980495432279407
52482,0.488607253606579,0.466630713226372,-0.186888816136275
52483,0.455844681137926,0.383241202642578,0.999862384394373
52490,0.344209249022516,0.238708372657409,-0.435292064550016
52500,0.44478899824727,0.325940407172711,-0.38777135389202
52501,0.363893757583929,0.248011325333693,-0.153070066205179
52503,0.440879061615208,0.31913172441688,-0.382494004857343
52516,0.45544020493461,0.373061884859107,-0.740452493869967
52530,0.421329378454901,0.309761359040043,-0.180686846333244
52532,0.482540110556829,0.47991101523527,0.997907309995294
52533,0.484158015370096,0.480180666037481,0.997512722983947
52542,0.353107725495483,0.238438721855198,0.836082358517512
52543,0.405824457327761,0.304435755696373,-0.156648279500241
52560,0.413779155992989,0.304637993798032,-0.656459709745607
52571,0.340299312390454,0.21599029257112,-0.511864791938173
52576,0.36294997977619,0.240124039369017,-0.429642458585456
52588,0.430227854927868,0.350883106377242,0.997756504165529
52589,0.432385061345557,0.351557233382769,0.997898245409845
52593,0.378589726304436,0.260887151139275,-0.4303394117465
52610,0.429553727922341,0.318053121208036,0.989836899044907
52614,0.426183092894701,0.314345422677632,0.998917114489646
52619,0.489551031414318,0.440946474315761,0.822369511702113
52623,0.488742079007685,0.442834029931239,0.998917942179137
52632,0.504516650937037,0.482270459754618,0.978859629080712
52634,0.0532560334366995,0.0277066199271943,-0.128071319693927
52643,0.50896588917352,0.473709046784414,0.991085088013941
52650,0.0527167318322772,0.0274369691249832,0.984937033663059
52651,0.0510988270190104,0.0266280167183497,-0.13808941340358
52658,0.444519347445059,0.349669677767291,-0.708301180877276
52661,0.0893892409329918,0.0475259538897128,-0.169392007204719
52672,0.501415666711608,0.5,-0.520184179302452
52680,0.478630173924767,0.420790076850479,-0.659808932345235
52713,0.486180396386679,0.483483888364568,-0.544089684307152
52729,0.429553727922341,0.31913172441688,-0.233006985459041
52742,0.383308615343131,0.298570850748281,0.997181306085895
52745,0.384117567749764,0.29466091411622,0.996245165010911
52778,0.350276392072266,0.228933531077255,1
52787,0.339894836187138,0.234124309019819,-0.282018418655401
52790,0.436969124983147,0.315154375084266,0.729853734271437
52791,0.326681946878792,0.203114466765539,0.857118455642085
52795,0.345692328434677,0.224619118241877,0.960341277518876
52799,0.179587434272617,0.107051368477821,-0.141034657651668
52804,0.22300121342861,0.125926924632601,0.642527933343382
52807,0.220439530807604,0.12518538492652,0.725933120708581
52815,0.169610354590805,0.0986921936092759,0.614942637302664
52816,0.346905757044627,0.22711338816233,0.998102426610653
52827,0.191586894971013,0.107658082782796,-0.163941980619914
52839,0.186059053525684,0.103411082647971,-0.194562759340516
52843,0.474046110287178,0.413239854388567,0.996739543352631
52847,0.426587569098018,0.295806930025617,0.999668434835398
52867,0.330187407307537,0.216057705271673,0.671301669979694
52870,0.480652554941351,0.399959552379668,0.99621088800575
52874,0.239315086962384,0.151071861938789,0.999507419674424
52879,0.458271538357827,0.376904408790616,0.999439461908268
52883,0.451665093703654,0.377376297694486,1
52884,0.451665093703654,0.377376297694486,0.999172375274125
52891,0.438452204395308,0.360927598759606,0.759075273677979
52893,0.383713091546447,0.262774706754753,-0.141665040436365
52895,0.393690171228259,0.260752325738169,0.994823267512434
52899,0.169205878387488,0.0967372252932452,0.451529175887972
52907,0.170958608601861,0.0959956855871646,0.456760419606788
52916,0.0179317783470406,0.00923553997573145,0.135279575179248
52928,0.37845490090333,0.265808278279628,0.938239628560616
52937,0.376702170688958,0.264931913172442,0.99377805640253
52945,0.389240932991776,0.291425104489686,0.999537263900001
52949,0.378185250101119,0.265943103680733,-0.206555066368492
52950,0.250775246056357,0.141297020358636,0.99770149063433
52952,0.244573277605501,0.140892544155319,1
52961,0.255224484292841,0.147970877713361,0.999729363195762
52963,0.251044896858568,0.148038290413914,0.973903010827311
52968,0.242011594984495,0.146622623702305,0.975225322784677
52971,0.247809087232035,0.144937306188486,-0.209048635438552
52978,0.496831603074019,0.45955237966833,0.999185928573431
52996,0.513010651206687,0.437575839288122,-0.529434687310392
52998,0.512741000404476,0.436362410678172,0.99828833936279
52999,0.511662397195632,0.4370365376837,0.99457571462665
53002,0.510988270190104,0.436969124983147,0.99985755469386
53012,0.375219091276797,0.254348119185655,-0.532180646968186
53023,0.407037885937711,0.270931643521639,-0.513250165236387
53025,0.416206013212889,0.289537548874208,0.905287872923665
53026,0.375219091276797,0.254348119185655,-0.298349011112478
53027,0.358905217743023,0.224484292840771,0.987421139901035
53029,0.508561412970204,0.436834299582041,0.999858281531403
53034,0.500202238101658,0.432654712147769,0.999860049587539
53035,0.500337063502764,0.432587299447216,-0.497021008344931
53037,0.347714709451261,0.228866118376702,-0.334484886221436
53039,0.422947283268168,0.298166374544964,0.892387956715079
53046,0.512336524201159,0.438047728191991,0.997143330938994
53048,0.515167857624376,0.442025077524606,0.991222744055096
53060,0.45206956990697,0.308682755831199,-0.546737673177534
53064,0.371309154644735,0.255494135095052,0.947205439943707
53071,0.497236079277336,0.477416745314817,-0.574955569182491
53072,0.37238775785358,0.253471754078468,-0.343027137779252
53089,0.493326142645274,0.445935014156667,0.893543477300237
53100,0.511123095591209,0.439867871106916,-0.627875178140594
53109,0.493326142645274,0.442429553727922,-0.474911301500487
53118,0.356882836726439,0.225225832546852,-0.460375113612289
53121,0.510583793986787,0.440946474315761,-0.528556420689674
53129,0.509505190777943,0.441350950519078,0.997879353727179
53135,0.0810300660644465,0.043076715653229,0.32261355162157
53136,0.446811379263853,0.305649184306323,0.993468517225486
53137,0.446406903060537,0.303424565188081,-0.562311577379028
53138,0.510988270190104,0.440879061615208,0.999858147072781
53140,0.510988270190104,0.440879061615208,-0.478139908225305
53142,0.506808682755831,0.44067682351355,-0.47216143583139
53143,0.364298233787246,0.232304166104894,-0.345088184766084
53151,0.504247000134825,0.440070109208575,0.983291917927954
53156,0.507482809761359,0.441553188620736,0.999155600283639
53157,0.507213158959148,0.441553188620736,0.999578052981431
53162,0.507482809761359,0.441553188620736,0.930146937817248
53173,0.508696238371309,0.443777807738978,0.965325407012433
53174,0.490090333018741,0.440137521909128,1
53179,0.498719158689497,0.487596063098288,0.916320725999374
53198,0.408655790750977,0.311109613051099,0.824093145697674
53199,0.332074962923015,0.231562626398814,0.947361536349682
53205,0.454766077929082,0.342523931508696,0.923405004904887
53209,0.45786706215451,0.342456518808143,0.806584632092926
53214,0.431036807334502,0.359242281245787,0.982819908297887
53216,0.430767156532291,0.356680598624781,0.980099758216738
53220,0.274234865848726,0.1743292436295,0.990167998308424
53221,0.276122421464204,0.171767561008494,-0.105459990708392
53226,0.276122421464204,0.170149656195227,0.463335469093299
53232,0.512336524201159,0.472563030875017,0.999721846852473
53236,0.494135095051908,0.440541998112444,0.928979438187168
53239,0.453552649319132,0.336524201159498,0.990155964607163
53241,0.471754078468383,0.482607523257382,0.99961624674385
53250,0.49103411082648,0.437508426587569,0.657179230577012
53253,0.507347984360254,0.478562761224215,0.519777442704856
53262,0.362141027369556,0.249022515841985,0.999475955471176
53276,0.357287312929756,0.245651880814345,0.999824442171851
53286,0.221248483214238,0.133814210597276,0.999443791043023
53288,0.219495752999865,0.134825401105568,-0.315219154684299
53289,0.447620331670487,0.345692328434677,-0.396480030653876
53293,0.291222866388028,0.179587434272617,-0.307199065740323
53294,0.370230551435891,0.261426452743697,0.972993242490952
53295,0.378050424700013,0.272482135634354,-0.350099251614491
53314,0.368208170419307,0.260145611433194,-0.347102742415525
53319,0.455305379533504,0.318794660914116,0.702525564459397
53320,0.305109882701901,0.190845355264932,0.98926313904366
53328,0.335175947148443,0.22421464203856,-0.371883305773575
53350,0.348254011055683,0.235607388431981,-0.275192843492821
53365,0.501550492112714,0.47795604691924,0.598296090957015
53372,0.487663475798841,0.389038694890117,0.999127213858461
53376,0.468653094242955,0.386274774167453,-0.450204350018832
53382,0.199137117432924,0.111972495618174,0.999660562696987
53398,0.497910206282864,0.400364028582985,0.95163844042037
53405,0.12687070244034,0.072468653094243,0.999051856039933
53423,0.343804772819199,0.222192261021977,-0.285074743013735
53435,0.323985438856681,0.202979641364433,0.808524481998337
53439,0.309424295537279,0.195024942699205,0.575210912526137
53447,0.48280976135904,0.371376567345288,0.643071444214203
53449,0.359174868545234,0.233922070918161,-0.186655077653867
53453,0.450990966698126,0.362343265471215,1
53455,0.450990966698126,0.362343265471215,0.977208993277094
53459,0.246595658622084,0.146757449103411,0.999469782385595
53466,0.367668868814885,0.24019145206957,-0.422067168334647
53467,0.499393285695025,0.401240393690171,0.95291436596825
53468,0.50047188890387,0.401105568289066,-0.422547580498084
53470,0.496831603074019,0.452136982607523,-0.421541897348181
53496,0.376971821491169,0.236888229742483,-0.244943894124049
53501,0.375219091276797,0.249224753943643,1
53503,0.376567345287852,0.249359579344749,0.998188948588432
53511,0.359444519347445,0.229877308884994,0.999613337797213
53512,0.359444519347445,0.229877308884994,0.963136355719047
53514,0.371174329243629,0.238573547256303,-0.477033299363378
53526,0.379937980315491,0.258190643117163,-0.323921429998569
53532,0.304570581097479,0.187609545638398,0.999116613656216
53533,0.304300930295268,0.187609545638398,-0.251107544333354
53537,0.305244708103007,0.187137656734529,-0.319470041239281
53560,0.503033571524875,0.480989618444115,0.606037458005652
53572,0.43292436294998,0.332277201024673,0.879889282757659
53574,0.478225697721451,0.385533234461373,0.877809545027351
53579,0.461372522583255,0.339625185384926,0.991937504532178
53580,0.465147633814211,0.337872455170554,-0.66689835380175
53585,0.503303222327086,0.475326951597681,0.959109854958933
53588,0.49831468248618,0.470270999056222,-0.854368310176606
53590,0.49224753943643,0.492854253741405,0.961693206411714
53591,0.494404745854119,0.490022920318188,-0.886380960479901
53603,0.517459889443171,0.44721585546717,0.999142514583505
53612,0.49224753943643,0.469394633949036,-0.560496394469408
53621,0.229338007280572,0.125994337333154,0.629275756602968
53624,0.42105972765269,0.311783740056627,0.560557367292527
53630,0.508831063772415,0.455305379533504,-0.630846813071137
53639,0.235539975731428,0.137858972630444,-0.292678624596426
53652,0.461237697182149,0.352366185789403,0.998509763663958
53660,0.455844681137926,0.402925711203991,-0.291228174218092
53668,0.212754482944587,0.115140892544155,0.995853767113312
53671,0.474720237292706,0.412363489281381,0.999863701556497
53674,0.187676958338951,0.103950384252393,-0.0927441490268675
53684,0.198328165026291,0.10968046379938,0.998948498079367
53687,0.198867466630713,0.109815289200485,-0.26006852315026
53691,0.190238640959957,0.105366050964002,-0.294002856716682
53714,0.488876904408791,0.485910745584468,0.939703545340174
53715,0.481326681946879,0.484697316974518,-0.700378938042503
53723,0.308210866927329,0.18376702170689,1
53725,0.454631252527976,0.345018201429149,-0.698061069791494
53727,0.395038425239315,0.274639342052043,-0.592127776442049
53732,0.513819603613321,0.47869758662532,-0.691352158946948
53738,0.498853984090603,0.461642173385466,0.912996899992252
53751,0.49952811109613,0.440137521909128,0.999861339697768
53752,0.499662936497236,0.44020493460968,0.987803860903842
53753,0.502359444519347,0.442766617230686,-0.208819265060219
53755,0.449238236483754,0.369826075232574,0.983554914773524
53763,0.470001348254011,0.396521504651476,0.991425997683644
53783,0.373331535661319,0.247067547525954,0.988722965075484
53786,0.349332614264527,0.22954024538223,0.514460656659823
53815,0.40798166374545,0.29176216799245,0.416333728272704
53826,0.290818390184711,0.180328973978698,1
53827,0.290818390184711,0.180328973978698,1
53834,0.171632735607388,0.094310368073345,-0.088053346600437
53843,0.373736011864635,0.252123500067413,0.999646249791331
53847,0.26344883376028,0.160172576513415,-0.123860794930945
53858,0.246191182418768,0.143993528380747,-0.121175008963446
53872,0.370365376836996,0.250573007954699,0.992089016448266
53874,0.0875016853175138,0.0448294458676014,0.360680916285575
53876,0.167048671969799,0.0893218282324389,0.998722385308377
53892,0.365916138600512,0.24794391263314,1
53895,0.365646487798301,0.24794391263314,0.351395714722863
53898,0.271133881623298,0.167385735472563,0.981898709197708
53899,0.265066738573547,0.162329782931104,0.925324117278412
53907,0.318322772010247,0.209181609815289,0.520450084692662
53908,0.114197114736416,0.0628960496157476,-0.0861942839953643
53911,0.319671026021302,0.207563705002022,0.5016827672143
53914,0.241607118781178,0.141566671160847,0.928608016479114
53935,0.290413913981394,0.180935688283673,0.78378023793739
53942,0.0935688283672644,0.0500202238101658,0.99790348734284
53948,0.337198328165026,0.223338276931374,0.997921087574024
53955,0.320210327625725,0.199204530133477,0.824189012630566
53959,0.319671026021302,0.196777672913577,0.998921815039579
53962,0.365646487798301,0.246056357017662,0.995161286851177
53964,0.36537683699609,0.245382230012134,0.994794589483113
53967,0.288526358365916,0.174464069030605,0.818710641955613
53968,0.366725091007146,0.239180261561278,0.997197157443667
53969,0.367668868814885,0.239112848860725,0.605769566936416
53979,0.382904139139814,0.251988674666307,-0.18694374013716
53980,0.121342860995011,0.0667385735472563,-0.185042814812406
53981,0.385870297964136,0.250910071457463,0.999815810338107
53988,0.387353377376298,0.259741135229877,0.993316453365706
54019,0.482674935957934,0.391667790211676,0.877062095473147
54022,0.508022111365781,0.446946204664959,0.296040682164086
54026,0.42470001348254,0.293919374410139,0.708282076302132
54029,0.511123095591209,0.445665363354456,0.634241960296208
54030,0.374275313469058,0.248752865039773,0.721638462408112
54032,0.100040447620332,0.0535256842389106,-0.0432420481033431
54034,0.103006606444654,0.0550087636510719,0.273852397004577
54038,0.130915464473507,0.0689631926654982,0.754359429972437
54042,0.486719697991102,0.484427666172307,-0.922034130559671
54044,0.497775380881758,0.472832681677228,0.766578870505016
54045,0.47094512606175,0.364095995685587,0.994975556941944
54053,0.467844141836322,0.358231090737495,-0.183873803339091
54067,0.493191317244169,0.420520426048267,0.419056249544877
54075,0.133746797896724,0.0726708911959013,-0.138756584626242
54078,0.303222327086423,0.184643386814076,0.998873104380474
54079,0.30362680328974,0.184845624915734,0.999549281148407
54083,0.131859242281246,0.0715922879870567,0.971162223448101
54096,0.278414453282999,0.172913576917891,-0.109189984849556
54114,0.242281245786706,0.137319671026021,0.431589442916044
54132,0.418363219630578,0.284414183632196,0.958998215466398
54137,0.423351759471484,0.297559660239989,-0.205863690783968
54139,0.141566671160847,0.0779290818390185,0.398549943198889
54141,0.459350141566671,0.347377645948497,0.727573844043533
54149,0.441418363219631,0.35229877308885,0.68409134477801
54150,0.311446676553863,0.203451530268303,0.997399067626969
54161,0.317783470405824,0.203249292166644,0.998774851744605
54166,0.1719023864096,0.0984899555076176,-0.187576073713907
54167,0.311716327356074,0.212080355939059,0.99123788914322
54169,0.311042200350546,0.214170149656195,0.982687067932206
54182,0.46609141162195,0.387960091681273,1
54183,0.46609141162195,0.387960091681273,0.732849751267845
54187,0.368342995820413,0.253202103276257,-0.535401672141557
54193,0.465821760819738,0.348995550761763,-0.552525104551963
54204,0.37966832951328,0.245112579209923,0.856829494496523
54218,0.362680328973979,0.256572738303896,0.993759711470859
54221,0.338142105972765,0.218956451395443,1
54223,0.50532560334367,0.492517190238641,0.569542812361754
54236,0.384522043953081,0.253606579479574,-0.0820640117036089
54237,0.452608871511393,0.328771740595928,-0.492635942595287
54243,0.160711878117837,0.0862882567075637,-0.159031874670968
54259,0.438047728191991,0.297896723742753,0.994088805905063
54275,0.429823378724552,0.312794930564918,0.998433128789807
54287,0.446541728461642,0.334771470945126,0.999544709128967
54292,0.491303761628691,0.441148712417419,0.923095942793023
54295,0.493595793447485,0.444586760145611,1
54298,0.488472428205474,0.406970473237158,0.505728106400857
54304,0.34164756640151,0.211406228933531,1
54305,0.34164756640151,0.211406228933531,1
54308,0.34164756640151,0.211406228933531,-0.245489201091248
54309,0.34650128084131,0.217068895779965,-0.330629183962519
54310,0.439126331400836,0.297492247539436,-0.332825310730358
54315,0.437643251988675,0.296481057031145,-0.331051610599398
54340,0.439261156801941,0.296346231630039,0.997609594262915
54355,0.453552649319132,0.347040582445733,-0.244889969709965
54358,0.484697316974518,0.353444788998247,0.998748012847182
54360,0.484292840771201,0.354051503303222,0.790372084507747
54370,0.329108804098692,0.195024942699205,-0.350079009588002
54374,0.479978427935823,0.3510853444789,0.800790950180739
54375,0.509235539975731,0.455237966832951,-0.517728451244759
54382,0.288526358365916,0.179722259673723,0.70411945134516
54393,0.412296076580828,0.300121342860995,0.888016991101638
54395,0.386409599568559,0.254685182688418,0.998554028536778
54409,0.436429823378725,0.310435486045571,0.99983945772552
54421,0.503572873129298,0.419778886342187,-0.473335180080655
54427,0.381016583524336,0.249426992045301,-0.213475834927886
54428,0.215316165565593,0.123297829311042,-0.215552324918411
54430,0.377915599298908,0.252325738169071,-0.481724878410903
54432,0.214642038560065,0.122421464203856,0.572913277272756
54438,0.294728326816772,0.177025751651611,-0.341490081951758
54448,0.495752999865175,0.404273965215047,0.965400715334134
54449,0.495483349062963,0.389443171093434,-0.749127006689635
54462,0.411891600377511,0.30072805716597,0.922131640234195
54465,0.0714574625859512,0.036537683699609,0.998054633859633
54472,0.167453148173116,0.091816098152892,-0.0652435421530953
54474,0.441553188620736,0.346164217338547,0.959838153334291
54475,0.457462585951193,0.356006471619253,-0.473178961229218
54477,0.438587029796414,0.320951867331805,0.960046086145683
54483,0.073075367399218,0.0373466361062424,0.95040122430046
54491,0.15059997303492,0.0801537009572604,1
54492,0.15059997303492,0.0801537009572604,-0.208325786547105
54497,0.152217877848187,0.0810974787649993,1
54500,0.329108804098692,0.207294054199811,-0.341093332222311
54505,0.502224619118242,0.442968855332345,-0.116320263664738
54507,0.444654172846164,0.304435755696373,0.994805989274139
54509,0.398948361871377,0.284144532829985,-0.402963784990214
54510,0.409869219360928,0.28596467574491,-0.148936557146979
54513,0.404476203316705,0.284211945530538,1
54516,0.493056491843063,0.41816098152892,-0.188699352321104
54517,0.106646892274505,0.0557503033571525,0.998052927481573
54542,0.321423756235675,0.20992314952137,0.998422485106631
54543,0.321423756235675,0.209653498719159,-0.1989183062646
54545,0.48280976135904,0.411015235270325,0.998471916126832
54548,0.0668733989483619,0.0342456518808143,0.986545878581878
54553,0.192665498179857,0.108062558986113,-0.12613706326773
54554,0.16853175138196,0.0934340029661588,-0.069503611675804
54560,0.278144802480787,0.171700148307941,-0.398562419751983
54565,0.423351759471484,0.296346231630039,-0.312612748411997
54572,0.423621410273696,0.297155184036673,-0.545121965818302
54575,0.177160577052717,0.0980180666037481,-0.141432001456117
54580,0.161386005123365,0.0862208440070109,0.998247708876793
54582,0.438182553593097,0.296481057031145,0.195203509770096
54584,0.432385061345557,0.283874882027774,-0.498972727263028
54586,0.279223405689632,0.170351894296886,-0.156958206760392
54588,0.21477686396117,0.117365511662397,-0.150181504618931
54592,0.519212619657544,0.45375488742079,-0.757811637700201
54593,0.503303222327086,0.413442092490225,0.999855629538473
54600,0.434811918565458,0.285357961439935,-0.292385851853289
54608,0.213833086153431,0.116623971956317,-0.1505446920667
54612,0.426722394499124,0.290885802885264,-0.284154037253232
54635,0.0289874612376972,0.0151678576243764,0.105067115767098
54647,0.510988270190104,0.486584872589996,0.157850980203548
54649,0.215046514763381,0.11911824187677,-0.0673308852720558
54656,0.509235539975731,0.485843332883915,0.988550692150352
54658,0.500202238101658,0.473102332479439,0.430008281468636
54662,0.423891061075907,0.281650262909532,0.96628069538371
54672,0.422947283268168,0.277403262774707,0.98725554179421
54675,0.178913307267089,0.0980854793043009,0.999614834816972
54678,0.264797087771336,0.152622354051503,-0.176227722029695
54679,0.189160037751112,0.102804368342996,0.548875939035575
54683,0.41283537818525,0.263314008359175,0.962445396241709
54688,0.424565188081435,0.281582850208979,0.564196860919537
54692,0.206687339894836,0.115612781448025,-0.138852960117186
54695,0.465552110017527,0.347916947552919,0.516147882124323
54705,0.347040582445733,0.216529594175543,0.735422385817472
54725,0.204395308076042,0.114871241741944,0.998999902308315
54745,0.420790076850479,0.281313199406768,-0.19852202718935
54754,0.484427666172307,0.381623297829311,0.172840887127056
54755,0.0270999056222192,0.0142240798166374,0.735453647972649
54757,0.0494809222057436,0.0259538897128219,-0.109223520521181
54759,0.0504247000134825,0.0264257786166914,-0.0762684393997166
54761,0.322367534043414,0.189362275852771,0.599070784917388
54762,0.493191317244169,0.385330996359714,0.994658532571138
54764,0.492652015639747,0.384656869354186,0.969558111939969
54768,0.308210866927329,0.180800862882567,-0.227858596638004
54773,0.489685856815424,0.372252932452474,0.957540766022028
54774,0.493865444249697,0.387555615477956,1
54797,0.420385600647162,0.295537279223406,0.972495157760199
54799,0.259269246326008,0.157273830389645,-0.194161279534556
54802,0.298368612646623,0.171026021302413,-0.145831149231313
54806,0.0399083187272482,0.0206282863691519,-0.0653599047230612
54807,0.241067817176756,0.144263179182958,-0.168118824594564
54808,0.215855467170015,0.121949575299987,-0.347036650946161
54815,0.221652959417554,0.125522448429284,0.436137489172713
54831,0.254280706485102,0.15302683025482,1
54832,0.254280706485102,0.15302683025482,-0.180394767913997
54837,0.350950519077794,0.224282054739113,-0.277030779474111
54838,0.294863152217878,0.181137926385331,0.65900091395924
54842,0.46029391937441,0.330726708911959,0.598533566899546
54847,0.187272482135634,0.106444654172846,-0.142786357742051
54864,0.250910071457463,0.150802211136578,-0.289133263222756
54874,0.474989888094917,0.374612376971821,0.990509207075947
54876,0.475933665902656,0.373061884859107,0.967833664138641
54885,0.494539571255224,0.37238775785358,1
54887,0.434811918565458,0.30773897802346,0.982965527954187
54892,0.492921666441958,0.383173789942025,0.999405289393352
54893,0.492382364837535,0.383443440744236,0.970325980637216
54898,0.237023055143589,0.133207496292301,1
54901,0.26924632600782,0.164554402049346,0.227076477958978
54902,0.327895375488742,0.200755022246191,-0.410445605283686
54904,0.440609410812997,0.351624646083322,-0.290269059707808
54906,0.437103950384252,0.309154644735068,-0.251176640907435
54907,0.250775246056357,0.137656734528785,0.430393023105856
54924,0.262774706754753,0.160509640016179,-0.327683198119333
54925,0.425374140488068,0.329985169205878,-0.486151993364642
54926,0.435620870972091,0.330524470810301,-0.436738869465039
54929,0.4140488067952,0.284953485236619,0.969264107462463
54953,0.269111500606714,0.164621814749899,0.999280370153314
54969,0.504516650937037,0.38546582176082,0.989317847516916
54974,0.502763920722664,0.384724282054739,-0.403307628074451
54978,0.328973978697587,0.20870972091142,-0.130032718483412
54984,0.0417958743427262,0.0210327625724687,0.986950623453414
54988,0.0417958743427262,0.0211675879735742,1
54990,0.385061345557503,0.256707563705002,-0.254767673408335
54993,0.265066738573547,0.14938654442497,-0.333766835652757
55011,0.427396521504651,0.288391532964811,-0.401962115298228
55025,0.394768774437104,0.265201563974653,1
55036,0.396656330052582,0.266954294189025,0.619162772324667
55045,0.242146420385601,0.146690036402858,-0.22462105357105
55046,0.324120264257786,0.207226641499259,-0.319721473649854
55054,0.398948361871377,0.271066468922745,0.941313369914573
55058,0.0796818120533909,0.0446946204664959,-0.173194586232735
55070,0.487393824996629,0.39321828232439,0.911065579852877
55071,0.489281380612107,0.406970473237158,0.928139448413274
55078,0.488337602804368,0.391128488607254,0.993620859984429
55080,0.468922745045167,0.365511662397196,0.99661883164749
55081,0.469057570446272,0.365174598894432,-0.634594684165968
55087,0.0319536200620197,0.0178643656464877,-0.0560417481769176
55105,0.303896454091951,0.18740730753674,0.546335929926732
55117,0.355264931913172,0.234528785223136,0.409471127888391
55131,0.369286773628152,0.24625859511932,0.999639003663664
55137,0.366859916408251,0.244910341108265,1
55142,0.501550492112714,0.417823918026156,0.999857043787319
55146,0.30362680328974,0.189968990157746,0.612055920871845
55151,0.298773088849939,0.185519751921262,-0.251597042645943
55156,0.483483888364568,0.413913981394095,0.996137055427568
55157,0.480787380342456,0.412970203586356,-0.421329676285717
55159,0.355399757314278,0.218417149791021,-0.390003973662349
55169,0.309424295537279,0.193002561682621,-0.380827122317089
55170,0.479708777133612,0.369691249831468,-0.644904752165066
55172,0.229742483483888,0.137252258325469,-0.202746711869626
55184,0.300256168262101,0.185991640825131,0.994256880842832
55195,0.0366725091007146,0.0194148577592018,-0.10406550175393
55220,0.517999191047593,0.499932587299447,0.887365255449636
55229,0.025616826210058,0.0137521909127679,0.14014788314863
55231,0.0358635566940812,0.0182014291492517,-0.0851372490893687
55235,0.465821760819738,0.364770122691115,-0.63031503131529
55242,0.283402993123905,0.180800862882567,-0.0273711894431906
55243,0.0291222866388028,0.0155049211271403,-0.0279876827926011
55260,0.443710395038425,0.35519751921262,-0.37879610435118
55265,0.296346231630039,0.189564513954429,0.998940853049899
55268,0.427666172306863,0.340164486989349,0.998996257879225
55269,0.427800997707968,0.340231899689902,0.999713195793115
55285,0.372118107051368,0.253067277875152,0.650747763608489
55286,0.473911284886073,0.442834029931239,0.549039581310653
55287,0.296211406228934,0.188283672643926,0.690527211154467
55293,0.191586894971013,0.104961574760685,-0.161814837459035
55295,0.292301469596872,0.18619387892679,0.838556780636534
55310,0.234731023324794,0.140959956855872,0.574105088531134
55316,0.354995281110961,0.22711338816233,1
55319,0.494000269650802,0.495348523661858,0.655625391087525
55320,0.435620870972091,0.306795200215721,0.65411576945246
55321,0.494000269650802,0.496561952271808,0.653930527757203
55323,0.495752999865175,0.494337333153566,0.515053292168522
55334,0.297559660239989,0.189497101253876,-0.333933468357432
55337,0.453822300121343,0.340973439395982,0.964040364621533
55347,0.326816772279898,0.216125117972226,0.999231566171106
55360,0.485371443980046,0.421733854658218,0.983933579687517
55372,0.386544424969664,0.288189294863152,0.999844696272091
55377,0.325198867466631,0.213967911554537,0.996701805136604
55383,0.325603343669947,0.21403532425509,0.974541322252267
55385,0.326547121477686,0.213698260752326,1
55387,0.319536200620197,0.209788324120264,0.987287377614133
55400,0.323715788054469,0.212417419441823,0.992600453954062
55401,0.319940676823514,0.210260213024134,0.999608496691041
55403,0.320210327625725,0.210529863826345,0.996088779028363
55418,0.375488742079008,0.249764055548065,-0.224366438137638
55422,0.471349602265067,0.459350141566671,0.63330858820056
55427,0.475124713496023,0.353647027099906,0.44003405388423
55437,0.30241337467979,0.19637319671026,0.999385092883161
55440,0.302683025482001,0.196642847512471,0.988646373594016
55442,0.302548200080895,0.196575434811919,0.571092345494618
55443,0.464877983011999,0.442901442631792,0.57075497616693
55458,0.377106646892275,0.253943642982338,0.999645959337698
55464,0.37481461507348,0.251449373061885,0.999821719464354
55465,0.374679789672374,0.251381960361332,-0.257947944497993
55466,0.299177565053256,0.196642847512471,1
55471,0.4721585546717,0.36173655116624,-0.370751947879562
55475,0.194283402993124,0.110219765403802,-0.268174591294282
55484,0.374140488067952,0.252190912767965,-0.261452313382697
55487,0.467574491034111,0.452339220709182,0.560881750030944
55493,0.476068491303762,0.372050694350816,-0.379094528037682
55500,0.486180396386679,0.436160172576513,0.999864511540622
55502,0.300390993663206,0.193878926789807,-0.446542777994642
55510,0.29904273965215,0.19441822839423,-0.37707650943759
55516,0.19805851422408,0.111837670217069,-0.198099172928586
55525,0.300660644465417,0.196710260213024,0.572971163483341
55530,0.30119994606984,0.196440609410813,0.999592129102063
55541,0.311851152757179,0.202979641364433,0.913587431494432
55544,0.309963597141702,0.202035863556694,0.996783404850342
55548,0.366455440204935,0.249561817446407,0.878276741625322
55551,0.350411217473372,0.228866118376702,0.917366682298671
55556,0.307806390724012,0.201092085748955,1
55558,0.304166104894162,0.19927194283403,0.993386503449617
55562,0.307671565322907,0.201563974652825,1
55565,0.312794930564918,0.207226641499259,0.998826534601394
55566,0.31306458136713,0.20749629230147,0.998239690740388
55568,0.31306458136713,0.206013212889308,0.998817492296771
55570,0.313469057570446,0.207698530403128,1
55572,0.314143184575974,0.208440070109209,1
55582,0.314817311581502,0.207159228798706,0.999014768105478
55585,0.399622488876904,0.285829850343805,0.808125379266425
55594,0.314682486180396,0.206417689092625,1
55608,0.313603882971552,0.206687339894836,0.999016579737068
55618,0.0688957799649454,0.0388971282189564,0.338973513924245
55626,0.30726708911959,0.202979641364433,0.980317010699436
55630,0.330052581906431,0.218686800593232,0.964104925551228
55635,0.319401375219091,0.211203990831873,0.970791497586327
55638,0.314952136982608,0.206552514493731,0.967676145730841
55643,0.298503438047728,0.199137117432924,0.999206160983534
55651,0.335310772549548,0.221181070513685,0.984525014592144
55652,0.335984899555076,0.22057435620871,0.997507043702473
55654,0.335445597950654,0.22057435620871,0.99655158399515
55663,0.314547660779291,0.206350276392072,0.999604073859522
55666,0.316570041795874,0.208844546312525,0.98546512248729
55669,0.317109343400297,0.207091816098153,0.953091485307022
55681,0.315221787784819,0.20749629230147,1
55682,0.315221787784819,0.20749629230147,1
55708,0.313469057570446,0.205945800188756,0.99841992818196
55716,0.312525279762707,0.205473911284886,0.94791629262219
55724,0.33342321693407,0.220506943508157,0.956571299569063
55725,0.312794930564918,0.206282863691519,0.992316592478068
55736,0.442227315626264,0.326547121477686,0.66929533558653
55738,0.294054199811244,0.181677227989753,0.995070564567212
55739,0.295672104624511,0.182351354995281,0.984862580363821
55743,0.297559660239989,0.18329513280302,0.99932870310169
55746,0.244977753808818,0.150802211136578,0.98075765122154
55754,0.297424834838884,0.183092894701362,0.825457365660357
55760,0.297020358635567,0.182890656599703,-0.23334426348853
55763,0.477281919913712,0.497775380881758,0.900703754678577
55765,0.462046649588783,0.36126466226237,-0.343465126953681
55767,0.297559660239989,0.183699609006337,-0.341293537472977
55771,0.205204260482675,0.122556289604962,-0.203190171032759
55773,0.28933531077255,0.178104354860456,0.992497994451887
55779,0.290009437778077,0.178576243764325,0.998412065906812
55781,0.303761628690845,0.186261291627343,0.965800555309369
55782,0.290009437778077,0.177632465956586,0.965102274826714
55785,0.288121882162599,0.177227989753269,0.995892506451818
55786,0.288391532964811,0.177497640555481,0.994767270674532
55789,0.287717405959283,0.177160577052717,0.999543747427972
55801,0.298233787245517,0.18619387892679,0.999124360184963
55811,0.326816772279898,0.21356343535122,0.990047323857178
55823,0.200215720641769,0.114399352838075,0.999013199466048
55836,0.492382364837535,0.422407981663745,-0.163762469587226
55839,0.0695699069704732,0.0358635566940811,0.0676669249511053
55851,0.492786841040852,0.495281110961305,0.673396394582887
55858,0.404745854118916,0.274639342052043,0.994161778170694
55864,0.396521504651476,0.276594310368073,-0.584654194983449
55865,0.484292840771201,0.47337198328165,-0.181932830358405
55870,0.352568423891061,0.24140488067952,0.999113877234264
55874,0.356343535122017,0.245988944317109,0.997729194647114
55877,0.165161116354321,0.0926924632600782,-0.0394306654382525
55905,0.264122960765808,0.170621545099097,-0.138885577348238
55906,0.171767561008494,0.101793177834704,0.491401577123717
55907,0.331131185115276,0.223810165835243,0.686807064595465
55909,0.370230551435891,0.243494674396656,0.997610467922614
55915,0.398409060266954,0.267291357691789,0.256967839684103
55917,0.516246460833221,0.461844411487124,-0.144178658200544
55935,0.0598624780908723,0.0318187946609141,0.995770287632049
55947,0.22178778481866,0.13462316300391,-0.100939335869035
55949,0.132803020088985,0.0742213833086154,-0.0985345649882256
55959,0.220304705406499,0.133881623297829,0.985690949159775
55962,0.0599973034919779,0.031212080355939,-0.0366322011008356
55964,0.270999056222192,0.161520830524471,0.999502015988331
55976,0.220978832412026,0.129230146959687,0.986466916093016
55980,0.143319401375219,0.0747606849130377,-0.0276517479779853
55986,0.303222327086423,0.181407577187542,-0.0404923056729417
55996,0.461642173385466,0.347175407846838,0.766385854402833
55999,0.384926520156397,0.248550626938115,0.887938696189838
56020,0.377106646892275,0.237360118646353,0.992442801499169
56030,0.0497505730079547,0.0256842389106108,0.906644429581796
56036,0.194553053795335,0.11332074962923,0.999349811553175
56046,0.0578400970742888,0.0297290009437778,0.971846662786872
56048,0.195496831603074,0.10920857489551,0.462066433754719
56061,0.194148577592018,0.113927463934205,1
56063,0.0609410812997169,0.031549143858703,-0.0263191003943274
56064,0.192665498179857,0.106849130376163,-0.0263191003943274
56069,0.184845624915734,0.110489416206013,-0.168365836052747
56077,0.177295402453822,0.106849130376163,0.510850373405622
56099,0.428475124713496,0.325064042065525,0.816594210274568
56103,0.193609275987596,0.107455844681138,0.380482459706796
56110,0.136173655116624,0.0742887960091682,-0.0441899090171348
56111,0.0598624780908723,0.0307401914520695,1
56121,0.286234326547121,0.164689227450452,-0.080486913304676
56127,0.0599973034919779,0.0308076041526224,0.0111271969227897
56133,0.217338546582176,0.127544829445868,0.684311670069435
56145,0.236753404341378,0.132668194687879,0.480443389957963
56149,0.319536200620197,0.207900768504786,-0.230443373989801
56150,0.256707563705002,0.146959687205069,0.927653615757505
56157,0.314952136982608,0.206417689092625,0.937150413795028
56167,0.369826075232574,0.23655116623972,1
56168,0.369826075232574,0.23655116623972,0.476014910108835
56171,0.447889982472698,0.365781313199407,0.920827501906893
56206,0.253202103276257,0.151274100040448,-0.152181014602852
56208,0.227180800862883,0.132331131185115,0.992163773310437
56216,0.454091950923554,0.399352838074693,-0.0540809337214161
56219,0.47337198328165,0.402790885802885,-0.287743535168066
56222,0.0583793986787111,0.0298638263448834,0.986091433463846
56228,0.431441283537819,0.320614803829041,0.393377345125529
56232,0.135769178913307,0.0744910341108265,0.442044430370221
56236,0.0622893353107725,0.0326277470675476,0.0328128826528215
56250,0.0527167318322772,0.0277066199271943,0.998774609261553
56252,0.0527167318322772,0.0277066199271943,0.998774609261553
56262,0.140622893353108,0.0735472563030874,0.658923705762955
56264,0.134420924902252,0.0736820817041931,0.687292897796699
56270,0.268572199002292,0.159363624106782,-0.0686429775751438
56272,0.0560873668599164,0.0288526358365916,-0.0220223195690651
56280,0.208035593905892,0.125320210327626,0.754332500614728
56281,0.326547121477686,0.201563974652825,1
56285,0.0657947957395173,0.036537683699609,0.003350212466926
56296,0.467170014830794,0.342389106107591,0.962439552844076
56298,0.0624241607118781,0.0320210327625725,0.998904459062
56307,0.0641768909262505,0.0330322232708642,0.284887362230107
56308,0.462181474989888,0.348928138061211,0.280891942265029
56316,0.268572199002292,0.159093973304571,-0.122178219502201
56322,0.0637724147229338,0.0326951597681003,0.998924968311214
56331,0.0632331131185115,0.0324255089658891,-0.0298415270326405
56333,0.0636375893218282,0.0326277470675476,0.898103283091691
56334,0.0513684778212215,0.0264931913172441,-0.0203621666834262
56342,0.22300121342861,0.134420924902252,0.991910429662697
56347,0.23607927733585,0.141364433059188,-0.149447460977249
56358,0.401914520695699,0.268909262505056,0.00112928480710964
56394,0.334232169340704,0.215922879870568,-0.0959983702861241
56395,0.0599973034919779,0.0324255089658891,0.976190042049284
56402,0.46272077659431,0.422138330861534,0.201406833885691
56406,0.0508291762167992,0.0262235405150331,-0.121674283747803
56407,0.459350141566671,0.393083456923284,0.998503993515456
56408,0.458676014561143,0.392341917217204,0.999863834451848
56410,0.373466361062424,0.255224484292841,0.918830800942969
56412,0.455035728731293,0.397397869758663,0.999865971997223
56429,0.055278414453283,0.028448159633275,0.946308081729516
56434,0.131859242281246,0.0709181609815289,-0.035212288061527
56437,0.437238775785358,0.33389510583794,0.999851016814137
56443,0.275987596063098,0.171700148307941,0.998620820752655
56465,0.27410004044762,0.167655386274774,0.99857853873741
56467,0.202777403262775,0.118107051368478,-0.166174450148801
56472,0.412161251179722,0.295065390319536,0.933515384060328
56474,0.0573007954698665,0.0293245247404611,0.370948641571294
56476,0.259269246326008,0.157813131994068,0.888909936898837
56482,0.48982068221653,0.466563300525819,0.137341613799347
56486,0.368612646622624,0.247269785627612,0.396213446224977
56489,0.248213563435351,0.151476338142106,-0.0932253655806692
56491,0.0982877174059593,0.0523796683295132,-0.0602313042573743
56495,0.0574356208709721,0.0293919374410139,0.997628953882818
56498,0.426452743696912,0.316098152892005,0.247357177723695
56509,0.26560604017797,0.160846703518943,0.999754247498068
56516,0.0567614938654442,0.02905487393825,0.370323715164911
56519,0.297020358635567,0.190036402858298,0.370870883471924
56520,0.0564918430632331,0.0289200485371444,-0.0768682097983414
56533,0.268976675205609,0.162532021032763,-0.301816572832249
56541,0.402723473102332,0.281582850208979,-0.105910604690775
56553,0.506269381151409,0.449844950788729,0.639187679082396
56555,0.0573007954698665,0.0294593501415666,1
56557,0.485641094782257,0.4673048402319,0.114620477790414
56568,0.0556828906565997,0.0287852231360388,0.994045992651493
56570,0.475529189699339,0.418295806930026,0.980230598840334
56580,0.0831872724821356,0.0429418902521235,0.291163861670662
56581,0.421599029257112,0.305312120803559,0.679037884573678
56584,0.496696777672914,0.462585951193205,0.121322120309101
56586,0.0566266684643387,0.0289874612376971,0.208779151732626
56589,0.509640016179048,0.470675475259539,0.996126402012603
56591,0.510718619387893,0.440609410812997,0.479852388247323
56608,0.417014965619523,0.289672374275313,0.971295454447111
56609,0.420790076850479,0.289133072670891,0.942710071470795
56610,0.424969664284751,0.307671565322907,-0.206332816603346
56614,0.337333153566132,0.221922610219765,0.987736718393976
56618,0.056222192261022,0.0287852231360388,0.124653825473642
56620,0.339085883780504,0.221990022920318,-0.460462237514412
56623,0.0486719697991101,0.025010111905083,0.974064797666105
56638,0.056222192261022,0.0287852231360388,0.995143071045525
56647,0.525279762707294,0.477551570715923,0.151101137440622
56648,0.0539301604422273,0.0304705406498584,0.00802405364929901
56652,0.504921127140353,0.461574760684913,-0.476871531087361
56663,0.345422677632466,0.227045975461777,-0.32339619389369
56671,0.0481326681946879,0.0247404611028718,0.928449171952764
56675,0.395038425239315,0.275852770661993,-0.361937868944503
56676,0.342591344209249,0.224821356343535,0.999619779794789
56688,0.498179857085075,0.468585681542403,-0.561423176395871
56689,0.394903599838209,0.276459484966968,-0.417182412027167
56694,0.0486719697991101,0.025010111905083,-0.104249807113614
56696,0.423621410273696,0.305109882701901,0.244233096116566
56720,0.367264392611568,0.239449912363489,-0.12324528817778
56721,0.0559525414588108,0.0289200485371444,-0.101906751125747
56722,0.34164756640151,0.225023594445193,-0.101906751125747
56730,0.416206013212889,0.298436025347175,0.292563244689643
56732,0.0980180666037481,0.0544020493460968,-0.0568719747588796
56737,0.388566805986248,0.261426452743697,-0.27709843688891
56745,0.415127410004045,0.290346501280841,-0.378431836209052
56746,0.385600647161925,0.265740865579075,-0.116995534872143
56748,0.0548739382499663,0.0282459215316165,0.993845103416631
56753,0.0546042874477552,0.0279762707294055,0.996285882893996
56754,0.0550087636510719,0.0281785088310638,0.998763142590771
56755,0.0548739382499663,0.028111096130511,0.143130413760894
56756,0.343939598220305,0.228191991371174,0.943567500337528
56763,0.471888903869489,0.387757853579614,0.99830766042447
56764,0.471888903869489,0.387083726574087,-0.127361410608062
56765,0.048402318996899,0.0247404611028718,-0.0711202491561291
56767,0.372927059458002,0.243629499797762,0.302239871403324
56772,0.413913981394095,0.298098961844412,-0.557688738407987
56775,0.376971821491169,0.256572738303896,-0.376235319829299
56784,0.0521774302278549,0.0282459215316165,0.99765781054343
56791,0.493326142645274,0.412093838479169,0.925645010471834
56795,0.420924902251584,0.321423756235675,0.948958195301757
56797,0.436834299582041,0.333288391532965,-0.14569629354878
56800,0.0901981933396252,0.0473911284886073,-0.184157755870358
56807,0.0524470810300661,0.0274369691249832,1
56808,0.0524470810300661,0.0274369691249832,0.376895485642327
56843,0.0613455575030336,0.0316165565592558,1
56844,0.0613455575030336,0.0316165565592558,1
56852,0.061210732101928,0.0335715248752865,1
56855,0.428475124713496,0.301739247674262,0.282827481479208
56866,0.0541998112444384,0.0280436834299582,-0.107630252406212
56867,0.406228933531077,0.278751516785762,0.154057035640384
56870,0.136982607523257,0.0761763516246461,0.986757963017251
56872,0.0888499393285695,0.0456383982742349,0.359249476985317
56880,0.437643251988675,0.315761089389241,0.767908392426942
56891,0.413105028987461,0.295267628421195,0.992007775294142
56892,0.408251314547661,0.291896993393555,0.856596405178
56897,0.0577052716731832,0.0299312390454362,-0.0675910168107492
56911,0.440744236214103,0.320277740326277,0.766258364431075
56917,0.360927598759606,0.233989483618714,0.760320165171863
56931,0.427800997707968,0.307064851017932,0.984739198939091
56934,0.441688014021842,0.317244168801402,0.851088321865983
56936,0.0581097478764999,0.0310772549548335,0.998920194215294
56949,0.0577052716731832,0.0297964136443306,-0.0386304077026045
56950,0.0531212080355939,0.0295267628421194,0.977979498377028
56952,0.0558177160577053,0.0316839692598085,0.966284716785809
56966,0.0581097478764999,0.0301334771470945,0.82405501537128
56976,0.231764864500472,0.13583659161386,-0.107534999798042
56979,0.283807469327221,0.169273291088041,0.875979384881281
56981,0.231360388297155,0.137252258325469,-0.105805064595756
57013,0.0606714304975057,0.0314143184575975,0.947341183773424
57014,0.0604017796952946,0.031549143858703,-0.106549747934304
57017,0.229742483483888,0.134286099501146,0.977430768164298
57018,0.238775785357961,0.139611702844816,0.883492600096496
57022,0.0573007954698665,0.0297290009437778,0.359357251915086
57025,0.0573007954698665,0.0297290009437778,-0.109495852996659
57032,0.246595658622084,0.151880814345423,0.910695577298172
57034,0.246595658622084,0.151880814345423,0.845665834671421
57059,0.0764460024268572,0.0402453822300122,0.839952015462346
57072,0.049346096804638,0.025616826210058,0.752397029412258
57077,0.0564918430632331,0.0293245247404611,0.363669946970729
57084,0.294458676014561,0.179587434272617,0.98371886423504
57086,0.294054199811244,0.183429958204126,-0.00290846505125322
57091,0.354590804907645,0.236888229742483,0.987223830827794
57095,0.0566266684643387,0.0295267628421194,0.968720966909363
57096,0.0601321288930835,0.0312794930564918,0.997826714551473
57098,0.351220169880005,0.235068086827558,0.349206503086198
57101,0.0616152083052447,0.0322906835647836,0.862905921380607
57111,0.338951058379399,0.208844546312525,-0.0864605339801986
57117,0.0568963192665498,0.0296615882432251,1
57121,0.266954294189025,0.157610893892409,-0.0248695173210814
57122,0.0560873668599164,0.0310098422542807,1
57129,0.337198328165026,0.209046784414184,0.998337130454725
57138,0.336254550357287,0.207631117702575,0.993972611214505
57140,0.304166104894162,0.191721720372118,0.346072305402868
57141,0.0508291762167992,0.0266280167183497,-0.0514029123502231
57144,0.491843063233113,0.472023729270595,-0.728784439549279
57146,0.33800728057166,0.208642308210867,0.992052608048277
57150,0.337872455170554,0.20870972091142,0.984998356874152
57152,0.388836456788459,0.254550357287313,0.306710682947984
57153,0.0568963192665498,0.0296615882432251,0.952393953697345
57156,0.339894836187138,0.209720911419711,-0.077552573280429
57157,0.0570311446676554,0.0297290009437778,1
57172,0.0559525414588108,0.0302683025482001,0.0377219947018834
57174,0.486315221787785,0.391330726708912,0.954377507003782
57178,0.499662936497236,0.447081030066064,-0.172401842253797
57179,0.0575704462720777,0.0299986517459889,0.99540808988859
57186,0.373331535661319,0.252190912767965,0.276290645605168
57187,0.0500202238101658,0.0262235405150331,1
57202,0.0469192395847378,0.0250775246056357,1
57215,0.0750977484158015,0.0391667790211676,0.997321400196097
57218,0.412430901981933,0.346029391937441,-0.604864205543178
57232,0.0560873668599164,0.0292571120399083,0.199266229402217
57233,0.514358905217743,0.434744505864905,-0.442228898118881
57245,0.343265471214777,0.223540515033032,0.999807971500957
57255,0.0556828906565997,0.02905487393825,0.192641391025651
57265,0.413913981394095,0.318862073614669,1
57267,0.360927598759606,0.240730753673992,-0.466421794249241
57275,0.445058649049481,0.308413105028987,-0.358214207663823
57277,0.386948901172981,0.261561278144802,0.988252717236686
57286,0.477281919913712,0.393285695024943,0.913560106008714
57316,0.515302683025482,0.489955507617635,-0.179919741172203
57324,0.511797222596737,0.472293380072806,0.154440975071642
57340,0.440609410812997,0.330591883510853,-0.121860512841767
57344,0.46150734798436,0.345355264931913,0.77152157078681
57345,0.482135634353512,0.408520965349872,0.779002575473481
57349,0.420924902251584,0.321963057840097,-0.236265764964526
57355,0.457192935148982,0.35641094782257,-0.484637561551305
57360,0.251314547660779,0.153161655655926,-0.201211090606463
57362,0.49103411082648,0.428205473911285,0.999861967553581
57368,0.185654577322368,0.114264527436969,1
57376,0.453957125522448,0.320682216529594,-0.26136827491126
57395,0.478090872320345,0.345557503033572,0.733779857895115
57402,0.0523122556289605,0.0322232708642308,-0.0954276197804542
57412,0.319940676823514,0.214709451260617,0.979365531860676
57420,0.319940676823514,0.214709451260617,0.712277271597495
57421,0.451665093703654,0.347714709451261,0.994811282983091
57422,0.453957125522448,0.347782122151813,-0.317013563613707
57428,0.404745854118916,0.313738708372657,0.999557129997058
57435,0.424430362680329,0.33679385196171,1
57438,0.0407172711338816,0.025616826210058,1
57439,0.0407172711338816,0.025616826210058,-0.112712108203604
57447,0.514493730618849,0.472293380072806,-0.158227741635207
57461,0.445867601456114,0.300593231764865,-0.171415850947034
57465,0.116084670351894,0.0626263988135365,0.375542431807103
57469,0.0361332074962923,0.0211675879735742,-0.106349481638576
57472,0.483888364567885,0.467102602130241,0.600936386980498
57474,0.462451125792099,0.372792234056896,0.904592889503194
57475,0.439530807604153,0.329243629499798,0.906186781074415
57476,0.458271538357827,0.371646218147499,0.998301356855371
57482,0.400431441283538,0.249292166644196,0.594796639928922
57483,0.483753539166779,0.470270999056222,0.272842476236429
57485,0.0390993663206148,0.0226506673857355,-0.0430585188701133
57488,0.114871241741944,0.0626938115140893,-0.207174803660507
57505,0.153161655655926,0.0881758123230416,-0.225860226866608
57517,0.11743292436295,0.0645139544290144,-0.111029339922479
57521,0.171363084805177,0.0976810031009843,0.95703713015925
57522,0.156936766886881,0.089928542537414,0.352465970061787
57526,0.116758797357422,0.0639072401240394,-0.11876207609736
57529,0.0420655251449373,0.0231899689901578,-0.0514461608355954
57531,0.121882162599434,0.0664689227450451,-0.0440765171262967
57544,0.130780639072401,0.074962923014696,-0.0422069086147673
57561,0.491438587029796,0.381892948631522,0.421276790440232
57566,0.218551975192126,0.131926654981799,-0.223005622640914
57568,0.490899285425374,0.465215046514763,0.576090171947448
57571,0.0910071457462586,0.0492786841040852,-0.0594021283915557
57572,0.103545908049076,0.0560873668599164,-0.075511436510699
57574,0.103680733450182,0.0565592557637858,-0.0455465597682714
57583,0.0919509235539976,0.0496157476068492,-0.0593531078430773
57589,0.100849400026965,0.0560873668599164,0.691358627007265
57591,0.363489281380612,0.226371848456249,0.626699233575106
57592,0.187676958338951,0.106646892274505,-0.060781873564392
57593,0.038425239315087,0.0194822704597546,-0.0607327260206516
57595,0.187946609141162,0.107051368477821,1
57602,0.407307536739922,0.281313199406768,0.793036247576094
57606,0.104085209653499,0.0564918430632331,-0.223977775349278
57609,0.5254145881084,0.451732506404207,0.998699389663561
57611,0.384117567749764,0.263516246460833,-0.520226970019592
57618,0.112444384522044,0.0651206687339895,-0.0178274145741965
57622,0.0941081299716867,0.0509640016179048,0.981576580356552
57628,0.0953215585816368,0.0506269381151409,-0.0475627495724174
57631,0.18619387892679,0.105231225562896,1
57633,0.108129971686666,0.0573007954698666,0.836394608366536
57634,0.119050829176217,0.0643791290279089,-0.0476403167024664
57637,0.0966698125926925,0.0517055413239854,1
57640,0.0953215585816368,0.050896588917352,-0.195498603331544
57648,0.0954563839827424,0.0509640016179048,-0.072137899204749
57651,0.489955507617635,0.398948361871377,-0.11650820867476
57653,0.0419306997438317,0.021235000674127,-0.108395448276747
57654,0.481057031144668,0.388566805986248,-0.575213457772926
57658,0.150734798436025,0.0869623837130915,1
57659,0.150734798436025,0.0869623837130915,0.91223488325454
57666,0.47094512606175,0.368545233922071,0.999560341061923
57669,0.0618848591074558,0.0321558581636781,-0.066470359098475
57677,0.528380746932722,0.457664824052852,0.988417484011591
57684,0.427396521504651,0.32492921666442,0.967076711383429
57698,0.0950519077794256,0.0503572873129298,0.978941533478308
57701,0.210057974922475,0.124039369017123,0.887560854783574
57703,0.250640420655251,0.152689766752056,0.99797990595035
57706,0.24915734124309,0.150465147633814,0.530079800007561
57708,0.0626938115140893,0.0329648105703114,0.995834588062579
57711,0.0862882567075637,0.0454361601725766,-0.212202431031342
57717,0.523122556289605,0.44964271268707,-0.190917127606008
57718,0.0649858433328839,0.0341108264797088,-0.0821972875128177
57721,0.391263314008359,0.279223405689632,-0.136270363456695
57724,0.107051368477821,0.0566266684643387,0.890282669339691
57731,0.173789942025078,0.102399892139679,0.555978100400768
57735,0.0672778751516786,0.034987191586895,-0.0491214088992822
57748,0.204664958878253,0.120264257786167,0.994765440186882
57750,0.0920857489551031,0.0495483349062964,-0.0414607014541037
57760,0.474720237292706,0.371241741944182,-0.419293944010389
57765,0.0934340029661588,0.0500876365107186,-0.18056955364998
57777,0.09370365376837,0.0503572873129298,0.997240698718885
57787,0.476877443710395,0.403599838209519,-0.771418903359361
57790,0.365916138600512,0.247809087232035,0.996811313276794
57791,0.363489281380612,0.24673048402319,-0.227963246136929
57794,0.161520830524471,0.092759875960631,1
57801,0.162060132128893,0.0930295267628422,0.697841086914241
57814,0.36659026560604,0.246932722124848,-0.134302355995875
57818,0.344748550626938,0.219023864095996,-0.310453853495833
57827,0.343265471214777,0.216529594175543,-0.283491102113183
57834,0.504247000134825,0.460968046379938,-0.616138591422774
57838,0.111230955912094,0.0603343669947418,-0.144674250898858
57839,0.371039503842524,0.252527976270729,-0.307246535995185
57847,0.429688553323446,0.313266819468788,0.36543035421625
57852,0.112174733719833,0.0614803829041392,0.988032645854823
57855,0.362275852770662,0.235472563030875,0.716374150356245
57861,0.160577052716732,0.0895914790346501,-0.0658233120774189
57862,0.111500606714305,0.0610084940002696,-0.0599254380240815
57865,0.342186868005932,0.217608197384387,0.999801244956128
57880,0.224888769044088,0.126196575434812,0.975241365824283
57884,0.226506673857355,0.125252797627073,-0.219665698804744
57888,0.109882701901038,0.0600647161925306,-0.113382012294406
57891,0.487393824996629,0.493258729944722,0.356529711273969
57893,0.172172037211811,0.0948496696777673,0.957314153919241
57896,0.224753943642982,0.136780369421599,-0.310537125736991
57916,0.327895375488742,0.210462451125792,0.99419078455886
57932,0.478630173924767,0.403667250910071,0.999164746422266
57935,0.479034650128084,0.405757044627208,0.99819787696177
57939,0.477416745314817,0.404004314412835,0.999167500804328
57940,0.477147094512606,0.40386948901173,0.990550371896625
57942,0.483214237562357,0.378994202507753,0.4178871781078
57946,0.191721720372118,0.105837939867871,-0.0760657854603499
57949,0.205608736685992,0.116017257651342,-0.117887133075305
57953,0.160307401914521,0.0908049076446003,-0.27137016305634
57954,0.476338142105973,0.404678441418363,0.393488061837504
57963,0.199002292031819,0.11257920992315,-0.0469052702949797
57965,0.199002292031819,0.11257920992315,0.62219466887336
57969,0.151274100040448,0.0853444788998248,-0.111298069333791
57986,0.151274100040448,0.0853444788998248,0.994128280200823
57995,0.147094512606175,0.0862208440070109,-0.270495316574567
58004,0.489551031414318,0.47505730079547,-0.360227869167637
58007,0.332074962923015,0.208777133611972,-0.142673311916177
58010,0.151004449238236,0.084940002696508,-0.113209231633225
58013,0.27410004044762,0.16657678306593,-0.0659623035370128
58026,0.295672104624511,0.18208170419307,0.923562245932291
58027,0.260213024133747,0.159768100310098,-0.156879315072143
58042,0.284481596332749,0.180531212080356,-0.180477602631479
58044,0.237697182149117,0.135432115410543,0.998542319127063
58057,0.393555345827154,0.261628690845355,0.297549279059421
58059,0.244033976001079,0.136443305918835,-0.106450971610701
58065,0.45786706215451,0.365107186193879,0.544835817767169
58066,0.244168801402184,0.15471214776864,-0.180618922579308
58069,0.0601321288930835,0.0326277470675476,-0.0501178510061579
58072,0.479978427935823,0.402858298503438,0.999860284317552
58076,0.184171497910206,0.108264797087771,0.569148212689823
58079,0.163138735337738,0.0947822569772145,0.537932327451226
58084,0.486045570985574,0.445800188755562,-0.232965384572614
58086,0.480113253336929,0.444721585546717,0.994447758041661
58093,0.185924228124579,0.110219765403802,-0.102969888003072
58100,0.18619387892679,0.108601860590535,0.99966467325591
58109,0.480922205743562,0.478832412026426,-0.0783166600763478
58116,0.491843063233113,0.463125252797627,-0.164671762103117
58123,0.492382364837535,0.468653094242955,-0.313699804763185
58133,0.184306323311312,0.109410812997169,0.959785994098551
58147,0.496696777672914,0.499932587299447,0.975023580282321
58161,0.211001752730214,0.125859511932048,0.995006894167056
58171,0.319401375219091,0.203788593771067,0.731152066427609
58176,0.10314143184576,0.0542672239449913,-0.161020436466427
58177,0.4673048402319,0.391263314008359,0.99736383377271
58182,0.242820547391128,0.143926115680194,-0.341994635987665
58186,0.244977753808818,0.150397734933261,0.972978668045442
58193,0.470810300660644,0.43656464877983,0.732661177288117
58197,0.4673048402319,0.392207091816098,-0.69980859666503
58202,0.426317918295807,0.311042200350546,-0.51520602809872
58206,0.466630713226372,0.39200485371444,-0.346121129017877
58213,0.469057570446272,0.396184441148712,0.997790123096476
58214,0.46851826884185,0.396049615747607,-0.336853103973969
58220,0.290279088580289,0.182621005797492,-0.170563708876312
58221,0.212215181340164,0.127275178643656,-0.164472995732817
58229,0.225832546851827,0.139611702844816,0.997353684524818
58236,0.470675475259539,0.425846029391937,0.932534337675076
58239,0.209114197114736,0.120870972091142,1
58251,0.407442362141027,0.299312390454362,0.987885650636596
58254,0.403127949305649,0.298638263448834,0.983143611924211
58260,0.123365242011595,0.0647836052312256,-0.155871121028305
58263,0.100579749224754,0.0531212080355939,0.86656584602326
58281,0.473237157880545,0.400161790481327,-0.807436838889453
58283,0.469057570446272,0.492854253741405,-0.362102014880716
58284,0.179857085074828,0.103815558851288,-0.0844750639438165
58286,0.217743022785493,0.129095321558582,-0.197850313227612
58315,0.291222866388028,0.186328704327895,1
58316,0.291222866388028,0.186328704327895,-0.137375554312505
58324,0.191182418767696,0.113927463934205,0.36985835429784
58339,0.360118646352973,0.217945260887151,-0.271181829167106
58345,0.510314143184576,0.475731427800998,0.99132095561916
58362,0.143858702979641,0.078400970742888,0.999535853215825
58364,0.309424295537279,0.184238910610759,0.614435583877082
58373,0.194957529998652,0.10556828906566,-0.162612798086081
58381,0.472697856276122,0.358231090737495,0.618509035445424
58382,0.282459215316166,0.174127005527841,0.990809874321573
58388,0.144667655386275,0.0786706215450991,-0.0820093788372268
58396,0.510448968585682,0.478360523122556,0.303048726122512
58397,0.143858702979641,0.0781313199406768,1
58403,0.427935823109074,0.294997977618983,0.977370996358479
58406,0.374005662666846,0.263044357556964,0.777735809297371
58414,0.215450990966698,0.119320479978428,-0.100391908902694
58423,0.32155858163678,0.198934879331266,0.629542976293686
58425,0.325872994472159,0.200687609545638,0.995945438757294
58432,0.199541593636241,0.108264797087771,0.572305078554081
58436,0.199676419037347,0.107927733585007,-0.103189599636808
58444,0.173385465821761,0.0935688283672644,-0.102508154789389
58450,0.281919913711743,0.172778751516786,0.476821903861224
58454,0.142645274369691,0.0787380342456518,0.994060607197664
58457,0.143049750573008,0.078400970742888,0.982341567252215
58469,0.350546042874478,0.213024133746798,0.520686728379548
58483,0.0550087636510719,0.0280436834299582,0.99374530215681
58490,0.0541998112444385,0.027774032627747,-0.0197015653629144
58497,0.143049750573008,0.0778616691384657,-0.13750080832292
58502,0.455170554132399,0.348928138061211,1
58520,0.231495213698261,0.127072940541998,-0.0771319375516874
58521,0.144532829985169,0.0763111770257516,-0.0863048476511061
58529,0.22300121342861,0.122151813401645,0.999672632908694
58536,0.221518134016449,0.121410273695564,0.0924023092321404
58541,0.384791694755292,0.251314547660779,0.523751707223898
58545,0.411756774976406,0.285425374140488,-0.099228777057516
58575,0.203586355669408,0.111096130510988,0.608799229594267
58578,0.158150195496832,0.0871646218147499,-0.118810360538147
58587,0.159093973304571,0.0876365107186194,0.998325670291664
58592,0.265740865579075,0.149184306323311,-0.118018251170433
58596,0.387488202777403,0.259404071727113,0.716808891229304
58606,0.159093973304571,0.0846703518942968,0.998659632820288
58608,0.334501820142915,0.212687070244034,0.999798971603973
58610,0.433328839153297,0.32034515302683,0.471662341516093
58632,0.156127814480248,0.0833220978832412,-0.192808267953101
58635,0.368882297424835,0.251314547660779,-0.561947416259748
58637,0.0248078738034246,0.0130780639072401,-0.0225754165334425
58643,0.203451530268303,0.110759067008224,-0.116335600134065
58657,0.203316704867197,0.112174733719833,-0.117763739223576
58663,0.399218012673588,0.267830659296211,0.542195445414662
58667,0.199811244438452,0.109073749494405,0.809894554450691
58676,0.363219630578401,0.227315626263988,-0.262150968827762
58678,0.280167183497371,0.185250101119051,0.640144987602506
58679,0.158150195496832,0.0872994472158555,0.615583262135836
58680,0.291896993393555,0.193676688688149,0.637324826370257
58681,0.169205878387488,0.0935014156667117,0.953640374124448
58682,0.15545368747472,0.0859511932047998,-0.177089438866776
58684,0.157745719293515,0.0870972091141972,0.997902509966081
58698,0.159363624106782,0.087771336119725,0.353464800228977
58700,0.159768100310098,0.0879735742213833,0.997489367259074
58702,0.309559120938385,0.187946609141162,0.617812142136788
58706,0.30362680328974,0.182014291492517,-0.370205197567508
58707,0.469192395847378,0.404880679520022,-0.479277133969627
58711,0.30484023189969,0.181003100984225,-0.399632221030214
58726,0.361197249561817,0.255022246191182,0.717442587335181
58730,0.160442227315626,0.0884454631252528,-0.21665329771984
58734,0.48159633274909,0.392611568019415,-0.238980287453128
58741,0.488472428205474,0.422340568963193,0.647957938980496
58747,0.483214237562357,0.448024807873803,-0.236681626214918
58750,0.301604422273156,0.179250370769853,-0.443776688319953
58756,0.159498449507887,0.0878387488202778,0.999162462034193
58757,0.159228798705676,0.0877039234191722,-0.156704376474301
58765,0.46393420520426,0.339557772684374,0.43665502372604
58767,0.166779021167588,0.0926924632600782,-0.161566051709435
58781,0.32735607388432,0.199676419037347,-0.417287441128214
58786,0.167992449777538,0.0935688283672644,-0.266713925535077
58795,0.30362680328974,0.181879466091412,0.996998967744857
58801,0.293380072805717,0.176351624646083,-0.271792089056983
58802,0.408655790750977,0.280504247000135,-0.285383622662929
58824,0.320075502224619,0.203047054064986,-0.401341694274167
58826,0.445328299851692,0.381623297829311,0.586712095826665
58836,0.316974517999191,0.205676149386544,1
58838,0.191721720372118,0.111365781313199,0.999669881077788
58841,0.311581501954968,0.196238371309155,-0.00408836715943088
58843,0.216394768774437,0.121949575299987,-0.195224291167491
58847,0.30605366050964,0.186463529729001,-0.437923177318561
58855,0.415801537009573,0.285425374140488,0.725005730748963
58862,0.165026290953216,0.0950519077794256,-0.321867607624621
58865,0.519482270459755,0.480585142240798,-0.536599042192636
58866,0.37481461507348,0.243764325198867,0.116253121788175
58893,0.318457597411352,0.191856545773224,0.536732810243786
58895,0.509235539975731,0.429351489820682,0.891318326121605
58903,0.305649184306323,0.183429958204126,0.988749944684184
58905,0.302008898476473,0.181609815289201,-0.149971674184366
58906,0.136038829715518,0.0779964945395712,-0.103346948723092
58923,0.221248483214238,0.122219226102198,-0.198220642439544
58940,0.507887285964676,0.415059997303492,0.99563949234555
58948,0.0864230821086693,0.0445597950653903,1
58949,0.0864230821086693,0.0445597950653903,-0.172424125866606
58951,0.123095591209384,0.0695024942699205,-0.0756969726184789
58954,0.220169880005393,0.120466495887825,-0.194399117631997
58977,0.489685856815424,0.422677632465957,0.972245320915286
58982,0.176486450047189,0.0986247809087232,-0.141905558625286
58987,0.0984225428070648,0.0589187002831334,1
58988,0.0984225428070648,0.0589187002831334,1
58992,0.500202238101658,0.444519347445059,-0.691238099539917
58998,0.349332614264527,0.221450721315896,0.999406039691579
59000,0.348254011055683,0.220911419711474,0.596926702612943
59009,0.156801941485776,0.0868949710125387,-0.197838981318304
59017,0.111096130510988,0.0590535256842389,0.871190075903347
59023,0.111500606714305,0.0593905891870028,0.995174422013244
59026,0.197249561817446,0.114399352838075,-0.108827034447784
59027,0.110556828906566,0.0587838748820277,0.999391250139841
59042,0.206417689092625,0.120196845085614,-0.0895941994989013
59051,0.110287178104355,0.0586490494809222,0.98661256386508
59054,0.110826479708777,0.0590535256842389,-0.0845817022058903
59067,0.110826479708777,0.05932317648645,-0.0865456672989656
59077,0.108669273291088,0.0582445732776055,1
59080,0.110691654307672,0.0591209383847917,0.998796022332095
59082,0.111096130510988,0.05932317648645,1
59087,0.108534447889982,0.0580423351759471,0.999387948453316
59096,0.220304705406499,0.129702035863557,0.992125646666301
59105,0.109343400296616,0.0584468113792639,1
59107,0.106512066873399,0.0567614938654443,0.978727143049061
59115,0.223405689631927,0.129904273965215,0.995592578402839
59117,0.221652959417554,0.129567210462451,0.948217097320026
59119,0.213428609950115,0.12639881353647,0.986703975914278
59124,0.22057435620871,0.128893083456923,0.993830148859298
59128,0.120938384791695,0.0641094782256977,0.516535375021583
59132,0.120264257786167,0.0639072401240394,-0.108250118846022
59135,0.129432385061346,0.0694350815693676,0.532116699614752
59136,0.31791829580693,0.20048537144398,0.98871168755751
59138,0.317109343400297,0.196979911015235,0.775751062264958
59143,0.317109343400297,0.202372927059458,0.994288177983325
59149,0.222461911824188,0.131050289874612,0.997411789898597
59167,0.224349467439666,0.130376162869084,0.995878280804868
59173,0.222866388027504,0.129230146959687,0.970994405936462
59174,0.23122556289605,0.135566940811649,0.971024588541359
59176,0.22178778481866,0.128825670756371,0.998812637950017
59179,0.231630039099366,0.137117432924363,0.980733327841739
59192,0.46272077659431,0.356343535122017,-0.644989324711978
59194,0.496831603074019,0.455507617635162,0.996737431529811
59196,0.265875690980181,0.163408386139949,-0.32610416951544
59212,0.315086962383713,0.198665228529055,0.510433639066275
59224,0.227989753269516,0.13340973439396,0.995971372165803
59229,0.0817041930699744,0.0428744775515707,0.999183182523069
59231,0.08183901847108,0.0429418902521235,-0.100244863645445
59242,0.0440879061615208,0.0239315086962384,-0.0779972224598192
59244,0.248213563435351,0.147566401510045,-0.138739905737775
59245,0.157206417689093,0.0844007010920858,-0.138941119318386
59254,0.393285695024943,0.261628690845355,-0.12256999858996
59257,0.473641634083861,0.390386948901173,0.999577160251908
59266,0.247269785627612,0.147094512606175,-0.394502742042842
59271,0.50653903195362,0.475461776998787,-0.386669023817585
59274,0.255359309693946,0.152757179452609,-0.184232883695298
59278,0.0554132398543886,0.0308076041526224,-0.158322835042452
59280,0.157610893892409,0.0844681137926385,-0.141356999556942
59282,0.509235539975731,0.474248348388836,-0.917720289836268
59285,0.494944047458541,0.470203586355669,0.999731322324436
59290,0.470405824457328,0.371106916543077,0.281667558914956
59303,0.191721720372118,0.109747876499933,-0.172909553946864
59322,0.0506943508156937,0.0273695564244304,0.194956971976618
59324,0.507617635162465,0.471821491168936,0.436216133279256
59346,0.241067817176756,0.14237562356748,-0.0874980469522814
59373,0.1137926385331,0.0616152083052447,-0.188699544969282
59381,0.437103950384252,0.322502359444519,-0.297557970145904
59392,0.494135095051908,0.48934879331266,-0.93681859013494
59401,0.183092894701362,0.10314143184576,-0.188347321645098
59410,0.180666037481462,0.101388701631387,0.983723909419372
59416,0.183227720102467,0.104152622354052,0.992898640190958
59418,0.453417823918026,0.334299582041257,-0.314613596148912
59421,0.11257920992315,0.0599298907914251,1
59423,0.112309559120938,0.0599298907914251,1
59424,0.112309559120938,0.0599298907914251,-0.151357252897094
59425,0.42591344209249,0.298840501550492,-0.15041323888179
59429,0.2978293110422,0.179520021572064,-0.152923579603984
59432,0.49831468248618,0.468922745045167,0.589378491186264
59457,0.189968990157746,0.10846703518943,0.968024074397605
59458,0.182014291492517,0.102332479439126,0.352896454054591
59467,0.236348928138061,0.143117163273561,-0.0523063544925746
59469,0.180666037481462,0.101253876230282,-0.212814153025423
59470,0.383173789942025,0.26560604017797,-0.503352281726917
59484,0.496157476068491,0.41984629904274,-0.281053917925618
59486,0.163812862343265,0.0922879870567614,-0.284711814390927
59493,0.494944047458541,0.429755966023999,-0.358545998037454
59503,0.185654577322368,0.104961574760685,1
59508,0.178778481865984,0.099635971417015,-0.27821925587326
59510,0.177565053256033,0.0990292571120399,0.999624065958386
59514,0.493865444249697,0.414925171902386,-0.775868825005162
59521,0.159768100310098,0.0868949710125387,1
59526,0.505864904948092,0.448294458676015,0.999860596908779
59527,0.505730079546987,0.448227045975462,-0.815039519598165
59533,0.506134555750303,0.448024807873803,-0.265932881842625
59537,0.160981528920049,0.0892544155318862,0.996300764222933
59553,0.500067412700553,0.435148982068222,-0.273275079454054
59554,0.172441688014022,0.0960630982877174,0.999230011074387
59557,0.159363624106782,0.0873668599164082,0.931119978110072
59562,0.331805312120804,0.197721450721316,-0.322100850616737
59565,0.489685856815424,0.404341377915599,0.390634735922379
59569,0.445058649049481,0.324322502359444,-0.299427941879818
59580,0.498853984090603,0.429688553323446,-0.229297953687871
59594,0.290818390184711,0.164958878252663,0.985254390304286
59595,0.295132803020089,0.168464338681408,-0.297690083755454
59599,0.134960226506674,0.0716597006876095,0.935113982616648
59603,0.156532290683565,0.0877039234191722,0.937833321132333
59609,0.190912767965485,0.10799514628556,-0.0665380899799764
59623,0.191182418767696,0.106107590670082,-0.231411321428043
59630,0.196710260213024,0.109950114601591,0.952479586774528
59636,0.195362006201968,0.109275987596063,0.978384005994711
59639,0.192530672778752,0.110017527302144,0.793684483339474
59641,0.19104759336659,0.109275987596063,-0.0894603690170646
59642,0.0982877174059593,0.0515707159228799,0.997921818048886
59650,0.379263853309964,0.259741135229877,-0.21349811920714
59652,0.194553053795335,0.108871511392746,1
59656,0.191856545773224,0.107792908183902,0.997905239637281
59660,0.195362006201968,0.109410812997169,-0.240384720013556
59664,0.214372387757854,0.124039369017123,-0.26772628390872
59669,0.196979911015235,0.110624241607119,0.991408116729492
59670,0.196305784009707,0.110017527302144,1
59675,0.194822704597546,0.109006336793852,1
59688,0.196305784009707,0.110152352703249,-0.232643471507506
59689,0.417014965619523,0.308547930430093,0.627251026362899
59694,0.288930834569233,0.174261830928947,-0.105318684088229
59696,0.285425374140488,0.168464338681408,-0.149735042382043
59698,0.285020897937171,0.16853175138196,-0.3728165498315
59704,0.488337602804368,0.405824457327761,0.989697508536962
59707,0.492652015639747,0.420250775246056,0.744618016334986
59718,0.198193339625185,0.113927463934205,-0.298798631746563
59723,0.28596467574491,0.165228529054874,0.970711991650331
59728,0.416071187811784,0.290818390184711,-0.272366090218577
59736,0.485506269381151,0.468990157745719,0.999867995006869
59738,0.345961979236888,0.206013212889308,-0.27766612294618
59750,0.419981124443845,0.286706215450991,0.999830658123259
59763,0.0802211136578131,0.0414588108399623,0.992373205309401
59764,0.0814345422677632,0.0420655251449373,-0.0893880795856731
59767,0.0307401914520696,0.0164486989348793,-0.0382887415252025
59769,0.178239180261561,0.101253876230282,0.991752291132014
59779,0.478360523122556,0.397869758662532,-0.0617495540381702
59780,0.50532560334367,0.497640555480653,0.260228697211072
59781,0.111500606714305,0.0595254145881084,-0.123616496357089
59790,0.190103815558851,0.108129971686666,0.99689790654181
59797,0.114331940137522,0.0608062558986113,-0.117556228454112
59818,0.400566266684643,0.285492786841041,-0.302328594524232
59819,0.29904273965215,0.174464069030605,-0.328608719455288
59820,0.460698395577727,0.348591074558447,0.488437161260056
59822,0.308615343130646,0.180328973978698,-0.264446743715044
59825,0.113657813131994,0.0606040177969529,-0.149032821146601
59826,0.358905217743023,0.230146959687205,-0.215751645356675
59828,0.440339760010786,0.318187946609141,-0.24531691055522
59847,0.489146555211002,0.484832142375624,0.998678729489712
59860,0.390724012403937,0.272482135634354,-0.167214642347501
59863,0.112039908318727,0.059660239989214,-0.0529107613635668
59871,0.192800323580963,0.11042200350546,0.999663837225505
59875,0.410678171767561,0.282998516920588,-0.14158932382479
59890,0.192395847377646,0.110084940002697,-0.0491204641106977
59894,0.401375219091277,0.300323580962653,-0.322653030055045
59899,0.110961305109883,0.0592557637858973,-0.141118150719348
59901,0.477281919913712,0.454496427126871,0.999738018959335
59905,0.191182418767696,0.109478225697721,0.997629662960354
59940,0.385600647161925,0.275448294458676,-0.607672676168302
59953,0.412026425778617,0.287717405959283,0.964684169668698
59982,0.462046649588783,0.36005123365242,-0.424159006417351
59997,0.266954294189025,0.158554671700148,0.997473890682585
59998,0.26560604017797,0.15788054469462,0.808064746100415
59999,0.18862073614669,0.108871511392746,0.993914235120376
60003,0.193609275987596,0.109882701901038,0.652624615203852
60005,0.48280976135904,0.445800188755562,-0.30184586809063
60007,0.484158015370096,0.444991236348928,0.997991553998169
60019,0.464608332209788,0.388297155184037,-0.263911441651881
60029,0.0965349871915869,0.0505595254145881,0.322473993525647
60031,0.494000269650802,0.440879061615208,0.708243936865824
60035,0.507887285964676,0.487191586894971,-0.486522128095233
60039,0.472563030875017,0.415464473506809,-0.272721019319376
60044,0.156127814480248,0.0825131454766078,-0.121053710228944
60047,0.474989888094917,0.391870028313334,-0.291177198662985
60051,0.500337063502764,0.486787110691654,0.998111340388478
60053,0.188081434542268,0.106983955777268,-0.207844122378976
60060,0.469327221248483,0.363826344883376,-0.256340362609422
60062,0.172172037211811,0.0987596063098287,1
60070,0.470405824457328,0.408588378050425,-0.59002035587888
60077,0.48982068221653,0.413846568693542,0.999439809304317
60078,0.489281380612107,0.414116219495753,-0.211067624045017
60081,0.176351624646083,0.104220035054604,0.991800110766288
60086,0.306997438317379,0.18572199002292,-0.367785834490882
60088,0.448968585681542,0.382364837535392,0.904444574616173
60098,0.182688418498045,0.104557098557368,-0.331418846626526
60100,0.504921127140353,0.477618983416476,0.996173317146948
60104,0.415936362410678,0.277942564379129,0.978370482287359
60110,0.507617635162465,0.409532155858164,-0.79249737324613
60118,0.245786706215451,0.141499258460294,0.99523966824748
60127,0.207900768504786,0.116354321154105,0.976374846714473
60129,0.20749629230147,0.116017257651342,0.430960655024227
60135,0.205473911284886,0.114736416340839,-0.22251638080626
60142,0.502359444519347,0.402049346096805,0.669011399815865
60146,0.347175407846838,0.238438721855198,1
60147,0.347175407846838,0.238438721855198,-0.224813133902488
60148,0.430767156532291,0.333490629634623,0.386022249596025
60149,0.128623432654712,0.0705136847782122,-0.0916268693204898
60153,0.210057974922475,0.123904543616017,1
60156,0.511662397195632,0.491236348928138,0.433142624448305
60159,0.506404206552515,0.468248618039639,0.99670066570577
60163,0.0439530807604153,0.0235944451934744,-0.0664787235974305
60167,0.449777538088176,0.307671565322907,-0.488886200487677
60171,0.302817850883106,0.180531212080356,0.324425220778519
60174,0.220439530807604,0.130308750168532,-0.171328692353112
60175,0.301334771470945,0.179924497775381,0.997902475196958
60183,0.30241337467979,0.180463799379803,0.999067805125983
60211,0.471079951462856,0.391128488607254,0.21036637752518
60212,0.0454361601725765,0.0228529054873938,0.95858803812107
60213,0.0450316839692598,0.0238640959956856,-0.113645698243218
60216,0.144128353781853,0.0841984629904274,0.358152778621273
60217,0.496427126870702,0.435755696373197,0.866236337097794
60218,0.456114331940138,0.372589995955238,-0.350500215570749
60233,0.484832142375624,0.443036268032897,-0.251928859614233
60238,0.154779560469192,0.080895240663341,0.820699640375959
60242,0.137926385330996,0.0757044627207766,0.885005999264804
60246,0.128623432654712,0.0718619387892679,-0.251227274395177
60248,0.476203316704867,0.416340838613995,-0.244499316908053
60250,0.114601590939733,0.0625589861129837,0.658605889226031
60256,0.112983686126466,0.060266954294189,1
60271,0.161790481326682,0.0916812727517864,0.875513083890941
60272,0.133881623297829,0.0740865579075097,0.360878570799916
60274,0.438047728191991,0.322300121342861,0.999845285894612
60281,0.449912363489281,0.336996090063368,0.969390588408374
60282,0.44842928407712,0.350950519077794,-0.110145962894143
60284,0.38425239315087,0.266145341782392,0.83518704314896
60291,0.132263718484563,0.0732776055008764,0.999516586946838
60292,0.132398543885668,0.0733450182014291,-0.188033900674054
60297,0.133207496292301,0.0737494944047459,-0.187240618448369
60302,0.369960900633679,0.247539436429823,-0.426550545977323
60307,0.449777538088176,0.322906835647836,-0.117279518953027
60308,0.102736955642443,0.056222192261022,0.329999114184614
60318,0.427531346905757,0.296683295132803,-0.435637244010643
60319,0.456518808143454,0.328030200889848,-0.413563101406448
60328,0.379533504112175,0.2627072940542,-0.501631407913433
60336,0.464338681407577,0.38667925037077,0.9106512826656
60337,0.449912363489281,0.344815963327491,-0.476270425713865
60358,0.200215720641769,0.109006336793852,-0.315424513398863
60363,0.288256707563705,0.178778481865984,0.578254146285061
60366,0.492921666441958,0.436834299582041,0.99917626848494
60369,0.25980854793043,0.151341512741,0.433766943006252
60371,0.113388162329783,0.0626263988135365,0.999445231410584
60374,0.48645004718889,0.429553727922341,0.106456655290115
60379,0.506134555750303,0.499258460293919,-0.422102622541986
60382,0.323041661048942,0.198462990427397,-0.142259345884457
60383,0.0926250505595254,0.049952811109613,-0.0723253040706825
60385,0.168396925980855,0.0966023998921397,-0.184813648137974
60389,0.239989213967912,0.14237562356748,0.832373449554371
60393,0.390724012403937,0.251449373061885,-0.288065242134417
60397,0.494404745854119,0.425846029391937,-0.0428492522173846
60399,0.510044492382365,0.497168666576783,0.57859410180114
60401,0.239449912363489,0.140353242550897,0.976752729283747
60403,0.21814749898881,0.122556289604962,-0.216631646909364
60404,0.390858837805042,0.250977484158015,-0.297473614982495
60429,0.375758392881219,0.254752595388971,0.305034910771882
60431,0.125117972225967,0.0703788593771066,-0.107177480873253
60435,0.497505730079547,0.439261156801941,0.319340520242857
60436,0.125522448429284,0.0704462720776594,0.329689189130807
60443,0.510448968585682,0.491303761628691,-0.756429678741675
60447,0.307132263718485,0.186059053525684,-0.0924128557551957
60450,0.178778481865984,0.102736955642443,-0.219147076221611
60451,0.385600647161925,0.263314008359175,1
60457,0.507213158959148,0.494539571255225,0.997267862063679
60471,0.115680194148578,0.0651206687339895,-0.0613685567560852
60472,0.150060671430498,0.087434272616961,-0.0387765907583955
60484,0.496292301469597,0.455642443036268,0.999864082485534
60492,0.0359983820951867,0.0197519212619658,-0.0347119339933012
60497,0.464608332209788,0.372657408655791,0.779959852171127
60503,0.0815693676688688,0.0446946204664959,-0.0234477827700955
60511,0.149656195227181,0.0870972091141972,-0.0814047995244977
60514,0.434002966158824,0.306660374814615,0.938397337789128
60515,0.4091950923554,0.28522313603883,0.946699281861104
60542,0.0837265740865579,0.0457732236753404,-0.0739648659579373
60543,0.11500606714305,0.0649184306323312,0.995254999253878
60550,0.498719158689497,0.406970473237158,0.999133635704027
60555,0.0830524470810301,0.0454361601725766,-0.0898812843081729
60571,0.13293784549009,0.0742887960091682,-0.0734367149088076
60574,0.481326681946879,0.417958743427262,0.314739540908533
60576,0.13172441688014,0.0769178913307267,0.98365113363861
60588,0.0798166374544964,0.0461102871781044,-0.0756255503551728
60595,0.499932587299447,0.490225158419846,0.779000474078503
60596,0.442496966428475,0.360792773358501,-0.28765477725574
60604,0.0833220978832412,0.0457058109747877,0.242686713624733
60615,0.158959147903465,0.0939058918700283,0.99962834806469
60619,0.0833220978832412,0.0454361601725766,0.418664915875457
60620,0.342052042604827,0.224282054739113,0.0457545322578016
60627,0.350950519077794,0.228461642173385,0.688040819894956
60628,0.232708642308211,0.12808413105029,-0.114747906691064
60629,0.170554132398544,0.0936362410678172,-0.117646819021412
60636,0.0830524470810301,0.0454361601725766,-0.0884988850247296
60639,0.429823378724552,0.319266549817986,-0.131926077072395
60658,0.51017931778347,0.44020493460968,0.249731907549991
60660,0.453552649319132,0.346636106242416,0.926970645256949
60664,0.303087501685318,0.182688418498045,1
60673,0.417014965619523,0.285492786841041,-0.307148895139892
60679,0.483483888364568,0.485910745584468,0.95257189615724
60687,0.51017931778347,0.460698395577727,0.986495982670164
60694,0.511123095591209,0.460630982877174,0.995536108853897
60704,0.417014965619523,0.278751516785762,0.398615284660007
60706,0.481865983551301,0.446946204664959,0.999070444467543
60708,0.435216394768774,0.32492921666442,0.96622570233085
60716,0.463394903599838,0.387555615477956,0.928217048119118
60720,0.304166104894162,0.182149116893623,-0.30205948998999
60721,0.408655790750977,0.284549009033302,-0.301438571998321
60725,0.504786301739248,0.466361062424161,-0.730526044934115
60726,0.466765538627477,0.392072266414993,0.994753481037681
60733,0.472428205473911,0.404341377915599,-0.671894836303128
60735,0.44721585546717,0.3256707563705,-0.604707018332995
60745,0.351624646083322,0.221113657813132,0.997799934000801
60752,0.148442766617231,0.0806930025616827,0.539513392192214
60753,0.335580423351759,0.214709451260617,0.597516593394457
60768,0.33342321693407,0.21403532425509,0.536449554834853
60782,0.200755022246191,0.122623702305514,0.999706389207252
60783,0.200620196845086,0.122556289604962,0.984002522363185
60786,0.19927194283403,0.123365242011595,1
60790,0.209249022515842,0.122691115006067,0.998786104338298
60808,0.296750707833356,0.184778212215181,0.970402110728045
60814,0.150869623837131,0.0863556694081165,1
60816,0.150869623837131,0.0863556694081165,0.974325250451016
60818,0.289065659970338,0.176351624646083,0.683737874447668
60823,0.158015370095726,0.0864230821086692,-0.105279645698931
60826,0.167722798975327,0.0916812727517864,0.978027799196132
60830,0.458271538357827,0.372994472158555,0.407702960939778
60842,0.158150195496832,0.0889173520291223,0.42673675931808
60846,0.386005123365242,0.259741135229877,0.999824176457417
60847,0.385870297964136,0.25980854793043,-0.285406223725515
60849,0.287582580558177,0.187205069435082,1
60857,0.448159633274909,0.323715788054469,-0.344908807143401
60858,0.314952136982608,0.206148038290414,-0.316728381427621
60860,0.244708103006606,0.155521100175273,-0.260437185797615
60861,0.429284077120129,0.316030740191452,1
60862,0.429284077120129,0.316030740191452,0.966816853156943
60864,0.426857219900229,0.338142105972765,-0.518720297290379
60876,0.210057974922475,0.123365242011595,0.972286923082348
60878,0.212889308345692,0.129095321558582,0.992292220118352
60880,0.214642038560065,0.127140353242551,0.991377592717576
60881,0.212484832142376,0.128353781852501,1
60883,0.214911689362276,0.128353781852501,1
60891,0.398274234865849,0.281515437508427,0.948041915244718
60893,0.398274234865849,0.281515437508427,0.778607863498116
60896,0.274639342052043,0.164554402049346,0.975005432815303
60916,0.339625185384927,0.218214911689362,0.990765123321826
60918,0.337333153566132,0.217338546582176,0.998429436066434
60932,0.315356613185924,0.192867736281515,-0.289571992527017
60934,0.354186328704328,0.242753134690576,0.846761862641594
60940,0.296076580827828,0.18619387892679,0.999347741386819
60945,0.501280841310503,0.470001348254011,-0.35449410167844
60949,0.501415666711608,0.470338411756775,-0.508146834033002
60951,0.272077659431037,0.17311581501955,0.975936851225554
60966,0.496831603074019,0.483416475664015,0.760922650238675
60974,0.492921666441958,0.416206013212889,0.993123256263037
60977,0.47337198328165,0.38836456788459,0.998729380202542
60984,0.493326142645274,0.417352029122287,0.993681549459551
60985,0.491843063233113,0.417149791020628,-0.414558301237467
60986,0.303087501685318,0.197249561817446,-0.272060047927899
60990,0.336659026560604,0.235472563030875,0.996488071389588
60992,0.335580423351759,0.235202912228664,-0.226412370720616
61006,0.333153566131859,0.218619387892679,0.987889482619875
61007,0.33679385196171,0.220304705406499,-0.442223341169469
61011,0.337198328165026,0.219832816502629,0.998456648038129
61013,0.33800728057166,0.219428340299312,0.995562354236226
61014,0.338142105972765,0.22057435620871,0.645436932445893
61015,0.481461507347984,0.410071457462586,0.878430357761428
61023,0.276392072266415,0.166239719563166,0.880178838606899
61029,0.274504516650937,0.165970068760955,0.753662606602435
61044,0.261426452743697,0.156060401779695,-0.341985686082998
61046,0.413644330591883,0.300930295267628,-0.290914730356876
61049,0.31670486719698,0.212552244842928,-0.0550765089013139
61050,0.33099635971417,0.208911959013078,0.83388999133877
61057,0.265740865579075,0.162127544829446,0.99490561115469
61059,0.266010516381286,0.161048941620601,-0.224995529274252
61065,0.491168936227585,0.403060536605096,1
61069,0.314547660779291,0.200822434946744,0.715389813316882
61073,0.308750168531751,0.19684508561413,0.996253510825631
61080,0.237832007550222,0.145611433194014,1
61084,0.490359983820952,0.402790885802885,-0.345692531598851
61125,0.319266549817986,0.201429149251719,-0.227267885942797
61126,0.26560604017797,0.16125117972226,0.998286661689352
61136,0.274908992854254,0.166172306862613,0.695720549138726
61138,0.32856950249427,0.208103006606445,1
61141,0.330726708911959,0.208911959013078,0.877598205079408
61142,0.273560738843198,0.169138465686935,0.959565054516631
61150,0.258190643117163,0.16199271942834,0.787954019587892
61151,0.351354995281111,0.230281785088311,0.946234925944769
61152,0.377376297694486,0.24962923014696,0.77019641202033
61170,0.275448294458676,0.168194687879196,0.996681741334617
61181,0.264662262370231,0.162397195631657,1
61186,0.276392072266415,0.166374544964271,0.993470689173937
61192,0.274504516650937,0.166374544964271,0.89310259741889
61195,0.320749629230147,0.199743831737899,0.986069432556891
61207,0.272212484832142,0.168194687879196,-0.261791231192149
61210,0.321154105433464,0.203316704867197,-0.418055865220652
61225,0.30605366050964,0.189564513954429,0.989122331786073
61227,0.276661723068626,0.166509370365377,0.993008159611216
61229,0.265066738573547,0.159228798705676,0.993327733418799
