GermplasmName,BranchlevelNum,DMC,FirstBranchHeight,FRWT,FTWT,PlantHeight
00_0388,NA,NA,NA,0.227269757035425,0.188579443983458,-0.304420721514706
01_0045,NA,NA,NA,-0.011873170614448,-0.0661659525985333,0.241249841393224
01_1097,NA,NA,NA,0.0659946804364382,-0.0356545555254064,-0.239588575426635
01_1317,NA,-0.84563307110643,NA,0.161284344168512,-0.202843377677936,0.153465471822027
01-1172(OP)-20-139-152,NA,NA,NA,-0.340940426743256,NA,-0.0249420809531981
01-1172(OP)-20-147-162,NA,NA,NA,0.411588736809344,NA,-0.00171056193830596
01-1172(OP)-20-148-163,NA,NA,NA,-0.211558588410836,NA,-0.0216723700928917
01-1235A(OP)-20-101-112,NA,NA,NA,0.156512917420672,NA,-0.0621924613979361
01-1235A(OP)-20-97-106,NA,NA,NA,-0.193492093514413,NA,-0.0420534836239057
01-1551(OP)-20-293-322,NA,NA,NA,0.264950317302311,NA,-0.019990490366996
01-1551(OP)-20-298-327,NA,NA,NA,0.124140665296431,NA,-0.0383523395703473
01-1551xMWERU-20-53-58,NA,NA,NA,-0.399640004910868,NA,0.0716581686188482
01-1551xMWERU-20-54-59,NA,NA,NA,-0.293006224539893,NA,-0.036871881948924
05_0311,NA,NA,NA,0.150509780883982,0.115859748929743,-0.39626626180614
07_0045,NA,NA,NA,0.019819992053381,-0.0425003941108241,-0.0667028525251124
07_0162,NA,NA,NA,0.200115496466211,0.0960931574111877,0.176417695305153
07_0337,NA,NA,NA,0.172347121156273,0.195047295114636,0.0680662445273107
07_0520,NA,NA,NA,0.119369656130195,0.0320372532782861,-0.246531000025147
50395,-0.0401477105511003,-5.16879230879341,0.0547448172466793,0.113062936307463,-0.140925660187783,0.0190004202976077
98_0505,NA,-1.18523673438703,NA,NA,0.530213904764964,-0.0416403426864645
99-3575(OP)-20-135-148,NA,NA,NA,-0.0289761863776912,NA,-0.0594911219775998
Albert,NA,NA,NA,0.180523773463313,0.296683956860159,0.0522432169282609
ALBERT,NA,0.934001443333033,NA,0.0057624642056716,-0.163207667454349,0.253349294595155
AR1-82,NA,NA,0.0700999876216463,1.6386764704419,1.09393326618454,-0.245939012061358
AR124,NA,NA,0.127445438813325,0.129507985995232,0.955376612797257,0.139717516175996
AR1410,NA,NA,-0.0462079821039413,0.389773962114255,0.417982309545698,0.0705507828668633
AR144,-0.00284060943226964,NA,-0.0913141856077559,0.880310034312427,1.25460046661571,0.256860172230516
AR155,NA,NA,-0.164518979106311,0.415529747855178,2.63293687839818,-0.161590355587696
AR182,NA,NA,-0.0880560295247274,NA,NA,-0.063770827438983
AR311,NA,NA,0.128793509536095,-0.463316850294188,1.61625100290599,-0.0468662766169437
AR37-108,NA,NA,0.157744631209058,1.93132025184919,0.975445985769496,0.0309840218321425
AR3913,NA,NA,0.120782967596697,0.0568777330740647,0.284487933303672,-0.298468444585243
AR919,NA,NA,-0.0560309623770707,-0.26765976442785,-0.343461772587202,-0.000590437560791857
AR945,NA,0.379295422164671,0.282510149169926,2.89473965548687,0.405588741071501,0.0678758877067788
AR95,NA,NA,0.0809756782793793,0.60080766600335,0.398095109450513,0.196445556594723
B9100462,NA,-1.66914552813386,0.262175683964838,-0.855585177936597,0.532340861677763,NA
BA95070,NA,1.80037073613684,0.0716651150588226,0.44165838726727,0.435188266474523,NA
BIELE,NA,-1.19430745167198,NA,NA,NA,0.213095476899441
BOMA,NA,-0.77860907115926,-0.313173778341359,NA,NA,-0.237870002249891
COB1103,NA,NA,-0.0119813934370232,-0.117424910893756,0.0663534417774387,0.0552208245029073
COB1139,NA,NA,-0.142021452760125,-1.32034375902571,0.584570485401632,0.0679817121428885
COB1163,NA,NA,-0.132906046923648,-0.398706297966509,0.120249362339208,0.143058267758112
COB4100,NA,NA,-0.116277244188964,0.133171233952879,0.190701546080083,-0.139281160137421
COB427,NA,NA,-0.12907616580964,-0.351657350084044,-0.369051572157668,-0.088133763097336
COB452,NA,NA,-0.111355118579497,-0.679047180749424,-0.264032575420829,0.00695338449850143
COB474,NA,NA,-0.0249106335392317,-0.828980677335014,-0.528317932931296,0.00353922956098275
COB475,NA,NA,0.380766750529835,-1.02442331068423,0.470681625622788,0.070906872838193
COB477,NA,NA,-0.120885029072966,-1.13997159885869,-0.460966219104337,-0.0575003496502613
COB479,NA,NA,0.0108998391259026,-0.44307927659227,0.182328013581508,0.136381978121232
COB5-11,NA,NA,-0.0198301883277942,0.082209116043523,0.497470547969809,0.197717403149366
COB5104,NA,NA,-0.196228527737327,-0.564814612008985,-0.035396048390601,-0.0264488563929734
COB512,NA,NA,0.013910448058449,-0.0127003165790466,0.290989149682825,0.158866782962271
COB517,NA,NA,-0.126862345069999,0.0632164674970414,0.201738589960272,0.243869280113965
COB524,NA,NA,0.0325327481842011,0.891113349845994,0.12110916545113,0.0495353348997946
COB528,NA,NA,-0.160310313830408,0.259681579150828,0.430842976032895,-0.000714399652344398
COB536,NA,NA,0.0312034378602299,-0.211014408375974,0.284448051671579,0.0176159668738274
COB54,NA,NA,0.135957573522873,-0.173333649187171,0.362407246156687,0.290478653679982
COB544,NA,NA,0.0508879203660478,-0.230076247538224,-0.0491465274862121,0.462601088786955
COB548,NA,NA,0.0818050539865971,-0.24166661246674,-0.104167800544242,0.171092649435046
COB553,NA,NA,-0.00522889385262523,-0.409164258637974,0.330958717437065,0.151778207645433
COB557,NA,NA,-0.0948242581755876,0.214608289890184,1.40072642511039,0.0752128818055446
COB561,NA,NA,0.083007861048031,1.96232164674474,0.401371205208254,-0.0687523751931932
COB586,NA,NA,-0.134771237493886,-1.22322618927044,-0.839716096706475,-0.100036641783533
COB61,NA,NA,-0.132373925236139,0.580454547407198,0.936043158634432,0.00630408854964535
COB619,NA,NA,-0.0895381293915914,0.145357900981589,0.0440719112089027,-0.0894025687502148
COB631,NA,NA,-0.0791617564851482,-0.613843940685184,-0.380665664058416,-0.00964702100033131
COB64,NA,NA,0.0844942327815048,0.95580885907771,0.623294751548715,-0.0781304513348979
COB641,NA,NA,-0.0201883044102916,-1.50108127247828,-0.986460731889316,0.122231267803048
COB7180,NA,NA,0.0554590996515921,0.507239804725606,0.490663489104531,0.332344767751169
COB7197,NA,NA,-0.139557568017522,1.31435273621478,1.24245989960545,0.0204220651618246
COB725,NA,NA,-0.00405600609784761,-0.303713360597137,-0.53266877072481,0.208351476182684
COLICANANA,NA,NA,NA,0.000355803822822263,0.0927749949287643,0.124214819778483
CR10015,-0.0207445548167721,NA,0.0533541121218017,0.368284547900003,NA,NA
CR100215,0.499821594209458,NA,0.0448869672476093,0.215348420051749,NA,NA
CR1008,-0.00284060943226964,NA,-0.0742988711049239,0.43831323034001,NA,NA
CR14B180,-0.00284060943226964,NA,-0.098876201875634,0.528048334710991,NA,-0.140793325702196
CR14B218,-0.0230773137636908,NA,-0.122230816291802,0.696067404373394,-0.478136052277218,0.012724591826078
CR14B67,NA,NA,0.0603431853385352,-0.626837731487268,1.27557255058894,0.0468390648660952
CR15B3,NA,NA,0.0823099735079058,-1.38907067261359,-0.0749996652683725,-0.103470857352451
CR15B4,NA,NA,-0.00567039797477824,-0.215059131673458,-0.129310458043195,-0.0524566069299279
CR15B62,NA,NA,0.124595320951286,-0.98715059524593,0.211874162947015,0.0391731740339321
CR15B7,NA,NA,-0.00372022071229832,-0.54825551137931,-0.145645425196124,-0.0761034353314023
CR15B9,NA,NA,-0.124041253266404,-0.483069636523702,0.127383220597258,0.124826382565739
CR20A2,NA,NA,0.208481024306465,-0.0299521291802785,0.327845964169566,-0.0678975730122661
CR247,NA,NA,0.386079920304975,-0.714053632046852,1.31377361486976,0.192467146753326
CR249,NA,NA,-0.0560514301211126,-0.571595991197156,-0.473765761542098,-0.0894025687502146
CR346,NA,3.26895388631535,0.155370877284841,2.255337795678,0.18245650845351,-0.234285805365728
CR3510,NA,NA,0.251258237260797,-1.29375305737148,-0.486726466742868,0.314692206515861
CR3514,NA,NA,-0.0635210439303285,-0.74099912895897,-0.536046960565421,-0.131938860883486
CR356,NA,5.16425806458244,NA,-7.79977797231162,1.23117628457329,-0.076696909758505
CR36-5,-0.692430823403436,0.251603235856238,0.182725853362032,0.0144016798822669,-0.279228819354641,0.115558288544554
CR362,NA,NA,0.270297095621716,0.253433907488472,1.74198118418874,-0.25252924908131
CR365,NA,4.59248706098524,-0.00676927079835096,-0.281364929877587,-0.734315779899558,-0.180571528119357
CR3913,NA,NA,0.0296413668731706,0.10252819626259,0.356386965594545,-0.0399315465625274
CR41-10,NA,NA,0.0490354911460352,0.81381875291836,-0.145728747346651,0.135024489373217
CR417,NA,NA,0.0838005103147592,1.41092311277683,1.47597416416002,-0.0123052126055523
CR424,NA,NA,0.0332442673521557,1.80495194412305,0.755196776227897,0.139681242401702
CR446,NA,NA,0.230725421566444,0.864053525497065,1.15403516954264,0.116599927499315
CR4510,NA,NA,0.284728799598912,-0.292418221444368,0.3818901322464,0.224634711587204
CR492,NA,NA,0.151445011087922,0.216312662287003,0.13543799236306,0.11232178409373
CR52A1,-0.0207445548167721,NA,0.0467126499028766,0.277226633824767,NA,NA
CR52A2,NA,NA,0.105174634978266,-0.760088104221397,-0.685646560249841,0.0119567228791673
CR52A26,NA,NA,0.243836107833362,-0.397801442884927,0.956037048152358,0.119230644644312
CR52A31,NA,NA,0.0534787684440395,0.235756570490494,0.379479056548637,0.0978029760861608
CR52A37,NA,NA,0.261130062677434,-0.272747992656462,-0.16612716857876,0.0365998621999222
CR52A4,NA,NA,-0.103501623135176,-1.52122971890479,-0.00763668529724549,-0.0369547554826461
CR52A6,NA,NA,0.142235341347805,-0.538936852319607,-0.248997089622267,0.128383246972134
CR533,NA,NA,-0.0932629812041607,-0.149009994483311,1.01262213010991,-0.0298517597636351
CR594,NA,NA,0.0411870979602614,-0.546270029842732,-0.607158160491673,0.113070181804156
CR60B10,NA,NA,-0.0309612002976496,-0.781284087786717,-0.0371920436818122,0.0915949993739681
CR8A22,NA,NA,-0.060697259120915,-0.200317090024186,0.223811934204505,0.208351476182683
CW44430,0.655613298927149,NA,0.115341092831768,0.303669312403144,NA,NA
CW450106,-0.0207445548167721,NA,-0.0152743308070899,0.649125308323637,NA,NA
CW45036,NA,NA,0.225782825130787,1.17931871262069,2.20845985529643,0.201581430501926
CW45046,NA,NA,-0.0115871878957498,-0.692356630450879,-0.112353469510784,-0.160338229634548
CW45072,NA,NA,0.136562275016648,NA,NA,-0.00514443687235865
CW45075,-0.286688215018995,NA,-0.0520482129319123,0.577922992872863,NA,0.0821015012591767
CW45113,NA,NA,-0.0836325814716833,NA,NA,0.187618066863251
CW45133,NA,NA,-0.0593801009904744,-0.0856227675322923,1.13000985015978,0.0560416940758229
CW45180,-0.0207445548167721,NA,-0.0506551968494818,-0.00880315934521824,0.265845794623118,0.145607875099123
CW4529,NA,NA,-0.0165054241740712,NA,NA,-0.0923438357455645
CW45617,NA,NA,-0.171187775715297,-0.651474884265272,-0.17084974062488,0.04542656100507
CW48216,NA,NA,0.111896178725145,NA,NA,0.0331382260475853
CW4823,NA,NA,0.0221575343341844,-0.254314692427169,0.24481446123207,0.176509472268803
CW48515,NA,NA,-0.151746015435248,-0.974326557532588,1.2615696797522,0.00993302995911008
CW4951,-0.365133863755891,NA,-0.0981360387754305,0.578135290243582,NA,NA
CW5251,0.245199105385451,NA,-0.000472473281394362,0.326049130839343,NA,0.0586600013275482
CW52511,-0.286688215018995,NA,0.209080984540346,0.619133246086699,NA,NA
CW53611,0.359452644891352,NA,-0.0629401526993309,0.309317111904446,NA,NA
DAKATA,-0.286688215018995,NA,0.0648324298595206,0.26725753852873,NA,NA
DOKUNBAHKYE,NA,1.7212129720034,-0.0124841669047433,0.183965446087744,0.494411455282636,NA
ESAMBAHKYE,0.166602244388792,2.46601794218787,-0.0577679136019749,0.603989119020561,0.233295753965761,-0.109495406370138
EYOPE,NA,NA,NA,-0.064235163898045,0.126402101978184,-0.181706389804731
F10_30_R2,NA,NA,NA,0.169836696574409,0.382609210940407,0.118647892655023
F100P002,NA,-0.00109772652333392,NA,NA,NA,-0.0534536446033822
F100P005,NA,-0.610378569293294,NA,NA,NA,-0.111208802828871
F100P006,NA,-3.16427970932997,NA,NA,NA,0.124201269967417
F100P06,NA,-1.4505987834763,NA,NA,NA,0.00722780688499565
F103P02,NA,0.344875302846142,NA,NA,NA,0.0390749567355759
F104P001,NA,-0.297646037411457,NA,NA,NA,-0.0941662291925237
F105P001,NA,1.71258319933033,NA,NA,NA,-0.0741973622932875
F105P002,NA,-2.98276505639827,NA,NA,NA,-0.0853007944539624
F108P001,NA,0.0321427709643046,NA,NA,NA,-0.111208802828871
F109P001,NA,2.23691315376898,NA,NA,NA,0.0283921367160226
F10R12P06,NA,-1.94484596828984,NA,NA,NA,-0.0667950741861708
F10R26P05,NA,0.526389955777838,NA,NA,NA,-0.0964042266146374
F10R5P01,NA,1.67934270184269,NA,NA,NA,0.0205692364677843
F110P001,NA,-0.594194348299577,NA,NA,NA,NA
F114P005,NA,0.921787703628668,NA,NA,NA,0.136767848759537
F115P001,NA,-3.06543027236726,NA,NA,NA,0.0168680924142261
F117P001,NA,0.987396643103736,NA,NA,NA,-0.0719593648711737
F117P002,NA,NA,NA,NA,NA,0.0516415355276954
F117P007,NA,-0.956351598662768,NA,NA,NA,0.0479403914741371
F118P001,NA,NA,NA,NA,NA,-0.055691642025496
F118P009,NA,0.740273050696969,NA,NA,NA,-0.10156851729964
F118P012,NA,-1.89542124980849,NA,NA,NA,-0.103806514721754
F118P016,NA,0.674664111221899,NA,NA,NA,0.00722780688499565
F118P017,NA,1.48164382791727,NA,NA,NA,0.0168680924142261
F119P005,NA,1.46545960692356,NA,NA,NA,-0.0149790574363544
F119P006,NA,2.17358988665623,NA,NA,NA,-0.00533877190712395
F119P008,NA,3.343598909215,NA,NA,NA,0.0035266628314373
F119P013,NA,NA,NA,NA,NA,-0.0741973622932875
F119P016,NA,0.378115800333781,NA,NA,NA,0.059043823634812
F119P019,NA,-1.5332639994453,NA,NA,NA,0.161212710503001
F119P020,NA,NA,NA,NA,NA,0.0849518320097204
F119P031,NA,-3.55967745718079,NA,NA,NA,-0.0830627970318486
F11R24P02,NA,-1.82981231033342,NA,NA,NA,-0.0016376278535656
F11R24P03,NA,-0.709228006256001,NA,NA,NA,-0.0297836336505877
F11R24P06,NA,0.229841644889716,NA,NA,NA,0.0220323830992289
F120P001,NA,NA,NA,NA,NA,0.00722780688499565
F120P006,NA,-2.0931201237339,NA,NA,NA,-0.0741973622932875
F123P004,NA,-4.46550661083888,NA,NA,NA,-0.0964042266146374
F124P001,NA,3.73899665706583,NA,NA,NA,0.00722780688499565
F124P004,NA,NA,NA,NA,NA,0.127902414020976
F125P001,NA,4.97461461909967,NA,NA,NA,-0.103806514721754
F126P003,NA,NA,NA,NA,NA,0.0131669483606677
F128P001,NA,1.28394495399186,NA,NA,NA,-0.0904650851389653
F12R10P02,NA,0.591998895252909,NA,NA,NA,0.0797875413247175
F12R10P05,NA,NA,NA,NA,NA,-0.0519904979719376
F12R18P07,NA,NA,NA,NA,NA,0.127902414020976
F12R3P01,NA,1.7781921388054,NA,NA,NA,0.0686841091640424
F12R3P05,NA,NA,NA,NA,NA,-0.0904650851389653
F12R3P06,NA,NA,NA,NA,NA,-0.111208802828871
F12R3P07,NA,0.0977517104393728,NA,NA,NA,-0.0608559327104987
F130P002,NA,-1.89542124980849,NA,NA,NA,0.0479403914741371
F133P002,NA,-1.48383928096394,NA,NA,NA,0.0205692364677843
F133P003,NA,-0.940167377669053,NA,NA,NA,0.0131669483606677
F135C1bP001,NA,2.20517260909012,NA,0.26403787036769,0.290660213474202,-0.00383420942670315
F136C1bP002,NA,-0.312674088710731,NA,0.312854279720155,0.333790785327643,0.19672440798167
F137P001,NA,0.328691081852425,NA,NA,NA,-0.0149790574363544
F13R16P08,NA,NA,NA,NA,NA,0.105695549699626
F13R2P05,NA,NA,NA,NA,NA,-0.111208802828871
F13R2P06,NA,NA,NA,NA,NA,-0.0016376278535656
F13R2P08,NA,-1.13786625159447,NA,NA,NA,0.0834886853782758
F142P001,NA,-2.1757853397029,NA,NA,NA,-0.097867373246082
F144P002,NA,-1.23671568855717,NA,NA,NA,-0.0645570767640571
F147P003,NA,-1.50002350195766,NA,NA,NA,-0.107507658775312
F149P002,NA,-3.67471111513722,NA,NA,NA,-0.055691642025496
F14R12P04,NA,-0.0667066659984022,NA,NA,NA,0.00948276077366855
F14R12P08,NA,-0.940167377669053,NA,NA,NA,0.0538795329498092
F14R28P03,NA,2.79992700592011,NA,NA,NA,-0.0149790574363544
F14R28P07,NA,-0.890742659187697,NA,NA,NA,0.0908909734853925
F154C1bP023,NA,-3.54138372389663,NA,0.19520427644102,0.181176082418961,-0.0463705015599743
F154C1bP033,NA,0.017902032520775,NA,0.417348896026174,0.439483176089599,0.120159082141782
F157P001,NA,-0.890742659187697,NA,NA,NA,0.0205692364677843
F15R24P02,NA,3.01381010083924,NA,NA,NA,0.190821862931467
F15R24P04,NA,-0.693043785262286,NA,NA,NA,-0.00533877190712395
F15R24P05,NA,-2.81830667996049,NA,NA,NA,-0.0645570767640571
F15R24P06,NA,NA,NA,NA,NA,0.0109289509385539
F15R24P07,NA,-0.64361906678093,NA,NA,NA,0.0242703805213426
F15R26P01,NA,2.75050228743876,NA,NA,NA,0.059043823634812
F15R26P04,NA,-1.79657181284578,NA,NA,NA,-0.0408870658112626
F15R26P08,NA,0.526389955777838,NA,NA,NA,-0.0964042266146374
F15R29P05,NA,-1.5332639994453,NA,NA,NA,0.0649829651104842
F15R6P01,NA,-1.20347519106953,NA,NA,NA,0.0405381033670205
F15R6P05,NA,-0.248221318930101,NA,NA,NA,-0.0349479243355906
F161C1bP004,NA,-0.254308600884073,NA,0.353942712696557,0.416617628824283,0.00408835464349866
F161P001,NA,NA,NA,NA,NA,0.0464772448426925
F162C1bP004,NA,-1.20995213205339,NA,-0.330325464150163,-0.388453337432195,-0.0974140521198999
F163P001,NA,-1.15405047258818,NA,NA,NA,-0.044588209864821
F165P002,NA,2.45395397655063,NA,NA,NA,-0.0482893539183793
F169P001,NA,-1.9942706867712,NA,NA,NA,0.0738483998490454
F16C1bP007,NA,3.22672738973786,NA,0.271769653645335,0.282196981445076,0.0861300484351654
F16R13P02,NA,1.38279439095457,NA,NA,NA,-0.0127410600142406
F16R18P01,NA,NA,NA,NA,NA,-0.0645570767640571
F16R18P08,NA,-0.74246850374364,NA,NA,NA,0.027971524574901
F16R20P01,NA,1.53106854639863,NA,NA,NA,0.146408134288767
F16R4P04,NA,NA,NA,NA,NA,0.131603558074534
F171C1bP002,NA,0.059740028751579,NA,0.244994490511992,0.272302231692234,0.0332501565568554
F179C1bP002,NA,1.72546440309253,NA,0.0324842372972075,0.0524643072356001,0.24925672876626
F17R16P01,NA,2.07474044969352,NA,NA,NA,0.00206351619999275
F17R20P05,NA,2.12416516817487,NA,NA,NA,-0.0645570767640571
F17R25P05,NA,2.0585562286998,NA,NA,NA,-0.0408870658112626
F185C1bP001,NA,0.763932330223597,NA,0.305678971960253,0.31531616043352,-0.0349329788346714
F18R27P08,NA,NA,NA,NA,NA,0.10715869633107
F18R4P03,NA,NA,NA,NA,NA,0.0442392474205787
F18R4P07,NA,1.7781921388054,NA,NA,NA,-0.0497525005498238
F197P001,NA,-2.34024371614067,NA,NA,NA,-0.0890019385075208
F199P001,NA,-0.808077443218708,NA,NA,NA,-0.000174481222121052
F19R10P06,NA,2.96438538235788,NA,NA,NA,0.231534447520609
F19R10P07,NA,NA,NA,NA,NA,-0.0741973622932875
F19R18P01,NA,-1.97808646577748,NA,NA,NA,0.120500125913859
F19R18P02,NA,-2.42290893210966,NA,NA,NA,-0.086763941085407
F19R25P07,NA,-1.79657181284578,NA,NA,NA,0.0220323830992289
F19R4P06,NA,-2.14254484221525,NA,NA,NA,-0.0741973622932875
F19R4P09,NA,-1.15405047258818,NA,NA,NA,-0.0630939301326126
F19R4P10,NA,NA,NA,NA,NA,0.0035266628314373
F1C1bP005,NA,-1.28948924392864,NA,0.173717527388483,0.204806275621225,-0.0576426189752913
F1R08P02,NA,0.081567489445658,NA,NA,NA,0.0664461117419287
F1R08P05,NA,NA,NA,NA,NA,-0.111208802828871
F1R10P02,NA,3.35978313020872,NA,NA,NA,0.0316726686284594
F1R13P05,NA,1.61373376236762,NA,NA,NA,0.0516415355276954
F1R13P06,NA,-1.54944822043901,NA,NA,NA,-0.111208802828871
F1R14P05,NA,0.378115800333781,NA,NA,NA,-0.055691642025496
F1R14P06,NA,-0.116131384479758,NA,NA,NA,0.166377001188003
F205P001,NA,-3.95507520503162,NA,NA,NA,0.0390749567355759
F209P002,NA,NA,NA,NA,NA,0.187120718877909
F21R18P07,NA,-2.37348421362831,NA,NA,NA,0.0316726686284594
F21R20P07,NA,-2.78506618247285,NA,NA,NA,-0.033484777704146
F21R24P02,NA,3.44244834617771,NA,NA,NA,-0.044588209864821
F21R24P04,NA,-3.08161449336098,NA,NA,NA,0.258905602526961
F22R13P03,NA,NA,NA,NA,NA,-0.0630939301326126
F23R3P04,NA,1.02063714059138,NA,NA,NA,0.0331358152599038
F23R9P07,NA,-1.74714709436443,NA,NA,NA,0.0516415355276954
F24P004,NA,NA,NA,NA,NA,-0.0927030825610791
F25R1P06,NA,0.625239392740548,NA,NA,NA,0.192285009562912
F25R6P03,NA,0.427540518815132,NA,NA,NA,-0.044588209864821
F25R6P04,NA,0.427540518815132,NA,NA,NA,-0.044588209864821
F25R6P05,NA,-0.00109772652333392,NA,NA,NA,0.0945921175389508
F25R6P07,NA,1.7781921388054,NA,NA,NA,0.0834886853782758
F26R10P01,NA,-3.21370442781132,NA,NA,NA,-0.0719593648711737
F26R10P03,NA,-1.54944822043901,NA,NA,NA,0.170078145241562
F26R25P03,NA,-2.58736730854744,NA,NA,NA,0.192285009562912
F27R11P06,NA,NA,NA,NA,NA,-0.0630939301326126
F27R14P08,NA,NA,NA,NA,NA,-0.0793616529782904
F27R27P06,NA,-0.610378569293294,NA,NA,NA,0.12936556065242
F27R27P07,NA,0.427540518815132,NA,NA,NA,0.0738483998490454
F28F15P07,NA,1.16891129603543,NA,NA,NA,-0.0964042266146374
F28R13P02,NA,-2.96658083540455,NA,NA,NA,-0.00533877190712395
F28R13P04,NA,0.625239392740548,NA,NA,NA,0.170078145241562
F28R13P07,NA,-3.87240998906263,NA,NA,NA,0.00722780688499565
F28R15P01,NA,-1.25289990955089,NA,NA,NA,0.0738483998490454
F28R23P04,NA,-4.15277407895704,NA,NA,NA,-0.0608559327104987
F28R2P06,NA,NA,NA,NA,NA,0.0205692364677843
F28R2P07,NA,-0.0769532293450404,NA,-0.377751068737474,-0.00524505348057383,0.0362880608599855
F28R2P08,NA,0.724088829703254,NA,NA,NA,-0.0853007944539624
F29R12P04,NA,2.84935172440146,NA,NA,NA,-0.033484777704146
F29R23P02,NA,0.229841644889716,NA,NA,NA,-0.0741973622932875
F29R23P04,NA,0.0321427709643046,NA,NA,NA,-0.0667950741861708
F2R10P02,NA,-0.758652724737355,NA,NA,NA,0.0849518320097204
F2R12P08,NA,1.07006185907273,NA,NA,NA,0.0146300949921122
F2R14P05,NA,0.279266363371071,NA,NA,NA,0.12936556065242
F2R14P08,NA,NA,NA,NA,NA,0.0686841091640424
F2R20P03,NA,-0.165556102961109,NA,NA,NA,-0.0964042266146374
F2R20P04,NA,0.427540518815132,NA,NA,NA,0.0035266628314373
F2R20P06,NA,4.7274910266929,NA,NA,NA,0.0294346712063454
F3R05P01,NA,2.0585562286998,NA,NA,NA,0.0516415355276954
F3R05P05,NA,3.01381010083924,NA,NA,NA,0.0242703805213426
F3R11P02,NA,5.63332018035098,NA,NA,NA,-0.0090399159606823
F3R11P03,NA,-3.87240998906263,NA,NA,NA,-0.0260824895970294
F3R11P05,NA,2.22301460513758,NA,NA,NA,-0.075660508924732
F3R11P07,NA,-0.00109772652333392,NA,NA,NA,-0.0904650851389653
F3R23P07,NA,0.295450584364786,NA,NA,NA,-0.0127410600142406
F3R25P07,NA,-0.0999471634860407,NA,NA,NA,-0.0275456362284739
F40C1bP002,NA,0.820729755511567,NA,-0.0159128645033369,-0.0103702461959717,-0.116555383579872
F40P003,NA,-0.841317940706344,NA,NA,NA,-0.0719593648711737
F40P005,NA,-4.07010886298805,NA,NA,NA,0.19598615361647
F4R22P09,NA,-0.49534491133687,NA,NA,NA,-0.0164422040677989
F4R27P04,NA,3.01381010083924,NA,NA,NA,0.00946580430710938
F55C1bP020,NA,0.757406243794803,NA,-0.0288830835947274,-0.0507696973660816,-0.0783571771172112
F55C1bP027,NA,-0.30320886465712,NA,0.0791554137058013,0.0994635318406563,0.0473076975009928
F56C1bP001,NA,-1.8835320482469,NA,0.325590359141351,0.342457620283722,0.114416682703791
F56C1bP012,NA,-1.15717604213224,NA,0.352580799963266,0.396648092118015,-0.0763008468106031
F56C1bP014,NA,0.303738528322448,NA,0.0900199457082986,0.134119298941386,-0.0463705015599745
F5R16P06,NA,2.84935172440146,NA,NA,NA,-0.0815996504004042
F5R16P08,NA,-3.55967745718079,NA,NA,NA,0.116798981860301
F5R18P03,NA,-1.00577631714412,NA,NA,NA,-0.0964042266146374
F5R18P08,NA,5.1884977140188,NA,NA,NA,-0.0275456362284739
F5R8P04,NA,-0.0172819475170513,NA,NA,NA,-0.0593927860790543
F6R23P01,NA,-1.05520103562548,NA,NA,NA,-0.111208802828871
F6R24P01,NA,2.89877644288281,NA,NA,NA,-0.0964042266146374
F6R24P09,NA,-0.116131384479758,NA,NA,NA,-0.0890019385075208
F6R28P03,NA,-1.25289990955089,NA,NA,NA,0.0146300949921122
F6R28P06,NA,-2.24139427917796,NA,NA,NA,-0.0371859217577043
F75C1bP012,NA,0.296978677462075,NA,0.0767755839027275,0.0820968467336672,-0.00598197041086285
F78C1bP003,NA,0.910622871087003,NA,0.202677895730055,0.317829112028075,-0.00322395282997716
F7R2P06,NA,NA,NA,NA,NA,-0.0090399159606823
F7R3P06,NA,-0.297646037411457,NA,NA,NA,-0.0682582208176154
F7R7P02,NA,NA,NA,NA,NA,0.0035266628314373
F7R7P08,NA,NA,NA,NA,NA,0.0738483998490454
F81C1bP004,NA,-2.61026276548403,NA,0.184361893354002,0.22013912338862,-0.0751905035945356
F81P002,NA,1.71258319933033,NA,NA,NA,-0.0482893539183793
F84P005,NA,2.25625510262522,NA,NA,NA,-0.0853007944539624
F86P002,NA,-2.14254484221525,NA,NA,NA,0.136767848759537
F87C1bP007,NA,-1.32677226512016,NA,0.115672375800544,0.0855047195749712,0.0280680096732502
F88C1bP015,NA,1.85957746592899,NA,0.479106944512378,0.554942325622185,0.130757461908834
F89P001,NA,-0.610378569293294,NA,NA,NA,-0.000174481222121052
F8R20P04,NA,-0.0172819475170513,NA,NA,NA,0.0738483998490454
F8R3P02,NA,0.493149458290202,NA,NA,NA,-0.0460513564962655
F91C1bP010,NA,2.10326568449996,NA,0.0478419829412124,0.0152230528183589,-0.147819558297826
F93P002,NA,0.394300021327496,NA,NA,NA,0.0760863972711592
F99P004,NA,-0.396495474374163,NA,NA,NA,-0.0497525005498238
F9R23P05,NA,-4.15277407895704,NA,NA,NA,0.0797875413247175
F9R29P03,NA,NA,NA,NA,NA,-0.0482893539183793
GKA2011274,NA,-2.55866444695422,NA,NA,NA,0.103874355106653
GKA2012149,NA,-1.56197901001608,NA,NA,NA,0.1947930681646
GKA2014-206,NA,-0.609412354849436,0.201253308708751,NA,NA,0.0884929737526694
I011371(OP)-20-204-225,NA,NA,NA,0.512307309096735,NA,-0.0412632070977352
I011371(OP)-20-205-226,NA,NA,NA,0.106719095214131,NA,-0.0397827494763118
I011371(OP)-20-207-228,NA,NA,NA,0.303701149700331,NA,0.0725088944615137
I011371(OP)-20-210-231,NA,NA,NA,0.411965227628101,NA,-0.0746186227314829
I011371(OP)-20-212-233,NA,NA,NA,0.107404868859758,NA,0.0316894874483256
I011371(OP)-20-213-234,NA,NA,NA,0.0371539967344103,NA,-0.0205918343247572
I011371XMBUNDUMALI/105,NA,NA,-0.059775598882225,NA,NA,0.0659493942791699
I96_1089A,NA,0.51376598753363,NA,0.100360269915961,-0.100209493773285,-0.38658299960227
IITA-TMS-01-1093,NA,NA,NA,-0.393424628079536,NA,-0.143105226052571
IITA-TMS-1BA00070,NA,1.33365868439676,NA,1.90834887220547,-0.359085449544034,-0.0162031621689396
IITA-TMS-1BA30572,NA,-0.720402416662009,NA,-0.330144229832985,-0.342187651026514,-0.236092190984313
IITA-TMS-99-3575,NA,NA,NA,-0.285739173714657,NA,-0.0474856076382335
IITA-TMS-BAD9200033,-0.460536816808817,-1.77110326627636,-0.165714378231372,0.383262099816614,NA,NA
IITA-TMS-BAD9200061,-0.174675579233943,1.81876413521217,0.12696368991034,-0.0472631863556077,-0.937284817002082,-0.282452611021844
IITA-TMS-BAD9200068,0.196600623655634,-0.350223327712046,-0.23206614224534,0.418509708266111,0.144273629210319,0.0193224784963462
IITA-TMS-BAD920033,-0.37525228861115,NA,-0.112764485309977,-0.383792512841221,0.179146988016906,-0.0723727965129988
IITA-TMS-BAD9800061,-0.112366601830259,1.6888239275185,-0.0748390523873451,-0.0518811129345532,NA,-0.160969557954445
IITA-TMS-IBA-011797-18-318-1,NA,NA,NA,-0.483896664801807,-0.0381674773784684,0.0596166571807907
IITA-TMS-IBA-011797/18/196,NA,NA,NA,NA,NA,0.0660025190780849
IITA-TMS-IBA-061635/18/100,NA,NA,NA,NA,NA,0.00549251606255237
IITA-TMS-IBA-061635/18/103,NA,NA,NA,NA,NA,0.02170055258457
IITA-TMS-IBA-061635/18/104,NA,NA,NA,-0.154818592107888,-0.251220186701485,-0.132616680358373
IITA-TMS-IBA-061635/18/108,NA,NA,NA,NA,NA,-0.112826150548177
IITA-TMS-IBA-061635/18/109,NA,NA,NA,NA,NA,-0.0852724884607472
IITA-TMS-IBA-070337,NA,NA,NA,0.0433498034232814,NA,-0.0826887832305705
IITA-TMS-IBA-070557/18/160,NA,NA,NA,NA,NA,-0.064202040982124
IITA-TMS-IBA-070593/18/075,NA,NA,NA,NA,NA,-0.0188195387204744
IITA-TMS-IBA-070593/18/076,NA,NA,NA,NA,NA,-0.0250648629362431
IITA-TMS-IBA-070593/18/079,NA,NA,NA,NA,NA,0.212415115660312
IITA-TMS-IBA-070593/18/083,NA,NA,NA,-0.120762960160604,0.0936052366393637,-0.0349996549336637
IITA-TMS-IBA-070593/18/088,NA,NA,NA,NA,NA,-0.0835429389824645
IITA-TMS-IBA-070593/18/089,NA,NA,NA,NA,NA,-0.131195258606464
IITA-TMS-IBA-083724/18/042,NA,NA,NA,NA,NA,0.0514152862082692
IITA-TMS-IBA-083724/18/045,NA,NA,NA,NA,NA,-0.0213637188826847
IITA-TMS-IBA-083724/18/047,NA,NA,NA,NA,NA,0.0108951949032248
IITA-TMS-IBA-083724/18/048,NA,NA,NA,-0.127648609561698,-0.135170276069691,-0.101243052703152
IITA-TMS-IBA-083724/18/049,NA,NA,NA,NA,NA,-0.0272855493683781
IITA-TMS-IBA-083724/18/051,NA,NA,NA,NA,NA,-0.131735526490531
IITA-TMS-IBA-083724/18/054,NA,NA,NA,NA,NA,-0.0485342723441736
IITA-TMS-IBA-083724/18/059,NA,NA,NA,NA,NA,-0.0835429389824645
IITA-TMS-IBA-083724/18/060,NA,NA,NA,NA,NA,-0.110191176168084
IITA-TMS-IBA-120008/18/065,NA,NA,NA,-0.112528455631852,-0.0624936523870629,0.184035927908798
IITA-TMS-IBA-120008/18/066,NA,NA,NA,NA,NA,0.103281003078726
IITA-TMS-IBA-120008/18/068,NA,NA,NA,NA,NA,0.250774135429087
IITA-TMS-IBA-120008/18/070,NA,NA,NA,-0.00352415744761768,-0.190645884084,0.0445834558278313
IITA-TMS-IBA-120008/18/072,NA,NA,NA,NA,NA,0.235646634675204
IITA-TMS-IBA-120008/18/073,NA,NA,NA,NA,NA,-0.0236819496770797
IITA-TMS-IBA-120008/18/074,NA,NA,NA,NA,NA,0.0438515358313275
IITA-TMS-IBA-120954/18/040,NA,NA,NA,NA,NA,-0.00747391315506195
IITA-TMS-IBA-130799/18/119,NA,NA,NA,-0.291178730522955,-0.0689010263884218,-0.0192344662938845
IITA-TMS-IBA-130799/18/123,NA,NA,NA,NA,NA,-0.0609604336777205
IITA-TMS-IBA-130799/18/124,NA,NA,NA,NA,NA,-0.0731797356325013
IITA-TMS-IBA-961632-18-312-1,NA,NA,NA,NA,-0.0676991701325578,-0.00641186590858199
IITA-TMS-IBA000017,-0.917647936463236,-2.1457726208217,0.062967413850785,-0.286913391059605,-0.512800197810111,-0.0105886911482026
IITA-TMS-IBA000049,NA,0.497376245124585,-0.0903897560747901,0.288104846116492,0.39606436152057,NA
IITA-TMS-IBA000061,-0.127503359192048,-0.980570894049235,-0.0675923613979249,-0.471939904485752,-1.03874795318978,-0.0418627018782366
IITA-TMS-IBA000070,-0.298587706585161,-0.417345574619309,-0.0324487913829512,0.725127374372882,-0.519848340378374,-0.102445912607978
IITA-TMS-IBA000093,-0.897974102759427,-3.44571500957799,NA,-0.206254670687438,-0.964896573334822,-0.00584067660844741
IITA-TMS-IBA000107,-0.560074736635552,-2.93882405909017,-0.0201504931951715,0.562137628485531,0.040655293810625,-0.134102203196342
IITA-TMS-IBA000203,-0.163301875003453,-2.75032340957586,-0.0412653167957981,0.760819513609194,-0.548651050890234,-0.0982347101575593
IITA-TMS-IBA000211,-0.51411561794132,-0.0552017593278132,-0.0373923287948287,-0.176102505650493,-1.14937800697915,-0.215801426680059
IITA-TMS-IBA000338,-0.903391049848723,3.21852910838805,-0.115426513444863,0.0275534033241963,-0.438432746949389,-0.050687748213316
IITA-TMS-IBA000340,-0.244508820419556,NA,-0.0568563425786339,1.19332595339837,0.0947817713074222,0.0313019882583975
IITA-TMS-IBA000345,-1.39107712389454,2.0871541641521,NA,-0.636937280513649,-0.196975808082379,-0.0361658370330917
IITA-TMS-IBA000346,-0.170574270715328,2.8393131799087,0.074437877844163,0.212816746684323,0.14389634768563,0.00624867410435353
IITA-TMS-IBA000350,-0.855663529861941,5.53477886903888,-0.0790038358679115,-0.19994730441262,-0.221889454174021,-0.0419267138544735
IITA-TMS-IBA000354,-0.141895990416893,3.92667587690415,0.00459636843904955,0.634692003268123,0.67148105718422,0.0103394644543318
IITA-TMS-IBA000355,0.399605234055549,-1.55424280613359,-0.0111326156634095,1.11807001117757,1.35101528986524,-0.0288687387927881
IITA-TMS-IBA000364,0.10357961505004,2.11540525827123,-0.0261790344699624,0.147325928103979,-0.466567569586581,NA
IITA-TMS-IBA000388,-0.752214463636962,1.21281372533486,-0.0643640289830296,0.215698963689376,-0.0811819452350177,-0.315937665854595
IITA-TMS-IBA00070,-0.215718900655267,0.498519896802357,-0.09136782170872,0.500486179162808,0.0327965362983283,-0.101508789656648
IITA-TMS-IBA001093,NA,-2.81720307082293,NA,0.108845824061227,NA,0.000848036389562313
IITA-TMS-IBA001813,0.355992244172425,1.74395037604049,0.0594123040466506,-0.180198290485314,NA,-0.0267270263850022
IITA-TMS-IBA010004,-0.325750434787683,-1.32038216980343,NA,0.267638018529975,NA,NA
IITA-TMS-IBA010034,-0.070076258685495,-2.2608526309504,0.0669630865805841,0.709930560962962,1.20557991456974,-0.0122967276285984
IITA-TMS-IBA010040,NA,0.192731362069466,0.0713105055745806,0.080727002789778,0.178609950126508,-0.113978002882235
IITA-TMS-IBA010046,0.0920536813910795,1.82465412004093,-0.0341748291594025,-0.18216635431761,-0.321475787356928,0.166678563750809
IITA-TMS-IBA010085,NA,NA,-0.133429245987716,1.77486339940389,2.7173825033269,0.116047722253485
IITA-TMS-IBA010090,NA,NA,0.0251509808607733,-0.116672777037109,-0.340671382777284,-0.119603336164837
IITA-TMS-IBA010093,NA,NA,-0.092566629391123,1.59915393432739,0.911549724035802,-0.257237610810388
IITA-TMS-IBA010098,NA,NA,-0.0218256446559563,1.82353252646873,0.904672746078655,-0.0979098271768689
IITA-TMS-IBA010103,NA,NA,0.0380918647221014,0.201632890162756,0.0430009843438795,0.0168800844314673
IITA-TMS-IBA010131,0.445196319000237,-2.69362542090242,-0.0657615400652254,-0.0856998350678104,-0.192201311698306,-0.0291207830472116
IITA-TMS-IBA010134,NA,NA,-0.223100672956577,-0.253185250278896,-0.0954001119650066,0.0663145958236213
IITA-TMS-IBA010169,NA,NA,-0.0890842160204048,0.834873731017453,0.370602258859082,0.070108526749552
IITA-TMS-IBA010265,NA,1.55582963053329,0.380740029526551,0.0895180803299915,0.206543680699581,NA
IITA-TMS-IBA010530,-0.680485500963681,-0.100350881506506,NA,-0.265304108285195,NA,0.0607289708536983
IITA-TMS-IBA010536,0.0241599919572604,-3.14909675361352,0.0726009087158196,0.398750052443632,-0.114148298276499,-0.0653202965994569
IITA-TMS-IBA010903,-0.0310679459784379,-0.238722248841878,-0.188476702757003,0.483945727330877,0.492604106229283,-0.0844614114410851
IITA-TMS-IBA011086,NA,NA,-0.0667899272505431,0.159093590095442,0.380624041973713,0.109241915512162
IITA-TMS-IBA011093,NA,-1.5058350663033,NA,-0.147209726846717,NA,0.0313277044996337
IITA-TMS-IBA011097,NA,2.7730510237533,-0.0139058017436129,0.906872368418597,0.396968946805627,NA
IITA-TMS-IBA011172,NA,-0.724201771655514,NA,-0.107279494321914,NA,-0.0984715896648602
IITA-TMS-IBA011206,NA,NA,0.00966432754216161,-0.344206068345682,-0.884210905490065,-0.0874323171372224
IITA-TMS-IBA011224,0.66257227159441,-7.17583086551956,-0.139541535436279,0.109923148551454,0.51585722624149,-0.0654822735981375
IITA-TMS-IBA011231,0.389209583753014,-0.545487302701436,-0.0317793301931639,-0.246214054199398,0.0621026455671946,0.148744391450914
IITA-TMS-IBA011235,NA,-2.69010724767631,-0.0375660599166598,-0.0679332142670246,-0.37165381939264,-0.0662324266005805
IITA-TMS-IBA011367,0.33781129366545,NA,NA,0.000945282458980404,0.365376814982047,-0.0516266309759513
IITA-TMS-IBA011368,0.607560304976751,-6.9524164736721,-0.194843170147394,0.152948580706194,0.830048819849111,0.0263838364958178
IITA-TMS-IBA011371,0.990511009496599,-6.78243310337346,-0.0386759568453133,0.0545015571623001,0.0470461642254375,0.108377570823343
IITA-TMS-IBA011371xMBUMUNDUMALI/105,NA,1.75974385073696,NA,NA,NA,0.0791298906030811
IITA-TMS-IBA011412,0.845348005710617,-9.51209571561263,-0.196325128040289,0.25998852044431,0.601748816164265,0.0915495035536833
IITA-TMS-IBA011413,NA,-7.93629880468983,-0.0554664458505462,0.0359011279518956,0.623061425555139,NA
IITA-TMS-IBA011417,NA,-8.03514824165254,0.115366589121418,-0.0554934220129068,0.62784919652963,NA
IITA-TMS-IBA011423,NA,0.507299245612791,0.0460871884566787,0.36075876250572,-0.0362211807852055,NA
IITA-TMS-IBA011551,NA,-3.48634416339169,NA,-0.121703663798744,NA,-0.00944337264886489
IITA-TMS-IBA011560,NA,NA,0.122299647651477,0.234683166004014,-0.206824459559464,-0.0769874669002564
IITA-TMS-IBA011659,-0.0416909852209712,-2.97463689214691,-0.249577827472497,0.790552199265395,0.477287510443851,NA
IITA-TMS-IBA011663,-1.50146929640953,-3.99626850648958,0.38953262153986,0.368516063214887,0.75793274368159,0.332740692882155
IITA-TMS-IBA011731,NA,NA,0.0997729438602672,-0.10373522286803,0.30740892982346,0.2651374261806
IITA-TMS-IBA011732,NA,NA,-0.0419587175039258,-0.540594527643992,-0.141198600032635,NA
IITA-TMS-IBA011735,NA,2.93713926120797,0.185976056601434,0.380390596425195,0.276911806202161,NA
IITA-TMS-IBA011779,NA,-0.974039540625285,NA,-0.510967593633262,-2.33632533103031,NA
IITA-TMS-IBA011797,-0.000198122559701719,-2.91756292189484,0.102496070713655,-0.288693375412656,0.0428243952180679,0.117572508684793
IITA-TMS-IBA011797-18-318-1,NA,NA,NA,NA,NA,0.0563573061403052
IITA-TMS-IBA011807,-0.414773913932952,-0.579776887596948,-0.131575376237804,-0.228983448648497,-0.174344803847107,-0.0483786441064512
IITA-TMS-IBA011813,0.682529356209998,NA,0.123536257733191,0.565048876605368,1.17233718565132,0.0687910769902113
IITA-TMS-IBA020018,NA,NA,0.0853037798873262,0.561791955176223,0.224333034473627,-0.0925055301094631
IITA-TMS-IBA020121,0.455752297303164,-6.18453372656114,-0.114567665171523,0.657187353740129,NA,-0.223889006864937
IITA-TMS-IBA020129,0.298341929245199,-4.9980119152936,-0.185712494597729,0.872005552667832,0.168425054288133,-0.0568243694157596
IITA-TMS-IBA020131,0.196600623655634,-1.57155528642971,-0.111417744539743,0.39833173243332,0.290699332930724,-0.00297614590473159
IITA-TMS-IBA020133,NA,0.713026929547057,-0.082481902543787,-0.384919510924843,-0.42300833865356,NA
IITA-TMS-IBA020233,-0.496177636457477,1.70738788203956,0.280071901515195,-0.0202086056034703,0.547714102734509,0.0476561191793558
IITA-TMS-IBA020285,-0.0225979246900684,0.783628708998082,-0.167094630100928,0.714463517778764,-0.00832450452328404,0.0197924338056515
IITA-TMS-IBA020431,-0.119361298172385,2.75911932614581,0.0397610540791433,0.197972287255331,0.611190954571151,0.0510909080491657
IITA-TMS-IBA020432,-0.169518445417882,0.772492525533936,0.0129721279677327,0.21784725576868,-0.748134834962889,-0.211795188950655
IITA-TMS-IBA020452,NA,0.270684396009145,NA,NA,NA,-0.234228372211994
IITA-TMS-IBA020510,0.179134152623843,2.00264903243098,-0.110444165831866,0.578748686249206,0.427976810371425,-0.0634207845498158
IITA-TMS-IBA020514,NA,-0.296463793931943,-0.0761734076860954,-0.550440546134005,0.393350605665394,NA
IITA-TMS-IBA020516,NA,-2.34721722816131,-0.018739360195769,-0.137524272741242,0.858138042655947,NA
IITA-TMS-IBA020540,0.561529296028631,2.52276249395762,-0.0206337728072724,1.04270939779563,0.8906678958065,-0.10561676966102
IITA-TMS-IBA030006A,0.599285014882185,-4.07211455242024,-0.170466342446935,-0.00586572371080508,-0.0910084184687589,-0.082712710279796
IITA-TMS-IBA030007,-1.19877497647786,-0.825286037643784,0.254375454026569,0.697777332153044,0.216697774924181,-0.0190545563191065
IITA-TMS-IBA030015,NA,1.13244827636981,0.287765111064488,0.763380656420852,0.502552722848162,NA
IITA-TMS-IBA030042,NA,0.0705055892894605,-0.170679422924662,-0.378894159100297,-0.569498940767595,NA
IITA-TMS-IBA030055A,-0.480189466966868,1.41794517185474,-0.0345766245623086,0.456394375814585,-0.579130319345609,0.0566193920802224
IITA-TMS-IBA030060,-0.53488277567642,-0.211915594681862,0.0203451693335923,0.66857233262055,-0.524841618616993,-0.154813129423217
IITA-TMS-IBA030060A,-0.557083408107757,0.676223496089897,0.0761302266047771,1.10448141291898,-0.0428133906350459,-0.110697096633328
IITA-TMS-IBA030061,-0.568661764563307,4.70530838569316,0.0903366938800523,0.429713866505876,-0.0690137973895671,0.149592091996188
IITA-TMS-IBA030075,-0.173504572299312,1.06918992915468,0.148829112294501,0.113727123925086,0.549587448897351,0.092426772308427
IITA-TMS-IBA030141,-0.232541074756633,0.134112827459311,0.314762338424965,0.454040691688462,0.667390466841652,0.0368220170473048
IITA-TMS-IBA030177,NA,-0.576958222816274,0.178932369576102,0.609384107635511,-0.0440701731759998,NA
IITA-TMS-IBA030213,NA,1.41485793198228,0.0557736699451515,-0.00527713316209647,0.0498664063643087,NA
IITA-TMS-IBA030275,NA,-1.26396180970709,-0.158760839089408,0.694753305775768,-0.332263606429578,NA
IITA-TMS-IBA050024,NA,NA,NA,-0.538440327538749,-0.521899056822606,-0.218712896835359
IITA-TMS-IBA050099,NA,-6.7995302796187,0.349765404548067,-0.0936590072146259,0.721785776069938,NA
IITA-TMS-IBA050100,NA,NA,-0.140068283695734,-1.1218345562072,-0.681317661316711,0.106264375062833
IITA-TMS-IBA050125,NA,NA,0.0453413576293976,-0.605299225717019,-0.516340119278915,0.222601134047329
IITA-TMS-IBA050127,NA,-6.11134208002103,-0.192962494030555,0.860044080769783,1.22084775696971,0.328941864380507
IITA-TMS-IBA050128,0.599285014882185,4.10117431076387,-0.0740028213893258,-0.0505215007257836,0.491574192775014,0.0131859307023974
IITA-TMS-IBA050186,NA,NA,-0.079263863363284,0.187163906033123,0.859413316774082,-0.202761787285382
IITA-TMS-IBA050231,NA,NA,-0.138151575116656,1.03554888516019,0.598414879506392,-0.0145727437998287
IITA-TMS-IBA050251,NA,NA,-0.0529635950332277,-0.185090847276382,-0.373902755429788,0.126772033793304
IITA-TMS-IBA050286,NA,NA,-0.161906678892938,-0.324329286379919,-0.0960455201073373,-0.0504818614482718
IITA-TMS-IBA050303,0.0104444138118909,-3.69285769415904,-0.24596585963561,1.96282003912104,1.86846503721567,0.0482023363009175
IITA-TMS-IBA050311,NA,NA,-0.144070516201118,2.1169464886443,-0.200851657562338,0.300442548651215
IITA-TMS-IBA050327,NA,NA,0.147122991128438,0.213960426916214,0.966713159194737,0.237987184280718
IITA-TMS-IBA050473,NA,NA,-0.133454515209055,-1.60789511091017,-1.24744232365043,0.442301082915675
IITA-TMS-IBA050741,NA,NA,0.0915182070644576,0.0108484421549092,0.566764800397759,0.184052671580656
IITA-TMS-IBA050998,-0.0434731867403795,2.8232459597633,0.0953686500881584,0.504194697606999,0.160136382131249,-0.0423860642239508
IITA-TMS-IBA051274,NA,NA,0.0336480412669511,1.54331164586575,0.592351078484044,0.112672546379729
IITA-TMS-IBA051553,0.413604567246573,-0.632617745890342,0.154252470352505,0.0669899461627784,-0.266400897891387,-0.0395744997151663
IITA-TMS-IBA051570,NA,NA,0.213002585661193,1.02088622964488,2.19515222788609,0.0500614783287938
IITA-TMS-IBA051599,0.3845635127585,-9.16137328586794,-0.19619236087976,-0.298824533551274,0.188947062637613,0.177091196965851
IITA-TMS-IBA051600,NA,NA,-0.0719308743020315,-0.858201513928226,-0.205216729015372,-0.100036641783533
IITA-TMS-IBA051601,0.599285014882185,-7.32193736894422,-0.135217344853462,-0.312378394947884,-0.245775126803519,-0.00861607123862955
IITA-TMS-IBA051625,NA,NA,-0.0816893345008202,-0.353799653873252,0.794556077002681,0.290014729990219
IITA-TMS-IBA051626,NA,NA,0.0219494168941112,0.109572335426262,0.14631223018653,0.164539095285414
IITA-TMS-IBA051631,NA,-4.25415727782898,-0.142616807332862,-0.879695260192641,-0.379923610096223,0.257906256517944
IITA-TMS-IBA051632,0.809360446011356,0.603164779619973,-0.242360370423178,0.0913853439556315,0.105457181270803,0.0257647572348412
IITA-TMS-IBA051636,NA,NA,-0.112637968725101,-1.32177354976375,-0.986616810519763,0.285138664470693
IITA-TMS-IBA051646,NA,NA,0.0539153323013004,-0.600603848239848,0.289817876335942,0.0776602213890336
IITA-TMS-IBA051652,0.599285014882185,-6.07072951882587,0.0251990653763912,-0.339062637180261,0.464059830884147,-0.0180123553513552
IITA-TMS-IBA051653,NA,NA,-0.0207614012809366,0.382709179999574,1.63827281948165,0.0183174914458269
IITA-TMS-IBA051654,NA,NA,-0.0548171892815702,-0.0432201011723982,0.161456122949945,-0.0326166187522977
IITA-TMS-IBA051658,NA,-5.91482781880247,0.0348875114742856,-0.498957501278911,0.455361301971492,0.21832099043921
IITA-TMS-IBA051662,NA,NA,-0.147273332486416,-0.612489809460705,0.335997305245947,-0.0552997737228331
IITA-TMS-IBA051740,0.399605234055549,2.2786177374364,0.0726943888150695,0.834114809773335,0.752077080882156,0.0406354797238329
IITA-TMS-IBA051814,-0.0309412785053284,-1.78173157154303,0.294884811829534,1.12076219664767,1.77329326874135,0.246263976520053
IITA-TMS-IBA061101,0.389209583753014,-1.49307550232881,-0.159383118878985,0.287353098029469,0.161220984617928,0.0418079012500759
IITA-TMS-IBA061348,NA,-5.67473005853993,0.0779318088473548,0.0398713888833663,0.39606436152057,NA
IITA-TMS-IBA061635,1.01943587714053,-5.46020776586606,-0.298224741227477,-0.0431403435956273,-0.154977079081598,-0.043693603847413
IITA-TMS-IBA061640,NA,-3.29037526744259,-0.0793036135210528,-0.0434427183638157,-0.142794523690798,NA
IITA-TMS-IBA061744,NA,-1.75820899452063,-0.0157378330663685,-0.163964825793519,-0.813117969738264,NA
IITA-TMS-IBA061766,NA,3.0773563720583,0.0125366062593593,0.210002567385134,0.993509957528082,NA
IITA-TMS-IBA061771,NA,0.455803773391485,-0.143368637465752,-0.598562580789679,0.315770175128366,-0.0305285000321274
IITA-TMS-IBA062021,NA,-5.61333703606621,-0.164322844879193,-0.426097772038835,1.00997920932352,NA
IITA-TMS-IBA062426,NA,NA,0.0745953422373927,0.0558886951943373,1.00783738383542,0.180064841914058
IITA-TMS-IBA063046,-0.0335440608093609,-1.18050356647572,0.0103035208301935,0.1673811362534,-0.429146732460135,0.0323456673312757
IITA-TMS-IBA070004,0.387229956099012,1.3679003540044,-0.154174669074512,1.21255603717566,0.179321880805631,-0.0573061265811219
IITA-TMS-IBA070048,NA,4.00350308429093,-0.12394033827211,0.820291830990319,0.769678211452198,NA
IITA-TMS-IBA070064,0.599285014882185,-2.37696029357787,-0.12748217170753,-0.124654358153469,-0.516621632745992,0.0312850326700866
IITA-TMS-IBA070094xCHAMANDANDA/19/163,NA,NA,NA,NA,NA,-0.040910210336936
IITA-TMS-IBA070126,0.0373119797319272,0.8758114956631,-0.0440431846568258,1.24412872026314,0.272086767082584,-0.0637160173151263
IITA-TMS-IBA070258,-0.108534507351368,0.962521248686413,0.0708259493586883,0.80207353151831,0.02787874243105,-0.0365932321793003
IITA-TMS-IBA070337,NA,0.724814698316666,0.276689844788458,-0.292168925690781,-0.206778844955374,NA
IITA-TMS-IBA070481,NA,NA,-0.159623752707829,-1.45667348610156,-0.97818118706003,0.0488403806829164
IITA-TMS-IBA070498,NA,-12.2702177163679,-0.119959760723275,0.205156550249636,0.117179264210774,NA
IITA-TMS-IBA070520,NA,-2.24021486591935,NA,0.422845905389284,0.465803990701011,-0.0204098648301354
IITA-TMS-IBA070525,NA,NA,-0.0775794193427469,NA,NA,0.508232335722245
IITA-TMS-IBA070536,0.389209583753014,-5.24759513362549,-0.314175214813205,0.483571170401867,0.507434918489148,-0.147954495475729
IITA-TMS-IBA070539,0.240646243739007,-6.43409101558596,-0.0509746149453812,-0.140647781755316,0.376927127860229,-0.0634559715840649
IITA-TMS-IBA070539-18-316-1,NA,NA,NA,NA,NA,-0.0335126338023987
IITA-TMS-IBA070553,NA,NA,-0.0161042167519849,-0.527428753804029,-0.550992892074904,0.0407201272527049
IITA-TMS-IBA070557,NA,-2.16883589096145,NA,-0.742214773643004,-0.824960871789441,0.192678223914645
IITA-TMS-IBA070576,NA,NA,-0.0135777584995528,-0.52614328239916,0.310663977575241,0.165462270422675
IITA-TMS-IBA070593,0.946130496415435,-2.70464179507932,-0.211560869263524,-0.0431518816421533,-0.379231468860915,-0.103777372954768
IITA-TMS-IBA070614,NA,NA,-0.174902255120223,-1.11105869738077,-0.966231402886781,0.084358184614198
IITA-TMS-IBA070620,NA,NA,0.0778141413302729,-1.00687874394168,-0.450571867744917,0.127091353544581
IITA-TMS-IBA070632,NA,NA,NA,NA,NA,0.265741700966718
IITA-TMS-IBA070649,NA,NA,0.183123684194163,0.432534417890502,1.06268621805917,0.131779173840389
IITA-TMS-IBA070675,0.0615645288242059,-7.70836522505332,0.127976358012559,0.228452954483442,0.855147409619336,-0.171838606392552
IITA-TMS-IBA070683,NA,-7.14333413079451,-0.0898211021392424,0.259649258831759,0.506171063988395,NA
IITA-TMS-IBA070703,NA,-4.51732549113224,NA,0.27097517693877,0.195503286702649,-0.244722346726905
IITA-TMS-IBA070738,NA,-1.82983795017226,NA,0.021309746790472,-0.0341388660045174,0.195835084488642
IITA-TMS-IBA070749,NA,-3.5816816805758,-0.186665530890277,-0.686632827334866,-0.343951273629443,-0.0888008663265837
IITA-TMS-IBA070753,NA,NA,-0.0435478620152929,-0.958402490608458,-0.424604262311723,NA
IITA-TMS-IBA070756,0.460707847969631,-6.23645348596934,0.0146079365433636,0.447924222525917,0.139750445051419,-0.0838216368098183
IITA-TMS-IBA070808,0.599285014882185,-9.05984597876501,-0.123763522929489,0.279428329875288,0.587464193691085,0.0273532201895896
IITA-TMS-IBA070824,NA,NA,-0.0451059684845146,-0.181972005926929,0.547549832471365,0.104959763796242
IITA-TMS-IBA070835,-0.460536816808817,-7.30077310604723,-0.139910559227719,0.136794613787879,0.491436525997438,-0.163841079983439
IITA-TMS-IBA070874,1.38503974493798,-8.91235595095572,-0.192539888244578,-0.675033404684461,-0.680151858615964,-0.129673864540999
IITA-TMS-IBA070910,-0.0848155739419728,-4.90842314127261,-0.114971177416057,0.229593510084161,0.72972008530058,0.0554591152179196
IITA-TMS-IBA070952,NA,NA,-0.150492446071828,NA,NA,0.107327782366164
IITA-TMS-IBA070962,NA,NA,-0.161875309406369,-0.758489056899817,-0.513045329286163,0.4705877171843
IITA-TMS-IBA070974,NA,NA,-0.126720916760198,-0.818897132759601,-0.225127430926924,0.310854069286334
IITA-TMS-IBA070982,NA,NA,NA,NA,NA,-0.26515464155959
IITA-TMS-IBA071026,NA,-4.27843770971357,NA,-0.547344788319723,-0.664287927295748,0.194256654201643
IITA-TMS-IBA071313,-0.302154286869015,-2.19436395301613,0.250972083932497,0.984128348780018,-0.220687388564973,0.0962640484697973
IITA-TMS-IBA071378,-0.661167571892842,0.131361411318107,0.0392727794159863,0.929038234859015,-0.417940070917071,-0.226493430615639
IITA-TMS-IBA080008,NA,-5.00281497878962,NA,0.590000969030217,1.86065540578703,0.155622584208598
IITA-TMS-IBA080016,NA,-0.288288298717813,0.0114781682856312,0.969242010794173,0.0595876377435995,-0.214491821147234
IITA-TMS-IBA080668,NA,NA,NA,-0.153576297056796,-0.0374247899326509,NA
IITA-TMS-IBA080854,NA,NA,0.631716412556924,-0.0734286942312929,0.0810404880547793,NA
IITA-TMS-IBA082032,NA,0.43959597330505,NA,-0.34064335040189,-0.673510391427719,-0.0879316048850661
IITA-TMS-IBA082159,NA,-7.35502480787626,-0.0369362861332982,0.885681264256705,-0.498294861920582,NA
IITA-TMS-IBA082189,NA,-6.91179745273636,-0.064231675039592,-0.580712254199449,1.1270727018301,NA
IITA-TMS-IBA082418,0.179134152623843,-5.35661652316116,0.0426712620815972,-0.944539006880557,0.272722613885717,0.0593460155500575
IITA-TMS-IBA082425,NA,-2.72566713049225,NA,-0.692370353345012,-1.0705996363029,-0.157382537512995
IITA-TMS-IBA082432,NA,NA,-0.0818599470415733,-0.996204239607388,-0.451325596214212,NA
IITA-TMS-IBA082708,NA,-1.13308192103449,NA,-0.2777635197656,-0.305227760184742,0.0500933546557921
IITA-TMS-IBA082993,0.389209583753014,-1.52869159906493,0.0751306850197011,-0.510306232717345,0.968073237009384,0.162251088552596
IITA-TMS-IBA083043,NA,-6.11795741367983,-0.0249945534867946,0.188811463223242,0.233618063674007,NA
IITA-TMS-IBA083196,NA,-1.80763371300198,-0.0528585963286363,-0.22410481016952,-0.0957974584444094,NA
IITA-TMS-IBA083389,NA,-6.75302944492505,-0.201277273506609,-0.378493246851527,-0.417976298282359,NA
IITA-TMS-IBA083426,NA,-6.88928446286603,-0.127352261885396,-0.624910583303942,-0.337657734644136,NA
IITA-TMS-IBA083565,NA,-10.3782322899499,-0.0602510974907574,-0.0733486150489339,-0.150850809678322,NA
IITA-TMS-IBA083580,0.389209583753014,1.88718660474529,-0.10391897209225,0.344801744772815,-0.384918938787175,-0.0879741445697905
IITA-TMS-IBA083594,NA,-2.52659397931003,NA,-0.568521376749525,-0.892378647968753,0.0234354209198192
IITA-TMS-IBA083724,-0.451092140763671,-1.31230888120628,-0.0749181110272909,-0.215091875555039,-0.114423910724468,-0.0587416095266292
IITA-TMS-IBA083739,NA,-0.914101454734052,NA,-0.607493622785113,-0.723658691993257,0.37244389548946
IITA-TMS-IBA083774,NA,-6.51487743320809,-0.2035518892488,1.13028247992841,0.992605372243023,NA
IITA-TMS-IBA083849,NA,-4.15899381900424,NA,-0.699416176394195,-0.953894212567663,-0.203507778121947
IITA-TMS-IBA085006,0.389209583753014,-5.88661994892042,-0.00894115210450849,-0.106520094680655,0.634035874261398,0.13475990703998
IITA-TMS-IBA088248,NA,0.186780461752513,NA,0.00446728569751165,0.0503256159905603,0.155622584208598
IITA-TMS-IBA088414,NA,-1.69969491443176,-0.0933051140670583,0.852714277282564,0.210248853252037,-0.239530345586509
IITA-TMS-IBA088420,NA,NA,-0.0933051140670583,0.0397481445481167,-0.213392394829237,NA
IITA-TMS-IBA088509,NA,NA,-0.0673213287093603,-0.345260278436814,-0.206050417428128,NA
IITA-TMS-IBA088525,NA,-0.236811159104164,NA,1.88776599168599,0.904047046337685,0.0306035964471204
IITA-TMS-IBA088634,NA,NA,-0.0933051140670583,0.164483377480619,-0.158175798105948,NA
IITA-TMS-IBA090006,NA,1.2090187293837,-0.0525002868227407,0.705888495311481,NA,NA
IITA-TMS-IBA090091,0.599285014882185,-0.234933186857174,-0.379789662972675,0.53005659388176,0.100107156907428,-0.414925310165313
IITA-TMS-IBA090114,NA,0.292415533600188,NA,0.159212394957665,-0.33506774372148,0.0306035964471204
IITA-TMS-IBA090144,0.599285014882185,-0.893865317270329,-0.031416819429852,0.825635028989366,0.548627572705621,0.140722865901974
IITA-TMS-IBA090320,NA,-1.72526123233516,NA,0.278364454429565,0.0223141115409567,0.570871480514378
IITA-TMS-IBA090325,NA,0.226262197012144,0.329964799132417,0.708415167409407,1.24665849947874,0.0306035964471204
IITA-TMS-IBA090329,NA,2.8493021089226,0.329829915575198,0.166075603539272,-0.790446899276924,-0.239530345586509
IITA-TMS-IBA090454,-0.661167571892842,-4.70798081985869,0.36903928165364,0.525981958287146,0.212643871369659,0.0944222441500219
IITA-TMS-IBA090485,-0.451092140763671,-4.50505227971581,0.187902192373903,0.791923889911626,-0.0761558074550401,0.0523307698300648
IITA-TMS-IBA090516,-1.44473168618415,-1.98830493884379,NA,1.21543606985059,3.15616143335914,NA
IITA-TMS-IBA090576,-0.871243003022013,5.2674487118194,0.332906497698699,0.672132423746229,-0.42688396682236,0.0218144509480966
IITA-TMS-IBA100190,NA,NA,0.316690208283182,NA,NA,NA
IITA-TMS-IBA100198,NA,NA,0.316690208283182,NA,NA,NA
IITA-TMS-IBA100199,NA,NA,0.316690208283182,NA,NA,NA
IITA-TMS-IBA100273,NA,NA,0.171276045310213,NA,NA,NA
IITA-TMS-IBA100479,NA,NA,0.279826144149149,NA,NA,NA
IITA-TMS-IBA1010085,NA,NA,NA,NA,NA,-0.0389042545725232
IITA-TMS-IBA1010630,NA,NA,NA,NA,NA,0.0261980254575814
IITA-TMS-IBA1011371,NA,NA,NA,NA,NA,0.0342230139502979
IITA-TMS-IBA101869,NA,NA,0.316690208283182,NA,NA,NA
IITA-TMS-IBA101874,NA,NA,0.177326272004584,NA,NA,NA
IITA-TMS-IBA102103,0.389209583753014,-8.61790358314048,-0.273574009322262,0.447841773491229,-0.138843120645245,-0.0830634725657955
IITA-TMS-IBA102461,NA,0.623554917720678,-0.175611223424374,0.532684766762649,NA,NA
IITA-TMS-IBA102535,NA,-9.06178089184779,-0.219189872476364,-0.509874458590931,0.83106365968152,NA
IITA-TMS-IBA102708,NA,-0.76730032670283,-0.0632838590226026,0.335648844554293,NA,NA
IITA-TMS-IBA1070094,NA,NA,NA,NA,NA,-0.0583538983989444
IITA-TMS-IBA1070258,NA,NA,NA,NA,NA,0.0559127590812806
IITA-TMS-IBA110841,NA,-4.47763452613998,-0.209758027241706,0.013348860145579,-0.408149322060729,NA
IITA-TMS-IBA110944,NA,-8.57716269521612,0.417204798459594,-0.308356074480205,-0.102987336703964,NA
IITA-TMS-IBA111070,NA,4.10379703509133,0.235949416803598,-0.197682520926791,-0.230994969762572,NA
IITA-TMS-IBA111087,NA,-1.37071462241974,0.417204798459594,-0.0792893446604538,-0.000432899103833284,NA
IITA-TMS-IBA120008,NA,-2.55780236839378,NA,-0.132614907936306,0.106527656129621,0.0741101869787661
IITA-TMS-IBA120008-18-305-1,NA,NA,NA,NA,NA,-0.0453985272518783
IITA-TMS-IBA120016,NA,-0.93984422134733,-0.164774911985261,0.092350811688341,NA,NA
IITA-TMS-IBA120038,NA,-1.79094074350179,NA,-0.166952838723579,NA,NA
IITA-TMS-IBA120060,NA,-4.32654974052791,-0.0525002868227407,0.220653190036891,NA,NA
IITA-TMS-IBA120373,NA,4.22405866526849,0.595062292000548,-0.0489923303565407,NA,NA
IITA-TMS-IBA121009,NA,-2.15423700517856,0.269412511078636,0.115316511009899,-0.121003032639636,NA
IITA-TMS-IBA121090,NA,4.06854423451562,-0.364504604992256,0.0891710456030832,0.113544569830845,NA
IITA-TMS-IBA121105,NA,-2.64339023326227,0.326897848343121,0.0327746396148791,0.243731360227427,NA
IITA-TMS-IBA121111,NA,-1.93879456295732,0.319881575968628,0.364918092461768,0.88498561212975,NA
IITA-TMS-IBA121146,NA,3.36861893244079,0.326897848343121,-0.291224086653334,-0.201586820180042,NA
IITA-TMS-IBA121151,NA,0.026009309326317,0.178785257109925,-0.00223106629337458,0.0748316999851032,NA
IITA-TMS-IBA121160,NA,3.94749290455293,0.243377085246904,-0.323756225370419,0.0344633754296957,NA
IITA-TMS-IBA121165,NA,1.37788742061858,0.326897848343121,-0.0863133310794918,-0.163540031296353,NA
IITA-TMS-IBA121169,NA,-3.98897386692666,-0.108726655021338,-0.854320158464903,-1.00471965548908,NA
IITA-TMS-IBA121181,NA,1.33925681017988,0.285426982679459,0.216955586480073,0.354025186520646,NA
IITA-TMS-IBA121187,NA,1.00495732239009,0.182108564827558,-0.241552153349162,-0.0698488923867883,NA
IITA-TMS-IBA121192,NA,1.85566298345591,0.326897848343121,-0.145668589308032,-0.0954491872120015,NA
IITA-TMS-IBA121193,NA,1.54862922568498,0.182108564827558,0.0170063600458334,0.0480450436973826,NA
IITA-TMS-IBA121633,0.158363682072148,NA,0.485001087778515,NA,NA,NA
IITA-TMS-IBA121634,0.501095511640687,NA,0.284456823943404,NA,NA,NA
IITA-TMS-IBA121635,-0.756243434533271,NA,0.361754182259275,NA,NA,NA
IITA-TMS-IBA121636,0.0519862179912593,NA,NA,NA,NA,NA
IITA-TMS-IBA121637,NA,NA,-0.419694968083957,NA,NA,NA
IITA-TMS-IBA121638,-0.140344902183114,NA,0.100022373412664,NA,NA,NA
IITA-TMS-IBA121639,0.849817198597928,NA,0.35496991195133,NA,NA,NA
IITA-TMS-IBA121640,0.982764186220112,NA,-0.166960649327022,NA,NA,NA
IITA-TMS-IBA121641,0.170585475135742,NA,-0.336135195152489,NA,NA,NA
IITA-TMS-IBA121642,0.728815646765637,NA,0.0558041560407969,NA,NA,NA
IITA-TMS-IBA121643,0.548012281031767,NA,0.0657663493691844,NA,NA,NA
IITA-TMS-IBA121644,-0.187363076190742,NA,-0.133503818684219,NA,NA,NA
IITA-TMS-IBA121645,0.557279172375483,NA,0.13992934414718,NA,NA,NA
IITA-TMS-IBA121709,NA,-0.239761719396943,0.0116240467224606,0.411143946751469,0.233765417201237,NA
IITA-TMS-IBA130114,NA,2.08240290158201,0.329829915575198,0.131137557810322,-0.186990290680808,NA
IITA-TMS-IBA130799,NA,-4.86941479802798,NA,NA,NA,-0.116034180418884
IITA-TMS-IBA130807,NA,-0.725695134451506,NA,NA,NA,0.00352720813687695
IITA-TMS-IBA130807-18-313-6,NA,NA,NA,-0.228797413517938,-0.280303114686695,-0.0671775883603175
IITA-TMS-IBA140110,NA,2.40852769701308,NA,NA,0.60664153643677,NA
IITA-TMS-IBA140831,NA,1.88497563003914,NA,NA,0.913213906843346,NA
IITA-TMS-IBA140839,NA,-2.31612544087592,NA,NA,-0.233176131538315,NA
IITA-TMS-IBA140844,NA,-2.26670072239457,NA,NA,1.58194142923265,NA
IITA-TMS-IBA140856,NA,-1.92072769302509,NA,NA,-0.242751673487295,NA
IITA-TMS-IBA141092,0.785669880699897,-5.57934308535229,-0.318797465250167,-0.204548376435836,-0.918689267422559,-0.154402697679708
IITA-TMS-IBA141104,1.01998388337873,-4.16261035343959,NA,NA,-0.17389884183822,NA
IITA-TMS-IBA150050,NA,-1.73170665126104,0.298378910545061,-0.231742808634985,0.281931110473334,NA
IITA-TMS-IBA150063,NA,-2.90552741848463,0.288677281474655,0.0898081061708149,-0.0660564572532892,NA
IITA-TMS-IBA150064,NA,-1.33787628573018,-0.199544125283816,NA,-0.657456921413413,NA
IITA-TMS-IBA152876,NA,-3.93926347701737,0.202799693017848,NA,-0.148805631246567,NA
IITA-TMS-IBA153463,NA,-0.246122029888165,NA,0.130986278756265,0.088166844730707,NA
IITA-TMS-IBA153544,NA,2.68814395925781,NA,-0.092605126139038,0.0733028020208343,NA
IITA-TMS-IBA153611,NA,-1.61182291896505,NA,-0.22261076411005,-0.436839996380034,NA
IITA-TMS-IBA153615,NA,-0.28875618720417,NA,-0.114290710044686,-0.830649203280791,NA
IITA-TMS-IBA153642,NA,-2.27335628484549,NA,-0.475357556929233,-0.180864011894542,NA
IITA-TMS-IBA153656,NA,NA,0.349981610174552,0.337756154770855,0.0208131991123483,NA
IITA-TMS-IBA153662,NA,2.71936107899305,NA,-0.527865899067607,0.122905936802879,NA
IITA-TMS-IBA153663,NA,1.73086670936598,NA,-0.435618630679358,-0.497720547985264,NA
IITA-TMS-IBA153673,NA,-2.93488965072594,NA,0.524840755126112,1.19384987111788,NA
IITA-TMS-IBA153674,NA,-4.58872306542704,NA,-0.016759515200708,-0.302625115105002,NA
IITA-TMS-IBA153678,NA,-4.25795638248682,NA,-0.22261076411005,0.646135322597049,NA
IITA-TMS-IBA153680,NA,-3.59642301660638,NA,-0.367037502863869,0.370468877766519,NA
IITA-TMS-IBA153683,NA,-2.71735795395585,NA,0.0710906262268216,0.470296857524594,NA
IITA-TMS-IBA153686,NA,1.36507722749693,NA,0.492366311999078,0.0499940005355626,NA
IITA-TMS-IBA153687,NA,-3.70585232358292,NA,0.077115978051367,0.154453181558724,NA
IITA-TMS-IBA153690,NA,2.71936107899305,NA,0.165540927966602,-0.119715084076437,NA
IITA-TMS-IBA153693,NA,-0.288756187204174,NA,0.102349398086042,-0.279316313619731,NA
IITA-TMS-IBA153696,NA,1.23661952455244,NA,0.280725410079872,-0.571875904640552,NA
IITA-TMS-IBA153700,NA,1.36507722749693,NA,0.282882821528315,0.212945195006216,NA
IITA-TMS-IBA153701,NA,-0.586247764800048,NA,0.0111949736973785,-0.112479585846637,NA
IITA-TMS-IBA153703,NA,-0.950289553084613,NA,-0.00597065597932216,0.606754401906973,NA
IITA-TMS-IBA153714,NA,0.742372339738908,NA,-0.0727524044309113,-0.217102925052181,NA
IITA-TMS-IBA153718,NA,3.34967732513826,NA,0.0842960557418145,0.744587624322238,NA
IITA-TMS-IBA153720,NA,3.21360826380659,NA,-0.258335462685114,-0.432919536351866,NA
IITA-TMS-IBA153723,NA,-1.28105623602483,NA,-0.150397394733141,0.17356427431614,NA
IITA-TMS-IBA153735,NA,-3.21160513876938,NA,0.0111949736973785,-0.919266825362268,NA
IITA-TMS-IBA153738,NA,0.248125154925372,NA,-0.408074594008722,-0.432919536351866,NA
IITA-TMS-IBA153741,NA,-2.71735795395585,NA,0.113089156140634,-0.265607770623662,NA
IITA-TMS-IBA153745,NA,-0.619522870144391,NA,-0.150397394733141,-0.574673218795299,NA
IITA-TMS-IBA153844,NA,-0.740369214701701,NA,-0.408074594008722,0.122905936802879,NA
IITA-TMS-IBA153862,NA,1.73086670936598,NA,0.909629761639023,1.85986054041146,NA
IITA-TMS-IBA153899,NA,4.20210263343366,NA,-0.617709377861772,-1.30139683815615,NA
IITA-TMS-IBA153901,NA,0.248125154925372,NA,-0.438022420273443,-1.19717956193964,NA
IITA-TMS-IBA153912,NA,2.68814395925781,NA,-0.258717448798505,-0.456530456725072,NA
IITA-TMS-IBA153913,NA,-4.58872306542704,NA,-0.348984160519642,-0.37776861534492,NA
IITA-TMS-IBA153920,NA,-0.740369214701701,NA,0.370568888874036,0.782948686174138,NA
IITA-TMS-IBA153922,NA,-0.28875618720417,NA,0.58978964138018,0.134183353626064,NA
IITA-TMS-IBA153925,NA,1.73086670936598,NA,-0.467970246538165,-0.224484983918837,NA
IITA-TMS-IBA153938,NA,2.71936107899305,NA,0.0710906262268216,1.16507869896803,NA
IITA-TMS-IBA153953,NA,0.742372339738908,NA,-0.529517583961915,-0.20055447223958,NA
IITA-TMS-IBA153979,NA,0.0420104957360518,NA,0.0301360287091328,-0.239935392929655,NA
IITA-TMS-IBA153994,NA,NA,0.310632344246003,-0.0506105666573003,-0.271353357989317,NA
IITA-TMS-IBA153998,NA,NA,0.384907746796487,-0.260715977699431,0.310775886782648,NA
IITA-TMS-IBA154007,NA,-2.22311076914231,NA,0.328749291818229,-0.0603650655069593,NA
IITA-TMS-IBA154023,NA,1.23661952455244,NA,-0.162466632066405,0.467105010208267,NA
IITA-TMS-IBA154031,NA,0.0420104957360518,NA,-0.016759515200708,-0.853958004766062,NA
IITA-TMS-IBA154032,NA,0.703543861616491,NA,-0.00597065597932216,-0.810958742935753,NA
IITA-TMS-IBA154038,NA,NA,0.384907746796487,0.219972994086134,0.0896910983859034,NA
IITA-TMS-IBA154039,NA,NA,0.384907746796487,0.590838368507317,0.341967299266384,NA
IITA-TMS-IBA154043,NA,2.71936107899305,NA,-0.108596331361507,-0.224484983918837,NA
IITA-TMS-IBA154049,NA,-1.61182291896505,NA,0.142088324335917,0.0536123416757961,NA
IITA-TMS-IBA154057,NA,-0.740369214701701,NA,0.44251524505257,-0.196129586479318,NA
IITA-TMS-IBA154134,NA,-1.72886358432877,NA,0.113089156140634,-0.0224341261184609,NA
IITA-TMS-IBA154140,NA,NA,0.232321950971896,-0.20115442954866,0.212255349074124,NA
IITA-TMS-IBA154142,NA,1.23661952455244,NA,-0.0187528525673428,0.192384120947222,NA
IITA-TMS-IBA154154,NA,0.248125154925372,NA,0.598279728200723,0.182808578998242,NA
IITA-TMS-IBA154184,NA,-2.71735795395585,NA,0.490360193932922,0.122905936802879,NA
IITA-TMS-IBA154187,NA,1.73086670936598,NA,0.954488729826148,0.585254770991819,NA
IITA-TMS-IBA154201,NA,-0.246122029888165,NA,0.0111949736973785,-0.641354088784895,NA
IITA-TMS-IBA154205,NA,-2.60412296778572,NA,0.145720565897338,-0.026958670274472,NA
IITA-TMS-IBA154217,NA,2.71936107899305,NA,-0.0487006788320643,-1.1277013777953,NA
IITA-TMS-IBA154252,NA,0.703543861616491,NA,0.611475225285828,-0.182673182464658,NA
IITA-TMS-IBA154253,NA,NA,0.256702497924734,0.345167177384081,0.189225012882193,NA
IITA-TMS-IBA154257,NA,NA,0.201720314502016,0.201052894369517,0.299070892673206,NA
IITA-TMS-IBA154269,NA,-0.246122029888165,NA,-0.108596331361507,0.088166844730707,NA
IITA-TMS-IBA154276,NA,1.23661952455244,NA,0.370568888874036,0.81768777824631,NA
IITA-TMS-IBA154284,NA,0.472205620608657,NA,-0.0187528525673428,0.364029554503279,NA
IITA-TMS-IBA154285,NA,2.71936107899305,NA,0.310673236344593,0.81768777824631,NA
IITA-TMS-IBA154286,NA,1.73086670936598,NA,0.202932634934798,-0.23086867855149,NA
IITA-TMS-IBA154290,NA,2.78013201894206,NA,0.210669452151406,0.17356427431614,NA
IITA-TMS-IBA154294,NA,2.22511389417952,NA,-0.467970246538165,-0.571875904640552,NA
IITA-TMS-IBA154296,NA,3.01891064219803,NA,-0.403144187552324,0.547683020871859,NA
IITA-TMS-IBA154297,NA,-0.740369214701701,NA,-0.378126767744,-0.363441352207523,NA
IITA-TMS-IBA154298,NA,1.23661952455244,NA,0.0111949736973785,0.470296857524594,NA
IITA-TMS-IBA154303,NA,2.22511389417952,NA,0.0111949736973785,0.470296857524594,NA
IITA-TMS-IBA154305,NA,1.73086670936598,NA,1.92785585463955,1.51246961968974,NA
IITA-TMS-IBA154308,NA,3.01891064219803,NA,0.102349398086042,0.153873813971102,NA
IITA-TMS-IBA154309,NA,3.68044400807848,NA,-0.0203917567621287,0.644326152026932,NA
IITA-TMS-IBA154310,NA,-0.740369214701701,NA,-0.527865899067607,-0.919266825362268,NA
IITA-TMS-IBA154311,NA,-0.619522870144391,NA,0.625896326068635,0.193254734661178,NA
IITA-TMS-IBA154315,NA,-0.740369214701701,NA,-0.288283288949836,-0.259224075991008,NA
IITA-TMS-IBA154316,NA,-1.28105623602483,NA,-0.143132911610299,-0.794886623730949,NA
IITA-TMS-IBA154323,NA,-1.28105623602483,NA,-0.150397394733141,0.44923071914667,NA
IITA-TMS-IBA154329,NA,-3.70585232358292,NA,-0.132344052388914,-0.10210217051439,NA
IITA-TMS-IBA154332,NA,-1.72886358432877,NA,-0.28225793712529,-0.192937739162992,NA
IITA-TMS-IBA154333,NA,-0.28875618720417,NA,0.0771394380818499,0.207517683295866,NA
IITA-TMS-IBA154334,NA,1.73086670936598,NA,0.190881931285708,0.122905936802879,NA
IITA-TMS-IBA154341,NA,-1.17384545956624,NA,-0.29482413348696,-0.0430307894792766,NA
IITA-TMS-IBA154352,NA,-0.950289553084613,NA,-0.367037502863869,-0.10210217051439,NA
IITA-TMS-IBA154357,NA,2.22511389417952,NA,-0.138544157626228,0.122905936802879,NA
IITA-TMS-IBA154364,NA,0.248125154925372,NA,-0.192414458331126,0.0154968132700373,NA
IITA-TMS-IBA154372,NA,-2.27335628484549,NA,0.109613881208883,0.0911840917957551,NA
IITA-TMS-IBA154375,NA,-1.72886358432877,NA,-0.258335462685114,0.088166844730707,NA
IITA-TMS-IBA154379,NA,-0.288756187204174,NA,0.0698749549590081,-0.00545903935931718,NA
IITA-TMS-IBA154385,NA,1.36507722749693,NA,0.286515063089736,0.191445564091061,NA
IITA-TMS-IBA154386,NA,0.742372339738908,NA,0.580203672727086,0.887165962390653,NA
IITA-TMS-IBA154407,NA,3.68044400807848,NA,0.0735071965204288,-0.735815242695835,NA
IITA-TMS-IBA154421,NA,-1.23461639951524,NA,-0.58776155159705,-0.502397720496209,NA
IITA-TMS-IBA154428,NA,1.73086670936598,NA,0.0831413298759127,-0.161390494407147,NA
IITA-TMS-IBA154429,NA,2.22511389417952,NA,0.0269234484242621,-0.592624201976097,NA
IITA-TMS-IBA154434,NA,-2.96956967214091,NA,0.246776136839861,0.360842341409213,NA
IITA-TMS-IBA154437,NA,NA,0.310632344246003,0.14616007834849,0.251348426439245,NA
IITA-TMS-IBA154443,NA,0.742372339738908,NA,-0.214932182980957,-0.0879032211231387,NA
IITA-TMS-IBA154465,NA,0.742372339738908,NA,-0.617709377861772,-1.19717956193964,NA
IITA-TMS-IBA154535,NA,-4.10196193458239,NA,-0.577913055904975,NA,NA
IITA-TMS-IBA154545,NA,-1.07164916263977,-0.301365699556047,NA,-0.665549577705155,NA
IITA-TMS-IBA154562,NA,2.13933029089226,NA,-0.365109596628241,NA,NA
IITA-TMS-IBA154566,NA,3.17861525319386,-0.0799836255918805,NA,-0.287098572265039,NA
IITA-TMS-IBA154569,NA,0.419671685021147,0.141398448372286,NA,-0.304624489846966,NA
IITA-TMS-IBA154571,NA,-1.81730958647024,0.362780522336452,NA,0.158711202492187,NA
IITA-TMS-IBA154600,NA,2.15102914229291,0.141398448372286,-0.233320197515381,-0.945934753940394,NA
IITA-TMS-IBA154810,0.0128405234609502,NA,-0.0345667612847658,NA,-2.5785040958395,NA
IITA-TMS-IBA160008,NA,-1.09335721605966,NA,-0.314673805970448,0.0216088131045799,NA
IITA-TMS-IBA160049,NA,-0.805702345174959,-0.0108083054459103,0.27973188734051,-0.168477295988392,NA
IITA-TMS-IBA160084,NA,-0.311455160361422,-0.00187573442790793,0.798943852079838,0.34298459775027,NA
IITA-TMS-IBA160085,NA,-3.67840272618114,-0.0108083054459103,0.101371191266128,-0.238880358506319,NA
IITA-TMS-IBA160086,NA,-4.33993609206158,-0.0108083054459103,-0.0381869090397221,-0.473184433137064,NA
IITA-TMS-IBA160090,NA,-2.68610267736048,-0.0108083054459103,0.039348800135707,-0.211402552225115,NA
IITA-TMS-IBA160102,NA,-3.67840272618114,-0.0108083054459103,0.0419407866952119,-0.295841030456342,NA
IITA-TMS-IBA160112,NA,0.290797469101509,-0.0108083054459103,-0.232045482634305,-0.405455743008462,NA
IITA-TMS-IBA160229,NA,-0.701502579719154,-0.0108083054459103,0.057376902116181,-0.206353199636682,NA
IITA-TMS-IBA160319,NA,4.25999766438416,-0.0108083054459103,-0.252704172486304,-0.360005810477523,NA
IITA-TMS-IBA160342,NA,-0.104862846432594,0.381885741195927,0.722683779467634,0.530945125185825,NA
IITA-TMS-IBA160389,NA,-0.538508168541867,NA,0.126428549090231,0.0222007300653438,NA
IITA-TMS-IBA160567,NA,-2.02456931148004,-0.0108083054459103,-0.327678776151845,-0.211848760892922,NA
IITA-TMS-IBA160571,NA,-2.02456931148004,-0.0108083054459103,0.023812321303486,0.0329268193437019,NA
IITA-TMS-IBA160574,NA,-1.3630359455996,-0.0108083054459103,0.0186669494964965,-0.247866421631186,NA
IITA-TMS-IBA160583,NA,-0.272577855981808,-0.0125389856144483,-0.35078021474108,-0.185958082505308,NA
IITA-TMS-IBA160592,NA,-4.30817859199021,-0.0108083054459103,-0.0538802008468956,-0.387569891413725,NA
IITA-TMS-IBA160596,NA,-3.66528457729141,NA,-0.198976743836443,-0.108882302674557,NA
IITA-TMS-IBA163889,NA,0.48730292871138,0.442789533750089,-0.070028692853323,-0.58724223103995,NA
IITA-TMS-IBA163890,NA,-1.00579537870907,0.152489578525357,-0.302202666543003,-0.6256182482333,NA
IITA-TMS-IBA164542,NA,NA,0.162625587784188,-0.199445946898766,-0.675351087608843,NA
IITA-TMS-IBA164811,NA,NA,-0.254046277831697,-0.344731712422273,-0.434311608845245,NA
IITA-TMS-IBA170069,NA,-2.66894185164622,0.242921910610177,0.325246979135168,-0.0611281694895568,NA
IITA-TMS-IBA170072,NA,2.16095608181719,0.371895646273024,-0.705458906211235,-1.10535678210791,NA
IITA-TMS-IBA170075,NA,-0.353146853294859,0.465336130455948,-0.242238278409905,-0.503804250537529,NA
IITA-TMS-IBA170086,NA,1.83605584010741,NA,NA,NA,NA
IITA-TMS-IBA170088,NA,-3.10641600802795,NA,NA,NA,NA
IITA-TMS-IBA170096,NA,1.83605584010741,NA,NA,NA,NA
IITA-TMS-IBA170099,NA,-3.60066319284149,NA,NA,NA,NA
IITA-TMS-IBA170101,NA,-4.09491037765502,NA,NA,NA,NA
IITA-TMS-IBA170102,NA,-4.09491037765502,NA,NA,NA,NA
IITA-TMS-IBA170103,NA,-2.61216882321441,NA,NA,NA,NA
IITA-TMS-IBA170108,NA,-3.10641600802795,NA,NA,NA,NA
IITA-TMS-IBA170114,NA,-0.140932899146733,NA,NA,NA,NA
IITA-TMS-IBA170115,NA,-3.10641600802795,NA,NA,NA,NA
IITA-TMS-IBA170116,NA,-3.10641600802795,NA,NA,NA,NA
IITA-TMS-IBA170119,NA,-2.61216882321441,NA,NA,NA,NA
IITA-TMS-IBA170121,NA,-5.57765193209563,NA,NA,NA,NA
IITA-TMS-IBA170123,NA,-2.61216882321441,NA,NA,NA,NA
IITA-TMS-IBA170125,NA,-4.09491037765502,NA,NA,NA,NA
IITA-TMS-IBA170137,NA,-2.11792163840088,NA,NA,NA,NA
IITA-TMS-IBA170138,NA,0.353314285666805,NA,NA,NA,NA
IITA-TMS-IBA170141,NA,1.34180865529388,NA,NA,NA,NA
IITA-TMS-IBA170149,NA,0.353314285666805,NA,NA,NA,NA
IITA-TMS-IBA170151,NA,1.34180865529388,NA,NA,NA,NA
IITA-TMS-IBA170155,NA,-1.62367445358734,NA,NA,NA,NA
IITA-TMS-IBA170158,NA,1.34180865529388,NA,NA,NA,NA
IITA-TMS-IBA170159,NA,-2.11792163840088,NA,NA,NA,NA
IITA-TMS-IBA170165,NA,5.7900333186157,NA,NA,NA,NA
IITA-TMS-IBA170166,NA,-0.635180083960269,NA,NA,NA,NA
IITA-TMS-IBA170172,NA,-6.07189911690917,NA,NA,NA,NA
IITA-TMS-IBA170174,NA,-4.09491037765502,NA,NA,NA,NA
IITA-TMS-IBA170178,NA,-1.1294272687738,NA,NA,NA,NA
IITA-TMS-IBA170186,NA,3.81304457936156,NA,NA,NA,NA
IITA-TMS-IBA170189,NA,-0.635180083960269,NA,NA,NA,NA
IITA-TMS-IBA170199,NA,-5.0834047472821,NA,NA,NA,NA
IITA-TMS-IBA170220,NA,1.34180865529388,NA,NA,NA,NA
IITA-TMS-IBA170226,NA,-3.10641600802795,NA,NA,NA,NA
IITA-TMS-IBA170229,NA,2.82455020973449,NA,NA,NA,NA
IITA-TMS-IBA170231,NA,-0.140932899146733,NA,NA,NA,NA
IITA-TMS-IBA170235,NA,-1.62367445358734,NA,NA,NA,NA
IITA-TMS-IBA170236,NA,2.33030302492095,NA,NA,NA,NA
IITA-TMS-IBA170248,NA,0.353314285666805,NA,NA,NA,NA
IITA-TMS-IBA170259,NA,-0.140932899146733,NA,NA,NA,NA
IITA-TMS-IBA170264,NA,-1.1294272687738,NA,NA,NA,NA
IITA-TMS-IBA170265,NA,3.81304457936156,NA,NA,NA,NA
IITA-TMS-IBA170283,NA,1.83605584010741,NA,NA,NA,NA
IITA-TMS-IBA170287,NA,-0.635180083960269,NA,NA,NA,NA
IITA-TMS-IBA170289,NA,4.30729176417509,NA,NA,NA,NA
IITA-TMS-IBA170290,NA,-2.11792163840088,NA,NA,NA,NA
IITA-TMS-IBA170306,NA,-4.09491037765502,NA,NA,NA,NA
IITA-TMS-IBA170307,NA,-3.10641600802795,NA,NA,NA,NA
IITA-TMS-IBA170320,NA,-0.140932899146733,NA,NA,NA,NA
IITA-TMS-IBA170325,NA,2.82455020973449,NA,NA,NA,NA
IITA-TMS-IBA170330,NA,-6.07189911690917,NA,NA,NA,NA
IITA-TMS-IBA170331,NA,-0.635180083960269,NA,NA,NA,NA
IITA-TMS-IBA170366,NA,-1.1294272687738,NA,NA,NA,NA
IITA-TMS-IBA170379,NA,-2.61216882321441,NA,NA,NA,NA
IITA-TMS-IBA170399,NA,0.847561470480341,NA,NA,NA,NA
IITA-TMS-IBA170401,NA,-0.140932899146733,NA,NA,NA,NA
IITA-TMS-IBA170402,NA,0.847561470480341,NA,NA,NA,NA
IITA-TMS-IBA170403,NA,3.31879739454802,NA,NA,NA,NA
IITA-TMS-IBA170404,NA,0.353314285666805,NA,NA,NA,NA
IITA-TMS-IBA170410,NA,-3.60066319284149,NA,NA,NA,NA
IITA-TMS-IBA170420,NA,-1.62367445358734,NA,NA,NA,NA
IITA-TMS-IBA170421,NA,-1.1294272687738,NA,NA,NA,NA
IITA-TMS-IBA170428,NA,-0.635180083960269,NA,NA,NA,NA
IITA-TMS-IBA170434,NA,-1.62367445358734,NA,NA,NA,NA
IITA-TMS-IBA170436,NA,-3.60066319284149,NA,NA,NA,NA
IITA-TMS-IBA170438,NA,2.33030302492095,NA,NA,NA,NA
IITA-TMS-IBA170448,NA,-0.140932899146733,NA,NA,NA,NA
IITA-TMS-IBA170451,NA,-2.11792163840088,NA,NA,NA,NA
IITA-TMS-IBA170452,NA,-3.60066319284149,NA,NA,NA,NA
IITA-TMS-IBA170536,NA,-0.140932899146733,NA,NA,NA,NA
IITA-TMS-IBA170541,NA,2.82455020973449,NA,NA,NA,NA
IITA-TMS-IBA170582,NA,-3.60066319284149,NA,NA,NA,NA
IITA-TMS-IBA170590,NA,1.83605584010741,NA,NA,NA,NA
IITA-TMS-IBA170614,NA,2.33030302492095,NA,NA,NA,NA
IITA-TMS-IBA171277,NA,-0.688651833750273,NA,NA,NA,NA
IITA-TMS-IBA171280,NA,1.78258409031741,NA,NA,NA,NA
IITA-TMS-IBA171281,NA,1.20471563117576,0.171271427918371,-0.530634741248845,0.66443629884612,NA
IITA-TMS-IBA171284,NA,-2.17139338819088,NA,NA,NA,NA
IITA-TMS-IBA171286,NA,-0.50138159571687,0.142172563385402,1.1295837842662,-0.0966341466478615,NA
IITA-TMS-IBA171333,NA,3.26532564475802,NA,NA,NA,NA
IITA-TMS-IBA171343,NA,-0.688651833750273,NA,NA,NA,NA
IITA-TMS-IBA171359,NA,1.17508175786686,0.142172563385402,0.385362408302074,-0.477168235783585,NA
IITA-TMS-IBA171366,NA,-3.65413494263149,NA,NA,NA,NA
IITA-TMS-IBA171453,NA,-0.0605362041669807,0.142172563385402,-0.685272380661718,-0.954830751775944,NA
IITA-TMS-IBA171641,NA,-1.18289901856381,NA,NA,NA,NA
IITA-TMS-IBA171676,NA,3.05636422420666,0.171271427918371,-0.717841089153615,0.114807371792054,NA
IITA-TMS-IBA171680,NA,-3.15988775781795,NA,NA,NA,NA
IITA-TMS-IBA171742,NA,2.00798976244084,0.0971426269405909,0.963242072014365,-0.0685824965270413,NA
IITA-TMS-IBA171800,NA,0.794089720690339,NA,NA,NA,NA
IITA-TMS-IBA172065,NA,-0.194404648936736,NA,NA,NA,NA
IITA-TMS-IBA172083,NA,-0.194404648936736,NA,NA,NA,NA
IITA-TMS-IBA172084,NA,2.77107845994448,NA,NA,NA,NA
IITA-TMS-IBA172113,NA,-3.65413494263149,NA,NA,NA,NA
IITA-TMS-IBA172116,NA,-3.65413494263149,NA,NA,NA,NA
IITA-TMS-IBA172122,NA,-4.14838212744503,NA,NA,NA,NA
IITA-TMS-IBA172123,NA,-1.18289901856381,NA,NA,NA,NA
IITA-TMS-IBA172133,NA,3.6902503772773,-0.113055539855522,-0.46294549400428,-0.0927418391527794,NA
IITA-TMS-IBA172139,NA,2.77107845994448,NA,NA,NA,NA
IITA-TMS-IBA172141,NA,1.28833690550388,NA,NA,NA,NA
IITA-TMS-IBA172146,NA,0.2998425358768,NA,NA,NA,NA
IITA-TMS-IBA172147,NA,2.49719369914856,-0.397382507629416,0.308394344199121,-0.201943956335546,NA
IITA-TMS-IBA172152,NA,2.62147043645364,0.171271427918371,0.97680855794785,-0.525931966743612,NA
IITA-TMS-IBA172155,NA,-0.688651833750273,NA,NA,NA,NA
IITA-TMS-IBA172165,NA,-2.17139338819088,NA,NA,NA,NA
IITA-TMS-IBA172166,NA,-2.66564057300442,NA,NA,NA,NA
IITA-TMS-IBA172167,NA,1.28833690550388,NA,NA,NA,NA
IITA-TMS-IBA172168,NA,-3.15988775781795,NA,NA,NA,NA
IITA-TMS-IBA172170,NA,-1.18289901856381,NA,NA,NA,NA
IITA-TMS-IBA172171,NA,-2.66564057300442,NA,NA,NA,NA
IITA-TMS-IBA172196,NA,0.2998425358768,NA,NA,NA,NA
IITA-TMS-IBA172228,NA,1.28833690550388,NA,NA,NA,NA
IITA-TMS-IBA172230,NA,-0.688651833750273,NA,NA,NA,NA
IITA-TMS-IBA172232,NA,3.26532564475802,NA,NA,NA,NA
IITA-TMS-IBA172238,NA,-1.67714620337734,NA,NA,NA,NA
IITA-TMS-IBA172241,NA,3.26532564475802,NA,NA,NA,NA
IITA-TMS-IBA172242,NA,-0.194404648936736,NA,NA,NA,NA
IITA-TMS-IBA172244,NA,2.27683127513095,NA,NA,NA,NA
IITA-TMS-IBA172247,NA,1.13014958879272,-0.113055539855522,0.803045137884662,-0.201039371050487,NA
IITA-TMS-IBA172255,NA,1.28833690550388,NA,NA,NA,NA
IITA-TMS-IBA172256,NA,1.28833690550388,NA,NA,NA,NA
IITA-TMS-IBA172257,NA,5.24231438401216,NA,NA,NA,NA
IITA-TMS-IBA172263,NA,-0.688651833750273,NA,NA,NA,NA
IITA-TMS-IBA172264,NA,-2.66564057300442,NA,NA,NA,NA
IITA-TMS-IBA172265,NA,-1.18289901856381,NA,NA,NA,NA
IITA-TMS-IBA172269,NA,2.17782853609892,0.142172563385402,1.91197074543205,0.189963362947554,NA
IITA-TMS-IBA172275,NA,1.28833690550388,NA,NA,NA,NA
IITA-TMS-IBA172289,NA,1.28833690550388,NA,NA,NA,NA
IITA-TMS-IBA172293,NA,1.78258409031741,NA,NA,NA,NA
IITA-TMS-IBA172298,NA,2.77107845994448,NA,NA,NA,NA
IITA-TMS-IBA172299,NA,3.6902503772773,0.171271427918371,-1.0835291370871,-0.0927418391527794,NA
IITA-TMS-IBA172301,NA,2.0574144809222,0.0971426269405909,0.485574243092058,0.504612522663789,NA
IITA-TMS-IBA172303,NA,1.78258409031741,NA,NA,NA,NA
IITA-TMS-IBA172305,NA,-1.18289901856381,NA,NA,NA,NA
IITA-TMS-IBA172308,NA,2.04979744485028,0.171271427918371,0.315658827321962,-0.368008595322342,NA
IITA-TMS-IBA172309,NA,3.89292171309637,0.0971426269405909,0.0243777186153478,-0.355180006122457,NA
IITA-TMS-IBA172311,NA,-1.18289901856381,NA,NA,NA,NA
IITA-TMS-IBA172312,NA,-1.67714620337734,NA,NA,NA,NA
IITA-TMS-IBA172318,NA,3.56597363997222,0.171271427918371,-0.550493417827495,1.15177519238581,NA
IITA-TMS-IBA172328,NA,2.27683127513095,NA,NA,NA,NA
IITA-TMS-IBA172333,NA,-1.67714620337734,NA,NA,NA,NA
IITA-TMS-IBA172336,NA,3.75957282957156,NA,NA,NA,NA
IITA-TMS-IBA172339,NA,1.78258409031741,NA,NA,NA,NA
IITA-TMS-IBA172340,NA,-1.18289901856381,NA,NA,NA,NA
IITA-TMS-IBA172343,NA,3.69935527762393,0.142172563385402,1.12657110835393,1.81561184097974,NA
IITA-TMS-IBA172345,NA,2.27683127513095,NA,NA,NA,NA
IITA-TMS-IBA172348,NA,1.78258409031741,NA,NA,NA,NA
IITA-TMS-IBA172355,NA,1.78258409031741,NA,NA,NA,NA
IITA-TMS-IBA172367,NA,1.28833690550388,NA,NA,NA,NA
IITA-TMS-IBA172384,NA,-0.194404648936736,NA,NA,NA,NA
IITA-TMS-IBA172386,NA,-2.66564057300442,NA,NA,NA,NA
IITA-TMS-IBA172396,NA,-1.67714620337734,NA,NA,NA,NA
IITA-TMS-IBA172397,NA,-1.18289901856381,NA,NA,NA,NA
IITA-TMS-IBA172398,NA,-4.14838212744503,NA,NA,NA,NA
IITA-TMS-IBA172405,NA,2.12436348723333,0.171271427918371,-0.109970291535773,-0.23082750988009,NA
IITA-TMS-IBA172407,NA,0.519101547106126,0.0971426269405909,0.419689025309671,0.695677529060733,NA
IITA-TMS-IBA172409,NA,3.26532564475802,NA,NA,NA,NA
IITA-TMS-IBA172412,NA,-0.194404648936736,NA,NA,NA,NA
IITA-TMS-IBA172429,NA,0.2998425358768,NA,NA,NA,NA
IITA-TMS-IBA172440,NA,-3.15988775781795,NA,NA,NA,NA
IITA-TMS-IBA172446,NA,-1.67714620337734,NA,NA,NA,NA
IITA-TMS-IBA172450,NA,-2.17139338819088,NA,NA,NA,NA
IITA-TMS-IBA172455,NA,1.28833690550388,NA,NA,NA,NA
IITA-TMS-IBA172457,NA,-1.67714620337734,NA,NA,NA,NA
IITA-TMS-IBA172465,NA,0.794089720690339,NA,NA,NA,NA
IITA-TMS-IBA172466,NA,0.2998425358768,NA,NA,NA,NA
IITA-TMS-IBA172523,NA,1.39594777999156,NA,NA,NA,NA
IITA-TMS-IBA172526,NA,-2.55802969851673,-0.397758121737121,-0.854856271012312,-1.192178744976,NA
IITA-TMS-IBA172527,NA,1.8901949648051,NA,NA,NA,NA
IITA-TMS-IBA172528,NA,1.8901949648051,NA,NA,NA,NA
IITA-TMS-IBA172529,NA,2.87868933443217,NA,NA,NA,NA
IITA-TMS-IBA172531,NA,-0.0829372903375726,NA,-0.237328420144502,-0.326186267998382,NA
IITA-TMS-IBA172534,NA,-2.06378251370319,NA,NA,NA,NA
IITA-TMS-IBA172535,NA,-3.05227688333026,NA,NA,NA,NA
IITA-TMS-IBA172536,NA,1.39594777999156,NA,NA,NA,NA
IITA-TMS-IBA172537,NA,-0.0867937744490495,NA,NA,NA,NA
IITA-TMS-IBA172538,NA,-2.54361668897809,NA,0.649531235969379,0.801012649022843,NA
IITA-TMS-IBA172539,NA,1.8901949648051,NA,NA,NA,NA
IITA-TMS-IBA172543,NA,2.38444214961863,NA,NA,NA,NA
IITA-TMS-IBA172549,NA,1.8901949648051,NA,NA,NA,NA
IITA-TMS-IBA172551,NA,-3.5465240681438,NA,NA,NA,NA
IITA-TMS-IBA172554,NA,-7.99474873146563,NA,NA,NA,NA
IITA-TMS-IBA172555,NA,-3.5465240681438,NA,NA,NA,NA
IITA-TMS-IBA172556,NA,-4.53501843777087,NA,NA,NA,NA
IITA-TMS-IBA172557,NA,-2.55802969851673,NA,NA,NA,NA
IITA-TMS-IBA172558,NA,-2.06378251370319,NA,NA,NA,NA
IITA-TMS-IBA172560,NA,2.38444214961863,NA,NA,NA,NA
IITA-TMS-IBA172563,NA,-4.53501843777087,NA,NA,NA,NA
IITA-TMS-IBA172565,NA,-0.0867937744490495,NA,NA,NA,NA
IITA-TMS-IBA172566,NA,-2.06378251370319,NA,NA,NA,NA
IITA-TMS-IBA172567,NA,1.39594777999156,NA,NA,NA,NA
IITA-TMS-IBA172569,NA,-1.77310091768662,NA,-0.0418902027219528,0.311864584913039,NA
IITA-TMS-IBA172571,NA,0.407453410364489,NA,NA,NA,NA
IITA-TMS-IBA172573,NA,3.37293651924571,NA,NA,NA,NA
IITA-TMS-IBA172575,NA,1.39594777999156,NA,NA,NA,NA
IITA-TMS-IBA172576,NA,2.87868933443217,NA,NA,NA,NA
IITA-TMS-IBA172579,NA,-6.01775999221148,NA,NA,NA,NA
IITA-TMS-IBA172580,NA,0.407453410364489,NA,NA,NA,NA
IITA-TMS-IBA172582,NA,-1.56953532888966,NA,NA,NA,NA
IITA-TMS-IBA172584,NA,1.8901949648051,NA,NA,NA,NA
IITA-TMS-IBA172586,NA,0.985842650486086,NA,0.684283919982017,1.09883086174154,NA
IITA-TMS-IBA172590,NA,-0.0867937744490495,NA,NA,NA,NA
IITA-TMS-IBA172591,NA,2.97248086403098,NA,-0.887939669822224,2.98344053167351,NA
IITA-TMS-IBA172592,NA,-0.0867937744490495,NA,NA,NA,NA
IITA-TMS-IBA172593,NA,0.901700595178026,NA,NA,NA,NA
IITA-TMS-IBA172594,NA,1.39594777999156,NA,NA,NA,NA
IITA-TMS-IBA172597,NA,0.407453410364489,NA,NA,NA,NA
IITA-TMS-IBA172598,NA,2.38444214961863,NA,NA,NA,NA
IITA-TMS-IBA172599,NA,3.83247423967555,NA,-0.209603511640483,-0.0847487446555929,NA
IITA-TMS-IBA172602,NA,2.38444214961863,NA,NA,NA,NA
IITA-TMS-IBA172604,NA,-0.0867937744490495,NA,NA,NA,NA
IITA-TMS-IBA172605,NA,1.39594777999156,NA,NA,NA,NA
IITA-TMS-IBA172606,NA,-0.581040959262583,NA,NA,NA,NA
IITA-TMS-IBA172609,NA,2.87868933443217,NA,NA,NA,NA
IITA-TMS-IBA172610,NA,1.39594777999156,NA,NA,NA,NA
IITA-TMS-IBA172611,NA,3.37293651924571,NA,NA,NA,NA
IITA-TMS-IBA172612,NA,-5.52351280739795,NA,NA,NA,NA
IITA-TMS-IBA172613,NA,2.38444214961863,NA,NA,NA,NA
IITA-TMS-IBA172614,NA,-0.0867937744490495,NA,NA,NA,NA
IITA-TMS-IBA172615,NA,0.901700595178026,NA,NA,NA,NA
IITA-TMS-IBA172616,NA,-1.56953532888966,NA,NA,NA,NA
IITA-TMS-IBA172617,NA,0.407453410364489,NA,NA,NA,NA
IITA-TMS-IBA172620,NA,6.83266681294046,NA,NA,NA,NA
IITA-TMS-IBA172621,NA,3.37293651924571,NA,NA,NA,NA
IITA-TMS-IBA172622,NA,2.38444214961863,NA,NA,NA,NA
IITA-TMS-IBA172623,NA,3.86718370405925,NA,NA,NA,NA
IITA-TMS-IBA172624,NA,1.8901949648051,NA,NA,NA,NA
IITA-TMS-IBA172626,NA,-1.56953532888966,NA,NA,NA,NA
IITA-TMS-IBA172627,NA,-0.581040959262583,NA,NA,NA,NA
IITA-TMS-IBA172628,NA,2.38444214961863,0.147580049693266,-0.94039639129046,-1.15261078990463,NA
IITA-TMS-IBA172630,NA,2.87868933443217,0.170895813810666,-0.295664778446158,0.151615235840639,NA
IITA-TMS-IBA172631,NA,-1.56953532888966,NA,NA,NA,NA
IITA-TMS-IBA172632,NA,-3.05227688333026,NA,NA,NA,NA
IITA-TMS-IBA172633,NA,-3.05227688333026,NA,NA,NA,NA
IITA-TMS-IBA172634,NA,2.87868933443217,NA,NA,NA,NA
IITA-TMS-IBA172635,NA,1.39594777999156,NA,NA,NA,NA
IITA-TMS-IBA172638,NA,0.901700595178026,NA,NA,NA,NA
IITA-TMS-IBA172640,NA,0.901700595178026,NA,NA,NA,NA
IITA-TMS-IBA172641,NA,3.37293651924571,NA,NA,NA,NA
IITA-TMS-IBA172642,NA,1.8901949648051,NA,NA,NA,NA
IITA-TMS-IBA172644,NA,1.39594777999156,NA,NA,NA,NA
IITA-TMS-IBA172645,NA,-6.01775999221148,NA,NA,NA,NA
IITA-TMS-IBA172648,NA,-3.5465240681438,NA,NA,NA,NA
IITA-TMS-IBA172649,NA,-5.52351280739795,NA,NA,NA,NA
IITA-TMS-IBA172650,NA,-0.0867937744490495,NA,NA,NA,NA
IITA-TMS-IBA172651,NA,-6.01775999221148,NA,NA,NA,NA
IITA-TMS-IBA172652,NA,1.8901949648051,NA,NA,NA,NA
IITA-TMS-IBA172653,NA,-0.581040959262583,NA,NA,NA,NA
IITA-TMS-IBA172654,NA,0.901700595178026,NA,NA,NA,NA
IITA-TMS-IBA172655,NA,0.407453410364489,NA,NA,NA,NA
IITA-TMS-IBA172656,NA,4.85567807368632,NA,NA,NA,NA
IITA-TMS-IBA172659,NA,-0.581040959262583,NA,NA,NA,NA
IITA-TMS-IBA172663,NA,-2.06378251370319,NA,NA,NA,NA
IITA-TMS-IBA172665,NA,-0.0867937744490495,NA,NA,NA,NA
IITA-TMS-IBA172666,NA,-2.06378251370319,NA,NA,NA,NA
IITA-TMS-IBA172667,NA,-1.07528814407612,NA,NA,NA,NA
IITA-TMS-IBA172668,NA,1.8901949648051,NA,NA,NA,NA
IITA-TMS-IBA172669,NA,-0.581040959262583,NA,NA,NA,NA
IITA-TMS-IBA172671,NA,3.37293651924571,NA,NA,NA,NA
IITA-TMS-IBA172673,NA,-0.581040959262583,NA,NA,NA,NA
IITA-TMS-IBA172674,NA,2.38444214961863,NA,NA,NA,NA
IITA-TMS-IBA172675,NA,0.901700595178026,NA,NA,NA,NA
IITA-TMS-IBA172676,NA,-3.5465240681438,NA,NA,NA,NA
IITA-TMS-IBA172677,NA,2.38444214961863,NA,NA,NA,NA
IITA-TMS-IBA172679,NA,2.38444214961863,NA,NA,NA,NA
IITA-TMS-IBA172680,NA,-2.06378251370319,NA,NA,NA,NA
IITA-TMS-IBA172682,NA,-0.581040959262583,NA,NA,NA,NA
IITA-TMS-IBA172684,NA,6.33841962812693,NA,NA,NA,NA
IITA-TMS-IBA172686,NA,0.901700595178026,NA,NA,NA,NA
IITA-TMS-IBA172687,NA,-4.04077125295734,NA,NA,NA,NA
IITA-TMS-IBA172688,NA,-2.55802969851673,NA,NA,NA,NA
IITA-TMS-IBA172699,NA,-3.05227688333026,NA,NA,NA,NA
IITA-TMS-IBA172700,NA,0.407453410364489,NA,NA,NA,NA
IITA-TMS-IBA172701,NA,-0.0867937744490495,NA,NA,NA,NA
IITA-TMS-IBA172702,NA,-0.0867937744490495,NA,NA,NA,NA
IITA-TMS-IBA172703,NA,2.87868933443217,NA,NA,NA,NA
IITA-TMS-IBA172704,NA,4.36143088887278,NA,NA,NA,NA
IITA-TMS-IBA172706,NA,-1.56953532888966,NA,NA,NA,NA
IITA-TMS-IBA172707,NA,-4.04077125295734,NA,NA,NA,NA
IITA-TMS-IBA172708,NA,0.407453410364489,NA,NA,NA,NA
IITA-TMS-IBA172709,NA,-1.07528814407612,NA,NA,NA,NA
IITA-TMS-IBA172710,NA,-2.06378251370319,NA,NA,NA,NA
IITA-TMS-IBA172711,NA,2.87868933443217,NA,NA,NA,NA
IITA-TMS-IBA172712,NA,2.38444214961863,NA,NA,NA,NA
IITA-TMS-IBA172713,NA,-2.55802969851673,NA,NA,NA,NA
IITA-TMS-IBA172714,NA,-1.56953532888966,NA,NA,NA,NA
IITA-TMS-IBA172716,NA,-0.0867937744490495,NA,NA,NA,NA
IITA-TMS-IBA172717,NA,1.39594777999156,NA,NA,NA,NA
IITA-TMS-IBA172721,NA,0.901700595178026,NA,NA,NA,NA
IITA-TMS-IBA172722,NA,2.87868933443217,NA,NA,NA,NA
IITA-TMS-IBA172723,NA,2.38444214961863,NA,NA,NA,NA
IITA-TMS-IBA172728,NA,-5.52351280739795,NA,NA,NA,NA
IITA-TMS-IBA172729,NA,-5.02926562258441,NA,NA,NA,NA
IITA-TMS-IBA172730,NA,-6.01775999221148,NA,NA,NA,NA
IITA-TMS-IBA172731,NA,-3.5465240681438,NA,NA,NA,NA
IITA-TMS-IBA172732,NA,-2.55802969851673,NA,NA,NA,NA
IITA-TMS-IBA172733,NA,-3.5465240681438,NA,NA,NA,NA
IITA-TMS-IBA172734,NA,-6.51200717702502,NA,NA,NA,NA
IITA-TMS-IBA172738,NA,-3.5465240681438,NA,NA,NA,NA
IITA-TMS-IBA172739,NA,2.38444214961863,NA,NA,NA,NA
IITA-TMS-IBA172740,NA,-2.55802969851673,NA,NA,NA,NA
IITA-TMS-IBA172743,NA,-5.02926562258441,NA,NA,NA,NA
IITA-TMS-IBA172747,NA,-5.02926562258441,NA,NA,NA,NA
IITA-TMS-IBA172749,NA,0.407453410364489,NA,NA,NA,NA
IITA-TMS-IBA172750,NA,-3.5465240681438,NA,NA,NA,NA
IITA-TMS-IBA172751,NA,-5.02926562258441,NA,NA,NA,NA
IITA-TMS-IBA172753,NA,-1.56953532888966,NA,NA,NA,NA
IITA-TMS-IBA172754,NA,-0.581040959262583,NA,NA,NA,NA
IITA-TMS-IBA172758,NA,2.38444214961863,NA,NA,NA,NA
IITA-TMS-IBA172762,NA,-5.02926562258441,NA,NA,NA,NA
IITA-TMS-IBA172778,NA,NA,0.170895813810666,-0.533968897389959,-0.406117053432558,NA
IITA-TMS-IBA172780,NA,1.8901949648051,NA,NA,NA,NA
IITA-TMS-IBA172787,NA,0.407453410364489,NA,NA,NA,NA
IITA-TMS-IBA172814,NA,-1.56953532888966,NA,NA,NA,NA
IITA-TMS-IBA172819,NA,0.407453410364489,0.0912103002506084,-0.238849881143554,-0.262868490182929,NA
IITA-TMS-IBA172823,NA,NA,0.170895813810666,-1.23713579515133,0.0640726250374141,NA
IITA-TMS-IBA172826,NA,NA,-0.113431153963228,-0.392658347361229,-1.31943466251354,NA
IITA-TMS-IBA172828,NA,1.8901949648051,NA,NA,NA,NA
IITA-TMS-IBA172830,NA,2.38444214961863,NA,NA,NA,NA
IITA-TMS-IBA180017,NA,NA,NA,NA,NA,0.160495969084249
IITA-TMS-IBA180018,NA,NA,NA,NA,NA,-0.231857685314066
IITA-TMS-IBA180022,NA,NA,NA,NA,NA,0.219925436331648
IITA-TMS-IBA180034,NA,NA,NA,NA,NA,0.0470397134301252
IITA-TMS-IBA180037,NA,NA,NA,NA,NA,0.133482574880887
IITA-TMS-IBA180047,NA,NA,NA,NA,NA,-0.214990210342495
IITA-TMS-IBA180049,NA,NA,NA,NA,NA,-0.20418485266115
IITA-TMS-IBA180051,NA,NA,NA,NA,NA,0.155093290243577
IITA-TMS-IBA180058,NA,NA,NA,NA,NA,-0.0718192210646714
IITA-TMS-IBA180064,NA,NA,NA,NA,NA,0.0308316769081076
IITA-TMS-IBA180065,NA,NA,NA,NA,NA,-0.169067440196778
IITA-TMS-IBA180067,NA,NA,NA,NA,NA,0.125378556619878
IITA-TMS-IBA180070,NA,NA,NA,NA,NA,-0.171768779617114
IITA-TMS-IBA180071,NA,NA,NA,NA,NA,0.387408480392498
IITA-TMS-IBA180073,NA,NA,NA,NA,NA,0.0362343557487801
IITA-TMS-IBA180081,NA,NA,NA,NA,NA,0.252341509375683
IITA-TMS-IBA180084,NA,NA,NA,NA,NA,0.257744188216356
IITA-TMS-IBA180088,NA,NA,NA,NA,NA,0.106469180677524
IITA-TMS-IBA180090,NA,NA,NA,NA,NA,0.0902611441555059
IITA-TMS-IBA180098,NA,NA,NA,NA,NA,-0.169067440196778
IITA-TMS-IBA180106,NA,NA,NA,NA,NA,-0.206886192081486
IITA-TMS-IBA180121,NA,-1.31247906527394,NA,NA,-1.31642268511692,NA
IITA-TMS-IBA180124,NA,NA,NA,NA,NA,0.0902611441555057
IITA-TMS-IBA180129,NA,-2.30097343490102,NA,NA,-5.70772598493029,NA
IITA-TMS-IBA180130,NA,-0.323984695646872,NA,NA,-3.2206890544537,NA
IITA-TMS-IBA180132,NA,NA,NA,NA,-1.44900465274144,NA
IITA-TMS-IBA180133,NA,-0.818231880460406,NA,NA,-2.46281272349858,NA
IITA-TMS-IBA180146,NA,NA,NA,NA,NA,-0.142054045993415
IITA-TMS-IBA180147,NA,NA,NA,NA,NA,-0.0826245787460167
IITA-TMS-IBA180148,NA,NA,NA,NA,NA,-0.212288870922159
IITA-TMS-IBA180151,NA,-4.74633563910742,NA,NA,-1.13428138893749,NA
IITA-TMS-IBA180153,NA,-1.33149493832065,NA,NA,1.03484043041883,NA
IITA-TMS-IBA180158,NA,NA,NA,NA,NA,0.0742388310949914
IITA-TMS-IBA180159,NA,-0.323984695646872,NA,NA,-4.37984648210067,NA
IITA-TMS-IBA180160,NA,-2.81423649276126,NA,NA,3.90400737368931,NA
IITA-TMS-IBA180161,NA,-3.78371498934162,NA,NA,-0.92790897769038,NA
IITA-TMS-IBA180170,NA,0.645493800933492,NA,NA,NA,NA
IITA-TMS-IBA180173,NA,NA,NA,NA,NA,-0.255510301647539
IITA-TMS-IBA180178,NA,1.63398817056056,NA,NA,NA,NA
IITA-TMS-IBA180180,NA,NA,NA,NA,NA,-0.120443330630725
IITA-TMS-IBA180182,NA,NA,NA,NA,NA,-0.0475071662816447
IITA-TMS-IBA180187,NA,-5.76070372859577,NA,NA,-5.14091466037212,NA
IITA-TMS-IBA180210,NA,NA,NA,NA,NA,0.114573198938533
IITA-TMS-IBA180212,NA,2.88211348011216,NA,0.906025778278332,4.3171282522001,NA
IITA-TMS-IBA180214,NA,-0.577616813582597,NA,-0.57639162182538,0.495828124261226,NA
IITA-TMS-IBA180219,NA,-1.95542066313512,NA,-0.794492553360088,-1.45906835388518,NA
IITA-TMS-IBA180221,NA,NA,NA,NA,NA,-0.0312991297596271
IITA-TMS-IBA180224,NA,1.0100624457461,NA,-0.819140782826672,-0.766187476588182,NA
IITA-TMS-IBA180230,NA,-6.40364532645695,NA,-0.471091816272697,0.836903570194465,NA
IITA-TMS-IBA180231,NA,NA,NA,NA,NA,-0.158933244279183
IITA-TMS-IBA180239,NA,-1.46117347832158,NA,0.523211802287656,-0.312678315503522,NA
IITA-TMS-IBA180241,NA,NA,NA,-0.234914829264353,-2.18546565992864,NA
IITA-TMS-IBA180244,NA,NA,NA,NA,NA,0.336083031406108
IITA-TMS-IBA180248,NA,-1.56611118320967,NA,0.582625041190941,1.63902631532656,NA
IITA-TMS-IBA180256,NA,NA,NA,NA,NA,-0.139352706573079
IITA-TMS-IBA180257,NA,-0.96692629350805,NA,1.67017776165489,-1.07374649377497,NA
IITA-TMS-IBA180259,NA,NA,NA,NA,NA,0.0335330163284438
IITA-TMS-IBA180260,NA,-0.577616813582597,NA,-0.234914829264353,-0.274815595959202,NA
IITA-TMS-IBA180264,NA,-5.00285990218274,NA,0.0744996632125804,-1.41597266797443,NA
IITA-TMS-IBA180270,NA,-4.03734710727735,NA,-0.0943031921065668,3.55925192124498,NA
IITA-TMS-IBA180271,NA,NA,NA,NA,NA,-0.120443330630725
IITA-TMS-IBA180294,NA,NA,NA,NA,NA,0.244237491114674
IITA-TMS-IBA182834,NA,-1.79913813618065,NA,-1.73477374038192,2.00081575113959,NA
IITA-TMS-IBA182835,NA,-0.81064376655358,NA,-0.74219165091429,2.27148586933785,NA
IITA-TMS-IBA182836,NA,-1.30489095136712,NA,-2.05989600656203,3.58164591320261,NA
IITA-TMS-IBA182839,NA,-1.79913813618065,NA,7.35227796235042,5.76524598631053,NA
IITA-TMS-IBA182840,NA,-2.78763250580773,NA,-0.673611667410637,-2.27088373706226,NA
IITA-TMS-IBA182841,NA,1.6605921575141,NA,6.73618283163929,7.24145592659861,NA
IITA-TMS-IBA182842,NA,-0.81064376655358,NA,-1.92301721976017,-2.14802438776547,NA
IITA-TMS-IBA182843,NA,-0.316396581740047,NA,-1.73477374038192,2.00081575113959,NA
IITA-TMS-IBA182844,NA,1.16634497270056,NA,0.113511651751467,5.43314619346388,NA
IITA-TMS-IBA182845,NA,2.15483934232764,NA,-1.87165252718378,-1.22227424763483,NA
IITA-TMS-IBA182846,NA,1.6605921575141,NA,-1.34107149069815,-1.28370392228323,NA
IITA-TMS-IBA182847,NA,0.672097787887029,NA,-0.262975307005031,1.9393860764912,NA
IITA-TMS-IBA182848,NA,-0.81064376655358,NA,-0.74219165091429,0.961325825473096,NA
IITA-TMS-IBA182849,NA,-0.316396581740047,NA,3.02267793665069,10.1324461325264,NA
IITA-TMS-IBA182850,NA,-1.30489095136712,NA,-0.793556343490671,0.690655707274838,NA
IITA-TMS-IBA182851,NA,NA,NA,-0.98179982286892,-1.92966438045467,NA
IITA-TMS-IBA182852,NA,0.177850603073492,NA,3.53604368220906,4.6211358388691,NA
IITA-TMS-IBA182853,NA,0.177850603073492,NA,-0.040582425977674,2.43753576576118,NA
IITA-TMS-IBA182854,NA,2.64908652714117,NA,0.900634970913571,4.6211358388691,NA
IITA-TMS-IBA182855,NA,0.177850603073492,NA,-1.73477374038192,-1.0562243512115,NA
IITA-TMS-IBA182856,NA,2.64908652714117,NA,0.147661053400575,2.87425578038276,NA
IITA-TMS-IBA182857,NA,0.177850603073492,NA,-0.74219165091429,2.27148586933785,NA
IITA-TMS-IBA182860,NA,0.672097787887029,NA,2.78306976469606,-2.36638439507626,NA
IITA-TMS-IBA182861,NA,-3.7761268754348,NA,1.27712192967007,2.87425578038276,NA
IITA-TMS-IBA182862,NA,-0.316396581740047,NA,1.5167301016247,-1.22227424763483,NA
IITA-TMS-IBA182863,NA,-3.28187969062126,NA,4.66550455847855,-1.0562243512115,NA
IITA-TMS-IBA182864,NA,-2.19079115934118,0.183788640385225,1.5167301016247,-0.34883421839166,NA
IITA-TMS-IBA182867,NA,NA,NA,NA,-2.48924374437306,NA
IITA-TMS-IBA182868,NA,3.14333371195471,NA,-0.365704692157792,4.45508594244578,NA
IITA-TMS-IBA182869,NA,NA,NA,-1.58067966265277,-1.55437404048149,NA
IITA-TMS-IBA182870,NA,0.177850603073492,NA,-0.50258347895966,4.28903604602245,NA
IITA-TMS-IBA182871,NA,NA,NA,-1.8202878346074,-2.69848418792291,NA
IITA-TMS-IBA182873,NA,0.672097787887029,NA,1.84185236780482,1.12737572189642,NA
IITA-TMS-IBA182874,NA,2.64908652714117,NA,2.59482628531781,1.56409573651801,NA
IITA-TMS-IBA182876,NA,-0.81064376655358,NA,1.84185236780482,2.00081575113959,NA
IITA-TMS-IBA182877,NA,2.64908652714117,NA,1.5167301016247,-1.22227424763483,NA
IITA-TMS-IBA182878,NA,1.6605921575141,NA,1.8932170603812,0.961325825473096,NA
IITA-TMS-IBA182879,NA,NA,NA,-1.10146331874352,-1.01303380408497,NA
IITA-TMS-IBA182880,NA,-0.81064376655358,NA,-0.74219165091429,0.0878857962299246,NA
IITA-TMS-IBA182881,NA,-1.79913813618065,NA,-0.913219839365266,-2.32319384794973,NA
IITA-TMS-IBA182884,NA,0.672097787887029,NA,1.8932170603812,0.52460581085151,NA
IITA-TMS-IBA182885,NA,-5.25886842987541,NA,-0.365704692157792,0.0878857962299246,NA
IITA-TMS-IBA182886,NA,-3.7761268754348,NA,0.199025745976956,4.45508594244578,NA
IITA-TMS-IBA182887,NA,-1.79913813618065,NA,0.199025745976956,-1.22227424763483,NA
IITA-TMS-IBA182888,NA,-0.81064376655358,NA,0.951999663489952,1.17968583278389,NA
IITA-TMS-IBA182889,NA,-4.27037406024833,NA,0.575512704733454,2.27148586933785,NA
IITA-TMS-IBA182890,NA,2.64908652714117,NA,-0.553948171536041,3.14492589858102,NA
IITA-TMS-IBA182891,NA,0.177850603073492,NA,-0.930435130292539,-0.34883421839166,NA
IITA-TMS-IBA182892,NA,2.15483934232764,NA,1.32848662224645,4.45508594244578,NA
IITA-TMS-IBA182893,NA,NA,NA,-1.58067966265277,-1.55437404048149,NA
IITA-TMS-IBA182896,NA,-0.81064376655358,NA,-0.262975307005031,-1.77273404779228,NA
IITA-TMS-IBA182900,NA,2.15483934232764,NA,0.113511651751467,-0.244213996616731,NA
IITA-TMS-IBA182901,NA,NA,NA,NA,-2.54155385526052,NA
IITA-TMS-IBA182902,NA,-1.79913813618065,NA,-1.01594922451803,-2.42781406972466,NA
IITA-TMS-IBA182903,NA,-0.316396581740047,NA,NA,NA,NA
IITA-TMS-IBA182905,NA,2.64908652714117,NA,-0.21161061442865,-1.50206392959402,NA
IITA-TMS-IBA182906,NA,0.672097787887029,NA,-0.365704692157792,1.17968583278389,NA
IITA-TMS-IBA182907,NA,NA,NA,-1.63204435522916,-1.82504415867974,NA
IITA-TMS-IBA182908,NA,NA,NA,-0.930435130292539,-0.785554233013245,NA
IITA-TMS-IBA182910,NA,-1.79913813618065,NA,0.301755131129716,-0.244213996616731,NA
IITA-TMS-IBA182911,NA,4.13182808158178,NA,0.866485569264464,1.9393860764912,NA
IITA-TMS-IBA182912,NA,4.13182808158178,NA,-0.50258347895966,3.41559601677928,NA
IITA-TMS-IBA30572,0.0425442732765255,-1.22556763658511,0.0693634979983466,0.516856536009005,0.720786366192863,0.00812063702938576
IITA-TMS-IBA4(2)1425,0.204416918306645,NA,-0.0701154401438928,-0.305083346322824,-0.561327909997075,NA
IITA-TMS-IBA40764,NA,-0.92293125218575,-0.0215826298735079,-0.953062440049138,-0.903506021251929,NA
IITA-TMS-IBA8200058,NA,0.821761310206035,-0.130950810140484,-0.137849944240891,-0.42300833865356,NA
IITA-TMS-IBA8500680,NA,-1.24576417397038,-0.148392457500664,-0.605535599922761,-0.172497680942398,NA
IITA-TMS-IBA8802343,NA,0.26583956706643,-0.0249945534867946,0.414037695513766,0.0702671805423866,NA
IITA-TMS-IBA8900963,-0.0620142370528334,-2.84940265266148,-0.110270619515463,-0.0666154112698886,NA,-0.139982034423887
IITA-TMS-IBA8902195,-0.0854882729662137,-2.38906791293986,0.191842420033926,-0.192649294436736,0.537666191772038,-0.108431999066806
IITA-TMS-IBA9000093,-0.528568269986267,NA,NA,-0.248617148033466,-0.171922421633784,-0.0231048293289098
IITA-TMS-IBA9001554,NA,-3.42955416917127,-0.0164057068974368,0.409881990092885,0.83517134964883,NA
IITA-TMS-IBA9101730,NA,-1.75820899452063,-0.00381924923111513,0.488862000205808,-0.0456660968341629,NA
IITA-TMS-IBA9102322,-0.00145810051454522,-1.36426024625989,0.132463330465826,0.796932628978543,-0.0248431438360125,-0.0378217541255758
IITA-TMS-IBA9102324,-0.365133863755891,NA,0.000501541779457538,0.956838359766325,0.512064020542048,0.184932198426454
IITA-TMS-IBA920057,-0.44739871003114,1.40425688994976,0.169123923447472,0.420899674086743,-0.0175787872958879,0.23975958756294
IITA-TMS-IBA920067,-0.365133863755891,NA,-0.0966810733937587,0.203781385434212,NA,-0.0880902065322375
IITA-TMS-IBA920211,-0.231810490085134,-3.1972028344602,-0.129760235891071,0.740415904721539,0.252417648490236,-0.190589696494114
IITA-TMS-IBA920253,-0.883774911257064,-0.91772522429059,NA,-0.889714771983919,0.957098999783486,0.0475202667702934
IITA-TMS-IBA920258,NA,-3.73519773377477,0.0140586265217649,0.0449391556887135,0.331676144985234,NA
IITA-TMS-IBA920326,-0.757729652579561,-0.897879223314178,0.176273195713116,-0.268181066030578,-0.0982312944570845,0.120630947433826
IITA-TMS-IBA920397,-0.822830071132439,-2.16060238398645,-0.13525789859582,0.270650694442248,NA,NA
IITA-TMS-IBA920417,-0.169518445417882,1.43913319764048,-0.0487718500686372,-0.221004195700944,-0.366870212835082,-0.150557683941095
IITA-TMS-IBA920429,0.0437927452914277,1.42566781965937,-0.166192445196403,-0.206156891734407,2.19675063886353,0.0278593890342739
IITA-TMS-IBA930007,-0.248171957739097,0.182892923311365,0.0309186328807815,-0.398801498339988,-0.0239021955671098,-0.132600172533702
IITA-TMS-IBA930084,-0.496186104527709,-4.2364405602033,-0.0800351268258132,0.426726898918408,NA,NA
IITA-TMS-IBA930134,-0.340811549541923,0.479373530055959,-0.0631056326338134,-0.492689297056958,-0.432954818011284,0.0517755428660628
IITA-TMS-IBA930248,NA,0.367053900177581,0.0319365022746448,-0.328677870249487,-0.430987956944377,NA
IITA-TMS-IBA930265,0.130773475893783,-5.10028113488762,-0.190405137639986,0.371840662149079,-0.210219376533377,-0.165558318410059
IITA-TMS-IBA930266,NA,3.50735305988059,0.17687759363267,0.582352753234822,0.722766127783812,NA
IITA-TMS-IBA930272,NA,-2.29278564410014,0.00969333658162041,-0.293161124757251,-0.500687771471611,NA
IITA-TMS-IBA940006,-0.588663937173859,3.55809068763432,NA,-0.27330445967846,0.520048159185373,NA
IITA-TMS-IBA940018,0.206509946951691,-1.31898745257569,-0.0979662833291173,0.0233313002396886,-0.473098237130298,-0.144500874282642
IITA-TMS-IBA940020,NA,0.367053900177581,-0.107113642469977,0.403492802065551,-0.330667682771415,NA
IITA-TMS-IBA940026,-0.589669307676224,1.81109990996623,-0.0279592893020154,-0.0534733272778762,-0.474256544509577,-0.0684409566154872
IITA-TMS-IBA940039,NA,-1.70878427603927,-0.0276564169016218,-0.261384727582867,-0.900670854645918,NA
IITA-TMS-IBA940237,0.0779421377275864,0.104976035708731,-0.0727632752690285,0.099629584669588,1.19228121880578,0.170867133417771
IITA-TMS-IBA940263,NA,-2.61183057451349,0.102668255043684,0.0398713888833663,-0.0371257660702629,NA
IITA-TMS-IBA940270,0.439700304856714,2.02940592070677,0.13531951058553,0.680888413747359,0.473378447384033,0.184317558310153
IITA-TMS-IBA940330,NA,1.21221658620873,-0.059439307128964,0.603358755810965,1.96530424130823,NA
IITA-TMS-IBA940459,NA,2.75320502277689,0.0790691167184503,-0.132075910399111,-0.823187457613707,NA
IITA-TMS-IBA940561,0.145594701275875,-6.9376788538026,-0.160880819779216,0.398365692836715,0.0830297696788244,-0.0754772294533817
IITA-TMS-IBA950058,NA,-1.09030383298848,0.0580289211031823,0.0489519927869183,1.17669854135366,NA
IITA-TMS-IBA950061,NA,-1.85705843148333,0.047827947388316,0.485849324293534,0.720189852411774,NA
IITA-TMS-IBA950211,0.162132528317075,-0.542757142796392,-0.12596842460456,0.530258805743995,0.321480905218794,0.0174008388380982
IITA-TMS-IBA950265,-0.552997994441052,-1.81462935461697,-0.0959265719394843,0.544637518192848,NA,NA
IITA-TMS-IBA950279,-0.735533993000352,3.8079948827526,0.071554552300414,0.508906176679257,-0.212660733077579,-0.191553529730932
IITA-TMS-IBA950289,-0.552631875221218,NA,0.0766375875586583,0.500800792625737,0.1607906152481,0.102767158161107
IITA-TMS-IBA950306,-0.687274528915316,1.55093103496791,0.153675393549228,1.31911114247789,0.122844145109896,-0.0515599899236129
IITA-TMS-IBA950442,NA,-2.83566785741414,0.138409184536241,0.115244974267606,-0.0440701731759998,NA
IITA-TMS-IBA950528,-0.046954390112314,0.881645530904213,0.0132120955989957,-0.068741280154056,-0.463350931542845,-0.144016848598459
IITA-TMS-IBA950562,0.0963625190604981,NA,-0.0143467268995637,-0.333282383731606,0.645689588356798,0.0812674329814349
IITA-TMS-IBA950645,NA,1.20727411436059,-0.115059365026813,1.11256126874023,1.0019995910327,NA
IITA-TMS-IBA950925,0.179134152623843,-2.75121781780044,0.0624734682679536,-0.480151227143224,-0.069122421023248,0.139670579043975
IITA-TMS-IBA950971,1.21839862359561,-3.18231214764128,-0.311098624590692,0.383112585692738,0.568953204489144,-0.109299773664016
IITA-TMS-IBA960016,NA,-2.20303146085281,-0.0904276251006226,-0.549632555380811,0.102420428938035,NA
IITA-TMS-IBA960023,-1.31711475950351,-1.73903180157018,-0.108029546123631,0.251952912876056,-0.748217469674051,0.0509670372948697
IITA-TMS-IBA960035,0.155361715541339,-2.55502030484468,0.0384323846302836,-0.0974620728298774,NA,0.160659860299773
IITA-TMS-IBA960129,NA,-1.48722385251674,0.214408753378824,0.016864163940764,0.124415946491241,NA
IITA-TMS-IBA960249,-0.871379736739205,0.851876529439591,-0.158269139234118,0.0585299748469587,-0.0605296402656672,-0.0743575994881955
IITA-TMS-IBA960325,NA,-0.2303104573439,0.0517737278121566,-0.110884806237219,0.424043329780055,NA
IITA-TMS-IBA960409,-0.207679293638071,-1.59171766969533,-0.160959292200356,0.19745524659793,-0.0490380204259081,0.169280908675942
IITA-TMS-IBA960557,-0.555738980908882,0.631445293089026,0.121182864962747,-0.00356158209759781,1.67163702384539,0.392501389599638
IITA-TMS-IBA960595,-0.673699480127893,2.48255627633488,-0.120975599076048,-0.0018468669012362,1.33478348349788,0.424485107315161
IITA-TMS-IBA960596,NA,0.00122622071425632,-0.0926643718169813,-0.325214313843481,-0.176116022082632,NA
IITA-TMS-IBA960603,-0.897974102759427,-2.19395181143505,0.291177034677775,1.17569565723205,2.37249431865375,NA
IITA-TMS-IBA960619,-0.190525988530799,1.1661048782328,-0.0876544935871373,-0.442819439620436,0.426887068569513,0.438620215659891
IITA-TMS-IBA960860,-1.41186103756256,-2.88134251643104,0.403883125190254,-1.02639385577183,-1.48087654737671,0.121866000861977
IITA-TMS-IBA960869,0.324849729977338,6.53775580918199,0.0329102199498922,-0.0334314634536369,0.489878312965467,0.0913655525202485
IITA-TMS-IBA960963,0.398812094368367,0.330378334548365,-0.0647524553834241,0.448278162790132,0.60940826307339,-0.103060994653564
IITA-TMS-IBA961089A,-0.101475646804103,2.12737956935811,NA,0.428331398191774,-0.224918784880321,-0.252972904008659
IITA-TMS-IBA961165,NA,-3.60413062333415,0.263597318803707,0.199708187907504,0.39063684981022,NA
IITA-TMS-IBA961427,NA,1.3061235513233,0.170986647019267,-0.622951049871976,-1.09652363201735,NA
IITA-TMS-IBA961432,NA,-0.367926669925266,NA,-0.137470959281579,NA,-0.0179142353964115
IITA-TMS-IBA961556,-0.358586333434136,3.34585731880886,0.108661145670435,-0.143326932482481,-0.391224225016179,-0.0443695135342392
IITA-TMS-IBA961632,-0.88086882186394,2.93110834934557,0.0939886703902225,0.462183573507784,-0.577465933673457,-0.0579977968041397
IITA-TMS-IBA970286,NA,1.62198296712134,0.111482391044674,-0.261641001357806,-0.251911659295563,NA
IITA-TMS-IBA970290,0.114278832296262,1.84295821907008,0.17946441344318,0.470635883674225,1.14350466093678,0.357978786486272
IITA-TMS-IBA970425,0.291214878757366,1.14611465076062,-0.153766560770251,0.262617210937424,0.383329375068972,-0.224663156204388
IITA-TMS-IBA971149,-0.324981274591694,1.87180612571243,0.244074961708232,0.359213599735405,0.160524462337238,-0.0650666870252942
IITA-TMS-IBA971228,0.439700304856714,0.345803504541049,0.138219596692026,-0.176595123999708,0.0925279151719371,-0.117306042237325
IITA-TMS-IBA972205,0.813001334958129,3.52424186553646,-0.17171902587934,0.306858947193606,0.187006510963543,-0.228954949055827
IITA-TMS-IBA974045,NA,-4.37277660218423,-0.118253798916632,-0.428139938298152,-0.49919944720564,NA
IITA-TMS-IBA974580,-0.222471766516277,4.15516679654762,-0.0643676338019082,0.000551806382151691,-0.116965418560401,-0.199302828979896
IITA-TMS-IBA974766,0.26062877235232,-0.511248395522281,-0.0734817298322769,0.830414968769249,0.264950659583757,-0.0986698885854817
IITA-TMS-IBA980002,0.62096608903192,-0.177974812715944,-0.14753499445047,0.493083327718809,0.336842868539241,-0.094015386373451
IITA-TMS-IBA980004,-0.0257849116204712,2.05586725534199,0.0680023892787686,0.0778756214152871,NA,-0.042162833835223
IITA-TMS-IBA980196,0.761898488379171,3.37014779113913,-0.135769459644596,-0.0213495265809851,1.74730712357552,0.114302250485035
IITA-TMS-IBA980505,0.25306227415525,-0.656947233541827,-0.0434351795765397,1.1011307466444,1.00239662060642,-0.193132386931875
IITA-TMS-IBA980510,0.525153195242929,-1.25978089039981,-0.148287626682606,1.11835676661477,1.39633915208171,0.107391393332257
IITA-TMS-IBA980581,-1.39881065934526,-0.538383126083839,0.246759234109727,0.699060333137925,0.54821432107446,0.112327464079356
IITA-TMS-IBA982101,0.0443634069726113,-1.67951964690314,-0.198332966306986,1.05374751286845,1.24254406007917,0.0126492555411213
IITA-TMS-IBA990111,NA,0.040850758200647,-0.215175469242941,0.774097152091479,0.815722355610246,NA
IITA-TMS-IBA990114,NA,-2.11568055010316,-0.0955076414947202,1.01161411365398,0.448403956899307,NA
IITA-TMS-IBA990304,-0.871243003022013,-5.99953770190171,0.142178017645949,0.584891362830841,0.680955750764837,0.135957410682588
IITA-TMS-IBA990395,NA,-1.76004785792254,NA,-0.233301544569541,NA,-0.0705860471362391
IITA-TMS-IBA990411,NA,-3.04182726233578,0.0947077104736457,0.0416875096640762,-0.200476649201884,NA
IITA-TMS-IBA990524,-0.528568269986267,NA,NA,1.68746508676627,0.739626167897106,0.0372238187440909
IITA-TMS-IBA990554,NA,3.30889305011646,-0.151804381113951,0.414037695513765,0.990796201672907,NA
IITA-TMS-IBA990564,-0.552247344496538,0.260620142641734,0.24272777769511,0.745432886019082,1.25521331055072,0.145555030840817
IITA-TMS-IBA991579,NA,0.465903337140288,-0.126977948862066,-0.755523860950771,0.532316693331158,NA
IITA-TMS-IBA991702,NA,-4.91396668777743,0.212134137636632,-0.105436443895089,0.692073403669151,NA
IITA-TMS-IBA993073,0.0205782093746802,2.51403701748828,-0.0870305104764281,1.91289287440483,-0.120282930761401,-0.0482118202729562
IITA-TMS-IBA993575,NA,-1.66053725418301,NA,-0.134976642032614,NA,-0.0560441190563898
IITA-TMS-IBA996016,-0.118924456368836,5.34399091749322,0.160442207055625,0.658999493219425,1.14848057467353,0.253000283307046
IITA-TMS-IBA997030,0.452974780429608,NA,NA,NA,NA,NA
IITA-TMS-IKN-120016/18/185,NA,NA,NA,NA,NA,0.0427710000631931
IITA-TMS-IKN-120039/18/139,NA,NA,NA,-0.012864153670129,0.00303465032116544,0.0523379216971563
IITA-TMS-IKN-120039/18/143,NA,NA,NA,NA,NA,-0.0725222528058621
IITA-TMS-IKN-120039/18/144,NA,NA,NA,NA,NA,0.00171064087408153
IITA-TMS-IKN-120551/18/149,NA,NA,NA,NA,NA,-0.0614188206451871
IITA-TMS-IKN-120551/18/151,NA,NA,NA,NA,NA,-0.107230260925238
IITA-TMS-IKN120016,NA,NA,NA,-0.292891725501288,NA,0.0802103076471026
IITA-TMS-IKN120039,NA,0.509626688718525,NA,NA,NA,0.0125822504196662
IITA-TMS-IKN120210,0.259625011216116,1.07602760700013,-0.173338332357167,-2.47413612596309,-3.87503080204838,-0.314923946369823
IITA-TMS-IKN120399,NA,2.43515176721566,0.495362379035504,-0.0720485876446977,NA,NA
IITA-TMS-IKN120524,NA,3.78899033901273,-0.0747454321202157,-0.472845353464698,NA,NA
IITA-TMS-IKN120578,NA,NA,NA,NA,-0.0991679403024069,NA
IITA-TMS-IKN120691,NA,NA,NA,NA,0.593475144692758,NA
IITA-TMS-IKN120819,NA,NA,NA,NA,-0.269817319916247,NA
IITA-TMS-IKN130010,0.714582814268833,-1.61832629978258,-0.29074220619078,0.0504404290001018,-0.975759591976071,-0.464425612905507
IITA-TMS-IKN140026,NA,-3.45402536734013,0.0116240467224606,-0.200482553136786,-0.659500785357967,NA
IITA-TMS-IKN140044,NA,-6.12899699793416,-0.179882240473723,0.284646080657392,0.0215437601861152,NA
IITA-TMS-IKN150089,NA,-1.74354630542829,-0.209758027241706,-0.544701947772874,-0.51742002235614,NA
IITA-TMS-IKN150091,NA,NA,0.202236736741454,0.525190892751084,0.250826567866083,NA
IITA-TMS-IKN160020,NA,1.1664281277728,0.0116240467224606,0.52603865852954,0.226946671161369,NA
IITA-TMS-IKN160028,NA,3.94784519950897,0.0961006820932557,NA,NA,NA
IITA-TMS-IKN160031,NA,4.97673655151232,-0.267897007286937,NA,-0.951139921475091,NA
IITA-TMS-IKN160033,NA,-1.25598948104686,0.0820793577166185,NA,NA,NA
IITA-TMS-IKN160042,NA,-0.267495111419787,0.0820793577166185,NA,NA,NA
IITA-TMS-IKN160046,NA,5.43991304385517,0.127518649372901,NA,NA,NA
IITA-TMS-IKN160048,NA,0.478412799751855,0.127518649372901,NA,NA,NA
IITA-TMS-IKN160050,NA,3.03999169617097,-0.0930386285039489,NA,-0.780777522531623,NA
IITA-TMS-IKN160052,NA,-0.72922834903768,0.210574387954727,NA,-0.700138520907627,NA
IITA-TMS-IKN160059,NA,3.19223518227497,0.0820793577166185,NA,NA,NA
IITA-TMS-IKN160063,NA,3.45531294621384,0.127518649372901,NA,NA,NA
IITA-TMS-IKN160080,NA,-3.81315657773951,0.140203904737085,NA,-0.111263409438241,NA
IITA-TMS-IKN160082,NA,-1.7502366658604,0.0820793577166185,NA,NA,NA
IITA-TMS-IKN160084,NA,-0.00613227899931643,0.0961006820932557,NA,NA,NA
IITA-TMS-IKN160087,NA,-4.48308744435146,0.0820793577166185,NA,NA,NA
IITA-TMS-IKN160104,NA,1.1399461656323,0.127518649372901,NA,NA,NA
IITA-TMS-IKN160106,NA,1.12626921738515,0.177414948625563,NA,-0.323171871078488,NA
IITA-TMS-IKN160110,NA,-2.477368203067,0.0961006820932557,NA,NA,NA
IITA-TMS-IKN160112,NA,3.45531294621384,0.127518649372901,NA,NA,NA
IITA-TMS-IKN160114,NA,-9.22280432003936e-05,0.275869137681049,NA,-0.427687711818144,NA
IITA-TMS-IKN160121,NA,0.92280622406241,0.265240289556537,NA,-0.937401018334489,NA
IITA-TMS-IKN160122,NA,2.9252022125761,0.159082136453353,NA,-0.969318983620879,NA
IITA-TMS-IKN160124,NA,-0.267495111419787,0.0820793577166185,NA,NA,NA
IITA-TMS-IKN160126,NA,-0.105364092508109,0.269472134808042,NA,-0.326019828577688,NA
IITA-TMS-IKN160129,NA,-4.48308744435146,0.127518649372901,NA,NA,NA
IITA-TMS-IKN160134,NA,-2.73873103548747,0.0820793577166185,NA,NA,NA
IITA-TMS-IKN160169,NA,-2.16772066376991,0.127518649372901,NA,NA,NA
IITA-TMS-IKN160178,NA,-1.48887383343993,0.0961006820932557,NA,NA,NA
IITA-TMS-IKN160187,NA,0.226752073393749,0.0820793577166185,NA,NA,NA
IITA-TMS-IKN160195,NA,4.18072955190204,0.0820793577166185,NA,NA,NA
IITA-TMS-IKN160289,NA,-1.7502366658604,0.0820793577166185,NA,NA,NA
IITA-TMS-IKN160315,NA,-1.74354630542829,-0.209758027241706,-0.649240247735223,-0.682860650110235,NA
IITA-TMS-IKN170070,NA,-0.825317182165429,NA,0.0671603422856258,NA,NA
IITA-TMS-IKN170079,NA,-2.80991727980675,NA,0.286938212234018,NA,NA
IITA-TMS-IKN170080,NA,2.28010316634092,NA,0.677846436449281,NA,NA
IITA-TMS-IKN170081,NA,1.92338799057905,NA,0.519260812139782,NA,NA
IITA-TMS-IKN170083,NA,-2.47915059686653,NA,0.921448476355883,NA,NA
IITA-TMS-IKN170085,NA,2.41763517539259,NA,0.0542492362367789,NA,NA
IITA-TMS-IKN180197,NA,-1.90961036274938,0.155423549695812,NA,4.47912847296482,NA
IITA-TMS-IKN180209,NA,NA,0.155423549695812,NA,-0.845016100140354,NA
IITA-TMS-IKN180213,NA,3.52710867019952,0.155423549695812,NA,-1.46794293644508,NA
IITA-TMS-IKN180214,NA,-2.10730923667479,0.155423549695812,NA,2.24321828896943,NA
IITA-TMS-IKN180234,NA,-5.12221706403736,0.155423549695812,NA,-0.864214126531192,NA
IITA-TMS-IKN180270,NA,-2.35443282908156,0.155423549695812,NA,-0.293597401113935,NA
IITA-TMS-IKN180273,NA,-0.772841837678244,0.155423549695812,NA,0.174316900266336,NA
IITA-TMS-IKN180275,NA,NA,0.155423549695812,NA,-0.573387083073125,NA
IITA-TMS-IKN180281,NA,0.017953658023415,-0.241862578145965,NA,-1.22942600387447,NA
IITA-TMS-IKN180289,NA,4.51560303982659,0.155423549695812,NA,1.86888684786521,NA
IITA-TMS-IKN180297,NA,1.89609296031486,0.155423549695812,NA,0.277978223172294,NA
IITA-TMS-IKN180302,NA,NA,-0.241862578145965,NA,0.279896020910236,NA
IITA-TMS-IKN180307,NA,NA,0.155423549695812,NA,0.518412953480837,NA
IITA-TMS-IKN180316,NA,-1.81076092578667,-0.241862578145965,NA,2.80471545062575,NA
IITA-TMS-IKN180317,NA,0.265077250430182,0.155423549695812,NA,-1.3853974376679,NA
IITA-TMS-IKN180365,NA,1.74781880487079,0.155423549695812,NA,2.77352116386707,NA
IITA-TMS-IKN180372,NA,1.05587274613184,0.155423549695812,NA,-1.07345457008105,NA
IITA-TMS-IKN180380,NA,2.14321655272163,0.155423549695812,NA,-0.470684659036138,NA
IITA-TMS-IKN180383,NA,-2.60155642148833,-0.241862578145965,NA,-1.25054182800325,NA
IITA-TMS-IKN180385,NA,0.314501968911538,-0.241862578145965,NA,-1.34412468827931,NA
IITA-TMS-IKN180386,NA,3.18113564083005,-0.241862578145965,NA,1.52574969351968,NA
IITA-TMS-IKN180397,NA,-2.35443282908156,0.155423549695812,NA,-0.449568834907358,NA
IITA-TMS-IKN180401,NA,-0.229169934383354,0.155423549695812,NA,-1.15600006885823,NA
IITA-TMS-IKN180404,NA,-2.45328226604427,-0.241862578145965,NA,-0.449568834907358,NA
IITA-TMS-IKN180407,NA,-1.21766430401043,0.155423549695812,NA,0.330288334059759,NA
IITA-TMS-IKN180414,NA,NA,0.155423549695812,NA,-1.28173611476194,NA
IITA-TMS-IKN180421,NA,2.29149070816568,-0.241862578145965,NA,3.77173834014498,NA
IITA-TMS-IKN180429,NA,3.18113564083005,-0.241862578145965,NA,3.33501832552339,NA
IITA-TMS-IKN180433,NA,NA,0.155423549695812,NA,NA,NA
IITA-TMS-IKN180449,NA,1.99494239727756,0.155423549695812,NA,-1.03026402295452,NA
IITA-TMS-IKN180454,NA,NA,0.155423549695812,NA,3.02307545793654,NA
IITA-TMS-IKN180504,NA,-1.11881486704772,-0.241862578145965,NA,-1.15600006885823,NA
IITA-TMS-IKN180506,NA,NA,-0.241862578145965,NA,1.83769256110653,NA
IITA-TMS-IKN180516,NA,0.314501968911538,-0.241862578145965,NA,-1.11472731946964,NA
IITA-TMS-IKN180532,NA,-2.79925529541374,0.155423549695812,NA,0.279896020910236,NA
IITA-TMS-IKN180535,NA,NA,0.155423549695812,NA,-1.28173611476194,NA
IITA-TMS-IKN180539,NA,-2.10730923667479,0.155423549695812,NA,-1.13488424472945,NA
IITA-TMS-IKN180557,NA,0.413351405874247,-0.241862578145965,NA,5.16540278165588,NA
IITA-TMS-IKN180560,NA,1.94551767879621,-0.241862578145965,NA,2.77352116386707,NA
IITA-TMS-IKN180561,NA,2.68688845601651,-0.241862578145965,NA,0.527532517241771,NA
IITA-TMS-IKN180562,NA,2.63746373753516,-0.241862578145965,NA,0.901863958345987,NA
IITA-TMS-JOS920230,NA,-2.84336725257164,0.0364200715523663,0.140980892557327,0.936647435724053,NA
IITA-TMS-KAN930061,-0.0224656436274624,-0.676265545744229,0.0597859676729974,0.407983503321436,0.00768642510842267,-0.110500235496002
IITA-TMS-KAN950562,0.139206172029242,-4.10631604783432,0.0691396971498641,0.23801742729512,0.342291651011511,-0.0632467999304043
IITA-TMS-L110080,NA,NA,NA,NA,NA,0.0483987460447921
IITA-TMS-L110194,NA,NA,NA,NA,NA,-0.0327493615770791
IITA-TMS-L110194-20-010-11,NA,NA,NA,0.128759916675598,NA,0.0520914742375434
IITA-TMS-L110194-20-012-13,NA,NA,NA,-0.148460498280098,NA,-0.0297495038407425
IITA-TMS-L110194-20-016-17,NA,NA,NA,0.0388461180592621,NA,0.0987792644982038
IITA-TMS-L120053,NA,1.13877073099656,NA,NA,NA,0.0264013662106543
IITA-TMS-L140248,NA,NA,NA,NA,NA,-0.0281996327452692
IITA-TMS-L140328,NA,NA,NA,NA,NA,0.0781410975879089
IITA-TMS-L140402,NA,NA,NA,NA,NA,0.0994092436545444
IITA-TMS-L140417,NA,NA,NA,NA,NA,-0.00693148667863359
IITA-TMS-L140692,NA,NA,NA,NA,NA,-0.0494677788119047
IITA-TMS-L140792,NA,NA,NA,NA,NA,0.011838663654954
IITA-TMS-L140795,NA,NA,NA,NA,NA,0.0393127929490306
IITA-TMS-L140809,NA,NA,NA,NA,NA,0.014336659388002
IITA-TMS-L140834,NA,NA,NA,NA,NA,0.163213681854451
IITA-TMS-L140886,NA,NA,NA,NA,NA,-0.159458963954045
IITA-TMS-L140985,NA,NA,NA,NA,NA,-0.108263800924209
IITA-TMS-L140994,NA,NA,NA,NA,NA,0.0143366593880021
IITA-TMS-L141042,NA,NA,NA,NA,NA,0.0143366593880021
IITA-TMS-L150001,NA,NA,NA,NA,NA,-0.0163916673123613
IITA-TMS-L150008,NA,NA,NA,NA,NA,0.108665031559456
IITA-TMS-L150009,NA,NA,NA,NA,NA,-0.00317887110628648
IITA-TMS-L150010,NA,NA,NA,NA,NA,-0.0557377375356373
IITA-TMS-L150018,NA,NA,NA,NA,NA,0.106538216952792
IITA-TMS-L150024,NA,NA,NA,NA,NA,-0.0901557563649071
IITA-TMS-L150034,NA,NA,NA,NA,NA,-0.0853004605682608
IITA-TMS-L150042,NA,NA,NA,NA,NA,0.07399795347084
IITA-TMS-L150048,NA,NA,NA,NA,NA,-0.0787073352876035
IITA-TMS-L150075,NA,NA,NA,NA,NA,0.0281508079706414
IITA-TMS-L150080,NA,NA,NA,NA,NA,-0.0922460290720053
IITA-TMS-L150084,NA,NA,NA,NA,NA,0.0996439854795007
IITA-TMS-L150090,NA,NA,NA,NA,NA,0.039968919764223
IITA-TMS-L150105,NA,NA,NA,NA,NA,0.0184880922369209
IITA-TMS-L150124,NA,NA,NA,NA,NA,0.144395516951404
IITA-TMS-L150177,NA,NA,NA,NA,NA,0.0366078612780357
IITA-TMS-L150199,NA,NA,NA,NA,NA,0.0920758776274801
IITA-TMS-L150202,NA,NA,NA,NA,NA,0.0674048281901828
IITA-TMS-L150215,NA,NA,NA,NA,NA,0.00381307145094248
IITA-TMS-L150219,NA,NA,NA,NA,NA,-0.193980686968769
IITA-TMS-L150220,NA,NA,NA,NA,NA,-0.0391485836036615
IITA-TMS-L150223,NA,NA,NA,NA,NA,0.453421679299619
IITA-TMS-L150224,NA,NA,NA,NA,NA,-0.0520086558097717
IITA-TMS-L150227,NA,NA,NA,NA,NA,-0.0819809392747275
IITA-TMS-L150236,NA,NA,NA,NA,NA,0.081229123133496
IITA-TMS-L150237,NA,NA,NA,NA,NA,0.0705950501001782
IITA-TMS-L150238,NA,NA,NA,NA,NA,-0.0338315470870025
IITA-TMS-L150241,NA,NA,NA,NA,NA,0.148850363121124
IITA-TMS-L150252,NA,NA,NA,NA,NA,-0.18398465831745
IITA-TMS-L150255,NA,NA,NA,NA,NA,-0.0923189487702504
IITA-TMS-L150266,NA,NA,NA,NA,NA,-0.161940586116682
IITA-TMS-L150303,NA,NA,NA,NA,NA,0.0482634967302108
IITA-TMS-L150308,NA,NA,NA,NA,NA,-0.0592896881439026
IITA-TMS-L150341,NA,NA,NA,NA,NA,-0.0113810646963208
IITA-TMS-L150387,NA,NA,NA,NA,NA,0.0805910787514969
IITA-TMS-L150392,NA,NA,NA,NA,NA,-0.162493438101526
IITA-TMS-L150398,NA,NA,NA,NA,NA,0.0378421051575595
IITA-TMS-L150399,NA,NA,NA,NA,NA,0.0140217815629275
IITA-TMS-L150401,NA,NA,NA,NA,NA,0.207774592229978
IITA-TMS-L150405,NA,NA,NA,NA,NA,-0.0689239880969513
IITA-TMS-L150411,NA,NA,NA,NA,NA,0.0609199160610622
IITA-TMS-L150452,NA,NA,NA,NA,NA,-0.113856744434696
IITA-TMS-L150459,NA,NA,NA,NA,NA,0.0259319433602434
IITA-TMS-L150492,NA,NA,NA,NA,NA,-0.0112873122563689
IITA-TMS-L150519,NA,NA,NA,NA,NA,0.0433718231348847
IITA-TMS-L150536,NA,NA,NA,NA,NA,-0.116030400071742
IITA-TMS-L150539,NA,NA,NA,NA,NA,0.149712553468063
IITA-TMS-L150546,NA,NA,NA,NA,NA,-0.0380851763003297
IITA-TMS-L150555,NA,NA,NA,NA,NA,-0.0591406409062989
IITA-TMS-L150565,NA,NA,NA,NA,NA,-0.105505199331564
IITA-TMS-L150601,NA,NA,NA,NA,NA,0.329853750652466
IITA-TMS-L150615,NA,NA,NA,NA,NA,0.0873968854928203
IITA-TMS-L150616,NA,NA,NA,NA,NA,-0.0421261240529904
IITA-TMS-L150620,NA,NA,NA,NA,NA,0.000410168080280658
IITA-TMS-L150621,NA,NA,NA,NA,NA,-0.121055445161974
IITA-TMS-L150628,NA,NA,NA,NA,NA,-0.0774312465236056
IITA-TMS-L150634,NA,NA,NA,NA,NA,-0.00384346113304629
IITA-TMS-L150635,NA,NA,NA,NA,NA,-0.0942330819162477
IITA-TMS-L150636,NA,NA,NA,NA,NA,-0.142937136408843
IITA-TMS-L150637,NA,NA,NA,NA,NA,0.0185088871617824
IITA-TMS-L170001,NA,0.109413984957921,0.0209798793371998,NA,NA,0.0861734732740932
IITA-TMS-L170002,NA,-1.46890057881656,-0.0725501029078408,NA,NA,-0.0208891901277699
IITA-TMS-L170022,NA,-1.62797480256706,0.118080278491217,NA,NA,0.0751831586515337
IITA-TMS-L170042,NA,NA,-0.0158762919730143,NA,NA,0.0782049707008795
IITA-TMS-L170080,NA,NA,-0.0411138484049292,NA,NA,-0.111820411074887
IITA-TMS-L170081,NA,1.6204783630121,-0.0849474990498341,NA,NA,-0.137655833419052
IITA-TMS-L170083,NA,-1.8566439992084,-0.00857068353219678,NA,NA,-0.0349354052753393
IITA-TMS-L170089,NA,1.94373862758085,-0.0400069380351084,NA,NA,0.0307179390713059
IITA-TMS-L170114,NA,0.205462098770509,0.00847573616304401,NA,NA,0.0282650888781854
IITA-TMS-L170151,NA,-2.10768300856465,-0.0763135981652316,NA,NA,-0.0266790804126957
IITA-TMS-L170157,NA,-3.03230193411442,0.0248580096363923,NA,NA,0.054599910462177
IITA-TMS-L170221,NA,NA,-0.137415050579342,NA,NA,NA
IITA-TMS-L170225,NA,-2.99013386536615,-0.0191970230824768,NA,NA,-0.0278690887235687
IITA-TMS-L170253,NA,NA,-0.0849474990498341,NA,NA,-0.0366430180589528
IITA-TMS-L170254,NA,NA,-0.0597099426179192,NA,NA,-0.0766662956087112
IITA-TMS-L180002,NA,NA,NA,NA,NA,0.11869308827716
IITA-TMS-L180008,NA,0.646738492593667,NA,NA,NA,-0.0281928515759311
IITA-TMS-L180009,NA,-0.648225110125235,NA,NA,NA,0.0770089209782822
IITA-TMS-L180016,NA,1.87956372666002,NA,NA,NA,0.0778448233071281
IITA-TMS-L180018,NA,NA,NA,NA,NA,0.0642559421847033
IITA-TMS-L180019,NA,NA,NA,NA,NA,0.194810623495712
IITA-TMS-L180022,NA,4.54157143973477,NA,NA,NA,0.203065399112842
IITA-TMS-L180026,NA,NA,NA,NA,NA,-0.0296131320986536
IITA-TMS-L180027,NA,NA,NA,NA,NA,-0.00656617236547878
IITA-TMS-L180030,NA,NA,NA,NA,NA,-0.110786622211286
IITA-TMS-L180033,NA,-3.10641897401966,NA,NA,NA,0.000882940954423938
IITA-TMS-L180035,NA,-0.817930026605608,NA,NA,NA,-0.00769540703722121
IITA-TMS-L180037,NA,-2.9417984098893,NA,NA,NA,0.135506627865658
IITA-TMS-L180042,NA,NA,NA,NA,NA,-0.0378861410628274
IITA-TMS-L180043,NA,NA,NA,NA,NA,-0.0935180947526217
IITA-TMS-L180044,NA,2.37915621062644,NA,NA,NA,-0.0436533054055934
IITA-TMS-L180045,NA,NA,NA,NA,NA,0.00741078273362262
IITA-TMS-L180046,NA,NA,NA,NA,NA,-0.170903344486666
IITA-TMS-L180048,NA,NA,NA,NA,NA,0.000674609986258488
IITA-TMS-L180049,NA,-1.0807081559469,NA,NA,NA,0.0484500304973802
IITA-TMS-L180053,NA,NA,NA,NA,NA,-0.0196597932075952
IITA-TMS-L180056,NA,-2.9417984098893,NA,NA,NA,-0.0557665650415168
IITA-TMS-L180060,NA,NA,NA,NA,NA,0.151238421529272
IITA-TMS-L180062,NA,-1.26215219241231,NA,NA,NA,-0.0244708994234367
IITA-TMS-L180071,NA,0.236867215818793,NA,NA,NA,0.0324487653530129
IITA-TMS-L180080,NA,NA,NA,NA,NA,-0.125474587319356
IITA-TMS-L180085,NA,1.31220741152941,NA,NA,NA,-0.0239481691465384
IITA-TMS-L180088,NA,NA,NA,NA,NA,-0.0539096221080111
IITA-TMS-L180097,NA,2.67493484541252,NA,NA,NA,-0.0603145139905763
IITA-TMS-L180100,NA,-3.06860157954501,NA,NA,NA,0.0229132109356984
IITA-TMS-L180103,NA,NA,NA,NA,NA,-0.102295540225421
IITA-TMS-L180104,NA,NA,NA,NA,NA,-0.0976713207174591
IITA-TMS-L180105,NA,-2.46991388342321,NA,NA,NA,-0.0126146296100327
IITA-TMS-L19015,NA,0.99991648905113,NA,NA,NA,0.00680171002034413
IITA-TMS-L19029,NA,-2.38041076564696,NA,NA,NA,-0.0699762972802103
IITA-TMS-L19034,NA,-0.503832032340301,NA,NA,NA,-0.0540251877302336
IITA-TMS-L19038,NA,3.91047767673603,NA,NA,NA,-0.140373860760774
IITA-TMS-L19040,NA,-0.429265989957253,NA,NA,NA,0.237348413382674
IITA-TMS-L19044,NA,NA,NA,NA,NA,-0.071260607350435
IITA-TMS-L19045,NA,NA,NA,NA,NA,-0.000429459642312023
IITA-TMS-L19046,NA,-0.506317567086404,NA,NA,NA,-0.0621070832355551
IITA-TMS-L19053,NA,2.31476436973885,NA,NA,NA,-0.0491335141349074
IITA-TMS-L19054,NA,-0.426996288971283,NA,NA,NA,-0.0842259551448562
IITA-TMS-L19056,NA,NA,NA,NA,NA,0.220971940911365
IITA-TMS-L19057,NA,5.3172903430295,NA,NA,NA,0.115056573499519
IITA-TMS-L19058,NA,0.00685623178486579,NA,NA,NA,-0.031288251572005
IITA-TMS-L19069,NA,0.589803255944377,NA,NA,NA,0.122713106083508
IITA-TMS-L19073,NA,2.67009466071555,NA,NA,NA,-0.11803618109322
IITA-TMS-L19081,NA,NA,NA,NA,NA,-0.0864352979700241
IITA-TMS-L19085,NA,NA,NA,NA,NA,-0.136007728464621
IITA-TMS-L19087,NA,0.656364738676304,NA,NA,NA,0.00424953249234805
IITA-TMS-L19089,NA,-2.30294390412068,NA,NA,NA,-0.0890366035936001
IITA-TMS-L19091,NA,1.85971628751201,NA,NA,NA,-0.0391374854835888
IITA-TMS-L19092,NA,1.88286995531782,NA,NA,NA,0.224587525742693
IITA-TMS-L19096,NA,NA,NA,NA,NA,-0.03795031086841
IITA-TMS-L19098,NA,0.833385661062327,NA,NA,NA,-0.0431784332362494
IITA-TMS-L19103,NA,-0.774054320220523,NA,NA,NA,-0.116044450398491
IITA-TMS-L19161,NA,0.708648230880038,NA,NA,NA,0.0763485476582426
IITA-TMS-L19166,NA,-3.5957411115386,NA,NA,NA,0.0216894122669891
IITA-TMS-L19180,NA,-1.28677547736228,NA,NA,NA,-0.000216778181645512
IITA-TMS-L19185,NA,1.36280456198196,NA,NA,NA,-0.0774201484035327
IITA-TMS-L19189,NA,0.911328579993636,NA,NA,NA,-0.00352967117031758
IITA-TMS-L19190,NA,-1.69191764097684,NA,NA,NA,0.313913739222562
IITA-TMS-L19192,NA,0.987488815320622,NA,NA,NA,0.219908533608033
IITA-TMS-L19193,NA,-0.747414437458252,NA,NA,NA,0.159506998778788
IITA-TMS-L19196,NA,2.3002751528892,NA,NA,NA,-0.123073480289837
IITA-TMS-L19198,NA,2.11840712479682,NA,NA,NA,-0.0336077675062635
IITA-TMS-L19200,NA,-0.663394326255176,NA,NA,NA,0.114843892038853
IITA-TMS-L19203,NA,NA,NA,NA,NA,-0.0622611622894401
IITA-TMS-L19206,NA,NA,NA,NA,NA,-0.105919464132824
IITA-TMS-L19207,NA,-0.865639684845799,NA,NA,NA,-0.0401269055901832
IITA-TMS-L19210,NA,0.709108923757254,NA,NA,NA,0.0891094352982239
IITA-TMS-L19214,NA,1.78448031428727,NA,NA,NA,0.018481667964427
IITA-TMS-L19217,NA,NA,NA,NA,NA,-0.024442410404732
IITA-TMS-L19224,NA,0.515930832142809,NA,NA,NA,-0.097538730130699
IITA-TMS-L19225,NA,-3.46562730782555,NA,NA,NA,-0.116044450398491
IITA-TMS-L19227,NA,NA,NA,NA,NA,-0.0102128068329642
IITA-TMS-L19229,NA,0.674089931283138,NA,NA,NA,0.0027622737207315
IITA-TMS-L19230,NA,-2.36684274339731,NA,NA,NA,0.0144246962052796
IITA-TMS-L19233,NA,-2.96202589623472,NA,NA,NA,-0.0108508512149633
IITA-TMS-L19234,NA,1.55384992025123,NA,NA,NA,-0.0464629421915942
IITA-TMS-L19235,NA,-0.618166630660973,NA,NA,NA,0.0212640493456564
IITA-TMS-L19237,NA,NA,NA,NA,NA,-0.097538730130699
IITA-TMS-L19240,NA,-2.54445605888966,NA,NA,NA,0.12143701731951
IITA-TMS-L19251,NA,NA,NA,NA,NA,0.0245945403005355
IITA-TMS-L19267,NA,-0.458318982832242,NA,NA,NA,0.0620988897935967
IITA-TMS-L19278,NA,0.276625877935581,NA,NA,NA,0.0257303600196498
IITA-TMS-MH950414,NA,-1.11921445127211,-0.0130661239433456,-0.000540975155337589,-0.413855406387177,0.15575935316793
IITA-TMS-MM013004,NA,-2.14875721839718,0.119159219174569,-0.704828982816012,0.450213127469424,NA
IITA-TMS-MM060013,NA,NA,NA,NA,NA,-0.058047075288887
IITA-TMS-MM060045,NA,0.193037636171727,NA,NA,NA,0.110654778414148
IITA-TMS-MM060123,NA,1.43830979536076,NA,NA,NA,0.0315925527605299
IITA-TMS-MM060128,NA,-0.149370282752307,NA,NA,NA,-0.461828435985416
IITA-TMS-MM060130,NA,NA,NA,NA,NA,-0.0067216263024973
IITA-TMS-MM060139,NA,NA,NA,NA,NA,0.188524005906068
IITA-TMS-MM160089,NA,-1.04244032669091,NA,NA,NA,0.276176232526839
IITA-TMS-MM160229,NA,0.876006434362373,NA,NA,NA,-0.0641141045393305
IITA-TMS-MM160362,NA,3.35675655641403,NA,NA,NA,0.0953969909604366
IITA-TMS-MM160471,NA,0.644469756304223,NA,NA,NA,0.0315925527605299
IITA-TMS-MM160521,NA,-0.976286990102861,NA,NA,NA,-0.287429638239004
IITA-TMS-MM160577,NA,0.280626405069978,NA,NA,NA,0.0103244066938939
IITA-TMS-MM160642,NA,-1.14167033157297,NA,NA,NA,-0.0109437393727416
IITA-TMS-MM160679,NA,1.2067731173026,NA,NA,NA,-0.276795565205686
IITA-TMS-MM160728,NA,-1.9355103706295,NA,NA,NA,-0.138552615772555
IITA-TMS-MM160759,NA,-0.347830292516442,NA,NA,NA,0.0422266257938475
IITA-TMS-MM160770,NA,1.43830979536075,NA,NA,NA,0.180469575226979
IITA-TMS-MM160801,NA,1.07446644412651,NA,NA,NA,-0.0322118854393772
IITA-TMS-MM160805,NA,-4.44933716097517,NA,NA,NA,0.254908086460203
IITA-TMS-MM160814,NA,0.545239751422156,NA,NA,NA,-0.117284469705919
IITA-TMS-MM160815,NA,-2.00166370721754,NA,NA,NA,-0.0428459584726947
IITA-TMS-MM160864,NA,-3.39088377556647,NA,NA,NA,0.137933283093707
IITA-TMS-MM160881,NA,-0.149370282752307,NA,NA,NA,-0.0215778124060592
IITA-TMS-MM160933,NA,-0.116293614458283,NA,NA,NA,0.0209584797272121
IITA-TMS-MM160954,NA,-3.09319376092027,NA,NA,NA,-0.0824455785044768
IITA-TMS-MM160973,NA,-0.0832169461642637,NA,NA,NA,-0.0322118854393772
IITA-TMS-MM160978,NA,2.16599649782924,NA,NA,NA,0.0741288448938008
IITA-TMS-MM160988,NA,-0.579366970574592,NA,NA,NA,-0.181088907905826
IITA-TMS-MM161002,NA,0.842929766068353,NA,NA,NA,-0.149186688805873
IITA-TMS-MM161011,NA,0.14831973189389,NA,NA,NA,0.0315925527605297
IITA-TMS-MM161016,NA,-0.215523619340355,NA,NA,NA,-0.117284469705919
IITA-TMS-MM161119,NA,1.76907647830097,NA,NA,NA,0.148567356127025
IITA-TMS-MM161138,NA,1.57061646853684,NA,NA,NA,-0.0534800315060127
IITA-TMS-MM161199,NA,3.09214321006186,NA,NA,NA,0.191103648260297
IITA-TMS-MM161229,NA,0.214473068481934,NA,NA,NA,0.159201429160343
IITA-TMS-MM161267,NA,-2.66319707309798,NA,NA,NA,0.0528606988271653
IITA-TMS-MM161403,NA,1.00831310753846,NA,NA,NA,-0.138552615772555
IITA-TMS-MM161450,NA,-1.48602326189396,NA,NA,NA,0.0315925527605297
IITA-TMS-MM161487,NA,-1.60474368768928,NA,NA,NA,0.0847629179271188
IITA-TMS-MM161583,NA,0.97523643924444,NA,NA,NA,-0.000309666339423832
IITA-TMS-MM161612,NA,-0.116293614458283,NA,NA,NA,0.106031063993754
IITA-TMS-MM161616,NA,-0.910133653514817,NA,NA,NA,0.0103244066938939
IITA-TMS-MM180011,NA,NA,NA,NA,0.110071691667175,NA
IITA-TMS-MM180017,NA,NA,NA,NA,-0.0386781819297554,NA
IITA-TMS-MM180037,NA,NA,NA,NA,0.459266497478055,NA
IITA-TMS-MM180054,NA,NA,NA,NA,0.18560900160512,NA
IITA-TMS-MM180067,NA,NA,NA,NA,0.00492663522577503,NA
IITA-TMS-MM180070,NA,NA,NA,NA,-0.147476966135642,NA
IITA-TMS-MM180079,NA,NA,NA,NA,-0.141391862750725,NA
IITA-TMS-MM190007,NA,NA,NA,NA,1.79437815618574,NA
IITA-TMS-MM190012,NA,NA,NA,NA,-0.401912637520405,NA
IITA-TMS-MM190016,NA,NA,NA,NA,0.722224166988117,NA
IITA-TMS-MM190020,NA,NA,NA,NA,0.0443975068376165,NA
IITA-TMS-MM190022,NA,NA,NA,NA,0.644856766762961,NA
IITA-TMS-MM190023,NA,NA,NA,NA,0.385173740542405,NA
IITA-TMS-MM190024,NA,NA,NA,NA,-0.463986375654472,NA
IITA-TMS-MM190031,NA,NA,NA,NA,-0.266528087532805,NA
IITA-TMS-MM190045,NA,NA,NA,NA,-0.659287136548493,NA
IITA-TMS-MM190057,NA,NA,NA,NA,-0.0148902073883136,NA
IITA-TMS-MM190059,NA,NA,NA,NA,-1.18489115802537,NA
IITA-TMS-MM190062,NA,NA,NA,NA,-0.461828848426827,NA
IITA-TMS-MM190064,NA,NA,NA,NA,1.87615605542357,NA
IITA-TMS-MM190065,NA,NA,NA,NA,-1.00691800223498,NA
IITA-TMS-MM190066,NA,NA,NA,NA,0.862641064389665,NA
IITA-TMS-MM190069,NA,NA,NA,NA,0.811970028382331,NA
IITA-TMS-MM190071,NA,NA,NA,NA,2.56046989532574,NA
IITA-TMS-MM190072,NA,NA,NA,NA,-0.948080554942382,NA
IITA-TMS-MM190077,NA,NA,NA,NA,1.31813849656171,NA
IITA-TMS-MM190078,NA,NA,NA,NA,0.385173740542405,NA
IITA-TMS-MM190090,NA,NA,NA,NA,-0.377240884017461,NA
IITA-TMS-MM190094,NA,NA,NA,NA,-0.298918304393583,NA
IITA-TMS-MM190096,NA,NA,NA,NA,-0.930752949838749,NA
IITA-TMS-MM190101,NA,NA,NA,NA,-0.360281915249623,NA
IITA-TMS-MM190105,NA,NA,NA,NA,-0.594957939734837,NA
IITA-TMS-MM190117,NA,NA,NA,NA,-1.16178768455386,NA
IITA-TMS-MM190118,NA,NA,NA,NA,-0.919900392883612,NA
IITA-TMS-MM190119,NA,NA,NA,NA,-1.07327419764432,NA
IITA-TMS-MM190122,NA,NA,NA,NA,-0.527520927701127,NA
IITA-TMS-MM190123,NA,NA,NA,NA,-0.168338325278883,NA
IITA-TMS-MM190124,NA,NA,NA,NA,-1.00519101698458,NA
IITA-TMS-MM190125,NA,NA,NA,NA,1.53554949763584,NA
IITA-TMS-MM190129,NA,NA,NA,NA,-0.203964832981128,NA
IITA-TMS-MM190132,NA,NA,NA,NA,-0.683469373633827,NA
IITA-TMS-MM190133,NA,NA,NA,NA,-0.515861724846528,NA
IITA-TMS-MM190143,NA,NA,NA,NA,-0.905582938261192,NA
IITA-TMS-MM190146,NA,NA,NA,NA,1.27984622067433,NA
IITA-TMS-MM190153,NA,NA,NA,NA,-0.0767779345379365,NA
IITA-TMS-MM190155,NA,NA,NA,NA,0.131035532355783,NA
IITA-TMS-MM190158,NA,NA,NA,NA,-0.258792721993631,NA
IITA-TMS-MM190163,NA,NA,NA,NA,-0.538965198318039,NA
IITA-TMS-MM190164,NA,NA,NA,NA,-0.0122824132273386,NA
IITA-TMS-MM190167,NA,NA,NA,NA,-0.992234259100865,NA
IITA-TMS-MM190171,NA,NA,NA,NA,-0.903066245994964,NA
IITA-TMS-MM190175,NA,NA,NA,NA,0.413092113117852,NA
IITA-TMS-MM190179,NA,NA,NA,NA,0.859546374359677,NA
IITA-TMS-MM190180,NA,NA,NA,NA,-0.487221786449007,NA
IITA-TMS-MM190185,NA,NA,NA,NA,2.17558546846567,NA
IITA-TMS-MM190188,NA,NA,NA,NA,0.30997998564115,NA
IITA-TMS-MM190191,NA,NA,NA,NA,-1.22640100021434,NA
IITA-TMS-MM190196,NA,NA,NA,NA,-0.647735399812738,NA
IITA-TMS-MM190203,NA,NA,NA,NA,0.795260394661727,NA
IITA-TMS-MM190208,NA,NA,NA,NA,0.27651100516655,NA
IITA-TMS-MM190211,NA,NA,NA,NA,-0.75530382353047,NA
IITA-TMS-MM190212,NA,NA,NA,NA,-0.232844174820517,NA
IITA-TMS-MM190214,NA,NA,NA,NA,-0.17911348018888,NA
IITA-TMS-MM190217,NA,NA,NA,NA,-0.741120591193761,NA
IITA-TMS-MM190229,NA,NA,NA,NA,-0.473273119043739,NA
IITA-TMS-MM190232,NA,NA,NA,NA,-0.526874759075094,NA
IITA-TMS-MM190234,NA,NA,NA,NA,0.179350145495867,NA
IITA-TMS-MM190237,NA,NA,NA,NA,-0.90872823998106,NA
IITA-TMS-MM190240,NA,NA,NA,NA,-0.388900086872061,NA
IITA-TMS-MM190244,NA,NA,NA,NA,3.90857123929773,NA
IITA-TMS-MM190245,NA,NA,NA,NA,-0.101541528227987,NA
IITA-TMS-MM190247,NA,NA,NA,NA,-0.793210872623505,NA
IITA-TMS-MM190253,NA,NA,NA,NA,-0.208661937735183,NA
IITA-TMS-MM190258,NA,NA,NA,NA,0.370003662666416,NA
IITA-TMS-MM190264,NA,NA,NA,NA,-0.0261129719807456,NA
IITA-TMS-MM190265,NA,NA,NA,NA,-0.735452188944727,NA
IITA-TMS-MM190268,NA,NA,NA,NA,-0.0978416751316832,NA
IITA-TMS-MM190271,NA,NA,NA,NA,0.0321081408252719,NA
IITA-TMS-MM190272,NA,NA,NA,NA,0.570972825809473,NA
IITA-TMS-MM190273,NA,NA,NA,NA,-0.452327172799872,NA
IITA-TMS-MM190276,NA,NA,NA,NA,-0.671917636898071,NA
IITA-TMS-MM190284,NA,NA,NA,NA,0.0533021999281167,NA
IITA-TMS-MM190287,NA,NA,NA,NA,-0.0756280124605588,NA
IITA-TMS-MM190290,NA,NA,NA,NA,-1.59028070739064,NA
IITA-TMS-MM190299,NA,NA,NA,NA,-0.497455356129072,NA
IITA-TMS-MM190300,NA,NA,NA,NA,0.988367360091666,NA
IITA-TMS-MM190302,NA,NA,NA,NA,1.94562949736438,NA
IITA-TMS-MM190307,NA,NA,NA,NA,-0.480235217144282,NA
IITA-TMS-MM190316,NA,NA,NA,NA,-0.0112036496135167,NA
IITA-TMS-MM190318,NA,NA,NA,NA,-0.335003977215817,NA
IITA-TMS-MM190320,NA,NA,NA,NA,2.25067175724808,NA
IITA-TMS-MM190328,NA,NA,NA,NA,0.468193424920339,NA
IITA-TMS-MM190329,NA,NA,NA,NA,-0.401668881166993,NA
IITA-TMS-MM190331,NA,NA,NA,NA,0.0870298623901165,NA
IITA-TMS-MM190337,NA,NA,NA,NA,-0.429331165447205,NA
IITA-TMS-MM960287,-0.568661764563307,-3.51181607226134,0.000329913216966928,-0.219653814523939,0.841313399765454,0.200732618883
IITA-TMS-MM961669,NA,-0.660307145166187,0.216683369121015,-0.481418871306198,-0.416167127712242,NA
IITA-TMS-MM961751,-0.904782454369981,-2.83286431851447,0.116307944737687,0.539009862535423,0.735212335590911,0.150610805725541
IITA-TMS-MM961757,NA,-1.32169715316678,NA,-0.22413642580456,NA,-0.0884750157932288
IITA-TMS-MM961759,NA,-0.170827413277939,NA,0.0414154679827171,NA,-0.084089266067528
IITA-TMS-MM963665,NA,NA,0.207634109244793,0.147073607180232,-0.220982358154235,-0.00345360960360064
IITA-TMS-MM964019,NA,-3.6702839599222,0.0864616178805716,-0.454779404802175,-0.579518010843863,NA
IITA-TMS-MM964500,0.131692564599783,-3.62532859406129,0.0327883072935891,-0.238286128088804,0.0558361030671223,0.170775121294936
IITA-TMS-MM965280,-0.444358859689364,2.98696480749574,-0.0292591745416549,0.00869199256278386,-0.243402928382792,0.0449574544188727
IITA-TMS-MM967204,-0.84175982503123,-2.79515272800535,0.0891457046838608,-0.149711276454418,-0.363926124090922,0.0401542587643012
IITA-TMS-MM968676,NA,-3.04182726233578,0.0557736699451515,-0.40694883413626,0.450213127469424,NA
IITA-TMS-MM970016,-1.04956778323894,-3.50979921401746,0.101679330233802,0.576226891559228,2.07129513398359,0.0980942139630174
IITA-TMS-MM970043,-0.592283588471422,0.676610289479537,0.0187578517838289,0.952591648149578,1.37895544472623,0.371670747697733
IITA-TMS-MM970092,NA,-0.720289906412201,0.0537872393059426,0.0359011279518956,0.145398909562781,NA
IITA-TMS-MM970287,-0.862767368144147,-3.35878334438942,-0.116982736715099,0.00810663405218217,-0.199894373625072,0.123460301689215
IITA-TMS-MM970646,-0.24411767374309,0.337208837406344,0.0574874709852047,0.768273643509542,1.08237142497851,0.25837452931985
IITA-TMS-MM970647,0.171692847736452,1.39721808847851,0.0995695577351952,0.846758742207045,NA,0.131420822276662
IITA-TMS-MM970806,-0.288667462679362,5.70179287703374,0.0837891100146558,-0.0694387653995633,-0.0727937877308416,0.23427188547263
IITA-TMS-MM971909,NA,3.14350970864635,0.157543359824045,-0.385757729974369,-0.0353165955001466,NA
IITA-TMS-MM972346,0.599285014882185,-1.33220218435426,0.106658895004663,-0.526340516362139,0.22651916113852,0.17334375849994
IITA-TMS-MM972480,NA,-2.20303146085281,-0.00898396889305825,-0.29352496096004,-0.618861116024993,NA
IITA-TMS-MM97JW2,NA,-2.7467033641477,0.153506057394229,0.609384107635511,0.338059839617887,NA
IITA-TMS-MM980115,0.398940407389821,3.76960457558349,0.249346427931545,-0.116661180517814,NA,0.202852902510338
IITA-TMS-MM980471,NA,2.39346735791308,0.0819945543827088,0.58025655017061,0.0928448869890545,NA
IITA-TMS-MM980931,NA,-2.14214188473838,0.072245269491877,-0.227737051730941,-0.0398395219254384,NA
IITA-TMS-MM981020,NA,NA,-0.262976225513543,NA,-0.701328319817535,NA
IITA-TMS-MM983437,NA,-1.52030052081076,0.220663946669849,-0.532881683533534,0.613564010601044,NA
IITA-TMS-MM990214,-0.0309412785053284,-6.88951678699741,0.107265506137263,-0.481086065784281,0.0354313822616856,0.0453155241100721
IITA-TMS-MM990268,0.39768521863088,-1.14172660000055,0.167755222827354,0.23467218878896,-0.448628121601287,0.274240526849436
IITA-TMS-MM990302,-1.08131843415118,-2.39885834020791,0.283605033888268,-0.288137357638976,-0.0709709415784554,-0.200919600661674
IITA-TMS-MM990477,0.221302419829897,-1.31373451021826,0.0336393950580136,0.600307090902572,-0.625485885199919,0.0403729749116608
IITA-TMS-MMM96JW1,NA,NA,0.256377876119753,0.457887230720591,0.551885598023964,0.335960352582497
IITA-TMS-MOK000004,NA,-2.59842920870364,-0.023683555623204,-0.628976401696522,-0.902266778304082,NA
IITA-TMS-MOK000015,NA,-0.513495778771412,0.210428175829989,-0.581408952555195,-0.548454023070847,NA
IITA-TMS-MOK000141,-0.309796952033821,4.08715514352688,0.0716182740561343,-0.00507221843767222,0.592368488899804,-0.0533079394711389
IITA-TMS-MOK000142,-0.790318972571639,-1.48724212473816,-0.0946103756975808,0.0447753640526336,-0.158048136609857,0.145813960019189
IITA-TMS-MOK000146,0.355670132405046,-4.46023639858035,0.0185910447990686,0.344277552970678,0.532470844612046,-0.0690273506660622
IITA-TMS-MOK940583,0.0373119797319272,-7.76532512301886,-0.0412210090183048,-1.02825435815738,0.844262054071509,0.0202956386573324
IITA-TMS-MOK980004,-0.339022963178787,NA,-0.0459476478831118,0.0731395690618828,-0.331647947356974,-0.121807307905153
IITA-TMS-MOK980028,-0.904782454369981,-0.977263227219829,NA,0.162004411682584,-0.465662984301522,0.0329636319013088
IITA-TMS-MOK980054,0.664481418193921,NA,0.0122714436658354,-0.786243255985518,-0.429051072626009,-0.149683955960604
IITA-TMS-MOK980057,-0.259709318274092,1.15618187774459,-0.0605134001550313,0.54334564573939,0.434632306893656,-0.141353494470586
IITA-TMS-MOK980068,-0.394434891665187,1.12011946395013,0.217719358399245,1.92684105959162,0.591011191968916,-0.00347222957115589
IITA-TMS-MOK980115,0.263509286139261,5.2531053882166,0.163744435043889,0.327019322383511,0.0183712573923761,0.215063018703209
IITA-TMS-ONN8700813,NA,3.25597038084603,-0.172275922793671,-0.481418871306198,-0.172497680942398,NA
IITA-TMS-UBJ120001,-0.400743275208,NA,NA,-0.197913934159211,-0.17675342194743,-0.0116542751975214
IITA-TMS-UBJ120004,-0.528568269986267,NA,NA,-0.992134561555478,-0.500700450024863,0.054619195795815
IITA-TMS-ZAR000012,NA,-4.2146175030439,0.0104830513711889,-0.302562988696859,-0.614073345050503,NA
IITA-TMS-ZAR000156,NA,-0.0516964485561793,-0.0670749447173309,0.188811463223242,1.31659338265109,NA
IITA-TMS-ZAR000200,NA,NA,-0.082481902543787,NA,NA,NA
IITA-TMS-ZAR010053,NA,-5.55234638585205,0.121718161884534,1.32886924571491,1.01967975521745,NA
IITA-TMS-ZAR010071,NA,2.84581969400015,-0.0869778324615034,-0.162347618464555,0.0188321704487072,NA
IITA-TMS-ZAR010116,-0.451092140763671,-5.96226774636966,0.262941920379485,0.373718018646257,-0.216429036412516,0.217189044249895
IITA-TMS-ZAR100130,NA,-0.633731178632429,NA,-0.162158671862157,-0.0950040029764056,0.570871480514378
IITA-TMS-ZAR100147,NA,-1.3774244698101,NA,0.420260872012281,NA,NA
IITA-TMS-ZAR110035,NA,0.779877083528754,NA,-1.0752055310031,-0.422549129027308,0.525736989564431
IITA-TMS-ZAR110064,NA,-1.03065119816069,NA,1.51493211263884,2.55288328703803,0.841005422548007
IITA-TMS-ZAR110112,NA,-3.64099517877723,NA,-0.790268585271924,-0.557969634281376,0.0306035964471204
IITA-TMS-ZAR120045,NA,-4.48628535843923,NA,-0.170063079034157,-0.463821148788498,-0.17692374405818
IITA-TMS-ZAR120076,NA,-1.96370406139804,NA,-0.0906758478005403,-0.379574614150551,-0.175073004032852
IITA-TMS-ZAR120086,NA,-5.30651182465273,NA,-0.263088945467383,-0.278977125463921,0.0357577166081761
IITA-TMS-ZAR120090,NA,5.72926244803809,NA,-0.0692844137096279,-0.478302773169606,-0.17692374405818
IITA-TMS-ZAR120092,NA,2.77147610017726,NA,-0.105448701344232,-0.306454931745126,-0.17692374405818
IITA-TMS-ZAR120098,NA,2.51001130585608,0.329829915575198,-0.0796044362550142,-0.511044623446965,-0.17692374405818
IITA-TMS-ZAR120127,NA,2.97031887986539,NA,-0.247598788209586,-0.44258162500404,-0.17692374405818
IITA-TMS-ZAR120147,NA,-3.76548028206978,NA,0.0754885407648474,-0.0966577784335605,-0.389605204724536
IITA-TMS-ZAR120162,NA,0.907325040601113,NA,-0.00463915497008663,-0.172333297873826,-0.17692374405818
IITA-TMS-ZAR130009,NA,-4.90752753956601,NA,1.18168576038488,0.990350708250141,-0.17692374405818
IITA-TMS-ZAR130129,NA,1.01912591999143,0.329829915575198,-0.0239300004093344,-0.14001821154946,NA
IITA-TMS-ZAR920250,NA,-3.76951396480426,0.178396582503364,0.251581351900777,-0.401214705305554,0.00206773331017253
IITA-TMS-ZAR930151,-0.161934282863577,-1.03138496382702,0.10821807895095,1.28368981641526,0.0534445189736952,0.0776935865007176
IITA-TMS-ZAR930951,-0.528568269986267,NA,NA,-0.25996388924044,-0.806393314445406,-0.0597461554591372
IITA-TMS-ZAR950432,NA,-1.70878427603927,-0.130950810140484,-0.214181114644329,1.38891737480108,NA
IITA-TMS-ZAR970002,NA,1.65209658069278,-0.138896532697319,-0.255359375758321,-0.235135179572943,NA
IITA-TMS-ZAR980139,NA,-3.43874728186404,0.188250672343625,-0.410581075697681,-0.00824221252571941,NA
IITA-TMS-ZAR980190,NA,0.950265578257553,0.278253901536547,-0.0143151608989149,-0.42300833865356,NA
Ilona,NA,-0.755083240847627,-0.189144685860974,NA,NA,-0.0255355852012167
KALAWE,NA,NA,NA,0.115828850246906,0.196433964293673,NA
KALESO,-0.0370300829606459,8.77378055463064,0.0984636972211141,-0.993738148145862,-0.764720110950125,0.0381095718837366
KALIBA(OP),NA,NA,NA,NA,NA,-0.0229269224881806
KAMPOLOMBO(OP)-20-167-184,NA,NA,NA,0.205669836191012,NA,-0.064353532934205
KAMPOLOMBO(OP)-20-176-193,NA,NA,NA,-0.398191834045005,NA,0.0174968243626974
KAMPOLOMBO(OP)-20-189-208,NA,NA,NA,0.241616736366251,NA,-0.0262891915305959
KAMPOLOMBO(OP)-20-193-212,NA,NA,NA,0.238063339994802,NA,0.0529502079036284
Kansakako,NA,-0.334650211752867,NA,NA,NA,-0.0997403845030482
KARIBA,NA,NA,-0.00328044956344398,0.28372514697564,0.377110921574498,-0.0935633310083748
KARIBA(OP)-20-57-62,NA,NA,NA,0.355847574953782,NA,-0.0153551987228269
KARIBA(OP)-20-65-72,NA,NA,NA,0.483503187731921,NA,-0.0484274581191677
KBH2002/26/006,NA,3.20710483470539,0.0672977115732064,NA,NA,-0.0444227271551692
KBH2002/26/008,NA,-3.38275546353626,0.0535720229874281,NA,NA,0.0592825967534551
KBH2002/26/009,NA,-0.956873551341164,-0.177286759699279,0.501483373362263,NA,0.0277400783512657
KBH2002/26/020,NA,-0.0148558825686816,0.0350097409231493,-0.121254464575475,NA,0.0102468904470144
KBH2002/26/022,NA,2.19229897196948,-0.167545948444855,0.125971453606063,NA,-0.15971733630811
KBH2002/26/027,NA,4.13598714342089,0.0445380784128159,0.393128047077943,NA,0.0972915142611063
KBH2002/26/028B,NA,3.97376408639736,NA,NA,NA,0.0257498392555248
KBH2002/26/030,NA,-4.21540960348028,NA,NA,NA,0.100917565887828
KBH2002/26/031,NA,-2.27560968113373,0.0146087779697349,NA,NA,0.00689164593457527
KBH2002/26/038,NA,3.04980845937451,0.111838228897923,0.035114949755086,NA,0.0326195973843883
KBH2002/482/(OP)/062,NA,5.13517211135371,0.0980661608930729,-0.0789676898818245,NA,0.0784168227418902
KBH2002/482/(OP)/066,NA,-3.78382912139564,0.11423071125361,NA,NA,-0.0258161410860288
KBH200612_26,-0.101475646804103,1.16413608647457,NA,0.725727853674056,0.162251209211718,NA
KBH2013B_013,NA,-0.327041676761626,NA,NA,0.53831813010766,0.213600520875735
KBH2014_018,NA,2.13126707535555,NA,0.0790714207077621,0.0105588353754573,-0.0149004254577997
KBH2014B_013,NA,-0.888823887153915,NA,NA,-0.477947984290955,0.0799180563330785
KBH2014B_018,NA,1.95142830738966,NA,NA,-0.29388026428555,0.0457193455779239
KBH2015_012,NA,-1.07716974916459,NA,-0.0431192690919305,0.0989645212021294,0.128912111802052
KBH2015_036,NA,NA,NA,0.0443797943644382,0.0335969274568016,0.0305453666069938
KBH2015_065,NA,NA,NA,0.129137950292039,0.0961837429687834,0.0359480454476664
KBH2015_071,NA,NA,NA,-0.658674865370796,-0.731070017186819,0.0548574213900207
KBH2015_074,NA,1.96588373388544,NA,-0.143094972046344,-0.165329915600747,-0.081545259797731
KBH2015_093,NA,NA,NA,0.0922841215862672,0.0970452527640771,0.300679308640623
KBH2015_121,NA,NA,NA,-0.0158185592521058,-0.145912657352857,0.160209658783136
KBH2015_129,NA,NA,NA,0.115423251282989,0.123738479945256,0.136634740634373
KBH2015_145,NA,NA,NA,0.0917980106261531,0.0951410620582982,0.00893465124430351
KBH2015B_012,NA,0.634094891955837,NA,NA,0.169608354252287,0.0406149905219315
KBH2015B_062,NA,2.54795664645403,NA,NA,-0.514250447392113,-0.154201227448451
KBH2015B_065,NA,-3.71559091372185,NA,NA,-0.387974662082045,-0.126127274640492
KBH2015B_074,NA,0.0127112054304556,NA,NA,0.0726791413118095,0.203103626471027
KBH2015B_157,NA,-1.32947755746438,NA,NA,0.245854029212528,0.283071855681577
KBH2016_010,NA,NA,NA,0.102605453662153,0.0715660891281848,-0.190964465860582
KBH2016_014,NA,NA,NA,0.147807920124982,0.118806620546007,-0.25039393310798
KBH2016_015,NA,NA,NA,0.0876095665084383,0.0498047213462545,-0.0640015131047763
KBH2016B_010,NA,-0.0275533440962623,NA,NA,0.60513039341459,0.0236004736686229
KBH2016B_016,NA,0.360686069884669,NA,NA,0.228449595299068,0.0176453927699647
KBH2016B_056,NA,1.30330060417721,NA,-0.106565536987335,-0.298386985706581,-0.0437490319187654
KBH2016B_098,NA,2.35162676309312,NA,-0.2004099483317,-0.456503224622646,-0.152073267512075
KBH2016B_099,NA,2.19294553684158,NA,-0.0165960077289418,-0.17051468870013,-0.136277633257724
KBH2016B_203,NA,1.30330060417721,NA,-0.0981919589472374,-0.538927213855262,-0.0483418337711618
KBH2016B_219,NA,2.67543654259161,NA,0.22323825294996,0.240442568948189,-0.369155280808624
KBH2016B020,NA,3.90098003731814,NA,-0.0552382344231632,0.203091562680848,0.0761856476415263
KBH2016B087,NA,0.117559360345164,NA,0.153590547146246,-0.183917682195231,0.275878707501911
KBH2016B185,NA,1.44045798838231,NA,0.144806794665913,0.112637954115742,0.101514284550508
KBH2016B316,NA,-0.994238662059367,NA,0.143739594290648,-0.0963247583729557,0.227070874475426
KBH2016B504,NA,1.46289980135237,NA,-0.175295795076549,-0.55848894341439,0.073369195889264
KBH2016B521,NA,-0.319648608625413,NA,-0.286111340233618,-0.390780685675959,0.467160922306888
KBH2018_1351,NA,1.29729135686938,NA,0.143355227491837,NA,-0.198144302567756
KBH2018_1454,NA,-2.04345214082685,NA,-0.440338541718187,NA,-0.041466616188251
KBH2018_1462,NA,2.91804810327646,NA,-0.0962912796577835,NA,0.0881976759878907
KBH2018_1473,NA,0.271914639754696,NA,-0.424553479636986,NA,-0.141416174740694
KBH2018_1485,NA,-2.24191215059098,NA,-0.110733953533165,NA,0.0125601722184747
KBH2018_1486,NA,2.62035808863026,NA,-0.255160692286984,NA,-0.0954934045949767
KBH2018_1487,NA,0.338067976342744,NA,-0.247322093977822,NA,-0.276483145757508
KBH2018_1497,NA,-4.26314797365433,NA,0.127583584636385,NA,0.130901902009386
KBH2018_1900,NA,-0.290388721243675,NA,0.0678398203318173,NA,0.166536519177643
KBH2018_1902,NA,0.567204024665024,NA,0.167890375621619,NA,-0.0581758683157283
KBH2018_2052,NA,0.536527986106874,NA,-0.318193075148912,NA,-0.111701441116994
KBH2018_2438,NA,-0.422695394419767,NA,-0.0765869184220013,NA,0.0827949971472183
KBH2018_2441,NA,-1.91114546765076,NA,0.237232607681819,NA,0.0963016942488998
KBH2018_2461,NA,0.734987995871009,NA,0.0133711626133997,NA,0.0773923183065456
KBH2018_2483,NA,-0.720385409065964,NA,0.0980675562884005,NA,-0.109000101696658
KBH2018_2594,NA,1.52882803492753,NA,0.578595093330583,NA,0.363734296862193
KBH2018_2780,NA,0.728748592962382,NA,0.204427960776474,NA,0.293499471933449
KBH2018_2807,NA,1.39652136175144,NA,0.174200224819891,NA,-0.0954934045949767
KBH2018_2808,NA,2.28959140569004,NA,-0.0477015706712377,NA,-0.168429568944057
KBH2018_2819,NA,0.382775563592904,NA,-0.327623374587381,NA,0.00136186013484446
KBH2018_2888,NA,0.404221312930787,NA,-0.15014267600473,NA,-0.114402780537331
KBH2018_2909,NA,-2.34114215547305,NA,0.295003303183346,NA,0.153029822075962
KBH2018_2911,NA,-0.654232072477921,NA,-0.249899004926584,NA,-0.262976448655827
KBH2018_2964,NA,-0.389618726125747,NA,0.264775567226763,NA,0.207056610482687
KBH2018_2990,NA,0.205761303166653,NA,0.116429529318363,NA,0.0476775846828466
KBH2018_3031,NA,1.95109614214293,NA,-0.22761773274204,NA,0.266486077730086
KBH96/1056/101,NA,-1.76964341331636,-0.157805137190432,0.0555749763714717,NA,0.107897164254495
KBH96/1056/102,NA,2.3836851474193,0.0243673071729514,0.408695687492878,NA,0.076636536753814
KHB2002/482(OP)/069,NA,-1.70501950991773,NA,NA,NA,0.128566155774454
KIBAHA,NA,0.317629181696227,-0.139691104953003,-0.261384727582867,0.723381699728101,NA
Kibandameno,NA,NA,NA,-0.128303464893636,0.0380124848419775,-0.0239672093688693
Kindisa,NA,-2.33457965251067,NA,NA,NA,0.0596872691729906
Kipusa,NA,NA,NA,-0.15101427489936,0.108937669684945,0.23731688232015
kiroba,NA,NA,NA,0.17125344427593,0.172240280854114,0.0477625646136986
KIYAKA2014249,NA,0.347518522399654,0.243315902761943,NA,NA,0.0502103108327254
KIZIMBANI,-0.101475646804103,2.41332860103885,NA,0.02451779021204,0.122803534792229,0.264535977417316
KNO011,-0.0207445548167721,NA,-0.021915793026015,0.193660112149169,NA,NA
KYK2014_060,NA,-0.450475660264416,NA,NA,NA,0.180018794415421
KYK2014_073,NA,-3.15787051634261,NA,NA,NA,0.180018794415421
KYK2015_060,NA,-0.469209419046524,NA,NA,NA,0.187562478223239
KYK2015_073,NA,-3.18854866419565,NA,NA,NA,0.187562478223239
KYK2016_002,NA,-1.2439339778742,NA,NA,NA,0.03761911373074
KYK2016_003,NA,-1.2271055071617,NA,NA,NA,-0.337892773013917
KYK2016_004,NA,0.147476703369967,NA,NA,NA,-0.289022466280591
KYK2016_007,NA,-2.63382950780413,NA,NA,NA,-0.423932707592019
KYK2016_008,NA,1.78314347075461,NA,NA,NA,0.044275705499607
KYK2016_009,NA,0.168768482071432,NA,NA,NA,-0.0800049687235172
KYK2016_010,NA,-0.712077807614587,NA,NA,NA,0.0949381274849457
KYK2016_014,NA,1.6957088220122,NA,NA,NA,0.0767128995615253
KYK2016_015,NA,-0.230318767038698,NA,NA,NA,0.136452257516126
KYK2016_016,NA,0.827461849594056,NA,NA,NA,-0.0471978751040932
KYK2016_017,NA,-1.78909625794622,NA,NA,NA,-0.0290508864715189
KYK2016_024,NA,3.91119325112978,NA,NA,NA,0.0338091607385335
KYK2016_025,NA,-1.78598412502715,NA,NA,NA,-0.050824841307479
KYK2016_035,NA,2.36704977580567,NA,NA,NA,-0.215583886057835
KYK2016_037,NA,0.770288315624239,NA,NA,NA,-0.0515412663128525
KYK2016_038,NA,0.300949224732894,NA,NA,NA,-0.232531250724625
KYK2016_041,NA,1.70823711135269,NA,NA,NA,0.26363623425425
KYK2016_042,NA,1.83087218842972,NA,NA,NA,0.0789440059825102
KYK2016_046,NA,-4.59265095446619,NA,NA,NA,-0.0356912226369041
KYK2016_048,NA,0.522743592947515,NA,NA,NA,0.180843533412016
KYK2016_049,NA,0.212700302517666,NA,NA,NA,0.0727615843924526
KYK2016_052,NA,-3.90039196561645,NA,NA,NA,-0.0165852147502346
KYK2016_056,NA,0.61859483755747,NA,NA,NA,0.308216919323145
KYK2016_057,NA,-0.606133978019836,NA,NA,NA,-0.102810348652138
KYK2016_059,NA,2.4697219990874,NA,NA,NA,-0.15032726995692
KYK2016_060,NA,2.51400507331782,NA,NA,NA,0.253293203056681
KYK2016_061,NA,5.60628576309499,NA,NA,NA,-0.0102165454546779
KYK2016_062,NA,-2.85007238942972,NA,NA,NA,-0.0762292031502304
KYK2017_002,NA,-1.37436930818989,NA,NA,NA,0.122679127254177
KYK2017_014,NA,-1.52956746908453,NA,NA,NA,0.016338396920999
KYK2017_025,NA,-0.141159037143296,NA,NA,NA,0.271556149720626
KYK2017_049,NA,-0.829952140233782,NA,NA,NA,0.122679127254177
KYK2017_056,NA,-1.26837269092104,NA,NA,NA,0.0801428351209059
KYK2017_060,NA,1.75379912745739,NA,NA,NA,-0.0687341873455433
KYK2018_003,NA,-5.40542976389177,NA,NA,NA,NA
KYK2018_006,NA,-3.34546686062754,NA,NA,NA,NA
KYK2018_007,NA,-1.52934667971431,NA,NA,NA,NA
KYK2018_008,NA,-2.8627277186299,NA,NA,NA,NA
KYK2018_014,NA,-0.116702386918066,NA,NA,NA,NA
KYK2018_015,NA,-1.81710840434974,NA,NA,NA,NA
KYK2018_018,NA,-4.45797927045965,NA,NA,NA,NA
KYK2018_019,NA,-4.15562870075723,NA,NA,NA,NA
KYK2018_020,NA,-2.64044140016598,NA,NA,NA,NA
KYK2018_022,NA,7.02625396096018,NA,NA,NA,NA
KYK2018_031,NA,2.1568346632242,NA,NA,NA,NA
KYK2018_033,NA,0.0151944366048406,NA,NA,NA,NA
KYK2018_035,NA,7.11187814905338,NA,NA,NA,NA
KYK2018_037,NA,-0.405079255989415,NA,NA,NA,NA
KYK2018_038,NA,-3.11224476846784,NA,NA,NA,NA
KYK2018_039,NA,-4.00210175425236,NA,NA,NA,NA
KYK2018_045,NA,0.730564710404343,NA,NA,NA,NA
KYK2018_047,NA,-2.71807992912704,NA,NA,NA,NA
KYK2018_050,NA,8.24761259644398,NA,NA,NA,NA
KYK2018_059,NA,-3.1858472356231,NA,NA,NA,NA
L9-304/147/100,NA,4.25374487131212,NA,-0.187056471115267,NA,0.0170618688715761
L9-304/147/104,NA,4.61758822254636,NA,0.226856851674723,NA,0.0615828187116818
L9-304/147/81,NA,NA,NA,NA,NA,0.0598711931482197
L9-304/147/83,NA,NA,NA,NA,NA,-0.0545938360975857
L9-304/147/87,NA,NA,NA,NA,NA,-0.0229001033488582
L9-304/147/90,NA,3.66459056095497,NA,-0.307629269369551,NA,-0.0296151274039114
L9-304/147/92,NA,2.03554475184196,NA,0.0889947815304962,NA,-0.0554534681231625
L9-304/147/96,NA,2.4330444368867,NA,-0.303072572710788,NA,0.0210133955658826
LML_2008_363,NA,NA,NA,0.321095496044379,0.471240885022282,NA
LML2008_363,NA,NA,NA,0.588415531707851,0.766123582609291,NA
Lumonu,NA,-0.398363013713681,NA,NA,NA,0.20163972982575
M-Bayilo,NA,1.07952141902397,NA,NA,NA,0.216525905771056
MBUNDUMALI,NA,0.0474163794923261,0.185581395334377,NA,NA,0.212863920187746
MISSING,NA,NA,-0.100431874592599,NA,NA,NA
MKOMBOZI,NA,NA,NA,0.166511490057901,0.0779554541793249,-0.190157017364827
MKONDEZIB4_5,NA,0.023560803602376,NA,NA,NA,-0.118254408840486
Mkumba,-0.101475646804103,4.17411290123057,NA,0.122794288971888,0.0749092626257705,NA
MKUMBA(OP)/039,NA,2.56761471863082,0.0533933613713825,-0.00178800408128047,NA,0.0682065695256654
MKUMBA(OP)/041,NA,3.10449022378875,NA,NA,NA,-0.0785855869145767
Mkuranga1,NA,NA,NA,0.170343239158742,0.0362466728740458,-0.29371467884244
MKURANGA1,NA,0.667135056740583,NA,-0.0584307451715702,-0.256744543918809,0.137591449277795
MLG2011180,NA,1.78046325050673,-0.00961115918199777,NA,NA,0.145023526369366
MLG2011189,NA,-0.399350721824319,-0.0162526214009227,NA,NA,0.081219088169459
MLG2018002,NA,1.19815245721511,NA,NA,NA,-0.157378495358008
MLG2018020,NA,1.54612732166933,NA,NA,NA,-0.247342753219876
MLG2018021,NA,-1.17553322531185,NA,NA,NA,-0.253510515579201
MLG2018023,NA,0.64884927832667,NA,NA,NA,-0.216929304344587
MLG2018026,NA,0.887460613952425,NA,NA,NA,-0.0616718380581477
MLG2018125,NA,1.14098515805478,NA,NA,NA,0.0297811900283855
MLG2018131,NA,1.54612732166932,NA,NA,NA,0.482792701247723
MLG2018133,NA,-0.55166400404037,NA,NA,NA,0.00277064452375829
MLG2018135,NA,0.464919707115161,NA,NA,NA,-0.0329598408681894
MLG2018136,NA,-1.10593825242101,NA,NA,NA,-0.0287062116548622
MLG2018142,NA,0.91977256565174,NA,NA,NA,0.400910338891176
MLG2018144,NA,-0.936921889686103,NA,NA,NA,-0.0180721386215447
MLG2018148,NA,1.47339292933329,NA,NA,NA,-0.26918297386102
MM06-0130-20-021-24,NA,NA,NA,0.382884177089404,NA,0.0385672718413204
MM06-0130-20-023-26,NA,NA,NA,-0.551928528675076,NA,0.000197197834952695
MM06-0130-20-027-30,NA,NA,NA,0.0845955871356556,NA,-0.0405668140112614
MM06/0074(OP)/108,NA,-1.71496164890213,-0.000445203059828367,NA,NA,-0.0171526625285602
MM060074,NA,NA,NA,NA,NA,-0.0180611446366528
MM060130,NA,NA,NA,NA,NA,0.0709413078857062
MM975280,NA,NA,0.204411705756664,1.19153541302657,0.290362509599264,0.0754991498527647
MM97JW2,NA,NA,0.127727039988793,-0.162085232035728,0.0105529366811328,-0.0371467039752585
MPALE,NA,-0.111280344474236,0.0554087358434472,NA,NA,0.219002349030011
Mugoli,NA,0.20536944949761,NA,NA,NA,-0.313441831094755
MVZ2007030,NA,-3.55534988389236,NA,NA,NA,-0.126459280749298
MVZ2011043,NA,-2.451586492978,NA,NA,NA,0.35728503896614
MVZ2011044(Ndungini),NA,0.704200182264283,NA,NA,NA,0.118859976377391
MVZ2011B360,NA,-3.88477301236436,NA,NA,NA,-0.0329289085720365
MVZ2016-318,NA,0.35734140436822,0.109203660390215,NA,NA,0.124847916649148
MVZ2016-321,NA,0.541270975579734,-0.123247517272159,NA,NA,-0.062311768737245
MVZ2016-325,NA,0.399595495051954,0.038361396721682,NA,NA,0.0525362200225875
MVZ2016-331,NA,0.8097087281587,-0.0546190743432679,NA,NA,-0.0623117687372448
MVZ2016-364,NA,3.16599566746296,0.0450028589406069,NA,NA,0.133355175075803
MVZ2016-395,NA,-1.18369013821473,-0.0767572817396845,NA,NA,0.050409405415924
MVZ2016043,NA,-2.88400923693845,NA,NA,NA,0.232058864804164
MVZ2016288,NA,1.67062514886989,NA,NA,NA,-0.268347998151278
MVZ2016290,NA,-0.551173590320992,NA,NA,NA,0.114936370082987
MVZ2016291,NA,1.79923740022678,NA,NA,NA,-0.0852089291214333
MVZ2016294,NA,-0.903614909526141,NA,NA,NA,-0.0141982664759784
MVZ2016311,NA,-2.46236212225296,NA,NA,NA,-0.0766589735529611
MVZ2016330,NA,2.15779567230324,NA,NA,NA,-0.0415777804885705
MVZ2016378,NA,-1.12354394263764,NA,NA,NA,-0.246733485112507
MVZ2016386,NA,0.559537134323668,NA,NA,NA,-0.0965579568247928
MVZ2016387,NA,-0.608059033824032,NA,NA,NA,-0.196570101305876
MVZ2016390,NA,2.09728037988536,NA,NA,NA,-0.0563780528012394
MVZ2016391,NA,-0.210282417150548,NA,NA,NA,-0.094724790051351
MVZ2016392,NA,-2.68504029549965,NA,NA,NA,0.189957921825438
MVZ2016411,NA,-0.463995701778019,NA,NA,NA,-0.376070836828062
MVZ2017-462,NA,-0.869759294540285,-0.201897723582671,NA,NA,NA
MVZ2017-472,NA,0.586764066675217,0.0150567089022116,NA,NA,NA
MVZ2017-478,NA,2.00848994144529,0.324991612452044,NA,NA,NA
MVZ2017-479,NA,0.676243317534872,-0.215180648020521,NA,NA,NA
MVZ2017-482,NA,-0.889643572509095,0.00620142594364489,NA,NA,NA
MVZ2017-489,NA,-0.67588758434436,-0.179759516186255,NA,NA,NA
MVZ2018-016,NA,-0.219160446088674,-0.210550652431593,NA,NA,-0.0647727554927933
MVZ2018-026,NA,-1.8770121217384,0.0285419874497062,NA,NA,-0.113689491446055
MVZ2018-065,NA,0.611008159109237,-0.0423002762188268,NA,NA,0.128767373713591
MVZ2018-083,NA,-2.38903227943533,-0.11314253988736,NA,NA,0.0266802725937399
MVZ2018-085,NA,0.563782998933305,0.0883151474200311,NA,NA,0.203205884946815
MVZ2018-087,NA,1.96562459573458,0.0728184022425396,NA,NA,0.0479484186603756
MVZ2018-104,NA,-0.226617050326983,0.424815899845564,NA,NA,0.226600845620114
MVZ2018-170,NA,1.88857301860543,-0.148563671721627,NA,NA,0.0564556770870297
MVZ2018-171,NA,-2.85879834644851,-0.15299131320091,NA,NA,-0.262566513912504
MVZ2018-184,NA,-2.72706500490513,-0.0932181532305851,NA,NA,0.0330607164137305
MVZ2018-185,NA,-1.03193030806388,-0.0998596154495101,NA,NA,0.0479484186603756
MVZ2018-192,NA,1.81400697622238,0.283131372508497,NA,NA,0.0670897501203475
MWERU,NA,1.12542450571398,0.0600194602361148,0.010051125113062,-0.244704090104601,0.0754706177531492
MWERU/18/043,NA,NA,NA,-0.315025765631202,-0.0292232923406655,0.0982792404197667
MWERU/18/064,NA,NA,NA,-0.116205346518706,0.148369347376836,0.0582869390426704
MWERU/18/085,NA,NA,NA,-0.378569257504426,-0.045215216503056,0.131056435878315
MWERU/18/106,NA,NA,NA,0.470847109283304,-0.0157279526412463,0.0560193343254124
MWERU/18/127,NA,NA,NA,NA,NA,-0.093376506721756
Nabana,NA,1.01805509428425,NA,NA,NA,-0.104073104746765
NALIENDELE/086,NA,-2.64952271343631,-0.0500347876278016,NA,NA,0.119085244602465
NALIENDELE/091,NA,0.130974683361337,0.16830622364438,0.0667707693628264,NA,0.131334528375772
NALUMINO,NA,-0.387197905180687,-0.102809776141915,-0.260515062122398,0.293788004396144,0.0241638804774565
NALUMINO(OP)-20-218-239,NA,NA,NA,0.341150182732944,NA,0.0832417607125775
NALUMINO(OP)-20-221-244,NA,NA,NA,-0.2941784125992,NA,-0.0386247162492445
NALUMINO(OP)-20-228-251,NA,NA,NA,0.230652257971533,NA,-0.0464886444969547
NALUMINO(OP)-20-229-252,NA,NA,NA,-0.667765223941259,NA,0.133647266890504
NALUMINO(OP)-20-243-268,NA,NA,NA,-0.122531876044283,NA,0.0771878865961735
NALUMINO(OP)-20-252-277,NA,NA,NA,0.184094012050792,NA,0.122276356257441
NALUMINO(OP)-20-253-278,NA,NA,NA,-0.761663138668588,NA,0.0448603045748876
Nambiyombiyo,NA,0.644080056273563,NA,NA,NA,0.0317589714782998
NAROCASS-1,NA,NA,NA,NA,1.01318760734037,NA
NAROCASS2,NA,1.96753648806511,NA,NA,NA,0.0847629179271188
NASE14,NA,NA,NA,0.0587124212427393,0.13510426048902,-0.107949809090163
NASE18,NA,NA,NA,0.165706077692869,0.308972496195103,NA
NR010004,NA,NA,0.208576907031838,0.941174392615292,0.826979543162975,0.100487689005396
NR010161,NA,NA,0.0271080313613241,-0.358059809676458,-0.598735165291798,-0.162061930319315
NR020007,NA,NA,0.0339035321898734,0.131913498795378,-0.0385541474256262,-0.0931834397583789
NR030155,NA,NA,0.0378918266729825,-0.0997839639695363,-0.187539649541713,-0.159212281828295
NR030174,NA,NA,0.193079107787986,-0.627984566128857,-0.20267227001185,0.0610213204580326
NR050028,NA,NA,-0.0752712236902312,-0.314137764971745,1.97647668713798,-0.0878797656724747
NR050041,NA,NA,-0.114053478998007,-0.969104387160385,-0.406306251562282,-0.0640072551919829
NR050046,NA,NA,-0.134635442408056,-0.360998110012757,-0.23591338413968,0.041712179438392
NR050052,NA,NA,0.250735434349207,1.11897442470244,1.539707954395,-0.220627029981356
NR050067,NA,NA,0.215358905622721,0.489258887616678,0.489460018469008,-0.0415346589603387
NR050080,NA,NA,0.0885896055023485,-0.162950832428752,0.641645780323472,-0.202067609331357
NR050100,NA,NA,0.079809597658435,-0.472292592734702,-0.169014877096547,-0.160650858073444
NR050107,NA,NA,-0.148603636705191,-0.587525999849272,0.0837495458820346,0.0128764638327544
NR050166,NA,NA,0.111204777221519,1.0741703428999,1.26605941069752,0.216307189574564
NR050200,NA,NA,-0.115745122501454,1.0924202013224,1.37845591485837,0.276409543595917
NR050266,NA,NA,-0.0646721175622561,-0.673753359890962,0.108556342990961,0.2555611982338
NR050362,NA,NA,-0.0466362295803977,-0.602143096010363,-1.35195357261203,0.0969331408338006
NR060080,NA,NA,-0.0846160037821248,0.344017187597749,-0.169049601642984,-0.00132519657015302
NR060117,NA,NA,-0.158900785692123,0.412524241570066,0.499921499501567,0.0768571282468377
NR060135,NA,NA,-0.00280229432747739,0.910773480194959,0.438668536209479,-0.0735179335808935
NR060153,NA,NA,-0.0784966483119465,-0.418700502417121,-0.209318610215726,-0.0270447935237927
NR060169,NA,NA,-0.235008518784809,-0.225870751460858,0.168677749276977,0.0660458010011312
NR060186,NA,NA,0.0229364856580331,-0.228361125922529,0.493271129122568,-0.0362322035836257
NR060189,NA,NA,-0.0616179171825201,0.909194370112858,0.843440174679979,0.307461036853206
NR060242,NA,NA,0.232759422261697,0.639445056884371,1.57562485183515,0.201332987980694
NR060246,NA,NA,0.051128842397191,1.92895740120678,0.669443605307948,0.0268794922059928
NR060251,NA,NA,0.0438913145761496,-0.485146423591061,0.176666409227707,-0.153207006950121
NR060287,NA,NA,0.0502764414918495,-0.169276175730544,-0.385917315174715,0.0213550704906438
NR060333,NA,NA,-0.0351313829254034,0.0387653752079678,-0.0679427065099111,-0.0280794409015102
NR060394,NA,NA,-0.051086505411592,-0.578020771599789,-0.316840317594804,-0.121304787850168
NR061771,NA,-0.450900272322758,-0.1198229051217,-0.000623611085824389,0.19863157541381,0.133498519078301
NR070632,NA,NA,-0.131708773126751,-0.717496962726331,0.667186751850508,-0.258697011440634
NR090001,NA,NA,-0.058233902141107,-0.482580574450657,-0.765480191138128,-0.184301446461308
NR090016,NA,NA,0.151021449834899,0.351414148817606,0.780307316101161,0.130297380118131
NR090022,NA,NA,0.0566623042517543,-0.444554208838177,0.22552511873003,0.162199024679268
NR090026,NA,NA,0.0743422186943568,1.88465367526814,1.6910955688396,0.314692206515861
NR090037,NA,NA,0.102074292087724,-0.134902031302725,0.747505606930975,-0.0776667952803028
NR090040,NA,NA,-0.203859587700504,-0.525972667790765,-0.307136798793802,-0.188512129420737
NR090054,NA,NA,-0.0757029655163339,0.00977242131992181,-0.0509261435180952,-0.195743299083393
NR090068,NA,NA,-0.104570567063746,-0.387367650485048,-0.263391591266486,0.00630408854964515
NR090072,NA,NA,-0.124924221611,-0.202560399938324,-0.188114182677133,-0.121304787850168
NR090074,NA,NA,-0.0904693423447337,0.509464108818531,-0.332224160368222,-0.12262632061328
NR090076,NA,NA,-0.132013854705956,0.566009619489843,0.240166257001736,0.0214723614460388
NR090077,NA,NA,-0.0201883044102916,1.43383630406866,1.41568143586779,0.0290049454893729
NR090078,NA,NA,-0.0483676746867521,0.220261609563003,0.719102035816278,-0.224821537766352
NR090080,NA,NA,-0.0557845312256962,0.394695808101295,0.817090310961401,0.14318547834781
NR090085,NA,NA,-0.115759950347078,0.613037371132455,0.651116464447686,0.1974883651352
NR090088,NA,NA,-0.0408489949844353,0.915098860221937,0.56829158785343,0.17839816867367
NR090115,NA,NA,-0.0654530424056545,0.0358429918183591,0.459994310268099,-0.00424384909947163
NR090116,NA,NA,-0.136763929158095,0.198931022828729,0.181972239083023,0.0939949037800768
NR090119,NA,NA,0.00690892646957842,0.0773706731836118,0.499168904433608,-0.172213674992073
NR090127,NA,NA,0.0989659784087915,0.152283231359413,0.0113002218559824,0.203034439666025
NR090128,NA,NA,0.229189286362648,-0.333107555624402,-0.552227608359563,-0.0277249451569714
NR090142,NA,NA,-0.0763016703027666,0.76461445410266,0.188840867053015,0.00630408854964515
NR090146,NA,NA,0.255135231875061,2.38263016391253,0.677457099424982,-0.0326166187522977
NR090150,NA,NA,0.139307526600498,0.182521800925534,0.100084327875219,0.0552165274493782
NR090154,NA,NA,-0.134993133009366,-0.131504945559512,0.515998246893396,0.0928559780651955
NR090162,NA,NA,0.133420857675058,0.880445018609086,1.00586803650845,0.143188865261698
NR090165,NA,NA,0.00765485235390221,-0.62828687203272,-0.726951383906397,0.142915344405777
NR090176,NA,NA,-0.073986668166165,-0.871299940102681,-0.573043784038755,-0.137574488768521
NR090182,NA,NA,-0.0748140160655261,0.362458523312042,0.812181358613137,-0.206608375321614
NR090187,NA,NA,0.0112989303915351,0.284650476764626,0.721421483233067,0.0235429330972439
NR090190,NA,NA,-0.115783299806952,0.732679296993187,0.153103717943559,0.186249593478694
NR090191,NA,1.65802106601028,-0.107364205923173,0.466170645861711,0.787729908818238,-0.0926129839139685
NR090200,NA,NA,0.0357765280169906,0.348917206136644,0.345030662860974,0.0664929419182242
NR090206,NA,NA,0.158540327650634,0.0695270133976958,0.90043001112305,0.197381638448642
NR090208,NA,NA,0.100562343471321,-0.182950140294669,0.0550153003217623,0.143364246404698
NR090290,NA,NA,0.0575407224431256,1.16894639123676,0.866648222213146,0.0589659264386784
NR090310,NA,NA,-0.0504874850238477,1.72216598263109,0.794796020799026,0.300520723566778
NR090317,NA,NA,0.128592832052276,1.9204293116863,1.40293672856026,-0.100337837220858
NR100011,NA,NA,-0.0383736156212997,-1.25151144518091,-0.164893641832793,-0.219578225191513
NR100012,NA,NA,0.067343005820529,0.464159926439424,0.127780709362755,0.0466507878392797
NR100013,NA,NA,0.0131716711884063,0.121371383028863,0.544540844139249,-0.215513730569825
NR100017,NA,NA,-0.12581936312242,0.681850195147658,-0.586835424856515,-0.118601159973464
NR100018,NA,NA,-0.068045369164037,0.854430250859223,0.841108452487321,-0.0451437549799857
NR100019,NA,NA,-0.118344172494434,-0.854688494019512,-0.393542049705082,-0.150111894663719
NR100022,NA,NA,-0.0401197064365604,-0.863253723802852,-0.641276529091214,-0.0763922965161381
NR100023,NA,NA,-0.00293906791911615,-0.150334040786104,-0.621819266421688,-0.328673957521656
NR100024,NA,NA,0.172893617826596,0.151964701892519,-0.190064912271881,0.221576086180158
NR100069,NA,NA,-0.106173769458463,-0.372484225170973,-0.223094294978887,-0.114037904684241
NR100070,NA,NA,0.193915310233246,-0.330181856424535,-0.0670837922760956,0.219821725248079
NR100072,NA,NA,NA,0.792493470109996,-0.742482048992269,-0.132588119050431
NR100077,NA,NA,0.368396464653616,1.10305560203597,0.544602348382277,0.218279041482108
NR100079,NA,NA,-0.0863186622458278,1.64065502166002,0.728029547295042,-0.228364705652832
NR100080,NA,NA,NA,-0.513188967502251,-0.312528212242903,-0.0434439181793336
NR100094,NA,NA,-0.186215174654794,-0.739934124673512,-0.437103338387237,-0.215820353129059
NR100105,NA,NA,-0.064096437017289,0.341853154812217,0.568655780557422,0.243483211694058
NR100106,NA,NA,0.0457743978767332,0.404806004429149,-0.175263303508813,0.0672698626320981
NR100109,NA,NA,NA,-0.13190237719217,0.103334310244297,-0.173108210355475
NR100113,NA,NA,NA,0.807769299359706,0.258908605674217,-0.132899714433953
NR100116,NA,NA,0.0230811265275598,-0.236702852325067,-0.0353605867900192,0.00299024348565697
NR100122,NA,NA,0.0358666458142629,-0.815437990355379,-0.495193123387734,0.000801265550279195
NR100126,NA,NA,0.150540948955153,-0.30587764146182,-0.282878779681845,0.224428723428594
NR100131,NA,NA,0.183404495740365,-0.47637631728627,-0.545116287471782,0.04794089996823
NR100145,NA,NA,0.161840128518579,-0.569725216657827,-0.49335328431408,0.0206848018961457
NR100155,NA,NA,-0.00779589191425176,1.67781652988923,0.399611452979755,0.226237092005249
NR100156,NA,NA,0.233362775946764,0.823659660347618,1.59581390212569,0.199798103811671
NR100158,NA,NA,0.0710907644599199,-0.604294712720775,-0.740046246439287,0.0292923038533165
NR100168,NA,NA,0.108457685319872,0.521484637918629,0.680459033495215,0.114462106080605
NR100173,NA,NA,0.24731347780634,1.23731709918531,0.757692653205179,-0.106791658301175
NR100185,NA,NA,0.0242685727967002,0.666007030640516,0.66493638291692,-0.139972928009025
NR100194,NA,NA,0.098094550503475,0.265888397541003,1.15841487687784,-0.0601481133503066
NR100196,NA,NA,0.163284854346981,2.09239612420267,0.470476081419005,0.0491329338035642
NR100199,NA,NA,-0.0648914299025366,-0.379570914909549,-1.09371002524251,-0.117308588430352
NR100201,NA,NA,-0.10061989501179,-0.885394043571753,-1.36426097459789,-0.0389579011801716
NR100216,NA,NA,0.197311531617968,1.44806681747564,1.25538144496786,0.114481178837274
NR100222,NA,NA,-0.00629796662877993,-0.228838610218762,0.122364368377183,0.143245059145738
NR100224,NA,NA,0.0709326308343661,0.027309805004361,-0.870984489653143,-0.132275443577078
NR100225,NA,NA,-0.0263630756063654,0.411375483761929,-0.30494247268763,0.0640527584918155
NR100226,NA,NA,-0.0775125495221117,-0.350988347869035,-0.0128758560388679,0.0450463093791484
NR100230,NA,NA,-0.0919594626718911,-0.444811753217487,-0.684220106992745,-0.187984122200623
NR100233,NA,NA,-0.0190810103037319,0.212722093939538,-0.00790100620616377,0.069631640913377
NR100238,NA,NA,-0.145976154412731,-0.568205581187974,-0.163770055714524,-0.225266755512672
NR100242,NA,NA,-0.246720385257889,0.459813862951954,0.329577163704861,-0.0515450047168807
NR100243,NA,NA,0.00485998893868036,-1.04248606464716,-0.356357143181281,0.0397394014278663
NR100245,NA,NA,NA,NA,NA,0.0363651357757652
NR100248,NA,NA,-0.0323429916395811,0.730697650358063,0.674843179011639,0.0852729686276728
NR100249,NA,NA,-0.0662544768724188,1.50389314675237,0.342832640632206,0.262150258375441
NR100252,NA,NA,0.10530988112667,0.181319538809992,-0.192171950487863,-0.041704399404951
NR100265,NA,NA,0.134375382425556,0.970829053518683,0.711047103716605,0.228824077818944
NR100268,NA,NA,0.100449873444587,-0.410310430257857,-0.660733437424209,-0.0655872503013533
NR100269,NA,NA,0.121554364441457,-0.130229524606116,0.699591788094259,0.0389679411145693
NR100273,NA,NA,0.0500194723958607,0.114880831784804,-0.333436126972781,-0.229545210200103
NR100287,NA,NA,0.0234407702241072,-0.884303068588247,0.111812256479708,-0.0158030194633698
NR100290,NA,NA,0.147494010049225,2.84806066341363,2.45205258440683,0.0908662868663444
NR100291,NA,NA,-0.168223042421039,-0.204490473500072,-1.057779520157,-0.290388733530813
NR100294,NA,NA,NA,1.43659357876688,0.162171757536897,0.0700123374747906
NR100297,NA,NA,0.135702817868469,1.45418350145794,0.753717857426462,-0.0983707404804063
NR100299,NA,NA,-0.0516833585765069,-0.285328417473159,0.0464577646673112,-0.150207269176267
NR100302,NA,NA,-0.0507902051835242,0.080895702184399,-0.0371059084852822,-0.340260133451473
NR100306,NA,NA,-0.0393431444641179,-0.15492593533175,-0.986929800257247,0.0517777779326246
NR100310,NA,NA,-0.33199147742691,-0.264715694089949,0.253720921029823,-0.0947151839807041
NR100312,NA,NA,-0.0622341501556013,0.294536202324008,0.401873836895627,0.0672956048321568
NR100313,NA,NA,-0.162648539850802,1.42452398300065,0.924175663979916,-0.176656499045781
NR100321,NA,NA,-0.0756625030403765,-0.181771032260016,-0.00966290005353017,-0.0426372156826422
NR100322,NA,NA,-0.0253414875598839,0.558391395855249,-0.306047112989164,-0.204427717543743
NR100323,NA,NA,-0.0332301894956974,-0.0844003906795087,-0.531840038256589,-0.0313670336590956
NR100324,NA,NA,-0.194610702063705,0.527446738299412,-0.740058713352109,-0.310535567672743
NR100325,NA,NA,0.0566417460277354,0.915745413889233,-0.408915315676774,0.0558442169583137
NR100327,NA,NA,-0.189870340991022,-0.0107248788555075,-0.438120931479157,-0.111330195933539
NR100329,NA,NA,0.0431292726619736,-0.0660337948914105,-0.748119391072902,-0.192234975832799
NR100334,NA,NA,-0.179801724506661,-0.0548978326311079,-0.490371978492013,-0.195644374542731
NR100354,NA,NA,-0.0926073613521381,-0.538247850481925,-0.531286213106381,-0.0464766957735819
NR100357,NA,NA,-0.00232123673133787,0.758397187553297,0.289281300812094,-0.0842121836841529
NR100372,NA,NA,0.187999402086545,1.37759888141244,0.76122542180889,0.202134657814937
NR100375,NA,NA,-0.220318484532692,0.160242507787246,1.64647442246802,-0.107848961461022
NR100401,NA,NA,-0.244546911609918,-0.407714381905949,-0.842122852681366,-0.0683236540334434
NR100408,NA,NA,-0.0643868675203677,0.904095542141028,-0.025064843372006,-0.403587409761006
NR100410,NA,NA,0.0784428617735629,-0.155402986779142,-0.312023325213248,-0.251363311012113
NR100411,NA,NA,0.00322795659994569,-0.214063789786477,-0.388775752439481,-0.202577583591712
NR100412,NA,NA,0.0293428921432403,-0.140877287075089,0.324396987425154,0.00358476750885003
NR100414,NA,NA,0.163672696690196,0.189111105040394,-0.352085438064243,0.0893941496237182
NR100417,NA,NA,0.195344140286571,-0.0437787227502503,-0.43868206156031,-0.0166740707693143
NR100418,NA,NA,0.146820965921581,1.13128870597066,-0.0323051219996389,0.0378921202897495
NR100420,NA,NA,0.0305870428801118,-0.381527939328216,-0.177443578729908,0.0163757549261568
NR100424,NA,NA,-0.0481907260070464,0.0734678684829709,-0.228615282780747,-0.0963792829133317
NR100429,NA,NA,-0.137672166068592,0.989869818664449,0.278372858429134,-0.0378862599851264
NR100431,NA,NA,-0.122705713796429,0.656106178567765,-0.371508762756443,-0.180418721544252
NR100432,NA,NA,-0.175173649638964,0.449435523478159,-0.639405165373622,-0.300401161404242
NR100433,NA,NA,0.0523049780508259,1.30876510293533,0.802979038974248,0.138684873197583
NR100435,NA,NA,-0.142099795780996,-0.0753091912728857,-0.312481145902462,-0.101466379780223
NR100441,NA,NA,0.101582993603088,0.972548084603144,0.310821570664516,-0.0294280401735043
NR100449,NA,NA,-0.182960671405635,-0.0279665585779992,-0.23971524355379,-0.0873653187271662
NR100450,NA,NA,-0.161200398031135,1.2095396598636,-0.297776184497623,-0.216029227428099
NR100451,NA,NA,-0.0720590180337433,0.0768972998637941,-0.396502985224274,0.0805219436868218
NR100455,NA,NA,-0.117901949982561,-0.481073192329883,-0.618276343503092,-0.180187297184425
NR100462,NA,NA,-0.068281602622263,0.594472466787541,0.405714694336466,0.124399890346135
NR100474,NA,NA,-0.153489690872935,-0.37228235314539,0.0955787016367348,-0.163421233499571
NR100486,NA,NA,-0.16936759980847,-0.125495148700557,0.778648251030344,-0.21041036293897
NR100499,NA,NA,-0.00356440541702032,0.0534744536423378,-0.478851142807146,-0.0416068443364034
NR100501,NA,NA,-0.206834890045803,-0.275192964482507,-0.74114312033565,-0.0306310951805248
NR110004,NA,NA,NA,0.526323168792409,0.0731088981106901,-0.144922083966393
NR110005,NA,NA,0.0392986640469601,-0.054625245454198,0.337914744724833,0.0355319017458541
NR110009,NA,NA,0.287107066385264,0.14241740445542,0.150304191895123,0.128784833457169
NR110012,NA,NA,0.284182562507805,-0.176855010930943,-0.16800223159616,0.131613506216334
NR110014,NA,NA,-0.079139739600834,0.70530670864764,0.0170991959385146,0.0116607294558945
NR110016,NA,NA,0.205277223442318,1.36695677536702,NA,0.268548686777487
NR110017,NA,NA,0.0781153158512805,-0.268736808403903,-0.295636727223219,0.129623791351228
NR110021,NA,NA,0.00774929702974554,-0.12964485107853,-0.22910821394448,-0.136763434039941
NR110025,NA,NA,-0.138510365493383,-0.307332343950284,-0.57894464398821,-0.0461100568062576
NR110030,NA,NA,-0.200373315681767,-0.841440606168911,-0.52189450507543,-0.088935641503987
NR110031,NA,NA,0.132940843683653,0.516350928724865,0.00943175648395239,0.161913405419165
NR110036,NA,NA,-0.0571750460377946,1.20407279704949,0.36019191874478,-0.175485443249372
NR110043,NA,NA,-0.0378404713953828,-1.12978837004932,-0.662962885289086,-0.141836386257441
NR110044,NA,NA,-0.286751502663117,-0.0510209989869951,-0.479997199036078,-0.0240504063639992
NR110048,NA,NA,-0.108431303026413,-0.664584637781501,-0.614606248826928,-0.0787025101072391
NR110052,NA,NA,-0.0333768525247344,0.439521412836029,0.786691237523246,0.214665680108977
NR110072,NA,NA,-0.172414968532426,0.189998030871525,-0.319587394074488,0.00332903515865535
NR110078,NA,NA,-0.104073061505905,0.622321612906409,0.109880352165909,-0.110882953128572
NR110079,NA,NA,-0.0656311158995986,1.54621161701664,0.440145932179353,0.0999172771549884
NR110080,NA,NA,-0.111339860720964,-0.00652870424850909,0.358280620996169,-0.105643860793005
NR110081,NA,NA,-0.13906104280934,-0.194062625598682,-0.629633157040744,-0.219906926437038
NR110083,NA,NA,-0.238965797137747,-0.252652528069364,-0.53304332830361,-0.174400792509237
NR110084,NA,NA,-0.208258338648,0.275049724145265,0.303772818546103,-0.128498908733662
NR110088,NA,NA,-0.174865834912977,-0.129523427642032,-0.129958716513428,-0.243740143775965
NR110092,NA,NA,-0.171587417606369,-0.571722480783169,-0.0416485738255315,0.120237739052378
NR110095,NA,NA,-0.209567874843277,1.31998945466787,1.11767775389587,0.0317822964529938
NR110104,NA,NA,-0.135917023570152,0.502893638492275,0.223063569785387,-0.1664706025035
NR110105,NA,NA,0.296571296539291,-0.11631446733245,0.531076516572501,0.151225027484547
NR110106,NA,NA,-0.11409018160024,-0.612657711556519,-0.744120374983318,-0.256163670517884
NR110108,NA,NA,-0.0214587438805906,-0.586485463421917,-0.522009486551892,-0.362091420150905
NR110109,NA,NA,0.00557533435820411,0.0523506098898907,-0.243878727085172,-0.0520051156710473
NR110110,NA,NA,-0.286867576143183,0.050940285084801,-0.497387134122223,-0.0728247496362428
NR110112,NA,NA,-0.0885974969928725,0.313276385025821,-0.143958633706537,-0.0699579219271252
NR110115,NA,NA,-0.0771341186271589,0.00385235692808179,-0.0270354649795164,-0.182162747356755
NR110118,NA,NA,-0.110944501019458,0.33988178378137,0.384501945267418,-0.0599907756835513
NR110122,NA,NA,0.0473218339892632,0.929718364007804,0.397478068053947,0.032410751193229
NR110126,NA,NA,0.0616689951149473,0.292553171009213,-0.38636970402,0.0813947645536448
NR110133,NA,NA,0.136334197983276,-0.478309049846033,-0.559026856064568,-0.121510637229858
NR110141,NA,NA,-0.0518856542489806,-0.618406767662746,-0.622205127510802,-0.0743764320439465
NR110143,NA,NA,-0.0349051922689618,0.248700913556258,-0.0351718049622021,-0.100645438234426
NR110145,NA,NA,-0.0941978306226652,-0.187584845580963,-0.852568142713884,-0.126054111572085
NR110153,NA,NA,0.0464416974692331,0.248058730821257,1.65840077272323,0.222099327595275
NR110158,NA,NA,0.0684624918400611,-0.0240455923771604,-0.483738779303731,0.0606236729191669
NR110159,NA,NA,0.0402026033806692,-0.368855434514897,-0.0262201542356269,-0.0574529737445433
NR110160,NA,NA,-0.002734533043388,0.413643031163199,0.122761420763996,0.0937279773132627
NR110165,NA,NA,-0.0783831151877123,0.428290056274254,0.150025400885561,0.0521401132733862
NR110166,NA,NA,-0.0424830063982889,0.532125573342645,0.101711450851534,-0.0997454185738733
NR110167,NA,NA,-0.146978943298875,-0.0934998515418917,-0.381804222913886,-0.13307505239921
NR110168,NA,NA,-0.167069223896368,0.3102976342994,0.449503088797784,-0.0782652221296598
NR110171,NA,NA,0.156296136900259,-0.556013740519629,-0.426779879709532,-0.0315361195298969
NR110176,NA,NA,-0.0725023788033363,0.945607141113027,0.423321197344608,0.020171941099081
NR110178,NA,NA,-0.0487987982430367,-0.0784986951894989,0.303154137197528,-0.268310689762768
NR110179,NA,NA,-0.122161119762469,-0.535767904254254,-0.138922110861868,-0.019574041976728
NR110181,NA,NA,-0.212782962746143,-0.353771761503124,-0.483526053195055,-0.218187399591718
NR110183,NA,NA,-0.105823566225227,-0.273720878149855,-0.324679492390961,0.108221152923653
NR110189,NA,NA,NA,-0.226423511873321,-0.157602411934497,-0.229994668232936
NR110194,NA,NA,0.308883170012754,0.209027839776264,0.456601893384165,0.192933174961899
NR110196,NA,NA,NA,0.36088921059812,-0.115533135137689,0.00395493850005626
NR110212,NA,NA,-0.164067232720861,0.327568060031927,0.290681680060776,0.00319525157814006
NR110213,NA,NA,-0.207367011733313,-0.140541414748228,0.202547951706327,-0.192317543063958
NR110214,NA,NA,-0.148966656529101,-0.0350910244938942,-0.535931856615506,-0.00488876246313106
NR110223,NA,NA,0.054107940549577,-0.0223314410788691,0.203070318754838,0.10780937070091
NR110228,NA,NA,NA,-0.429443032117612,-0.908521417748136,0.0429989432714279
NR110232,NA,NA,0.0188370407446663,0.185658775752559,0.771371736893783,0.0748618922128342
NR110237,NA,NA,0.0011603634258234,-0.989869527289502,-0.47182457233818,0.00575914477634096
NR110238,NA,NA,0.034950004754658,-0.643428632506266,-0.189114646363279,-0.058107579146273
NR110246,NA,NA,NA,0.628824159209032,-0.136260138932961,0.0464912306333272
NR110255,NA,NA,0.395054494169181,1.00026510161789,0.23586177073798,-0.0452744991431058
NR110260,NA,NA,0.178313483474257,-0.63309023517732,0.357291405588583,0.151896656672031
NR110265,NA,NA,0.0959696915451024,-0.695624458245426,-0.822297180607469,-0.303837077610158
NR110267,NA,NA,-0.0161481708229792,-0.0894560053179013,0.0742672158326303,0.118145762805809
NR110270,NA,NA,-0.0286007812036127,0.462403308873703,1.44157157027134,0.168639630245225
NR110276,NA,NA,0.268920748585957,0.50883954991453,-0.0807875611100524,0.404390098433679
NR110282,NA,NA,0.0676068702874291,-0.428844305097775,-0.960486672901929,-0.217516766357642
NR110283,NA,NA,NA,-0.16367625971801,0.241955151073363,0.253703418057658
NR110289,NA,NA,-0.0302101347409826,-0.687882387388699,-0.522253851516247,-0.288467785050115
NR110290,NA,NA,-0.0790175539472582,-0.701624660592039,-0.472495039155047,-0.137651902103154
NR110294,NA,NA,-0.0796074491155544,-0.224167608875025,-0.525934786643303,-0.164106216386858
NR110295,NA,NA,-0.0914338958377202,0.219108532336283,-0.220918413002365,-0.190522593341704
NR110298,NA,NA,0.0824106776583719,-0.460415200272495,-0.366038523420779,-0.119147158357517
NR110301,NA,NA,-0.042487004638744,0.601010496535269,-0.148674325762052,-0.173783345758951
NR110309,NA,NA,-0.0383617121390157,-0.615944187133064,-0.729945243135362,-0.0559437051131585
NR110312,NA,NA,0.22716944586925,0.157904938877047,-0.21593652503879,-0.0271410430496605
NR110315,NA,NA,-0.0829263587772088,0.226050138396388,0.42194771987794,-0.107537937570627
NR110317,NA,NA,-0.0474918030547059,0.240019124851411,0.560740066551559,0.156462359427174
NR110320,NA,NA,0.0744518847116992,-0.259364056520368,-0.61897634955407,0.0648388855167233
NR110325,NA,NA,0.0661956606664442,1.36676641541809,0.101437921325358,0.0127481853857425
NR110327,NA,NA,-0.0972236717176155,-0.0616509810558102,-0.234104597817823,-0.120992658354065
NR110328,NA,NA,0.0161240970208461,-0.675508966491134,-0.96063563546655,-0.0513505574967492
NR110330,NA,NA,-0.048528688011607,0.199403180128936,-0.527976197043846,0.0820802564251518
NR110331,NA,NA,0.0727168878883082,0.283317919412692,-0.199014118007777,-0.123228455799763
NR110337,NA,NA,-0.106396921528309,-0.869219823907568,-1.15220627620755,-0.214069369990504
NR110341,NA,NA,0.133792684170224,0.0150996656074427,0.270830491058213,0.196892324002428
NR110342,NA,NA,-0.135504066178523,0.145223121486488,0.310569621489755,0.0582475663606752
NR110343,NA,NA,-0.0284475781908357,-0.0999073295053231,-0.702914746790958,-0.257815004741131
NR110345,NA,NA,-0.0474012473168033,1.05899678365486,0.716397046285536,-0.113085975830016
NR110348,NA,NA,0.0224618762910445,0.0553819678919448,0.222356313651769,0.0405957908496868
NR110350,NA,NA,-0.125088700656752,0.729417857188719,1.22079731755055,0.26179800699537
NR110361,NA,NA,-0.131138829367876,-1.02725366666506,-1.17380758444763,-0.161916488471566
NR110365,NA,NA,0.0746413774882888,-0.130805674685179,-0.282918864744273,-0.23639191116297
NR110367,NA,NA,-0.101626323096233,-0.91060126914373,-0.516327843789704,-0.0608467061717227
NR110370,NA,NA,0.115180517765582,-0.918531865477902,-0.535138422158255,-0.0143020490393809
NR110372,NA,NA,0.343675688254338,0.360839626386208,-0.587234008375902,0.0209258364684659
NR110376,NA,NA,-0.00331625087215011,0.240218597857759,0.390642605515594,-0.148566187517389
NR110377,NA,NA,-0.225463513156211,-0.0133993926237895,-0.0530850293859888,-0.14967811115159
NR110378,NA,NA,NA,-0.43940775539422,-0.578791767205006,-0.0173132075665795
NR110383,NA,NA,-0.142806052956196,1.27133685153613,0.24035720173934,-0.206255210353081
NR110384,NA,NA,-0.131515758777751,0.416238281439669,-0.360443557210793,-0.0429374035588445
NR110385,NA,NA,0.00722598413016728,-0.190528508202005,-0.657454026412922,-0.0805913299101243
NR110386,NA,NA,-0.101568591703479,-0.647462669512722,-0.685320212109058,-0.391374767178562
NR110433,NA,NA,-0.00529712959204184,0.202272294959667,0.00441717390913549,-0.155258725216887
NR110435,NA,NA,NA,-2.00882875993634,-1.59302671081864,0.00675598334729869
NR110439,NA,NA,-0.0431239738229405,0.202925679367093,-0.0915637024499268,0.0260587726152414
NR110450,NA,NA,-0.0996200129048354,-0.383597641250816,-0.361117993140193,-0.273739436275445
NR110472,NA,NA,-0.138092954066609,-0.299520111882856,0.00349393132421319,-0.122543465538004
NR110476,NA,NA,0.0852603411835513,-0.256540114629926,-0.398635080754275,0.0579552784981128
NR110478,NA,NA,-0.256616740348933,-0.0453669719733741,-0.423518037697565,-0.0758842462389057
NR110485,NA,NA,0.0210444489842608,-0.143573491398108,0.447093004834897,0.0518525701301814
NR110487,NA,NA,-0.0690898488201935,-0.1305564322239,-0.618252128921336,-0.298153119011243
NR110489,NA,NA,0.120816248979481,2.35840921179062,1.0793819523957,0.188576902031386
NR110490,NA,NA,-0.140699152109765,1.47798136138616,1.79229283988431,-0.160701053276911
NR110493,NA,NA,-0.0111656423833309,1.25759958899941,1.06407657540168,0.162583578524999
NR110495,NA,NA,0.221895520254493,1.23179599794015,2.26995427170011,0.307072730194357
NR110512,NA,NA,-0.0758375018170416,-0.691867188927141,0.476894906055266,-0.0791498555016063
NR110598,NA,NA,NA,-1.33635665912129,-0.950413310235869,-0.219030980501192
NR120031,NA,NA,NA,NA,NA,-0.175751043921559
NR120032,NA,NA,NA,NA,NA,0.123703989426597
NR120033,NA,NA,NA,NA,NA,-0.197019189988195
NR120042,NA,NA,NA,NA,NA,-0.0433807673164908
NR120043,NA,NA,NA,NA,NA,0.107479682753824
NR120045,NA,NA,NA,NA,NA,0.185807439211246
NR120054,NA,NA,NA,NA,NA,-0.452236942787822
NR120056,NA,NA,NA,NA,NA,-0.355699927002351
NR120059,NA,NA,NA,NA,NA,0.334684461677695
NR120061,NA,NA,NA,NA,NA,0.122003001011339
NR120063,NA,NA,NA,NA,NA,0.0916862037003234
NR120065,NA,NA,NA,NA,NA,0.197726870497764
NR120067,NA,NA,NA,NA,NA,0.055152346243962
NR120071,NA,NA,NA,NA,NA,-0.286501315146757
NR120073,NA,NA,NA,NA,NA,0.277220989457461
NR120081,NA,NA,NA,NA,NA,0.0921637867795451
NR120083,NA,NA,NA,NA,NA,0.129175227315128
NR120091,NA,NA,NA,NA,NA,0.16453929314461
NR120168,NA,NA,NA,NA,NA,-0.220632955985536
NR120170,NA,NA,NA,NA,NA,-0.382713321205713
NR130124,0.329747298666809,-3.1259789409686,-0.0686188716580301,0.479468877401223,-0.0436602521386927,-0.25531217211091
NR15C1aF100P001,NA,-1.75084602357215,0.0381993090181798,0.283836135507712,-0.249053507801349,-0.362773352607578
NR15C1aF109P001,NA,-0.13078174807407,0.258853696615981,0.094527865453952,0.135904764004377,0.378771302544605
NR15C1aF116P001,NA,0.521487129150294,0.100739232052864,0.262050123328145,-0.0161593858718403,0.0769271803797187
NR15C1aF117P010,NA,1.2741492415778,-0.335088200803967,0.327124010803514,0.0745137231117299,-0.0130481477361224
NR15C1aF119P001,NA,3.5255659992774,0.337380581786672,-0.305353548501718,-0.0263020670989139,0.0639744926157859
NR15C1aF11R16P06,NA,-0.594550953407399,-0.159309736348472,0.26408179595674,0.564186085867671,0.0454034063084311
NR15C1aF132P001,NA,-1.35946730707716,0.171008105718273,0.0254731336654797,-0.0916086155598599,0.232744525446184
NR15C1aF13R22P06,NA,3.25812183465043,-0.141129845706608,0.117661852860528,-0.118365758922582,-0.00505449742798176
NR15C1aF14R28P08,NA,-3.32512877531455,-0.105995023379222,0.524006978612667,0.263045544011859,-0.119872819416919
NR15C1aF15R26P01,NA,2.45696891366614,0.193309627597914,0.0942833207569835,-0.0661274678739319,0.127126610263174
NR15C1aF16R10P01,NA,-0.343551812378684,0.270311990562474,-0.294307168289502,0.214834939453203,0.13640569414477
NR15C1aF16R4P03,NA,2.67090329752516,-0.0953957009708529,0.144984529627125,0.198701684219735,0.0203401179046011
NR15C1aF17R25P01,NA,0.861096994306712,-0.122156137504837,0.169217911019757,0.0779666293111295,-0.181357337888466
NR15C1aF18R4P05,NA,-2.20186241156088,-0.0489397633455172,-0.266508723543951,0.650734798396557,-0.0718265083268738
NR15C1aF18R4P07,NA,2.36180728776555,0.0546626149069395,0.34336744279062,0.606953858604349,0.0717109111511522
NR15C1aF1R10P08,NA,1.10129772295267,0.0666353528759125,0.611984306625357,0.432235806707826,0.0100948494269131
NR15C1aF21R24P02,NA,1.76241071492453,-0.073575499053174,0.242405546535923,0.364823037507584,0.0684044109321647
NR15C1aF23P003,NA,-1.58971373278505,0.127329691676088,0.687278237346688,0.221381732292015,-0.308499504221767
NR15C1aF23R25P02,NA,0.0292211145817427,0.000652263624684524,0.0378081254734909,0.290784404187581,0.194974098361535
NR15C1aF24P001,NA,1.00592534995103,0.191203224887193,-0.166498116270597,-0.173834937359129,0.28450986287377
NR15C1aF24R26P01,NA,-0.432316917389213,0.0662145902960609,-0.127336046197277,0.775022617989356,0.342563692778404
NR15C1aF25P001,NA,-1.82597386664824,-0.144983581907104,0.0900153558804596,-0.316616619428303,-0.173419797617611
NR15C1aF26R25P04,NA,-2.59746654151597,-0.000999631909262035,0.255669578722019,-0.059586762083691,-0.0709051277767275
NR15C1aF28R13P01,NA,-1.47604561024493,-0.0970926300312128,0.264892881854041,-0.234732633374144,-0.0994605834474475
NR15C1aF2R12P08,NA,-0.261504831906694,0.0295198651720968,-1.16850046361006,-0.772438078303867,0.0633269784840453
NR15C1aF2R14P07,NA,2.60962956845886,0.0607820143133034,0.130958340563458,0.100825608903011,0.093071622932989
NR15C1aF3P017,NA,-3.7882109373167,0.215508225538773,-0.0791961507094431,0.0974551409394836,0.529546158814379
NR15C1aF3R25P02,NA,0.406318190977247,0.0910609553583211,-0.0473770265305044,0.191446912315218,0.104857935910344
NR15C1aF3R25P04,NA,1.5437323288956,-0.0998583984357281,-0.338699069211916,0.682289572589059,0.064975490183356
NR15C1aF44P002,NA,-0.380563188212373,0.348631752098351,0.404294040830625,0.808321120591768,0.0332781310108678
NR15C1aF4P007,NA,-2.65785692413847,-0.279344308003354,0.328359675813331,0.351489915921119,-0.117837418689351
NR15C1aF4R05P02,NA,3.60949263491832,0.168431946002278,-0.233476233515082,-0.244955244931952,0.0444094873889662
NR15C1aF4R22P01,NA,-2.70420797989423,-0.020733167873542,0.373877230325006,0.251459612879298,0.248565402177681
NR15C1aF4R22P09,NA,1.37895342353693,0.0433337803429305,-0.730403504078032,0.340720754928401,0.111256795112521
NR15C1aF5R19P05,NA,2.69103505500857,0.105348884177527,-0.322972803483007,-0.229311520495985,-0.0891972027135037
NR15C1aF68P007,NA,1.21358123314956,-0.147644190344654,-0.282739748362119,0.471446848719061,-0.0350606162366855
NR15C1aF6R21P04,NA,1.26737696917277,0.00344590248411137,0.415217033424266,1.39627409415301,0.0909045289216066
NR15C1aF6R28P01,NA,0.61154125226984,-0.274692435983088,0.240669908656575,0.303942951043693,0.0485793718722906
NR15C1aF7R7P06,NA,2.99579806700317,-0.313149082988175,-0.417900981395135,-0.104464007034123,-0.102206959688948
NR15C1aF8R14P06,NA,1.97467672011146,-0.136223296401922,0.38583456964281,0.0640406689341434,0.0166849016414271
NR15C1aF93P001,NA,-0.194592905610179,0.207219078541842,-0.082343208156095,0.704261593721605,0.0450498268460564
NR15C1aF99P006,NA,-3.75845526083326,-0.281073703487762,0.479984543251758,1.62948663840123,0.216436836358568
NR15C1aF9P002,NA,0.502208496852889,0.336586545289357,0.0460955542559257,0.265963411369894,-0.00638795407786549
NR15F100P001,NA,1.57671626935178,NA,-0.672336858429864,-0.975806709767491,-0.144425397409389
NR15F100P002,NA,-2.47737077193885,NA,-3.18892823577167,NA,0.0270399962904399
NR15F100P006,NA,-1.6260632780386,NA,-9.88441241000146,NA,0.401249788704593
NR15F105P003,NA,-4.70273790903228,NA,-6.48110699173434,NA,-0.106013366282957
NR15F109P001,NA,0.50508050420718,NA,8.63651672042478,NA,0.334030522180641
NR15F10R12P05,NA,-0.19495512645212,NA,NA,NA,-0.111536587363815
NR15F10R5P01,NA,2.40803172899709,NA,1.97485597893472,NA,-0.0895149381639229
NR15F116P001,NA,-0.980844777081644,NA,-0.826284800443371,-0.838881947951802,-0.00295773546263893
NR15F116P003,NA,1.90581535642988,NA,-1.21232936040258,-0.921488891267792,0.036388334760637
NR15F116P004,NA,0.236476927607502,NA,-0.618328681384424,-0.883691148687989,-0.0684718283058998
NR15F117P006,NA,2.15249979374222,NA,-8.35701627320988,NA,0.0417097637865544
NR15F117P007,NA,-2.88176912060794,NA,0.584548997256947,NA,-0.141981316796313
NR15F117P008,NA,-1.2149115220072,NA,9.69518547776472,NA,0.145495793455835
NR15F117P009,NA,-2.97066546156663,NA,-5.5462755507316,NA,-0.283808570503563
NR15F117P010,NA,3.19803422238175,NA,1.89875145266851,NA,-0.0322357157131226
NR15F118P007,NA,-1.55870238884706,NA,5.04672398702672,NA,0.0619698094390765
NR15F118P008,NA,-0.330448207129497,NA,0.319067428824128,0.350729379227649,-0.0967997556766262
NR15F118P009,NA,0.0034161632279882,NA,2.89687419811733,NA,-0.0614539552839519
NR15F118P017,NA,2.02977095229813,NA,2.5344715987241,NA,-0.010967569646487
NR15F119P001,NA,-0.0924162255810513,NA,1.73524780698009,NA,-0.0551760002872307
NR15F119P008,NA,-1.15881987124559,NA,-9.86163451338325,NA,0.126175894463931
NR15F119P009,NA,-1.82805682764845,NA,2.31391668917837,NA,0.100773601990881
NR15F119P018,NA,3.27821630374831,NA,-0.589199315668388,-0.587461231665202,0.0855406551960733
NR15F11R16P06,NA,0.716098044460337,NA,-2.08076723783598,NA,0.0595590333859235
NR15F120P007,NA,-2.16435058738387,NA,9.14076700966551,NA,0.15589062808763
NR15F120P008,NA,-0.326193181979,NA,NA,NA,-0.169754626974642
NR15F123P005,NA,-0.447326334167918,NA,-3.89053746070829,NA,-0.0893051980997556
NR15F124P001,NA,-1.50908738640602,NA,0.340637002570499,NA,0.32129839379136
NR15F125P001,NA,-1.31294651479007,NA,NA,NA,-0.27755957596377
NR15F12R10P01,NA,-0.859705371399554,NA,NA,NA,-0.269752051254708
NR15F12R27P05,NA,0.928960444519734,NA,-0.210617211958828,-0.583566599528366,-0.0390658719067321
NR15F12R27P07,NA,0.707508863860778,NA,1.64550070191629,NA,-0.130914077101656
NR15F12R27P09,NA,-0.228836438069679,NA,NA,NA,0.118649375749136
NR15F12R3P06,NA,-3.65530368412073,NA,-5.41793359749987,NA,-0.198447562610063
NR15F130P001,NA,-2.92511395814638,NA,-4.76549551190586,NA,0.143734600696117
NR15F132P001,NA,1.16449594043218,NA,NA,NA,-0.282962254804442
NR15F134P001,NA,-3.60649332500323,NA,4.17609786500299,NA,0.0816037940283822
NR15F135P001,NA,-0.197052350867283,NA,-0.583178235724471,-0.925222692134807,-0.121825537875175
NR15F139P001,NA,-0.816700230965364,NA,-8.36562391867352,NA,-0.063638033021739
NR15F13R22P06,NA,3.38566900181391,NA,10.1155396307909,NA,-0.0675922952889454
NR15F13R2P05,NA,1.6644592840371,NA,-4.27421751395592,NA,0.215538185963182
NR15F146P003,NA,2.31126780155352,NA,12.5592478712294,NA,0.114645928135634
NR15F147P001,NA,0.963538485636468,NA,0.616933327524685,NA,-0.13219600222631
NR15F14R28P08,NA,2.16156623325741,NA,-5.77297225449078,NA,0.0262516859701254
NR15F15R24P02,NA,2.6411354163924,NA,-9.87720126293219,NA,0.000806350480984043
NR15F15R26P01,NA,2.02799011075117,NA,0.475085637677187,NA,-0.107929958178904
NR15F16R10P01,NA,NA,0.0845277099825115,NA,NA,NA
NR15F16R10P02,NA,NA,-0.157150212625298,NA,NA,NA
NR15F16R18P07,NA,NA,0.121490215793118,NA,NA,NA
NR15F16R18P09,NA,0.855057589725353,NA,NA,NA,-0.129042042385501
NR15F16R4P03,NA,2.34849788415454,NA,6.43268861127221,NA,-0.112314486753899
NR15F17R17PK2,NA,NA,0.263653699680065,NA,NA,NA
NR15F17R20P05,NA,0.255816160080011,NA,-8.2436679213303,NA,-0.176522926655268
NR15F17R20P07,NA,NA,-0.196955988113643,NA,NA,NA
NR15F17R25P01,NA,2.11199371834849,NA,8.00079657436919,NA,-0.0535420951623923
NR15F18R27P02,NA,NA,0.22100465451398,NA,NA,NA
NR15F18R27P05,NA,NA,-0.171366561013992,NA,NA,NA
NR15F18R27P09,NA,NA,0.0731546312715559,NA,NA,NA
NR15F18R27P10,NA,0.258229796741227,NA,-4.54234614410198,NA,-0.120206638188891
NR15F18R4P01,NA,0.718088775972156,NA,-3.34961307168901,NA,-0.149144526783862
NR15F18R4P04,NA,NA,-0.168523291336254,NA,NA,NA
NR15F18R4P05,NA,3.41951143751488,NA,-7.75208037347784,NA,-0.044792746698969
NR15F18R4P07,NA,3.91594568838092,NA,-3.77941079840383,NA,-0.140368765072833
NR15F18R5P03,NA,1.77670590348731,NA,-2.48301518810324,NA,-0.182784876687044
NR15F18R5P06,NA,NA,-0.0405761558380014,NA,NA,NA
NR15F199P001,NA,-1.0129373619957,NA,-3.88623363797647,NA,-0.139279977375977
NR15F19R10P01,NA,0.727302301431133,NA,-0.71325628312483,-0.38959054677479,0.0371649665749845
NR15F19R4P08,NA,-0.589346525951137,NA,-0.243320047754711,NA,-0.0352784096930299
NR15F19R5P01,NA,NA,0.0328711359268345,NA,NA,NA
NR15F1P002,NA,-1.72258174845654,NA,5.87237134246326,NA,-0.0889988494296488
NR15F1P014,NA,0.905509399057586,NA,10.2105082017331,NA,0.259167587123626
NR15F1P018,NA,-0.688488635057948,NA,-0.996367364398747,-0.43375922544169,-0.102547348284635
NR15F1P019,NA,-1.37613735330492,NA,-6.59445534361392,NA,-0.247120233693119
NR15F1P024,NA,2.5195629160257,NA,NA,NA,-0.00533877190712395
NR15F1P032,NA,-3.61249239434128,NA,-0.972432111486308,0.343408044836764,0.400203932584611
NR15F1P033,NA,-1.60509489832436,NA,-5.89768257242771,NA,-0.0702230124339429
NR15F1R10P08,NA,NA,-0.0235165377715679,NA,NA,NA
NR15F20R7P01,NA,-4.61309021268771,NA,-7.53671438044844,NA,-0.0807458810139321
NR15F21R20P07,NA,1.22277692567378,NA,6.56967674466806,NA,0.0758292825867771
NR15F21R24P02,NA,4.71669595224979,NA,1.61967776552538,NA,-0.1123144867539
NR15F21R24P06,NA,4.81946778692163,NA,NA,NA,-0.0884658165402293
NR15F22R18P05,NA,NA,0.176614070053571,NA,NA,NA
NR15F23P003,NA,-1.45255967264986,NA,-0.740020689657008,-1.06098032516334,-0.179535521764219
NR15F23R25P01,NA,NA,0.337578711301277,NA,NA,NA
NR15F23R25P02,NA,NA,0.07657260998943,NA,NA,NA
NR15F23R25P04,NA,NA,0.0305055861054719,NA,NA,NA
NR15F23R27PK10,NA,NA,0.135706564181812,NA,NA,NA
NR15F23R3P03,NA,NA,0.138549833859551,NA,NA,NA
NR15F23R3P07,NA,NA,-0.15146367326982,NA,NA,NA
NR15F23R9P03,NA,-0.520187577773043,NA,-6.05509701182416,NA,0.0569283162409262
NR15F24P001,NA,-1.73717070692432,NA,0.345515911052867,0.322384887470849,0.2675812363692
NR15F24P002,NA,-3.02700908344531,NA,0.206414996192823,-0.459024437846001,0.0203635953406663
NR15F24P007,NA,0.711466844132193,NA,-0.229227339057764,0.241514626929418,-0.0522276552410776
NR15F24R26P01,NA,2.94099574257742,NA,-0.746759553614522,0.177596451096888,0.387050346859624
NR15F25P001,NA,-0.913735338936905,NA,-0.798569853579679,-0.864134189554863,-0.147581128715761
NR15F25R1P07,NA,4.76680420304745,NA,-5.19331902689739,NA,-0.327408269940166
NR15F26R25P04,NA,-0.628886300736222,NA,-3.88623363797647,NA,0.163982326272098
NR15F26R25P07,NA,0.886486908507321,NA,-4.54753506061829,NA,0.427156239326206
NR15F27R14P01,NA,-2.95374888254931,NA,-0.459008355825264,-0.47741571566039,-0.054793136322401
NR15F27R9P01,NA,NA,-0.111657897781475,NA,NA,NA
NR15F28R10PK4,NA,NA,0.0361921254609498,NA,NA,NA
NR15F28R10PK5,NA,NA,-0.245291572635205,NA,NA,NA
NR15F28R13P01,NA,-1.72433522639162,NA,-0.201892872242116,-0.268584017754872,-0.0741905724806456
NR15F28R13P07,NA,-0.368287499018467,NA,-8.44315761490824,NA,-0.172322111483229
NR15F28R13P10,NA,NA,0.203945036447547,NA,NA,NA
NR15F28R13PK13,NA,NA,0.0788411706270338,NA,NA,NA
NR15F28R15P05,NA,-0.196808684917318,NA,NA,NA,-0.139185177250441
NR15F28R28PK8,NA,NA,-0.00361365002739532,NA,NA,NA
NR15F28R28PK9,NA,NA,-0.0974415493927802,NA,NA,NA
NR15F28R2P03,NA,-3.5153951268385,NA,-9.71978682353575,NA,0.0262366162159578
NR15F28R2P07,NA,2.22121906716385,NA,-4.12199199107579,NA,0.282532846073084
NR15F28R2P09,NA,NA,-0.0974415493927802,NA,NA,NA
NR15F28R3PK7,NA,NA,-0.05381188409466,NA,NA,NA
NR15F28R3PK9,NA,NA,0.201101766769808,NA,NA,NA
NR15F28R4PK11,NA,NA,-0.0661655829376518,NA,NA,NA
NR15F29R12P05,NA,1.85480977909602,NA,-7.43731798997773,NA,0.163270037701687
NR15F29R23P02,NA,-3.72807235436758,NA,4.6958495963492,NA,0.150025222613318
NR15F29R9P03,NA,-0.0742223657330772,NA,11.5469888205567,NA,0.126203867725855
NR15F2R12P01,NA,NA,0.178355609347896,NA,NA,NA
NR15F2R12P05,NA,-2.20231435187102,NA,13.6565429604621,NA,0.0578052219559254
NR15F2R12P08,NA,3.72807482184733,NA,-1.29541602715841,NA,0.292815953575683
NR15F2R14P04,NA,NA,-0.15146367326982,NA,NA,NA
NR15F2R14P05,NA,-0.436414804998485,NA,NA,NA,-0.334287703790832
NR15F2R14P07,NA,NA,0.0902142493379896,NA,NA,NA
NR15F2R14P08,NA,-0.316511908605822,NA,1.60986715645719,NA,0.278279216859757
NR15F2R14P10,NA,-1.52841617709686,NA,-0.121364050411487,NA,0.0194729873606477
NR15F2R18PK8,NA,NA,0.178355609347896,NA,NA,NA
NR15F2R20P06,NA,-3.14870160510829,NA,NA,NA,-0.250546181760407
NR15F2R29PK9,NA,NA,-0.296876350181841,NA,NA,NA
NR15F2R6PK4,NA,NA,-0.0462626951934793,NA,NA,NA
NR15F37P001,NA,1.59028355907655,NA,-4.36114615915391,NA,0.212097198968356
NR15F37P004,NA,-1.69698103575693,NA,19.0494148989407,NA,-0.0809878593424371
NR15F3P015,NA,NA,NA,NA,NA,0.170078145241562
NR15F3P017,NA,-4.84475520015922,NA,-0.794926630009568,0.116091654162532,0.128363160934891
NR15F3P028,NA,-0.7376206813952,NA,6.68955060885459,NA,-0.0155231603254808
NR15F3R05P03,NA,-1.28009024866912,NA,NA,NA,0.130038041363582
NR15F3R11P04,NA,0.544895134443624,NA,-9.23888665861844,NA,0.241955422105736
NR15F3R23P01,NA,0.0346913170372504,NA,-6.94741186744814,NA,-0.262334239872729
NR15F3R23P07,NA,-0.611892987516277,NA,-0.85310003447083,NA,0.0926376148758866
NR15F3R25P02,NA,0.54596864829141,NA,-7.87576685551824,NA,-0.0726451932397301
NR15F3R25P04,NA,1.76322281967882,NA,-2.50112139086217,NA,0.0481592590909352
NR15F3R3P02,NA,NA,0.0821996734337299,NA,NA,NA
NR15F40P001,NA,1.17673807906857,NA,0.10102883061587,NA,0.0444111032068906
NR15F40P002,NA,-0.788763510365115,NA,-6.96413470454212,NA,-0.0535038617797581
NR15F41P001,NA,0.862807107931691,NA,-1.08028304666054,-0.826344096128616,-0.0201564959643781
NR15F41P002,NA,-3.83657504629584,NA,-0.54788182594712,-0.232695430585259,-0.0265649307478827
NR15F44P002,NA,2.01732060965377,NA,-0.551165079897053,-0.382124095624933,-0.156880237442252
NR15F4P007,NA,-2.02388864790716,NA,-0.251711285257248,-0.632166481509932,-0.0242184334749524
NR15F4R05P02,NA,3.56284410636609,NA,2.8864963650847,NA,-0.0246239152539897
NR15F4R22P01,NA,-2.05574035209631,NA,-0.0524610273409485,-0.108161154527761,0.0871485923299328
NR15F4R22P09,NA,0.824486719867894,NA,3.30685051811088,NA,0.0474815986541267
NR15F4R27P05,NA,0.396817633204128,NA,-0.750353526219032,-0.308064043383483,-0.125232600503214
NR15F5R16P06,NA,0.558396322021918,NA,-7.03765300772403,NA,0.176192115739906
NR15F5R18P08,NA,-0.00454676281930756,NA,-6.32063118371205,NA,0.0621897505309206
NR15F5R19P01,NA,NA,0.0219757770722552,NA,NA,NA
NR15F5R19P04,NA,NA,-0.0576357739044351,NA,NA,NA
NR15F5R25P02,NA,NA,-0.0803819313263465,NA,NA,NA
NR15F68P002,NA,-1.23094599507991,NA,-0.666883080070312,-0.0935265852489674,0.121663823603277
NR15F68P004,NA,-4.94879890334093,NA,-1.2014183721858,-0.929111906504462,-0.0445840696155537
NR15F68P007,NA,-1.76509355137027,NA,-0.510152453868987,-0.205737125405337,0.0889024037599313
NR15F68P012,NA,-1.16083436125368,NA,-0.376632455701706,-0.0646556668198885,-0.122807393937157
NR15F68P013,NA,-1.63531165867467,NA,-1.18438084798875,-0.925222692134807,-0.0181935043755417
NR15F68P014,NA,-0.745900120724953,NA,-0.660441161802857,-0.487605293157568,-0.0320037461313599
NR15F6R21P01,NA,-2.32730951820197,NA,-7.45800716075021,NA,-0.0779622297563891
NR15F6R21P04,NA,NA,-0.103128088748258,NA,NA,NA
NR15F6R23PK10,NA,NA,-0.142933864236603,NA,NA,NA
NR15F6R24PK11,NA,NA,0.314832553879365,NA,NA,NA
NR15F6R28P01,NA,0.846718352569694,NA,0.984524843434226,NA,-0.127942373012983
NR15F6R28P04,NA,NA,-0.117344437136953,NA,NA,NA
NR15F6R28P05,NA,NA,0.0617815525606001,NA,NA,NA
NR15F7R17P07,NA,1.03660581786371,NA,-9.87201234641588,NA,0.0586821276709244
NR15F7R7P06,NA,1.35313212824344,NA,-6.04731363704968,NA,-0.0588232381389546
NR15F81P001,NA,1.60123343512108,NA,-0.735442424742004,-0.626894189692561,-0.0742020592299007
NR15F81P002,NA,-1.10651440199048,NA,2.68937667206679,NA,0.0469111008326201
NR15F86P005,NA,-0.315019660991831,NA,-2.94932006381704,NA,0.368571833647245
NR15F8R14P06,NA,0.349803446285049,NA,0.0547314846510008,NA,0.0648204676759181
NR15F8R2P03,NA,-4.40770210068896,NA,4.31016218007601,NA,0.0347589443967797
NR15F8R3P02,NA,-0.0203357179441099,NA,-6.71849347411384,NA,-0.0594296295005578
NR15F93P001,NA,-2.30253877907071,NA,-0.522307666883412,0.268292825666866,0.209038486714807
NR15F99P001,NA,-2.74652418669862,NA,-0.676830755918457,-0.263660875862447,0.00208873797502061
NR15F99P005,NA,-0.195300295208333,NA,-0.472238441089012,NA,-0.0418184377475607
NR15F99P006,NA,-0.568663912765127,NA,-0.00289075689762826,1.07114863653774,0.0625952323099582
NR15F9P0002,NA,3.26946644202808,NA,-1.09202103463153,-0.747470190734121,-0.0557870392149197
NR15F9R10P09,NA,NA,-0.305000235867722,NA,NA,NA
NR15F9R19P02,NA,NA,-0.0803819313263465,NA,NA,NA
NR15F9R19P20,NA,NA,-0.219702145535554,NA,NA,NA
NR16C1bF10P008,NA,-0.996289519346463,-0.0493934886455357,0.404278256716491,0.546864834398227,-0.0821589029293582
NR16C1bF10P010,NA,0.167149575682577,0.0355980794955698,0.244492698012023,0.131480546738681,0.0285551191523925
NR16C1bF10P011,NA,-2.01675405999879,NA,-0.119255347169626,0.884740946414185,0.00448157904884592
NR16C1bF10P013,NA,-2.65837398695377,NA,-1.8421749987166,2.31415160355037,0.366322755176646
NR16C1bF112P001,NA,0.311491324659168,-0.0565548127886882,-0.291063002875945,-0.124316583923374,-9.37300742319827e-06
NR16C1bF115P001,NA,3.39465631085227,NA,-6.56315098809777,-4.72292650658802,-0.0956062857008594
NR16C1bF116P006,NA,-0.843886593247923,NA,0.365128262864615,0.564110790439919,0.0327262909430227
NR16C1bF118P001,NA,2.10886512564429,NA,0.0266649085760406,-0.475708362801726,0.192182397521938
NR16C1bF118P002,NA,1.56220888736344,NA,-1.09747462701722,-5.53741945903348,-0.0334754790331246
NR16C1bF118P004,NA,0.101371998769807,NA,-3.16840249480133,-3.55291087136022,-0.114032416734274
NR16C1bF11P001,NA,-1.96007905063801,NA,-0.197210492146353,-2.38413682352469,-0.0953675995258764
NR16C1bF11P002,NA,-0.906892258249808,NA,-1.53633542980302,-6.88856886501592,-0.221365594287465
NR16C1bF11P003,NA,-2.45740082012153,0.0347783046484396,0.0672840355629952,-0.149936765417882,-0.120756632595906
NR16C1bF11P017,NA,-2.38391218250859,-0.0939711957209053,0.27567909816564,0.393943226434902,-0.0234482807418436
NR16C1bF11P018,NA,-1.58757650534493,NA,-2.35065749081122,-1.92156409033859,0.034856884202778
NR16C1bF122P004,NA,-2.94614100111176,NA,8.82278305840426,17.4803289956548,0.323101324451265
NR16C1bF122P006,NA,-0.464747389604022,0.419666774913719,-0.353686533690256,-0.0616148834885205,NA
NR16C1bF122P007,NA,-0.818420070022792,0.143029208882514,0.152132410324051,0.0856083237315903,-0.0611339768997188
NR16C1bF123P002,NA,-1.01010677939685,NA,0.182705945868226,-0.172542019589574,-0.239568722626875
NR16C1bF123P006,NA,-1.02995278037326,NA,0.410353239906325,0.573928371622869,-0.0593893832904447
NR16C1bF124P001,NA,-0.457351789627155,-0.0083576571254786,0.153623481850088,0.0899471926550971,-0.0677105436098027
NR16C1bF124P007,NA,0.79954170565112,0.0997931172101767,-0.00820659153414464,0.259015969218291,0.0359045278650802
NR16C1bF128P006,NA,2.23798268404882,0.061016854019167,0.362977694698275,0.139822689693096,0.0423709142618917
NR16C1bF12P018,NA,4.40785148716397,NA,0.479373616854016,0.582947149226028,-0.239568722626875
NR16C1bF135P001,NA,0.909823882864001,0.203371985996317,0.380562589719734,0.534421408224701,0.100633577057949
NR16C1bF136P002,NA,0.718356228206534,-0.21521547372133,0.352305721558814,0.582994126749605,-0.0692170540622263
NR16C1bF13P002,NA,-2.40705874586825,NA,0.470953168593036,0.696706849209185,0.268132306473668
NR16C1bF140P001,NA,-1.07295244915549,NA,0.244633938323542,0.00279082485649453,-0.172845638944569
NR16C1bF144P005,NA,-2.01000190660423,-0.241068007932747,-0.536737141927496,0.00928224812128202,-0.206842332214567
NR16C1bF14P001,NA,0.569545892838677,0.0272923002617201,-0.177107022048129,-0.0372364418233046,0.100601163684002
NR16C1bF152P001,NA,-1.8554730516964,0.526126727589154,0.53895352067769,0.468529720109081,NA
NR16C1bF152P004,NA,1.87931354009772,0.11202277555627,0.269215727681573,0.265039566305282,-0.12721667625278
NR16C1bF152P005,NA,1.16027812865889,-0.04697662241351,0.551080345555917,0.295669700631461,0.0615341440447969
NR16C1bF152P014,NA,-1.11572254489537,NA,0.23728965679082,0.204731919271652,0.262723831336523
NR16C1bF152P017,NA,0.264062065237947,0.0719525747449531,0.369833096773015,0.015406217029227,0.356657380879599
NR16C1bF153P001,NA,-1.65615093764491,NA,-2.0949487579015,-4.99367033633229,-0.0415794972941334
NR16C1bF153P002,NA,2.63720060691916,NA,1.37577934141049,8.54578261409389,-0.0685928914974963
NR16C1bF153P014,NA,0.825692105711429,0.194778189692165,0.503305128895951,0.578133620082843,0.135017487773091
NR16C1bF153P024,NA,-1.62644937412934,NA,0.335839324424438,-0.333606287435033,-0.312655668898634
NR16C1bF153P030,NA,1.77389956444518,NA,3.60534015455684,7.73581258807372,0.409544185902027
NR16C1bF153P039,NA,1.06158840525562,NA,-1.9388748796713,-3.83221415430803,-0.0983843017253214
NR16C1bF153P040,NA,1.64416401152908,NA,1.20712770860312,0.679572333668335,0.17945821045207
NR16C1bF153P043,NA,-0.332694445698964,0.210545499663998,-0.155604555440855,-0.340555850237538,0.106258928243046
NR16C1bF153P046,NA,-0.0509023520087466,-0.111496377024086,0.0579079893272367,0.490737780475703,-0.0803794933773054
NR16C1bF153P053,NA,-2.1569995469753,-0.27565591762089,0.205612053905452,-0.0397070829926584,-0.22631812875008
NR16C1bF153P056,NA,0.421881188362894,NA,0.296360490640612,0.336988198569364,0.0316457551748882
NR16C1bF154P004,NA,-0.55351170444384,NA,0.102649496668123,6.09769105800319,0.062410035339907
NR16C1bF154P011,NA,-3.29135886041772,-0.0574860257418305,0.270479756215969,0.631417875041328,-0.232290706354304
NR16C1bF154P012,NA,-0.75241387913267,0.024061622869062,0.115697432314206,0.141118304931367,-0.0690835313867079
NR16C1bF154P023,NA,-1.35109664537002,0.0521163963216277,0.275962246116757,0.312290744164146,0.0820536316938284
NR16C1bF154P025,NA,NA,NA,0.281327054099562,NA,NA
NR16C1bF154P033,NA,0.176698778816676,0.115759975660163,0.263567343945043,0.458045963855836,0.040327483206607
NR16C1bF158P010,NA,-0.361804080834016,NA,0.34747351346298,0.234856964637298,0.0205702635515095
NR16C1bF159P001,NA,-1.96456371584636,-0.144236506369526,0.239247510619367,0.228574285535849,-0.0542621758465691
NR16C1bF159P002,NA,-0.0964776163866701,0.214742524845541,0.308000393949922,0.532066688291573,-0.11312325328612
NR16C1bF159P006,NA,1.83470811624647,-0.193177056056856,-0.136514921811033,0.1567514243896,-0.0059819506116467
NR16C1bF159P007,NA,-0.947805375713478,NA,0.718802526562119,0.760208488882894,0.0404794248331869
NR16C1bF15P001,NA,1.55841604837326,NA,6.83691540053926,3.94313750844129,0.00430965969209902
NR16C1bF161P001,NA,-2.31925600991382,-0.038861766678984,-7.31763739312122e-05,0.532656901638742,0.231641168742933
NR16C1bF161P004,NA,0.618525384391537,-0.206494743808185,0.399380106758517,0.625240055837192,-0.0134441383344723
NR16C1bF162P004,NA,1.12814903685236,-0.280735639105558,-0.0586545113927023,0.0821315860439349,-0.0565694999141275
NR16C1bF162P006,NA,NA,NA,NA,NA,-0.00506928560201788
NR16C1bF162P007,NA,-0.308208566632116,0.229202498952568,0.289237760417749,0.255281776414544,0.222014707497421
NR16C1bF162P008,NA,-1.73880474166887,-0.174552796994009,0.234351835736893,0.696179811685614,0.0324502878850982
NR16C1bF163P001,NA,-0.345100651596734,0.0306353433712167,0.00853094804668969,0.457573480633485,0.255299262756293
NR16C1bF163P005,NA,-3.65439531456429,-0.0978410570864151,-0.0909019743069651,0.490993567232145,0.0768551039860669
NR16C1bF163P007,NA,0.991070498227885,0.0660992361823445,-0.0372958695513722,0.0422603158894563,-0.0409903371569982
NR16C1bF163P008,NA,3.82928852478839,-0.0367128240578523,0.220713205924998,0.511620749444639,0.079730496714019
NR16C1bF163P012,NA,0.0498574672992733,0.061648331987004,0.33369712146327,0.636987352869487,0.0912980775715272
NR16C1bF164P001,NA,0.177345612358546,NA,0.24627666259367,0.236140204247764,-0.140429565900533
NR16C1bF164P002,NA,NA,NA,NA,NA,0.00355182520339088
NR16C1bF165P009,NA,-1.75603168115174,0.162992480503279,0.417183081708512,0.502100423197301,-0.129750815262438
NR16C1bF165P013,NA,-2.47934978649257,NA,0.371255618139274,0.389298309456829,-0.094236661812783
NR16C1bF165P015,NA,-1.73298661099198,-0.202489185588279,-0.328182525752265,-0.177375371072978,-0.0207835559786365
NR16C1bF165P020,NA,-0.726807204542828,-0.118161620936409,0.427024687861452,0.603885621992834,0.119410676755092
NR16C1bF167P003,NA,-0.6794696002794,0.249963678571843,0.530444657059365,0.49921116327954,-0.0903472178452651
NR16C1bF168P001,NA,-8.68676357287095,-0.11165020260028,0.33978513613677,0.297543155199298,NA
NR16C1bF168P002,NA,-2.51321511143918,-0.129791753214247,0.229728814998199,0.301125935077246,-0.217859270128355
NR16C1bF168P010,NA,-0.81423176215911,NA,0.225260252822476,0.221970418037792,0.0648722300450244
NR16C1bF169P007,NA,1.05640783189502,0.0955466540253961,0.163755909555395,0.142883363793014,-0.114920661243808
NR16C1bF16P007,NA,2.5004692515823,-0.0971437370248999,-0.241074173469535,0.0433617726634599,0.0846661550207903
NR16C1bF170P019,NA,-0.406425895065283,-0.197567059978812,-0.142989517829877,0.365211591649693,-0.359409057238227
NR16C1bF170P020,NA,-0.574265532594455,-0.163983353845452,0.143532183601956,0.631429741319188,-0.0535825886452242
NR16C1bF171P002,NA,-1.83488810004095,0.224295084976283,0.316088886630381,0.506445696140676,0.121150533502766
NR16C1bF179P002,NA,-0.521708797082465,0.100539469885029,0.0666876542176435,0.450115699501983,0.0214996082302737
NR16C1bF185P001,NA,-2.50716420753326,-0.0174829881651632,0.500667576661502,0.725834682900024,-0.135200752402347
NR16C1bF18P001,NA,5.21711329590383,NA,-0.317842112956127,-0.694598060427394,-0.103842131706639
NR16C1bF1P005,NA,0.0581547403183998,-0.201838679042473,0.4096080799833,0.519304634779564,-0.0748387197889901
NR16C1bF20P001,NA,-1.17323158055218,NA,1.37123903945871,3.53928322703753,0.0610714006786456
NR16C1bF22P003,NA,-3.56474213615903,NA,0.173377220903538,0.576390297228914,0.0790385470501276
NR16C1bF27P003,NA,-0.0215245652217575,-0.114465519666148,0.112171730399382,0.393661239364011,0.0654925797255604
NR16C1bF27P010,NA,-6.20088516124353,NA,-2.35680312098996,8.27956171077491,0.074578097780327
NR16C1bF28P001,NA,0.088288802139387,0.269403457826469,-0.20517517968201,0.180478856900359,0.0786256507952018
NR16C1bF2P018,NA,0.111264641960528,-0.158925799269529,-0.0120400117631776,0.903923939363505,0.0686173811928097
NR16C1bF2P030,NA,0.396416945922941,-0.049775404106577,0.287094674055896,0.204005968993996,0.21315906979718
NR16C1bF32P005,NA,-1.86221442238493,NA,-0.512080324023877,-0.974556545794691,-0.188244828138409
NR16C1bF32P010,NA,-1.40964751881206,NA,3.81854998650689,13.8452887465547,0.131086629595294
NR16C1bF36P002,NA,2.86149241703288,-0.0205000740191182,0.372409075224635,0.33979150244037,-0.102372122171301
NR16C1bF3P008,NA,0.938793724451139,0.261387895498478,0.0989203575174248,0.222872364390755,0.09749944831371
NR16C1bF3P017,NA,-1.81493021035916,NA,-6.04916930128982,-4.31386647944579,0.034856884202778
NR16C1bF3P021,NA,1.15225504191079,0.0556467918492801,0.279054352657075,0.226898575256606,-0.0232628416091177
NR16C1bF3P028,NA,2.41227926251982,NA,-4.08081641576651,-1.2032567199125,0.320399985030929
NR16C1bF40P002,NA,1.95820302328019,0.274577640393025,-0.126997682912001,0.157326721839289,0.0226209078774429
NR16C1bF41P001,NA,1.4866486457272,NA,1.31611437112524,-0.243191432780278,-0.229793194080836
NR16C1bF4P006,NA,-0.610928219553809,NA,-0.109081100036496,-0.661769060423958,-0.0523848549754787
NR16C1bF4P007,NA,-0.935147006784274,NA,-0.201999832914001,0.280079726651981,0.265430967053331
NR16C1bF50P003,NA,-0.516852939266607,0.0687454314942701,0.0254263743891999,0.0677810788673842,-0.0691292299960443
NR16C1bF51P001,NA,-0.567995988720627,NA,0.475394593870508,0.296621673159835,-0.13517766898254
NR16C1bF53P001,NA,1.48613255028719,NA,-5.31290309802858,-2.83224262480341,0.185333014014115
NR16C1bF55P011,NA,-2.21863101149333,-0.1175906045472,-0.0941041390957795,0.435260281891458,-0.163421501875877
NR16C1bF55P012,NA,-0.291384141139049,0.0485881755725157,0.497336118849776,0.549491250521152,0.154368774197407
NR16C1bF55P017,NA,-2.7457477357457,-0.0523126422230078,0.238480641053955,0.175772762962682,-0.102596302929811
NR16C1bF55P020,NA,-3.14270718735871,-0.260788047770781,0.549258845927899,0.806930430632937,-0.0752860725023377
NR16C1bF55P027,NA,1.01607620180721,0.118764637682243,-0.0244825319396633,0.293218665782678,0.0161982888487795
NR16C1bF56P001,NA,-1.24481207002092,0.39294033717172,0.00112280906836448,0.174986910028342,0.0998971418948349
NR16C1bF56P012,NA,1.74100249607958,-0.0010947404993553,0.238373139339558,0.182740975745076,-0.123616081417102
NR16C1bF56P014,NA,2.58933025041731,-0.117763452415909,0.325753958246127,0.595399712120936,-0.054375001228157
NR16C1bF56P018,NA,0.546664428671536,0.0335067828223627,0.0289172972922741,0.636854557724177,-0.14971332904373
NR16C1bF57P001,NA,-0.154537635045352,NA,0.319290427275563,0.442526024498543,0.286231280589921
NR16C1bF57P002,NA,3.40120420656202,NA,0.0214102785958119,0.302641712464003,-0.028204627937223
NR16C1bF58P002,NA,-0.155889317917909,0.194609039108947,0.283528677251144,0.307141491080272,-0.00905707149639301
NR16C1bF58P008,NA,-1.02780095716614,0.170100857202907,0.234369023451472,0.183954562992869,0.116240013528067
NR16C1bF58P013,NA,2.29758387827409,0.242561115742386,-0.115303312624086,0.0502643510082555,NA
NR16C1bF62P006,NA,1.89467573911239,-0.30040281651155,0.314417737330887,1.05865319637459,0.132775006782675
NR16C1bF62P013,NA,0.39106877891033,0.0432180036194185,0.354593890342288,0.189697189280905,-0.0432456413162611
NR16C1bF62P021,NA,-2.71944158615042,0.0607727470887949,-0.110034328747383,0.288702664764362,0.0133640072802957
NR16C1bF62P026,NA,-1.23988255176263,0.723873786869614,0.0538525833779297,0.375115086235259,NA
NR16C1bF63P007,NA,-1.67568118432747,-0.0235280262583806,0.54031513915717,0.491013885095708,0.0928207620472707
NR16C1bF63P008,NA,-3.26016676500025,-0.258348403338281,0.00161019005959306,0.0948850868119019,-0.0237698447807486
NR16C1bF63P011,NA,1.96335314530116,0.320044841629844,0.170316903961504,0.339684598486338,NA
NR16C1bF63P012,NA,NA,NA,-0.000867153708247401,NA,NA
NR16C1bF63P014,NA,-2.1242814528998,-0.0741662326414943,0.0361107165878307,0.448323975933735,0.141514748483969
NR16C1bF64P001,NA,-2.00834560000702,-0.0805002887266338,-0.13099019903605,1.39795676400909,0.154888128771688
NR16C1bF64P005,NA,1.1850132966627,0.187174160143078,0.297044172886607,0.149046744253426,-0.0794706228723146
NR16C1bF64P013,NA,NA,NA,0.153290041777008,NA,NA
NR16C1bF64P045,NA,-0.201551653969873,0.0477410379632527,0.280224796335931,0.234060048730237,0.0472518932520875
NR16C1bF64P064,NA,NA,NA,0.420444114542778,NA,NA
NR16C1bF68P003,NA,2.71420827860724,-0.138667895086267,0.0220019894173126,0.331675305568028,-0.110075560867218
NR16C1bF68P007,NA,-4.31996435923843,-0.268605305261384,0.225340299875062,0.296546756816528,-0.143610912795936
NR16C1bF6P007,NA,1.10026817335497,0.0606776359686867,0.301449774814336,0.346133867332455,-0.0416211920759119
NR16C1bF74P004,NA,-0.862182880500336,-0.118098210842062,0.305101412086781,0.180409925357825,-0.230829412869546
NR16C1bF75P004,NA,-1.52383574455117,-0.132929473057021,-0.323081157462047,-0.23235147950345,-0.120736972683906
NR16C1bF75P012,NA,1.50943193651944,-0.210931496567706,0.431514117317114,0.754656772464822,-0.0740556919492079
NR16C1bF75P015,NA,NA,NA,0.370546619846544,NA,NA
NR16C1bF77P003,NA,-2.87799626114265,0.0167514002989365,0.56305380430934,0.470225630661858,NA
NR16C1bF78P003,NA,0.694441138084037,-0.20676080465194,1.3982539252062,2.14966907318641,-0.200720496038231
NR16C1bF7P021,NA,1.81549532905232,0.072818528541492,0.45760428466675,0.028717088129269,0.147749216741651
NR16C1bF7P028,NA,0.880762082557542,NA,0.681951607241193,0.317665487567206,0.108753280673827
NR16C1bF7P031,NA,-0.356237873689837,NA,-3.57980919934848,12.0609294743441,0.0205513093736012
NR16C1bF81P001,NA,NA,NA,0.623549512671533,NA,NA
NR16C1bF81P004,NA,-3.15137658325326,-0.305203316841272,0.31809706809936,0.524611322336013,-0.0642204797922433
NR16C1bF81P006,NA,-3.88882604749139,NA,-2.42114668521985,-4.72744943301331,-0.149633074107585
NR16C1bF82P001,NA,-0.548082549795163,NA,-1.35024838620212,-0.120281400935416,0.0340580064752826
NR16C1bF86P002,NA,-0.907907321443266,0.141261424543118,0.0982865643321513,0.0960610023083898,0.187347789664208
NR16C1bF87P002,NA,NA,NA,0.608911226012953,NA,NA
NR16C1bF87P003,NA,-4.8017420924064,NA,0.791617780697551,-2.69008632029334,-0.076696909758505
NR16C1bF87P007,NA,-2.39413654590982,0.0102474440798109,0.19787494144165,0.192063114241278,0.0300027972213046
NR16C1bF87P010,NA,-1.17576330200181,-0.0541602651948936,-0.377488020684941,-0.00847986347920755,0.119737502219029
NR16C1bF88P015,NA,2.20211348451788,0.344305475612816,0.457648030708949,0.55660933869432,0.0439831534179327
NR16C1bF89P005,NA,NA,NA,0.368456164173591,NA,NA
NR16C1bF89P013,NA,-0.395929875642656,NA,3.6144207584604,0.421206258553124,-0.0253714607721157
NR16C1bF89P015,NA,-0.322813409384061,0.0739186997467894,0.276966239932094,0.329742955372876,0.0240705352407871
NR16C1bF91P010,NA,1.49880104516524,0.00422544444573649,0.418277066226788,0.670071253122564,-0.0212966616366742
NR16C1bF91P011,NA,-0.145988422881384,0.0156807062907811,0.144876282319013,0.218437445068061,-0.267606817405367
NR16C1bF92P006,NA,NA,NA,0.681239768264728,NA,NA
NR16C1bF92P007,NA,-1.6447547278946,-0.194925881722027,0.0278787407889031,-0.0714223596622475,-0.329566627989752
NR16C1bF94P001,NA,-0.480706961527663,0.0301927588365313,0.26843076561245,0.229671085620163,-0.1183204656322
NR16C1bF95P002,NA,-2.44335854513248,-0.150698020428353,0.078405376739994,0.0313894032421377,NA
NR16C1bF96P002,NA,0.896401491646188,0.164504613281486,0.233535812878245,0.246813238607655,0.125736320720183
NR16C1bF98P006,NA,NA,NA,0.278243385183893,NA,NA
NR16C1bF9P001,NA,NA,NA,-0.340925700589301,NA,NA
NR16C1bF9P006,NA,1.73954514285085,0.0837690980605264,0.407215977816919,-0.837064205413031,-0.148642223840404
NR16F104c1bP005,NA,0.414124593149887,NA,2.36417286839121,-0.657246133998666,-0.0631902126568239
NR16F10c1bP011,NA,0.954561947010624,NA,5.46396895957562,0.276368874869463,-0.140923919874488
NR16F10P0002,1.04807257005003,4.03818387521234,-0.064444472505126,0.336234936793459,0.510711398711614,0.0797373237793644
NR16F116c1bP009,NA,0.602985506836804,NA,4.72239071210591,0.425729184978416,0.0610714006786456
NR16F117c1bP001,NA,2.41889459617862,NA,-8.0389308256412,-0.127065790573354,-0.0496835155551424
NR16F11c1bP006,NA,0.841137518553762,NA,0.134612055244855,-2.28397057567694,-0.0631902126568238
NR16F128c1bP006,NA,1.97646966585592,NA,-1.8421749987166,-5.13130371441707,-0.043043248917852
NR16F12P0001,NA,2.71315579039128,-0.0298187920914843,NA,-0.0564855145170005,0.063007316735045
NR16F13c1bP002,NA,-4.90349843900162,NA,6.35860969388011,-7.70789302341293,0.136371660370963
NR16F14c1bP002,NA,-1.41799892592794,NA,11.0478035695988,12.8822068164275,-0.179347807731284
NR16F152c1bP023,NA,-1.93399495131469,NA,-4.07627611381473,-6.89113860775483,-0.0496835155551421
NR16F153c1bP013,NA,-1.44115259373376,NA,-1.59848184343525,0.691950088297397,-0.0658915520771601
NR16F153c1bP024,NA,-1.46948658110832,NA,0.644699875566436,-7.43488773045602,-0.359956974318526
NR16F153c1bP043,NA,0.955224400291127,NA,0.143692659148411,-2.82998116159077,0.0248292534230781
NR16F158c1bP019,NA,-0.336391872713421,NA,3.36164699927549,8.54578261409389,0.23935980242084
NR16F159c1bP002,NA,-1.64068949112503,NA,-4.3154289671443,-4.18822323673742,0.0832311740420177
NR16F160c1bP002,NA,1.9458982395741,NA,-3.20745901349879,-5.53741945903348,-0.157737092368594
NR16F165c1bP021,NA,-0.756465560047499,NA,-5.06466964079546,-6.08116858173466,-0.184750486571957
NR16F167c1bP004,NA,-1.0442325742055,NA,1.37577934141049,-0.388763767467042,-0.276596026863391
NR16F181c1bP002,NA,0.179604152673323,NA,-4.82097648551411,-0.664030523636603,0.0637727400989818
NR16F18c1bP001,NA,5.35673177293002,NA,-0.109081100036493,-0.391025230679687,-0.0472523963498477
NR16F18P0001,NA,0.804470172144289,-0.162026907236939,0.0667849619485451,0.0381955942906923,-0.0640936439730357
NR16F22c1bP003,NA,-4.42344282623044,NA,15.2768529464655,-4.4499212136311,-0.091623825528802
NR16F24c1bP002,NA,-2.37480639714601,NA,-4.40375032822109,-5.46356093532966,-0.0770209761986909
NR16F25P0001,NA,2.13982905600758,-0.0763012690489722,NA,0.0211485765999658,0.0408004524136951
NR16F26P0003,NA,-0.0196926737501046,-0.093576198008802,-0.113844484442566,0.906765280671003,0.132743502166521
NR16F27c1bP009,NA,0.887444854165394,NA,1.86770595392496,12.3384576937263,0.152916940970079
NR16F2c1bP014,NA,-0.620228891057951,NA,3.40505590387602,5.53065655078541,-0.00299809512752442
NR16F2P0002,-1.1256869558917,2.40552963603092,0.198578122476479,0.298089660688431,0.196471775948878,0.0599415932082571
NR16F31P0001,NA,-0.543933157529927,0.0230202629114721,NA,0.773439174751514,0.0963176132170699
NR16F33c1bP009,NA,-1.98360995375572,NA,-5.07375024469901,-3.63995118761093,0.0637727400989818
NR16F3c1bP020,NA,-0.455467878571904,NA,0.640159573614659,4.20935841176027,0.0853834554616721
NR16F3P0001,-1.1256869558917,0.557505155211348,-0.0358291416028786,0.303471777590866,0.274308462486943,0.0926508241040102
NR16F47c1bP001,NA,-1.06077090835251,NA,6.83691540053926,16.3973536766777,0.639158036630611
NR16F4c1bP007,NA,0.38985665093362,NA,13.0427518313674,22.624461760796,0.295968500500799
NR16F4P0001,NA,1.38178231057273,0.104261615111971,-0.437980283411977,-0.0248616027452971,0.055745049370938
NR16F51c1bP001,NA,0.258468371153358,NA,2.8742606887128,-7.1618824374991,-0.325406889147561
NR16F55c1bP017,NA,1.71369310629539,NA,7.32884201305373,19.3777972670774,0.080249694611021
NR16F56c1bP026,NA,-0.624158886871413,NA,-6.55861068614599,0.418944795340478,-0.109112982802541
NR16F57c1bP001,NA,1.95258088771405,NA,3.61896106041217,10.977954155367,0.423470591461667
NR16F57c1bP002,NA,2.79466031721484,NA,3.36618730122727,1.23343774778594,0.0211462494200818
NR16F58P001,NA,1.87312956932725,NA,-0.858321773687646,5.83834431665118,-0.0902036068601867
NR16F58P002,NA,-4.36843773775471,NA,-3.32703544016358,-6.08116858173466,-0.0496835155551425
NR16F58P004,NA,1.23951739178849,NA,-5.64491837993058,-4.54870792829657,-0.0280625647077135
NR16F5P0001,0.32348606140279,2.2270640526619,-0.0425127277489467,-0.091796430623175,-0.123514229969366,-0.0141341426483104
NR16F64CICP064,NA,2.06828191226198,NA,-3.57980919934848,-1.47626201286941,-0.0983076251211956
NR16F6P0001,NA,3.84992431546241,-0.0127354885942879,NA,-0.480397065192011,0.0878049818938859
NR16F7c1bP002,NA,-2.82564690327005,NA,-5.37351617703385,-6.80424145148089,-0.131157658464975
NR16F7c1bP021,NA,2.05012673179334,NA,-0.601007712550968,-3.50684073595144,0.0341244540020683
NR16F7c1bP028,NA,-0.358658397511524,NA,14.7940069378546,-4.45670560326904,0.220554609010876
NR16F7c1bP037,NA,-0.022163523920213,NA,-3.32703544016358,-3.10298645454768,-0.00916342425009808
NR16F7P0001,NA,2.15959894340012,NA,NA,0.590353786645388,0.124816422429469
NR16F82c1bP002,NA,-4.67274308605971,NA,2.11593941115809,11.7969700342378,-0.109112982802541
NR16F89c1bP010,NA,-1.00123290542327,NA,-3.33611604406713,-6.34738948505364,-0.152334413527921
NR16F8c1bP002,NA,0.980059525388653,NA,-0.122702005891821,6.92584256205356,0.320399985030929
NR16F8P0004,1.41036582437365,3.55123184745114,-0.120159347626889,-0.00300285163806786,0.190058322761803,0.0607347856744736
NR16F98c1bP016,NA,-0.574543884430379,NA,4.84650744072247,-1.74022145297575,0.155618280390416
NR16F9P0003,NA,0.947802840995492,-0.0919324416980062,0.0113180472192491,0.186484705408351,-0.00761207153274022
NR17C2aF103P001,NA,0.925402885466755,-0.343535859831853,0.231989248303836,0.407582762425491,-0.295526935068569
NR17C2aF10P001,NA,-1.76926182012564,NA,-0.045678303092685,0.131847047932867,-0.0909453273423617
NR17C2aF10P002,NA,-2.34808290539164,NA,0.542124764253992,0.402500402000089,0.0648370204411491
NR17C2aF10P006,NA,0.297599273820065,NA,-0.0818482231207135,-0.0504864662192112,0.00459715136764969
NR17C2aF10P011,NA,-0.485267210536894,NA,0.0789056244471365,0.181842751561571,NA
NR17C2aF10P016,NA,-0.958564266367646,NA,0.326957766524127,0.178628653515881,0.252309976212488
NR17C2aF10P017,NA,0.162229531016158,NA,-0.0738875339012518,0.550811926028111,0.317952524126659
NR17C2aF10P021,NA,-2.5949336128576,NA,0.14296591340112,-0.0555987045726174,-0.206917725244681
NR17C2aF10P025,NA,-0.608517093696219,NA,0.0499965302412947,0.417685896753543,-0.00485753660352718
NR17C2aF10P036,NA,-1.29564558374044,NA,0.0118582528967553,-0.00132402828628983,NA
NR17C2aF114P002,NA,-0.122445075174416,NA,-0.0135277580244185,-0.0661633936393694,0.111029924528899
NR17C2aF114P004,NA,1.82940949072914,NA,0.0565721434480155,0.169401833389302,NA
NR17C2aF118P001,NA,-4.17075133290719,NA,0.133081631548393,0.296822196510875,NA
NR17C2aF120P002,NA,-0.103953540237608,NA,-0.069023271056588,0.254804840156298,-0.107508434576306
NR17C2aF121P001,NA,-2.11914878153208,NA,0.258084862226821,0.0480687027130956,0.0343118849913489
NR17C2aF121P005,NA,-2.75101898867741,NA,0.0606977795519537,0.0833094233163982,NA
NR17C2aF12P001,NA,-0.764388379461362,NA,0.0587926531761481,0.178712087333154,0.0690017434731582
NR17C2aF13P001,NA,-0.752242561728928,NA,-0.0591898670285682,0.651795968631503,0.385486009635066
NR17C2aF14P003,NA,0.951926939011712,NA,-0.610029775798539,0.508920254920884,-0.0327947024660371
NR17C2aF14P014,NA,-1.17561339293716,NA,-0.284309180514567,-0.39610910892889,NA
NR17C2aF14P016,NA,2.70391798538886,0.289023796195543,0.42774121731105,0.59533004231506,0.234735373434522
NR17C2aF15P003,NA,-2.43246405009356,NA,-0.0869054725755867,-0.193974152342887,-0.0124212869804689
NR17C2aF15P010,NA,-0.316489260001952,NA,-0.589267664891983,0.18844150144003,-0.0987259552726074
NR17C2aF15P011,NA,3.61252141404904,NA,-0.175816019010442,0.958429754027452,0.19323478639468
NR17C2aF15P016,NA,-0.705729408138321,NA,-0.043670909601056,0.0671665116400362,-0.0750923615322706
NR17C2aF15P022,NA,-1.32576929488315,NA,0.151554594712095,0.309098434322385,0.173160731196634
NR17C2aF15P029,NA,-1.36171197809305,NA,-0.0536872643340973,-0.569714909821447,-0.0943035554176317
NR17C2aF15P032,NA,1.26448854221688,NA,0.193581775465576,0.217606897273749,0.0141671637786945
NR17C2aF15P033,NA,1.94308634323626,NA,0.137028219178619,0.316743282375627,NA
NR17C2aF15P041,NA,0.922572309902332,NA,0.217136345845456,0.490801031754109,0.112617595603346
NR17C2aF16P003,NA,0.962503598768681,NA,0.140404025587384,0.273212111113643,0.163976177167491
NR17C2aF16P004,NA,2.08861493250834,-0.0157044460804928,0.862604107937257,0.611327913581866,0.188882032105998
NR17C2aF16P010,NA,0.386100332022967,-0.188590482639071,0.657033030429621,0.696517437000093,0.0844647758253857
NR17C2aF16P013,NA,2.86729169240787,0.11475394353605,0.217290273788861,0.342858427904564,0.0759969754102259
NR17C2aF18P008,NA,-2.81084785284421,NA,1.48043219047143,2.31098324757131,0.177482874269172
NR17C2aF18P015,NA,-0.223972382277353,NA,0.0031245127648684,-0.0559552147210049,-0.0356528059953608
NR17C2aF18P018,NA,-0.446934311601438,NA,0.335042273166261,0.144426897543998,-0.0961628090108937
NR17C2aF19P002,NA,-0.536023359530381,NA,0.122330818437676,1.34929810502936,0.0759125120645278
NR17C2aF1P003,NA,-0.528554303586145,NA,0.478376600573339,0.609569061952843,0.207197607892871
NR17C2aF1P006,NA,0.721740320957352,NA,0.420157361800385,-0.0815888179504876,0.161544971689188
NR17C2aF21P004,NA,0.00130458309650333,-0.214629381032579,0.55703170562871,0.43049378484811,-0.01981570894628
NR17C2aF27P001,NA,1.70541920400494,-0.280612470283807,0.397294045517566,0.685866043879184,0.108898950423656
NR17C2aF28P002,NA,-1.77276149847502,NA,-0.336003269876766,0.50767116938555,4.87435307818705e-06
NR17C2aF29P001,NA,0.609570509995236,NA,0.0722231963738257,0.211590367723876,NA
NR17C2aF33P002,NA,0.286710962141519,NA,-0.231182951577045,0.186817225310436,-0.053751780111614
NR17C2aF33P003,NA,2.2109196390984,NA,-0.692858415022117,-0.728573632288282,-0.116282430174193
NR17C2aF35P004,NA,-3.78340032541545,NA,-0.205500842477918,-0.168524675061901,0.118863808847875
NR17C2aF37P001,NA,-1.27249191593462,NA,0.0722231963738257,0.221617916973664,-0.0313306629228228
NR17C2aF39P002,NA,4.68188683484067,-0.0174459508277577,-0.000536426070569624,0.012376242241123,-0.191565917040642
NR17C2aF3P010,NA,0.172183188575267,NA,-0.15502896623662,-0.133171663694436,-0.341984696261496
NR17C2aF40P004,NA,-0.409110412876819,NA,0.114239094888975,0.43898940736735,0.0956322898329829
NR17C2aF40P007,NA,1.94595485130916,NA,-0.225574161002415,-0.1750196342831,-0.0846575925526415
NR17C2aF45P003,NA,1.81034051130367,NA,-0.926506666840705,0.0353225786926691,0.0810775875821876
NR17C2aF46P005,NA,-1.18318491154076,NA,0.0702052843952585,0.182512814735689,NA
NR17C2aF46P012,NA,-0.839108419430416,NA,0.0328706668995292,-0.243999362172734,0.0497095196872659
NR17C2aF49P006,NA,-0.310251729816136,NA,-0.422320630128133,-0.335744253351675,0.10211550444179
NR17C2aF50P003,NA,1.15211481225263,NA,0.075404329206885,-0.117796344054691,0.0544046964071689
NR17C2aF54P001,NA,0.243849523000865,NA,-0.162976003554188,-0.181382161280074,0.150739614007843
NR17C2aF54P002,NA,0.657921677459889,NA,0.0467825672207197,0.118969378163303,0.0564628682381065
NR17C2aF54P005,NA,1.02633653049991,NA,0.0196720685637189,0.0791808195591032,NA
NR17C2aF54P010,NA,-0.116866098901588,-0.0169461741226504,0.51023067562533,0.368279107944008,0.166564249144327
NR17C2aF54P012,NA,-1.68293346401806,NA,0.120007062144746,-0.0669208948569512,-0.0483491012709413
NR17C2aF54P015,NA,0.287342755336747,NA,-0.0156965110349919,-0.0492528434563142,-0.0200823158430186
NR17C2aF5P017,NA,-2.39984192469902,NA,-0.233420096719774,-0.168361763658026,-0.142895980982712
NR17C2aF5P022,NA,2.2606461659641,NA,-0.0366702792316119,0.00421748514117209,-0.209619064665018
NR17C2aF5P026,NA,2.76151733458226,-0.0727642138663425,0.293544033653618,0.422060855844622,0.00218451492168498
NR17C2aF60P003,NA,-0.701747945114683,NA,0.366621780903793,0.431997968678701,0.162085239573256
NR17C2aF60P006,NA,0.24783098602451,NA,-0.13474272560791,0.109881248419814,-0.179904331041319
NR17C2aF60P007,NA,-0.286257292675601,NA,0.290266346640183,0.248853657478105,-0.111560443706811
NR17C2aF60P009,NA,1.22319400212884,0.230670010039688,0.491881270089464,0.437072615381254,0.196537855703016
NR17C2aF60P010,NA,-0.270071141697518,NA,0.0580835532254089,-0.0266982849399744,-0.148568793765418
NR17C2aF60P012,NA,-2.85236766666653,NA,0.308253945348644,0.512987048138725,0.0370132244116853
NR17C2aF60P015,NA,-1.97183464965725,NA,0.130306467083485,0.242699767327442,0.220704304994553
NR17C2aF60P019,NA,-3.28221487708548,NA,0.207247412096522,1.32292241795986,0.205704880512121
NR17C2aF60P020,NA,1.26111332554201,NA,0.399160817501727,0.873120564222729,0.0407950996001561
NR17C2aF60P022,NA,0.437658777101751,NA,-0.705159559733877,0.397981566581926,0.038986113262231
NR17C2aF61P002,NA,-2.98511698917475,NA,-0.0919591991185116,0.137550786014328,0.109138986934664
NR17C2aF61P003,NA,-1.80405930657106,NA,0.845118756035257,0.337315192520013,-0.15238431863143
NR17C2aF61P004,NA,-0.427026996483214,NA,-0.168194432982044,0.0419804493177435,-0.0132316888065696
NR17C2aF61P006,NA,-0.512999432907949,NA,-0.11356769637027,-0.128325754493166,-0.260944513651407
NR17C2aF61P007,NA,1.09500646624269,-0.0398143019198325,0.504344965865029,0.295458044245709,0.111438468152056
NR17C2aF61P008,NA,0.403168376061418,-0.26252033290847,0.346342093425505,0.235576582779295,-0.097006211168304
NR17C2aF61P009,NA,-1.40479858911071,NA,0.291529883706448,0.1741557437488,-0.0494296370390759
NR17C2aF61P010,NA,2.22064591424031,NA,0.0198796838130052,0.136408925083691,0.0945517540648483
NR17C2aF61P011,NA,0.430849656703111,NA,0.314493721029214,0.0117398760089552,0.130749702297355
NR17C2aF61P013,NA,1.76375039452106,NA,-0.0272818973984749,0.0761180298215248,-0.265536790665979
NR17C2aF61P015,NA,-3.36335597642097,NA,0.0656998016851296,-0.0502054207463829,-0.103456425445802
NR17C2aF61P016,NA,2.05607405988872,NA,0.383973874116958,-0.118523124110327,-0.171549726155324
NR17C2aF62P015,NA,2.0403099335673,0.242463148538427,0.195770847201107,0.254506785468398,-0.00296779238728873
NR17C2aF62P020,NA,-1.88538030955803,0.574374051122729,1.09373727762274,0.394608910128177,0.27224683558535
NR17C2aF62P024,NA,-4.43085630667149,NA,0.549573323425376,-0.0123403009888729,-0.0564531195319504
NR17C2aF62P027,NA,-2.46553606458915,NA,-0.0613561819743037,-0.102892354003421,-0.161805356925066
NR17C2aF65P009,NA,0.323558436091859,NA,0.0276004964533606,0.167332017373397,0.145927892085371
NR17C2aF65P010,NA,0.709721585526096,-0.0374328590917817,0.249775331818935,0.558322729311392,-0.0101773681615725
NR17C2aF65P017,NA,-2.21375931314892,NA,-0.0169791339467928,0.241632744855005,0.135341979311926
NR17C2aF65P020,NA,-0.210037261694593,NA,-0.239364525940244,-0.133211526177855,0.022696125483903
NR17C2aF65P024,NA,0.107316913181025,NA,-0.210916601716534,-0.0360761445551082,0.123721027764021
NR17C2aF65P026,NA,-2.97916105767073,NA,0.619504603060972,0.448592375246417,-0.0790453959766474
NR17C2aF65P027,NA,0.460676073656333,NA,-0.117040331324341,-0.522231681016601,-0.185847277766059
NR17C2aF65P031,NA,-2.75519712850178,NA,-0.128726853192137,0.325491067603482,-0.151270133185754
NR17C2aF66P002,NA,-2.3533624854595,NA,-0.0272978934682241,-0.146477326058298,-0.0983476154494786
NR17C2aF66P003,NA,-1.09816743867823,NA,0.373703217189892,0.45421138640118,-0.000805527473022708
NR17C2aF66P005,NA,0.589811451254249,NA,0.436555631772197,-0.344658748443945,-0.0701009576836565
NR17C2aF66P011,NA,-3.35954274305198,NA,-0.453810812934997,-0.967837648665757,-0.0423653681960231
NR17C2aF66P014,NA,-2.72619269737473,NA,-0.0631605704384081,0.148781879398534,0.24104729426182
NR17C2aF69P009,NA,-1.21137521214116,NA,0.0543968816698735,0.260657282418789,0.0532212609337031
NR17C2aF6P005,NA,1.42656421685758,NA,0.0571094831791122,0.281984231424626,NA
NR17C2aF6P006,NA,-1.06605181177815,NA,-0.224555964884246,-0.0974417838041265,-0.0259279840821502
NR17C2aF6P007,NA,0.464820720813137,NA,0.11975869591845,0.104013619934144,-0.0189045015892759
NR17C2aF6P030,NA,-3.97251981903856,NA,-0.278026664751314,-0.150601181206548,0.0245870630781384
NR17C2aF6P037,NA,-2.43169362888817,NA,0.0668412027345664,0.677884611694491,0.229888859023696
NR17C2aF6P044,NA,-2.83979358881173,NA,-0.0624721609597615,0.148862795967176,0.237992877284705
NR17C2aF6P045,NA,-0.17765419540249,NA,0.0431172808446304,0.151094720310485,NA
NR17C2aF6P046,NA,-3.2678008638535,NA,-0.181262184563603,-0.210371814879418,-0.112370845532911
NR17C2aF70P001,NA,-1.23984291920601,NA,0.169420890531746,0.263314324434141,0.144256399399036
NR17C2aF70P007,NA,2.46550589019445,NA,-0.0655686932735447,-0.135361870152493,-0.196922769389437
NR17C2aF70P008,NA,3.69413357525133,0.26547741152323,-0.0874419397211919,0.487870634203179,0.130077391495925
NR17C2aF71P001,NA,-1.32541458520506,NA,0.112039328170097,0.249895725354985,-0.217723082926027
NR17C2aF79P001,NA,1.96152583377277,NA,-0.0400684910284276,-0.194013708326522,0.0407950996001561
NR17C2aF79P005,NA,2.34144930326894,-0.025596070616189,0.575292879960339,0.476824510470509,0.125022937080834
NR17C2aF79P007,NA,1.60152841406361,NA,0.131515171247918,0.252483593330701,0.0640266186150482
NR17C2aF79P008,NA,1.89240051804366,-0.252185157307654,0.70033355575929,0.53384808575502,-0.0661739668638348
NR17C2aF79P016,NA,1.5307633426133,-0.0435522584981456,0.317624552534218,0.579173315124582,0.147199123579249
NR17C2aF7P007,NA,0.761425777934617,NA,-0.190760037736539,-0.18368245599228,-0.0899497283441203
NR17C2aF7P008,NA,2.52293820911583,0.325280681688732,0.380397955912694,0.240583340474109,-0.0165445535023531
NR17C2aF7P011,NA,-1.3882602549637,NA,0.179544281992765,0.253371042985926,-0.0918406659383556
NR17C2aF7P013,NA,-0.902033231041575,NA,0.0812378824945086,0.094270381337556,NA
NR17C2aF7P017,NA,-2.23654235239273,NA,-0.0252872124499625,-0.0595685114970708,0.0407950996001561
NR17C2aF7P018,NA,1.44883915842272,NA,0.202983738519987,0.176478315107707,-0.0852224511856449
NR17C2aF7P023,NA,2.01164975522369,NA,0.0820977447187679,-0.00328786624492999,-0.0764430312424389
NR17C2aF7P030,NA,2.77232175296314,0.0869238953835491,0.373793966654793,0.556401716987408,0.0549924757367243
NR17C2aF7P034,NA,-2.06214169363673,NA,-0.0760939433893617,0.494821040908056,-0.145867454345081
NR17C2aF7P036,NA,0.688954513900887,NA,-0.0535337289722668,0.0351101806000052,-0.102617828237369
NR17C2aF7P040,NA,1.59217084201864,NA,0.107607620258875,0.249599207478249,NA
NR17C2aF7P043,NA,4.89669037621417,-0.350993874541266,0.585804110070074,0.804485677479376,-0.149157340037857
NR17C2aF7P044,NA,0.759145684280996,-0.319387466627241,0.541818282386707,0.621136158571827,0.0555898124524779
NR17C2aF7P045,NA,2.162854148207,NA,-0.070452055753041,-0.0817031821447875,-0.211510002259253
NR17C2aF7P046,NA,0.0307288148498462,NA,0.147119125021204,0.303173757647806,NA
NR17C2aF7P050,NA,-0.445575208584066,NA,0.144428575716448,0.1741557437488,NA
NR17C2aF7P052,NA,5.64958428500922,NA,-0.283940364182897,-0.151154893184694,-0.259053576057172
NR17C2aF7P058,NA,-3.7336320376199,NA,0.977342160700263,-0.00208956466515523,-0.206917725244682
NR17C2aF7P062,NA,0.39605217025769,NA,0.719044610951032,0.782535734441449,0.0802346551370659
NR17C2aF7P065,NA,2.10050393100209,-0.0859889630770602,0.454659294913614,0.345131518406369,0.101267922680635
NR17C2aF7P067,NA,1.41079968993314,-0.118798963018082,0.49903916899831,0.430066968231075,-0.297412645542675
NR17C2aF7P070,NA,0.825636454804367,NA,-0.202795245341224,-0.254602551120935,-0.179904331041318
NR17C2aF7P071,NA,-2.45332897403121,NA,0.129045807591259,0.130369558636792,-0.316173840127684
NR17C2aF81P002,NA,-4.80464559098024,NA,-0.231422673717661,0.202315196691539,0.0299897419188111
NR17C2aF81P003,NA,0.0279710561176103,NA,0.164001998753512,0.502420336980195,-0.155592276258292
NR17C2aF82P002,NA,-2.82187700520533,NA,0.205066498752392,0.0741731802852661,0.0272884024984747
NR17C2aF82P005,NA,-1.45424445658347,NA,-0.0859105072609126,-0.0663429023895979,-0.200434510635875
NR17C2aF82P008,NA,-0.894848901761432,NA,0.4065662700697,0.558869760971838,0.514339899985107
NR17C2aF83P010,NA,1.32203635492029,-0.237510613595505,0.347692501501008,0.281411299383894,-0.141057725305375
NR17C2aF83P018,NA,-2.70838072762313,NA,0.00589559958722839,-0.341683640585658,-0.0718507542278672
NR17C2aF84P004,NA,-0.65397038883095,NA,-0.253288906123355,-0.0840248859754294,0.216382161922015
NR17C2aF87P010,NA,2.0340418886509,NA,-0.252416539800942,-0.195784208743337,0.0102699641503562
NR17C2aF87P011,NA,-2.16901968771909,NA,0.685196546614223,0.560570253941784,0.31281997922802
NR17C2aF89P002,NA,1.12611644347914,NA,-0.1001077183023,-0.0218541429082762,-0.143976516750846
NR17C2aF89P003,NA,-0.501287618542514,0.214128150895317,0.583969530782374,0.589803276091845,0.0985618031866575
NR17C2aF89P008,NA,1.43459246759924,NA,-0.0635379693767717,0.0282038659216349,-0.158676263522479
NR17C2aF89P009,NA,-0.345050410609455,NA,0.202767628769355,0.163616079166301,-0.0637467359668583
NR17C2aF89P010,NA,-0.519214351825887,NA,0.509253659283048,0.721551423038901,0.144256399399036
NR17C2aF89P013,NA,0.387182191852062,NA,0.278181077971228,0.237959083234838,0.137773184790229
NR17C2aF89P014,NA,2.41247496325356,NA,0.496118072284405,0.437443795489516,-0.247437816549726
NR17C2aF89P018,NA,-0.488144085446936,NA,-0.00633287262142321,-0.0227938330485128,-0.198847573629885
NR17C2aF89P020,NA,-1.86632587953067,NA,-0.0681432953571968,-0.0905463678707637,-0.0875185228658178
NR17C2aF89P021,NA,-2.44761948098275,NA,-0.297506665042145,0.0575669955247706,0.379272928968293
NR17C2aF89P028,NA,0.279148972938372,NA,0.107981197819117,0.441312540583801,0.2481632924208
NR17C2aF89P034,NA,-1.22009563957038,NA,0.040428290913271,0.0778804373191182,NA
NR17C2aF89P040,NA,-0.62410227513636,NA,0.525015640517631,0.764673859809168,-0.00784065191872059
NR17C2aF89P041,NA,-4.20964371426845,NA,0.200061856146647,0.449630037354842,-0.0105303493862334
NR17C2aF89P045,NA,1.49834174647614,NA,0.353118042226352,0.123363530364314,-0.19534530308028
NR17C2aF89P050,NA,-1.78271515603414,NA,0.102301122423263,-0.118141694465752,0.0991440310794198
NR17C2aF89P054,NA,0.109242345760532,NA,-0.359813165166352,-0.401360643331792,-0.128578882054929
NR17C2aF89P056,NA,-0.934122145435522,NA,-0.194309489044848,-0.0516741663918105,0.0988738971373862
NR17C2aF89P058,NA,-0.0981545300436524,NA,0.102325766908007,0.169401833389302,-0.0799547724888761
NR17C2aF89P067,NA,0.088499975648623,NA,0.189299129839226,-0.00113094765559899,-0.18449660805589
NR17C2aF89P069,NA,1.17609685400468,NA,0.0872832286176616,-0.0301915035624725,0.0104660197251362
NR17C2aF89P071,NA,3.41707555284547,NA,-0.124079574322104,-0.367229239715555,-0.341984696261496
NR17C2aF89P084,NA,0.898503675416851,NA,0.306816283736844,-0.39463461946225,-0.129414227143064
NR17C2aF89P088,NA,0.227923670906293,NA,-0.204896309899081,-0.783790573293996,-0.143706382808812
NR17C2aF89P091,NA,-1.90813124127893,NA,0.451320428643101,0.412120137092657,0.0297196079767774
NR17C2aF89P096,NA,3.36133507051444,NA,0.0749068221811836,0.260538194231706,-0.131280221475265
NR17C2aF89P102,NA,-2.15896341176854,NA,0.168514380178408,0.746853487860421,0.0886088073401084
NR17C2aF8P003,NA,0.192891431725988,NA,-0.7904704239313,-0.126665102564532,-0.0487458120160138
NR17C2aF90P001,NA,-0.604202101035391,NA,0.228617967273867,0.343712652903939,0.054031662759804
NR17C2aF90P007,NA,-2.99706137824568,NA,0.475681667681925,1.47537328733108,0.201794929052199
NR17C2aF90P008,NA,-1.04305012702281,NA,-0.246411606751527,-0.231789760541958,0.15344095342818
NR17C2aF91P001,NA,1.37340044913478,0.353942642071751,0.391329764421822,0.489690264316275,0.168373839374824
NR17C2aF91P004,NA,-0.114945802202741,0.0685923871445665,0.439840126892589,0.508979689414108,0.00329123970895254
NR17C2aF91P006,NA,-0.233926039836462,NA,0.0253731390191145,-0.0503287692247438,-0.20529692159248
NR17C2aF91P008,NA,2.34805273099694,NA,-0.299997203863826,-0.235631774782228,-0.132630891185434
NR17C2aF91P011,NA,2.51969111722506,0.290443170010013,0.652662327238714,0.57941298789259,0.36471198658704
NR17C2aF91P017,NA,2.41564354108427,NA,-0.125191486608678,-0.0766949920939088,-0.123902476921658
NR17C2aF92P001,NA,2.83268187333948,-0.134530554991442,0.144146508494016,0.0536085480129763,-0.0738732643916625
NR17C2aF92P002,NA,-2.62867399772176,NA,0.308727463665754,0.00706480461087167,-0.0735991316847576
NR17C2aF92P003,NA,-0.409110412876819,NA,-0.289920840496304,-0.27500347450801,-0.229608976375506
NR17C2aF92P005,NA,-1.00378078827283,NA,0.0984103937717701,0.0479073120555642,-0.128952557345962
NR17C2aF93P009,NA,-0.670655462348755,NA,0.322092253675628,0.488702032663184,0.168134756406721
NR17C2aF93P010,NA,-1.77174735487174,NA,0.432602106900476,0.485619322339063,0.359483903975686
NR17C2aF94P013,NA,-1.52392005949724,NA,0.391744057111807,0.60291921687501,0.0532212609337031
NR17C2aF94P017,NA,-2.08609101373213,NA,0.490430155032189,-0.0162518274456995,-0.0209942376437072
NR17C2aF95P003,NA,-0.823981861078241,0.204815539147101,0.3832547104244,1.01818838735334,0.272582244792473
NR17C2aF95P009,NA,-0.745221504731803,NA,-0.0817659671970376,-0.0204497182314505,-0.220485369216903
NR17C2aF95P011,NA,1.12682170632383,NA,-0.238248618082352,0.0152544948729617,0.0748319762963932
NR17C2aF95P014,NA,1.34726715518736,NA,-0.6738079852824,-0.451852149142977,-0.0876665193179569
NR17C2aF95P015,NA,0.134359289850645,NA,0.150023584750816,0.0534003123001496,0.0994141650214537
NR17C2aF95P021,NA,3.09285736977786,NA,-0.212077124952474,0.355036493131058,0.105627245688227
NR17C2aF96P004,NA,-0.993339432100775,NA,1.55658715622161,1.18463646896633,0.2026053308783
NR17C2aF96P005,NA,-1.85133361108001,NA,0.0688600097428804,0.315546528007005,NA
NR17C2aF97P002,NA,2.60345654376907,-0.0718838910657427,0.426476930432442,0.300798434433552,-0.0415999971781347
NR17C2aF98P001,NA,-0.778029939828106,-0.0908579516484959,0.520393876618759,0.358843061313642,-0.0305931793641738
NR17C2aF99P002,NA,0.431987703590315,-0.0816039835478917,0.447162093724311,0.36265105572374,0.169047228697817
NR17C2aF9P010,NA,-0.237907502860106,NA,-0.117230764853589,0.731129802738653,0.209088545487107
NR17C2aF9P011,NA,3.31202125185227,NA,-0.158708889063894,0.833172352049035,0.0112758926682599
NR17C2aF9P013,NA,2.65161266190393,0.0767072428790924,0.0989902315319177,0.486462795440899,0.0796217568432923
NR17F10P0003,NA,-1.88334302837461,0.168824271829404,NA,0.17835593433377,-0.0972522207840303
NR17F10P0005,NA,6.23219574626366,0.0798321791928463,NA,-0.579919377535891,-0.0998430216215212
NR17F10P0009,NA,-1.01216071819897,0.258226074750095,-0.409089927921012,-0.407431060916878,-0.0261817403026683
NR17F10P0026,NA,4.97680789683728,NA,NA,-0.0345972932900868,-0.0539488353573979
NR17F10P0035,NA,NA,-0.0814659887109153,NA,0.0211485765999658,NA
NR17F10P0037,NA,-1.10775926340135,-0.104343490259625,0.235352128488022,0.568070328212711,0.0749282000152998
NR17F10P0043,NA,-1.84380325358953,0.185907575326601,NA,0.180350838906475,-0.0591304370323796
NR17F11P0007,NA,-0.252327318489938,-0.0524641013784656,NA,0.273888437532242,-0.151659038371338
NR17F11P0009,NA,0.0145661613093692,-0.0298187920914843,NA,-0.0107141674904689,-0.0110155643361214
NR17F11P0020,NA,0.385251549919523,0.172797133107822,NA,-0.0326023887173826,0.0385797659815601
NR17F11P0022,NA,0.518698289819177,-0.0127354885942879,NA,-0.0306074841446783,0.100018757270628
NR17F11P0035,NA,0.0936457108795361,0.181934714048183,NA,-0.14603330399736,0.0445015964672534
NR17F11P0036,NA,5.59984423185023,0.0741461990736061,0.917320996079282,0.898926722129584,0.0758470668572839
NR17F11P0060,-0.401100447244453,1.90663835150476,0.232078565406788,0.408307711679239,0.324433216873187,0.0489866888953691
NR17F12P0006,NA,-0.514278326441111,0.00990982069269348,NA,0.257984930023441,-0.112056796998264
NR17F12P0035,NA,-0.863762834762713,0.24520868587595,0.561654349809024,0.540263651703458,0.0645638120885612
NR17F12P0052,NA,NA,-0.164896075557689,NA,-0.0107141674904689,NA
NR17F13P0007,NA,2.7576380370245,0.152932826715733,NA,-0.291326963367772,0.134809511374076
NR17F14P0008,NA,1.70489153337167,0.053611294755289,NA,-0.0266176749992699,0.00267866866204444
NR17F14P0019,NA,3.09580214225165,0.106003499112611,-0.104166352932445,-0.0607292483883642,-0.0292194895858383
NR17F14P0022,NA,1.10507063042945,-0.257331370299485,0.169412366134768,0.27471762193935,0.0968400004103782
NR17F14P0041,NA,NA,NA,NA,0.580379263781867,-0.0750453564626803
NR17F14P0045,NA,-1.7844935914119,NA,NA,0.942615959921544,-0.093551076730472
NR17F14P0048,NA,NA,-0.0854388499893331,NA,NA,-0.122049885942871
NR17F16P0001,NA,-1.63621943596784,0.17001613021293,NA,-0.343083024112416,-0.0332224286574713
NR17F16P0010,NA,1.44747645046286,-0.218542718625102,-0.0123710605041752,-0.0359461404970599,-0.133172164992018
NR17F16P0022,NA,-0.163362825223502,-0.0854388499893331,NA,-0.221672490541622,-0.183488877231939
NR17F16P0028,NA,0.742757495277803,-0.0905396538764873,0.724516965407567,0.717360713737173,-0.064758636010944
NR17F16P0029,NA,-1.5004737532854,-0.132171345654341,-0.29082471846129,0.380728610563713,-0.082030729188981
NR17F16P0031,NA,2.96522185464619,NA,NA,-0.623695819989718,-0.103544165675079
NR17F16P0032,NA,-0.270134053965138,-0.0128745790670517,-0.0952648206426398,-0.0283132250527485,0.00608754775871888
NR17F16P0040,NA,-0.252327318489938,-0.0298187920914843,NA,0.711764320216182,-0.00102247539151391
NR17F16P0044,NA,-2.64942616483559,0.078640320809321,NA,0.393304066530332,0.032287821090511
NR17F16P0048,NA,1.98125672048422,-0.0666645022378018,-0.193987429523324,-0.451002262711585,-0.18858422325657
NR17F17P0020,NA,1.17110457377304,0.115587930698606,NA,0.564475756273066,0.0507935413583025
NR17F17P0022,NA,NA,NA,NA,0.697799988207252,-0.0391442591431646
NR17F17P0032,-0.0388071929208315,2.74159461035816,0.131209217463664,0.330015246557925,0.292866036006846,0.156044681642251
NR17F17P0041,NA,NA,NA,NA,0.697799988207252,-0.0687534115716312
NR17F17P0042,NA,NA,0.38455063924749,NA,0.711764320216182,0.275452985409293
NR17F17P0050,NA,0.320999415893763,NA,NA,-0.319199898312798,-0.0480270048717046
NR17F17P0051,NA,0.721339635592728,-0.0139273469778132,NA,-0.267443837568154,-0.0354431150896063
NR17F17P0053,NA,0.12330054196835,0.166043268934512,NA,0.0927979539988198,0.103719901324187
NR17F17P0054,NA,1.09710770438216,0.0153510564952155,-0.291512792368249,-0.304515738879117,-0.0989879462824054
NR17F18P0015,NA,NA,0.150151823820841,NA,NA,-0.0391442591431646
NR17F18P0025,NA,0.358080446126975,0.0740056237002672,0.241128019859407,0.238447792830438,-0.10764156324694
NR17F18P0056,NA,-1.44346303389056,NA,NA,-0.265448932995449,-0.136854462157104
NR17F18P0062,NA,NA,NA,NA,0.697799988207252,-0.029521284603913
NR17F18P0071,NA,0.255601501613832,0.119414086830291,0.490255339107559,0.460761361338985,-0.0102918117450248
NR17F18P0077,0.685779315726412,0.69928766146959,0.0100531865737182,0.147717392105017,0.241960882764599,0.0351129432123439
NR17F18P0086,0.32348606140279,3.1596768543683,0.143697221117485,0.104570892901167,0.315914255854868,0.105511592863064
NR17F18P0092,NA,1.14144974268424,0.000374953624490801,NA,-0.388854371138947,-0.0813373013537296
NR17F18P0098,NA,-3.61815064707012,0.144987104158898,NA,0.158462617679561,0.063007316735045
NR17F18P0105,NA,1.53684749053506,0.0309659854683077,NA,-0.386859466566243,0.00526946949953517
NR17F18P0109,NA,NA,NA,NA,-0.169916429796978,0.205131248391685
NR17F18P0116,NA,5.80714316732401,NA,NA,0.484846760583395,-0.146477436696356
NR17F18P0123,0.32348606140279,1.76858875167036,0.0861975584481199,0.0685345054582776,-0.0924948254093488,0.163481164925029
NR17F18P0I07,NA,-0.758254064636137,-0.0993293450965871,0.29320319155883,0.30313578202278,-0.0667372118066415
NR17F19P0035,NA,-2.01678976827426,-0.168868936836106,NA,-0.386859466566243,-0.173865902692688
NR17F19P0055,NA,0.00817756741541464,-0.221906601415926,0.160746676728405,0.255211343199613,-0.133425717152152
NR17F19P0057,NA,NA,-0.0433265204381047,NA,NA,-0.133153318103546
NR17F19P0062,NA,-2.07609943045189,-0.12278374600646,NA,0.0370520841087669,-0.115757941051822
NR17F19P0089,NA,-3.45999154792979,0.137041381602062,NA,0.604262389581485,0.139620998643702
NR17F19P0120,NA,0.864192117498957,-0.0851225941247097,-0.0619156983026145,-0.0707984078779365,0.280599071725597
NR17F19P0135,NA,-0.924503489836348,-0.105303156381422,NA,-0.150023113142768,0.0422809100351185
NR17F19P0146,NA,0.957756498554598,0.00974562724121582,-0.340262714052851,-0.0157965384336046,0.0554749761732595
NR17F19P0156,NA,-1.74001134477868,-0.0921927141626433,NA,0.443065222702272,0.0903957827313766
NR17F23P0065,NA,4.22060970407256,-0.0258459308130665,NA,-0.00871926291776462,-0.0909602758929812
NR17F23P0067,NA,0.118358070120214,NA,NA,0.226122185933006,0.0385797659815601
NR17F23P0068,NA,0.330884359590034,-0.0167083498727056,NA,-0.247550520913944,-0.152769381587405
NR17F23P0079,NA,1.00354332332652,0.12779459591657,-0.17443895998888,-0.0278851713632465,0.0688257837675058
NR17F23P0090,NA,-3.86033176762875,-0.167677078452581,NA,0.484846760583395,NA
NR17F23P0121,NA,0.409963909160199,-0.11602988183315,NA,0.462958539356481,-0.0354431150896063
NR17F23P0123,NA,-1.67081673890479,0.0599678728007574,NA,-0.603802503335509,-0.122049885942871
NR17F23P0140,NA,3.39354416178853,0.339804687830606,0.405035117120577,0.546013768877011,0.0771652275902314
NR17F23P0151,NA,NA,NA,NA,NA,-0.150178580749914
NR17F23P0153,NA,-3.27217761770065,0.131479375812277,NA,0.114686175225733,0.100018757270628
NR17F23P0160,NA,1.25512659519135,-0.129140324051929,NA,0.0868132402807071,-0.0750453564626803
NR17F23P0164,NA,1.56155984977574,-0.0989465783359535,NA,-0.458508843965097,-0.0502476913038397
NR17F23P0181,NA,2.06074950643741,NA,NA,-0.482391969764715,0.0111912999852285
NR17F23P0185,NA,NA,NA,NA,NA,-0.0121259075521889
NR17F23P0225,NA,-0.197960128160451,0.053611294755289,NA,-0.362976340766625,0.103719901324187
NR17F23P0226,-0.0388071929208315,4.06808443832048,0.227560822426507,0.108346558342951,0.0501017638771646,0.0875575912850437
NR17F23P0227,NA,0.59283536754121,-0.0325997949863767,NA,-0.671462071588954,-0.00102247539151391
NR17F23P0235,NA,0.642260086022559,-0.00995448569939541,NA,0.136574396452647,0.124816422429469
NR17F23P0251,NA,1.05742772126593,0.126314656150334,NA,-0.434625718165479,0.0704096048421616
NR17F23P0271,NA,-3.15850076519353,NA,NA,0.202239060133388,0.175522095963218
NR17F23P0292,NA,2.14971399970385,-0.0405455175432122,NA,0.156467713106857,-0.113167140214331
NR17F24P0065,NA,-2.15023650817392,NA,NA,-0.317204993740094,-0.0909602758929812
NR17F24P0128,NA,1.42863440247274,0.513238714197161,-0.40244662182684,-0.117341055042597,0.222867833368376
NR17F24P0141,NA,1.69994906152353,-0.0298187920914843,NA,0.379395463594235,0.147023286750819
NR17F24P0262,NA,-0.395659002085865,0.025006693550681,NA,0.369420940730714,NA
NR17F24P0441,NA,3.05418634791262,0.281256246008627,NA,-0.00672435834506038,-0.00731442028256313
NR17F24P0462,NA,1.871502262481,0.121638467540383,-0.233661729297441,-0.0762397030818142,0.170359603039312
NR17F24P0498,NA,3.64728296968886,0.00712881779780103,NA,0.0908030494261154,0.0852141810563949
NR17F24P0504,NA,-0.968985736469565,-0.0894117112677509,NA,-0.241565807195831,-0.0354431150896063
NR17F24P0514,NA,0.498928402426637,0.268145803789849,NA,0.182345743479179,0.139620998643702
NR17F24P0568,NA,2.35729781732554,0.146178962542423,NA,1.42426828505931,0.256947265141501
NR17F25P0059,NA,3.40510184913023,0.0957236243065174,NA,0.488836569728804,0.106310702161677
NR17F25P0065,NA,-0.445083720567218,-0.0763012690489722,NA,0.731657636870391,0.032287821090511
NR17F26P004,NA,2.07063445013368,NA,NA,0.210218678424205,0.312464425944876
NR17F26P0062,NA,9.30641323580385,0.340849165184894,NA,-0.0803686403166185,0.22955879914517
NR17F26P0072,NA,-0.833202216479661,-0.0770208681075332,0.154378730469855,0.841726589655841,0.124910773931872
NR17F26P0093,NA,2.6540030323008,0.251131745900871,0.39958531973513,0.504311261334361,0.247391024438905
NR17F26P0121,NA,-0.262212262186211,-0.0496830984835731,NA,0.612242007872302,0.0815130370028366
NR17F26P0142,NA,1.78891355478997,0.336876303906476,NA,0.427161715193471,NA
NR17F26P0234,NA,0.815246600707299,NA,NA,-0.339093214967008,-0.0391442591431646
NR17F26P0235,NA,2.42649242319943,NA,NA,0.590353786645388,0.318386256430569
NR17F27P0043,NA,-2.22931605774409,-0.159731355895745,NA,-0.104251766116236,-0.127971716428564
NR17F30P0003,NA,-0.148535409679095,0.175180849874873,NA,0.829185044641568,0.188846214556028
NR17F30P0046,NA,2.42649242319943,0.195045156266962,NA,0.415192287757246,-0.0206385388753729
NR17F30P0060,NA,0.716397163744595,-0.106892300892789,NA,0.46694834850189,-0.093551076730472
NR17F30P0068,NA,1.24029917964694,0.42944397169361,NA,0.612242007872302,0.159237062127562
NR17F30P0076,0.32348606140279,1.51609805612124,0.174275144313993,-0.0162599585434059,0.317418672775352,0.452958462136482
NR17F30P0092,NA,-3.18815559628234,0.224444329727253,NA,0.470938157647298,0.0607866303029101
NR17F31P0037,NA,1.67029423043472,NA,NA,0.112691270653029,0.114823333484861
NR17F32P0008,NA,-4.19147738145382,-0.019489352767598,NA,0.809291727987358,0.238441544873709
NR17F32P0013,NA,3.93888880872885,-0.0445183788216301,NA,0.22811709050571,0.0111912999852285
NR17F32P0020,NA,1.56650232162388,0.229609049389196,NA,-0.152018017715472,-0.0628315810859379
NR17F32P0031,NA,1.68512164597912,0.229609049389196,NA,0.534607916755335,-0.00657419147185154
NR17F33P0049,NA,0.780649297770353,0.0230202629114721,NA,-0.17590114351509,-0.176086589124823
NR17F33P0059,NA,-0.625565522657656,0.075355151836768,0.0288519079739232,-0.0456262941871911,0.256012649713759
NR17F33P0069,NA,3.57808836381497,0.0865860433661565,NA,-0.601807598762805,-0.130562517266055
NR17F33P0077,NA,1.59479058233771,0.270470526809042,0.0468517088043857,0.0317502039089349,0.108337193607703
NR17F33P0079,NA,4.41764786610159,-0.0185504635374823,-0.096077653649998,0.287827274673337,0.0548767374424531
NR17F34P0005,NA,1.09696749605101,0.230800907772722,NA,-0.243560711768536,0.0396901091976276
NR17F36P0028,NA,-1.37426842801667,0.172797133107822,NA,0.0848183357080028,-0.0909602758929812
NR17F36P0066,NA,-0.613127763403821,0.0996964855849352,NA,0.210218678424205,0.0544946854118609
NR17F37P0025,NA,-1.80426347880444,-0.113248878938258,NA,-0.364971245339329,NA
NR17F37P0048,NA,-2.19966122665527,-0.12278374600646,NA,0.206228869278797,-0.0872591318394228
NR17F37P0078,NA,-0.692207312973987,-0.0496830984835731,NA,-0.436620622738183,-0.168684301017706
NR17F37P0084,NA,NA,0.144987104158898,NA,0.343542910358392,0.0137821008227194
NR17F37P0121,NA,NA,NA,NA,0.319659784558774,-0.150178580749914
NR17F39P0005,NA,NA,-0.0345862256255856,NA,NA,NA
NR17F39P0020,NA,-1.06783517343227,-0.019489352767598,NA,-0.00672435834506038,0.0237751897673268
NR17F39P0034,NA,-2.47149717830272,0.197826159161854,NA,1.03415865397461,0.153315231641868
NR17F39P0037,NA,-4.54239288267144,-0.0961655754410611,NA,0.462958539356481,-0.146477436696356
NR17F39P0051,NA,-5.97570971863069,-0.0592179655517758,NA,0.582374168354571,-0.0576499794109562
NR17F39P0062,NA,0.236977394475461,0.156905687994151,NA,0.486841665156099,-0.140555606210663
NR17F39P0073,NA,-0.810826637329237,0.083805040471264,NA,0.110696366080325,0.0274763338208851
NR17F39P0101,NA,1.83833827327132,-0.0592179655517758,NA,-0.247550520913944,0.0593061726814868
NR17F39P0107,NA,-1.17656955409125,NA,NA,0.013168958309149,-0.109465996160773
NR17F39P0110,NA,0.642260086022559,0.0122935374597441,NA,0.271893532959538,NA
NR17F39P0115,NA,-3.2375803147637,0.0468574305819788,NA,0.343542910358392,-0.130562517266055
NR17F39P0129,NA,-3.60332323152571,NA,NA,0.697799988207252,-0.173125673881976
NR17F39P0131,NA,-2.33310796655493,0.0599678728007574,NA,-0.173906238942386,-0.0443258608181464
NR17F39P0133,NA,-2.49126706569526,0.0639407340791752,NA,-0.00871926291776462,-0.136854462157104
NR17F39P0140,NA,3.23705780629362,0.0853941849826312,NA,NA,0.0111912999852285
NR17F39P0144,NA,-0.543933157529927,-0.105303156381422,NA,-0.199784269314708,NA
NR17F39P0192,NA,3.5218186857816,-0.21425794622254,1.07212414611048,0.962748679124593,0.0314730058146392
NR17F39P0196,NA,-0.277039677730618,-0.12278374600646,NA,-0.128134891915854,-0.109465996160773
NR17F39P0205,NA,-1.96242257794477,0.0798321791928463,NA,0.253995120878033,-0.0787465005162387
NR17F39P0210,NA,NA,0.0655298785905423,NA,NA,0.00156832544597682
NR17F39P0212,NA,-4.40400367092364,-0.164896075557689,NA,0.0589403053356807,NA
NR17F39P0214,NA,2.01626725980419,0.381769636352597,NA,0.253995120878033,0.102609558108119
NR17F39P0219,NA,-2.00196235272986,-0.138675191120131,NA,-0.434625718165479,-0.127971716428564
NR17F39P0220,NA,-1.2951888784465,0.218882323937468,NA,0.677906671553043,-0.0465465472502813
NR17F39P0230,NA,-0.316579452515698,0.0508302918603966,NA,-0.221672490541622,-0.0380339159270972
NR17F39P0231,NA,2.13488658415944,-0.0921927141626433,NA,0.325644498276886,0.0482027405208118
NR17F39P0252,NA,-2.62965627744305,0.242719491607975,NA,0.180350838906475,0.0163729016602101
NR17F39P0261,NA,-4.01849086676909,0.0202392600165797,NA,-0.173906238942386,-0.0813373013537296
NR17F39P0266,NA,NA,0.124328225511125,NA,NA,NA
NR17F39P0270,NA,0.681799860807646,-0.127948465668403,NA,0.114686175225733,-0.0269304837664222
NR17F39P0275,NA,-4.73514928474871,-0.164896075557689,NA,0.44705503184768,-0.029521284603913
NR17F39P0277,NA,-0.865193827658723,0.334095301011584,NA,0.0689148281992017,0.0111912999852285
NR17F39P0298,NA,-0.731747087759067,-0.142648052398549,NA,2.21640124559211,0.147023286750819
NR17F39P0299,NA,0.0145661613093692,-0.131921326946821,NA,-0.12613998734315,NA
NR17F39P0303,NA,1.18098951746932,-0.10927601765984,NA,-0.575929568390483,-0.0909602758929812
NR17F39P0307,NA,-2.19471875480714,-0.172841798114524,NA,-0.366966149912034,NA
NR17F39P0314,NA,-2.71367829886135,-0.0147219192334967,NA,0.46694834850189,-0.0602407802484471
NR17F39P0315,NA,NA,0.0865860433661565,NA,0.697799988207252,-0.130562517266055
NR17F39P0341,NA,-0.113938106742149,0.133068520323645,NA,0.226122185933006,0.0507935413583025
NR17F39P0343,NA,0.750994466681544,0.172797133107822,NA,0.558491042554953,0.100018757270628
NR17F39P0350,NA,NA,-0.127948465668403,NA,-0.0266176749992699,0.0111912999852285
NR17F39P0362,NA,2.05580703458927,-0.149004630444018,NA,0.582374168354571,-0.029521284603913
NR17F39P0371,NA,0.84428480238074,0.00979661171124909,0.161541392842243,0.286615590609295,0.213508960486484
NR17F39P0383,NA,0.686742332655779,0.102477488479828,NA,0.723678018579574,-0.023229339712864
NR17F39P0405,NA,-0.677379897429578,0.229609049389196,NA,0.252000216305328,0.0618969735189775
NR17F39P0412,NA,5.13496699597761,0.164056838295303,NA,0.391309161957628,-0.0602407802484471
NR17F39P0441,NA,1.64558187119404,-0.10927601765984,NA,-0.1957944601693,-0.0306316278199805
NR17F39P0485,NA,0.923980981366277,-0.0723284077705545,NA,0.946605769066953,-0.00842476349863055
NR17F39P0512,NA,-0.776229334392285,NA,NA,-0.341088119539711,-0.0813373013537296
NR17F39P0556,NA,-2.88172234169795,-0.138675191120131,NA,-0.623695819989718,-0.122049885942871
NR17F3P0060,NA,0.18137120894394,0.12529939939271,0.121674886553924,0.0978366111050293,0.158319952462518
NR17F40P0048,NA,2.64396118451738,NA,NA,0.202239060133388,-0.0480270048717046
NR17F41P0006,NA,0.177667732297836,-0.168868936836106,NA,0.441070318129568,0.0704096048421616
NR17F41P0069,NA,3.07278677418694,0.0045141131823044,-0.00868525451036049,0.270981283273136,0.0564151967218833
NR17F41P0096,NA,NA,-0.12278374600646,NA,0.697799988207252,-0.0998430216215212
NR17F41P0099,NA,2.92073960801296,0.166043268934512,NA,0.488836569728804,-0.0702338691930546
NR17F41P0102,NA,-0.588415404163143,0.0361307051302508,NA,0.872961487095395,0.0607866303029101
NR17F42P0060,NA,-2.11563920523697,-0.0743148384097634,NA,NA,-0.100953364837589
NR17F42P0064,-0.0388071929208315,0.63236735356088,0.103286755634112,0.0765230924764891,-0.042094491679261,0.0929640413258001
NR17F42P0242,NA,-0.998640567558379,-0.00995448569939541,NA,0.112691270653029,-0.0195281956593056
NR17F43P0005,NA,-1.56702483009395,0.0468574305819788,NA,0.0868132402807071,-0.0417350599806555
NR17F43P0014,NA,-0.677379897429578,0.125122797766809,NA,-0.721223227760894,-0.0687534115716312
NR17F43P0019,NA,-1.63621943596784,0.106450349758245,NA,-0.0266176749992699,-0.0195281956593056
NR17F43P0032,NA,0.876845688838196,0.0911881672391582,-0.351168787899949,0.155361233654635,0.0271846849440424
NR17F43P0043,NA,-0.242442374793669,0.113204213931556,NA,-0.410742592365861,0.172931295125727
NR17F43P0071,NA,-2.49620953754339,0.0242121212949975,NA,0.470938157647298,0.0581958294654191
NR17F43P0072,NA,0.434676268400879,0.0520221502439219,NA,0.41718719232995,0.0940969267849349
NR17F43P0115,NA,-2.60988639005051,0.0520221502439219,NA,0.584369072927275,0.0519038845743701
NR17F43P0133,NA,0.212265035234785,0.441362555528864,NA,0.234101804223823,0.21623468055236
NR17F43P0135,NA,-0.133429642929557,-0.0415776283557798,-0.376596072173516,-0.262872700097965,0.0308947159926217
NR17F43P0136,NA,NA,NA,NA,-0.289332058795067,0.147023286750819
NR17F43P0148,NA,0.0738758234869962,0.0496384334768712,NA,-0.0564855145170005,-0.00842476349863055
NR17F44P0004,NA,-1.52748505530886,NA,NA,-0.530158221363951,-0.122049885942871
NR17F46P0041,NA,1.32432120106524,0.166043268934512,NA,-0.14603330399736,0.133329053752653
NR17F46P0070,NA,1.26501153888762,0.121149936488391,NA,0.188330457197291,0.063007316735045
NR17F46P0074,NA,-1.91299785946342,0.0957236243065174,NA,-0.319199898312798,-0.109465996160773
NR17F47P0010,NA,1.03271536202526,0.0826131820877388,NA,-0.432630813592775,-0.0539488353573979
NR17F47P0038,NA,1.88776299175267,-0.142648052398549,NA,0.451044840993089,0.00749015593167014
NR17F47P0062,NA,-2.64944900086723,-0.233530306756553,-0.21891003135099,-0.12677070225919,-0.143247932167554
NR17F47P0084,NA,-1.50771516791632,0.0361307051302508,NA,-0.0306074841446783,0.0111912999852285
NR17F47P0263,NA,NA,NA,NA,0.36742603615801,0.0667084607886033
NR17F47P0265,NA,-2.55057672787288,-0.139867049503657,NA,0.329634307422295,-0.144256750264221
NR17F47P0305,NA,-4.16676502221315,0.119560791977024,NA,-0.00672435834506038,-0.0750453564626803
NR17F47P0342,NA,0.281459641108681,0.00990982069269348,NA,0.327639402849591,-0.0480270048717046
NR17F47P0386,NA,-1.2951888784465,NA,NA,-0.532153125936655,-0.129452174049988
NR17F49P0021,NA,-0.924503489836348,-0.167677078452581,NA,0.0828234311352987,-0.168684301017706
NR17F49P0061,NA,-2.0365596556668,-0.11602988183315,NA,0.186335552624587,0.032287821090511
NR17F4P0020,NA,1.38256902436242,-0.0511379578636673,-0.411762905132738,-0.346840217440841,-0.178569281426024
NR17F50P0054,NA,1.00306053093644,0.159289404761202,NA,0.234101804223823,0.174041638341795
NR17F50P0056,NA,-1.70541404184174,0.334095301011584,NA,-0.0345972932900868,0.0359889651440694
NR17F54P0196,NA,-1.4632329212831,-0.0564369626568833,NA,-0.00273454919965219,-0.0750453564626803
NR17F5P0003,-1.1256869558917,1.7587412674768,0.198276222289309,-0.0618240191228756,0.0662060134562907,0.0888411236580583
NR17F5P0006,NA,0.310884971636103,NA,0.181638047023058,0.209681746413791,-0.090415311468037
NR17F5P0008,NA,-1.31001629399091,NA,NA,0.44705503184768,0.187735871339961
NR17F6P001,NA,-1.15185719485057,-0.141058907887182,NA,0.445060127274976,0.0755912065171434
NR17F6P0011,-1.1256869558917,2.35054841587331,0.144578950451786,0.723838018567301,0.558589955136516,0.111719318317316
NR17F7P0011,0.32348606140279,-0.764416094490993,-0.121482586580223,0.382380750824592,0.0666046045741433,-0.00430232418948145
NR17F7P0020,NA,-0.0754331560811274,0.0127412298964348,-0.0767213906297548,0.102066222244865,0.142167986981902
NR17F7P0023,NA,0.405021437312066,NA,NA,-0.17590114351509,-0.159061326478454
NR17F8P0001,NA,1.92236029468962,-0.129140324051929,NA,0.474927966792707,0.032287821090511
NR17F8P0003,-0.401100447244453,-0.981910695771771,-0.0698030206353172,0.197359629416164,-0.103359027392181,-0.0167771220495578
NR17F8P0005,NA,2.7576380370245,-0.0484912401000478,NA,0.439075413556863,-0.0650522675180729
NR17F8P0028,-0.763393701568075,2.11173330924477,-0.0428022981411907,0.00552511615754168,0.12540282956595,-0.000935408557021696
NR17F8P0061,0.685779315726412,-0.831210109034924,0.11593992239191,0.291521937494781,0.0698004712230139,0.111731876790758
NR17F9P0020,NA,NA,-0.000816904759034537,NA,0.697799988207252,-0.0861487886233553
NR18C2bF101P0001,NA,-0.951471980927973,0.105788342238925,-0.426408575186457,-0.223721428404706,-0.022006302234576
NR18C2bF101P0005,NA,2.90859853246575,-0.0849089991251279,-0.463820991410108,0.108647428217241,NA
NR18C2bF102P0039,NA,NA,-0.0332618025056968,-0.154984033055169,0.275829308814567,-0.0564269419326684
NR18C2bF106P0015,NA,-1.55586740471091,-0.174984287508629,0.162398202696771,-0.0732929442395928,0.0708919847606972
NR18C2bF108P0002,NA,-0.378145246544269,-0.0213432186704435,-0.151218188164828,0.393250033239952,NA
NR18C2bF10P0015,NA,-2.42927106352045,-0.0833198546137608,0.395396740988091,0.291732816323368,0.0631200109972654
NR18C2bF10P0019,NA,-0.326106887325341,-0.0683182203872036,0.379464423685103,0.711557678669527,0.0559238724548738
NR18C2bF110P0011,NA,1.04528664571871,-0.0384265221676399,0.268096112755774,0.341493972495308,-0.0749326622004601
NR18C2bF110P0055,NA,-0.645038726343579,-0.0928547216819634,-0.141926592278855,-0.436674656028563,NA
NR18C2bF110P0075,NA,3.11618235008743,-0.10318416100585,-0.0763933557175255,-0.29537080580356,0.00390170614033223
NR18C2bF110P0081,NA,-0.0914818793524179,-0.0674284095000897,-0.0108601191561965,0.204179931415713,-0.0723418613629692
NR18C2bF111P0006,NA,NA,-0.0940465800654888,0.260564422975092,0.369366907440334,0.0460947483508971
NR18C2bF111P0010,NA,1.2528704633404,-0.0106164932187155,0.157618770190112,0.309659092941289,-0.00461092518285195
NR18C2bF116P0001,NA,0.659773841564154,0.131214654420799,0.239975292418096,0.0111200204460652,-0.0442131665559259
NR18C2bF11P0005,NA,-2.04757808813099,-0.065178778822402,0.235476429654405,0.275050769428648,-0.033507160020494
NR18C2bF11P0007,NA,0.168106084527119,-0.184946480837016,0.306513423222377,0.463478282716615,0.00527174366559004
NR18C2bF12P0010,NA,-1.23813534811982,-0.00783549032382308,-0.261695530730489,-0.414786434801649,0.0138947950849397
NR18C2bF134P0009,NA,-1.93808785498077,-0.00717667544379053,0.533614386294183,0.531609147843941,0.0608236012173775
NR18C2bF135P0043,NA,0.531269573512636,NA,0.107148913190147,0.745512206516108,-0.0786338062540184
NR18C2bF135P0089,NA,-3.62040677892107,0.160216541753249,-0.270987126616463,0.391255128667248,0.0127844518688721
NR18C2bF139P0003,NA,1.02057428647804,0.201137012920952,0.309274373869766,0.556442104691869,0.0583085237276395
NR18C2bF13P0003,NA,1.05022911756685,0.0318931224603547,0.453398287768738,0.269844595096454,0.0090833078153139
NR18C2bF13P0005,NA,NA,-0.0413335498564802,0.265710947520733,-0.0290072281091939,NA
NR18C2bF141P0005,NA,-0.61538389525477,-0.111129883562685,0.0855568132406261,0.273834404241863,-0.024226988666711
NR18C2bF141P0006,NA,NA,0.0517574288524435,0.0227864521771135,0.399234746958065,0.050906235620523
NR18C2bF143P0004,NA,-0.135964125985641,-0.043591241829583,0.0509072725147913,-0.0346513265804664,-0.0712315181469017
NR18C2bF144P0006,NA,1.86987851423291,NA,0.0110418415439713,0.400606882054017,0.112646193322155
NR18C2bF144P0011,NA,2.17217022709358,0.193191290364116,0.137029639633116,0.297717530041481,0.0386924602437804
NR18C2bF148P0010,NA,-1.29886630833441,NA,0.206028429076841,2.02861271648524,0.274530008196847
NR18C2bF148P0012,NA,0.368168002524172,-0.0372346637841146,-0.00709427426585584,0.0350031462456831,-0.0775234630379509
NR18C2bF148P0021,NA,NA,-0.0185622157755511,0.0471414276244505,0.301707339186889,0.0546073796740813
NR18C2bF148P0023,NA,0.467017439486879,-0.11669188935247,0.913890849803332,0.839049805141876,NA
NR18C2bF151P0002,NA,-1.24307781996796,0.0291121195654622,-0.336520363177792,0.41713315903957,0.079405044832922
NR18C2bF152P0002,NA,NA,0.329857718341688,-0.0520383802701886,-0.0585344523800843,0.0916188202096644
NR18C2bF152P0020,NA,-0.392972662088676,-0.0781551349518177,0.442100753097715,0.180296805616095,0.0668211550508236
NR18C2bF153P0005,NA,-0.353432887303592,-0.0781551349518177,0.956829017022615,0.753491824806926,0.0386924602437804
NR18C2bF154P0007,NA,-0.536304345684601,-0.0809361378467101,0.385102175709593,0.649979703317637,0.028699371299173
NR18C2bF158P0002,NA,1.29917310480848,-0.13859669866485,0.0883070779235681,0.122339251009489,-0.0154960417177813
NR18C2bF162P0010,NA,0.339083038593127,0.0198319375798378,0.232186985249949,0.602687901853781,0.155360808980052
NR18C2bF171P0003,NA,4.13433155080331,-0.0316726579943297,-0.587355774752084,0.0608811766180055,-0.000909781129293603
NR18C2bF175P0002,NA,1.91516169099054,0.00249394900006317,0.281153553532088,0.584315039636896,-0.0294085903416926
NR18C2bF175P0003,NA,0.620234066779072,0.236892764426712,0.177204931354583,0.196228177661312,0.139733692905923
NR18C2bF175P0008,NA,2.55768303124814,-0.10318416100585,-0.0520383802701886,-0.0585344523800843,NA
NR18C2bF175P0012,NA,-0.941587037231701,0.221001319313041,-0.467586836300449,-0.199838302605088,NA
NR18C2bF175P0014,NA,1.06505653311125,-0.0372346637841146,-0.168041473831483,0.653969512463045,-0.0379212216648768
NR18C2bF175P0017,NA,0.133353428796749,NA,-0.377580764166449,1.47226560165231,0.0922046767052447
NR18C2bF175P0019,NA,2.27596213590442,0.24086562570513,-0.0932166413841807,-0.249599458777028,0.0164855959224305
NR18C2bF175P0037,NA,0.16412462150348,0.0204960838017303,0.99209194442292,0.171552862278416,-0.0639048523140836
NR18C2bF175P0040,NA,-1.96467870979572,NA,-0.179339008502505,-0.29537080580356,0.0361016594062897
NR18C2bF175P0045,NA,NA,0.03308498084388,-0.299107946954141,-0.321248836175882,-0.033109734395251
NR18C2bF176P0024,NA,NA,-0.10993802517916,-0.319697077511136,0.275829308814567,NA
NR18C2bF176P0030,NA,2.41929381950035,-0.113910886457578,-0.336520363177792,0.249951278442245,NA
NR18C2bF176P0033,NA,-0.126079182289367,-0.0304807996108044,0.647992058667675,1.11173871180119,NA
NR18C2bF177P0002,NA,NA,-0.0237269354374942,-0.168041473831483,0.510670757665338,0.0546073796740813
NR18C2bF177P0004,NA,-0.892162318750348,-0.0849089991251279,0.243741137308437,1.25104765745349,0.0757039007793637
NR18C2bF182P0007,NA,-0.338605471759187,0.00805595478984806,-0.381464469182124,0.419128063612274,-0.0479143106094843
NR18C2bF190P0005,NA,-0.254583450340885,-0.0849089991251279,-0.134394902498173,-0.369015087775117,-0.0786338062540184
NR18C2bF193P0004,NA,-0.971241868320515,0.172135125588502,0.758469401233337,0.630086386663427,0.0483154347830321
NR18C2bF198P0002,NA,-0.150791541530042,0.0914860416366213,0.2193861618611,-0.251594363349732,NA
NR18C2bF19P0007,NA,-0.0717119919598805,-0.105965163900742,-0.0688616659368438,-0.0844124827524065,-0.0231166454506436
NR18C2bF1P0058,NA,0.419553536505121,0.0231526686893003,0.0965268425488281,0.0916748886043132,0.0229789165362036
NR18C2bF1P0081,NA,NA,0.0873871555642556,-0.168455847807154,0.537348118260937,NA
NR18C2bF200P0003,NA,NA,0.06884073234964,0.52822312021604,0.512665662238042,-0.0479143106094843
NR18C2bF205P0010,NA,0.012310029458422,NA,0.565635536439691,0.275829308814567,-0.0294085903416926
NR18C2bF223P0002,NA,-0.269410865885294,-0.0741822736733999,-0.151218188164828,-0.251594363349732,-0.0723418613629692
NR18C2bF228P0014,NA,0.513735114178004,NA,-0.077335510387459,-0.0094138254602383,-0.0101206067777183
NR18C2bF22P0013,NA,-0.17550390077072,-0.0968275829603812,-0.179339008502505,-0.414786434801649,NA
NR18C2bF249P0009,NA,1.66309562673563,-0.0610718314546212,0.041615676628818,0.508675853092633,0.00390170614033223
NR18C2bF24P0004,NA,-0.71917580406561,NA,-0.126863212717491,0.0330082416729789,0.00168101970819726
NR18C2bF255P0002,NA,1.3368924847587,NA,-0.319697077511136,-0.285424147476455,-0.0416223657184351
NR18C2bF255P0008,NA,0.555981932753314,-0.0849089991251279,-0.179339008502505,-0.390903309002031,NA
NR18C2bF255P0012,NA,1.22321563225159,0.144325096639578,-0.00709427426585584,0.297717530041481,0.0113039942474489
NR18C2bF255P0014,NA,1.98895452009138,NA,-0.981673910645502,-0.425649768301469,0.0696778132871995
NR18C2bF258P0001,NA,NA,NA,-0.788123169857506,-0.835621499308623,-0.117689396254885
NR18C2bF258P0005,NA,-1.78180725141471,0.0223582553921521,0.470221573435393,0.510670757665338,NA
NR18C2bF258P0011,NA,0.368168002524172,0.144325096639578,0.445866597988056,0.273834404241863,-0.0538361410951777
NR18C2bF260P0001,NA,-1.67307287075574,-0.0809361378467101,0.661049499443989,0.0409878599637959,NA
NR18C2bF26P0001,NA,NA,-0.095364463242962,0.1652740638366,0.34400322092376,NA
NR18C2bF277P0006,NA,-0.936644565383568,-0.0769632765682923,-0.364641183515469,-0.199838302605088,-0.000909781129293603
NR18C2bF280P0001,NA,2.95308077909896,-0.0702094123949821,0.232443602637415,-0.534202063799739,NA
NR18C2bF283P0010,NA,3.60548706305283,-0.0769632765682923,0.247506982198778,0.389260224094544,0.017595939138498
NR18C2bF284P0004,NA,-0.0914818793524179,-0.0582908285597288,0.35798432476444,0.671867924544551,0.0120442230581605
NR18C2bF284P0005,NA,1.59884349270988,0.00527495189495562,0.170676210966427,-0.0565395478073802,-0.0749326622004601
NR18C2bF286P0004,NA,2.78009426441423,-0.120664750630888,0.251272827089119,0.506680948519929,-0.0231166454506436
NR18C2bF286P0007,NA,NA,0.141544093744685,0.129497949852435,0.206174835988417,0.00538216376175561
NR18C2bF286P0008,NA,1.21333068855532,0.0211663970086267,0.0958513785191241,0.07082783494511,-0.022006302234576
NR18C2bF287P0002,NA,NA,-0.0968275829603812,-0.409585289519802,0.11263723736265,0.0261085704616821
NR18C2bF287P0004,NA,NA,0.00805595478984806,0.0340839868481362,-0.227711237550114,0.00168101970819726
NR18C2bF287P0006,NA,1.0996538360482,-0.113910886457578,0.125732104962093,0.423117872757683,NA
NR18C2bF287P0007,NA,2.02883854349765,0.124460790247489,-0.329991642789635,-0.3451319619755,0.0201867399759888
NR18C2bF287P0008,NA,NA,0.206699018710737,-0.26546137562083,0.0648709857634139,0.0831061888864804
NR18C2bF287P0010,NA,-1.48525894052659,-0.0849089991251279,0.0265522970674545,-0.247604554204324,NA
NR18C2bF287P0015,NA,1.77183000739461,0.0517574288524435,0.140795484523457,0.653969512463045,-0.0416223657184351
NR18C2bF287P0017,NA,-0.813082769180184,0.0450035646791333,1.2694318202679,0.894795675031929,0.161940557227273
NR18C2bF287P0018,NA,-0.363317830999868,0.0183853941137343,-0.0688616659368438,0.0827693978449191,0.00760285019389058
NR18C2bF287P0019,NA,2.48848842537424,-0.0940465800654888,0.569401381330032,0.560431913837278,-0.0268177895042019
NR18C2bF289P0005,NA,1.58401607716547,0.352105741500827,-0.529354227971437,-0.0804226736069981,0.174154332604015
NR18C2bF293P0001,NA,-2.06847061860657,-0.0515369643864186,-0.0688616659368438,-0.203828111750496,-0.0590177427701593
NR18C2bF295P0001,NA,NA,0.243646628600022,0.138032609025641,0.38726531952184,0.0979107651007136
NR18C2bF296P0001,NA,2.6174112176778,NA,0.551840583390336,0.532976002248057,0.0108049969705658
NR18C2bF299P0001,NA,0.83770282809703,-0.0849089991251279,-0.270987126616463,-0.2058230163232,-0.0786338062540184
NR18C2bF300P0001,NA,1.94975899392749,-0.112719028074052,0.161384615080453,0.0927160561720237,-0.0812246070915092
NR18C2bF301P0003,NA,3.57663459820445,NA,-0.514827070806656,1.93988528637221,0.281888996316981
NR18C2bF301P0009,NA,1.55436124607666,-0.0968275829603812,-0.147452343274487,0.0807744932722147,0.0979107651007136
NR18C2bF302P0003,NA,1.51482147129158,-0.0582908285597288,0.0134948562911402,0.655964417035749,0.0446142907294738
NR18C2bF303P0015,NA,1.96952888132003,0.0847321774633111,0.153852925299771,0.634076195808836,0.0668211550508236
NR18C2bF303P0017,NA,-1.61870568042625,-0.0384265221676399,0.610579642444024,1.22915943622658,-0.0268177895042019
NR18C2bF303P0018,NA,0.0963320508767245,0.00805595478984806,0.466455728545052,0.691789105735176,0.0298097145152404
NR18C2bF303P0019,NA,2.13118419375568,NA,0.911332547195689,1.70456365970329,0.152106950497115
NR18C2bF303P0020,NA,0.98214366524858,NA,2.39722410081213,3.3566965192802,0.182969681228544
NR18C2bF315P0001,NA,NA,-0.100926469032747,-0.318246102804477,0.514612899227554,NA
NR18C2bF317P0010,NA,1.11550326541355,0.197380360899099,0.534805892235256,-0.096648944447542,-0.0672572051124608
NR18C2bF317P0011,NA,NA,-0.0729904152898746,0.421511622540719,-0.321248836175882,NA
NR18C2bF317P0013,NA,NA,-0.107157022284267,-0.0558042251605293,-0.486435812200503,NA
NR18C2bF317P0022,NA,-1.74720994847777,0.270264799165421,0.108908819295439,-0.343137057402796,0.0879176761561061
NR18C2bF324P0003,NA,1.92941651716215,NA,-0.440004171012155,0.799324179846038,0.0100482246672608
NR18C2bF326P0001,NA,1.47999815081796,0.0791623334022344,0.218360454499968,0.0964431513378683,0.0471201978617378
NR18C2bF336P0014,NA,1.9794138250163,0.0358659837387725,0.545046405882695,0.896790579604633,0.217457718030647
NR18C2bF338P0005,NA,0.738853391134321,-0.105965163900742,0.236209447527755,0.0369980508183874,-0.0390315648809443
NR18C2bF345P0006,NA,-0.824121262259549,0.149340450848875,0.139044245604574,0.122233095286361,0.0325872371944064
NR18C2bF347P0004,NA,0.00736755761028639,-0.0872927158921785,0.552578095663377,0.558437009264573,-0.0231166454506436
NR18C2bF349P0006,NA,-0.42262749317749,0.00924781317337336,-0.229808865502471,0.534553883464955,-0.0168247005595944
NR18C2bF34P0001,NA,0.298973396650274,-0.00386262904540529,0.0303181419577954,-0.321248836175882,-0.0575372851487359
NR18C2bF351P0001,NA,2.64170505266644,0.230536186381243,-0.0726275108271845,0.132530554016859,0.131221061582738
NR18C2bF351P0005,NA,0.536212045360769,-0.0570989701762035,-0.594887464532766,-0.532207159227035,-0.0390315648809443
NR18C2bF354P0006,NA,NA,-0.043591241829583,NA,NA,-0.0601280859862267
NR18C2bF355P0003,NA,0.130929353813669,NA,0.487044859102048,0.0827693978449191,0.00168101970819726
NR18C2bF356P0004,NA,0.190239015991296,0.274237660443839,0.16791333546861,0.154418775243773,0.0571981805115721
NR18C2bF358P0005,NA,NA,-0.0316726579943297,-0.429171450684274,0.632081291236131,-0.0501349970416193
NR18C2bF359P0010,NA,-2.14755016817673,0.393423498796372,-0.274752971506804,0.870912549232311,NA
NR18C2bF360P0004,NA,-1.30732995399372,0.337803440898523,0.150087080409431,0.456947656884405,0.14084403612199
NR18C2bF360P0006,NA,-0.862507487661537,0.0144125328353165,0.11644050907612,-0.0605293569527885,NA
NR18C2bF361P0012,NA,NA,NA,-1.38691739643956,-1.34925490841689,-0.0169373965067959
NR18C2bF363P0009,NA,1.49280449568106,NA,1.45314426752961,3.56601682506629,0.180518695663085
NR18C2bF364P0009,NA,NA,0.286030219485144,0.0390142437615586,-0.0335670099896607,NA
NR18C2bF365P0007,NA,4.76891560885139,0.0740705457010585,-0.172759670538972,0.81522403185509,0.0252238602660462
NR18C2bF366P0020,NA,1.54447630238039,-0.0173703573920257,0.264330267865433,0.152423870671069,-0.0601280859862267
NR18C2bF369P0009,NA,-1.63353309597065,-0.123048467397939,0.232443602637415,-0.00877329620814444,NA
NR18C2bF36P0008,NA,-0.753773107002557,-0.0714012707785074,-0.663183576591911,-0.29537080580356,-0.0723418613629692
NR18C2bF370P0004,NA,-1.04537894604254,0.210671879989154,-0.344052052958473,0.158408584389181,0.159349756389782
NR18C2bF377P0002,NA,-1.33865291502541,-0.110340721911092,0.365731435261258,0.442162685965244,-0.0296963936978637
NR18C2bF381P0003,NA,0.323685755890949,-0.0237269354374942,0.271861957646115,0.506680948519929,-0.0294085903416926
NR18C2bF382P0012,NA,NA,-0.0610718314546212,0.548812250773036,0.870912549232311,0.159349756389782
NR18C2bF384P0002,NA,-0.501707042747654,0.0887050387417288,-0.11104289644336,-0.173960272232766,0.0483154347830321
NR18C2bF393P0005,NA,1.10459630789634,-0.0213432186704435,0.621877177115047,0.554447200119165,-0.0194155013970853
NR18C2bF394P0017,NA,0.205066431535705,-0.100800444238799,0.346686790093417,0.176306996470687,0.0731130999418728
NR18C2bF3P0002,NA,0.536212045360769,-0.090073718787071,0.0471414276244505,0.0867592069903274,-0.0131235565060361
NR18C2bF3P0041,NA,0.022782684164106,0.163287521508617,0.0370086092881449,0.338078153149978,-0.0764998337514811
NR18C2bF403P0004,NA,-0.368260302848003,0.0370578421222978,-0.254163840949808,-0.27547748914935,NA
NR18C2bF404P0005,NA,NA,-0.0702094123949821,0.251272827089119,0.38726531952184,NA
NR18C2bF407P0005,NA,2.84928887028812,-0.0106164932187155,0.206328721084786,0.389260224094544,-0.0405120225023676
NR18C2bF408P0014,NA,NA,0.058114006897912,-0.0726275108271845,0.538543692610364,NA
NR18C2bF414P0003,NA,NA,-0.0741822736733999,-0.360875338625129,-0.0585344523800843,-0.0723418613629692
NR18C2bF418P0007,NA,-0.926759621687297,0.0716217352445324,0.363510075760072,0.393250033239952,-0.033109734395251
NR18C2bF419P0008,NA,-2.13272275263233,0.0422225617842409,0.017260701181481,0.534553883464955,0.100131451532849
NR18C2bF41P0016,NA,1.22319378579289,-0.0543310571981579,0.353004385527395,0.415588147734306,-0.093161042336464
NR18C2bF422P0003,NA,1.26769787888481,0.194780434875483,0.32233181464608,0.106652523644537,-0.0035005819667844
NR18C2bF431P0002,NA,-2.86915105800449,-0.0276997967159119,0.440340846992424,0.600218547145697,NA
NR18C2bF431P0003,NA,-0.0618270482636043,0.274237660443839,0.2193861618611,0.273834404241863,0.050906235620523
NR18C2bF437P0006,NA,3.41273066097555,-0.0475641031080008,-0.126863212717491,0.0568913674725968,-0.0723418613629692
NR18C2bF438P0009,NA,1.42696613158076,NA,0.174203829389503,0.209249831348106,0.259687720766095
NR18C2bF438P0010,NA,-0.348490415455461,0.00924781317337336,0.281153553532088,0.058886272045301,NA
NR18C2bF438P0014,NA,-0.778485466243235,-0.0968275829603812,-0.327228767291818,-0.197843398032384,NA
NR18C2bF440P0001,NA,NA,NA,NA,NA,-0.063201697176275
NR18C2bF440P0007,NA,0.931609793211601,-0.090073718787071,0.0714964030717873,-0.0824175781797023,0.0201867399759888
NR18C2bF440P0009,NA,-0.669751085584257,0.0489764259575511,-0.67724398676075,-0.603856536625888,0.0261085704616821
NR18C2bF450P0001,NA,NA,NA,-0.220517269616497,-0.367020183202413,-0.066420030877276
NR18C2bF452P0003,NA,NA,0.214644741267572,0.161384615080453,0.988333273657696,0.165641701280831
NR18C2bF454P0034,NA,NA,-0.090073718787071,-0.488175966857445,-0.343137057402796,-0.0723418613629692
NR18C2bF464P0001,NA,0.338513171435356,-0.0861008575086532,0.493573579490205,0.753491824806926,0.0608993245651303
NR18C2bF469P0008,NA,0.224836318928242,0.181272706528863,-0.446997705743453,-0.104305799406616,NA
NR18C2bF471P0004,NA,-1.21342298887915,-0.0980194413439065,0.062204807185814,0.508675853092633,0.0879176761561061
NR18C2bF471P0007,NA,0.877242602882115,-0.043591241829583,-0.085684951603499,0.0568913674725968,0.0224074264081238
NR18C2bF471P0013,NA,-1.26779017920864,-0.0213432186704435,-0.138160747388513,0.158408584389181,-0.0479143106094843
NR18C2bF471P0018,NA,0.214951375231971,0.135187515699217,-0.216751424726157,0.251946183014949,0.0842165321025478
NR18C2bF472P0001,NA,0.704256088197374,-0.10318416100585,-0.261695530730489,-0.438669560601267,NA
NR18C2bF476P0026,NA,-1.14340596735251,NA,-0.360148150395104,-0.861250089998747,-0.0528384938263117
NR18C2bF476P0032,NA,-3.39305307390684,0.0966507612985644,-0.529354227971437,-0.128188925206234,0.0446142907294738
NR18C2bF47P0005,NA,-1.80072738066503,0.0519323383046418,-0.0269237559903762,0.51471479548838,0.177276680169257
NR18C2bF483P0007,NA,1.90033427544613,0.178888989761812,0.0340839868481362,-0.179944985950878,-0.0268177895042019
NR18C2bF486P0011,NA,NA,0.137571232466267,0.256798578084751,0.156413679816477,0.0324005153527313
NR18C2bF488P0010,NA,0.77345069407127,-0.0968275829603812,-0.0801592006078665,-0.317259027030473,-0.066420030877276
NR18C2bF490P0016,NA,1.22815810409972,0.238481908938079,0.239975292418096,0.0350031462456831,0.0768142439954311
NR18C2bF491P0002,NA,-1.99433354088453,NA,-0.158749877945509,0.433064531084787,0.233372637460948
NR18C2bF491P0005,NA,-0.61538389525477,-0.0833198546137608,-0.299107946954141,-0.392898213574735,-0.0538361410951777
NR18C2bF497P0008,NA,-0.388030190240543,-0.0968275829603812,0.137029639633116,0.0350031462456831,NA
NR18C2bF497P0022,NA,-0.590671536014092,-0.0451803863409501,0.236209447527755,0.132530554016859,0.0534970364580138
NR18C2bF502P0004,NA,1.45311249372823,NA,-0.809956546949095,0.104830807652572,-0.146579283922538
NR18C2bF502P0007,NA,-0.925650468131669,NA,-0.022820741556424,1.32801144899039,0.192438323770496
NR18C2bF504P0038,NA,1.52470641498784,-0.0173703573920257,0.108908819295439,-0.319253931603178,NA
NR18C2bF504P0138,NA,1.29103681908752,NA,0.944652864407659,1.97595487935929,0.069295758044676
NR18C2bF504P0216,NA,-0.427569965025625,-0.00386262904540529,0.160381645687929,0.194233273088608,0.0964303074792903
NR18C2bF504P0223,NA,0.333570699587223,-0.100800444238799,-0.0352150946035334,-0.367020183202413,NA
NR18C2bF504P0247,NA,-0.63515378264731,0.0358659837387725,0.178207900747108,0.178301901043391,-0.0279281327202693
NR18C2bF505P0010,NA,-0.140906597833771,0.0223582553921521,0.580698916001055,0.721629080716491,-0.0131235565060361
NR18C2bF505P0019,NA,-2.65662476853467,-0.0940465800654888,0.041615676628818,0.508675853092633,-0.0168247005595944
NR18C2bF505P0036,NA,NA,0.156243680474831,0.378573455321436,0.505880200237206,-0.0723418613629692
NR18C2bF507P0009,NA,-1.21342298887915,-0.0324672302500133,0.350452634983758,0.245961469296836,NA
NR18C2bF507P0024,NA,NA,NA,-1.78721027743965,-2.03564876330447,NA
NR18C2bF508P0003,NA,2.46377606613356,-0.0634555482216719,0.137029639633116,-0.0844124827524065,-0.0390315648809443
NR18C2bF510P0001,NA,-0.254583450340885,-0.107157022284267,-0.198925169666977,-0.0386411357258749,0.0101936510313813
NR18C2bF512P0016,NA,0.951379680604141,-0.0769632765682923,-0.134394902498173,0.180296805616095,0.00760285019389058
NR18C2bF513P0014,NA,0.412966060481252,0.180333941203858,-0.0264746874304719,0.261087212498482,0.0424201214373951
NR18C2bF516P0042,NA,NA,-0.0741822736733999,-0.0352150946035334,-0.00877329620814444,-0.0501349970416193
NR18C2bF524P0005,NA,0.111159466421129,0.0755945965229502,0.08279393774281,0.1981952176976,0.0113039942474489
NR18C2bF525P0001,NA,1.62849832379869,0.0223582553921521,0.0509072725147913,0.157607836106458,-0.0194155013970853
NR18C2bF525P0003,NA,3.02425423769428,NA,-0.0698547098319714,1.59153635219667,-0.00485917248772394
NR18C2bF529P0018,NA,3.3781333580386,-0.0582908285597288,0.438334908207375,0.158408584389181,-0.00202012434536102
NR18C2bF533P0014,NA,1.38631720324006,0.155051822091306,-0.254163840949808,0.0827693978449191,0.0349913161902221
NR18C2bF533P0026,NA,3.20514684335387,-0.10318416100585,-0.673478141870409,-0.00877329620814444,0.0238878840295472
NR18C2bF538P0004,NA,-0.908561622464941,NA,0.360073393217735,-0.252386885032808,-0.0855344982676407
NR18C2bF541P0008,NA,-0.0717119919598805,0.107377486750292,-0.0763933557175255,0.0151098295914735,0.00168101970819726
NR18C2bF554P0005,NA,-0.832852656572724,-0.0849089991251279,-0.065095821046503,0.00912511587336098,-0.00942241245247772
NR18C2bF558P0003,NA,-2.41938611982417,-0.0372346637841146,0.0340839868481362,-0.179944985950878,-0.0712315181469017
NR18C2bF558P0012,NA,NA,0.00792992999590016,0.302152850638469,0.264398109122446,NA
NR18C2bF559P0015,NA,1.09471136420007,NA,0.08279393774281,0.0787795886995106,0.134922205636297
NR18C2bF559P0026,NA,1.77183000739461,NA,-0.0314492497131927,0.0608811766180055,-0.0786338062540184
NR18C2bF559P0051,NA,-1.3468697287788,-0.0475641031080008,-0.274752971506804,-0.179944985950878,-0.0442131665559259
NR18C2bF559P0055,NA,0.308858340346545,-0.0118083516022408,0.037849831738477,-0.0625242615254929,NA
NR18C2bF559P0064,NA,0.368168002524172,-0.0741822736733999,-0.0726275108271845,-0.440664465173971,NA
NR18C2bF560P0007,NA,-2.34030657025401,0.250400492773332,-0.377698624291784,0.202185026843009,0.133441748014873
NR18C2bF560P0019,NA,-2.67145218407908,0.25437335405175,0.103383068299806,0.651974607890341,0.079405044832922
NR18C2bF563P0003,NA,NA,0.0807593161848933,-0.250397996059467,0.176306996470687,0.106423396423898
NR18C2bF563P0008,NA,NA,0.00924781317337336,0.041615676628818,0.628091482090723,-0.033109734395251
NR18C2bF563P0010,NA,-1.27767512290491,0.101815480960508,0.161384615080453,0.427079817366675,0.0335108585687987
NR18C2bF563P0011,NA,2.28090460775255,0.101815480960508,-0.237340555283153,-0.249599458777028,0.0546073796740813
NR18C2bF572P0007,NA,0.733910919286185,-0.0173703573920257,0.137029639633116,0.393250033239952,-0.0601280859862267
NR18C2bF572P0012,NA,1.06505653311125,-0.00545177355677243,-0.175573163612165,-0.201833207177792,NA
NR18C2bF572P0014,NA,12.0428337662275,NA,-1.19025722036745,0.203528109104731,0.100556573371768
NR18C2bF574P0006,NA,3.50663762609013,-0.0412075250625324,0.305508528979425,0.415138254466866,0.0694119558883145
NR18C2bF574P0011,NA,2.12768798046036,-0.10318416100585,-0.179339008502505,-0.0565395478073802,-0.010902870073901
NR18C2bF575P0026,NA,0.630119010475345,NA,0.473987418325734,0.508675853092633,-0.0257074462881344
NR18C2bF582P0008,NA,NA,-0.120664750630888,0.445866597988056,0.202185026843009,0.0138947950849397
NR18C2bF582P0016,NA,-2.35019151395028,-0.10318416100585,-0.838191186326377,-0.319253931603178,NA
NR18C2bF586P0008,NA,1.78171495109088,-0.079346993335343,0.0546731174051322,0.0350031462456831,-0.046433852988061
NR18C2bF60P0002,NA,0.0188012211404549,0.102186069094508,0.686658516619526,0.299376690454781,0.185698910124989
NR18C2bF64P0003,NA,NA,-0.165684107870957,0.321379462828932,0.23938299914883,NA
NR18C2bF67P0009,NA,NA,-0.131120214748722,0.522534410402636,0.669263340949715,NA
NR18C2bF69P0003,NA,-0.0150412145605156,-0.109676575689199,-0.255508407952252,0.491027292622645,-0.0659765456576393
NR18C2bF7P0024,NA,-3.81136620760546,-0.0262155338047087,0.604742368669059,0.0881270468706272,0.0351889517747389
NR18C2bF7P0043,NA,-1.80997113074796,0.258703195387173,0.10089439693008,0.888252860851712,0.0447583564750673
NR18C2bF97P0006,NA,-2.157435111873,-0.0940465800654888,0.165150459970794,0.150428966098364,-0.00720172602034268
NR18C2bF98P0006,NA,-1.07503377713136,-0.146885635068445,0.359744230869731,-0.0824175781797023,-0.0231166454506436
NR1S10030,NA,NA,0.00215590272371101,-1.11143461078478,-0.354946308335763,-0.209840011641971
NR1S10064,NA,NA,-0.0381883865468859,1.16301153667458,1.28230787484316,-0.110977636553813
NR1S10097,NA,NA,0.316866384568537,1.20292698817427,0.690232158258438,0.240644927245657
NR1S1011,NA,NA,-0.0465065374342678,-0.389257022520976,-0.903818255063354,-0.161174232224924
NR1S1018,NA,NA,-0.21230592941825,0.156347374411403,-0.370919417565293,-0.165947260538374
NR1S1020,NA,NA,-0.148489258153834,-0.129436847173387,-0.407551894128276,-0.158141219590837
NR1S1048,NA,NA,-0.0976138842544066,0.585094081668961,0.49574404738231,0.297800193080804
NR1S1049,NA,NA,-0.18863234101357,-0.979331848738934,0.250686864691299,0.0115529504958714
NR1S1050,NA,NA,-0.356796206269132,-0.304523805142329,-0.471999881676465,-0.324229601252716
NR1S1059,NA,NA,-0.146490044948508,NA,NA,-0.142572933916804
NR1S1061,NA,NA,-0.229215933228631,0.108370680984628,-0.722898484879666,-0.315728393699592
NR1S1070,NA,NA,-0.218290206818683,0.143022723281616,0.155950015863643,-0.0914970562540558
NR1S1083,NA,NA,-0.341376169393034,-0.305631344386398,0.340451346487056,-0.312368504474392
NR1S1097,NA,NA,NA,2.08069368742376,3.007517335673,0.159156538345888
NR1S1099,NA,NA,-0.270556681846515,1.55694271917763,1.02371315356309,-0.189020531406127
NR1S1106,NA,NA,-0.0321062438908005,0.52524462906978,0.467794408948522,-0.00275411518707491
NR1S1108,NA,NA,-0.182580441164758,-0.583157041407853,-0.165251504356889,0.174849384577087
NR1S1112,NA,NA,-0.230178071002588,0.662395923372799,0.308025806705789,-0.291819271285703
NR1S1137,NA,NA,-0.0582089280070771,1.05925898241574,0.321806698407276,-0.146624196131587
NR1S1141,NA,NA,-0.239031979005908,-0.369676605297843,-0.719000466323173,-0.0982424876842616
NR1S1146,NA,NA,-0.120631176669199,0.558902571583098,-0.740165276235105,-0.0294130599549438
NR1S1151,NA,NA,-0.233793522325569,-0.42793187122526,-0.437501998469061,-0.239576550410157
NR1S1159,NA,NA,-0.0924287272311741,-1.12364179439403,-0.940067341260914,-0.125237861127841
NR1S1176,NA,NA,-0.0775293199808969,-0.0290881217620685,-0.0629010304459845,-0.157120462167835
NR1S1185,NA,NA,0.00313602520945387,0.881639432304136,1.18397689968244,-0.082851866386656
NR1S1189,NA,NA,NA,-0.986843951337051,0.0545877857748634,0.0159855490680649
NR1S1190,NA,1.83610901238743,-0.0998732614024334,-2.40687440560604,-0.472625180160331,-0.221070886965904
NR1S1200,NA,NA,-0.0728289985823207,0.173194960269092,-0.403172916913469,0.0233890084373121
NR1S1205,NA,NA,NA,0.344705860695431,0.207299940866097,0.17266323544757
NR1S1206,NA,NA,-0.220245083567362,0.738127304940699,-0.586086191798284,-0.248621122266272
NR1S1210,NA,NA,-0.0162022954953805,0.676155512609235,-0.0133915290002061,-0.208137128663529
NR1S1217,NA,NA,-0.186486123350922,-1.11772552318685,-0.848538952729157,-0.11768920301884
NR7734,NA,-3.0749039306298,0.332688771972763,0.607176098958135,-0.224837276321136,NA
NR8082,0.346440517073386,-2.93645438082083,-0.117273956314459,0.345506305640173,0.185562239652236,-0.0493887707361935
NR8212,NA,-2.20303146085281,-0.222326619544093,0.197601496495591,-0.330667682771415,NA
NR870184,NA,NA,NA,0.0153913232441496,-0.631279736090003,-0.0515479364403423
NR87184,-0.0207445548167721,-2.31414055986729,0.18090857233801,0.704155158084178,-0.534549438656881,0.0428376019864558
NR87185,NA,NA,NA,-1.40983644807031,-1.21408854534108,-0.104278338259451
NR89123,NA,-1.55062517689894,-0.0642067406630653,-0.426097772038835,-0.136410829058145,NA
NR8949,-0.0644807298532966,1.57393045853309,-0.219093591465576,-0.449403573834524,0.423231825558612,0.00592799272377245
NR930199,NA,NA,0.0521792048398348,0.264412902803455,-0.0555901426993598,0.019250591044866
NWAIBIBI,NA,NA,0.111990543098676,-0.418609280558231,-0.934143238169572,0.012684532369636
NZIVA,NA,NA,NA,-0.00436608543991901,0.169826999367223,-0.364741571239261
Obama1,NA,-1.38402298539463,0.272095572377285,NA,NA,0.144615488844676
OBAMA2,NA,1.49007642478822,0.224626235861928,NA,NA,0.177263734484797
OKHUMELELA,NA,NA,NA,0.0603187377547769,0.239761084886871,0.153287750481732
ORERA,NA,NA,NA,0.563700175835244,0.74576874661516,-0.060842382899433
OYEPE,-0.101475646804103,0.0726060327718372,NA,-0.14169749305406,-0.374280183882199,NA
PER461,NA,NA,NA,0.0249524076129515,-0.144960561999968,0.098078852115401
PER504A,NA,-1.30006097694944,NA,0.213762356351344,0.111599699999184,-0.158712962717652
PER504B,NA,1.40358037288706,NA,0.0560620882298418,-0.020101311958993,0.0692825231821137
PWANI,NA,NA,NA,-0.206037112843577,-0.143868186123689,NA
PWANI/049,NA,2.26935054909864,0.0702183989926593,0.334483387490361,NA,-0.0214838964226803
PWANI/051,NA,2.35512388002936,-0.145113450298952,0.0549874746760831,NA,-0.185286482429031
PWANI/052,NA,-2.57744220579937,0.0185139686103425,0.160600589324529,NA,0.0758244309885934
PWANI/057,NA,4.34228652734731,0.0286242806730305,0.00547805430224082,NA,0.00771496626176147
PWANI/O53,NA,3.61153931199346,0.0682673463925183,0.121404525933397,NA,0.0260019102852129
SAGONJA,NA,1.70700679336749,-0.0802984754965866,0.137592921452561,0.413958151976437,0.0126877803386164
SAUTI,NA,-0.105882680971473,0.307562918088633,0.0152057975687899,0.13725942273891,0.368788549027915
Sawasawa,NA,4.95379545857453,NA,NA,NA,0.175467990584839
SHIBE,NA,NA,NA,0.423091407887907,0.492594696264808,-0.375214220042743
SIMONYE,0.47989104962588,-4.32794411616337,-0.119065474022066,0.109817495057708,0.891077160020647,-0.0837558773448813
TAJIRIKA,NA,NA,NA,0.00852325447697914,0.0526383247764874,NA
TARICASS4,NA,0.510510328948476,NA,0.993560476996981,0.980198039072477,0.065362921096216
TME3,-1.3868517684949,3.08440154870183,0.091208469862599,-0.291904671103699,-0.36445279008931,-0.288184582771862
TME579,NA,NA,NA,0.147273199344632,0.513563179109864,-0.155645671597549
TME693,-1.13760126339882,1.98598609789972,NA,-0.405574543651195,0.13552636367391,0.382036294807702
TMEB1,-0.944920066024193,-3.04687549240003,0.218607124372805,-0.107548952711729,-0.147358159778183,0.0919949702024555
TMEB1019,-0.196794193067406,0.583042733400984,0.116297077030343,-0.168218634764382,-0.282300977059271,-0.0441405738495749
TMEB1116,-0.410705407136857,-1.69086029652755,-0.0013627914068241,-0.305257376291776,-0.119355545654222,-0.0350109757767155
TMEB117,-0.430491000723844,-0.0578354846092542,0.294881179240401,-0.613534240458864,-0.488668838605289,0.263927244293448
TMEB1310,-0.463768901127725,0.693879674987237,0.0128667681382395,-0.177047569467592,-0.411665607171684,-0.061639487816358
TMEB1336,-0.316571247208302,3.27639631539141,-0.114269149954776,0.112926085018858,-0.670982319822371,-0.147856344520759
TMEB1346,NA,-1.09030383298848,-0.10574341233458,-0.0557897524484634,0.177660127155037,NA
TMEB1349,NA,NA,-0.0133541162993178,-0.53758185173172,-0.763755794480864,NA
TMEB14,-1.24642067687762,NA,-0.102919514752379,NA,-0.088826147015654,-0.152184819974548
TMEB1858,-0.410705407136856,-2.03580002826734,0.14018157747081,-0.454048772653446,-0.0702668693755467,0.00569894348303242
TMEB1937,NA,2.71351302082406,-0.0793036135210528,0.0683269761680994,0.773296552592433,NA
TMEB1981,NA,-6.20643365784245,0.012072195882556,-0.340728573898578,-0.233539255914779,NA
TMEB2,-0.570128201364597,1.19793162342783,-0.0279466245317529,0.0593291752845929,-0.201135928361115,-0.101542222873079
TMEB203,-0.812068880954122,-1.72379013948213,-0.114491891169589,-0.319033091941346,-0.611676275518996,-0.198890239144452
TMEB2139,NA,-1.64929952715745,0.247959335576143,0.526043923871989,0.740794657907655,NA
TMEB225,-0.883774911257064,1.73833123971938,-0.113009875436681,-0.0802618319498584,-0.421433068699648,0.377412196752954
TMEB30,NA,NA,NA,0.153230211494634,-0.337149914386484,-0.0713926297630475
TMEB4,NA,-2.40280118511129,NA,-0.0324506431231109,NA,-0.00449021582409363
TMEB419,-1.74904759819313,1.43801080288789,0.282121960418233,0.332603952117829,0.205227811996799,0.247943839392971
TMEB47,-0.555598680717082,-2.45456390755024,-0.0393768846988774,-0.407696765729744,-0.0061150944136786,-0.00605167405175947
TMEB579,NA,-3.74063772711511,-0.228922616081762,NA,NA,-0.148584878230779
TMEB594,NA,-0.23280235409288,NA,0.199287943974429,NA,-0.0489161146554186
TMEB693,-0.855279702070858,3.43136975732415,0.378293002303822,-0.325970874232013,-0.222121143185933,0.338692303317236
TMEB7,-1.23854812225749,-0.320073891295839,0.0587449260342621,-0.202065943620052,-0.238194820480218,-0.0605164173161024
TMEB778,-1.04956778323894,3.13861111308098,0.445110535517469,-1.68451369004293,1.4224145278824,0.408748247301691
TMEB955,-0.684461423258576,2.71956511855554,0.0773298133676201,0.292615099457113,-0.0026068520359596,0.138974670300998
TMEB961,-1.73406224104064,0.403772038157594,0.136848953321366,0.0342914264665611,0.0601795511812226,0.187010337447949
TMEB966,-0.350956007535626,-4.48848564513892,-0.177964309230215,-0.118926131758122,-0.0177093742519544,-0.095037322129048
TMS000338,NA,NA,-0.0209555194616292,-1.47124414639564,-1.02777922407762,0.158796695847423
TMS000346,NA,NA,0.20020212945755,1.23990968745143,1.6793794891578,-0.15224022099167
TMS000354,NA,NA,-0.0310483539499322,-0.237002792468964,0.228914029645071,-0.188724810881403
TMS000364,NA,NA,0.0615377135431294,-0.491084013981537,-0.448400277053229,-0.056921018901096
TMS000388,NA,NA,0.0722619303144987,-1.56686151009013,-1.15263427693116,0.105626330680834
TMS010128,NA,NA,-0.0765338482077451,-0.505402581517623,-0.193965011826632,-0.0506471476251076
TMS011097,NA,NA,0.0688086415448657,0.414346777456903,0.729428023436349,0.302084180819534
TMS050540,NA,NA,0.0982832241515585,-0.0680333793460651,-0.236034537828224,0.162199599218084
TMS050751,NA,NA,-0.0368192560383461,-0.00625118033885784,0.589793085745286,0.178166050801551
TMS050752,NA,NA,0.0300562198762592,1.1935321046653,1.36656768350638,0.229619622249319
TMS070099,NA,NA,-0.0152857797920588,0.700741090969015,0.81232653615716,0.0907794935932864
TMS070352,NA,NA,0.0882132395681081,0.637530811480934,0.73341010848184,-0.176176604702088
TMS070489,NA,NA,-0.00759138951506644,0.0115707172789079,1.29161266217772,0.0645117280283684
TMS070863,NA,NA,NA,NA,NA,0.08074259978287
TMS12F1106P0006,NA,4.43965070304112,0.174959508297685,-0.714345599836779,1.00997920932352,NA
TMS12F1149P0008,-0.709093007796128,-1.65883185978804,0.189147794315811,0.733305053851754,0.100158621741036,0.00196435335449219
TMS13F1002P0009,-0.588663937173859,0.785363980830375,NA,0.510588839443525,0.0893539329631687,NA
TMS13F1003P0003,0.146574353668354,-2.59376451258662,-0.0122783630665052,-0.354762485344022,0.0720940766653167,0.11266682949872
TMS13F1003P0011,0.452974780429608,NA,NA,NA,NA,NA
TMS13F1003P0016,NA,-0.528000471990102,-0.0409168636821326,-0.857401298717308,0.289576000192978,NA
TMS13F1006P0002,0.508867607991975,-4.24759792728772,-0.0809741527141275,0.516791748889116,0.667730502102712,0.0653933896428349
TMS13F1006P0008,-0.0205450380404368,-1.43874835083054,NA,0.048839739867251,1.42601101591269,NA
TMS13F1006P0011,-0.0205450380404368,-2.13069440956949,NA,0.206270894956994,1.18558383425835,NA
TMS13F1006P0017,0.452974780429608,NA,NA,NA,NA,NA
TMS13F1006P0020,0.452974780429608,NA,NA,NA,NA,NA
TMS13F1006P0027,-0.190436108777141,3.00894649486095,-0.0746163826877231,-0.342529766757847,-0.437401099674275,-0.19801797930258
TMS13F1006P0029,-0.683263017837237,NA,NA,NA,NA,NA
TMS13F1007P0001,NA,-2.39163508106285,0.172897016083835,-1.27939817601362,-0.414357957142125,NA
TMS13F1007P0004,-0.115144118703814,NA,NA,NA,NA,NA
TMS13F1007P0005,-0.0205450380404368,1.37846060260662,NA,0.15630440652064,0.492175224240347,NA
TMS13F1008P0006,NA,NA,-0.0620936115992412,-0.537218015528931,-0.932179959522898,NA
TMS13F1008P0017,-0.588663937173859,0.538240388423608,NA,0.117889020904464,-0.0292637342058391,NA
TMS13F1008P0020,NA,-3.00875059404175,0.25648914460936,-0.733284570100745,0.560319829937248,NA
TMS13F1008P0023,-0.588663937173859,3.30602462337941,NA,-0.174628020347432,0.0630769216763053,NA
TMS13F1009P0002,-0.683263017837237,NA,NA,NA,NA,NA
TMS13F1009P0003,-0.588663937173859,-2.27896856501355,NA,-0.0538561125032722,0.0208741112515078,NA
TMS13F1009P0005,-0.115144118703814,-3.09359523639594,NA,NA,0.0999868660896145,NA
TMS13F1016P0005,0.547573861092986,-0.598528136647525,NA,-0.386544677741938,0.830528794580406,NA
TMS13F1017P0003,-0.0205450380404368,-3.02033934223385,NA,-0.613025113868894,0.0423856431930146,NA
TMS13F1017P0006,-0.588663937173859,2.11983137982693,NA,0.440033220450175,0.458744421028165,NA
TMS13F1017P0009,-0.588663937173859,0.488815669942255,NA,-0.199736164772837,-0.233068265331673,NA
TMS13F1018P0003,1.11569276022641,2.31753025375234,NA,0.316498437108199,1.18717975791651,NA
TMS13F1018P0005,-0.00664994102692406,2.47274754470371,-0.00548724893641832,0.376162948686287,0.607019659124448,-0.00362160243866516
TMS13F1018P0009,0.547573861092986,0.587665106904962,NA,-0.396839243020435,-0.363627495400491,NA
TMS13F1018P0011,NA,-1.07045783201206,-0.117116491045536,-0.483234992086908,1.04675413819188,NA
TMS13F1020P0001,0.205057770501009,1.80953052759569,-0.27990073422016,0.625276956022771,0.0249435512006212,-0.301639372247728
TMS13F1020P0002,0.438899094644691,-3.10428912923483,-0.194295978866572,0.852100169633477,0.566774516032537,-0.0162438783044619
TMS13F1020P0003,-0.115144118703814,NA,NA,NA,NA,NA
TMS13F1020P0004,0.519346885121319,-2.56519030238099,-0.200075063844479,0.505857830414656,0.114548973553242,-0.177243796331366
TMS13F1021P0008,0.0184072208788355,-0.97669886544633,0.0715748825414752,0.810867282633928,0.179427270433325,0.0153573308012301
TMS13F1024P0002,NA,0.371996372025716,0.0835836988940759,-0.0554934220129068,0.0546541773387987,NA
TMS13F1024P0005,0.547573861092986,1.80351318154626,NA,0.519377066765886,0.0901518947922501,NA
TMS13F1028P0001,-0.588663937173859,3.45429877882347,NA,-0.198229826816701,-0.0547427836636209,NA
TMS13F1028P0004,-0.588663937173859,1.50500999042788,0.0381260333590097,-0.328912029411489,-0.78557645289788,NA
TMS13F1028P0007,-1.37383393903361,-0.556295030809409,0.0996752530824943,-0.135720505298274,-0.109156379279743,-0.357501893771498
TMS13F1028P0010,-0.588663937173859,0.735939262349024,NA,-0.0262348929945076,-0.268094992202019,NA
TMS13F1030P0004,NA,1.26579408655732,0.118874892206795,-0.907047990163933,1.94111336163303,NA
TMS13F1034P0002,NA,NA,0.177446247568217,NA,NA,NA
TMS13F1034P0003,0.547573861092986,1.57615947653203,NA,0.55026076260138,0.890236609079451,NA
TMS13F1034P0004,-0.560558629677709,4.95327996523337,-0.0612925222879414,-0.00342541862605008,-0.209892404928893,-0.383742590166538
TMS13F1034P0005,-0.115144118703814,NA,NA,NA,NA,NA
TMS13F1034P0009,-0.0205450380404368,-2.37781800197626,NA,-0.427722938855929,0.496165033385755,NA
TMS13F1034P0018,-0.0205450380404368,-4.05825843034228,NA,-0.0674131541084996,-0.435276872799344,NA
TMS13F1034P0019,NA,-0.309694461249553,-0.170854287954802,-0.548624425353294,-1.20494257511086,NA
TMS13F1036P0002,0.407300895590926,3.50022529127998,0.119108475400802,0.632582363189414,0.34059368292756,0.0312581571106173
TMS13F1036P0007,-0.034905461105477,1.01160159705002,-0.0342700772995883,0.640860491701387,0.180961021662695,-0.0316075649190478
TMS13F1037P0001,0.547573861092986,2.36695497223369,NA,0.313485761195926,-0.459159998598962,NA
TMS13F1037P0004,0.547573861092986,2.51522912767775,NA,-0.674792505539881,0.830528794580406,NA
TMS13F1037P0005,NA,2.89874236327059,0.231468371445257,-0.107252564675799,-0.119253500278603,NA
TMS13F1037P0006,0.452974780429608,0.361192585450675,NA,NA,0.350989464370083,NA
TMS13F1037P0007,NA,1.01998760417013,0.0819123863961892,0.507882716064884,0.993509957528082,NA
TMS13F1037P0010,-0.588663937173859,3.15775046793535,NA,0.262012934803437,0.161801272191104,NA
TMS13F1039P0003,-0.54118348289181,5.95910973693317,0.465473424671401,0.849283469321386,0.309382924773052,0.216454281800757
TMS13F1039P0011,NA,-0.833966758919312,-0.0793036135210528,0.524014909495254,0.626253272871466,NA
TMS13F1039P0027,NA,-7.4568790354207,0.0671273840719468,-1.02753247721908,0.504361893418278,NA
TMS13F1045P0013,0.547573861092986,-1.40573681944606,0.164359481270572,0.620725371630865,0.911633391537728,NA
TMS13F1045P0016,-0.0205450380404368,-1.19162475842377,NA,0.591439023715372,0.20956752379034,NA
TMS13F1045P0017,0.146574353668354,3.36003578033736,-0.0913057094685192,0.406118195335701,0.180391608563025,-0.252284126188713
TMS13F1045P0018,NA,1.05967960612296,-0.0841345627837645,-0.378493246851527,-0.255530000435796,NA
TMS13F1045P0019,-0.00664994102692406,1.42846586789225,0.0411594261849054,0.860875106501911,0.287557081699853,-0.0367999103026167
TMS13F1047P0012,NA,-1.10659240054765,0.076956533145381,0.780486340118813,0.214210078858763,NA
TMS13F1049P0001,0.476499160819329,2.52452494353291,-0.00112267804418762,0.64920576247824,0.0824593044998846,-0.163469165667514
TMS13F1050P0003,-0.0205450380404368,-1.8242611549851,NA,-0.880683811109842,0.496165033385755,NA
TMS13F1050P0004,NA,0.178450279967541,0.350289389100524,-0.707956411809444,1.22049320975904,NA
TMS13F1050P0006,-1.15678283630728,-0.845651729054292,NA,-0.534937805094862,-0.10410495892102,NA
TMS13F1050P0008,NA,4.2681164306431,-0.00281705000043105,-0.133892031179822,0.85632887208583,NA
TMS13F1050P0009,-0.588663937173859,-0.351404544240755,NA,-0.590929645355761,0.137120184562405,NA
TMS13F1050P0012,-0.588663937173859,2.66350328312182,NA,-0.602730548590395,0.400632530187284,NA
TMS13F1051P0003,0.547573861092986,0.0934179220914252,NA,0.316498437108199,0.351270354929884,NA
TMS13F1051P0010,NA,2.49520701008352,0.32586492474619,-0.483234992086908,-1.09212211678786,NA
TMS13F1051P0012,-0.0205450380404368,-1.43881348774008,0.208722214023346,-0.0479900147211816,0.604815973066973,NA
TMS13F1051P0021,0.547573861092986,1.29066803618391,0.0523423817477044,0.592690053965036,-0.0648674828733438,NA
TMS13F1051P0024,1.11569276022641,3.05683422026288,0.0551856514254433,-0.845015607581843,-0.237726670069291,NA
TMS13F1051P0029,-0.683263017837237,NA,NA,NA,NA,NA
TMS13F1051P0033,0.452974780429608,NA,NA,NA,NA,NA
TMS13F1051P0052,-0.683263017837237,-0.671784030809615,NA,NA,0.325708005179056,NA
TMS13F1053P0001,-0.588663937173859,1.47731003956932,NA,-0.530668591640909,-0.817406885593231,NA
TMS13F1053P0002,0.133862315413759,5.23551825626349,-0.127864652875169,0.0751760056054478,0.574305376872504,0.021219174735268
TMS13F1053P0006,-0.115144118703814,1.45347886388859,NA,NA,0.128084661147989,NA
TMS13F1053P0009,-1.14677691200075,5.60451027529549,0.458945544997781,0.378321693326345,0.0726150963884931,0.113914226386712
TMS13F1053P0010,-0.360949970440885,4.44049179069291,-0.106172984922898,0.5992002596701,-0.642533429189059,-0.321401697142668
TMS13F1053P0012,-0.115144118703814,NA,NA,NA,NA,NA
TMS13F1053P0015,-0.523225356970098,4.56540885796778,-0.108301720936959,0.433594648703171,-0.589309899164909,-0.309873289325345
TMS13F1056P0001,-0.0205450380404368,0.884213417793084,NA,-0.0159403277160098,0.567814410784609,NA
TMS13F1056P0010,1.11569276022641,-1.19162475842377,NA,-0.495265881937006,0.637069902696218,NA
TMS13F1056P0013,-0.0205450380404368,-0.454177355579366,0.146170281113089,0.462038529842682,0.302244519436946,NA
TMS13F1056P0019,0.547573861092986,2.99346006365887,-0.129632253332343,-0.764385385437484,-0.286392261186339,NA
TMS13F1056P0024,1.02109367956303,NA,NA,NA,NA,NA
TMS13F1059P0006,NA,0.166609562184363,-0.104606104463485,0.185179221661821,0.343724766141833,NA
TMS13F1059P0008,NA,-3.06167326331219,-0.0056603196781699,-0.336111038527743,-0.603878637963115,NA
TMS13F1059P0009,-1.15678283630728,NA,NA,-0.773219144456452,-0.437670758286589,NA
TMS13F1059P0012,-0.0205450380404368,1.47731003956932,NA,-0.148263338380347,-0.221126702431864,NA
TMS13F1060P0002,1.11569276022641,-4.89353617267716,NA,-0.330552837481038,0.087758009305005,NA
TMS13F1060P0011,-0.0205450380404368,-3.26746293464062,NA,0.0799732361172017,0.0829702383305146,NA
TMS13F1060P0014,-0.0205450380404368,1.23018644716256,NA,0.24142380424644,-0.196445614803165,NA
TMS13F1060P0016,-0.115144118703814,NA,NA,NA,NA,NA
TMS13F1060P0019,0.452974780429608,NA,NA,NA,NA,NA
TMS13F1060P0020,0.547573861092986,-0.153705670315342,NA,-0.304188155513954,0.352866278588047,NA
TMS13F1060P0023,-0.588663937173859,-2.35030292015265,-0.0660166259598552,0.240778090336724,0.423100347965847,NA
TMS13F1060P0026,NA,-4.76402156816782,0.24994962435056,-0.11338470073992,-0.265480438571439,NA
TMS13F1063P0001,0.547573861092986,2.40649474701878,NA,0.132702600051372,0.087758009305005,NA
TMS13F1063P0002,NA,NA,-0.08195791799133,-0.872669456265412,-0.499091847813447,NA
TMS13F1063P0007,NA,-1.88671326257214,0.0359093635530626,1.14771417802968,0.527528922356667,NA
TMS13F1063P0009,NA,0.530452913418608,-0.0551332120708274,0.16580423828064,0.882498669775198,NA
TMS13F1063P0013,-0.586606381674383,3.64732470578517,-0.0101137304241226,0.422861419976222,0.109544533087715,-0.214160561184321
TMS13F1063P0016,-0.0205450380404368,-2.03184497260678,NA,0.0932804773079724,0.272439321069295,NA
TMS13F1063P0019,NA,-1.07707316567087,-0.0113468590336478,-0.376677126070816,-0.824996628183823,NA
TMS13F1063P0026,-0.0205450380404368,-2.32345081164677,NA,-0.0159403277160098,0.20956752379034,NA
TMS13F1063P0028,-0.115144118703814,NA,NA,NA,NA,NA
TMS13F1063P0054,0.452974780429608,NA,NA,NA,NA,NA
TMS13F1063P0055,0.547573861092986,-2.87206518678979,NA,1.27389300800851,0.709517241924153,NA
TMS13F1064P0001,1.02109367956303,NA,NA,NA,NA,NA
TMS13F1064P0005,0.547573861092986,0.215019926961022,0.0125366062593593,-0.105634570333629,0.580875628660213,NA
TMS13F1064P0009,NA,1.25886417566818,-0.0956818238710534,0.47708731617966,0.150743569167266,NA
TMS13F1064P0025,NA,-1.0571676820663,-0.0541478890424056,-0.0902824950995639,-0.0214293318210891,NA
TMS13F1064P0031,-0.115144118703814,NA,NA,NA,NA,NA
TMS13F1064P0032,0.547573861092986,0.291116796016839,NA,-0.312976382836315,-0.209185139532056,NA
TMS13F1064P0034,-0.115144118703814,NA,NA,NA,NA,NA
TMS13F1064P0038,-0.0205450380404368,-1.71682900659895,-0.00167974212933534,0.984210258107015,0.902980263279196,NA
TMS13F1069P0007,NA,0.119930307770811,-0.0272691692289858,-0.346405418005373,-0.746487235115717,NA
TMS13F1069P0024,-0.786548893827542,0.425818510493599,-0.0194420064794349,0.55657821092166,0.0055475605902194,-0.0502695764054515
TMS13F1069P0047,NA,5.21977156506561,-0.221748815186329,-0.0460915580732991,0.505266478703336,NA
TMS13F1072P0002,0.368368028909224,-0.909114918274266,-0.0709950962725619,0.191078964161781,0.335574378112885,-0.0388240085937599
TMS13F1074P0002,-0.0205450380404368,-0.944501166017001,NA,-0.630601568513617,-0.365223419058654,NA
TMS13F1074P0005,0.547573861092986,-0.697377573610231,NA,0.213552784323219,0.184088474332558,NA
TMS13F1074P0007,-0.683263017837237,NA,NA,NA,NA,NA
TMS13F1079P0002,NA,-3.04182726233578,-0.00736628148481334,0.830586210467948,0.0459065534231343,NA
TMS13F1079P0005,NA,-1.0696847518253,0.0271146262744622,-0.315209047263732,0.222402702035563,NA
TMS13F1079P0006,-0.0205450380404368,-1.48817306931189,NA,0.0696786708387036,0.0352039867312787,NA
TMS13F1079P0007,NA,-3.37439728886089,0.0722452694918768,-0.649733929027255,-0.743773479260542,NA
TMS13F1079P0009,-0.588663937173859,-1.88357081716272,NA,-0.0804705948848136,-0.343734178746281,NA
TMS13F1079P0011,-0.115144118703814,NA,NA,NA,NA,NA
TMS13F1079P0014,NA,-1.5864538573988,0.0992563314303968,-0.0467091485449109,-0.855689352298484,NA
TMS13F1081P0015,-0.45821952234199,-3.18359306340461,0.0915023804564221,0.67164638269272,0.165494550324114,0.0483753902794462
TMS13F1083P0003,0.547573861092986,4.3241738240953,NA,0.0164497060756213,0.161003310362023,NA
TMS13F1083P0004,NA,NA,0.0637154604586601,NA,-0.30967876638465,NA
TMS13F1083P0006,-0.0205450380404368,-0.111173560617352,-0.0699182143950699,0.116235256093078,0.216919471717693,NA
TMS13F1083P0018,NA,-2.08935460834569,-0.0634121684073818,-0.628976401696522,-1.1888642878995,NA
TMS13F1084P0001,-0.115144118703814,-3.43956826576542,NA,NA,0.551429144268497,NA
TMS13F1084P0002,-0.0205450380404368,-1.78472138020001,NA,0.631360747287684,0.634676017208972,NA
TMS13F1084P0003,NA,-6.0683424112388,-0.14952976537176,0.217267050507975,0.448403956899307,NA
TMS13F1084P0006,NA,-2.44644723304338,-0.299085750420828,-0.110884806237219,-0.198667478631768,NA
TMS13F1084P0011,-0.0205450380404368,1.56407685825508,-0.0983509111724592,0.512089388693001,-0.53682669379477,NA
TMS13F1084P0013,-0.115144118703814,-1.06718177866044,NA,NA,-0.486311715646444,NA
TMS13F1084P0014,0.547573861092986,-0.944501166017001,NA,0.837252052857644,0.610792891409354,NA
TMS13F1084P0017,-0.0205450380404368,0.192267359054132,NA,0.0842424495711543,-0.200435423948573,NA
TMS13F1084P0018,NA,-8.51601586499643,-0.0989195651080069,-0.0787969773910655,0.0143092440234157,NA
TMS13F1084P0021,NA,-0.379155464666999,-0.223454776992972,0.614440582080977,-0.0660093196148067,NA
TMS13F1086P0002,0.547573861092986,-2.72379103134573,NA,0.0355324986764803,-0.72187438239476,NA
TMS13F1086P0003,NA,-2.83645754739503,-0.0740121954344945,-0.21381727844154,-0.260260589817268,NA
TMS13F1086P0005,0.547573861092986,-2.82264046830844,NA,-0.354154643950307,-0.0658863847343478,NA
TMS13F1087P0007,0.452974780429608,-2.35222445917564,NA,NA,0.323830447934158,NA
TMS13F1087P0008,1.11569276022641,0.0934179220914252,NA,0.592945361671509,-0.245009828231482,NA
TMS13F1087P0017,0.547573861092986,0.241692077535488,NA,0.0458270639549785,-0.315861243801255,NA
TMS13F1088P0002,-0.0205450380404368,2.56465384615911,NA,0.251718369524938,-0.554692501797434,NA
TMS13F1088P0004,-0.115144118703814,0.464984494261518,NA,NA,0.136500886942481,NA
TMS13F1088P0005,0.547573861092986,-0.944501166017001,NA,-0.849800115274348,-0.94876407749113,NA
TMS13F1088P0007,0.0583993866751616,5.06240722645655,-0.15937685313337,0.492852258167383,-0.124741732763075,-0.114931990367768
TMS13F1093P0009,0.547573861092986,-1.24104947690512,NA,0.817919459842328,-0.387510621200108,NA
TMS13F1093P0010,NA,-0.885228489565537,-0.0244258995512469,-0.080613098171776,-0.526273830180067,NA
TMS13F1093P0011,NA,-4.7287373453309,-0.0554664458505462,0.855409556191261,2.07648527650516,NA
TMS13F1095P0001,0.547573861092986,-2.62494159438302,NA,1.01502253808993,-0.0658863847343478,NA
TMS13F1095P0004,-0.0205450380404368,-1.55736767518579,NA,0.366464925544553,-0.221126702431864,NA
TMS13F1095P0007,-0.0205450380404368,-1.48817306931189,NA,-0.0159403277160098,-0.0053806084062217,NA
TMS13F1095P0011,-0.426320875654333,1.49813538416158,-0.103269575656764,0.654419055240413,-0.0369971613203581,-0.338799241003476
TMS13F1095P0019,0.547573861092986,-0.351404544240755,NA,0.55026076260138,0.412574093087092,NA
TMS13F1095P0021,-0.115144118703814,NA,NA,NA,NA,NA
TMS13F1101P0001,-0.588663937173859,-0.400829262722109,NA,0.0164497060756213,-0.173360450832629,NA
TMS13F1101P0004,-0.0205450380404368,-1.48817306931189,NA,0.0576279671896134,-0.376367020129381,NA
TMS13F1106P0008,0.452974780429608,NA,NA,NA,-0.211905215419847,NA
TMS13F1106P0012,0.547573861092986,-0.494736227836682,NA,-0.0365294582730057,0.782762542981171,NA
TMS13F1106P0015,0.547573861092986,-0.0400288178082282,NA,-0.62909523055748,-0.604852638883915,NA
TMS13F1107P0002,-0.00664994102692406,1.93151411602241,0.0270426692402944,0.991826841423793,0.301690980330775,-0.0729557586158971
TMS13F1107P0004,NA,4.66700440805535,-0.0499044400607613,-0.214181114644329,-0.0440701731759998,NA
TMS13F1107P0007,NA,1.16694464959461,0.28927742054908,-0.380090037539024,-1.16232138388165,NA
TMS13F1107P0010,NA,1.01867049415055,-0.0223649988150634,1.93046497539832,-0.214090261876195,NA
TMS13F1108P0003,-0.0205450380404368,2.07040666134557,NA,-0.282092687000821,-0.125594199233392,NA
TMS13F1108P0007,0.62180385531859,0.769174612682434,-0.193350310415641,0.688435826450249,0.288275055242428,-0.114921247417726
TMS13F1108P0010,NA,-1.15645716957652,-0.160902844082716,0.931695714141909,0.667712776549899,NA
TMS13F1108P0014,-0.115144118703814,NA,NA,NA,NA,NA
TMS13F1108P0026,0.452974780429608,NA,NA,NA,NA,NA
TMS13F1109P0001,0.452974780429608,NA,NA,NA,NA,NA
TMS13F1109P0004,-0.115144118703814,2.09600020414619,NA,NA,0.157121234828812,NA
TMS13F1109P0005,-0.0205450380404368,-0.400829262722109,NA,-0.263009894399962,-0.100913111604693,NA
TMS13F1109P0007,NA,0.034302889008276,-0.0528585963286362,0.507882716064885,-0.441432340116553,NA
TMS13F1109P0009,-0.357719764959002,2.04114312077744,0.142012191228723,0.97142725489614,-0.152078762818544,-0.0625103763577212
TMS13F1109P0011,0.197225464461755,2.5320165811115,0.150103963474839,0.606913791810694,0.043042517564094,-0.0589187822119176
TMS13F1109P0014,-0.0205450380404368,-0.109223423682124,NA,-0.045317685595367,-0.436074834628426,NA
TMS13F1111P0006,-0.0205450380404368,4.34394371148784,NA,-0.314482720792452,-0.244211866402401,NA
TMS13F1111P0007,NA,0.515328055621641,-0.075330752242635,0.479823972468989,1.48764172531588,NA
TMS13F1111P0012,NA,1.02660293782894,-0.0756047537505477,0.855409556191261,0.289576000192978,NA
TMS13F1111P0014,NA,1.20727411436059,0.063719392501987,-0.137849944240891,-0.0886445774589087,NA
TMS13F1111P0015,-0.0205450380404368,NA,NA,-0.165589992610614,-0.0969511669957014,NA
TMS13F1113P0005,0.452974780429608,NA,NA,NA,NA,NA
TMS13F1113P0006,-1.15678283630728,1.03248757323714,NA,-0.190947937450476,0.233450649589958,NA
TMS13F1113P0011,NA,0.446133449747745,0.426044341093688,1.17985441140685,1.67870673171282,NA
TMS13F1114P0001,-0.187797384171981,0.74517091072493,-0.0946829277512461,0.480764790494319,-0.0544426016261675,-0.18969896137992
TMS13F1119P0006,-0.588663937173859,-0.00543151487128154,NA,0.107594455625966,0.496165033385755,NA
TMS13F1120P0001,NA,-1.48722385251674,-0.0710555222661654,-0.286464347081118,-0.820473701758532,NA
TMS13F1120P0003,NA,0.0475335563258839,0.00628141296833365,0.472764990863943,-0.0154788948061864,NA
TMS13F1120P0009,-0.0205450380404368,2.76235272008452,NA,-0.270291783766187,-0.257749352960373,NA
TMS13F1122P0002,-0.115144118703814,NA,NA,NA,NA,NA
TMS13F1122P0003,NA,1.85351964517949,0.353728967588031,0.135532530215196,-0.46850672309098,NA
TMS13F1122P0004,-0.466770161607528,5.50334862910805,-0.0674265171622631,0.6662687992389,0.0631362774605571,-0.224833332987805
TMS13F1122P0005,-0.731477194714026,5.07353039620012,0.148110130811394,0.226963806181745,-0.142923454234394,-0.056533088969809
TMS13F1124P0002,NA,-1.43430118324631,-0.018739360195769,-0.153267014561003,-0.852071011158251,NA
TMS13F1124P0003,-0.701876288033939,-1.69015415214111,0.429494586569409,0.879002201108726,0.193161184522877,0.157342963422271
TMS13F1124P0004,-0.354275272019692,-0.943185013998754,0.145040248863213,0.666298221221666,0.223216303563298,0.0026274062966804
TMS13F1124P0006,-1.15678283630728,-0.944501166017001,NA,-0.180653372171977,-0.220328740602783,NA
TMS13F1124P0009,-0.0205450380404368,-0.400829262722109,NA,0.179656412575452,-0.196445614803165,NA
TMS13F1126P0003,-0.251086819774852,2.77538169758458,-0.0681665113207375,0.322145696692591,-0.27852484767902,-0.199655453632588
TMS13F1126P0006,-1.38632279751488,0.809701496992913,0.344453630642247,0.677195551355268,-0.0599075047937232,0.0299238074007938
TMS13F1128P0010,NA,-4.26977438335429,0.187682018408078,-0.828478519239147,-1.31271404865862,NA
TMS13F1128P0016,-1.66489191794975,2.36773573151669,0.105862394020884,-0.409087127501952,-0.362000636210575,-0.0299638918950363
TMS13F1134P0002,NA,-2.38029389645533,0.0381260333590097,0.0168641639407643,-1.20222881925569,NA
TMS13F1134P0013,-0.588663937173859,-4.20236375270049,0.100677966269266,0.397904841952261,-0.140747034683434,NA
TMS13F1139P0001,-0.683263017837237,NA,NA,NA,0.0803052968257331,NA
TMS13F1139P0006,NA,1.88659631347351,0.213840099443276,-0.428139938298152,0.61085025474587,NA
TMS13F1139P0009,NA,1.90831542681492,0.394785435418803,-0.242944835906441,-0.0278130264537424,NA
TMS13F1139P0014,-0.588663937173859,-4.15710786730499,0.0148112220015504,-0.893111159797378,-0.993681927339192,NA
TMS13F1139P0016,-0.683263017837237,NA,NA,NA,NA,NA
TMS13F1139P0023,-0.588663937173859,0.221888095360254,0.131953932724394,-1.06395913820176,-0.652697320998955,NA
TMS13F1143P0001,-0.588663937173859,-1.19162475842377,NA,0.695891014456489,0.017704555564315,NA
TMS13F1143P0004,0.547573861092986,-0.104280951833988,NA,-0.00564576243751172,0.161801272191104,NA
TMS13F1145P0002,0.547573861092986,1.47731003956932,NA,-0.464382186101512,-0.461553884086207,NA
TMS13F1145P0008,-0.0205450380404368,-2.87206518678979,-0.0713578909642172,-0.690862622228468,-0.509320135685443,NA
TMS13F1145P0014,-0.588663937173859,2.02098194286422,NA,-0.504054109259368,-0.271286839518346,NA
TMS13F1145P0016,-0.115144118703814,NA,NA,NA,NA,NA
TMS13F1145P0017,-0.0205450380404368,0.389966232979548,NA,-0.271548321307866,-0.346128064233526,NA
TMS13F1145P0020,-0.588663937173859,0.389966232979548,NA,0.179656412575452,-0.0053806084062217,NA
TMS13F1145P0023,-0.215718900655267,-0.206631329186061,0.224262029249164,-0.0146286821009825,0.392508530295957,0.163992278485109
TMS13F1145P0026,-0.588663937173859,0.983062854755791,NA,0.231129238967943,0.400632530187284,NA
TMS13F1145P0031,NA,1.80946598985221,0.266859302253751,-0.62559988958146,-0.785689357408863,NA
TMS13F1145P0043,-0.115144118703814,-0.424660438402848,NA,NA,0.429650177810511,NA
TMS13F1151P0002,NA,NA,-0.0130528208402912,-1.02390023565765,-1.09483587264304,NA
TMS13F1151P0035,NA,-6.69349144199581,0.0153798759370982,0.186995342442532,-0.956750201915726,NA
TMS13F1151P0036,0.452974780429608,NA,NA,NA,NA,NA
TMS13F1151P0037,-1.15678283630728,-7.92720355097446,0.331551464101668,-0.471501840194889,-0.810768115354675,NA
TMS13F1153P0001,0.203304867306137,2.82665106099148,-0.208613305426187,0.389038618414596,-0.0391113232940598,-0.0884284220552081
TMS13F1153P0002,NA,0.034302889008276,-0.0756047537505477,0.805762864744636,-0.143614127397855,NA
TMS13F1153P0005,0.452974780429608,NA,NA,NA,NA,NA
TMS13F1153P0007,NA,-2.29278564410014,-0.0700393341560767,0.207003360435198,0.0693154004028927,NA
TMS13F1153P0009,-0.0205450380404368,1.31420846858086,NA,-0.201242502728974,-0.220328740602783,NA
TMS13F1153P0011,NA,-0.759537150048254,-0.0386422479399416,-0.658814532930807,-0.414357957142125,NA
TMS13F1154P0001,-0.588663937173859,0.241692077535488,NA,-0.156801765288252,-0.299159774463372,NA
TMS13F1154P0003,-0.683263017837237,2.73852154440378,NA,NA,0.0437912759728664,NA
TMS13F1154P0004,-0.588663937173859,0.142842640572781,NA,-0.16709633056675,-0.0125622648679572,NA
TMS13F1154P0008,NA,-0.72315281492483,-0.0244258995512469,1.02917297625445,1.29132817024678,NA
TMS13F1154P0010,-0.0205450380404368,0.619573654736499,0.039831995165653,-0.460536817959914,-0.86490539441837,NA
TMS13F1160P0003,NA,1.71061655288951,-0.221008062735952,0.695117141978556,-0.309622765074667,NA
TMS13F1160P0004,0.366362756097751,4.91459630062984,-0.166188854576488,0.441042004087742,0.272633524357652,-0.0436431395586863
TMS13F1160P0005,-0.211703443897867,3.57731715920694,-0.0539747633199327,0.202206113195955,0.00257284931464886,-0.0219074909301063
TMS13F1160P0008,NA,2.05658958225898,0.0213364752475321,-0.790312934037428,0.360700680972798,NA
TMS13F1160P0009,NA,1.65505963541536,0.125130085497821,-0.0134075441246799,0.289576000192978,NA
TMS13F1176P0002,-0.00130133677270102,3.32570023031054,-0.068812066146325,0.579999718513465,0.00166311731526606,-0.114294363711356
TMS13F1176P0003,0.00424044880498846,5.69748856045609,-0.145921512655395,0.50384467910577,0.250269845133693,-0.232961389928993
TMS13F1176P0006,-0.0205450380404368,-3.70240045727653,NA,0.817919459842328,-0.0053806084062217,NA
TMS13F1176P0008,0.452974780429608,NA,NA,NA,NA,NA
TMS13F1177P0008,-0.683263017837237,NA,NA,NA,NA,NA
TMS13F1177P0009,0.547573861092986,2.36695497223369,NA,0.182918888902182,0.178502741528986,NA
TMS13F1177P0012,-0.0205450380404368,1.27961116564391,NA,0.206270894956994,0.445206934470192,NA
TMS13F1177P0015,-0.588663937173859,-0.494736227836682,NA,-0.580635080077262,-0.50772421202728,NA
TMS13F1182P0002,-0.344959724807914,-1.50093612966665,0.113349827122835,1.03705931472283,0.379740827962778,0.166140400215713
TMS13F1184P0002,0.452974780429608,-0.276386282958785,NA,NA,-0.682057502432614,NA
TMS13F1184P0009,-0.588663937173859,-0.351404544240755,0.112051044980222,-0.448295989796046,-0.0327660208986744,NA
TMS13F1194P0007,0.452974780429608,NA,NA,NA,NA,NA
TMS13F1195P0005,0.452974780429608,0.464984494261518,NA,NA,0.17023135373555,NA
TMS13F1195P0006,0.547573861092986,0.0934179220914252,NA,0.345875794987557,0.447600819957438,NA
TMS13F1198P0002,-0.0205450380404368,4.34394371148784,NA,-0.0674131541084996,-0.0053806084062217,NA
TMS13F1198P0007,0.452974780429608,NA,NA,NA,NA,NA
TMS13F1198P0008,-0.0205450380404368,-0.349784896243103,0.0671273840719468,-0.110076278031771,-0.486465409075327,NA
TMS13F1198P0010,-0.115144118703814,NA,NA,NA,NA,NA
TMS13F1202P0002,1.11569276022641,0.355368930042601,NA,0.292896630638931,0.0662687689926324,NA
TMS13F1202P0013,0.452974780429608,-4.23036376146708,NA,NA,0.391258599712746,NA
TMS13F1202P0016,-0.115144118703814,-4.47748735387385,NA,NA,0.568261595857483,NA
TMS13F1202P0020,0.547573861092986,-1.98242025412543,NA,-0.160064241614982,-0.315861243801255,NA
TMS13F1202P0029,0.547573861092986,-2.08965921851418,-0.219474199444138,-0.596279976485887,-0.266063157796783,NA
TMS13F1202P0044,0.547573861092986,-1.30650681456399,-0.150098419307308,0.117535109504032,-0.747152280090596,NA
TMS13F1202P0046,NA,-4.26977438335429,-0.168566293860837,-0.828478519239147,-0.97835028746397,NA
TMS13F1203P0002,NA,0.563529581712628,-0.0204453220024123,-0.658814532930807,0.722766127783812,NA
TMS13F1203P0004,-0.588663937173859,-4.11802361955587,-0.101762834785746,0.00786251315627193,-0.368701274650479,NA
TMS13F1203P0028,0.547573861092986,-3.15843915933784,-0.125659392053926,0.63342312919399,0.0931812712882283,NA
TMS13F1203P0032,NA,-1.50199014839848,0.0759415200729375,-0.869656780353139,-1.36377053181719,NA
TMS13F1203P0042,0.18606675524012,2.0233285557045,0.11527860621055,0.432777418828047,-0.0195756231089873,0.129328620359957
TMS13F1204P0002,-0.0205450380404368,3.108325749454,NA,-0.232126198564468,-0.184504051903356,NA
TMS13F1204P0005,-0.0205450380404368,1.32903588412526,NA,0.0252379333979826,-0.124796237404311,NA
TMS13F1204P0007,0.452974780429608,0.909806960593701,NA,NA,0.169292575113101,NA
TMS13F1204P0008,NA,5.72348983558007,0.0787847897506764,-0.956694681610558,-0.224837276321136,NA
TMS13F1204P0010,0.452974780429608,NA,NA,NA,NA,NA
TMS13F1204P0011,0.547573861092986,0.513528029182933,NA,0.0664161945119743,-0.244211866402401,NA
TMS13F1204P0014,1.11569276022641,-5.33079652743059,-0.169432653115933,0.238003364819147,-0.764149764688262,NA
TMS13F1212P0002,0.845036992697266,-4.36883972364773,-0.350331273270074,0.469168774588319,-0.174860316306123,-0.209703457223887
TMS13F1212P0005,1.11569276022641,-3.36631237160333,NA,-0.674792505539881,-0.315861243801255,NA
TMS13F1212P0007,NA,-3.62725304309669,-0.0779850567129123,0.81563924940826,-0.0214293318210891,NA
TMS13F1212P0008,1.11569276022641,1.62558419501339,NA,0.385547718145412,-0.0292637342058391,NA
TMS13F1212P0019,0.452974780429608,NA,NA,NA,NA,NA
TMS13F1212P0022,1.02109367956303,NA,NA,NA,NA,NA
TMS13F1212P0026,NA,-5.12565736485917,-0.180805731826888,0.55934552829222,0.126225117061357,NA
TMS13F1212P0028,0.452974780429608,NA,NA,NA,NA,NA
TMS13F1212P0034,-0.190436108777141,-5.73419702462885,0.0857269568811291,0.841864042410222,0.271720562448362,-0.0902519051394098
TMS13F1212P0036,NA,-2.1818338866912,-0.00452301180707437,0.782755639802034,0.55941524465219,NA
TMS13F1212P0041,1.11569276022641,-6.06954704890317,-0.0670749447173309,-0.0798498093306507,-0.576186600115311,NA
TMS13F1212P0053,1.11569276022641,-1.53759778779324,NA,-0.683580732862242,0.017704555564315,NA
TMS13F1212P0055,NA,-4.86287100513053,-0.149496559724432,-0.0370535303364809,-0.0755792780529783,NA
TMS13F1212P0058,0.314432944726779,-5.79475851519997,-0.361258997591936,0.517504614417567,-0.261645326750441,-0.231776026630802
TMS13F1212P0059,-0.588663937173859,-2.42724272045761,NA,-0.674792505539881,0.233450649589958,NA
TMS13F1212P0061,0.253338077569033,-6.62433735291574,-0.345287708198446,0.822446423117027,-0.363424417890526,-0.285009870494536
TMS13F1212P0062,-0.588663937173859,NA,NA,-0.211537068007472,0.472281907586137,NA
TMS13F1212P0068,1.11569276022641,1.77385835045745,NA,0.24142380424644,-0.184504051903356,NA
TMS13F1212P0071,1.11569276022641,-1.63644722475595,NA,0.24142380424644,-0.124796237404311,NA
TMS13F1212P0072,NA,-1.60083958536119,-0.165388004838103,1.43331316611814,-0.594624351011919,NA
TMS13F1212P0073,0.452974780429608,-4.03266488754166,NA,NA,0.450270525696841,NA
TMS13F1212P0077,1.11569276022641,-2.56950705655028,0.0279636409962271,0.388015326124286,1.47188530802637,NA
TMS13F1212P0079,0.401262806351091,-7.77115053047566,0.0460088819420557,0.476058551047053,0.624773391443658,0.218764066557391
TMS13F1214P0004,-0.634210295123316,-1.77886307053599,0.0573569033532195,0.187923536856661,-0.453451349123283,-0.27592116544463
TMS13F1214P0005,0.452974780429608,-1.01775706017909,NA,NA,-0.22032144121434,NA
TMS13F1214P0009,0.547573861092986,-2.82264046830844,NA,-0.580635080077262,0.137120184562405,NA
TMS13F1214P0012,0.547573861092986,-1.94782295118848,NA,-0.0365294582730057,0.257333775389576,NA
TMS13F1214P0013,NA,2.54812967935395,-0.151235727178403,0.210002567385134,0.587394212911676,NA
TMS13F1214P0014,NA,-3.24028727209991,0.100677966269266,0.0895180803299915,-0.0100513830958357,NA
TMS13F1214P0016,NA,3.19335810733011,0.045234207553357,-0.540230691441203,-0.632762191507658,NA
TMS13F1214P0019,NA,-4.7287373453309,-0.0130528208402912,-0.0364147690672816,0.776010308447607,NA
TMS13F1214P0020,0.452974780429608,NA,NA,NA,NA,NA
TMS13F1214P0028,NA,3.11043304035233,0.0438125727144875,0.641080048584999,1.17850771192378,NA
TMS13F1214P0029,NA,-4.61627667313123,0.069401999814138,-0.0327825275058612,-0.14632788325303,NA
TMS13F1214P0030,0.547573861092986,0.370196345587006,NA,-0.0982968499439936,-0.0292637342058391,NA
TMS13F1214P0036,0.105413348786976,-1.46523896993791,-1.36493365535309e-05,0.651623713668516,0.380544860623548,0.166828609129357
TMS13F1214P0037,NA,-0.428770467108032,-0.121665722529918,-0.477786629744777,-0.472125064231213,NA
TMS13F1216P0002,1.02109367956303,-6.30620193768393,NA,NA,-0.0648447897708335,NA
TMS13F1216P0008,1.02109367956303,NA,NA,NA,NA,NA
TMS13F1216P0009,-0.0205450380404368,-0.895076447535648,NA,-0.0571185888300015,0.400632530187284,NA
TMS13F1216P0010,0.253338077569033,-8.19228346421984,-0.191248824969129,0.379596309622587,0.0949428142730443,-0.248184521966197
TMS13F1216P0012,0.547573861092986,-0.944501166017001,NA,0.709198255647259,0.446004896299274,NA
TMS13F1216P0013,NA,-0.594153808578143,-0.104037450527937,-0.0842453397331966,-0.470315893661096,NA
TMS13F1216P0015,NA,NA,0.0907348491952279,0.279958018723575,-0.712797695565302,NA
TMS13F1216P0021,-0.0205450380404368,-6.33179548048455,NA,-0.518867688406275,-0.412191708828808,NA
TMS13F1216P0026,NA,0.0309952221788741,-0.153510342920594,0.163988117499929,-0.849357255303075,NA
TMS13F1217P0043,0.220443300127166,-2.46252036355928,0.0620353256049137,0.68252229668946,0.338051212697525,0.0802776093793997
TMS13F1221P0003,-0.0205450380404368,1.05719993247782,NA,-0.283599024956958,0.472281907586137,NA
TMS13F1223P0005,-0.0205450380404368,-1.5870225062746,NA,-0.355660981906444,-0.315861243801255,NA
TMS13F1223P0007,0.452974780429608,NA,NA,NA,NA,NA
TMS13F1223P0010,-0.115144118703814,NA,NA,NA,NA,NA
TMS13F1223P0012,NA,-0.885228489565535,0.185976056601434,1.25439920854497,2.02143192527125,NA
TMS13F1223P0016,0.452974780429608,NA,NA,NA,NA,NA
TMS13F1223P0018,NA,-2.04566205169337,0.146170281113089,-0.0430769069834902,0.577443774776034,NA
TMS13F1223P0025,0.452974780429608,NA,NA,NA,NA,NA
TMS13F1227P0119,-0.11625391488812,1.7189311458415,-0.25977837540995,NA,-4.14805097489464,-0.186172647446477
TMS13F1227P0143,1.58810278251215,-1.79022386633461,-0.239914069017861,NA,-3.23093894418931,-0.0322050548184507
TMS13F1232P0003,-0.0205450380404368,2.11983137982693,NA,-0.396839243020435,0.0185025173933965,NA
TMS13F1232P0009,-0.588663937173859,3.25659990489806,NA,0.18995097785395,0.305100026988812,NA
TMS13F1232P0014,-0.683263017837237,NA,NA,NA,NA,NA
TMS13F1241P0001,-0.588663937173859,-5.83754829567101,NA,-0.839505549995849,-0.184504051903356,NA
TMS13F1241P0016,0.105413348786976,-0.778127341197414,0.0382333857899618,-0.530263989832442,0.286765477186688,-0.0694777221681964
TMS13F1241P0021,NA,NA,-0.00736628148481322,-0.848320694813756,-0.716699096286115,NA
TMS13F1241P0023,-0.0205450380404368,-3.23300520172089,0.126267393368917,0.473844989781471,-0.612412701262229,NA
TMS13F1245P0001,-0.115144118703814,NA,NA,NA,NA,NA
TMS13F1245P0016,NA,-2.27114089108506,0.106933159560292,-0.704828982816012,-0.253720829865679,NA
TMS13F1247P0006,-0.0754061574369502,-2.05245549807616,0.0394201538857429,0.61300104477091,0.107705596325992,-0.0579653400537317
TMS13F1253P0002,-0.115144118703814,-1.70970311891804,NA,NA,-0.136028056039218,NA
TMS13F1253P0003,-0.0205450380404368,5.18416392567085,NA,0.144753303700463,0.750101837061654,NA
TMS13F1253P0011,NA,3.58954554516184,0.012072195882556,0.989026485398257,-0.192156698948198,NA
TMS13F1254P0002,-0.683263017837237,-1.70970311891804,NA,NA,0.0878155258053255,NA
TMS13F1254P0003,-0.0205450380404368,0.785363980830375,NA,0.251718369524938,-0.268094992202019,NA
TMS13F1254P0011,NA,-5.59356714867367,0.00400679722614248,-0.474154388183356,-0.149041639108205,NA
TMS13F1254P0012,0.547573861092986,1.42788532108797,NA,-0.424710262943657,-0.866769060850631,NA
TMS13F1254P0015,NA,NA,0.116600276464604,-0.493529371564538,-0.693243054451922,NA
TMS13F1266P0027,-0.683263017837237,NA,NA,NA,NA,NA
TMS13F1273P0005,-0.115144118703814,NA,NA,NA,-0.126673051622276,NA
TMS13F1273P0015,0.547573861092986,2.14948621091573,NA,0.555029576884246,0.774782924690353,NA
TMS13F1273P0016,NA,1.19198627929905,0.173465670019383,-0.68363787865412,-0.170688510372282,NA
TMS13F1286P0005,0.547573861092986,1.13133701019985,NA,0.34311291948974,0.204779752815849,NA
TMS13F1287P0004,0.452974780429608,-4.97173453868738,NA,NA,0.251708403043324,NA
TMS13F1287P0005,0.547573861092986,NA,NA,-0.263009894399962,0.639463788183463,NA
TMS13F1287P0011,-0.0205450380404368,-1.09277532146106,NA,0.626841733419276,-0.0316576196930842,NA
TMS13F1287P0016,-0.115144118703814,NA,NA,NA,NA,NA
TMS13F1288P0005,0.0419755479708367,-1.80283049123925,-0.0587857558283708,0.573438016437689,0.110747776939206,-0.0156405802624206
TMS13F1288P0009,0.452974780429608,-0.572934593846908,-0.0362700132895256,NA,0.0700398718232833,NA
TMS13F1288P0010,-0.0205450380404368,-6.92489210226079,NA,0.0430641884571623,-0.104902920750102,NA
TMS13F1288P0014,0.697112263915208,-0.770547156596914,-0.0298031176778451,0.705430536945361,0.864608931137503,0.130473788929734
TMS13F1291P0003,-0.0205450380404368,-3.56401124552874,NA,-0.201242502728974,0.20956752379034,NA
TMS13F1291P0005,0.452974780429608,NA,NA,NA,NA,NA
TMS13F1291P0012,-0.0205450380404368,2.16925609830828,NA,-0.0217158791260982,0.278823015701949,NA
TMS13F1303P0001,0.549187535133149,-0.0799332668320742,-0.283293887526347,0.709339740726653,0.262690103013176,-0.108429315239222
TMS13F1303P0002,0.213019723979304,-0.278176893710399,-0.149429639384322,0.419107837196264,0.115180282695086,-0.0989526148907112
TMS13F1303P0003,-0.401722097204317,-2.25497791439089,-0.00180679866687344,0.529612402199147,0.310749000426262,-0.0326090524332168
TMS13F1303P0005,-0.0205450380404368,1.72443363197609,NA,0.34436945703142,-0.399452184099918,NA
TMS13F1304P0003,-0.364976117531482,-0.145242039438279,0.300534710669637,0.97778787014765,0.0887235773082584,0.160242950299302
TMS13F1306P0001,-1.01750766783773,-0.966559164582679,0.199068686584679,0.579353551285688,0.179556252853204,0.00712707753815328
TMS13F1306P0002,0.547573861092986,4.54164258541325,NA,0.0972998903474683,0.496165033385755,NA
TMS13F1306P0003,0.146574353668354,3.20118294729152,-0.108064543409221,0.450412905023461,-0.366059904147649,-0.0753463941566859
TMS13F1306P0004,-0.115144118703814,-1.50199014839848,-0.0342835826503167,0.856817510522252,-0.499091847813447,NA
TMS13F1306P0005,-1.15678283630728,1.97155722438286,NA,-0.683580732862242,-0.818204847422313,NA
TMS13F1306P1003,-0.0539658503727839,1.17112408699402,0.101329139708374,0.634817532296732,0.0957998024481666,-0.163625321181379
TMS13F1307P0001,NA,1.65505963541536,-0.0301124389067247,-0.385757729974369,0.533245446962821,NA
TMS13F1307P0004,0.295423882043226,1.65491079107292,-0.139678816507025,1.03421776947305,0.278231495046536,0.0601606585961638
TMS13F1307P0005,-0.300308876456842,1.42124298220345,0.105691068622991,0.729861906329475,0.515798702714399,-0.073372881475299
TMS13F1307P0006,-0.554565831424698,0.794501253862345,-0.133878272279357,0.0720279470714177,-0.00391459262872452,-0.317469531387057
TMS13F1307P0007,-0.190436108777141,3.05639884499953,-0.0237604348821371,0.371185064919573,0.0126984505675976,-0.0941470644465123
TMS13F1307P0008,0.0752463768586941,0.545717375154145,-0.187256518594235,0.52018068089453,-0.147213396836172,-0.271359159438914
TMS13F1307P0010,1.05291699359947,0.163390613522521,-0.0367036462387606,0.748011242670705,0.583276973824442,0.124258917960476
TMS13F1307P0011,0.990829366482398,-0.832297844845175,-0.175472929946636,0.550076739928687,0.294550379819712,0.127877016058332
TMS13F1307P0012,0.0081057835847636,-3.80881784821115,-0.008502175239198,0.203421864455372,0.102166231622875,0.12063523267987
TMS13F1307P0016,-0.0933940670995776,2.70043415394575,0.0173783142118714,0.736975728595291,-0.206088831849698,-0.0962909561561334
TMS13F1307P0017,-0.115144118703814,1.25577998996317,NA,NA,0.534563910871963,NA
TMS13F1307P0018,0.547573861092986,1.47731003956932,NA,1.19153648578053,0.554276924226636,NA
TMS13F1307P0020,NA,NA,0.0570922267532921,-1.16091728406336,-0.976754363805806,NA
TMS13F1307P0021,-0.0205450380404368,-2.43218519230575,NA,-0.323270948114813,0.662548952154,NA
TMS13F1307P0023,0.31443294472678,-0.37527191341566,-0.0437245466239995,1.46050505840637,0.341333989774934,0.0395867384306745
TMS13F1307P0024,-0.0205450380404368,1.67500891349474,NA,-0.963040333337826,-0.459159998598962,NA
TMS13F1309P0001,NA,1.98582631835558,-0.0204453220024123,0.391030470571163,-0.0660093196148067,NA
TMS13F1315P0008,0.609241159940036,1.52974065604406,-0.0938023870605494,0.558358428767678,0.0968117363500741,-0.160107295627358
TMS13F1324P0002,-0.588663937173859,0.758763600518182,-0.026700515293438,0.258912049898903,0.086576036210058,NA
TMS13F1324P0004,-0.683263017837237,0.672568311883202,NA,NA,0.039097382860621,NA
TMS13F1324P0008,NA,NA,0.0462388028769488,NA,NA,NA
TMS13F1329P0003,-0.28222966838505,-0.235620273358847,0.149736115720989,0.431906640006494,-0.1246229839659,0.0875750838767414
TMS13F1329P0005,NA,-0.226042721598662,0.230615390541935,0.0295770094057371,-0.910742703532397,NA
TMS13F1329P0017,0.547573861092986,4.09682011908107,NA,0.357676698222191,0.709517241924153,NA
TMS13F1332P0004,0.547573861092986,0.241692077535488,NA,0.282602065360432,0.985769112277923,NA
TMS13F1332P0010,-0.0205450380404368,NA,NA,0.275315824888516,1.08714879433464,NA
TMS13F1332P0016,-0.0205450380404368,-2.03184497260678,NA,0.46514136487558,0.754889608036144,NA
TMS13F1332P0027,NA,2.00897998616139,-0.0602510974907574,-0.981518027333871,2.13063404245402,NA
TMS13F1332P0042,-0.197851906259572,0.552045222178062,0.0710905166727246,0.145999501443345,0.34305425266906,-0.0344212884042737
TMS13F1332P0045,NA,0.672697464781077,-0.117116491045536,-1.27939817601362,-0.766324935809677,NA
TMS13F1333P0001,NA,1.78736630859145,0.0494991120699654,-0.658814532930807,1.10180748942579,NA
TMS13F1333P0002,NA,NA,0.254214528867169,-1.24966299431867,-0.686006372171455,NA
TMS13F1333P0003,-0.190436108777141,-0.321852806760007,0.130908893981133,0.103900114046596,0.0914329192661332,0.136965721108238
TMS13F1333P0007,-0.0205450380404368,-4.25595730426769,NA,-0.395332905064299,0.208769561961259,NA
TMS13F1333P0010,NA,1.98582631835558,-0.109767946940254,-0.21017818913047,1.10090290414073,NA
TMS13F1333P0012,-0.115144118703814,NA,NA,NA,NA,NA
TMS13F1333P0014,NA,2.15120965982569,0.147673463901217,-0.832577952993995,0.208352851269697,NA
TMS13F1333P0017,NA,-0.0686733124392264,-0.04802503787648,0.19796533269838,-0.737923105809627,NA
TMS13F1333P0019,-1.15678283630728,0.686514543867668,NA,-0.620307003235119,-0.174158412661711,NA
TMS13F1333P0021,0.452974780429608,NA,NA,NA,NA,NA
TMS13F1333P0022,1.11569276022641,1.97155722438286,NA,0.410905662985274,1.30021169228195,NA
TMS13F1333P0025,0.547573861092986,2.41637969071505,NA,-0.586410631487352,-0.832540295809368,NA
TMS13F1333P0027,NA,3.01120303547026,-0.00395435787152658,-1.08081141022712,-0.685101786886396,NA
TMS13F1336P0003,-0.115144118703814,5.50630577935959,NA,NA,-0.0124043141438817,NA
TMS13F1336P0021,-0.115144118703814,2.73852154440378,NA,NA,0.306026435915174,NA
TMS13F1336P0023,NA,-1.66914552813386,0.106364505624744,0.438861041237078,-0.0380303513553215,NA
TMS13F1336P0024,NA,-0.329540462225965,-0.00793493542036102,0.55934552829222,0.938456606294169,NA
TMS13F1336P0026,-1.15678283630728,1.93690707017031,-0.172275922793671,0.0549168335049627,-0.576513204749162,NA
TMS13F1336P0028,-0.115144118703814,NA,NA,NA,NA,NA
TMS13F1339P0002,-0.588663937173859,-1.88357081716272,NA,0.313485761195926,-0.196445614803165,NA
TMS13F1339P0006,NA,NA,0.401412601167498,-0.657740122958633,-0.694944625184881,NA
TMS13F1339P0007,-0.683263017837237,NA,NA,NA,NA,NA
TMS13F1339P0009,NA,-1.1233805012825,0.20246702073232,-0.708461224377432,-0.251911659295563,NA
TMS13F1339P0011,NA,NA,-0.0545645581352796,-0.506242217029511,-0.307869595814534,NA
TMS13F1340P0001,-0.588663937173859,-5.47674785075713,NA,0.0561216292334766,0.0423856431930146,NA
TMS13F1340P0004,-0.0205450380404368,0.371020180126342,0.0409693030367486,0.77230814200715,0.491470022157005,NA
TMS13F1343P0001,0.547573861092986,-2.42724272045761,NA,0.172374523209227,-0.126392161062475,NA
TMS13F1343P0002,-1.01159405682838,2.58914635639981,0.051080955280109,0.279543423889052,-0.682498758359606,-0.442996482827336
TMS13F1343P0009,-0.683263017837237,NA,NA,NA,NA,NA
TMS13F1343P0010,-0.0205450380404368,3.50372349730483,NA,-0.0541059129177286,0.0646728453344687,NA
TMS13F1343P0013,-0.308444150077688,1.56946129307431,0.026247508893523,0.296160745535114,-0.239528663764041,-0.0893234499099244
TMS13F1343P0016,-1.15678283630728,-2.37781800197626,NA,-0.652697037026748,-0.818204847422313,NA
TMS13F1343P0019,0.547573861092986,2.41637969071505,NA,0.181162750531589,-0.38830858302919,NA
TMS13F1343P0022,-0.111681991649332,4.45212965591608,-0.0957674064046292,0.63513481695028,-0.491268690728509,-0.246129132297598
TMS13F1343P0026,-0.215718900655267,3.65538780374902,-0.0254950761235354,0.497572311189961,-0.0678175851973589,-0.174485550883028
TMS13F1343P0029,NA,2.54812967935395,-0.0682122525884264,-0.235001534853783,-0.740155138120309,NA
TMS13F1343P0031,-0.0205450380404368,2.51522912767775,NA,-0.0777077193869977,-0.172562489003547,NA
TMS13F1343P0038,-0.11625391488812,-0.0109340010058803,0.0512966626901615,NA,-3.84234696465953,-0.124733656157409
TMS13F1343P0040,-0.0205450380404368,0.834788699311731,NA,-0.468901199969922,-0.650225004995906,NA
TMS13F1343P0044,-0.970089323512722,2.49120724438272,0.143014939956124,0.383602179027204,-0.30001400292773,-0.336599707910017
TMS13F1343P0045,-0.696706915764439,5.13098859697242,0.105166543707517,0.0461754535859806,-0.292781454008743,-0.0442777644486163
TMS13F1343P0051,-0.588663937173859,-1.98242025412543,NA,-0.774725482412589,-0.795119683451777,NA
TMS13F1344P0002,-0.0205450380404368,1.62558419501339,NA,0.148772716739958,-0.196445614803165,NA
TMS13F1344P0008,-0.0205450380404368,2.02098194286422,NA,0.694384676500352,-0.124796237404311,NA
TMS13F1350P0005,-0.588663937173859,-3.06976406071521,NA,0.213552784323219,-0.174158412661711,NA
TMS13F1352P0001,-0.0205450380404368,5.33243808111491,NA,-0.0262348929945076,0.32898315278843,NA
TMS13F1352P0002,-0.53853726143137,3.73451872813249,-0.0456893176265067,-0.138386680620116,-0.0585860708879546,-0.139737737265133
TMS13F1352P0010,-1.15678283630728,-0.0266653792499061,0.0728139234274246,-0.193384429365913,-0.718815792363103,NA
TMS13F1357P0008,-0.588663937173859,3.71406441363291,-0.0301124389067247,-0.571687289653665,-0.32902578379316,NA
TMS13F1362P0001,-0.31825247020237,1.45440094678656,-0.014238478339737,0.362055390585144,-0.132090540334389,-0.206449439263473
TMS13F1362P0004,-0.668285853855594,5.90158847273656,0.0633274478956,0.423874732615831,-0.453307590196018,-0.0939676526044051
TMS13F1362P0005,-0.683263017837237,NA,NA,NA,NA,NA
TMS13F1362P0008,-0.683263017837237,-0.0292626905520185,NA,NA,0.573894267592177,NA
TMS13F1362P0009,-0.0205450380404368,-3.26746293464062,NA,-0.0880022846654955,-0.0292637342058391,NA
TMS13F1364P0001,0.0351309450769619,7.91212162800208,-0.2143999743727,0.472984588777774,0.0610809366990424,-0.287415188383429
TMS13F1365P0001,-0.588663937173859,2.21868081678963,NA,0.354664022309918,-0.100913111604693,NA
TMS13F1365P0002,-0.210184064750408,-1.48559343177286,-0.08339484769125,0.42285588266429,-0.147591179856914,-0.152434178029137
TMS13F1365P0004,-0.588663937173859,-3.97866562555135,0.186829037504756,-0.234986241045028,-0.223885030839395,NA
TMS13F1365P0011,-0.0205450380404368,-0.746802292091585,NA,-0.108591415222492,-0.72187438239476,NA
TMS13F1365P0013,0.452974780429608,NA,NA,NA,NA,NA
TMS13F1365P0014,-0.588663937173859,1.47731003956932,NA,-0.0982968499439936,0.137918146391486,NA
TMS13F1365P0017,-0.588663937173859,-3.02033934223385,NA,-0.458606634691424,-0.268094992202019,NA
TMS13F1365P0019,-0.115144118703814,NA,NA,NA,NA,NA
TMS13F1365P0023,-1.15678283630728,-0.366231959785164,NA,0.107594455625966,-0.100913111604693,NA
TMS13F1365P0026,0.547573861092986,-1.98242025412543,NA,-0.373237436551167,0.231854725931795,NA
TMS13F1365P0029,-0.551836102724796,5.41260301538158,0.0300549685079359,0.20956436948622,-0.104530855404973,-0.0997154418930177
TMS13F1365P0031,0.452974780429608,1.60175301933265,NA,NA,-0.305553605011911,NA
TMS13F1365P0032,0.547573861092986,NA,NA,-0.510079461083914,-1.00847189199018,NA
TMS13F1365P0036,NA,6.25271652828443,0.104766562094305,-0.284648226300408,-0.415262542427184,NA
TMS13F1365P0038,-0.0205450380404368,-1.85391598607391,NA,-0.580635080077262,-0.0300616960349209,NA
TMS13F1365P0040,-0.115144118703814,NA,NA,NA,NA,NA
TMS13F1368P0007,-0.0205450380404368,-4.15710786730499,NA,0.426725979259404,-0.339744369600873,NA
TMS13F1368P0010,-0.588663937173859,2.92121988025739,0.0398822248314804,0.542768803994597,0.826623043065417,NA
TMS13F1368P0012,-0.115144118703814,NA,NA,NA,NA,NA
TMS13F1368P0016,-0.588663937173859,-2.13069440956949,NA,-0.293893590235455,0.639463788183463,NA
TMS13F1375P0003,-0.588663937173859,2.61407856464046,NA,-0.465888524057649,-0.639879365754261,NA
TMS13F1376P0018,-0.839647698606307,-0.126327473989279,0.259679905878616,0.979790600936169,0.0419940885410752,-0.146036050490404
TMS13F1377P0003,0.547573861092986,0.587665106904962,NA,0.563568003792151,0.542335361326827,NA
TMS13F1377P0006,-0.0205450380404368,-0.214976760861267,-0.18922517250861,0.254581022212004,0.437831689485254,NA
TMS13F1377P0009,-0.0205450380404368,0.528355444727337,NA,-0.118885980500989,0.0662687689926324,NA
TMS13F1377P0012,-0.588663937173859,-0.845651729054292,NA,-0.508573123127777,-0.985386728019638,NA
TMS13F1377P0017,-0.115144118703814,-0.770633467772322,NA,NA,0.307903993160073,NA
TMS13F1377P0018,-0.943698650587255,1.89362827722576,0.111965625921104,0.621486061876678,-0.111586023807277,-0.201086758009692
TMS13F1377P0020,-0.115144118703814,1.15693055300047,NA,NA,0.0990480874671654,NA
TMS13F1378P0001,NA,-0.422155133449229,-0.0102095511625521,-0.483234992086908,-0.956750201915726,NA
TMS13F1378P0005,0.452974780429608,NA,NA,NA,NA,NA
TMS13F1378P0006,-0.0205450380404368,-2.2295438465322,NA,0.943210381554897,0.250950080756922,NA
TMS13F1381P0003,-0.588663937173859,1.37846060260662,NA,-0.211537068007472,-0.124796237404311,NA
TMS13F1381P0005,NA,-0.0318504475797675,-0.0630943671684964,0.358942641725009,-0.170688510372282,NA
TMS13F1381P0009,NA,-3.19152583047988,-0.0276564169016218,0.85344099840719,-0.711201771907138,NA
TMS13F1383P0003,-0.588663937173859,-3.11121399916191,0.074519885234068,-0.526620285966767,-0.96218959424393,NA
TMS13F1383P0006,NA,-0.917988780337615,0.0716651150588226,-0.549632555380811,-0.0886445774589087,NA
TMS13F1383P0009,1.11569276022641,0.834788699311731,NA,0.581144458436874,-0.315861243801255,NA
TMS13F1383P0012,-0.0205450380404368,-1.12030066753458,-0.131332839434231,0.196185994659635,-0.822085078290354,NA
TMS13F1387P0002,1.11569276022641,1.87270778742016,NA,-0.0659068161523625,0.101295495862978,NA
TMS13F1390P0039,NA,0.10045622559632,-0.0102095511625523,0.110709184491883,1.12888187240022,NA
TMS13F1391P0012,-0.0205450380404368,1.93695992144591,NA,0.319760913434929,0.79786808866089,NA
TMS13F1391P0015,0.547573861092986,1.42788532108797,NA,0.0576279671896134,1.03273740204808,NA
TMS13F1391P0026,-0.683263017837237,NA,NA,NA,NA,NA
TMS13F1391P0027,-0.588663937173859,-1.14220003994241,NA,0.403373973204592,0.516058350039965,NA
TMS13F1391P0036,0.547573861092986,-0.351404544240755,NA,0.522389742678159,0.590101612926064,NA
TMS13F1395P0002,-0.0205450380404368,-1.19162475842377,NA,-0.17035880689348,-0.0770299858050754,NA
TMS13F1395P0004,0.452974780429608,-5.07058397565009,NA,NA,0.291977538385987,NA
TMS13F1400P0001,0.460618819420192,0.135739455494952,0.0423620296123467,0.464770743345907,0.213053852414964,-0.00136671459278721
TMS13F1401P0009,-0.115144118703814,5.65457993480365,NA,NA,0.0587789521245023,NA
TMS13F1401P0013,-1.15678283630728,0.439390951460901,NA,-0.0980470495295372,0.108449287788296,NA
TMS13F1401P0016,-0.308444150077687,-0.885003152959276,0.256535357905278,0.498555481217473,-0.129110955749959,0.148896392905943
TMS13F1401P0018,0.452974780429608,NA,NA,NA,NA,NA
TMS13F1401P0019,-0.0205450380404368,3.2071751864167,NA,-0.484971316658508,-0.736209830781813,NA
TMS13F1414P0009,0.072518571345108,-1.23783894395746,-0.0111314064276979,0.553770489707373,0.278276167459514,-0.0111754187071337
TMS13F1420P0001,-1.15678283630728,-0.499678699684815,NA,-0.27330445967846,0.161801272191104,NA
TMS13F1420P0003,-0.115144118703814,NA,NA,NA,NA,NA
TMS13F1420P0004,-0.0205450380404368,1.18076172868121,NA,-0.210030730051334,-0.459957960428044,NA
TMS13F1420P0006,NA,-2.21491055498522,-0.262123244610222,0.483059370341572,-0.955845616630667,NA
TMS13F1420P0007,-1.15678283630728,0.15272758426905,NA,-0.27330445967846,-0.327802806701064,NA
TMS13F1420P0010,-0.0205450380404368,4.83819089630138,NA,-0.323270948114813,0.0415876813639331,NA
TMS13F1420P0012,-0.115144118703814,2.73852154440378,NA,NA,0.36503836189927,NA
TMS13F1423P0002,-0.115144118703814,1.70060245629536,NA,NA,-0.335528957315183,NA
TMS13F1423P0004,NA,-3.40567061357002,-0.222886123057424,0.16580423828064,-0.14632788325303,NA
TMS13F1423P0006,-0.0205450380404368,-2.08126969108813,NA,0.079723435702745,0.219913163031985,NA
TMS13F1423P0008,-0.115144118703814,-0.424660438402848,NA,NA,0.519576234720327,NA
TMS13F1436P0001,NA,0.771546901743784,-0.17511919247141,-0.176274239503605,-0.988347511315444,NA
TMS13F1436P0003,0.547573861092986,-0.993925884498354,NA,-0.621813341191255,-0.173360450832629,NA
TMS13F1436P0004,NA,2.51505301105993,0.096128734784884,0.110709184491883,0.560319829937248,NA
TMS13F1436P0005,NA,-0.711767748386679,-0.108813967139536,0.964002769801186,0.562440554765469,NA
TMS13F1436P0006,NA,-0.435385800766836,-0.0744674458794522,0.587801115576954,-0.200476649201884,NA
TMS13F1436P0009,-0.0205450380404368,-0.811054426117345,NA,0.00941761712385179,-0.0133602266970387,NA
TMS13F1436P0011,1.02109367956303,NA,NA,NA,NA,NA
TMS13F1436P0012,NA,2.44889967447189,-0.169432653115933,-0.584344495760869,0.560319829937249,NA
TMS13F1439P0001,0.452974780429608,-1.1166064971418,NA,NA,0.429650177810511,NA
TMS13F1439P0002,-0.0205450380404368,0.587665106904962,NA,0.256237383393348,-0.604852638883915,NA
TMS13F1439P0004,0.508867607991975,-3.45152369345626,-0.167970657954312,0.443545275312743,0.742115179546494,0.00542365451136922
TMS13F1439P0005,-0.588663937173859,3.35544934186077,NA,0.0870053250689705,0.281216901189194,NA
TMS13F1439P0011,-0.0205450380404368,-1.63644722475595,NA,0.201751881088585,-0.221126702431864,NA
TMS13F1446P0001,0.547573861092986,-0.781399595028534,NA,0.375253152866914,0.400632530187284,NA
TMS13F1446P0004,0.547573861092986,-0.534276002621765,NA,0.251718369524938,-0.0531468600054572,NA
TMS13F1446P0013,0.547573861092986,0.374316421617691,-0.122803030401014,-0.0365170272797877,-0.0604713395526129,NA
TMS13F1449P0009,-0.0205450380404368,-3.63069076109713,0.0580289211031822,0.370604669057932,-0.527696782422383,NA
TMS13F1452P0009,1.11569276022641,-1.43874835083054,NA,-0.452581282866878,0.5885056892679,NA
TMS13F1455P0002,0.547573861092986,0.735939262349024,NA,-0.724758993976234,0.0654708071635513,NA
TMS13F1455P0004,1.02109367956303,0.563833931224224,NA,NA,0.239537062759036,NA
TMS13F1461P0002,0.236427388290885,-0.0243345021127531,-0.0532656040190526,0.80653498402968,0.244030995723866,-0.172214989641097
TMS13F1466P0001,-1.15678283630728,2.55476890246284,NA,-0.539456818963271,-0.38830858302919,NA
TMS13F1467P0001,-0.0205450380404368,1.0819122917185,NA,0.13847815146146,0.926061297778878,NA
TMS13F1474P0004,NA,0.27729971693025,0.1177375843357,-0.078231791450473,-0.505475542446101,NA
TMS13F2005P0009,-0.588663937173859,-2.52609215742032,NA,-0.0922714981194481,-0.0802218331214024,NA
TMS13F2061P0005,0.236427388290885,-0.413767898390703,-0.0835373029910526,0.727446487152152,0.0850578431632009,0.00177517669241049
TMS13F2077P0001,-0.0205450380404368,-2.04667238815119,NA,-0.177640696259705,-0.150275286862093,NA
TMS13F2077P0021,1.11569276022641,0.488815669942255,NA,0.406136848702408,-0.339744369600873,NA
TMS13F2077P0043,0.525237379377522,1.54966231051107,0.210867395540774,0.70948063678708,0.625073535647524,0.286901272831577
TMS13F2101P0001,-0.683263017837237,NA,NA,NA,NA,NA
TMS13F2101P0002,-0.588663937173859,1.18076172868121,NA,0.13847815146146,0.639463788183463,NA
TMS13F2101P0008,-0.0205450380404368,-1.43874835083054,NA,-0.508573123127777,-0.806263284522504,NA
TMS13F2101P0014,-0.0205450380404368,0.538240388423608,NA,0.369477601456826,0.087758009305005,NA
TMS13F2110P0002,-1.15678283630728,-1.73529666171866,NA,0.406136848702408,0.0185025173933965,NA
TMS13F2110P0005,-1.15678283630728,0.291116796016839,NA,0.0458270639549785,-0.0531468600054572,NA
TMS13F2110P0008,-0.634805996246057,0.145656916255722,0.334435914355803,1.14460698735507,0.71856753952838,0.308580567504446
TMS13F2110P0011,-0.0205450380404368,1.10662465095917,NA,0.345875794987557,-0.101711073433775,NA
TMS13F2110P0013,-0.683263017837237,NA,NA,NA,NA,NA
TMS13F2110P0017,-0.588663937173859,1.03248757323714,NA,0.753389192673524,-0.104902920750102,NA
TMS13F2207P0001,-0.209490665214711,2.15447106072858,0.0803408685539093,0.827793443775859,-0.440895785132399,-0.135722543320765
TMS14F1001P0001,NA,-1.35371599295442,-0.059439307128964,-0.369412642947975,-0.530796756605359,NA
TMS14F1001P0004,0.484916591478511,-3.27010409290448,-0.12512380190912,1.89912873830276,0.491476042778961,-0.088352431299376
TMS14F1003P0001,NA,2.56154756029511,-0.0746481908250667,0.763377476782994,-0.420359971948378,NA
TMS14F1008P0007,NA,-1.93706654131544,-0.195590734151131,0.759748414859431,1.58733721239536,NA
TMS14F1008P0012,NA,NA,NA,0.408035865829476,-3.03447669754073,NA
TMS14F1008P0017,NA,-0.905074490541951,0.0222037231636716,0.312928191839805,0.233618063674007,NA
TMS14F1008P0020,NA,-0.78269081785407,0.0591662289742778,-0.00432694022112759,-0.879145394132678,NA
TMS14F1011P0001,NA,1.1496778264685,NA,-1.197310768246,-1.49318925709987,NA
TMS14F1011P0002,NA,-1.4210705159287,-0.0636630211040441,-0.107252564675799,0.31393662731223,NA
TMS14F1012P0002,NA,NA,NA,-6.51593735314573,-5.85904694489916,NA
TMS14F1012P0004,NA,1.15890961100503,-0.151804381113951,0.938960197264751,0.285053073767686,NA
TMS14F1012P0006,NA,NA,NA,0.222066739996562,-0.273027979082575,NA
TMS14F1012P0008,-0.53853726143137,1.73062686181862,0.0982402260044202,1.06310363336412,0.317777999714285,-0.0844405574918804
TMS14F1012P0012,NA,1.19910254494985,NA,-6.46812819083697,-5.7730454003914,NA
TMS14F1013P0004,NA,2.18759691457692,NA,-1.12540019863907,1.63708500049368,NA
TMS14F1013P0007,0.266292493388359,2.26508914255098,-0.134274033520629,0.559517377407502,0.266584288337692,-0.078069352617818
TMS14F1014P0006,NA,3.0773563720583,-0.0301124389067247,0.0150480431600538,-0.957654787200783,NA
TMS14F1014P0009,NA,NA,NA,-3.30563773728239,-2.4103012878052,NA
TMS14F1014P0015,NA,4.06573621686836,NA,1.43809794304949,0.341034804310788,NA
TMS14F1014P0016,0.137429750846864,2.47697258552954,-0.129812409248469,0.633193636592898,0.225860724790997,-0.279060696732693
TMS14F1014P0017,-0.242420380662597,0.343477151490552,0.150558648906149,0.464861196756834,-0.0877226363688135,0.112150561086559
TMS14F1016P0002,NA,1.21623025157652,0.0265234169765573,1.52006028206321,0.171429484471377,-0.0833734009399018
TMS14F1016P0006,-0.353371597599663,-1.29525950216144,-0.0946243506922427,1.51066753483602,-0.620730764649093,-0.268669251029306
TMS14F1017P0002,NA,1.21636936807597,0.15720833096942,-0.869656780353139,-1.16941529386091,NA
TMS14F1017P0007,NA,3.6365425766791,-0.141948341310173,1.29252615055528,2.046215199712,0.0440827448251187
TMS14F1017P0013,NA,NA,NA,NA,-5.6265770899065,NA
TMS14F1018P0004,NA,NA,NA,-6.58784792275266,-4.70946505920118,NA
TMS14F1019P0001,NA,-1.12385922367377,NA,6.44537449451092,9.20645110112896,NA
TMS14F1019P0006,NA,-2.83645754739503,0.0364200715523663,-0.410581075697681,-0.847548084732959,NA
TMS14F1019P0007,NA,1.44622613735662,NA,-4.5514315233232,-6.00551525538406,NA
TMS14F1019P0015,-0.249158476777622,1.03730021708627,-0.0938977711053225,0.545825041793267,0.0130047949040216,-0.312616713017166
TMS14F1019P0016,NA,1.09275627441698,-0.064231675039592,-0.0079591817825487,-0.389997330022873,NA
TMS14F1019P0017,NA,2.03932275913286,NA,1.17455707191994,-3.32741331851053,NA
TMS14F1020P0005,NA,-0.876735631267004,NA,0.192304157008678,-2.33706713256275,NA
TMS14F1020P0012,NA,0.111758738360068,NA,-5.6055950078414,-6.92262728608939,NA
TMS14F1020P0013,NA,-3.95143564042138,-0.234827855703928,-0.495345492345248,-0.556966554294728,NA
TMS14F1022P0001,NA,2.22728599690194,-0.0323870546489159,0.0114158015986329,0.0188321704487072,NA
TMS14F1022P0003,0.395155235929855,2.31494407031065,-0.0549040859422063,0.436035057362073,0.0816420905461223,-0.122082894525192
TMS14F1022P0004,NA,NA,NA,NA,-3.63311732874564,NA
TMS14F1022P0006,0.208949261047252,-0.23195510064586,-0.0737958299489869,0.767827137831041,-0.113595292192107,-0.26643392785816
TMS14F1023P0003,NA,3.176091284204,NA,-4.14406951297979,-5.24763892442894,NA
TMS14F1023P0008,NA,0.260032893804134,NA,3.28288404095633,-3.02170930827542,NA
TMS14F1024P0004,NA,-2.06275788083272,-0.206395158926539,1.18537753371717,-0.363827532333505,NA
TMS14F1025P0011,NA,-3.43874728186404,-0.234827855703928,-0.0327825275058614,-0.525369244895009,NA
TMS14F1025P0013,NA,-0.260079458808518,-0.0994882190435547,-0.630358945646074,-0.145423297967971,NA
TMS14F1026P0001,NA,NA,NA,-6.85138879388221,-4.40376104896606,NA
TMS14F1026P0009,NA,NA,NA,-6.25239648201618,-5.85904694489916,NA
TMS14F1027P0008,NA,-1.17328394215512,NA,-3.30563773728239,-2.4103012878052,NA
TMS14F1027P0011,NA,2.63241938090911,NA,-5.94104644857788,-1.49318925709987,NA
TMS14F1030P0001,NA,-0.283639009490759,NA,1.70163881417904,3.70377891689699,NA
TMS14F1031P0002,NA,NA,NA,-6.25239648201618,-4.63623090395873,NA
TMS14F1032P0003,NA,-1.59968452471641,-0.0500153266508973,0.016864163940764,0.232713478388949,NA
TMS14F1032P0004,NA,3.22551600268535,NA,-5.0785132655823,7.44546119496076,NA
TMS14F1032P0008,NA,1.13906361002861,-0.0409168636821328,0.190627584003952,-0.471220478946155,NA
TMS14F1032P0009,NA,4.11516093534972,NA,-4.09626035067103,-4.24452534921586,NA
TMS14F1033P0008,NA,1.88659631347351,-0.0272691692289858,-0.174458118722895,-0.420690054137534,NA
TMS14F1035P0003,NA,0.951978952543081,NA,-5.72531473975708,-6.47045496536938,NA
TMS14F1035P0004,-0.090093233436852,3.68414492283353,-0.23237093317691,0.54172830560966,-0.661094903873455,-0.415676704633259
TMS14F1035P0006,NA,2.23702163305828,NA,-2.77855599502329,-4.85593336968608,NA
TMS14F1035P0007,-0.674848091394945,1.06502564471488,0.0439174789178724,0.781823538164843,-0.0555313168333629,-0.185576462237242
TMS14F1035P0008,-0.445448238335784,-3.37714524193822,-0.05233073817971,0.830390764499783,0.117548498796839,NA
TMS14F1036P0001,NA,0.210608175322778,NA,5.12767013886317,4.0094829271321,NA
TMS14F1036P0004,0.642214347364654,5.26091566256783,-0.00231723572213135,0.654612062628609,0.276303397081908,0.0899914429634948
TMS14F1036P0005,NA,3.22551600268535,NA,5.39121100999272,2.78666688619166,NA
TMS14F1036P0007,0.124114134600258,1.36896231316807,-0.0440430881073513,1.08831261659682,0.0117123963503979,0.039707159955763
TMS14F1036P0011,NA,1.59450029280068,NA,NA,-6.61692327585428,NA
TMS14F1038P0004,NA,-1.70878427603927,-0.0435478620152929,-0.214181114644329,0.433592342816359,NA
TMS14F1038P0005,NA,5.85248884192676,-0.0539959041997318,0.414037695513766,0.584680457056501,NA
TMS14F1041P0002,NA,-0.098003784167811,-0.000826761226013652,-0.0787969773910655,-0.527178415465126,NA
TMS14F1042P0001,0.0864390820686618,-0.891610495836678,0.260703514405621,0.709576315110318,0.559597707345718,0.243633614529678
TMS14F1042P0005,NA,2.03932275913286,NA,-0.789948757902584,3.54454321714678,NA
TMS14F1042P0007,NA,0.331992903654474,0.0574602671676344,-0.555888908476136,-0.659836574482085,NA
TMS14F1042P0010,0.525237379377522,0.243065045565729,-0.192994607483319,0.538884414726469,0.0811244841616993,-0.172490682207752
TMS14F1045P0006,NA,-2.65602549659573,NA,-2.44310455428681,4.38842109260966,NA
TMS14F1045P0008,NA,-2.07929621497974,-0.0989195651080069,1.08426803004321,0.151490329465668,NA
TMS14F1049P0001,-0.159397121228964,2.78103093857677,0.054281574771255,0.596264427354262,-0.102966887699582,-0.0351369108277994
TMS14F1050P0007,NA,2.08505632323764,-0.10574341233458,-0.155083135341714,0.583775871771442,NA
TMS14F1052P0004,NA,-4.03991761407364,NA,-5.6055950078414,-6.00551525538406,NA
TMS14F1053P0002,NA,-3.59509514774145,NA,-3.80861807224331,-3.64588471801095,NA
TMS14F1055P0002,NA,-4.05728097896226,-0.162733700367826,0.611410685726189,0.166805103734336,NA
TMS14F1055P0004,NA,-1.04399649737684,-0.08195791799133,0.488507732683703,1.53228386116145,NA
TMS14F1056P0001,NA,-0.530762601897525,NA,-2.17956368315726,-5.39410723491384,NA
TMS14F1057P0001,NA,0.161183456841424,NA,-2.17956368315726,0.719972969788348,NA
TMS14F1057P0005,NA,2.84024997195022,-0.114939728286545,3.10560226223561,1.15189282184432,0.04317206815658
TMS14F1057P0009,NA,NA,NA,-6.73166906196652,-6.38445342086162,NA
TMS14F1059P0004,NA,0.704855360136314,NA,0.647475329660843,1.56385084525123,NA
TMS14F1059P0020,NA,0.655430641654958,NA,2.56417199717462,5.30553312331499,NA
TMS14F1060P0004,NA,-1.86523000089408,NA,-5.53368443823446,-6.23798511037672,NA
TMS14F1060P0009,NA,-3.05142324444656,NA,-2.25147425276419,0.341034804310788,NA
TMS14F1060P0012,NA,-3.39739627381604,NA,-0.718038188295652,-3.7191188732534,NA
TMS14F1062P0002,0.259293719175299,1.64429514926823,-0.191460177380644,0.791255721555698,0.123512443667488,-0.119320317041163
TMS14F1063P0009,NA,NA,NA,NA,-2.42306867707051,NA
TMS14F1065P0002,NA,-1.64599186032805,-0.17000130705148,0.562977769853641,-0.0380303513553215,NA
TMS14F1065P0004,NA,-3.33070473220857,-0.189335540860105,0.458236024618259,-0.685101786886396,NA
TMS14F1065P0008,NA,2.56154756029511,-0.107855501919692,0.777427133352773,0.266940704050253,0.113994994558477
TMS14F1067P0007,NA,4.01631149838701,NA,-5.15042383518923,-1.79889326733498,NA
TMS14F1067P0011,NA,0.484145577806977,-0.136166397886387,0.587801115576954,0.0161184145935326,NA
TMS14F1068P0004,NA,-0.322925128567161,0.156974705888497,-0.781115140766659,-0.144518712682914,NA
TMS14F1068P0009,NA,NA,NA,-3.08990602846159,-4.94193491419383,NA
TMS14F1069P0001,NA,NA,NA,-4.81497239445275,6.22264515402032,NA
TMS14F1069P0007,NA,1.29795198191255,NA,-4.88688296405968,9.51215511136407,NA
TMS14F1070P0003,NA,-4.10028064774448,-0.102900142656841,2.2969797289241,0.207448265984638,NA
TMS14F1071P0001,NA,0.951978952543081,NA,0.192304157008678,-1.72565911209253,NA
TMS14F1072P0005,NA,-3.79279402166687,NA,2.03709025491552,-2.94847515303297,NA
TMS14F1073P0004,NA,NA,NA,-6.25239648201618,-4.33052689372362,NA
TMS14F1074P0005,NA,0.210608175322778,NA,-5.41396470631878,-4.85593336968608,NA
TMS14F1074P0012,NA,NA,NA,-5.46177386862753,-3.41341486301829,NA
TMS14F1074P0017,NA,-4.58358951736853,NA,-0.0712367141208711,0.719972969788348,NA
TMS14F1075P0005,NA,-3.44682099229739,NA,-0.789948757902584,-3.48664901826074,NA
TMS14F1077P0002,NA,-0.266372186364642,0.0332550590827854,-0.372504971072963,0.261976330457999,NA
TMS14F1077P0004,NA,NA,NA,-5.98885561088663,-4.33052689372362,NA
TMS14F1077P0010,NA,-0.135364854046698,NA,1.70163881417904,0.952442824781006,NA
TMS14F1079P0001,NA,-0.315796904845996,0.102952582011457,0.190627584003952,-0.823187457613707,NA
TMS14F1079P0003,NA,-0.777886194304295,NA,0.455845028138226,16.616581502014,NA
TMS14F1079P0004,NA,1.51291767896409,0.172305203827407,-0.869656780353139,-1.26494779705938,NA
TMS14F1079P0006,NA,-3.6702839599222,-0.0756047537505477,0.0755914592909415,-0.204999575627176,NA
TMS14F1081P0001,NA,-2.06292887481949,NA,-6.20458731970743,-6.69015743109673,NA
TMS14F1082P0002,NA,0.606005923173605,NA,0.982926770397324,-2.64277114279786,NA
TMS14F1084P0001,NA,-0.728461475822942,NA,-1.197310768246,10.1235631318343,NA
TMS14F1084P0006,NA,-1.12385922367377,NA,-1.197310768246,0.952442824781006,NA
TMS14F1085P0002,NA,-0.868564061856261,-0.214380896987257,0.479823972468989,1.48764172531588,NA
TMS14F1086P0003,NA,-0.197233789049878,-0.121097068594371,1.55409547800543,1.28951899967666,NA
TMS14F1088P0002,NA,-3.39739627381604,NA,NA,-5.24763892442894,NA
TMS14F1089P0004,NA,0.563529581712628,0.0904421954294061,0.0628786138259686,0.180373883010211,NA
TMS14F1089P0005,NA,NA,NA,-6.99520993309607,-0.881781236629652,NA
TMS14F1090P0001,NA,-3.05142324444656,NA,5.65475188112227,0.952442824781006,NA
TMS14F1091P0002,NA,-0.530762601897525,NA,-5.19823299749798,-4.94193491419383,NA
TMS14F1091P0010,NA,NA,NA,-7.18684023461869,-6.31121926561917,NA
TMS14F1094P0002,NA,-4.78128839129394,NA,0.383934458531293,-3.02170930827542,NA
TMS14F1095P0001,NA,NA,NA,-5.67750557744833,8.28933907042364,NA
TMS14F1095P0012,NA,-4.97898726521935,NA,-1.46085163937555,5.23229896807254,NA
TMS14F1096P0002,NA,NA,0.0319365022746448,-0.217193790556602,0.435188266474523,NA
TMS14F1096P0009,NA,0.260032893804134,NA,4.60058839660408,7.98363506018853,NA
TMS14F1096P0012,NA,0.965092993801959,-0.154078996856142,-0.798674003367131,0.230904307818832,NA
TMS14F1097P0005,NA,-0.431913164934819,NA,3.54642491208588,7.67793104995342,NA
TMS14F1097P0008,NA,-0.422155133449229,-0.146686495694021,0.639263927804289,2.23531323321149,NA
TMS14F1097P0017,NA,-2.46082968693674,-0.0223649988150634,-0.337352061783516,-0.499091847813447,NA
TMS14F1097P0020,NA,-1.15645716957652,-0.137303705757483,0.259649258831759,0.587394212911676,NA
TMS14F1098P0001,NA,2.30997766763699,0.131385278788847,-0.261641001357806,0.0188321704487072,NA
TMS14F1098P0003,NA,0.905783331624335,0.17175970821274,-0.577080012638028,-0.715794511001056,NA
TMS14F1098P0004,NA,0.212484376344909,0.133893722849178,2.59849211669953,3.29713358566193,0.145046487815765
TMS14F1098P0006,NA,-3.6702839599222,0.234311641122996,0.407375557597557,-0.182448119078041,NA
TMS14F1098P0013,-0.378021219319116,1.5795838858557,0.0699397853468633,0.700591458347903,0.27654095567872,-0.125070758988878
TMS14F1098P0014,NA,-1.07443450519242,NA,5.1995807084701,1.94278901072879,NA
TMS14F1098P0015,NA,-1.65260719398685,-0.0642316750395919,1.47780932005479,0.0179275851636486,NA
TMS14F1099P0005,NA,1.33717452642256,-0.142137264209639,-1.35698488181177,0.265130631573577,NA
TMS14F1100P0002,NA,-4.2870412064804,NA,-5.72531473975708,-6.16475095513427,NA
TMS14F1100P0007,NA,2.52166834471874,0.123424123691178,0.174884842184192,-0.556966554294728,NA
TMS14F1100P0010,NA,NA,-0.186570868038333,NA,-0.984733982096624,NA
TMS14F1100P0011,NA,-0.679036757341588,NA,-1.31703050016168,-5.93228110014161,NA
TMS14F1101P0001,NA,-0.0365154170839892,NA,-5.53368443823446,-6.84939313084694,NA
TMS14F1102P0001,NA,NA,NA,9.6078649480655,4.62089094760232,NA
TMS14F1104P0001,NA,-2.65602549659573,NA,1.96517968530858,1.25814683501612,NA
TMS14F1106P0004,NA,-1.66753112696866,NA,0.647475329660843,1.25814683501612,NA
TMS14F1106P0007,NA,-2.06292887481949,NA,0.383934458531293,-2.71600529804031,NA
TMS14F1107P0003,NA,1.29795198191255,NA,2.82771286830416,2.2484930209639,NA
TMS14F1108P0002,NA,NA,NA,NA,-4.94193491419383,NA
TMS14F1110P0002,NA,3.0674333715701,0.225781832089779,-0.202913706007628,-0.202285819772001,NA
TMS14F1110P0005,NA,-0.991073828106408,-0.106880720205676,0.266913741954601,0.123511361206183,NA
TMS14F1110P0007,NA,-2.58867690670767,-0.0756047537505477,-0.578896133418738,-0.471220478946155,NA
TMS14F1110P0008,NA,4.21188609454326,-0.0022483960648832,0.0683269761680997,0.340106425001599,NA
TMS14F1110P0009,NA,NA,-0.0537115772319579,-0.190200860542655,-0.66888242733267,NA
TMS14F1110P0014,NA,-1.42107051592869,-0.208101120733182,0.064694734606679,-0.497390276635523,NA
TMS14F1112P0004,NA,-1.45414718422272,0.153847109242984,0.0701430969488101,0.582871286486384,NA
TMS14F1112P0009,NA,-4.12071053792933,-0.1392939945319,-0.452963284021465,0.313032042027172,NA
TMS14F1112P0017,NA,-1.05722716469445,-0.0272691692289858,-0.231369293292362,-0.525369244895009,NA
TMS14F1116P0004,NA,0.408307049248191,NA,3.28288404095633,3.70377891689699,NA
TMS14F1117P0006,NA,NA,NA,NA,-5.4673413901563,NA
TMS14F1118P0001,NA,2.62126950564978,-0.148589803529098,2.48584839655046,0.0726873007649942,-0.0811287578755925
TMS14F1120P0003,1.17211078421575,-1.89813353217104,-0.224102589766181,0.401759455729483,0.152945867532402,-0.188982534023601
TMS14F1120P0004,NA,-0.514769804672492,0.0438125727144875,0.44612552435992,0.391541435095278,NA
TMS14F1120P0005,NA,-1.32155809759918,NA,3.35479461056326,-3.8655871837383,NA
TMS14F1121P0007,NA,1.49565085583797,NA,-4.59924068563195,-5.17440476918649,NA
TMS14F1124P0003,NA,0.111758738360068,NA,-0.93376989711645,-3.32741331851053,NA
TMS14F1125P0008,NA,-3.24912211837198,NA,-5.46177386862753,-5.85904694489916,NA
TMS14F1125P0009,NA,NA,-0.0397795558110371,0.675027612250474,-0.702924243475698,NA
TMS14F1125P0010,0.524017978471349,-2.02243464477954,-0.217166316050757,0.782858450117575,0.22797829821322,-0.251641360698381
TMS14F1125P0012,NA,0.298916235360454,0.223507216347588,-0.0327825275058612,-0.985633755460269,NA
TMS14F1128P0011,NA,-1.5192569715246,NA,5.39121100999272,-5.16163737992119,NA
TMS14F1129P0001,NA,-0.431913164934819,NA,-0.406688154857353,0.646738814545895,NA
TMS14F1129P0002,NA,-1.98337387692707,-0.249044204092623,-0.8785924028792,-0.686910957456513,NA
TMS14F1129P0005,NA,NA,NA,NA,-6.23798511037672,NA
TMS14F1130P0004,NA,2.23702163305828,NA,-0.6702290259869,-0.881781236629652,NA
TMS14F1131P0001,-0.0305343786874686,0.758910775238969,-0.117133909162992,1.76080289164262,-0.0509653853849559,-0.0456690511186723
TMS14F1131P0004,NA,-1.66753112696866,NA,2.75580229869723,2.48096287595656,NA
TMS14F1133P0004,NA,-3.29854683685333,NA,-6.39621762123004,-4.78269921444363,NA
TMS14F1137P0001,NA,-0.283639009490759,NA,-1.197310768246,-3.63311732874564,NA
TMS14F1138P0003,NA,0.111758738360068,NA,-5.79722530936401,-3.18094500802563,NA
TMS14F1139P0002,NA,0.161183456841424,NA,-2.25147425276419,-5.4673413901563,NA
TMS14F1140P0006,NA,2.13817219609557,NA,-4.35980122180058,5.23229896807254,NA
TMS14F1140P0008,NA,1.71061655288951,-0.220042853379686,0.438861041237078,1.53228386116145,NA
TMS14F1140P0009,NA,NA,-0.112548949835147,0.0543410196283211,0.206230460567947,NA
TMS14F1141P0005,NA,0.260032893804134,NA,-5.46177386862753,17.3744578329692,NA
TMS14F1142P0008,NA,NA,NA,1.96517968530858,1.56385084525123,NA
TMS14F1142P0009,NA,-0.0365154170839892,NA,-6.20458731970743,0.341034804310788,NA
TMS14F1142P0010,NA,-2.04566205169337,-0.185252311230192,0.0332522882424119,-0.785689357408863,NA
TMS14F1142P0016,NA,-0.135364854046698,NA,1.70163881417904,0.341034804310788,NA
TMS14F1142P0020,NA,NA,-0.146686495694021,-0.346405418005373,-0.881859149987853,NA
TMS14F1145P0006,NA,-1.07443450519242,NA,-5.0785132655823,-6.61692327585428,NA
TMS14F1145P0010,NA,0.358882330766835,NA,-1.7243925105051,-5.16163737992119,NA
TMS14F1146P0002,0.137429750846864,0.943933556920066,-0.155642865560974,0.751288337988236,0.248969783154577,-0.189424762822114
TMS14F1146P0003,NA,-1.27213337911783,NA,2.82771286830416,15.3937654610736,NA
TMS14F1147P0001,NA,-0.924920491518363,0.208153560087798,-0.286464347081118,-1.33488697827265,NA
TMS14F1147P0002,NA,1.8910486036888,NA,-4.35980122180058,3.09237089642677,NA
TMS14F1147P0009,NA,-1.07443450519242,NA,-3.83271947954149,-3.02170930827542,NA
TMS14F1149P0002,NA,NA,0.129679316982203,NA,NA,NA
TMS14F1151P0003,NA,0.358882330766835,NA,2.49226142756768,8.90074709089386,NA
TMS14F1151P0005,NA,NA,NA,NA,-5.6265770899065,NA
TMS14F1151P0007,NA,1.05082838950579,NA,2.22872055643814,7.98363506018853,NA
TMS14F1152P0006,NA,-1.37098281608054,NA,2.30063112604507,-0.502843071152092,NA
TMS14F1154P0007,NA,NA,NA,-6.25239648201618,-5.24763892442894,NA
TMS14F1156P0002,NA,-0.827310912785648,NA,3.28288404095633,-0.576077226394541,NA
TMS14F1159P0001,NA,5.12959121054576,-0.13752069983089,2.11956544396818,0.720536944170625,0.149300117029091
TMS14F1159P0003,0.486000960544106,0.644803990362122,-0.256479140306102,0.551529979646784,-0.0851521181355626,-0.195630327477462
TMS14F1161P0002,NA,-2.70545021507709,NA,9.87140581919505,13.7920112546556,NA
TMS14F1162P0003,NA,-6.46172881965996,NA,-4.09626035067103,2.48096287595656,NA
TMS14F1163P0002,NA,3.81861262446159,NA,-6.73166906196652,-2.10459727757009,NA
TMS14F1163P0008,NA,-2.2606277487449,NA,2.49226142756768,16.2376433365365,NA
TMS14F1166P0001,NA,NA,NA,-6.65975849235959,-6.31121926561917,NA
TMS14F1166P0005,NA,0.0623340198787176,NA,-4.0243497810641,-2.33706713256275,NA
TMS14F1167P0001,NA,-2.35947718570761,NA,-3.76080890993455,-2.94847515303297,NA
TMS14F1169P0003,NA,-2.95257380748386,NA,6.97245623677001,4.92659495783743,NA
TMS14F1170P0013,NA,-4.78128839129394,NA,9.6078649480655,7.0665230294832,NA
TMS14F1170P0018,NA,-0.382488446453468,NA,-2.25147425276419,10.7349711523045,NA
TMS14F1171P0002,NA,-2.11235359330084,NA,1.70163881417904,8.59504308065874,NA
TMS14F1171P0012,NA,NA,NA,1.8454599533929,-2.87524099779052,NA
TMS14F1171P0013,1.05712469978197,2.28514209243074,-0.0159213736346093,1.02263044272833,0.600739452664814,0.124837999803814
TMS14F1173P0003,NA,0.358882330766835,NA,-2.70664542541636,-2.33706713256275,NA
TMS14F1173P0005,NA,0.924065266117472,0.0722452694918769,-0.353669901128215,1.6396768077741,NA
TMS14F1173P0009,NA,0.260032893804134,NA,-1.05348962903213,-1.65242495685008,NA
TMS14F1174P0006,NA,0.704855360136314,NA,3.28288404095633,-3.02170930827542,NA
TMS14F1176P0004,NA,0.408307049248191,NA,-2.51501512389374,-0.576077226394541,NA
TMS14F1176P0009,NA,-0.382488446453468,NA,-1.24511993055475,-3.41341486301829,NA
TMS14F1177P0001,NA,3.02781712875993,NA,-0.406688154857353,0.646738814545895,NA
TMS14F1178P0001,NA,0.210608175322778,NA,1.43809794304949,13.1806032341854,NA
TMS14F1181P0001,NA,-3.79279402166687,NA,-3.56917860841194,16.2376433365365,NA
TMS14F1181P0007,NA,1.50645985902935,-0.0471968136535101,1.24024982325352,5.21178557721441,-0.00271124088672122
TMS14F1186P0003,NA,-2.8042996520398,NA,-0.143147283727804,-3.93882133898075,NA
TMS14F1186P0008,NA,-4.97898726521935,NA,-4.47952095371627,-2.56953698755541,NA
TMS14F1189P0002,NA,0.0623340198787176,NA,0.383934458531293,-5.7730454003914,NA
TMS14F1189P0005,NA,1.2485272634312,NA,-1.7243925105051,-2.10459727757009,NA
TMS14F1191P0005,NA,1.29795198191255,NA,-4.93469212636843,-5.85904694489916,NA
TMS14F1191P0007,NA,3.02781712875993,NA,-6.20458731970743,-3.63311732874564,NA
TMS14F1193P0001,NA,0.754280078617667,NA,-3.04209686615284,-4.85593336968608,NA
TMS14F1194P0002,-1.06143631901943,3.19007871211361,0.159729118820808,0.902955719642241,-0.16318251115331,0.00438890173490531
TMS14F1195P0001,NA,2.63241938090911,NA,4.86412926773362,0.646738814545895,NA
TMS14F1195P0002,NA,3.22551600268535,NA,3.80996578321543,-3.32741331851053,NA
TMS14F1195P0004,0.395155235929855,1.18074446377845,-0.209652001487119,0.312464535508085,-0.0740599746794916,-0.200227042036978
TMS14F1195P0005,0.484916591478513,3.51860768492307,-0.231655705190829,2.31971843854424,0.892426707886072,-0.20609899543905
TMS14F1195P0013,NA,NA,NA,-7.25875080422562,0.952442824781006,NA
TMS14F1196P0003,0.00856700830536868,-1.50201863735015,-0.189528464510231,1.64589864625715,0.294531964236828,-0.289778450871907
TMS14F1196P0004,NA,-3.64451986622281,NA,-1.7243925105051,14.0977152648907,NA
TMS14F1196P0006,NA,3.57148903205483,NA,-2.77855599502329,-4.85593336968608,NA
TMS14F1199P0002,NA,-2.50775134115167,NA,1.17455707191994,-1.79889326733498,NA
TMS14F1199P0003,NA,0.260032893804134,NA,-3.56917860841194,-5.16163737992119,NA
TMS14F1199P0005,NA,-2.65602549659573,NA,-2.51501512389374,-2.71600529804031,NA
TMS14F1200P0002,NA,-3.05142324444656,NA,-2.25147425276419,-6.38445342086162,NA
TMS14F1201P0003,-0.297873195634091,2.50764986542618,-0.0464215546022876,0.529983529224074,-0.27724365978382,-0.0995804299214991
TMS14F1201P0006,NA,-1.17328394215512,NA,-0.0712367141208711,-1.11425109162231,NA
TMS14F1202P0003,NA,1.54507557431932,NA,3.61833548169281,2.85990104143412,NA
TMS14F1203P0001,NA,0.260032893804134,NA,-1.31703050016168,0.487503114795688,NA
TMS14F1205P0012,NA,-2.21120303026355,NA,-4.0243497810641,-5.39410723491384,NA
TMS14F1207P0002,NA,1.19910254494985,NA,-3.49726803880501,-6.00551525538406,NA
TMS14F1208P0003,1.32306835998419,2.46112596801423,-0.200666757996694,0.847890703182451,0.723969616903043,-0.00319623951733235
TMS14F1208P0007,0.484916591478513,0.808827773605348,-0.184308192621181,2.68331692931814,0.185023592829147,-0.138007312991656
TMS14F1210P0003,NA,-0.145847295783086,-0.127779888576467,5.38748370045954,1.11624774120904,NA
TMS14F1210P0006,NA,-3.24912211837198,NA,-0.981579059425201,-0.662078770902299,NA
TMS14F1214P0002,NA,2.23702163305828,NA,5.65475188112227,10.7349711523045,NA
TMS14F1216P0003,NA,3.07724184724129,NA,-3.68889834032762,7.82439936043832,NA
TMS14F1218P0001,NA,1.00140367102444,NA,-1.58057137129123,1.09891113526591,NA
TMS14F1219P0001,NA,0.210608175322778,NA,-2.77855599502329,-0.576077226394541,NA
TMS14F1221P0001,NA,-0.975585068229708,NA,-4.28789065219365,-2.94847515303297,NA
TMS14F1223P0003,NA,NA,NA,-6.51593735314573,-6.16475095513427,NA
TMS14F1223P0006,NA,NA,0.099475144007747,NA,-0.699732396159372,NA
TMS14F1223P0007,-0.159397121228963,0.495674722795843,-0.188631251819926,1.0599098619075,-0.131043942465619,-0.340073040598607
TMS14F1223P0012,NA,1.79219916672609,NA,-5.19823299749798,-5.85904694489916,NA
TMS14F1224P0004,0.871504819102997,1.0849791946435,-0.21822758775897,0.76917322584968,0.0843266486067513,-0.343011999896523
TMS14F1224P0005,NA,1.10025310798714,NA,0.383934458531293,7.0665230294832,NA
TMS14F1225P0001,NA,NA,NA,5.12767013886317,1.86955485548634,NA
TMS14F1226P0003,NA,-1.07443450519242,NA,-4.28789065219365,-5.69981124514895,NA
TMS14F1226P0009,NA,1.2485272634312,NA,-2.97018629654591,-0.502843071152092,NA
TMS14F1226P0013,NA,-4.03991761407364,NA,16.9870093396929,3.09237089642677,NA
TMS14F1226P0016,NA,-1.02500978671106,NA,1.51000851265642,-1.41995510185742,NA
TMS14F1228P0001,NA,1.49565085583797,NA,3.28288404095633,7.3722270397183,NA
TMS14F1228P0008,NA,NA,-0.0938765018265833,-0.0400662062487536,-0.59941212198641,NA
TMS14F1228P0009,NA,1.8910486036888,NA,-1.98793338163465,-3.93882133898075,NA
TMS14F1233P0005,NA,-0.283639009490759,NA,1.70163881417904,2.17525886572145,NA
TMS14F1234P0001,NA,-4.4310473306847,-0.175687846406958,-0.431772179859573,0.314841212597289,NA
TMS14F1235P0002,NA,-1.76638056393137,NA,-0.598318456379968,-1.72565911209253,NA
TMS14F1235P0003,NA,-2.12560355059137,-0.0340930164555592,0.614440582080977,0.258883276078318,NA
TMS14F1235P0006,NA,-0.184789572528052,NA,3.80996578321543,0.341034804310788,NA
TMS14F1235P0007,NA,-4.06720397945046,-0.0955076414947202,0.389214349790453,0.990796201672907,NA
TMS14F1236P0005,NA,-1.32155809759918,NA,2.44445226525894,13.7060097101479,NA
TMS14F1240P0002,NA,-0.876735631267004,NA,2.82771286830416,-0.502843071152092,NA
TMS14F1241P0001,NA,-3.74336930318551,NA,4.07350665434498,16.2376433365365,NA
TMS14F1243P0006,NA,-2.01350415633813,NA,-1.197310768246,13.1806032341854,NA
TMS14F1243P0015,NA,1.0680952126319,0.154824614202369,-0.955025978493396,-1.21558562180199,NA
TMS14F1243P0017,NA,-1.17328394215512,NA,-5.79722530936401,-5.32087307967139,NA
TMS14F1244P0009,NA,-2.8042996520398,NA,-3.23372716767546,-5.69981124514895,NA
TMS14F1245P0004,NA,-4.83071310977529,NA,0.192304157008678,-4.17129119397341,NA
TMS14F1247P0004,NA,NA,NA,-3.76080890993455,-5.69981124514895,NA
TMS14F1247P0006,NA,-2.21120303026355,NA,-2.89827572693898,0.793207125030799,NA
TMS14F1247P0009,NA,NA,NA,-5.98885561088663,-5.55334293466405,NA
TMS14F1248P0001,NA,0.606005923173605,NA,0.192304157008678,1.33138099025857,NA
TMS14F1248P0005,NA,1.54507557431932,NA,-1.12540019863907,-0.197139060916982,NA
TMS14F1248P0009,NA,0.951978952543081,NA,2.82771286830416,4.69412510284477,NA
TMS14F1250P0001,NA,0.556581204692251,NA,-5.15042383518923,-3.02170930827542,NA
TMS14F1250P0004,NA,-2.6316765754899,0.00884035567829872,-0.133892031179822,0.775105723162549,NA
TMS14F1250P0005,NA,-2.45832662267032,NA,0.911016200790392,6.45511500901298,NA
TMS14F1250P0008,NA,-4.63301423584988,NA,-0.598318456379968,-3.25417916326808,NA
TMS14F1252P0001,NA,0.408307049248191,NA,0.911016200790392,0.952442824781006,NA
TMS14F1253P0002,NA,-0.461847135402056,-0.0773107155571911,0.238458154669867,1.07292393588125,NA
TMS14F1255P0005,0.346364889800538,1.91044804418338,-0.0580527724054652,1.22687465726599,0.416796131993301,0.11362207609325
TMS14F1255P0007,NA,0.803704797099018,NA,0.599666167352092,3.61777737238923,NA
TMS14F1255P0011,NA,-0.26007945880852,-0.127352261885396,-0.0594219940098841,1.64148597834422,NA
TMS14F1255P0020,NA,4.18185247695719,-0.0581207503208234,1.06270881609221,-0.0214293318210891,NA
TMS14F1256P0003,NA,-0.283639009490759,NA,2.49226142756768,6.45511500901298,NA
TMS14F1257P0002,NA,-0.728461475822942,NA,-5.86913587897094,5.6112371335501,NA
TMS14F1257P0005,NA,-2.55717605963303,NA,-2.89827572693898,-5.32087307967139,NA
TMS14F1258P0001,NA,4.31285980927513,NA,-2.77855599502329,-4.55022935945097,NA
TMS14F1259P0006,NA,-2.21120303026355,NA,6.44537449451092,5.53800297830765,NA
TMS14F1259P0010,NA,-1.25568717445859,-0.0687809065239742,0.238458154669867,-0.226646446891252,NA
TMS14F1259P0017,NA,-2.04952721351512,-0.0541478890424056,-0.12481142727627,-0.393615671163107,NA
TMS14F1260P0002,NA,NA,NA,-6.46812819083697,0.952442824781006,NA
TMS14F1260P0008,NA,NA,0.372013427707206,-0.195741222967904,-0.452287363537253,NA
TMS14F1262P0001,NA,0.210608175322778,NA,-0.143147283727804,-3.93882133898075,NA
TMS14F1262P0002,0.147541082243053,0.366163147792684,-0.0375757770208082,0.82704191014177,0.0219957131637266,-0.185239861619062
TMS14F1263P0002,NA,NA,NA,NA,-5.39410723491384,NA
TMS14F1264P0003,NA,3.2749407211667,NA,5.7266624507292,4.99982911307988,NA
TMS14F1265P0002,NA,-0.629612038860235,NA,9.6078649480655,10.1235631318343,NA
TMS14F1265P0003,NA,0.874450263676438,0.0142425680660026,0.394662712132585,-0.176116022082632,NA
TMS14F1265P0006,NA,1.8910486036888,NA,-2.75445458772511,-3.03447669754073,NA
TMS14F1268P0001,NA,-3.05142324444656,NA,6.70891536564046,-0.881781236629652,NA
TMS14F1268P0006,NA,-5.47323445003289,NA,-4.62334209293013,-3.32741331851053,NA
TMS14F1269P0002,NA,-2.2606277487449,NA,3.54642491208588,-4.55022935945097,NA
TMS14F1270P0001,NA,0.260032893804134,NA,5.46312157959965,-1.72565911209253,NA
TMS14F1270P0004,NA,-1.79815445059551,-0.15611679404388,4.85418429433301,2.60191466332607,NA
TMS14F1271P0002,NA,0.728912923182739,-0.157490920469429,1.34339821196059,1.01244307293698,NA
TMS14F1272P0007,NA,NA,NA,-6.58784792275266,-5.93228110014161,NA
TMS14F1272P0012,NA,-2.1617783117822,NA,-6.73166906196652,-6.99586144133184,NA
TMS14F1272P0016,NA,-4.68243895433123,NA,-2.89827572693898,-5.93228110014161,NA
TMS14F1273P0001,NA,-3.24912211837198,NA,7.76307885015866,7.67793104995342,NA
TMS14F1273P0010,NA,NA,NA,-6.65975849235959,-5.69981124514895,NA
TMS14F1273P0012,NA,-0.720289906412201,-0.123005087583648,0.282970694635847,-0.332263606429578,NA
TMS14F1276P0004,NA,-0.629612038860235,NA,1.96517968530858,0.0353307940756785,NA
TMS14F1276P0009,NA,NA,NA,-3.30563773728239,-5.16163737992119,NA
TMS14F1277P0006,NA,1.46983029296883,-0.0756047537505477,1.00798187209256,-0.199572063916825,NA
TMS14F1277P0008,NA,3.42321487661076,NA,-0.454497317166103,0.255033259803028,NA
TMS14F1277P0011,NA,1.29795198191255,NA,-4.81497239445275,-4.78269921444363,NA
TMS14F1278P0001,NA,-2.04952721351512,-0.118253798916632,-0.0769808566103549,0.825636147971169,NA
TMS14F1278P0002,NA,NA,NA,NA,-4.85593336968608,NA
TMS14F1278P0003,-0.120295734236127,0.320746959924358,-0.104216775266078,0.625553031114717,0.13423495171405,-0.37446871751568
TMS14F1278P0010,NA,NA,-0.129626877627587,-0.239847551989281,-0.695956810307097,NA
TMS14F1278P0013,NA,NA,NA,-4.47952095371627,-3.18094500802563,NA
TMS14F1278P0020,NA,0.85129659587062,-0.0642316750395919,1.85197562668519,0.39606436152057,NA
TMS14F1279P0003,NA,1.8910486036888,NA,-1.7243925105051,2.17525886572145,NA
TMS14F1280P0002,NA,3.176091284204,NA,-0.93376989711645,0.341034804310788,NA
TMS14F1280P0007,NA,-1.40453218178169,-0.0852718706548601,-0.729652328539324,-0.578613425558804,NA
TMS14F1280P0009,NA,-0.660307145166187,-0.102900142656841,-0.258008759796385,-0.362018361763388,NA
TMS14F1280P0013,NA,0.298916235360454,0.194505865634651,0.536338303349618,0.531436276392705,NA
TMS14F1280P0015,NA,2.48414522546505,NA,8.29016059241775,5.84370698854276,NA
TMS14F1280P0019,NA,NA,NA,-4.14406951297979,-5.55334293466405,NA
TMS14F1281P0004,NA,-6.32999545404583,-0.0554664458505462,-0.169990177618064,0.145398909562781,NA
TMS14F1281P0007,NA,2.87954297331588,NA,-2.51501512389374,-2.4103012878052,NA
TMS14F1281P0011,NA,-3.11459593258263,0.0773631549118069,0.220899292069396,0.229999722533774,NA
TMS14F1281P0017,NA,-1.17328394215512,NA,1.70163881417904,7.0665230294832,NA
TMS14F1282P0012,NA,-0.777886194304295,NA,5.99020332185875,3.16560505166922,NA
TMS14F1282P0018,NA,0.968962350837349,0.226874193914128,2.76959918855147,1.54966261653589,0.1435577175911
TMS14F1283P0008,-0.179504578133561,-1.8858243942773,-0.115203247185533,0.57229488833924,-0.185338539369965,-0.0168518043066904
TMS14F1283P0016,NA,0.902554234061728,NA,4.86412926773362,7.0665230294832,NA
TMS14F1283P0017,-0.445448238335784,-7.10544736109052,-0.0465748042566418,0.552882010061368,0.0854382207445111,-0.053680151626375
TMS14F1284P0001,0.0604548004318337,3.98506477237939,-0.105688741650066,0.447722467111018,0.0113516927163106,0.0123972459579022
TMS14F1284P0005,NA,NA,NA,-7.25875080422562,-7.30156545156695,NA
TMS14F1284P0008,-0.445448238335784,-2.3829313434976,-0.0215586298986911,0.688948506307936,0.257333022174808,-0.0828682811596665
TMS14F1284P0010,-0.463793731161865,2.76494031869354,0.0327739735589346,0.583320755259845,0.111675673768636,-0.123725742069618
TMS14F1284P0012,NA,-1.22270866063648,NA,NA,NA,NA
TMS14F1284P0019,-0.126220518233354,1.88549201335597,0.0830625012695444,0.871127750621256,0.170898483642846,-0.145403545700503
TMS14F1284P0020,NA,-0.333063727972112,NA,-2.25147425276419,-2.10459727757009,NA
TMS14F1285P0005,NA,1.74277444824474,NA,0.455845028138226,2.85990104143412,NA
TMS14F1285P0006,-0.676566494828152,0.884951722344292,0.0663427584091158,0.104049260047661,-0.716797508081595,-0.358575038278026
TMS14F1285P0009,NA,3.176091284204,NA,-1.12540019863907,-5.69981124514895,NA
TMS14F1285P0012,NA,NA,NA,-6.92329936348914,-6.61692327585428,NA
TMS14F1285P0016,NA,-0.283639009490759,NA,0.383934458531293,5.84370698854276,NA
TMS14F1285P0017,-1.14793461497544,1.04550510340602,0.255289404931646,0.844114483137576,0.100705528972129,-0.222056109286475
TMS14F1285P0019,NA,2.08874747761421,NA,-3.30563773728239,-3.02170930827542,NA
TMS14F1286P0006,NA,-1.26890428155522,0.00809933460413819,0.159435911293871,0.527528922356667,NA
TMS14F1286P0008,NA,NA,0.0580289211031823,-1.0771791686657,-0.280795212840106,NA
TMS14F1286P0009,NA,-1.76638056393137,NA,-4.47952095371627,-2.2638329773203,NA
TMS14F1286P0010,NA,0.772336591724679,0.163229899179523,-0.0981719607722467,0.174041786014803,NA
TMS14F1286P0012,NA,-5.0264273599771,0.0409693030367486,-0.273751501616146,-0.0416486924955553,NA
TMS14F1286P0014,NA,-5.42380973155154,NA,-6.99520993309607,-3.32741331851053,NA
TMS14F1286P0015,NA,NA,NA,-4.0243497810641,-2.94847515303297,NA
TMS14F1286P0018,NA,1.98989804065151,NA,-6.13267675010049,-4.17129119397341,NA
TMS14F1286P0019,NA,0.0796008430048338,-0.0395750007368751,-0.724203966197193,-0.0127651389510112,NA
TMS14F1287P0004,NA,0.754280078617667,NA,8.29016059241775,6.45511500901298,NA
TMS14F1287P0007,NA,NA,NA,-3.83271947954149,-3.02170930827542,NA
TMS14F1287P0008,-0.668138376474833,0.723472486128769,0.214050203016306,-0.12030434754238,-0.0446258742239146,0.153788285023654
TMS14F1287P0010,NA,-2.50775134115167,NA,5.65475188112227,0.0353307940756785,NA
TMS14F1287P0011,NA,-1.76638056393137,NA,3.54642491208588,14.4034192751258,NA
TMS14F1287P0013,NA,1.39680141887526,NA,-5.15042383518923,-1.79889326733498,NA
TMS14F1287P0017,NA,-0.0649271158737913,-0.0136214747758389,0.444309403579209,0.0404790417127845,NA
TMS14F1287P0019,NA,NA,NA,-5.86913587897094,-6.31121926561917,NA
TMS14F1288P0001,0.363411810302523,2.13175907689184,0.123909210448379,0.340612419797446,0.0376830424326505,0.0268256069838552
TMS14F1288P0004,NA,0.803704797099018,NA,-0.93376989711645,-5.4673413901563,NA
TMS14F1288P0008,-0.149485261227562,3.35528513479143,0.191888578069017,0.387618887687281,-0.035337217087933,0.0257380952548199
TMS14F1288P0009,NA,-0.333063727972112,NA,-5.41396470631878,-4.55022935945097,NA
TMS14F1288P0014,NA,-1.17328394215512,NA,0.120393587401744,-1.49318925709987,NA
TMS14F1289P0003,NA,3.86803734294295,NA,-6.32430705162311,-6.23798511037672,NA
TMS14F1289P0010,NA,-4.81344628664918,NA,-0.166613665503003,-0.215686185534359,NA
TMS14F1289P0011,NA,-4.23761648799905,NA,2.30063112604507,2.85990104143412,NA
TMS14F1289P0015,NA,NA,NA,NA,-5.4801087794216,NA
TMS14F1289P0016,NA,1.51291767896409,-0.0811633457356464,0.615773295662845,1.69496387843508,NA
TMS14F1289P0018,NA,-0.827310912785648,NA,-2.51501512389374,-4.85593336968608,NA
TMS14F1290P0007,NA,1.74277444824474,NA,-2.10765311355033,2.32172717620635,NA
TMS14F1290P0017,NA,-2.70545021507709,NA,-4.81497239445275,-4.78269921444363,NA
TMS14F1291P0003,-1.15119767456809,-0.243714083263915,0.25738303208204,2.11250189776312,0.0102290602171304,-0.0822646904521595
TMS14F1291P0004,NA,0.0623340198787176,NA,-5.3898632990206,-5.4801087794216,NA
TMS14F1291P0010,NA,0.133532893890343,0.284068860483428,-0.408764954916971,-0.686006372171455,NA
TMS14F1291P0011,-0.417122606311955,4.13220941205358,-0.077986108365444,1.97184046452611,-0.475063430938364,-0.348286302901258
TMS14F1291P0012,0.139437441766642,3.68296042814201,-0.126389915166911,0.446142746477804,0.421159568938626,-0.1342399459521
TMS14F1291P0014,NA,0.309457612285484,NA,0.647475329660843,-4.55022935945097,NA
TMS14F1292P0004,NA,-3.35462740146835,-0.0634121684073818,-0.749027311920505,-0.987442926030386,NA
TMS14F1292P0007,NA,3.71976318749889,NA,-5.94104644857788,-4.24452534921586,NA
TMS14F1292P0008,NA,0.811604593917792,0.0969817156882056,-0.68363787865412,-0.712176169860823,NA
TMS14F1292P0011,NA,-4.22944491858831,-0.0372206131010721,-0.113914702592007,-0.642712629643301,NA
TMS14F1292P0012,-0.078784658788822,0.625515041284455,0.0796037847082195,0.237450866130172,0.246580798626313,0.0881738410482696
TMS14F1293P0002,NA,-3.19969739989063,NA,3.54642491208588,3.39807490666188,NA
TMS14F1293P0008,NA,-8.01655817375669,-0.0338086894877854,-0.275567622396856,-0.7446780645456,NA
TMS14F1293P0009,NA,-3.99049289559228,NA,6.97245623677001,15.014827295596,NA
TMS14F1293P0013,NA,NA,NA,-4.28789065219365,-2.33706713256275,NA
TMS14F1293P0017,NA,-0.043171263217653,0.189956634150269,-0.605535599922761,1.07292393588125,NA
TMS14F1293P0018,NA,-2.8042996520398,NA,-0.93376989711645,-0.881781236629652,NA
TMS14F1294P0001,NA,-0.422155133449229,-0.0778793694927388,0.254803241696261,-0.316010863380059,NA
TMS14F1294P0007,NA,NA,NA,8.29016059241775,10.7349711523045,NA
TMS14F1294P0011,NA,NA,NA,0.120393587401744,-1.18748524686476,NA
TMS14F1295P0001,NA,-2.1617783117822,NA,2.30063112604507,-2.03136312232764,NA
TMS14F1295P0008,NA,-1.66753112696866,NA,-0.262867015643487,6.90728732973299,NA
TMS14F1295P0010,NA,-1.94681261473067,0.0618596602873934,-0.581408952555195,-0.882817784265498,NA
TMS14F1295P0011,NA,NA,NA,-0.825465843326874,-0.884413707923662,NA
TMS14F1295P0012,0.836959429320049,-0.127947389912569,-0.172550073329158,0.498550888099738,0.103429328412008,-0.25929482412677
TMS14F1295P0014,NA,-4.68243895433123,NA,-5.34205413671185,-6.00551525538406,NA
TMS14F1295P0018,NA,0.0623340198787176,NA,-1.12540019863907,2.85990104143412,NA
TMS14F1296P0003,NA,-2.85372437052115,NA,-4.62334209293013,-4.24452534921586,NA
TMS14F1296P0008,NA,0.556581204692251,NA,1.70163881417904,0.952442824781006,NA
TMS14F1296P0011,NA,0.754280078617667,NA,8.09853029089514,3.47130906190433,NA
TMS14F1297P0006,NA,0.803704797099018,NA,-2.25147425276419,5.23229896807254,NA
TMS14F1297P0009,NA,NA,NA,-7.18684023461869,-5.39410723491384,NA
TMS14F1297P0013,NA,3.37379015812941,NA,-0.406688154857353,4.0094829271321,NA
TMS14F1297P0014,NA,1.66119183440815,-0.0619570592974008,0.0967825634528332,-0.501008617775757,NA
TMS14F1297P0019,-0.545985348853449,1.3748140694158,0.196781179070343,0.511352202129515,-0.003320224580494,0.0324213929141288
TMS14F1298P0002,NA,0.391650212408911,-0.08970217185463,2.17593238957763,3.39013042461763,0.0093557159106294
TMS14F1298P0006,NA,1.56618180438401,0.0205461009795248,4.24247340295618,-1.18085459986868,-0.0351273139307568
TMS14F1298P0009,NA,0.166609562184363,-0.185923617246818,-0.137524272741243,0.235427234244124,NA
TMS14F1298P0012,NA,-2.35947718570761,NA,2.82771286830416,8.05686921543098,NA
TMS14F1298P0018,NA,1.79219916672609,NA,5.12767013886317,0.341034804310788,NA
TMS14F1299P0005,NA,0.5071564862109,NA,-3.49726803880501,0.719972969788348,NA
TMS14F1299P0006,NA,0.927372932946873,0.172305203827407,0.190627584003952,1.47813509521259,NA
TMS14F1299P0007,-0.120295734236127,-0.452004420350338,-0.0854309888569842,0.57450349347682,0.20468499056877,-0.0303784390628311
TMS14F1299P0012,NA,-0.876735631267004,NA,-5.34205413671185,-4.17129119397341,NA
TMS14F1300P0001,NA,-1.42040753456189,NA,-5.6055950078414,-3.25417916326808,NA
TMS14F1300P0002,-0.733230178757777,2.50976139702449,0.137977799313137,0.475535722362753,0.232810074474052,-0.160866164541338
TMS14F1300P0004,NA,NA,NA,-7.25875080422562,-4.85593336968608,NA
TMS14F1300P0008,-0.232655160358698,-0.628838399801301,-0.0593363458257828,0.368063158594142,-0.216278118872332,-0.10289426698521
TMS14F1300P0009,NA,-2.34060189450251,0.034429782777949,-0.193833102104076,-0.639998873788126,NA
TMS14F1300P0014,NA,0.0129093013973617,NA,13.5609780150087,5.53800297830765,NA
TMS14F1300P0019,NA,-1.17328394215512,NA,-1.46085163937555,8.28933907042364,NA
TMS14F1301P0004,-0.522558845134996,0.42279026061986,0.345646985389982,1.91430101176473,0.665029896357713,0.124192584451891
TMS14F1301P0007,NA,1.44622613735662,NA,-3.08990602846159,-5.24763892442894,NA
TMS14F1301P0011,NA,2.83011825483452,NA,-2.17956368315726,-3.55988317350319,NA
TMS14F1301P0013,-0.0262838904422448,1.09349834019904,0.0663291663198969,0.587818536474229,0.0641137369242843,-0.0949960561481016
TMS14F1301P0014,NA,-0.926160349748357,NA,3.61833548169281,5.30553312331499,NA
TMS14F1301P0020,NA,-4.53416479888717,NA,-2.44310455428681,-3.25417916326808,NA
TMS14F1302P0007,NA,NA,NA,-6.92329936348914,-6.61692327585428,NA
TMS14F1302P0014,NA,2.83011825483452,NA,-2.97018629654591,-3.25417916326808,NA
TMS14F1303P0002,NA,1.34737670039391,NA,-3.95243921145717,-5.93228110014161,NA
TMS14F1303P0006,NA,1.34737670039391,NA,2.75580229869723,4.0094829271321,NA
TMS14F1303P0007,NA,0.927372932946873,-0.0545645581352796,1.41423600756911,-0.312392522239826,NA
TMS14F1303P0008,NA,1.90313464762052,-0.0949389875591725,-0.254376518234964,0.0422882122829014,NA
TMS14F1303P0011,NA,-0.283639009490759,NA,-1.84411224242078,0.487503114795688,NA
TMS14F1303P0012,-0.0305343786874686,1.22465404414388,0.107243055416522,0.827341437448845,0.119358531252045,0.0434124436852639
TMS14F1303P0014,NA,1.00140367102444,NA,2.82771286830416,1.33138099025857,NA
TMS14F1303P0019,NA,4.41170924623784,NA,-1.84411224242078,-1.95812896708519,NA
TMS14F1304P0005,NA,1.34413895345155,0.012072195882556,0.64289616936571,-0.0407441072104964,NA
TMS14F1304P0010,NA,1.06849892642846,-0.06313632297893,7.41587017996197,3.73921086441038,-0.0083232399294054
TMS14F1304P0014,NA,1.39680141887526,NA,-0.6702290259869,-3.32741331851053,NA
TMS14F1304P0017,NA,1.10025310798714,NA,-0.334777585250419,-5.08840322467874,NA
TMS14F1305P0006,NA,NA,NA,-6.58784792275266,-5.32087307967139,NA
TMS14F1305P0012,NA,3.73888973793875,-0.118253798916632,0.791836243705586,-0.0136697242360695,NA
TMS14F1305P0019,NA,3.07724184724129,NA,-4.59924068563195,-5.4801087794216,NA
TMS14F1306P0008,-0.749118153474889,3.11699300528601,0.326066345806443,0.889554179552864,0.324824537190605,0.415472343768142
TMS14F1306P0011,NA,-0.382488446453468,NA,5.7266624507292,-0.197139060916982,NA
TMS14F1306P0015,-1.23906445834923,2.92974828474758,0.335479191427347,-0.196238923535149,-0.717433333969586,-0.0237929983727032
TMS14F1306P0017,NA,3.05923043825066,-0.0454257570617968,2.03102660112545,0.991825620713632,-0.0599784402666026
TMS14F1306P0020,-1.06143631901943,0.150583932489786,0.327283425298727,0.80649715933802,0.089036694081798,0.0923323952616259
TMS14F1307P0001,NA,1.98989804065151,NA,5.12767013886317,3.09237089642677,NA
TMS14F1307P0006,NA,0.112947800753801,0.0440126008197264,5.54449302450445,4.8749997864375,-0.051258500379282
TMS14F1307P0009,NA,NA,NA,-2.56282428620249,-5.55334293466405,NA
TMS14F1307P0014,NA,3.11374070718173,-0.0059446466459438,0.36257488328643,-0.416167127712242,NA
TMS14F1307P0015,NA,2.24303051840356,0.175916290322559,3.3369925672697,0.0242437875673696,-0.0713252621632631
TMS14F1307P0016,NA,-0.762844816877656,0.0901578684616322,0.259649258831759,-0.0623909784745738,NA
TMS14F1308P0001,NA,2.38529578850234,NA,-1.65248194089816,-3.25417916326808,NA
TMS14F1308P0017,NA,1.8910486036888,NA,4.74440953581794,0.181799104560579,NA
TMS14F1308P0020,NA,2.43472050698369,NA,-2.25147425276419,-2.10459727757009,NA
TMS14F1309P0007,NA,-1.17328394215512,NA,-4.67115125523888,-5.85904694489916,NA
TMS14F1309P0008,NA,0.129025561486187,0.281225590805689,-0.130259789618401,0.664999020694724,NA
TMS14F1309P0011,NA,-0.635986400173895,0.0444553649676548,0.757262589237751,0.901716171977302,-0.103790821163872
TMS14F1309P0015,NA,3.86803734294295,NA,2.30063112604507,-1.11425109162231,NA
TMS14F1309P0019,NA,NA,NA,-6.13267675010049,4.38842109260966,NA
TMS14F1310P0004,0.356053848937016,-1.32708487147009,-0.207483158112803,1.03649362617885,-0.0389255318897784,-0.355195229483414
TMS14F1310P0007,NA,-1.07443450519242,NA,-5.27014356710491,-6.23798511037672,NA
TMS14F1310P0011,NA,-1.91465471937543,NA,-1.31703050016168,-2.56953698755541,NA
TMS14F1310P0014,NA,-0.679036757341588,NA,3.80996578321543,10.1235631318343,NA
TMS14F1310P0015,-1.3133807242147,-1.66688942995087,0.422394425034368,1.07907560942782,0.407589303039818,-0.0980269881693275
TMS14F1311P0002,-0.28825986377046,2.05324476931292,-0.00410718260729815,0.708042088965837,-0.0383130130591727,-0.0372682921507567
TMS14F1311P0008,NA,1.39680141887526,NA,-5.72531473975708,-5.55334293466405,NA
TMS14F1311P0017,NA,-2.50775134115167,NA,2.56417199717462,-0.502843071152092,NA
TMS14F1312P0001,NA,4.43283518140799,0.0285158556422348,0.507786111968091,-1.02752844320106,-0.0526252064229205
TMS14F1312P0003,-0.803710833936441,1.18278635153634,0.245955938518719,0.503831171684775,0.213267629843173,0.0729551563854634
TMS14F1312P0013,NA,2.18759691457692,NA,-3.30563773728239,-0.270373216159432,NA
TMS14F1312P0020,NA,NA,NA,-6.46812819083697,-6.38445342086162,NA
TMS14F1363P0004,NA,-1.23253350665277,-0.224876411831842,0.619888944423108,0.499838966992986,NA
TMS15F1001P0001,0.451864984245303,0.0384907174754731,-0.0150501206594153,NA,-2.7787666234693,-0.130655486643102
TMS15F1001P0003,-0.105605286082857,NA,0.0457518525376235,NA,-2.35247737414472,0.163652384892089
TMS15F1003P0006,-0.651776206499608,0.412955986747873,-0.0599972763095077,0.0527466219932869,0.101337085833121,-0.345133057670802
TMS15F1004P0001,NA,-1.49091719721128,NA,NA,-2.79186763920787,NA
TMS15F1004P0012,-0.105605286082857,NA,-0.10918973732067,NA,-4.57840699029824,-0.0917265548034351
TMS15F1004P0019,NA,NA,-0.0615154019796564,NA,-3.04988693912269,-0.0214048177858271
TMS15F1009P0004,NA,NA,-0.228375575673203,NA,-0.0660809920140474,-0.00660024157159365
TMS15F1011P0005,0.0966119337102744,-4.42503006201105,0.0572754993941414,0.375170256675826,0.305455734665286,-0.0555560780127693
TMS15F1012P0001,-0.00309459240652819,-3.48744131883696,0.0404673272593194,NA,1.08350089368394,0.0311026198828429
TMS15F1015P0003,NA,NA,0.053697575094459,NA,-2.58494722913738,0.0452157751782228
TMS15F1017P0004,-0.104673974391552,-0.71746866192351,0.125689258009622,0.265942613989778,1.18512807849375,0.170518074982162
TMS15F1017P0011,-0.105605286082857,NA,0.0219146848671169,NA,-0.750723167726718,0.156250096784973
TMS15F1021P0002,-0.256359386891585,3.17441054955425,-0.116189042657441,-0.471065162449073,1.31382899343637,-0.0150074423178409
TMS15F1021P0003,0.609420712513687,5.04492314728988,0.139484792167209,-0.472581640047844,0.300351902453442,-0.0524963832832132
TMS15F1021P0009,-1.2418430843497,NA,0.129181939384397,NA,-3.42882510460025,-0.0214048177858271
TMS15F1021P0011,0.828053133561857,4.42578237618446,-0.104564940833019,0.022087756627921,0.727060068356092,-0.00759914267833967
TMS15F1021P0013,-0.265681320613348,1.44885622887,-0.0973983710748566,-0.0910249497249819,0.275667595835684,NA
TMS15F1021P0018,NA,NA,0.220557748788006,NA,-4.9573451557758,-0.10282998696411
TMS15F1021P0028,-0.265681320613348,1.1980035479727,-0.00726672229053238,0.160840749069565,0.652899786907546,NA
TMS15F1021P0037,-0.105605286082857,NA,0.17685627472541,NA,-1.97353920866716,0.0896295038209226
TMS15F1023P0010,0.0966119337102744,3.18260364561402,-0.0129532616460103,-0.227854523806518,0.0112558630868213,-0.0180344942312492
TMS15F1024P0006,NA,-2.2270796007605,NA,NA,0.730176526451875,NA
TMS15F1025P0001,-0.308493887917307,1.54155881950064,-0.213066945141345,-1.08452120070842,-0.923427353894066,-0.195356424797406
TMS15F1025P0002,0.130432152034859,2.92546432085967,-0.0639227337341409,-0.0633507250388925,2.58850774276253,0.00149001818940209
TMS15F1029P0001,0.462513613050565,NA,-0.0416510955875676,NA,-1.7410693536745,-0.0473128261607352
TMS15F1031P0008,NA,NA,-0.117135459877505,NA,-5.42228486576112,-0.136140283446135
TMS15F1033P0004,NA,NA,0.0775347427649656,NA,-0.298550847006708,0.137744376517181
TMS15F1037P0004,NA,NA,-0.0138410666386432,NA,4.98441887149791,0.0415146311246646
TMS15F1039P0002,0.103466624914614,-0.469564531330804,0.0520992184103959,-0.102028971988642,0.510465004560675,0.0780333169463206
TMS15F1040P0005,0.103466624914614,0.258122171137683,-0.0380324303739284,0.0469111023512336,-0.0851714208767201,0.0823554600188587
TMS15F1041P0003,0.270935901415809,0.855864167252418,-0.0417752945594424,0.626738056047209,0.474855061318579,-0.0178200892719462
TMS15F1051P0007,0.157329498740899,1.82260378771573,-0.0192385187465355,-0.127375559251899,1.01193071884949,-0.0320820483583821
TMS15F1057P0004,NA,NA,-0.017813927917061,NA,-3.1963552496076,0.0822272157138059
TMS15F1064P0001,-0.105605286082857,NA,-0.0456239568659853,NA,-0.750723167726718,-0.150944859660368
TMS15F1067P0013,-0.265681320613348,0.867236865032478,0.0122307735305671,0.447824173065053,0.44173223482248,0.0633028564820274
TMS15F1069P0001,-0.105605286082857,NA,-0.0495968181444031,NA,-4.27270298006313,-0.250875749106443
TMS15F1069P0007,-0.618652641215206,-4.12520595781285,0.0470146368447736,0.821263763340575,-0.272636502827293,-0.201399862321045
TMS15F1071P0003,-0.105605286082857,NA,-0.0853525696501631,NA,2.23308277938193,-0.0140025296787104
TMS15F1071P0015,NA,NA,-0.117135459877505,NA,-0.983193022719377,0.0267100549104313
TMS15F1071P0027,NA,NA,0.00602323975344572,NA,8.65286699431923,0.0970317919280394
TMS15F1071P0045,0.702011451147522,-2.22391259000532,-0.332340085296337,NA,1.92737876914682,0.104265042352069
TMS15F1072P0005,0.451864984245303,-0.905858854231005,-0.253421797364482,NA,-3.10874397119675,-0.291285138567533
TMS15F1072P0009,-0.105605286082857,NA,0.0099961010318635,NA,-1.12966133320428,-0.0251059618393853
TMS15F1072P0018,0.259625011216116,2.36107028751533,0.00544042517163262,1.21543606985059,-2.34651075087284,-0.136158688582957
TMS15F1072P0027,-0.105605286082857,NA,0.0099961010318635,NA,45.4838165330173,-0.0251059618393853
TMS15F1073P0003,0.451800020843726,-3.1918352426952,-0.0585221580816654,0.109905013730332,1.73322608591577,0.236155982757851
TMS15F1073P0005,0.259625011216116,1.31002214144248,-0.259549422098833,-0.557439458449321,-1.3114892981557,0.0981237300072853
TMS15F1074P0003,NA,NA,-0.0853525696501631,NA,3.76160283055747,-0.0399105380536186
TMS15F1075P0012,0.462513613050565,NA,-0.160836933940101,NA,-0.823957322969168,0.0193077668033146
TMS15F1077P0013,0.794736388200141,-1.88983824023569,-0.20393848239712,NA,5.36335703697547,0.191464441225275
TMS15F1079P0008,-0.418148809626767,-0.0321314980391766,-0.0470551823812038,0.209165235970316,0.891679647755198,0.068415203024878
TMS15F1079P0016,-0.00309459240652773,-4.59220203985729,-0.162540034565821,NA,4.14054099603503,0.192740529989273
TMS15F1079P0020,-0.115165796133558,0.720092689073203,0.18554576094658,0.279383214774376,0.998047445506815,-0.0104049089632564
TMS15F1079P0025,-0.11625391488812,-5.2389024007479,-0.279642681802039,NA,-0.336327154615419,NA
TMS15F1080P0004,0.114440523398404,5.08620297054076,-0.152768239012236,-1.75422227321604,-1.70718694406688,0.0123234068785939
TMS15F1080P0007,NA,0.881469289893691,NA,NA,-0.88440942255476,NA
TMS15F1081P0002,0.462513613050565,NA,-0.164809795218519,NA,5.59582689196813,0.119238656249389
TMS15F1081P0003,0.259625011216116,1.44232881461857,-0.173338332357167,-2.66576642748571,-3.25903570174433,-0.210181569654123
TMS15F1082P0002,-0.265681320613348,-4.75579674495127,-0.040248650552304,0.155392386727433,0.141200266248607,NA
TMS15F1085P0004,0.458905188033897,-4.09426337907083,-0.0715246170074323,0.123304557881279,-0.0447020734321494,-0.00256652775574365
TMS15F1085P0005,-0.105605286082857,NA,0.0298604074239524,NA,-2.35247737414472,-0.0473128261607352
TMS15F1092P0001,-0.105605286082857,NA,-0.0297325117523142,NA,0.0931547077361597,0.0045031905890812
TMS15F1092P0016,0.827743910349538,2.30232219026314,-0.120499277354211,1.47897694098014,-1.91433713564263,-0.17317012911854
TMS15F1092P0026,-0.627974574936969,-0.647237169542238,-0.0632791349419894,0.244391390143055,0.810823158328816,NA
TMS15F1094P0006,NA,NA,0.101371910435472,NA,-3.89376481458557,0.0711237835531311
TMS15F1095P0005,NA,NA,0.0497247138160412,NA,1.62167475891171,0.108135224088714
TMS15F1100P0005,0.0348052574885507,1.61256120357981,0.0281378096610479,0.548776113570492,-0.00153833122015465,0.0038465680193394
TMS15F1102P0002,0.0966119337102744,-5.08656342789149,0.0402158813277078,0.218965699213109,-0.232413583683022,-0.0512339349402313
TMS15F1102P0006,-0.265681320613348,-0.455829866728404,0.115846854755564,0.667602043013445,0.362318256469315,0.0227827651769831
TMS15F1104P0006,-0.534981912810974,3.23704534533773,0.109095770188211,NA,-1.12966133320428,0.0574751210054713
TMS15F1105P0002,-0.265681320613348,-0.786596549668626,0.0589814612007848,0.591315885062798,0.363222841754373,NA
TMS15F1107P0002,0.262849067795695,0.587604214986558,0.199862420513519,NA,5.59582689196813,0.19061371538261
TMS15F1107P0004,0.828053133561857,-0.535717867918849,-0.0968881127031244,0.146204485244484,-0.572510314416408,0.0329209486267047
TMS15F1109P0003,0.827743910349538,0.979255458502258,-0.10699154900759,-1.68351351257445,-3.47382159496963,-0.265698730457498
TMS15F1109P0004,0.675600620472548,1.52698159453679,-0.0233658647986367,NA,7.43005095337879,0.0617287502187984
TMS15F1111P0011,NA,-3.12193290709595,NA,NA,-1.64228575350988,NA
TMS15F1112P0007,-0.105605286082857,NA,-0.0893254309285809,NA,-3.42882510460025,-0.143542571553252
TMS15F1117P0001,0.462513613050565,NA,-0.0058953440818076,NA,1.3159707486766,0.00820433464263961
TMS15F1118P0001,0.0966119337102744,1.1980035479727,-0.0641321158453111,-0.130377261693978,0.01216044837188,-0.00423062902637982
TMS15F1118P0006,0.0966119337102744,1.1980035479727,-0.0283069179058005,0.0718417456539435,0.0645000437506176,-0.0180344942312492
TMS15F1121P0011,-0.627974574936969,2.19030359679336,-0.0470724977788774,-0.170943349237051,-0.0735856269766931,NA
TMS15F1121P0034,-0.258826629409008,-0.204951184978628,0.0708647982834728,0.841258165497237,0.754134451330519,0.00131527740877005
TMS15F1121P0035,NA,NA,-0.0058953440818076,NA,-3.57529341508516,NA
TMS15F1121P0038,0.465759879238235,-1.49494124844549,-0.170528797356563,-0.17649900915858,-0.626659080365262,-0.0165135627654494
TMS15F1124P0001,-0.308493887917307,-2.65917805384017,0.0121942893449428,2.00605868323923,0.3382515278297,0.0674042343627512
TMS15F1126P0007,-0.265681320613348,3.18260364561402,-0.0595828843609287,0.0221950542073183,0.497690171341451,NA
TMS15F1126P0008,0.0631294609538273,0.369298204246016,-0.0717733842405129,NA,3.98130529628483,-0.059712363821691
TMS15F1127P0002,0.609420712513687,-1.66602066718427,0.11105209538982,0.787595588310663,1.7316490971315,-0.103630116512527
TMS15F1127P0005,NA,NA,-0.156864072661683,NA,-4.57840699029824,-0.0658185464285268
TMS15F1127P0013,0.528792727997918,-1.39368821582536,-0.21722140683497,NA,-1.43536534343939,0.00855838505220933
TMS15F1128P0006,0.262849067795695,1.80151794137717,-0.168295968488889,NA,1.92737876914682,0.0523707659494787
TMS15F1129P0009,0.458905188033897,0.205703499152035,0.06665828933068,-0.100105553628534,0.361413671184257,0.117329644888753
TMS15F1130P0002,NA,-3.61618009190949,NA,NA,-3.17080580468543,NA
TMS15F1130P0007,NA,-2.67711044076377,NA,NA,-1.87475560850254,NA
TMS15F1130P0012,0.259625011216116,-0.456138665921831,-0.0243560344165007,-0.413618319235455,0.0131197865002839,NA
TMS15F1131P0007,NA,NA,0.129181939384397,NA,-3.89376481458557,0.182158105159881
TMS15F1132P0001,0.259625011216116,1.22430176244419,-0.226177387360124,-1.947054383704,-2.95791877134305,-0.284204450725289
TMS15F1132P0003,NA,0.387222105080155,NA,NA,2.02616236931144,NA
TMS15F1132P0011,0.528792727997918,0.203914862775905,-0.146379143166437,NA,11.0984990762001,0.379262170993668
TMS15F1132P0013,1.39586280948296,3.25071522017969,-0.213066945141345,-1.4199726414449,1.62764138218359,0.178438555969501
TMS15F1135P0014,-0.105605286082857,NA,0.0258875461455346,NA,-1.36213118819694,-0.0103013856251521
TMS15F1142P0001,-0.19378336086772,-3.71166015462203,0.161643775367198,0.256332853466731,1.22958972614875,0.301741065531983
TMS15F1142P0006,0.0966119337102744,-1.77889659848929,0.147407148178466,1.83974765435127,1.09061284092367,0.0846434379026841
TMS15F1142P0008,0.21272456010409,0.411891571728503,-0.00250383229199394,0.323764895797924,0.206241342675841,0.144971615338911
TMS15F1142P0012,0.282442331030621,-3.00755258097369,0.16682468738036,0.428449189683872,2.36089509674915,0.034398524684429
TMS15F1143P0001,-0.299163793369794,0.752987556456673,0.106217803226677,NA,-1.66783519843205,-0.0992711155056332
TMS15F1143P0004,-0.684372814021542,-0.455756467338063,0.157372058823916,NA,-2.24059275824154,NA
TMS15F1144P0002,NA,NA,NA,NA,-3.73452911483536,-0.25827803721356
TMS15F1144P0006,-0.265681320613348,-0.0338853255706108,-0.00527643351611516,0.669418163794156,0.713380649851808,-0.0613378796578815
TMS15F1145P0002,0.462513613050565,NA,0.00205037847502797,NA,2.84449079985215,0.0267100549104313
TMS15F1146P0001,0.465759879238235,0.853502200430078,-0.0286496404373899,-0.250969046328518,0.564613770509529,0.172310062716057
TMS15F1147P0001,NA,NA,0.0219146848671169,NA,-4.19946882482068,0.0896295038209226
TMS15F1148P0003,0.0966119337102744,0.867236865032478,0.0114988575825446,-0.449448514535621,-0.287466934916934,-0.0487539898757832
TMS15F1151P0003,NA,NA,-0.0575425407012387,NA,6.81864293290857,0.0452157751782228
TMS15F1151P0007,-0.265681320613348,-4.75579674495128,0.00126308674268441,0.492022502169547,0.173702160933384,-0.0104437096931533
TMS15F1152P0016,NA,NA,-0.101244014763834,NA,-4.8108768452909,NA
TMS15F1153P0009,0.827743910349538,-2.77910043454545,-0.113745413180901,3.85084478114607,5.90749752547512,0.344990038379625
TMS15F1153P0020,NA,NA,0.0219146848671169,NA,-5.11658085552601,-0.150944859660368
TMS15F1153P0022,0.0966119337102744,-4.42503006201105,0.0950909861080692,0.789902650849298,0.0924790120101025,-0.0331349608239782
TMS15F1153P0031,-0.105605286082857,NA,0.053697575094459,NA,1.69490891415416,-0.0103013856251521
TMS15F1154P0001,0.36553827846127,0.441612079672114,-0.0909995924849085,-0.0288758143088119,1.62206807623927,0.0229469476786387
TMS15F1154P0002,-0.308493887917307,1.67386549267672,-0.219820809314655,-3.26475873935174,-2.565931497599,NA
TMS15F1154P0005,0.103466624914614,2.04426225901487,0.0188329631808503,0.295144559584359,0.0772748769698424,0.0645266198446392
TMS15F1154P0012,0.462513613050565,NA,0.0179418235886991,NA,-4.41917129054803,0.141445520570739
TMS15F1154P0015,0.451864984245303,-0.700121701509624,-0.0678891756623717,NA,-4.45344253729845,0.0666154914115565
TMS15F1154P0020,NA,NA,0.17685627472541,NA,1.3159707486766,0.159951240838531
TMS15F1156P0003,-0.105605286082857,NA,0.236449193901677,NA,-1.82707089818226,0.134043232463623
TMS15F1156P0005,-0.627974574936969,-1.44812991554906,-0.0831820226861619,0.344898548610382,0.362318256469315,NA
TMS15F1156P0006,-0.684372814021542,1.96605473824826,-0.0778213288584162,NA,0.131805168396891,-0.164706011935839
TMS15F1156P0007,-0.67372418521628,NA,0.0298604074239524,NA,-1.97353920866716,-0.136140283446135
TMS15F1156P0014,0.0914287152633806,-2.95871405371775,-0.110941070113756,-1.947054383704,-0.388936733445395,-0.172317493093001
TMS15F1158P0006,0.462513613050565,NA,-0.176728379053772,NA,-1.7410693536745,-0.16945057992816
TMS15F1159P0001,-0.0401558832363737,-0.851536413772658,-0.0309894633103525,0.550152403793109,0.360167441203582,-0.141518444654116
TMS15F1159P0003,-0.265681320613348,0.536470182092257,-0.0811917339117447,-0.319883423576927,-0.046511244002266,NA
TMS15F1159P0005,NA,NA,-0.0575425407012387,NA,-3.3555909493578,-0.113933419124785
TMS15F1159P0006,-0.308493887917307,-4.16299255202335,0.164354876308344,3.58730391001653,1.01623336171337,0.0118870735593763
TMS15F1160P0005,-0.105605286082857,NA,-0.0058953440818076,NA,-4.65164114554069,-0.117634563178343
TMS15F1160P0010,-0.308493887917307,-0.505563384403184,-0.0144238812204563,-0.365809156926704,-1.73510273040262,-0.0806415277795816
TMS15F1162P0001,0.0966119337102744,1.1980035479727,0.0950909861080692,0.775976029810248,1.57614256389324,0.0992306707724999
TMS15F1165P0002,NA,NA,-0.033705373030732,NA,9.26427501478945,0.126640944356506
TMS15F1172P0005,0.458905188033897,-2.44042996436973,-0.0186398010014881,0.00100395004542641,-0.126829807640489,-0.0550459347668323
TMS15F1172P0010,-0.105605286082857,NA,0.0656161589297124,NA,6.81864293290857,-0.0362093940000603
TMS15F1177P0004,-0.308493887917307,NA,-0.13360971957299,NA,-1.35616456492506,-0.0314163118672559
TMS15F1179P0001,1.03063251218399,NA,-0.017813927917061,NA,0.39885871797127,0.0822272157138059
TMS15F1179P0015,1.03063251218399,NA,-0.101244014763834,NA,-0.677489012484268,0.0045031905890812
TMS15F1179P0047,1.06068004840236,-2.0552215817058,-0.0164278657494714,NA,2.84449079985215,0.0851237108920974
TMS15F1181P0009,0.462513613050565,NA,-0.176728379053772,NA,-4.18670143555537,-0.150944859660368
TMS15F1188P0001,0.103466624914614,2.11041559560292,-0.0331988719217722,0.0469111023512336,-0.0851714208767201,0.181494616745201
TMS15F1190P0001,-0.105605286082857,NA,0.0139689623102813,NA,1.3159707486766,0.134043232463623
TMS15F1191P0001,1.03063251218399,NA,-0.069461124536492,NA,1.92737876914682,0.0230089108568729
TMS15F1193P0014,NA,NA,-0.0138410666386432,NA,-5.42228486576112,0.0267100549104313
TMS15F1195P0001,1.03063251218399,NA,-0.0774068470933275,NA,0.0931547077361597,-0.0288071058929438
TMS15F1195P0006,-0.105605286082857,NA,0.0099961010318635,NA,-2.04677336390961,0.0193077668033146
TMS15F1195P0009,-0.308493887917307,-1.93888022036244,-0.146720161791768,-2.47413612596309,-3.26362278157816,0.0426065692039105
TMS15F1195P0010,NA,-4.15985199520438,NA,NA,-3.09757164944298,NA
TMS15F1196P0010,1.01998388337873,0.582162620770365,-0.0480248692702828,NA,-1.39671488277866,-0.0629245504629849
TMS15F1196P0012,-0.00309459240652819,-6.35849612675807,0.0581778931764527,NA,-2.65818138437983,-0.232622391343438
TMS15F1196P0016,-0.67372418521628,NA,-0.0138410666386432,NA,-4.79810945602559,-0.162048291821043
TMS15F1197P0006,0.462513613050565,NA,0.0099961010318635,NA,-1.12966133320428,0.0119054786961979
TMS15F1197P0022,-0.265681320613348,0.205703499152035,0.0731978095894795,0.0452022791499206,0.254925309856665,0.046658688156582
TMS15F1199P0007,-0.105605286082857,NA,-0.0575425407012387,NA,-3.04988693912269,-0.206462020463743
TMS15F1200P0007,0.462513613050565,NA,-0.125081182434341,NA,-0.983193022719377,-0.0140025296787104
TMS15F1201P0009,0.462513613050565,NA,-0.156864072661683,NA,1.4624390591615,-0.0621174023749686
TMS15F1204P0005,-0.627974574936969,-7.07116352553282,-0.0755051945562668,-0.695865850988037,-0.207148371278712,NA
TMS15F1205P0002,NA,NA,-0.10918973732067,NA,-3.04988693912269,-0.0251059618393853
TMS15F1209P0004,NA,NA,-0.164809795218519,NA,-5.11658085552601,-0.0769219785892018
TMS15F1212P0001,-0.105605286082857,NA,-0.0853525696501631,NA,-5.42228486576112,-0.106531131017668
TMS15F1212P0003,NA,-3.0725081886146,NA,NA,0.411640773628129,NA
TMS15F1213P0001,0.462513613050565,NA,-0.069461124536492,NA,1.92737876914682,-0.0288071058929438
TMS15F1214P0002,-0.308493887917307,NA,-0.226177387360124,-2.47413612596309,-3.56932679181327,-0.185383904495282
TMS15F1215P0002,-0.258826629409008,-0.833407882565047,0.118347401901713,0.39443794247761,0.510465004560675,-0.00759914267833967
TMS15F1218P0001,0.270336525275824,0.235636856750331,-0.183225425171745,0.177405418536893,0.197404279209488,-0.250293221135386
TMS15F1219P0006,NA,NA,-0.129054043712759,NA,-0.0660809920140474,-0.0769219785892018
TMS15F1221P0002,0.462513613050565,NA,-0.136999766269594,NA,-2.81741708413003,-0.113933419124785
TMS15F1223P0008,NA,NA,0.220557748788006,NA,-4.8108768452909,-0.0584162583214102
TMS15F1224P0005,0.462513613050565,NA,-0.0217867891954787,NA,-1.12966133320428,0.0415146311246646
TMS15F1225P0004,-0.105605286082857,NA,-0.10918973732067,NA,-4.19946882482068,-0.0954276988569934
TMS15F1228P0006,-0.627974574936969,-3.43273001319039,-0.1056438531403,-0.397985702308286,-0.207148371278712,NA
TMS15F1228P0011,0.462513613050565,NA,-0.0575425407012387,NA,-2.96388539461494,-0.121335707231902
TMS15F1229P0015,-0.105605286082857,NA,0.089453326600219,NA,-1.97353920866716,0.0378134870711061
TMS15F1230P0005,0.259625011216116,-5.04069817100975,-0.199956502922566,-2.73767699709264,0.899589523127665,-0.0991472480473733
TMS15F1230P0006,-0.265681320613348,4.17490369443469,0.0967969479147126,-0.351971252423081,0.146627777958957,0.0479052217861105
TMS15F1230P0021,0.462513613050565,NA,-0.0932982922069986,NA,-2.96388539461494,0.111836368142273
TMS15F1233P0005,NA,NA,-0.117135459877505,NA,-5.42228486576112,-0.16945057992816
TMS15F1234P0001,1.1007702177196,-0.00817564277067206,-0.278659636851906,-0.555181099116211,2.97778007911501,-0.052373228090626
TMS15F1236P0001,-0.627974574936969,2.19030359679336,-0.0743678866851712,-0.646219159541412,-0.288371520201993,NA
TMS15F1236P0005,0.0966119337102744,-4.42503006201105,-0.0337091302935045,-0.0540911037433295,0.281999692831092,-0.00179942354807714
TMS15F1236P0007,0.462513613050565,NA,-0.168782656496936,NA,-0.823957322969168,-0.0695196904820851
TMS15F1240P0003,-0.67372418521628,NA,0.0258875461455346,NA,-3.5020592598427,-0.150944859660368
TMS15F1241P0005,0.262849067795695,-0.513848839204375,-0.251092864151488,NA,-3.1963552496076,-0.201229967811715
TMS15F1242P0002,0.667525123983917,-5.47740141545506,-0.176742978529006,0.330648254733457,1.12025414855775,-0.0641944598388723
TMS15F1242P0009,NA,NA,-0.0217867891954787,NA,0.239623018221062,0.0156066227497563
TMS15F1243P0008,-0.67372418521628,NA,-0.00986820536022539,NA,-2.96388539461494,-0.0140025296787104
TMS15F1243P0027,NA,NA,0.0616432976512946,NA,-3.89376481458557,-0.0214048177858271
TMS15F1244P0001,NA,NA,-0.0615154019796564,NA,2.53878678961704,-0.0214048177858271
TMS15F1244P0004,0.451864984245303,-5.33813240562996,-0.239914069017861,NA,0.0102249474572484,-0.0692164953540339
TMS15F1244P0005,0.0966119337102744,-1.44812991554906,0.0228719362935003,-0.204847298863916,0.20168112919287,-0.0465333034436483
TMS15F1244P0010,-0.105605286082857,NA,-0.0615154019796564,NA,0.70456272820638,-0.0621174023749686
TMS15F1244P0013,-0.299163793369794,-3.59990199103663,0.159792265126005,NA,2.53878678961704,0.0376957451635001
TMS15F1245P0009,1.06068004840236,-2.38598826464602,-0.215007586095328,NA,0.0931547077361597,-0.0218550638230796
TMS15F1245P0018,0.262849067795695,-3.37828831346668,-0.224527015275788,NA,NA,-0.155419021121551
TMS15F1248P0012,NA,NA,0.129181939384397,NA,0.239623018221062,0.189560393266997
TMS15F1248P0015,0.262849067795695,-4.70466271205697,0.0907210580491852,NA,1.08350089368394,0.0508819957248141
TMS15F1251P0001,0.0966119337102744,-3.10196333025017,0.0154794351313791,0.151760145166012,0.170083819793151,-0.0150359867077249
TMS15F1253P0003,0.0966119337102744,1.85953691385314,0.00410635642042335,0.268612390659734,0.0654046290356754,0.00676317092759169
TMS15F1253P0006,0.462513613050565,NA,-0.105216876042252,NA,-4.11346728031292,-0.228668884785093
TMS15F1254P0006,-0.258826629409008,0.0596621613735483,-0.14692965903133,0.245497868137734,0.402167472662967,-0.11106044247722
TMS15F1256P0011,0.0966119337102744,-3.10196333025017,0.0902574276559131,0.923099983369413,0.46699744722679,NA
TMS15F1257P0001,0.172812815902684,3.01151503959157,-0.136463871759334,0.379712894524511,-0.0443123806658857,-0.0971639513389202
TMS15F1257P0005,-0.105605286082857,NA,0.153019107054903,NA,1.92737876914682,0.245077554070372
TMS15F1259P0003,-0.105605286082857,NA,-0.0654882632580742,NA,-2.35247737414472,-0.0769219785892018
TMS15F1259P0005,0.600644404887681,1.45082501070566,-0.245544832731776,0.312589968160558,1.39814280641242,-0.0151500495777608
TMS15F1260P0001,-0.105605286082857,NA,-0.101244014763834,NA,-1.90030505342471,-0.136140283446135
TMS15F1266P0009,-0.105605286082857,NA,0.133154800662815,NA,-4.79810945602559,0.111836368142273
TMS15F1269P0004,0.259625011216116,0.383875429209862,0.0121942893449428,-1.15643177031535,-1.56778503356997,-0.0129105915994643
TMS15F1269P0008,NA,-0.650696983028269,NA,NA,-1.03087773303966,NA
TMS15F1270P0001,NA,-2.77595987772648,NA,NA,-1.33658174327477,NA
TMS15F1271P0002,-0.67372418521628,NA,0.117263355549143,NA,-1.97353920866716,-0.0695196904820851
TMS15F1273P0002,NA,NA,-0.00986820536022539,NA,NA,0.108135224088714
TMS15F1276P0003,-0.308493887917307,1.74001882926477,0.0948298039360325,-1.80323324449013,-3.52256811943907,0.172146611078452
TMS15F1276P0004,-0.105605286082857,NA,-0.121108321155923,NA,0.77779688344883,0.0156066227497563
TMS15F1279P0001,0.462513613050565,NA,-0.168782656496936,NA,-1.12966133320428,0.119238656249389
TMS15F1279P0006,0.270935901415809,1.55262019639019,-0.0291663818803715,0.71354460097641,0.262994431110074,0.0670089417418429
TMS15F1280P0001,NA,NA,0.0934261878786367,NA,-4.04023312507047,-0.0621174023749686
TMS15F1284P0001,-0.105605286082857,NA,0.208639164952752,NA,3.76160283055747,0.211767257588347
TMS15F1286P0006,-0.105605286082857,NA,0.117263355549143,NA,-1.12966133320428,0.200663825427672
TMS15F1286P0007,NA,NA,0.252340639015348,NA,-1.97353920866716,0.0711237835531311
TMS15F1286P0011,0.287169569652466,0.0593576864599347,-0.00155718202130747,0.220656872880343,1.2704149980815,0.243938724867101
TMS15F1286P0012,0.0966119337102744,0.867236865032478,-0.0905745238482832,0.479912001911207,0.546411425579954,NA
TMS15F1288P0002,0.462513613050565,NA,-0.121108321155923,NA,3.76160283055747,0.152548952731414
TMS15F1290P0005,-0.67372418521628,NA,0.204666303674334,NA,-0.750723167726718,0.0415146311246646
TMS15F1290P0009,-0.621119883732629,2.93733230295347,-0.0616315686991616,0.543378016817486,-0.301766484672137,-0.201285179116451
TMS15F1292P0001,NA,NA,0.192747719839081,NA,-3.88099742532026,-0.0510139702142935
TMS15F1294P0001,-0.258826629409008,1.81272558095672,-0.0900642654765509,0.220674522414422,0.456316238611821,-0.00300686566376794
TMS15F1295P0001,0.678303461065884,-2.27031488916258,-0.0743485150585602,-0.6626023502941,-0.997652635110478,-0.0210301157858323
TMS15F1295P0004,-0.18280091808778,0.236514016444604,0.0045831985150687,0.256773446026142,1.26900124495103,0.298748772644028
TMS15F1295P0009,-0.339780100817963,-1.12750655245139,0.155074350384217,0.253490121194706,0.879151366924398,0.0354269985040108
TMS15F1295P0017,-0.105605286082857,NA,-0.133026904991176,NA,-3.80776327007781,-0.143542571553252
TMS15F1296P0003,-0.105605286082857,NA,0.0099961010318635,NA,1.3159707486766,-0.00660024157159365
TMS15F1298P0001,0.0966119337102744,-1.77889659848929,0.162476477470482,0.51684584789286,0.363222841754373,-0.0134151830555232
TMS15F1298P0003,-0.105605286082857,NA,0.156991968333321,NA,-3.42882510460025,-0.0473128261607352
TMS15F1300P0002,0.827743910349538,-0.806884629374933,-0.10699154900759,-0.629350028056253,-1.39450898253363,0.246169492149618
TMS15F1301P0002,-0.0127357096734399,-0.655921392351375,-0.0247130748874009,0.514514445293887,0.775675495018149,0.0284081370330001
TMS15F1302P0018,-0.105605286082857,NA,-0.0654882632580742,NA,-1.90030505342471,-0.14724371560681
TMS15F1302P0020,0.0157959259747394,1.7805624772114,0.0313923735860943,0.367838264888326,-0.88509435357469,-0.233739020606884
TMS15F1302P0027,-0.508699161644817,1.85166521640396,-0.0371828904769191,0.968380342605472,0.626549852511845,-0.36841627163749
TMS15F1303P0005,0.0966119337102744,1.52877023091292,0.0305487644233954,0.394545240057007,0.524764554315878,0.00279285346649437
TMS15F1303P0007,NA,NA,-0.176728379053772,NA,-4.19946882482068,-0.0769219785892018
TMS15F1305P0002,-0.67372418521628,NA,-0.0058953440818076,NA,-4.49240544579048,-0.19165744424951
TMS15F1305P0012,0.528792727997918,4.12019238878812,-0.0533986721014871,NA,2.68525510010194,0.050243951342815
TMS15F1305P0013,-0.00309459240652819,3.62073469754839,0.0847437420521527,NA,3.45589882032237,0.210605772685247
TMS15F1305P0021,-0.87661278705073,-1.39520831706755,0.0717872085212094,0.951895198721039,0.71052935147826,-0.0869334726706309
TMS15F1305P0023,NA,NA,0.0497247138160412,NA,-2.51171307389492,0.134043232463623
TMS15F1307P0003,-0.67372418521628,NA,0.101371910435472,NA,-2.96388539461494,-0.043611682107177
TMS15F1310P0004,NA,NA,0.053697575094459,NA,-2.89065123937249,0.0267100549104313
TMS15F1310P0008,-0.0186288183506333,2.23763199739811,0.129758184871076,0.315544960508851,0.807809310780841,0.104687631447159
TMS15F1310P0014,NA,NA,0.0298604074239524,NA,NA,-0.0769219785892018
TMS15F1310P0019,-0.204843571483226,0.672334628736427,0.0670648347340493,0.296387148690446,-0.209647801384327,-0.0891239841525131
TMS15F1310P0021,-0.983413138056251,-2.35493462409006,0.321925510827821,-0.325439083498455,-0.328840867646564,-0.0481192339833842
TMS15F1310P0023,0.262849067795695,2.46305130725761,-0.0983392331162129,NA,4.98441887149791,0.109794760329395
TMS15F1312P0001,0.0966119337102744,3.18260364561402,0.0191756857124397,0.919467741807993,1.11859180918316,0.000471226036542475
TMS15F1313P0002,-0.00309459240652819,-2.88544595588576,0.0455591149604952,NA,-0.371785002249157,0.034718204714171
TMS15F1315P0001,-0.00309459240652819,-1.55907155729547,-0.0429937146251713,NA,-1.36213118819694,-0.0986330711236343
TMS15F1315P0002,-0.105605286082857,NA,-0.121108321155923,NA,-6.02092549696603,-0.117634563178343
TMS15F1316P0001,0.794736388200141,-3.43451864956652,-0.168295968488889,NA,4.98441887149791,0.0049428002208813
TMS15F1316P0009,-0.026305265582748,-1.16410222625104,-0.0634788508038003,0.118873803105819,0.896328878730901,-0.121339955723471
TMS15F1316P0014,0.462513613050565,NA,-0.228375575673203,NA,-4.49240544579048,-0.206462020463743
TMS15F1317P0002,-0.258826629409008,-0.568794536212869,-0.170528797356563,0.369614596754297,-0.0310226549278661,-0.228028439377781
TMS15F1317P0003,-0.105605286082857,NA,0.0298604074239524,NA,-1.43536534343939,-0.113933419124785
TMS15F1317P0007,NA,NA,0.053697575094459,NA,-3.42882510460025,-0.113933419124785
TMS15F1318P0002,NA,NA,-0.0376782343091498,NA,5.59582689196813,0.0452157751782228
TMS15F1318P0007,-0.105605286082857,NA,-0.00986820536022539,NA,-3.26958940485005,-0.16945057992816
TMS15F1318P0011,-0.105605286082857,NA,-0.10918973732067,NA,-5.87445718648113,NA
TMS15F1318P0019,-0.105605286082857,NA,0.184801997282246,NA,-1.05642717796183,0.0230089108568729
TMS15F1318P0022,NA,-0.700121701509624,NA,NA,-2.55939778421521,NA
TMS15F1319P0001,0.528792727997918,5.88317880885949,0.010802129348121,NA,4.98441887149791,0.111283530554059
TMS15F1321P0001,0.259625011216116,NA,-0.1403635837463,-0.629350028056253,-2.65221476110794,-0.166878184227491
TMS15F1321P0003,NA,-1.44149247872993,NA,NA,-1.03087773303966,NA
TMS15F1323P0004,-0.00309459240652819,-3.38159598029609,-0.0480855023263472,NA,-0.750723167726718,0.0340801603321718
TMS15F1324P0003,NA,NA,NA,NA,-5.42228486576112,-0.162048291821043
TMS15F1324P0004,0.273497294175623,2.62530025269323,-0.232763099444738,-1.1361483072397,0.54937940190646,0.128163546959983
TMS15F1324P0008,-0.267833522294949,-2.11725318476007,0.213874000170591,0.491531171473833,0.777873832187303,0.0944700459760938
TMS15F1326P0004,0.451864984245303,1.62008170887879,0.0314323562980727,NA,0.119037779131584,0.10362693194714
TMS15F1327P0002,NA,NA,-0.10918973732067,NA,NA,0.0563192073388977
TMS15F1328P0001,1.39586280948296,0.680629859149302,-0.319142341275099,2.6769615647122,10.6395259894867,0.301686652952993
TMS15F1329P0005,0.57194781223114,-0.558139338215773,0.0667096262815826,1.4820593845996,0.20112510736052,0.126077727745931
TMS15F1331P0003,-0.105605286082857,NA,0.0099961010318635,NA,-2.58494722913738,0.0970317919280394
TMS15F1333P0001,NA,NA,NA,NA,-1.56905159826743,NA
TMS15F1334P0004,-0.269038252608751,3.65050369901301,0.0256347283037202,NA,4.37301085102769,-0.0892750868543145
TMS15F1335P0001,0.462513613050565,NA,0.00205037847502797,NA,4.37301085102769,0.108135224088714
TMS15F1336P0002,0.794736388200141,3.12458467313806,-0.188441737219629,NA,-1.05642717796183,-0.000799599217110403
TMS15F1338P0003,NA,NA,0.0338332687023701,NA,NA,0.0156066227497563
TMS15F1344P0003,-0.265681320613348,0.205703499152035,-0.116448277915707,-0.474271860258934,-0.206243785993653,NA
TMS15F1344P0008,1.03063251218399,NA,-0.21645699183795,NA,-2.96388539461494,-0.16945057992816
TMS15F1344P0010,0.465759879238235,1.74657224436868,-0.0855150339921686,0.270321213861047,1.16025019594692,-0.165087230883945
TMS15F1345P0002,-0.265681320613348,-0.786596549668626,0.0021160676460061,0.268612390659734,0.0112558630868213,0.0496964419488681
TMS15F1349P0001,0.462513613050565,NA,-0.00986820536022539,NA,0.166388862978612,0.126640944356506
TMS15F1351P0003,0.199295186678185,2.81661510490901,-0.0956264082025531,0.589222708323714,-2.18842627647557,-0.263818221971709
TMS15F1351P0009,NA,NA,0.125209078105979,NA,-1.82707089818226,0.104434080035156
TMS15F1352P0002,-0.105605286082857,NA,0.089453326600219,NA,0.239623018221062,-0.0214048177858271
TMS15F1354P0001,-0.105605286082857,NA,-0.10918973732067,NA,-6.02092549696603,-0.195358588303068
TMS15F1356P0003,-0.105605286082857,NA,-0.160836933940101,NA,-2.65818138437983,0.100732935981598
TMS15F1357P0001,0.462513613050565,NA,-0.10918973732067,NA,-1.12966133320428,0.0341123430175479
TMS15F1364P0004,-0.67372418521628,NA,0.0258875461455346,NA,-1.12966133320428,-0.110232275071227
TMS15F1365P0003,-0.627974574936969,-3.76349669613061,-0.080338753008423,-0.302324560976456,-0.151190434759741,-0.0650390237114399
TMS15F1366P0002,NA,NA,0.0338332687023701,NA,-5.18981501076846,-0.23607117289221
TMS15F1367P0001,0.126985545810775,-1.13969153475104,-0.0890627804580209,0.0338146127077332,2.57814874660521,0.0341521738923502
TMS15F1368P0002,-0.105605286082857,NA,0.101371910435472,NA,-1.5946010431896,-0.00660024157159365
TMS15F1369P0002,NA,NA,-0.164809795218519,NA,-0.909958867476926,-0.0658185464285268
TMS15F1370P0002,-0.00309459240652773,-2.38598826464602,-0.230282949198856,NA,-0.0660809920140474,-0.176687167188187
TMS15F1370P0004,0.208800860843663,-0.104491125779402,-0.0906296900429581,0.063057280971403,0.523254199892308,-0.0190911182594571
TMS15F1370P0007,-0.105605286082857,NA,-0.0138410666386432,NA,NA,0.0230089108568729
TMS15F1371P0002,0.667525123983918,3.56339345277627,-0.212031671491072,-0.00425087807304012,0.47293143181111,-0.161626435580813
TMS15F1374P0004,0.528792727997918,-2.38598826464602,-0.0429937146251713,NA,3.15019481008726,0.029188486736846
TMS15F1378P0006,0.835750531314092,0.338815559111789,-0.184584910298354,0.173048662824517,0.438876727920489,-0.0421536683227176
TMS15F1379P0004,-0.105605286082857,NA,0.0179418235886991,NA,-3.1963552496076,-0.0621174023749686
TMS15F1380P0002,-0.67372418521628,NA,0.172883413446992,NA,-2.96388539461494,-0.136140283446135
TMS15F1381P0007,-0.105605286082857,NA,0.0219146848671169,NA,-1.36213118819694,0.115537512195831
TMS15F1381P0010,-0.105605286082857,NA,-0.0535696794228209,NA,-1.36213118819694,0.0674226394995727
TMS15F1386P0002,-0.105605286082857,NA,0.168910552168574,NA,5.66906104721058,0.137744376517181
TMS15F1390P0003,-0.67372418521628,NA,-0.172755517775354,NA,-5.64198733148847,-0.25827803721356
TMS15F1390P0007,1.5526396422091,0.258122171137683,-0.123330520706096,-0.201322354881892,-0.491287165493126,-0.0256981167945926
TMS15F1390P0012,NA,NA,-0.224402714394785,NA,-3.96699896982802,0.0378134870711061
TMS15F1392P0001,0.462513613050565,NA,-0.0376782343091498,NA,5.97476505744569,0.171054672999206
TMS15F1392P0002,0.462513613050565,NA,-0.0058953440818076,NA,-2.89065123937249,-0.0658185464285268
TMS15F1393P0002,0.262849067795695,-3.05082929735587,-0.0629181012819463,NA,-0.139315147256499,-0.159672650334878
TMS15F1393P0006,NA,2.66075915522243,NA,NA,-1.94798976374499,0.0208928949615073
TMS15F1393P0007,-0.67372418521628,NA,0.121236216827561,NA,-3.42882510460025,-0.0843242666963184
TMS15F1394P0007,-0.252371616679199,3.52279842868404,0.078442901151547,0.195442901632754,0.800588726179001,-0.0793907409647953
TMS15F1394P0012,-0.105605286082857,NA,-0.224402714394785,NA,-1.12966133320428,-0.0880254107498768
TMS15F1396P0001,0.816015223910623,4.30952951302371,-0.291204367682404,-1.08452120070842,-1.95107769232353,-0.248765398688518
TMS15F1396P0004,0.827743910349538,4.58518261917624,-0.10699154900759,-2.47413612596309,-2.04080674063773,-0.154664408850748
TMS15F1398P0003,NA,NA,0.0735618814865479,NA,2.84449079985215,0.0600203513924561
TMS15F1398P0008,1.01998388337873,-1.04885308911431,-0.25977837540995,NA,4.41166131168842,0.140638372482723
TMS15F1399P0001,NA,NA,0.0417789912592057,NA,-5.03057931101825,-0.10282998696411
TMS15F1400P0002,0.465759879238235,0.456582180901813,-0.161146007420024,0.717141436880673,0.131423642918696,-0.0211058397800213
TMS15F1400P0015,0.0966119337102744,4.50567037737491,0.100777525463547,0.172951249327904,0.6050831179541,-0.0466416579256596
TMS15F1400P0021,-0.00309459240652819,1.19621491159657,0.016115299123261,NA,1.92737876914682,-0.131173334605586
TMS15F1400P0030,-0.265681320613348,-0.125063183788186,0.021165974486857,-0.0789144494666426,-0.0428929028620328,NA
TMS15F1401P0002,-0.67372418521628,NA,0.0258875461455346,NA,1.62167475891171,-0.0362093940000603
TMS15F1403P0005,-0.87661278705073,NA,-0.193202638749256,-3.19284816974481,1.41941767623667,0.351281983270675
TMS15F1403P0008,NA,NA,-0.105216876042252,NA,-1.82707089818226,0.0193077668033146
TMS15F1403P0010,0.0966119337102744,1.1980035479727,0.0683642511373232,0.843181583857344,0.902901330672798,0.0606015170616912
TMS15F1403P0013,NA,NA,-0.0058953440818076,NA,4.21377515127749,0.0785260716602478
TMS15F1403P0018,-0.4008754009566,0.125815497961594,0.00945017324431178,-0.00273558909539166,-0.27469210169771,0.0556121997575294
TMS15F1403P0019,1.03063251218399,NA,-0.21645699183795,NA,-2.35247737414472,-0.0140025296787104
TMS15F1404P0007,1.03789387479617,-3.98916824353798,-0.20618810507725,NA,-0.212549302498948,0.132172379297659
TMS15F1409P0003,NA,NA,-0.033705373030732,NA,-3.3555909493578,-0.14724371560681
TMS15F1411P0021,NA,NA,-0.196592685445861,NA,NA,-0.150944859660368
TMS15F1414P0001,NA,NA,-0.196592685445861,NA,3.83483698579993,0.0341123430175479
TMS15F1420P0011,-0.105605286082857,NA,-0.033705373030732,NA,1.92737876914682,0.000802046535523048
TMS15F1424P0002,-0.105605286082857,NA,0.113290494270726,NA,-2.43847891865247,0.0637214954460144
TMS15F1424P0004,0.259625011216116,0.119262082857692,-0.213066945141345,-1.68351351257445,0.3382515278297,-0.284204450725289
TMS15F1424P0015,-0.0804219767515355,-0.336498413127803,0.0300973155847761,0.166482013161645,1.47817419661385,-0.00425987953699814
TMS15F1425P0005,-0.105605286082857,NA,0.0735618814865479,NA,1.3159707486766,-0.0177036737322686
TMS15F1427P0003,0.462513613050565,NA,0.0497247138160412,NA,-3.80776327007781,-0.0362093940000603
TMS15F1429P0002,-0.265681320613348,1.1980035479727,0.0808746377193746,0.61613923078611,-0.0158185198876057,0.0470948199600096
TMS15F1431P0001,NA,NA,0.0219146848671169,NA,-3.66129495959291,-0.10282998696411
TMS15F1440P0003,-0.105605286082857,NA,-0.140972627548012,NA,-3.3555909493578,-0.265680325320676
TMS15F1442P0004,0.262849067795695,-6.46764913212835,-0.0954612661546787,NA,1.69490891415416,0.0155768732541991
TMS15F1444P0003,NA,NA,0.133154800662815,NA,4.51947916151259,0.185859249213439
TMS15F1444P0015,NA,NA,-0.0575425407012387,NA,-5.11658085552601,0.0156066227497563
TMS15F1450P0002,NA,NA,-0.105216876042252,NA,0.0931547077361597,-0.0214048177858271
TMS15F1452P0005,0.462513613050565,NA,0.00602323975344572,NA,0.47209287321372,0.0748249276066894
TMS15F1463P0008,0.116664614363405,-2.47140738389642,0.0550188710955622,NA,NA,0.0573681185847377
TMS15F1463P0012,0.648551934767851,-1.52648767198674,-0.053015580998951,NA,NA,-0.0528852843207826
TMS15F1463P0017,0.382608274565628,-0.754182197118917,-0.0246786755315377,NA,NA,-0.0085631342218326
TMS15F1463P0044,0.382608274565628,1.51123515829305,0.0116279845985856,NA,NA,-0.017070392648487
TMS15F1463P0054,-0.456398136300148,1.76579224811029,0.366689642738499,0.427374707759694,0.156754953907057,0.217953587499107
TMS15F1465P0091,0.116664614363405,2.67406604892486,-0.0592142790699476,NA,NA,0.00164557589015236
TMS15F1466P0168,-0.149279045838818,2.10239305732151,-0.0587715149220193,NA,NA,-0.0559312473508966
TMS15F1466P0195,-0.753402492837689,0.180278893865736,-0.0514400561140674,0.376337086992667,0.0152142696955862,0.102153743636097
TMS15F1467P0011,-0.0465702555110672,0.0391579971024809,0.256809538551826,0.575800452830136,0.519494647632228,0.310349911551559
TMS15F1467P0033,-0.681166366243264,-0.704901617406435,0.207772502130837,NA,NA,0.0186600927434609
TMS15F1467P0078,0.914495594970074,-0.830537943078302,-0.0977347599397126,NA,NA,-0.0430175308497823
TMS15F1467P0260,0.914495594970074,1.33187728603003,-0.111017684377563,NA,NA,-0.0766212016350665
TMS15F1469P0009,0.428784299182156,-1.04413486535123,-0.00381489309858554,NA,NA,0.133181256115517
TMS15F1474P0001,-0.415222706041041,-3.29121734171883,0.21751331338526,NA,NA,0.125426185997972
TMS15F1474P0007,0.2535993577616,1.72622004793145,0.187316370121982,0.695890610455571,0.311008867870041,0.180900760208569
TMS15F1474P0010,-0.415222706041041,-0.184298909091908,0.209100794574622,NA,NA,0.227938650039155
TMS15F1475P0011,0.259625011216116,-1.4446330355489,-0.0672629362234127,-2.47413612596309,-1.73510273040262,0.147719060324967
TMS15F1478P0017,-0.149279045838818,-0.755971900695258,0.0895544746339721,NA,NA,0.104158039931336
TMS15F1478P0028,-0.149279045838818,-0.979670027844402,-0.0468168829279543,NA,NA,-0.0417414420857842
TMS15F1482P0002,-1.21448529574043,3.65352580478068,-0.187251537972731,0.549804599796744,0.17598230206587,0.0845015377685302
TMS15F1482P0012,-1.69876498243563,-2.28690223840199,0.186647055843355,NA,NA,0.0447057684783131
TMS15F1482P0013,-2.23065230284007,0.844871541685945,NA,NA,NA,0.194008153866095
TMS15F1482P0028,-2.2768283274566,2.82319813369095,0.0616691708495873,NA,NA,0.0121698032345765
TMS15F1482P0033,-1.69876498243563,0.648480218136837,0.0967997340268049,NA,NA,0.0795855280275955
TMS15F1482P0041,-1.69876498243563,-0.621593958513969,-0.110449157621643,NA,NA,-0.0614044145999241
TMS15F1482P0042,-0.149279045838818,-3.39063873156289,0.0235826165926506,NA,NA,0.0254658994847841
TMS15F1482P0046,0.116664614363405,-0.308575646396981,-0.0468168829279543,NA,NA,-0.154462616238953
TMS15F1482P0047,-2.2768283274566,2.67406604892486,NA,NA,NA,0.401486721942901
TMS15F1482P0048,-2.01088466725438,3.96654411689767,-0.0777426741371803,NA,NA,0.155626953412594
TMS15F1482P0051,-1.74494100705216,-0.258032172708588,0.207049414065414,NA,NA,0.124862849537345
TMS15F1482P0056,0.382608274565628,-0.189117271608906,-0.0853373637977192,NA,NA,-0.145498933447008
TMS15F1482P0086,-0.369046681424512,2.95757607587225,-0.0348083834535688,NA,NA,-0.0916594161076906
TMS15F1482P0093,-2.01088466725438,3.8671227270536,NA,NA,NA,0.281959741048409
TMS15F1482P0098,-1.3137341602496,0.653441336403342,0.25397459485867,0.534454992339814,0.362519345459637,0.237482889687299
TMS16F1016P0007,-0.289633542908358,-0.493800347770033,NA,0.42980038774089,0.178004695389649,NA
TMS16F1078P0006,-0.56193923953967,2.25849704069513,-0.026311913376559,0.655272774730405,0.0327269950247487,-0.209744216251902
TMS16F1085P0002,0.0867528955869399,-1.25659079982979,-0.0462430549475801,0.36505386577077,-0.299563134488361,-0.0619402708638087
TMS16F1153P0005,-0.179190764615283,3.14260608327515,-0.0869773565569867,0.18779678964282,-0.33646451572758,0.0329156605933861
TMS16F1155P0004,0.520583760152404,-5.33391518585372,0.0130110294981267,0.932760764528316,0.663643175128634,0.0880533651061458
TMS16F1371P0011,-0.179190764615283,-0.231214082715098,-0.223348714118913,0.25875052517883,0.107051881737957,0.111182438118605
TMS16F1438P0002,NA,NA,-0.114472673319957,NA,NA,-0.017482732789491
TMS16F1507P0019,-0.214728766993936,1.97382243450456,0.0901599623598246,0.789749022283856,0.247071473682814,0.0506596635447275
TMS16F1522P0022,-0.735544475812537,-0.0328349294122258,-0.107994206859484,0.648704976109091,0.192135544694393,-0.0704637650985415
TMS16F1589P0001,-0.418821952220004,-0.830085741372152,-0.0910976206899546,0.276678606183169,0.273962302038996,0.050682510275187
TMS16F2003P0029,0.632827949537687,2.13036762805907,-0.0156496500727357,0.701940969972763,0.462549099886352,0.00400292415585771
TMS16F2005P0007,-0.575902989153492,1.54711005433956,0.327119001419722,0.421939845754839,0.143112068172175,0.268718943995248
TMS16F2006P0038,1.08943879401069,-1.59230029904845,-0.245206061891478,0.694690739091929,0.277586201668873,-0.2236842555747
TMS16F2006P0100,0.163720654756798,1.9109534055738,-0.0186270650398364,0.412058278473284,0.107795990542007,0.111631771289541
TMS17F1013P0003,0.238367185477453,2.93024924923042,-0.0405366815246548,-0.484307443600578,-0.978784070410075,-0.150347454383453
TMS17F1017P0051,-1.38150832777698,-3.58294966162184,NA,0.329642020473729,0.226887327713298,0.159394636819294
TMS17F1028P0001,-0.105901015284056,0.635118868980121,0.606898472649997,-0.657550999484271,2.32270456485884,0.389017893320962
TMS17F1034P0003,-0.294336999045495,2.77514029819321,0.084480979099844,0.154583432006407,-0.0776803615323348,0.00135014990324426
TMS17F1039P0020,-0.123926068846169,2.20256254676194,-0.0738029367542004,-0.479342774455915,-0.561838572603898,-0.109827363078409
TMS17F1046P0007,0.238367185477453,-2.4943243509892,-0.159101027086368,-0.275791339524752,-0.12323356841818,-0.186275268673926
TMS17F1055P0019,-0.526051877542398,0.748429149319833,0.0236877830931903,0.521398288261726,1.06596915718484,0.00650823140134388
TMS17F1061P0067,-0.294336999045495,2.09829158417366,0.531819261026841,0.595103701418122,0.718131613701606,0.294409646935012
TMS17F1071P0008,-0.449842735291325,0.542740160948652,0.0320472261379525,1.02788410066514,0.0416679964301149,-0.168563953006774
TMS17F1086P0006,-0.48621932316979,-2.09740433146093,0.0277017907410796,1.01417390370173,0.41373116464507,-0.125224997774325
TMS17F1127P0008,-0.123926068846169,-1.0058742777582,-0.140051120245518,-0.608424172217141,-0.859656785322596,-0.371046885024928
TMS17F1130P0015,0.238367185477453,6.83329610792503,0.0874104539735972,0.145356803385789,0.771113019907507,0.27268229884121
TMS17F1133P0006,-0.94620273980074,3.07574273053763,0.163544278034582,0.0127050882675362,-0.239616738917662,-0.046940454124847
TMS17F1145P0004,0.238367185477453,-3.45354773151584,-0.159101027086368,-0.156639280052852,-0.561838572603898,-0.316749962676168
TMS17F1149P0002,-0.736127308671569,-0.26007340254121,0.00218236523681983,0.496466528953005,-0.286992896917548,-0.181282409662709
TMS17F1175P0001,-0.736127308671569,0.582192464947138,0.428361921718842,-0.472879001110801,1.00648969824571,0.0777555385480245
TMS17F1175P0006,-0.123926068846169,-2.39509434610713,-0.045370239976811,0.310039619545425,0.591530142106695,-0.177360848586816
TMS17F1179P0007,-0.123926068846169,1.64025918576356,-0.0502037984289671,-0.100211798680854,-0.0699893877543844,-0.0333794574828918
TMS17F1194P0005,-0.0842615679163233,3.75059873898609,-0.0445728526392246,0.0671884780128731,0.946087563494994,0.0639612179541799
TMS17F1196P0003,-0.123926068846169,1.17718582964725,-0.130668330308979,0.513591054476588,0.320786312362424,-0.0152804833666388
TMS17F1202P0001,-0.123926068846169,1.01180248817715,-0.159101027086368,0.429675372214794,0.209775024609541,0.0927730934468131
TMS17F1210P0008,0.238367185477453,0.350269122296704,0.130059499139681,-0.236073986367452,-0.426466657731763,-0.093619326556391
TMS17F1224P0022,-0.48621932316979,-1.03895094605223,0.0731941055849026,0.686022046956535,-0.222510517696234,-0.0693072717733643
TMS17F1227P0033,0.238367185477453,-2.56047768757724,-0.064135819849888,0.646788386996703,0.706134500768882,-0.0377016005554299
TMS17F1227P0053,-0.656921819129736,-1.36681288592236,0.404144149499109,0.568323354700096,0.445492581031066,0.0594450782668511
TMS17F1236P0004,1.15455157149097,0.870336051193151,-0.105072666494753,-0.0703220452319158,0.600796305435354,0.00221925990831004
TMS17F1250P0011,-0.123926068846169,-1.10578660224188,-0.125834771856823,-0.807010938003642,-0.393977398162451,-0.181953125601388
TMS17F1283P0010,-0.105901015284056,-0.204661174416977,-0.0258640647110827,0.312355075596294,0.98715014217514,0.0489187998222959
TMS17F1285P0002,0.238367185477453,-1.70048431193266,0.00211236364142917,1.07956333696812,0.548211129347611,0.0298318849529773
TMS17F1295P0003,0.600660439801074,3.45947594193477,0.063811315648364,-0.0401520757474347,0.89655976687493,0.0252396079384056
TMS17F1308P0012,0.600660439801074,3.22793926387662,-0.11616765495251,-0.0722399045935888,-0.220701347126117,0.0433385820546587
TMS17F1322P0001,-0.123926068846169,2.16948587846792,0.0967932439101358,-0.194540512429441,0.271147837723397,0.0568452791563403
TMS17F1326P0040,-0.48621932316979,0.978725819883124,0.366903863295334,-0.601643382291768,-0.237850562195832,0.227840064463627
TMS17F1338P0005,0.238367185477453,3.95562596634511,-0.0263203331359602,-0.380049391562665,-0.572668325793669,-0.186545402615959
TMS17F1346P0013,-0.526051877542398,-1.22424617190287,-0.0416332829151543,0.120572311683054,-0.475090896994345,-0.191486150796356
TMS17F1357P0017,0.347988245315344,2.24509264608378,0.0216422686616367,0.870134855607285,0.622879375361068,-0.0226644709896537
TMS17F1358P0019,-0.603394125267388,0.925508222555976,0.272619891887919,0.458419576722743,0.0931502832877402,-0.0571176945143253
TMS17F1358P0020,-1.38150832777698,-2.78910962256531,0.213893227036128,0.470104845578999,-0.39081906541842,-0.135051359997362
TMS17F1361P0033,-0.233674777078568,-3.18236965365847,-0.00929414516858131,-0.0598726818030057,-0.901306201956264,-0.160372708562719
TMS17F1362P0002,-0.263297065922211,0.352120492696966,0.228543154291449,1.44626595915497,0.16554010861941,0.112397690070174
TMS17F1362P0015,-0.315976446413227,5.18140739925851,0.243481432429727,0.838026697057493,1.19555704557374,0.0163721384980878
TMS17F1363P0001,-0.848512577493412,1.93794920040976,0.627631692743995,0.0717355006016242,0.272052423008455,0.313120631538674
TMS17F1363P0033,-0.931343964136451,-3.12278104857562,0.384239245896287,-0.0500814140367599,-0.895764386032142,-0.177360848586816
TMS17F1364P0003,-1.41462649679629,4.25777371834367,NA,0.0386764225436992,0.243446448853987,0.42813059151904
TMS17F1366P0037,0.238367185477453,0.284115785708661,-0.116451981920284,0.444085686451313,0.0662871124028098,0.142207604838967
TMS17F1370P0030,-0.123926068846169,-2.75893769734137,-0.0877349581751211,0.629594565584537,-0.313658834524228,0.0025483568075809
TMS17F1375P0011,-0.183899075089101,2.05085172567828,-0.110301447421007,-0.245049575078187,-0.620779055358477,-0.0962377996871026
TMS17F1375P0014,0.490911731568675,0.975232454712047,-0.109092910857218,-0.628829347984313,0.950581593494548,-0.0791242282233166
TMS17F1375P0052,-0.246855261635358,1.74854448067764,-0.121690692150322,0.70921507655359,0.370392432115511,-0.21219703739732
TMS17F1375P0060,-0.294628564806114,-0.0768228224554976,0.142563339147127,-0.540452754274533,0.56582317202852,0.105367848412568
TMS17F1376P0027,0.490911731568675,3.62356804429053,-0.0994257939529055,-0.859758671243918,0.474072453144632,0.0694494398951793
TMS17F1377P0009,0.0646207910242864,1.43026035611604,0.109878434709771,0.684288414599489,0.387386692168152,-0.0458828398039941
TMS17F1377P0030,-0.736127308671569,1.17898757739099,-0.0191576155898109,-0.462962000933628,0.616272012202158,0.00549850763209888
TMS17F1377P0031,-0.526051877542398,-1.6342966600222,-0.0842282976043133,0.834518903760739,0.300033374762725,-0.0803915282628485
TMS17F1377P0035,0.144247564818139,1.02801596766915,-0.00534462527796181,0.391605199228308,0.23463726074574,0.116764185774863
TMS17F1377P0047,1.19115777387448,-1.59834956398051,-0.269710764125019,0.445484300515855,0.617961748455022,-0.00538706782121975
TMS17F1377P0063,0.00825927617614096,1.42319110051154,-0.327335421393426,0.91790308919047,0.129652786764833,-0.0992091688342819
TMS17F1377P0073,0.0676646895175075,1.77547060200974,0.00039985526018019,-0.904528491549784,0.337195049133358,-0.153960735939716
TMS17F1377P0076,0.238367185477453,0.0856557759445223,-0.135217561793361,-0.164752497561466,0.0274783909535529,-0.12333406018009
TMS17F1377P0077,1.15454445248837,2.33777396300812,-0.269710764125019,0.0201918368086521,-0.287518929292225,-0.270118331014176
TMS17F1378P0023,0.0676646895175075,1.7093172654217,-0.0985459295251349,0.550831419344807,0.181756336580661,-0.0453668912421968
TMS17F1378P0031,-1.01921507345336,-0.0106694858674541,0.289377591326065,-0.165344418900031,-0.15014384440633,0.00541828986012551
TMS17F1379P0052,-1.01921507345336,-4.24448302750228,0.321160481553408,-0.319263355403456,-0.0990103627410028,-0.0459071591262643
TMS17F1379P0075,0.0511863028287678,-0.407589505395719,0.17416461425195,0.239900760587238,0.477571379285599,0.148589279137949
TMS17F1380P0030,-0.294628564806114,-0.440666173689743,0.0748430822915057,-0.0550184379075311,0.277029753634631,0.0351330234838248
TMS17F1386P0069,0.238367185477453,4.38562265416739,-0.0925685166272773,0.247315041445523,-0.248680315385603,-0.073899548787936
TMS17F1386P0080,-0.48621932316979,-0.642030926523964,0.139726616043994,0.535749545033417,1.01027217536752,0.175704213651137
TMS17F1387P0008,-1.71047595436041,2.43435984893561,0.196437345538836,1.57813307706339,0.435744709416014,0.238983144188771
TMS17F1388P0034,-0.123926068846169,2.33486921993803,0.125225940687525,0.161583238403018,-0.223415102981293,-0.0738995487879362
TMS17F1388P0055,0.0676646895175075,2.33777396300811,0.0885412152700872,0.63707429216024,1.25370369121917,0.0972638301515591
TMS17F1388P0058,0.238367185477453,1.50795251258748,-0.045370239976811,-0.0699400906154099,0.847825877520961,0.16922099904233
TMS17F1392P0020,-1.08131782265921,-4.47601970556043,NA,0.460015285686163,-0.0789505845690325,0.0959131604413912
TMS17F1392P0026,-0.294628564806114,-3.31833631526966,0.370024913366242,0.434451702416605,-0.338666449974734,0.121575884934586
TMS17F1393P0030,0.524325278103457,0.726264258070152,-0.0115448895602591,-0.308132672484334,0.394806000314256,0.0677588133970352
TMS17F1395P0019,-1.55478958582052,1.42144287015412,0.452066893098203,0.71361663168157,0.145337646543945,0.111138745421131
TMS17F1395P0037,-0.123926068846169,4.0879326395212,0.153658637464914,0.212562357432885,-0.0158406218055303,0.0835885394176696
TMS17F1395P0062,0.600660439801074,1.8387191955277,0.0402121773231309,0.354721641847388,-0.274850113074972,-0.0109583402941006
TMS17F1399P0023,0.600660439801074,0.416422458884744,-0.159101027086368,-0.181462625776164,1.9614939206127,0.137885461766429
TMS17F1400P0089,0.238367185477453,1.73948919064563,-0.173317375475063,0.746930504275726,-0.274850113074971,-0.109827363078409
TMS17F1409P0004,-0.233674777078568,3.99239501405286,0.0708860597436566,-0.0138485561615819,-0.564679267788309,-0.0745319512087448
TMS17F1409P0008,0.489877833377045,4.19611995886249,0.168152511516179,0.179434044083445,0.289003572398985,0.0331054716673161
TMS17F1409P0014,-0.23122866653983,2.15313681435029,-0.0158353139644433,0.456878963408758,-0.373236643729071,0.0726598417754929
TMS17F1409P0020,-0.656921819129736,2.99636904271918,0.0430489004262641,-0.521348508261014,-0.767850237538047,-0.148558057099043
TMS17F1410P0022,0.0549199756076316,-2.75603295427128,0.269368130499826,0.57545196440795,0.219851664385066,0.122116152818653
TMS17F1410P0034,0.238367185477453,-0.774337599700047,-0.0308695646203425,-0.136780603474202,-0.442711287516419,-0.0468861545845732
TMS17F1411P0006,0.482327031634372,0.945407159480169,-0.117277572011608,0.685507296661382,0.790902863267466,-0.0108109661797577
TMS17F1411P0022,0.144247564818139,1.05294343154898,-0.108508671745263,0.851868531082415,0.468885559293009,-0.0591233821962129
TMS17F1411P0058,-1.01921507345336,1.1139372361293,NA,-0.720472710933591,-0.542223359909229,-0.105336626373662
TMS17F1411P0059,0.238367185477453,0.184885780826594,-0.201465745284679,0.225640244086162,-0.84341215553794,-0.352947910908675
TMS17F1411P0063,0.238367185477453,1.67333585405759,-0.159101027086368,0.478838370463951,-0.735114623640232,-0.290006702414839
TMS17F1411P0082,0.0676646895175075,-1.33373621762834,0.128346990758432,0.62604169406099,-0.430924582745176,-0.108037965793999
TMS17F1411P0088,-0.255936604456835,0.686620441137313,0.175897982926017,0.508310511975394,-0.0102017717688273,-0.198050969335984
TMS17F1411P0089,1.15454445248837,-0.209129495631585,-0.411874248011965,0.408888119147047,0.791436010640154,-0.0864272504313083
TMS17F1411P0091,-0.123926068846169,0.0195024393564788,0.0589777571962079,0.180958221784199,0.369520201716393,0.00714063382215264
TMS17F1411P0093,0.0676646895175075,0.617787211718961,0.162466226891299,0.304078437204172,-0.189258305989093,-0.129648681156689
TMS17F1411P0138,0.600660439801074,2.33486921993803,-0.154267468634212,-0.0753884529575409,0.135775922851261,-0.105235086063837
TMS17F1411P0151,-1.21080583181703,-0.212034238701671,0.0887018197536618,0.00719480172101126,-0.805508019373742,-0.0109583402941006
TMS17F1412P0002,0.104174415845115,3.02033050241341,0.261063204450358,-0.303969155224558,1.28066327801528,-0.106137622426679
TMS17F1413P0004,0.490911731568675,-0.975423329009731,-0.104259352405062,-0.433868929629566,0.263784216113694,-0.0972232023395696
TMS17F1413P0007,0.104174415845115,1.91208593992874,-0.00824821136161135,0.38069531194571,1.28356454991839,0.0629557762262752
TMS17F1414P0008,-0.65358341578853,0.338378661200516,-0.0613542899908959,0.424805347645755,0.624006480660267,0.105114996855996
TMS17F1415P0007,-0.315976446413227,2.42187843867168,-0.129723398399968,0.464938714424944,-0.324716201508617,-0.204783482824684
TMS17F1416P0004,0.524325278103457,-0.185814999222077,-0.139511189009392,-0.191145186497257,-0.600330262453866,-0.161990483932729
TMS17F1416P0007,-0.294336999045495,2.79504761331144,-0.105837171638951,0.507124814054679,-0.325773648199814,-0.119136695337632
TMS17F1416P0013,-0.0833039377577721,2.15313681435028,-0.0675841480747814,0.554016127100758,0.554137402561813,0.111221918915808
TMS17F1416P0016,-0.656921819129736,3.49545735329889,0.256294126256684,0.63707429216024,0.309108551889164,0.0162236475414705
TMS17F1418P0008,-0.526051877542398,3.43583231052772,-0.0713382024033131,-0.0161081610157776,-0.744909183983952,-0.0389935434985786
TMS17F1418P0013,-0.656921819129736,-0.176052827337561,NA,0.732331851096356,0.244936916362916,0.167498655080303
TMS17F1419P0036,0.0676646895175075,1.37855058248147,0.125503721080693,0.512217325997432,-0.462012325255716,-0.083725911010972
TMS17F1419P0046,0.792251198164751,2.07316061665594,-0.0621520776500764,0.0819460001266803,1.36099612835571,0.0297303446431521
TMS17F1419P0052,0.238367185477453,0.614882468648874,-0.159101027086368,0.051876824022974,-0.431881534326648,-0.253808754182333
TMS17F1419P0077,0.756040156600361,3.05384270984833,-0.0188345884440733,0.367860592499966,0.55310450473638,0.0679949842431756
TMS17F1420P0003,-1.11877703923218,5.18308821923732,0.153134481900779,0.25021963732652,0.351055161354585,0.306102759220916
TMS17F1422P0003,-0.121696095384084,1.40192792586657,-0.0679957522098208,0.106552172874338,-0.796810892534975,-0.0965553192734915
TMS17F1423P0053,0.238367185477453,-2.36201767781311,-0.0405366815246548,-0.102027919461564,1.27380459306226,0.200826670260265
TMS17F1426P0014,-0.715786395493548,0.62998628452805,0.113958593504694,-0.273891773253138,1.34073706445754,0.280964316507511
TMS17F1427P0024,0.238367185477453,1.14410916135323,0.13290276881742,-0.164752497561466,1.81980254386063,0.131402247157622
TMS17F1428P0024,0.104174415845115,-0.316660255398726,0.272663548876342,0.589410662629631,1.05581132059864,0.0144429459250898
TMS17F1429P0056,0.238367185477453,0.647959136942898,-0.168483817022907,-0.305579354392727,-0.670136104501607,-0.188976608094262
TMS17F1435P0017,0.144247564818139,-4.52319371431226,-0.0809657007345054,0.778059329923957,-0.206726630881588,-0.0772813918638157
TMS17F1435P0018,0.490911731568675,1.31695317594799,0.0566697113549619,-0.473143803408251,1.75288791482265,0.0513504657789263
TMS17F1435P0025,0.144247564818139,0.130627267995314,0.0922848693402356,0.00482991717227472,-0.328314295440437,-0.0433849541069026
TMS17F1436P0014,0.9444761403618,1.55744767993365,-0.175581009958935,0.464565017747105,-0.344533661354212,-0.146381562205744
TMS17F1436P0017,0.347988245315344,3.26760895966976,-0.117164291713896,-0.271184951535881,0.0045083657893542,-0.246618049071327
TMS17F1436P0018,0.524325278103457,-0.422625906080448,-0.172499668470783,0.519667308961514,-0.159336933180529,-0.174617926228716
TMS17F1436P0059,0.238367185477453,0.284115785708661,-0.0738029367542004,0.250463589809475,0.862273971850965,0.0479308590692304
TMS17F1437P0011,0.613931905517567,0.480421501249079,-0.0527421081903232,-0.0287872301733756,0.352733784320146,0.0305058941769351
TMS17F1439P0047,-0.0842615679163233,2.77514029819321,-0.0355100835564249,0.296473777502551,0.0996069468102396,0.138673584872103
TMS17F1439P0095,0.238367185477453,1.17718582964725,-0.0831857266907388,0.0568414931676365,0.299126805982882,0.0835885394176696
TMS17F1447P0026,-1.08131782265921,1.57701059224561,NA,0.177203559062796,-0.568299667631072,-0.140454038838034
TMS17F1448P0010,0.600660439801074,1.48090109671677,-0.144884678697674,-0.0821692428829141,0.624019401676007,-0.00636606327952883
TMS17F1454P0018,-0.123926068846169,-1.43587096558049,0.0541441987440517,0.138092320262947,-0.367807600473082,-0.0152804833666388
TMS17F1454P0036,-1.97494044807886,2.05847695393722,0.0101810018245981,0.654228412319425,-0.264087081307413,-0.00163132952775258
TMS17F1458P0009,-0.715786395493548,0.82600626869377,-0.0983468154269414,-0.0195701196162029,0.646725212408976,0.00276692285769677
TMS17F1466P0002,0.734400709232628,0.892500942442846,-0.155099151831808,-0.765464057596117,0.203806728334345,-0.0614970889938322
TMS17F1466P0007,0.524325278103457,0.305131324325978,0.0134683531082682,0.104013421590213,0.297132102859611,0.0788078254060234
TMS17F1466P0009,-0.121696095384084,-0.941253678837321,0.0522147139527215,-0.210383013009389,0.871890446058123,-0.0257323928715948
TMS17F1466P0011,0.104174415845115,0.73734670369499,-0.1382424013378,0.160518830123323,-0.327126029935528,-0.153396807925737
TMS17F1467P0002,-1.32055454004943,0.615439801821676,-0.0100322648422336,0.743912129097413,-0.110499984453207,-0.0697400027148234
TMS17F1467P0005,-0.449842735291325,0.366644943129784,0.297927096968916,0.234841866891729,0.472382609887996,0.402698450343058
TMS17F1467P0008,-0.315976446413227,0.393790889324739,0.629736650738653,-0.353458977164161,0.197034837276883,0.186949067794761
TMS17F1467P0009,-0.121696095384084,0.853523720510349,-0.138173869656462,0.47360099522302,0.164105013905543,0.0663586795969371
TMS17F1468P0001,0.524325278103457,1.31856031145198,-0.11830430935564,-0.607408892049881,-0.157896452004852,0.0725144626108814
TMS17F1470P0013,1.21549824021592,2.14166976859569,-0.104259352405062,-0.234631638754972,0.64463474832579,0.0154226514884537
TMS17F1470P0018,0.676134885222585,0.395629063444735,-0.0620184362127884,-1.00736213186189,1.38634777651254,0.0523217031929574
TMS17F1473P0001,0.314249846974286,-2.55853585614548,-0.151836554962,0.592692347336027,-0.41998027053635,-0.224814219400684
TMS17F1476P0040,0.238367185477453,-1.33664096069843,0.258006634637933,0.0230561955499363,0.407411702765126,0.0738637175044588
TMS17F1477P0001,0.524325278103457,1.31363387618701,-0.0445333690216503,0.0447476131160282,0.635611568272723,0.133443721139452
TMS17F1477P0006,0.87987556571979,2.41595300670175,-0.075101697660704,0.749073421242738,0.909382465848442,0.211285135743338
TMS17F1477P0018,0.128618477245054,-4.83866154997977,-0.0567767487868215,-0.548252830032436,0.398238910585306,-0.00640511593469265
TMS17F1477P0045,1.15455157149097,0.205389313702345,-0.0595775656990979,1.28399212997707,0.214442468695568,-0.00590126666288924
TMS17F1477P0055,-0.656921819129736,3.29699734353475,0.367181643688503,1.3185400254491,-0.312590142252892,0.0918611513108867
TMS17F1477P0062,NA,0.650863880012989,-0.00528668409529775,0.538723947473404,2.09502677245736,0.216122764646356
TMS17F1477P0070,1.15454445248837,-2.49141960791911,-0.382019916395707,0.111007970467296,-0.628464963129799,-0.203935515215937
TMS17F1478P0005,1.36462700262014,-3.49614752499644,-0.190262695873071,-0.251814112290144,1.0519407014443,0.0600420431050428
TMS17F1478P0034,0.524325278103457,1.49095300618457,-0.180474905263647,-0.388120888311136,-0.319883004953622,-0.0469404541248468
TMS17F1478P0035,0.128618477245054,2.16748896853271,-0.104259352405062,-0.883966233760064,0.359447438219221,-0.245796870458065
TMS17F1478P0038,0.853204985892296,1.20455832854758,-0.104259352405062,-0.16750983150009,0.205125158855013,0.145897345490696
TMS17F1478P0042,1.41176288612424,-1.45145694943765,-0.0374667450867957,-0.692990637291115,0.910022450999655,0.147693379004097
TMS17F1478P0044,0.734400709232628,0.681934475570761,-0.189718929728103,-0.594216852696574,0.0635763297336366,-0.0902595964458023
TMS17F1478P0053,0.600660439801074,0.722927981568207,-0.116451981920284,-0.676113419461706,0.0437230207382092,0.0927730934468131
TMS17F1478P0071,0.962953694124697,1.41487404030716,-0.130668330308979,-0.56689069827913,0.823465250401709,0.0703519762580216
TMS17F1478P0076,0.792251198164751,0.121637187308633,0.114130642369738,-0.159828119850407,0.523707465179411,0.205317406965011
TMS17F1478P0082,1.19115777387448,0.694541994161498,-0.374911742201359,-1.09208265923704,2.56932751213612,0.0594450782668511
TMS17F1478P0123,0.962953694124697,3.22793926387662,-0.173317375475063,-0.355226045839352,1.17633681435432,-0.0333794574828918
TMS17F1479P0047,NA,0.0554838507205935,-0.417560787367443,-0.447618708637322,0.831541527966911,0.0135223081211342
TMS17F1479P0058,1.18742410109561,-0.590500686353698,-0.343635775746231,-0.792184598578717,0.624983372766071,-0.0215951043432374
TMS17F1480P0003,0.238367185477453,-2.58852815668248,-0.0311538915881163,-0.319989668629246,0.485933730948696,0.17813541912944
TMS17F1482P0001,1.18742410109561,0.0224071824265697,-0.380598281556837,0.200749230353787,0.245942011124092,-0.0486084985466003
TMS17F1482P0015,0.429957943841129,-2.12266695927566,0.13403353011391,0.25389430887147,-0.535201735598181,0.102666508992232
TMS17F1482P0027,0.600660439801074,3.12870925899455,-0.144884678697674,0.0469121548783114,0.0283829762386121,-0.0782216918604741
TMS17F1484P0002,0.676134885222585,1.52656524526572,-0.138173869656462,-0.171042522006142,0.0375397767615741,-0.0199899934336035
TMS17F1485P0018,1.15454445248837,0.892240868086911,-0.218531909925718,-0.26813618886434,-0.0609009959194141,0.0162236475414705
TMS17F1485P0020,1.51683770681199,-0.195102938502868,-0.442581560531546,0.0584003288356893,-0.139129919084943,-0.170168772461733
TMS17F1492P0053,0.238367185477453,-1.79971431681474,-0.149433910182056,-0.499201451034566,0.916422737799819,0.0703519762580219
TMS17F1496P0056,0.429957943841129,2.53623397277224,-0.181569404115112,1.04474298494642,-0.445958887111266,-0.167467433041397
TMS17F1496P0058,0.0511863028287678,-0.176052827337561,0.17416461425195,0.496611467054971,-0.168193433055947,0.132381242615931
TMS17F1497P0001,-0.656921819129736,-2.49141960791911,-0.00244341441755878,0.447502212494422,-0.664564140429035,-0.189078148404087
TMS17F1497P0006,0.0676646895175075,1.90777727518583,0.122660451402954,0.131592691573305,0.284037338928497,0.0729517753685327
TMS17F1497P0009,-1.08505149543808,-1.69897921300942,0.253621839820306,0.0506487346491454,-0.00572110992790075,0.101016481706401
TMS17F1497P0010,0.238367185477453,0.217962449120613,-0.140051120245518,0.156134876060887,0.0825317421874659,-0.0512082976571113
TMS17F1507P0040,1.51683770681199,-2.6237262810952,-0.306673269935625,0.11356331933194,-0.439956396578577,-0.207987524346441
TMS17F1510P0049,1.51683770681199,-1.59834956398051,-0.249807876380846,-0.519868033168524,1.53849076958554,0.143186600297276
TMS17F1525P0032,0.600660439801074,-0.642030926523964,-0.196916513800296,0.0220888091549988,-0.659306351311835,-0.163854151485135
TMS17F1532P0023,0.238367185477453,-3.51970106810388,-0.168483817022907,-0.509130789323891,-0.588912955578325,-0.294328845487377
TMS17F1533P0001,-0.123926068846169,3.95562596634511,0.0618210268739468,0.131311530337574,-0.529349313034586,0.0657596992434501
TMS17F1547P0016,-0.848512577493412,-3.45354773151584,0.0589777571962079,0.290180942966775,-0.269435236480086,0.115194210635604
TMS17F1555P0018,-0.123926068846169,3.52562927852282,0.253457403153551,-0.0853177912468659,0.661018952555147,0.214670199714023
TMS17F1560P0019,0.600660439801074,-0.575877589935917,-0.0376934118469159,-0.553812811625853,0.52655162296807,0.0908821558525776
TMS17F1566P0010,0.125813863212848,0.266818593297237,-0.0916992518697834,0.408464873360172,0.391461084683023,0.153931744313087
TMS17F1568P0027,0.238367185477453,-0.67510759481798,-0.0502037984289672,0.0717355006016243,-0.2640203598852,-0.0287871804683201
TMS17F2002P0009,1.1928136304029,1.8814277609757,-0.264039065899866,0.711132981767645,1.08153493853659,0.179488995946372
TMS17F2012P0016,-0.862740504091222,-0.830859039134113,0.414532485439328,0.338782795917956,-0.900309895191471,-0.144671734493983
TMS17F2015P0012,0.468227121755658,-2.55084579042326,0.290398521259226,-0.672193588812487,0.866742727753557,0.274565489924145
TMS17F2018P0003,-0.980945895538828,2.1791177756219,0.178756392203274,0.133898933403551,0.188978568107823,0.182190335366708
TMS17F2019P0002,NA,1.98065776585777,NA,0.719971739072462,0.38255724759611,0.201099711309062
TMS17F2020P0011,-0.980945895538828,2.27834778050396,0.525252596640462,-0.859459262721839,-0.119223422715849,-0.0150074423178409
TMS17F2027P0006,-0.618652641215206,-6.02389596129558,0.435405274823912,-0.54783501359719,-0.0632654861968783,0.0444220249295576
TMS17F2027P0010,0.105933867432037,-2.55084579042326,0.0430340592959391,-0.243657768189535,1.20833224587387,0.204243752906537
TMS17F2028P0001,-0.256359386891585,0.723744370684928,-0.133248660723875,-0.387391326786013,-0.219844614806026,0.0471233643498939
TMS17F2028P0004,0.83052037607928,0.0291343365104653,-0.349337156232034,-0.101922850967919,0.673610023350067,-0.0825409278262478
TMS17F2028P0005,0.468227121755658,-6.0569726295896,-0.16793655079229,0.309236627648716,-0.0813129689939187,0.00930461246518598
TMS17F2028P0009,-0.980945895538828,4.75909790255561,0.612256648779274,-0.163315001484579,-0.24059953590051,0.0822407768142658
TMS17F2028P0011,0.83052037607928,-1.85623575624879,-0.269725605255344,0.585259458374954,-0.184201941854474,-0.271634687249788
TMS17F2028P0012,0.83052037607928,0.392977687744702,-0.36071023494299,0.874300849749887,0.531020378870662,0.0536065789587011
TMS17F2029P0004,-0.980945895538828,3.07218781956049,NA,-0.612617559076537,0.476871612921808,0.26863319681747
TMS18F1001P0014,-0.402573429280411,-0.0325747259744974,0.0184835670931777,0.905387360057335,0.299925992185528,-0.18153474584971
TMS18F1001P0016,NA,-2.57826100380106,NA,NA,-2.55939778421521,NA
TMS18F1001P0020,-0.402573429280411,-2.38163790992471,0.00398313656069802,0.241823500279106,-0.0467884534773697,-0.0578910400348374
TMS18F1002P0003,1.55510688472652,-4.20467920512436,-0.355023695587512,0.178699607714678,0.392915755470154,-0.153586154581092
TMS18F1002P0004,NA,-2.429986848357,NA,NA,-2.55939778421521,NA
TMS18F1002P0005,0.247127458190064,3.62816834201201,0.11105209538982,-0.321825444927257,0.673762371382784,0.06079983509467
TMS18F1002P0009,NA,-0.897820575435038,NA,NA,-1.33658174327477,NA
TMS18F1002P0014,-0.341604097406022,0.722527070275709,0.0734347365745098,-0.945369761496037,-1.34955398835732,-0.127464612348245
TMS18F1002P0021,-0.477459050457179,2.75823118087647,0.0618635299649364,0.0627538931899357,1.59815863233375,0.0415687895284663
TMS18F1002P0023,NA,-2.23228797443159,NA,NA,-3.17080580468543,NA
TMS18F1003P0001,0.382982411241221,0.490990392217551,-0.267757624754162,-0.355870731738701,1.73210776741507,-0.0134680888100533
TMS18F1003P0003,-1.03279972266792,0.624366672926828,0.133050020486263,0.442894742540944,-0.326935470843304,-0.0598202326078354
TMS18F1003P0006,NA,NA,NA,NA,-0.113765702334332,NA
TMS18F1003P0009,0.857879157494616,1.69936168931082,-0.0590937362555884,0.194715562453955,0.382721218260108,0.0362886337560654
TMS18F1003P0010,-0.253805259600753,1.50181777976286,0.205539120962165,0.939694966698705,0.0457715794887306,0.028221101178074
TMS18F1003P0011,NA,-0.897820575435038,NA,NA,2.02616236931144,NA
TMS18F1003P0014,0.437728295236274,-0.928403906294496,-0.078125551329468,0.572978025349177,0.232917562875318,0.171682876151926
TMS18F1004P0006,NA,-0.502422827584208,NA,NA,0.803346328370998,NA
TMS18F1004P0008,-0.189415221145987,5.84102302934224,0.0290745133748694,0.291487876655147,-0.369576770697361,-0.0832374287235831
TMS18F1004P0009,NA,0.238947949636095,NA,NA,3.93362058596454,NA
TMS18F1004P0010,0.277340675750183,1.0042752719456,-0.0131987895273715,-1.48355802477829,5.82470907920614,0.0213640507651625
TMS18F1005P0004,0.830521945947437,-0.716928423915609,NA,0.523491470889433,0.153185372282169,NA
TMS18F1005P0013,NA,2.75960859218513,NA,NA,-1.94798976374499,NA
TMS18F1005P0015,NA,-1.73804078961805,NA,NA,3.93362058596454,NA
TMS18F1005P0017,NA,NA,NA,NA,-3.17080580468543,NA
TMS18F1005P0019,NA,-2.03458910050617,NA,NA,-3.47650981492054,NA
TMS18F1005P0021,0.105935437300194,2.25997172254638,NA,-0.70155711969329,-0.573884389176504,NA
TMS18F1005P0023,0.0175774329779316,0.863254454345492,-0.0139611462232455,-0.285293611776105,0.124276025931631,-0.0899857892038045
TMS18F1005P0024,NA,2.71018387370378,NA,NA,1.0962829493408,NA
TMS18F1006P0003,NA,0.0412490757106813,NA,NA,-1.87475560850254,NA
TMS18F1006P0005,NA,-2.23228797443159,NA,NA,7.90777271902097,NA
TMS18F1006P0009,-0.115165796133558,3.25619550417354,-0.0845648584386187,-1.51516216042697,2.09121792683095,0.0395045065159308
TMS18F1006P0012,NA,-1.0460947308791,NA,NA,-0.19976724684209,NA
TMS18F1006P0021,NA,-0.947245293916391,NA,NA,15.8560769851338,NA
TMS18F1007P0002,NA,-0.0576003612520279,NA,NA,-2.2536937739801,NA
TMS18F1007P0004,0.647803726365445,2.69472744522192,0.042590532853425,0.781321065626736,0.429069951596409,0.0810108252210194
TMS18F1007P0005,0.0175774329779316,1.00260566017305,0.243421495728268,0.395948956293754,0.198603848973316,0.138009696695961
TMS18F1007P0009,NA,NA,NA,NA,-3.17080580468543,NA
TMS18F1007P0011,NA,1.22744231926317,NA,NA,-2.48616362897276,NA
TMS18F1008P0003,NA,-0.601272264546918,NA,NA,2.02616236931144,NA
TMS18F1008P0012,-0.477459050457179,3.75244507931708,0.129459268524272,-0.945557636374024,2.77254715436021,0.195934392789462
TMS18F1009P0002,NA,0.584920979005573,NA,NA,-1.94798976374499,NA
TMS18F1009P0017,NA,-0.848395856953687,NA,NA,-1.26334758803232,NA
TMS18F1009P0020,NA,0.83204457141234,NA,NA,-0.88440942255476,NA
TMS18F1009P0025,NA,0.9803187268564,NA,NA,-1.80152145326009,NA
TMS18F1009P0028,0.845459574883606,0.874675387003952,-0.0835414013248031,-0.611664814440454,0.208452608004504,0.123190762051536
TMS18F1010P0001,NA,NA,NA,NA,-2.55939778421521,NA
TMS18F1010P0005,-0.115165796133558,1.31662102813757,-0.140577271090076,-0.0392043448697978,3.22025925241576,-0.152546852465789
TMS18F1010P0011,-0.402573429280411,-1.08766242724027,0.242696474201644,0.351881121623609,-0.0569008120953401,0.0252396217470772
TMS18F1010P0022,0.745275665564842,1.18560042639202,-0.204637037908358,-0.117905980027103,0.432150321689762,-0.0566895195354339
TMS18F1010P0027,1.39586280948296,NA,-0.0442203408085896,-1.99486354601275,3.6815679093216,0.178438555969501
TMS18F1010P0030,0.259625011216116,2.65761859840345,-0.0211777453937665,-1.4199726414449,-1.42939872016751,-0.191675849386331
TMS18F1010P0035,0.259625011216116,-2.63082627910139,0.197329624919211,-1.15643177031535,1.9333453924187,0.314270542735091
TMS18F1013P0012,NA,2.06766253344618,NA,NA,-0.346235557326991,NA
TMS18F1014P0004,NA,-3.22078234405866,NA,NA,-2.18045961873765,NA
TMS18F1015P0003,NA,-3.31963178102137,NA,NA,2.02616236931144,NA
TMS18F1015P0015,0.719900954222453,0.249177886275297,-0.303093864390117,0.480764912149924,1.69324549055505,-0.0585068190709149
TMS18F1016P0002,NA,-1.49091719721128,NA,NA,-0.95764357779721,NA
TMS18F1016P0009,0.0734231617740749,-0.753108408478859,-0.110809138542973,-0.123973399888907,0.509583789089912,0.0972868274237345
TMS18F1016P0010,1.06795458862379,-2.75987689717092,-0.000910758744013879,-0.304088775409477,0.131140570283327,0.224121837908872
TMS18F1017P0025,NA,-2.82538459620783,NA,NA,-2.79186763920787,NA
TMS18F1017P0028,NA,0.288372668117451,NA,NA,3.01650855525922,NA
TMS18F1017P0035,NA,-1.68861607113669,NA,NA,-3.78221382515565,NA
TMS18F1017P0039,0.105935437300194,1.26767167372572,NA,-0.463460532415953,-0.362314799186967,NA
TMS18F1017P0045,-0.341604097406022,0.590220397099618,-0.133555295964884,-1.43648059851618,-1.52261778922768,-0.0864042531591331
TMS18F1017P0051,-0.256357817023428,-1.70922847273627,NA,-0.541047010368088,-0.624302633549938,NA
TMS18F1018P0001,0.857879157494616,-0.969342174975976,-0.076494252894564,0.685275676485696,0.160352165731899,-0.133831074953759
TMS18F1018P0019,NA,NA,NA,NA,-1.56905159826743,NA
TMS18F1019P0014,NA,0.189523231154741,NA,NA,-1.49581744302498,NA
TMS18F1019P0018,0.227652864107103,-6.38300824868733,-0.16291992722727,-0.647768709302999,-0.0943416432966584,-0.0927918874918014
TMS18F1019P0030,NA,-2.18286325595023,NA,NA,0.338406618385679,NA
TMS18F1019P0032,NA,2.3642108443343,NA,NA,-1.19011343278987,NA
TMS18F1020P0001,NA,-0.996670012397747,NA,NA,2.09939652455389,NA
TMS18F1020P0008,NA,1.17801760078181,NA,NA,1.72045835907633,-0.0592450849811313
TMS18F1020P0025,0.451864984245303,-0.604030622782126,-0.0349144270515042,NA,-2.24059275824154,-0.11844171126636
TMS18F1020P0026,0.451864984245303,NA,-0.107617788446549,NA,9.07045562045752,-0.0444188301951934
TMS18F1020P0027,0.0175774329779316,2.67482013010369,-0.0457526276250186,0.241236394100613,0.259659939011379,0.0950413166610052
TMS18F1020P0028,0.382982411241221,-2.18821973959823,-0.0994360598320174,1.1648174256457,0.130521640256145,0.0243506630746549
TMS18F1020P0033,-1.25249171315497,-0.604030622782126,NA,NA,-1.93488874800643,0.146930317373772
TMS18F1023P0018,0.247127458190064,-0.199555166984367,-0.247768537940834,-1.20190431111577,1.70646404673295,-0.0235584946882429
TMS18F1024P0002,NA,-5.29662052027551,NA,NA,-1.80152145326009,NA
TMS18F1024P0004,NA,-1.93573966354346,NA,NA,1.79369251431877,NA
TMS18F1024P0005,NA,-0.255299235177441,NA,NA,-0.95764357779721,-0.0501523317933371
TMS18F1024P0017,NA,-0.452998109102855,NA,NA,3.24897841025187,NA
TMS18F1024P0018,NA,-5.29662052027551,NA,NA,-2.26646116324541,NA
TMS18F1024P0020,-0.549654717164869,-2.84629111889286,-0.175233606749091,0.920085398693171,-0.206957559717566,-0.237656711609652
TMS18F1024P0031,NA,NA,NA,NA,-1.56905159826743,NA
TMS18F1025P0006,-0.256357817023428,-0.386161740975387,NA,0.734782440547798,0.357382738823302,NA
TMS18F1025P0013,NA,-2.92423403317054,NA,NA,-2.86510179445032,NA
TMS18F1025P0024,0.259625011216116,NA,-0.126855855399679,-3.00121786822219,-2.95791877134305,-0.105439192938422
TMS18F1025P0029,1.39586280948296,-0.159590355033708,0.184219182700432,-1.15643177031535,1.32193737194848,-0.0869334726706309
TMS18F1025P0038,0.670655254496084,0.226377045865381,-0.243424139328459,0.101991551392766,-0.598691100533213,-0.0810015743184605
TMS18F1025P0041,-0.612648860409582,0.664181303163272,-0.0413307088533008,-0.0215867653680681,-0.400485923279232,-0.111382288649783
TMS18F1025P0042,0.259625011216116,0.532355703705242,-0.054152494004634,-0.892890899185802,1.62764138218359,0.221741941396133
TMS18F1026P0009,0.647803726365445,3.95201662230507,-0.220954792074392,0.893355313650631,0.191459051072342,-0.0452635977388504
TMS18F1026P0014,-0.115165796133558,0.841598718709936,0.0539023748672674,-1.03855392253937,1.1970472527893,-0.0805573661631842
TMS18F1027P0003,NA,-2.82538459620783,NA,NA,-2.48616362897276,NA
TMS18F1028P0003,-0.402573429280411,-0.167168133282758,-0.0830194466341798,0.216361160357546,0.609813703227636,0.0971458903770029
TMS18F1028P0004,NA,-0.354148672140151,NA,NA,-1.03087773303966,NA
TMS18F1028P0024,-0.308493887917307,-0.802111695291307,-0.0144238812204563,1.74251781210969,0.404825341243151,0.104415674898334
TMS18F1028P0030,0.857879157494616,2.99333717199525,0.0529220896078169,-0.564144120782115,0.686217087081347,0.229207891055867
TMS18F1028P0033,0.827743910349538,-0.110165636552352,-0.054152494004634,-1.08452120070842,-1.66186857516017,0.0303927938271681
TMS18F1030P0019,NA,-1.54034191569264,NA,NA,5.60860894762499,NA
TMS18F1031P0005,-1.34323757999429,-2.03999515567649,NA,-0.252205517911881,-0.486922868991648,NA
TMS18F1032P0001,NA,1.82053894103942,NA,NA,-1.94798976374499,NA
TMS18F1032P0007,NA,-4.01157783976032,NA,NA,-2.48616362897276,NA
TMS18F1032P0015,NA,0.436646823561508,NA,NA,-3.17080580468543,NA
TMS18F1032P0018,NA,-0.00817564277067206,NA,NA,2.02616236931144,NA
TMS18F1032P0019,0.601108149175231,NA,NA,NA,NA,NA
TMS18F1033P0018,0.929976385351624,3.51982161174202,-0.112956969032978,-0.0809720291911985,1.31039628594703,0.0808100454797851
TMS18F1034P0006,NA,-4.70352389849927,NA,NA,-0.725173722804552,NA
TMS18F1034P0010,NA,-2.13343853746888,NA,NA,-1.19011343278987,NA
TMS18F1034P0018,NA,-1.1449441678418,NA,NA,-0.346235557326991,NA
TMS18F1034P0021,NA,-0.700121701509624,NA,NA,-3.09757164944298,NA
TMS18F1035P0011,0.299750091964111,-1.77629690817619,-0.0632929944592351,1.13265808643875,2.85961595422078,0.156293844401742
TMS18F1036P0021,NA,-2.13343853746888,NA,NA,2.5515688452739,NA
TMS18F1037P0012,NA,-3.76445424735355,NA,NA,-0.651939567562101,NA
TMS18F1037P0025,-0.308493887917307,-3.4710464932844,0.0352368847597659,-1.99486354601275,-3.04392031585081,-0.117652968315165
TMS18F1037P0028,-0.308493887917307,NA,-0.0442203408085896,-2.59385585787878,-3.42285848132837,-0.0869334726706309
TMS18F1037P0035,0.382982411241221,0.623297065393642,-0.116495677898451,-0.940032608075104,-0.0890887078228007,-0.108014968521823
TMS18F1037P0037,0.259625011216116,-1.69175662795567,0.151244434089565,0.161272585332393,0.0991213310080422,0.338698093488576
TMS18F1037P0043,0.259625011216116,-1.54348247251161,-0.0871272426155016,-0.485528888842388,-1.89433843015282,NA
TMS18F1038P0010,0.437728295236274,0.883161769463715,-0.164403112997722,0.106445501306428,-0.906883959999527,-0.271154509922618
TMS18F1038P0018,0.609420712513687,-0.348687251750456,-0.230140265938852,0.412945588482795,2.00998225397331,-0.0805573661631842
TMS18F1038P0029,0.247127458190064,0.570960604307114,-0.126929576636929,-0.805214472740232,2.87455851017918,0.0593967859506716
TMS18F1038P0035,0.247127458190064,3.82701112170013,-0.02769946488384,-0.681097744123669,1.45899646195168,0.0280035613537041
TMS18F1038P0049,NA,-0.848395856953687,NA,NA,-1.94798976374499,NA
TMS18F1038P0053,0.609420712513687,3.82701112170013,-0.0672209134044113,-0.776758885455499,4.51555893815717,-0.100901578751163
TMS18F1038P0056,-0.612648860409582,-1.28673557842249,-0.221136047456048,-0.137488396682953,-0.4104556441946,-0.380943105440505
TMS18F1038P0078,0.0491028437048026,1.02064627032269,-0.0187433998647521,2.41489598603414,0.102981475145706,-0.0597697134886168
TMS18F1038P0087,1.27803001975296,3.3118542138868,-0.237086521041776,0.0509152132348526,0.592226226306672,-0.206965011584684
TMS18F1039P0017,NA,2.56190971825972,NA,NA,-2.55939778421521,NA
TMS18F1039P0021,0.830521945947437,3.58303845430726,NA,-0.244157840100475,-0.242437666046489,NA
TMS18F1039P0022,NA,2.3642108443343,NA,NA,2.47833469003145,NA
TMS18F1039P0024,NA,0.288372668117451,NA,NA,0.0327026081505689,NA
TMS18F1039P0030,NA,3.05615690307325,NA,NA,-1.94798976374499,NA
TMS18F1040P0005,1.01998388337873,1.52123227191608,-0.00154239231279488,NA,2.95637541575533,0.0851212116793481
TMS18F1040P0006,NA,1.02974344533775,NA,NA,-0.419469712569442,NA
TMS18F1040P0032,0.227652864107103,-2.06312086803315,-0.150627703991866,0.943245897426363,0.635779108272681,-0.00685512742189008
TMS18F1040P0039,NA,-0.354148672140151,NA,NA,-1.64228575350988,NA
TMS18F1040P0043,-0.308493887917307,NA,-0.199956502922566,3.65921447962346,7.81495574212823,NA
TMS18F1040P0044,1.27803001975296,1.99797141608415,-0.307413609124302,0.0557600514368267,0.211842087712523,-0.0549095606038404
TMS18F1040P0047,0.259625011216116,-1.04923528769808,0.0650333443478993,0.68835432759149,-1.42939872016751,0.0118870735593763
TMS18F1040P0052,0.580990164109249,0.89636953301761,-0.0685543665066895,1.34047955275206,2.48009941496494,0.164441458399295
TMS18F1040P0054,-0.19249799815124,-2.79969152740736,-0.0948010464418195,0.906444783837076,0.016570048183909,-0.179956315562712
TMS18F1040P0055,-0.308493887917307,NA,0.0253047315637215,-2.13868468522661,-2.27327659563038,0.22470285663898
TMS18F1040P0057,1.39586280948296,-3.12507346391493,-0.0609063581779442,1.55088751058707,2.61798756813137,NA
TMS18F1040P0058,0.0206891569175995,-0.0382363004868011,-0.0852197114433227,0.370470362499699,0.740196634643243,3.86082916281989e-05
TMS18F1040P0063,0.745275665564842,1.78098045568441,-0.111946446414069,-0.101347620865637,-0.191558561974645,-0.0431828224337524
TMS18F1040P0064,0.259625011216116,-2.0871543758065,0.184219182700432,1.21543606985059,1.32193737194848,-0.0869334726706309
TMS18F1040P0067,0.0206891569175995,-0.600539661485173,-0.136398565642624,-0.84862226545484,-0.223646719573966,-0.0701962166371152
TMS18F1040P0068,-1.34323757999429,3.25227177136704,NA,0.563621994483592,0.252091131864333,NA
TMS18F1040P0069,0.259625011216116,0.779479296112011,-0.13360971957299,-1.34806207183797,-0.439052534219727,-0.055843862620741
TMS18F1041P0002,1.27803001975296,-0.759184088271495,-0.201379210855545,-0.145075293187396,-0.236706121850567,-0.0461405034538493
TMS18F1041P0005,-0.402573429280411,2.11741530679348,0.0382404036936811,-0.0171295219841741,-0.215350780142315,-0.114714530366779
TMS18F1042P0009,0.857879157494616,1.79889826490192,-0.0594562470189004,0.431950492078841,0.228913908461689,0.113982480104985
TMS18F1043P0003,0.0206891569175995,2.40943715327083,0.29691573324479,0.136748966411699,1.00190865055411,0.421447557864089
TMS18F1043P0012,NA,-0.897820575435038,NA,NA,-3.17080580468543,NA
TMS18F1044P0013,0.633743113091595,1.0745367817633,-0.180897352728417,1.12775268678891,0.311384040490398,-0.137163316670756
TMS18F1044P0016,NA,-5.79086770508905,NA,NA,-3.17080580468543,NA
TMS18F1044P0018,NA,-4.40697558761114,NA,NA,1.72045835907633,NA
TMS18F1046P0001,-0.839752304780801,3.15696549929148,0.119527115328227,-1.51516216042697,1.15548707078898,0.176432964706437
TMS18F1046P0009,NA,-1.19436888632316,NA,NA,0.570876473378338,NA
TMS18F1047P0003,NA,-1.93573966354346,NA,NA,-2.48616362897276,NA
TMS18F1047P0012,0.151458888778956,1.38778077622958,0.00140175412934879,0.891963572066623,-0.0402141958558422,-0.0798136829098149
TMS18F1047P0015,NA,-0.650696983028269,NA,NA,4.54502860643476,NA
TMS18F1047P0024,0.127774646324469,-1.8776669943759,0.0656283921941324,1.51929753230192,0.474356620021677,-0.088630967002117
TMS18F1047P0042,-0.443518146247056,2.25997172254638,NA,0.2452883301208,-0.262857402700602,NA
TMS18F1047P0043,-0.618651071347049,1.92920503960616,NA,0.00992623733679923,-0.0644942466320726,NA
TMS18F1047P0045,-0.105880530818695,-2.01518807274492,-0.0574624378206845,0.696394852106987,-0.0281646048207752,-0.297461681372591
TMS18F1047P0046,-0.612648860409582,-0.271462507393167,-0.16132177150957,0.179042785222086,-0.322583635672675,-0.157156766972735
TMS18F1047P0049,-1.2428751537971,-1.8144239886505,0.161125196127425,-0.0747751229578202,-0.490420961420244,-0.172765688699719
TMS18F1047P0062,-0.618651071347049,1.59843835666593,NA,0.0821276216622777,-0.370514477991672,NA
TMS18F1048P0013,NA,3.55040408788679,NA,NA,0.876580483613448,NA
TMS18F1048P0023,-1.45295058492627,3.53083468018725,-0.212453014547853,-0.0692005656628007,0.470961983181466,0.0152428965960871
TMS18F1048P0027,0.827743910349538,1.17487704396284,-0.0609063581779442,-1.08452120070842,-1.05046055468995,0.129213340057175
TMS18F1048P0029,0.259625011216116,3.20129050169834,-0.126855855399679,-0.892890899185802,-2.65221476110794,-0.259406785566449
TMS18F1048P0031,0.988207614719203,1.16977835508878,-0.254515308636589,1.97358619422975,4.0663203747086,0.310697359803302
TMS18F1048P0038,1.39586280948296,2.41049500599668,-0.232931251533434,-3.00121786822219,4.99038549476979,NA
TMS18F1049P0022,0.247127458190064,0.720092689073206,0.0220577544765913,0.0338146127077332,1.23860743478963,-0.123196810893832
TMS18F1050P0005,NA,0.881469289893691,NA,NA,-2.2536937739801,NA
TMS18F1051P0030,NA,-1.1449441678418,NA,NA,-2.1072254634952,-0.0437002799561864
TMS18F1051P0033,NA,0.436646823561508,NA,NA,-0.5054712570772,NA
TMS18F1051P0037,0.971713966837308,-2.01399553163849,-0.141145925025624,0.966323677518514,0.667459496724902,0.0330896145006984
TMS18F1051P0039,0.500120946267116,4.04496867466378,-0.0985195656181733,1.19903920878681,1.62476033214037,0.0409219840325092
TMS18F1051P0041,0.827743910349538,-2.53197684213868,0.0153725783676771,0.832175466805356,1.16270167219827,NA
TMS18F1051P0056,NA,-1.09551944936045,NA,NA,-1.33658174327477,NA
TMS18F1051P0058,0.745275665564842,-0.501309656603105,-0.298464937273743,1.23761364907557,1.08272835767121,-0.0755988954777878
TMS18F1051P0059,-0.822724291538753,-2.58071106110692,0.0742367712357423,0.400047538968179,-0.0401722140878364,0.0971458903770029
TMS18F1051P0063,0.647803726365445,1.89843484049303,-0.0108798047350936,-0.0489926585447323,0.381026936824517,-0.00299674227589389
TMS18F1051P0069,0.846933824311472,-0.44581922987722,-0.0663405457670478,1.40054058337245,3.68723820019494,0.13202538535526
TMS18F1051P0071,0.259625011216116,-1.49405775403026,-0.00131343900167761,-0.365809156926704,0.0991213310080422,-0.179462074009589
TMS18F1051P0072,0.259625011216116,NA,-0.173338332357167,-2.33031498674923,-3.11715447109326,NA
TMS18F1053P0007,NA,2.51248499977837,NA,NA,-1.94798976374499,NA
TMS18F1053P0009,NA,NA,NA,NA,-0.57870541231965,NA
TMS18F1054P0027,NA,NA,NA,NA,-3.40327565967809,NA
TMS18F1055P0024,0.259625011216116,0.384081548261184,-0.120499277354211,1.74251781210969,-0.206582679227068,-0.0499220321350476
TMS18F1055P0036,0.647803726365445,-0.311277137629611,-0.0172237430930534,-0.253847037714917,0.313439166096721,0.0692602886400314
TMS18F1055P0044,1.06795458862379,4.28731265467968,-0.00199829103394983,0.301888148949132,1.54393240459976,0.374598858602717
TMS18F1056P0016,1.06795458862379,0.266035000798827,-0.0135986354599335,-0.170402466576197,-0.169649042072482,0.0832907800800172
TMS18F1056P0019,0.608415759460681,3.92716127484405,-0.1064113158912,0.150886711295852,0.0472350556655002,0.0569196538555455
TMS18F1056P0025,NA,-0.0576003612520279,NA,NA,-1.64228575350988,NA
TMS18F1056P0026,NA,0.337797386598804,NA,NA,-1.56905159826743,NA
TMS18F1056P0032,0.678303461065884,0.222985739852897,-0.127213903604703,0.279383214774375,0.140405233032377,-0.0258384495472408
TMS18F1056P0035,NA,-1.29321832328587,NA,NA,1.41475434884122,NA
TMS18F1056P0040,-0.115165796133558,0.744948036534222,0.0450882388662766,-0.565942967401494,1.52070115783978,0.0378249053616939
TMS18F1056P0050,-0.308493887917307,-3.37219705632169,-0.0807706645700331,0.832175466805356,-1.2829304096826,-0.0499220321350476
TMS18F1056P0052,0.382982411241221,-5.62819324217653,-0.133555295964884,0.382238467138899,-1.1337517691571,-0.0810015743184605
TMS18F1056P0053,0.0491028437048026,1.0455016177837,-0.0238351875659279,2.76858655440021,1.01227375871967,-0.0975884653733248
TMS18F1056P0055,-0.87661278705073,-2.03772965732515,NA,-0.030357716190223,-2.57898060586549,-0.210181569654123
TMS18F1056P0057,-0.308493887917307,0.977178170037425,0.349887498010454,2.26959955436878,4.07327346406447,0.270967157308459
TMS18F1056P0060,-1.42848386037689,2.5086671581529,0.303126576238825,-0.18906150676097,-0.45729095693022,0.0459613784373451
TMS18F1056P0064,0.745275665564842,-0.269772978544951,-0.139241835320362,0.5705281413661,1.38837741814953,0.143209597569452
TMS18F1056P0065,0.382982411241221,-0.0382363004868011,-0.0766899024101058,-1.51078568307631,0.199704710571088,0.0216493236543184
TMS18F1056P0066,-0.612648860409582,-1.74999114321552,0.15592675652852,-0.373777845784539,0.00510619487355338,0.116963959535983
TMS18F1056P0068,0.105935437300194,2.5907384054866,NA,-0.273530161492751,-0.0101725209507382,NA
TMS18F1056P0077,0.259625011216116,-0.209015073515061,0.376108382448011,1.55088751058707,-1.05046055468995,NA
TMS18F1056P0082,0.670655254496084,1.15252375809799,-0.164831262420013,-0.205072967023769,0.40126079032802,-0.0161694282303895
TMS18F1057P0011,NA,-0.255299235177441,NA,NA,-2.86510179445032,NA
TMS18F1057P0024,-0.308493887917307,NA,0.204083489092521,-2.47413612596309,-1.42939872016751,-0.0251243669762068
TMS18F1057P0025,0.259625011216116,1.3231511994069,-0.146720161791768,0.951895198721039,-0.512286689462178,-0.111361023424116
TMS18F1057P0030,-0.308493887917307,-0.406713947440475,0.084897650739988,-1.15643177031535,-2.04080674063773,-0.0314163118672559
TMS18F1057P0033,-0.308493887917307,1.66912422877638,0.22394779548461,-1.08452120070842,6.59213970118779,NA
TMS18F1057P0037,0.259625011216116,-0.851536413772658,0.0320585957370317,-1.4199726414449,1.9333453924187,0.15364089081066
TMS18F1058P0005,NA,0.238947949636095,NA,NA,0.191938307900777,NA
TMS18F1058P0010,NA,1.82053894103942,NA,NA,-1.94798976374499,NA
TMS18F1058P0019,1.06795458862379,1.67945437419259,-0.235455222606872,-0.0198069667716845,1.26500079273763,0.0108583680210918
TMS18F1058P0020,-0.429043347350635,2.26302757830315,0.154425103335174,-0.786899305920644,-0.699998354425446,0.052423698912049
TMS18F1059P0003,NA,-3.51733065494678,NA,NA,-1.33658174327477,NA
TMS18F1059P0010,0.247127458190064,1.8385833248189,0.281363949086382,-0.626851424720686,1.39979881020248,0.0879839122596422
TMS18F1059P0012,-0.477459050457179,4.37382876584247,0.210566534110683,-1.28000658984712,0.0453191048671822,-0.0196209395493163
TMS18F1059P0013,0.299750091964111,5.21325135792276,0.0142843088895309,-0.221640868113616,0.0796612610828906,0.0395213568244985
TMS18F1059P0015,0.857879157494616,3.55074199530547,-0.147002596358746,0.303190575549843,0.443907635514299,0.0743463417870263
TMS18F1060P0046,-0.618651071347049,0.606138307845277,NA,-0.137115145396047,0.269593763282144,NA
TMS18F1060P0067,-0.822724291538753,-0.828867330703385,-0.0216219815629245,0.563837631891464,-0.676117713864534,-0.339903917978547
TMS18F1060P0068,0.105935437300194,-0.716928423915609,NA,0.066068221193756,-0.15437287205323,NA
TMS18F1063P0002,0.609420712513687,-0.820938853509749,-0.327664415885298,-0.262614456379611,0.833691408648531,-0.176792538981753
TMS18F1063P0008,-0.19249799815124,-1.62515993543227,0.0942483166253838,1.43512994032781,0.277996067161381,0.0699618132120309
TMS18F1063P0009,0.105935437300194,0.275371624905056,NA,-0.230761023816704,-0.126305093498613,NA
TMS18F1063P0020,0.745275665564842,-1.42745636883573,-0.294200032757134,-0.639945939775503,-0.563993440292751,-0.140971309449926
TMS18F1064P0027,-0.19249799815124,-3.65918780938355,-0.171718712938446,1.52188119871634,-0.359587414170291,-0.217312499021673
TMS18F1064P0035,0.259625011216116,-0.0607409180710036,-0.126855855399679,1.81442838171662,-1.66186857516017,0.0366847387182171
TMS18F1064P0037,-0.308493887917307,-3.4710464932844,-0.0672629362234127,-1.4199726414449,-3.87503080204838,-0.333429666637615
TMS18F1065P0016,NA,0.782619852930987,NA,NA,0.0327026081505689,NA
TMS18F1065P0026,0.827743910349538,0.0875332373730615,0.0717872085212094,-0.892890899185802,6.21320153571023,NA
TMS18F1065P0032,0.259625011216116,-0.357289228959121,-0.13360971957299,-0.365809156926704,-2.34651075087284,-0.142450633474006
TMS18F1065P0035,0.846933824311472,-0.197265755267068,-0.159321016831998,2.10861410825327,2.16210839942113,-0.100289804793661
TMS18F1065P0037,-1.2428751537971,-1.44599409936827,0.232206938070898,0.628089778259974,-0.0990716180446365,-0.158033672687734
TMS18F1066P0018,1.55510688472652,0.0952876730985087,-0.343650616876556,0.836399617373297,1.05265138499205,0.111955510437965
TMS18F1066P0022,0.830521945947437,-5.3476619850787,NA,0.61978794844341,0.333770078480786,NA
TMS18F1066P0024,0.830521945947437,-0.0553950580351656,NA,0.309489976840595,0.559490455484435,NA
TMS18F1066P0033,0.259625011216116,0.631205140667951,-0.0410420517858554,2.07796925284617,4.45221162954203,NA
TMS18F1068P0001,NA,-2.33113741139429,NA,NA,-1.64228575350988,NA
TMS18F1068P0046,NA,1.72168950407671,NA,NA,-0.57870541231965,NA
TMS18F1068P0055,0.132758383698799,-2.86235927365811,0.130647970031726,3.97297724551521,1.02210614630512,0.0910815484223839
TMS18F1068P0063,1.06795458862379,-2.64819049530866,-0.0904509172820756,-0.64424506816664,0.0968052407873944,-0.0701677200448247
TMS18F1068P0065,0.259625011216116,-1.19750944314214,0.0384151737825001,-1.08452120070842,-2.27327659563038,-0.0991472480473733
TMS18F1068P0066,0.259625011216116,-1.19750944314214,NA,0.424813456461943,-2.65221476110794,0.307978597844042
TMS18F1068P0071,-1.34323757999429,-3.36306188743737,NA,0.116920991835503,0.247360195200131,NA
TMS18F1068P0073,-1.01467179710409,1.5999713522551,0.314363449706515,2.076980006901,1.75594766728825,0.00317149500521869
TMS18F1068P0074,0.259625011216116,-0.604412821365891,0.137736705742944,-0.365809156926704,-2.65221476110794,-0.0251243669762068
TMS18F1068P0076,1.39586280948296,4.23920958980677,-0.252795557925523,-1.947054383704,-2.34651075087284,-0.216473514545172
TMS18F1068P0077,0.0175774329779316,5.83555492072432,0.218226997678085,0.0478700362685694,1.70054428484635,0.57576102962351
TMS18F1068P0078,0.259625011216116,-0.110165636552352,-0.252795557925523,-1.80323324449013,6.05396583596003,-0.216473514545172
TMS18F1068P0079,-0.21684081649742,2.90474219081021,0.0259757790760095,1.84704978882066,3.3068848714565,0.0644918998468526
TMS18F1068P0082,0.0206891569175995,3.36866053379747,-0.107965868865234,-1.42895584950057,0.773483418480144,0.12970290046777
TMS18F1068P0084,-0.308493887917307,NA,0.243812101876699,-2.92930729861526,1.70087553742604,NA
TMS18F1068P0085,0.259625011216116,0.235807392817119,0.171108740481654,0.951895198721039,0.0991213310080422,NA
TMS18F1068P0088,0.259625011216116,-1.29635888010484,0.177465318527122,-0.102268285797156,6.82460955618045,NA
TMS18F1068P0090,-0.341604097406022,-2.12206640301019,-0.025511048210805,-0.452750063345637,-0.789809169725577,-0.0810015743184602
TMS18F1068P0093,NA,-4.02459525331781,NA,0.28015361060261,0.6625755148266,NA
TMS18F1068P0095,-0.308493887917307,-0.752686976809953,0.243812101876699,-1.15643177031535,-2.04080674063773,0.172146611078452
TMS18F1069P0007,NA,-0.848395856953687,NA,NA,-0.725173722804552,NA
TMS18F1069P0017,NA,-2.87480931468918,NA,NA,-1.56905159826743,NA
TMS18F1069P0021,1.55510845459468,-0.716928423915609,NA,0.470012071217228,0.640066128292487,NA
TMS18F1069P0023,-0.822724291538753,1.06232760552771,0.0758271057952569,-0.29339930930262,0.080699785433505,-0.114889911509779
TMS18F1069P0028,0.259625011216116,-0.55498810288454,0.210837353265832,1.47897694098014,1.62764138218359,NA
TMS18F1069P0033,-0.19249799815124,4.98406868381745,0.0806541630011841,-0.233322016847947,-0.271859731728353,-0.0810413509108136
TMS18F1069P0035,0.259625011216116,-5.15148692165042,-0.054152494004634,-0.365809156926704,-2.95791877134305,-0.216473514545172
TMS18F1071P0008,NA,1.91938837800212,NA,NA,1.56122265932612,NA
TMS18F1071P0028,1.39586280948296,0.779479296112011,-0.0938811067888118,1.21543606985059,4.68468148453469,NA
TMS18F1071P0029,0.580990164109249,4.42582887248179,-0.0444237204445954,0.885302490387967,-0.0947383618343557,0.089508640710292
TMS18F1073P0023,0.830521945947437,-1.04769510685583,NA,0.0901633144222541,0.0463557523474,NA
TMS18F1073P0024,-0.0396023625297174,3.18982470314158,0.15800113293802,0.374449834649894,1.74545046645717,0.0151478826376611
TMS18F1073P0026,0.451864984245303,NA,-0.26653223958326,NA,-4.91869469511507,-0.210970312605318
TMS18F1073P0030,0.451864984245303,-1.79022386633461,NA,NA,3.87348744646066,NA
TMS18F1073P0035,0.857879157494616,-6.56217408475133,-0.351821177630021,1.22275520949939,-0.268643267518177,-0.154911080968145
TMS18F1073P0037,0.0206891569175995,-2.84975310547868,0.0666108893479364,1.11719810819023,0.351330614572669,-0.0691156808689807
TMS18F1073P0038,-0.19249799815124,3.91362123439939,0.229425605084623,-0.424188861263328,1.17058160416336,0.351448547726741
TMS18F1074P0004,-0.0700932973930362,-0.245253066521819,-0.213345389955486,-0.840663510861983,-0.699780715091563,-0.130518300665017
TMS18F1074P0015,0.971713966837308,1.03735194023963,-0.223032091744505,-1.12925039472654,3.32164825523883,0.0378249053616939
TMS18F1075P0001,-0.115165796133558,-0.54753003143858,0.00442948247460992,-0.0754081084748418,3.27379401465829,-0.134681609769815
TMS18F1075P0011,0.247127458190064,-0.721517463665685,0.0627165108682581,-0.591733699519744,2.21085793632114,-0.00619576153126069
TMS18F1076P0001,0.857879157494616,3.09339476818589,-0.106763901631115,-0.221355281033868,0.305470282644942,0.297957299111796
TMS18F1076P0010,NA,4.58832317599521,NA,NA,-1.33658174327477,-0.00612049924185564
TMS18F1076P0066,1.06795458862379,-2.93904273323492,-0.179991075820137,0.510025909716828,0.801603118029411,-0.202405101866689
TMS18F1076P0077,0.0175774329779316,2.69472744522192,0.0282713577026014,-0.396289231226104,-0.467844403268467,-0.097176416066797
TMS18F1076P0083,-1.44473168618415,NA,NA,-3.79184048161084,-4.4864388225186,NA
TMS18F1076P0092,0.259625011216116,1.3231511994069,-0.054152494004634,-1.4199726414449,-0.817990699697287,-0.0684277524028393
TMS18F1076P0095,-0.87661278705073,NA,-0.00767001704714604,-2.92930729861526,-3.80179664680593,-0.351935386905407
TMS18F1076P0099,-0.308493887917307,-0.55498810288454,-0.100634970962122,-1.947054383704,-3.56932679181327,-0.351935386905407
TMS18F1076P0103,0.437728295236274,2.91370791152236,-0.076131742131252,0.203034029183725,0.387755094889005,0.0817123497930187
TMS18F1076P0104,0.259625011216116,2.31164556903398,0.389616110794631,0.161272585332393,4.99038549476979,NA
TMS18F1076P0106,-0.402573429280411,0.973037514836284,0.0516533019362248,-0.369074662964755,-0.272476744480464,-0.302547734519585
TMS18F1076P0110,-0.612648860409582,-4.21311090080113,0.31302356228417,0.708513908928535,0.148545395660855,0.0810108252210196
TMS18F1076P0112,1.27803001975296,3.15259569294103,-0.289106815577047,0.355790269459496,0.331450577343613,-0.0829705434838117
TMS18F1076P0114,0.0175774329779316,-1.66497456566871,0.207895440923693,0.606217979678553,-0.0545453602437917,0.0269934331770751
TMS18F1076P0117,-1.87310144718461,0.756992106850444,NA,-0.542849846861515,-0.427457262112958,-0.224437121233614
TMS18F1076P0121,-0.822724291538753,3.91362123439939,0.185782284361662,-0.0362769988934708,0.0655010350241963,-0.136637173241756
TMS18F1078P0010,NA,-2.13343853746888,NA,NA,-1.94798976374499,NA
TMS18F1079P0003,0.396783578269628,0.606138307845277,NA,0.518106377262777,0.0723338810220166,NA
TMS18F1081P0010,NA,-0.00817564277067206,NA,NA,1.10905033860611,NA
TMS18F1081P0014,-1.87310144718461,5.14332720476323,NA,0.16228938241152,1.47323103835123,0.342113236731674
TMS18F1082P0006,NA,2.16651197040889,NA,NA,-3.78221382515565,NA
TMS18F1082P0007,NA,NA,NA,NA,-2.86510179445032,NA
TMS18F1082P0010,NA,2.01823781496483,NA,NA,-0.5054712570772,NA
TMS18F1082P0023,NA,-1.19436888632316,NA,NA,0.265172463143229,NA
TMS18F1082P0024,0.857879157494616,4.0285175581428,-0.188691334139625,0.896879946261046,0.976131465861233,0.108545664671991
TMS18F1083P0008,NA,-1.68861607113669,NA,NA,2.5515688452739,NA
TMS18F1083P0014,-0.638212196526459,0.891515458549319,0.0250262867495805,-0.59664418574203,-0.246885885113622,-0.0935068601294339
TMS18F1083P0015,NA,NA,NA,NA,-3.09757164944298,NA
TMS18F1083P0025,-0.308493887917307,-0.0113161995896477,0.283540714660877,1.74251781210969,4.07327346406447,0.0922018995215919
TMS18F1083P0028,0.0841256990035482,-2.59040786855989,-0.0813948267610666,0.498772670832935,-0.111143770487707,0.0101143898471616
TMS18F1083P0031,-0.482784476699643,-1.26604569609073,0.00359407392964994,1.63922358125512,2.31135164282475,0.0995046693616108
TMS18F1083P0032,-0.703897351729644,1.4502137727442,0.224696683430221,1.06588233400983,-0.356019729015955,0.12970290046777
TMS18F1083P0034,0.827743910349538,NA,0.0717872085212094,-1.27615150223103,-1.89433843015282,0.0981237300072853
TMS18F1083P0038,0.259625011216116,1.27372648092555,0.323269327445055,-0.892890899185802,1.01623336171337,0.246169492149618
TMS18F1084P0001,0.609420712513687,0.148419697469853,-0.148538426187745,-0.617405779628829,2.8903024727074,0.0349756642478094
TMS18F1084P0009,NA,-1.49091719721128,NA,NA,NA,NA
TMS18F1084P0014,NA,0.337797386598804,NA,NA,0.717344783863239,NA
TMS18F1085P0012,0.647803726365445,2.21214230003399,-0.295450753935007,-0.281558704540871,0.692406383964836,-0.085601260628809
TMS18F1085P0013,-1.34323757999429,-2.70152852155693,NA,-0.249506978572838,-0.534148189676679,NA
TMS18F1085P0015,1.55510845459468,-2.37076183861671,NA,0.320188253785322,0.203603616655602,NA
TMS18F1086P0018,NA,1.02974344533775,NA,NA,-1.33658174327477,NA
TMS18F1087P0001,NA,0.733195134449631,NA,NA,-2.18045961873765,NA
TMS18F1087P0003,NA,-1.54034191569264,NA,NA,-2.2536937739801,NA
TMS18F1088P0008,0.277340675750183,-2.9622181351026,-0.162998626893159,-0.563658825987897,1.86629679620903,0.086043951283174
TMS18F1088P0022,NA,0.0412490757106813,NA,NA,2.85727285550901,NA
TMS18F1088P0026,NA,1.96881309648347,NA,NA,-3.17080580468543,NA
TMS18F1089P0001,-0.115165796133558,-2.46139178593676,0.128680367391801,-0.138132686574744,-0.190182715749536,0.0422094339366895
TMS18F1089P0007,NA,-4.40697558761114,NA,NA,-3.17080580468543,NA
TMS18F1090P0001,NA,0.337797386598804,NA,NA,-0.95764357779721,NA
TMS18F1090P0020,0.830521945947437,-2.37076183861671,NA,1.06113981261913,1.62494442435413,NA
TMS18F1090P0023,-0.308493887917307,0.0875332373730615,0.0185508673904113,-0.365809156926704,0.0991213310080422,-0.191675849386331
TMS18F1090P0029,-1.34323757999429,0.275371624905056,NA,-0.0168074699735881,-0.0385161179574558,NA
TMS18F1090P0031,1.06795458862379,1.18177149623705,0.0605348156373686,-0.54167013115543,1.58588404903571,0.257795017364837
TMS18F1090P0034,1.39586280948296,0.680629859149302,-0.0807706645700331,-0.629350028056253,-2.65221476110794,0.0551904589860087
TMS18F1090P0037,-0.308493887917307,2.65761859840345,0.22394779548461,-1.4199726414449,-0.206582679227068,0.26467521241741
TMS18F1091P0010,NA,-0.996670012397747,NA,NA,1.72045835907633,NA
TMS18F1091P0014,0.609420712513687,0.0738536550868049,-0.143704867735589,0.0551243688787901,0.0805764122096218,-0.0329108588875375
TMS18F1092P0006,0.105935437300194,1.59843835666594,NA,-0.252145592654727,0.00177171844656952,NA
TMS18F1092P0007,0.423624103888586,-1.86520326243598,-0.243289968443106,1.17644825951347,1.01121204742501,0.0583203372363548
TMS18F1092P0010,NA,1.622840067114,NA,NA,-2.48616362897276,NA
TMS18F1092P0016,0.342472099258458,2.48555112210516,-0.0751964434622527,-0.0431094992519144,0.32282489019521,-0.10386753040822
TMS18F1092P0022,0.247127458190064,0.874675387003956,0.196065858754214,-0.42426737618446,1.10132995555055,-0.0937109518881706
TMS18F1093P0014,0.102536355362661,1.57201069963964,0.0386490114392031,0.0703152319769211,1.32770356309038,0.0121345887276768
TMS18F1093P0016,NA,-1.34264304176722,NA,NA,-2.55939778421521,NA
TMS18F1094P0004,0.828423818834618,-2.5047478747015,-0.176197743424623,0.144059641425278,3.19832135228595,-0.116606442494357
TMS18F1094P0010,NA,1.07916816381911,NA,NA,-2.18045961873765,NA
TMS18F1095P0010,NA,0.535496260524218,NA,NA,-1.33658174327477,NA
TMS18F1095P0020,-0.11625391488812,-0.702880059744833,0.0246784921247624,NA,-2.6195309237191,0.0173902754992308
TMS18F1095P0041,-0.530780994064846,-1.53878323441784,0.263161744446832,1.41787074279182,1.76341022917042,0.204882831943833
TMS18F1096P0003,NA,2.16651197040889,NA,NA,-2.18045961873765,NA
TMS18F1096P0013,0.227652864107102,4.44912357152538,-0.176547223568673,0.46092478564155,0.135843852536904,-0.00808279542288879
TMS18F1096P0024,0.647803726365445,5.46184424665478,-0.0732316560247561,0.418353806638385,0.220298055478823,-0.0110642748538856
TMS18F1096P0038,0.259625011216116,NA,0.151244434089565,-2.73767699709264,-2.95791877134305,0.363495758647417
TMS18F1096P0039,-0.229534870624823,4.54681442420284,-0.101647162639545,1.44414453010128,-0.46066545540842,-0.222804435843036
TMS18F1096P0042,0.259625011216116,-0.851536413772658,-0.054152494004634,1.02380576832797,3.84080360907181,NA
TMS18F1097P0023,NA,-3.0725081886146,NA,NA,-2.2536937739801,NA
TMS18F1098P0004,1.55510845459468,3.91380513724748,NA,0.197229979229543,0.409063177720435,NA
TMS18F1099P0014,NA,-1.29321832328587,NA,NA,-1.64228575350988,NA
TMS18F1099P0015,-0.477459050457179,4.67209293537465,0.197771820560857,-0.259465908015659,-0.00695331922824127,0.0255765427957106
TMS18F1099P0017,0.830521945947437,-2.03999515567649,NA,-0.016855410179311,-0.16868257978264,NA
TMS18F1100P0004,NA,0.535496260524218,NA,NA,1.10905033860611,NA
TMS18F1100P0008,NA,0.535496260524218,NA,NA,1.32875280433346,NA
TMS18F1100P0011,0.830521945947437,1.26767167372572,NA,-0.158583609594087,-0.318006583738238,NA
TMS18F1101P0005,-0.115165796133558,-0.622096073821628,0.164221238363538,-0.681462785311973,0.770093205539769,0.0450155322246865
TMS18F1101P0008,NA,-1.68861607113669,NA,NA,-1.03087773303966,NA
TMS18F1101P0012,NA,2.75960859218513,NA,NA,0.570876473378338,NA
TMS18F1101P0013,0.745275665564842,-0.170542973662884,-0.0397273965994997,-0.568790413041636,0.043072051453206,-0.002662731128708
TMS18F1101P0014,NA,2.06766253344618,NA,NA,-0.95764357779721,NA
TMS18F1102P0005,NA,-2.82538459620783,NA,NA,-2.55939778421521,NA
TMS18F1102P0031,0.0206891569175995,0.0609937043952703,0.116652435676142,0.873896203057703,1.91821908149113,0.154014955250797
TMS18F1104P0007,0.105935437300194,-1.37846178979605,NA,0.419207240781204,0.633956099367782,NA
TMS18F1106P0028,-0.308493887917307,0.285232111298475,-0.0410420517858554,-0.102268285797156,-0.512286689462178,-0.0743495828885324
TMS18F1106P0031,1.39586280948296,0.730054577630658,-0.0740168003967229,1.28734663945752,-0.439052534219727,0.0674042343627512
TMS18F1106P0035,-0.87661278705073,NA,0.190973046873743,-2.66576642748571,-3.49609263657082,0.190652331346243
TMS18F1106P0036,0.827743910349538,3.10244106473563,-0.0807706645700331,-1.68351351257445,-2.65221476110794,-0.105439192938422
TMS18F1106P0037,-0.87661278705073,0.433506266742535,-0.239685115706744,-1.34806207183797,0.783763506720711,-0.0743495828885324
TMS18F1106P0044,-0.308493887917307,2.41049500599668,0.0451690379558104,-1.15643177031535,0.404825341243151,0.129213340057175
TMS18F1106P0045,-0.308493887917307,-1.14808472466078,0.190973046873743,-2.33031498674923,1.77410969266849,0.246169492149618
TMS18F1107P0017,1.46986217421209,2.17790047521268,-0.235913004363486,-0.360660986260967,-0.179147799266881,-0.157449479913977
TMS18F1107P0020,0.0175774329779316,-4.06494530058654,0.411082723760064,-0.209137112080346,1.90974139329651,0.408798181487682
TMS18F1108P0002,1.10756891988846,0.127147040983314,-0.193263959197402,0.274816664255835,0.327845090802391,0.00868289443670418
TMS18F1108P0012,0.127774646324469,-2.22291236911152,-0.0892510852137892,0.75805829654411,0.927698624823245,0.0821391017741014
TMS18F1108P0013,NA,-1.7874655080994,NA,NA,-0.346235557326991,NA
TMS18F1108P0016,NA,-0.403573390621502,NA,NA,-1.94798976374499,NA
TMS18F1109P0011,-0.29077822338324,-0.547621349638993,0.225149920008258,-0.199079827786514,0.173249592580016,-0.00798599080679475
TMS18F1111P0004,0.105933867432037,-3.37776249777381,-0.00530152522562284,0.719182330691272,1.17446083814604,-0.0474235153618762
TMS18F1112P0023,NA,-0.205874516696086,NA,NA,-1.33658174327477,NA
TMS18F1113P0002,0.437728295236274,2.11741530679348,0.0172147794215857,-0.194442048232484,0.162685528049805,0.0973212715200026
TMS18F1113P0005,0.609420712513687,3.08135069786967,-0.272504984137162,-0.710885758991645,2.73477398680121,-0.0730039861765717
TMS18F1113P0012,NA,-0.0109428250610243,NA,NA,-1.91047408128209,NA
TMS18F1113P0027,0.827743910349538,-0.406713947440475,0.190973046873743,1.21543606985059,2.54475341288892,0.178438555969501
TMS18F1113P0031,0.580990164109249,-1.63887590800596,-0.042652663852882,4.41119537897012,2.44547327669605,0.0937622699236193
TMS18F1113P0038,0.337893655527479,3.08214601902441,0.0915294859005437,1.13721719706139,0.569763327122076,0.0918844560870083
TMS18F1114P0013,0.247127458190064,1.81372797735788,-0.0700641830821502,-0.464349770530064,0.760020948595881,-0.0959909067471684
TMS18F1114P0024,-0.308493887917307,0.779479296112011,-0.0442203408085896,0.113463423023642,-2.43251229538059,-0.015871506842311
TMS18F1114P0032,0.468228691623816,-2.03999515567649,NA,0.344307317116682,1.06304638755626,NA
TMS18F1114P0038,0.259625011216116,-0.258439791996417,-0.0807706645700331,-1.61160294296752,-0.439052534219727,-0.0129105915994643
TMS18F1114P0039,0.227652864107103,2.41602503356681,-0.137033550367666,0.0128455331621774,0.605471920358241,-0.0759552977638187
TMS18F1117P0007,-0.980945895538828,-3.34468582947979,0.150946363254349,0.266370726127463,0.169574207383194,0.0174086307261947
TMS18F1119P0021,NA,-2.67711044076377,NA,NA,-0.725173722804552,NA
TMS18F1119P0029,0.259625011216116,4.23920958980677,-0.232931251533434,-2.21059525483355,-0.817990699697287,-0.000326701817366107
TMS18F1119P0037,0.259625011216116,-0.0113161995896477,-0.180092196530478,-1.947054383704,0.0991213310080422,0.0241008489361188
TMS18F1119P0039,0.580990164109249,2.6610992027497,-0.189650360965088,1.45800190717092,1.20811772063439,0.0617905604265163
TMS18F1119P0042,0.259625011216116,0.433506266742535,0.0121942893449428,-1.4199726414449,1.9333453924187,0.203236221128342
TMS18F1119P0043,0.259625011216116,NA,-0.186448774575946,-2.73767699709264,-2.04080674063773,-0.302710170993081
TMS18F1120P0003,NA,2.16651197040889,NA,NA,-0.419469712569442,NA
TMS18F1120P0004,0.0765284390562354,1.36706048635947,0.0981457204516893,0.532439943784835,0.584908082582758,0.158156029132731
TMS18F1120P0012,0.451864984245303,0.631587339251716,-0.167210707622816,NA,-1.09101087254355,-0.149161206910894
TMS18F1120P0025,NA,1.42514119318858,NA,NA,-1.49581744302498,NA
TMS18F1121P0010,NA,-3.12193290709595,NA,NA,-3.17080580468543,NA
TMS18F1121P0029,0.437728295236274,1.44056659277393,-0.0467683703029807,0.516889207784877,0.241436389124019,0.13941274583996
TMS18F1123P0016,NA,0.584920979005573,NA,NA,-1.56905159826743,NA
TMS18F1123P0019,0.971713966837308,1.14263359591047,-0.127213903604703,-0.607476441339505,2.75680319183199,-0.0400443221302261
TMS18F1124P0006,NA,1.86996365952077,NA,NA,0.191938307900777,NA
TMS18F1124P0017,NA,2.16651197040889,NA,NA,-0.95764357779721,NA
TMS18F1124P0021,NA,-0.205874516696086,NA,NA,-1.03087773303966,NA
TMS18F1124P0032,NA,-0.947245293916391,NA,NA,-1.26334758803232,NA
TMS18F1124P0041,0.259625011216116,3.89323656043729,0.303405021052966,-1.15643177031535,5.90749752547512,0.344990038379625
TMS18F1125P0004,-1.49389530189291,2.92150508842682,NA,-0.00078402465935895,-0.0379644810532549,NA
TMS18F1125P0014,1.19281520027106,-3.62833473012441,NA,-0.0756120380152959,0.0189985314122809,NA
TMS18F1126P0006,NA,-1.68861607113669,NA,NA,-1.33658174327477,0.070597540295695
TMS18F1126P0010,NA,-0.354148672140151,NA,NA,-1.94798976374499,NA
TMS18F1126P0015,NA,2.46306028129701,NA,NA,-1.87475560850254,NA
TMS18F1126P0020,NA,-4.25870143216708,NA,NA,2.17263067979634,NA
TMS18F1127P0002,NA,0.9803187268564,NA,NA,-1.87475560850254,NA
TMS18F1127P0010,0.337893655527479,2.0000304017773,-0.213160810663185,0.947061665193458,0.493304607237944,0.0394454943300623
TMS18F1127P0011,0.647803726365445,-1.00803316676738,-0.076131742131252,0.528475670210358,-0.353635124942266,-0.208368060728682
TMS18F1132P0042,-0.612648860409582,0.922976399700156,0.136299565169575,0.436245072298665,-0.0643534737813462,0.0154182777390871
TMS18F1132P0051,NA,NA,NA,NA,-1.26334758803232,NA
TMS18F1132P0058,0.830521945947437,0.325642748383876,NA,0.141028070115432,0.398222212131529,NA
TMS18F1132P0062,-0.0233672839887142,1.26767167372572,NA,0.1276072837288,0.0521899628200037,NA
TMS18F1132P0078,-0.19249799815124,-0.888589276058052,0.0132271610251538,-0.0319832001445585,0.552105516072052,-0.0207102377188758
TMS18F1132P0083,0.437728295236274,4.88453210822634,-0.0654376746135483,-0.391043833403318,0.0934868727101928,-0.107348522360786
TMS18F1132P0144,-1.45295058492627,0.914196123443282,-0.0708856095760721,-0.952655079480881,-0.486766132829297,-0.203106626438688
TMS18F1133P0001,NA,0.337797386598804,NA,NA,-1.56905159826743,NA
TMS18F1134P0010,0.485818384309537,1.33082732269026,-0.236542754896808,1.06880820495171,0.272876813160885,-0.12295744408777
TMS18F1135P0025,-0.402573429280411,-0.749238070230497,0.312842306902514,0.162338108923714,0.0530984362872762,0.175892023583922
TMS18F1137P0014,NA,-0.205874516696086,NA,NA,0.265172463143229,NA
TMS18F1138P0002,-1.20633109565988,-4.14980582654875,0.0647548995337583,-0.929417692334269,-0.819722952139064,-0.241552622271767
TMS18F1138P0021,NA,-0.354148672140151,NA,NA,-1.33658174327477,NA
TMS18F1138P0028,0.227652864107103,-2.40154522504293,-0.0435057734331728,0.808711306195313,-0.4350178548919,-0.158559816116734
TMS18F1138P0030,0.437728295236274,3.80953709184235,0.0480281943031049,0.328203591135353,0.122544669244299,-0.098053321781796
TMS18F1138P0035,-0.822724291538753,5.14332720476323,0.373381604375617,-0.637721953082872,-0.628308336047817,-0.0870043097728076
TMS18F1138P0037,0.437728295236274,-4.21311090080113,-0.113289095370731,0.31051339888576,1.10779827537443,0.266388693371829
TMS18F1139P0004,NA,-2.38056212987565,NA,NA,-3.17080580468543,NA
TMS18F1139P0076,-0.19249799815124,4.2076833942068,0.0483907050664168,0.191526988364608,-0.125491529517068,-0.111206907506782
TMS18F1139P0081,-1.34323757999429,-0.0553950580351656,NA,0.00187855952539249,0.0410731787789974,NA
TMS18F1139P0086,-0.308493887917307,NA,-0.120499277354211,-3.26475873935174,-1.73510273040262,-0.136158688582957
TMS18F1139P0088,-0.341604097406022,0.854833743451796,-0.147771644353579,1.54673392752104,-0.0273096450993188,-0.0864042531591331
TMS18F1139P0097,0.259625011216116,-5.74458354342667,-0.0871272426155016,0.68835432759149,-2.34651075087284,-0.222395345030865
TMS18F1139P0110,NA,-0.716928423915609,NA,0.403135855261251,0.727855103833644,NA
TMS18F1140P0023,1.63426340000723,-1.18432271766754,-0.292802615523841,-0.176930946535712,0.579647179596118,-0.0379896993260591
TMS18F1141P0007,NA,3.30328049548002,NA,NA,-0.27300140208454,NA
TMS18F1141P0009,NA,1.42514119318858,NA,NA,1.18228449384856,0.0851847731655109
TMS18F1141P0021,NA,3.30328049548002,NA,NA,2.78403870026656,NA
TMS18F1142P0005,NA,NA,NA,NA,-1.56905159826743,NA
TMS18F1142P0017,0.929592570655711,7.26822485416459,-0.185066226506505,0.450643670861446,0.142312493870061,0.0027908354431001
TMS18F1142P0029,NA,-0.156449798214732,NA,NA,8.59241489473364,NA
TMS18F1142P0033,NA,0.486071542042864,NA,NA,-1.64228575350988,NA
TMS18F1143P0028,0.601108149175231,-2.14559317568381,NA,0.19331639202401,0.3596281985749,NA
TMS18F1143P0033,NA,-1.63919135265534,NA,NA,1.72045835907633,NA
TMS18F1143P0034,-1.00310768699026,0.580077711721568,NA,0.289163895058076,0.263794887329846,NA
TMS18F1143P0036,NA,-2.62768572228241,NA,NA,3.62791657572943,NA
TMS18F1144P0010,-1.87310144718461,-1.68488188078693,0.148502611061906,0.145049490819702,-0.811848116866303,-0.247653436760642
TMS18F1144P0012,NA,0.337797386598804,NA,NA,-2.79186763920787,NA
TMS18F1146P0009,NA,-5.39546995723822,NA,NA,-1.33658174327477,NA
TMS18F1146P0012,NA,-3.96215312127896,NA,NA,-1.64228575350988,NA
TMS18F1146P0019,NA,-2.28171269291294,NA,NA,-0.95764357779721,NA
TMS18F1147P0007,NA,-3.66560481039084,NA,NA,-2.55939778421521,NA
TMS18F1147P0010,NA,1.91938837800212,NA,NA,-1.80152145326009,NA
TMS18F1148P0001,NA,4.3906243020698,NA,NA,-2.18045961873765,NA
TMS18F1149P0003,-1.34323757999429,1.59843835666594,NA,-0.115718591506593,0.106235870049238,NA
TMS18F1149P0005,NA,2.3642108443343,NA,NA,-1.87475560850254,NA
TMS18F1149P0010,NA,-2.18286325595023,NA,NA,-3.17080580468543,NA
TMS18F1149P0014,NA,0.584920979005573,NA,NA,-2.55939778421521,NA
TMS18F1149P0020,0.451864984245303,-1.6913744293719,0.316286509960627,NA,0.583977489116901,0.00480638571713238
TMS18F1149P0024,1.06795458862379,-2.83950615764381,-0.141927445672378,0.0684529749320749,-0.394020522752096,-0.0920903629198021
TMS18F1150P0007,NA,-2.429986848357,NA,NA,-0.725173722804552,NA
TMS18F1150P0011,-0.993428903511043,-0.62469757764437,0.137994493765239,0.781608442373545,0.678985950427624,0.124680729827974
TMS18F1150P0012,NA,-1.54034191569264,NA,NA,2.17263067979634,NA
TMS18F1150P0015,0.828423818834618,-1.38112553181801,-0.00265369881206592,0.00726896413727627,5.62565325338504,0.139872228540727
TMS18F1151P0011,0.277340675750183,3.05773549440941,-0.156244762719848,-1.03389337820143,4.26418254245821,-0.106423088677048
TMS18F1151P0017,NA,0.535496260524218,NA,NA,-1.87475560850254,NA
TMS18F1152P0003,0.633743113091595,4.30617138917602,-0.180172331201793,0.714067337981681,0.0495973806547162,-0.0761306789068187
TMS18F1152P0010,NA,NA,NA,NA,-0.725173722804552,NA
TMS18F1152P0017,NA,-1.83689022658076,NA,NA,2.94327440001676,NA
TMS18F1152P0024,NA,-6.13684073445852,NA,NA,6.52572097833032,NA
TMS18F1152P0030,NA,-3.41848121798407,NA,NA,7.83453856377852,NA
TMS18F1153P0021,NA,-1.0460947308791,NA,NA,3.08974271050167,NA
TMS18F1153P0023,0.609420712513687,0.0489983076257925,0.135219887650601,-0.648526222080046,3.2290779872902,0.0311604219277009
TMS18F1153P0041,-0.341604097406022,-0.137466305368868,0.418039021516469,-1.39419843448164,0.570728712485631,0.186431028294832
TMS18F1153P0045,0.259625011216116,NA,0.0650333443478993,-3.79184048161084,-2.34651075087284,-0.055843862620741
TMS18F1153P0048,0.745275665564842,3.46789053867954,-0.116495677898451,0.139898524237963,-1.26330302579197,-0.00806540996938063
TMS18F1153P0053,0.437728295236274,2.59519086963081,0.194301287299493,0.228243154235826,0.259586637274163,0.163615343573934
TMS18F1153P0058,0.705929422460472,1.80838430282449,NA,-0.0951893716897564,-0.332233950052369,NA
TMS18F1154P0003,NA,-0.107025079733381,NA,NA,0.497642318135887,NA
TMS18F1155P0005,0.105935437300194,4.90610518606815,NA,-0.000724099402204835,0.625756420563077,NA
TMS18F1155P0013,NA,-0.354148672140151,NA,NA,-3.78221382515565,NA
TMS18F1156P0001,NA,-0.452998109102855,NA,NA,4.23932459619965,NA
TMS18F1156P0009,NA,-5.14834636483145,NA,NA,3.24897841025187,NA
TMS18F1156P0016,1.27803001975296,1.94973863753466,-0.32970802106799,-0.251454193789664,1.36508078738168,-0.126465066947767
TMS18F1157P0033,0.11353271864263,4.16960599406292,0.0340376397309973,2.34746575964976,3.72338898840118,0.113995781444774
TMS18F1157P0038,0.827743910349538,-1.79060606491838,0.23070165965792,-1.4199726414449,7.13031356641556,0.351281983270675
TMS18F1157P0041,0.259625011216116,NA,0.111515821305387,-3.52829961048129,-0.817990699697287,-0.0373381423529493
TMS18F1157P0043,0.259625011216116,-3.32771480968847,0.0121942893449428,4.11438565227562,1.01623336171337,-0.0129105915994643
TMS18F1157P0044,-0.308493887917307,-2.43312740517598,0.111515821305387,-0.749069759971937,-0.977226399447495,0.159932835701709
TMS18F1158P0026,NA,-1.19436888632316,NA,NA,-1.94798976374499,NA
TMS18F1158P0029,NA,-6.87821151167883,NA,NA,-0.725173722804552,NA
TMS18F1159P0001,-0.11625391488812,NA,NA,NA,5.47524165287866,NA
TMS18F1159P0002,0.247127458190064,-0.199555166984364,0.130102002230671,-0.622370448773492,2.0326514441553,0.0706211791026601
TMS18F1159P0009,NA,1.96881309648347,NA,NA,-1.72828729801764,NA
TMS18F1159P0011,-0.330476201423403,-3.05467034401851,-0.0353762930137352,0.243017679970033,4.21495794332085,0.233630128961774
TMS18F1159P0019,NA,NA,NA,NA,5.08320247166253,NA
TMS18F1159P0026,NA,-2.57826100380106,NA,NA,1.72045835907633,NA
TMS18F1159P0030,NA,-0.0576003612520279,NA,NA,0.570876473378338,NA
TMS18F1160P0007,NA,-0.205874516696086,NA,NA,13.0187393485101,NA
TMS18F1161P0007,NA,1.67226478559535,NA,NA,1.72045835907633,NA
TMS18F1161P0009,0.249640041680739,1.26211154140576,-0.0827774522711146,0.320321038621493,1.33896455572219,0.178338938488234
TMS18F1161P0029,NA,0.683770415968278,NA,NA,-0.95764357779721,NA
TMS18F1162P0018,NA,-1.58976663417399,NA,NA,-0.95764357779721,NA
TMS18F1162P0019,NA,-2.92423403317054,NA,NA,-0.346235557326991,NA
TMS18F1163P0004,NA,NA,NA,NA,13.4104449032529,NA
TMS18F1163P0008,0.247127458190064,2.50967770626631,0.0539023748672674,0.117848946978692,1.85192027569525,0.0420340527936895
TMS18F1163P0012,0.609420712513687,2.4848223588053,-0.207678435484715,0.239665861617076,2.87959904668995,-0.00444195010126256
TMS18F1163P0020,0.116286899688479,-1.23699945267081,-0.0589719322833018,1.01266254650136,1.01105881732111,0.103742193610614
TMS18F1163P0024,1.39586280948296,NA,0.0185508673904113,NA,1.32193737194848,0.0922018995215919
TMS18F1163P0035,0.781667841873653,-1.75889753181797,-0.278412748059343,0.920630838821131,-0.121066794118383,-0.116292960653777
TMS18F1163P0040,0.827743910349538,-2.92737458998951,0.144490569916255,-0.365809156926704,-0.817990699697287,0.0241008489361188
TMS18F1163P0042,-0.402573429280411,6.38237256486666,-0.0772192744211878,0.187884255065375,-0.48016673056691,-0.318858180818569
TMS18F1163P0044,-0.612648860409582,2.89380059640413,0.0815604399094641,0.441672685396482,-0.269083057803895,-0.0694661954728254
TMS18F1164P0014,NA,-4.01157783976032,NA,NA,1.41475434884122,NA
TMS18F1164P0016,NA,-7.17475982256695,NA,NA,0.0327026081505689,NA
TMS18F1165P0001,NA,-0.650696983028269,NA,NA,-0.57870541231965,NA
TMS18F1165P0008,0.227652864107103,5.46184424665478,0.128505583758367,0.0329235896808623,1.04421856115845,0.437560688939652
TMS18F1165P0011,NA,-2.18286325595023,NA,NA,-2.41292947373031,NA
TMS18F1165P0018,-0.402573429280411,-1.68488188078693,0.0222899301079536,0.312322636874926,0.101780095861315,-0.15259685725474
TMS18F1166P0011,NA,0.486071542042864,NA,NA,-1.33658174327477,NA
TMS18F1166P0012,NA,1.622840067114,NA,NA,-1.19011343278987,NA
TMS18F1167P0007,0.247127458190064,-2.75965595546895,0.0527650669961718,1.349086894855,3.45639224210603,-0.021453920972245
TMS18F1167P0011,0.830521945947437,-2.03999515567649,NA,-0.158607579696948,-0.355377314905962,NA
TMS18F1167P0018,NA,-1.73804078961805,NA,NA,-1.33658174327477,NA
TMS18F1167P0020,NA,-2.72653515924512,NA,NA,-2.41292947373031,NA
TMS18F1167P0025,NA,-4.90122277242468,NA,NA,-2.79186763920787,NA
TMS18F1168P0005,NA,-2.13343853746888,NA,NA,0.265172463143229,NA
TMS18F1168P0016,NA,-1.1449441678418,NA,NA,-2.18045961873765,NA
TMS18F1169P0001,-0.256357817023428,0.0858305269080317,NA,0.173194811258199,0.691194930285418,NA
TMS18F1169P0006,NA,1.17801760078181,NA,NA,-0.651939567562101,0.0858397619183549
TMS18F1169P0007,NA,-4.35755086912979,NA,NA,0.717344783863239,NA
TMS18F1170P0010,NA,NA,NA,NA,-0.95764357779721,NA
TMS18F1170P0011,NA,-4.06100255824167,NA,NA,-1.94798976374499,NA
TMS18F1170P0012,NA,-0.700121701509624,NA,NA,-0.57870541231965,NA
TMS18F1171P0030,NA,-7.37245869649236,NA,NA,-0.725173722804552,NA
TMS18F1173P0009,0.127774646324469,-4.32554394737507,-0.0361885776893657,1.44987651079344,1.29407490859395,-0.0196159423789581
TMS18F1174P0011,0.857879157494616,-5.0890327660029,-0.0155924446581494,0.161100393654103,0.499946962962139,-0.0131688485698835
TMS18F1174P0015,NA,-1.39206776024857,NA,NA,0.0327026081505689,NA
TMS18F1175P0013,NA,-3.12193290709595,NA,NA,-2.41292947373031,NA
TMS18F1175P0036,0.606859009398799,1.92920503960616,NA,0.138281590570665,-0.142704451108023,NA
TMS18F1175P0039,0.237489998460445,2.70250863503357,-0.12361638848956,1.67754708580305,1.23742359581519,0.25859539408637
TMS18F1175P0052,1.10756891988846,-0.269772978544951,-0.025511048210805,0.357608460063164,0.822427218163897,0.140508258149115
TMS18F1175P0053,0.0175774329779316,-8.7917933779922,-0.172922115935554,0.122396155746328,-0.172948899439514,-0.319384324247568
TMS18F1176P0014,NA,-0.354148672140151,NA,NA,-2.55939778421521,NA
TMS18F1176P0016,NA,-1.24379360480451,NA,NA,-1.33658174327477,NA
TMS18F1176P0023,NA,-1.68861607113669,NA,NA,-3.09757164944298,NA
TMS18F1177P0008,NA,-1.34264304176722,NA,NA,-1.19011343278987,NA
TMS18F1177P0023,NA,NA,NA,NA,-2.18045961873765,NA
TMS18F1177P0037,-1.44473168618415,NA,NA,-3.79184048161084,-3.56932679181327,-0.339721611528664
TMS18F1177P0038,1.11287748451369,-3.32903953535501,0.033281387516827,2.52799623784433,1.75467651306348,-0.0592294456045494
TMS18F1177P0042,0.827743910349538,2.80589275384751,0.164354876308344,-0.629350028056253,3.46186544359425,0.338698093488576
TMS18F1177P0044,0.846933824311472,3.85415588087844,-0.0940133050125686,0.773240820800834,2.12053940134315,0.229453041828754
TMS18F1177P0049,0.259625011216116,3.79438712347458,0.0253047315637215,-0.629350028056253,-0.817990699697287,0.0796180097394937
TMS18F1177P0052,0.827743910349538,-0.604412821365891,-0.126855855399679,-1.4199726414449,-2.04080674063773,0.332776263002883
TMS18F1177P0055,0.49505163802242,3.38913103391207,0.000710545759056931,0.777062743935793,-0.373122844605195,0.248039025121579
TMS18F1177P0058,0.259625011216116,2.01509725814585,-0.1403635837463,-0.629350028056253,-1.73510273040262,0.129213340057175
TMS18F1177P0064,NA,2.65761859840345,-0.252795557925523,-0.557439458449321,-1.96757258539528,0.159932835701709
TMS18F1178P0001,NA,1.96881309648347,NA,NA,4.00685474120699,NA
TMS18F1178P0007,NA,2.75960859218513,NA,NA,6.07354865761031,0.120032051687849
TMS18F1178P0010,-0.19249799815124,0.962791029936597,-0.034805515113685,0.635678957299669,-0.0560846262438035,-0.16241820126273
TMS18F1178P0019,NA,-0.255299235177441,NA,NA,-1.19011343278987,NA
TMS18F1178P0025,0.500120946267116,3.38439088184832,-0.11871428600795,1.70643226263876,1.8038331630549,0.175019943922714
TMS18F1178P0030,0.259625011216116,2.31164556903398,-0.0211777453937665,-1.4199726414449,-2.34651075087284,-0.129866743691907
TMS18F1178P0034,0.315046503907026,3.82930053341742,0.191569570401206,1.76073041879328,1.27611647510271,0.279645866546014
TMS18F1178P0040,0.827743910349538,NA,-0.13360971957299,-3.00121786822219,-2.04080674063773,0.0981237300072853
TMS18F1178P0046,-1.45295058492627,-0.171925931802059,0.217990589682204,0.370451700351702,-0.519617888191265,-0.15189533268274
TMS18F1178P0048,-0.0233672839887142,2.55706645097572,NA,0.293442561423504,0.0402457234226957,NA
TMS18F1179P0008,-0.775612860899041,2.11393730885594,0.123383591655787,1.21255100687558,0.292162102402127,-0.00439979141989247
TMS18F1179P0010,NA,-3.22078234405866,NA,NA,-2.2536937739801,NA
TMS18F1179P0029,-0.822724291538753,1.9581567858477,0.0315100309606582,-0.189738008679376,-0.0717628206073884,-0.0694661954728254
TMS18F1179P0032,-0.308493887917307,-3.86644424113523,-0.246041693752213,-3.26475873935174,-2.95791877134305,NA
TMS18F1180P0018,0.468228691623816,-0.716928423915609,NA,-0.0676123004096123,0.0720580625699159,NA
TMS18F1180P0029,NA,2.46306028129701,NA,NA,-2.79186763920787,NA
TMS18F1180P0033,1.06795458862379,-0.0325747259745037,-0.158965451548042,0.165412839099173,0.979219088634431,-0.0115904182828852
TMS18F1181P0014,NA,-1.58976663417399,NA,NA,-1.87475560850254,NA
TMS18F1182P0007,NA,-1.68861607113669,NA,NA,-2.2536937739801,NA
TMS18F1182P0017,1.19281520027106,2.5907384054866,NA,0.459349749426793,0.986374196056112,NA
TMS18F1183P0023,0.830521945947437,-2.03999515567649,NA,0.721421579418319,0.418366130333542,NA
TMS18F1184P0024,NA,2.3642108443343,NA,NA,0.265172463143229,NA
TMS18F1186P0009,0.609420712513687,0.720092689073203,-0.0984968798595396,-0.377769233101787,1.22537933247797,-0.00900185981925784
TMS18F1186P0019,NA,NA,NA,NA,-1.80152145326009,NA
TMS18F1186P0025,-0.308493887917307,0.384081548261184,0.243812101876699,-1.08452120070842,-1.05046055468995,NA
TMS18F1186P0030,0.468228691623816,1.59843835666594,NA,-0.126476793708474,-0.379541612152678,NA
TMS18F1186P0032,0.745275665564842,-1.62591637859986,-0.130712026287146,-0.377898079886838,0.899438796402268,0.00814262655263692
TMS18F1186P0035,-0.308493887917307,NA,0.058279480174589,-2.66576642748571,-1.96757258539528,0.0611122894717021
TMS18F1186P0039,0.259625011216116,NA,0.237058237703389,-2.92930729861526,2.00657954766115,NA
TMS18F1186P0049,-0.308493887917307,-1.98830493884379,0.23070165965792,-1.53969237336058,-2.50574645062304,NA
TMS18F1188P0020,-0.115165796133558,0.148419697469853,0.0684030502237359,-0.059546714645917,0.685719319469676,-0.0211722413681086
TMS18F1188P0038,0.259625011216116,-2.03772965732515,-0.226177387360124,-0.892890899185802,-1.73510273040262,-0.284204450725289
TMS18F1189P0007,0.830521945947437,-0.0553950580351656,NA,0.24263773098748,0.127483062059652,NA
TMS18F1189P0008,0.436296957566342,-2.37076183861671,NA,0.633100869367165,-0.020737668087544,NA
TMS18F1189P0009,0.830521945947437,0.936904990785495,NA,-0.233495518310039,-0.743352311334115,NA
TMS18F1189P0011,-0.618651071347049,-3.62833473012441,NA,0.213301364749495,0.732310222045746,NA
TMS18F1189P0013,1.27803001975296,0.504922782217487,-0.106945157012771,0.0942264953959168,0.318152164803534,0.000510880584102551
TMS18F1189P0021,NA,0.0906737941920372,NA,NA,1.72045835907633,NA
TMS18F1189P0022,0.830521945947437,-2.03999515567649,NA,0.427183008284026,0.512540953251504,NA
TMS18F1191P0002,0.647803726365445,1.12204955088238,-0.145552553305498,0.382392909919354,0.00569229338371538,-0.112434575507781
TMS18F1191P0013,0.609420712513687,1.76401728243585,-0.116125151861521,-0.24917152853803,1.69954763515683,0.0616767408096694
TMS18F1192P0009,-1.34323757999429,-0.0553950580351656,NA,-0.348466040311566,-0.0353231942690534,NA
TMS18F1192P0011,NA,2.46306028129701,NA,NA,4.77749846142742,NA
TMS18F1192P0021,NA,1.82053894103942,NA,NA,-0.27300140208454,NA
TMS18F1193P0004,NA,-3.76445424735355,NA,NA,-2.86510179445032,NA
TMS18F1194P0007,NA,0.535496260524218,NA,NA,-1.19011343278987,NA
TMS18F1194P0020,-0.115165796133558,-0.000712387296239471,0.0328621792519993,-0.18959549880208,1.92749305904622,-0.114717817379939
TMS18F1196P0019,NA,-2.13343853746888,NA,NA,-0.95764357779721,NA
TMS18F1198P0008,-1.34323757999429,0.606138307845277,NA,0.322862823021504,0.189018090474093,NA
TMS18F1198P0020,0.830521945947437,-2.03999515567649,NA,0.157039530378231,0.206520721891904,NA
TMS18F1198P0023,NA,-0.255299235177441,NA,NA,-2.18045961873765,NA
TMS18F1199P0003,NA,-2.47941156683835,NA,NA,-1.94798976374499,NA
TMS18F1200P0002,NA,NA,NA,NA,-0.27300140208454,NA
TMS18F1200P0013,NA,-1.58976663417399,NA,NA,-1.33658174327477,NA
TMS18F1200P0015,NA,0.881469289893691,NA,NA,1.72045835907633,NA
TMS18F1201P0005,NA,0.584920979005573,NA,NA,-2.18045961873765,NA
TMS18F1201P0006,NA,0.238947949636095,NA,NA,-2.64539932872297,NA
TMS18F1202P0001,0.227652864107103,1.48768739665688,-0.0367993243119011,0.163043656459062,0.0816696855234968,-0.125763542375768
TMS18F1203P0014,NA,-2.72653515924512,NA,NA,-2.26646116324541,NA
TMS18F1203P0018,NA,-3.31963178102137,NA,NA,-1.94798976374499,NA
TMS18F1204P0026,NA,-0.00817564277067206,NA,NA,1.79369251431877,NA
TMS18F1205P0010,0.0175774329779316,2.10907108318227,0.102223553418248,-0.00704789717095456,0.884926651919329,0.343381015148749
TMS18F1205P0015,-0.618651071347049,-4.68612861919826,NA,0.234673948536088,0.327384231103982,NA
TMS18F1207P0008,0.0175774329779316,3.16796081056894,-0.141202424145754,-0.219404493823985,0.796213000656482,-0.262560833915627
TMS18F1207P0010,NA,1.77111422255806,NA,NA,-1.9607571530103,NA
TMS18F1207P0014,NA,-3.91272840279761,NA,NA,-2.1072254634952,NA
TMS18F1208P0003,NA,0.733195134449631,NA,NA,-1.72828729801764,NA
TMS18F1208P0004,NA,-0.700121701509624,NA,NA,-2.03399130825275,NA
TMS18F1208P0005,-0.462685651792693,5.05894545717273,0.405101296165416,-0.580907131331338,0.715007677892038,0.570324214190516
TMS18F1208P0007,-0.19249799815124,-0.0922966713291712,0.105486150288055,-0.0631541085801058,0.0564598633182263,-0.129621927521764
TMS18F1209P0002,NA,-1.0460947308791,NA,NA,2.09939652455389,0.0488283213827716
TMS18F1209P0011,NA,NA,NA,NA,-1.80152145326009,NA
TMS18F1209P0015,1.06795458862379,0.864485428521243,-0.00725469710197368,-0.277550156809688,1.16221162020841,0.258671923079837
TMS18F1210P0008,0.247127458190064,0.0738536550868049,-0.0382195626914741,-1.01687912518001,2.05532063433729,0.0556572765431289
TMS18F1210P0021,0.189968926745421,3.95752408849175,-0.2378115425684,0.361554452236455,0.0213121443502453,-0.186445417853705
TMS18F1211P0001,NA,-2.08401381898752,NA,NA,-2.41292947373031,NA
TMS18F1211P0003,0.81693444052797,-1.70922847273627,NA,0.467277576723892,0.0376044366384941,NA
TMS18F1211P0005,NA,2.56190971825972,NA,NA,0.570876473378338,NA
TMS18F1211P0017,NA,-1.63919135265534,NA,NA,-0.725173722804552,NA
TMS18F1211P0026,-0.308493887917307,-2.8285251530268,-0.00767001704714604,-0.485528888842388,-2.50574645062304,-0.185383904495282
TMS18F1211P0033,0.259625011216116,-2.97679930847087,0.151244434089565,1.35925720906445,2.0798137029036,0.363495758647417
TMS18F1211P0035,0.227652864107103,-2.00339892267849,-0.143377488725626,0.433757515276195,-0.248013105024511,-0.159436721831733
TMS18F1211P0037,0.259625011216116,NA,0.0185508673904113,-3.26475873935174,1.32193737194848,NA
TMS18F1213P0002,NA,-3.31963178102137,NA,NA,0.803346328370998,NA
TMS18F1213P0005,NA,-3.51733065494678,NA,NA,9.50952692543897,NA
TMS18F1214P0013,NA,-1.73804078961805,NA,NA,-1.03087773303966,NA
TMS18F1214P0016,-0.115165796133558,-1.21862441288599,0.0152339072500179,-1.16666793390566,2.92996914748706,0.0209883156337112
TMS18F1215P0006,0.247127458190064,-0.0752784296792874,-0.120105729410355,-0.575872305690819,2.79017580803143,-0.0449925649627406
TMS18F1215P0011,NA,0.387222105080155,NA,NA,7.29636469855075,NA
TMS18F1215P0027,-0.822724291538753,0.924361920419974,0.171100598447526,-0.705687131194126,1.41507727420177,0.020504330886082
TMS18F1216P0001,0.277340675750183,-1.14300137893139,-0.014016328952492,-0.562250901103664,4.1937891467247,0.0615608468311038
TMS18F1216P0006,NA,0.486071542042864,NA,NA,-1.94798976374499,NA
TMS18F1217P0002,NA,-6.82878679319747,NA,NA,-0.5054712570772,NA
TMS18F1217P0013,-0.21684081649742,1.66688530430909,0.256434518072706,1.09365124032932,0.529295537244027,0.393005085081182
TMS18F1217P0019,0.929976385351624,3.23758332071189,-0.260317594319302,0.0920901807447586,4.05719213810942,0.0470705533523236
TMS18F1217P0026,-0.618651071347049,3.25227177136704,NA,0.0394423793462456,0.519637358247807,NA
TMS18F1217P0027,NA,-3.91272840279761,NA,NA,-2.79186763920787,NA
TMS18F1217P0029,NA,NA,NA,NA,-1.94798976374499,NA
TMS18F1217P0033,NA,-5.04949692786874,NA,NA,1.18228449384856,NA
TMS18F1217P0034,-0.822724291538753,-2.58071106110692,0.0220464973377254,-0.0893581460702815,0.578592727449423,0.107493377813992
TMS18F1217P0039,NA,-3.36905649950272,NA,NA,-2.18045961873765,NA
TMS18F1217P0043,NA,0.83204457141234,NA,NA,-0.88440942255476,NA
TMS18F1217P0047,NA,NA,NA,NA,0.0327026081505689,NA
TMS18F1217P0051,NA,-3.22078234405866,NA,NA,-2.41292947373031,NA
TMS18F1217P0057,NA,-0.947245293916391,NA,NA,-1.87475560850254,NA
TMS18F1217P0061,NA,4.53889845751386,NA,NA,2.02616236931144,NA
TMS18F1217P0075,-0.822724291538753,1.08223492064593,-0.0286428321373811,-0.316288524579224,-0.55795430122908,-0.343586921981543
TMS18F1217P0079,0.259625011216116,-1.14808472466078,-0.0382610488909629,-1.08452120070842,-1.66186857516017,-0.216473514545172
TMS18F1217P0091,-0.19249799815124,-1.42608678425004,0.31030473155933,0.23396895699476,0.943452085807682,0.288486717389806
TMS18F1217P0092,0.827743910349538,-3.12507346391493,0.137736705742944,-0.629350028056253,3.76756945382936,NA
TMS18F1217P0095,0.437728295236274,2.39744503927746,-0.224761155089168,0.0779899271065665,-0.12950196931215,-0.256422493910633
TMS18F1217P0111,-1.66302601605544,-0.45062834345716,0.0269746243525084,-0.178952191080188,-0.359297363784668,-0.169608828125722
TMS18F1217P0114,-1.87310144718461,NA,NA,-0.576672404750162,-0.448647419276531,NA
TMS18F1217P0121,0.437728295236274,-0.669608809757606,-0.213160810663185,0.813965718665754,-0.410766464567023,-0.256977384715567
TMS18F1218P0003,0.227652864107102,0.863254454345492,0.141374715855943,-0.54061879842246,0.370973522365935,0.223946456765872
TMS18F1220P0003,NA,-3.61618009190949,NA,NA,-0.0405315470918814,NA
TMS18F1220P0006,0.247127458190064,2.58424374864936,-0.0240032143027794,-0.672500833417586,1.64034998340763,0.116816889421577
TMS18F1220P0023,0.830521945947437,-1.65134599087027,NA,-0.297613269669819,0.0192743498643809,NA
TMS18F1221P0024,0.609420712513687,4.00099855392724,NA,-1.91548424036393,4.20764017955725,0.0241289097538251
TMS18F1221P0048,0.0206891569175995,0.490990392217559,-0.147771644353579,-0.623387580614038,-0.738468117566664,0.0324546813356636
TMS18F1221P0053,-0.19249799815124,-2.34182327968826,-0.00725469710197368,0.831038892501338,-0.244514773206302,-0.106120854359788
TMS18F1221P0055,-0.87661278705073,2.16337141358991,0.204083489092521,-0.365809156926704,3.15616143335914,0.26467521241741
TMS18F1221P0059,-0.618651071347049,-2.37076183861671,NA,0.181134623606729,-0.0244822286801476,NA
TMS18F1221P0068,-1.42848386037689,2.57482049474095,0.370665217971927,-0.659785692328972,0.678629822085742,0.0810787909017169
TMS18F1221P0069,0.827743910349538,NA,0.184219182700432,-3.19284816974481,-2.8846846161006,-0.0869334726706309
TMS18F1221P0070,0.105935437300194,0.936904990785495,NA,-0.535709856947155,-0.393575501429987,NA
TMS18F1222P0004,NA,0.0412490757106813,NA,NA,-1.64228575350988,NA
TMS18F1222P0012,-0.19249799815124,-5.4473644381309,0.045490618959921,0.24429857278178,0.25227806381345,-0.0101873691388865
TMS18F1222P0013,0.830521945947437,0.275371624905056,NA,-0.963652919787678,-0.728766785152606,NA
TMS18F1222P0015,0.609420712513687,1.99657532076626,-0.120105729410355,-2.08246687050174,4.02565548902775,0.0546048902232416
TMS18F1223P0022,0.609420712513687,2.012570757046,-0.0419158132725346,-0.845780560283306,-0.351391723317709,-0.02618921183324
TMS18F1224P0002,0.830521945947437,-2.37076183861671,NA,0.14100410001257,0.0983120096966333,NA
TMS18F1224P0014,0.647803726365445,0.823439824109045,-0.13957112571085,-0.058372862211981,-0.411991486877311,-0.14260013210375
TMS18F1225P0002,0.382982411241221,-2.48590975424443,0.183753600070781,0.0249519723392994,-0.551158177253022,0.0378573601763364
TMS18F1225P0030,-0.19249799815124,0.372846587918859,0.0895356767023279,-0.00779993233677766,0.397019310850614,0.0290980068930732
TMS18F1227P0058,NA,1.72168950407671,NA,NA,-1.42258328778253,NA
TMS18F1231P0011,-0.14824923106474,1.11615935735931,-0.0553201872869366,-0.333461418871813,-0.553148708278988,-0.24973113869486
TMS18F1231P0019,-0.115165796133558,-0.124989124601319,-0.0595440852745161,-0.498618761345233,5.50983864471947,-0.051735840109936
TMS18F1231P0024,0.259625011216116,NA,-0.2925241707097,-2.73767699709264,7.13031356641556,0.18473050086055
TMS18F1231P0039,-0.618651071347049,-0.716928423915609,NA,-0.182654732719723,-0.548457897406089,NA
TMS18F1232P0026,NA,-3.22078234405866,NA,NA,0.10593676339302,NA
TMS18F1233P0013,0.857879157494616,0.524830097335717,-0.214973364479745,0.0795676383005983,0.0664083349477948,-0.147233751011727
TMS18F1236P0002,NA,NA,NA,NA,-2.26646116324541,NA
TMS18F1236P0011,NA,0.337797386598804,NA,NA,-1.19011343278987,NA
TMS18F1238P0026,-0.0700932973930362,-0.83834968829806,0.052836315698505,-0.619794629468041,0.711286251876334,0.195182376048115
TMS18F1238P0028,-1.42848386037689,-1.06361301760148,0.435098639582902,0.0698367953014306,-1.5354530522674,-0.0323774647524071
TMS18F1238P0063,NA,-3.56989593024711,-0.0807706645700331,1.47897694098014,12.9386897608826,NA
TMS18F1240P0024,0.616013019407994,1.67945437419259,0.000720539690890089,-0.350357738986737,-0.102667937978224,0.0217319988870805
TMS18F1240P0026,0.437728295236274,1.16186418111882,0.0204773762913937,0.874393719811034,0.531035405189315,0.0269934331770751
TMS18F1250P0033,0.259625011216116,NA,0.276786850487567,-1.4199726414449,8.65883361759111,NA
TMS18F1250P0036,1.10756891988846,0.788680406863757,-0.183312515325316,-0.517889702194166,0.0248055329652121,-0.0593908589557701
TMS18F1250P0037,-0.21684081649742,-1.29090104355174,0.191569570401206,1.89385101414359,1.58340406462908,-0.0511254273435406
TMS18F1250P0039,-0.308493887917307,-3.37219705632169,0.362997940229232,-2.33031498674923,-1.2829304096826,0.28947287757625
TMS18F1250P0048,-0.308493887917307,-0.456138665921831,0.104761957132077,0.951895198721039,-1.73510273040262,-0.117652968315165
TMS18F1250P0049,0.827743910349538,NA,0.184219182700432,-2.92930729861526,10.5662918342442,0.122921395166126
TMS18F1250P0050,0.227652864107103,-1.08766242724027,-0.172559605172242,-0.323256106113393,-0.71023234133694,-0.257858480650198
TMS18F1251P0030,-0.980945895538828,2.49770631868854,-0.153720202403595,0.682253027290025,-0.521720826192022,-0.093346285507593
TMS18F1251P0032,-0.87661278705073,-3.42162177480305,0.336379769663833,-2.66576642748571,-3.49609263657082,NA
TMS18F1251P0037,-1.44473168618415,-0.752686976809953,NA,2.07796925284617,5.36932366024736,NA
TMS18F1251P0038,0.259625011216116,1.02660288851878,0.0320585957370317,0.424813456461943,1.32193737194848,0.0241008489361188
TMS18F1251P0039,0.259625011216116,3.15186578321698,0.13455841672021,-1.15643177031535,-1.42939872016751,0.301686652952993
TMS18F1251P0048,-0.308493887917307,-5.54688466950125,0.0650333443478993,-1.39587123414672,-2.66498215037325,0.104415674898334
TMS18F1251P0051,0.601108149175231,0.819889933197412,NA,0.202110296313702,-0.12734589463748,NA
TMS18F1251P0052,-0.748728136901866,4.00328796564453,-0.0198503102345729,0.966683717959431,1.16529520048696,0.229273604487366
TMS18F1257P0027,1.11287748451369,3.18306149943102,-0.0791807060569695,2.28862085181296,0.931660438857927,0.0858930558789637
TMS18F1258P0045,-0.0213902943797859,-1.03154784889281,-0.0305200070575521,0.382477613306653,0.148305385644901,-0.0761062680423529
TMS18F1258P0062,0.437728295236274,0.295905222833554,-0.268806212831575,-0.0542864488437623,-0.105824763542788,-0.230992228175659
TMS18F1258P0070,NA,-2.429986848357,NA,NA,-2.2536937739801,NA
TMS18F1258P0078,NA,2.80903331066649,NA,NA,-1.94798976374499,NA
TMS18F1258P0084,0.259625011216116,-2.53197684213868,-0.28577030653639,-0.365809156926704,1.01623336171337,0.129213340057175
TMS18F1258P0088,-0.87661278705073,0.334656829779828,-0.153474025965078,-0.365809156926704,-3.56932679181327,-0.210181569654123
TMS18F1258P0101,0.745275665564842,-1.03053634930746,-0.201793768230619,0.411658728736898,-0.421394670452176,-0.135028362725186
TMS18F1258P0111,-1.44473168618415,NA,NA,-3.52829961048129,-2.95791877134305,-0.055843862620741
TMS18F1258P0113,-0.341604097406022,-1.32822636395366,0.250286110529872,0.804796436352766,-0.570198821646633,-0.0620921983761064
TMS18F1258P0114,0.745275665564842,1.58252044592029,-0.0511004753104555,1.3942954661101,0.143356903295872,-0.0566895195354338
TMS18F1258P0116,-0.87661278705073,NA,-0.0342881876125452,NA,-3.87503080204838,0.135135170542869
TMS18F1258P0119,NA,1.57027479181367,-0.199956502922566,-1.947054383704,0.0991213310080422,0.258753381931717
TMS18F1258P0122,0.259625011216116,0.977178170037425,-0.0609063581779442,1.21543606985059,-2.65221476110794,0.351281983270675
TMS18F1258P0124,0.259625011216116,0.631205140667951,-0.180092196530478,-1.947054383704,-3.56932679181327,-0.314923946369823
TMS18F1258P0125,-0.703897351729644,0.391760387335488,0.102436087287447,-0.1558129528723,-1.11090299588477,-0.302511406786036
TMS18F1258P0128,-0.308493887917307,1.57027479181367,0.0717872085212094,0.424813456461943,-1.42939872016751,-0.00661864670841526
TMS18F1258P0131,-0.618651071347049,1.92920503960616,NA,-0.212063009266293,-0.306613981245131,NA
TMS18F1258P0136,-0.87661278705073,0.532355703705242,-0.0342881876125452,-1.947054383704,-3.26362278157816,-0.055843862620741
TMS18F1258P0146,1.39586280948296,1.47142535485096,-0.113745413180901,-1.15643177031535,-1.1236947099324,0.240247661663925
TMS18F1258P0147,0.857879157494616,2.41602503356681,-0.0511184994627247,0.431863811086698,1.23172184807529,0.194657805884902
TMS18F1258P0153,0.227652864107102,0.94288371481838,0.0106895856819698,0.525845656357614,0.481782316506235,-0.0484204583128471
TMS18F1258P0156,0.0175774329779316,0.544737412453941,-0.132139655062955,0.553478590476313,-0.491995208466315,-0.290095673366598
TMS18F1259P0022,0.110184561932462,2.26118866711844,-0.203069220479296,-0.43802943988029,0.0492277182725237,-0.0834310563956006
TMS18F1259P0069,NA,NA,NA,NA,-0.88440942255476,NA
TMS18F1259P0083,0.315046503907026,1.19463370254979,0.0979249531143636,1.77555134868959,2.19737452284123,0.0378270457683674
TMS18F1259P0084,1.10756891988846,-1.49360970542377,-0.301308206951482,-1.44715490535804,0.14074740065473,-0.189055151131912
TMS18F1259P0092,0.382982411241221,0.590220397099618,-0.068160093376889,1.48898720212237,0.384617398409569,-0.0566895195354339
TMS18F1259P0093,1.10756891988846,-1.79129972006997,-0.255815892107659,-0.83685416081564,1.3230024767133,-0.0296761253320709
TMS18F1259P0095,0.468228691623816,2.25997172254638,NA,-0.0275177319697463,-0.286194244591017,NA
TMS18F1259P0098,1.39586280948296,0.581780422186598,-0.219820809314655,-0.820980329578869,7.20354772165801,NA
TMS18F1259P0099,0.830521945947437,-2.03999515567649,NA,-0.278879299965115,-0.109354098985003,NA
TMS18F1259P0104,-0.308493887917307,NA,-0.0740168003967229,NA,-3.87503080204838,-0.296418226102032
TMS18F1259P0108,0.259625011216116,NA,-0.10699154900759,-3.26475873935174,-2.04080674063773,-0.06213580751179
TMS18F1259P0109,-1.34323757999429,-1.15709880605673,NA,-0.12905548253321,0.414621569740938,NA
TMS18F1259P0110,0.259625011216116,-0.456138665921831,-0.0211777453937665,0.161272585332393,0.0991213310080422,-0.191675849386331
TMS18F1259P0113,0.580990164109249,0.175564456648165,-0.140503540545044,1.73161110137647,2.69672787591865,0.176069995201499
TMS18F1259P0114,1.55510845459468,0.275371624905056,NA,0.221301102355179,0.578255281425945,NA
TMS18F1259P0115,0.827743910349538,-4.06414311506065,-0.219820809314655,-1.4199726414449,-2.04080674063773,-0.27791250583424
TMS18F1259P0131,0.437728295236274,5.58128813736411,-0.235455222606872,-0.755250602213052,0.93958191440471,-0.0736753429048211
TMS18F1259P0133,0.827743910349538,NA,-0.0740168003967229,-2.85739672900833,0.551293651728053,0.26467521241741
TMS18F1259P0139,-0.703897351729644,2.11174713862464,NA,0.469952353034232,2.1739379662141,0.3701221088777
TMS18F1259P0142,0.105935437300194,-0.716928423915609,NA,0.00727563820347881,0.241250166275427,NA
TMS18F1259P0144,0.315046503907026,3.10849545704798,0.0558623590611719,2.00652014899298,0.546301837919351,-0.0366114654648572
TMS18F1259P0149,0.259625011216116,-1.24693416162349,-0.113745413180901,-2.13868468522661,-2.27327659563038,-0.00661864670841526
TMS18F1260P0004,-0.341604097406022,-0.369002983427014,-0.00560816046663256,-0.321660215618436,-0.617943995092806,-0.0269747859117347
TMS18F1260P0009,NA,0.634345697486924,NA,NA,-2.48616362897276,NA
TMS18F1260P0023,NA,-0.601272264546918,NA,NA,-3.17080580468543,NA
TMS18F1260P0035,NA,0.733195134449631,NA,NA,-0.419469712569442,NA
TMS18F1260P0052,-1.44473168618415,2.85531747232886,NA,-2.40222555635616,3.84080360907181,0.0241008489361188
TMS18F1260P0054,0.189968926745421,0.623579635536302,0.0183023117115217,0.832398083375809,-0.22034199365533,-0.0380729708758578
TMS18F1260P0056,-0.308493887917307,-0.406713947440475,0.0121942893449428,-2.47413612596309,-2.34651075087284,-0.197967794277381
TMS18F1260P0058,0.827743910349538,3.10244106473563,-0.160227890138389,-1.4199726414449,-2.65221476110794,-0.216473514545172
TMS18F1260P0060,0.441072336676498,0.716133547352283,-0.131858297783155,0.476659553329313,-0.6296845937907,-0.23216958314991
TMS18F1260P0062,0.259625011216116,0.285232111298475,-0.0275343234392349,-1.68351351257445,-2.04080674063773,-0.160956353741797
TMS18F1260P0071,0.259625011216116,NA,-0.120499277354211,-1.4199726414449,-2.95791877134305,-0.185383904495282
TMS18F1260P0078,0.259625011216116,-0.209015073515061,-0.120499277354211,2.26959955436878,1.32193737194848,NA
TMS18F1261P0005,-0.253805259600753,1.21005015684378,-0.0902696619004197,0.43330466054683,-0.103058530318662,-0.150141521252742
TMS18F1261P0015,NA,3.84695239877491,NA,NA,-1.49581744302498,NA
TMS18F1262P0003,NA,1.96881309648347,NA,NA,-1.03087773303966,NA
TMS18F1262P0008,0.0175774329779316,2.67482013010369,0.32843026972493,0.151498852174945,0.507102700397687,0.246395243069849
TMS18F1262P0015,0.0175774329779316,5.08360525940856,0.0917107412821998,0.446533566127658,0.241577173688287,0.270422459660825
TMS18F1262P0017,NA,-1.7874655080994,NA,NA,-2.79186763920787,NA
TMS18F1263P0015,NA,NA,NA,NA,-2.18045961873765,NA
TMS18F1263P0023,NA,3.84695239877491,NA,NA,-2.18045961873765,NA
TMS18F1263P0036,NA,0.782619852930987,NA,NA,-2.2536937739801,NA
TMS18F1263P0037,0.0175774329779316,-0.609886864402938,0.246865347979732,0.187597604623182,0.221962786667441,0.00208931087110081
TMS18F1263P0047,NA,NA,NA,NA,-3.17080580468543,NA
TMS18F1263P0056,0.307608110016017,3.65468777072061,-0.135688788713999,0.325658870169634,0.474287471033319,-0.0976564999215749
TMS18F1263P0059,NA,0.683770415968278,NA,NA,-3.17080580468543,NA
TMS18F1263P0064,NA,1.96881309648347,NA,NA,-1.26334758803232,-0.0671707701414558
TMS18F1263P0093,0.827743910349538,-2.77910043454545,-0.246041693752213,3.85084478114607,2.54475341288892,-0.0373381423529493
TMS18F1263P0095,-0.308493887917307,-3.56989593024711,-0.0672629362234127,-2.47413612596309,-3.56932679181327,-0.240901065298657
TMS18F1263P0097,-0.308493887917307,-0.159590355033708,-0.0609063581779442,-0.892890899185802,-2.65221476110794,0.0241008489361188
TMS18F1263P0098,-0.748728136901866,2.68595455021072,0.0171204961174428,1.77459768935299,0.155885068314684,-0.101266629507429
TMS18F1263P0103,-0.341604097406022,-1.29514969565964,0.0910630085764912,0.392497710647836,-0.134224378627831,-0.107204566695722
TMS18F1263P0109,-0.87661278705073,0.186382674335766,0.0980080929587668,0.161272585332393,0.404825341243151,NA
TMS18F1263P0110,0.259625011216116,1.47142535485096,-0.113745413180901,-1.4199726414449,-1.73510273040262,-0.117652968315165
TMS18F1264P0016,NA,0.83204457141234,NA,NA,-1.49581744302498,-0.0731290249923083
TMS18F1264P0028,NA,-2.03458910050617,NA,NA,-1.49581744302498,NA
TMS18F1264P0035,NA,NA,NA,NA,-1.49581744302498,NA
TMS18F1264P0058,-0.19249799815124,4.10814681861569,0.15732518944167,0.143801649910756,0.552900778537785,0.160809245285937
TMS18F1264P0060,0.247127458190064,2.78308652833748,0.0121063106045051,-0.622854141970961,-0.0888025290041178,-0.0574070552872079
TMS18F1264P0063,-1.25249171315497,-1.34540140000243,NA,NA,0.131805168396891,NA
TMS18F1264P0069,-0.477459050457179,3.4541809097849,0.0647067996426753,-0.758716329657559,0.71154435501944,0.132995007464898
TMS18F1264P0089,-0.87661278705073,NA,0.084897650739988,-3.52829961048129,-3.87503080204838,-0.191675849386331
TMS18F1264P0106,-0.308493887917307,-1.29635888010484,0.0253047315637215,0.951895198721039,-1.1236947099324,-0.0314163118672559
TMS18F1264P0109,-1.44473168618415,NA,NA,-1.87514381409706,1.08946751695582,NA
TMS18F1264P0118,-0.980945895538828,-0.963165712310199,0.160461096986557,0.22053879683641,-1.22836222182457,-0.42290969478862
TMS18F1264P0119,0.468227121755658,0.988357717037106,-0.262333104093222,0.139589142344416,-0.340335095378825,-0.272715223017923
TMS18F1265P0026,-0.684372814021542,-0.999428370632955,-0.154100265404037,NA,-2.31382691348399,NA
TMS18F1265P0029,-0.684372814021542,-0.554605904300772,-0.0877534820544606,NA,-5.22439870535018,NA
TMS18F1265P0030,-1.87310144718461,-0.552269376756628,NA,-1.05466400325105,-1.0421247542308,NA
TMS18F1265P0031,-0.618651071347049,-0.386161740975387,NA,-0.113091962476134,0.466143087922774,NA
TMS18F1265P0033,-0.11625391488812,-0.653455341263477,0.408854177747761,NA,1.12215135434467,NA
TMS18F1266P0005,NA,0.140098512673386,NA,NA,-2.79186763920787,NA
TMS18F1266P0023,0.307608110016017,0.666282336284013,0.0774435525475757,0.478374136340569,2.39574493083231,-0.0207768984471079
TMS18F1267P0012,NA,-1.83689022658076,NA,NA,-1.56905159826743,NA
TMS18F1268P0019,0.867032649218422,2.99333717199525,-0.209354447648409,-0.290497376662347,0.6500651858611,-0.0131688485698835
TMS18F1269P0003,0.153442635711039,3.45678589359912,-0.237298160848991,-0.362007944078584,0.502042276512498,0.0690193529944008
TMS18F1269P0025,-0.308493887917307,2.90474219081021,0.0717872085212094,-1.4199726414449,0.404825341243151,-0.0373381423529493
TMS18F1269P0030,0.745275665564842,2.47559048985888,-0.270032240496353,0.020161717817033,-0.434442183657887,-0.143132380986195
TMS18F1269P0031,-0.87661278705073,-0.357289228959121,0.422590859405499,1.21543606985059,4.07327346406447,NA
TMS18F1269P0034,0.0491028437048026,4.71219776567295,-0.00324665468726043,1.27391925507691,0.452469231823606,-0.016832089622886
TMS18F1270P0012,NA,-1.34264304176722,NA,NA,-1.33658174327477,NA
TMS18F1270P0032,NA,2.51248499977837,NA,NA,-2.55939778421521,NA
TMS18F1270P0039,0.745275665564842,0.821757075157776,-0.19895049855288,0.338994340872768,-0.491002241099084,-0.178249793450567
TMS18F1270P0042,0.827743910349538,3.3495646571424,-0.213066945141345,-1.4199726414449,-2.65221476110794,-0.216473514545172
TMS18F1271P0001,0.857879157494616,-0.271462507393167,-0.17672847895033,0.301376060952358,0.533185253499789,0.0371655394710647
TMS18F1271P0002,0.259625011216116,2.11394669510856,-0.0473986298313238,1.21543606985059,-0.512286689462178,0.135135170542869
TMS18F1272P0001,NA,0.140098512673386,NA,NA,-1.33658174327477,NA
TMS18F1272P0026,1.55510845459468,NA,NA,0.0608389332357002,0.490466305884788,NA
TMS18F1272P0037,-0.194079915466057,-5.34782786253979,-0.0536560748059086,0.944225441330917,0.872106231803022,0.0175228514550848
TMS18F1272P0038,0.500120946267116,3.8829401594449,-0.249392912716211,2.17909167905661,2.8810697402826,0.0279127607578083
TMS18F1273P0011,NA,0.436646823561508,NA,NA,-1.33658174327477,0.147045445891212
TMS18F1273P0019,NA,2.31478612585295,NA,NA,-0.725173722804552,NA
TMS18F1274P0020,-0.19249799815124,1.65954705907438,-0.147183851740402,-0.402618707520661,-0.89981406063974,-0.447114610551289
TMS18F1274P0025,-0.0233672839887142,2.5907384054866,NA,0.584994578270185,0.238057242587024,NA
TMS18F1275P0004,-0.0201500824575892,1.70565593834948,-0.0834720002358816,0.580052025592741,1.00195586984338,-0.131796700665213
TMS18F1275P0006,NA,NA,NA,NA,-3.17080580468543,NA
TMS18F1275P0015,NA,0.782619852930987,NA,NA,-2.55939778421521,NA
TMS18F1276P0008,NA,4.09407599118168,NA,NA,-2.2536937739801,0.0343995920631888
TMS18F1276P0010,-0.341604097406022,-0.335926315132995,-0.0539437449881944,-0.386384791134035,-1.2468718840395,-0.13232702330485
TMS18F1276P0027,0.259625011216116,-2.0871543758065,-0.00131343900167761,4.11438565227562,3.15616143335914,0.141427115433918
TMS18F1276P0028,0.259625011216116,0.285232111298475,0.0253047315637215,0.161272585332393,-2.95791877134305,-0.0806415277795816
TMS18F1276P0035,-0.87661278705073,1.22430176244419,0.0650333443478993,0.951895198721039,-1.73510273040262,-0.0669472947814159
TMS18F1276P0040,-0.87661278705073,0.136957955854415,0.0650333443478993,3.06022216775743,1.01623336171337,0.283180932685202
TMS18F1276P0041,0.827743910349538,0.285232111298475,0.0121942893449428,2.00605868323923,-1.1236947099324,-0.0129105915994643
TMS18F1276P0042,0.315046503907026,3.45647032150219,-0.0813945267966111,0.595833784063057,0.092918034279476,-0.0259773924315392
TMS18F1276P0049,0.259625011216116,3.20129050169834,-0.126855855399679,-1.947054383704,-2.65221476110794,-0.0806415277795816
TMS18F1277P0007,0.227652864107103,-1.60525262031405,-0.323545338091686,0.0442693281523983,-0.18425066858583,-0.16224282011973
TMS18F1277P0031,-1.2428751537971,1.18177149623704,0.244258204040222,0.0410534103537958,-0.0653678246284602,0.147304897274951
TMS18F1277P0034,-0.618651071347049,-0.386161740975387,NA,0.0794410673746653,-0.332316291467647,NA
TMS18F1277P0045,-0.14824923106474,-2.39836294256684,-0.00556296792650517,0.262158076021536,0.525696310762931,0.0271561518896095
TMS18F1277P0063,NA,1.57341534863265,NA,NA,-3.17080580468543,NA
TMS18F1277P0066,-1.44473168618415,0.186382674335766,NA,-0.365809156926704,-2.34651075087284,0.240247661663925
TMS18F1277P0072,0.259625011216116,-0.752686976809953,NA,4.11438565227562,2.85045742312403,NA
TMS18F1277P0075,-1.44473168618415,NA,NA,-3.79184048161084,-3.26362278157816,0.0859099546305428
TMS18F1277P0077,NA,2.26222085055262,NA,-2.92930729861526,-2.27327659563038,-0.302710170993081
TMS18F1277P0081,-0.87661278705073,NA,-0.054152494004634,-3.00121786822219,-3.87503080204838,-0.284204450725289
TMS18F1278P0009,0.105935437300194,3.78537304207863,NA,-0.385898024566681,-0.414822693440402,NA
TMS18F1278P0024,0.719900954222453,2.77272025313286,-0.27083040645535,0.652578485175211,0.502924699863642,-0.0757566703104732
TMS18F1278P0032,NA,3.69867824333085,NA,NA,-2.48616362897276,NA
TMS18F1278P0037,NA,-1.58976663417399,NA,NA,-1.03087773303966,NA
TMS18F1278P0040,0.105935437300194,4.57533850312792,NA,-0.0248671328364262,-0.384824185721081,NA
TMS18F1278P0068,-0.402573429280411,2.92929754939577,0.206445397870445,0.268120308842677,0.887853066543993,0.335313482570757
TMS18F1278P0077,NA,2.01823781496483,NA,NA,-2.2536937739801,-0.0113199192978843
TMS18F1278P0080,NA,2.11708725192753,NA,NA,-2.55939778421521,NA
TMS18F1278P0084,0.451864984245303,3.39937157420752,0.203457249653562,NA,-2.31382691348399,-0.0692164953540339
TMS18F1278P0086,1.58810278251215,NA,-0.239914069017861,NA,-3.53664295442442,-0.284993193676484
TMS18F1278P0094,0.382982411241221,-2.38667974936236,-0.00560816046663256,-0.708913870914702,-0.693756947093596,-0.071299995808084
TMS18F1278P0095,-0.684372814021542,-1.6913744293719,0.349261258571495,NA,-4.68622484012241,0.0173902754992308
TMS18F1278P0098,-0.45535888134821,-1.06775511212205,0.0415030005634892,0.285716818283313,-0.320135239655766,-0.131726501237762
TMS18F1278P0105,-0.684372814021542,NA,0.269804033003139,NA,-5.29763286059263,-0.099935990998568
TMS18F1278P0118,0.647803726365445,4.8447174779899,-0.21787345058624,0.459195494219533,0.0790112144846025,0.0129629417370897
TMS18F1278P0128,0.13400287374315,2.64195037349487,-0.00188648376072836,0.167949056356019,1.41147160808332,0.0178337012700238
TMS18F1278P0136,-0.684372814021542,-2.03734745874138,-0.173964571796126,NA,9.68186364092774,NA
TMS18F1278P0137,-0.684372814021542,-2.43274520659221,0.100957428670384,NA,-5.06516300559997,-0.257234613274797
TMS18F1278P0141,0.0206891569175995,0.920987080039848,-0.255815892107659,0.0212555156143672,-0.593684345416911,-0.201211178523425
TMS18F1278P0152,-0.11625391488812,1.02698508710255,0.0977791396476495,NA,-2.31382691348399,0.152852147859465
TMS18F1278P0165,-0.19249799815124,-0.472235225755667,-0.236724010278464,0.0223320883159947,-0.311648285564258,-0.334306386245715
TMS18F1278P0167,-1.25249171315497,-0.455756467338063,NA,NA,-3.46340879918197,NA
TMS18F1278P0168,-0.11625391488812,-0.455756467338063,0.110889581866428,NA,0.510743333874451,-0.00740738965961002
TMS18F1278P0174,1.9174017089183,1.92920503960616,NA,-0.056914023464885,0.232498850566521,NA
TMS18F1278P0175,-0.11625391488812,NA,-0.0877534820544606,NA,-4.45375498512975,-0.272779418299742
TMS18F1278P0180,-1.03279972266792,-3.95431580426424,0.0472278434399312,0.329505413408725,-0.629313597289958,-0.111031526363783
TMS18F1278P0181,0.451864984245303,0.285614309882243,-0.00154239231279488,NA,-0.17389884183822,NA
TMS18F1278P0183,-0.612648860409582,-1.76451114125982,0.0978734242585036,0.112031709866284,-0.0225822196045815,0.0561067029150451
TMS18F1278P0184,NA,NA,NA,NA,-6.52044890153307,-0.173958872069735
TMS18F1279P0001,NA,2.06766253344618,NA,NA,-1.94798976374499,-0.0985063074173567
TMS18F1279P0006,-0.817062256593853,4.81875405401773,0.189142489481417,-0.282908286036465,-0.185410583726828,0.00685010313105427
TMS18F1279P0008,-1.17077792594009,6.10977298825374,0.43932817887284,0.253563702456357,0.155210808841576,0.0149172104147071
TMS18F1280P0031,NA,-0.107025079733381,NA,NA,-2.71863348396542,NA
TMS18F1280P0032,-0.29077822338324,0.775445382121889,0.0209448502975843,1.0055356971403,-0.714790168981192,-0.035377861922204
TMS18F1280P0057,0.647803726365445,6.15867443771752,0.0355215729688412,0.403898128195804,1.24315383796432,0.232364751629863
TMS18F1280P0058,NA,1.82053894103942,NA,NA,-1.80152145326009,NA
TMS18F1280P0071,-0.308493887917307,-3.56989593024711,-0.00767001704714604,-2.47413612596309,-3.56932679181327,0.0981237300072853
TMS18F1280P0080,0.827743910349538,-0.505563384403184,-0.120499277354211,2.00605868323923,1.32193737194848,0.258753381931717
TMS18F1280P0084,-1.34323757999429,-1.37846178979605,NA,-0.182630762616862,-0.394402956786288,NA
TMS18F1280P0086,-1.87310144718461,4.94425405358101,NA,0.509698645930298,1.17004170282935,0.552961481033533
TMS18F1280P0091,0.189968926745421,1.23115877899645,0.104217362616464,1.15785527610095,0.0867944586575023,0.0904814069430096
TMS18F1280P0092,-0.308493887917307,4.04151071588135,0.084897650739988,-0.749069759971937,-2.20004244038793,-0.06213580751179
TMS18F1280P0097,NA,3.89637711725626,NA,NA,-2.55939778421521,NA
TMS18F1280P0103,-0.87661278705073,-0.357289228959121,-0.0243560344165007,-1.4199726414449,-2.95791877134305,-0.129866743691907
TMS18F1280P0105,-0.308493887917307,-0.851536413772658,0.197329624919211,-0.102268285797156,-3.56932679181327,NA
TMS18F1280P0107,-0.822724291538753,2.39611771844859,0.0531033449894727,0.454629345009898,-0.10910976634465,-0.186971561282705
TMS18F1280P0110,-0.703897351729644,-2.68436976400857,0.164988020197704,-1.11928867215644,-0.441846191249349,-0.0593908589557701
TMS18F1280P0112,0.0175774329779316,5.26277109547256,0.2292835759591,0.709340801792032,-0.0413916326073263,0.215528161901881
TMS18F1280P0118,0.259625011216116,0.828904014593365,-0.0740168003967229,-0.102268285797156,-1.1236947099324,-0.216473514545172
TMS18F1280P0120,-0.308493887917307,2.26222085055262,-0.13360971957299,-1.4199726414449,-1.1236947099324,NA
TMS18F1280P0121,-1.42848386037689,0.127147040983314,0.418039021516469,1.20545889298423,-0.540720166688454,-0.0485855012744249
TMS18F1280P0123,0.259625011216116,2.7070433168848,-0.0938811067888118,-3.00121786822219,-3.26362278157816,-0.253484955080755
TMS18F1280P0126,0.227652864107103,-0.351091767866055,-0.0587312254922764,0.199366308314962,-0.262843940075649,-0.260456260199629
TMS18F1280P0130,0.259625011216116,0.532355703705242,-0.166584468183857,1.21543606985059,-1.73510273040262,-0.154664408850748
TMS18F1280P0136,1.06795458862379,3.41139078947791,-0.144827531778874,-0.309806678507113,-0.351090621212738,-0.215734068734675
TMS18F1280P0140,-0.402573429280411,-4.29274016127402,0.00670196728553803,0.808985461263578,-0.469187637805444,-0.247828817903642
TMS18F1280P0145,0.259625011216116,2.75646803536616,0.058279480174589,1.21543606985059,0.404825341243151,-0.0251243669762068
TMS18F1280P0151,-0.402573429280411,2.19704456726637,0.0987797011667837,0.196707281179736,-0.485374839847071,-0.105419329787788
TMS18F1280P0152,0.827743910349538,-2.97679930847087,-0.180092196530478,4.64146739453472,3.15616143335914,-0.216473514545172
TMS18F1280P0153,0.560263650527875,4.70512412340555,-0.215147957004708,0.750561607829525,2.055657916714,-0.134533606285368
TMS18F1281P0003,-1.07374443963457,1.26767167372572,NA,0.215856083471369,0.180818411669388,NA
TMS18F1281P0009,NA,-0.255299235177441,NA,NA,-3.17080580468543,NA
TMS18F1282P0038,0.259625011216116,0.878328733074721,0.0253047315637215,-2.21059525483355,-2.34651075087284,-0.17317012911854
TMS18F1282P0049,-1.03279972266792,1.40075196253749,0.229868054460368,-0.753498603903297,-0.519262194597137,-0.0729738183328218
TMS18F1282P0053,0.580990164109249,2.53682246544463,0.125154948211956,1.58817660162497,2.11173829862403,0.0239718085418081
TMS18F1282P0055,0.259625011216116,0.285232111298475,-0.0342881876125452,-0.102268285797156,-2.34651075087284,-0.129866743691907
TMS18F1284P0003,-0.612648860409582,2.41602503356681,0.357572492070954,0.573362685431787,0.785948949344394,0.283576045385811
TMS18F1284P0014,NA,2.3642108443343,NA,NA,-0.725173722804552,NA
TMS18F1285P0003,NA,3.40212993244273,NA,NA,0.191938307900777,NA
TMS18F1285P0026,NA,1.32629175622588,NA,NA,-1.03087773303966,NA
TMS18F1286P0001,NA,-1.34264304176722,NA,NA,-1.03087773303966,NA
TMS18F1286P0003,-0.0924757479466108,5.88753399484139,0.263636155038177,0.280914768778541,1.38096822254935,0.0627688358536044
TMS18F1286P0006,0.830521945947437,0.275371624905056,NA,-0.0354815144211379,0.152909553830068,NA
TMS18F1286P0012,-1.03279972266792,1.97806410096593,0.168233370321772,0.626763954458185,0.434659728607569,0.139588126982959
TMS18F1287P0003,NA,-2.87480931468918,NA,NA,-1.03087773303966,NA
TMS18F1287P0005,0.277340675750183,2.19774211876484,-0.014016328952492,-0.142232637740946,-0.944916106706089,0.0453921867458509
TMS18F1287P0017,NA,2.71018387370378,NA,NA,-2.55939778421521,NA
TMS18F1287P0029,-0.402573429280411,5.5613808222459,-0.0871883204122677,0.0284469968973545,-0.705253238055595,-0.2879910996506
TMS18F1287P0039,-0.105880530818695,1.81493167777449,0.156600167915046,0.918303222979565,0.504825924361974,0.211669776755885
TMS18F1287P0045,1.39586280948296,-0.653837539847244,-0.0740168003967229,-0.365809156926704,4.37897747429958,0.0674042343627512
TMS18F1287P0047,0.259625011216116,-0.851536413772658,0.343133633837143,-1.08452120070842,-1.35616456492506,0.277259102199508
TMS18F1287P0087,NA,1.61969951029503,0.323269327445055,1.02380576832797,1.08946751695582,NA
TMS18F1287P0116,-0.341604097406022,2.0455938020366,0.0839548343821439,-0.211503918242037,0.288352925611607,0.199397457512446
TMS18F1288P0003,-0.454769002270232,1.93553374853995,0.251694422391673,0.176898563339363,1.46218846727109,0.0859469986239726
TMS18F1288P0006,NA,2.95730746611055,NA,NA,-2.48616362897276,NA
TMS18F1288P0021,-0.315999540021705,1.57603312617437,-0.0692869734719268,0.607634631446172,1.97053193725036,0.102368042318565
TMS18F1288P0027,0.81693444052797,2.25997172254638,NA,-0.054287394434426,-0.533596552772478,NA
TMS18F1288P0031,NA,0.486071542042864,NA,NA,-0.27300140208454,NA
TMS18F1288P0032,NA,3.94580183573762,NA,NA,-2.2536937739801,NA
TMS18F1289P0004,-0.454769002270232,5.4152823930821,0.278421157362419,0.365314144237804,0.184223890858264,-0.0483949569138891
TMS18F1289P0007,NA,4.53889845751386,NA,NA,-0.725173722804552,NA
TMS18F1289P0010,NA,4.68717261295792,NA,NA,0.191938307900777,NA
TMS18F1289P0012,NA,4.63774789447657,NA,NA,3.55468242048698,NA
TMS18F1289P0014,-0.402573429280411,5.03211187014509,-0.0563749055307485,0.151311907872223,0.113874328718552,-0.109803858362784
TMS18F1289P0016,-0.0924757479466108,6.98116928312607,-0.132146984103083,0.0972220104260279,0.0236504604024752,-0.129386191905022
TMS18F1289P0024,NA,4.19292542814439,NA,NA,-1.19011343278987,NA
TMS18F1289P0025,NA,4.44004902055115,NA,NA,-0.725173722804552,NA
TMS18F1290P0008,NA,-0.996670012397747,NA,NA,-2.64539932872297,NA
TMS18F1290P0016,NA,NA,NA,NA,-2.79186763920787,NA
TMS18F1290P0024,NA,2.75960859218513,NA,NA,-1.33658174327477,NA
TMS18F1291P0014,0.647803726365445,-3.01867199370781,-0.165490645287658,0.734235262578449,0.203101587955391,0.15852929042694
TMS18F1291P0025,0.828423818834618,4.9164589541494,-0.193536803584852,-0.303898685448555,0.0386561841311634,-0.132721354288533
TMS18F1291P0026,0.0175774329779316,1.99797141608415,0.115455196279135,-0.224506486151514,-0.457585931786588,0.143972655557955
TMS18F1291P0028,-0.684372814021542,0.335039028363596,-0.180321149841595,NA,-5.37086701583508,-0.198756537228575
TMS18F1291P0035,-1.25249171315497,-0.15920815644994,NA,NA,1.35462120933733,NA
TMS18F1291P0038,0.451864984245303,6.11773109068197,-0.0214066987048838,NA,-4.45375498512975,-0.204678367714269
TMS18F1291P0042,-1.25249171315497,2.16375361217368,NA,NA,0.743213188867111,NA
TMS18F1291P0045,-0.11625391488812,-4.06376091647688,-0.213693184580304,NA,6.8572933935693,NA
TMS18F1292P0008,NA,2.16651197040889,NA,NA,-1.03087773303966,NA
TMS18F1293P0001,NA,NA,NA,NA,-2.55939778421521,NA
TMS18F1293P0011,NA,-1.24379360480451,NA,NA,1.10905033860611,NA
TMS18F1294P0005,NA,NA,NA,NA,-1.64228575350988,NA
TMS18F1294P0011,-0.960702494810916,0.376154510774572,-0.109400826681171,0.673868906501465,1.92223513145682,0.171486541072351
TMS18F1295P0022,NA,1.91938837800212,NA,NA,-1.33658174327477,NA
TMS18F1295P0023,-1.87310144718461,1.52019585324682,0.33721352178675,0.309829650200255,1.62945617031258,0.32286142141777
TMS18F1295P0024,-2.65121857639891,-0.274121209367408,NA,-0.283924212550668,1.07236670678834,0.197889663118238
TMS18F1295P0030,0.647803726365445,0.405386206626389,-0.139208614947538,0.25775791526517,-0.127976882560847,0.00208931087110081
TMS18F1295P0034,0.0175774329779316,-1.86404771685093,0.0395091913652732,1.14110275926433,1.8779114955875,0.011735273736091
TMS18F1295P0035,-0.822724291538753,0.644273988045052,0.261083241661499,0.044519528198875,0.100539054267319,0.135905122979963
TMS18F1295P0036,0.0206891569175995,-0.00515963219277727,0.329897661506562,0.889360764421835,-0.593472095250929,0.143209597569452
TMS18F1295P0042,0.468228691623816,0.606138307845277,NA,0.384377915453686,0.110256249093942,NA
TMS18F1295P0045,0.968184277970788,2.5907384054866,NA,-0.000796009710789549,-0.259388660560099,NA
TMS18F1295P0049,-0.308493887917307,2.26222085055262,0.204083489092521,-0.749069759971937,4.83114979501959,NA
TMS18F1295P0054,1.39586280948296,0.186382674335766,0.210837353265832,-1.4199726414449,-2.04080674063773,-0.0684277524028393
TMS18F1296P0002,NA,4.44004902055115,NA,NA,-1.64228575350988,NA
TMS18F1296P0004,NA,NA,NA,NA,-3.40327565967809,NA
TMS18F1296P0018,-0.839752304780801,4.15013063869332,0.150004889974843,0.93423584867236,0.251866492799342,-0.0872218495971772
TMS18F1296P0019,NA,3.94580183573762,NA,NA,-1.19011343278987,NA
TMS18F1296P0020,NA,NA,NA,NA,4.47179445119231,NA
TMS18F1296P0021,NA,NA,NA,NA,-2.79186763920787,NA
TMS18F1296P0027,NA,1.37571647470723,NA,NA,-1.03087773303966,NA
TMS18F1296P0031,NA,NA,NA,NA,0.191938307900777,NA
TMS18F1296P0035,-0.477459050457179,2.06228145196804,0.310365299799319,-0.167920701442719,0.641020924256901,0.0737462216832139
TMS18F1296P0042,0.227652864107102,-4.94968156017535,0.121617879255439,0.590071363104125,0.0173630242046761,0.103284230381997
TMS18F1296P0045,NA,1.17801760078181,NA,NA,-0.19976724684209,NA
TMS18F1296P0047,0.827743910349538,-0.906114634256992,-0.13360971957299,-0.102268285797156,-2.60744133978797,-0.166878184227491
TMS18F1296P0067,NA,-0.798971138472331,NA,NA,0.191938307900777,NA
TMS18F1296P0071,0.0175774329779316,4.10814681861568,0.183969730545102,-0.0640351067334252,0.109786750337526,0.290766672248803
TMS18F1297P0005,NA,2.21593668889024,NA,NA,-3.17080580468543,NA
TMS18F1297P0006,NA,2.31478612585295,NA,NA,-1.64228575350988,NA
TMS18F1297P0008,-0.381988231649689,6.16462852619597,0.317279108064556,0.701644016367672,0.00575006857934032,0.074328679149525
TMS18F1297P0009,NA,1.17801760078181,NA,NA,-0.651939567562101,NA
TMS18F1298P0005,NA,-0.205874516696086,NA,NA,-1.56905159826743,NA
TMS18F1298P0008,NA,-1.34264304176722,NA,NA,0.191938307900777,NA
TMS18F1298P0010,NA,-1.68861607113669,NA,NA,-1.94798976374499,NA
TMS18F1298P0012,NA,-1.19436888632316,NA,NA,-1.26334758803232,NA
TMS18F1298P0013,0.929976385351624,0.0831553621399255,-0.236935650085679,0.839897033997558,2.35963384250719,0.144058448409867
TMS18F1298P0017,0.437728295236274,-0.0524820410927209,0.164937915471222,-0.0171140780467223,-0.180508401585888,0.113982480104985
TMS18F1298P0019,NA,0.83204457141234,NA,NA,1.79369251431877,NA
TMS18F1298P0024,0.247127458190064,5.19405523205597,-0.18834420167609,-1.73360760279212,4.17678342357437,0.0486985362276828
TMS18F1298P0026,-2.0910962854064,1.12110691036749,0.323398099740217,0.909352205211421,0.717192444237839,0.0321706644706903
TMS18F1298P0027,NA,0.0412490757106813,NA,NA,2.09939652455389,NA
TMS18F1298P0044,-0.822724291538753,1.57991779860148,0.234358726645468,-0.174714137391192,-0.446798314168908,-0.146984660678745
TMS18F1298P0052,0.259625011216116,0.581780422186598,-0.0807706645700331,0.161272585332393,0.0991213310080422,0.0922018995215919
TMS18F1299P0005,0.337893655527479,2.84660022525933,-0.0857382773590197,0.703525459923154,-0.0272264248722335,0.0473376457650543
TMS18F1299P0007,NA,3.50097936940544,NA,NA,1.41475434884122,NA
TMS18F1299P0012,-1.38085335706926,0.415200410410657,0.245466817854071,1.31567379732812,2.06527972817285,0.351097313334799
TMS18F1299P0020,-1.56433881342804,-1.56659927734021,0.279373660311965,0.392238177518372,0.770102021617428,0.0281789424967039
TMS18F1299P0027,-0.540551632552574,4.9144108144791,0.429359132881761,-0.186279750301291,1.77350038542302,0.184291444405143
TMS18F1300P0009,NA,-2.67711044076377,NA,NA,1.48798850408367,NA
TMS18F1300P0014,NA,-2.13343853746888,NA,NA,-0.419469712569442,NA
TMS18F1300P0015,0.247127458190064,2.43511166388327,-0.159342850963153,-0.79431774805597,0.754989228162766,-0.159030965062687
TMS18F1300P0017,-0.839752304780801,-1.29319045526904,0.288373719660982,0.231552644108461,1.82358819600658,0.0501001770706218
TMS18F1301P0001,NA,1.52399063015129,NA,NA,1.72045835907633,-0.0701422435038256
TMS18F1301P0028,NA,1.32629175622588,NA,NA,-2.41292947373031,NA
TMS18F1301P0044,-1.34323757999429,0.936904990785495,NA,0.330886530730049,-0.0822726965019845,NA
TMS18F1301P0050,-1.34323757999429,-0.716928423915609,NA,0.0500807310338192,0.103870401717136,NA
TMS18F1302P0010,NA,NA,NA,NA,-2.86510179445032,NA
TMS18F1302P0015,NA,4.3906243020698,NA,NA,-1.26334758803232,NA
TMS18F1302P0018,-0.402573429280411,4.98406868381745,-0.0978823879299715,0.143142218311159,-0.424136754946044,-0.214155638447676
TMS18F1302P0023,NA,-2.03458910050617,NA,NA,-0.95764357779721,NA
TMS18F1302P0028,NA,-2.33113741139429,NA,NA,-0.27300140208454,NA
TMS18F1302P0032,NA,3.25385577699867,NA,NA,-1.64228575350988,NA
TMS18F1302P0057,0.849244523752813,2.45146123359213,-0.221255053531841,1.15417214786162,0.223565118439075,0.0601227621830333
TMS18F1302P0059,-1.34323757999429,-1.04769510685583,NA,-0.0569379935677465,-0.181178456084149,NA
TMS18F1302P0063,0.259625011216116,0.878328733074721,-0.0211777453937665,-1.61160294296752,-2.8846846161006,-0.197967794277381
TMS18F1302P0069,0.259625011216116,0.235807392817119,-0.0275343234392349,-1.15643177031535,-2.65221476110794,-0.117652968315165
TMS18F1303P0010,0.247127458190064,4.4235394607645,0.0220577544765913,-0.87786838912946,0.0591783762523958,-0.0542501947132113
TMS18F1303P0027,0.227652864107103,0.0669618496166075,0.044403086669985,0.609558747548881,0.790346227639082,0.16817525329193
TMS18F1304P0015,0.745275665564842,-1.26207302736562,-0.0226677785330661,0.536317625245834,0.337084475129379,-0.0837029137387968
TMS18F1305P0006,0.830521945947437,-1.04769510685583,NA,0.266744809267409,0.141241132884861,NA
TMS18F1305P0007,0.647803726365445,4.36694191515257,-0.136671039604354,0.617428507993499,0.243407846595491,-0.000716787416896344
TMS18F1305P0017,0.437728295236274,3.17250300805925,-0.227117475050696,0.491738789133453,0.0209243738423613,-0.0943703177787999
TMS18F1305P0019,0.857879157494616,-5.50708638348557,-0.0384306227468049,0.657921401834426,0.0959567146843989,0.161510769857937
TMS18F1305P0031,0.0175774329779316,2.95780272386446,0.166569213906126,-0.16613936207513,-0.311355687611644,0.0683833829250322
TMS18F1305P0039,0.781667841873653,2.24891913837201,-0.15769666387645,1.47143219171279,0.858206280572781,-0.0073812708508895
TMS18F1305P0040,-0.402573429280411,1.60207392052496,0.278585039769531,-0.0312055918466257,-0.273737413421695,-0.0149226599998814
TMS18F1305P0076,NA,0.436646823561508,NA,NA,-2.2536937739801,NA
TMS18F1305P0084,NA,NA,NA,NA,-3.47650981492054,NA
TMS18F1305P0100,0.259625011216116,-6.18940600975885,-0.10699154900759,-2.13868468522661,-1.96757258539528,NA
TMS18F1305P0130,-1.34323757999429,1.92920503960616,NA,-0.00609720797742996,-0.0504603573547638,NA
TMS18F1305P0138,0.0175774329779316,6.57665389327521,0.158412721731606,0.741039084031471,1.7572706741079,0.338294962001754
TMS18F1305P0152,0.259625011216116,NA,-0.0342881876125452,1.21543606985059,2.23904940265381,NA
TMS18F1305P0155,-0.482784476699643,2.38769038067853,0.176072825223714,2.20160909363688,1.46629754751076,-0.0119404160275599
TMS18F1305P0156,NA,-0.30786451047777,0.243812101876699,-0.293898587319772,0.478059496485602,NA
TMS18F1305P0160,-0.618651071347049,0.275371624905056,NA,-0.519674426581495,-0.457475998176529,NA
TMS18F1305P0166,0.259625011216116,2.90474219081021,-0.00767001704714604,0.951895198721039,-1.42939872016751,-0.06213580751179
TMS18F1305P0168,-0.653593577376228,2.5907384054866,NA,0.427171023232595,0.539070718830322,NA
TMS18F1305P0169,0.259625011216116,1.61969951029503,-0.0410420517858554,-0.221988017712839,-1.2829304096826,0.0366847387182171
TMS18F1306P0005,NA,-1.54034191569264,NA,NA,1.18228449384856,NA
TMS18F1306P0009,NA,NA,NA,NA,-3.78221382515565,NA
TMS18F1306P0019,-0.341604097406022,-4.13974316894553,0.362719495415091,0.0554660317346335,0.0212096542524712,0.115385801539988
TMS18F1306P0040,0.609420712513687,1.66459589259179,-0.358087401437104,-0.464833463727533,0.0667259569020679,-0.114405926762149
TMS18F1306P0042,NA,3.59982880636814,NA,NA,-1.64228575350988,0.145694776181044
TMS18F1306P0055,NA,3.25385577699867,NA,NA,-1.87475560850254,NA
TMS18F1306P0069,NA,1.42514119318858,NA,NA,-1.64228575350988,NA
TMS18F1306P0073,NA,-1.0460947308791,NA,NA,-3.09757164944298,NA
TMS18F1306P0077,NA,0.683770415968278,NA,NA,-1.94798976374499,NA
TMS18F1306P0079,0.247127458190064,-2.85907734531301,-0.148538426187745,0.772217887679207,2.33302262210555,0.0376495242186942
TMS18F1306P0083,NA,NA,NA,NA,-3.02433749420053,NA
TMS18F1306P0086,NA,NA,NA,NA,-3.40327565967809,NA
TMS18F1306P0094,NA,2.31478612585295,NA,NA,-2.48616362897276,NA
TMS18F1306P0114,1.27803001975296,0.664181303163266,-0.197572847840769,0.101128007841492,0.0928822387431887,-0.133831074953759
TMS18F1306P0119,NA,-1.19436888632316,NA,NA,-3.17080580468543,NA
TMS18F1306P0121,-0.21684081649742,2.70536494741548,-0.184779955337877,2.18644196966622,0.53146502450194,-0.00952480027036176
TMS18F1306P0125,-0.341604097406022,0.954063748333867,-0.0198245088553272,0.882382914304901,-0.690935194286472,-0.126924344464177
TMS18F1306P0127,0.189968926745421,5.24637725351865,0.134305755971359,1.03842627113673,0.546542486828578,0.125031492113974
TMS18F1306P0129,0.368787633256034,-0.23164787715672,0.255384350917564,-0.109689994019314,1.90193100833963,0.222894169907873
TMS18F1306P0130,0.382982411241221,1.38406043615615,-0.068160093376889,0.371017261398366,-0.205804701417936,-0.0604713947239047
TMS18F1306P0135,0.647803726365445,1.7789909497837,0.0743102246432242,-0.121943137448442,0.00291806726906592,0.150637138991948
TMS18F1306P0149,0.647803726365445,2.67085386134863,-0.0518435209893485,-0.447627699068357,-0.240236813154321,-0.0512265566008444
TMS18F1306P0187,-0.618651071347049,0.936904990785495,NA,-0.190690425479699,-0.434414974738213,NA
TMS18F1306P0195,0.827743910349538,NA,-0.0211777453937665,-2.40222555635616,-3.49609263657082,0.0551904589860087
TMS18F1306P0212,-0.308493887917307,-0.653837539847244,0.131380127697476,-1.4199726414449,-2.04080674063773,NA
TMS18F1306P0228,0.259625011216116,-0.55498810288454,0.0781437865666779,0.68835432759149,-1.42939872016751,-0.0991472480473733
TMS18F1306P0230,1.27329740151609,3.30960849020883,-0.230607126307117,1.74940746509013,1.09579073451423,0.00856680286586587
TMS18F1306P0237,0.827743910349538,3.64611296803052,0.0121942893449428,-0.892890899185802,-2.04080674063773,-0.0129105915994643
TMS18F1306P0245,-0.371128344322395,0.312430216451046,0.210621090300726,0.909968040675577,0.195808517941907,0.0127558468311268
TMS18F1306P0265,0.259625011216116,NA,-0.173338332357167,-3.00121786822219,-4.4864388225186,-0.314923946369823
TMS18F1306P0272,0.846933824311472,4.32640748263773,0.021326755522762,1.96223370760551,1.68606422167692,0.0782365232949753
TMS18F1306P0273,0.259625011216116,3.25071522017969,-0.0342881876125452,-0.629350028056253,-1.1236947099324,0.0303927938271681
TMS18F1306P0277,0.827743910349538,1.27372648092555,-0.246041693752213,0.161272585332393,-0.512286689462178,-0.166878184227491
TMS18F1306P0283,-0.308493887917307,0.977178170037425,-0.0740168003967229,1.02380576832797,-1.35616456492506,0.0796180097394937
TMS18F1306P0285,-0.308493887917307,1.52085007333232,-0.00767001704714604,-1.4199726414449,-2.04080674063773,-0.105439192938422
TMS18F1306P0289,-0.308493887917307,-0.505563384403184,0.157601012135033,-1.08452120070842,1.39517152719093,0.363495758647417
TMS18F1306P0290,-0.11625391488812,2.85569967091263,0.236829284392272,NA,-3.84234696465953,-0.0322050548184507
TMS18F1307P0001,0.857879157494616,-1.50571604472293,-0.276056428097815,-0.362694539085998,0.257242059159163,-0.17188878298472
TMS18F1307P0014,NA,0.733195134449631,NA,NA,-0.0405315470918814,NA
TMS18F1307P0038,0.0381626306086534,3.46676250899625,-0.00359026950391558,1.19052420644538,0.86724699742391,0.00753741293210665
TMS18F1307P0042,-0.477459050457179,4.00099855392723,0.0428136231240856,0.778514984407111,0.433851183328847,0.0180068362027141
TMS18F1307P0059,-0.960702494810916,4.06769594138872,0.340906506633635,0.792624271445464,0.61732461155429,0.0438643667857278
TMS18F1307P0063,-1.25249171315497,-4.40973394584635,NA,NA,0.510743333874451,NA
TMS18F1307P0067,0.451864984245303,NA,-0.0877534820544606,NA,-5.06516300559997,-0.266487473408693
TMS18F1307P0077,-0.603289738217574,1.55156158549452,0.232419720241416,0.950293749080028,0.998784675765708,0.250500671513924
TMS18F1307P0093,-1.25483901643979,-3.58389428158138,0.169477560646882,2.06303022139195,4.85800996524861,0.464678105376392
TMS18F1308P0029,0.307608110016017,2.37631433487829,0.0953963847488747,0.186035228591596,2.37848603899724,0.13944160045756
TMS18F1308P0059,NA,1.86996365952077,NA,NA,-1.19011343278987,NA
TMS18F1308P0066,-0.0924757479466108,3.1534457741297,-0.0286519678333856,0.524183556867004,-0.103554761892707,-0.154804298408078
TMS18F1308P0070,NA,-0.601272264546918,NA,NA,-2.18045961873765,NA
TMS18F1308P0073,NA,0.584920979005573,NA,NA,0.191938307900777,NA
TMS18F1308P0077,-0.19249799815124,2.27667382773926,-0.138302338039258,0.692778468779372,-0.209689619518766,-0.275012895068614
TMS18F1308P0082,-0.822724291538753,0.803532508990828,0.042590532853425,0.195672394019134,-0.119073508466634,-0.0885827400598059
TMS18F1308P0084,-0.402573429280411,1.63963974395615,0.359424939988105,0.360242691690514,0.0844667183710903,0.607680397649477
TMS18F1308P0092,-0.87661278705073,1.12545232548149,0.164354876308344,-2.21059525483355,-3.26362278157816,-0.0869334726706309
TMS18F1308P0094,0.745275665564842,-0.865153007837351,-0.238756274041225,0.0757208476210306,-0.73324911228438,-0.178249793450567
TMS18F1308P0096,0.0491028437048026,1.12006766016675,-0.00546047542690218,1.56070333169347,1.79563197422322,0.0646249098123282
TMS18F1308P0100,-0.308493887917307,-2.48255212365733,-0.199956502922566,3.58730391001653,5.60179351524002,-0.0806415277795816
TMS18F1308P0102,0.382982411241221,2.40943715327083,-0.0823764417655838,0.722966602777033,0.113878248337693,0.0351560207559998
TMS18F1308P0111,0.468228691623816,3.91380513724748,NA,-0.268204993123249,0.203327798203502,NA
TMS18F1308P0112,0.259625011216116,1.3231511994069,0.316515463271744,0.68835432759149,1.32193737194848,NA
TMS18F1308P0114,0.0175774329779316,-0.47053565857539,-0.0094456527227125,-0.430065283341415,-0.331878898955573,-0.152070713825741
TMS18F1308P0115,0.259625011216116,2.65761859840345,-0.146720161791768,-0.820980329578869,-2.27327659563038,-0.203889624763074
TMS18F1308P0122,1.39586280948296,NA,-0.160227890138389,6.22271262131201,12.3272817404124,NA
TMS18F1308P0138,0.259625011216116,2.01509725814585,-0.1403635837463,-1.68351351257445,-3.26362278157816,-0.364519276687505
TMS18F1309P0015,0.451864984245303,1.12583452406525,0.0246784921247624,NA,0.889681499352011,NA
TMS18F1309P0034,0.451864984245303,-4.16261035343959,0.150618194650606,NA,8.83798576546486,0.122132652214931
TMS18F1309P0039,1.01998388337873,-2.63044408051762,0.041364509494117,NA,-2.00812290324888,0.0851212116793481
TMS18F1309P0042,-0.11625391488812,-3.86606204255146,0.0314323562980727,NA,-0.785306862308438,NA
TMS18F1309P0044,-0.263159321388895,5.09551990504684,0.199316602067726,0.90733751111207,0.389796146848438,0.00658607666579598
TMS18F1309P0048,-0.684372814021542,-0.999428370632955,0.117643446039738,NA,0.743213188867111,NA
TMS18F1309P0049,-0.684372814021542,-1.64194971089055,0.42871848413985,NA,-4.3805208298873,0.0943740718132436
TMS18F1309P0052,-0.684372814021542,1.96605473824826,-0.326125158759527,NA,-5.06516300559997,0.0418178262527156
TMS18F1309P0057,0.451864984245303,0.137340154438177,-0.0214066987048838,NA,-0.406368696830878,-0.001115444768561
TMS18F1309P0059,0.451864984245303,NA,0.157372058823916,NA,1.04891719910222,0.0603235465205073
TMS18F1309P0062,0.0175774329779316,3.53083468018724,0.110017534829455,0.703541034214246,-0.38041823942175,0.0387439697580632
TMS18F1309P0067,-0.11625391488812,NA,0.0512966626901615,NA,-4.07481681965219,-0.124733656157409
TMS18F1309P0070,-1.25249171315497,-2.28447105114815,NA,NA,1.66032521957244,0.12842459710598
TMS18F1309P0074,-1.45295058492627,-7.95568614302688,0.310396854208719,0.326761712058728,0.322334924148737,0.157477003568941
TMS18F1309P0078,-0.11625391488812,-0.40633174885671,-0.0945073462277707,NA,-4.30728667464485,-0.278701248785435
TMS18F1310P0052,0.340902959943836,2.14381230733331,-0.0191469283465963,0.384841741470778,0.117040919591099,0.0227627547419552
TMS18F1310P0081,1.05552377277417,2.4204426565778,-0.272102942474214,0.910851316496777,3.7442571700475,0.363278568492178
TMS18F1310P0088,0.0765284390562358,2.33641903733907,-0.0521727077699795,0.89706901508699,-0.0857670472124467,-0.115139647823536
TMS18F1310P0094,0.827743910349538,1.71854894725773,-0.166584468183857,-1.4199726414449,-1.1236947099324,-0.240901065298657
TMS18F1310P0097,0.259625011216116,2.11394669510856,-0.199956502922566,-1.947054383704,-3.26362278157816,-0.166878184227491
TMS18F1310P0102,-0.618651071347049,-1.70922847273627,NA,0.429857577520208,0.037052799734293,NA
TMS18F1310P0106,-0.87661278705073,2.06452197662721,0.276786850487567,-2.73767699709264,-1.1236947099324,NA
TMS18F1310P0109,0.315046503907026,2.3379796857565,0.113421698291855,2.46299706476803,3.33208755401036,0.0320758268028172
TMS18F1310P0128,0.259625011216116,2.41049500599668,0.151244434089565,0.951895198721039,1.01623336171337,0.0181790184504256
TMS18F1310P0132,0.606859009398799,-0.0553950580351656,NA,0.574284316274027,0.270421218638446,NA
TMS18F1310P0138,NA,-4.90436332924366,-0.00131343900167761,4.9769188352712,1.70087553742604,NA
TMS18F1310P0142,0.259625011216116,0.977178170037425,-0.0871272426155016,-0.892890899185802,-3.26362278157816,-0.234979234812964
TMS18F1310P0145,-0.703897351729644,3.00481718256323,0.108122626642925,0.222275256712363,-0.0247001424581764,-0.021572107071062
TMS18F1310P0146,-0.341604097406022,1.84713379227246,0.20195052600831,-0.80743389921764,-0.692133820524052,0.137806918728779
TMS18F1310P0148,-0.19249799815124,2.87389328128592,0.0266400592676974,0.589974020096776,0.0050462234709555,0.0889029766560113
TMS18F1310P0151,-1.87310144718461,4.38684923027079,NA,0.304281797962623,-0.0433334260858688,0.0226089046020799
TMS18F1310P0152,0.0206891569175995,1.81405712397844,-0.0880629811210616,-0.306742553152971,0.640124032966558,0.0702734332203718
TMS18F1310P0156,-0.87661278705073,-2.53197684213868,0.0781437865666779,-0.102268285797156,-3.56932679181327,-0.148372463959699
TMS18F1310P0161,0.259625011216116,3.3495646571424,0.084897650739988,-0.365809156926704,-0.817990699697287,-0.06213580751179
TMS18F1310P0166,0.259625011216116,1.22430176244419,-0.163406179161123,-1.87514381409706,-3.49609263657082,-0.240901065298657
TMS18F1310P0168,-0.697579445946927,4.928954697476,-0.0535840718197272,0.512331235708695,0.753382722581074,0.287434430531807
TMS18F1310P0171,0.382982411241221,1.41713710445018,-0.125025486931668,-0.170862450903503,-0.0555896738199179,-0.0431828224337524
TMS18F1311P0002,0.451864984245303,1.17525924254661,-0.306260852367438,NA,-4.30728667464485,-0.136947431534151
TMS18F1311P0004,0.451864984245303,5.1292367210549,-0.246667933191172,NA,-3.69587865417463,-0.266487473408693
TMS18F1311P0007,-0.618651071347049,2.25997172254638,NA,-0.0703108397486557,0.011350489511777,NA
TMS18F1311P0022,-0.11625391488812,1.12583452406525,-0.0746430398356819,NA,1.73355937481489,0.20836930866284
TMS18F1312P0033,0.437728295236274,4.10814681861568,-0.0429620072882048,0.451588652284282,0.184906833013672,-0.0280762457248681
TMS18F1312P0039,-0.173749009535994,0.820242842217139,0.22656474523426,0.346516348491936,1.29969450409111,0.231487845914864
TMS18F1313P0001,1.06795458862379,-3.1978378297718,-0.356171306789765,0.215610914550089,1.38690728213101,-0.0912134572048032
TMS18F1313P0013,0.647803726365445,3.92898098255169,0.106573682577991,0.442955937836084,0.315376205412409,0.192903994454904
TMS18F1313P0032,0.259625011216116,1.9656725396645,0.0320585957370317,0.161272585332393,-2.34651075087284,-0.117652968315165
TMS18F1313P0038,-1.28061545730631,1.86572808399721,0.228781032406574,1.02674474857981,0.4002144398835,-0.107313287286535
TMS18F1313P0041,-0.341604097406022,-0.567462993191149,-0.00276489078889359,0.289187427822633,-1.04270630164142,-0.0593908589557701
TMS18F1313P0045,0.830521945947437,-0.0553950580351656,NA,-0.648017794763931,-0.347453454553357,NA
TMS18F1313P0046,-0.87661278705073,2.06452197662721,-0.0144238812204563,-2.47413612596309,-3.87503080204838,-0.228687289921915
TMS18F1313P0047,-1.06619060605327,-0.997459681013434,0.412352482160991,-1.34124196360524,-1.11069074571879,-0.0323774647524071
TMS18F1313P0053,-0.19249799815124,5.34240035594545,0.188319859704845,0.622336510198269,-0.106439927639847,0.116087053820983
TMS18F1314P0007,0.0175774329779316,-4.63116451828379,0.0395091913652732,0.168814719535483,0.258663880363503,-0.0680631463288268
TMS18F1314P0024,0.186708147140457,0.606138307845277,NA,0.670556823725142,0.390298351778924,NA
TMS18F1314P0026,1.48810545088213,2.8539859661677,-0.0576436932023405,-0.0436924117751068,1.54064611413256,0.257795017364837
TMS18F1314P0027,-1.44473168618415,NA,NA,-2.85739672900833,-3.72856249156348,-0.247193010189706
TMS18F1314P0029,-0.87661278705073,1.86682310270179,0.22394779548461,0.68835432759149,-2.04080674063773,-0.0373381423529493
TMS18F1314P0031,-0.87661278705073,NA,-0.1403635837463,-2.66576642748571,-3.49609263657082,-0.358227331796456
TMS18F1314P0033,0.745275665564842,-3.04821311524281,-0.258659161785398,-0.618050427193105,1.30494820839129,-0.0945082714201417
TMS18F1314P0034,0.259625011216116,1.52085007333232,0.0717872085212094,-1.4199726414449,-2.04080674063773,0.104415674898334
TMS18F1314P0042,0.647803726365445,-1.82423308661449,-0.0126923585516536,0.958578268007334,0.329485989142006,-0.0724476749038226
TMS18F1317P0015,-0.745976803027029,1.81304562439309,0.132967999412437,0.347606722885809,0.028082232675124,-0.0204586759834254
TMS18F1317P0033,-1.25249171315497,-0.999428370632955,NA,NA,-0.785306862308438,0.196155533286098
TMS18F1317P0039,0.451864984245303,1.76835586432285,-0.0877534820544606,NA,-2.92523493395421,-0.192464592337526
TMS18F1317P0041,-0.684372814021542,2.31202776761774,-0.0611353114890615,NA,-1.39671488277866,0.0666154914115565
TMS18F1317P0044,-0.684372814021542,2.31202776761774,-0.213693184580304,NA,-4.45375498512975,0.00480638571713238
TMS18F1317P0047,-1.25249171315497,NA,NA,NA,-6.28797904654041,-0.352724129856601
TMS18F1317P0048,1.6981808820113,1.26140075670994,-0.276237683479471,0.544569896960214,0.0615192942506136,-0.10401628064379
TMS18F1317P0059,-0.570874350947653,0.985404246591123,0.0712046580919603,0.646838236975959,-0.480818985980285,-0.181247488955811
TMS18F1317P0070,0.105935437300194,-1.04769510685583,NA,-0.276264655986087,-0.207156584758765,NA
TMS18F1317P0072,0.827743910349538,-0.752686976809953,-0.0144238812204563,1.21543606985059,-1.42939872016751,-0.179462074009589
TMS18F1317P0086,-1.44473168618415,-3.22392290087763,NA,2.00605868323923,1.9333453924187,NA
TMS18F1317P0093,-1.44473168618415,-0.406713947440475,NA,-1.27615150223103,-2.50574645062304,0.0488985140949597
TMS18F1317P0097,NA,1.12545232548149,NA,1.21543606985059,1.62764138218359,0.135135170542869
TMS18F1317P0102,-1.06619060605327,0.490990392217551,0.526083269270548,0.628821765663433,-0.688325691645331,0.0891828091627258
TMS18F1317P0114,-0.87661278705073,0.235807392817119,0.00544042517163262,-1.08452120070842,-1.05046055468995,-0.06213580751179
TMS18F1317P0119,-1.2428751537971,2.27316830197238,0.00247074810959242,-0.807180417575102,-0.477655314072142,-0.238708998467651
TMS18F1317P0120,-0.980944325670671,-2.03999515567649,NA,-0.00878376226504288,0.431137825087151,NA
TMS18F1317P0123,-0.549654717164869,-0.249631013025927,0.0846417287120581,0.662919847036969,0.0719854490387576,-0.0470174091688485
TMS18F1318P0002,0.451864984245303,-1.49367555544649,-0.0412710050969727,NA,-1.70241889301377,0.0973349870560904
TMS18F1318P0007,0.647803726365445,-4.19320358568291,-0.112926584607419,0.107618664737906,0.162351212485161,-0.00667974627889021
TMS18F1318P0010,0.451864984245303,0.186764872919533,-0.160456843449506,NA,-2.00812290324888,-0.192464592337526
TMS18F1318P0014,-1.25249171315497,2.31202776761774,NA,NA,0.131805168396891,0.0914131565703972
TMS18F1318P0016,-0.447761621400898,-4.35246210662869,0.0378778929303692,0.0365887152404734,-0.679934766948335,-0.250810297334639
TMS18F1318P0018,-1.03279972266792,0.445200836862826,0.0653814882771756,-0.295317065323189,-0.0364716877753289,0.0666295714950341
TMS18F1318P0021,-1.25249171315497,1.47180755343473,NA,NA,-2.31382691348399,-0.001115444768561
TMS18F1318P0023,-1.25249171315497,NA,NA,NA,-5.67657102607019,-0.204678367714269
TMS18F1318P0026,NA,2.65800079698722,NA,NA,-2.00812290324888,0.122132652214931
TMS18F1318P0027,-1.25249171315497,NA,NA,NA,-5.67657102607019,-0.167666927178685
TMS18F1318P0033,-0.386812835075451,3.14001794590097,-0.021834075095505,0.143113632257704,0.724271658696625,-0.0588613418985573
TMS18F1318P0036,0.77919530097177,1.36312287879354,-0.226179017905814,1.07801152097087,-0.134146625795704,-0.224032555684711
TMS18F1318P0043,-0.11625391488812,1.12583452406525,0.104135717693118,NA,-0.479602852073327,0.0110983306081815
TMS18F1318P0049,-1.25249171315497,NA,NA,NA,-1.39671488277866,0.196155533286098
TMS18F1318P0054,-1.03279972266792,3.50097054099912,-0.00293146427811156,0.34398373939607,-0.0333094549073848,-0.0848997360568098
TMS18F1319P0004,-0.11625391488812,NA,0.018321914079294,NA,-4.99192885035752,-0.217262257496367
TMS18F1319P0009,0.451864984245303,1.7189311458415,-0.233557490972393,NA,-1.39671488277866,-0.0136993345506592
TMS18F1319P0016,0.451864984245303,0.681012057733069,-0.140592537057417,NA,-4.75945899536486,-0.291285138567533
TMS18F1319P0018,0.451864984245303,-0.109783437968589,-0.0480248692702828,NA,-0.17389884183822,-0.0351659700612975
TMS18F1319P0024,1.01998388337873,1.22468396102796,0.0512966626901615,NA,2.95637541575533,-0.11844171126636
TMS18F1319P0028,0.451864984245303,-1.29597668152108,-0.0611353114890615,NA,-1.70241889301377,-0.0751383258397273
TMS18F1319P0031,-0.684372814021542,-0.356907030375359,-0.147346401230727,NA,-3.23093894418931,0.0729074363026056
TMS18F1319P0033,0.0175774329779316,5.50165887689123,-0.0502122225544447,0.40944644523241,0.492123531827516,-0.0221132868628744
TMS18F1319P0034,-0.11625391488812,-0.900578933670246,0.0512966626901615,NA,4.17919145669577,0.146930317373772
TMS18F1319P0041,0.857879157494616,3.78962977672414,-0.157334153113138,0.169149227790117,0.0118139769963597,-0.213454113875677
TMS18F1319P0043,-0.734023307621185,2.50080091623529,0.247157656128097,0.272142923064188,2.52368181581852,0.0160531415828539
TMS18F1319P0055,0.451864984245303,NA,-0.226803626799083,NA,-5.29763286059263,0.0666154914115565
TMS18F1319P0061,-0.19249799815124,-2.25050493593242,0.0538283665160967,0.832494639754443,0.511757006769753,0.0920598372300082
TMS18F1319P0067,0.451864984245303,-1.44425083696514,-0.160456843449506,NA,-4.14805097489464,-0.0196211650363526
TMS18F1319P0086,-0.684372814021542,0.087915435956829,0.0711609690822504,NA,-1.39671488277866,-0.099935990998568
TMS18F1319P0093,-0.11625391488812,NA,-0.147346401230727,NA,-5.67657102607019,-0.266487473408693
TMS18F1319P0094,-0.11625391488812,-4.11318563495823,0.084271411301029,NA,-0.479602852073327,0.078829266788299
TMS18F1319P0100,-0.19249799815124,-0.0800177749973355,0.118717793148943,0.0215180727969706,0.603937629934832,-0.00229521770389461
TMS18F1319P0107,-1.25249171315497,-2.77871823596168,NA,NA,-4.45375498512975,-0.0751383258397273
TMS18F1319P0110,0.451864984245303,2.90512438939398,0.0445427985168513,NA,-5.06516300559997,-0.0566326055719358
TMS18F1319P0112,-0.684372814021542,-1.74079914785326,-0.00829625648610511,NA,-1.70241889301377,0.140638372482723
TMS18F1319P0113,NA,NA,-0.197007167210949,NA,-0.479602852073327,-0.053671690329089
TMS18F1319P0121,0.647803726365445,6.71600509910277,-0.0561936501490925,-0.166285755664486,0.722648408271212,0.234469325345861
TMS18F1319P0124,0.451864984245303,NA,0.0314323562980727,NA,-4.45375498512975,-0.247981753140901
TMS18F1319P0159,0.0420441979633628,1.71526313408069,0.135755799024607,1.21270616130376,0.727023436424751,0.0745217229300262
TMS18F1319P0168,-1.25249171315497,1.62008170887879,NA,NA,-4.14805097489464,NA
TMS18F1320P0018,-0.11625391488812,0.285614309882243,0.0977791396476495,NA,-1.39671488277866,-0.0692164953540339
TMS18F1320P0026,-1.25249171315497,-0.208632874931294,NA,NA,2.57743725027777,NA
TMS18F1320P0028,-1.25249171315497,-3.27296542077522,NA,NA,5.32877334239376,NA
TMS18F1320P0032,-0.822724291538753,-0.689516124875829,0.0253712715961055,0.0661453603691615,-0.425305138254038,-0.328153381397559
TMS18F1320P0051,-0.19249799815124,-2.80863788709111,0.0130459056434978,-0.333340389645142,-0.644234661006124,-0.0664847160418285
TMS18F1320P0055,-1.25249171315497,-0.851154215188895,NA,NA,0.131805168396891,0.214661253553889
TMS18F1320P0065,NA,NA,NA,NA,-5.29763286059263,0.122132652214931
TMS18F1320P0068,-0.980944325670671,-1.04769510685583,NA,-0.236122147340498,-0.28938716827942,NA
TMS18F1320P0075,NA,NA,NA,NA,-5.90904088106285,-0.331257494345963
TMS18F1320P0079,NA,NA,NA,NA,NA,-0.11844171126636
TMS18F1320P0082,0.647803726365445,0.266035000798827,-0.0917197049536675,0.0842083150831954,-0.389429068030893,-0.164522774978727
TMS18F1320P0084,-0.684372814021542,-0.109783437968589,-0.193828878188215,NA,-4.75945899536486,-0.124733656157409
TMS18F1320P0086,-1.03279972266792,-0.689516124875829,0.0854942226995693,0.264079580987381,-0.0567243212048476,0.0162951834540863
TMS18F1320P0087,-0.253805259600753,1.61559459038687,0.0753977569331603,0.915252616559752,0.116817887405706,0.00717536401809552
TMS18F1320P0101,0.781667841873653,3.49505855718451,-0.0951635572051316,0.627968551851502,0.683305065051488,-0.0126427051408843
TMS18F1320P0109,-0.995451047707484,-4.24870411718461,0.22394779548461,6.22271262131201,2.90330823624494,NA
TMS18F1320P0110,-1.25249171315497,-0.208632874931294,NA,NA,-2.92523493395421,NA
TMS18F1320P0113,-0.214275529501715,-2.7901650382511,-0.176279506743474,2.31375568611046,1.46723668863824,-0.00196104989342019
TMS18F1320P0125,-1.25249171315497,0.977560368621192,NA,NA,-4.45375498512975,0.109918876838189
TMS18F1322P0009,-1.25249171315497,NA,NA,NA,-6.89938706701063,NA
TMS18F1322P0016,-0.11625391488812,4.04189291446512,0.177236365216005,NA,-2.00812290324888,-0.0566326055719358
TMS18F1322P0019,-0.612648860409582,3.25059878477873,0.00339450756720923,-0.297446276453505,-0.545151414429409,-0.222735669548283
TMS18F1323P0002,0.857879157494616,2.69472744522192,-0.076131742131252,-0.351608790367088,-0.72530279228175,-0.0987548463537953
TMS18F1323P0003,-0.11625391488812,NA,0.0115680499059838,NA,-5.38363440510039,-0.173958872069735
TMS18F1323P0006,-1.25249171315497,-0.0603587194872361,NA,NA,2.88314126051288,NA
TMS18F1323P0012,-0.684372814021542,0.087915435956829,-0.0809996178811504,NA,0.205039323639341,0.183941757909355
TMS18F1323P0015,0.451864984245303,0.532737902289009,-0.134235959011949,NA,-2.00812290324888,-0.303498913944276
TMS18F1323P0016,-0.560418071348318,3.82071029485598,0.0668559848391172,-0.129318273584433,0.565723231545464,-0.264556687216857
TMS18F1323P0024,-0.612648860409582,-1.36702773435222,0.127599306850087,0.0162963289807761,-0.25174913311539,-0.179780934419712
TMS18F1323P0025,1.6981808820113,3.55074199530547,-0.283306643364055,0.676062957492055,1.07724830754071,0.00647383944609623
TMS18F1323P0029,1.01998388337873,-1.98792274026003,0.0314323562980727,NA,-3.53664295442442,-0.0629245504629849
TMS18F1323P0041,-0.402573429280411,0.385478891508165,0.0494782373563528,0.0247819912225034,-0.395642707752927,-0.218364785879672
TMS18F1323P0042,0.451864984245303,NA,-0.154100265404037,NA,-4.14805097489464,-0.266487473408693
TMS18F1323P0046,-0.11625391488812,NA,-0.180321149841595,NA,-5.06516300559997,-0.160264639071569
TMS18F1323P0054,-0.341604097406022,-0.0713129687808208,0.0683168511545798,-0.0916352762553677,-0.665476918372998,0.0243506630746548
TMS18F1323P0056,-0.11625391488812,1.81778058280421,-0.00829625648610511,NA,1.04891719910222,0.0481097711437648
TMS18F1323P0058,-0.11625391488812,0.285614309882243,0.0910252754743392,NA,-2.92523493395421,-0.136947431534151
TMS18F1324P0003,-0.822724291538753,-0.729330755112273,-0.0816165236072135,0.346472430415129,-0.684821529573876,-0.3029165802195
TMS18F1324P0005,1.01998388337873,-0.356907030375359,-0.239914069017861,NA,-4.45375498512975,-0.1432393764252
TMS18F1324P0007,NA,0.285614309882243,0.269804033003139,NA,-1.39671488277866,0.16839695288441
TMS18F1324P0016,1.01998388337873,0.928135650139839,-0.226803626799083,NA,1.66032521957244,-0.0444188301951934
TMS18F1324P0026,0.0175774329779316,-1.72469651102337,0.249765434086228,-0.158470177809415,0.837689177139742,0.133685405278645
TMS18F1324P0040,-0.386812835075451,3.70449452796122,0.0731524897383414,0.288204826062212,1.72543248007192,0.0681413410538001
TMS18F1324P0043,-0.11625391488812,1.7189311458415,-0.147346401230727,NA,-3.84234696465953,0.0418178262527156
TMS18F1324P0046,0.0175774329779316,-3.20997327347503,0.0389654252203052,-0.0638829548280273,-0.0307966848150363,-0.22011859730967
TMS18F1324P0070,0.437728295236274,2.3164884579757,-0.208810681503441,0.396055939130131,-0.571472366967558,-0.206965011584684
TMS18F1324P0076,1.58810278251215,-1.04885308911431,-0.226803626799083,NA,1.35462120933733,0.109918876838189
TMS18F1324P0078,-0.11625391488812,NA,0.137507752431827,NA,-4.99192885035752,-0.229476032873109
TMS18F1324P0089,-1.87310144718461,0.106776479853048,0.198163377042128,-0.479986602108049,0.116953889678679,-0.120677489228773
TMS18F1324P0092,-0.612648860409582,-10.3246566420953,-0.213523321426497,0.262406302743425,-0.60240411344284,-0.332537909972555
TMS18F1324P0093,0.647803726365445,1.34103001718282,-0.177634755858609,0.112694902107212,-0.315041142661394,-0.203282007581688
TMS18F1324P0094,0.451864984245303,0.532737902289009,0.302778781614007,NA,0.743213188867111,0.0603235465205073
TMS18F1324P0099,0.451864984245303,3.15224798180075,-0.140592537057417,NA,-5.37086701583508,0.0973349870560904
TMS18F1324P0101,-0.11625391488812,2.06490417521097,0.24318586243774,NA,-2.00812290324888,0.0603235465205073
TMS18F1324P0104,-0.11625391488812,1.47180755343473,0.117643446039738,NA,10.8314455266257,NA
TMS18F1324P0107,-1.66302601605544,-0.689516124875829,0.277130598979174,0.840228728596287,-0.1160494314036,-0.0557864663188393
TMS18F1324P0113,0.451864984245303,NA,-0.273286103756571,NA,-3.76911280941708,-0.260195528517643
TMS18F1324P0120,1.01998388337873,2.90512438939398,0.130753888258517,NA,1.96602922980755,0.0973349870560904
TMS18F1324P0128,0.0206891569175995,-0.997459681013434,0.0015000137277148,-0.0664583702809661,-0.121389115588103,-0.12638407658011
TMS18F1324P0132,0.0206891569175995,1.61559711421431,-0.073846632732367,0.977621549215835,-0.599889726770794,-0.143132380986195
TMS18F1324P0135,0.0206891569175995,-1.39437970054171,-0.0275013369852222,-0.944275963698703,-1.23283799476219,-0.0810015743184605
TMS18F1324P0142,0.259625011216116,4.58518261917624,-0.199956502922566,-1.34806207183797,1.08946751695582,-0.111361023424116
TMS18F1324P0163,-1.34323757999429,-0.168604436429661,NA,0.339727987095981,0.36477473073374,NA
TMS18F1324P0169,-1.44473168618415,0.631205140667951,NA,0.951895198721039,0.0991213310080422,-0.0436300872439985
TMS18F1324P0170,0.382982411241221,-2.61821642742052,-0.233069734685747,0.0181059577881031,-0.715831594460312,-0.16285215875465
TMS18F1324P0171,-0.19249799815124,4.76508821751701,0.212064314701781,0.342998395023555,-0.192561286662412,0.150461757848948
TMS18F1324P0179,0.259625011216116,-0.0113161995896477,-0.00767001704714604,1.47897694098014,3.76756945382936,NA
TMS18F1324P0186,0.259625011216116,-1.19750944314214,-0.219820809314655,-1.68351351257445,-2.04080674063773,-0.0251243669762068
TMS18F1324P0192,-1.44473168618415,NA,NA,NA,-2.04080674063773,-0.105439192938422
TMS18F1324P0199,-0.308493887917307,-2.68025099758274,0.00822142806652503,0.951895198721039,3.15616143335914,NA
TMS18F1324P0200,1.07751729943777,2.82585547809747,-0.0219363830161093,0.678084102163982,0.62856518156978,0.195710092742901
TMS18F1324P0209,0.745275665564842,1.64867378250832,-0.216010116619314,0.540560980869433,-0.18133280157606,-0.0972096108404781
TMS18F1325P0001,1.01998388337873,3.99246819598376,-0.00829625648610511,NA,-4.45375498512975,-0.099935990998568
TMS18F1325P0008,-0.11625391488812,NA,0.230075420218961,NA,4.71736532192353,NA
TMS18F1325P0032,-0.173749009535994,-2.68024763669803,0.0735852031166003,0.181092500438813,-0.59020992824794,-0.226607699600664
TMS18F1325P0048,-1.44473168618415,NA,NA,NA,-3.72856249156348,NA
TMS18F1326P0007,-1.87310144718461,1.46047390789215,NA,-0.558371706037647,-0.958784490710789,-0.386713075722044
TMS18F1327P0002,0.828423818834618,-0.130625779565752,-0.1177359565127,0.755800589825387,2.35806918662929,-0.00574181783627162
TMS18F1327P0006,-0.19249799815124,2.61509818474904,-0.0692440376283242,-0.215547198482904,0.295762321743706,-0.0577156588918375
TMS18F1327P0013,1.06795458862379,5.48175156177301,-0.25321825000916,0.118552251146199,-0.5950970096072,-0.33709781969055
TMS18F1327P0018,-0.684372814021542,NA,-0.306260852367438,NA,-5.76257257057795,-0.284993193676484
TMS18F1327P0021,-0.259392111050286,1.76197550893312,0.0538431179422583,0.862499443058223,2.23365691703463,0.177983801797513
TMS18F1328P0016,1.01998388337873,1.22468396102796,-0.279642681802039,NA,-2.6195309237191,-0.0259131099274016
TMS18F1328P0018,0.13400287374315,3.25623371279573,-0.163308530562152,-0.394192232511345,2.49974659881851,-0.0476102133260804
TMS18F1328P0020,1.00202905510748,2.59214361625426,-0.0304268836704858,-0.0770179006640556,2.60374826680472,0.0225422438738472
TMS18F1328P0022,0.451864984245303,0.087915435956829,-0.140592537057417,NA,-1.0177767173011,-0.136947431534151
TMS18F1328P0027,-0.822724291538753,-1.50571604472293,0.32027377755041,0.377318711107572,-0.158812215576649,0.134105869240597
TMS18F1328P0032,-1.77747992241201,2.81998594611472,NA,0.0873771461206859,0.846800663922403,0.0950413166610052
TMS18F1328P0034,0.252892739936065,4.50558862411928,-0.0825065467710501,0.79629920890428,1.67775250597886,0.0352275286839043
TMS18F1328P0035,-1.01467179710409,5.32062138107834,0.23695289556386,1.51225605888523,2.36928695642684,0.223870925646693
TMS18F1328P0045,0.0206891569175995,-0.964383012719414,7.83788888453762e-05,0.187517841693431,-0.906525163320713,-0.0215721070710621
TMS18F1329P0002,-1.25249171315497,0.4338884653263,-0.226803626799083,NA,-3.84234696465953,-0.099935990998568
TMS18F1329P0004,-0.11625391488812,-0.109783437968589,0.197100671608094,NA,0.131805168396891,0.0544017160348141
TMS18F1329P0011,-0.822724291538753,-0.589979549284718,0.211701803938469,0.231689208742095,0.226946682417864,-0.0350914914448608
TMS18F1330P0003,-0.907628543894052,1.94465577212633,0.456601230918599,0.0167850548388517,1.50055812913757,0.151272002835715
TMS18F1330P0007,NA,0.779861494695779,NA,NA,-1.39671488277866,0.214661253553889
TMS18F1330P0008,0.0175774329779316,1.91834215561126,-0.074319188314692,0.0514375325250375,-0.530246387022091,-0.185042368709707
TMS18F1330P0009,0.227652864107103,-2.97885736347137,-0.133770953497859,0.397039398304887,0.0345921344841712,-0.170836496126721
TMS18F1330P0017,-0.734023307621185,1.08133864662243,0.25420990037575,0.586011286037653,2.02016760308589,0.115494249663751
TMS18F1330P0020,0.0175774329779316,2.69472744522192,0.177082026042174,0.874175332905264,-0.093757711842085,-0.00966122570988723
TMS18F1331P0005,-0.433224529803234,2.39076692330919,-0.0502373807318664,1.05286100208856,0.179232693956788,0.09460210726632
TMS18F1331P0008,-1.42844425271265,3.1068134410739,0.0387139672237023,-0.127090564780587,2.56489790287275,0.264217458927598
TMS18F1331P0013,0.227652864107103,-3.93440848914602,0.22747102214254,0.107777682969571,0.0956513136537856,0.312163171694781
TMS18F1331P0016,0.337893655527479,-0.648305187801181,-0.00507963252210169,0.874134576794183,0.131611271247441,0.055229797200046
TMS18F1331P0022,-1.25249171315497,-0.25805759341265,NA,NA,2.88314126051288,0.0358959957670224
TMS18F1331P0026,-0.308493887917307,0.136957955854415,-0.0211777453937665,1.74251781210969,-1.73510273040262,-0.191675849386331
TMS18F1332P0002,-1.66302601605544,-5.38764249277623,0.198087701938031,0.609470531770738,-0.504390851130393,-0.146107754963747
TMS18F1332P0034,-1.44473168618415,2.11428155860736,NA,1.72389690379719,0.475769591079154,0.330303698807944
TMS18F1332P0038,0.259625011216116,2.16337141358991,-0.13360971957299,-1.947054383704,-3.87503080204838,-0.055843862620741
TMS18F1333P0002,0.307608110016017,3.23963146038219,-0.165610175716164,0.147635175316598,0.884000200131528,-0.000257304716129222
TMS18F1333P0006,1.01998388337873,5.03038728409219,0.163728636869385,NA,1.12215135434467,0.0666154914115565
TMS18F1333P0009,0.0206891569175995,-0.964383012719414,-0.00845143014437141,-0.272947100365634,-0.458914083499763,-0.0620921983761064
TMS18F1333P0012,-1.03279972266792,-3.69552070772736,0.0377087290316548,0.314368316269277,-0.257966144336349,-0.0970010349237971
TMS18F1333P0013,-0.19249799815124,-0.988125851649157,-0.0551061178591565,0.84386109207862,-0.0931069721142203,-0.156630623543736
TMS18F1333P0014,-1.25249171315497,2.16375361217368,NA,NA,-5.67657102607019,-0.235767977764159
TMS18F1334P0003,-1.45295058492627,1.57991779860148,0.0279088469392894,1.01898549270207,-0.270168065434067,-0.22064474073867
TMS18F1334P0011,-0.213207598802584,3.05700668383329,0.163985410338453,0.248456947699739,0.148154062998572,-0.00111624130275791
TMS18F1334P0023,-0.401729988382811,3.73711073472662,0.0773915661313763,0.673910439104425,0.105621984737027,0.0148921343100877
TMS18F1334P0024,0.307608110016017,-1.89046453540064,-0.243252338911526,0.383492920767683,0.663846306332135,-0.00171308988772746
TMS18F1334P0027,-0.862740504091222,1.98065776585777,0.324745820547086,0.686309636044332,0.158298479108627,0.0147072913058584
TMS18F1334P0034,-0.87661278705073,-5.39861051405719,-0.0144238812204563,-0.413618319235455,-1.51540026467526,-0.0898943879134775
TMS18F1334P0037,0.846933824311472,0.399262583797301,-0.0858221682758944,2.20264767585993,1.2377033223925,-0.0549020710821638
TMS18F1334P0041,-1.44473168618415,NA,NA,-2.47413612596309,-3.56932679181327,-0.117652968315165
TMS18F1334P0044,-0.256357817023428,2.92150508842682,NA,-0.252169562757589,-0.198956905954061,NA
TMS18F1334P0048,-1.44473168618415,-2.13657909428785,NA,1.21543606985059,-1.42939872016751,0.0241008489361188
TMS18F1335P0001,-0.19249799815124,-0.0922966713291648,-0.00236080179726187,-0.229597643490098,-0.723863592680791,-0.197494429862694
TMS18F1335P0003,-0.684372814021542,NA,-0.160456843449506,NA,-5.06516300559997,-0.217262257496367
TMS18F1335P0008,0.451864984245303,-1.09827780759566,-0.00154239231279488,NA,-1.93488874800643,0.0358959957670224
TMS18F1335P0014,-0.684372814021542,-0.0603587194872361,-0.160456843449506,NA,-5.67657102607019,-0.315712689321018
TMS18F1335P0016,-0.684372814021542,2.31202776761774,-0.157278554426772,NA,-4.45375498512975,-0.11844171126636
TMS18F1335P0019,-1.25249171315497,2.31202776761774,NA,NA,-5.37086701583508,0.122132652214931
TMS18F1335P0021,-0.19249799815124,-0.988125851649157,0.264447120000363,0.580923998544256,-0.117302926774068,0.256918111649838
TMS18F1335P0035,0.337893655527479,-2.78405969552576,-0.16132177150957,1.00927803934523,0.582872341681796,0.259899591080835
TMS18F1335P0039,0.259625011216116,1.76797366573908,-0.126855855399679,-2.40222555635616,-3.49609263657082,-0.17317012911854
TMS18F1335P0040,-0.341604097406022,3.07097051915128,0.238913031818916,0.270441473066498,-0.248118619415843,-0.118820326203168
TMS18F1336P0001,-0.11625391488812,NA,0.018321914079294,NA,-3.53664295442442,-0.173958872069735
TMS18F1336P0004,0.451864984245303,-1.14770252607701,-0.0809996178811504,NA,-5.06516300559997,-0.192464592337526
TMS18F1336P0006,NA,NA,0.190346807434784,NA,6.69805769381909,NA
TMS18F1336P0014,-1.45295058492627,1.36093733230104,0.0126925546737041,0.267802155058205,-0.26454522167399,-0.270979128779618
TMS18F1336P0015,-0.401729988382811,5.06127852951585,0.131768180628175,1.33790022455617,0.0214086466119807,-0.00159369313189532
TMS18F1336P0021,0.451864984245303,0.384463746844947,0.0445427985168513,NA,-2.6195309237191,-0.167666927178685
TMS18F1336P0026,-0.308493887917307,0.779479296112011,0.0916515149132983,-0.293898587319772,-2.27327659563038,NA
TMS18F1336P0029,-0.377251822723176,0.242235928833901,0.179794969217217,1.62806473723863,0.652048388571758,-0.137324324617297
TMS18F1336P0031,-0.87661278705073,0.334656829779828,0.144490569916255,-1.68351351257445,-2.95791877134305,0.104415674898334
TMS18F1336P0032,-0.308493887917307,NA,-0.113745413180901,-3.52829961048129,-3.26362278157816,-0.290496395616339
TMS18F1336P0035,-0.308493887917307,0.0875332373730615,-0.00767001704714604,-0.102268285797156,-2.04080674063773,-0.203889624763074
TMS18F1337P0007,-0.0396023625297174,1.13114540386303,0.143730932983141,0.0530235247612058,1.35338450606715,0.0514064341745583
TMS18F1337P0012,-0.11625391488812,1.91663001976691,0.236829284392272,NA,-4.45375498512975,-0.093644046107519
TMS18F1337P0014,-0.618652641215206,-2.38546244895315,-0.114483080850798,-0.188745234994931,-0.287090914715029,-0.266232008409116
TMS18F1337P0022,NA,NA,NA,NA,-6.52044890153307,-0.053671690329089
TMS18F1337P0033,0.828423818834618,2.70835938314902,-0.0799889759868923,0.720843819539303,2.38200989818409,-0.188825121275666
TMS18F1337P0044,0.437728295236274,0.76371787875438,-0.324995381144934,0.535301063541445,-0.594567850170052,-0.30486178656405
TMS18F1337P0049,-0.19249799815124,-0.112203986447392,0.0888106551757038,0.338493979795207,0.00405401499832754,0.175716642440922
TMS18F1338P0006,-1.25249171315497,0.483313183807656,NA,NA,-2.31382691348399,NA
TMS18F1338P0008,0.451864984245303,1.42238283495338,0.0512966626901615,NA,-0.479602852073327,0.0973349870560904
TMS18F1338P0012,-0.11625391488812,NA,0.289668339395228,NA,-1.70241889301377,0.0758683515454522
TMS18F1338P0013,0.857879157494616,-1.24640082405481,-0.231830114973752,0.717067963120863,-0.413933985545276,-0.214857163019676
TMS18F1338P0030,0.13400287374315,0.201419268704977,-0.0279717955062055,-0.0312633400401265,1.94128676093823,-0.100193106407695
TMS18F1338P0049,-0.684372814021542,-0.15920815644994,-0.100863924273239,NA,-0.100664686595767,0.159144092750514
TMS18F1338P0053,-0.19249799815124,-0.2117405620385,0.00162681659917006,0.953771596501086,-0.0246209898430324,-0.00229521770389479
TMS18F1338P0059,-0.87661278705073,-0.752686976809953,-0.0144238812204563,-1.947054383704,-2.95791877134305,-0.160956353741797
TMS18F1338P0061,-0.11625391488812,2.01547945672962,0.0977791396476495,NA,-2.31382691348399,-0.173958872069735
TMS18F1338P0067,-0.612648860409582,-3.25755977512647,-0.00362958946885379,0.25225914101665,0.0105849085069883,-0.086478166343808
TMS18F1338P0069,0.259625011216116,-2.68025099758274,-0.126855855399679,-1.08452120070842,-3.49609263657082,-0.222395345030865
TMS18F1338P0078,0.0491028437048026,1.6917406517701,-0.0288192003965739,1.92349287393621,2.40580660191639,0.0590892210061801
TMS18F1338P0085,1.06795458862379,-0.868681960939832,-0.0714191022081961,0.217359396310627,0.200972795758187,-0.00439979141989247
TMS18F1338P0087,-1.44473168618415,0.384081548261184,NA,-0.892890899185802,-2.04080674063773,-0.0499220321350476
TMS18F1338P0089,-0.443518146247056,4.2445718201877,NA,0.451266116461093,-0.0565703862794686,NA
TMS18F1338P0099,0.437728295236274,2.38066162364319,-0.188691334139625,0.128839213154124,-0.0746529824940572,-0.096124129208798
TMS18F1338P0108,0.259625011216116,1.17487704396284,-0.0473986298313238,-1.15643177031535,-2.34651075087284,0.0181790184504256
TMS18F1338P0113,-1.44473168618415,1.66912422877638,NA,-0.892890899185802,-3.87503080204838,-0.166878184227491
TMS18F1338P0115,0.0175774329779316,2.44715573419949,-0.373390568047085,-0.929438173596414,-0.901417483148873,-0.32540753276455
TMS18F1338P0116,0.437728295236274,0.544737412453944,-0.00127326950732583,0.520238231044763,0.280763129719267,0.0583866577740429
TMS18F1339P0001,-0.684372814021542,0.335039028363596,-0.0150501206594153,NA,-1.39671488277866,0.20836930866284
TMS18F1339P0012,0.368787633256034,2.47574697892148,-0.299619627713094,0.13683523093013,-0.385007779025572,-0.192408376715699
TMS18F1339P0015,0.437728295236274,0.604459357808605,-0.207723149213505,0.468407535541489,0.176624406303453,-0.286588050506602
TMS18F1339P0016,-0.11625391488812,3.64649516661429,0.110889581866428,NA,-3.53664295442442,0.00184547047428562
TMS18F1339P0021,-0.386812835075451,1.40176211820369,0.172661694267483,-0.242758665976682,1.59709672910301,0.103392950796764
TMS18F1339P0024,-0.684372814021542,NA,0.0644071049089401,NA,-5.06516300559997,-0.0381268853041441
TMS18F1339P0027,0.415950763885798,-0.445819229877224,0.0684811372771294,1.50003483581083,0.715800495881112,0.0671932392671888
TMS18F1339P0031,-0.684372814021542,2.36145248609909,-0.187075014014905,NA,-4.45375498512975,-0.0692164953540339
TMS18F1339P0033,0.745275665564842,0.682365766975275,-0.264345701140876,0.716535651558766,0.771086166004984,-0.0755988954777878
TMS18F1339P0034,-0.598565643926809,1.77543320504965,0.239010797167573,2.00311635548797,1.20418945800079,-0.0659879834697054
TMS18F1340P0001,-0.402573429280411,2.63500549986725,-0.266268637488391,0.260817541282718,-0.225422776957504,-0.264139264202625
TMS18F1340P0002,-0.684372814021542,-0.356907030375359,0.0512966626901615,NA,-2.6195309237191,-0.124733656157409
TMS18F1340P0010,-0.684372814021542,-0.25805759341265,-0.0746430398356819,NA,-5.60333687082774,-0.210970312605318
TMS18F1340P0013,-0.11625391488812,0.878710931658483,-0.0945073462277707,NA,-2.85200077871175,-0.161745096692992
TMS18F1340P0017,-1.25249171315497,NA,NA,NA,-5.90904088106285,NA
TMS18F1340P0018,-0.11625391488812,NA,-0.319371294586217,NA,-4.68622484012241,-0.278701248785435
TMS18F1340P0027,-0.87661278705073,1.52085007333232,0.084897650739988,-0.102268285797156,-2.34651075087284,-0.105439192938422
TMS18F1340P0030,-0.822724291538753,2.27667382773926,0.0301817385168732,0.0899615831449009,-0.406115219135046,-0.116643722939777
TMS18F1340P0043,-1.44473168618415,0.482930985223889,NA,0.68835432759149,-0.817990699697287,0.0796180097394937
TMS18F1340P0045,0.259625011216116,1.07602760700013,0.0916515149132983,2.86859186623481,-1.05046055468995,0.129213340057175
TMS18F1341P0007,-0.11625391488812,-1.5925249924092,-0.17714286081886,NA,-4.45375498512975,-0.220223172739214
TMS18F1341P0026,-0.980945895538828,-1.12854905378031,-0.136091930401614,0.324796848874323,0.206580075820066,-0.114957000870283
TMS18F1341P0027,0.382982411241221,2.40943715327083,-0.201793768230619,0.822448593311566,0.617063009528243,-0.021572107071062
TMS18F1341P0028,-1.34323757999429,-0.386161740975387,NA,-0.444762517865542,-0.560126318351296,NA
TMS18F1341P0030,0.0206891569175995,0.457913723923531,-0.176204341130969,-0.20671366371977,-0.611314113406961,-0.118820326203168
TMS18F1341P0036,-0.980944325670671,1.26767167372572,NA,0.0126727168815658,0.610619257477367,NA
TMS18F1341P0037,0.227652864107103,-2.74761188515272,0.120349091583847,0.599469831540804,0.775654185421757,0.291468196820803
TMS18F1341P0044,1.06795458862379,-5.0890327660029,-0.223492367417576,1.29365359290977,0.115714606655744,0.171858257294926
TMS18F1342P0002,-1.25249171315497,-3.0752665468498,NA,NA,-4.45375498512975,-0.0259131099274016
TMS18F1342P0003,-1.03279972266792,1.42065927765571,0.0184484885967724,0.00917048927871215,-0.372497011564098,-0.166802729837725
TMS18F1342P0005,0.40836348090979,2.06087153902109,-0.0712427244016441,-0.0714842229863852,0.595160153981465,-0.140036075686985
TMS18F1342P0015,-1.25249171315497,-0.208632874931294,NA,NA,-1.39671488277866,NA
TMS18F1342P0016,-0.684372814021542,-0.702880059744833,0.0779148332555606,NA,0.131805168396891,NA
TMS18F1342P0017,-1.2428751537971,-2.02330623779671,-0.0285208913777619,0.280729304210088,-0.827577270462362,-0.33439343639812
TMS18F1343P0001,0.451864984245303,-0.15920815644994,-0.00154239231279488,NA,0.510743333874451,-0.0196211650363526
TMS18F1343P0012,-1.03279972266792,-4.59134988804735,0.172498274838381,-0.182550083441978,-0.982654743670273,-0.158735197259734
TMS18F1343P0014,-1.03279972266792,-8.69225680240109,0.20108869961721,-0.254037965071171,0.0583821150991837,0.0650511412080358
TMS18F1343P0019,-1.51153626220979,3.25213226853214,0.146160462705042,-0.154706022746397,-0.714663183434478,-0.158384434973734
TMS18F1343P0029,1.01998388337873,-0.950003652151599,-0.167210707622816,NA,-1.39671488277866,-0.0814302707307765
TMS18F1343P0037,NA,NA,NA,NA,-4.00158266440974,0.214661253553889
TMS18F1343P0044,0.451864984245303,0.285614309882243,-0.0945073462277707,NA,4.86383363240843,0.171357868127257
TMS18F1343P0052,-1.25249171315497,NA,NA,NA,-0.785306862308438,-0.001115444768561
TMS18F1343P0054,-1.25249171315497,-1.24655196303972,NA,NA,-2.31382691348399,0.183941757909355
TMS18F1343P0064,-0.402573429280411,1.69936168931082,0.250490455612852,0.436299536844196,-0.0946199309975306,0.0638234732070369
TMS18F1343P0072,-0.11625391488812,NA,-0.26653223958326,NA,-4.91869469511507,-0.235767977764159
TMS18F1343P0078,-0.308493887917307,2.21279613207127,0.0551011911518548,-0.150077448105907,0.318823796735394,NA
TMS18F1343P0084,-0.308493887917307,-6.28825544672156,-0.0342881876125452,-0.749069759971937,-0.671522389212386,-0.0373381423529493
TMS18F1343P0151,-0.308493887917307,-0.0607409180710036,0.151244434089565,-1.01261063110149,-1.2829304096826,0.0922018995215919
TMS18F1343P0153,0.0175774329779316,0.0669618496166075,0.141737226619255,0.0960635592038803,-0.0210148419464122,0.0622450429200389
TMS18F1343P0154,-0.703897351729644,0.821757075157776,-0.0937495204765395,0.318607689420633,0.118885003453996,0.0567667361186904
TMS18F1343P0171,0.857879157494616,-8.23438855468198,-0.226392453524072,-0.502105423188256,-0.596378037014809,-0.318156656246569
TMS18F1343P0179,-1.44473168618415,1.81739838422044,NA,-2.73767699709264,-2.34651075087284,-0.191675849386331
TMS18F1343P0189,0.0206891569175995,2.34328381668279,0.0768466601877965,1.76389696444757,-0.0247001424581764,-0.0539881801150975
TMS18F1344P0003,0.647803726365445,0.285942315917047,-0.202285487763825,0.321717274454967,-0.262878350733155,-0.0447374543098509
TMS18F1344P0004,1.01998388337873,3.49822101117023,-0.0150501206594153,NA,1.66032521957244,0.152852147859465
TMS18F1344P0014,-1.66302601605544,-1.08766242724027,0.214578666068917,1.00486843495484,-0.1491818661502,0.0897798823710103
TMS18F1344P0021,-0.11625391488812,-1.04885308911431,-0.160456843449506,NA,-0.944542562058648,0.159144092750514
TMS18F1344P0024,-1.08123378016692,0.0353967445696141,0.37784278630207,-0.261450093698451,1.53156853728523,0.0727012507717957
TMS18F1344P0044,-0.684372814021542,2.55915136002451,-0.097685635250505,NA,-4.99192885035752,-0.099935990998568
TMS18F1344P0100,-0.19249799815124,-0.928403906294493,-0.0784880620927799,0.437953784403923,-0.0595590578403214,-0.167328873266725
TMS18F1344P0103,1.01998388337873,1.66950642736014,-0.233557490972393,NA,4.10595730145331,0.0914131565703972
TMS18F1344P0107,-1.25249171315497,0.335039028363596,NA,NA,-1.70241889301377,0.0914131565703972
TMS18F1344P0110,-0.684372814021542,-1.29597668152108,0.180414654238739,NA,-3.46340879918197,-0.0629245504629849
TMS18F1344P0113,-0.11625391488812,1.22468396102796,-0.233557490972393,NA,-2.00812290324888,-0.0444188301951934
TMS18F1344P0133,-0.822724291538753,-1.0279404818856,0.112978319407289,0.258573212041738,-0.502183796111145,-0.0329869177288631
TMS18F1344P0136,-0.308493887917307,NA,-0.265906000144301,-2.21059525483355,-2.34651075087284,-0.290496395616339
TMS18F1344P0147,0.437728295236274,7.35303918288588,-0.0857382773590197,-0.599756056361239,1.34485873041111,0.0248888594610772
TMS18F1344P0150,-0.308493887917307,NA,0.058279480174589,-1.4199726414449,-1.1236947099324,-0.105439192938422
TMS18F1344P0152,1.10756891988846,-0.534386324897129,-0.315524555340176,0.186970942794764,0.341104854174083,-0.178249793450567
TMS18F1344P0153,-0.401729988382811,1.01758332822399,0.186144795124973,0.717622507794395,0.940623554212934,0.165895298432932
TMS18F1344P0155,-0.308493887917307,-0.653837539847244,0.0253047315637215,-0.365809156926704,-2.65221476110794,-0.136158688582957
TMS18F1344P0156,0.105935437300194,0.275371624905056,NA,-0.126452823605613,-0.0154550945191413,NA
TMS18F1344P0158,0.259625011216116,NA,NA,-2.47413612596309,1.62764138218359,0.314270542735091
TMS18F1344P0159,0.227652864107103,5.14332720476323,-0.0567374162940604,0.411646856396584,-0.373479747886261,-0.0279008645818684
TMS18F1344P0164,-0.87661278705073,NA,0.084897650739988,-2.47413612596309,-2.04080674063773,0.215449996505084
TMS18F1344P0171,0.259625011216116,2.45991972447804,-0.100634970962122,-1.34806207183797,0.172355486250492,-0.0928553031563241
TMS18F1344P0176,1.07751729943777,-0.349299556719746,-0.243792970163048,1.02308748259002,0.735878657332432,0.127837590401971
TMS18F1344P0177,-1.06619060605327,4.09634723626596,0.49480730281542,-1.11764797546044,-1.11710837723865,0.0513640572780177
TMS18F1344P0184,1.39586280948296,-3.22392290087763,-0.265906000144301,-0.365809156926704,-0.817990699697287,-0.0129105915994643
TMS18F1344P0189,-1.44473168618415,NA,NA,-3.79184048161084,-4.4864388225186,NA
TMS18F1344P0198,-0.612648860409582,-3.70879134933024,-0.032267939770501,-0.136796150281049,-0.379532023528607,-0.32727647568256
TMS18F1345P0001,-1.2428751537971,-0.47053565857539,0.314946085693101,0.373086784960116,-0.350346325886298,0.0559313217720455
TMS18F1345P0005,-1.42844425271265,3.53847200382585,-0.0127751590311249,0.31256724557674,-0.144220831447919,-0.0336444891835959
TMS18F1345P0012,1.06795458862379,2.75444939057659,-0.359796414422885,0.322610275350041,0.22729844508821,-0.220995503024669
TMS18F1345P0014,NA,NA,NA,NA,-6.52044890153307,-0.284993193676484
TMS18F1345P0019,-1.25249171315497,-0.653455341263477,NA,NA,4.71736532192353,NA
TMS18F1345P0030,-1.25249171315497,0.236189591400887,NA,NA,5.02306933215864,0.214661253553889
TMS18F1345P0037,-0.684372814021542,-0.40633174885671,-0.25977837540995,NA,-2.00812290324888,-0.001115444768561
TMS18F1345P0038,-0.684372814021542,2.11432889369233,NA,NA,-4.00158266440974,NA
TMS18F1345P0043,-0.697579445946927,4.1927383630412,0.229363668393159,0.52261545958309,0.329781104872126,0.03207948632407
TMS18F1345P0056,0.189968926745421,-1.68770571489382,0.0898981874656399,0.983773778282446,0.162540764922227,0.26445950079883
TMS18F1345P0074,NA,-0.749546419990978,NA,NA,-2.55939778421521,NA
TMS18F1346P0023,1.06795458862379,-1.98349160756026,-0.273156341991319,-0.316816970591031,-0.581679520994921,-0.3484304128021
TMS18F1347P0029,-0.105880530818695,3.58048873749348,-0.106945157012771,0.756255572763109,0.132150672929669,-0.0580664211778373
TMS18F1348P0006,0.451864984245303,0.779861494695779,-0.140592537057417,NA,-2.6195309237191,-0.284993193676484
TMS18F1348P0020,-0.684372814021542,NA,NA,NA,-5.53010271558529,NA
TMS18F1348P0024,0.0175774329779316,-3.49644755654513,0.000720539690890089,-0.767333915484927,-0.0032682426619124,-0.247302674474642
TMS18F1348P0029,-0.907628543894052,5.10865919672238,0.0148388043584306,-0.0641958410886559,-0.356545758572584,-0.124777916246001
TMS18F1348P0039,-0.612648860409582,1.153478889891,0.0681475416669204,0.0177513850726039,0.579957056915197,0.0085784131620941
TMS18F1348P0044,-0.11625391488812,0.483313183807656,0.197100671608094,NA,-1.39671488277866,0.0973349870560904
TMS18F1348P0050,-0.684372814021542,0.0384907174754731,-0.00829625648610511,NA,3.80025329121821,NA
TMS18F1348P0051,0.247408195160922,2.45728142399002,-0.240625279892044,0.29667520978895,-0.109242530650637,-0.238528727278085
TMS18F1348P0056,0.13400287374315,4.45159588657037,-0.103312313547554,0.217279150871268,2.23365616082993,-0.0169327288044497
TMS18F1348P0065,0.451864984245303,0.483313183807656,-0.246667933191172,NA,-1.93488874800643,0.0666154914115565
TMS18F1348P0069,1.01998388337873,-0.752304778226186,-0.107617788446549,NA,-1.93488874800643,-0.00740738965961002
TMS18F1348P0085,0.451864984245303,3.2016727002821,-0.11437165261986,NA,-3.84234696465953,-0.11844171126636
TMS18F1348P0088,-1.87310144718461,-4.53162794269269,NA,-0.13654549884356,-0.30433667226824,-0.290446435652598
TMS18F1348P0092,0.437728295236274,5.14332720476323,-0.17310337131721,0.755288531434541,0.182949178036003,-0.360423511709526
TMS18F1348P0095,0.337893655527479,-0.121485742562453,0.0152209702233698,1.32446021022797,-0.152535907932176,-0.197319048719694
TMS18F1348P0097,0.437728295236274,2.69472744522192,0.00470815808732202,-0.156829228779862,0.0168713261937743,-0.107523903503786
TMS18F1348P0098,1.6981808820113,1.73917631954726,-0.296538286224942,0.4318210247242,0.263782844745687,-0.122080538372771
TMS18F1348P0101,-1.2428751537971,-1.0279404818856,0.0857486390818791,0.466189031802312,-0.0356543684254636,-0.160839770975731
TMS18F1348P0102,-0.115165796133558,1.46575311290367,0.157966045072512,-1.10127850063927,0.497449386437608,0.0324860183139406
TMS18F1348P0104,-0.115165796133558,4.37382876584247,0.0300189095742603,-1.34902826467493,-0.671907415155733,-0.284196676618263
TMS18F1348P0108,-0.87661278705073,1.3231511994069,-0.0144238812204563,-1.4199726414449,-3.26362278157816,-0.0251243669762068
TMS18F1348P0110,-0.87661278705073,NA,0.263676408268788,-2.47413612596309,-3.87503080204838,NA
TMS18F1348P0111,-0.703897351729644,2.11174713862464,0.255972649885349,0.4309515823917,-0.814281069567454,0.124300221627097
TMS18F1348P0113,-0.612648860409582,-1.40617946913182,0.00307685965241805,-0.0787029784763985,-0.415130288372733,0.00226469201410049
TMS18F1348P0114,-0.308493887917307,1.07602760700013,-0.186448774575946,-1.4199726414449,-2.65221476110794,-0.296418226102032
TMS18F1348P0117,0.437728295236274,-0.251555192274943,-0.0105172939717816,0.53447382485904,0.363155458850352,0.408447419201682
TMS18F1348P0122,-1.44473168618415,-2.18600381276921,NA,-2.13868468522661,-1.05046055468995,0.258753381931717
TMS18F1348P0131,0.475713617397422,2.69670712826254,-0.0213352735485356,0.146825802663653,0.748216365534988,0.274671449414086
TMS18F1348P0134,-0.308493887917307,-0.653837539847244,0.0650333443478993,2.86859186623481,1.39517152719093,NA
TMS18F1348P0136,-0.308493887917307,3.30013993866105,0.114694110328121,-1.34806207183797,1.70087553742604,NA
TMS18F1348P0139,0.827743910349538,-1.79060606491838,-0.0871272426155016,0.68835432759149,-1.42939872016751,-0.117652968315165
TMS18F1348P0149,-1.44473168618415,NA,NA,-3.00121786822219,-4.18073481228349,-0.351935386905407
TMS18F1348P0156,-0.20920264931208,4.11964826771704,0.237672807734047,0.550826997662335,0.0070618563711224,0.163146526501668
TMS18F1348P0157,-0.402573429280411,5.82017591878278,0.192851244246245,-0.0363986210887839,-0.806650100712418,-0.138741746957754
TMS18F1348P0175,-0.308493887917307,NA,-0.153474025965078,-3.00121786822219,-3.26362278157816,-0.253484955080755
TMS18F1349P0005,-0.684372814021542,NA,-0.26653223958326,NA,-3.31694048869707,0.0110983306081815
TMS18F1349P0010,-0.11625391488812,2.41087720458045,-0.173964571796126,NA,-1.32348072753621,0.122132652214931
TMS18F1349P0018,0.451864984245303,4.4867153807973,-0.107617788446549,NA,-5.06516300559997,-0.0814302707307765
TMS18F1349P0036,0.451864984245303,NA,-0.246667933191172,NA,2.41820155052756,-0.0196211650363526
TMS18F1349P0064,-1.2428751537971,-3.53626218678158,-0.03269077048895,0.991746093580128,-0.459949931115052,-0.176273311559716
TMS18F1349P0065,-0.19249799815124,-1.98349160756026,0.189588647376437,0.66775325712202,-0.372213879804694,-0.102262469213792
TMS18F1349P0095,0.451864984245303,3.1028232633194,-0.054778733443593,NA,-1.70241889301377,0.0729074363026056
TMS18F1349P0101,-0.11625391488812,2.80627495243128,-0.0150501206594153,NA,-2.24059275824154,-0.00740738965961002
TMS18F1349P0103,NA,NA,NA,NA,-4.99192885035752,0.038856911009869
TMS18F1349P0105,0.481213346288884,3.72109678037476,0.122709240576492,0.0889924296660654,1.32041822988951,0.173461969800821
TMS18F1349P0106,-1.25249171315497,-0.0109340010058803,NA,NA,-0.638838551823537,NA
TMS18F1349P0114,0.451864984245303,NA,-0.233557490972393,NA,-5.06516300559997,-0.284993193676484
TMS18F1349P0115,-1.25249171315497,1.57065699039744,NA,NA,3.18884527074799,NA
TMS18F1349P0123,1.06795458862379,2.49686642912152,-0.231648859592096,0.252279852527937,0.560810157046101,0.115385529248984
TMS18F1349P0125,-1.25249171315497,NA,NA,NA,-3.46340879918197,0.0233121059849241
TMS18F1349P0126,-0.401729988382811,1.18844368884196,0.15460635871683,0.703195818757243,-0.0647629553371745,-0.135234124097758
TMS18F1349P0137,1.01998388337873,2.85569967091263,-0.0412710050969727,NA,3.18884527074799,-0.0381268853041441
TMS18F1349P0141,0.451864984245303,1.32353339799067,-0.193828878188215,NA,-3.69587865417463,-0.180250816960784
TMS18F1349P0142,-1.34323757999429,-2.37076183861671,NA,0.133028332509748,0.330577154792384,NA
TMS18F1349P0143,-0.259392111050286,2.58007105600681,0.119009973673422,0.787494109232135,1.7999609259806,0.0360459547933796
TMS18F1349P0147,-0.11625391488812,0.335039028363596,0.0711609690822504,NA,-2.39982845799174,0.0110983306081815
TMS18F1349P0149,0.189968926745421,-1.44565353735169,0.164031638562942,0.645480593698156,0.606806238685051,0.279191516810815
TMS18F1349P0155,-1.25249171315497,0.087915435956829,NA,NA,-2.6195309237191,0.0296040508759731
TMS18F1349P0157,0.0175774329779316,3.96879561278813,-0.15225900242677,0.542859430536696,0.492281278905961,0.0480391703370534
TMS18F1350P0019,-0.684372814021542,2.26260304913639,NA,NA,-1.39671488277866,NA
TMS18F1350P0026,0.227652864107103,3.07296643246815,-0.0172237430930535,0.0790361140550878,-0.149564130045362,-0.148387709822744
TMS18F1350P0033,0.451864984245303,-2.77871823596168,-0.00829625648610511,NA,-0.712072707065987,0.0481097711437648
TMS18F1350P0038,-0.822724291538753,-0.988125851649157,-0.00961101706350174,0.190632298698365,-0.289020377743874,-0.2881664807936
TMS18F1350P0041,0.227652864107103,-0.72078870036582,-0.128877058193147,-0.00497980046494137,-0.0891288690752283,-0.22011859730967
TMS18F1350P0056,-0.19249799815124,-2.50108180063403,-0.124345673651747,0.0575376378773695,-0.483768874620851,-0.225906175028664
TMS18F1350P0057,-0.11625391488812,0.681012057733069,-0.0678891756623717,NA,0.437509178632,NA
TMS18F1350P0065,-0.612648860409582,-4.79790169444585,0.0976921688768477,-0.0639137982410114,-0.81583283708696,0.0531252234840481
TMS18F1350P0067,-0.703897351729644,0.656373733687665,0.233226492463438,0.646473922622233,0.871158767681668,0.00544128713230083
TMS18F1350P0075,-0.87661278705073,NA,NA,-2.21059525483355,0.0991213310080422,NA
TMS18F1350P0078,-0.87661278705073,0.779479296112011,0.0749654975439437,-1.34806207183797,-2.27327659563038,-0.105439192938422
TMS18F1350P0082,0.437728295236274,-0.729330755112273,-0.141021168764098,-0.466346460993329,0.064525463132736,-0.00597822170689073
TMS18F1350P0084,-0.308493887917307,-1.09866000617943,-0.00131343900167761,-0.365809156926704,-1.42939872016751,0.0736961792538004
TMS18F1350P0086,-0.87661278705073,-2.87794987150816,0.0948298039360325,-0.820980329578869,-1.05046055468995,0.166224780592759
TMS18F1350P0091,1.27803001975296,4.62573701168946,-0.187966312613001,0.231290847757498,0.0729138607442083,-0.306932263094581
TMS18F1350P0096,0.745275665564842,-4.80127653482598,0.108122626642925,0.271120207530904,0.452177342154971,0.210743083077859
TMS18F1350P0099,-1.34323757999429,0.819889933197412,NA,-0.265506453784206,-0.103519888512399,NA
TMS18F1350P0108,0.382982411241221,2.27713048009475,-0.227383195330269,-0.183724353340038,-0.506022506447991,0.0567667361186904
TMS18F1351P0008,-1.25249171315497,NA,NA,NA,-6.14151073605551,-0.0566326055719358
TMS18F1352P0002,0.647803726365445,3.15259569294103,-0.183072417308289,0.564160413029902,-0.16743153040051,-0.120852870371773
TMS18F1352P0004,0.451864984245303,-0.0109340010058803,0.0314323562980727,NA,0.131805168396891,-0.112149766375311
TMS18F1352P0012,-0.492432110292141,1.26396342317133,0.264558172767072,0.587496425240216,2.49033315732255,0.254045352633609
TMS18F1352P0015,-0.603289738217573,2.71181078891519,0.316483900217736,1.06288669022788,0.798032518592975,0.243358721581115
TMS18F1352P0016,1.06795458862379,4.3072199697979,-0.147908873267026,-0.264601140586185,0.154175111264318,0.0182243760270841
TMS18F1352P0026,0.451864984245303,NA,0.100957428670384,NA,-1.39671488277866,-0.0814302707307765
TMS18F1352P0035,-0.87661278705073,2.11394669510856,0.0650333443478993,-0.102268285797156,0.0991213310080422,0.129213340057175
TMS18F1352P0037,0.827743910349538,2.26222085055262,-0.0410420517858554,-0.102268285797156,1.01623336171337,-0.0743495828885324
TMS18F1352P0038,0.259625011216116,1.81739838422044,0.0551011911518548,-1.15643177031535,6.21320153571023,0.166224780592759
TMS18F1352P0041,-1.44473168618415,3.89323656043729,NA,-1.4199726414449,-3.26362278157816,-0.0499220321350476
TMS18F1352P0043,0.757846431350107,4.18206972600284,-0.058717180663905,0.600682254291257,1.21615883160251,0.306841921300559
TMS18F1352P0045,-0.308493887917307,NA,0.283540714660877,-3.00121786822219,-3.26362278157816,-0.0684277524028393
TMS18F1352P0047,-0.308493887917307,2.45991972447804,-0.0473986298313238,0.161272585332393,-0.206582679227068,0.116629450275077
TMS18F1352P0049,0.227652864107103,-0.868681960939826,0.0935232950987597,0.413213267802697,0.163240203544851,0.0925859806590076
TMS18F1352P0132,0.259625011216116,0.779479296112011,0.343133633837143,1.622798080194,0.245589641492943,0.363495758647417
TMS18F1353P0014,-1.25249171315497,NA,NA,NA,-1.39671488277866,-0.0751383258397273
TMS18F1353P0017,-1.03279972266792,-0.0922966713291712,0.0146849933393816,-0.25420974543192,-0.838542888503951,-0.179079409847713
TMS18F1353P0019,1.58810278251215,0.631587339251716,0.130753888258517,NA,6.24588537309908,0.122132652214931
TMS18F1353P0022,-0.549654717164869,2.8400938414823,0.393500951739432,0.542169680784923,0.159718572478262,0.30374487683079
TMS18F1353P0023,-0.189415221145987,-1.5654379900776,0.0982359350218158,-0.0447351584218936,0.222862108686094,0.0685587640680323
TMS18F1353P0026,0.315046503907026,4.82351443185804,0.135781287762236,0.275423364534572,-0.21627187854521,0.137428064195932
TMS18F1353P0027,0.315046503907026,3.65072478648447,-0.0362325837079212,1.55879601302026,2.47696120175248,0.238385663176741
TMS18F1353P0030,0.259625011216116,NA,-0.239685115706744,-1.4199726414449,2.23904940265381,0.0674042343627512
TMS18F1353P0033,-0.273055508981855,1.77656946159937,0.125874349069277,1.71739831298828,1.88260462228889,0.262401351045381
TMS18F1353P0037,0.846933824311472,-1.46488847577885,-0.0873718427936436,3.73310990795627,3.04936266188666,0.129918118236899
TMS18F1353P0038,-1.87310144718461,3.6786078002339,NA,0.520856474056435,0.314490108631532,0.206242836615756
TMS18F1354P0003,-1.25249171315497,NA,NA,NA,-5.8358067258204,-0.278701248785435
TMS18F1354P0010,-0.684372814021542,0.730436776214423,-0.167210707622816,NA,-0.479602852073327,NA
TMS18F1354P0022,0.828423818834618,-0.823720708507792,-0.0557449803646253,-0.0324127887739926,2.69007569330878,-0.0079740750081214
TMS18F1354P0025,-1.25249171315497,2.31202776761774,NA,NA,2.57743725027777,0.0544017160348141
TMS18F1354P0027,0.227652864107103,4.78499553263523,0.0103270749186579,0.567248602523467,0.0976468975024884,0.0212058554580811
TMS18F1354P0030,0.451864984245303,0.532737902289009,-0.11437165261986,NA,1.66032521957244,0.177649813018306
TMS18F1355P0001,0.13400287374315,3.73769903278829,0.0176007785432458,0.360615640455718,0.611255415197162,-0.0712459500366743
TMS18F1355P0002,0.451864984245303,-0.0109340010058803,0.170482501042695,NA,-2.6195309237191,NA
TMS18F1355P0013,-0.11625391488812,-1.04885308911431,0.0910252754743392,NA,-1.70241889301377,-0.0259131099274016
TMS18F1355P0018,-0.560418071348318,0.400646297667421,0.101534105159575,0.0900045642848421,0.818466513758955,0.16585215034246
TMS18F1355P0025,-0.612648860409582,-3.1978378297718,0.0110005571428092,0.442199110012558,-0.0521465041398771,0.0419008303320599
TMS18F1355P0030,-0.402573429280411,-5.18856934159401,0.102404808799904,0.470233570857002,0.469961441090469,0.0738201983580271
TMS18F1355P0032,0.451864984245303,2.4603019230618,-0.107617788446549,NA,-4.07481681965219,-0.167666927178685
TMS18F1355P0038,0.647803726365445,1.59982511371971,-0.00761720786528572,-0.146175783810749,0.732852346561033,0.183608793875914
TMS18F1355P0063,-0.748728136901866,1.46804252462096,0.164782339451542,1.65993631294394,1.16717989162996,-0.0062831929659583
TMS18F1355P0066,0.259625011216116,-3.27334761935899,-0.0807706645700331,2.26959955436878,1.01623336171337,NA
TMS18F1355P0079,-0.308493887917307,-1.69175662795567,-0.100634970962122,-1.27615150223103,-2.20004244038793,-0.179462074009589
TMS18F1355P0081,-0.253805259600753,1.54440277346272,-0.114557883042323,0.997392218591454,-0.0593193551151652,-0.352180597988534
TMS18F1355P0085,0.0206891569175995,-1.06361301760148,0.0768466601877967,0.1955894896077,-0.262364758859133,0.0567667361186904
TMS18F1355P0088,0.259625011216116,-2.68025099758274,-0.10699154900759,-1.4199726414449,-2.04080674063773,-0.222395345030865
TMS18F1355P0089,-1.87310144718461,5.85999054901922,0.265346301057575,0.579990753270476,0.99943204994619,0.430896205505659
TMS18F1355P0104,-0.308493887917307,1.76797366573908,0.0384151737825001,1.21543606985059,-2.04080674063773,0.0303927938271681
TMS18F1355P0107,-0.308493887917307,0.730054577630658,-0.0211777453937665,-2.21059525483355,-2.04080674063773,0.0551904589860087
TMS18F1355P0113,-0.308493887917307,-1.49405775403026,-0.0144238812204563,-2.47413612596309,-3.56932679181327,-0.179462074009589
TMS18F1355P0117,0.259625011216116,NA,-0.113745413180901,9.3852030748666,4.37897747429958,NA
TMS18F1355P0119,-0.308493887917307,NA,0.0948298039360325,-3.26475873935174,-0.512286689462178,NA
TMS18F1355P0120,1.06795458862379,7.85072206084143,-0.238174053331712,-0.252624980570454,0.989956568335727,0.135729741836963
TMS18F1356P0018,0.451864984245303,3.00397382635669,NA,NA,0.131805168396891,NA
TMS18F1356P0022,NA,4.04189291446512,NA,NA,-0.785306862308438,0.214661253553889
TMS18F1356P0026,1.01998388337873,3.15224798180075,-0.246667933191172,NA,3.18884527074799,-0.0507107750862424
TMS18F1357P0004,0.451864984245303,2.11432889369233,-0.00829625648610511,NA,-0.17389884183822,-0.0877222156218256
TMS18F1357P0014,-1.25249171315497,-0.554605904300772,NA,NA,1.96602922980755,NA
TMS18F1357P0020,1.01998388337873,-0.900578933670246,-0.00829625648610511,NA,-2.54629676847665,0.0110983306081815
TMS18F1357P0022,0.451864984245303,2.01547945672962,-0.0412710050969727,NA,-4.3805208298873,-0.0259131099274016
TMS18F1357P0024,-1.25249171315497,NA,NA,NA,-4.45375498512975,0.12842459710598
TMS18F1358P0001,-0.11625391488812,0.384463746844947,0.0246784921247624,NA,-1.39671488277866,0.0481097711437648
TMS18F1358P0003,NA,-0.554605904300772,-0.187075014014905,NA,1.66032521957244,0.214661253553889
TMS18F1359P0001,0.0175774329779316,-0.2117405620385,-0.0710565914448841,0.794530274710509,-0.122581936781449,-0.0454389788818502
TMS18F1359P0015,-0.684372814021542,0.285614309882243,-0.0150501206594153,NA,-2.54629676847665,NA
TMS18F1359P0020,0.340902959943836,2.77226900491973,-0.0703257825458971,0.429464660568637,0.243388040138425,0.0524774883656545
TMS18F1359P0023,-1.01467179710409,3.78303145966056,0.173637622410108,1.62379518609655,0.00411714861684568,-0.153498886960069
TMS18F1359P0024,-0.308493887917307,2.36107028751533,0.243812101876699,0.68835432759149,0.0991213310080422,0.240247661663925
TMS18F1359P0027,-0.308493887917307,-4.36069142594877,-0.0740168003967229,0.68835432759149,-2.04080674063773,-0.0436300872439985
TMS18F1361P0004,0.481213346288884,3.94505442496408,0.0377018128882899,-0.126551434745597,3.08921135029166,0.129145962366836
TMS18F1361P0013,-0.11625391488812,NA,NA,NA,10.6722098268755,NA
TMS18F1361P0018,0.647803726365445,2.47574697892148,0.0496594927380089,0.842469827021848,0.269340194719755,-0.0628017120388324
TMS18F1361P0023,-0.11625391488812,0.384463746844947,NA,NA,-1.0177767173011,0.205408393419994
TMS18F1361P0024,0.451864984245303,1.76835586432285,-0.0380927160742384,NA,-1.39671488277866,0.0296040508759731
TMS18F1361P0034,-0.482784476699643,1.66688530430909,0.352071574025226,1.06236333305139,0.922219350987593,0.218818968795436
TMS18F1361P0038,1.39586280948296,0.779479296112011,-0.100634970962122,-3.00121786822219,9.57594564829644,NA
TMS18F1361P0041,-1.2428751537971,2.1373226219117,0.665805563926086,-0.241242663351322,0.822425988837165,0.566290447901519
TMS18F1361P0045,-0.748728136901866,0.150709109187149,0.204865978318526,1.55914220709461,0.423505983061388,0.232005219356751
TMS18F1362P0003,0.13400287374315,1.76203099557743,0.31589399050329,0.184550089389032,3.03545133398253,0.236507238333627
TMS18F1362P0007,0.382982411241221,NA,-0.186724438938603,-9.30980693638418e-05,0.788503683829051,-0.0696559487530481
TMS18F1362P0010,0.451864984245303,2.31202776761774,-0.0480248692702828,NA,6.62482353857664,0.183941757909355
TMS18F1363P0002,-0.684372814021542,-1.83964858481597,-0.11437165261986,NA,-1.39671488277866,NA
TMS18F1363P0005,-0.11625391488812,-4.55800810129042,NA,NA,2.11249754029245,NA
TMS18F1363P0007,0.481213346288884,-0.645295604385386,0.180864141467879,0.36014263587193,2.29292337712984,0.189855854295675
TMS18F1364P0007,1.52284476392609,0.0353967445696141,-0.251538261465971,-0.192955566877646,1.884374278651,-0.114255047666012
TMS18F1364P0018,0.337893655527479,-0.918834092112956,-0.155340343914922,1.238594297623,0.352004470420447,0.160633864142937
TMS18F1364P0022,1.07751729943777,5.16911397010691,-0.211167001464969,0.629978292047854,0.663713447650165,0.0932875052310069
TMS18F1364P0027,-0.402573429280411,-4.71079377875668,0.380631819641856,0.384372575538021,0.763515470884176,0.27959714317322
TMS18F1364P0029,-0.11625391488812,1.62008170887879,NA,NA,-5.29763286059263,NA
TMS18F1365P0001,1.01998388337873,NA,0.177236365216005,NA,1.42785536457978,NA
TMS18F1365P0005,-1.03279972266792,3.77256108146005,0.344380743310657,0.0376229916789311,0.19847398731661,0.317016824373044
TMS18F1365P0018,-1.45295058492627,-1.02716150892733,0.162789600821409,-0.15211485621479,-0.0585612659159701,0.0764509155030241
TMS18F1365P0022,-1.03279972266792,-0.450628343457166,0.166110331930871,0.986065153318165,0.675820839144688,0.276385418522818
TMS18F1365P0024,0.437728295236274,2.05769336143881,-0.0890008742288276,-0.0288381161006762,-0.268023563024666,-0.136637173241756
TMS18F1366P0001,0.13400287374315,0.131830417166868,0.123016126597027,-0.139373494320997,1.89261310041801,0.128996750220593
TMS18F1366P0002,-0.11625391488812,2.11432889369233,-0.107617788446549,NA,1.96602922980755,-0.0381268853041441
TMS18F1366P0012,0.0175774329779316,-2.83950615764381,-0.112926584607419,0.798330883322494,0.052239689622005,0.0538267480560474
TMS18F1366P0014,0.437728295236274,0.425293521744606,-0.259018422222151,0.271164931433032,0.783635267140533,-0.0994563709257946
TMS18F1366P0017,0.451864984245303,-2.9764171098871,-0.206939320406994,NA,9.9143334959204,-0.112149766375311
TMS18F1366P0018,-0.684372814021542,0.582162620770365,0.137507752431827,NA,-2.31382691348399,-0.001115444768561
TMS18F1366P0031,-1.03370144290418,1.17661295178881,NA,-0.202079187728322,-0.511124339516715,0.0676517495310515
TMS18F1367P0001,NA,-6.73269571446998,NA,NA,-4.00158266440974,0.214661253553889
TMS18F1367P0011,0.451864984245303,NA,-0.0611353114890615,NA,-1.70241889301377,-0.0507107750862424
TMS18F1367P0025,-0.11625391488812,-2.53159464355492,0.395743735528983,NA,4.71736532192353,0.0296040508759731
TMS18F1367P0030,0.647803726365445,-0.191833246920276,0.186507305888285,0.409543417963087,0.899403173730248,0.327947474564765
TMS18F1367P0034,1.01998388337873,-4.16261035343959,0.319464798983361,NA,2.03926338505,NA
TMS18F1368P0014,-0.11625391488812,-1.29597668152108,0.150618194650606,NA,2.34496739528511,NA
TMS18F1369P0010,0.857879157494616,4.22542544437624,0.00380188117904195,0.241514956354006,0.3082232844475,0.101355037808999
TMS18F1369P0014,0.227652864107103,-5.70806743581186,0.294898024118571,-0.194149941348537,1.05246933839393,0.206057580179891
TMS18F1369P0015,-0.19249799815124,-0.570072234166495,0.181613410583574,0.42799902032769,-0.102095695107671,0.230961702485865
TMS18F1369P0016,0.599014083290839,2.18032475523199,0.208412604096545,-0.318481049661877,1.82092845701838,0.0706654480674252
TMS18F1369P0023,0.6010889890162,-1.22562151869147,-0.11662791036029,0.0609161713614974,0.657199559021049,-0.0638956716803994
TMS18F1369P0033,0.451864984245303,1.66950642736014,0.00481418573267355,NA,-3.76911280941708,0.109918876838189
TMS18F1370P0008,-1.2428751537971,-4.03394506473714,0.0284106819251599,0.367523453072727,0.0226612486844966,0.089253738942011
TMS18F1370P0012,-0.11625391488812,-0.307482311894003,-0.054778733443593,NA,-4.68622484012241,-0.1432393764252
TMS18F1371P0001,0.857879157494616,0.783625193872604,-0.14954017170193,-0.518305992394158,0.489369748467919,-0.0791121583378158
TMS18F1371P0011,-0.402573429280411,-1.96358429244204,-0.0871883204122677,0.600232195592909,0.928948355051468,-0.0621001874668331
TMS18F1372P0001,0.857879157494616,1.10214223576416,-0.325539147289902,-0.156262302117402,-0.622548203477904,-0.121532347520982
TMS18F1372P0005,-0.684372814021542,NA,NA,NA,-1.62918473777132,NA
TMS18F1372P0010,0.307608110016017,0.765895850765228,0.107211496539473,0.300080876470037,1.86788564600739,0.151527784303192
TMS18F1372P0013,0.307608110016017,2.92418866452499,0.0989255739850275,0.0640908801165473,2.54958938451288,0.198975673731665
TMS18F1372P0017,-0.11625391488812,NA,NA,NA,-4.61299068487996,NA
TMS18F1372P0019,0.654818582561751,0.131830417166868,-0.0428557675021543,0.0333860878718634,5.59073110917742,0.119177253666748
TMS18F1372P0020,0.451864984245303,0.631587339251716,0.084271411301029,NA,-0.712072707065987,NA
TMS18F1372P0024,-1.03279972266792,-5.30801323230334,0.0374429651457813,1.03972286239964,0.00306164480181513,-0.172941069842719
TMS18F1372P0036,-0.618651071347049,1.92920503960616,NA,-0.439389409290317,-0.303972694460929,NA
TMS18F1372P0041,-1.45295058492627,4.43048875958631,0.0465636972180387,0.0221325097635917,-0.0464731448821798,-0.163119725834729
TMS18F1373P0002,-0.11625391488812,1.96605473824826,NA,NA,7.77440542427463,NA
TMS18F1373P0003,-0.11625391488812,2.41087720458045,0.124000024085207,NA,1.12215135434467,-0.00740738965961002
TMS18F1373P0018,0.451864984245303,2.70742551546857,-0.107617788446549,NA,-1.40948227204396,-0.11844171126636
TMS18F1373P0019,0.451864984245303,NA,0.0910252754743392,NA,2.57743725027777,-0.130655486643102
TMS18F1373P0021,0.451864984245303,4.09131763294647,-0.0877534820544606,NA,NA,NA
TMS18F1373P0026,0.835367519621196,-0.977340652656124,-0.181414805773718,-0.0179021504297369,4.64019981635232,0.0102655638638599
TMS18F1373P0028,0.437728295236274,-3.93440848914603,0.0337090191522813,-0.00966121937218957,0.0167806279126049,0.0219073800300804
TMS18F1373P0030,0.938607951499981,1.57065699039744,0.229803108536737,NA,-2.92523493395421,-0.123458658409384
TMS18F1373P0040,0.13400287374315,2.02766703419401,0.150022096404109,0.475068167466744,0.584954475074884,0.0558827985618294
TMS18F1374P0007,0.451864984245303,1.32353339799067,0.163728636869385,NA,4.71736532192353,0.115840707323882
TMS18F1375P0016,0.451864984245303,-3.7177878871074,0.0711609690822504,NA,3.18884527074799,NA
TMS18F1376P0012,0.451864984245303,NA,0.157372058823916,NA,-2.24059275824154,-0.0507107750862424
TMS18F1377P0007,0.227652864107103,2.39611771844859,-0.129602079719771,0.524616152685713,-0.26269539666931,-0.0403529257348553
TMS18F1377P0023,1.27803001975296,1.9581567858477,-0.180172331201793,0.480534102590385,0.381726603188158,0.142394225270956
TMS18F1378P0009,1.01998388337873,0.829286213177132,0.150618194650606,NA,-1.39671488277866,0.214661253553889
TMS18F1378P0012,NA,-0.25805759341265,0.259871879807095,NA,-2.6195309237191,0.0573626312776607
TMS18F1378P0015,-0.11625391488812,-1.74079914785326,0.309532645787317,NA,-1.39671488277866,0.0666154914115565
TMS18F1378P0019,0.451864984245303,-1.04885308911431,0.269804033003139,NA,4.71736532192353,0.214661253553889
TMS18F1378P0033,-0.11625391488812,-1.54310027392784,0.289668339395228,NA,2.57743725027777,NA
TMS18F1379P0008,0.451864984245303,NA,-0.028160562878194,NA,11.2103836921033,NA
TMS18F1379P0019,1.58810278251215,-4.06376091647688,-0.154100265404037,NA,4.79059947716599,0.140638372482723
TMS18F1379P0021,-0.11625391488812,-3.96491147951417,0.110889581866428,NA,-2.24059275824154,0.0110983306081815
TMS18F1379P0024,-0.11625391488812,NA,NA,NA,-4.30728667464485,NA
TMS18F1380P0003,0.857879157494616,-6.40305951473063,-0.262824785236927,-0.414876616108778,-0.023052202994117,-0.00174126873898856
TMS18F1380P0007,-0.11625391488812,-0.307482311894003,0.24993972661105,NA,-5.53010271558529,0.0110983306081815
TMS18F1380P0018,0.451864984245303,-4.360309227365,0.276557897176449,NA,-2.00812290324888,0.12842459710598
TMS18F1380P0027,1.01998388337873,-2.23504633266679,0.220143267022917,NA,1.35462120933733,0.0943740718132436
TMS18F1381P0002,1.01998388337873,2.65800079698722,-0.00829625648610511,NA,3.26207942599044,0.131385512348827
TMS18F1381P0004,-0.11625391488812,0.186764872919533,NA,NA,1.66032521957244,NA
TMS18F1381P0006,-0.256359386891585,0.293747682862635,-0.161681357501264,0.577328761460491,-0.203147692378841,0.0147072913058586
TMS18F1382P0017,-0.703897351729644,-4.56973985676782,0.372546706672646,0.389763216154499,0.655356548481446,0.0459613784373451
TMS18F1382P0019,0.451864984245303,-5.05225528610395,0.369125564963584,NA,11.1371495368608,NA
TMS18F1383P0019,1.46986217421209,-6.68664662758523,-0.299033591209291,-0.375163585393503,-0.551158177253022,-0.0318371968683399
TMS18F1383P0023,-0.11625391488812,-3.7177878871074,0.0512966626901615,NA,-0.638838551823537,0.0666154914115565
TMS18F1384P0001,-1.25249171315497,NA,NA,NA,-6.28797904654041,-0.186172647446477
TMS18F1384P0022,1.01998388337873,-3.52008901318199,0.084271411301029,NA,-4.45375498512975,NA
TMS18F1384P0023,NA,-4.90398113065989,-0.226803626799083,NA,2.57743725027777,0.0358959957670224
TMS18F1384P0025,0.451864984245303,-4.70628225673448,-0.197007167210949,NA,-4.3805208298873,-0.127694571400256
TMS18F1385P0002,1.01998388337873,-4.31088450888365,-0.134235959011949,NA,4.79059947716599,NA
TMS18F1385P0005,-0.11625391488812,-6.53499684054456,0.0711609690822504,NA,-3.76911280941708,0.214661253553889
TMS18F1386P0018,0.307608110016017,-0.280046051287583,0.169049029677281,0.351099549754143,1.76624420658866,0.489977292172077
TMS18F1387P0006,1.01998388337873,-1.49367555544649,0.0580505268634717,NA,4.71736532192353,NA
TMS18F1388P0011,0.451864984245303,NA,0.170482501042695,NA,-0.944542562058648,NA
TMS18F1388P0012,0.0420441979633626,-0.550164919048274,0.122705411545375,0.644742745197749,0.968035156917974,0.199393096745898
TMS18F1388P0013,-0.684372814021542,3.34994685572616,NA,NA,-6.52044890153307,NA
TMS18F1389P0003,1.01998388337873,-0.0603587194872361,NA,NA,2.34496739528511,NA
TMS18F1389P0008,-0.11625391488812,-3.91548676103282,-0.00829625648610511,NA,5.02306933215864,0.10362693194714
TMS18F1389P0016,1.01998388337873,-0.801729496707539,0.0246784921247624,NA,-2.7787666234693,0.0729074363026056
TMS18F1389P0021,0.647803726365445,1.63963974395615,-0.0592749916372445,-0.546870308959649,1.849348356425,0.0901371222688769
TMS18F1389P0027,0.828423818834618,-0.777461592628841,-0.0431626535226892,-0.0135840469371346,3.90983340643619,0.19459114515667
TMS18F1389P0028,-0.11625391488812,NA,0.230075420218961,NA,-0.406368696830878,0.165436037641564
TMS18F1389P0030,1.01998388337873,3.15224798180075,-0.028160562878194,NA,0.583977489116901,0.122132652214931
TMS18F1389P0031,0.647803726365445,2.89455198849776,-0.113832861515699,-0.351276605026736,-0.180218888489993,-0.0549095606038404
TMS18F1389P0036,1.58810278251215,-3.96491147951417,-0.0480248692702828,NA,-0.333134541588427,0.165436037641564
TMS18F1389P0046,0.468227121755658,-1.52546907330857,-0.173623090147768,0.444916294741161,1.75522214684183,0.12276086811931
TMS18F1389P0066,1.55510688472652,1.08758772191917,-0.204330402667348,0.185421071635469,2.59542628677639,0.206502390149735
TMS18F1390P0003,-0.11625391488812,NA,NA,NA,0.889681499352011,NA
TMS18F1390P0006,1.58810278251215,NA,0.223321556045651,NA,2.34496739528511,NA
TMS18F1390P0009,1.58810278251215,-1.49367555544649,NA,NA,8.22657774499464,NA
TMS18F1390P0010,1.01998388337873,-6.04074965573102,-0.028160562878194,NA,0.205039323639341,0.10362693194714
TMS18F1390P0023,-0.684372814021542,-7.62234064713434,0.170482501042695,NA,-4.07481681965219,0.122132652214931
TMS18F1390P0030,-0.11625391488812,NA,-0.147346401230727,NA,-0.259900386345976,0.038856911009869
TMS18F1390P0037,1.01998388337873,-2.28447105114815,0.170482501042695,NA,-2.54629676847665,0.10362693194714
TMS18F1391P0001,-1.25249171315497,-5.1016800045853,NA,NA,-1.62918473777132,NA
TMS18F1391P0002,1.01998388337873,-5.15110472306666,0.018321914079294,NA,0.816447344109561,-0.001115444768561
TMS18F1391P0004,-1.66302601605544,1.18177149623704,0.0465414281145459,0.246176790449603,-0.538656611547417,-0.280800472787608
TMS18F1391P0008,0.451864984245303,-3.76721260558876,0.0580505268634717,NA,2.34496739528511,NA
TMS18F1391P0011,1.01998388337873,3.34994685572616,0.309532645787317,NA,3.33531358123289,NA
TMS18F1391P0023,-0.684372814021542,NA,NA,NA,-3.92834850916729,NA
TMS18F1392P0049,1.1928136304029,0.866690608803869,-0.215703481378304,0.847237016052977,-0.065972924494321,-0.179789146958354
TMS18F1395P0006,0.481213346288884,1.55253932276162,-0.184637108989336,-0.107117437422547,0.755265583179906,-0.202403426583722
TMS18F1395P0007,-0.11625391488812,NA,0.230075420218961,NA,-4.07481681965219,0.0666154914115565
TMS18F1395P0010,-1.45295058492627,-1.70478919590515,0.173603988606732,0.291116680225111,-0.00286657835466202,0.0190831512293632
TMS18F1395P0014,0.481213346288884,2.27670082039706,0.00287024955756458,0.561648866523124,1.87181386573173,-0.0586592253350692
TMS18F1395P0027,-1.25249171315497,-2.13619689570409,NA,NA,-2.92523493395421,0.0358959957670224
TMS18F1395P0029,0.451864984245303,-0.307482311894003,0.018321914079294,NA,4.41166131168842,NA
TMS18F1395P0030,-0.11625391488812,1.22468396102796,0.110889581866428,NA,-2.31382691348399,-0.0259131099274016
TMS18F1395P0031,-0.11625391488812,1.52123227191608,0.0779148332555606,NA,-1.09101087254355,0.0544017160348141
TMS18F1395P0033,0.827743910349538,0.927753451556071,-0.0938811067888118,0.951895198721039,0.404825341243151,-0.0251243669762068
TMS18F1395P0038,0.0175774329779316,2.45583966380325,0.150437484938742,0.278233871092298,0.110598601245522,0.0803093006490203
TMS18F1395P0042,0.0491028437048026,2.9817331849968,-0.00147559809554715,1.85857862374636,0.987719877394676,-0.0421411834421824
TMS18F1395P0046,0.601108149175231,-0.168604436429661,NA,-0.019705572366678,0.216985144535455,NA
TMS18F1395P0047,-0.308493887917307,-0.703262258328598,0.0650333443478993,0.68835432759149,4.99038549476979,NA
TMS18F1395P0048,-0.308493887917307,NA,0.0650333443478993,-1.947054383704,-3.26362278157816,-0.160956353741797
TMS18F1395P0050,0.0491028437048026,-1.58916521308393,0.185813636478138,2.65357898391681,3.00779366380868,0.15905547834819
TMS18F1395P0053,0.827743910349538,0.384081548261184,0.0320585957370317,-0.102268285797156,1.01623336171337,0.0551904589860087
TMS18F1395P0055,-0.19249799815124,1.93508365095516,-0.116007926095571,0.142377136686883,-0.2504540411296,-0.187322323568704
TMS18F1395P0058,-0.87661278705073,-2.0871543758065,0.171108740481654,-3.19284816974481,-3.49609263657082,0.190652331346243
TMS18F1396P0001,1.17563429138035,2.94079091693853,-0.129857954323834,0.313915070664214,1.62770277671316,0.193363477155671
TMS18F1396P0007,1.01998388337873,-0.356907030375359,-0.00829625648610511,NA,10.9046796818682,NA
TMS18F1396P0013,0.828423818834618,0.666282336284007,-0.13875764891935,0.230574215030456,1.90400438816312,0.174058818385791
TMS18F1396P0014,1.01998388337873,0.532737902289009,-0.028160562878194,NA,1.66032521957244,0.0110983306081815
TMS18F1396P0017,-0.402573429280411,-0.982882215420636,-0.0738681510184677,-0.18307909358458,0.668533264195993,0.0395589895288271
TMS18F1396P0025,1.58810278251215,0.928135650139839,-0.137414248034683,NA,2.65067140552022,0.0851212116793481
TMS18F1396P0032,-0.612648860409582,-4.98459315664411,0.187594838178221,0.0533607625501701,0.0959862835941555,0.141166557269958
TMS18F1396P0041,-1.44473168618415,NA,NA,NA,NA,0.206197136371188
TMS18F1396P0045,1.11287748451369,0.299841193953241,0.193119244918955,1.20640529806515,3.32012178984581,0.0509852027451711
TMS18F1396P0049,0.827743910349538,1.91624782118314,-0.00131343900167761,-1.4199726414449,-2.04080674063773,-0.055843862620741
TMS18F1396P0053,-0.19249799815124,0.305849631035277,0.0304464222824734,0.747487785578403,0.324973665863043,-0.0652570480408296
TMS18F1396P0054,0.498025601740386,1.43518736184421,-0.106078135438206,0.559444455254323,0.754461046517545,0.0397343257986657
TMS18F1396P0059,-0.308493887917307,-2.97679930847087,-0.0871272426155016,-2.47413612596309,-3.87503080204838,-0.333429666637615
TMS18F1396P0065,0.259625011216116,NA,0.323269327445055,-2.85739672900833,-3.11715447109326,NA
TMS18F1396P0066,0.259625011216116,NA,-0.199956502922566,-2.66576642748571,-3.49609263657082,-0.222395345030865
TMS18F1396P0067,0.259625011216116,-2.33427796821327,0.290294578834187,4.44983709301211,4.14650761930692,NA
TMS18F1396P0078,0.827743910349538,-1.39520831706755,0.0320585957370317,0.760264897198424,2.31228355789626,NA
TMS18F1396P0081,0.259625011216116,-0.456138665921831,-0.0672629362234127,-0.365809156926704,0.71052935147826,-0.00661864670841526
TMS18F1397P0021,1.01998388337873,NA,0.130753888258517,NA,2.49143570577001,0.214661253553889
TMS18F1397P0027,-0.684372814021542,NA,-0.140592537057417,NA,-4.3805208298873,0.0233121059849241
TMS18F1397P0031,-0.11625391488812,2.55915136002451,NA,NA,2.57743725027777,NA
TMS18F1397P0036,0.625292088492025,-5.84571798604098,-0.0270817363174241,-0.293607486552281,1.14165182208721,0.150570478263715
TMS18F1397P0042,-0.684372814021542,-3.7177878871074,0.104135717693118,NA,4.55812962217333,NA
TMS18F1398P0079,0.83052037607928,-1.62469907819065,-0.181584245245437,0.135956900782996,0.108201394269338,0.230814444932761
TMS18F1399P0011,-0.0213902943797859,2.77226900491973,0.105956937473917,0.295595903275059,0.153784725056392,0.233467229528186
TMS18F1399P0032,-1.34323757999429,-0.716928423915609,NA,-0.415354241318973,-0.268139976269005,NA
TMS18F1399P0033,-1.28381987076374,2.5907384054866,NA,0.30676746739869,0.222209521881816,NA
TMS18F1399P0036,1.10756891988846,0.490990392217559,-0.22453992565253,0.979809144810504,1.17377382518688,-0.0383204114771471
TMS18F1400P0033,0.83052037607928,1.91450442926972,-0.350474464103129,-0.504302898284317,0.539594986405519,-0.0339168182601946
TMS18F1405P0074,1.02885740366969,1.59865449709462,-0.19310342345663,-0.332104175131506,1.93665302098776,0.15242773615672
TMS18F1408P0006,-0.402573429280411,-1.2071063179496,0.105304894906399,0.659227694716073,-0.0970760341959337,0.053300604627048
TMS18F1409P0002,NA,NA,NA,NA,-6.14151073605551,0.16839695288441
TMS18F1409P0005,0.451864984245303,0.186764872919533,-0.187075014014905,NA,-1.70241889301377,-0.0381268853041441
TMS18F1409P0008,0.227652864107103,2.15722993702992,0.163487872417974,0.211159316543309,0.0070027139197338,0.138841176761472
TMS18F1410P0036,0.259625011216116,-1.49405775403026,0.0253047315637215,-1.01261063110149,-2.50574645062304,0.246169492149618
TMS18F1410P0038,-0.308493887917307,1.57027479181367,0.114694110328121,-1.947054383704,-2.95791877134305,0.104415674898334
TMS18F1413P0044,0.340902959943836,-3.14845461971022,0.00359922907531519,0.437148077102044,0.115429349175954,0.163232404599442
TMS18F1414P0014,-0.549654717164869,2.64737319629689,0.149712463412118,0.763726475404967,-0.201763322925521,-0.160664389832732
TMS18F1414P0017,-0.19249799815124,3.1326883778228,-0.0273740444657891,0.85189629766799,0.471542557524441,-0.0717461503318233
TMS18F1414P0019,0.105933867432037,0.372443423990333,0.136861958661324,-0.141037858918586,0.406446629399635,0.0147072913058584
TMS18F1415P0036,-0.0396023625297167,1.20682543355086,0.289808678757813,0.775438026714729,1.36633279585954,0.405337645061472
TMS18F1415P0045,1.01998388337873,-1.39482611848378,NA,NA,5.24277179788599,-0.0259131099274016
TMS18F1415P0046,1.01998388337873,-3.66836316862605,0.124000024085207,NA,-1.93488874800643,NA
TMS18F1416P0038,0.468227121755658,0.194517677980572,-0.266882335577605,0.114706470616522,0.522898063978334,0.0622508651037773
TMS18F1417P0084,-0.256359386891585,1.12066439021319,0.0998994528507178,-0.0807317468060273,0.475068759909424,0.0390193460888852
TMS18F1418P0011,-0.675499293730574,-2.1081993890069,0.139027779419096,-0.12058870549401,-0.21840288796686,-0.114054635699479
TMS18F1419P0003,-0.980945895538828,0.326824351156659,0.389912959980089,0.323888788483968,-0.310088346348961,0.106552831597292
TMS18F1419P0009,-0.980945895538828,-4.99851924418089,0.342226410172124,0.715431437120686,0.430845161865281,0.0849421162346019
TMS18F1419P0022,-1.34323757999429,0.936904990785495,NA,0.408461023630753,-0.0387919364095563,NA
TMS18F1419P0026,0.827743910349538,NA,-0.120499277354211,-2.47413612596309,-3.56932679181327,0.283180932685202
TMS18F1419P0031,0.827743910349538,-1.74118134643703,-0.126855855399679,0.760264897198424,-0.133348523984617,-0.129866743691907
TMS18F1419P0032,-1.44473168618415,-0.851536413772658,NA,0.161272585332393,-1.1236947099324,NA
TMS18F1419P0037,-0.788506479147836,1.41512123534186,0.601400189125383,1.7640984862724,1.63081719397697,0.319140838285508
TMS18F1419P0039,-0.308493887917307,0.730054577630658,0.296651156879655,1.21543606985059,2.23904940265381,NA
TMS18F1419P0044,-0.308493887917307,0.828904014593365,NA,-1.34806207183797,2.31228355789626,NA
TMS18F1419P0071,-0.675499293730574,-0.963165712310204,NA,0.204736729012068,-0.209913129343581,0.244321142034443
TMS18F1420P0005,-0.684372814021542,-0.15920815644994,0.110889581866428,NA,1.42785536457978,0.0973349870560904
TMS18F1420P0006,-0.259392111050286,3.41812015300913,0.281850714434727,0.4426086946459,1.83428605802123,0.432612263342124
TMS18F1421P0005,0.0175774329779316,-3.78346454668863,0.0734039477349443,0.842010223062607,0.879005837511027,0.044531547477057
TMS18F1421P0020,0.451864984245303,NA,0.104135717693118,NA,-3.08447063370441,0.0418178262527156
TMS18F1421P0022,-1.25249171315497,-4.70628225673448,NA,NA,6.24588537309908,NA
TMS18F1421P0025,0.437728295236274,1.56001048348326,-0.128152036666523,-1.05713431349787,-0.640852920286622,-0.353934409418532
TMS18F1421P0040,-1.25249171315497,NA,NA,NA,3.26207942599044,NA
TMS18F1421P0042,0.827743910349538,NA,-0.239685115706744,-2.47413612596309,-2.65221476110794,-0.0806415277795816
TMS18F1421P0043,0.827743910349538,0.334656829779828,-0.173338332357167,-1.4199726414449,-2.65221476110794,-0.166878184227491
TMS18F1421P0050,0.259625011216116,-1.64233190947432,0.184219182700432,3.85084478114607,4.68468148453469,NA
TMS18F1421P0054,-0.308493887917307,-1.4446330355489,-0.0938811067888118,-1.15643177031535,-0.817990699697287,NA
TMS18F1421P0055,-1.44473168618415,-0.802111695291307,NA,-1.4199726414449,4.37897747429958,NA
TMS18F1421P0059,0.259625011216116,-2.18600381276921,-0.120499277354211,0.68835432759149,1.01623336171337,0.135135170542869
TMS18F1421P0061,1.19281520027106,2.25997172254638,NA,-0.0167954849221575,-0.000869568337631756,NA
TMS18F1421P0062,0.259625011216116,NA,-0.126855855399679,-2.73767699709264,-3.87503080204838,-0.105439192938422
TMS18F1421P0067,-1.34323757999429,-2.70152852155693,NA,0.277407131057843,0.171239640604181,NA
TMS18F1421P0069,0.259625011216116,NA,-0.213066945141345,-1.947054383704,-2.34651075087284,-0.216473514545172
TMS18F1421P0073,0.259625011216116,-1.54348247251161,-0.113745413180901,-1.15643177031535,-2.34651075087284,-0.253484955080755
TMS18F1424P0001,0.451864984245303,2.85569967091263,NA,NA,0.743213188867111,NA
TMS18F1424P0005,-1.25249171315497,NA,NA,NA,6.39235368358398,NA
TMS18F1424P0020,-1.87310144718461,-6.52235945451489,NA,0.555831623568412,0.426585212331363,-0.116819104082777
TMS18F1424P0021,0.0175774329779316,3.43129810459613,-0.172015839027274,0.0541537111883333,1.36797417300673,-0.0133442297128832
TMS18F1424P0026,-0.11625391488812,0.384463746844947,0.309532645787317,NA,-0.259900386345976,0.214661253553889
TMS18F1426P0001,1.06795458862379,2.21695188238459,-0.209716958411721,0.404277736775933,0.954753355010779,0.0860968783680143
TMS18F1426P0024,-0.11625391488812,NA,0.190346807434784,NA,-5.90904088106285,-0.0259131099274016
TMS18F1434P0003,-0.980945895538828,-0.764705702546069,0.429629358297315,0.0197115430763126,-0.628667797719875,0.204527044399008
TMS18F1434P0022,0.83052037607928,1.68296775121156,-0.258352526544388,-0.424868191969717,0.845535514016545,0.171384977685363
TMS18F1436P0026,0.468227121755658,-0.566245692781934,-0.220252712862686,-0.0662621065649257,0.299531245660444,0.16220042365622
TMS18F1436P0027,-0.256359386891585,0.525284360920794,-0.174245556022186,0.342898730676845,0.0184036378111998,0.319262510059316
TMS18F1436P0038,-0.308493887917307,-3.32277233784034,0.177465318527122,-1.947054383704,-2.04080674063773,-0.000326701817366107
TMS18F1436P0041,-0.14419276644036,4.09482360242344,-0.0945275860062408,1.05098850451866,0.707985721385259,-0.0746853871393392
TMS18F1436P0045,0.259625011216116,-2.48255212365733,0.0121942893449428,-2.73767699709264,-2.04080674063773,-0.0928553031563241
TMS18F1436P0049,0.227652864107103,4.16786876397036,-0.0919009603353236,0.322826539699718,-0.372159430785506,-0.166627348694726
TMS18F1436P0053,0.857879157494616,6.05906370020144,-0.00127326950732592,0.166569348455088,1.49922218767141,0.157652384711941
TMS18F1436P0059,-0.308493887917307,-1.4446330355489,-0.054152494004634,0.68835432759149,5.90749752547512,0.122921395166126
TMS18F1436P0062,-0.87661278705073,NA,NA,0.951895198721039,-1.42939872016751,NA
TMS18F1436P0064,-1.34323757999429,-3.03229520449716,NA,0.0982109922336615,-0.0971340411355944,NA
TMS18F1436P0069,-0.618651071347049,1.26767167372572,NA,-0.204063271660609,-0.136870240635419,NA
TMS18F1436P0071,0.830521945947437,2.5907384054866,NA,0.0714892699747046,0.100677478028734,NA
TMS18F1436P0072,0.259625011216116,0.878328733074721,-0.100634970962122,-0.629350028056253,-0.206582679227068,0.104415674898334
TMS18F1438P0019,0.451864984245303,0.631587339251716,0.24993972661105,NA,-4.07481681965219,0.109918876838189
TMS18F1438P0020,-1.25249171315497,-7.47406649169028,NA,NA,-4.45375498512975,NA
TMS18F1439P0020,1.01998388337873,0.335039028363596,-0.226803626799083,NA,-2.92523493395421,-0.155453151801943
TMS18F1447P0002,-0.845504174728986,-3.87731200222303,-0.222147556431783,0.77417356020773,0.598272510742604,-0.0207102377188756
TMS18F1447P0005,1.10756891988846,0.457913723923535,-0.267188970818614,0.522361925011965,-1.33389697251047,-0.232276581857293
TMS18F1447P0045,-0.19249799815124,0.869953537139167,0.449327609289479,-0.0509005255346829,0.568224738388988,0.437560688939652
TMS18F1447P0047,0.701249010410012,1.26767167372572,NA,0.322862823021504,0.232774669018622,NA
TMS18F1447P0062,1.27803001975296,7.3729464980041,-0.273881363517943,0.198520915406761,0.935882353659983,0.157827765854941
TMS18F1447P0077,0.830521945947437,-1.89115821234611,NA,-0.412703642185653,-0.757662019063524,NA
TMS18F1447P0078,1.48810545088213,0.504922782217487,-0.29889460618647,-0.784282200242182,0.0698879166563917,-0.232570658462658
TMS18F1451P0002,-0.11625391488812,NA,NA,NA,1.66032521957244,NA
TMS18F1451P0005,-0.11625391488812,1.52123227191608,0.0115680499059838,NA,1.96602922980755,0.134346427591674
TMS18F1451P0013,0.828423818834618,-0.684369502680234,0.0111561721120102,-0.517484406073867,2.94754492721202,0.0979561353637696
TMS18F1451P0015,-1.25249171315497,0.4338884653263,NA,NA,5.0963034874011,NA
TMS18F1451P0025,0.654818582561751,0.201419268704983,0.0579562902436016,0.0666542793890908,1.83923546642721,-0.124076391674002
TMS18F1451P0026,-1.25249171315497,-0.40633174885671,NA,NA,0.131805168396891,NA
TMS18F1453P0002,-0.11625391488812,-2.77871823596168,-0.157278554426772,NA,-1.39671488277866,NA
TMS18F1453P0004,-1.25249171315497,-0.653455341263477,NA,NA,-3.53664295442442,-0.0906831308646724
TMS18F1453P0007,-0.684372814021542,-2.53159464355492,0.263050168829829,NA,10.5257415163906,NA
TMS18F1453P0014,-1.25249171315497,-0.851154215188895,NA,NA,-3.23093894418931,0.10362693194714
TMS18F1453P0017,0.451864984245303,-0.950003652151599,-0.0877534820544606,NA,1.04891719910222,-0.0444188301951934
TMS18F1453P0023,-1.25249171315497,-3.27296542077522,NA,NA,-2.54629676847665,NA
TMS18F1453P0025,-0.11625391488812,-0.604030622782126,0.25669359078436,NA,-0.17389884183822,0.0666154914115565
TMS18F1453P0026,0.307608110016017,-1.60822624437051,0.0406172300833726,0.201217247873246,0.560221526109469,-0.162309480847962
TMS18F1453P0027,0.451864984245303,NA,NA,NA,-4.45375498512975,NA
TMS18F1453P0029,0.451864984245303,-0.15920815644994,0.00481418573267355,NA,2.57743725027777,-0.0751383258397273
TMS18F1453P0051,-0.256357817023428,NA,NA,0.071441329768981,0.390574170231025,NA
TMS18F1453P0069,0.745275665564842,1.31790709956811,-0.159144723064535,-0.606829221452572,-0.117156486377418,0.0189479842339822
TMS18F1457P0002,0.307608110016017,0.450347459058419,0.111814786847498,-0.0629141414523843,0.895385993321847,-0.0124563644171785
TMS18F1457P0005,0.451864984245303,4.43729066231595,NA,NA,-2.6195309237191,NA
TMS18F1457P0009,0.451864984245303,NA,-0.0480248692702828,NA,-4.99192885035752,-0.00740738965961002
TMS18F1457P0011,0.830521945947437,-2.37076183861671,NA,-0.388560608751431,-0.371341933347974,NA
TMS18F1457P0012,-0.11625391488812,0.236189591400887,0.0115680499059838,NA,1.04891719910222,NA
TMS18F1462P0017,-0.712824175630163,2.12312522198602,NA,0.00955330807244747,-0.337499894141593,NA
TMS18F1463P0006,0.340902959943836,-2.38769124894771,-0.0362065464130299,0.384841741470778,0.247255809134772,0.120010973874062
TMS18F1466P0001,-0.11625391488812,2.36145248609909,0.0644071049089401,NA,-3.84234696465953,-0.0381268853041441
TMS18F1469P0037,1.39586280948296,2.95416690929157,-0.173338332357167,0.64054516528274,2.45875186838116,0.243208576906771
TMS18F1469P0049,0.259625011216116,NA,0.084897650739988,-1.61160294296752,0.478059496485602,0.18473050086055
TMS18F1469P0055,-0.308493887917307,-3.17449818239628,0.0451690379558104,-2.40222555635616,-3.80179664680593,-0.00661864670841526
TMS18F1469P0062,-1.43720308985722,0.869505139573932,0.218027683434217,0.469121041355915,0.122253247069497,0.32286142141777
TMS18F1469P0066,0.259625011216116,1.9656725396645,0.131380127697476,-0.557439458449321,4.14650761930692,NA
TMS18F1472P0026,0.259625011216116,-1.14808472466078,0.131380127697476,-1.80323324449013,-3.11715447109326,0.116629450275077
TMS18F1472P0033,0.259625011216116,3.05301634625428,-0.226177387360124,-1.61160294296752,-3.49609263657082,-0.166878184227491
TMS18F1472P0039,1.26205970043315,2.51394758820805,-0.285155692628699,1.89347865310584,1.66572788529293,0.00256787903431153
TMS18F1472P0042,0.227652864107103,0.445200836862826,-0.0268302783208212,0.65152516368392,0.141964983481676,-0.0454389788818502
TMS18F1476P0030,0.468227121755658,2.54296112685614,-0.25266598718891,0.600577833001828,0.695269529729609,0.241619802614107
TMS18F1476P0043,-0.703897351729644,NA,0.284405346662739,-1.23587592075111,-0.806452561644028,-0.00806540996938063
TMS18F1476P0047,0.227652864107103,0.703995933399713,-0.00489837714044571,0.267678893299704,-0.50568374316887,-0.0754291543348194
TMS18F1476P0048,-1.49389530189291,3.58303845430726,NA,0.247962899356982,-0.181178456084149,NA
TMS18F1478P0039,0.259625011216116,-4.8549386107623,0.084897650739988,-2.40222555635616,-1.96757258539528,0.135135170542869
TMS18F1478P0047,-1.2428751537971,-4.03394506473713,0.0357028283504972,-0.0256623462776824,-0.427374845556056,-0.173291832128719
TMS18F1478P0055,0.827743910349538,-0.456138665921831,0.184219182700432,-1.15643177031535,1.01623336171337,0.221741941396133
TMS18F1480P0007,0.451864984245303,2.95454910787534,NA,NA,2.57743725027777,NA
TMS18F1480P0010,0.451864984245303,0.4338884653263,0.120821735062473,NA,0.657211644359353,NA
TMS18F1480P0014,0.451864984245303,NA,NA,NA,-4.14805097489464,NA
TMS18F1480P0020,1.01998388337873,2.41087720458045,-0.17714286081886,NA,8.08010943450974,0.0481097711437648
TMS18F1480P0023,-0.612648860409582,-4.39227673686513,0.0946108273886958,0.18786961570644,-0.429632407259759,-0.079638301766815
TMS18F1480P0032,-0.308493887917307,-3.27334761935899,0.31333717424901,0.68835432759149,0.71052935147826,NA
TMS18F1480P0033,0.827743910349538,NA,0.0451690379558104,-2.59385585787878,-2.50574645062304,NA
TMS18F1480P0036,0.259625011216116,-4.06414311506065,0.124626263524166,2.00605868323923,2.54475341288892,NA
TMS18F1480P0038,-0.703897351729644,-0.567462993191149,0.139398593098053,-1.11381968316977,-1.11612200116705,-0.0315670629263062
TMS18F1480P0048,-0.21684081649742,-3.82614648457531,0.235181838972147,1.11436397201814,1.3460087367917,0.300048697300177
TMS18F1480P0055,0.752806629350092,-0.902663842719041,NA,0.484279948010701,0.31769328626505,NA
TMS18F1480P0059,0.827743910349538,1.37257591788826,0.117872399350856,-1.4199726414449,3.15616143335914,NA
TMS18F1481P0005,-0.684372814021542,3.44879629268887,-0.173964571796126,NA,-3.84234696465953,0.0110983306081815
TMS18F1481P0009,-0.822724291538753,-1.52969985956297,-0.0380039402640899,0.123956628715411,-0.756250751573902,-0.310168547254585
TMS18F1481P0014,-1.25249171315497,2.70742551546857,NA,NA,-1.93488874800643,0.0418178262527156
TMS18F1481P0015,0.0175774329779316,3.53083468018724,-0.183978694216569,-1.2948632147306,-0.656591693437227,-0.325121832216572
TMS18F1481P0016,-0.560418071348318,3.25623371279573,-0.152872971186685,0.135489559891277,-0.152071776341811,-0.141226446624349
TMS18F1481P0027,-0.11625391488812,-0.0109340010058803,NA,NA,4.55812962217333,NA
TMS18F1481P0029,-0.858387550839083,4.95994956801633,0.128437295929253,1.18144960357669,0.637408854620725,-0.289894367974303
TMS18F1481P0043,-0.308493887917307,2.65761859840345,-0.0740168003967229,1.21543606985059,2.23904940265381,0.307978597844042
TMS18F1481P0046,-0.0153300238988645,-0.85327797772255,-0.0286599224093544,2.27372291280412,1.19984480455945,-0.159724606490401
TMS18F1481P0051,0.259625011216116,2.16337141358991,-0.0144238812204563,0.424813456461943,-2.95791877134305,-0.185383904495282
TMS18F1481P0054,0.259625011216116,2.45991972447804,-0.0382610488909629,-1.15643177031535,-2.65221476110794,-0.216473514545172
TMS18F1481P0073,0.827743910349538,-1.79060606491838,-0.1403635837463,-1.61160294296752,-3.19038862633571,-0.228687289921915
TMS18F1481P0075,-1.29936455449861,5.02210881423642,0.353971128891137,1.13354345444834,0.421395836292669,0.0159949927269793
TMS18F1482P0002,1.01998388337873,-4.80513169369718,-0.00154239231279488,NA,2.95637541575533,-0.001115444768561
TMS18F1482P0008,1.01998388337873,-3.52008901318199,-0.100863924273239,NA,-1.39671488277866,-0.0814302707307765
TMS18F1482P0010,0.830521945947437,-0.386161740975387,NA,0.0848741012070444,0.182080606193087,NA
TMS18F1482P0013,NA,-0.601272264546918,NA,NA,-2.71863348396542,NA
TMS18F1482P0017,0.745275665564842,-1.65899304689388,-0.0991517328642435,-0.218349932793232,-0.0881023317512014,-0.0999109502608146
TMS18F1483P0001,-0.684372814021542,-3.6189384501447,NA,NA,-3.24370633345462,NA
TMS18F1483P0002,NA,NA,NA,NA,-5.90904088106285,0.0203511907420774
TMS18F1483P0005,-0.0396023625297174,-0.628693351971849,0.291189665850221,0.121248486564516,0.737219948489016,0.274030956368182
TMS18F1483P0010,-1.25249171315497,-6.68327099598862,NA,NA,3.18884527074799,0.12842459710598
TMS18F1484P0002,0.451864984245303,1.81778058280421,-0.0214066987048838,NA,0.131805168396891,NA
TMS18F1484P0003,-0.11625391488812,-3.22354070229387,-0.028160562878194,NA,-1.32348072753621,-0.136947431534151
TMS18F1484P0004,0.451864984245303,-4.75570697521583,-0.054778733443593,NA,-1.39671488277866,0.0973349870560904
TMS18F1484P0008,0.451864984245303,-2.87756767292439,0.0314323562980727,NA,-4.91869469511507,-0.093644046107519
TMS18F1484P0009,-0.684372814021542,-2.58101936203627,0.00481418573267355,NA,-4.91869469511507,0.122132652214931
TMS18F1484P0012,1.01998388337873,-3.56951373166334,-0.0877534820544606,NA,-3.53664295442442,-0.11844171126636
TMS18F1484P0019,NA,4.09131763294647,-0.107617788446549,NA,-3.46340879918197,-0.433038955818817
TMS18F1484P0024,-0.560418071348318,2.21029181074292,0.130688277110403,0.627717308186476,-0.42639554154262,-0.20792427599469
TMS18F1484P0025,-0.11625391488812,-1.5925249924092,-0.286396545975349,NA,-4.68622484012241,-0.229476032873109
TMS18F1484P0032,-0.907628543894052,-1.5584194871299,-0.128040983899814,0.612937104824725,1.86867788341801,-0.0230568533061057
TMS18F1484P0035,-0.11625391488812,-0.208632874931294,-0.220049762625772,NA,-1.39671488277866,-0.0877222156218256
TMS18F1484P0036,0.227652864107103,1.75908363466548,-0.234911456461904,0.46091843125011,-0.658468712754553,-0.289394148794599
TMS18F1485P0009,-0.703897351729644,2.11174713862463,0.25312938020761,0.953538441038768,-1.31605495435444,-0.0188707676507257
TMS18F1485P0015,0.451864984245303,-2.3338957696295,-0.0809996178811504,NA,5.63447735262886,0.0729074363026056
TMS18F1485P0020,0.0175774329779316,0.922976399700156,-0.0902696619004197,0.0148931727065196,-0.227687323427684,-0.207491155013683
TMS18F1485P0022,0.437728295236274,1.28130807182815,0.0242837393061695,0.190402224802305,0.273810899407975,0.157301622425941
TMS18F1485P0024,-1.25249171315497,1.37295811647202,NA,NA,1.12215135434467,NA
TMS18F1485P0028,-0.348191925596064,4.14153722667873,0.189903284582318,0.552846343561232,0.884806454623061,0.0812182300669949
TMS18F1485P0030,-0.11625391488812,0.335039028363596,0.0115680499059838,NA,1.34185382007202,NA
TMS18F1485P0037,0.451864984245303,3.34994685572616,-0.213693184580304,NA,-1.39671488277866,-0.130655486643102
TMS18F1486P0001,1.01998388337873,-0.25805759341265,0.349261258571495,NA,3.80025329121821,0.0110983306081815
TMS18F1486P0003,1.01998388337873,1.22468396102796,0.0246784921247624,NA,8.08010943450974,NA
TMS18F1487P0001,-1.25249171315497,0.928135650139839,NA,NA,-4.45375498512975,-0.0196211650363526
TMS18F1489P0002,-0.684372814021542,NA,-0.00829625648610511,NA,-5.67657102607019,-0.303498913944276
TMS18F1489P0006,0.451864984245303,-0.702880059744833,-0.200185456233684,NA,-5.06516300559997,-0.186172647446477
TMS18F1489P0011,-0.11625391488812,NA,-0.239914069017861,NA,NA,-0.167666927178685
TMS18F1489P0013,0.451864984245303,-2.38332048811086,0.117643446039738,NA,-5.9822750363053,0.0358959957670224
TMS18F1489P0015,-0.11625391488812,NA,-0.180321149841595,NA,-5.67657102607019,-0.11844171126636
TMS18F1489P0018,-0.684372814021542,-2.67986879899898,0.110889581866428,NA,-4.07481681965219,-0.266487473408693
TMS18F1489P0029,0.451864984245303,-2.03734745874138,-0.11437165261986,NA,-3.84234696465953,-0.229476032873109
TMS18F1489P0033,0.451864984245303,-4.60743281977177,NA,NA,-2.31382691348399,NA
TMS18F1489P0036,-0.11625391488812,-3.42123957621928,NA,NA,-2.31382691348399,NA
TMS18F1489P0038,0.647803726365445,-0.709473393349467,-0.191410164864465,0.477313269957174,0.0110372531321763,-0.158209053830734
TMS18F1489P0040,1.06795458862379,-1.68488188078694,-0.268443702068263,0.336794646405862,0.949797639307715,0.0343594411830675
TMS18F1489P0044,0.647803726365445,-1.06775511212204,-0.0453183272497328,0.783432108816227,0.114803903897194,-0.0731491994758217
TMS18F1490P0005,0.451864984245303,0.4338884653263,0.0215002031020282,NA,-4.53975652963751,-0.136947431534151
TMS18F1490P0008,-0.11625391488812,0.532737902289009,-0.29315041014866,NA,-4.45375498512975,-0.106227935889617
TMS18F1490P0013,-0.11625391488812,-2.18562161418544,NA,NA,1.66032521957244,NA
TMS18F1490P0021,-1.25249171315497,3.25109741876346,NA,NA,-1.39671488277866,0.171357868127257
TMS18F1490P0023,0.827743910349538,1.57027479181367,-0.0144238812204563,-1.68351351257445,4.99038549476979,0.338698093488576
TMS18F1490P0026,0.580990164109249,-0.420963882416208,0.124490801990063,1.22157242203581,1.55318729379741,0.216479472728106
TMS18F1490P0029,0.259625011216116,0.779479296112011,-0.054152494004634,-1.4199726414449,-2.04080674063773,-0.17317012911854
TMS18F1490P0030,-0.87661278705073,NA,0.382862246621321,-3.26475873935174,-1.42939872016751,0.227663771881827
TMS18F1490P0033,-0.618651071347049,1.59843835666594,NA,0.277467056314998,0.546167123826624,NA
TMS18F1493P0014,0.83052037607928,1.25297106338928,-0.224233290411521,0.295008834006348,0.891561965073071,0.211905068990408
TMS18F1498P0053,0.83052037607928,2.50988445856212,-0.325453690939027,1.13767016101574,0.361802326501627,-0.017708781738177
TMS18F1500P0057,0.83052037607928,0.227594346274596,-0.309531380743689,0.480275866540838,0.656467125838085,0.0687340797125842
TMS18F1503P0033,0.83052037607928,1.51758440974145,-0.266882335577605,-0.693868386171848,0.699786138597168,0.020109970146531
TMS18F1505P0040,0.745275665564842,2.17790047521268,-0.148340298289127,0.367867703572101,0.333064096084675,0.0689227635102035
TMS18F1505P0041,0.382982411241221,2.70712716791703,0.0279424217306869,-0.1146245866351,1.19302671974648,0.00760235866856988
TMS18F1505P0047,-0.402573429280411,-2.22237938897893,0.187051072033254,-0.0486581551397262,-0.149524826091005,0.0817123497930187
TMS18F1505P0049,-0.11625391488812,-1.04885308911431,NA,NA,2.57743725027777,0.152852147859465
TMS18F1505P0054,-1.06619060605327,-0.501309656603105,NA,1.4649040939453,1.49747715398722,0.316095320470974
TMS18F1505P0057,-1.87310144718461,-5.30801323230334,NA,1.30782449235946,-0.339278510848493,-0.196091380718695
TMS18F1505P0064,-0.213207598802584,2.69207389064071,0.126238429812645,0.00821497330485025,0.361260238424272,0.00186800162208967
TMS18F1505P0066,-0.11625391488812,-0.752304778226186,-0.140592537057417,NA,-4.07481681965219,0.152852147859465
TMS18F1505P0073,0.451864984245303,-0.851154215188895,-0.0778213288584162,NA,-2.24059275824154,0.00184547047428562
TMS18F1505P0077,0.654818582561751,1.49639495696084,-0.0222944041263075,0.459479269052508,1.74309573244448,-0.0475212187841367
TMS18F1505P0079,-0.308493887917307,1.37257591788826,-0.126855855399679,-1.15643177031535,-2.04080674063773,-0.179462074009589
TMS18F1505P0081,-0.87661278705073,NA,-0.0144238812204563,-2.47413612596309,-3.26362278157816,-0.216473514545172
TMS18F1505P0097,0.259625011216116,-0.209015073515061,-0.0473986298313238,3.58730391001653,2.23904940265381,0.147719060324967
TMS18F1505P0100,0.827743910349538,1.57027479181367,-0.054152494004634,-0.365809156926704,0.71052935147826,0.104415674898334
TMS18F1505P0120,-0.341604097406022,-3.47820980306509,0.108122626642925,1.22311104994303,1.4744161305489,0.105390845684743
TMS18F1505P0127,0.827743910349538,-0.703262258328598,-0.0609063581779442,0.161272585332393,1.01623336171337,-0.0928553031563241
TMS18F1505P0144,-0.87661278705073,NA,-0.113745413180901,-1.61160294296752,NA,-0.358227331796456
TMS18F1506P0001,0.451864984245303,-2.13619689570409,0.0512966626901615,NA,0.131805168396891,NA
TMS18F1506P0003,-0.11625391488812,-2.87756767292439,0.0580505268634717,NA,-1.39671488277866,0.0851212116793481
TMS18F1506P0004,0.451864984245303,-0.999428370632955,0.170482501042695,NA,1.66032521957244,NA
TMS18F1506P0006,0.451864984245303,-0.554605904300772,-0.028160562878194,NA,5.0963034874011,0.115840707323882
TMS18F1506P0012,-0.635160498283002,0.385271645962527,-0.0149376257464725,0.594647493022857,1.01481229973263,-0.0879478762160389
TMS18F1506P0013,0.451864984245303,-3.27296542077522,-0.0349144270515042,NA,-5.37086701583508,0.0603235465205073
TMS18F1506P0018,0.0175774329779316,-2.83950615764381,0.183244709018478,0.63742850891676,0.240385023208491,0.136431266408963
TMS18F1507P0002,NA,-0.594145679085852,0.180414654238739,NA,-0.479602852073327,NA
TMS18F1507P0008,-1.25249171315497,0.087915435956829,NA,NA,-3.23093894418931,0.152852147859465
TMS18F1507P0009,-0.308493887917307,-1.19750944314214,-0.0740168003967229,-2.73767699709264,-3.56932679181327,-0.148372463959699
TMS18F1507P0013,-0.87661278705073,-0.258439791996417,0.184219182700432,-1.68351351257445,-2.95791877134305,-0.0869334726706309
TMS18F1520P0039,0.437728295236274,4.16786876397036,-0.0551061178591565,-0.461652851486269,2.30189045168545,0.21622968647388
TMS18F1520P0050,0.437728295236274,-2.18256475874249,-0.00942976168184567,0.980620180789044,0.20609920435699,0.079607776077021
TMS18F1520P0056,0.259625011216116,NA,0.0451690379558104,-1.947054383704,-2.65221476110794,0.246169492149618
TMS18F1522P0036,0.83052037607928,-1.07028030089847,-0.275412144610822,-0.360993706880725,0.341047405407143,0.170844709801296
TMS18F1522P0056,0.105933867432037,-1.32700906354444,0.0697607942666852,-0.429832861114379,0.0468412162709467,0.21730774783108
TMS18F1522P0067,1.91740013905015,0.723744370684928,-0.259489834415483,0.0582789892445235,1.10048700661869,0.336166682325877
TMS18F1522P0139,-1.44473168618415,NA,NA,-3.45638904087436,-4.10750065704104,0.18473050086055
TMS18F1522P0141,-1.44473168618415,0.334656829779828,NA,-0.365809156926704,-2.04080674063773,0.314270542735091
TMS18F1522P0144,-0.87661278705073,0.581780422186598,0.343133633837143,-0.293898587319772,-1.66186857516017,NA
TMS18F1539P0043,0.259625011216116,-3.56989593024711,-0.0410420517858554,-0.102268285797156,2.23904940265381,0.15364089081066
TMS18F1539P0047,0.259625011216116,-0.110165636552352,0.0519229021291206,-1.4199726414449,-2.04080674063773,-0.0188324220851577
TMS18F1539P0055,-1.01467179710409,0.498683973641362,0.17959246698169,1.10465753287921,2.23892588876389,-0.00255739613264175
TMS18F1539P0056,1.46986217421209,-0.203619641956912,-0.154879818547927,-0.452618227779899,1.56242759509148,0.210743083077859
TMS18F1539P0063,0.227652864107103,-4.31264747639224,0.0683287970485763,0.249892072192905,-0.317239225271366,-0.078586014908816
TMS18F1539P0065,-0.308493887917307,-1.24693416162349,NA,3.58730391001653,3.46186544359425,NA
TMS18F1539P0073,-1.87310144718461,-0.112203986447388,NA,-1.11634412977071,-0.910174850525123,-0.250070780730474
TMS18F1539P0075,-0.21684081649742,0.67267140586847,0.233189400306469,0.955677425409541,1.11807212897997,0.0147872545126648
TMS18F1539P0086,0.242395461184126,2.3249736669556,0.152857738768518,1.77683525518085,2.3520928165834,0.173881952666534
TMS18F1541P0001,-0.11625391488812,4.68441425472272,NA,NA,1.04891719910222,0.189863588395048
TMS18F1541P0002,-0.386812835075451,0.799100355592303,0.143730932983141,0.0809614781670543,2.65201756678744,-0.0679632828193423
TMS18F1541P0005,-0.11625391488812,0.483313183807656,-0.0480248692702828,NA,0.131805168396891,0.189863588395048
TMS18F1541P0009,-0.11625391488812,-4.26145979040229,-0.100863924273239,NA,-3.23093894418931,NA
TMS18F1542P0001,-0.684372814021542,1.96605473824826,NA,NA,-3.84234696465953,NA
TMS18F1542P0002,-1.25249171315497,-3.81663732407011,NA,NA,-4.75945899536486,-0.0692164953540339
TMS18F1542P0004,NA,NA,NA,NA,-5.22439870535018,-0.0444188301951934
TMS18F1542P0006,-0.684372814021542,-1.54310027392784,NA,NA,-0.785306862308438,NA
TMS18F1542P0007,-0.11625391488812,-1.29597668152108,-0.028160562878194,NA,-2.7787666234693,-0.0629245504629849
TMS18F1542P0018,0.481213346288884,-7.51862810358957,0.0295693333441117,1.10266757929858,0.561013763520087,0.102735412481935
TMS18F1544P0036,1.1928136304029,-2.58392245871728,-0.315217920099167,0.305846232686029,-0.246014412495395,-0.0312154788398585
TMS18F1546P0024,-0.308493887917307,NA,0.131380127697476,-3.52829961048129,-2.65221476110794,NA
TMS18F1552P0052,1.1928136304029,2.41065445368005,-0.22707656008926,0.135290686991375,0.98721425565316,0.117358189278637
TMS18F1558P0017,0.83052037607928,-0.797782370840093,-0.0348715298741077,1.39813277051636,0.106392223699221,-0.0792993205218445
TMS18F1558P0040,0.0206891569175995,-2.02283639812813,-0.187577419841924,-1.17005754743817,-1.68446945362784,-0.289004709684355
TMS18F1560P0001,1.58810278251215,1.81778058280421,-0.246667933191172,NA,-2.6195309237191,0.0110983306081815
TMS18F1560P0005,-1.25249171315497,-6.43614740358185,NA,NA,-3.53664295442442,NA
TMS18F1560P0006,0.654818582561751,-1.67463525402466,0.00425123664997216,1.24951347732315,1.34671917001179,0.112135777695205
TMS18F1561P0009,-0.684372814021542,2.21317833065503,-0.0778213288584162,NA,-2.92523493395421,-0.0259131099274016
TMS18F1561P0012,-0.684372814021542,NA,0.269804033003139,NA,-5.15116455010773,-0.192464592337526
TMS18F1561P0016,-1.25249171315497,NA,NA,NA,-5.67657102607019,-0.124733656157409
TMS18F1561P0024,-0.684372814021542,NA,-0.00829625648610511,NA,-4.30728667464485,-0.0906831308646724
TMS18F1561P0025,0.745275665564842,1.78098045568442,-0.196107228875141,0.0281015301655632,1.10480300503792,0.0675720938000355
TMS18F1561P0026,0.451864984245303,NA,NA,NA,-4.91869469511507,NA
TMS18F1562P0001,0.451864984245303,-2.08677217722273,-0.0150501206594153,NA,1.35462120933733,-0.167666927178685
TMS18F1562P0004,0.332068908061293,3.15262231422914,-0.0398802645044432,1.5014497248141,0.922450879871378,0.0143401937357032
TMS18F1562P0014,0.451864984245303,-1.24655196303972,0.170482501042695,NA,-1.39671488277866,NA
TMS18F1562P0016,-1.25249171315497,NA,NA,NA,-6.28797904654041,-0.192464592337526
TMS18F1562P0021,-1.25249171315497,NA,NA,NA,-5.90904088106285,-0.260195528517643
TMS18F1562P0023,-0.19249799815124,4.18777607908857,0.0411404898001771,-0.609406394063243,1.01974921159394,-0.0236917171498726
TMS18F1562P0025,1.48810545088213,0.409017242396234,-0.210623235320001,-0.225565259106755,0.309254627954507,0.00998146230609286
TMS18F1562P0026,1.06795458862379,1.28130807182815,-0.344027196218813,0.168436122647359,0.317755474476793,-0.0909157044734156
TMS18F1562P0029,-1.25249171315497,-3.17411598381251,NA,NA,-1.0177767173011,0.0729074363026056
TMS18F1562P0030,-0.402573429280411,2.67482013010369,0.0766719740493482,-0.0517375868999863,0.219384016355732,0.0157690400250867
TMS18F1562P0032,-1.06619060605327,-0.236696310250932,0.150771671809009,-1.48136542147831,-1.86677263882518,-0.291706049104691
TMS18F1562P0040,0.0206891569175995,0.127147040983314,-0.102279329509756,-0.843153276468169,-0.718228846935473,-0.309805023220944
TMS18F1562P0046,-0.308493887917307,2.06452197662721,-0.0978539680672295,1.47897694098014,-1.1236947099324,-0.240901065298657
TMS18F1562P0049,-0.638212196526459,-4.44635413743688,0.0250262867495805,-0.980036006216467,-0.11985065402984,-0.134219444718576
TMS18F1562P0050,2.27969496324192,0.275371624905056,NA,0.740131579020161,0.520740632056209,NA
TMS18F1562P0051,-0.308493887917307,-1.64233190947432,0.0451690379558104,-1.15643177031535,-2.34651075087284,-0.111361023424116
TMS18F1562P0055,0.227652864107103,-6.980227702234,0.0570909633859047,0.325582065213975,0.00755396205605231,0.0108583680210918
TMS18F1562P0059,-0.703897351729644,0.193300377571357,0.150771671809009,0.388122519458499,-1.16583992675642,-0.180951132870903
TMS18F1562P0062,-0.308493887917307,-1.98830493884379,-0.146720161791768,-0.820980329578869,-1.66186857516017,-0.0288255110297652
TMS18F1562P0068,-0.308493887917307,-0.604412821365891,0.0451690379558104,2.26959955436878,-0.512286689462178,-0.142450633474006
TMS18F1563P0004,-0.684372814021542,1.17525924254661,-0.00154239231279488,NA,-4.45375498512975,0.0173902754992308
TMS18F1563P0014,1.01998388337873,1.76835586432285,-0.140592537057417,NA,1.35462120933733,-0.093644046107519
TMS18F1563P0016,-0.684372814021542,0.878710931658483,-0.193828878188215,NA,-4.75945899536486,NA
TMS18F2021P0005,-0.256359386891585,-3.13671158818578,0.14823503737228,1.39377498915874,-0.453582576113425,0.0876434556549382
TMS18F2023P0002,1.1928136304029,-3.8077591855961,-0.30668811106595,1.48925360989642,-0.550152087094036,-0.0771382489855752
TMS18F2027P0009,1.91740013905015,2.1791177756219,-0.301001571710472,0.656339100582205,1.60586706539768,0.182190335366709
TMS18F2027P0031,1.1928136304029,1.51758440974145,-0.0792265368468351,-0.0118925925723725,0.642025349065813,0.184891674787045
TMS18F2076P0054,-0.618652641215206,-0.235479009841717,0.472367780634518,0.215574127691748,0.217409829009837,0.230814444932762
TMS18F2079P0052,-0.618652641215206,-1.65777574648467,0.351244492362839,0.670749414818723,-0.462609476290812,-0.128463697971965
TMS18F2079P0059,0.105933867432037,-1.22777905866237,-0.235606369122476,0.673897963182676,0.358648913119387,0.222710426671753
TMS18F2079P0062,1.1928136304029,1.78219775609363,-0.303844841388211,0.82332173072002,0.835151735911572,0.308072752354379
TMS18F2088P0015,0.105933867432037,1.41835440485939,-0.0422640310362288,0.109559280877707,0.762949169607944,0.0714354191329205
TMS18F2093P0001,-0.256359386891585,2.80757447320831,0.551979331611208,0.827378339474327,0.285994054173231,0.220009087251416
TMS18F2096P0031,1.55510688472652,-0.235479009841717,-0.333983499972244,0.167077343234213,0.700232113681965,0.163280959424354
TMS18F2096P0072,0.83052037607928,-0.103172336665626,-0.3322775381656,1.33129225765757,0.440318037127465,0.0822407768142658
TMS18F2098P0022,-0.256359386891585,-0.665475697664002,-0.0792265368468351,0.235674650869132,0.435355453175109,0.0249723811031366
TMS18F2103P0002,-0.618652641215206,0.657591034096885,0.289996507998971,0.99236232823728,-0.0352928354951253,0.15242773615672
TMS18F2103P0015,-0.618652641215206,3.07218781956049,0.0412953919700187,0.950828854299269,0.905092839002552,0.322659985224195
TMS18F2118P0006,-0.256359386891585,-3.70852918071403,-0.114483080850798,0.182395717861087,-0.131397418717743,0.0795394373939295
TMS18F2118P0025,-0.980945895538828,-2.22007910748304,0.445520803410987,0.134565147195172,-0.421997901829171,0.174086317105699
TMS18F2121P0003,-0.256359386891585,0.227594346274596,0.043034059295939,0.448005517100531,-0.285721401671977,-0.0906449460872568
TMS18F2127P0001,0.105933867432037,0.161441009686552,-0.082069806524574,0.448005517100531,-0.57812473779579,0.00120059420417703
TMS18F2127P0013,0.105933867432037,-0.467015687899871,-0.101972694268747,0.374019173128062,0.353227718966769,0.106552831597292
TMS18F2131P0010,-0.256359386891585,-2.84853580506946,-0.0308909523252731,-0.48940889085033,-0.684167124038584,-0.0258127999991857
TMS18F2135P0061,0.105933867432037,1.94758109756374,-0.301001571710472,0.377227047496597,1.31029768077617,0.292945251600496
TMS18F2144P0051,-0.618652641215206,3.10526448785451,0.324517757392094,-0.114576370428309,-0.215780298580996,-0.144671734493983
TMS18F2145P0040,0.83052037607928,3.17141782444256,-0.283941953644038,0.962090620171836,0.590131728771873,0.02821398840754
TMS18F2147P0037,1.1928136304029,0.49220769262677,-0.346493886554295,0.409921764129789,1.32880377377347,0.0849421162346019
TMS18F2147P0041,0.468227121755658,0.459131024332746,-0.283941953644038,-0.441035300982364,0.421805626572431,-0.320258796815841
TMS18F2147P0085,0.83052037607928,-3.97314252706621,-0.320904459454644,-0.100047404182626,-0.101182257476541,-0.195997183480372
TMS18F2150P0076,0.105933867432037,0.955281048743082,0.0828398347842841,-0.0695931755230303,0.671342242579689,0.198398371888726
TMS18F2151P0060,-0.618652641215206,3.13834115614854,-0.0312225499991465,0.0271585467933063,0.603216627616557,0.269383888249163
TMS18F2151P0072,0.83052037607928,-1.22777905866237,-0.232763099444738,0.247661956537902,0.165057598515635,0.130864886380319
TMS18F2185P0001,1.1928136304029,1.41835440485939,-0.29645234022609,0.379650056064345,0.05631409153313,0.0228113095668673
TMS18F2198P0006,-0.256359386891585,6.21447130749259,0.30745813932566,0.335634247554004,-0.00234496572555149,-0.0231114605788494
TMS18F3087P0001,0.223563854563901,-0.256674470206015,-0.176408026557083,0.196934070750948,0.809425088998202,-0.0409046749719378
TMS18F3132P0004,0.223563854563901,-3.29972795325605,-0.460734994330977,0.907849144832625,-0.72841249906472,-0.198392763177543
TMS18F3142P0002,1.19330383709227,-3.73274334833424,-0.196521466174293,-0.081611872721178,1.84594001817108,0.353352781625368
TMS18F3154P0008,0.223563854563901,1.4302356127891,-0.0768935878362206,-0.586999960908262,2.0413031967769,0.179794755669537
TMS18F3154P0022,-1.22560916273059,-1.51358786537885,0.310939186446328,0.315721089034544,-0.611094384547358,-0.0409046749719376
TMS18F3155P0007,0.353002112575582,-0.557628486437084,-0.0727240405032476,1.99351725640534,0.607096915541381,-0.0676311494215148
TMS18F3157P0012,1.19330383709227,0.96538301956616,-0.398439961339072,0.618398353504167,0.290858278101949,0.170254868333557
TMS18F3165P0055,1.19330383709227,-2.87075660371523,-0.245641674603067,0.371473252697741,-0.136126904982607,-0.384475686974872
TMS18F3166P0029,-1.9578276298453,-2.8767287982507,0.268884137300617,0.507724799950752,-0.25167956778038,0.168501056903559
TMS18F3166P0034,-1.9578276298453,2.00653560024918,NA,-0.290879489853889,0.568895707175281,-0.150692623356113
TMS18F3168P0025,0.189815979985199,-2.07770746563244,-0.160145546952707,1.01466129056465,0.320718940241629,0.00774148971715651
TMS18F3170P0005,0.563077543704753,1.94283219187086,-0.216459558156452,1.05758315927771,0.768598794864535,0.0872995876946427
TMS18F3170P0008,-0.501022654083342,0.33870555908638,-0.136602251068738,0.358952031744101,-1.43684411259419,-0.607375551416457
TMS18F3176P0008,-0.697375043070274,2.8963925860337,0.560144027788081,1.35188021081303,1.1365756529344,0.00662426191472592
TMS18F3176P0011,-1.22560916273059,0.834855583496709,NA,0.0926760187130349,-0.446826281015214,0.116583413233668
TMS18F3176P0018,-1.53767676758696,2.2593585022506,0.492569269529465,0.739396692811641,-0.702346060014292,-0.20137777368306
TMS18F3176P0039,-0.697375043070274,2.9643742487888,NA,0.854591789423949,1.9557036768638,NA
TMS18F3176P0048,-0.501022654083342,1.72792562743531,0.288182238785459,0.544944604074793,-0.492859049629472,0.2068081498729
TMS18F3179P0001,-0.907450474199445,-2.29941665982225,0.582282235184498,0.436056555158528,2.94116677667135,0.289479581216243
TMS18F3179P0019,-0.697375043070274,1.68204636382216,0.414696005193624,0.660170501104192,1.55726007888594,0.0708606638131615
TMS18F3182P0011,-0.501022654083342,-0.322827806794063,NA,0.423492730624713,2.39688851658469,NA
TMS18F3192P0024,0.223563854563901,-1.08359117755657,0.188667800064596,0.159032838374358,0.803105627118259,0.111991136219096
TMS18F3192P0069,-0.863315908406964,0.901008920084756,0.244592403096751,0.909181572415867,0.513403411734157,0.148189084451602
TMS18F3215P0002,-0.13872939975972,4.40713575925109,-0.166740909652771,-0.0115820333248782,0.798595335808431,0.0632586505205313
TMS18F3235P0017,1.19330383709227,2.70528236089877,-0.22425353956766,0.0748823669073681,0.539876218293555,0.0815120099756481
TMS18F3235P0070,0.983228405963095,1.42325126728527,-0.0854119172191674,-0.181960640520533,2.27145764067762,0.0708898261130814
TMS18F3240P0037,-0.501022654083342,-0.025137792147865,NA,0.57788116730672,0.926743203515564,0.265157081352164
TMS18F3244P0025,1.31044361753477,-1.71204787514299,-0.27108890682579,1.19035159288092,0.952913001204933,0.193031318829185
TMS18F3251P0023,0.563077543704753,3.27463157327992,-0.113869012139159,0.672519556095805,0.612408015871407,0.13886164373659
TMS18F3252P0006,0.142926681446411,-1.87559913915266,0.18175851534177,0.44712391051387,0.631754341792558,0.131671016873597
TMS18F3252P0032,0.353002112575582,-1.16469969808359,-0.0884932587073192,-0.539086290296586,0.610953994994556,-0.0700172975761953
TMS18F3252P0036,0.773152974833924,-3.25695851700873,-0.304912184404578,-0.218875554592967,-0.219779116547298,-0.0021447952352653
TMS18F3256P0024,1.19330383709227,-6.95971912899804,-0.0756241266097437,0.0394525920374979,0.600796158408364,-0.0577406175662079
TMS18F3256P0050,0.983228405963095,-5.58810511735254,-0.119850439733806,0.23967712305242,0.371111004436736,0.182005404914545
TMS18F3256P0060,0.353002112575582,1.74176830917682,-0.307268504366106,-0.870903511390537,0.475570332650015,-0.218915887983042
TMS18F3257P0008,-0.501022654083342,1.76100229572933,0.283348680333302,-0.67902886067867,0.126233417642117,-0.113030437494917
TMS18F3259P0003,-0.13872939975972,-0.918207836086458,0.202884148453291,0.104905170980539,-0.75367771146903,-0.149228385727423
TMS18F3259P0007,-0.487299611941102,0.650847440698247,0.584496055924139,-0.499404537385317,1.36723015415726,0.0864226819796433
TMS18F3259P0025,-0.501022654083342,-0.918207836086458,NA,0.498081419803815,-0.520850653004422,0.285417127004686
TMS18F3259P0026,0.189815979985199,-2.57195465044597,-0.10730649194975,-0.356272029846173,-0.580456145511199,-0.146596217316226
TMS18F3260P0052,0.223563854563901,1.79407896402335,-0.147975329779694,-0.740421011195331,1.22635795168891,0.109057853158567
TMS18F3261P0024,-0.501022654083342,0.934085588378776,0.157683355320715,0.0610718830643492,0.317575904148688,-0.0230758347977184
TMS18F3262P0107,0.983228405963095,-0.905904601546709,-0.167520605109333,-0.378813077210428,0.546149896024227,-0.0249443438252417
TMS18F3262P0110,-0.697375043070274,-0.0697973665813812,0.00757209357035838,-0.211383733128944,1.09015530248458,0.169202581475558
TMS18F3263P0032,0.189815979985199,NA,0.0651156875335812,-0.09634938399911,0.468783174384694,-0.0910790565128508
TMS18F3263P0041,-0.697375043070274,-4.97097834868765,0.263867203231936,0.519804289924871,-0.51908125649249,-0.389210977835867
TMS18F3268P0052,0.773152974833924,-1.76126454083199,-0.408046496566839,-1.2360601126656,-1.05583009826976,-0.305028029195954
TMS18F3269P0026,0.16075872551957,2.25715232013966,-0.228439861659706,-1.17464704075915,1.96098463313868,0.139004530422459
TMS18F3276P0010,1.31044361753477,1.264852271319,-0.195457933397934,-0.0489995725039988,-0.147211532841864,-0.0184835577831466
TMS18F3277P0008,1.40337926822144,-2.70353515672216,-0.218997133499636,0.534920183755319,-0.0974342531403046,-0.216109789695045
TMS18F3285P0001,0.353002112575582,0.993253260731673,0.136444669927771,-0.526060791154894,1.26229969201954,0.210066387794516
TMS18F3286P0003,-0.501022654083342,-4.92048469966313,0.354430422276776,0.745831183839473,0.104573911262575,0.0309509536090075
TMS18F3288P0002,1.40337926822144,-2.48455469042172,-0.36363892806112,-0.364170187963767,0.596911999552844,0.353756168799335
TMS18F3289P0039,-0.0671487496827603,1.2539556125801,-0.321587679516929,-0.147476874818237,-1.20910606565861,-0.40552142413485
TMS18F3289P0070,1.33512636786242,2.13627627893112,-0.180146213987385,0.0458460123646809,0.304807352210147,0.0107076937682375
TMS18F3291P0003,0.585857108887523,1.79407896402335,-0.0911099362249152,-0.559393108009301,0.865357755286244,-0.0454969519865093
TMS18F3292P0002,-0.697375043070274,-2.08640838805728,-0.133625848739662,0.147293181300875,0.327605465591199,0.16198270130707
TMS18F3292P0004,1.31044361753477,-0.885131167792435,-0.482059516914019,-0.136428844318049,-0.130992173288138,-0.0860170432915539
TMS18F3292P0013,1.61345469935061,1.70195367894038,-0.296393181466746,-0.1019257537606,2.13702301603255,0.0674815185356631
TMS18F3294P0002,-0.863315908406964,2.29022898843368,0.177547661712804,-0.0382214998289012,-1.06321762754709,-0.198662897119577
TMS18F3298P0008,0.223563854563901,-1.67897120684897,-0.238106978564018,-1.04423321541468,0.668638297531181,0.0398653736961173
TMS18F3298P0025,0.223563854563901,3.28252903725434,0.15540154483505,0.181191328931187,-0.088552475583183,-0.148958251785389
TMS18F3298P0076,0.585857108887523,3.28252903725434,-0.106211247787539,0.443351407203363,0.902382576396313,0.0535406923551923
TMS18F3298P0131,1.82353013047978,-5.96236264157511,0.0572360681441011,1.71960021136064,2.68150632626793,0.369985836672964
TMS18F3299P0007,-0.501022654083342,0.272552222498337,0.350667799230505,1.61864556690514,0.261617967629717,0.0964739633764689
TMS18F3306P0008,0.948150363211145,0.702548910320618,-0.27108890682579,-0.717413786252729,2.07739816237098,0.207508284983218
TMS18F3306P0016,1.19330383709227,1.36352932193061,-0.408590262711807,-0.0845821511263063,0.429143212349604,-0.0459900809852202
TMS18F3306P0020,0.585857108887523,-3.89510798254845,-0.257156885404869,-0.508413988979434,0.233626364254767,0.170610201640393
TMS18F3306P0021,0.585857108887523,1.95946230549346,-0.299521603603179,0.16811344227791,1.06391165384235,0.269479224424702
TMS18F3306P0026,0.773152974833924,2.93620721627014,-0.174227054230605,1.31010806321301,1.91557054384582,0.0529248836666777
TMS18F3310P0004,0.142926681446411,-0.358453435795603,0.0831555877209084,1.03619101816831,0.929138096787042,0.322310319314401
TMS18F3312P0002,-0.13872939975972,NA,-0.218643221966762,0.159516531571827,0.437595139405761,0.0671489018415139
TMS18F3318P0001,0.585857108887523,2.29022898843368,0.126968848057661,-0.849160039180437,0.649667276775885,-0.0184835577831464
TMS18F3324P0027,0.728877624652993,3.22633863403555,-0.304854311708427,NA,NA,-0.045279853874815
TMS18F3330P0007,1.19330383709227,-4.11098233558046,-0.185646143274933,0.415269669535319,-0.0312032126954702,-0.0396763598372268
TMS18F3331P0010,0.983228405963095,-3.63320677274313,-0.205040469112124,-0.772512887377533,-0.192213648542421,0.0060981184857263
TMS18F3334P0042,0.585857108887523,-4.68894802160497,0.170793797539494,0.113502081686622,0.473690104999842,-0.0603595608683167
TMS18F3335P0013,1.61345469935061,-7.31606006961421,-0.424903247060847,0.600042616251096,0.951863598386337,-0.0537068512772122
TMS18F3337P0107,0.353002112575582,4.0709241780088,0.0691989233333968,-0.0539434843328245,2.15637611180429,0.167511749031454
TMS18F3338P0011,0.142926681446411,2.04037803595015,0.0148223088365982,-0.0318087736221419,1.24537673422647,0.217607776943508
TMS18F3341P0002,0.983228405963095,0.497561114287948,-0.243829120786507,-0.228254331179452,0.897224105852787,0.155172090035573
TMS18F3341P0005,-0.697375043070274,-1.0572001964452,0.405567339626835,0.461970239326823,0.436884450658299,0.183233072915544
TMS18F3341P0010,0.142926681446411,0.527422086965274,0.0909495691321163,0.499963413469236,1.14672671967001,0.0897549236966401
TMS18F3341P0022,-0.13872939975972,1.29877461326276,0.363813212213314,-0.580219170982889,0.323882730913167,0.130090110335349
TMS18F3341P0058,0.983228405963095,1.44514931391532,-0.0194349582963849,-0.544350402956763,2.08334610089965,0.297136113800231
TMS18F3341P0062,0.563077543704753,4.55865339840524,-0.153745196103478,-0.606029552463624,1.35368637204234,-0.252939829725007
TMS18F3341P0068,-0.407360173613852,NA,0.0395927611303936,-0.0634751343632794,-0.152138022205073,-0.0574936292515574
TMS18F3341P0073,0.142926681446411,1.64223173358571,0.099468572069948,-0.985086473384068,0.639973483876283,-0.0933429895951714
TMS18F3341P0074,0.223563854563901,-3.0681912751979,0.0297290250789894,0.0716035665603076,0.413209242055579,0.0964739633764689
TMS18F3341P0084,0.773152974833924,-1.39164309043133,0.124300559356819,-0.223600537218153,0.878342144005494,0.00644734353117561
TMS18F3341P0102,0.983228405963095,-1.56284600044804,0.100012338214916,-0.471736148996963,1.79951966772126,0.248650239254476
TMS18F3341P0104,0.757934879118622,2.4693666346521,-0.226492330302283,0.313026100598751,1.17098051033716,0.0817643707883228
TMS18F3341P0117,-0.501022654083342,4.274829086075,0.00840450249594754,-0.0431861689735636,-0.294305151073363,-0.175971645988752
TMS18F3341P0118,-0.0671487496827603,2.84817531858154,0.437147348095067,-0.0617048708143415,1.50938570755927,0.290164412060094
TMS18F3349P0007,-0.13872939975972,-1.41435786049679,0.0746526859872646,0.103572743397297,2.48260932170233,0.0668787678994803
TMS18F3350P0085,-0.697375043070274,2.95611453138836,0.020803736431246,0.477289572723564,-0.512794039060645,-0.11386258332615
TMS19F1001P0017,-0.561342219725132,2.3600069689186,-0.0188063697329011,1.67266741595064,-2.17645164483384,-0.297288565308713
TMS19F1002P0001,0.0067766794082904,2.60713056132536,0.00105793665918783,0.252233675150139,-0.272159799349474,-0.0445004264506796
TMS19F1002P0010,0.574895578541713,1.02553956992205,-0.0716454247358574,-0.849795207717895,-1.69605962875009,-0.0445004264506796
TMS19F1003P0010,-0.561342219725132,0.531292385108513,NA,0.591071938030987,-0.927239821281852,0.06653389515607
TMS19F1003P0013,-0.561342219725132,0.531292385108513,0.186590558361298,0.529490542980419,-0.0451616826133764,-0.112231362630797
TMS19F1004P0001,-0.561342219725132,1.17381372536611,NA,-0.712916420916026,-1.35532172647813,0.0787476705328125
TMS19F1005P0005,-0.561342219725132,0.185319355739039,0.279158226148432,-1.57883642605597,-0.962273713318705,0.115759111068396
TMS19F1007P0004,-0.561342219725132,1.47036203625423,0.279158226148432,-0.21326667205839,-0.0624379014639876,0.0850396154238615
TMS19F1007P0011,-0.561342219725132,NA,0.179836694187988,-1.08590408544598,-1.24206339527789,-0.112231362630797
TMS19F1008P0001,-0.561342219725132,2.31058225043724,0.259293919756343,-0.209767377831848,0.356524439971357,0.0602419502650208
TMS19F1008P0004,0.0067766794082904,2.50828112436266,0.00781180083249806,0.142786881749731,-1.07601349885457,0.00472478946164603
TMS19F1008P0006,0.0067766794082904,0.383018229664453,0.0209222430512767,-0.445876255559935,-2.42120743475617,-0.0630061467184712
TMS19F1008P0017,-0.561342219725132,1.09967664764408,0.100379468619632,-0.623903032463996,-1.4776996214393,-0.0445004264506796
TMS19F1011P0025,-0.718863920909159,2.67340426145137,0.0330520833702821,0.697241459992492,0.497400632447241,0.0523618872587673
TMS19F1011P0056,0.730309096385328,1.61495087604266,-0.0648241395299539,0.445649493619527,-0.0121554611697165,-0.0873598200477731
TMS19F1014P0006,0.574895578541713,1.66806091017965,0.0276761072245869,1.20716706874211,0.129526323235259,-0.174040468325221
TMS19F1014P0007,0.0067766794082904,0.976114851440698,-0.065288846690389,-0.901159900294275,-0.918601711856547,-0.0322866510739372
TMS19F1014P0045,0.574895578541713,1.42093731777288,-0.0851531530824779,-1.64391711533308,-0.717517923396365,-0.0692980916095204
TMS19F1014P0048,-0.561342219725132,0.877265414477991,0.166726251969209,0.354963060302899,2.40910850869281,-0.0197027612918389
TMS19F1014P0050,0.574895578541713,-4.11463115213873,0.0737612980542331,5.3485236150636,8.68923860981833,0.0358143995115359
TMS19F1015P0001,-0.561342219725132,4.23814627121004,-0.0056959275141224,0.163220286698109,-0.979549932169318,-0.204759963969755
TMS19F1015P0002,0.0067766794082904,-1.09972332477616,-0.0255602339062111,1.69660011512556,-1.09328971770518,-0.204759963969755
TMS19F1015P0014,0.574895578541713,NA,-0.237313740045879,-1.33922825410134,-0.560587590733972,-0.198838133484062
TMS19F1015P0018,0.574895578541713,2.60713056132536,-0.0585349825170788,-1.05175468379687,2.48781440219182,-0.118523307521846
TMS19F1015P0025,-0.561342219725132,NA,-0.376363884790501,-0.921593305242652,-3.15499335018756,-0.155534748057429
TMS19F1015P0032,-0.561342219725132,-1.59397050958969,0.159972387795899,-0.0968212902048981,-1.87074763459873,-0.137029027789638
TMS19F1016P0007,0.574895578541713,2.11288337651183,-0.21744943365379,1.22088306544285,2.93317252623871,-0.0692980916095204
TMS19F1016P0044,0.0067766794082904,0.877265414477991,0.0737612980542331,-0.463091546487208,1.47472025913687,-0.0259947061828881
TMS19F1016P0052,-0.561342219725132,1.81633506562371,0.14686194557712,0.943626197612567,-1.22430572209166,-0.0322866510739372
TMS19F1016P0055,-0.561342219725132,1.12438900688476,-0.0716454247358574,-1.05175468379687,-0.874929710394388,-0.211051908860804
TMS19F1017P0003,0.0067766794082904,1.17381372536611,0.120243775011721,1.67266741595064,-0.64793159365829,0.0913315603149108
TMS19F1017P0005,1.14301447767514,-1.00087388781345,-0.0982635953012565,1.96014098625511,3.88531844898089,-0.00748898591509651
TMS19F1017P0029,-0.561342219725132,0.383018229664453,-0.0188063697329011,0.0777061924726205,0.828278346629794,-0.0382084815596306
TMS19F1017P0043,1.14301447767514,-0.210078392111793,0.00105793665918783,3.03823716994823,2.78488030300162,0.0417362299972293
TMS19F1017P0052,0.0067766794082904,-0.45720198451856,0.166726251969209,-0.576037634114157,-1.4076318373656,0.011016734352695
TMS19F1017P0059,-0.561342219725132,2.01403393954912,0.199701000580077,0.515774546279688,1.6494082649855,-0.0630061467184712
TMS19F1017P0069,NA,3.54620021247108,-0.0517811183437685,-1.05175468379687,4.23469446067816,-0.0752199220952137
TMS19F1017P0084,0.574895578541713,1.91518450258641,-0.190831263088391,-0.374078158035177,0.304214329083892,-0.106309532145104
TMS19F1017P0089,0.0067766794082904,3.05195302765755,0.093625604446322,1.48092464234585,1.59709815409803,0.0417362299972293
TMS19F1017P0097,0.0067766794082904,1.76691034714235,0.0805151622275434,1.45699194317093,-0.752551815433218,-0.100017587254055
TMS19F1017P0126,0.574895578541713,3.79332380487785,0.153218523622589,0.604787934731718,2.4004703992675,0.0295224546204869
TMS19F1018P0003,-0.561342219725132,-0.506626702999911,0.192947136406766,1.29618045719415,-0.822619599506923,0.06653389515607
TMS19F1019P0004,-0.561342219725132,2.60713056132536,-0.0585349825170788,0.430260452054199,-2.17645164483384,-0.087803811877312
TMS19F1019P0006,0.0067766794082904,1.12438900688476,-0.0585349825170788,-0.788213812667325,-0.612897701621435,-0.0322866510739372
TMS19F1019P0011,0.0067766794082904,-0.111228955149084,-0.164610378650833,1.14558567369155,-1.21566761266635,-0.272861014555228
TMS19F1023P0005,1.14301447767514,-0.160653673630437,0.14010808140381,-1.00038999122049,0.181836434122723,-0.0382084815596306
TMS19F1023P0006,0.0067766794082904,0.877265414477991,0.120243775011721,0.919693498437647,0.0944924311984066,0.0232305097294377
TMS19F1023P0007,-0.561342219725132,0.383018229664453,0.130175928207766,-0.0215238984535983,-1.34668361705282,-0.143320972680687
TMS19F1024P0003,0.574895578541713,0.531292385108513,0.0737612980542331,0.46790914792985,1.01160446190373,-0.087803811877312
TMS19F1024P0006,-0.561342219725132,2.50828112436266,0.0872690264008535,0.693801323183748,-1.4776996214393,-0.118523307521846
TMS19F1024P0019,-0.561342219725132,0.728991259033931,0.100379468619632,-0.463091546487208,-1.97536785637366,0.011016734352695
TMS19F1025P0020,0.0067766794082904,NA,-0.0287385229289454,-0.709417126689484,-0.543311371883359,-0.0907647271201586
TMS19F1025P0023,0.0067766794082904,1.56921147321694,-0.065288846690389,0.0298407941227817,-2.12414153394637,-0.118523307521846
TMS19F1026P0004,0.0067766794082904,0.432442948145808,0.0407865494433655,2.70289820129392,-0.551949481308666,0.0232305097294377
TMS19F1026P0015,0.0067766794082904,NA,0.0276761072245869,0.204368276800301,-1.17199561120419,-0.124815252412895
TMS19F1027P0022,-0.561342219725132,NA,0.120243775011721,-1.42824164255337,-0.0451616826133764,-0.0692980916095204
TMS19F1028P0012,-0.561342219725132,-1.39627163566428,0.0340326852700554,-0.0352398951543288,-2.66548177034289,-0.118523307521846
TMS19F1030P0001,-0.561342219725132,NA,0.232675749190944,-0.712916420916026,-1.39899372794029,-0.0197027612918389
TMS19F1030P0017,0.0067766794082904,-0.951449169332096,0.166726251969209,-0.774497815966595,-0.211211579036704,0.122051055959445
TMS19F1030P0030,0.0067766794082904,NA,-0.363253442571722,-0.384294860509366,-2.56086154856796,-0.241771404505338
TMS19F1032P0019,0.0067766794082904,2.16230809499318,0.232675749190944,-0.476807543187939,2.90725819796279,0.0787476705328125
TMS19F1035P0001,-0.561342219725132,0.0864699187763298,0.0507187026394101,2.77819559304522,-0.682965485695141,-0.167748523434172
TMS19F1035P0004,-0.561342219725132,0.580717103589869,0.199701000580077,-0.699200424215295,-1.21566761266635,-0.0752199220952137
TMS19F1035P0005,-0.561342219725132,NA,-0.0120525055595908,-1.32551225740061,-2.56086154856796,-0.241771404505338
TMS19F1035P0007,-0.561342219725132,3.84274852335921,0.0805151622275434,-0.298780766283878,-2.14141775279698,-0.204759963969755
TMS19F1035P0042,0.0067766794082904,NA,-0.187652974065656,-1.21256616977366,-1.60007751640047,-0.2203047689947
TMS19F1039P0001,0.0067766794082904,-1.59397050958969,0.14686194557712,-1.21256616977366,1.41329058448847,0.251591097833986
TMS19F1040P0024,-1.12946111885855,-0.852599732369389,0.0209222430512767,0.204368276800301,-3.39926768577428,-0.266569069664179
TMS19F1041P0038,0.0067766794082904,1.56921147321694,0.0209222430512767,2.83977698809579,0.574884447282149,0.06653389515607
TMS19F1041P0078,-0.561342219725132,1.32208788081017,-0.144746072258744,0.0537734932977008,-2.13277964337168,-0.217343853751853
TMS19F1041P0092,0.574895578541713,1.42093731777288,-0.197585127261701,-1.23999816317512,0.915622349554111,-0.192546188593013
TMS19F1041P0112,-0.561342219725132,1.61863619169829,0.093625604446322,2.53858742109059,-1.69605962875009,-0.0937256423630054
TMS19F1041P0114,0.0067766794082904,1.81633506562371,-0.065288846690389,0.0400574965969703,2.05109438757023,-0.192546188593013
TMS19F1041P0120,0.0067766794082904,0.135894637257686,0.0141683788779665,2.62760080954262,-0.682965485695141,0.0728258400471192
TMS19F1043P0019,0.0067766794082904,NA,-0.0386706761249899,-0.822363214316433,-1.11104739089142,0.0417362299972293
TMS19F1043P0036,0.0067766794082904,0.135894637257686,0.00781180083249806,1.00520759266314,0.688624232818013,0.270096818101778
TMS19F1045P0054,0.0067766794082904,1.02553956992205,0.120243775011721,2.81584428892087,-3.08492556611386,-0.00119704102404736
TMS19F1046P0002,-0.561342219725132,-2.08821769440323,-0.0056959275141224,1.47070793987166,-2.84016977619152,-0.124815252412895
TMS19F1050P0040,-0.561342219725132,1.717485628661,-0.0386706761249899,-0.172118681956198,0.967932460441576,-0.0507923713417288
TMS19F1050P0050,0.0067766794082904,0.234744074220395,0.0606508558354544,0.693801323183748,4.19966056864131,0.165354441386077
TMS19F1050P0056,0.0067766794082904,1.51978675473558,0.00105793665918783,1.76168080440267,-0.508277479846506,-0.161826692948479
TMS19F1050P0058,0.0067766794082904,1.76691034714235,0.100379468619632,-0.586254336588346,-1.87074763459873,-0.0692980916095204
TMS19F1050P0059,0.0067766794082904,-0.506626702999911,-0.144746072258744,0.717734022358667,-0.481881697234961,-0.0197027612918389
TMS19F1051P0001,-0.561342219725132,0.877265414477991,0.0209222430512767,-0.572538339887615,-2.5171895471058,-0.0259947061828881
TMS19F1051P0022,1.14301447767514,NA,-0.0915097311279463,-0.247416073707498,0.574884447282149,-0.0752199220952137
TMS19F1051P0025,0.574895578541713,-4.4606041815082,0.126997639185031,2.10051906728352,-1.16335750177888,-0.295067878876578
TMS19F1051P0035,0.574895578541713,-3.27441093795571,-0.164610378650833,5.03361805135767,1.95511227522061,-0.130737082898589
TMS19F1052P0010,0.0067766794082904,NA,0.0209222430512767,-0.182335384430386,-1.0237033879671,-0.0259947061828881
TMS19F1057P0002,0.0067766794082904,2.16230809499318,-0.197585127261701,1.38519384564618,1.89368260057221,-0.118523307521846
TMS19F1057P0010,0.0067766794082904,1.22323844384747,0.0674047200087647,0.11535488834827,-1.1806337206295,-0.26027712477313
TMS19F1058P0013,0.0067766794082904,NA,-0.12806005488939,0.118854182574812,-2.15917542598322,-0.211051908860804
TMS19F1058P0021,-0.561342219725132,3.00252830917619,NA,0.22830097597522,0.347886330546051,0.0850396154238615
TMS19F1059P0014,-0.561342219725132,NA,0.0538969916621443,-0.534889644011966,-1.20702950324104,-0.0382084815596306
TMS19F1060P0002,0.0067766794082904,3.00252830917619,0.00781180083249806,-0.986673994519763,0.277818546472346,-0.192546188593013
TMS19F1060P0006,-0.561342219725132,1.61863619169829,-0.0851531530824779,-0.764281113492406,-2.9798238900033,-0.297288565308713
TMS19F1060P0009,0.0067766794082904,-0.654900858443973,0.0872690264008535,2.2715472557345,-0.149781904388306,-0.0692980916095204
TMS19F1061P0001,-0.561342219725132,NA,-0.12806005488939,-1.28786356152496,1.71899459472358,-0.257316209530283
TMS19F1061P0014,0.574895578541713,0.0370452002949764,-0.237313740045879,-0.736849120090945,0.00714842827408795,-0.192546188593013
TMS19F1061P0024,0.0067766794082904,-0.506626702999911,-0.157856514477523,0.382395053704361,0.330128657359811,-0.0907647271201586
TMS19F1063P0014,0.574895578541713,-1.59397050958969,-0.244067604219189,1.33382915306979,-1.73973163021225,-0.112231362630797
TMS19F1063P0052,0.574895578541713,0.976114851440698,0.0606508558354544,0.180435577625381,-2.08046953248421,-0.00119704102404736
TMS19F1063P0053,0.574895578541713,1.47036203625423,-0.21069556948048,1.13186967699082,-0.394537694310643,-0.18033241321627
TMS19F1063P0067,-0.561342219725132,NA,0.0407865494433655,NA,0.618556448744308,0.128343000850494
TMS19F1063P0070,0.0067766794082904,2.3600069689186,-0.0915097311279463,-0.336429462159528,-1.87938574402403,-0.0445004264506796
TMS19F1063P0076,0.0067766794082904,-1.59397050958969,0.0209222430512767,-1.39059294667772,1.3523423641757,-0.0137809308061455
TMS19F1063P0099,0.0067766794082904,NA,-0.0851531530824779,-1.21256616977366,0.277818546472346,-0.0259947061828881
TMS19F1063P0128,-0.561342219725132,-1.44569635414563,0.100379468619632,0.180435577625381,-2.5171895471058,-0.186254243701963
TMS19F1063P0139,0.0067766794082904,NA,-0.170966956696302,-0.360362161334447,2.80215652185223,-0.241771404505338
TMS19F1063P0176,0.574895578541713,2.06345865803047,0.0407865494433655,1.82326219945324,-0.778947598044764,-0.0137809308061455
TMS19F1064P0001,0.0067766794082904,-0.852599732369389,-0.2242032978271,0.656152627308099,-1.39035561851498,-0.137029027789638
TMS19F1064P0014,0.574895578541713,NA,-0.0783992889091676,-0.483524951435585,-2.46487943621833,-0.248063349396387
TMS19F1065P0016,-0.561342219725132,0.531292385108513,0.113489910838411,0.868328805861266,0.216870326159576,-0.0752199220952137
TMS19F1065P0065,-0.561342219725132,NA,-0.21069556948048,-0.196051381131117,-1.64374951786263,-0.106309532145104
TMS19F1065P0067,0.574895578541713,0.0370452002949764,0.0475404136166758,-0.976457292045574,-0.438209695772803,-0.0630061467184712
TMS19F1065P0115,-0.561342219725132,2.90367887221349,-0.0585349825170788,-0.0968212902048981,-2.48215565506895,-0.0630061467184712
TMS19F1065P0117,NA,NA,0.279158226148432,-1.94160738811174,-0.778947598044764,-0.087803811877312
TMS19F1066P0012,-1.12946111885855,NA,0.192947136406766,NA,-1.21566761266635,NA
TMS19F1066P0026,-0.561342219725132,2.21173281347454,0.14686194557712,-0.12425328360636,0.601280229893695,0.103545335691653
TMS19F1066P0041,-1.12946111885855,NA,0.279158226148432,-2.21886425594202,-1.87938574402403,0.0602419502650208
TMS19F1066P0042,0.0067766794082904,-2.33534128681,-0.0188063697329011,-0.849795207717895,0.574884447282149,0.0417362299972293
TMS19F1066P0045,-0.561342219725132,NA,0.212811442798855,-1.85609329388625,0.339248221120744,0.0173086792437443
TMS19F1066P0046,0.0067766794082904,NA,0.0141683788779665,NA,-1.12832360974203,-0.18033241321627
TMS19F1066P0049,0.0067766794082904,NA,-0.0056959275141224,-1.99297208068812,-2.05407374987267,-0.137029027789638
TMS19F1067P0043,1.14301447767514,1.47036203625423,-0.0319168119516796,3.12725055840026,-2.05407374987267,-0.0322866510739372
TMS19F1067P0096,0.0067766794082904,NA,-0.237313740045879,-0.168619387729656,0.862830784331019,-0.137029027789638
TMS19F1067P0107,0.0067766794082904,2.70597999828807,-0.0386706761249899,0.529490542980419,-1.44266572940245,-0.174040468325221
TMS19F1067P0108,0.0067766794082904,1.66806091017965,0.00781180083249806,0.793031414109968,-2.01040174841051,-0.155534748057429
TMS19F1067P0124,1.14301447767514,2.01403393954912,-0.137992208085434,0.796530708336509,-1.98448742013459,-0.183293328459117
TMS19F1067P0166,0.574895578541713,2.16230809499318,-0.164610378650833,-0.322713465458797,-2.17645164483384,-0.124815252412895
TMS19F1067P0184,0.0067766794082904,NA,-0.137992208085434,NA,-0.639293484232982,0.0850396154238615
TMS19F1067P0197,0.0067766794082904,0.728991259033931,-0.105017459474567,-0.0591725943292486,-2.30746764922031,-0.0752199220952137
TMS19F1069P0015,1.09260235070895,0.457267485751891,-0.0709868225062578,0.959767373260975,-0.081287620214864,0.0161014797511067
TMS19F1071P0016,0.0067766794082904,1.81633506562371,-0.0716454247358574,0.943626197612567,-0.263521689924169,-0.0567142018274221
TMS19F1071P0017,-0.561342219725132,0.234744074220395,0.120243775011721,1.41934324729528,-0.927239821281852,-0.0752199220952137
TMS19F1072P0121,1.45489560503257,0.920340841868204,-0.115756901775289,0.476360453531824,-0.111996292940254,-0.105458794164026
TMS19F1077P0028,0.0067766794082904,-1.00087388781345,0.0606508558354544,2.648034214491,0.723658124854865,-0.0937256423630054
TMS19F1077P0047,-0.561342219725132,NA,-0.0056959275141224,-1.67806651698219,-2.43848365360679,-0.137029027789638
TMS19F1078P0020,0.0067766794082904,-2.43419072377271,0.226319171145476,2.97665577489766,0.65359034078116,0.128343000850494
TMS19F1078P0041,0.574895578541713,-0.704325576925329,0.107133332792942,1.59737002419934,-1.78340363167441,0.0913315603149108
TMS19F1078P0046,0.0067766794082904,0.333593511183099,0.173082830014677,-0.185834678656929,-0.787585707470071,-0.0937256423630054
TMS19F1080P0001,0.574895578541713,1.27266316232882,-0.277042352830056,1.0326395860646,-0.0365235731880698,-0.118523307521846
TMS19F1080P0002,0.0067766794082904,2.16230809499318,-0.0585349825170788,-0.938808596169925,-1.1806337206295,-0.106309532145104
TMS19F1080P0008,0.0067766794082904,0.778415977515282,NA,-0.326212759685339,-0.193453905850464,0.0417362299972293
TMS19F1080P0071,0.0067766794082904,-0.111228955149084,-0.124881765866656,5.65992988454298,1.59709815409803,-0.00119704102404736
TMS19F1080P0081,0.0067766794082904,2.40943168739995,0.1333542172305,-0.363861455560989,-0.761189924858525,-0.100017587254055
TMS19F1080P0090,-0.561342219725132,1.61863619169829,0.252540055583033,1.65895141924991,-1.39899372794029,-0.0259947061828881
TMS19F1081P0071,0.0067766794082904,-1.64339522807105,-0.184474685042922,-0.00780790175286818,-1.33804550762752,-0.254355294287437
TMS19F1081P0090,0.0067766794082904,0.580717103589869,0.0407865494433655,0.567139238856068,-1.44266572940245,-0.130737082898589
TMS19F1086P0014,0.0067766794082904,0.630141822071222,0.239429613364254,2.648034214491,1.16037813947645,0.17127627187177
TMS19F1086P0016,-0.561342219725132,1.81633506562371,0.259293919756343,0.331030361127981,-0.901325493005934,0.159062496495028
TMS19F1086P0030,-0.561342219725132,3.6450496494338,NA,1.53228933492223,-2.49943187391956,0.103545335691653
TMS19F1086P0037,0.0067766794082904,2.11288337651183,-0.118127901693345,0.15300358422392,-1.22430572209166,-0.100017587254055
TMS19F1087P0045,0.0067766794082904,2.16230809499318,-0.0056959275141224,0.327531066901438,0.994328243053123,0.011016734352695
TMS19F1090P0030,-0.561342219725132,0.531292385108513,0.166726251969209,4.09240065446642,0.295576219658587,0.0295224546204869
TMS19F1091P0065,1.14301447767514,0.284168792701746,-0.310017101440924,6.79289005503902,4.76739658764937,-0.0322866510739372
TMS19F1091P0087,0.574895578541713,0.383018229664453,0.0475404136166758,0.895760799262728,0.19047454354803,-0.087803811877312
TMS19F1092P0063,0.0067766794082904,1.51978675473558,-0.177720820869612,-0.148185982781278,-0.918601711856547,-0.174040468325221
TMS19F1092P0069,0.0067766794082904,NA,0.093625604446322,-1.81494530378406,-2.42984554418148,-0.0445004264506796
TMS19F1098P0013,-0.561342219725132,0.976114851440698,0.0872690264008535,-1.45217434172829,-0.473243587809655,-0.0507923713417288
TMS19F1104P0034,0.574895578541713,NA,-0.118127901693345,-1.66435052028146,-2.73554955441659,-0.228447285912528
TMS19F1104P0037,0.0067766794082904,NA,-0.0486028293210343,-0.897660606067733,-0.0629193557996156,0.0850396154238615
TMS19F1110P0029,0.0067766794082904,0.926690132959345,-0.2242032978271,3.07938516005042,0.365162549396664,-0.0630061467184712
TMS19F1110P0064,0.0067766794082904,1.42093731777288,0.226319171145476,-0.853294501944437,-2.42072598042055,0.0173086792437443
TMS19F1115P0070,0.0067766794082904,0.0864699187763298,-0.065288846690389,1.38519384564618,0.670866559631773,-0.0445004264506796
TMS19F1115P0074,-0.561342219725132,1.76691034714235,-0.065288846690389,2.12445176645844,-0.60425959219613,-0.00119704102404736
TMS19F1116P0005,0.0067766794082904,NA,-0.0585349825170788,-1.33922825410134,-0.64793159365829,0.0232305097294377
TMS19F1116P0009,0.0067766794082904,NA,0.0805151622275434,-0.685484427514565,-0.901325493005934,0.183860161653869
TMS19F1116P0015,0.0067766794082904,NA,-0.197585127261701,-1.22278287224785,-2.01952131217144,0.0850396154238615
TMS19F1116P0079,-1.12946111885855,NA,NA,-0.558822343186885,-3.25097546253719,NA
TMS19F1121P0115,0.0067766794082904,1.51978675473558,-0.124881765866656,-0.576037634114157,-2.93615188854114,-0.18033241321627
TMS19F1123P0002,0.0067766794082904,2.3600069689186,0.0475404136166758,0.840896812459806,2.38319418041689,0.0417362299972293
TMS19F1128P0056,-0.561342219725132,NA,0.192947136406766,-1.21256616977366,-1.20702950324104,0.0480281748882784
TMS19F1128P0062,0.0067766794082904,NA,0.14010808140381,-0.421943556385016,2.3304026151938,0.0787476705328125
TMS19F1128P0113,0.0067766794082904,NA,0.0538969916621443,-1.82866130048479,-0.385899584885338,-0.0567142018274221
TMS19F1128P0115,0.0067766794082904,NA,-0.0585349825170788,-1.17491747389801,0.321490547934505,-0.0567142018274221
TMS19F1136P0034,0.0067766794082904,3.05195302765755,0.120243775011721,0.354963060302899,-1.65238762728793,0.0232305097294377
TMS19F1139P0107,0.574895578541713,NA,-0.170966956696302,-2.2702289485184,-2.36841586953308,-0.235849574019645
TMS19F1139P0112,0.0067766794082904,0.284168792701746,-0.144746072258744,-0.524672941537777,-1.66102573671324,-0.087803811877312
TMS19F1139P0145,1.14301447767514,-3.66980868580654,-0.177720820869612,-1.18863347059874,-1.30301161559067,-0.0692980916095204
TMS19F1139P0146,0.574895578541713,0.877265414477991,-0.283796217003367,2.50093872521494,2.27809250430633,-0.130737082898589
TMS19F1139P0150,0.0067766794082904,0.531292385108513,-0.105017459474567,-1.4419576392541,-0.883567819819693,-0.112231362630797
TMS19F1139P0154,0.0067766794082904,NA,-0.190831263088391,-0.623903032463996,-0.778947598044764,-0.0507923713417288
TMS19F1142P0003,-0.561342219725132,-0.556051421481267,0.120243775011721,0.214584979274489,-1.1892718300548,-0.118523307521846
TMS19F1142P0014,0.574895578541713,3.24965190158296,-0.244067604219189,1.68288411842483,4.13871234832853,0.0787476705328125
TMS19F1143P0036,0.574895578541713,0.976114851440698,-0.0982635953012565,1.39541054812036,-1.1806337206295,0.06653389515607
TMS19F1143P0049,0.574895578541713,2.11288337651183,-0.151102650304213,1.67266741595064,-0.691603595120448,0.0913315603149108
TMS19F1143P0053,0.574895578541713,0.778415977515282,0.00105793665918783,1.71031611182629,2.49645251161712,0.0417362299972293
TMS19F1143P0055,0.574895578541713,2.3600069689186,-0.184474685042922,-0.812146511842245,0.443868442895674,-0.081511866986263
TMS19F1143P0067,1.14301447767514,2.50828112436266,-0.197585127261701,1.895060296978,-2.46439798188271,-0.00119704102404736
TMS19F1143P0068,0.574895578541713,-0.259503110593144,-0.190831263088391,-0.308997468758066,0.452506552320981,0.140556776227237
TMS19F1143P0069,0.0067766794082904,2.80482943525078,-0.137992208085434,-0.572538339887615,-0.770309488619458,-0.0567142018274221
TMS19F1144P0030,0.574895578541713,2.21173281347454,-0.190831263088391,-0.250915367934039,0.548970119006231,-0.0507923713417288
TMS19F1144P0031,0.0067766794082904,-0.556051421481267,-0.190831263088391,-0.223483374532578,-1.04961771624302,0.0543201197793274
TMS19F1145P0005,1.14301447767514,-0.803175013888033,-0.283796217003367,-1.33922825410134,0.705900451668625,-0.137029027789638
TMS19F1145P0013,1.14301447767514,-1.0502986062948,-0.0454245402983,-0.976457292045574,0.391558332008208,-0.118523307521846
TMS19F1147P0014,1.14301447767514,0.630141822071222,-0.310017101440924,-0.374078158035177,-0.0451616826133764,-0.18033241321627
TMS19F1147P0030,0.0067766794082904,-3.02728734554895,0.113489910838411,2.83977698809579,5.72818061981685,-0.0259947061828881
TMS19F1149P0005,0.0067766794082904,0.630141822071222,-0.244067604219189,1.86091089532889,1.09894846482805,-0.167748523434172
TMS19F1149P0013,0.0067766794082904,NA,0.0538969916621443,-1.13726877802236,-2.12414153394637,-0.112231362630797
TMS19F1149P0034,-0.561342219725132,2.40943168739995,-0.0982635953012565,0.218084273501031,-2.03679753102205,-0.161826692948479
TMS19F1150P0002,0.574895578541713,1.27266316232882,-0.21744943365379,-0.562321637413427,0.522574336394686,0.0173086792437443
TMS19F1151P0001,0.0067766794082904,0.0864699187763298,0.0538969916621443,-1.63020111863235,1.78042426937198,0.257883042725035
TMS19F1151P0007,NA,NA,NA,-1.65413381780727,0.391558332008208,-0.00119704102404736
TMS19F1151P0009,1.14301447767514,3.05195302765755,0.0475404136166758,0.142786881749731,1.71899459472358,0.122051055959445
TMS19F1152P0008,0.574895578541713,NA,0.14686194557712,-0.247416073707498,1.97238849407122,0.0913315603149108
TMS19F1152P0009,-0.561342219725132,NA,-0.0108606471760655,-1.45217434172829,-1.17199561120419,-0.0630061467184712
TMS19F1152P0016,1.14301447767514,NA,-0.296906659222145,NA,-0.516915589271813,-0.229557629128596
TMS19F1152P0053,-0.561342219725132,0.0864699187763298,0.159972387795899,-1.28786356152496,-2.03679753102205,0.0295224546204869
TMS19F1155P0003,0.0067766794082904,0.383018229664453,-0.184474685042922,-0.0968212902048981,0.225508435584881,-0.0507923713417288
TMS19F1155P0019,-0.561342219725132,0.333593511183099,0.0407865494433655,0.29338166525233,-2.64820555149227,-0.0382084815596306
TMS19F1155P0023,0.0067766794082904,0.778415977515282,-0.147924361281479,-0.445876255559935,-1.7661274128238,-0.183293328459117
TMS19F1155P0060,0.0067766794082904,-0.852599732369389,-0.237313740045879,1.24481576461777,-3.62626580251037,-0.0692980916095204
TMS19F1156P0009,-0.561342219725132,-1.84109410199646,0.192947136406766,0.392611756178549,0.487540444357833,-0.0445004264506796
TMS19F1158P0038,0.0067766794082904,1.37151259929153,-0.0982635953012565,0.0639901957718895,-0.0537997920386814,0.103545335691653
TMS19F1159P0029,-0.561342219725132,-1.93994353895917,0.159972387795899,2.75076359964376,2.22578239341887,-0.0259947061828881
TMS19F1162P0008,0.574895578541713,NA,-0.21069556948048,-0.863511204418625,-1.53000973232677,-0.223265684237547
TMS19F1163P0006,0.0067766794082904,1.02553956992205,0.192947136406766,-0.285064769583147,0.487540444357833,0.115759111068396
TMS19F1167P0025,0.574895578541713,NA,0.0606508558354544,-1.01410598792122,-1.61735373525108,-0.160346235327055
TMS19F1169P0066,-0.561342219725132,2.70597999828807,0.239429613364254,-1.23999816317512,-1.79204174109972,0.0543201197793274
TMS19F1173P0033,-0.561342219725132,2.45885640588131,0.0538969916621443,0.139287587523189,-0.315831800811634,-0.0322866510739372
TMS19F1174P0030,0.0067766794082904,NA,0.179836694187988,-0.897660606067733,-0.717999377731993,0.097253390800604
TMS19F1179P0004,-0.561342219725132,NA,0.0705830090314989,-1.27414756482423,-2.8142554479156,-0.266569069664179
TMS19F1179P0005,-0.561342219725132,3.29907662006432,0.173082830014677,-1.37687694997699,-1.69605962875009,-0.0567142018274221
TMS19F1181P0008,0.368015842061706,0.986494178456247,-0.143488975168656,-0.468041415544291,0.601007888500081,0.129958519614844
TMS19F1181P0056,0.730309096385328,-1.0311825874791,-0.0914686806333853,-0.232273277502455,0.260333740542723,0.0586538321498163
TMS19F1182P0020,0.730309096385328,2.40879091509919,-0.154856523879837,-0.0122720381016329,-0.155015639781336,-0.145708751527037
TMS19F1183P0025,0.0067766794082904,NA,0.206454864753387,-1.95532338481247,-2.05407374987267,0.0728258400471192
TMS19F1183P0037,-0.561342219725132,1.66806091017965,NA,1.20716706874211,0.391558332008208,0.17127627187177
TMS19F1186P0028,0.574895578541713,NA,0.219565306972165,-1.70549851038365,2.74120830153946,NA
TMS19F1186P0030,0.0067766794082904,0.926690132959345,-0.270288488656746,0.782814711635778,-1.73109352078695,0.0173086792437443
TMS19F1187P0033,0.0067766794082904,NA,0.100379468619632,-1.12355278132163,-2.2901914303697,0.131303916093341
TMS19F1187P0050,0.0067766794082904,1.37151259929153,0.126997639185031,-1.23999816317512,0.871950348091953,0.159062496495028
TMS19F1190P0021,-0.561342219725132,-1.19857276173887,-0.0982635953012565,0.341247063602169,2.18211039195671,0.257883042725035
TMS19F1192P0004,1.09260235070895,-4.4711560900574,-0.218347447792582,1.24167473037557,0.209392708742024,-0.00199749436514642
TMS19F1193P0073,1.45489560503257,-0.965029250891059,-0.334258989175668,0.239984728017497,-0.265104698691327,-0.110051071178598
TMS19F1194P0013,0.00572258773808476,-3.18116602659053,0.144811818882788,0.117206641802606,0.120726867853818,0.0566215710561512
TMS19F1194P0053,0.368015842061706,-3.67731605100087,0.119875094377505,0.48018926217964,0.664604997835492,0.0649457770408654
TMS19F1194P0076,-0.718863920909159,0.192654139399713,-0.0359788560441595,0.248383710674414,-0.496156561561822,0.0658061250852944
TMS19F1194P0103,0.368015842061706,1.71418088092473,-0.10238897235033,-0.284836148163599,-0.29718845218021,0.0117793366785686
TMS19F1196P0001,0.0067766794082904,1.0749642884034,NA,1.20716706874211,0.95929435101627,0.233085377566195
TMS19F1197P0002,-0.561342219725132,0.679566540552575,0.179836694187988,-1.02782198462195,0.557608228431537,-0.0259947061828881
TMS19F1197P0047,-0.561342219725132,-3.37326037491842,NA,-1.27764685905077,2.4004703992675,0.0565408062114625
TMS19F1197P0072,0.0067766794082904,NA,-0.0386706761249899,-1.09962008214671,-0.813981490081617,-0.174040468325221
TMS19F1197P0075,-0.561342219725132,0.976114851440698,0.0805151622275434,-1.35294425080207,0.828278346629794,-0.0692980916095204
TMS19F1198P0059,0.0067766794082904,-0.111228955149084,0.0872690264008535,3.68176429406082,0.408834550858822,0.140556776227237
TMS19F1205P0029,0.574895578541713,NA,-0.0255602339062111,-1.22628216647439,0.793244454592943,0.0417362299972293
TMS19F1205P0038,0.574895578541713,2.95310359069484,-0.065288846690389,-0.247416073707498,8.08646869877341,0.0295224546204869
TMS19F1205P0043,0.0067766794082904,0.383018229664453,-0.190831263088391,-0.839578505243706,1.38737625621255,0.0728258400471192
TMS19F1205P0062,-0.561342219725132,2.31058225043724,0.206454864753387,1.26874846379268,0.863312238666646,0.0850396154238615
TMS19F1205P0084,0.0067766794082904,NA,0.0674047200087647,-2.03062077656377,-0.743913706007912,-0.14924280316638
TMS19F1207P0028,1.14301447767514,-0.803175013888033,-0.0188063697329011,0.29338166525233,1.19493057717767,0.115759111068396
TMS19F1209P0033,1.14301447767514,-3.0767120640303,0.173082830014677,1.47070793987166,5.15180649138349,NA
TMS19F1209P0044,-0.561342219725132,NA,0.192947136406766,-1.26393086235004,-2.220123646296,0.0913315603149108
TMS19F1210P0006,0.730309096385328,0.953417510162219,0.0426603017920513,0.426189241605332,-0.243327580018292,0.0342004538673598
TMS19F1213P0034,0.0067766794082904,-3.62038396732519,-0.0517811183437685,0.44397644875493,1.02024257132904,0.189781992139562
TMS19F1215P0048,1.14301447767514,-3.17556150099301,-0.118127901693345,0.02634149989624,0.819640237204488,-0.14924280316638
TMS19F1216P0004,0.574895578541713,0.531292385108513,-0.0454245402983,-1.8937419897619,0.863312238666646,0.189781992139562
TMS19F1216P0012,0.0067766794082904,NA,NA,NA,0.225508435584881,0.226793432675145
TMS19F1218P0010,NA,0.630141822071222,0.11110619407136,-0.459592252260666,-2.25515753833285,-0.112231362630797
TMS19F1218P0011,0.0067766794082904,-0.654900858443973,-0.0716454247358574,-0.223483374532578,-1.31164972501597,-0.0259947061828881
TMS19F1218P0020,0.0067766794082904,-0.506626702999911,0.0340326852700554,1.4432759464702,2.20850617456825,-0.0445004264506796
TMS19F1218P0023,1.14301447767514,0.333593511183099,-0.144746072258744,-1.22978146070093,-0.411813913161256,-0.100017587254055
TMS19F1218P0043,0.574895578541713,-0.111228955149084,-0.124881765866656,-0.10032058443144,-1.02322193363148,0.0480281748882784
TMS19F1218P0060,1.14301447767514,1.47036203625423,-0.170966956696302,-0.398010857210097,-1.56504362436362,-0.137029027789638
TMS19F1218P0075,0.574895578541713,-0.358352547555851,-0.0188063697329011,0.803248116584156,0.374282113157596,0.0173086792437443
TMS19F1219P0003,0.368015842061706,2.34263757851115,-0.142220187497064,0.623771369441486,-0.872162113421023,-0.037925308655619
TMS19F1219P0038,-0.718863920909159,-4.14038940711717,0.226059040027637,0.848296644638672,0.247717585946694,-0.0603464258444101
TMS19F1219P0089,-0.356570666585537,1.71418088092473,0.00278411782773227,0.637552559060205,-0.445632532390094,0.0387927308819315
TMS19F1219P0090,-0.718863920909159,-1.82502262653563,-0.0312926488692905,1.24548867596371,0.436966424684074,0.129958519614844
TMS19F1219P0180,0.00572258773808476,0.457267485751891,0.422209070979706,0.694435302621064,-0.219551938305159,NA
TMS19F1221P0017,0.574895578541713,-1.59397050958969,-0.065288846690389,0.591071938030987,1.38737625621255,0.140556776227237
TMS19F1221P0041,0.0067766794082904,0.0370452002949764,-0.170966956696302,0.567139238856068,0.347886330546051,-0.0259947061828881
TMS19F1221P0050,0.574895578541713,-2.53304016073541,-0.0188063697329011,-0.134469986080548,-2.61317165945542,-0.0692980916095204
TMS19F1224P0002,-1.4434504295564,-0.568109231362793,0.0347143608036449,0.863044118422852,0.163230282548032,NA
TMS19F1225P0010,-0.718863920909159,1.87956422239484,0.194810154162566,-0.327884697530281,0.0321411094401948,NA
TMS19F1225P0020,0.00572258773808476,-1.75886928994759,0.0716611628570106,-0.0456378609482468,-0.247613181952357,0.0298783107948219
TMS19F1226P0003,0.0067766794082904,1.76691034714235,NA,0.666369329782287,3.35261632200968,0.165354441386077
TMS19F1226P0005,-0.561342219725132,0.481867666627162,0.199701000580077,0.666369329782287,4.00769634394206,0.226793432675145
TMS19F1226P0102,-0.561342219725132,NA,NA,-1.64391711533308,1.85913016287099,0.245299152942937
TMS19F1226P0213,0.574895578541713,2.40943168739995,0.0872690264008535,4.09240065446642,5.71090440096624,0.17127627187177
TMS19F1226P0280,0.0067766794082904,1.81633506562371,0.246183477537565,0.252233675150139,-0.446847805198108,0.233085377566195
TMS19F1226P0296,-1.12946111885855,2.11288337651183,NA,-0.976457292045574,1.65804637441081,NA
TMS19F1227P0010,0.0067766794082904,-1.89051882047782,0.166726251969209,3.51395421963094,5.70226629154094,0.152770551603979
TMS19F1228P0001,0.00572258773808476,0.258807475987756,0.0717557344746131,-0.246815183235982,0.583924139005027,0.154756184773685
TMS19F1228P0017,-1.08115717523278,1.68110421263071,-0.209806831481903,-0.375135191422081,0.382517561512523,NA
TMS19F1228P0027,-0.718863920909159,-1.06425925577312,0.135149487130141,-0.272663185287804,0.619998795476339,0.0279343365052823
TMS19F1231P0001,0.0067766794082904,NA,-0.0319168119516796,-1.56861972358178,1.9464741657953,-0.0382084815596306
TMS19F1233P0019,0.730309096385328,-1.79194595824161,-0.0762432285742818,-0.0692593908352632,0.277287357869025,0.0929470790792613
TMS19F1233P0045,0.730309096385328,-0.601185899656813,0.0250785297714198,-0.431146865903086,-0.297292229217041,-0.186498976774115
TMS19F1234P0044,0.0067766794082904,-2.58246487921677,0.0606508558354544,-1.1407680722489,2.3918322898422,0.011016734352695
TMS19F1240P0010,0.0067766794082904,-2.58246487921677,0.279158226148432,-1.17841676812455,-0.534191808122426,0.152770551603979
TMS19F1240P0023,0.0067766794082904,0.234744074220395,NA,-1.40430894337845,-0.665207812508901,0.128343000850494
TMS19F1240P0054,0.0067766794082904,NA,0.153218523622589,-1.35294425080207,1.65804637441081,0.0787476705328125
TMS19F1240P0085,-0.561342219725132,-2.08821769440323,0.192947136406766,-0.510956944837046,-0.342227583423178,0.122051055959445
TMS19F1240P0143,0.0067766794082904,0.827840695996635,0.100379468619632,1.2173837712163,0.898346130703499,0.0913315603149108
TMS19F1241P0037,0.0067766794082904,2.21173281347454,0.126997639185031,-0.21326667205839,3.25663420966006,0.233085377566195
TMS19F1243P0018,1.14301447767514,1.76691034714235,-0.137992208085434,1.12165297451663,5.47478672046921,0.257883042725035
TMS19F1243P0019,0.0067766794082904,NA,0.125408494673664,-2.00668807738885,-0.0537997920386814,0.257883042725035
TMS19F1243P0021,0.574895578541713,2.45885640588131,NA,-0.401510151436639,1.20405014093861,NA
TMS19F1244P0079,0.0067766794082904,NA,0.0606508558354544,-1.41452564585264,-2.65684366091758,0.0728258400471192
TMS19F1244P0085,1.14301447767514,-1.64339522807105,-0.177720820869612,-0.901159900294275,-1.39899372794029,-0.0259947061828881
TMS19F1244P0105,0.0067766794082904,-0.852599732369389,0.00105793665918783,-1.57883642605597,-1.31164972501597,0.0480281748882784
TMS19F1244P0112,-0.561342219725132,-1.64339522807105,0.186590558361298,-0.374078158035177,0.347886330546051,0.0602419502650208
TMS19F1244P0127,0.574895578541713,-1.93994353895917,0.192947136406766,2.43585803593783,2.61019229715299,0.20236588192166
TMS19F1245P0113,0.0067766794082904,NA,0.0872690264008535,-1.39059294667772,2.13843839049455,0.0232305097294377
TMS19F1246P0004,-0.561342219725132,-4.31233002606414,-0.0454245402983,-0.774497815966595,-0.211211579036704,-0.0630061467184712
TMS19F1246P0081,0.574895578541713,-2.08821769440323,-0.343389136179633,-1.2913628557515,-0.228487797887315,0.109837280582702
TMS19F1246P0084,0.574895578541713,-2.48361544225406,-0.0486028293210343,-0.699200424215295,-1.4776996214393,0.0913315603149108
TMS19F1246P0088,-0.561342219725132,-0.0618042366677278,0.0737612980542331,-1.09962008214671,-0.158901468149239,-0.0322866510739372
TMS19F1247P0041,0.0067766794082904,-0.111228955149084,0.0805151622275434,0.515774546279688,0.819640237204488,-0.26027712477313
TMS19F1247P0050,0.0067766794082904,NA,0.0141683788779665,-0.435659553085747,0.662228450206466,0.159062496495028
TMS19F1247P0057,0.0067766794082904,0.877265414477991,0.246183477537565,-1.38037624420353,-1.02322193363148,0.0602419502650208
TMS19F1249P0017,1.14301447767514,-0.111228955149084,-0.349745714225102,-0.938808596169925,1.00296635247843,-0.081511866986263
TMS19F1249P0044,1.14301447767514,NA,-0.157856514477523,-1.13726877802236,1.28227458010199,-0.0445004264506796
TMS19F1249P0127,1.14301447767514,NA,-0.21744943365379,NA,NA,-0.124815252412895
TMS19F1250P0016,1.14301447767514,-1.74224466503375,-0.177720820869612,-1.28786356152496,-1.81843752371126,-0.174040468325221
TMS19F1251P0057,0.0067766794082904,NA,0.14686194557712,-0.959242001118302,-1.32076928877691,0.152770551603979
TMS19F1252P0182,-0.561342219725132,-1.44569635414563,NA,-0.860011910192083,-1.80979941428596,NA
TMS19F1261P0020,0.574895578541713,-1.59397050958969,-0.0120525055595908,-0.185834678656929,2.61883040657829,0.263804873210728
TMS19F1262P0039,1.14301447767514,NA,-0.197585127261701,-1.52747173347959,-2.30746764922031,0.109837280582702
TMS19F1266P0020,1.14301447767514,NA,0.0209222430512767,-0.774497815966595,0.793244454592943,0.103545335691653
TMS19F1266P0031,-0.561342219725132,NA,-0.356499578398412,-1.25371415987585,-0.927239821281852,-0.383895336161978
TMS19F1267P0002,-0.561342219725132,-2.28591656832864,NA,-1.09962008214671,-2.91023756026522,NA
TMS19F1267P0009,0.574895578541713,-0.506626702999911,-0.0851531530824779,0.943626197612567,1.22132635978922,0.0602419502650208
TMS19F1268P0023,NA,-3.62038396732519,0.0407865494433655,2.16559975656063,1.95463082088498,0.06653389515607
TMS19F1269P0030,0.0067766794082904,-1.0502986062948,0.272404361975122,-0.613686329989807,0.295576219658587,NA
TMS19F1271P0001,0.0067766794082904,-1.59397050958969,0.159972387795899,-0.726632417616757,-0.40317580373595,NA
TMS19F1271P0027,NA,0.0370452002949764,NA,1.2926811629676,-0.149781904388306,NA
TMS19F1271P0095,-0.561342219725132,NA,0.0705830090314989,-1.28786356152496,-0.901325493005934,-0.127776167655742
TMS19F1272P0020,0.0067766794082904,-1.54454579110834,-0.0454245402983,-1.11683537307399,0.636314121930547,0.011016734352695
TMS19F1276P0005,NA,NA,-0.296906659222145,-1.42474234832683,-0.717999377731993,0.270096818101778
TMS19F1276P0007,0.574895578541713,-0.0618042366677278,-0.177720820869612,-0.620403738237454,-2.01952131217144,0.0757867552899659
TMS19F1278P0013,0.0067766794082904,1.61863619169829,0.14010808140381,-0.911376602768464,-2.16781353540853,0.0202695944865909
TMS19F1278P0035,-0.561342219725132,0.630141822071222,0.266047783929653,-1.01410598792122,0.435230333470368,0.0602419502650208
TMS19F1279P0049,0.0067766794082904,-0.210078392111793,0.0141683788779665,1.68638341265137,3.85892266636935,0.103545335691653
TMS19F1280P0001,0.574895578541713,-3.12613678251166,0.192947136406766,-0.072888591029979,0.391558332008208,0.196073937030611
TMS19F1280P0020,0.574895578541713,0.432442948145808,-0.0585349825170788,0.858112103387078,0.452506552320981,0.270096818101778
TMS19F1280P0057,0.0067766794082904,-0.308927829074497,0.0737612980542331,0.200868982573758,2.42686618187905,0.146848721118286
TMS19F1281P0025,-0.561342219725132,0.976114851440698,0.0340326852700554,-0.849795207717895,-0.60425959219613,-0.0567142018274221
TMS19F1281P0026,0.0067766794082904,-0.506626702999911,0.113489910838411,0.15300358422392,2.53148640365398,0.17756821676282
TMS19F1281P0046,-0.561342219725132,0.185319355739039,0.0606508558354544,-0.952524592870655,-1.62599184467639,-0.0722590068523671
TMS19F1281P0079,0.0067766794082904,NA,0.192947136406766,-1.2160654640002,-1.45130383882775,0.103545335691653
TMS19F1282P0015,0.574895578541713,0.827840695996635,-0.144746072258744,-1.2160654640002,0.426592224045061,-0.211051908860804
TMS19F1282P0029,0.0067766794082904,-0.45720198451856,0.126997639185031,0.129070885049001,1.05527646336589,0.0543201197793274
TMS19F1282P0035,1.14301447767514,-0.407777266037206,0.219565306972165,-0.0968212902048981,2.14707649991986,0.134264831336187
TMS19F1283P0030,0.574895578541713,1.17381372536611,-0.21744943365379,0.0777061924726205,-2.01040174841051,0.0543201197793274
TMS19F1283P0053,0.574895578541713,-2.97786262706759,NA,0.416544455353469,3.62328644020794,NA
TMS19F1283P0071,1.14301447767514,NA,-0.197585127261701,-0.623903032463996,-0.778947598044764,-0.0382084815596306
TMS19F1285P0009,0.0067766794082904,-1.09972332477616,0.1333542172305,1.3679785547189,1.33506614532508,0.097253390800604
TMS19F1285P0010,1.14301447767514,-0.259503110593144,-0.190831263088391,-0.233700077006767,1.89368260057221,-0.0197027612918389
TMS19F1285P0012,1.14301447767514,-0.210078392111793,-0.0716454247358574,0.15300358422392,1.57070237148649,0.097253390800604
TMS19F1285P0017,0.574895578541713,-0.407777266037206,-0.144746072258744,-0.148185982781278,-1.04961771624302,-0.0507923713417288
TMS19F1285P0030,0.0067766794082904,-3.27441093795571,0.0674047200087647,-1.54118773018032,-3.27688979081311,0.0358143995115359
TMS19F1285P0038,0.574895578541713,NA,-0.296906659222145,-0.0591725943292486,-0.735275596582605,-0.167748523434172
TMS19F1285P0040,-0.561342219725132,1.61863619169829,0.093625604446322,-1.22978146070093,1.20405014093861,0.17756821676282
TMS19F1285P0045,1.14301447767514,-2.97786262706759,-0.270288488656746,0.129070885049001,1.8850444911469,-0.124815252412895
TMS19F1286P0006,1.14301447767514,-0.111228955149084,0.100379468619632,1.45699194317093,2.21714428399356,0.226793432675145
TMS19F1286P0027,0.0067766794082904,-1.89051882047782,0.0737612980542331,0.779315417409236,-1.01458382420617,0.214579657298403
TMS19F1286P0029,1.14301447767514,-1.6928199465524,-0.237313740045879,1.62130272337426,1.52703037002433,0.0787476705328125
TMS19F1286P0044,0.574895578541713,1.47036203625423,0.0407865494433655,-0.740348414317487,2.12116217164394,0.196073937030611
TMS19F1286P0046,0.0067766794082904,NA,0.0407865494433655,3.92808987426309,1.9464741657953,0.103545335691653
TMS19F1286P0052,-0.561342219725132,0.827840695996635,NA,-1.46589033842902,-0.700241704545753,0.263804873210728
TMS19F1286P0065,0.574895578541713,-0.308927829074497,-0.316770965614234,-0.072888591029979,0.740934343705478,-0.0907647271201586
TMS19F1286P0075,0.574895578541713,-0.75375029540668,-0.0783992889091676,3.7672783882863,4.23469446067816,0.0543201197793274
TMS19F1286P0084,0.0067766794082904,-4.16405587062008,-0.244067604219189,-1.23999816317512,-0.307193691386327,-0.0630061467184712
TMS19F1287P0006,0.0067766794082904,-0.0123795181863744,0.0538969916621443,-0.524672941537777,1.65804637441081,0.097253390800604
TMS19F1288P0001,0.574895578541713,0.0864699187763298,-0.197585127261701,-1.23999816317512,-0.132505685537693,0.128343000850494
TMS19F1290P0020,0.0067766794082904,0.0370452002949764,-0.0517811183437685,0.204368276800301,-0.167539577574546,-0.0567142018274221
TMS19F1291P0006,0.0067766794082904,2.11288337651183,0.199701000580077,-1.34272754832788,0.898346130703499,0.0232305097294377
TMS19F1292P0001,-0.561342219725132,-2.13764241288458,0.252540055583033,1.78561350357759,-0.778947598044764,NA
TMS19F1292P0003,0.0067766794082904,-0.0123795181863744,0.14686194557712,0.991491595962404,1.55342615263588,0.17127627187177
TMS19F1292P0011,0.574895578541713,-0.358352547555851,0.0872690264008535,0.868328805861266,1.74539037733512,0.20236588192166
TMS19F1292P0013,0.0067766794082904,-2.03879297592188,0.173082830014677,1.07028828194025,0.967932460441576,0.109837280582702
TMS19F1292P0023,0.574895578541713,-1.64339522807105,0.239429613364254,-1.42824164255337,-0.263521689924169,0.109837280582702
TMS19F1292P0025,0.0067766794082904,-4.11463115213873,0.246183477537565,-0.538388938238508,0.557608228431537,0.17127627187177
TMS19F1292P0036,-0.561342219725132,-0.45720198451856,0.0340326852700554,-0.839578505243706,2.12980028106924,0.0295224546204869
TMS19F1292P0045,0.0067766794082904,-4.01578171517602,-0.0716454247358574,-0.425442850611558,1.91144027375845,0.00472478946164603
TMS19F1292P0062,0.0067766794082904,-1.64339522807105,0.246183477537565,-0.439158847312289,2.20850617456825,0.097253390800604
TMS19F1292P0090,0.0067766794082904,1.61863619169829,0.206454864753387,-1.10311937637325,1.08167224597744,0.140556776227237
TMS19F1293P0011,-0.561342219725132,-0.654900858443973,0.246183477537565,2.44957403263856,2.53148640365398,0.0417362299972293
TMS19F1293P0037,-0.561342219725132,1.17381372536611,0.239429613364254,0.0400574965969703,0.216870326159576,0.189781992139562
TMS19F1293P0042,1.14301447767514,-0.111228955149084,-0.184474685042922,1.72053281430048,1.38737625621255,0.097253390800604
TMS19F1293P0082,0.0067766794082904,-0.308927829074497,0.219565306972165,0.717734022358667,1.52703037002433,0.183860161653869
TMS19F1294P0014,1.14301447767514,-2.18706713136594,-0.170966956696302,3.52767021633167,5.79824840389056,0.214579657298403
TMS19F1294P0020,0.0067766794082904,-0.407777266037206,NA,1.4432759464702,5.0035142681464,NA
TMS19F1294P0030,-0.561342219725132,-2.18706713136594,0.166726251969209,0.389112461952007,-2.24603797457191,0.0295224546204869
TMS19F1295P0033,1.14301447767514,0.976114851440698,-0.290152795048835,-0.401510151436639,1.33506614532508,-0.0137809308061455
TMS19F1298P0005,0.574895578541713,-0.111228955149084,0.173082830014677,0.303598367726519,3.88531844898089,0.17756821676282
TMS19F1300P0035,0.0067766794082904,1.91518450258641,NA,-0.223483374532578,0.784606345167636,NA
TMS19F1300P0036,1.14301447767514,-0.308927829074497,-0.230559875872568,1.35776185224471,0.391558332008208,-0.130737082898589
TMS19F1300P0053,0.574895578541713,-2.08821769440323,0.0737612980542331,3.51745351385748,2.14707649991986,0.140556776227237
TMS19F1301P0001,0.0067766794082904,-0.556051421481267,0.0276761072245869,2.23389855985885,2.38319418041689,0.152770551603979
TMS19F1301P0020,0.0067766794082904,-0.506626702999911,0.219565306972165,0.0126255031955091,1.24772214240077,0.270096818101778
TMS19F1301P0023,1.14301447767514,-1.79166938351511,-0.204338991435011,-0.637619029164726,-0.874929710394388,0.122051055959445
TMS19F1304P0001,0.0067766794082904,-0.111228955149084,0.179836694187988,0.991491595962404,0.548970119006231,0.214579657298403
TMS19F1304P0016,1.14301447767514,-1.34684691718293,-0.0915097311279463,0.327531066901438,0.0335442108856349,-0.00119704102404736
TMS19F1304P0017,0.0067766794082904,-2.58246487921677,-0.363253442571722,-1.88002599306117,-1.39899372794029,-0.143320972680687
TMS19F1304P0022,0.0067766794082904,NA,-0.0783992889091676,NA,1.99830282234714,NA
TMS19F1304P0034,0.0067766794082904,NA,-0.124881765866656,-1.22628216647439,0.26918043704704,0.189781992139562
TMS19F1304P0044,0.0067766794082904,0.135894637257686,-0.21744943365379,0.26594967185087,-0.00148968115121708,0.103545335691653
TMS19F1304P0065,0.574895578541713,NA,-0.230559875872568,-0.836079211017164,2.67977862689106,0.20236588192166
TMS19F1304P0083,1.14301447767514,0.234744074220395,-0.237313740045879,-1.41802494007918,1.16037813947645,-0.00119704102404736
TMS19F1304P0097,NA,NA,-0.349745714225102,-2.15728286089145,3.78933633663127,-0.0382084815596306
TMS19F1304P0098,1.14301447767514,NA,-0.151102650304213,-1.42474234832683,2.03333671438399,0.06653389515607
TMS19F1304P0114,1.14301447767514,-0.951449169332096,-0.263931910611278,3.79121108746122,4.18238434979069,-0.0197027612918389
TMS19F1304P0119,0.574895578541713,-0.111228955149084,-0.137992208085434,-0.497240948136315,1.89368260057221,0.0850396154238615
TMS19F1306P0058,0.0067766794082904,1.17381372536611,NA,0.717734022358667,0.391558332008208,-0.167748523434172
TMS19F1306P0069,-0.561342219725132,NA,0.14686194557712,-1.3666602475028,-2.9798238900033,0.0787476705328125
TMS19F1307P0067,-1.12946111885855,1.22323844384747,0.153218523622589,-1.22978146070093,-0.411813913161256,-0.100017587254055
TMS19F1307P0083,0.0067766794082904,-0.506626702999911,0.00105793665918783,0.81024670503724,-0.447329259533736,0.103545335691653
TMS19F1307P0098,0.0067766794082904,-0.259503110593144,0.14686194557712,0.00240880072132037,3.09922242266204,0.152770551603979
TMS19F1307P0112,0.0067766794082904,-0.210078392111793,0.107133332792942,0.354963060302899,3.32622053939813,0.17127627187177
TMS19F1310P0018,-0.561342219725132,-1.00087388781345,-0.0386706761249899,-0.620403738237454,-2.71827333556598,-0.137029027789638
TMS19F1312P0016,1.14301447767514,-1.84109410199646,-0.230559875872568,-0.336429462159528,0.435230333470368,-0.248063349396387
TMS19F1312P0032,-1.12946111885855,-0.60547613996262,0.0705830090314989,-0.925092599469194,-1.95809163752304,0.0295224546204869
TMS19F1314P0003,0.574895578541713,-3.7192334042879,0.0141683788779665,1.15580237616573,3.92035234101774,0.17756821676282
TMS19F1315P0070,0.0067766794082904,-0.111228955149084,-0.0517811183437685,0.919693498437647,0.618556448744308,0.0850396154238615
TMS19F1316P0015,0.0067766794082904,-1.24799748022022,0.232675749190944,-0.223483374532578,-1.26797772355381,NA
TMS19F1316P0029,0.574895578541713,0.976114851440698,-0.184474685042922,-1.00388928544704,-0.673845921934208,-0.0630061467184712
TMS19F1316P0041,1.14301447767514,-2.43419072377271,-0.0517811183437685,0.0298407941227817,1.54430658887494,0.0850396154238615
TMS19F1316P0045,0.574895578541713,-0.111228955149084,0.0141683788779665,0.327531066901438,-1.1892718300548,0.183860161653869
TMS19F1316P0116,0.0067766794082904,-0.704325576925329,0.246183477537565,0.44397644875493,-1.16335750177888,0.140556776227237
TMS19F1319P0086,0.0067766794082904,NA,0.279158226148432,-0.959242001118302,-3.06764934726325,0.159062496495028
TMS19F1320P0012,0.0067766794082904,-0.704325576925329,0.14686194557712,-0.712916420916026,-0.21984968846201,0.103545335691653
TMS19F1320P0032,0.0067766794082904,NA,-0.2242032978271,-1.07568738297179,-0.997307605355557,-0.00748898591509651
TMS19F1320P0034,1.14301447767514,1.717485628661,-0.2242032978271,0.02634149989624,0.164560215272111,0.0480281748882784
TMS19F1320P0060,0.574895578541713,-4.3617547445455,-0.131238343912124,-1.30507885245223,1.07303413655213,-0.0692980916095204
TMS19F1322P0029,0.0067766794082904,-0.111228955149084,0.166726251969209,0.392611756178549,1.84137248968475,0.165354441386077
TMS19F1329P0006,0.0067766794082904,NA,0.1333542172305,-1.50003974007813,-1.50409540405085,0.220871602189452
TMS19F1329P0008,0.0067766794082904,-0.111228955149084,0.219565306972165,0.529490542980419,1.78906237879728,0.128343000850494
TMS19F1329P0010,-0.561342219725132,-0.0618042366677278,0.120243775011721,-1.68156581120873,-2.37705397895839,0.0787476705328125
TMS19F1329P0013,0.574895578541713,-0.308927829074497,0.266047783929653,-0.350145458860258,0.77596823574233,0.239377322457244
TMS19F1329P0025,-0.561342219725132,2.06345865803047,NA,1.39541054812036,-0.21984968846201,0.17756821676282
TMS19F1329P0033,-0.561342219725132,0.630141822071222,NA,0.101638891647539,3.83300833809343,NA
TMS19F1329P0039,-0.561342219725132,-0.45720198451856,0.0872690264008535,1.46049123739747,-1.07601349885457,0.152770551603979
TMS19F1329P0043,-0.561342219725132,1.02553956992205,0.259293919756343,-0.0215238984535983,-0.516915589271813,0.109837280582702
TMS19F1329P0072,0.0067766794082904,-0.111228955149084,0.173082830014677,-1.23999816317512,0.697262342243319,0.0602419502650208
TMS19F1329P0073,0.0067766794082904,0.234744074220395,0.232675749190944,-0.534889644011966,1.36961858302631,0.220871602189452
TMS19F1329P0185,-0.561342219725132,-0.308927829074497,NA,-0.685484427514565,2.02469860495869,NA
TMS19F1329P0210,-0.561342219725132,-0.704325576925329,0.219565306972165,-0.521173647311235,-1.24206339527789,0.097253390800604
TMS19F1329P0211,0.0067766794082904,-0.111228955149084,NA,0.793031414109968,1.92007838318376,NA
TMS19F1329P0227,0.0067766794082904,1.96460922106777,0.00781180083249806,-1.72943120955857,1.09031035540275,0.196073937030611
TMS19F1330P0064,0.0067766794082904,-0.654900858443973,NA,0.0639901957718895,-0.141143794962999,0.214579657298403
TMS19F1330P0152,0.574895578541713,0.531292385108513,0.259293919756343,-0.408227559684285,-1.67878340989948,0.260843957967882
TMS19F1331P0004,0.0067766794082904,-0.210078392111793,NA,1.75818151017613,-0.0537997920386814,NA
TMS19F1336P0013,0.0067766794082904,NA,0.212811442798855,-0.873727906892814,-0.639293484232982,NA
TMS19F1336P0061,0.0067766794082904,-5.44909855113528,0.100379468619632,0.0572727875242431,-1.71381730193633,NA
TMS19F1337P0005,0.0067766794082904,0.827840695996635,0.226319171145476,-1.10311937637325,-3.15451189585194,0.165354441386077
TMS19F1338P0017,0.574895578541713,-1.14914804325751,-0.124881765866656,0.255732969376681,-0.158901468149239,-0.0322866510739372
TMS19F1338P0021,-0.561342219725132,NA,0.107133332792942,NA,-2.11550342452107,-0.124815252412895
TMS19F1338P0023,-1.12946111885855,-1.59397050958969,0.266047783929653,-0.209767377831848,-1.21566761266635,0.20236588192166
TMS19F1338P0034,0.0067766794082904,-0.0123795181863744,0.226319171145476,-0.589753630814888,1.64077015556019,0.208287712407354
TMS19F1338P0038,1.14301447767514,0.679566540552575,-0.349745714225102,0.680085326483018,3.40492643289715,0.0295224546204869
TMS19F1339P0023,0.0067766794082904,-3.66980868580654,0.246183477537565,-1.05175468379687,1.3523423641757,0.17127627187177
TMS19F1341P0091,0.0067766794082904,1.02553956992205,0.14686194557712,-0.363861455560989,9.28337041143794,-0.0197027612918389
TMS19F1342P0006,0.574895578541713,1.27266316232882,0.0141683788779665,1.15930167039228,2.41774661811811,0.165354441386077
TMS19F1342P0025,0.0067766794082904,-1.59397050958969,0.0872690264008535,-0.250915367934039,-1.37259794532874,0.0913315603149108
TMS19F1342P0058,0.0067766794082904,0.432442948145808,0.206454864753387,-1.04153798132269,4.13007423890323,0.097253390800604
TMS19F1348P0097,-0.561342219725132,NA,0.173082830014677,-1.37687694997699,-0.90996360243124,0.0295224546204869
TMS19F1348P0100,0.0067766794082904,NA,0.212811442798855,-1.41452564585264,1.79770048822259,0.214579657298403
TMS19F1350P0007,0.0067766794082904,-0.111228955149084,-0.151102650304213,0.591071938030987,-1.10192782713049,-0.0322866510739372
TMS19F1351P0040,0.0067766794082904,2.01403393954912,NA,0.0126255031955091,0.155922105846804,0.115759111068396
TMS19F1351P0042,0.0067766794082904,1.42093731777288,0.219565306972165,2.43585803593783,3.09058431323673,0.0913315603149108
TMS19F1351P0069,0.574895578541713,-0.506626702999911,0.00105793665918783,-0.072888591029979,2.13843839049455,0.0480281748882784
TMS19F1353P0016,0.0067766794082904,2.06345865803047,0.0276761072245869,-1.1407680722489,-1.27661583297912,-0.137029027789638
TMS19F1353P0018,-0.561342219725132,1.91518450258641,NA,-0.966240589571386,0.679986123392706,0.097253390800604
TMS19F1359P0051,0.00572258773808476,-2.35424931923998,0.284273725539493,0.67907855362683,0.636067856294919,NA
TMS19F1360P0008,0.574895578541713,0.976114851440698,-0.0319168119516796,3.07588586582388,0.950656241590964,0.196073937030611
TMS19F1361P0001,1.14301447767514,-1.89051882047782,0.239429613364254,1.14558567369155,2.80215652185223,NA
TMS19F1362P0007,-0.561342219725132,-1.14914804325751,0.239429613364254,-0.445876255559935,-0.586983373345518,0.103545335691653
TMS19F1362P0020,-1.12946111885855,1.76691034714235,0.159972387795899,0.816964113284887,-1.27661583297912,0.140556776227237
TMS19F1363P0019,0.574895578541713,-0.259503110593144,-0.170966956696302,0.529490542980419,0.435230333470368,0.122051055959445
TMS19F1363P0025,0.0067766794082904,NA,NA,-0.825862508542976,0.347886330546051,NA
TMS19F1364P0034,0.0067766794082904,-2.53304016073541,0.107133332792942,-0.538388938238508,1.30003225328823,0.06653389515607
TMS19F1364P0085,0.574895578541713,0.827840695996635,-0.111374037520035,-0.589753630814888,-0.673845921934208,0.0232305097294377
TMS19F1365P0061,0.0067766794082904,-0.160653673630437,0.0805151622275434,1.3679785547189,-0.892205929245,-0.0567142018274221
TMS19F1366P0016,0.0067766794082904,-0.506626702999911,-0.0454245402983,0.967558896787485,2.1734722825314,0.0602419502650208
TMS19F1366P0037,0.0067766794082904,-2.08821769440323,-0.151102650304213,-0.651335025865457,0.863312238666646,0.0417362299972293
TMS19F1370P0005,1.14301447767514,-1.09972332477616,-0.290152795048835,-0.661551728339645,-0.90996360243124,0.103545335691653
TMS19F1370P0020,-0.561342219725132,NA,0.166726251969209,-1.40080964915191,-0.639293484232982,0.0728258400471192
TMS19F1370P0040,1.14301447767514,NA,-0.204338991435011,-2.17099885759218,-0.717517923396365,-0.0322866510739372
TMS19F1371P0025,-1.4434504295564,-0.832722577714971,0.151288417590941,0.368898868358347,-0.506585179652197,0.0834514973086573
TMS19F1372P0019,0.0067766794082904,-1.09972332477616,0.00781180083249806,-0.562321637413427,-2.31610575864562,-0.0937256423630054
TMS19F1372P0025,0.0067766794082904,NA,-0.0188063697329011,-0.658052434113104,-2.28155332094439,-0.174040468325221
TMS19F1374P0004,0.0067766794082904,NA,-0.257178046437967,-1.27764685905077,1.22132635978922,-0.0630061467184712
TMS19F1374P0066,-1.12946111885855,NA,-0.326703118810279,-1.75336390873349,-2.08910764190952,-0.26027712477313
TMS19F1374P0100,1.14301447767514,2.06345865803047,-0.237313740045879,-0.449375549786477,3.75430244459442,0.152770551603979
TMS19F1374P0116,0.574895578541713,2.16230809499318,-0.197585127261701,-0.589753630814888,-0.499157916085573,-0.0507923713417288
TMS19F1375P0034,0.574895578541713,0.976114851440698,0.00105793665918783,-0.401510151436639,2.64522618918984,0.103545335691653
TMS19F1375P0040,0.0067766794082904,0.827840695996635,NA,0.844396106686347,1.75402848676043,NA
TMS19F1375P0045,0.574895578541713,1.47036203625423,-0.283796217003367,1.72053281430048,2.95956830885026,-0.124815252412895
TMS19F1378P0011,1.14301447767514,0.0864699187763298,-0.0716454247358574,2.51115542768913,3.48363232639616,0.183860161653869
TMS19F1379P0015,0.574895578541713,NA,-0.0517811183437685,0.389112461952007,-1.02322193363148,-0.0197027612918389
TMS19F1379P0032,1.14301447767514,1.66806091017965,-0.0386706761249899,1.47070793987166,-2.05407374987267,0.17756821676282
TMS19F1379P0084,0.574895578541713,0.976114851440698,-0.144746072258744,-0.298780766283878,1.52703037002433,0.0543201197793274
TMS19F1383P0007,0.574895578541713,NA,-0.118127901693345,-1.09962008214671,-2.12414153394637,0.115759111068396
TMS19F1384P0037,1.14301447767514,-0.654900858443973,-0.250424182264657,-0.514456239063588,0.374282113157596,-0.112231362630797
TMS19F1384P0041,NA,0.234744074220395,-0.190831263088391,0.491841847104768,1.96375038464591,-0.00119704102404736
TMS19F1384P0045,0.574895578541713,NA,-0.0915097311279463,-1.64041782110654,-1.69605962875009,0.0913315603149108
TMS19F1384P0056,0.574895578541713,-0.111228955149084,-0.270288488656746,-0.387794154735908,-1.80067985052502,-0.0137809308061455
TMS19F1384P0063,0.0067766794082904,NA,-0.0517811183437685,-1.16470077142382,-1.83571374256187,0.0728258400471192
TMS19F1384P0072,1.14301447767514,NA,-0.21069556948048,-1.08940337967252,2.13843839049455,0.233085377566195
TMS19F1384P0079,1.14301447767514,NA,-0.21744943365379,-2.09220217161434,-0.167539577574546,-0.0937256423630054
TMS19F1384P0094,1.14301447767514,-1.6928199465524,-0.177720820869612,2.86370968727071,1.61437437294865,-0.0137809308061455
TMS19F1385P0007,0.0067766794082904,1.51978675473558,0.0141683788779665,-0.312496762984609,-0.0537997920386814,0.115759111068396
TMS19F1386P0032,0.574895578541713,1.37151259929153,0.153218523622589,-1.32901155162715,3.87668033955558,0.115759111068396
TMS19F1386P0058,0.0067766794082904,NA,-0.0883314421052121,-0.243916779480955,-0.709361268306687,0.159062496495028
TMS19F1386P0150,0.0067766794082904,NA,0.0705830090314989,-0.610187035763265,-0.551949481308666,0.270096818101778
TMS19F1387P0025,0.0067766794082904,2.11288337651183,-0.0585349825170788,-0.825862508542976,-2.53446576595641,0.189781992139562
TMS19F1388P0043,0.574895578541713,0.383018229664453,0.14010808140381,-0.0113071959794096,1.82409627083414,0.270096818101778
TMS19F1388P0082,1.14301447767514,NA,-0.310017101440924,-0.336429462159528,3.62328644020794,0.0480281748882784
TMS19F1388P0088,0.574895578541713,NA,-0.237313740045879,-1.30157955822569,0.0508204297362473,-0.0630061467184712
TMS19F1389P0027,0.0067766794082904,NA,-0.0517811183437685,-0.421943556385016,-1.42538951055184,0.0787476705328125
TMS19F1389P0035,1.14301447767514,-1.64339522807105,-0.0287385229289454,0.118854182574812,-0.455967368959042,0.103545335691653
TMS19F1391P0009,1.14301447767514,-2.08821769440323,-0.277042352830056,-1.17841676812455,-0.446847805198108,0.0295224546204869
TMS19F1391P0149,0.0067766794082904,0.234744074220395,0.0507187026394101,0.218084273501031,-0.0715574652249207,0.214579657298403
TMS19F1391P0166,-0.561342219725132,NA,0.192947136406766,-1.69178251368292,0.566246337856844,0.128343000850494
TMS19F1394P0035,0.730309096385328,-0.832722577714971,0.112262368347954,0.38599003104717,-0.106981980993524,-0.168400002657862
TMS19F1397P0021,0.368015842061706,3.23570762244974,-0.130801098452736,-0.316648431404445,-0.174917319147231,-0.0306316922207111
TMS19F1397P0059,0.368015842061706,0.88726417357418,-0.0934624898316013,-0.469694236642102,0.851444913654382,-0.15489330555618
TMS19F1401P0007,-1.12946111885855,1.27266316232882,0.159972387795899,-0.332930167932986,-1.24206339527789,-0.137029027789638
TMS19F1403P0001,0.0067766794082904,-0.902024450850743,0.0872690264008535,-1.50353903430467,-0.787585707470071,0.0728258400471192
TMS19F1403P0007,0.0067766794082904,-2.03879297592188,0.192947136406766,-1.31529555492642,2.09476638903239,-0.112231362630797
TMS19F1403P0013,0.574895578541713,0.135894637257686,-0.144746072258744,0.693801323183748,0.836916456055101,0.20236588192166
TMS19F1404P0002,0.0067766794082904,0.778415977515282,-0.118127901693345,0.36867905700363,-1.46906151201399,-0.0259947061828881
TMS19F1404P0011,0.574895578541713,NA,0.120243775011721,NA,NA,0.20236588192166
TMS19F1404P0027,0.574895578541713,-1.19857276173887,0.0674047200087647,-0.798430515141514,1.80633859764789,0.220871602189452
TMS19F1408P0002,1.45489560503257,-0.237342548422572,-0.269280210037917,-0.246655748222204,0.233846620532851,-0.254032462282522
TMS19F1410P0014,0.574895578541713,1.27266316232882,-0.250424182264657,-0.500740242362857,1.60573626352334,-0.0322866510739372
TMS19F1412P0057,0.0067766794082904,NA,0.0407865494433655,-1.25021486564931,2.67977862689106,0.103545335691653
TMS19F1412P0101,0.574895578541713,0.976114851440698,-0.065288846690389,0.628720633906637,2.43550429130435,0.189781992139562
TMS19F1412P0104,1.14301447767514,NA,0.110311621815677,NA,-2.0631933136336,0.186821076896715
TMS19F1413P0002,0.0067766794082904,2.60713056132536,0.0737612980542331,-1.20234946729947,-0.350865692848485,0.20236588192166
TMS19F1414P0005,0.0067766794082904,1.42093731777288,-0.0915097311279463,-0.548605640712696,-1.17199561120419,-0.14924280316638
TMS19F1414P0027,0.0067766794082904,3.05195302765755,0.0805151622275434,-0.651335025865457,-0.534191808122426,-0.0259947061828881
TMS19F1414P0031,0.574895578541713,-0.111228955149084,-0.164610378650833,0.416544455353469,-1.39899372794029,-0.087803811877312
TMS19F1414P0040,-0.561342219725132,-0.0618042366677278,0.0141683788779665,-0.914875896995006,1.08167224597744,0.011016734352695
TMS19F1414P0076,0.0067766794082904,-0.654900858443973,-0.0188063697329011,0.793031414109968,2.57515840511614,0.0728258400471192
TMS19F1414P0109,0.0067766794082904,-0.506626702999911,0.153218523622589,-0.589753630814888,5.17820227399503,0.17127627187177
TMS19F1414P0115,0.0067766794082904,NA,0.0737612980542331,0.779315417409236,2.04245627814493,0.128343000850494
TMS19F1418P0007,-0.561342219725132,-4.51002889998956,-0.0585349825170788,-0.319214171232255,NA,0.0295224546204869
TMS19F1418P0010,0.0067766794082904,1.86575978410506,0.0407865494433655,-0.120753989379817,-2.64820555149227,0.0602419502650208
TMS19F1421P0005,0.574895578541713,-1.19857276173887,-0.0851531530824779,0.994990890188946,0.618556448744308,-0.100017587254055
TMS19F1422P0002,0.0067766794082904,-0.111228955149084,0.113489910838411,2.4974394309884,2.90725819796279,-0.106309532145104
TMS19F1423P0003,0.574895578541713,-0.111228955149084,-0.00887421653685661,2.72683090046884,-0.429571586347496,0.205326797164507
TMS19F1426P0004,NA,NA,-0.247245893241923,NA,NA,0.0757867552899659
TMS19F1434P0005,0.574895578541713,-1.6928199465524,-0.277042352830056,0.680085326483018,-0.787585707470071,0.196073937030611
TMS19F1437P0004,0.0067766794082904,-0.506626702999911,-0.157856514477523,1.30989645389488,0.0594585391615535,0.00472478946164603
TMS19F1437P0047,NA,-1.09972332477616,-0.310017101440924,1.9703576887293,-0.761189924858525,0.146848721118286
TMS19F1437P0065,0.0067766794082904,-0.0618042366677278,0.1333542172305,-0.185834678656929,-0.176177686999851,0.115759111068396
TMS19F1437P0121,0.0067766794082904,-2.82958847162353,0.0674047200087647,-0.0591725943292486,-0.90996360243124,NA
TMS19F1437P0122,0.0067766794082904,-0.654900858443973,-0.0783992889091676,-1.20234946729947,-2.05407374987267,0.0417362299972293
TMS19F1437P0123,0.0067766794082904,NA,-0.376363884790501,NA,-2.82289355734091,-0.186254243701963
TMS19F1437P0145,-0.561342219725132,NA,-0.131238343912124,-1.27414756482423,-2.37753543329402,-0.29136673482302
TMS19F1437P0156,0.0067766794082904,NA,-0.329881407833013,-1.23999816317512,-3.14587378642663,NA
TMS19F1437P0157,0.0067766794082904,NA,-0.157856514477523,-1.57533713182943,-2.2901914303697,-0.118523307521846
TMS19F1437P0165,0.0067766794082904,NA,-0.177720820869612,-0.671768430813834,-2.98894345376424,-0.0630061467184712
TMS19F1437P0171,0.574895578541713,-2.73073903466083,-0.204338991435011,-1.06547068049761,1.16901624890176,0.146848721118286
TMS19F1438P0103,0.0067766794082904,-2.58246487921677,0.0538969916621443,-0.651335025865457,3.52730432785832,0.128343000850494
TMS19F1439P0006,0.0067766794082904,NA,-0.0319168119516796,-1.67806651698219,-2.78785966530406,0.152770551603979
TMS19F1439P0022,-0.561342219725132,-1.59397050958969,0.14010808140381,-0.411726853910827,-0.831257708932229,-0.0322866510739372
TMS19F1439P0025,NA,-0.704325576925329,NA,-0.134469986080548,-1.87074763459873,-0.00748898591509651
TMS19F1439P0035,-1.69758001799198,-3.86750755973196,NA,-0.949025298644114,-1.68742151932479,-0.0197027612918389
TMS19F1439P0068,-1.12946111885855,1.12438900688476,0.110311621815677,-0.107037992679087,-1.32940739820221,-0.0630061467184712
TMS19F1439P0073,0.0067766794082904,-2.43419072377271,-0.177720820869612,0.245516266902492,-0.0106092449121513,0.0942924755577574
TMS19F1440P0005,-0.561342219725132,-4.01578171517602,0.0805151622275434,0.871828100087808,-1.89714341721027,-0.192546188593013
TMS19F1440P0022,-1.12946111885855,-0.111228955149084,-0.118127901693345,0.755382718234317,-1.92305774548619,-0.198838133484062
TMS19F1440P0074,0.574895578541713,0.383018229664453,-0.0188063697329011,-0.589753630814888,-0.935877930707158,0.0543201197793274
TMS19F1440P0095,-1.69758001799198,-2.03879297592188,NA,-1.39059294667772,-1.96672974694835,0.189781992139562
TMS19F1440P0107,1.14301447767514,-0.0618042366677278,-0.144746072258744,3.16489925427591,2.00742238610807,0.103545335691653
TMS19F1446P0063,0.0067766794082904,-2.53304016073541,0.00105793665918783,-0.976457292045574,1.43968636710001,0.0173086792437443
TMS19F1448P0165,NA,-1.24799748022022,-0.12806005488939,-0.634119734938184,-1.06737538942926,0.103545335691653
TMS19F1450P0057,-0.561342219725132,0.481867666627162,0.0308543962473212,-0.658052434113104,-1.97584931070928,0.122051055959445
TMS19F1450P0171,-0.561342219725132,-0.111228955149084,-0.0915097311279463,-0.274848067108958,0.20823221673427,-0.0630061467184712
TMS19F1450P0176,0.574895578541713,NA,-0.250424182264657,NA,-1.34668361705282,0.00472478946164603
TMS19F1450P0180,0.0067766794082904,-0.60547613996262,-0.0982635953012565,-0.432160258859205,-2.01952131217144,-0.155534748057429
TMS19F1450P0208,0.0067766794082904,-0.111228955149084,0.0538969916621443,0.796530708336509,2.12068071730831,0.189781992139562
TMS19F1450P0245,-0.561342219725132,0.481867666627162,-0.0188063697329011,-0.408227559684285,-0.543311371883359,0.011016734352695
TMS19F1451P0004,0.0067766794082904,1.81633506562371,-0.118127901693345,-0.0933219959783562,-1.32076928877691,0.0295224546204869
TMS19F1452P0010,-0.561342219725132,-2.08821769440323,0.100379468619632,-0.0215238984535983,-0.953635603893399,-0.0197027612918389
TMS19F1464P0021,-0.561342219725132,1.37151259929153,0.0705830090314989,-1.54118773018032,-1.74836973963756,-0.174040468325221
TMS19F1465P0008,0.0067766794082904,0.284168792701746,-0.137992208085434,-0.634119734938184,-1.89714341721027,0.011016734352695
TMS19F1465P0016,0.574895578541713,NA,-0.2242032978271,-1.8184445980106,1.60573626352334,0.0850396154238615
TMS19F1466P0016,0.574895578541713,-0.111228955149084,-0.065288846690389,6.3171730053563,6.08619474093943,0.263804873210728
TMS19F1466P0017,0.0067766794082904,-0.111228955149084,-0.131238343912124,-0.298780766283878,3.23023842704852,0.06653389515607
TMS19F1468P0005,0.0067766794082904,0.580717103589869,-0.111374037520035,-0.976457292045574,-1.35532172647813,-0.100017587254055
TMS19F1471P0010,0.0067766794082904,NA,-0.157856514477523,-1.51375573677886,-1.94945352809774,0.0358143995115359
TMS19F1472P0002,0.0067766794082904,-0.210078392111793,-0.0915097311279463,-0.572538339887615,0.0157865376993949,-0.14924280316638
TMS19F1475P0012,1.14301447767514,0.0864699187763298,-0.0982635953012565,0.200868982573758,0.854674129241341,-0.0937256423630054
TMS19F1478P0002,0.0067766794082904,NA,-0.329881407833013,NA,-1.73109352078695,NA
TMS19F1478P0011,1.14301447767514,0.679566540552575,-0.0982635953012565,1.93620828708019,2.36543650723065,0.189781992139562
TMS19F1483P0011,1.14301447767514,NA,-0.0982635953012565,-1.86630999636044,-0.90996360243124,-0.0692980916095204
TMS19F1484P0007,0.574895578541713,-2.08821769440323,-0.118127901693345,-1.51375573677886,-1.73109352078695,-0.0382084815596306
TMS19F1493P0007,0.0067766794082904,-0.111228955149084,0.219565306972165,1.58715332172515,-0.586983373345518,0.196073937030611
TMS19F1493P0020,0.0067766794082904,1.37151259929153,-0.147924361281479,-0.134469986080548,-1.56504362436362,-0.0445004264506796
TMS19F1503P0016,0.0067766794082904,2.21173281347454,-0.0188063697329011,0.365179762777088,1.34370425475039,NA
TMS19F1509P0021,0.00572258773808476,3.59955097368399,-0.00509141468470024,-0.0919627425027466,-0.140557435478284,NA
TMS19F1509P0026,0.730309096385328,1.35033752969048,-0.0479673890359464,0.396784602729256,-0.0280352994347408,-0.0287407546264755
TMS19F1513P0015,0.00572258773808476,-2.91655268023836,-0.0325492357986332,0.206435656686941,-0.0927398954267559,0.018924198008095
TMS19F1517P0034,0.730309096385328,1.44956753457256,-0.187534032911063,-0.37958533320748,-0.32021957368024,-0.024148477611904
TMS19F1520P0006,1.14301447767514,0.0370452002949764,-0.065288846690389,-0.134469986080548,3.23887653647382,-0.155534748057429
TMS19F1521P0009,0.0067766794082904,-2.87901319010489,0.0141683788779665,-2.05805276996523,-1.06689393509363,0.0543201197793274
TMS19F1524P0008,-0.561342219725132,-1.44569635414563,-0.0188063697329011,-1.27414756482423,0.0244246471247015,-0.0907647271201586
TMS19F1527P0015,0.730309096385328,-0.270419216716596,-0.0437985152578585,-0.0835901208417788,0.30821791856286,0.144890488597725
TMS19F1537P0009,-0.718863920909159,2.67340426145137,-0.117890223410901,-0.00803153853711608,0.784798166159407,NA
TMS19F1563P0010,0.574895578541713,-0.556051421481267,-0.30683881241819,-0.596471039062534,-3.11995945815071,-0.100017587254055
TMS20F1001P0002,0.198516436900079,NA,-0.0571245766246783,NA,-1.16896955067095,NA
TMS20F1001P0004,0.766635336033502,NA,-0.152473247306705,NA,-1.85524385936202,NA
TMS20F1002P0005,0.198516436900079,NA,-0.136581802193034,NA,0.369628963134499,NA
TMS20F1002P0011,0.198516436900079,NA,0.00882492059705681,NA,-1.47083395562789,0.0181345431044217
TMS20F1003P0004,-0.369602462233344,NA,NA,NA,-1.34605680859316,NA
TMS20F1004P0002,-0.369602462233344,NA,NA,NA,-2.56263399218186,NA
TMS20F1004P0006,0.198516436900079,NA,-0.0757970246332418,NA,-0.690976786660779,NA
TMS20F1005P0001,-0.369602462233344,NA,NA,NA,-1.62680538942132,NA
TMS20F1005P0009,0.198516436900079,NA,-0.0996341923037485,NA,0.0888803823063377,NA
TMS20F1006P0007,0.198516436900079,NA,-0.164391831141958,NA,-2.0635254040429,NA
TMS20F1007P0002,0.198516436900079,NA,0.169328516245135,NA,-1.53322252914526,-0.046265363427493
TMS20F1007P0003,-0.369602462233344,NA,NA,NA,-2.18830255107764,NA
TMS20F1007P0007,0.198516436900079,NA,0.124037897671172,NA,-0.191868198521824,0.0514448395864467
TMS20F1007P0008,0.198516436900079,NA,0.108146452557501,NA,-1.96994254376685,0.00184950926876522
TMS20F1007P0013,0.766635336033502,NA,-0.0638784407979885,NA,-2.50024541866449,NA
TMS20F1007P0014,-0.369602462233344,NA,NA,NA,-2.05248804254403,NA
TMS20F1007P0016,-0.369602462233344,NA,-0.0626865824144632,NA,-1.43963966886921,-0.0299803295918364
TMS20F1008P0004,0.198516436900079,NA,-0.0507679985792098,NA,-1.02307657950743,NA
TMS20F1008P0006,-0.369602462233344,NA,-0.0531517153462605,NA,-2.30204233661351,-0.0743940582345363
TMS20F1020P0017,0.198516436900079,NA,-0.159227111480015,NA,-2.65621685245791,NA
TMS20F1025P0005,-0.369602462233344,NA,NA,NA,-1.82404957260333,NA
TMS20F1030P0001,-0.369602462233344,NA,-0.0253416863973361,NA,-0.722171073419463,0.10178039871484
TMS20F1031P0002,-0.369602462233344,NA,NA,NA,-1.58457374116376,NA
TMS20F1031P0005,0.198516436900079,NA,-0.0785780275281343,NA,-1.53322252914526,NA
TMS20F1037P0003,-0.369602462233344,NA,-0.16041896986354,NA,1.49262328644715,-0.0721733718024013
TMS20F1040P0001,0.198516436900079,NA,-0.00150451872682944,NA,-1.2524739483171,-0.0806860031255854
TMS20F1041P0009,-0.369602462233344,NA,NA,NA,0.557753582555578,-0.0362722744828855
TMS20F1048P0012,-0.369602462233344,NA,NA,NA,2.17889759513821,-0.0336814736453947
TMS20F1048P0014,-0.369602462233344,NA,NA,NA,-1.96994254376685,NA
TMS20F1048P0026,-0.369602462233344,NA,NA,NA,-3.18651972735555,-0.0558883379667447
TMS20F1048P0030,-0.369602462233344,NA,NA,NA,-0.815753933695517,-0.046265363427493
TMS20F1048P0031,-0.369602462233344,NA,NA,NA,-1.3038251603356,NA
TMS20F1048P0050,-0.369602462233344,NA,-0.108771773244109,NA,-0.88822096984279,0.0081414541598143
TMS20F1050P0004,0.198516436900079,NA,-0.154062391818072,NA,-2.5204023439243,NA
TMS20F1050P0032,-0.369602462233344,NA,NA,NA,0.899931838032138,NA
TMS20F1051P0005,0.198516436900079,NA,-0.0599055795195707,NA,-1.52218516764639,-0.0151757533776031
TMS20F1051P0006,-0.369602462233344,NA,NA,NA,-0.659782499902093,-0.0425642193739346
TMS20F1056P0029,-0.369602462233344,NA,NA,NA,-0.627629314274439,NA
TMS20F1056P0060,-0.369602462233344,NA,NA,NA,-1.50202824238658,NA
TMS20F1056P0061,-0.369602462233344,NA,NA,NA,-0.347839632315247,-0.0658814269113521
TMS20F1056P0067,0.198516436900079,NA,-0.111552776139002,NA,1.96053758782742,NA
TMS20F1057P0037,-0.369602462233344,NA,-0.16041896986354,NA,-2.4690511319058,NA
TMS20F1061P0009,-0.369602462233344,NA,NA,NA,0.120074669065023,-0.0277596431597014
TMS20F1061P0015,-0.369602462233344,NA,NA,NA,-2.63510102832913,NA
TMS20F1062P0021,-0.369602462233344,NA,NA,NA,-0.316645345556563,-0.0203573550525847
TMS20F1062P0022,-0.369602462233344,NA,NA,NA,4.45608052852219,-0.0758745158559596
TMS20F1062P0024,-0.369602462233344,NA,NA,NA,0.743960404238715,-0.0695825709649105
TMS20F1062P0027,-0.369602462233344,NA,NA,NA,NA,NA
TMS20F1068P0011,-0.369602462233344,NA,NA,NA,-1.93874825700816,NA
TMS20F1069P0015,-0.369602462233344,NA,NA,NA,-0.243219410540317,NA
TMS20F1072P0006,-0.369602462233344,NA,-0.15803525309649,NA,-2.0635254040429,NA
TMS20F1072P0019,-0.369602462233344,NA,NA,NA,-2.45801377040693,NA
TMS20F1072P0026,-0.369602462233344,NA,NA,NA,-2.37450937276078,NA
TMS20F1074P0008,-0.369602462233344,NA,-0.114333779033894,NA,-2.47912959453571,NA
TMS20F1083P0003,-0.369602462233344,NA,NA,NA,-2.58279091744167,NA
TMS20F1088P0001,-0.369602462233344,NA,NA,NA,-1.86532232199192,-0.0510768506971188
TMS20F1089P0003,0.198516436900079,NA,0.117681319625704,NA,3.05233762438138,-0.0732837150184688
TMS20F1098P0016,0.766635336033502,NA,-0.168364692420376,NA,-2.93696543328607,NA
TMS20F1104P0005,-0.369602462233344,NA,-0.126252362869148,NA,-1.37725109535184,NA
TMS20F1105P0014,0.198516436900079,NA,-0.0110393857950321,NA,1.11829184534293,-0.0288699863757689
TMS20F1106P0021,0.198516436900079,NA,-0.139362805087926,NA,-1.03411394100631,-0.0743940582345363
TMS20F1106P0022,-0.369602462233344,NA,NA,NA,0.754997765737591,-0.0373826176989531
TMS20F1109P0006,-0.369602462233344,NA,NA,NA,-1.03411394100631,-0.046265363427493
TMS20F1111P0008,-0.369602462233344,NA,NA,NA,2.44956771333647,0.00703111094374688
TMS20F1111P0014,-0.369602462233344,NA,NA,NA,4.95518911666114,NA
TMS20F1112P0001,-0.369602462233344,NA,NA,NA,-1.3139036229655,NA
TMS20F1113P0001,0.198516436900079,NA,-0.0162041054569752,NA,-0.52396799136848,NA
TMS20F1113P0035,-0.369602462233344,NA,-0.12466321835778,NA,-0.535005352867356,NA
TMS20F1113P0037,-0.369602462233344,NA,-0.0638784407979885,NA,1.08709755858425,0.0181345431044217
TMS20F1116P0031,-0.369602462233344,NA,NA,NA,-1.22127966155842,-0.0632906260738613
TMS20F1116P0032,-0.369602462233344,NA,NA,NA,2.397257602449,-0.0325711304293273
TMS20F1116P0033,-0.369602462233344,NA,-0.0904966113633876,NA,-1.77173946171587,-0.0129550669454681
TMS20F1116P0042,-0.369602462233344,NA,NA,NA,-2.60294784270148,NA
TMS20F1116P0056,0.198516436900079,NA,-0.135389943809508,NA,-1.43963966886921,NA
TMS20F1126P0002,-0.369602462233344,NA,NA,NA,4.89280054314377,0.037750606588281
TMS20F1126P0007,0.198516436900079,NA,-0.104798911965692,NA,2.49084046272506,-0.0610699396417263
TMS20F1126P0010,0.198516436900079,NA,-0.0348765534655388,NA,0.952241948919604,NA
TMS20F1127P0004,-0.369602462233344,NA,NA,NA,-0.825832396325421,NA
TMS20F1128P0008,-0.471395966769604,NA,NA,NA,-1.80881625102972,-0.0447849058060698
TMS20F1129P0017,-0.369602462233344,NA,NA,NA,-2.13599244019018,NA
TMS20F1132P0006,-0.369602462233344,NA,NA,NA,0.400823249893185,0.0673597590167474
TMS20F1141P0004,-0.369602462233344,NA,NA,NA,-0.659782499902093,NA
TMS20F1141P0011,0.198516436900079,NA,0.00246834255158835,NA,1.43023471292978,-0.0632906260738613
TMS20F1142P0008,-0.369602462233344,NA,-0.12466321835778,NA,0.556794683686608,-0.0632906260738613
TMS20F1143P0028,-0.369602462233344,NA,NA,NA,-1.22127966155842,NA
TMS20F1144P0007,-0.369602462233344,NA,NA,NA,6.54609774135406,0.0673597590167474
TMS20F1145P0011,-0.369602462233344,NA,NA,NA,NA,-0.0521871939131864
TMS20F1147P0003,-0.369602462233344,NA,-0.118306640312312,NA,-0.722171073419463,NA
TMS20F1155P0003,-0.369602462233344,NA,NA,NA,-0.784559646936832,NA
TMS20F1155P0016,0.198516436900079,NA,0.0104140651084239,NA,-2.21949683783633,NA
TMS20F1156P0003,0.198516436900079,NA,0.0143869263868416,NA,0.369628963134499,NA
TMS20F1157P0002,-0.369602462233344,NA,NA,NA,2.11650902162084,-0.0214676982686523
TMS20F1158P0003,-0.369602462233344,NA,NA,NA,-2.71860542597528,NA
TMS20F1158P0008,0.198516436900079,NA,-0.0889074668520205,NA,-3.28010258763161,NA
TMS20F1158P0021,NA,NA,-0.0889074668520205,NA,-0.784559646936832,NA
TMS20F1158P0055,-0.369602462233344,NA,NA,NA,-2.07360386667281,NA
TMS20F1158P0075,-0.369602462233344,NA,NA,NA,-1.32494098446438,NA
TMS20F1158P0079,-0.369602462233344,NA,NA,NA,2.67800618327716,NA
TMS20F1158P0092,-0.369602462233344,NA,NA,NA,-1.56441681590395,NA
TMS20F1158P0103,-0.369602462233344,NA,NA,NA,-0.565240740757068,NA
TMS20F1158P0106,-0.369602462233344,NA,-0.11552563741742,NA,-1.2524739483171,-0.00555277883835141
TMS20F1159P0025,-0.369602462233344,NA,NA,NA,0.786192052496276,NA
TMS20F1159P0032,0.198516436900079,NA,-0.0650702991815138,NA,-1.53322252914526,0.06624941580068
TMS20F1161P0014,0.198516436900079,NA,-0.0388494147439565,NA,-0.815753933695517,0.0203552295365568
TMS20F1165P0004,-0.369602462233344,NA,-0.171145695315268,NA,-0.441422492591301,-0.0336814736453947
TMS20F1167P0010,-0.369602462233344,NA,-0.0718241633548241,NA,3.01106487499279,-0.0373826176989531
TMS20F1170P0012,-0.369602462233344,NA,NA,NA,-2.39562519688956,NA
TMS20F1172P0007,-0.369602462233344,NA,-0.0757970246332418,NA,-2.00113683052553,NA
TMS20F1179P0001,0.198516436900079,NA,0.187603678125857,NA,2.30367474217295,-0.017766554215094
TMS20F1180P0002,-0.369602462233344,NA,NA,NA,0.85865908864355,-0.0114746093240448
TMS20F1180P0006,-0.369602462233344,NA,NA,NA,-0.0982853382457707,-0.0806860031255854
TMS20F1182P0043,-0.369602462233344,NA,NA,NA,2.49084046272506,0.00444031010625595
TMS20F1182P0047,-0.369602462233344,NA,NA,NA,-2.2818854113537,NA
TMS20F1188P0005,-0.369602462233344,NA,-0.045205992789425,NA,-3.06174258032081,-0.00666312205441897
TMS20F1192P0006,-0.369602462233344,NA,NA,NA,-0.0670910514870854,NA
TMS20F1193P0005,0.198516436900079,NA,0.0485535333812345,NA,0.899931838032138,-0.0103642661079773
TMS20F1193P0007,0.198516436900079,NA,-0.0757970246332418,NA,-0.940531080730255,NA
TMS20F1194P0025,-0.369602462233344,NA,NA,NA,-1.28366823507579,NA
TMS20F1194P0026,-0.369602462233344,NA,-0.144527524749869,NA,0.213657529341076,NA
TMS20F1205P0013,-0.369602462233344,NA,-0.12227950159073,NA,-1.81397110997343,-0.0447849058060698
TMS20F1221P0001,-0.369602462233344,NA,NA,NA,0.931126124790824,-0.0610699396417263
TMS20F1221P0015,-0.369602462233344,NA,NA,NA,4.39369195500482,0.0192448863204893
TMS20F1221P0019,0.766635336033502,NA,NA,NA,0.026491808788968,0.0699505598542383
TMS20F1223P0009,-0.369602462233344,NA,-0.111552776139002,NA,-2.43785684514712,-0.0240584991061431
TMS20F1228P0024,-0.369602462233344,NA,NA,NA,0.525600396927923,-0.0262791855382781
TMS20F1228P0028,-0.369602462233344,NA,NA,NA,-0.285451058797878,0.00332996689018853
TMS20F1228P0032,-0.369602462233344,NA,-0.171145695315268,NA,-0.0147809405996207,NA
TMS20F1230P0026,0.198516436900079,NA,-0.0916884697469129,NA,-1.62680538942132,-0.0314607872132597
TMS20F1233P0012,0.198516436900079,NA,0.0843092848869945,NA,-0.035896764728401,-0.0425642193739346
TMS20F1233P0039,0.198516436900079,NA,0.0366349495459812,NA,2.02292616134479,-0.0203573550525847
TMS20F1233P0049,0.198516436900079,NA,NA,NA,-0.949650644491189,0.0255368312115384
TMS20F1233P0060,-0.369602462233344,NA,NA,NA,3.33308620520954,-0.0203573550525847
TMS20F1234P0008,0.198516436900079,NA,0.0711988426682158,NA,-0.160673911763139,0.000739166052697666
TMS20F1234P0013,-0.369602462233344,NA,NA,NA,0.182463242582391,-0.0669917701274197
TMS20F1235P0038,-0.369602462233344,NA,NA,NA,0.307240389617131,0.0229460303740476
TMS20F1271P0005,0.198516436900079,NA,0.0898712906767794,NA,1.9917318745861,0.0684701022328149
TMS20F1285P0004,-0.369602462233344,NA,NA,NA,-3.28010258763161,NA
TMS20F1285P0014,0.766635336033502,NA,0.0223326489436772,NA,-1.06530822776499,-0.0447849058060698
TMS20F1286P0007,0.198516436900079,NA,-0.114333779033894,NA,-2.34331508600209,NA
TMS20F1286P0013,-0.369602462233344,NA,NA,NA,-0.191868198521824,-0.059589482020303
TMS20F1286P0017,-0.369602462233344,NA,NA,NA,-3.03054829356213,NA
TMS20F1286P0032,-0.369602462233344,NA,NA,NA,-0.379033919073932,-0.035161931266818
TMS20F1286P0036,-0.369602462233344,NA,NA,NA,-0.628588213143409,-0.0299803295918364
TMS20F1287P0001,0.766635336033502,NA,-0.128636079636198,NA,-1.31486252183447,-0.0647710836952847
TMS20F1287P0021,-0.369602462233344,NA,NA,NA,-0.597393926384724,NA
TMS20F1289P0002,0.766635336033502,NA,-0.142143807982819,NA,0.83754326451477,NA
TMS20F1289P0011,-0.369602462233344,NA,NA,NA,-2.53143970542317,NA
TMS20F1291P0009,0.198516436900079,NA,0.0604721172164879,NA,1.21187470561898,-0.0325711304293273
TMS20F1294P0021,0.198516436900079,NA,0.105762735790451,NA,-1.60568956529254,-0.0166562109990265
TMS20F1294P0032,0.198516436900079,NA,0.0326620882675634,NA,-0.254256772039194,0.0155437422669309
TMS20F1295P0001,0.198516436900079,NA,NA,NA,-0.367996557575056,NA
TMS20F1298P0014,0.766635336033502,NA,0.0274973686056203,NA,-0.00374357910074456,-0.0547779947506771
TMS20F1299P0004,0.198516436900079,NA,-0.0678513020764063,NA,-2.34427398487106,-0.0362722744828855
TMS20F1299P0015,0.198516436900079,NA,0.00485205931863902,NA,1.55501185996452,-0.0780952022880946
TMS20F1299P0016,0.198516436900079,NA,0.257923322753851,NA,-1.76166099908596,0.148784928195031
TMS20F1302P0025,0.198516436900079,NA,0.0831174265034692,NA,2.42845188920769,-0.0610699396417263
TMS20F1306P0036,0.198516436900079,NA,-0.082550888806552,NA,-2.09471969080159,-0.0425642193739346
TMS20F1306P0064,-0.369602462233344,NA,-0.0904966113633876,NA,-2.60294784270148,NA
TMS20F1306P0065,0.198516436900079,NA,0.108146452557501,NA,-1.80293374847455,0.00444031010625595
TMS20F1307P0036,-0.369602462233344,NA,NA,NA,-1.68919396293869,0.0277575176436734
TMS20F1307P0037,0.198516436900079,NA,0.143902204063261,NA,1.47246636118734,NA
TMS20F1307P0039,0.198516436900079,NA,0.282952348807883,NA,3.73861193307244,0.160998703571773
TMS20F1307P0055,0.766635336033502,NA,0.0553073975545447,NA,-0.0982853382457707,0.15507687308608
TMS20F1307P0101,-0.369602462233344,NA,NA,NA,-0.035896764728401,0.00332996689018853
TMS20F1309P0015,0.766635336033502,NA,-0.0730160217383494,NA,-2.71860542597528,NA
TMS20F1310P0008,0.198516436900079,NA,0.20627612613442,NA,5.23593769748931,0.108072343605889
TMS20F1310P0012,-0.369602462233344,NA,-0.0241498280138108,NA,5.79743485914563,0.0599574709096307
TMS20F1310P0019,0.198516436900079,NA,0.193165683915641,NA,1.68074790586823,0.162479161193196
TMS20F1313P0017,-0.369602462233344,NA,-0.147308527644762,NA,4.67444053583298,0.135090695196865
TMS20F1322P0028,0.766635336033502,NA,-0.00825838290013963,NA,-1.56441681590395,-0.0151757533776031
TMS20F1323P0040,0.198516436900079,NA,0.207467984517945,NA,3.6138347860377,0.162479161193196
TMS20F1323P0050,0.198516436900079,NA,0.100200730000666,NA,2.67800618327716,0.167290648462822
TMS20F1325P0046,0.198516436900079,NA,0.178466097185496,NA,0.556794683686608,-0.017766554215094
TMS20F1326P0020,-0.369602462233344,NA,NA,NA,2.36606331569032,-0.0780952022880946
TMS20F1326P0034,0.198516436900079,NA,0.129599903460957,NA,4.33130338148745,0.153596415464656
TMS20F1326P0045,0.198516436900079,NA,0.00246834255158835,NA,2.8027833303119,0.0536655260185817
TMS20F1336P0004,0.198516436900079,NA,0.0858984293983616,NA,1.21187470561898,0.0451528946953975
TMS20F1336P0006,0.198516436900079,NA,0.0644449784949056,NA,0.743960404238715,0.032939119318655
TMS20F1361P0007,0.198516436900079,NA,-0.00547738000524719,NA,6.85804060894091,0.156187216302147
TMS20F1361P0013,0.198516436900079,NA,0.1347646231229,NA,-2.71764652710631,-0.0388630753203764
TMS20F1385P0030,0.198516436900079,NA,0.09225500744383,NA,0.400823249893185,0.096968911445214
TMS20F1387P0025,0.198516436900079,NA,NA,NA,3.82211633071859,0.100670055498772
TMS20F1389P0025,-0.369602462233344,NA,-0.0428222760223743,NA,4.33130338148745,0.0710609030703058
TMS20F1412P0036,0.198516436900079,NA,0.129599903460957,NA,3.76980621983113,0.0958585682291465
TMS20F1412P0038,0.198516436900079,NA,0.218194709969674,NA,-1.91667353401041,0.0636586149631891
TMS20F1415P0015,0.198516436900079,NA,0.0632531201113803,NA,5.79743485914563,0.0980792546612815
TMS20F1423P0040,0.198516436900079,NA,-0.061097437903096,NA,2.397257602449,0.143973440925405
TMS20F1424P0002,-0.369602462233344,NA,NA,NA,4.8102550443666,0.0166540854829984
TMS20F1424P0004,-0.369602462233344,NA,-0.0519598569627352,NA,-0.149636550264264,0.00184950926876522
TMS20F1424P0009,-0.369602462233344,NA,-0.0519598569627352,NA,0.681571830721347,0.046263237911465
TMS20F1424P0014,-0.369602462233344,NA,NA,NA,2.67800618327716,0.0277575176436734
TMS20F1424P0022,-0.369602462233344,NA,-0.0837427471900774,NA,2.02292616134479,-0.0288699863757689
TMS20F1430P0122,-0.369602462233344,NA,-0.0587137211360454,NA,3.45786335224428,-0.0510768506971188
TMS20F1439P0003,-0.369602462233344,NA,-0.104798911965692,NA,0.952241948919604,0.0488540387489559
TMS20F1439P0016,0.198516436900079,NA,0.17727423880197,NA,1.55501185996452,0.0255368312115384
TMS20F1440P0039,0.198516436900079,NA,-0.0122312441785574,NA,3.67622335955507,-0.0806860031255854
TMS20F1442P0005,-0.369602462233344,NA,NA,NA,-0.441422492591301,0.0684701022328149
TMS20F1443P0001,0.198516436900079,NA,-0.0519598569627352,NA,1.90918637580892,0.0414517506418392
TMS20F1445P0072,-0.369602462233344,NA,0.00485205931863902,NA,1.74217758051662,0.0218356871579801
TMS20F1445P0092,0.198516436900079,NA,NA,NA,3.86338908010718,0.0980792546612815
TMS20F1448P0009,-0.369602462233344,NA,0.130791761844482,NA,-0.897340533603724,0.0340494625347226
TMS20F1451P0018,0.198516436900079,NA,0.0938441519551971,NA,0.567832045185483,-0.0040723212169281
TMS20F1451P0069,-0.369602462233344,NA,NA,NA,2.16881913250831,0.0414517506418392
TMS20F1452P0007,-0.369602462233344,NA,-0.0746051662497165,NA,-1.56441681590395,NA
TMS20F1452P0011,0.198516436900079,NA,0.0247163657107279,NA,-0.784559646936832,-0.0388630753203764
TMS20F1452P0013,0.766635336033502,NA,-0.0547408598576276,NA,1.96053758782742,-0.0573687955881681
TMS20F1452P0015,0.198516436900079,NA,0.247196597302123,NA,-1.47083395562789,0.0810539920149133
TMS20F1452P0019,0.766635336033502,NA,0.0553073975545447,NA,0.775154690997401,-0.017766554215094
TMS20F1452P0020,0.198516436900079,NA,0.23527801346687,NA,2.92756047734664,0.0921574241755883
TMS20F1452P0022,-0.369602462233344,NA,NA,NA,0.120074669065023,-0.017766554215094
TMS20F1452P0025,0.198516436900079,NA,0.0882821461654123,NA,-0.690976786660779,0.05736667007214
TMS20F1453P0001,0.253190541877639,NA,-0.0837553267096494,NA,2.71757855155205,0.00332996689018853
TMS20F1453P0002,-0.471395966769604,NA,NA,NA,-1.71306699038773,-0.0510768506971188
TMS20F1454P0001,-0.369602462233344,NA,NA,NA,-2.94704389591598,NA
TMS20F1454P0002,0.198516436900079,NA,0.104173591279083,NA,-0.472616779349986,0.0488540387489559
TMS20F1454P0003,0.198516436900079,NA,NA,NA,-1.8763596834908,NA
TMS20F1454P0006,0.198516436900079,NA,0.00366020093511369,NA,0.224694890839952,NA
TMS20F1455P0001,0.198516436900079,NA,0.153437071131464,NA,0.390744787263281,-0.035161931266818
TMS20F1455P0002,0.198516436900079,NA,0.0394159524408736,NA,-1.12769680128236,NA
TMS20F1455P0004,0.198516436900079,NA,0.00087919804022124,NA,0.0888803823063377,0.0636586149631891
TMS20F1456P0002,0.198516436900079,NA,-0.0150122470734499,NA,1.74217758051662,NA
TMS20F1456P0004,-0.369602462233344,NA,NA,NA,1.55501185996452,-0.0769848590720271
TMS20F1456P0006,0.198516436900079,NA,-0.0320955505706463,NA,1.11829184534293,NA
TMS20F1456P0008,-0.369602462233344,NA,-0.0928803281304383,NA,-1.44971813149911,NA
TMS20F1457P0001,-0.369602462233344,NA,0.026305510222095,NA,1.02470898506688,-0.0780952022880946
TMS20F1457P0003,0.766635336033502,NA,0.102981732895558,NA,4.26891480797008,0.00703111094374688
TMS20F1457P0006,-0.369602462233344,NA,NA,NA,0.026491808788968,NA
TMS20F1457P0009,-0.369602462233344,NA,-0.114333779033894,NA,0.349472037874691,-0.00185163478479313
TMS20F1457P0010,-0.369602462233344,NA,NA,NA,-0.180830837022948,-0.0203573550525847
TMS20F1458P0002,-0.369602462233344,NA,NA,NA,-0.628588213143409,NA
TMS20F1458P0004,-0.369602462233344,NA,NA,NA,-0.191868198521824,NA
TMS20F1458P0006,-0.369602462233344,NA,-0.0531517153462605,NA,2.3871791398191,0.0240563735901151
TMS20F1458P0009,0.198516436900079,NA,0.0461698166141838,NA,4.0193605139006,-0.0743940582345363
TMS20F1458P0010,-0.369602462233344,NA,NA,NA,-0.0982853382457707,0.0144333990508634
TMS20F1458P0012,-0.369602462233344,NA,NA,NA,-2.01121529315544,NA
TMS20F1458P0014,0.198516436900079,NA,0.165355654966717,NA,0.868737551273454,0.0129529414294401
TMS20F1459P0002,-0.369602462233344,NA,NA,NA,2.30367474217295,-0.0399734185364439
TMS20F1459P0004,0.198516436900079,NA,NA,NA,-1.0854651530248,NA
TMS20F1459P0005,-0.369602462233344,NA,NA,NA,2.09731099523,NA
TMS20F1459P0007,-0.369602462233344,NA,NA,NA,2.8027833303119,-0.00555277883835141
TMS20F1460P0001,-0.369602462233344,NA,0.181247100080388,NA,1.01463052243697,-0.00555277883835141
TMS20F1460P0002,-0.369602462233344,NA,-0.164391831141958,NA,3.05233762438138,NA
TMS20F1460P0003,-0.369602462233344,NA,0.0326620882675634,NA,0.525600396927923,NA
TMS20F1460P0005,-0.369602462233344,NA,NA,NA,2.8027833303119,-0.0251688423222107
TMS20F1460P0007,-0.369602462233344,NA,NA,NA,1.05590327182556,NA
TMS20F1460P0008,-0.369602462233344,NA,NA,NA,0.723803478978906,-0.0225780414847197
TMS20F1460P0009,-0.369602462233344,NA,-0.144527524749869,NA,3.07345344851016,NA
TMS20F1460P0010,0.198516436900079,NA,0.0127977818754745,NA,2.04404198547357,0.05736667007214
TMS20F1460P0013,-0.369602462233344,NA,NA,NA,1.43023471292978,-0.068472227748843
TMS20F1460P0015,0.198516436900079,NA,0.261896184032269,NA,8.34528791072787,0.0562563268560725
TMS20F1460P0016,-0.369602462233344,NA,-0.0718241633548241,NA,1.9917318745861,-0.0203573550525847
TMS20F1460P0020,-0.369602462233344,NA,-0.0189851083518677,NA,0.0586449944166244,NA
TMS20F1460P0021,-0.369602462233344,NA,NA,NA,3.94689347775333,-0.0425642193739346
TMS20F1460P0022,0.198516436900079,NA,0.0116059234919493,NA,4.89280054314377,NA
TMS20F1460P0025,-0.369602462233344,NA,NA,NA,0.806348977756085,NA
TMS20F1460P0026,-0.369602462233344,NA,-0.0269308309087032,NA,4.83041196962641,-0.0610699396417263
TMS20F1460P0027,0.198516436900079,NA,-0.0110393857950321,NA,0.120074669065023,NA
TMS20F1460P0028,0.198516436900079,NA,-0.0809617442951849,NA,-1.29374669770569,-0.0314607872132597
TMS20F1460P0029,-0.369602462233344,NA,NA,NA,2.77158904355322,NA
TMS20F1460P0033,0.198516436900079,NA,-0.0587137211360454,NA,0.213657529341076,NA
TMS20F1460P0034,0.198516436900079,NA,0.0207435044323101,NA,2.05412044810347,-0.0214676982686523
TMS20F1460P0036,0.198516436900079,NA,0.067225981389798,NA,4.74786647084923,NA
TMS20F1461P0001,-0.369602462233344,NA,-0.120690357079363,NA,-1.43963966886921,NA
TMS20F1461P0002,0.198516436900079,NA,0.0684178397733234,NA,2.09635209636103,-0.00925392289190976
TMS20F1461P0003,0.198516436900079,NA,0.121654180904122,NA,0.806348977756085,-0.0573687955881681
TMS20F1461P0007,0.198516436900079,NA,-0.00706652451661433,NA,0.026491808788968,NA
TMS20F1461P0010,-0.369602462233344,NA,0.0394159524408736,NA,-1.15889108804105,-0.0721733718024013
TMS20F1461P0014,0.198516436900079,NA,0.316324383546592,NA,2.64681189651848,0.130279207927239
TMS20F1462P0002,0.198516436900079,NA,0.219386568353199,NA,4.20652623445271,0.0710609030703058
TMS20F1462P0004,0.198516436900079,NA,0.00087919804022124,NA,-0.502852167239699,-0.0584791388042355
TMS20F1462P0010,0.198516436900079,NA,-0.0269308309087032,NA,0.556794683686608,NA
TMS20F1462P0011,-0.369602462233344,NA,-0.107579914860584,NA,-0.190909299652853,-0.0780952022880946
TMS20F1462P0012,0.198516436900079,NA,-0.096853189408856,NA,1.5862061467232,NA
TMS20F1462P0014,-0.369602462233344,NA,-0.110360917755476,NA,1.55501185996452,NA
TMS20F1462P0015,-0.369602462233344,NA,NA,NA,-0.939572181861284,NA
TMS20F1462P0018,-0.369602462233344,NA,-0.00547738000524719,NA,1.55501185996452,-0.048486049859628
TMS20F1464P0001,-0.369602462233344,NA,NA,NA,5.92221200618037,-0.068472227748843
TMS20F1464P0003,-0.369602462233344,NA,-0.0956613310253307,NA,0.151268955823707,0.0203552295365568
TMS20F1465P0001,-0.369602462233344,NA,NA,NA,-1.75158253645606,-0.0373826176989531
TMS20F1466P0001,0.198516436900079,NA,-0.0412331315110072,NA,1.1706019562304,NA
TMS20F1466P0002,-0.369602462233344,NA,NA,NA,0.0788019196764335,NA
TMS20F1466P0003,-0.369602462233344,NA,-0.11552563741742,NA,2.21009188189689,NA
TMS20F1466P0004,-0.369602462233344,NA,NA,NA,-1.90755397024948,NA
TMS20F1466P0005,-0.369602462233344,NA,NA,NA,-2.07360386667281,NA
TMS20F1467P0002,-0.369602462233344,NA,NA,NA,-0.0670910514870854,NA
TMS20F1467P0003,-0.369602462233344,NA,-0.148500386028287,NA,-1.49003198201873,NA
TMS20F1467P0004,0.198516436900079,NA,-0.0547408598576276,NA,-0.784559646936832,0.00332996689018853
TMS20F1467P0005,0.766635336033502,NA,0.0501426778926016,NA,1.03574634656575,NA
TMS20F1467P0006,0.198516436900079,NA,0.0247163657107279,NA,0.85865908864355,-0.0203573550525847
TMS20F1468P0001,-0.369602462233344,NA,NA,NA,-1.78277682321474,-0.048486049859628
TMS20F1468P0002,0.198516436900079,NA,0.17727423880197,NA,1.24306899237767,0.055145983640005
TMS20F1468P0004,-0.369602462233344,NA,NA,NA,-2.21949683783633,-0.0129550669454681
TMS20F1468P0005,0.198516436900079,NA,-0.114333779033894,NA,-2.03233111728422,NA
TMS20F1468P0006,0.198516436900079,NA,-0.00547738000524719,NA,-1.56441681590395,NA
TMS20F1468P0008,0.198516436900079,NA,0.0461698166141838,NA,-0.565240740757068,-0.0140654101615357
TMS20F1468P0010,0.198516436900079,NA,0.0950360103387225,NA,1.46142899968846,0.0425620938579067
TMS20F1469P0001,-0.369602462233344,NA,NA,NA,-1.34605680859316,-0.059589482020303
TMS20F1469P0002,-0.369602462233344,NA,NA,NA,-0.659782499902093,NA
TMS20F1471P0001,-0.369602462233344,NA,NA,NA,-2.39562519688956,-0.0714331429916897
TMS20F1472P0001,-0.369602462233344,NA,NA,NA,-1.65799967618,NA
TMS20F1472P0002,0.198516436900079,NA,0.137545626017793,NA,-1.34605680859316,-0.0240584991061431
TMS20F1472P0003,-0.369602462233344,NA,NA,NA,-0.254256772039194,-0.0299803295918364
TMS20F1472P0004,-0.369602462233344,NA,NA,NA,1.1706019562304,NA
TMS20F1472P0005,-0.369602462233344,NA,NA,NA,-1.22032076268945,NA
TMS20F1472P0007,-0.369602462233344,NA,-0.171145695315268,NA,-1.31486252183447,NA
TMS20F1472P0009,0.198516436900079,NA,-0.020176966735393,NA,0.650377543962661,NA
TMS20F1472P0010,-0.369602462233344,NA,NA,NA,0.120074669065023,-0.017766554215094
TMS20F1472P0011,-0.369602462233344,NA,NA,NA,-2.1148766160614,-0.0732837150184688
TMS20F1472P0012,0.198516436900079,NA,0.108146452557501,NA,-1.45979659412902,NA
TMS20F1472P0016,-0.369602462233344,NA,0.139929342784843,NA,0.318277751116006,-0.0536676515346097
TMS20F1472P0017,-0.369602462233344,NA,NA,NA,-0.815753933695517,NA
TMS20F1472P0020,-0.369602462233344,NA,-0.0491788540678427,NA,0.182463242582391,NA
TMS20F1472P0021,-0.369602462233344,NA,-0.0984423339202231,NA,3.64502907279639,NA
TMS20F1472P0022,-0.369602462233344,NA,NA,NA,-1.52218516764639,NA
TMS20F1472P0024,-0.369602462233344,NA,NA,NA,2.30367474217295,NA
TMS20F1472P0025,-0.369602462233344,NA,0.00882492059705681,NA,-1.56441681590395,NA
TMS20F1472P0026,0.198516436900079,NA,-0.0666594436928809,NA,-2.4690511319058,NA
TMS20F1472P0027,-0.369602462233344,NA,NA,NA,-0.00470247796971572,NA
TMS20F1472P0028,0.198516436900079,NA,0.256731464370326,NA,4.36249766824613,0.0736517039077967
TMS20F1472P0029,-0.369602462233344,NA,NA,NA,-0.815753933695517,-0.0447849058060698
TMS20F1472P0030,-0.369602462233344,NA,-0.11552563741742,NA,4.56070075029712,-0.0325711304293273
TMS20F1472P0031,0.198516436900079,NA,0.0223326489436772,NA,1.36784613941241,-0.00777346527048645
TMS20F1472P0032,0.198516436900079,NA,-0.0440141344058996,NA,0.495365009038209,NA
TMS20F1472P0033,0.198516436900079,NA,-0.020176966735393,NA,3.58264049927902,-0.0584791388042355
TMS20F1472P0034,-0.369602462233344,NA,0.0354430911624559,NA,0.432017536651868,0.0277575176436734
TMS20F1472P0036,-0.369602462233344,NA,NA,NA,1.1806804188603,-0.0373826176989531
TMS20F1472P0038,-0.369602462233344,NA,NA,NA,0.587988970445292,-0.0410837617525114
TMS20F1472P0039,-0.369602462233344,NA,NA,NA,2.70920047003585,-0.0521871939131864
TMS20F1472P0040,-0.369602462233344,NA,NA,NA,1.39904042617109,0.147674584978963
TMS20F1472P0041,0.198516436900079,NA,0.0711988426682158,NA,-1.06530822776499,-0.0188768974311614
TMS20F1472P0042,-0.369602462233344,NA,-0.0837427471900774,NA,-1.14785372654217,0.0588471276935634
TMS20F1472P0044,-0.369602462233344,NA,-0.104798911965692,NA,0.775154690997401,NA
TMS20F1472P0046,-0.369602462233344,NA,-0.118306640312312,NA,0.494406110169239,NA
TMS20F1472P0047,0.198516436900079,NA,-0.0587137211360454,NA,-0.690976786660779,NA
TMS20F1472P0049,0.198516436900079,NA,0.051334536276127,NA,0.182463242582391,0.04404255147933
TMS20F1472P0051,-0.369602462233344,NA,NA,NA,-0.472616779349986,NA
TMS20F1472P0053,-0.369602462233344,NA,-0.111552776139002,NA,-1.90755397024948,NA
TMS20F1472P0055,0.198516436900079,NA,0.026305510222095,NA,-1.31486252183447,NA
TMS20F1472P0059,-0.369602462233344,NA,NA,NA,1.43023471292978,0.00703111094374688
TMS20F1472P0063,-0.369602462233344,NA,NA,NA,1.89814901431005,0.0107322549973052
TMS20F1472P0064,0.198516436900079,NA,0.153437071131464,NA,-0.753365360178148,-0.0325711304293273
TMS20F1472P0067,0.198516436900079,NA,-0.112744634522527,NA,0.120074669065023,-0.0410837617525114
TMS20F1473P0002,-0.369602462233344,NA,-0.0678513020764063,NA,-0.399190844333741,NA
TMS20F1473P0003,-0.471395966769604,NA,NA,NA,0.460637235724079,NA
TMS20F1473P0008,-0.369602462233344,NA,-0.116717495800945,NA,2.69912200740595,NA
TMS20F1473P0009,-0.369602462233344,NA,-0.0531517153462605,NA,0.525600396927923,NA
TMS20F1473P0013,-0.369602462233344,NA,NA,NA,2.32479056630173,NA
TMS20F1473P0014,-0.369602462233344,NA,NA,NA,1.804566154034,-0.017766554215094
TMS20F1473P0018,-0.369602462233344,NA,NA,NA,-0.00470247796971572,0.0255368312115384
TMS20F1473P0020,0.198516436900079,NA,0.0541155391710194,NA,1.25410635387655,NA
TMS20F1473P0021,-0.369602462233344,NA,NA,NA,-0.160673911763139,-0.0362722744828855
TMS20F1473P0022,-0.369602462233344,NA,NA,NA,2.792704867682,NA
TMS20F1473P0023,-0.369602462233344,NA,NA,NA,-1.34605680859316,NA
TMS20F1473P0024,-0.369602462233344,NA,NA,NA,1.14948613210162,NA
TMS20F1473P0026,-0.369602462233344,NA,-0.0837427471900774,NA,-0.815753933695517,-0.0658814269113521
TMS20F1473P0028,-0.369602462233344,NA,NA,NA,0.244851816099761,0.0303483184811643
TMS20F1473P0032,-0.369602462233344,NA,NA,NA,NA,NA
TMS20F1473P0033,-0.369602462233344,NA,NA,NA,4.67444053583298,-0.0610699396417263
TMS20F1473P0034,0.198516436900079,NA,-0.0229579696302854,NA,6.17176630024985,NA
TMS20F1473P0038,0.198516436900079,NA,-0.0706323049712987,NA,-1.12769680128236,NA
TMS20F1473P0039,0.198516436900079,NA,-0.0889074668520205,NA,1.51373911057593,-0.0151757533776031
TMS20F1473P0040,-0.369602462233344,NA,NA,NA,-1.93874825700816,NA
TMS20F1473P0041,-0.369602462233344,NA,-0.0889074668520205,NA,6.6708748883888,-0.0399734185364439
TMS20F1473P0045,-0.369602462233344,NA,NA,NA,2.42845188920769,-0.0277596431597014
TMS20F1473P0047,-0.369602462233344,NA,-0.110360917755476,NA,-0.00470247796971572,NA
TMS20F1474P0001,-0.369602462233344,NA,-0.0706323049712987,NA,0.494406110169239,NA
TMS20F1474P0003,-0.369602462233344,NA,NA,NA,-1.62680538942132,-0.0040723212169281
TMS20F1474P0005,-0.369602462233344,NA,NA,NA,-0.597393926384724,-0.0721733718024013
TMS20F1474P0006,-0.369602462233344,NA,-0.107579914860584,NA,-0.97172536748894,-0.0806860031255854
TMS20F1474P0007,0.198516436900079,NA,0.0167706431538923,NA,-1.68823506406972,-0.0325711304293273
TMS20F1474P0009,-0.369602462233344,NA,NA,NA,-0.316645345556563,NA
TMS20F1474P0010,-0.369602462233344,NA,0.00485205931863902,NA,1.39904042617109,0.026647174427606
TMS20F1474P0011,-0.369602462233344,NA,-0.0547408598576276,NA,4.20652623445271,0.0340494625347226
TMS20F1474P0015,-0.369602462233344,NA,0.0604721172164879,NA,-1.68919396293869,NA
TMS20F1475P0004,0.198516436900079,NA,-0.0320955505706463,NA,0.494406110169239,-0.079575659909518
TMS20F1475P0005,-0.369602462233344,NA,-0.143335666366344,NA,0.026491808788968,NA
TMS20F1475P0008,0.198516436900079,NA,0.114900316730811,NA,3.92577765362455,0.03515980575079
TMS20F1475P0009,0.198516436900079,NA,-0.0956613310253307,NA,-0.52396799136848,-0.0129550669454681
TMS20F1475P0011,-0.369602462233344,NA,-0.0189851083518677,NA,1.14948613210162,0.0810539920149133
TMS20F1475P0012,0.198516436900079,NA,0.122846039287647,NA,1.67978900699926,-0.0473757066435605
TMS20F1475P0015,0.198516436900079,NA,NA,NA,-1.15889108804105,-0.00777346527048645
TMS20F1475P0016,-0.369602462233344,NA,NA,NA,0.806348977756085,NA
TMS20F1475P0017,-0.369602462233344,NA,0.125627042182539,NA,0.556794683686608,0.0081414541598143
TMS20F1475P0018,0.198516436900079,NA,0.0247163657107279,NA,3.36428049196823,-0.0510768506971188
TMS20F1475P0019,-0.369602462233344,NA,NA,NA,1.11829184534293,NA
TMS20F1476P0002,0.198516436900079,NA,0.159793649176932,NA,6.42132059431932,-0.0188768974311614
TMS20F1476P0003,-0.369602462233344,NA,-0.0877156084684951,NA,2.08531473486216,-0.0314607872132597
TMS20F1476P0004,-0.369602462233344,NA,NA,NA,0.369628963134499,-0.0399734185364439
TMS20F1476P0006,0.198516436900079,NA,0.151847926620097,NA,1.804566154034,0.0403414074257717
TMS20F1476P0007,-0.369602462233344,NA,NA,NA,0.183422141451363,NA
TMS20F1476P0010,-0.369602462233344,NA,NA,NA,3.4266690654856,0.00184950926876522
TMS20F1476P0012,-0.369602462233344,NA,-0.00945024128366497,NA,-1.28366823507579,NA
TMS20F1476P0013,0.198516436900079,NA,0.0394159524408736,NA,-1.72038824969737,NA
TMS20F1476P0014,-0.369602462233344,NA,NA,NA,1.14948613210162,-0.0240584991061431
TMS20F1476P0015,-0.369602462233344,NA,-0.154062391818072,NA,-2.30204233661351,NA
TMS20F1476P0017,-0.369602462233344,NA,NA,NA,-1.09650251452368,-0.0262791855382781
TMS20F1476P0019,-0.369602462233344,NA,NA,NA,-1.06530822776499,0.105481542768398
TMS20F1476P0020,0.198516436900079,NA,-0.163199972758433,NA,1.11829184534293,-0.0743940582345363
TMS20F1476P0021,-0.369602462233344,NA,NA,NA,-0.753365360178148,NA
TMS20F1476P0023,-0.369602462233344,NA,-0.0809617442951849,NA,-0.0670910514870854,-0.0758745158559596
TMS20F1476P0024,0.198516436900079,NA,-0.0253416863973361,NA,-0.0670910514870854,NA
TMS20F1476P0025,-0.369602462233344,NA,NA,NA,0.244851816099761,NA
TMS20F1476P0026,-0.369602462233344,NA,0.077952706841526,NA,-0.379033919073932,0.00184950926876522
TMS20F1476P0027,-0.369602462233344,NA,-0.0785780275281343,NA,-0.690976786660779,-0.0510768506971188
TMS20F1476P0031,-0.369602462233344,NA,NA,NA,-2.31307969811238,-0.0558883379667447
TMS20F1476P0032,-0.369602462233344,NA,NA,NA,-1.8965166087506,NA
TMS20F1476P0038,0.198516436900079,NA,-0.0162041054569752,NA,3.67622335955507,0.0081414541598143
TMS20F1476P0039,-0.369602462233344,NA,NA,NA,-1.8763596834908,-0.0732837150184688
TMS20F1476P0041,0.198516436900079,NA,0.0167706431538923,NA,-1.56441681590395,NA
TMS20F1476P0046,-0.369602462233344,NA,NA,NA,-0.379033919073932,NA
TMS20F1476P0047,0.198516436900079,NA,-0.142143807982819,NA,-2.00113683052553,NA
TMS20F1476P0049,0.198516436900079,NA,0.17052037462866,NA,-1.38732955798175,0.000739166052697666
TMS20F1476P0050,-0.369602462233344,NA,-0.0599055795195707,NA,-0.035896764728401,-0.0410837617525114
TMS20F1477P0003,-0.369602462233344,NA,NA,NA,-2.37546827162975,NA
TMS20F1477P0007,-0.369602462233344,NA,NA,NA,1.52381757320583,NA
TMS20F1477P0010,-0.369602462233344,NA,0.0541155391710194,NA,3.67622335955507,-0.0706929141809779
TMS20F1477P0012,-0.369602462233344,NA,-0.104798911965692,NA,-2.81218828625133,NA
TMS20F1477P0015,0.198516436900079,NA,-0.104798911965692,NA,-0.845989321585231,NA
TMS20F1477P0016,-0.369602462233344,NA,NA,NA,-0.441422492591301,0.0129529414294401
TMS20F1477P0018,-0.369602462233344,NA,NA,NA,1.49262328644715,-0.0758745158559596
TMS20F1477P0019,0.198516436900079,NA,-0.0440141344058996,NA,-0.223062485280509,NA
TMS20F1477P0024,-0.369602462233344,NA,NA,NA,-2.05248804254403,NA
TMS20F1477P0029,0.198516436900079,NA,0.0274973686056203,NA,4.05055480065929,-0.035161931266818
TMS20F1477P0036,-0.369602462233344,NA,NA,NA,1.10821338271303,-0.0499665074810514
TMS20F1477P0040,0.198516436900079,NA,0.0485535333812345,NA,2.49084046272506,-0.000371177163369751
TMS20F1477P0044,0.198516436900079,NA,-0.0269308309087032,NA,-1.54330099177517,NA
TMS20F1477P0045,-0.369602462233344,NA,-0.0229579696302854,NA,3.0211433376227,-0.0584791388042355
TMS20F1478P0003,-0.369602462233344,NA,NA,NA,0.120074669065023,NA
TMS20F1478P0005,-0.369602462233344,NA,NA,NA,-0.139558087634359,NA
TMS20F1478P0006,-0.369602462233344,NA,-0.00309366323819654,NA,-0.50381106610867,-0.0806860031255854
TMS20F1478P0007,-0.369602462233344,NA,NA,NA,-0.410228205832617,NA
TMS20F1478P0010,0.198516436900079,NA,0.0763635623301589,NA,0.432017536651868,-0.0521871939131864
TMS20F1478P0011,0.198516436900079,NA,0.108146452557501,NA,-1.15889108804105,-0.0251688423222107
TMS20F1478P0013,-0.369602462233344,NA,NA,NA,-1.65799967618,NA
TMS20F1478P0015,-0.369602462233344,NA,-0.082550888806552,NA,-0.784559646936832,-0.0203573550525847
TMS20F1478P0025,-0.369602462233344,NA,NA,NA,2.98994905086401,0.136571152818288
TMS20F1479P0003,0.198516436900079,NA,0.0406078108243989,NA,0.0888803823063377,-0.0203573550525847
TMS20F1479P0008,0.766635336033502,NA,-0.0400412731274818,NA,-0.784559646936832,-0.0188768974311614
TMS20F1479P0011,0.198516436900079,NA,-0.0122312441785574,NA,-1.00291965424763,NA
TMS20F1479P0013,0.198516436900079,NA,0.118873178009229,NA,2.8027833303119,-0.00555277883835141
TMS20F1479P0014,0.198516436900079,NA,0.0143869263868416,NA,-1.75158253645606,-0.0558883379667447
TMS20F1479P0019,-0.369602462233344,NA,NA,NA,-1.41852384474043,NA
TMS20F1479P0035,0.198516436900079,NA,0.0235245073272025,NA,-1.90755397024948,NA
TMS20F1479P0036,-0.369602462233344,NA,0.0592802588329625,NA,1.29537910326514,-0.0299803295918364
TMS20F1479P0038,0.198516436900079,NA,-0.0678513020764063,NA,-0.794638109566737,-0.0547779947506771
TMS20F1479P0040,-0.369602462233344,NA,NA,NA,-1.09650251452368,NA
TMS20F1479P0052,0.198516436900079,NA,-0.020176966735393,NA,3.95697194038324,NA
TMS20F1479P0055,0.198516436900079,NA,-0.0769888830167672,NA,-0.753365360178148,NA
TMS20F1479P0056,0.198516436900079,NA,-0.0189851083518677,NA,0.743960404238715,NA
TMS20F1480P0002,-0.369602462233344,NA,-0.0944694726418054,NA,-1.56345791703498,NA
TMS20F1481P0002,-0.369602462233344,NA,NA,NA,-1.93874825700816,NA
TMS20F1482P0002,-0.369602462233344,NA,NA,NA,-2.42681948364824,NA
TMS20F1482P0003,-0.369602462233344,NA,NA,NA,-1.34605680859316,NA
TMS20F1483P0001,-0.369602462233344,NA,NA,NA,-1.91667353401041,NA
TMS20F1483P0002,-0.369602462233344,NA,-0.0678513020764063,NA,-1.77078056284689,-0.0521871939131864
TMS20F1484P0001,0.198516436900079,NA,0.0644449784949056,NA,-0.461579417851111,-0.0669917701274197
TMS20F1484P0002,0.198516436900079,NA,-0.0213688251189183,NA,0.931126124790824,NA
TMS20F1485P0009,-0.369602462233344,NA,NA,NA,0.141190493193802,NA
TMS20F1485P0013,0.198516436900079,NA,0.0235245073272025,NA,-0.898299432472696,NA
TMS20F1485P0015,0.198516436900079,NA,0.0898712906767794,NA,0.671493368091442,-0.0425642193739346
TMS20F1485P0027,0.198516436900079,NA,0.077952706841526,NA,-1.2524739483171,-0.0536676515346097
TMS20F1485P0040,-0.369602462233344,NA,NA,NA,-0.753365360178148,NA
TMS20F1485P0045,0.198516436900079,NA,-0.0134231025620828,NA,-1.90755397024948,-0.0780952022880946
TMS20F1485P0047,0.198516436900079,NA,0.0421969553357661,NA,-0.940531080730255,-0.0806860031255854
TMS20F1486P0001,0.198516436900079,NA,0.263088042415794,NA,5.859823432663,0.0869758225006066
TMS20F1486P0006,0.198516436900079,NA,-0.0928803281304383,NA,-1.75158253645606,NA
TMS20F1487P0001,0.198516436900079,NA,-0.0479869956843174,NA,1.43023471292978,0.0192448863204893
TMS20F1487P0003,0.198516436900079,NA,-0.0162041054569752,NA,1.02470898506688,-0.0721733718024013
TMS20F1487P0004,-0.369602462233344,NA,-0.0531517153462605,NA,0.307240389617131,0.0144333990508634
TMS20F1487P0005,-0.369602462233344,NA,NA,NA,0.650377543962661,-0.0103642661079773
TMS20F1487P0006,-0.369602462233344,NA,NA,NA,2.05412044810347,NA
TMS20F1487P0007,-0.369602462233344,NA,NA,NA,-0.606513490145658,0.0684701022328149
TMS20F1487P0009,-0.369602462233344,NA,0.0684178397733234,NA,0.182463242582391,0.0144333990508634
TMS20F1489P0001,0.198516436900079,NA,0.0326620882675634,NA,0.338434676375815,-0.0669917701274197
TMS20F1489P0002,-0.369602462233344,NA,0.0711988426682158,NA,0.307240389617131,-0.046265363427493
TMS20F1489P0004,-0.369602462233344,NA,-0.0162041054569752,NA,-0.679939425161903,0.00332996689018853
TMS20F1489P0005,0.198516436900079,NA,0.0207435044323101,NA,0.182463242582391,-0.0647710836952847
TMS20F1489P0007,-0.369602462233344,NA,NA,NA,-2.65621685245791,NA
TMS20F1489P0008,0.198516436900079,NA,0.174493235907078,NA,8.07461779252961,0.0921574241755883
TMS20F1489P0009,-0.369602462233344,NA,NA,NA,-0.316645345556563,NA
TMS20F1489P0011,-0.369602462233344,NA,NA,NA,-1.12769680128236,NA
TMS20F1489P0013,-0.369602462233344,NA,NA,NA,-1.37725109535184,-0.0362722744828855
TMS20F1490P0001,0.198516436900079,NA,0.154628929514989,NA,4.58085767555693,-0.0166562109990265
TMS20F1491P0002,-0.369602462233344,NA,NA,NA,12.4418179387455,0.0340494625347226
TMS20F1491P0007,-0.369602462233344,NA,-0.0162041054569752,NA,-1.2524739483171,NA
TMS20F1493P0001,0.198516436900079,NA,0.0104140651084239,NA,1.24306899237767,-0.0647710836952847
TMS20F1494P0001,-0.109102712445983,NA,0.293262232558533,NA,-0.535767712803594,0.0702332735867392
TMS20F1494P0005,-0.369602462233344,NA,-0.0690431604599316,NA,-0.00470247796971572,0.0477436955328883
TMS20F1494P0006,0.198516436900079,NA,-0.00945024128366497,NA,0.931126124790824,NA
TMS20F1495P0001,0.198516436900079,NA,-0.020176966735393,NA,-2.4690511319058,NA
TMS20F1496P0001,0.198516436900079,NA,0.153437071131464,NA,-1.13777526391227,0.0425620938579067
TMS20F1496P0003,0.198516436900079,NA,0.197138545194059,NA,-0.753365360178148,0.0832746784470483
TMS20F1496P0004,0.198516436900079,NA,0.108146452557501,NA,-0.753365360178148,0.0610678141256984
TMS20F1496P0006,0.198516436900079,NA,0.147875065341679,NA,0.400823249893185,0.0403414074257717
TMS20F1496P0016,0.198516436900079,NA,-0.0388494147439565,NA,3.64502907279639,NA
TMS20F1496P0028,0.198516436900079,NA,0.122846039287647,NA,4.51846910203956,0.04404255147933
TMS20F1497P0007,0.198516436900079,NA,-0.0122312441785574,NA,-0.410228205832617,NA
TMS20F1497P0008,0.198516436900079,NA,0.0553073975545447,NA,1.86695472755136,-0.0114746093240448
TMS20F1498P0001,0.198516436900079,NA,-0.0269308309087032,NA,0.494406110169239,-0.0584791388042355
TMS20F1499P0001,0.198516436900079,NA,0.00087919804022124,NA,0.494406110169239,-0.00296197800086068
TMS20F1499P0007,0.198516436900079,NA,0.0223326489436772,NA,5.64146342535221,-0.046265363427493
TMS20F1500P0004,-0.369602462233344,NA,NA,NA,-0.160673911763139,-0.0536676515346097
TMS20F1501P0005,0.198516436900079,NA,0.0938441519551971,NA,3.93681501512343,0.00332996689018853
TMS20F1501P0007,-0.369602462233344,NA,NA,NA,-0.628588213143409,NA
TMS20F1502P0001,-0.369602462233344,NA,NA,NA,-0.97172536748894,NA
TMS20F1502P0003,-0.369602462233344,NA,NA,NA,1.83576044079268,0.0340494625347226
TMS20F1502P0005,0.198516436900079,NA,0.182438958463913,NA,1.74217758051662,-0.0251688423222107
TMS20F1502P0007,0.198516436900079,NA,0.21302999030773,NA,0.83754326451477,0.0488540387489559
TMS20F1503P0002,-0.369602462233344,NA,-0.104798911965692,NA,3.64502907279639,NA
TMS20F1504P0002,0.198516436900079,NA,0.0394159524408736,NA,1.77337186727531,-0.0499665074810514
TMS20F1504P0004,-0.369602462233344,NA,-0.0889074668520205,NA,0.525600396927923,-0.0325711304293273
TMS20F1504P0005,-0.369602462233344,NA,NA,NA,-0.659782499902093,-0.0610699396417263
TMS20F1504P0007,-0.369602462233344,NA,-0.0269308309087032,NA,4.89280054314377,0.0340494625347226
TMS20F1504P0008,0.198516436900079,NA,-0.154062391818072,NA,4.6432462490743,0.0340494625347226
TMS20F1507P0001,-0.369602462233344,NA,NA,NA,-2.09471969080159,-0.0040723212169281
TMS20F1507P0003,-0.369602462233344,NA,NA,NA,-0.253297873170223,-0.0632906260738613
TMS20F1507P0004,-0.369602462233344,NA,NA,NA,3.86338908010718,0.00703111094374688
TMS20F1509P0001,0.198516436900079,NA,0.207467984517945,NA,2.11650902162084,0.0303483184811643
TMS20F1509P0003,0.198516436900079,NA,0.0501426778926016,NA,-1.96994254376685,-0.0240584991061431
TMS20F1509P0009,0.766635336033502,NA,-0.000312660343304099,NA,0.556794683686608,-0.035161931266818
TMS20F1509P0010,0.198516436900079,NA,-0.0785780275281343,NA,2.95875476410533,-0.0743940582345363
TMS20F1509P0015,0.198516436900079,NA,0.186411819742331,NA,1.47246636118734,0.03515980575079
TMS20F1509P0017,0.198516436900079,NA,0.0580884004494372,NA,-1.82404957260333,NA
TMS20F1510P0003,0.198516436900079,NA,0.124037897671172,NA,0.0888803823063377,0.0144333990508634
TMS20F1510P0004,-0.369602462233344,NA,-0.0650702991815138,NA,-1.01299811687753,-0.0510768506971188
TMS20F1510P0005,-0.369602462233344,NA,-0.0809617442951849,NA,-0.285451058797878,NA
TMS20F1510P0007,0.198516436900079,NA,0.0235245073272025,NA,3.67622335955507,NA
TMS20F1510P0008,-0.369602462233344,NA,-0.127444221252673,NA,-2.07360386667281,NA
TMS20F1510P0009,0.198516436900079,NA,0.0382240940573483,NA,0.213657529341076,-0.048486049859628
TMS20F1510P0011,0.198516436900079,NA,-0.0877156084684951,NA,-2.09471969080159,NA
TMS20F1510P0012,-0.369602462233344,NA,-0.131417082531091,NA,-1.33501944709428,NA
TMS20F1510P0014,0.198516436900079,NA,-0.0122312441785574,NA,1.30641646476401,NA
TMS20F1522P0002,-0.369602462233344,NA,NA,NA,-0.441422492591301,-0.0584791388042355
TMS20F1522P0003,0.766635336033502,NA,0.0473616749977092,NA,5.07996626369588,0.141382640087914
TMS20F1523P0011,-0.369602462233344,NA,NA,NA,-1.06530822776499,-0.0288699863757689
TMS20F1530P0007,0.198516436900079,NA,0.181247100080388,NA,0.619183257203977,0.0832746784470483
TMS20F1533P0017,-0.369602462233344,NA,NA,NA,2.33486902893163,NA
TMS20F1533P0019,-0.369602462233344,NA,NA,NA,1.46142899968846,-0.0610699396417263
TMS20F1533P0023,-0.369602462233344,NA,NA,NA,2.70920047003585,-0.0129550669454681
TMS20F1534P0038,-0.369602462233344,NA,NA,NA,2.08531473486216,0.0129529414294401
TMS20F1552P0020,0.198516436900079,NA,-0.0746051662497165,NA,4.86160625638509,0.0525551828025142
TMS20F1553P0005,0.198516436900079,NA,-0.0678513020764063,NA,2.08531473486216,0.0588471276935634
TMS20F1558P0003,-0.369602462233344,NA,NA,NA,-1.23039922531935,NA
TMS20F1573P0017,0.198516436900079,NA,-0.135389943809508,NA,-1.93874825700816,NA
TMS20F1574P0003,-0.369602462233344,NA,-0.111552776139002,NA,-0.909336793971571,NA
TMS20F1574P0006,-0.369602462233344,NA,-0.162008114374908,NA,-1.8763596834908,NA
TMS20F1576P0005,-0.369602462233344,NA,NA,NA,-0.834951960086355,NA
TMS20F1576P0011,-0.369602462233344,NA,NA,NA,2.52203474948374,0.05736667007214
TMS20F1582P0021,-0.369602462233344,NA,NA,NA,-1.11665943978349,0.0414517506418392
TMS20F1582P0024,-0.369602462233344,NA,-0.0785780275281343,NA,-1.64696231468113,-0.079575659909518
TMS20F1582P0025,-0.369602462233344,NA,-0.0173959638405005,NA,-1.83412803523323,NA
TMS20F1582P0050,-0.369602462233344,NA,-0.131417082531091,NA,-1.64696231468113,NA
TMS20F1583P0003,-0.369602462233344,NA,NA,NA,-2.31307969811238,NA
TMS20F1583P0053,0.198516436900079,NA,-0.106388056477059,NA,-1.82404957260333,NA
TMS20F1589P0053,0.198516436900079,NA,0.0870902877818869,NA,0.619183257203977,-0.035161931266818
TMS20F1589P0070,-0.369602462233344,NA,NA,NA,-2.57271245481176,NA
TMS20F1589P0073,-0.369602462233344,NA,-0.155254250201597,NA,-2.34427398487106,NA
TMS20F1589P0087,-0.369602462233344,NA,-0.0944694726418054,NA,0.743960404238715,NA
TMS20F1590P0022,0.198516436900079,NA,0.0700069842846905,NA,1.08709755858425,0.0144333990508634
TMS20F1590P0040,0.198516436900079,NA,0.17727423880197,NA,1.39904042617109,0.0958585682291465
TMS20F1590P0052,0.766635336033502,NA,-0.061097437903096,NA,-1.75158253645606,-0.017766554215094
TMS20F1590P0055,0.198516436900079,NA,0.0167706431538923,NA,-0.878142507212886,-0.0621802828577937
TMS20F1590P0057,0.198516436900079,NA,0.0382240940573483,NA,0.182463242582391,0.137681496034356
TMS20F1590P0061,0.198516436900079,NA,0.0143869263868416,NA,-1.56441681590395,NA
TMS20F1591P0002,0.198516436900079,NA,0.0803364236085767,NA,-1.43963966886921,NA
TMS20F1591P0004,-0.369602462233344,NA,-0.0122312441785574,NA,-2.15710826431896,NA
TMS20F1591P0008,0.198516436900079,NA,0.09225500744383,NA,-0.441422492591301,NA
TMS20F1593P0002,-0.369602462233344,NA,-0.147308527644762,NA,-0.784559646936832,NA
TMS20F1593P0014,-0.471395966769604,NA,-0.165980975653325,NA,-1.243016900707,-0.0999511098944472
TMS20F1593P0016,-0.369602462233344,NA,NA,NA,-1.29374669770569,NA
TMS20F1593P0017,-0.369602462233344,NA,NA,NA,-0.97172536748894,NA
TMS20F1593P0018,-0.369602462233344,NA,NA,NA,-0.00470247796971572,NA
TMS20F1593P0031,0.198516436900079,NA,-0.104798911965692,NA,-1.50106934351761,NA
TMS20F1595P0010,0.198516436900079,NA,NA,NA,0.71276611748003,-0.0214676982686523
TMS20F1595P0033,0.766635336033502,NA,-0.0928803281304383,NA,-2.22957530046623,NA
TMS20F1597P0033,-0.369602462233344,NA,NA,NA,-0.00470247796971572,-0.00555277883835141
TMS20F1597P0035,0.198516436900079,NA,0.154628929514989,NA,3.92577765362455,0.111773487659447
TMS20F1597P0036,0.198516436900079,NA,0.20627612613442,NA,-0.628588213143409,0.06624941580068
TMS20F1597P0052,0.198516436900079,NA,0.0406078108243989,NA,0.120074669065023,0.160998703571773
TMS20F1597P0054,0.198516436900079,NA,0.1347646231229,NA,0.244851816099761,-0.0262791855382781
TMS20F1597P0055,0.198516436900079,NA,0.00763306221353147,NA,-0.441422492591301,0.026647174427606
TMS20F1597P0057,0.198516436900079,NA,0.0104140651084239,NA,2.67800618327716,0.112883830875515
TMS20F1597P0066,0.198516436900079,NA,0.0143869263868416,NA,-2.43785684514712,0.0821643352309808
TMS20F1597P0070,0.198516436900079,NA,-0.0293145476757539,NA,1.86695472755136,0.106962000389821
TMS20F1597P0071,0.198516436900079,NA,0.0711988426682158,NA,1.74217758051662,0.10178039871484
TMS20F1598P0004,-0.369602462233344,NA,NA,NA,-2.83234521151114,NA
TMS20F1599P0011,0.198516436900079,NA,-0.144527524749869,NA,-2.10479815343149,NA
TMS20F1600P0015,0.198516436900079,NA,-0.0241498280138108,NA,-2.0635254040429,-0.0425642193739346
TMS20F1601P0015,0.198516436900079,NA,-0.12466321835778,NA,-2.22957530046623,NA
TMS20F1607P0007,-0.369602462233344,NA,-0.0281226892922285,NA,-1.96994254376685,0.0636586149631891
TMS20F1607P0010,0.766635336033502,NA,-0.0718241633548241,NA,-2.71860542597528,-0.0769848590720271
TMS20F1609P0004,0.766635336033502,NA,0.00961949285274035,NA,-1.80197484960558,NA
TMS20F1609P0005,0.198516436900079,NA,0.108146452557501,NA,5.73504628562826,0.0129529414294401
TMS20F1609P0018,0.766635336033502,NA,-0.0162041054569752,NA,1.83576044079268,0.0340494625347226
TMS20F1609P0047,0.766635336033502,NA,0.0207435044323101,NA,-0.254256772039194,0.0303483184811643
TMS20F1609P0048,0.198516436900079,NA,-0.0134231025620828,NA,-1.28366823507579,0.0562563268560725
TMS20F1609P0049,0.766635336033502,NA,-0.0293145476757539,NA,0.868737551273454,-0.0103642661079773
TMS20F1609P0056,0.766635336033502,NA,0.0501426778926016,NA,-0.347839632315247,0.026647174427606
TMS20F1609P0057,0.198516436900079,NA,-0.0320955505706463,NA,0.400823249893185,0.0499643819650234
TMS20F1610P0008,0.198516436900079,NA,-0.0877156084684951,NA,-2.40666255838843,-0.0188768974311614
TMS20F1610P0011,0.198516436900079,NA,0.0604721172164879,NA,-0.721212174550491,-0.0536676515346097
TMS20F1610P0021,0.198516436900079,NA,0.0461698166141838,NA,0.672452266960413,-0.0277596431597014
TMS20F1610P0032,-0.369602462233344,NA,-0.0491788540678427,NA,0.454092259649621,0.00444031010625595
TMS20F1610P0034,0.198516436900079,NA,-0.0547408598576276,NA,-2.78099399949265,-0.0425642193739346
TMS20F1610P0057,-0.369602462233344,NA,-0.00706652451661433,NA,0.899931838032138,0.0192448863204893
TMS20F1611P0018,0.198516436900079,NA,0.219386568353199,NA,1.05590327182556,0.0684701022328149
TMS20F1611P0057,0.198516436900079,NA,0.145491348574628,NA,-0.545083815497259,0.104371199552331
TMS20F1611P0058,0.198516436900079,NA,0.145491348574628,NA,0.931126124790824,0.0403414074257717
TMS20F1612P0006,0.198516436900079,NA,0.0990088716171403,NA,1.24306899237767,0.0240563735901151
TMS20F1613P0004,-0.369602462233344,NA,NA,NA,-0.284492159928906,NA
TMS20F1613P0022,NA,NA,0.0394159524408736,NA,0.224694890839952,NA
TMS20F1613P0027,0.198516436900079,NA,0.0421969553357661,NA,-2.31212079924341,NA
TMS20F1613P0032,0.766635336033502,NA,-0.0944694726418054,NA,-1.60473066642357,NA
TMS20F1613P0039,0.198516436900079,NA,-0.0189851083518677,NA,-0.00470247796971572,-0.0610699396417263
TMS20F1613P0054,0.766635336033502,NA,-0.0996341923037485,NA,-1.75158253645606,NA
TMS20F1614P0015,0.198516436900079,NA,0.171712233012185,NA,-0.0982853382457707,-0.0277596431597014
TMS20F1617P0040,0.198516436900079,NA,-0.0491788540678427,NA,2.92756047734664,0.194309000053798
TMS20F1618P0037,0.766635336033502,NA,-0.0944694726418054,NA,-2.09471969080159,0.032939119318655
TMS20F1619P0004,0.766635336033502,NA,-0.103607053582166,NA,-1.34605680859316,NA
TMS20F1619P0016,-0.369602462233344,NA,NA,NA,-1.62584649055235,0.0736517039077967
TMS20F1619P0017,-0.369602462233344,NA,-0.0400412731274818,NA,-0.960688005990065,-0.017766554215094
TMS20F1619P0029,0.198516436900079,NA,0.114900316730811,NA,-0.50381106610867,0.114364288496938
TMS20F1619P0034,0.198516436900079,NA,0.0978170132336149,NA,0.369628963134499,0.0647689581792567
TMS20F1619P0056,-0.369602462233344,NA,0.0553073975545447,NA,-2.03233111728422,0.0181345431044217
TMS20F1619P0058,0.198516436900079,NA,0.265869045310687,NA,2.83397761707059,0.0821643352309808
TMS20F1619P0070,-0.369602462233344,NA,-0.0809617442951849,NA,-0.753365360178148,-0.0547779947506771
TMS20F1620P0017,0.198516436900079,NA,-0.127444221252673,NA,1.89814901431005,-0.0425642193739346
TMS20F1620P0035,0.198516436900079,NA,0.105762735790451,NA,2.33486902893163,0.0906769665541649
TMS20F1620P0043,-0.369602462233344,NA,NA,NA,-0.56619963962604,-0.00555277883835141
TMS20F1620P0045,0.198516436900079,NA,0.205084267750895,NA,2.33486902893163,0.0536655260185817
TMS20F1621P0001,0.198516436900079,NA,-0.0944694726418054,NA,-0.722171073419463,-0.068472227748843
TMS20F1621P0005,-0.369602462233344,NA,-0.104798911965692,NA,2.13762484574962,0.026647174427606
TMS20F1623P0017,0.198516436900079,NA,0.0739798455631083,NA,2.42845188920769,-0.0225780414847197
TMS20F1623P0019,0.198516436900079,NA,0.183630816847439,NA,2.17889759513821,0.0869758225006066
TMS20F1624P0006,0.198516436900079,NA,0.00763306221353147,NA,-2.31307969811238,-0.0721733718024013
TMS20F1625P0004,0.198516436900079,NA,0.0553073975545447,NA,-1.37725109535184,0.127688407089748
TMS20F1625P0017,0.198516436900079,NA,-0.102415195198641,NA,-2.63510102832913,-0.048486049859628
TMS20F1628P0001,0.198516436900079,NA,-0.0269308309087032,NA,-0.347839632315247,0.0636586149631891
TMS20F1628P0005,0.766635336033502,NA,-0.061097437903096,NA,-1.84516539673211,-0.0151757533776031
TMS20F1630P0020,0.198516436900079,NA,-0.0134231025620828,NA,-0.316645345556563,-0.00925392289190976
TMS20F1630P0023,0.198516436900079,NA,0.0326620882675634,NA,-1.22127966155842,-0.0573687955881681
TMS20F1630P0034,0.198516436900079,NA,-0.0348765534655388,NA,-0.149636550264264,-0.0669917701274197
TMS20F1630P0048,0.198516436900079,NA,0.0421969553357661,NA,-0.347839632315247,0.0832746784470483
TMS20F1631P0019,-0.369602462233344,NA,-0.082550888806552,NA,-1.78277682321474,NA
TMS20F1631P0020,0.198516436900079,NA,-0.082550888806552,NA,-0.722171073419463,NA
TMS20F1633P0009,0.198516436900079,NA,-0.112744634522527,NA,-1.31486252183447,0.0192448863204893
TMS20F1634P0006,-0.369602462233344,NA,NA,NA,-0.0661321526181143,NA
TMS20F1634P0016,0.198516436900079,NA,-0.00706652451661433,NA,0.244851816099761,0.0588471276935634
TMS20F1634P0022,0.198516436900079,NA,-0.0253416863973361,NA,-0.722171073419463,-0.0743940582345363
TMS20F1635P0002,0.198516436900079,NA,0.026305510222095,NA,-0.50381106610867,-0.0325711304293273
TMS20F1636P0019,0.198516436900079,NA,-0.00825838290013963,NA,-2.0635254040429,0.0192448863204893
TMS20F1636P0030,0.766635336033502,NA,0.0473616749977092,NA,2.14770330837952,0.147674584978963
TMS20F1637P0004,0.198516436900079,NA,-0.0491788540678427,NA,-1.12769680128236,0.0451528946953975
TMS20F1639P0019,0.766635336033502,NA,-0.061097437903096,NA,0.307240389617131,0.115474631713006
TMS20F1643P0005,0.766635336033502,NA,-0.0797698859116596,NA,-0.410228205832617,-0.0806860031255854
TMS20F1643P0016,0.766635336033502,NA,-0.130225224147565,NA,-2.36443091013087,-0.00666312205441897
TMS20F1644P0065,0.198516436900079,NA,0.159793649176932,NA,-0.97172536748894,0.0895666233380973
TMS20F1645P0008,0.766635336033502,NA,0.0223326489436772,NA,-0.878142507212886,0.0736517039077967
TMS20F1645P0046,0.198516436900079,NA,0.0235245073272025,NA,0.587988970445292,0.032939119318655
TMS20F1650P0012,-0.369602462233344,NA,-0.111552776139002,NA,-1.37725109535184,NA
TMS20F1652P0009,0.766635336033502,NA,-0.0996341923037485,NA,-2.2818854113537,-0.0151757533776031
TMS20F1652P0019,0.198516436900079,NA,-0.0479869956843174,NA,0.587988970445292,0.148784928195031
TMS20F1654P0002,-0.369602462233344,NA,-0.00309366323819654,NA,0.307240389617131,0.0255368312115384
TMS20F1656P0001,0.766635336033502,NA,-0.0877156084684951,NA,0.931126124790824,-0.0129550669454681
TMS20F1656P0002,0.766635336033502,NA,-0.0984423339202231,NA,-1.05427086626612,-0.0188768974311614
TMS20F1656P0011,0.198516436900079,NA,0.0394159524408736,NA,-0.815753933695517,0.169881449300313
TMS20F1656P0025,0.766635336033502,NA,0.0223326489436772,NA,-0.909336793971571,0.0403414074257717
TMS20F1656P0040,0.198516436900079,NA,0.0394159524408736,NA,-0.129479625004455,NA
TMS20F1657P0016,0.198516436900079,NA,0.102981732895558,NA,0.182463242582391,0.05736667007214
TMS20F1658P0006,0.198516436900079,NA,0.113708458347286,NA,6.92042918245828,0.0869758225006066
TMS20F1658P0007,-0.369602462233344,NA,NA,NA,0.931126124790824,0.037750606588281
TMS20F1667P0007,0.198516436900079,NA,0.165355654966717,NA,-1.00291965424763,0.0869758225006066
TMS20F1667P0014,0.198516436900079,NA,0.026305510222095,NA,0.743960404238715,0.0303483184811643
TMS20F1672P0008,0.198516436900079,NA,0.0342512327789305,NA,0.931126124790824,0.0277575176436734
TMS20F1673P0008,0.766635336033502,NA,-0.0587137211360454,NA,-1.28366823507579,0.0340494625347226
TMS20F1673P0012,0.766635336033502,NA,-0.128636079636198,NA,-0.815753933695517,-0.000371177163369751
TMS20F1673P0023,0.766635336033502,NA,-0.0479869956843174,NA,-0.472616779349986,0.0277575176436734
TMS20F1676P0005,0.198516436900079,NA,0.0723907010517412,NA,-0.128520726135483,0.0451528946953975
TMS20F1676P0008,0.198516436900079,NA,-0.00150451872682944,NA,2.58442332300111,0.0536655260185817
TMS20F1677P0003,0.198516436900079,NA,-0.0936749003861218,NA,-1.67719770257084,NA
TMS20F1679P0018,0.198516436900079,NA,-0.0746051662497165,NA,-1.22127966155842,NA
TMS20F1679P0031,NA,NA,-0.135389943809508,NA,-2.43785684514712,-0.068472227748843
TMS20F1679P0033,0.766635336033502,NA,-0.0757970246332418,NA,-1.93874825700816,NA
TMS20F1679P0035,-0.369602462233344,NA,-0.0650702991815138,NA,-0.285451058797878,NA
TMS20F1679P0036,0.766635336033502,NA,-0.0809617442951849,NA,1.74217758051662,NA
TMS20F1679P0037,0.766635336033502,NA,0.0723907010517412,NA,0.681571830721347,NA
TMS20F1681P0001,0.198516436900079,NA,0.0314702298840381,NA,-2.05248804254403,0.0514448395864467
TMS20F1681P0002,0.766635336033502,NA,-0.0877156084684951,NA,0.83754326451477,0.0832746784470483
TMS20F1681P0006,0.766635336033502,NA,-0.103607053582166,NA,-1.22127966155842,-0.0558883379667447
TMS20F1681P0015,-0.369602462233344,NA,-0.0122312441785574,NA,0.109996206435119,0.0673597590167474
TMS20F1681P0036,0.766635336033502,NA,-0.0491788540678427,NA,-2.21949683783633,NA
TMS20F1681P0062,0.766635336033502,NA,0.108146452557501,NA,-1.43963966886921,0.159888360355705
TMS20F1681P0076,0.766635336033502,NA,-0.104798911965692,NA,2.08531473486216,-0.0129550669454681
TMS20F1681P0083,0.766635336033502,NA,-0.0519598569627352,NA,-2.00113683052553,-0.0769848590720271
TMS20F1681P0087,0.766635336033502,NA,-0.0797698859116596,NA,-0.846948220454202,-0.0510768506971188
TMS20F1681P0095,0.198516436900079,NA,0.0660341230062727,NA,-0.035896764728401,-0.035161931266818
TMS20F1681P0099,0.198516436900079,NA,-0.0320955505706463,NA,-0.0670910514870854,0.147674584978963
TMS20F1681P0132,0.198516436900079,NA,-0.00309366323819654,NA,0.681571830721347,0.100670055498772
TMS20F1683P0025,-0.369602462233344,NA,NA,NA,-2.17726518957877,NA
TMS20F1684P0002,-0.369602462233344,NA,-0.0650702991815138,NA,-0.628588213143409,-0.0732837150184688
TMS20F1684P0004,0.198516436900079,NA,0.00644120383000613,NA,-0.191868198521824,-0.0114746093240448
TMS20F1684P0013,-0.369602462233344,NA,NA,NA,-1.56441681590395,0.00444031010625595
TMS20F1684P0015,-0.369602462233344,NA,-0.0650702991815138,NA,-1.78277682321474,-0.0299803295918364
TMS20F1684P0021,0.198516436900079,NA,-0.131417082531091,NA,1.61740043348189,0.05736667007214
TMS20F1684P0027,-0.369602462233344,NA,NA,NA,-0.981803830118844,-0.0103642661079773
TMS20F1684P0030,-0.369602462233344,NA,-0.0757970246332418,NA,2.64681189651848,0.0499643819650234
TMS20F1684P0035,-0.369602462233344,NA,NA,NA,-2.0635254040429,-0.00185163478479313
TMS20F1684P0039,-0.369602462233344,NA,NA,NA,-1.28366823507579,-0.035161931266818
TMS20F1684P0040,-0.369602462233344,NA,-0.0587137211360454,NA,-0.254256772039194,0.0710609030703058
TMS20F1685P0011,-0.369602462233344,NA,NA,NA,-2.15614936544999,NA
TMS20F1685P0032,-0.369602462233344,NA,NA,NA,-2.0635254040429,NA
TMS30572,NA,-1.00299904342741,0.142580668898453,0.0115349516315412,-0.144208678619269,-0.0215265088074172
TMS870052,NA,NA,0.00322787168388766,0.191003655809258,-0.379720088908419,-0.0238577445203791
TMS920168,NA,NA,0.0243503596645946,0.506019119124125,0.386669957833959,-0.228841928042966
TMS92B0068,NA,NA,-0.18582628864177,0.462135507743733,-0.0492052339292839,-0.117915767985314
TMS950211,NA,NA,0.0993650696744238,0.621418361857541,0.799220616079447,0.0529365725903804
TMS961708,NA,NA,0.112520295650834,0.926835441269188,-0.0857928732680301,-0.0113484726856622
TMS970057,NA,NA,0.0316184117370546,NA,NA,0.047008136480711
TMS982123,NA,NA,0.195681736797707,1.11496385754171,0.96278198951842,0.317712721016033
TMS990240,NA,NA,0.150529393607102,1.57147148110913,1.36213455392468,-0.142572933916804
TMS990554,NA,NA,0.205986692724022,0.47440983612822,0.575142072047133,-0.0873265006057126
TMSL120193(OP)/096,NA,0.561788178526878,0.0621479469861543,0.000240373254765995,NA,0.0859757530538533
TZ-130,-0.463768901127725,-3.23506079663037,NA,0.464061156557456,0.388899190185231,-0.272121344862211
UG110001,NA,NA,NA,0.413762916306848,0.500428870382587,NA
UG110003,NA,1.1429870897025,NA,0.213933529441056,0.075080664930869,-0.230654302539766
UG110017,NA,0.584451817705067,NA,NA,NA,0.0301593742314983
UG110044,NA,1.95274965006155,0.13820912601542,-0.534697804314244,0.343724766141832,NA
Unknown_1,NA,-1.76030500382614,NA,0.321212718744301,NA,-0.0722636177656729
unknown155,NA,-1.50014437199469,NA,-0.224722543276573,NA,-0.0846086206418084
X.TMS982132,NA,NA,0.0486485006806584,-0.0920271008738223,-0.203198032172816,0.135014947514296
YBI2011-100,NA,-1.18357088119889,-0.137461264456423,NA,NA,-0.168851593653621
YIZASO,NA,NA,NA,0.132126524073139,0.173131722102835,0.0689230663842556
