germplasmName,PC1,PC2,PC3
50395,-43.58923371939695,-2.9302976284517435,16.642604103438803
AR144,-9.503417189474,28.09354393055299,-4.985286346947062
CR100215,44.10112054634274,-77.34927077101037,-58.73775453239795
CR14B218,8.826154532809767,12.647920639165909,6.661594229846525
CW45180,-13.908194362885776,19.13156457743151,7.254430795915111
CW5251,7.960545831568551,10.823338291641976,-7.8217008095308005
ESAMBAHKYE,-37.594396265610484,11.608064212679485,3.5997914979673413
IITA-TMS-BAD9200061,-39.24821758017576,-15.629479517884848,-0.7780642250931348
IITA-TMS-BAD9200068,-38.486406407495316,-5.704958769386113,-9.876154403250924
IITA-TMS-IBA000017,22.514824138752193,7.073874876109968,28.259815869379796
IITA-TMS-IBA000061,-4.927863539501554,11.166781671595775,-17.089357710590647
IITA-TMS-IBA000070,-43.211142413756924,-18.798899809736145,-26.242028518810102
IITA-TMS-IBA000093,-39.80419503147237,-6.005728869478182,-4.092061123210244
IITA-TMS-IBA000107,-15.642907721250513,-14.518736699047558,9.608608869335258
IITA-TMS-IBA000203,26.395493964724597,-3.8762874682122663,-28.69371737047525
IITA-TMS-IBA000211,30.650983412923832,3.1227519386380576,16.445662307883406
IITA-TMS-IBA000338,24.827076789036607,12.58867206203683,6.82397045833918
IITA-TMS-IBA000345,24.428599752409706,18.904944861980525,18.371335529481424
IITA-TMS-IBA000346,24.219705659215176,24.234118331218774,-4.1210784672119125
IITA-TMS-IBA000350,-37.76268586463932,15.79676126067246,-3.0059348267700945
IITA-TMS-IBA000354,-32.93125869786807,6.18228980397811,-6.449391091414404
IITA-TMS-IBA000355,-25.779979410833857,12.16105603165654,-0.3040117796808779
IITA-TMS-IBA000364,26.511900475985094,15.5419490993358,18.777693866450146
IITA-TMS-IBA000388,26.397311370896404,12.612466739117945,6.75356409397866
IITA-TMS-IBA00070,-42.60963069713443,-17.662888243695004,-25.07450097646451
IITA-TMS-IBA010034,22.30979482516244,16.01752066301126,-10.542434571362051
IITA-TMS-IBA010046,4.251972053960648,22.4303641711171,-26.568784668795505
IITA-TMS-IBA010131,-40.48347290354247,2.4256197511818742,8.841428930515912
IITA-TMS-IBA010536,-47.02155417216585,15.879426567871604,-14.164102222629314
IITA-TMS-IBA010903,-35.16959663982688,8.623250737955196,29.04164318823909
IITA-TMS-IBA011224,7.257561039210732,31.90171489243066,-13.807734124448112
IITA-TMS-IBA011231,-42.89354511700739,11.767588386514404,2.5133083297812324
IITA-TMS-IBA011368,-13.704911211601502,40.405610950028624,0.4272159642835855
IITA-TMS-IBA011371,-7.2524365978640635,31.896416459775736,20.534525752487706
IITA-TMS-IBA011412,12.181322568183333,23.385467747486018,-4.425536845472271
IITA-TMS-IBA011659,7.108021286266002,31.32442185457818,-15.266720000225556
IITA-TMS-IBA011663,-45.57829281692541,8.215737416000804,-9.465396777323226
IITA-TMS-IBA011797,-49.86809503253702,5.089042732664255,-32.93210661278764
IITA-TMS-IBA011807,-31.94625925903286,-27.398532625178234,5.70904415143378
IITA-TMS-IBA011813,-35.646188810956225,-15.330510675410462,-19.546428339706612
IITA-TMS-IBA020129,-37.510092411059865,-9.266815660035482,10.05496947515384
IITA-TMS-IBA020131,22.826969625365745,17.984218559136988,-0.11310419958897981
IITA-TMS-IBA020233,22.728377322765716,27.816246709170663,-7.308134348936707
IITA-TMS-IBA020285,20.053059392135005,10.107342170144205,-38.74957943348246
IITA-TMS-IBA020431,-39.80702784610458,-11.98834319195096,-22.127340653342273
IITA-TMS-IBA020432,27.837128037661067,3.3330254468671376,-7.19491391005752
IITA-TMS-IBA020510,25.296004950209465,14.818087755988032,20.14965604026815
IITA-TMS-IBA020540,6.563989265474268,-4.2670393332632655,-2.863526786971166
IITA-TMS-IBA030006A,30.520210502544234,12.60398818477336,18.092270600702395
IITA-TMS-IBA030007,17.236631301518194,16.903406208107022,2.8515805721398615
IITA-TMS-IBA030055A,-41.396336122454684,-24.144867590749328,62.585084251291526
IITA-TMS-IBA030060,-41.464054148295475,-23.9071117181385,62.14845132859409
IITA-TMS-IBA030060A,-28.151802475028813,-10.199726467348013,46.65034184620097
IITA-TMS-IBA030061,-33.00596464169265,2.186261171958222,-27.20057160634373
IITA-TMS-IBA030075,-34.54952020960155,-2.509422206450934,-7.518358547873044
IITA-TMS-IBA030141,-45.824155820347414,4.4508433564219585,-18.614060112754256
IITA-TMS-IBA050128,-46.820445952904414,4.311150089761822,-15.351160604322981
IITA-TMS-IBA050303,-20.004451750672622,21.48439876817985,-4.4116073285657444
IITA-TMS-IBA050998,-51.446938568481364,11.576466712065109,-24.881802650809405
IITA-TMS-IBA051553,-25.219064508672016,-41.315651862307234,-33.08523992904506
IITA-TMS-IBA051599,-50.014338457683586,20.63647225319059,-13.470657960050529
IITA-TMS-IBA051601,-27.970054930510535,7.636639796450336,0.3507023843222895
IITA-TMS-IBA051632,-4.59133063526429,27.60477531884477,-8.531740045066032
IITA-TMS-IBA051652,-49.664094990261866,35.158584597171135,-2.447977484729796
IITA-TMS-IBA051740,-44.04724675163462,-4.86287142682372,-4.454675938440374
IITA-TMS-IBA051814,-46.25795620204767,-4.186650331826517,-19.10232649472362
IITA-TMS-IBA061101,-50.381131291455276,30.49379182573015,-15.64482013538343
IITA-TMS-IBA061635,-51.773170113883324,20.788541582918704,18.931346628042956
IITA-TMS-IBA063046,33.23031381277829,-21.605504089560476,-30.479817879505596
IITA-TMS-IBA070004,20.27776805120918,32.26018760005918,-21.957133272067455
IITA-TMS-IBA070064,-30.426062144903092,12.366462848401774,35.70179255634902
IITA-TMS-IBA070126,5.938198099121167,12.168011569934414,-23.424994823448593
IITA-TMS-IBA070258,23.72861311437888,23.08390375756687,-31.290297831135224
IITA-TMS-IBA070536,-48.41305145793149,29.106805130433507,-2.26107779265389
IITA-TMS-IBA070539,-47.709749245233965,16.37184658763177,8.495838131303353
IITA-TMS-IBA070593,-57.14733547538802,27.186132670017066,-5.902480132268133
IITA-TMS-IBA070675,-5.019213486377679,21.093627956189025,-0.7047145941376166
IITA-TMS-IBA070756,-28.0744803986591,5.052386860906483,-8.113062802024313
IITA-TMS-IBA070808,-9.534967445627538,30.236127837647093,-1.1147110576883308
IITA-TMS-IBA070835,-46.096270871635674,15.716274534574985,-6.996910309415994
IITA-TMS-IBA070874,-4.710111223429536,28.771156580923893,30.908456092677035
IITA-TMS-IBA070910,-57.28570496339774,27.504909816007277,-5.9336131185067
IITA-TMS-IBA071313,36.70462649406812,-34.66154391541499,-33.927328071634946
IITA-TMS-IBA071378,33.01226101420777,-33.11058682282044,-41.92529107885372
IITA-TMS-IBA082418,-52.34885906070083,33.698916442760606,4.984897818713366
IITA-TMS-IBA082993,19.13035722357697,12.063191080586648,-15.224356286348534
IITA-TMS-IBA083580,12.156420657731534,38.02631602721538,-0.9599511708181259
IITA-TMS-IBA083724,16.2901112241235,25.32313431643046,8.199013572922402
IITA-TMS-IBA085006,-51.838534875303466,26.061171555351244,4.45828915995602
IITA-TMS-IBA090091,-24.239828959577927,21.477468198715556,8.472235536421898
IITA-TMS-IBA090144,-56.21479518352064,24.766007235248225,-5.8149473419191
IITA-TMS-IBA090454,-0.8859432683828766,19.975456583795555,14.639117450644767
IITA-TMS-IBA090485,-34.82715431038618,-16.230706891304422,14.744725539878909
IITA-TMS-IBA090516,91.36550157532373,10.848021428852414,-13.304796464683138
IITA-TMS-IBA090576,12.463015427391806,9.971510601536663,-17.656590030645987
IITA-TMS-IBA102103,-49.127567975934944,23.97739809059206,-14.846070360616176
IITA-TMS-IBA154810,-52.52364694658627,25.53616269271471,-1.5687352746497198
IITA-TMS-IBA30572,34.773912974958726,34.30159912481188,57.267008867114114
IITA-TMS-IBA4(2)1425,27.562209744330914,20.44254214340313,4.4577502511056375
IITA-TMS-IBA8900963,-5.519506118212555,1.6754787841899574,15.044694468126629
IITA-TMS-IBA8902195,7.126964421023353,24.34764909786617,-1.2698326918633704
IITA-TMS-IBA9102322,-41.63001078665696,-2.0152452846135955,-3.7330715703856305
IITA-TMS-IBA9102324,25.381822922342224,18.794753425273953,10.07483317129921
IITA-TMS-IBA920057,21.94260346911309,21.715625004004888,-13.432306694584385
IITA-TMS-IBA920067,-41.34031474515153,-10.722511581777109,-8.259631518685868
IITA-TMS-IBA920211,-41.15784879196103,-15.96705057504572,-12.377183961699924
IITA-TMS-IBA920326,-39.61325554271109,-2.7689146832872082,-10.153107371995267
IITA-TMS-IBA920397,26.28131829824932,9.67025104556974,-23.181202702708696
IITA-TMS-IBA920417,-39.24957116638004,-14.58182232196484,-1.0071852308974256
IITA-TMS-IBA920429,23.38867116738921,23.556665849135168,-21.5423832652468
IITA-TMS-IBA930007,35.62929264646231,-40.542772618903165,78.40306987816466
IITA-TMS-IBA930084,-40.809231857114774,-7.729924393389623,-18.327396375517687
IITA-TMS-IBA930134,-37.648273176537856,-9.837005198202903,0.7938637928262858
IITA-TMS-IBA930265,-35.22639337402413,10.711131949232337,8.127990288799285
IITA-TMS-IBA940006,24.23725529918817,23.934448390077947,15.591132809719339
IITA-TMS-IBA940018,17.77478977039578,15.660120882356905,-6.318913769035228
IITA-TMS-IBA940026,-36.900711812226156,-13.871797200058138,10.334529620303552
IITA-TMS-IBA940237,6.271639620575119,-1.3618246598917816,-25.880795278142163
IITA-TMS-IBA940270,-40.55148030278392,-2.249357270278603,-15.585552052719157
IITA-TMS-IBA940561,-5.262057219095261,35.44901514907594,21.693572888161196
IITA-TMS-IBA950211,4.105914894722182,17.92028400084218,-2.4674552695959115
IITA-TMS-IBA950279,25.996055595135672,19.20279357601295,9.877017144528233
IITA-TMS-IBA950289,-30.896157938950225,14.914622675345106,27.88342600878614
IITA-TMS-IBA950306,-3.815258745815691,-1.0672075259461096,-32.83819404929533
IITA-TMS-IBA950528,21.480861520349883,16.331046960385187,-20.322499317432523
IITA-TMS-IBA950925,-41.40105943629046,9.323145411020361,-7.341539398296625
IITA-TMS-IBA950971,-48.30717353211565,21.351667670951105,-26.407480599213038
IITA-TMS-IBA960023,-39.77746312588916,-4.687292499055108,16.382026408281725
IITA-TMS-IBA960035,-40.54302410037382,15.456654830238858,3.272766413906503
IITA-TMS-IBA960249,12.624196886152488,8.275555655999328,-23.945285503329547
IITA-TMS-IBA960409,-41.857145601014906,-6.629465615810805,-15.072996760557555
IITA-TMS-IBA960557,-43.65013071201361,14.433283220664256,-19.251974112771194
IITA-TMS-IBA960595,-7.20315019258354,3.8855487990422417,-21.41195686457724
IITA-TMS-IBA960603,20.612026070172227,21.072608328459218,6.3881407688268705
IITA-TMS-IBA960619,-44.866108409955395,14.481166655134503,-5.758520540444174
IITA-TMS-IBA960860,13.77159822457815,11.133652568940946,-1.4707129214713608
IITA-TMS-IBA960869,1.7617213062649029,3.2000521832174202,-11.661441000161162
IITA-TMS-IBA960963,-32.19393292736777,-20.759321829856276,-20.246505337409843
IITA-TMS-IBA961089A,13.307620965815438,20.53764387596266,-18.068725740988015
IITA-TMS-IBA961556,17.454818001297042,17.955714674924934,-6.839556976944556
IITA-TMS-IBA961632,19.985989963614283,16.628739548163907,-30.71109494069119
IITA-TMS-IBA970290,24.177500611393402,2.561617480680178,-24.336281740899967
IITA-TMS-IBA970425,44.222522503386244,-76.18953510159638,-57.67338095672697
IITA-TMS-IBA971149,-12.577152278440373,-8.996489730237533,2.6870195813413265
IITA-TMS-IBA971228,27.039146578070937,-13.481590946145674,-29.383983905039067
IITA-TMS-IBA972205,44.04021658191716,-76.41929743574048,-57.9351382412764
IITA-TMS-IBA974580,14.827390927782474,-27.79669430343587,-29.477328353408602
IITA-TMS-IBA974766,30.20000350730609,-23.248646452813556,-49.80388394615003
IITA-TMS-IBA980002,27.404963262155754,14.008992161704793,0.6884087983769959
IITA-TMS-IBA980196,24.28400037091839,24.590944559348348,-14.74248732141546
IITA-TMS-IBA980505,27.72660022973188,21.701868405967158,-3.0376570361403123
IITA-TMS-IBA980510,-45.8906052002233,7.10879085537796,-4.169040519830634
IITA-TMS-IBA980581,21.955503616291043,31.8204932836298,12.385210970338239
IITA-TMS-IBA982101,-11.76286047907728,20.793258944865613,8.05694646779649
IITA-TMS-IBA990304,21.400808458252587,20.098095933883172,29.902773512405652
IITA-TMS-IBA990564,-0.432481372596247,15.360534550457114,19.636342658287997
IITA-TMS-IBA993073,20.394635371771844,17.12958522482581,-25.256189627735885
IITA-TMS-IBA996016,-40.88300664167187,-7.306663230157916,-7.298710849609348
IITA-TMS-IKN120210,-46.05687084375041,16.50921408188191,-25.33539646070103
IITA-TMS-IKN130010,-24.240777594111808,50.51528882051362,4.280162777141134
IITA-TMS-KAN930061,-39.024858171465674,-15.543468147902658,-0.48654243080225495
IITA-TMS-MM960287,-45.42145043551442,5.726185373763466,-16.801884456792735
IITA-TMS-MM961751,-46.9263600622947,-1.3352967733791636,-29.83506719927989
IITA-TMS-MM964500,-39.571479989445805,2.8348353598329323,-7.18665130729111
IITA-TMS-MM965280,-1.2447666516238824,3.2225439230822808,-25.814786760046623
IITA-TMS-MM967204,5.718528907093825,0.4117796707505802,-10.07714343275804
IITA-TMS-MM970016,4.205194779036265,-3.880556635187502,-18.05502022095584
IITA-TMS-MM970043,18.56224958419342,25.82176413019837,-14.170618595617533
IITA-TMS-MM970287,-37.80575691752245,5.605172693391289,-17.74679370385668
IITA-TMS-MM970646,17.700676074094947,28.361660050894947,-13.883529023600191
IITA-TMS-MM970806,15.192802421132882,35.9621298192016,-8.217725883195062
IITA-TMS-MM972346,-40.34808763937926,-0.7419700797132304,-17.94635078990381
IITA-TMS-MM990214,4.252348743352571,18.709099881284633,-6.175966389199634
IITA-TMS-MM990268,-46.59544694778125,-6.706628048802985,-34.0585076468982
IITA-TMS-MM990302,-43.32177559874019,6.854759942771911,-10.36471114090361
IITA-TMS-MM990477,-46.6149265324816,-6.717794031797044,-33.86938618402164
IITA-TMS-MOK000141,-32.09863176502844,-2.0036598407841693,-4.215291664622246
IITA-TMS-MOK000142,28.439960078129005,11.241051436022653,-2.3473595237868965
IITA-TMS-MOK000146,29.726353521596074,-4.206945263457455,10.853053062289474
IITA-TMS-MOK940583,-45.988176076447125,22.66421905623068,10.712457026332853
IITA-TMS-MOK980004,-38.630770327296865,-9.557827039948032,-11.720960124933004
IITA-TMS-MOK980028,-38.773401510052075,-24.234962375107145,-28.50221206662659
IITA-TMS-MOK980057,31.505096152945406,-9.852332700048837,-23.038763750341495
IITA-TMS-MOK980068,27.763141939282814,-2.7786469456668326,-6.223835112649488
IITA-TMS-MOK980115,16.829040287382863,19.647034188204184,-35.78147605226685
IITA-TMS-ZAR010116,-39.41811393987474,3.5907731631218125,-4.7136727323822125
IITA-TMS-ZAR930151,-44.87479717092937,4.653459810858685,-11.909073620202344
KALESO,19.27521186798328,6.500365234767541,-28.35065311442376
KIZIMBANI,-44.247435512423856,19.292554903562227,-0.7039599077992117
Mkumba,-1.0896844452236931,7.96910109192854,-26.19551562395339
NR130124,24.79885280058741,25.96982086569559,9.917638060108873
NR8082,8.7605431511241445,10.802661900274932,-8.554304748022806
NR87184,21.374497401649695,19.035623847774765,-12.424167669407543
NR8949,21.56847060243202,19.048634048717044,-7.6742133202258955
SIMONYE,-44.72034382079704,1.3770114717298043,-27.93892297188506
TME3,-48.73072415707282,-3.572022146792066,-44.46883079920229
TMEB1,-41.80800410861453,-9.857903165592324,-39.6960731353805
TMEB1019,-43.81791619829085,-0.5112466865219608,-24.881548673063232
TMEB1116,24.335194693281156,16.492239686638804,3.058951212885448
TMEB117,-48.537614982975725,-0.5947024969544685,-47.24659683249045
TMEB1310,4.114100217011597,9.892866836119115,-29.537753493207596
TMEB1336,23.8717777862879,5.159843781150539,-18.662584728233853
TMEB14,-48.51742348698189,-3.619955910484092,-44.4072434035091
TMEB1858,-42.99416738479012,-0.6188018604337161,-23.995493971811698
TMEB2,-41.99953132993633,-17.540069962816144,-23.829315653758858
TMEB203,-42.03583109071671,-10.111480206866377,-40.04539891502921
TMEB225,-48.81668305380704,-23.014761807573386,-58.777186026711135
TMEB419,-46.88162029572048,-19.387025840611415,-52.70997624442497
TMEB47,-43.1035995948296,-6.410897760056169,-28.07466487620418
TMEB693,-48.266773877628054,-0.4500280911808799,-47.456364706793984
TMEB7,-48.56383384001104,-3.6430718845642023,-44.57714610200465
TMEB778,13.662331986644546,3.0753337469823006,-27.83925859080357
TMEB955,-42.563100617067434,-1.2937948687403122,-15.619303993151803
TMEB961,-32.42965994453325,0.9287121792965239,-19.503134714984963
TMEB966,-43.425096352143264,2.263742331718079,-17.25193235569853
TMS13F1002P0009,-30.816438410299224,-4.854975373623384,5.102856629935067
TMS13F1003P0003,-37.91987512188274,4.713777809533199,-0.982588259786808
TMS13F1003P0011,-36.81276415595913,8.870895021050005,-6.411783906702925
TMS13F1006P0002,-40.06488071180985,10.162448180187738,-5.58598856757748
TMS13F1006P0008,-42.71995361848169,-1.7903288296145667,-9.904933221986468
TMS13F1006P0011,-40.563871813653186,12.359107575309269,-3.203872618422103
TMS13F1006P0017,-25.716829881023745,5.969799946421528,-7.930854151278978
TMS13F1006P0020,-41.53283555712207,14.115468926400144,-10.998227447401145
TMS13F1006P0027,-5.759948808237238,10.136648309442155,-4.862811404588086
TMS13F1006P0029,-37.15389920630497,6.251008208381705,18.945053749574335
TMS13F1007P0004,23.520241043097425,31.35564176364378,-8.52870115595949
TMS13F1007P0005,-17.164584458285123,12.66023509395071,-9.065853313738412
TMS13F1008P0017,-4.560070131003863,24.027986357602682,-5.185181586538111
TMS13F1008P0023,24.72258061004388,18.625003857465277,5.463847441427574
TMS13F1009P0002,24.629333640979485,1.2538313348742869,-8.293805534277398
TMS13F1009P0003,-34.470123417262066,4.040268397458922,0.9865002173013746
TMS13F1009P0005,-35.293864545576334,-0.8838163799450434,6.1681268567388505
TMS13F1016P0005,29.882384619744037,-19.076589272018573,-14.938897593414794
TMS13F1017P0003,33.163298769492826,0.01972098458025159,9.838594332294534
TMS13F1017P0006,23.039769779191978,-1.2109483735614903,13.142456308890347
TMS13F1017P0009,25.6333083932889,14.706961176957227,26.54906115325336
TMS13F1018P0003,4.475746058048149,22.3014546023552,-0.5874347567094454
TMS13F1018P0005,12.89888775371582,22.165837355408012,1.0522717101186978
TMS13F1018P0009,-42.3408692197286,10.528639545983461,4.759802976153549
TMS13F1020P0001,-45.058641964525904,0.39308650761363784,3.037034678591318
TMS13F1020P0002,26.639793268446553,26.54436201738521,-12.1373384795977
TMS13F1020P0003,-33.444324226351604,2.058067274245999,-2.3861067831143545
TMS13F1020P0004,22.87227399727383,23.86948954242364,-2.842407271240611
TMS13F1021P0008,24.448519045857616,22.315169136927878,-9.391636158788865
TMS13F1024P0005,-41.50683805623973,4.915682276577654,-1.9322832398830445
TMS13F1028P0001,89.15046459998965,-1.2235595907475896,36.384789673163404
TMS13F1028P0004,85.03721337879016,-3.646678087387049,26.250006794556132
TMS13F1028P0007,83.58349983696435,5.239106909535838,18.930666748182386
TMS13F1028P0010,73.97651455063493,-5.6406592637218544,28.39074128519826
TMS13F1034P0003,-38.86464503933807,1.9535902547238009,-0.3730228434812134
TMS13F1034P0004,24.256237504237685,-15.121868727994851,41.46331860853112
TMS13F1034P0005,18.968724577763567,4.858351558494501,-22.321863134621598
TMS13F1034P0009,20.32845909469954,13.551344262735803,-8.4129612033338
TMS13F1034P0018,-31.369726872927632,-32.627958985921275,43.521033284652844
TMS13F1036P0002,-17.932055927545303,11.475909232729403,11.128337395901138
TMS13F1037P0001,-0.12986309008708416,-29.815985725122744,37.36948641600328
TMS13F1037P0004,31.78611464287994,-20.285433949016266,28.932083495249454
TMS13F1037P0006,-24.070064928978844,-25.232430081828227,21.666376827844676
TMS13F1037P0010,65.23820274524691,-10.037805638558606,27.573906001919045
TMS13F1039P0003,65.96656784425828,-9.593691905659165,-33.8228319890176
TMS13F1045P0013,20.315102407554235,31.496148320794905,8.896607872588351
TMS13F1045P0016,-33.69184521703625,19.596250487393203,14.145432893646289
TMS13F1045P0017,-41.989890078435515,12.59892469825219,16.37233048919952
TMS13F1045P0019,32.24684915989468,26.183680705513886,8.36448716016542
TMS13F1049P0001,17.47122040254418,28.678872045434016,-4.09507976705268
TMS13F1050P0003,-10.986391804883741,-10.810649721871924,-27.564712307297977
TMS13F1050P0006,23.833251159202966,2.986740198329517,-13.5037746322942
TMS13F1050P0009,88.78749093966266,5.335122546920804,-25.466785207071386
TMS13F1050P0012,-35.339413767450786,-15.749085684814448,-23.375074259442236
TMS13F1051P0003,-28.98252044961746,-41.4947246476837,-17.64407430420804
TMS13F1051P0012,-15.337653606066413,-1.5881505008510723,-23.413119220167136
TMS13F1051P0021,-14.535265669877019,-4.305362177436385,-35.867024400650195
TMS13F1051P0024,-16.11659611962192,-2.9900819709650945,-24.396612159295362
TMS13F1051P0029,24.856199823505673,-37.71322547829265,-55.908902955770145
TMS13F1051P0033,17.811535822756944,26.347284687027276,3.311793075535464
TMS13F1051P0052,-16.960003629365204,-1.3303160096919935,-24.355459231666956
TMS13F1053P0001,45.395777232943985,-55.411608992322186,2.4236424189884125
TMS13F1053P0002,41.764249277217395,-58.84929298830404,8.662661965869503
TMS13F1053P0006,98.40700442474834,-49.78103214309217,3.3342891881400525
TMS13F1053P0009,40.07599901321188,-62.08697000188666,13.651521004274274
TMS13F1053P0010,42.332186230365814,-68.74255380389319,7.532380006586995
TMS13F1053P0012,-23.010691463621217,-62.092954958864134,12.713764165290872
TMS13F1053P0015,36.44821012818337,-59.65152045058344,3.2198329521091735
TMS13F1056P0001,-18.253962709886384,-36.037402934627096,1.0249626493199135
TMS13F1056P0010,-26.433705290081885,-37.866814783689684,-17.40554794672891
TMS13F1056P0013,17.903777741345362,6.627343737048979,-30.289991578898608
TMS13F1056P0019,-21.725855277384195,-48.78617444360068,-18.76038022740473
TMS13F1056P0024,-14.949478061991387,33.840082726149134,-3.269243094497775
TMS13F1059P0009,21.832865138022093,20.337469961811383,-13.024669897102477
TMS13F1059P0012,21.76294942077189,16.88413603209984,-21.245929066285026
TMS13F1060P0002,-34.710193856600654,7.970834968731123,4.6504614371850845
TMS13F1060P0011,55.699362760768054,8.140343348543356,-30.985721813570198
TMS13F1060P0014,-12.275870966435948,6.38643464206453,14.678707799490695
TMS13F1060P0016,-32.22813573897177,-3.9317737430983493,14.586479365646051
TMS13F1060P0019,72.10774728541564,9.727426633397457,-28.226083458878886
TMS13F1060P0020,30.792726973731625,-4.993363429756073,-31.881220088126213
TMS13F1060P0023,-38.17737141385537,17.091371135251336,-7.842376331288517
TMS13F1063P0001,32.39941558911655,31.40918026037235,18.83694531787452
TMS13F1063P0013,29.792333530247603,33.998232300628345,26.125010238408102
TMS13F1063P0016,-13.155438099595354,28.7012331424392,23.059179183588235
TMS13F1063P0026,-25.40040835006963,26.289173900355756,19.9769170273381
TMS13F1063P0028,-31.91602651164898,24.464133746785805,23.08197155397124
TMS13F1063P0054,-26.595564248483235,18.09434749638953,45.904367121119996
TMS13F1063P0055,30.05140069631239,22.12553547311082,26.0732520975715
TMS13F1064P0001,-39.40054257990159,4.943437880712343,6.15215804589793
TMS13F1064P0005,22.281888058894236,21.47204174641912,-14.93761666334107
TMS13F1064P0031,-35.767457840402614,0.7502119972056879,6.4413074351707245
TMS13F1064P0032,-40.631878966814945,4.605223291090188,3.4837944988650498
TMS13F1064P0034,-38.98407225113792,3.7264676773920313,8.246907931174242
TMS13F1064P0038,-42.08590631413734,12.751434166068703,-3.455541527967449
TMS13F1069P0024,-15.296204686509315,1.2006571627071838,-23.12578530441101
TMS13F1072P0002,21.649289680614068,4.1969200738194115,5.2352144450421125
TMS13F1074P0002,-34.311487016698756,9.375997046316623,24.576826452657496
TMS13F1074P0005,28.58906747956039,11.089588524506016,18.45778935614436
TMS13F1074P0007,26.1088263550652,14.590829770620124,21.739692422430508
TMS13F1079P0006,20.351489431071517,20.49620302184165,-16.081106620560004
TMS13F1079P0009,-13.616490781158673,21.843665573702214,4.486175479202368
TMS13F1079P0011,-38.74027884171653,2.674752154575881,2.0728068265430326
TMS13F1081P0015,-42.458165438575755,8.141513380449558,-22.856722541738748
TMS13F1083P0003,18.175049674947402,-10.120314713732165,-54.83899931398444
TMS13F1083P0006,-45.07863207498748,-16.150469178309415,-40.216078681126525
TMS13F1084P0001,-17.117256446067596,-28.116596463642793,26.511999886347144
TMS13F1084P0002,22.35905611871862,4.765783617557103,-34.74215341557276
TMS13F1084P0011,21.167960492074645,10.847097578115116,-9.63110504145037
TMS13F1084P0013,-31.930236976822783,-31.53828277650198,23.724948296852954
TMS13F1084P0014,27.58568088906692,-8.0724378118051,7.66449453023082
TMS13F1084P0017,-9.592992872474458,-23.7895972989551,23.464965604969198
TMS13F1086P0002,-23.56878573941075,-17.146474225687072,-45.74758693946538
TMS13F1086P0005,29.556304206197545,-3.9512738535587237,-44.46922562350894
TMS13F1087P0007,-36.99601641357271,-0.44655008912479294,-4.548601519811435
TMS13F1087P0008,-23.52148610107909,-0.44811292688575377,-8.54374889099902
TMS13F1087P0017,-25.777145432273198,8.242032914189881,-21.711516406180134
TMS13F1088P0002,-2.280891188864607,25.79231507798603,-3.0027077039063923
TMS13F1088P0004,23.61119792338581,19.65968585044028,-22.963777137023406
TMS13F1088P0005,-38.53070007657593,-5.868882992816387,-27.087605350099146
TMS13F1088P0007,25.529284420784236,15.07218464738179,-34.7659986847589
TMS13F1093P0009,32.10081827923839,-21.51410368611126,-30.91295115970123
TMS13F1095P0001,-32.67135579112682,-32.95244409752055,-27.398004607532386
TMS13F1095P0004,-35.07778415063651,-6.871660913340625,-8.610723347481203
TMS13F1095P0007,-31.54735272477771,-16.810088024995967,5.712503954477327
TMS13F1095P0011,-36.38493217055157,-7.29177903284678,-5.147505722097226
TMS13F1095P0019,-13.88529865808831,-23.222799164768006,-11.479743899384763
TMS13F1095P0021,92.38679203567105,10.880423265090972,-22.4732565898913
TMS13F1101P0001,-34.89749639846918,-20.64601663534562,22.785635098101487
TMS13F1101P0004,50.13126619941425,13.160889594338053,-20.129351717712105
TMS13F1106P0008,23.694581394409653,38.26197784673527,-16.065990624670594
TMS13F1106P0012,-37.8330338575643,11.310471936260708,-21.209630805947786
TMS13F1106P0015,10.008154170087694,33.40108728316602,-8.618377601359684
TMS13F1107P0002,-39.21715591502765,4.05526247980659,-19.52806525022629
TMS13F1108P0003,16.99013305465261,40.67220294220078,-1.3852904608342071
TMS13F1108P0007,17.254930241244146,30.967114083871873,-3.87042283062485
TMS13F1108P0014,21.20495382814148,25.40337338685232,-0.34333274459402097
TMS13F1108P0026,3.625300532564761,39.318757137110694,-25.37002274905266
TMS13F1109P0001,-31.622976100689993,-3.5593042616935833,-25.828307813790186
TMS13F1109P0004,-38.89335569637444,-13.645476585767488,-28.622927592414957
TMS13F1109P0005,27.677418581402588,-5.803820502235804,-29.550734396394557
TMS13F1109P0009,25.044471232755587,3.6163186052977245,-32.253193993726576
TMS13F1109P0011,27.606483094338316,-0.36888780786268405,-30.673629203362832
TMS13F1109P0014,-29.41247688049251,-11.355841868067117,-26.29651509718787
TMS13F1111P0006,-38.45796166656337,10.56736574545233,-2.8634453332228573
TMS13F1111P0015,-12.697910160607993,3.444821851058955,11.785205307845098
TMS13F1113P0005,-37.584098944505854,1.994586842997515,-6.382248308480563
TMS13F1113P0006,-34.89466425321293,1.7491847580438071,-18.006312191058562
TMS13F1114P0001,25.048026635801406,-5.855367121154582,-13.553888503864094
TMS13F1119P0006,20.338751971168513,20.753979670250665,-32.00264130377522
TMS13F1120P0009,25.33832215807932,16.369419567376667,-6.386489987658988
TMS13F1122P0002,-35.47098367905079,11.876596278677084,-11.430051682260975
TMS13F1122P0004,-34.477043511108896,-0.16320344130490727,-15.667252570393426
TMS13F1122P0005,30.274429721469698,20.045383486567673,-20.532813857257146
TMS13F1124P0003,-31.855079711963093,-20.052574239657666,-30.59961097735951
TMS13F1124P0004,-3.4418374898406134,-16.815662706629716,-31.145199914908385
TMS13F1124P0006,10.307648284253016,-0.8498330460463561,-33.47485947723689
TMS13F1124P0009,6.237951014303187,-2.469582621111371,-31.60650449972373
TMS13F1126P0003,-36.44485992263699,-0.2699638364297644,8.35376864124339
TMS13F1126P0006,23.454870415401267,7.9094885089083,-3.8526239839824545
TMS13F1128P0016,-48.917477292227844,-21.997986934390845,-58.87158103894982
TMS13F1134P0013,-41.33144527064537,-7.504019049547817,-21.465362806744356
TMS13F1139P0001,-44.38856814663293,-3.700101476463637,-37.99825722245206
TMS13F1139P0014,9.863997126811805,12.55050636773617,-33.55816303192226
TMS13F1139P0016,11.087080979357845,2.8112421203096885,-41.41885984579661
TMS13F1139P0023,9.550276895418564,-0.860145377276234,-37.7764489723241
TMS13F1143P0001,-42.51438674705338,5.084760382277446,-6.0223035019944176
TMS13F1143P0004,-43.70186575125415,9.487164474159002,8.105315954093628
TMS13F1145P0002,-44.634737070613866,5.805250476400593,-24.271272417872
TMS13F1145P0008,-47.71426363197103,5.546317031107017,-36.5830466265428
TMS13F1145P0014,-46.505754265219295,-1.4008102693034192,-36.76742754365994
TMS13F1145P0016,-43.36273448461195,-1.519299196636558,-23.341886145238607
TMS13F1145P0017,20.22949832673221,9.786147450668324,-31.270347161760927
TMS13F1145P0020,20.27010192962516,9.759620855436596,-37.98997279642775
TMS13F1145P0023,17.856874025778485,18.280805019072577,-46.15282467670317
TMS13F1145P0026,-43.35475288931568,10.918194982223962,-34.67861503866018
TMS13F1145P0043,21.065705351737122,16.829946468435832,-37.266926194650104
TMS13F1151P0036,-40.281205230458355,20.088186613107847,5.157748079205302
TMS13F1151P0037,-39.90867397413278,23.84611155864386,-0.727668008322266
TMS13F1153P0001,22.653414957561132,23.201688277593995,-21.145069012535444
TMS13F1153P0005,23.321192444026416,25.558003951380424,-26.19409625051489
TMS13F1153P0009,-35.94621425747227,21.376586687398053,-21.854688898886426
TMS13F1154P0001,31.102235146143528,-25.902736873719718,-42.25950759323287
TMS13F1154P0003,28.50069142893577,-34.635225656310816,-39.89467003220606
TMS13F1154P0004,-2.46715248096084,-29.72750440120999,-51.42810529573685
TMS13F1154P0010,96.04613315574188,-14.682246550451618,-57.949391218269355
TMS13F1160P0004,-4.586790475271402,0.7833615798883603,-12.576820031393584
TMS13F1160P0005,16.74325086743957,8.192218167347043,-33.18315661687544
TMS13F1176P0002,-43.92219763221878,-3.2792467717479687,-20.312895113475697
TMS13F1176P0003,-34.05925758468392,-1.5555123054637632,-5.595151455294957
TMS13F1176P0006,-6.262611290677724,4.868159302768101,-26.35658111158616
TMS13F1176P0008,24.77242842383523,8.31623592535247,-3.494174972185931
TMS13F1177P0008,-46.42005562837557,11.10883031742073,-12.536354598664701
TMS13F1177P0009,-2.0779074680438185,21.073085594596254,-12.409407020344807
TMS13F1177P0012,-27.742641058502695,9.097577554430883,3.405847184444773
TMS13F1177P0015,-43.24700745483738,3.3451115620246847,-12.174522942172425
TMS13F1182P0002,-31.95365888203995,29.47946213797921,13.536103465856508
TMS13F1184P0002,-43.63378374551404,5.120665134053077,1.332215652826199
TMS13F1184P0009,-49.6818291903792,21.79296945268313,-14.098342412538086
TMS13F1194P0007,-43.22716556960375,21.677084871624622,2.9306485575773373
TMS13F1195P0005,-37.25943652482021,-13.451339194897587,-5.6321926492213095
TMS13F1195P0006,-38.668902447350675,-11.150912527005167,-6.754220422469571
TMS13F1198P0002,-44.27705067565573,0.8180214104425733,-14.391255147681518
TMS13F1198P0007,19.529462724281622,14.373167688538631,3.7537732309796583
TMS13F1198P0008,20.044434437623238,24.777976815349117,7.773404252135015
TMS13F1198P0010,-40.831683813072786,14.272751439969188,16.621611623465462
TMS13F1202P0002,-45.22594589241384,20.804563036835265,15.750672020377257
TMS13F1202P0013,-46.037190369794715,24.7181058799499,-3.5055199409913858
TMS13F1202P0016,-13.606016183803439,15.961488133836278,26.071552972341454
TMS13F1202P0020,-43.070111875922684,15.893222500652518,13.712340997083801
TMS13F1202P0029,-46.21428390234914,30.629624448441202,4.44545914768776
TMS13F1202P0044,-16.205394382577516,35.745965467048364,-2.1649695159409696
TMS13F1203P0004,-45.32043974034437,3.3380385193429754,-6.316967869098636
TMS13F1203P0028,-44.22361187987765,11.881583877295983,-6.051552045447829
TMS13F1203P0042,-47.663411527881536,18.85989323649911,-20.497872887924004
TMS13F1204P0002,-45.80790025880534,21.322680178248053,-1.7430972580181254
TMS13F1204P0005,-45.01752751606649,14.360735134001366,-13.719064186344609
TMS13F1204P0007,17.31017234833983,16.547691029941394,8.902634589323345
TMS13F1204P0010,-9.204073945520156,41.73356798185363,-0.3153339487173263
TMS13F1204P0011,-24.613920776059388,27.1717481722967,3.3065747478752794
TMS13F1204P0014,-42.631751514351215,20.528417331583388,30.818888187645346
TMS13F1212P0002,-42.27468020737617,8.050353226025578,15.045306140105486
TMS13F1212P0005,-43.63643076444406,9.609722903085828,8.122174005724359
TMS13F1212P0008,-45.23968619894634,24.096213924997322,-8.22975771416739
TMS13F1212P0019,-42.48076259576721,13.706675408337677,16.595784291474846
TMS13F1212P0022,-40.48144016494624,5.564962154719202,18.5248135159575
TMS13F1212P0028,-41.694468939467086,10.023463767819852,-6.904568788434916
TMS13F1212P0034,-46.65924762922022,14.875410826077283,-3.4601237491288948
TMS13F1212P0041,-44.18751265957954,6.193901629852947,12.737964994863269
TMS13F1212P0053,-38.46357164137549,-7.774810939541708,20.525747490460144
TMS13F1212P0058,-42.12756430241513,0.2581322262914161,7.242612068031772
TMS13F1212P0059,-41.99874822536058,8.61784867301876,16.81090769597706
TMS13F1212P0061,-41.39892752196793,2.786681368872692,6.250992399634896
TMS13F1212P0062,-42.63844807265952,14.749379119295952,-5.274556445853197
TMS13F1212P0068,-40.1199437575068,-3.5962927080726486,6.62567330429019
TMS13F1212P0071,-36.67728146883674,4.325923629622129,23.266132087351757
TMS13F1212P0073,-44.8130622165235,16.847501552602502,15.953966652652444
TMS13F1212P0077,-45.167843775512594,13.232714969911108,-8.20148367380548
TMS13F1212P0079,-44.184286899389484,19.599230882095277,-15.814977783817366
TMS13F1214P0004,21.092000376123433,31.91139526409644,21.162892313782223
TMS13F1214P0005,21.46100474125208,36.31176048291984,9.027403724583126
TMS13F1214P0009,-42.682069906815954,22.704770294350237,0.40427706050394885
TMS13F1214P0012,20.246571204068598,32.97005901188618,5.570925211349159
TMS13F1214P0020,-42.13503656377098,36.871646411162565,21.07219484773306
TMS13F1214P0030,-41.40749508010206,19.246850046550094,6.118564973481212
TMS13F1214P0036,17.54127223704026,27.630217636111745,-12.737438677204421
TMS13F1216P0002,-41.71850171491018,15.099175347385522,-9.291704827365134
TMS13F1216P0008,-38.18953159792709,1.5901686398404913,7.621719781172039
TMS13F1216P0009,-4.990796699299308,27.65322934594124,-15.371183871162982
TMS13F1216P0010,-38.73951958995057,0.5575390522095853,1.6312424811023463
TMS13F1216P0012,3.26239616397243,8.656360498901204,13.635630791492908
TMS13F1216P0021,-36.28682420877271,-2.6036300230769185,9.153623866751078
TMS13F1217P0043,-42.766556009203185,-3.743388632462795,-10.347114263139867
TMS13F1221P0003,-35.975807620549844,-23.711902999412494,-13.448297868620415
TMS13F1223P0005,-35.690519390058796,-12.001517128689068,2.915177921015436
TMS13F1223P0007,24.424572630977217,5.168427293564713,-15.772767249074171
TMS13F1223P0010,-36.374456386449175,-1.7808450423402886,-16.90458859428952
TMS13F1223P0016,22.877091280797444,13.421525067444783,-25.410947518123333
TMS13F1223P0025,30.21570706745263,1.5182018047622445,-4.348472853559057
TMS13F1232P0003,24.7119841489572,9.664399973783553,6.306067049714624
TMS13F1232P0009,21.512562751778724,8.061806170443017,-25.592472293405468
TMS13F1232P0014,-14.317968853113348,0.011636011263226095,4.32944462948734
TMS13F1241P0001,-40.45235943891935,8.365877380289078,-13.692945753324928
TMS13F1241P0016,-38.429930900266854,3.3899734866911855,-6.615490075596061
TMS13F1241P0023,25.42163960157363,17.066180033183926,-10.827386105849577
TMS13F1245P0001,-41.11319594478838,-3.1609797616281217,-19.49402885647889
TMS13F1247P0006,-34.050351710725714,-11.271109476560456,-25.00791952273645
TMS13F1253P0002,21.79598738852837,24.11349195265025,-17.414044142666317
TMS13F1253P0003,-21.645131597308374,3.5853750857118074,-31.941234357633725
TMS13F1254P0002,-23.795268372708954,-13.483914891855205,21.466004198483027
TMS13F1254P0003,30.548888427732216,-2.7206276875270863,7.992468905483017
TMS13F1254P0012,-3.3926174000262677,0.8858829560124267,-0.5835700452468404
TMS13F1266P0027,1.6081845106868875,32.81057664873704,-9.048770995260808
TMS13F1273P0005,-39.14056037904529,-2.010228294216295,-15.428498443552694
TMS13F1273P0015,-38.76260024773046,2.6022242864781684,-10.04952789737793
TMS13F1286P0005,-35.88991666080282,-7.749750785898604,12.642564273300419
TMS13F1287P0004,-35.54891055360887,-6.09174109569616,13.571405859998675
TMS13F1287P0005,-40.37368740268201,2.6912749366834783,6.245663959231517
TMS13F1287P0011,-33.99426378731959,6.8495703643893835,15.170886691259769
TMS13F1287P0016,-35.68488389105813,-10.5246080944897,-3.515461337921405
TMS13F1288P0005,-31.081391840667102,1.4196672643325223,19.441568784130318
TMS13F1288P0009,-30.6209507890986,-9.078042615130014,30.325140752698434
TMS13F1288P0010,-37.86212030106224,10.623000443421951,12.800544330520884
TMS13F1288P0014,-30.4074001037867,6.85935652625113,24.4137395532012
TMS13F1291P0003,-35.535267778337605,-4.850699984517175,1.9322393408528349
TMS13F1291P0005,-35.895528551407985,-17.192636094283838,-16.74511702795661
TMS13F1291P0012,-38.6307689333411,14.022623513604637,-5.134922033240727
TMS13F1303P0001,-43.08371455613841,-2.1000806208298908,28.69842141033357
TMS13F1303P0002,29.778178511260457,-3.3601271503311807,0.5461792146505673
TMS13F1303P0003,-33.486257012607474,-1.6841496311505144,14.347017240525535
TMS13F1303P0005,-41.517030999876496,-10.077118203980309,49.020543065014174
TMS13F1304P0003,1.1566868764960956,6.311452568836816,-13.408137037391286
TMS13F1306P0001,-43.047603821311505,-2.173897162292959,25.861944012239093
TMS13F1306P0002,-37.83798853921051,-3.426953005666679,22.574595387147077
TMS13F1306P0003,22.871213663236066,19.051963166098858,12.183546293229751
TMS13F1306P0004,-18.7138191653874,4.764490058751933,-7.64405135733115
TMS13F1306P0005,-37.276744648974784,-13.12666826896441,47.818659348401816
TMS13F1307P0004,-33.797348800579016,-7.3463044934202735,52.155823834662066
TMS13F1307P0005,-35.93478980103912,-5.408935717616907,40.53650004275994
TMS13F1307P0006,-32.94708331618303,-2.452661301387082,45.40028197228044
TMS13F1307P0007,-42.073231063219566,-2.280323244105716,48.61595678314402
TMS13F1307P0008,-37.727568080770844,-14.474699152978742,50.66392951430508
TMS13F1307P0010,-41.07230708066904,0.27398948492598446,41.67187120694813
TMS13F1307P0011,-45.14714250201633,1.494818043490129,43.13178061693828
TMS13F1307P0012,-37.216544308534544,0.5358912214310526,43.535383114424356
TMS13F1307P0016,-46.58021014205407,-10.312958858113234,54.884725855252526
TMS13F1307P0017,-35.492425291178286,-14.815735807751684,42.278698455000914
TMS13F1307P0018,-42.57634107975008,-9.69754405011114,51.90300384354107
TMS13F1307P0021,-40.47038624903208,-13.644935790436298,54.41613838395903
TMS13F1307P0023,-41.680572995772245,-11.587336293970658,46.823697846986114
TMS13F1307P0024,-41.909093797131874,-13.44997427229837,57.277872797472774
TMS13F1315P0008,-43.28852048958555,22.71073941659582,4.847579917422736
TMS13F1324P0002,-8.361857586184382,27.23855883703265,-8.296054831983973
TMS13F1324P0004,-25.001893372586828,21.373577134979733,-10.86633815500686
TMS13F1329P0003,27.704308002738387,18.32610937403912,5.022563230960253
TMS13F1329P0017,-39.29672615587698,-30.695540132673194,-44.2440821823596
TMS13F1332P0004,6.156255974899155,-12.4015284266478,-19.46572884447363
TMS13F1332P0010,4.494734004129824,-1.837448591798227,-27.92120190194712
TMS13F1332P0016,1.9607580955089599,0.820601763146062,-25.212601165305948
TMS13F1332P0042,26.78253861717854,-4.715179334619333,-24.471035573533033
TMS13F1333P0003,7.057181195662243,10.643974524128426,-26.226481442925483
TMS13F1333P0007,-4.805863507270651,11.829588834322575,-23.714407608954087
TMS13F1333P0012,-39.02515448136293,-6.847686303750568,-20.115537312890513
TMS13F1333P0019,4.270869122868662,8.980981341947219,-32.06503379615681
TMS13F1333P0021,-2.2529809484591974,35.74899075439836,-13.32957498867166
TMS13F1333P0022,-39.911351751785496,3.046785573126741,-21.916616196247034
TMS13F1333P0025,-37.98153152382746,-2.8419256639543184,-20.765149993856674
TMS13F1336P0003,-4.175751158931021,3.6272250324009914,-23.804149669123355
TMS13F1336P0021,59.159208917364595,17.279033912608153,-27.304499213683204
TMS13F1336P0026,24.06367300768062,-0.052022594864243724,-27.43303624758321
TMS13F1336P0028,-37.64109964008069,-10.510769026244937,-19.876907714592225
TMS13F1339P0002,64.66706988339942,17.10116303262929,-25.429338188359203
TMS13F1339P0007,-30.325900708897475,-14.423242288761802,-6.7081865184452445
TMS13F1340P0001,0.29073062323836213,7.130860330066951,-3.2760477888218373
TMS13F1340P0004,-34.78635418619591,-1.6122957027336733,5.764009444040014
TMS13F1343P0001,-20.65345350481498,-69.95741062762447,15.388715514447137
TMS13F1343P0002,39.92379296217078,-75.14679272872559,7.4381278521073595
TMS13F1343P0009,92.19814639715722,-52.79165008225742,13.613596201523217
TMS13F1343P0010,37.30135535559041,-59.942889584146315,8.929597737120499
TMS13F1343P0013,-20.92111479266483,-72.46453045555312,13.852585502050575
TMS13F1343P0016,-19.878189773868485,-73.08712813241628,9.385855783865187
TMS13F1343P0019,97.80625827043477,-59.735659003171435,9.085775476734627
TMS13F1343P0022,49.70482994150242,-72.59814157652202,13.030044865122015
TMS13F1343P0026,-23.031201843232182,-72.06343581317506,15.891425587107074
TMS13F1343P0031,42.70080087315623,-67.10757371493797,16.32446569156384
TMS13F1343P0038,53.668750048815106,-43.68429931186934,9.308283017156862
TMS13F1343P0040,40.75235018622589,-61.681170753713474,12.670990680603477
TMS13F1343P0044,38.18246130490413,-55.51163783549025,7.305286700829882
TMS13F1343P0045,3.92540798642811,-71.00573720839108,11.223756746877509
TMS13F1343P0051,38.09201509441565,-30.993402717052987,-27.54101214149698
TMS13F1344P0002,72.03395744753152,-17.515966421058327,-23.637522488515348
TMS13F1344P0008,45.6562335547583,-10.317923305044843,-37.734049561352286
TMS13F1350P0005,-33.72407478859721,-8.16244680260132,-10.345768809078015
TMS13F1352P0001,-18.340383724230353,-35.70514505819782,26.123320532040868
TMS13F1352P0002,-28.815889407777327,-36.11013510889502,22.674388592107764
TMS13F1352P0010,-32.37122300459025,-45.038467869961,25.225038833268027
TMS13F1357P0008,27.090937143936838,-1.5242472713792246,-8.510405317345455
TMS13F1362P0001,21.87806379003468,-49.911148660471554,17.48590967307855
TMS13F1362P0004,-30.46617289827484,-41.919686022562175,29.7219788718621
TMS13F1362P0005,14.030585208140126,-34.74014778021036,14.940169157574884
TMS13F1362P0008,1.6186649548617535,-48.466090263823034,31.320664590683936
TMS13F1362P0009,30.45993764571604,-36.26826116279466,5.64330829563702
TMS13F1364P0001,-41.40411884553479,-39.60429249071091,-54.1615523948277
TMS13F1365P0001,15.143108398882509,-29.75272994224997,18.456855794521225
TMS13F1365P0002,31.409194272598963,-32.65417647450768,5.580111060322109
TMS13F1365P0004,-26.871455062693805,-34.10382094128373,39.74549878105253
TMS13F1365P0011,36.44918675546403,-40.7619814616245,11.149293062697346
TMS13F1365P0013,36.353467584988174,-29.44578176615817,16.885792107941256
TMS13F1365P0014,93.24232945989982,-3.700932482462081,27.696046977089942
TMS13F1365P0017,30.867766437430088,-35.99485052122906,13.048777149197862
TMS13F1365P0019,-0.11798971155888724,-42.90262179149575,15.38989569483046
TMS13F1365P0023,31.689762388751337,-16.338189317180472,24.094692221690217
TMS13F1365P0026,44.148640883764116,-13.824822031444292,20.406419619837013
TMS13F1365P0029,32.656552355965665,-28.16090102980523,14.669859545181342
TMS13F1365P0031,-32.44769160379519,-30.4596152726202,32.27934246944879
TMS13F1365P0032,22.421521607588325,-12.909996933434556,-27.229535274847947
TMS13F1365P0038,35.15397117009632,4.050726511742387,-23.391703931544242
TMS13F1365P0040,32.424301959659495,-24.171968271272835,18.47558728472525
TMS13F1368P0007,-29.216242750745273,-35.344926757187956,30.12911346967589
TMS13F1368P0010,-32.31487196183519,-29.450619962759312,23.410382723696067
TMS13F1368P0012,31.95760025079348,-22.791704689444767,28.581411312816588
TMS13F1368P0016,29.74607709088038,-16.3649316713441,23.30658061760666
TMS13F1375P0003,35.72011268613046,1.3551854153313296,-2.0418600875097734
TMS13F1376P0018,35.18140402617971,34.50569311896983,57.38609423196458
TMS13F1377P0003,-28.347942220899572,-33.229514454179174,54.936118563262106
TMS13F1377P0006,-24.866155486138574,-40.808108834481125,65.12116634865832
TMS13F1377P0009,12.509669337861542,-23.989275558124856,47.488660483615725
TMS13F1377P0012,35.22159944471111,-13.165571967220599,58.228069052241906
TMS13F1377P0017,35.360789013311404,-20.98096621252324,55.08494958280704
TMS13F1377P0018,100.09072357814723,-15.513636070818967,54.87239357462537
TMS13F1377P0020,12.204607826538233,-27.741809755803715,62.92363852390984
TMS13F1378P0005,49.76105833974837,15.842036656653576,15.653325467803679
TMS13F1378P0006,-5.7333106535138505,5.278986700657062,10.406583378251074
TMS13F1381P0003,87.77232749289863,15.413621882608584,31.620457153403887
TMS13F1383P0003,2.9140955628157807,3.510293261394432,-5.642073096213907
TMS13F1383P0009,2.788988060002901,9.206398263124324,4.774954341900696
TMS13F1383P0012,3.3191925147578303,5.526032861867211,-11.33946577018182
TMS13F1387P0002,-20.261748254547946,-0.9106744053748449,13.743097787239106
TMS13F1391P0012,27.71354100291821,4.98663181945582,8.403971703882219
TMS13F1391P0015,28.80446091015204,18.927334848326126,16.523790322306795
TMS13F1391P0026,24.19286364788116,26.86148562829903,-7.415452914791096
TMS13F1391P0027,-23.784388117636528,12.494137481689695,-3.614963707344254
TMS13F1391P0036,-36.37205733718354,8.74434317213681,-0.9319058977847561
TMS13F1395P0002,-35.30255072550261,-7.919099539043867,-3.773506439955956
TMS13F1395P0004,-36.1656043752463,10.384359946198673,13.489401396370447
TMS13F1400P0001,-2.7537022867432217,26.101979187118015,-13.262287509020611
TMS13F1401P0009,39.406407001508214,-37.04099494973616,36.70499894923849
TMS13F1401P0013,-23.15717437732144,-46.2505168385117,37.20961749350414
TMS13F1401P0016,38.24075415118014,-41.71400490644173,23.718537121151503
TMS13F1401P0018,40.28891680879019,-40.37031606933889,22.666419550607404
TMS13F1401P0019,75.06630521650206,-27.26922194336212,18.940117947705396
TMS13F1414P0009,-36.50624192149867,-5.00881750888056,8.923682168086462
TMS13F1420P0001,-30.959364730366893,-22.536961351149646,23.401459731629338
TMS13F1420P0003,18.447211483489813,2.9041730453587227,33.55788359947044
TMS13F1420P0004,37.455448293553644,-20.820425102669308,70.66661759372519
TMS13F1420P0007,-33.370583991141146,-14.082859310877957,37.13158315242183
TMS13F1420P0010,26.132210059446322,0.8526515383556389,47.880040630658925
TMS13F1420P0012,24.41429417217745,0.638077668947556,35.296118830640815
TMS13F1423P0002,-31.776722486577818,-18.86072046212978,50.17547324978874
TMS13F1423P0006,-8.347574502790339,-23.323745467188758,47.785402877063355
TMS13F1423P0008,-27.80133932686556,-43.365158627650544,47.47105259965152
TMS13F1436P0003,50.689837619851346,29.732527551865637,-27.282963857261617
TMS13F1436P0009,-38.80503213283711,4.133211890077609,-0.7384699843176983
TMS13F1436P0011,21.375535929568635,15.91894156102908,-27.207619811129906
TMS13F1439P0001,-37.52293139136116,-1.927128347367733,-6.64496816650146
TMS13F1439P0002,22.39088566428948,8.87276112565313,-5.414935482852302
TMS13F1439P0004,27.37017208843066,10.065326389022728,-25.656942598410833
TMS13F1439P0005,-40.057019030277786,-1.5891965865937527,-22.367453300090478
TMS13F1439P0011,-35.83238094435414,-8.217976468542068,-5.948306542973466
TMS13F1446P0001,-7.638960872111924,5.002606024858803,-37.122575547406704
TMS13F1446P0004,-43.29011403854121,4.443851468271389,-29.602360683165124
TMS13F1446P0013,-42.58738316158513,5.698835617324436,-23.1017954686183
TMS13F1449P0009,-41.90422670042111,-0.29971447705636484,-9.722049393944301
TMS13F1452P0009,-41.85981615052144,16.58712161656667,9.749694329428234
TMS13F1455P0002,-37.47542021036406,-6.7195550579504735,-30.51003386131747
TMS13F1455P0004,-13.496049945467147,-8.733882098867655,-23.60317272629166
TMS13F1461P0002,24.782178333304987,-13.08259817977086,16.545834120236155
TMS13F1466P0001,-47.203664253345224,-15.797291956146458,-39.41253246136701
TMS13F1467P0001,-6.016438036321531,-3.4650931167230254,-31.22566557648394
TMS13F2005P0009,-40.41892952102993,4.5562710858162045,5.7569093751115386
TMS13F2061P0005,-31.38127591898735,0.47080336043187304,-0.5800363377584837
TMS13F2077P0001,-45.666017163900456,14.92316090022842,-18.326684633560156
TMS13F2077P0021,-47.320650573821425,18.275491280760836,-17.1275126202134
TMS13F2077P0043,-44.816014942115785,11.719760713511198,-29.818086857836
TMS13F2101P0001,22.167584766016986,26.782594118755974,-25.127293745750517
TMS13F2101P0002,26.83834887415234,16.620725214907946,-29.72242763740332
TMS13F2101P0008,25.82186142170695,22.754356102605918,-20.533049942057758
TMS13F2101P0014,88.8582915848488,24.687606855548232,-33.61365014076794
TMS13F2110P0002,21.196278135675378,33.40367843991291,2.6927438618297024
TMS13F2110P0005,21.569215667467375,19.936289261058352,-10.513054602782708
TMS13F2110P0008,-5.348662687690075,18.498542236349373,3.0130632498650938
TMS13F2110P0011,-40.9700841648273,6.672555537333962,17.547986034527813
TMS13F2110P0013,-37.82304384064044,18.93098236688859,7.461954298509069
TMS13F2110P0017,-40.75058739682464,10.490407733064973,10.470576171947005
TMS13F2207P0001,-41.628942955840856,-8.597141725243633,-0.6505457571251337
TMS14F1001P0004,-34.81837122385743,4.353647197477639,9.562951158973188
TMS14F1012P0008,-41.66786822026263,1.388165927301072,20.910249566757845
TMS14F1013P0007,-30.2365322496112,-2.1246952478692656,34.083447107116314
TMS14F1014P0016,-44.496071708279,7.245825383011543,18.238319115429018
TMS14F1014P0017,-40.47287951655636,3.8931916961327473,27.487466173804425
TMS14F1016P0006,-21.96768389560404,20.863370894924437,6.995370962696584
TMS14F1019P0015,20.331267304266873,14.10693563595916,20.452250058084122
TMS14F1022P0003,-18.942629628537542,5.14684975278262,23.56519751305325
TMS14F1022P0006,21.93638292709291,21.555990755967162,17.813938772087383
TMS14F1035P0004,17.444562888322043,-0.7845523877734044,10.824763408752965
TMS14F1035P0007,20.80587590521354,2.9796946625781473,29.26275445008734
TMS14F1035P0008,31.501814653488385,-21.691112391781115,26.829199900784634
TMS14F1036P0004,-40.79611558598399,-12.441297954470965,13.27338049831461
TMS14F1036P0007,-36.83841637622582,-14.736938399814848,16.42275656969345
TMS14F1042P0001,17.929441140353052,15.51335488083562,16.832668924798398
TMS14F1042P0010,3.6113724283542727,11.789511241377253,8.222070408642818
TMS14F1049P0001,19.80216659506744,4.700561720158458,33.980861063818644
TMS14F1062P0002,20.503780718598545,22.600012652835126,-4.251190757441339
TMS14F1098P0013,9.822980653420597,15.297893790096648,-21.609660897907457
TMS14F1120P0003,1.2053482267149138,17.317757150375574,-4.493346851251279
TMS14F1125P0010,10.366578877904132,7.961403818360076,-8.100832810644128
TMS14F1131P0001,24.875693784467888,-3.179372460391332,-7.7036404097500455
TMS14F1146P0002,-44.12315080678289,2.3294144611426995,29.59317752326045
TMS14F1159P0003,24.09230787767458,-2.559405875650794,-34.80952003584428
TMS14F1171P0013,1.6618338701591193,10.774572175894281,-16.686959110274728
TMS14F1194P0002,19.866981650762565,-3.776483600914294,30.53496123542647
TMS14F1195P0004,-41.142381014071866,6.314158155204688,34.16270265087492
TMS14F1195P0005,-21.153748906887824,4.063965855491933,31.909974608976555
TMS14F1196P0003,7.282292326908903,14.198287030692821,14.60216414944323
TMS14F1201P0003,-6.635677660388785,13.674682021508133,6.9632881918994824
TMS14F1208P0003,22.120674049767782,19.400564787018517,-9.700390361804738
TMS14F1208P0007,20.51607209519777,27.38525601735602,-10.337552595755998
TMS14F1223P0007,22.418296331947626,23.85046637620222,-3.4834228855533813
TMS14F1224P0004,17.178188413912295,30.28249728488949,-4.957683406726856
TMS14F1255P0005,20.34813800306723,22.664766338714216,-26.077255976775824
TMS14F1262P0002,-38.40266358601337,7.068713576646923,21.67181288892269
TMS14F1278P0003,-39.69430017388924,2.2959113496639794,-21.515984023005302
TMS14F1283P0008,28.02252595369062,12.65850316335488,-22.544453099519664
TMS14F1283P0017,-36.142383792278544,-0.356949610020849,-14.569281071102552
TMS14F1284P0001,23.553972829844607,15.586593766581634,-28.265979541766274
TMS14F1284P0008,20.404054525831803,28.560839893044676,-26.8285105073739
TMS14F1284P0010,21.01057639081504,20.60509690220333,-16.641034663869238
TMS14F1284P0019,-41.26192939465517,0.02074411852134163,-22.02711148795661
TMS14F1285P0006,17.570954840654853,15.080489715147683,-32.09867324138505
TMS14F1285P0017,21.13985557826697,-0.5959650413791,-26.318126027726144
TMS14F1287P0008,-45.58839003787854,17.57652333684504,-6.024608636890583
TMS14F1288P0001,3.944955913911723,-16.889445253453182,26.08270617169359
TMS14F1288P0008,-8.674950690709384,-16.295193533236528,46.30979937811941
TMS14F1291P0003,21.00428718072834,4.5413936176457375,14.058930260156897
TMS14F1291P0011,22.687714438223388,-8.005439244756298,22.97565092139133
TMS14F1291P0012,-44.448647961815446,-4.403052715788441,17.92166141729499
TMS14F1292P0012,17.701932228705378,8.601037175252108,31.34833396851001
TMS14F1295P0012,-42.9421608455873,-1.8444429032613154,33.90045873126452
TMS14F1297P0019,17.10600762470136,20.289047194204706,-12.702576934364036
TMS14F1299P0007,14.524003301546882,26.17248677019464,-14.062296876227407
TMS14F1300P0002,18.779948865514047,26.727246121597204,-6.575711868796691
TMS14F1300P0008,-46.038195287330026,17.472951247890364,-20.650929253474644
TMS14F1301P0004,-44.435088563456574,-12.350524040094038,13.975325470158692
TMS14F1301P0013,-44.204867104734326,-16.69358361634275,16.92608127531758
TMS14F1303P0012,-39.628670691883784,-10.233733451219427,-3.7622939432888707
TMS14F1306P0008,-41.301287477744324,-8.662918204087225,34.04997344292687
TMS14F1306P0015,-17.630204865615063,0.590611053597676,34.34111498495904
TMS14F1306P0020,15.265748065709735,19.239770339198415,12.007103717057818
TMS14F1310P0004,9.449108323426131,10.456468674256922,18.329006295878532
TMS14F1310P0015,-39.522925219716306,-9.147272341744227,25.964542042266327
TMS14F1311P0002,-44.90143304241133,-3.8822973012923927,9.335485122026691
TMS14F1312P0003,-36.98495918730337,-11.27207305117864,-1.5913718418318803
TMS15F1001P0001,35.01790686564422,-0.2664730171688522,47.82102517285669
TMS15F1001P0003,25.80173855088884,6.283014350593477,54.01975072845231
TMS15F1003P0006,42.81724401377143,27.426812759640363,35.702888190644416
TMS15F1004P0012,-28.50161120106103,-11.53478789059635,59.17046834854216
TMS15F1011P0005,26.70484867179155,-3.415159550546469,0.666128800758296
TMS15F1012P0001,3.981683217738899,-8.674009906763688,4.456467382675847
TMS15F1017P0004,23.187186249563073,14.991767069892951,6.305738417952386
TMS15F1017P0011,23.115653492536158,16.55599950984895,-0.3823709070619232
TMS15F1021P0002,33.0222276950372,10.709107609296183,-28.743495409402133
TMS15F1021P0003,42.813542611439026,7.090938453066503,-22.60371521758436
TMS15F1021P0009,88.69466577483318,37.095903494783435,-27.140101497171162
TMS15F1021P0011,36.61418912016434,18.310173841636818,-21.039114663071754
TMS15F1021P0013,29.283923402976598,14.223484157706293,-23.318279694500156
TMS15F1021P0028,-24.761581928598122,5.133900167924115,-18.960899015380505
TMS15F1021P0037,31.67589032349448,15.13798497664926,-18.453546056049664
TMS15F1023P0010,-28.29747149771963,1.7710059049223814,3.944510805520036
TMS15F1025P0001,28.262460817551325,15.46831204372254,1.6625887561927322
TMS15F1025P0002,21.97506019006531,6.428589882581689,12.003848912526076
TMS15F1029P0001,56.86764795651047,22.533072790967353,-19.442308634626922
TMS15F1040P0005,21.547026086166476,24.80896422108312,-17.411049852695527
TMS15F1051P0007,87.4651545652544,51.81053516303177,2.914846387298161
TMS15F1064P0001,-42.48898342901535,-4.963291328122989,35.86520147449388
TMS15F1067P0013,-41.85611211046878,8.46030111173276,7.818944392228431
TMS15F1069P0001,88.24341669720742,43.689317796048485,15.245053407328967
TMS15F1069P0007,41.3585372447981,17.750619512000693,37.735664791096134
TMS15F1071P0003,24.10578462592453,20.94017472669426,12.406328071720385
TMS15F1071P0045,-41.09273881705696,13.173051911489026,2.157498164228975
TMS15F1072P0005,23.049989374933816,33.15949064242534,6.139793089246018
TMS15F1072P0009,88.97911581477828,42.30508353044234,3.2376176851100356
TMS15F1072P0018,27.564072699479468,29.911348491626804,8.00281134437908
TMS15F1072P0027,27.90009643205573,30.597201466733743,18.413600099683755
TMS15F1073P0003,-43.12615541094421,6.05999717071759,20.04871449923462
TMS15F1073P0005,22.066342576486075,11.085185487173073,21.776975777206314
TMS15F1075P0012,22.700831084118715,15.934602507031043,-9.46770174341422
TMS15F1077P0013,-38.80207666369958,-1.188611054169046,34.7437475632228
TMS15F1079P0008,22.087573079947603,13.310456183139593,6.554097167270322
TMS15F1079P0016,-41.277756746360176,9.363795144993338,7.168483456880768
TMS15F1079P0020,24.671749213015595,8.747620427230489,22.642268771749684
TMS15F1079P0025,-14.183047673685936,-4.651704082196013,23.794826857393964
TMS15F1080P0004,42.04353355585279,16.347015961405273,-12.66131384688536
TMS15F1081P0002,-39.482681625031745,-1.1181929720401937,12.153914044968088
TMS15F1081P0003,17.677340384776546,17.883333117501948,5.363946422832111
TMS15F1082P0002,21.857020456054357,22.953306935592817,26.27678161900774
TMS15F1085P0005,26.460242084246158,5.620401036167859,34.91590644381676
TMS15F1092P0001,33.78260091564538,12.5748258997575,-4.925383300667921
TMS15F1092P0016,32.53113700980499,31.856011521475335,-0.9532266663050383
TMS15F1092P0026,-31.959940379267685,6.209460037156619,-16.46339236350585
TMS15F1100P0005,22.258764375269408,25.3222267807245,2.063001618182984
TMS15F1102P0002,29.50259151655721,9.371817290168567,1.727064085309619
TMS15F1102P0006,30.127581584596317,7.346707614076006,1.7742424202646447
TMS15F1104P0006,31.954953438683713,19.088891933433317,-17.35740463558124
TMS15F1105P0002,24.767819845960027,19.821320241329882,-2.6228806803985
TMS15F1107P0002,26.723713142994637,10.012159916077733,14.082773746830807
TMS15F1107P0004,24.03840759537198,19.38850828620824,13.2685761210278
TMS15F1109P0003,19.347236728874872,12.049893820952283,-4.093886412227935
TMS15F1109P0004,-38.08912062922865,-1.2454465362956504,13.798315506831157
TMS15F1112P0007,-39.029605826744195,12.68477314432896,51.86370542261994
TMS15F1117P0001,18.94242567563672,15.167358431666747,4.014835629348229
TMS15F1121P0038,27.31875598509623,18.131518493479795,14.765129881897446
TMS15F1124P0001,20.067950949050775,16.993936098334306,18.42295665480414
TMS15F1126P0007,7.160001889611772,11.553971755693174,6.902796467856562
TMS15F1126P0008,16.116759603093797,7.494718020375108,2.6514818590382703
TMS15F1127P0002,-28.355857012379122,-4.38231916568591,40.57456783368176
TMS15F1127P0013,-28.885344201668264,-7.919979670655898,37.79787668022915
TMS15F1128P0006,-27.71257623571702,1.1374136166348285,-0.4167964833321821
TMS15F1129P0009,24.060283249963113,0.09848864950879879,7.940044335450461
TMS15F1130P0012,-34.47752612099776,4.128322660931311,28.972739771088815
TMS15F1132P0001,1.8830503984195694,6.755006110640553,13.807062033370466
TMS15F1132P0011,-35.69547931845213,7.472036339202409,10.909057447941189
TMS15F1132P0013,-38.52540446596218,-17.4785798795377,24.965959307790534
TMS15F1135P0014,3.8325242744949053,18.567226204700724,3.8645012009369517
TMS15F1142P0001,-7.391842208965,4.62699227047986,17.213541045344073
TMS15F1142P0006,-15.493836675404395,15.75207658939894,22.20265917484635
TMS15F1142P0008,-40.08037881937859,5.983317278718765,18.501114989297335
TMS15F1142P0012,19.382384909608493,14.654767436441595,15.395187164432766
TMS15F1143P0001,16.528491347754528,25.827375547381003,16.93245631538207
TMS15F1143P0004,19.993253251285427,27.967299321409428,36.944125248696466
TMS15F1144P0006,-33.798654561824286,5.853103354308922,28.279247687878595
TMS15F1145P0002,32.16837901483566,11.840994861957507,17.435097781852075
TMS15F1146P0001,-40.01873397602155,-2.3956114370680264,2.237372250396161
TMS15F1148P0003,-30.577641332568408,-8.834291976314873,34.8014091788043
TMS15F1153P0009,42.19741626010771,39.68663867015844,31.489229562752307
TMS15F1153P0022,35.4145646125567,31.947228503200616,19.785077217806098
TMS15F1153P0031,30.722953886604525,35.79402463527005,26.018040682532142
TMS15F1154P0001,28.021215780098455,26.10947281950046,3.6994190806223655
TMS15F1154P0002,29.783500525009174,29.731576990448502,5.1238928868346685
TMS15F1154P0005,26.72297025437287,27.880698035056025,-4.222105403421068
TMS15F1154P0012,57.13313076489699,35.65224021871092,5.024731492595928
TMS15F1154P0015,27.942004816715894,22.776253276301105,9.350337284361025
TMS15F1156P0003,27.280522325840675,15.634147721193722,30.014691825810267
TMS15F1156P0005,24.912696099180458,26.794615122698488,20.92937040595277
TMS15F1156P0006,27.424677294280638,26.293150057459624,32.75116256129757
TMS15F1156P0007,26.631072274014336,30.727000237128166,31.355739307840988
TMS15F1156P0014,79.30613859471552,33.27587827497181,24.316954828201325
TMS15F1158P0006,58.1529002343374,39.36902407704875,13.856187941281512
TMS15F1159P0001,70.01821705485197,39.11148255246111,7.968199384989414
TMS15F1159P0003,25.592748830387734,31.411319071277905,9.244559209861674
TMS15F1159P0006,26.550767237588452,37.824675272996956,11.398697716994016
TMS15F1160P0005,31.986908540343848,27.400623160614078,-0.15656453713312857
TMS15F1160P0010,32.38934632290284,34.41744703083242,5.062794211252886
TMS15F1162P0001,-38.89887593337803,2.2123413679345387,24.02077485639201
TMS15F1172P0005,12.677279917042586,-11.445744880040667,-35.42284715035321
TMS15F1172P0010,37.28673034069066,-6.539659590219298,-7.852394770632595
TMS15F1177P0004,-15.722866890604864,15.213007121131847,-25.527865520725758
TMS15F1179P0001,-36.28949660099157,19.81868235646056,-6.04802690051959
TMS15F1179P0015,-27.658402480179568,21.950799819270323,-12.438540425651832
TMS15F1179P0047,-43.25250852223426,14.882082692978262,-11.681219299711419
TMS15F1181P0009,6.008781568078764,26.19223759473842,-17.08832623266509
TMS15F1188P0001,21.395984395052718,25.648417795236263,-2.2563413909285597
TMS15F1190P0001,-37.667196366549625,-12.95024147761858,-17.34606343561764
TMS15F1191P0001,67.24068801882335,22.97118600358759,-3.674932445412357
TMS15F1195P0001,-6.858592663576186,-0.2359495971629422,-10.051187103329282
TMS15F1195P0006,-11.544352170543108,0.37302188827280486,-10.099986436320727
TMS15F1195P0009,23.615209926519835,14.144583162436152,-8.70972008858702
TMS15F1196P0010,5.780026109123771,0.44104426341495273,-15.69980146284813
TMS15F1196P0012,-38.19219454895119,-11.299869078992126,-8.59829544392545
TMS15F1196P0016,-36.142027242606886,-16.226427054347198,8.357055088398408
TMS15F1197P0006,8.519753751101819,27.263249594958175,-2.6615839860147346
TMS15F1197P0022,67.1126167887642,37.257766189673504,-16.104778444179747
TMS15F1199P0007,-41.5169678937613,16.9731365806999,-9.022250278342742
TMS15F1201P0009,81.44169198761999,32.11141618367278,-27.033254629701595
TMS15F1204P0005,-33.546410316386684,-13.525928551854001,2.6440146953074786
TMS15F1212P0001,32.524975666943945,-5.122201015683385,-28.509575998643463
TMS15F1213P0001,17.824451980299894,2.95482276689473,-17.486012922507616
TMS15F1214P0002,84.72886932666201,13.793325284846834,-22.367570980277787
TMS15F1215P0002,70.70614650833538,22.83751367035658,-8.012784657084003
TMS15F1218P0001,21.962883382666604,22.585753248662403,-2.4832085231567924
TMS15F1221P0002,76.4825605164654,41.732183714738866,-19.183865841585746
TMS15F1224P0005,-4.802869109726498,11.833619591726963,-11.141691547235716
TMS15F1225P0004,66.36116048255094,26.66116011564408,-33.06150258095137
TMS15F1228P0006,34.14495311699952,-4.46226009207734,-33.173426734574576
TMS15F1228P0011,28.508322529364463,-15.0639801701345,-39.9095011956517
TMS15F1229P0015,49.652100092695314,22.952003599914296,-16.47419702324082
TMS15F1230P0005,-37.73406497315283,4.608737533604792,-16.528735624641484
TMS15F1230P0006,-38.965000329015226,-10.725856850078387,-26.54864041576159
TMS15F1230P0021,-15.368638929560005,12.732545883991522,-26.954308518339474
TMS15F1234P0001,7.707634040119282,18.016690511602874,-19.029970465658288
TMS15F1236P0001,35.58378566217018,3.571376604404192,-20.67082692550339
TMS15F1236P0005,-31.61134846845446,-15.480273702884508,-30.948128602746486
TMS15F1236P0007,12.805427456949344,-18.80469434443306,-30.89538647933394
TMS15F1240P0003,8.57235318055107,10.776050661674894,3.5628149423219835
TMS15F1241P0005,57.80591569638264,-14.256217178915652,-35.01209662385337
TMS15F1242P0002,-15.28077957606939,16.405573266360552,-13.729891790567219
TMS15F1244P0004,72.87668324824375,19.57638182481915,-28.609995673602285
TMS15F1244P0005,10.954167828772524,8.525754231103683,-28.589338136730618
TMS15F1244P0010,68.34330609233936,20.249252049557608,-27.028581139499327
TMS15F1244P0013,24.24483698806599,14.027850216609963,-27.274085131337554
TMS15F1245P0009,28.093765398496398,3.183220012029816,-24.267473876713602
TMS15F1245P0018,-5.762804467098669,10.178131786868086,-27.91514133017447
TMS15F1251P0001,-14.105156962515396,-9.439684005928735,-21.304428127944252
TMS15F1253P0003,8.502858057855057,11.948992433521498,-28.20553632166717
TMS15F1253P0006,4.929395715744247,18.98510350077528,-27.334104811030883
TMS15F1254P0006,22.78545781427652,11.427153413175134,-16.688194905041506
TMS15F1256P0011,-36.64468050303794,8.490454565718304,-12.506783336493372
TMS15F1257P0001,86.7164140234066,21.418965574256752,-23.281326034631363
TMS15F1257P0005,-38.702175617691985,3.844006041739404,-15.05987147347466
TMS15F1259P0003,-15.726054041894388,16.126824267489194,-10.386583667011974
TMS15F1259P0005,22.15689315054294,16.223281538902118,-5.702655490971395
TMS15F1260P0001,-1.714604612187248,22.569863994741347,-12.149447873535788
TMS15F1266P0009,22.925939991954692,11.103048602852056,-2.214729888424612
TMS15F1269P0004,27.227817402417923,24.915042380478887,32.565893265802316
TMS15F1271P0002,29.98377669292323,20.762974933309888,39.987918021878734
TMS15F1276P0003,-35.62480441329955,7.244633326049629,-2.477200991927737
TMS15F1276P0004,30.60565838039872,12.9737886182293,-11.078452987751877
TMS15F1279P0001,21.08061358471636,15.149125424626106,14.199135978847385
TMS15F1279P0006,21.779749877226077,12.051462096420401,8.795925845343781
TMS15F1284P0001,32.69303742791484,19.32949222765633,-8.235680690468604
TMS15F1286P0011,26.34895624375445,10.051074852281724,8.853993294762764
TMS15F1286P0012,31.275890390506916,18.605235943435805,47.24831870420445
TMS15F1288P0002,-35.79634117309823,-12.493485692291053,27.86426024476721
TMS15F1290P0005,-32.697095743395174,-16.803183670827654,8.526955688219108
TMS15F1290P0009,25.512984888069667,5.093434931080233,4.649899495560484
TMS15F1294P0001,27.18201596937806,20.369865701016018,35.40246414142548
TMS15F1295P0001,26.398015223350427,27.17650871616445,22.226413056957778
TMS15F1295P0004,22.01862543965527,18.606295603855912,27.26729999675583
TMS15F1295P0009,25.95155913124994,22.48993560478116,42.394706915866514
TMS15F1295P0017,24.726728469093974,31.984691509114583,24.507725318436027
TMS15F1296P0003,28.88135095296407,24.99369084692122,25.92976210466265
TMS15F1298P0001,26.070810576610512,19.070998362717543,28.748101396510933
TMS15F1298P0003,27.653702928259776,16.931088595712755,38.29600322893757
TMS15F1300P0002,24.45775853268888,29.194754292222804,32.81558703306395
TMS15F1301P0002,-41.17188209764876,-12.387151895338775,27.41314371182438
TMS15F1302P0018,24.07140963384279,22.774672938689452,27.8472109449349
TMS15F1302P0020,24.660580396819366,18.074214481341098,28.724302445479694
TMS15F1302P0027,26.08601151101997,21.47052489135078,33.736177422887096
TMS15F1303P0005,-33.24366405005103,4.092954098560324,8.512732467191345
TMS15F1305P0002,29.952868599477956,21.23736767758694,36.180586519112076
TMS15F1305P0012,31.492278816140256,18.704065933958113,23.224682493282337
TMS15F1305P0013,26.299098546077897,24.291575528442657,37.66102735003616
TMS15F1305P0021,27.412763980870555,27.54969548487304,42.33852444310461
TMS15F1307P0003,22.97065097095391,31.777777810607674,37.70036948811207
TMS15F1310P0008,18.743880805363144,13.668529651785082,38.09154451437304
TMS15F1310P0019,16.47826299766355,8.58613832029374,32.37528765394038
TMS15F1310P0021,-42.61069152456123,2.778163785563445,38.47890177702766
TMS15F1310P0023,11.052961136421768,21.086195911614436,25.316639878073083
TMS15F1312P0001,5.665844801814916,3.9482232803972597,-2.6575070001236516
TMS15F1313P0002,24.01475013881082,2.5324654750918727,21.662400830936292
TMS15F1315P0002,16.137347748250413,22.569335023957688,1.8275739087530258
TMS15F1316P0001,21.818023270592334,7.670784845749377,14.5839928245107
TMS15F1316P0009,26.885890836666075,1.5597321162807796,23.692027725678386
TMS15F1316P0014,-28.255737015115884,-3.2750365716538274,40.09603482269678
TMS15F1317P0002,-29.72002201692506,0.8939101112014642,36.042396182517486
TMS15F1317P0003,20.10138098146627,21.986475572229132,16.569243389070863
TMS15F1318P0007,-31.73652725415872,-3.8670347015753306,48.62856913161545
TMS15F1318P0011,-32.49028631039022,2.0259863536218385,35.404529532412234
TMS15F1318P0019,22.38612291869566,16.887934422239795,35.60749642196599
TMS15F1319P0001,-35.299607416394124,4.7866676226638125,-21.605277215436526
TMS15F1321P0001,-34.69061331484639,-10.206467607906886,19.649226969687362
TMS15F1323P0004,16.76788972014758,29.124773381190195,-17.736440854692592
TMS15F1324P0004,19.67933493124238,17.777906251412332,-9.389334420960726
TMS15F1324P0008,-34.62706991512944,-0.6426617237989842,-10.966560755995271
TMS15F1326P0004,52.30799393333711,-8.02880629057421,-26.18680394549238
TMS15F1328P0001,27.51061479015377,12.718696146119978,-10.768661902704183
TMS15F1329P0005,21.10539735371074,-1.3154579463339762,-1.8389694323308572
TMS15F1331P0003,-30.76775488423201,1.2951919659588165,36.91659097529236
TMS15F1334P0004,-40.267949318432365,-12.399286149925546,17.58077642812812
TMS15F1335P0001,-34.571671621289134,6.215842245036093,34.31399005234723
TMS15F1336P0002,5.234439318097513,4.95593741703352,-29.28839587098985
TMS15F1344P0003,23.082640843977757,16.81377159725659,3.970651207452679
TMS15F1344P0008,-21.52799033389736,-16.128015861809253,23.72596201448967
TMS15F1344P0010,12.074591772896289,1.0869024247051529,23.62528294716729
TMS15F1345P0002,24.99404925645841,21.356593171068376,-7.250794907084808
TMS15F1349P0001,-37.81658047666556,6.111211495229831,-24.581871714649136
TMS15F1351P0003,21.903573186617148,5.674159431774782,-0.04195897158431099
TMS15F1352P0002,11.947010219027666,21.205094781513328,-29.938590146203243
TMS15F1354P0001,-39.32786547061084,12.165419631116674,10.094912038923725
TMS15F1356P0003,-37.11148038873618,-7.636534380972853,18.504992916567566
TMS15F1357P0001,63.68262730438752,17.175875835088036,-10.474009270133475
TMS15F1364P0004,-16.929976001615945,-3.105056257681972,12.120785774563398
TMS15F1365P0003,31.582198458537484,8.654685051162499,-31.434861967890395
TMS15F1367P0001,-0.44300122104852857,2.2902377324809455,-32.03443438819036
TMS15F1368P0002,-7.291420575876344,12.457132788048106,-22.164246321096254
TMS15F1370P0002,31.962748914889932,1.2851838269094034,-25.61233147883464
TMS15F1370P0004,55.35273213932391,32.70689819797847,9.031310078851869
TMS15F1370P0007,25.686400625991784,2.8022523001911264,-8.740372799148945
TMS15F1371P0002,19.21793947497775,7.782494287295389,-10.311029066119428
TMS15F1374P0004,-9.606210638141144,-7.084260221094866,6.785597892712337
TMS15F1378P0006,14.55792943021428,-0.8921374090435734,4.015636566938425
TMS15F1379P0004,82.67575066183655,22.09824207318757,-29.07557125493772
TMS15F1380P0002,-41.883923401153424,16.30814365351301,-1.3810258235930932
TMS15F1381P0007,49.43913564189677,12.645511042521802,-14.29271862847366
TMS15F1381P0010,25.87108063176132,-3.7789636891869707,-25.457489155836793
TMS15F1386P0002,23.23412946431397,15.536464625893652,-9.529126221508246
TMS15F1390P0003,-29.30559308439436,14.739112177033283,-14.513211355775244
TMS15F1390P0007,-12.360036335431039,20.38602778824548,-7.3005188528381995
TMS15F1392P0001,17.820488665460722,18.64018793208831,9.551892237581107
TMS15F1392P0002,73.18398051737957,34.9746491547473,-8.953423274842658
TMS15F1393P0002,3.854513297061814,18.931788636071424,-10.198918007766327
TMS15F1393P0007,64.81083615815213,24.93676921291397,8.442797124782865
TMS15F1394P0007,19.811730061798915,5.3104298083047015,-19.556517580995237
TMS15F1394P0012,31.295474661131266,-8.414983005217271,-25.663077504145434
TMS15F1396P0001,63.86838250829359,27.53660092005279,-46.2321482734414
TMS15F1396P0004,82.33229691276465,35.32979583752518,-40.558228358385506
TMS15F1398P0008,10.689784416511378,-4.314397743669783,-30.794873089003833
TMS15F1400P0002,22.840630321443783,18.777427320710295,-25.808603725492702
TMS15F1400P0015,7.6431282347884215,22.248665793798835,-24.039054256514646
TMS15F1400P0021,69.21315821663933,25.551876269475358,-37.91369072815735
TMS15F1400P0030,22.50529022259839,26.49351160960796,-26.798332799198214
TMS15F1401P0002,70.80892718209368,10.058032436284984,3.243015858339614
TMS15F1403P0005,-44.55652701891025,8.150152085849225,-2.358458435458429
TMS15F1403P0010,-38.710253536601016,5.837671028994317,13.241333784093035
TMS15F1403P0018,5.851264742374552,9.287721161989092,18.5877048490841
TMS15F1403P0019,-40.50385331270733,7.431593108804318,10.336641286470973
TMS15F1404P0007,-17.449583801670833,7.195279352859804,-4.465221207289689
TMS15F1420P0011,11.98648564873623,9.084926441963306,-9.120272255272644
TMS15F1424P0002,7.127632837620987,7.599501899147398,-23.65150174653573
TMS15F1424P0004,86.39680067242153,22.316448977560857,-25.344174960176403
TMS15F1424P0015,22.297296921664888,18.968306636947133,-24.490564766926394
TMS15F1425P0005,82.20722323909393,44.741565903615964,-30.846917132164116
TMS15F1427P0003,28.89359284400919,22.977875062151956,-3.911963812886082
TMS15F1429P0002,-5.937692029106716,3.148028126902233,0.06833360779012693
TMS15F1440P0003,20.70721743985592,5.61421923609205,-27.079736145391017
TMS15F1442P0004,-24.43992790796026,-0.7696331512869052,5.666237199273186
TMS15F1452P0005,-45.3046277961304,11.273464485668365,7.314436457654829
TMS15F1474P0007,23.365469147182917,6.972291095842396,-25.76458040277791
TMS15F1475P0011,-11.589705749934511,1.1843301424688064,-15.887120325895681
TMS16F1016P0007,-20.440397808294232,20.897609730354247,5.921306477472754
TMS17F1028P0001,19.26269133641333,9.020459884771887,-25.278067446874033
TMS17F1034P0003,-16.663046779979428,-1.5556815297673392,11.964065154010234
TMS17F1055P0019,27.464490755427924,6.992314999688026,13.542710366745002
TMS17F1061P0067,-29.761134967896623,-3.2396076055966283,-9.221580955982196
TMS17F1071P0008,22.405559464287464,9.559086231368395,4.8427565921152285
TMS17F1194P0005,10.61816318714175,23.01191757854424,-5.732448858822824
TMS17F1283P0010,29.478549061327197,5.276740832208364,18.96397722296515
TMS17F1308P0012,72.40889869736348,18.611359512667917,6.818864088732403
TMS17F1322P0001,47.1883003074812,21.69524097669316,-2.749437738013193
TMS17F1362P0002,-47.331789664356585,-5.388840168240105,-37.14010413715152
TMS17F1362P0015,20.947948981907185,-6.650025658723985,-45.14075917637308
TMS17F1363P0001,-39.60053238149384,-1.5538016201262879,-8.090496628905932
TMS17F1364P0003,-36.573953549479,-3.8923129716732685,-33.65833178851326
TMS17F1366P0037,25.262951531432485,0.9298841923987475,-26.790402392910806
TMS17F1375P0052,28.01343398997695,-15.476990522490885,-9.859199188713584
TMS17F1377P0009,-20.08283288886837,-5.713078357948708,8.690646370234361
TMS17F1386P0069,15.402506004774718,6.646252044028557,-14.061884063310698
TMS17F1387P0008,23.950160024545465,14.248885430027817,-15.9307593634475
TMS17F1388P0034,-41.102990812813346,4.92187528962553,-18.17107870249282
TMS17F1395P0019,-31.9662560011733,5.89686164048689,4.054741466796068
TMS17F1409P0014,-17.745359548203282,-16.7246024106506,0.975560641497515
TMS17F1411P0006,-33.09710645259109,-21.265545238137964,1.0339944030230939
TMS17F1411P0063,23.62475487845039,-4.804705536106766,-4.7490957822263224
TMS17F1413P0007,-30.652314184384533,-7.1331419476798485,-2.8915921619265452
TMS17F1416P0007,26.817141554917043,-13.18009888641934,-4.3245846715514595
TMS17F1416P0013,-34.003061886513336,-17.975035109791264,5.090180511354846
TMS17F1419P0077,-31.47930444068993,9.867947445420102,2.162346932199174
TMS17F1420P0003,-12.877186475586191,-0.7991852706367745,23.70827385399626
TMS17F1439P0047,-9.096736386414237,7.260122727620282,-6.399489065844931
TMS17F1439P0095,-40.041598016251896,7.606844606674898,-11.800063067088105
TMS17F1454P0036,-41.991908570991846,-18.337099107122075,-26.31406016818343
TMS17F1467P0005,12.038554761302887,16.750388377524878,-35.531901317132274
TMS17F1477P0001,12.715559467344201,33.557300071757794,-12.771707795175896
TMS17F1477P0045,17.15551075049423,26.860355855268555,-3.685768517235722
TMS17F1482P0027,-35.884347096549156,8.568257956740437,-7.211131769984373
TMS17F1533P0001,11.732715157645595,19.525724445687395,-3.1741905693397725
TMS17F1566P0010,-16.61088615913331,9.619675277032517,-12.590814287835666
TMS18F1001P0014,-30.905695543167237,15.476736755942083,23.974257046972912
TMS18F1001P0020,-31.20912355432678,13.76844671014992,22.03934521839185
TMS18F1002P0005,12.554012349332414,-4.584802768997991,6.6679514969114235
TMS18F1002P0021,25.908744765670903,4.0424599197351965,-9.390427637293556
TMS18F1003P0003,27.796793872632318,-40.80807971831899,17.4644353137051
TMS18F1003P0009,26.838347128512357,12.83576604547727,-30.27066496966003
TMS18F1003P0010,18.36294842892911,-2.6852756263250104,-0.09463496340010445
TMS18F1003P0014,-2.5682776356841854,6.0495461961698815,-8.881827729829514
TMS18F1004P0008,-4.223887040613052,5.771619963994948,8.536125884340182
TMS18F1004P0010,45.655125840826074,20.790427574886994,5.140364763357909
TMS18F1005P0023,29.934808602612264,13.156228580900855,-7.112995536165107
TMS18F1006P0009,38.26121505295751,28.973146693435293,-16.029898605988116
TMS18F1007P0004,-35.18923695960415,-46.65173278174795,29.115971509391844
TMS18F1007P0005,22.775149714056347,14.876950579919141,5.878811479505491
TMS18F1008P0012,27.962734585463693,1.7300614726159256,-20.068736659575904
TMS18F1009P0028,31.939217811698352,17.753422650991237,25.808477394403624
TMS18F1010P0005,24.30189750778364,17.649437911734367,21.02137402212506
TMS18F1010P0011,-2.639371827795784,7.335047840806866,32.69223471909377
TMS18F1010P0027,14.144872379097391,19.91079759839496,25.087655402497855
TMS18F1010P0030,31.08358088861613,24.196882518051723,30.46342526443988
TMS18F1015P0015,9.998359070889494,18.069985196459008,-4.029883772589644
TMS18F1016P0010,12.736798779473629,10.81919894833003,5.206397207772776
TMS18F1018P0001,16.560096068290008,11.298801133285755,-34.78191178606705
TMS18F1019P0018,6.016051205990486,19.45347609587691,16.54838613900707
TMS18F1020P0026,55.319447379306446,13.916966777413899,-12.048958624148447
TMS18F1020P0027,57.10664843158519,10.12595156876319,-7.003871514215806
TMS18F1020P0033,80.68669365162052,14.607256458559055,-15.724715548952659
TMS18F1024P0020,-26.834391093885383,14.817951632473013,11.449907994301643
TMS18F1025P0024,24.26150258114918,33.10605384064546,2.7327466543967076
TMS18F1025P0029,77.13916299346577,38.18244260388853,10.48946326687678
TMS18F1025P0038,27.74283919696981,19.621318827286455,-18.330866049068586
TMS18F1025P0041,79.62717703381367,38.30203049900883,1.9630800025896133
TMS18F1026P0009,73.52959137258085,18.825948936142105,-31.300752527554952
TMS18F1026P0014,22.201645509667856,23.47608823382468,-6.778448902297003
TMS18F1028P0003,18.384234277682943,11.339309634758067,-32.340196360898645
TMS18F1028P0030,59.02650287334358,27.6674647763913,-1.3609561049394465
TMS18F1028P0033,92.55042241527521,32.71994407956066,19.823591759414285
TMS18F1033P0018,24.773508300621547,6.183479342662561,-0.672877898331647
TMS18F1035P0011,11.182774377613006,14.650890397323451,14.953230417535481
TMS18F1037P0025,-30.3179751086684,-19.212812699668362,8.398378354058357
TMS18F1037P0037,-13.170512765470278,-1.8715250309758915,-5.709421446158492
TMS18F1037P0043,-15.247715008173435,-2.2832679473040987,-11.043879876181725
TMS18F1038P0010,16.286884416083492,-29.526937152346513,13.576825326373873
TMS18F1038P0056,21.89849807764988,-44.60603619465916,27.884093165171706
TMS18F1038P0078,2.09185817990614,13.336538847763647,17.063141629699327
TMS18F1038P0087,51.736298903008084,24.292977242138743,22.020746285980174
TMS18F1039P0021,27.79623588332594,19.66200104499862,4.143251341920409
TMS18F1040P0005,13.666866511991612,7.238081534297924,4.2580949249970095
TMS18F1040P0032,32.835728752542536,15.159511926572016,2.4936987727946156
TMS18F1040P0043,45.47379707270038,17.732886479931132,14.719032579563434
TMS18F1040P0044,-34.6843671072022,-42.48460587361625,-6.2876244543078315
TMS18F1040P0047,-16.983446259622283,2.3219904140527983,20.28869233545824
TMS18F1040P0052,26.232300579734847,11.26397319819598,12.11230748035829
TMS18F1040P0054,-21.062046357600327,-0.26687521236777184,22.525956199686178
TMS18F1040P0057,-23.825987216850137,7.807443579941541,12.517819307024643
TMS18F1040P0063,-21.875733715378686,-3.7421342479569315,8.886008406060858
TMS18F1040P0064,5.5533109837718335,12.631487862018709,9.285581574475767
TMS18F1040P0067,16.07660284006036,0.034083282049624825,17.63173797965718
TMS18F1040P0069,90.53599001071316,27.321206590596123,12.285304606648264
TMS18F1041P0002,17.027173380092155,14.23392196559693,-34.29406239295949
TMS18F1041P0005,29.203517154138282,35.271524735330566,9.598341768314725
TMS18F1042P0009,55.92462118340437,6.1799553737888955,-24.271050507516286
TMS18F1044P0013,25.68403898967341,-26.059674628269455,9.006430726834115
TMS18F1046P0001,82.16325818372668,37.770562113602885,16.381313659540282
TMS18F1047P0012,-11.03208183893659,-40.823899414468066,-8.919289686150393
TMS18F1047P0024,3.7979594330216604,11.791143798381524,-11.531072386434106
TMS18F1047P0042,20.73480498035271,0.25890550900839765,16.2707180122962
TMS18F1047P0045,-27.419323704799126,-43.24663017503431,34.624046193260256
TMS18F1047P0046,-45.01653899412194,-14.56682752282393,-48.722852071851726
TMS18F1047P0049,37.875993803420975,-54.18826047228111,40.621524982647976
TMS18F1047P0062,68.49697015125687,15.268000536092542,-28.030690874083433
TMS18F1048P0023,12.4397522398112,12.477119119652377,-12.821997390250651
TMS18F1049P0022,36.21687925540899,53.774180845952195,-7.003610544774933
TMS18F1051P0037,16.338808935554336,25.553484563000453,1.4372242137604025
TMS18F1051P0039,29.35066227015487,21.75741541112135,10.365586407651863
TMS18F1051P0059,49.12682446065341,26.497187448692507,12.12645679846574
TMS18F1051P0063,18.15596629463373,23.09212670590385,7.581806687950816
TMS18F1051P0069,26.44792530216987,27.123469299826745,-0.8223979261263681
TMS18F1051P0072,18.880002427050396,22.52562770764795,2.198992674228044
TMS18F1055P0036,5.766047263202928,16.29640808772473,5.215312056850967
TMS18F1055P0044,41.41899131295036,12.885871955331906,-20.682301541283422
TMS18F1056P0016,73.56245746641312,15.65944681342757,-23.024644909404714
TMS18F1056P0019,19.90558255554174,2.5670426458334132,-43.63397288000334
TMS18F1056P0032,-42.733185738455084,-17.46366118875783,-24.130488266233012
TMS18F1056P0040,66.9250678462491,32.8257561010198,-34.394792276316736
TMS18F1056P0050,-48.82178119445532,8.79871073440419,-33.98989030194716
TMS18F1056P0052,76.14195046964716,24.411182699372546,-34.63269399394588
TMS18F1056P0053,30.20162906943451,17.204857091711673,-20.487163955390212
TMS18F1056P0057,24.169442613847025,5.065807493432662,-13.814059938338536
TMS18F1056P0064,10.77308402075559,10.706055879741482,-26.98622180659933
TMS18F1056P0065,34.67583083223043,7.152634984265812,-19.918532115061204
TMS18F1056P0066,8.450907475467874,-4.964842380261495,-4.168959778383683
TMS18F1056P0077,10.30295895220501,9.299055202393319,-19.572203137955746
TMS18F1057P0025,88.4780780136634,60.964942830149944,3.4046553040467162
TMS18F1057P0030,91.39376380266101,44.10834418226241,33.73832107310068
TMS18F1057P0033,35.36284160475852,32.560336281393774,27.632359659989145
TMS18F1057P0037,-19.756670971040705,25.53457928858415,10.391110295822346
TMS18F1058P0019,26.160926775998266,13.811711095319962,-7.166743009076039
TMS18F1058P0020,-38.98132585352048,-5.062397392539029,28.550623951528234
TMS18F1059P0010,86.35791504291129,52.114802147515114,-0.21428372416617322
TMS18F1059P0012,79.3959816149071,43.23643213841409,19.437043618130808
TMS18F1059P0013,38.86677029613486,37.84708787370451,5.1151783969066535
TMS18F1059P0015,-24.74174481614897,26.172610816328056,32.86640043570326
TMS18F1060P0067,29.267361192882163,-40.42978765329875,39.368884538030265
TMS18F1060P0068,67.14581388942935,27.855827251790586,6.243387688229607
TMS18F1063P0008,-34.13634353341447,-49.99704378426693,1.849853908347147
TMS18F1063P0009,-27.92363084269041,26.720407290314405,9.257604320222953
TMS18F1064P0027,-25.389557376100374,-47.20425738394158,21.10668683523088
TMS18F1065P0026,-8.201424928035864,14.146076264214006,-0.6443364666124406
TMS18F1065P0032,22.825182726846474,8.46084437105933,11.275055725447041
TMS18F1065P0035,-17.398157651406372,-1.027435952379572,11.464326917738124
TMS18F1065P0037,-11.582066197352042,16.073179307486775,-23.222505982330123
TMS18F1066P0022,-35.233787895929524,1.1844283531258066,13.006523164863243
TMS18F1066P0024,-38.399838369052866,9.536761390341589,-9.073519362658141
TMS18F1066P0033,-34.662632400298186,-8.19788897777253,16.06690078810334
TMS18F1068P0055,1.3578691750724485,25.801198774528057,27.115895726042595
TMS18F1068P0063,-7.574853421242956,4.231611787291635,1.0160589658181227
TMS18F1068P0065,27.319693638489117,25.78883094633284,28.00977784867754
TMS18F1068P0066,-30.851846563930692,8.275770120708318,28.98516254023663
TMS18F1068P0077,-44.30565226172638,3.445268418897977,-34.02655061513062
TMS18F1068P0082,-18.347811333321445,10.969489790127055,31.427363510061827
TMS18F1068P0085,-37.02050201270637,17.241328789308326,42.39617217826932
TMS18F1068P0088,-36.54166682355361,12.924237176721407,34.14460925635257
TMS18F1068P0090,-32.21624849512078,3.835058067971499,43.562480247514124
TMS18F1069P0023,14.17817074618311,-9.004635493829836,-49.395449930593365
TMS18F1069P0028,-37.09783720418595,-7.069057413007533,44.107107102659036
TMS18F1069P0033,79.59307365171092,19.0885988491567,-23.43655140465982
TMS18F1069P0035,-15.172902174831721,0.21991323556397566,42.87935105308476
TMS18F1071P0028,-16.997447380920907,4.022924158480432,24.459743507007392
TMS18F1073P0024,32.18299002282764,12.832618640921133,-3.0669156218985014
TMS18F1073P0030,44.110909144449565,10.183192835292754,3.8721689057303745
TMS18F1073P0035,27.683397303822076,-16.499366830454058,-0.35579637072519343
TMS18F1073P0038,27.692866828297504,19.008595844050703,1.199129197891518
TMS18F1075P0001,-24.934229287358008,17.048484860333602,26.288151437942002
TMS18F1075P0011,39.60992138217742,16.27948688500993,20.64573817077078
TMS18F1076P0001,30.827588414449778,22.880170215931365,8.96976539815382
TMS18F1076P0066,-36.73742767949308,-55.767878055481404,-25.689446072452366
TMS18F1076P0077,23.150515708225168,7.640843682504192,13.361987615760489
TMS18F1076P0103,35.18719029161747,4.198367945201985,12.14867246649109
TMS18F1076P0104,70.63990652602841,31.350339283378915,4.404386199098764
TMS18F1076P0106,24.91129980660327,-34.68345288474087,-12.855041717980821
TMS18F1076P0110,28.338763025773194,-31.888923862432502,-7.478671817525569
TMS18F1076P0112,-24.20142422897044,-39.99976333521259,10.222489527172442
TMS18F1076P0114,26.022418579068162,22.703983609494138,11.221107740416478
TMS18F1076P0117,15.401298612328407,19.90310369088916,15.691955270380264
TMS18F1076P0121,57.81213070891841,17.199857829455503,-17.582525253782116
TMS18F1079P0003,10.75714773876493,24.618980703259403,25.40193373332095
TMS18F1081P0014,22.063246167354084,12.199718917585939,-43.295581513427415
TMS18F1082P0024,22.94817727394992,17.223770727334998,-29.894807459131286
TMS18F1083P0014,29.833180707371707,0.6254781235076556,-12.002082763008403
TMS18F1083P0025,27.750133329742066,-4.289105067316583,-9.808838164186932
TMS18F1083P0028,-4.581948390966136,18.791854952447654,1.7620894359563635
TMS18F1083P0031,22.716592896468686,11.694078535312666,-9.16715356845346
TMS18F1083P0032,-0.6284372391884515,7.2214261860008735,-1.0914234847948094
TMS18F1083P0034,22.291969489897593,16.631428969516044,-8.542491578854184
TMS18F1084P0001,-38.42489702812794,-14.202113864798964,-0.3002745312935988
TMS18F1085P0012,27.022108961959717,27.180251138284632,23.02464977356396
TMS18F1088P0008,-42.046269909186336,4.092142290525069,-8.170423639753585
TMS18F1089P0001,14.480440518851251,10.968466856310993,-10.174783514466288
TMS18F1090P0020,12.888787401879798,21.8117243217611,20.260764097383618
TMS18F1090P0023,34.20069747736001,37.14120952682969,21.037428733942694
TMS18F1090P0029,25.13679639446688,32.52160037607273,38.53780770719256
TMS18F1090P0031,17.34955497239229,28.694968501027635,27.12538570095532
TMS18F1091P0014,-29.003369377775414,0.04435804920679204,4.129235732026404
TMS18F1092P0007,24.713638672347052,13.363195315711792,-15.744115690747963
TMS18F1092P0016,24.49628964882646,22.395857262704908,7.908043877982673
TMS18F1092P0022,23.38265823831726,34.88084540495287,-13.751421044395387
TMS18F1094P0004,-37.710961618996194,5.7547955663882036,-17.75545204567924
TMS18F1095P0020,-38.389698802631365,21.94385327995757,5.250823031018479
TMS18F1095P0041,8.006827208251678,25.169502169062213,2.2623097479987226
TMS18F1096P0013,38.57924840676562,-23.335176931896648,-31.27046228261839
TMS18F1096P0024,30.487220421590663,21.321654690730384,8.123945970097841
TMS18F1096P0042,-10.393330628945979,0.9738708357177825,1.4303221998641615
TMS18F1098P0004,49.17963893550053,20.800350550053338,23.15882177535453
TMS18F1099P0015,-34.576539908134734,-12.65631944546352,33.722464317588056
TMS18F1099P0017,-8.062418573463813,8.397974593921367,18.617636348867435
TMS18F1102P0031,-28.77692879409838,12.67526273414619,42.661310251736126
TMS18F1104P0007,13.812050105936931,23.457054902034255,24.298240614543076
TMS18F1106P0028,-23.9125094251013,13.749739642813479,32.15496395079841
TMS18F1106P0031,28.08645991927712,12.708539495410792,42.32960066362235
TMS18F1106P0035,25.9520808176848,18.713799270504722,30.90124595577545
TMS18F1106P0037,-27.224485156971788,8.467490602991425,31.8304249471661
TMS18F1106P0044,-26.751211164168726,7.042688874952371,25.73016037036808
TMS18F1106P0045,25.037228367855484,16.46885918655604,19.073819349607746
TMS18F1107P0020,90.48414861807083,14.503184972609935,14.01681266837434
TMS18F1108P0012,23.568896376750175,24.31845348547921,5.449191740851715
TMS18F1109P0011,30.880343675225348,28.75589818528063,44.873109645118845
TMS18F1113P0002,84.5462730345297,51.27916989802693,-24.137774817548777
TMS18F1113P0027,31.239755505202133,52.38197588234552,-7.725156102675671
TMS18F1113P0031,35.86546786626733,33.15563942952657,-11.676215695399415
TMS18F1113P0038,33.93535924327373,48.9876620409718,-21.376000274892817
TMS18F1114P0032,-9.04555051957383,26.519687375738112,2.2408736196931693
TMS18F1114P0038,45.35923853078313,34.530467535611585,5.629547898122022
TMS18F1114P0039,2.114342361188647,2.305545963561048,38.95633935884961
TMS18F1119P0029,30.31539124987625,27.04502106969482,-9.588811956914885
TMS18F1119P0037,-37.4541204725246,8.592618736607436,-11.534139926152525
TMS18F1119P0039,49.20659135244107,38.784727646977515,-11.080410955397483
TMS18F1119P0042,28.322883281444074,21.74493437892118,-16.312571844736436
TMS18F1119P0043,-21.16324002984534,19.55100680725996,-3.787923486199424
TMS18F1120P0004,45.667658584970994,-24.626669794120446,-44.98115587720852
TMS18F1121P0029,26.277037303017647,30.454878167933874,10.82344838788528
TMS18F1123P0019,-32.788285853221325,16.179706605221213,-4.954475966967082
TMS18F1124P0041,27.152474707999296,7.291986438442111,19.830313921529374
TMS18F1125P0004,-29.234054754541898,-40.306487816711964,-43.60977360381605
TMS18F1127P0010,24.386190753141868,33.77210386165182,-16.381431479601076
TMS18F1127P0011,1.2390915259139164,-40.83748138371009,-2.1280427154957824
TMS18F1132P0042,-37.76109351562849,-0.9797155908324472,9.864413102686129
TMS18F1132P0058,-38.73527843652495,8.626424215637066,22.845121957894776
TMS18F1132P0062,16.706959782853673,9.563853866692199,-0.5141663560188856
TMS18F1132P0078,-43.25757952057758,-7.4433099789628,-49.63154187148791
TMS18F1132P0083,10.195408575261752,14.520176441085415,5.240625814496645
TMS18F1132P0144,50.36232824953281,-80.27099343025222,-30.00215651930952
TMS18F1134P0010,13.536647951278969,7.383538953761438,41.78951177939991
TMS18F1135P0025,89.71356580139368,7.192825581955612,-0.8467788029525393
TMS18F1138P0028,5.606031531974343,16.58513947033132,3.9127559597399775
TMS18F1138P0030,88.46045756340611,23.910441648957914,11.262411996718402
TMS18F1138P0035,26.786192099332805,21.759853284007818,9.22433268302311
TMS18F1138P0037,9.559036900559892,16.85748521828978,17.336131785245737
TMS18F1139P0076,23.23283716517225,27.71748617889553,12.723184123182925
TMS18F1139P0097,25.336579624626278,29.568633679927892,16.60649230931318
TMS18F1142P0017,26.880967885525596,17.797853012989876,-15.099178974968991
TMS18F1143P0028,27.37029659935741,8.805768034667706,10.965853741148255
TMS18F1143P0034,-36.255416276514005,3.5679611749255535,29.23926879987091
TMS18F1144P0010,-37.69163581887142,18.33838401463149,27.682550618546315
TMS18F1149P0020,21.088181493468706,9.64257651373684,2.452966113618463
TMS18F1149P0024,26.474496699726608,5.714796799272544,-22.938700472916157
TMS18F1150P0011,-45.57327249141768,-16.433791478182727,6.1492579638055505
TMS18F1150P0015,27.514151849670213,1.3965955074545462,-2.922668816133801
TMS18F1152P0003,-32.4661248407118,-50.235263410579094,-15.070735017583058
TMS18F1153P0053,12.700345626088644,2.5997321648787017,9.91276125742836
TMS18F1153P0058,-37.92214718605453,-18.261242946659397,-24.298904035011848
TMS18F1156P0016,26.75197901927384,22.561768016238744,5.668646196381792
TMS18F1157P0033,6.707813528968597,8.259288785416544,7.856897353773327
TMS18F1157P0038,64.48534824807638,27.010792277003894,4.369773539783136
TMS18F1157P0041,41.00969205103089,19.47641830893928,7.951003980676017
TMS18F1159P0001,-36.94956682443261,8.973089385288752,23.4219039467416
TMS18F1159P0002,5.783183823207585,8.926840460950416,-7.061491021706379
TMS18F1159P0011,25.38928966876923,19.581689582301273,2.1600618232334083
TMS18F1161P0009,-44.94105094537724,5.370555030624649,-2.952062434380955
TMS18F1163P0008,22.192551564154105,4.263219001645054,-5.762095645716774
TMS18F1163P0020,25.392309922473288,6.42887723548839,4.2493531316261315
TMS18F1163P0024,5.692945276987295,11.058430745967577,-17.09878659098407
TMS18F1163P0035,-32.63906985578574,-45.02613124899663,31.704352667200492
TMS18F1163P0040,9.803996737270044,-3.0935984619532966,2.169961830391102
TMS18F1163P0042,-32.27870071085039,-40.792129416119025,16.32792650758749
TMS18F1163P0044,-45.05117131570158,-15.092005619456877,11.945543499508195
TMS18F1165P0008,-38.35348827275662,3.4748016906805415,43.784091119146844
TMS18F1165P0018,24.80915589760411,23.35745223815946,18.987863633379447
TMS18F1167P0007,-38.36177118237845,1.6893437056428082,38.79311885660525
TMS18F1173P0009,-40.22148211949985,13.28048587294142,24.3513537396303
TMS18F1174P0011,25.72391465370721,15.79564605908202,5.9301231142891755
TMS18F1175P0036,-38.78816190987077,-6.415106055464505,4.543992057325803
TMS18F1175P0039,28.00094356192748,6.951288929658668,16.746643991019322
TMS18F1175P0053,-0.49346436699771823,-63.566277582665,50.79349792259638
TMS18F1177P0038,-35.88165371659707,-4.839553367726513,6.245965194842149
TMS18F1177P0042,-38.149731863384105,-8.887732520888012,6.180388389971357
TMS18F1177P0049,-38.170888968179696,-5.476742335867839,11.206668207152541
TMS18F1178P0010,-11.407555603772133,37.995681115788635,0.4791689367823258
TMS18F1178P0025,8.224409242312566,22.644873657618724,3.7006924125183938
TMS18F1178P0034,27.776481182353898,24.28556240834338,-6.145505774473727
TMS18F1178P0046,27.31510429077391,21.125628564996376,10.154374660536474
TMS18F1178P0048,-38.25745668057323,-42.013591834842394,34.37071669482873
TMS18F1179P0008,27.790767628545595,11.91540988211568,14.699668164521563
TMS18F1179P0029,-36.02162530348648,-4.370646354879706,27.010038159696396
TMS18F1180P0018,28.48654229532739,20.08912397599065,24.798099504923826
TMS18F1180P0033,26.25053805484867,22.77675061347676,13.012726060343864
TMS18F1186P0025,22.60082633216934,10.823249566294214,36.281145709466614
TMS18F1186P0030,21.490142148568726,16.015835372304533,10.599458502647382
TMS18F1186P0035,18.458331512860774,16.054724436553524,11.759149159985837
TMS18F1186P0039,-41.448613574509906,6.097127014711558,14.808955029004181
TMS18F1188P0020,90.92876451590867,20.09184174223975,31.26082043602033
TMS18F1189P0008,9.904043696408499,19.369304538440076,7.3513699758807975
TMS18F1191P0002,34.769498693489155,-36.58753563848122,-32.503387002413476
TMS18F1191P0013,-21.602244124663628,7.606149300856807,11.46252005300376
TMS18F1192P0009,-24.062233420212344,14.11122954780217,7.151508869396253
TMS18F1202P0001,20.795160919149282,27.224341903170334,2.605149179784413
TMS18F1205P0010,-39.15234726883391,-1.6564930756692464,-20.263732223004023
TMS18F1205P0015,1.7000935068973229,7.965361924220943,-15.134262889160924
TMS18F1207P0008,21.675989105634173,18.766189183235422,-0.7381275448260222
TMS18F1208P0005,26.082354889704476,2.1523418084228,-8.986731323360845
TMS18F1208P0007,-33.72865971536169,-45.89135728247073,39.939088601896096
TMS18F1209P0015,84.0885989629445,48.43401000617658,14.165156182234456
TMS18F1210P0008,-8.552787509810637,-20.8321642570798,-37.794013905194454
TMS18F1210P0021,-11.346385264346917,-4.860609649391097,-23.82206267482645
TMS18F1211P0003,10.676818476447524,13.361372889412511,14.50048937786556
TMS18F1211P0026,11.00324649033683,-0.5191586417077653,28.52023395366482
TMS18F1211P0033,42.78887692200619,5.336932211681372,30.494296346806504
TMS18F1211P0035,-41.438589108329516,-1.9994401804358757,2.9834171100036984
TMS18F1214P0016,63.767256150042996,-4.441168479732552,-11.690217623261477
TMS18F1215P0027,53.451341613298744,16.247199772368614,-0.2065843231635884
TMS18F1216P0001,0.012141060169865905,6.515796984980116,17.080455698073948
TMS18F1217P0013,35.9327036326069,-34.634616297457725,-51.237606054419174
TMS18F1217P0019,-20.900425248697324,8.659773429368041,14.750815488564047
TMS18F1217P0026,50.301756658152875,14.151415810914193,18.926510636322394
TMS18F1217P0034,4.3127000489728715,0.8575633018272968,43.536401377681116
TMS18F1217P0075,25.462245420508182,-42.20020541321289,-37.0123267533205
TMS18F1217P0079,29.13915583567727,10.86127512769329,37.68088608332224
TMS18F1217P0091,48.996589792932916,24.348651621816696,-0.48076740759347236
TMS18F1217P0092,-24.448101370629995,-4.101459369203247,9.994370414748518
TMS18F1217P0095,84.45132611599632,13.342462186349488,12.577215177774434
TMS18F1217P0114,40.030749908768236,-58.04637192779396,-13.96075236698712
TMS18F1217P0121,35.039178407027315,12.877416032873278,28.175745316931184
TMS18F1218P0003,88.10894910972877,23.872764056612077,-3.379611157501411
TMS18F1220P0006,-33.77841158176034,9.938642746537418,6.5490087873212754
TMS18F1220P0023,-35.04288237074226,7.660961448958113,7.856798738022548
TMS18F1221P0048,65.74949196556216,18.542087690294498,-25.036283636643358
TMS18F1221P0053,33.452586536530106,-31.906026337318803,35.67114333027522
TMS18F1221P0055,21.098218775037935,5.531602995953076,-19.952039142590596
TMS18F1221P0059,5.846998441824389,13.880723925331795,-21.685545121991005
TMS18F1221P0068,8.511628235409173,3.7512776999993696,-19.785631845964044
TMS18F1222P0012,35.5672319677159,7.366032845253037,14.895694968215304
TMS18F1223P0022,29.623325770795073,10.57404873854274,34.70819960147957
TMS18F1224P0014,-41.996246349852406,-15.371568906363823,37.04715211672091
TMS18F1225P0002,-46.67257373324639,-6.629703396201867,-27.786308948987745
TMS18F1225P0030,-48.448212112591285,-11.13468299150241,-33.06855432292932
TMS18F1231P0011,28.446655722818473,-36.29720122055203,37.058850555627686
TMS18F1231P0024,23.46390920774218,33.81734155109142,0.7937950453880642
TMS18F1233P0013,-36.667327939266,-9.140322722701839,16.84352730450761
TMS18F1240P0024,-31.52751641232255,-54.22202092108263,-1.0015893034159158
TMS18F1240P0026,26.573404730281016,12.335910301033048,-1.0935580570050254
TMS18F1250P0033,58.91463987420593,28.4115002906235,-7.092519097069744
TMS18F1250P0037,26.208769616438182,17.43751201122344,1.509971654147435
TMS18F1250P0048,74.07377661028026,34.17350698248843,-12.737184791947735
TMS18F1250P0049,59.2816872181847,30.679002196654608,-9.750049318587926
TMS18F1250P0050,32.093651660695905,20.68889555264243,3.207862530399945
TMS18F1251P0037,22.93464303383731,3.1815408729093884,-36.75405263595879
TMS18F1251P0038,-30.917294706617948,-23.813895701120384,19.57408641170921
TMS18F1251P0039,-11.863494232852984,-6.637296701340788,-39.71744534992978
TMS18F1251P0048,-9.06102502961246,4.002447166507313,-32.56218106322919
TMS18F1257P0027,-46.52674264851107,-1.7944438076391696,22.382455026947927
TMS18F1258P0062,89.06686679553955,39.21667274846734,21.905942207830005
TMS18F1258P0084,-32.573480790569505,-36.13570295951238,48.36078044478231
TMS18F1258P0088,6.543057544484511,-7.3425112472159215,37.76222909852159
TMS18F1258P0113,26.466684810812655,-12.649006670447362,52.36002654671316
TMS18F1258P0122,-35.819788799230864,-28.776237253735946,44.26802994515737
TMS18F1258P0124,-36.91515493768122,-27.602550528481622,41.27220707621876
TMS18F1258P0128,25.97442238475754,-16.55460027501293,45.15128880781956
TMS18F1258P0136,-34.8749507097912,-22.50625638585507,37.85375073293244
TMS18F1258P0147,31.465574245874617,28.012863691972107,8.213251425384922
TMS18F1258P0153,-41.00723757606013,-18.92578455813425,4.696350746643578
TMS18F1258P0156,-28.97107018697928,-2.915080488565054,17.306729553998935
TMS18F1259P0022,-32.075957910098694,-45.81852707875275,-29.500828001465674
TMS18F1259P0083,32.24555097685886,-37.87290047029683,-45.060889558852836
TMS18F1259P0092,-16.273995821427473,-18.433178207393595,56.843512193807655
TMS18F1259P0098,28.205041455809365,-14.524034036530756,-32.162864974782835
TMS18F1259P0099,-31.054313880575346,-52.67922318059977,-23.61510029362579
TMS18F1259P0115,-36.53110220250967,1.9989744563613394,-21.614116220048327
TMS18F1259P0131,-30.65728605528184,-46.58173435245856,-31.723301521643332
TMS18F1259P0133,-45.395215776218016,10.841471949415313,-10.39500731823413
TMS18F1259P0139,29.50420223368984,-29.703309311185684,-28.107543347677925
TMS18F1259P0144,-32.21027223532533,-45.81536743528666,-9.582677547646135
TMS18F1259P0149,-16.791526550620496,-45.786597209087034,-26.436417258037363
TMS18F1260P0004,-46.60157350177534,-6.304395190393825,-27.937984318622306
TMS18F1260P0052,-46.80608749753427,-10.892569205755413,-24.284631670586613
TMS18F1260P0054,29.35352268050093,-14.473849299553706,30.63245467192343
TMS18F1260P0056,-44.82431309450849,-18.100568093789143,-26.450701777721537
TMS18F1260P0060,-50.10617063859171,-16.01130551580373,-26.153681634493957
TMS18F1260P0062,-46.98767038960491,-20.039866521500933,-22.710566174430575
TMS18F1260P0071,-45.75041782105661,-12.30597588101132,-30.16869515584919
TMS18F1261P0005,25.21987589244124,22.27629440391352,15.310825257270196
TMS18F1262P0008,34.74879502268982,6.912025370075282,16.330487059020726
TMS18F1262P0015,8.031529402686246,12.289138004508498,-15.554455597666403
TMS18F1263P0037,-11.405364580638585,-3.680784123545251,-24.241103738863945
TMS18F1263P0056,-29.64667009043213,-60.214855698610776,10.88457885087049
TMS18F1263P0095,-28.199535516718512,-51.68748759554322,-7.288426114128318
TMS18F1263P0097,-35.23857031877029,-43.237276363831754,-10.604989808642667
TMS18F1263P0098,30.802217204252962,-33.94754271617662,-5.505267867029271
TMS18F1263P0103,29.72120066881352,-29.089618117120242,-23.761220122304508
TMS18F1263P0109,-33.78856983345361,-41.1699278870714,-8.489327543092445
TMS18F1264P0058,-29.450243260963077,-60.97619593297202,50.63539859989487
TMS18F1264P0060,15.84662475259811,-33.30928664402325,17.524005275525152
TMS18F1264P0063,-14.803052821732345,5.2140313170175085,-19.435160098419555
TMS18F1264P0069,32.054445717032934,-40.97637750191336,29.512606462180088
TMS18F1264P0109,-44.076654995631266,1.4627029018647928,-20.938359035860515
TMS18F1265P0026,35.61642554679906,-45.89881984592859,48.51545315410505
TMS18F1265P0029,-30.053634563266257,-56.48290015432047,44.178257619259526
TMS18F1265P0030,30.060572537821354,-32.365164969719906,29.544095054484004
TMS18F1265P0031,-33.89692285638725,-50.791534085088465,22.479438139398216
TMS18F1265P0033,-33.09066867869462,-58.9740269978135,-46.70499704356131
TMS18F1269P0003,11.477953035941187,-45.98588786684045,2.367310836651255
TMS18F1269P0025,31.18758647448438,-25.75916340476819,-8.918902657405361
TMS18F1269P0031,67.38386604509543,-20.792052103723393,-37.73227079155798
TMS18F1269P0034,73.97694185041233,-31.595432204377865,13.165027950810773
TMS18F1270P0042,-24.58339131612868,-76.47080635772343,18.619447073819593
TMS18F1271P0001,-39.843262988100626,-1.8464195059231046,-18.658360129584498
TMS18F1271P0002,78.80391448754153,-3.6697836389769796,7.109436335049845
TMS18F1272P0026,29.439807547365838,-39.85372558227718,28.99312054873416
TMS18F1272P0037,79.58901407423686,21.508347547341582,16.842399823641948
TMS18F1272P0038,30.07964010892636,-34.99638353269674,25.105589878636952
TMS18F1274P0020,51.30047515203042,-61.103944471146164,-21.454924465564282
TMS18F1274P0025,33.36993505976758,-41.99034169997259,-5.533555571734527
TMS18F1275P0004,28.472674402977848,-22.795272134424682,-8.949574468918152
TMS18F1276P0010,-3.4589873132065807,-44.22982930429438,56.75094172002049
TMS18F1276P0027,4.890365280633748,-36.855457490223486,38.09367011773056
TMS18F1276P0028,-7.186687028040489,-42.94304019405291,40.25683602179265
TMS18F1276P0035,27.810643275613266,-29.787565878123115,39.98222769506376
TMS18F1276P0040,-30.309183890882885,-42.28849369093219,26.73627620430844
TMS18F1276P0041,33.21942848425569,-46.590028052289156,40.366403191784535
TMS18F1276P0042,-29.502736307040085,-59.112310433431226,54.87380140945255
TMS18F1276P0049,-30.705463017152393,-54.10097814142941,37.46488548263608
TMS18F1277P0007,39.40688189988414,-50.58515595800059,50.34896096044992
TMS18F1277P0031,-42.942445264831804,-22.633218971866434,64.0286182780436
TMS18F1277P0045,-31.86656036572411,4.712886934286557,38.664466343828465
TMS18F1277P0066,35.57444961474702,-47.308357702223724,24.287447039382315
TMS18F1277P0072,55.61166210341257,-46.705398634354566,49.66367329238044
TMS18F1278P0009,-22.626532717530054,-82.18567396013948,-21.188746218275195
TMS18F1278P0024,-24.364286929268328,-76.85889398712177,-29.44890214565637
TMS18F1278P0068,10.163508693376418,12.511027674978116,-15.737396146414081
TMS18F1278P0084,-23.819868957498606,-76.28492604241964,-6.905618931627482
TMS18F1278P0095,102.59157449106253,-55.49507783003381,-31.696057377702576
TMS18F1278P0098,-14.335426311591748,-8.764801921531438,10.435189354976856
TMS18F1278P0118,27.549475020455628,-18.39146151710818,4.6395407308452965
TMS18F1278P0128,-2.393231275221681,-78.9386021266424,-25.30984043085647
TMS18F1278P0136,105.5275745050068,-60.54116562973959,-36.71160743268003
TMS18F1278P0152,39.38005609974936,-67.68998224048872,-30.014881519652977
TMS18F1278P0165,38.639382671657245,-59.055291060928546,-19.02752848939863
TMS18F1278P0168,105.69595150091084,-59.29814424854897,-36.49963346343753
TMS18F1278P0175,68.4226952281489,-66.74141939355293,-28.477586625536834
TMS18F1278P0180,-22.21346293530342,-79.92953966764617,-16.988312459670816
TMS18F1278P0181,39.60925548357281,-62.553708392660226,-29.056639020984353
TMS18F1278P0183,101.26878472180319,-49.37408975770194,-34.98187912534585
TMS18F1279P0006,-37.78905844807884,-46.779426366360866,-25.896913055506083
TMS18F1279P0008,25.809076468236846,-39.781292722697636,-34.873215365899135
TMS18F1280P0032,24.349057496561404,-18.06820594275315,-10.39506160697538
TMS18F1280P0057,19.895064614667305,22.932938660264693,-27.137760910303204
TMS18F1280P0071,-33.47234013238257,-31.896121383748543,-24.942508048960786
TMS18F1280P0080,-31.61342446285028,-31.533236347936857,11.16650585336461
TMS18F1280P0086,14.493336916203546,13.214433389921426,-25.255604133137492
TMS18F1280P0091,-19.767498737537313,-50.29880259894407,-4.231590992277461
TMS18F1280P0092,32.87751069654152,-23.973651906088833,-15.526326863374702
TMS18F1280P0103,31.29777081376932,-19.285295817076474,-22.607758544058232
TMS18F1280P0105,32.34566333064459,-20.307029089418368,11.214253270684786
TMS18F1280P0107,-39.77562480462142,-33.39559828253768,63.840104422315314
TMS18F1280P0112,-43.252823283855875,-17.999080742274195,11.62800954624507
TMS18F1280P0120,9.641532342088167,-23.1532596451734,-18.716290085985218
TMS18F1280P0126,29.53662409531996,-10.721535090633868,-2.2085457079849733
TMS18F1280P0130,30.672287644530048,-16.760344101765288,-13.526331960003718
TMS18F1280P0136,11.879694499744401,-33.67582808801899,-27.75608511632398
TMS18F1280P0140,29.121933005887783,-32.441836956617884,23.935293008308864
TMS18F1280P0145,2.6745923016491018,-20.93396873390194,-10.002610333102936
TMS18F1280P0151,77.64288428770102,-36.85079132069514,-17.0923622045813
TMS18F1280P0152,-30.433040897345254,-45.3680457309394,-9.753011014492314
TMS18F1280P0153,-7.227731358203217,-35.234241147623095,-26.701091982806382
TMS18F1281P0003,-37.78558541383795,-21.812235269058995,56.70986841138589
TMS18F1282P0038,69.32584014996534,11.122857760279764,50.34526809083285
TMS18F1282P0049,-16.52947272876578,-84.00683229092151,3.6506904381587955
TMS18F1282P0053,35.42628982381197,-24.21851574519948,-22.72686403987043
TMS18F1282P0055,-29.140838592890553,-11.731696069101288,50.78261513227846
TMS18F1284P0003,38.88998185516347,-25.22726239727176,-11.151338192807088
TMS18F1286P0003,34.37375177473301,-23.629950820584625,-52.34311811118795
TMS18F1286P0006,-29.22513647328738,-42.798655933630016,-46.24031756368829
TMS18F1286P0012,47.04420416141326,-24.88538901202898,-46.265649283995835
TMS18F1287P0005,36.76556920813539,-31.51187035844493,-45.86882113133051
TMS18F1287P0029,96.67974040248518,-13.931141215840483,-42.58206823168004
TMS18F1287P0039,-28.632777440256316,-50.79957325809392,36.3781672641754
TMS18F1287P0045,51.36944298365524,-33.38930469704582,-58.08971861322194
TMS18F1287P0047,-40.67168135335564,-11.53255437710529,32.905378934446
TMS18F1288P0003,-3.340618315349023,9.731394885383994,-7.498150638188596
TMS18F1288P0021,19.124025511730803,7.883859326251195,-30.493551060929278
TMS18F1288P0027,8.671686013568639,-34.79768877173096,20.56333166981948
TMS18F1289P0004,-7.281701944683224,9.265002290665684,-41.288463916013605
TMS18F1289P0014,-45.03176498281084,-14.862070880451496,-32.30400267176965
TMS18F1289P0016,0.9762514569154991,10.952178272879314,-30.781007988122422
TMS18F1291P0014,41.696501127354196,10.232852720013266,2.4057802577408807
TMS18F1291P0025,-3.1025470572801566,-31.056575642666992,-37.567371710015905
TMS18F1291P0026,96.84173780984284,-20.355098712510348,-47.51349129700079
TMS18F1291P0028,40.792332532183266,-25.77732216383204,-39.66760638309088
TMS18F1291P0035,41.841756146958055,-32.4976475627081,-32.054055398695276
TMS18F1291P0042,-27.567625446997045,-34.66946603052874,-33.86455890602655
TMS18F1291P0045,-26.68676140162564,-42.137950507819845,-49.94759915549815
TMS18F1294P0011,16.90753286254579,10.608619602563326,-39.30917868621473
TMS18F1295P0023,-45.49974927409223,-15.43689043305012,-34.3869070550277
TMS18F1295P0024,13.28104210472459,3.043268283328163,-40.35878212800983
TMS18F1295P0030,-44.313964586847376,-17.55462186855272,-41.06685713827655
TMS18F1295P0034,21.90901245008471,7.338932223599487,20.13227922457352
TMS18F1295P0035,68.02365409716103,20.553455063815697,-11.156676919005697
TMS18F1295P0036,22.61656451283781,14.061120865827982,18.888861332609277
TMS18F1295P0045,28.868329142761493,-35.81746649829076,27.0842253107796
TMS18F1295P0049,-44.91389879355341,-6.707066151672023,-40.52889135533789
TMS18F1295P0054,14.636643334580283,2.366964464363059,-38.412298784611146
TMS18F1296P0018,-42.01169497444935,-9.938935892166223,-22.16788959110615
TMS18F1296P0035,-34.66018834923489,2.2811974597452958,-26.43440220645358
TMS18F1296P0042,-7.281837819194506,9.211742406607698,-29.818172532103105
TMS18F1296P0071,-35.415149941835665,-4.580384152865592,-39.97040689344004
TMS18F1297P0008,17.044697399863722,12.632879295644786,-15.288433000407275
TMS18F1298P0013,-37.14754124750218,-11.333882224073358,-30.470876387887227
TMS18F1298P0017,-44.9356877181686,-0.21001534579533906,-32.009081616966796
TMS18F1298P0024,-40.72363893151471,-18.79739596868843,-28.450085046328795
TMS18F1298P0026,21.04498533294978,2.264313854372716,-25.990228278031847
TMS18F1298P0044,24.735496350422082,-2.3396809441902766,-36.113184036547025
TMS18F1298P0052,-41.40738827752053,-6.954252400109215,-20.1369762751546
TMS18F1299P0005,49.32386665168621,-77.54942725512245,-29.705000938605057
TMS18F1299P0012,21.478794277286443,5.912673224000896,-47.4939838071371
TMS18F1299P0027,21.003990348079302,0.596519638650736,-43.742162792593625
TMS18F1300P0015,-32.52877591376921,-22.838815175388834,7.200338512325888
TMS18F1300P0017,23.339988851433663,3.458451166564755,-25.187388884615814
TMS18F1302P0018,-47.53008249347096,-11.489445844021828,12.400321209224574
TMS18F1302P0057,-46.12030485069631,-17.973224011813702,8.407745400503652
TMS18F1302P0059,-47.20657165148172,-6.086144471344113,12.465412505361623
TMS18F1303P0010,-51.32176618602801,5.134635491587446,-32.15604410336317
TMS18F1303P0027,-42.853224746851836,-24.08647514175253,66.32871740869157
TMS18F1305P0007,-22.189337387874428,-31.0198405841503,3.678331550903135
TMS18F1305P0017,-35.396215717830806,-31.395421325542443,78.04291396871395
TMS18F1305P0019,24.416261550302803,-17.817761317443303,63.23621546647882
TMS18F1305P0031,-1.8756885721916403,-45.41535687484052,-4.737614174087711
TMS18F1305P0039,-32.93806247215659,-51.42679897772885,-2.0327489480328356
TMS18F1305P0040,-33.320275437015,-29.159098550428073,72.44779138214605
TMS18F1305P0100,-29.88558109483966,-43.217607357844635,71.53005790761594
TMS18F1305P0130,-37.420393081377796,-26.348104802679906,73.91713549812995
TMS18F1305P0138,-35.59032884307481,-44.006659839474665,67.0106118375097
TMS18F1305P0155,24.057233949880462,16.57334821191521,-23.222311333728406
TMS18F1305P0166,28.802081092435188,-23.948598085988074,76.64794376229445
TMS18F1305P0168,-30.70902094157358,-34.401649912135035,-40.3343795030183
TMS18F1306P0079,-30.735907258588018,-47.64844270590184,-5.622655493470109
TMS18F1306P0114,18.765920103596915,34.57008242491147,0.5996999346418229
TMS18F1306P0121,26.00249938890984,15.315999612894336,-34.54944803630084
TMS18F1306P0125,-13.263289643371081,-42.21302996493633,3.185812839812638
TMS18F1306P0127,-45.22513732521889,-21.41032681470245,4.961648649849263
TMS18F1306P0129,30.076726194534096,-45.17435009544985,-1.0559258919479217
TMS18F1306P0130,-30.557018422228836,-53.26671672676834,4.8106658348887255
TMS18F1306P0135,-18.8608353667695,-58.74845984188602,0.0011381717411801456
TMS18F1306P0149,-43.371495522186464,-24.30878981811324,7.414335828076786
TMS18F1306P0228,30.537635103217738,-31.694225509095777,2.452907353439339
TMS18F1306P0230,-18.43460984349714,-50.56943401845333,8.950850865272379
TMS18F1306P0237,-30.32975906444493,-57.66400726491054,-3.452531801148931
TMS18F1306P0272,-23.11907736156268,-52.62485910543112,6.339080203223517
TMS18F1306P0277,-28.399620704051976,-58.50184755521673,5.483709145700701
TMS18F1306P0285,21.999643518203193,-44.953999682622815,-5.205941489225364
TMS18F1306P0289,-32.45534667621918,-47.928418065467575,6.888633979356979
TMS18F1307P0001,63.539220774502446,40.03958111134384,27.18142832568952
TMS18F1307P0038,-47.40443823530417,-12.41213840110034,-2.598097903719991
TMS18F1307P0042,-47.71943234941716,-20.59398060342044,-1.6629303014990577
TMS18F1307P0059,-45.42595692119661,-19.191683967478856,-0.8846024896476595
TMS18F1307P0063,-49.341743565502696,-9.865571506787155,-1.9267857225507554
TMS18F1307P0077,-47.1726832210013,-16.751516570859756,6.567451488526651
TMS18F1308P0029,-27.05575559350113,4.808690407115327,12.404656648893681
TMS18F1308P0066,24.372722316393652,-28.138407459330192,8.48819419672997
TMS18F1308P0077,28.260379085902134,11.941754315836981,-9.258207575875232
TMS18F1308P0082,-15.400348647141502,-22.839803049305814,6.374293649802806
TMS18F1308P0084,23.163096654217266,15.67846710355078,-20.795205438206622
TMS18F1308P0096,-4.414299402380329,-36.13983080014925,24.72881197558937
TMS18F1308P0112,23.99626584947419,-21.579474726827247,22.600906780152684
TMS18F1308P0114,23.019893173193353,5.992463429964886,12.670461764278564
TMS18F1308P0122,-23.80405200105934,2.431880830409784,15.831165709909929
TMS18F1308P0138,-0.16758017263119243,-29.96507001701927,20.97019054391784
TMS18F1309P0015,21.584330224282755,-7.820581912343854,19.89417982480111
TMS18F1309P0034,-42.70968052697151,-15.794879444023632,5.688420265064871
TMS18F1309P0039,-9.417356534536827,32.26312973254821,-2.2090184511597117
TMS18F1309P0042,-46.2774904753365,-7.433010393553732,10.877897473766469
TMS18F1309P0044,-18.915872646946006,5.747664947731037,17.879781954740015
TMS18F1309P0048,-15.978181535785806,-7.852405065629602,13.165222106637438
TMS18F1309P0049,-38.048881519832044,-9.634158260668029,15.83282745519113
TMS18F1309P0052,-15.461317745048738,-2.387814170351276,20.073827616619283
TMS18F1309P0057,-12.773355163787471,-3.8867705754981943,20.777062387258436
TMS18F1309P0059,-45.68785985839855,-9.750087025727847,9.28312531336565
TMS18F1309P0062,-46.375936155365096,-2.443277756003458,12.58050296551498
TMS18F1309P0070,-16.617869164544878,-0.6529711878165155,18.97130307378913
TMS18F1309P0074,-42.15166799897373,-20.54926204081904,17.30254069751337
TMS18F1310P0081,-42.05432099536894,-6.253660585696387,13.900962307792883
TMS18F1310P0088,-46.61039221171359,-10.860586509735489,12.179404213247704
TMS18F1310P0109,-43.95685088724116,2.782667353722968,17.21960181363636
TMS18F1310P0128,25.92691702278003,-36.439809499672606,20.290340632451027
TMS18F1310P0132,-43.61280010589545,-0.8496915801237586,6.385358409374312
TMS18F1310P0142,-41.360116166650315,0.5192644353528187,15.61843103094519
TMS18F1310P0146,18.928585237010598,16.89096798883174,4.976237659499673
TMS18F1310P0148,19.564323362211084,11.158491340992946,5.824254356757203
TMS18F1310P0151,27.68459895761462,19.005813981386055,6.558614695080862
TMS18F1310P0156,22.203702127012573,8.965975618042277,12.875872112836976
TMS18F1310P0161,-46.56487758092283,2.902518090821478,9.889340732464415
TMS18F1310P0166,17.132659480295985,-0.9633183992228505,-27.284421427459883
TMS18F1310P0168,-42.05832541025123,-6.911043352173969,13.383206276486018
TMS18F1310P0171,21.227902487548626,10.773806450101667,6.896072444864705
TMS18F1311P0002,-11.787495788444128,20.68952949092751,7.9022795298567505
TMS18F1311P0007,-10.574674741255249,7.139380472090088,12.2363917969541
TMS18F1311P0022,-33.190715787981794,-52.75758365066196,39.5130904454942
TMS18F1312P0033,3.384615947226485,9.6697814849748,32.82685255272032
TMS18F1312P0039,-34.331719653169515,-49.32405997059706,-7.52399929859218
TMS18F1313P0001,-40.45230316301974,-0.40389797219156587,-29.43904906645476
TMS18F1313P0013,-28.144986341550354,-48.910402892229854,6.90120116225388
TMS18F1313P0032,-29.344473259688584,-53.969771778698046,19.829977220404007
TMS18F1313P0038,-33.42140992494293,-46.874621900620276,18.64823868618689
TMS18F1313P0053,13.77927229006341,6.486989890508904,4.327185464308934
TMS18F1314P0007,79.21056470749485,10.439842119688462,13.506193625984341
TMS18F1314P0024,-42.18625663964855,-9.345104292511005,-42.0815286414598
TMS18F1314P0026,-30.549936261845975,-51.665845510369735,-5.370061431274841
TMS18F1314P0029,31.583172527299357,-36.38846800496559,43.282526526887246
TMS18F1314P0033,8.584384715733302,-42.424529086111164,41.8797083571254
TMS18F1314P0042,-42.41620911295104,-2.7797761097981777,47.46011447607669
TMS18F1317P0033,-27.37577703799035,-65.7408720904817,42.8977719643632
TMS18F1317P0041,27.57558824070937,-35.798700735210375,29.701144382114595
TMS18F1317P0044,31.622632237897342,-41.03916568275346,47.14085498882283
TMS18F1317P0048,-19.027081191414663,-50.99280572337853,49.811702806928395
TMS18F1317P0059,-19.329568201556643,-62.30162026775472,27.90118174640233
TMS18F1317P0086,32.19745621640204,-53.25344858569006,38.427652318122156
TMS18F1317P0093,-29.81995122124647,-56.60450912033938,33.03522872439238
TMS18F1317P0102,-35.24344895251483,-48.462799499729186,20.088609346639352
TMS18F1317P0114,27.687932725778836,-34.45090679571221,16.8735757775858
TMS18F1317P0119,-27.64891755745685,-60.135620545902896,42.02558274440696
TMS18F1317P0123,-0.24262215946125396,-46.16657605803656,27.600500382100304
TMS18F1318P0002,17.73319389261085,-68.87454283455259,51.787836796906866
TMS18F1318P0007,32.70529248586122,-41.187555949002544,-7.539040305433794
TMS18F1318P0010,5.783748124829113,-46.4865888545329,23.944670567398944
TMS18F1318P0014,-23.861865092763693,-65.5468039961839,48.08155086968073
TMS18F1318P0016,-31.05431158382569,-35.85122964235495,69.66374158643515
TMS18F1318P0018,81.52099989639625,-45.9280059017793,35.228640942966834
TMS18F1318P0021,101.66492348958634,-51.40247889947008,41.78885643900504
TMS18F1318P0023,99.0232130492721,-42.91397044154713,23.05822788778972
TMS18F1318P0027,79.69950846394713,-60.61730165456897,19.050607079134462
TMS18F1318P0033,-27.044958694077984,-55.9880796590143,36.100751220632915
TMS18F1318P0036,37.6860949463873,-25.0802880816295,-20.901967897531385
TMS18F1318P0043,49.188814900949104,-56.151591561208285,50.71899595653799
TMS18F1318P0049,37.278986328347614,-55.70991455391403,20.005179068437656
TMS18F1318P0054,59.28895244051111,-17.70383379233069,-23.063028260926828
TMS18F1319P0004,66.88215251854767,-69.15595399107994,-31.613094010430395
TMS18F1319P0009,13.97640698091754,-84.59512627402393,-17.097867342669865
TMS18F1319P0016,84.16113567784896,-70.09606615521379,-22.40944371424604
TMS18F1319P0018,42.18984368164608,-51.982540288007634,-11.037573216574168
TMS18F1319P0024,45.76788957630852,-78.20847570515053,-36.992783403913236
TMS18F1319P0028,43.96753486942707,-79.06979428299988,-7.540696675739551
TMS18F1319P0031,91.48996150445528,-65.97925499135182,-32.316008546639644
TMS18F1319P0033,105.7568324516407,-68.56898298758668,-23.296109075749392
TMS18F1319P0034,46.44235290149872,-75.94127426662935,-22.889680215146107
TMS18F1319P0043,26.212702520083884,-78.95499545074946,-12.180836180204558
TMS18F1319P0061,-15.300218937969795,-97.92870659048329,-10.976346083479703
TMS18F1319P0094,-56.75168982170861,24.453934720012718,0.9371552691672248
TMS18F1319P0100,87.69930895545735,14.355457464557048,19.5393686201099
TMS18F1319P0110,96.44361883530082,-64.27543814638186,-35.140354598997924
TMS18F1319P0112,-22.13109078425038,-88.926470499632,-29.774521492966393
TMS18F1319P0121,-0.13959163095184832,11.664863136350748,-14.892435375681329
TMS18F1319P0124,1.6083311292514073,-86.53935354215463,-22.03885759979802
TMS18F1319P0159,-18.130061078051888,-93.85759741199479,-18.859508344529427
TMS18F1319P0168,44.06499579728545,-84.13418241732806,-6.276027495676259
TMS18F1320P0018,24.186952699782736,-43.180927122287336,-31.306746335221863
TMS18F1320P0028,22.121222683318837,-51.4317742930715,-27.44697877837998
TMS18F1320P0032,62.7984188650849,-50.59456982679511,59.208566957754684
TMS18F1320P0051,-32.3991643264505,-60.08505908253048,-24.702491057621128
TMS18F1320P0055,-23.86382162678802,-53.05171882811867,-23.992801001756767
TMS18F1320P0082,-16.75551512987306,-82.22551136243968,-9.525257317592615
TMS18F1320P0084,25.330145933725486,-41.498084730448156,-27.151333764331817
TMS18F1320P0086,25.297585692339787,-40.64043624955786,-34.2042724878005
TMS18F1320P0087,23.91503958510389,-40.61307452110659,-26.45096352662546
TMS18F1320P0101,21.39574580675183,-32.49131760606248,-27.569675913444026
TMS18F1320P0109,-14.994296825799974,16.311906114814928,22.605177842147427
TMS18F1320P0110,24.53522610149988,-36.48975970117902,-31.118989419635877
TMS18F1320P0113,-47.74540683410439,22.496381418961608,-11.953770014478831
TMS18F1322P0016,9.080896224785642,-56.718951258281834,8.942738989555393
TMS18F1322P0019,20.76149282178194,17.538140084394076,-29.275719215522006
TMS18F1323P0002,27.717277810039,20.413405168203038,14.364366048777251
TMS18F1323P0012,42.86294434569112,-45.347515974673406,49.46469310780538
TMS18F1323P0015,87.51575890670692,-34.378808020308,37.609332434264324
TMS18F1323P0016,-16.563912770622746,-72.42373481495835,57.050018957580065
TMS18F1323P0024,75.69909035283683,-47.5741051242549,35.419838988103
TMS18F1323P0025,39.651394716084454,-29.387195251610542,-16.272685189513094
TMS18F1323P0029,46.715166545716144,-60.79019553331642,36.74615494946054
TMS18F1323P0041,38.37465194012196,-67.48979274927343,-24.14652847667286
TMS18F1323P0042,104.2779318831528,-49.843372405938176,41.6101338788083
TMS18F1323P0046,46.13628979429729,-56.36418691656209,53.525163564828354
TMS18F1323P0056,32.19398132379925,-65.0534668984018,57.748583813898684
TMS18F1323P0058,88.71963762560094,-49.516524209817504,35.1651494933151
TMS18F1324P0003,105.27586749673812,-55.85827165107072,-26.857840512715043
TMS18F1324P0005,-13.3404546930448,-90.01571829896491,-12.16068188851043
TMS18F1324P0016,-10.498815425286063,-96.70409037233968,-8.082388475338371
TMS18F1324P0026,-33.58873098416656,-47.40540843355301,-13.498856408025059
TMS18F1324P0040,101.64159220939547,-61.4564548123069,-22.807892508255676
TMS18F1324P0043,50.765752809171275,-72.75889935910372,-6.95110757497972
TMS18F1324P0046,36.393569057023726,-55.428303562046075,45.15137767019124
TMS18F1324P0070,42.52604173531735,-71.42800814261709,-27.606176165859267
TMS18F1324P0076,13.393151947397447,-89.17392275828364,-25.811160350261677
TMS18F1324P0078,50.33078334586077,-74.36819440014588,-20.228359250035943
TMS18F1324P0089,57.940562298983366,-63.69190999920257,-12.79531265920557
TMS18F1324P0092,111.2877691013136,-71.81928573159574,-16.594702823045424
TMS18F1324P0093,-12.465191829978938,-90.73531093492926,-17.33641492150225
TMS18F1324P0094,67.94768801068352,-72.7030084135201,-9.405332243795264
TMS18F1324P0099,107.00805201067992,-57.449112142808126,-30.845087321890865
TMS18F1324P0101,45.35144158214065,-66.33086850496117,-37.567950746017885
TMS18F1324P0104,49.22089628611676,-74.92565029431454,-26.30922711352194
TMS18F1324P0107,47.56031236449684,-86.50377121719131,-10.56331942691977
TMS18F1324P0120,-4.863805899381657,-86.14868211391044,-25.329586863311683
TMS18F1324P0128,46.21625724549621,-74.04410756860699,-23.089436294094483
TMS18F1324P0132,44.12489907250622,-73.72718959420571,-36.01155591269441
TMS18F1324P0135,-13.89700718400895,-80.16458722085773,-16.294305694482983
TMS18F1324P0142,43.476535505588565,-74.68992155301574,-19.23895770266685
TMS18F1324P0169,5.729408372847029,-83.42196423388161,-15.709732727309227
TMS18F1324P0171,32.67433516776049,-46.63729035552572,58.16437639473512
TMS18F1324P0179,35.6721401879321,-68.92772735211842,-33.88775163193233
TMS18F1324P0186,50.01965192156358,-82.32810279191534,-10.77655334791959
TMS18F1324P0199,50.438231874736125,-64.18207497491066,-18.47930012552115
TMS18F1324P0200,-0.8338382883363481,7.037035437659927,-0.467820079345828
TMS18F1325P0001,11.646596476463406,-44.36317403343958,-15.245060857081615
TMS18F1325P0008,-31.776372926647696,-49.61526666954067,-22.621528047570408
TMS18F1325P0032,30.80806734673532,-47.20187183053761,-28.164610441928765
TMS18F1326P0007,83.34948450096442,-42.435540588147475,35.56558041568189
TMS18F1327P0002,-25.737069216728674,-44.850137936934026,-18.764631315688774
TMS18F1327P0006,-22.01522018977123,-93.26753017382947,-30.326970670105347
TMS18F1327P0013,47.79817530453518,-33.905778592661484,12.485485837750025
TMS18F1327P0021,33.1963047438827,-35.0030243422162,1.6164708320547116
TMS18F1328P0016,40.55262027293088,-28.434809368675555,-8.08864654370671
TMS18F1328P0018,41.084818826849094,-28.79823565055434,-13.870682204163046
TMS18F1328P0020,-24.787543508466904,-38.829635572411334,-0.4189810446037776
TMS18F1328P0027,15.864753819913032,-20.0973232527558,-3.82165611644388
TMS18F1328P0032,23.145231750074586,5.953845257239373,-27.037341964551054
TMS18F1328P0034,39.915851261207195,-20.76852273725408,-8.025107701270432
TMS18F1328P0035,38.85962558793887,-24.16673068141884,0.16523187419508625
TMS18F1329P0002,35.62686311090663,-45.85682996592086,48.52702363337491
TMS18F1329P0004,-19.556210738634633,-38.64523698018124,8.831144019893113
TMS18F1329P0011,31.707667759611027,-35.21972813088549,2.646818151034531
TMS18F1330P0003,21.15688248276487,-21.51892134663331,-21.60736605561431
TMS18F1330P0008,-43.26505754349042,-20.82814259920416,-23.454578542458904
TMS18F1330P0009,23.818728464931716,-23.365123070611833,-5.226018599910346
TMS18F1330P0017,-45.51760535072163,-16.339123918222022,-11.161834365732043
TMS18F1330P0020,24.21626366584833,-19.925972838823235,-4.037747465053591
TMS18F1331P0005,22.305122771641155,9.339662207126521,-14.668828093122093
TMS18F1331P0008,19.443350078342224,8.164462413973448,-30.576135137661563
TMS18F1331P0013,20.20134057610407,6.0385726525528085,-36.58549948171862
TMS18F1331P0016,-33.1372313733221,-20.55785033079467,6.814495335022382
TMS18F1331P0022,21.693250271619466,10.434431772133397,-25.05387614594549
TMS18F1332P0002,-44.49889649720341,-2.8824669527190885,-27.491050412085077
TMS18F1332P0034,-12.494325925912165,-5.093759464128211,-46.811551999766294
TMS18F1333P0002,-39.08166747333845,-5.361764764106803,26.243738946211828
TMS18F1333P0006,-39.856465262143665,-10.313484633562501,22.7574690560081
TMS18F1333P0012,23.611399438730736,20.019467816017546,-20.725082759939635
TMS18F1333P0013,31.172154648767126,-15.49954606112463,2.338723218068899
TMS18F1334P0003,-34.75687120867189,-26.791489075985425,15.091283410872014
TMS18F1334P0023,33.30703417808345,-33.74152492870009,5.006549593944
TMS18F1334P0024,-14.52744636978537,-36.12127805074458,22.015091381523487
TMS18F1334P0034,27.437843649433418,-11.573724072677257,0.40133904625439404
TMS18F1334P0044,30.08397554612779,-24.68466393795819,4.815101594452259
TMS18F1334P0048,30.449423191077233,-11.263132917459252,15.938372860062199
TMS18F1335P0001,-34.055744254647834,-29.56356994148562,56.878851026881854
TMS18F1335P0008,26.91504659455037,-22.21532577610446,53.774101590075276
TMS18F1335P0014,31.199523341850607,-23.72197153438415,63.44203024369851
TMS18F1335P0016,29.239236399691595,-13.81126296180293,46.51073516526496
TMS18F1335P0019,26.20377667407161,-16.316597483233867,38.57114719668374
TMS18F1335P0021,-43.51770557300936,-5.332991564275607,-44.88896036464484
TMS18F1335P0035,-41.12472984939147,1.0449914014254722,18.09588277746587
TMS18F1336P0001,-33.548448540427174,-29.741994027036842,43.01128904928944
TMS18F1336P0004,-28.784050194518997,-36.827780093473216,71.21076262524957
TMS18F1336P0014,-31.26122074332866,-37.257730213224896,71.47820854696415
TMS18F1336P0015,32.347176189411286,-24.28741046408638,55.417883473395406
TMS18F1336P0021,-30.130422863504414,-27.964838502802905,42.8895019388969
TMS18F1336P0029,31.907750528124577,-23.41899998448761,56.8339640697937
TMS18F1336P0031,-36.31127906844485,-34.486189046054484,46.84077012488046
TMS18F1336P0035,-34.856825109478734,-37.43966426747821,53.661618492433576
TMS18F1337P0007,32.922443619507234,-34.85210160281326,51.577925047709385
TMS18F1337P0012,25.86883966035475,-18.765728197968876,-5.3229581435724445
TMS18F1337P0033,37.27947754469302,-34.73670891005083,53.83362933275881
TMS18F1337P0044,31.170878064945885,-10.318963799788527,27.709797002382793
TMS18F1337P0049,82.10209891581037,22.322057120321503,-4.183746563464553
TMS18F1338P0006,9.750518510645499,-57.67245694161805,-17.238763226053468
TMS18F1338P0008,4.667394429252492,-51.057800775934126,-19.14300263445443
TMS18F1338P0012,95.90091652443594,-44.3760893851141,-20.798277946569794
TMS18F1338P0013,58.435487572681176,-42.78340788855343,-13.467335765239323
TMS18F1338P0053,33.30302735101773,-44.30011447814355,-15.100097224871941
TMS18F1338P0061,53.2061249213446,-51.31014384762318,-8.76949228919938
TMS18F1338P0067,-4.1033370455783515,-43.88646093846635,-5.118564125639802
TMS18F1338P0078,79.23191399113716,-40.42395640309805,-13.354685265526067
TMS18F1338P0085,79.81486306337644,-39.122010816912066,-20.800703021221274
TMS18F1338P0087,104.53219484835768,-48.364230935895364,-3.4110050205713502
TMS18F1338P0089,41.76735447338198,-49.93186719962574,-17.52968680532943
TMS18F1338P0099,46.128313439172125,-45.229706438954125,-16.644329129599036
TMS18F1338P0108,42.19887248077484,-63.383087746854386,-9.644728548984988
TMS18F1338P0115,103.3757680040546,-37.230088395431956,-18.597640017330797
TMS18F1338P0116,-31.071785663689138,-46.67620593605951,5.7575852093135005
TMS18F1339P0001,-38.80935086275564,-27.298342358221547,0.9395018735969964
TMS18F1339P0012,-41.90974125109105,-12.20351029070507,-4.632426154174493
TMS18F1339P0015,25.057792599995736,-14.627966347262033,-13.481472555692301
TMS18F1339P0021,-37.49832891199253,-36.54577111009352,3.0686322222500513
TMS18F1339P0024,6.860490252600506,-19.50254071726332,5.279810822953254
TMS18F1339P0027,-24.026083178047426,7.41982095713836,19.793850113164414
TMS18F1339P0033,38.23967551222782,-34.536860652476,25.455125649677672
TMS18F1339P0034,23.87883906741366,-17.295558056974468,-18.703149438270263
TMS18F1340P0001,58.106640370023406,-10.769432206393805,3.4954438903260563
TMS18F1340P0010,7.759971348777146,-10.255859556597539,9.861121900501784
TMS18F1340P0018,55.997383702108614,2.504708436611935,3.547996230788871
TMS18F1340P0027,13.501334638265583,-25.852043721027272,0.88027493789282
TMS18F1340P0030,16.95388938202282,-13.733504506141191,9.094349586853848
TMS18F1340P0045,-7.686564649962398,-14.837639472448176,22.009098957170213
TMS18F1341P0027,-14.985262718094683,-13.305208075235633,18.269608902837934
TMS18F1341P0030,-4.73483991308672,-11.121277742359315,12.766489596112715
TMS18F1341P0036,72.3147362981777,4.441515192976733,0.7013931908691939
TMS18F1341P0037,92.6167386590155,1.7455598597600723,-1.4546221198045222
TMS18F1341P0044,35.818055056828975,-14.672492700866119,9.69383653072952
TMS18F1342P0003,31.353076092849452,-23.00420368755652,46.76056735496725
TMS18F1342P0005,-23.345780491064705,-67.2061664893571,24.721323932715393
TMS18F1342P0015,46.58978647271595,-34.95723263524018,18.54209977653767
TMS18F1342P0016,-44.312249987464966,-3.5364106780998954,-38.17082783081356
TMS18F1342P0017,-41.14120931517138,-12.937001643173774,-36.5252882897886
TMS18F1343P0001,-12.711342046797716,-56.66276846353465,45.827875327800896
TMS18F1343P0012,6.582573667019766,-21.23916305068239,40.499447788023815
TMS18F1343P0014,-39.60509863923216,-9.423319358083248,-42.74966882068322
TMS18F1343P0029,42.34247638571552,-69.90227154318198,-22.420201504323273
TMS18F1343P0044,-18.638203566261723,-80.97810424081703,-3.7627281605051754
TMS18F1343P0052,21.453284895953256,-78.48475416836625,-16.999233475634533
TMS18F1343P0054,42.065300096665226,-64.08585513241036,-22.544333962399417
TMS18F1343P0064,108.24651773496502,-60.50518159178613,-24.223026140895172
TMS18F1343P0072,104.53856034831996,-51.553929332310254,-37.04817840274113
TMS18F1343P0078,41.16046955742738,-60.289918908418144,41.264797739451396
TMS18F1343P0084,-26.42051294794971,-61.1912052678569,48.593024685574385
TMS18F1343P0151,-27.127410298213324,-61.7990892545103,40.90467024508142
TMS18F1343P0153,74.68411164959116,22.695153071249827,-34.81936558211856
TMS18F1343P0171,47.47527327026806,-63.83061604401956,6.891917152857833
TMS18F1343P0179,102.96814027964733,-47.72845266696222,52.966374242634984
TMS18F1343P0189,96.3752051419678,-30.913052171106823,35.69683408051906
TMS18F1344P0003,19.013679253587703,-18.562031522561938,-10.996290823898974
TMS18F1344P0004,47.53212738986513,-78.77765227934142,-13.964487737193371
TMS18F1344P0014,27.755736626277166,-14.94296128800221,-16.269041399880447
TMS18F1344P0021,2.443442208755768,-54.50058975500764,34.91154643973896
TMS18F1344P0024,35.7069550294935,-45.84658674061671,32.010526483507064
TMS18F1344P0044,35.76555877661871,-51.69302244451543,43.55220183375668
TMS18F1344P0100,71.11774540591307,-74.26405223008145,-29.655766480213014
TMS18F1344P0103,35.39881688401233,-77.45718032987456,-22.73149625075404
TMS18F1344P0107,3.2833637788332646,-81.59223542283326,-6.482090183225619
TMS18F1344P0110,46.19879823980132,-76.38152409906209,-24.003082000065564
TMS18F1344P0113,81.04911342414593,-76.13586594211621,-20.85591968420353
TMS18F1344P0133,27.40710540401549,-2.11705948959491,-9.465724284294412
TMS18F1344P0136,107.16955855627488,-58.62928412491382,-34.17477132762196
TMS18F1344P0147,11.074450851776925,-45.329457994637465,-30.359069258364027
TMS18F1344P0150,41.77786219031422,-60.99827596851102,-33.48507626805008
TMS18F1344P0152,-8.558404750028899,-86.83686470610134,-9.743987624280352
TMS18F1344P0153,39.81769471355796,-64.97428807410175,-33.36570418034312
TMS18F1344P0156,46.303257631711844,-79.51366696492451,-28.492512473240893
TMS18F1344P0158,87.65034845541882,-70.7154392433078,-12.634942775214338
TMS18F1344P0159,44.2203248557888,-74.80753854649213,-27.324503902459718
TMS18F1344P0164,-18.419374139189575,-91.72222718750275,-22.656396530483015
TMS18F1344P0171,107.28755284307096,-63.38320009593995,-21.514735262239316
TMS18F1344P0176,36.201103518245716,-43.94116536028622,-26.532891762262246
TMS18F1344P0184,13.047667109953444,-86.49697466579708,-33.87783445471544
TMS18F1344P0198,29.496682718818352,-0.4809187800189678,48.6636813441263
TMS18F1345P0001,28.288043172063276,-41.475408529072126,-26.306110478213064
TMS18F1345P0005,-27.38290082312646,-45.7592037048035,-19.855649977913
TMS18F1345P0012,-29.177607042483814,-29.56211377429735,-4.991462209845177
TMS18F1345P0019,-37.31052586886946,-45.591164187193584,-38.76780082976978
TMS18F1345P0030,-36.40784300126609,-45.40674858402039,-30.754500172601634
TMS18F1345P0037,29.567002094131336,-38.2367280514416,-27.49281411039506
TMS18F1345P0043,30.95017161585108,-44.37451113514052,-26.22306183562508
TMS18F1345P0056,-33.65941706624112,-56.91943854022289,-10.05234724826347
TMS18F1346P0023,47.501452387516096,-79.5479394252419,-28.549134062635297
TMS18F1347P0029,-45.297256865079476,-7.2726555881346915,-42.17631041495001
TMS18F1348P0006,74.57892024143474,-13.5113853361657,26.279014687479254
TMS18F1348P0024,26.460157956419582,21.083158348592605,-4.760910961062848
TMS18F1348P0029,33.08097415223738,-16.89977913790243,32.97551997598793
TMS18F1348P0039,87.01939134333084,-7.444169246114399,19.335997932504892
TMS18F1348P0044,92.989285453239,-3.8570289669098266,8.179467218782717
TMS18F1348P0050,-33.175004504613554,-28.474485789065344,24.424427650417343
TMS18F1348P0051,29.95564566992792,-11.112153904580925,24.37905806990468
TMS18F1348P0056,34.667816202090314,-13.656313947011736,36.67001557816427
TMS18F1348P0085,29.195895847287975,-16.198933369789884,17.66378721136738
TMS18F1348P0088,-23.080538060421517,-62.370433706198135,-12.556613458964776
TMS18F1348P0092,-22.969808322931264,-76.06213310150308,-16.642874780834354
TMS18F1348P0095,24.665256504316726,-17.975004543107996,41.778060271403966
TMS18F1348P0097,14.647124856446487,-19.48092977278535,29.89827820852514
TMS18F1348P0098,-33.33668214541572,-48.6676757511534,-0.4971449831329927
TMS18F1348P0101,-26.030894136997944,-53.55363086023827,-16.981767902529185
TMS18F1348P0102,36.08135626059066,-8.384944243742202,22.674510371866383
TMS18F1348P0104,30.41019782026251,-11.603064389216959,20.400597718507694
TMS18F1348P0108,-29.362099479764453,-28.526160453531244,20.39330089281191
TMS18F1348P0110,10.925145879943596,-17.871781136153476,33.49242602563476
TMS18F1348P0113,-43.46750640516252,-15.451096544872053,-22.81151643339109
TMS18F1348P0117,32.91224146187916,-10.01433551512774,21.13263863893126
TMS18F1348P0131,-29.024024532497112,-26.116651527647374,33.35717678273125
TMS18F1348P0134,34.60540353182938,-17.429902158488968,26.40815528215211
TMS18F1348P0139,-31.989720770058398,-25.495960497285328,25.058936105443163
TMS18F1348P0156,-30.06419640431811,-19.351837962008336,28.287420901434036
TMS18F1348P0157,90.18433768559166,4.839432915945306,9.852441764054278
TMS18F1349P0005,101.93643165193437,-19.167598070724978,-40.952640268517555
TMS18F1349P0018,33.52997012760334,-26.39952196031625,-45.46398599415625
TMS18F1349P0064,22.65418547161752,-35.3276406940708,-52.27945788111022
TMS18F1349P0065,-38.66609924955686,-29.59200090623435,-0.38266809277161756
TMS18F1349P0095,33.10805859416513,-27.59912212335903,-57.49737397755054
TMS18F1349P0101,67.76313832391287,-19.14802711714853,-57.8884233034465
TMS18F1349P0106,100.87735711860708,-25.743639285722416,-42.0615344858315
TMS18F1349P0115,33.00379367412871,-28.135064307385264,-47.462852026821636
TMS18F1349P0123,0.018399011091110695,1.2661610985717346,-6.4118731164034815
TMS18F1349P0126,24.286043155277188,-38.268262213460766,-31.71909234602336
TMS18F1349P0137,-15.796002400056167,-41.28329239985851,-48.672484645279205
TMS18F1349P0142,54.10045838327319,-29.08076245275003,-47.15560279245927
TMS18F1349P0143,35.037024908543486,-28.45162731337249,-48.04478804095619
TMS18F1349P0147,-25.793209345672103,-48.596570397213036,-38.67458101493239
TMS18F1349P0149,-44.377890191496945,-7.6460665383528825,9.11975242341135
TMS18F1349P0155,37.80480815662488,-34.76077189920612,-46.15274339628407
TMS18F1349P0157,-29.296887604938142,-42.87417980063351,-50.60985473350501
TMS18F1350P0019,19.18458906248587,-5.451379540721897,-47.51428616983999
TMS18F1350P0026,43.55229796252805,-69.23757560689883,-24.32661501060582
TMS18F1350P0033,-53.80582817268665,18.44362193973055,-17.759891067150747
TMS18F1350P0038,37.32562174194621,-44.2955249849801,45.467582491479995
TMS18F1350P0041,-28.844080637161284,-25.15185898844646,32.76838539270815
TMS18F1350P0056,-40.49455835572218,-10.65366833801644,-44.15637964087408
TMS18F1350P0057,-43.609210012029365,-3.6474533427903557,-38.275138208136084
TMS18F1350P0065,-28.296005865895985,-43.65064121083544,28.023767044384556
TMS18F1350P0067,17.220536822820527,-0.16169098426127368,-54.642758074283684
TMS18F1350P0075,-43.876978838369624,-16.421743209290053,-43.74625385912195
TMS18F1350P0078,-20.50801381340664,-7.058044431749513,-38.757851400407745
TMS18F1350P0082,21.518807917652623,-6.52807216762961,-51.49236795379789
TMS18F1350P0086,-43.5287484362883,-5.467744345825287,-48.94688992101469
TMS18F1350P0091,-23.325784329245476,-63.42089345348445,-7.672433614388606
TMS18F1350P0096,-45.18349039100392,-16.220193868264474,-48.636668310117635
TMS18F1352P0002,15.787973024605801,5.5925059513107245,-38.34817341769119
TMS18F1352P0004,18.2625245344023,10.196587634597646,-35.11563889114411
TMS18F1352P0012,-39.29375020800089,-5.577583868622092,-31.776920949304586
TMS18F1352P0015,18.69499764667229,-10.345970182313708,-26.250711491122342
TMS18F1352P0016,-47.16908790083569,-16.910550037389925,-29.401910691332887
TMS18F1352P0026,-43.492829555790465,-10.718188388199827,-23.760491907990353
TMS18F1352P0035,-42.26918535783768,-3.2593595271144333,-27.989223120017126
TMS18F1352P0041,-2.3976097648891512,3.213549715889009,-36.3590687819647
TMS18F1352P0043,15.35281216669014,-2.1552607088936777,-28.723829059119495
TMS18F1352P0047,-44.4899463388224,-5.634680227921005,-37.063431764981125
TMS18F1352P0049,11.100893558448396,6.555025097494628,-4.473706145782566
TMS18F1352P0132,76.90104853807343,-13.098103397214638,3.7932071772367264
TMS18F1353P0014,66.06517034623289,16.634103785741324,-17.675526417524456
TMS18F1353P0017,24.902169115968128,15.589238135409957,-38.1389637947003
TMS18F1353P0019,-39.78889099647331,-0.18418744698269665,-18.78893961986677
TMS18F1353P0022,20.498144889812014,7.448288794809071,-32.27064002621913
TMS18F1353P0023,-0.9593976173215549,11.837985147849203,-15.147815380288899
TMS18F1353P0026,5.409819034915241,-8.512153676871115,-17.330162206847554
TMS18F1353P0027,-2.04270157270136,14.830927492817194,-24.45019508307801
TMS18F1353P0033,27.062338805273654,12.690542804977067,-17.34218532773959
TMS18F1353P0037,-18.733296704866053,11.450828713539705,-22.531856620832574
TMS18F1353P0038,29.1322292184638,-42.83095802425956,38.80770482018788
TMS18F1354P0010,-28.91069645252827,-38.61156823492902,7.9447692870889215
TMS18F1354P0022,-25.266697404945408,-52.19033388833563,10.479902151028291
TMS18F1354P0025,34.24858070731185,-40.81673336613804,-14.923152667020407
TMS18F1354P0027,-19.2016362113417,-54.18753286782002,-9.666819172005644
TMS18F1354P0030,-26.11008407400533,-52.627160147421066,-12.97037785331802
TMS18F1355P0001,17.19421760900598,-33.27430711439129,27.240432259361707
TMS18F1355P0002,-24.91686985774072,-47.96149770389164,55.590656036356435
TMS18F1355P0018,32.8734815389791,-33.100614786142245,28.189414435102435
TMS18F1355P0025,35.014053455817404,-47.37782636239308,32.65752461035131
TMS18F1355P0030,32.16253946534123,-45.57544992472388,-26.684846477208943
TMS18F1355P0038,17.91191300518454,16.220777769481757,-18.509584365896902
TMS18F1355P0063,-23.402411464143285,-59.38425444858535,30.63018278523881
TMS18F1355P0066,33.55935096323241,-38.817447930440316,44.040902932303865
TMS18F1355P0081,33.04692237103501,-41.5051783350738,30.80338175712296
TMS18F1355P0085,31.916952255220334,-50.050650476385925,60.173320267545165
TMS18F1355P0088,-16.596579085493463,-82.30974441640141,7.466990895707589
TMS18F1355P0089,31.694313110574832,-38.159194436785,41.5725285997986
TMS18F1355P0104,-27.21756615736005,-52.76811519884344,33.222205643368824
TMS18F1355P0107,-22.704572896486443,-64.27535583132018,49.26065272466163
TMS18F1355P0113,26.256220714611636,-45.52173194873398,44.625346255486974
TMS18F1355P0119,-22.85276631372477,-61.86631142811274,56.07802458315067
TMS18F1355P0120,8.331923435962352,9.757920913446352,-14.392560936801232
TMS18F1356P0018,33.45629177976644,-34.137887525715094,-8.293445271090228
TMS18F1356P0026,-29.509584061463322,-44.54990742264629,-18.759154215302086
TMS18F1357P0004,10.42887696793012,-2.7617502901292617,4.059609097073613
TMS18F1357P0020,-36.77936380593811,-13.42895979629164,7.125508054001044
TMS18F1357P0024,38.059655003760916,4.343150077224684,-1.7323491090420353
TMS18F1358P0001,-39.951299668437905,-6.591836841097318,5.600063160490274
TMS18F1359P0001,59.65069679078984,22.40103654289191,-17.358767600427555
TMS18F1359P0015,22.067960192530116,16.583924510792016,-9.328055738591836
TMS18F1359P0023,-6.880012226221978,12.209125962388182,-7.975722334229917
TMS18F1359P0024,-6.671142344280407,14.287098890521905,-10.986290505618715
TMS18F1359P0027,-42.44071596335997,8.670823208400058,-0.3158394854711369
TMS18F1361P0004,33.022994484943055,29.236356038318462,-5.645443819048322
TMS18F1361P0018,30.96596080048712,22.38854831579742,1.6894596431048303
TMS18F1361P0023,-15.903012829994724,-4.447848255749103,19.44461886106636
TMS18F1361P0024,-15.31985233240012,0.22281907078969987,22.20568195532713
TMS18F1361P0034,-16.116583315481197,2.6235462507429843,8.366506779690463
TMS18F1361P0038,4.1208637002150885,16.875586982412454,26.704960904032337
TMS18F1361P0041,26.383581684525904,18.535559741546823,-8.732276319810412
TMS18F1361P0045,-7.723818484586621,-5.818736299254585,7.714525973055706
TMS18F1362P0003,91.58241226165504,27.765440603949784,-9.910457748581715
TMS18F1362P0007,-28.828294303610658,1.4547958046317366,14.452069362521712
TMS18F1363P0002,26.1665970847044,9.970062256970484,11.14170905201388
TMS18F1363P0007,-11.804386908472331,19.070183572789755,38.35097509655951
TMS18F1364P0007,-48.88903557838123,-24.687211658202255,-59.88801267904437
TMS18F1364P0018,31.284982257346986,-31.22860431131937,21.078294953403066
TMS18F1364P0022,10.903635189776814,46.13296735007087,20.2731010784839
TMS18F1364P0027,32.72513871362437,21.476607475562204,18.87279448269041
TMS18F1364P0029,-11.583130063588161,45.62311398046976,27.228331554192472
TMS18F1365P0001,22.78763915880295,32.35065569183984,12.866156562780565
TMS18F1365P0005,-45.77102088837001,38.843964904146766,24.47708483079402
TMS18F1365P0018,-35.75044566570224,-12.210542784141712,-27.31303534203824
TMS18F1365P0022,-14.26286586021335,34.0391937011053,21.580439392938608
TMS18F1365P0024,44.303891069942686,-73.60179976780316,13.36370260262568
TMS18F1366P0001,40.451394488520634,33.371362241020634,5.816270723079883
TMS18F1366P0002,-22.64142776690761,21.802785671803367,1.9451520015216828
TMS18F1366P0012,3.729756702522064,-0.7175733609510243,9.23907678345165
TMS18F1366P0014,-4.152989571293521,22.86784790354672,-0.13787613002361948
TMS18F1366P0017,42.116049721686935,22.040542583368808,-9.085940733796859
TMS18F1366P0018,-36.018692229149096,18.205340520552806,2.341752807563417
TMS18F1366P0031,-37.28868191535468,20.2351107655207,-1.5774972338544428
TMS18F1367P0011,20.856793377328266,33.39498287306568,-3.5879116116654552
TMS18F1367P0025,27.803051874600293,34.57005942541311,32.97540454262922
TMS18F1367P0030,-33.104246959390075,30.07691337822544,28.87140261622805
TMS18F1367P0034,20.47603763090373,24.331393548502586,-21.40558175333226
TMS18F1368P0014,71.45614983340397,37.14344429647249,-12.772518913475771
TMS18F1369P0010,-7.825219345702851,28.19704047322255,7.867214970126078
TMS18F1369P0014,-37.53391321044236,18.974662740465156,10.072873827150463
TMS18F1369P0015,-34.88399508903712,10.291185165538307,6.627043036669999
TMS18F1369P0016,28.59065825398659,27.61866831443103,10.463440097183206
TMS18F1369P0023,-35.161883388007745,19.573396464886372,16.333636273408725
TMS18F1370P0008,-13.079982518447043,2.7199971905244222,35.47936433248985
TMS18F1370P0012,30.692797979512587,14.559963122142142,27.721857611367664
TMS18F1371P0001,26.771338391313595,19.687095386954823,49.939246635756035
TMS18F1371P0011,25.343297372037526,30.26948416258688,31.41369411808026
TMS18F1372P0005,-39.56096914029503,-7.31702393300341,-15.452574165866974
TMS18F1372P0010,-25.19300502870145,-8.175086774642505,-14.03059435118249
TMS18F1372P0013,36.52651853368874,13.349556753975707,-16.713509797743196
TMS18F1372P0017,35.81545839240265,13.540495688977412,-9.355411922726672
TMS18F1372P0019,-29.196283188219276,2.1653867430696496,-11.247670195121534
TMS18F1372P0020,-42.35212948888448,-5.243479441820053,-10.147177081967907
TMS18F1372P0024,29.501972581968804,11.111197443221375,12.656727373615292
TMS18F1372P0041,23.003634137600326,-32.50352482911177,-40.36129544435946
TMS18F1373P0003,29.751570428660777,5.694867669513595,16.439665924294413
TMS18F1373P0018,-33.49949239561646,-1.3478087564071108,10.275972731935076
TMS18F1373P0019,26.086374976457243,12.750315970954762,6.264572509422055
TMS18F1373P0026,-48.73589711270615,12.801445246927182,-9.94372040730947
TMS18F1373P0028,-29.62394361108958,-10.316209592211724,31.46133398904942
TMS18F1373P0040,31.441873281959275,2.5848638657849845,16.429230711547742
TMS18F1374P0007,-39.620804855882646,-9.523576845795358,9.065138194243005
TMS18F1375P0016,30.008242471175976,20.434213094135284,14.813009167831757
TMS18F1376P0012,-40.99960055773961,-0.9203209965083133,12.617469702546334
TMS18F1377P0007,20.26455538370804,27.868595142314184,-14.181137724070892
TMS18F1377P0023,28.447809545291243,5.116425038222852,-3.2479074788072366
TMS18F1378P0009,-11.498078916689268,27.21434862969851,-13.368313731486737
TMS18F1378P0019,-19.800029189568324,24.051300956561374,-16.96080597557246
TMS18F1378P0033,-54.42720957871493,25.49382439065702,-11.995198065086264
TMS18F1379P0008,-47.82184761290748,21.18090934838177,-10.931745884146345
TMS18F1379P0019,-54.09790769976884,24.436672585610758,2.470329633738572
TMS18F1379P0021,-55.899899984504465,21.09319932687807,-0.5875001005100807
TMS18F1380P0003,-12.57442258876987,34.37521820227203,-9.885677179924588
TMS18F1380P0018,-14.173984031060764,40.4518541525862,8.200875206137546
TMS18F1380P0027,-0.8035671977695757,45.42095657675398,-3.8834323831173427
TMS18F1381P0002,-7.444469753607446,25.544998648942173,-16.510421564571708
TMS18F1381P0004,-10.607817917712554,29.904639479773618,-18.905056835649287
TMS18F1382P0019,-9.573943329418261,48.073630015265,5.684262538316216
TMS18F1383P0019,-54.98080817813272,35.76963978120047,0.4521100761973243
TMS18F1383P0023,-51.874623255152706,28.494354783057666,9.636103094993116
TMS18F1384P0022,11.535509859704563,17.307725281201918,-18.904967459200392
TMS18F1384P0025,-31.066175290792316,8.693653473070968,12.63106570538213
TMS18F1385P0002,-22.91136983043055,9.88027998212598,0.37833682495426374
TMS18F1386P0018,-50.953584712899,18.09832960360835,-33.00481645837358
TMS18F1387P0006,-46.83485365882354,2.7199762115360193,-2.0054154778803714
TMS18F1388P0011,-50.02911197763274,8.076014353131137,9.21279526341783
TMS18F1388P0012,-4.4803475348947055,31.458858821917214,29.12593799261797
TMS18F1389P0003,11.2068211125523,33.92431033975466,-16.90092935890246
TMS18F1389P0016,-48.013562458294814,24.901558211872093,-5.21131903797783
TMS18F1389P0021,-34.87798724991682,21.75248712746499,18.087250510663296
TMS18F1389P0027,15.269711209383225,42.63250715497339,-11.597844686935526
TMS18F1389P0028,-49.36609282356266,28.766083835449813,7.892454439698003
TMS18F1389P0031,-5.0555762501849975,41.10969389398751,-18.096868313610614
TMS18F1389P0036,-47.72288868317397,23.11971082541109,4.988606528762738
TMS18F1390P0006,-46.97792480010438,17.434097696704704,-24.72734765793407
TMS18F1390P0010,-14.264109544145931,34.03696905284645,0.3187024757087586
TMS18F1390P0023,-55.02492555196379,26.104169402665725,-6.856672505649461
TMS18F1390P0037,-13.887044568519268,42.279892515356615,-11.880192806390601
TMS18F1391P0001,-55.080356791086395,14.325921612913223,-12.564485778114078
TMS18F1391P0002,-33.798942070724564,26.419846151882552,-8.162071161049212
TMS18F1391P0004,-54.604434858891906,18.87832493429467,-21.598742317069135
TMS18F1391P0008,-54.05510125690093,18.718402754790866,-19.61281137045715
TMS18F1391P0011,-54.346128661699844,13.19176380098079,-21.810251952560225
TMS18F1391P0023,-46.04610074186301,-3.474183384245988,-46.17069305891019
TMS18F1395P0006,21.447361202003396,-7.1753508557298185,45.26860695762216
TMS18F1395P0010,-41.16915552982651,-11.445031347906909,41.61775231642551
TMS18F1395P0014,21.14384298880944,-8.328684707460784,35.396166619351355
TMS18F1395P0029,21.739140342614625,23.409421408727347,12.991764401062685
TMS18F1395P0030,-43.29012356506379,-1.9285976720999476,31.2251022566449
TMS18F1395P0031,-41.48188338778386,-16.615175345112867,32.19904985443156
TMS18F1395P0033,-24.11249732041879,-4.1596657518346865,11.315701785971578
TMS18F1395P0038,-39.11632429120648,-14.394709079223572,35.65142062924258
TMS18F1395P0042,20.680276158362194,-7.998712694662901,43.265648564510805
TMS18F1395P0046,-6.302726678222291,1.5347190127340749,29.043223790822392
TMS18F1395P0050,-42.03497731309028,-8.069181089542482,33.17965345157433
TMS18F1395P0053,-39.00437764632284,-20.26840034427231,38.62973267024894
TMS18F1395P0055,21.083092000410723,-34.956495526798534,32.99806978375521
TMS18F1395P0058,-39.92203208164212,-14.46450320660462,46.27001784756978
TMS18F1396P0001,-36.90429360296254,-25.98168600041605,-32.868187276647724
TMS18F1396P0007,-36.61744587205436,-32.45995132100187,-23.071868201367643
TMS18F1396P0014,18.97841836570342,12.518187370240195,32.37139758798808
TMS18F1396P0017,-35.14467363673409,10.8804316447645,6.442381094916992
TMS18F1396P0025,-0.21327707244671143,-29.42152019402961,-32.93037757418469
TMS18F1396P0049,-36.44799852112352,-35.68045177142502,-32.98461753902455
TMS18F1396P0053,25.963044978619358,-20.28506218649103,-31.666292256150033
TMS18F1396P0067,-34.97921381950498,-38.05284255464487,-20.825448587679528
TMS18F1396P0081,-38.88091847814553,-39.21907195745884,-31.403447056751517
TMS18F1397P0021,-36.01028199699662,18.315173158785203,2.49069583990723
TMS18F1397P0031,-49.889755504914355,11.804547492770894,-6.9222022543676625
TMS18F1397P0036,-52.51527264138328,25.007498879366604,-11.353057410401453
TMS18F1397P0042,-53.035613434798215,25.405847851239788,-11.649319346201713
TMS18F1399P0033,-52.85980148040165,10.024546192813316,-21.98570845148285
TMS18F1399P0036,-51.891215080059006,12.849484944615897,-30.740952711083168
TMS18F1408P0006,-47.314487088348045,-2.7973576265448745,10.586568078823733
TMS18F1409P0005,0.8607253844605809,-35.47422781047727,-39.45931293907975
TMS18F1409P0008,33.64460865910147,-0.5438135768643725,23.224272956693632
TMS18F1414P0014,-44.70093583503827,-24.20324704603628,1.0095802355313395
TMS18F1414P0017,-19.957413788564015,-32.990782032764116,-28.588969210606084
TMS18F1415P0045,-46.105346796232816,24.926784007322304,-13.312904856790936
TMS18F1415P0046,-47.27041967239665,17.030785200297004,-24.63968112579893
TMS18F1419P0032,27.05432708394477,-20.751003584763552,26.18639367346836
TMS18F1419P0037,23.81661922725353,-1.0410309202411434,13.359823764154925
TMS18F1419P0039,23.665407940858532,2.7771954130479384,12.299488111152003
TMS18F1419P0044,22.357588462806465,0.21447964622374158,15.45669156089328
TMS18F1420P0005,68.94871113435048,-4.056105546833454,25.717208372378437
TMS18F1420P0006,31.548835077861046,-24.107644661996392,39.03255980351456
TMS18F1421P0005,22.34502114399282,6.771584073824684,-25.720077644203613
TMS18F1421P0020,23.38822717633639,12.87459086325279,-19.953852241999055
TMS18F1421P0022,23.675112512206397,18.139698800467656,-25.054790822580085
TMS18F1421P0025,21.92732900346505,16.70378201991439,-17.295257051226294
TMS18F1421P0040,24.3683837731758,9.303236590377583,-20.394597234969318
TMS18F1421P0050,23.920388792989993,8.315231308483146,-21.34899830820946
TMS18F1421P0055,24.037941191014145,16.441150408315423,-23.644045985664974
TMS18F1421P0059,21.902540397997743,18.229777935589684,-15.58258006083483
TMS18F1424P0001,25.228090461772933,3.8993645800065657,-24.79344938347727
TMS18F1424P0005,24.803429446888146,-0.8020484571233415,-38.21553581331636
TMS18F1424P0020,23.790242749567966,1.1088169584940197,-27.797719581272673
TMS18F1424P0026,19.368153588374422,11.518280598936963,-26.671170783483202
TMS18F1426P0001,-35.04977768270018,9.329940170316316,54.77342761621849
TMS18F1426P0024,20.21396611659675,40.74316129191095,22.338634096714948
TMS18F1436P0038,-10.292788655266133,15.020130930542832,-24.560277299926142
TMS18F1436P0041,11.776546032078675,14.702005213913298,-5.946653648929539
TMS18F1436P0049,45.61251849355054,-54.288205878003524,8.705944516938233
TMS18F1436P0053,3.893786674540594,-39.01766991384435,-37.088548863574125
TMS18F1436P0062,13.288988528911474,20.448952139168444,-0.6716808228695417
TMS18F1438P0019,-8.879932412703313,-50.65499501519307,-10.48363696680023
TMS18F1439P0020,-44.81344696918068,3.3460507028861537,0.5176555955169061
TMS18F1447P0002,-33.8861583031859,22.02322717358311,28.983351266696854
TMS18F1447P0045,-43.003641249532954,29.516785628464294,20.127058748862268
TMS18F1447P0062,22.425907534650037,8.728462450583805,-6.194982105900538
TMS18F1447P0077,45.88031814327646,51.06926365830959,32.50229998097333
TMS18F1447P0078,-40.790314817038315,-5.121558468327421,12.73708253963903
TMS18F1451P0002,29.8106808950928,27.859778709599208,26.91356836913332
TMS18F1451P0005,23.078720833565264,32.49135385722748,24.211921630424026
TMS18F1451P0013,26.17282802551455,32.583020294408904,7.9394483586242615
TMS18F1451P0015,27.187506858368046,39.61851411075756,13.942473716892161
TMS18F1451P0025,-18.61797843310188,23.416433082721237,8.52769295342172
TMS18F1451P0026,21.77007988272349,37.279259835167224,9.273526252000092
TMS18F1453P0002,25.622080842868865,19.051103678112728,17.485266954476383
TMS18F1453P0004,29.136252176575184,0.6519064270181065,8.686312256970956
TMS18F1453P0007,19.135517529948686,18.68167955435986,-12.343565463376653
TMS18F1453P0014,-38.10421142923196,0.5348280738699711,-11.130251571079599
TMS18F1453P0017,10.998478343392172,8.339206962085656,-0.17174755777524667
TMS18F1453P0023,21.40732281467602,11.35031687241086,-10.617870789257733
TMS18F1453P0025,-12.408650659794409,20.5373687825,7.91581593343729
TMS18F1453P0026,-37.19944779947492,0.7175979871320652,10.083921184533148
TMS18F1453P0027,-39.521934634635734,17.143982500533305,-2.4580941237865437
TMS18F1453P0029,11.375517110408667,10.026300131656159,-8.110717997533206
TMS18F1453P0051,-21.08789387114171,1.3153176608696802,5.980159735002423
TMS18F1457P0002,-45.94016595516537,10.606682022243128,-34.15265245232225
TMS18F1457P0005,-47.71868693457898,5.963905157731431,-37.71634817751606
TMS18F1457P0009,-47.2889554424707,9.380914937545924,-38.650318116788114
TMS18F1457P0012,-47.51145584159724,5.436311267047251,-33.18402487500433
TMS18F1462P0017,-43.316268894469765,-3.4322342182529684,9.579784761386831
TMS18F1469P0062,22.810546911233164,10.893351489072609,-3.0622557849355836
TMS18F1469P0066,-41.52727767471047,3.542714585557697,-22.53792360980806
TMS18F1472P0039,-50.9202155433184,8.63577850271637,27.236463380244686
TMS18F1472P0042,31.190479728392642,9.833458736861793,37.02511196394695
TMS18F1476P0047,27.205084948006856,20.840310768936163,-3.556337293204176
TMS18F1476P0048,18.4011413573246,5.251648044283163,-47.82939084268716
TMS18F1478P0047,84.37814181456447,-16.215311758442,16.02874376457498
TMS18F1478P0055,-47.74335766396129,5.002218913056739,-29.619208986121418
TMS18F1480P0007,-47.04735608775443,17.825395184567455,-23.731846408607353
TMS18F1480P0010,-8.763018657636403,9.658970496316813,-25.573116752434505
TMS18F1480P0020,-11.22845225342496,6.716376688823648,-40.01220120721235
TMS18F1480P0023,-45.784849287820144,7.928628520136786,-30.290245422866544
TMS18F1480P0032,-43.654171607347706,7.565706427272314,-20.05778065802364
TMS18F1480P0033,-47.63930429334427,10.381016105363262,-30.90144556371843
TMS18F1480P0036,-44.80993059671748,5.017357904485907,-34.641833553245974
TMS18F1480P0048,-49.367490475563486,8.695135896367216,-35.26709312052386
TMS18F1480P0055,7.856033284831282,18.989448101139576,1.9981332599392987
TMS18F1480P0059,-48.899620597131275,8.830634325898274,-34.37395735962141
TMS18F1481P0005,-31.822851175002953,-47.27044578612668,36.416875318188126
TMS18F1481P0009,34.619395789681526,-43.98259808466786,43.5605173057621
TMS18F1481P0014,28.316302301866138,-25.134939044472556,18.43414781204782
TMS18F1481P0015,73.47566363746432,-31.807473760510437,6.78156262632031
TMS18F1481P0016,-25.95459788285468,-55.73679178365112,28.19536054676792
TMS18F1481P0027,18.62400102239128,-44.54137557248339,25.869306157376144
TMS18F1481P0029,30.663840628994613,-33.276913268124005,22.212054790360902
TMS18F1481P0043,-33.880373406285976,-48.808019650274744,40.6071300063503
TMS18F1481P0046,34.804659922479864,-41.92269343784806,29.395114593718322
TMS18F1481P0054,-32.57315607567423,-49.64254421056038,28.01746995350727
TMS18F1481P0073,-28.87097849334596,-53.482759737196574,48.41748810511947
TMS18F1481P0075,-34.68858206772591,-44.92789706914787,28.448680500317685
TMS18F1482P0002,-46.61297948204893,14.970018299684767,-13.19175783977025
TMS18F1482P0008,-44.153920702489465,-2.905845217918207,-17.889037573184243
TMS18F1483P0001,9.136830610671701,11.08489431163042,-37.45350226809193
TMS18F1483P0005,11.37469067601764,9.539392763136398,-36.273367845939866
TMS18F1483P0010,-43.298090655038955,-4.189442721700873,-35.50357560825667
TMS18F1484P0002,-3.8856464974038367,-20.19835089070127,8.31770046298796
TMS18F1484P0004,31.085411288549633,-32.670481827831345,17.672939042313445
TMS18F1484P0008,-38.27401785672087,-37.27584408160306,8.714518522369165
TMS18F1484P0009,27.62711766796467,-21.108791020968173,-5.778423790942092
TMS18F1484P0012,28.548331642199532,-28.415582124210083,21.45901896747822
TMS18F1484P0024,25.973726128742953,-24.04394231350828,-15.27570999636273
TMS18F1484P0032,20.32838982852517,29.023522659306437,37.45492140891665
TMS18F1484P0035,27.89063056695,-23.928545849303188,-3.1280600074687097
TMS18F1484P0036,50.11340021621958,-50.26644111762387,26.034928539462868
TMS18F1485P0015,-23.088135342305424,9.181351394225132,-34.05007811899135
TMS18F1485P0020,23.34978706288718,14.852611980173801,-23.763497831651588
TMS18F1485P0022,-24.548190379419978,2.7941810325874243,-27.22590850853694
TMS18F1485P0024,38.119789471796004,24.31858947662776,-27.96518696188084
TMS18F1485P0028,41.387247853667425,16.42452612170193,-26.830197143607602
TMS18F1485P0030,41.490014305496416,19.28106645870663,-29.263668479985064
TMS18F1485P0037,39.21433384365246,23.35866013109076,-28.733328905165976
TMS18F1486P0003,27.627020373876622,-25.569239001009894,-18.503422192987664
TMS18F1487P0001,-32.83763487246126,-52.49207695581499,42.73495487982228
TMS18F1489P0013,25.5796805863686,19.230588270267933,16.55704866862623
TMS18F1489P0018,7.207016838622173,19.41180520784134,17.579294564061094
TMS18F1489P0029,-4.208601028110965,19.741198872900398,18.772547757825684
TMS18F1489P0036,-33.39453816961737,14.24693463229487,14.686329952627702
TMS18F1489P0038,75.0003738309868,19.29802723370023,-4.6151752558377686
TMS18F1489P0040,-43.10229502156613,-2.2040448409125655,19.59403084608348
TMS18F1489P0044,7.897873708068936,14.580930972775406,22.67976134706679
TMS18F1490P0005,10.301273938912754,-50.187099596860946,-22.045433031278172
TMS18F1490P0008,-29.26663180905232,-53.08674429840193,-32.28747428452262
TMS18F1490P0013,73.63329746679932,-35.425247778207684,-29.367477086419093
TMS18F1490P0021,32.967070708656266,-30.85318275699662,-30.201511349330254
TMS18F1490P0023,-30.62858197155797,-46.42994091692756,-28.371212666459126
TMS18F1490P0026,3.9299774526010296,-34.710011615621006,-46.57232336610529
TMS18F1505P0047,-4.745366550033698,-9.39516661935843,11.96785770797851
TMS18F1505P0049,-33.34204912985578,-49.95723596213466,-2.984920572917348
TMS18F1505P0057,-11.10046206417249,-13.601879883787653,17.664510210473956
TMS18F1505P0064,-8.674778907589346,-25.46241274407693,57.49639490516531
TMS18F1505P0066,-2.2159554794994465,-22.406078032431296,63.461082983364314
TMS18F1505P0073,11.737529959275074,-23.53697088687939,66.83107035438621
TMS18F1505P0077,-37.30683283941334,-26.278597688324943,56.18474639633269
TMS18F1505P0079,-34.92619927488296,-40.178969724377296,73.07869848202448
TMS18F1505P0081,-15.112471459807432,-26.287126558972865,64.26402345789543
TMS18F1505P0097,-23.42744264401422,-30.81440729955073,65.8883069506051
TMS18F1505P0127,-35.14377848410795,-32.83948280333281,67.14347133317975
TMS18F1506P0001,-12.864971611320954,14.19666567407962,-4.070827790106998
TMS18F1506P0003,-39.67559764571495,-8.676575914913876,-7.187428036967536
TMS18F1506P0004,18.525984209970986,23.64537281591843,-6.585016712335367
TMS18F1506P0006,15.498066067127551,28.110625929038054,-19.3561181291058
TMS18F1506P0012,12.753244185516676,20.773779771032046,-15.802979002038352
TMS18F1506P0013,15.072182445872533,28.589072390343688,-15.641245384868743
TMS18F1506P0018,-39.29226455503653,-20.169839835648816,13.288213579694013
TMS18F1507P0008,19.8725201481378,14.800784339741579,-36.308937471391886
TMS18F1520P0039,7.5065231954456815,12.707438188828021,-21.215261465591798
TMS18F1520P0050,-46.74069948920455,-1.067160652098604,-18.162685641944257
TMS18F1522P0141,-53.392675045127625,7.910539514059984,-28.057539955621277
TMS18F1522P0144,-6.20429837237438,-1.1517495851242323,-7.390296161785919
TMS18F1539P0043,-17.998339489171798,-9.633747005250944,-42.67494690599035
TMS18F1539P0047,19.062691848045862,-4.883281375306088,-41.11504785596843
TMS18F1539P0055,17.672922261528257,4.994303336594446,-45.22114099835117
TMS18F1539P0056,18.326595574357018,-3.2728727222179064,-38.06320875306695
TMS18F1539P0063,28.458567274713953,21.397210260838506,-3.66160543464325
TMS18F1539P0065,6.783009106803062,1.6050519946648205,-42.96551351192994
TMS18F1539P0073,45.322959872249896,-77.37354591214174,-26.829953551331595
TMS18F1539P0075,-44.16109287325293,-15.85220817092902,-38.681297046151236
TMS18F1539P0086,15.528991154573854,7.63194629064434,-40.00309805296372
TMS18F1541P0001,20.219404968937774,5.057405644855291,-34.763049326737715
TMS18F1541P0002,40.05618636968985,-24.189780556075036,-16.643852105250694
TMS18F1541P0005,-43.84310839076219,0.39008795736299307,-24.99062102440772
TMS18F1541P0009,15.00853575497536,47.18860056586434,0.7933130845023808
TMS18F1542P0001,28.574891074237605,21.5713361638596,-5.187734446690721
TMS18F1542P0006,-35.02729773090468,22.308992071039896,30.791239894895465
TMS18F1542P0018,-37.828923592381905,23.743576963891492,13.446856868357898
TMS18F1558P0040,-40.82904255959705,-0.505303175773047,18.266329065940507
TMS18F1560P0006,25.07052059330254,-5.238024161521259,48.94318255528284
TMS18F1561P0009,-39.359524658431035,-14.991241310984012,59.97696133936454
TMS18F1561P0024,-40.12041030178795,-14.920881731259435,69.66974843887257
TMS18F1561P0025,-43.43282189998209,-12.356760629351927,55.85521607584468
TMS18F1562P0001,38.293732935031706,-36.08404212484204,27.531833025192253
TMS18F1562P0004,37.085767282670496,-36.806418800043716,20.099097369469447
TMS18F1562P0014,37.9653510345245,-47.31538202367245,24.144282257809056
TMS18F1562P0016,100.4991539605135,-25.3580522265636,18.642282232735507
TMS18F1562P0023,43.028396729764374,17.320722859206043,-17.797413423399632
TMS18F1562P0025,88.75906942412438,38.33242434462627,-12.384223592803558
TMS18F1562P0026,1.2833398023423292,41.873417972907475,34.07384609769433
TMS18F1562P0029,60.192070327526885,-26.220906486182106,21.04850011396144
TMS18F1562P0030,30.57226276964822,-24.71531506801242,32.47184803303757
TMS18F1562P0046,40.06031774960258,-44.63994439353757,26.626494554806914
TMS18F1562P0055,97.51285865237018,-23.68930723864447,13.408625583780818
TMS18F1562P0059,95.10055259786526,-13.99879391123855,14.688309491494882
TMS18F1562P0068,-27.266043776753303,-49.09582019742011,23.398361356630858
TMS18F1563P0014,-34.57854263516478,-27.777156807001624,60.32227665058475
TMS18F1563P0016,26.186664783604215,-30.488965098069826,65.47475113998148
TMS19F1007P0004,-45.45035413110958,-27.91904088207125,-50.975899415497786
TMS19F1011P0025,-30.26076905397882,-40.068860113041325,-1.4949559490986755
TMS19F1011P0056,-32.19839995602214,-45.369360232574024,-2.462407517789091
TMS19F1014P0048,31.021513986886774,-15.616652562430794,-6.318083934887272
TMS19F1015P0001,34.31790304484424,-27.238419595313946,28.59147504913715
TMS19F1015P0002,38.571296255155694,-58.9982147665504,7.399266504276409
TMS19F1016P0044,30.368192838061276,-23.82760697054921,-1.0198446550163889
TMS19F1017P0029,30.338444751084193,-18.305760351999417,-10.809659955126527
TMS19F1017P0043,92.41366812123127,1.3097105485477383,-21.626664764329924
TMS19F1017P0089,24.17895057468156,10.825471299610852,9.736271221199244
TMS19F1017P0097,-32.17105733698492,-24.884815039051368,-7.732804351385035
TMS19F1024P0006,-8.262001218079856,-16.486848227474812,18.04033057998398
TMS19F1024P0019,26.57531929458407,-23.692319823681405,5.515726388818374
TMS19F1026P0004,-22.801220395031315,12.289781097530742,3.2790709742481874
TMS19F1041P0112,31.660996793896597,-23.723801810507272,27.108085075069265
TMS19F1041P0120,37.79921715836673,-31.085019187244917,20.981562027321917
TMS19F1043P0036,-39.25506425934389,-1.725442280486136,21.88131691772848
TMS19F1050P0056,-42.87730287051951,-17.23694709284842,-8.888528025749464
TMS19F1057P0002,39.24850419198206,-29.67087770518918,32.35528812847303
TMS19F1060P0009,-40.3456096442165,-22.003689892537277,-41.865219089578154
TMS19F1063P0053,-42.284653535868806,1.575064191346449,3.070627341059357
TMS19F1063P0176,41.15705483115811,13.983245276688265,2.381656705858715
TMS19F1066P0026,-45.095614700804404,-2.170771099623531,-1.9110950199570511
TMS19F1067P0043,-34.425257918780254,-22.65717857274197,29.3037387590709
TMS19F1069P0015,14.948948323456612,8.848058562200347,16.91142213964778
TMS19F1071P0017,-42.37956488845822,-20.152897597252412,-24.695290099740745
TMS19F1072P0121,19.83984200496044,26.816480900435756,8.305764848019404
TMS19F1077P0028,-39.88036428520754,0.045582112856802796,-31.403372879513146
TMS19F1078P0041,-38.063576011025766,-10.393966694911192,-21.796674910354966
TMS19F1080P0071,-32.5740136733869,-26.25941386189701,5.425984898939696
TMS19F1080P0090,-36.4728991155388,-25.95619057416952,-3.5375942358108166
TMS19F1086P0014,31.770104234008706,-17.60645934060655,-18.499336868832664
TMS19F1086P0030,35.11810540130525,-22.99745888187795,-3.878501996886349
TMS19F1087P0045,-41.69706473888439,-12.864861439267484,-43.67725308654128
TMS19F1090P0030,3.1500816964277893,1.1837792713674062,1.8564583865876134
TMS19F1091P0065,-37.970803812099604,-2.835277315012142,20.749779142451356
TMS19F1110P0029,12.485626089618572,18.661755288955867,9.179953543573312
TMS19F1142P0003,69.9115055183965,26.524730536141178,-1.40010284868991
TMS19F1142P0014,22.213095228845187,20.75508859113862,8.712218086788779
TMS19F1143P0036,-10.269069467031459,26.24321071728938,30.434345319309568
TMS19F1147P0030,22.538659501801337,29.65588002355752,11.16494002866116
TMS19F1181P0008,-52.139852440274694,11.969476567746455,-18.013367547227066
TMS19F1181P0056,-34.25722030539251,28.243795047591423,-12.216411464815522
TMS19F1182P0020,2.351179766503114,3.226897847946746,10.389576172742744
TMS19F1183P0037,-46.7942133234951,2.000929718176869,-29.145069720068832
TMS19F1192P0004,-51.9228452375249,9.422276531965137,-17.737668148307712
TMS19F1193P0073,-11.65004732538977,15.000286297403074,11.079546415942366
TMS19F1194P0013,-53.259616011634996,15.582181922719817,-12.118617597309868
TMS19F1194P0053,-54.97947224151116,21.366428534186017,-13.62090570483753
TMS19F1194P0103,-54.484319374705045,26.401386860382857,-10.35503720627886
TMS19F1196P0001,-38.755622088593896,21.824484223450195,18.248746286858193
TMS19F1198P0059,-48.87391667138619,6.87769218359702,-31.491748005140707
TMS19F1205P0062,-45.28117897765325,8.946472721550663,-28.308950058461548
TMS19F1210P0006,-29.377184908097,5.6539472152912325,-12.875584792142545
TMS19F1218P0011,-18.509385988168617,4.592243966883524,-12.457149832652018
TMS19F1218P0020,69.26017747099226,32.95208611592651,-19.80971918457455
TMS19F1219P0003,6.61480495453619,21.69738536174484,-23.042907442659285
TMS19F1219P0038,11.105423956894352,9.893556261148909,-17.596403468442652
TMS19F1219P0089,6.790875203027248,4.693674302367528,-14.650576546889525
TMS19F1219P0090,6.882419299807292,18.585442349657963,-22.10490632439199
TMS19F1219P0180,-46.353038192804604,1.8017492515631974,-12.78094901677903
TMS19F1224P0002,-47.669895890353125,4.8869188192903,-24.683624015427352
TMS19F1225P0010,-43.356407299306774,-9.6408371534397,-28.300191916643705
TMS19F1225P0020,-44.393085600745344,-0.645144990162434,-28.61259937816355
TMS19F1226P0213,22.89102086178762,10.498240076021597,-3.440898724047264
TMS19F1228P0001,-51.199839796988876,3.672284555320721,-41.729265510847654
TMS19F1228P0017,-47.608296050853085,3.169540217165448,-35.298554745306234
TMS19F1228P0027,-52.46198842376352,-0.49658534889649547,-44.3921066691724
TMS19F1233P0019,-48.44233513240502,4.157617835704284,-13.7778309077588
TMS19F1233P0045,-49.44754613209339,10.528144728943735,-31.31759910897159
TMS19F1240P0143,-48.89613487414826,1.133947048828599,-39.183502045270316
TMS19F1267P0009,-51.8516702175673,10.403782776146526,-18.067634334550124
TMS19F1285P0009,-35.1166386194254,24.183829508169737,-5.533151363287469
TMS19F1286P0006,-54.51778006927522,34.67541320456065,-7.148748334825889
TMS19F1286P0065,38.647643991726035,42.468068451211785,-9.676275404055405
TMS19F1286P0075,-19.037895028556978,29.628211111887012,-10.340200856241298
TMS19F1292P0003,19.48742906864601,24.58307863909541,-2.0789440154516194
TMS19F1293P0011,20.114608464655195,19.416009289397127,-10.474791112788182
TMS19F1293P0037,-27.739601190226132,7.516880425234976,-15.179187979388756
TMS19F1293P0042,20.202671965728793,14.418075897823913,-13.203781251160793
TMS19F1293P0082,14.612710328824921,30.339730065745144,-13.991823085555328
TMS19F1295P0033,45.93852613266535,47.685887444281924,-11.855746093883383
TMS19F1300P0036,14.536184245446073,24.659167172132193,-4.156882438998678
TMS19F1301P0001,-49.814607865304026,9.106365998610867,-14.343002390572282
TMS19F1301P0020,-45.89267347576611,3.1675579476801676,-10.416634722280321
TMS19F1304P0001,-47.03505245568867,12.452027925601685,2.653424724365083
TMS19F1304P0044,-54.539345276880944,34.599334807942846,4.336747734778965
TMS19F1304P0114,-46.602309707082036,18.36662391034711,-10.172400858615122
TMS19F1315P0070,-6.21701055057591,11.455678557169655,-18.367355324652074
TMS19F1316P0116,-9.397644826171346,11.742766711234804,-6.633062382336099
TMS19F1329P0008,12.15155643253196,11.908344068417312,-18.835142352048617
TMS19F1329P0025,13.711638317136067,14.476422979664015,-19.39075366320327
TMS19F1329P0033,12.705735578635187,12.316574966431546,-27.192766863582555
TMS19F1331P0004,6.202020629451585,24.262153750831967,-14.690276897773256
TMS19F1338P0038,-7.710615137635095,27.62782620143958,-12.940429027545603
TMS19F1350P0007,28.457984998300073,-5.972666180667458,13.542894681857485
TMS19F1351P0040,12.66050269973713,-28.111161280589872,-38.29062932721627
TMS19F1351P0042,35.44632545287648,-24.758080283267766,-44.58288846919403
TMS19F1359P0051,-33.66566790927658,-10.28474150407789,19.93470199665154
TMS19F1360P0008,-26.666172067376614,-26.530497073113242,49.0804700254891
TMS19F1361P0001,-31.951367635757762,-33.72397976545591,-14.471063486620874
TMS19F1365P0061,31.39266034303388,-15.1669605918131,39.16791755566216
TMS19F1366P0016,31.087125490698405,-32.86221637662429,-25.829401269864114
TMS19F1371P0025,22.535728795856325,2.380133408361668,5.846320255242614
TMS19F1375P0045,-27.31491775972062,-46.17615142280697,-25.9849832452188
TMS19F1379P0032,-23.12793965879738,45.67337737847904,-6.550167209517022
TMS19F1384P0056,-53.13037911428963,21.952172414616342,-8.492894317158134
TMS19F1385P0007,-49.464458059879895,6.285766040504075,-19.988197276401984
TMS19F1386P0058,-44.772177396847525,14.19099695635634,-18.358880256699074
TMS19F1388P0043,-23.212401045986194,26.203614799080547,-22.22103338092945
TMS19F1394P0035,10.216823499192978,29.852584926405363,-4.189768280744805
TMS19F1397P0021,12.234988397273261,29.891754663078135,5.844892271410497
TMS19F1397P0059,-18.649306343420893,35.34162992864119,-12.589286970492086
TMS19F1408P0002,-43.12654807426859,3.57925968796291,42.814887496355574
TMS19F1410P0014,-48.315330888406564,-9.34273244897621,-33.410733448191515
TMS19F1414P0076,-37.72462362984728,-27.991828615454914,16.09323144505477
TMS19F1421P0005,12.240076930353485,-22.982037139967755,36.96143994620791
TMS19F1422P0002,25.184014220121895,-1.43988558545877,-0.5548636770758147
TMS19F1423P0003,-16.22988694000978,4.478941587188459,-8.844356345135834
TMS19F1437P0004,-53.2367117060288,27.631719219725476,-4.60650166760359
TMS19F1437P0065,-49.45697089604648,12.155511499473391,2.106017170575256
TMS19F1440P0022,-2.1126315937238935,17.575734895580148,-16.388314756438277
TMS19F1440P0074,-26.902718926270545,10.566534508053163,-5.556099387952719
TMS19F1466P0016,-28.710256142976387,3.1506616365243234,-9.862049910731468
TMS19F1503P0016,6.143405795122949,27.898488690674377,-15.154941259462335
TMS19F1509P0021,-47.27837731850863,3.5672767399212004,-17.928878043354167
TMS19F1509P0026,-48.07705501790421,3.002390206494434,-17.53148778390638
TMS19F1513P0015,-44.116627531964554,0.7146415237807536,12.626505824504246
TMS19F1517P0034,-47.8528538839195,7.106892054511979,-10.65917845231647
TMS19F1527P0015,-48.27809597356264,3.5108800064248773,-16.938332248617215
TMS19F1537P0009,-51.09989004770429,9.94679219347753,-20.99374921877103
TMS20F1001P0002,36.56655107330773,30.401425133105402,-27.966914044386687
TMS20F1001P0004,25.945576069866377,39.245422417770676,-10.122738612231963
TMS20F1002P0005,12.296131563594276,29.085907898205935,12.523082333968464
TMS20F1003P0004,61.3937598347331,18.906604050410678,-8.836422121453184
TMS20F1004P0002,-23.223935306011715,-6.8482541475943215,-8.514582716208368
TMS20F1004P0006,38.0859501506178,5.877838641025,-28.548227627676795
TMS20F1005P0001,-31.90737630984488,14.746346483631351,1.0999614247499852
TMS20F1005P0009,24.84029180004183,23.33405992391781,6.304330415532862
TMS20F1006P0007,28.23186302563129,5.227776422377425,-6.21870008093048
TMS20F1007P0002,-19.781949582941326,11.13549134354806,1.034124587538741
TMS20F1007P0003,60.65056535617771,23.47256796179531,7.364931095516496
TMS20F1007P0007,28.711950294407348,22.558788300055344,16.98261596514879
TMS20F1007P0008,-11.121685102618967,14.463256268405132,11.131793087705702
TMS20F1007P0013,42.39994482395811,12.666610113480257,7.848588026455053
TMS20F1007P0014,-26.785997787297948,7.874071392722538,21.187759367724865
TMS20F1007P0016,-1.5199650055450613,12.618526610575978,12.538701086626714
TMS20F1008P0004,4.338640267589113,25.58498701767148,0.7143942797012556
TMS20F1008P0006,0.3976308233220285,18.246925410830595,0.3898509410569712
TMS20F1020P0017,20.025176841139896,23.414201250519557,-20.718827626478035
TMS20F1025P0005,23.85228277712864,-2.5556542492771985,8.549513652084565
TMS20F1031P0002,-38.970668658494816,-7.285906105197453,5.269632987308127
TMS20F1031P0005,-41.12193122241811,-12.401629688517907,-4.05264360162791
TMS20F1037P0003,-2.281443818012667,11.19946687611444,-3.557500199562394
TMS20F1040P0001,-36.76827878064092,-13.672686886463895,-11.272204302976972
TMS20F1041P0009,-45.729499202108165,-11.723594320909697,-34.49269108970775
TMS20F1048P0012,10.109758442549861,4.873729365914511,-21.74568645480007
TMS20F1048P0014,18.030963348868823,14.167971954825669,-18.05230863330409
TMS20F1048P0026,-24.902262385417668,4.938671613529723,-23.72056050729497
TMS20F1048P0031,14.778680668656255,12.460755864512324,-28.020437884219206
TMS20F1048P0050,54.0982124528596,18.334522542552886,-22.764144579147924
TMS20F1050P0004,-46.90358702840093,-11.811144967990499,-32.40394249696936
TMS20F1050P0032,-44.670327874589645,-13.03661998448405,-32.314062591329076
TMS20F1051P0006,-39.875619512763194,-10.732301151928004,-23.772846471025026
TMS20F1056P0029,-41.93434159973662,-1.023264933318348,-17.698644657367407
TMS20F1056P0060,-44.6803648557777,0.21849245670287812,-18.49196909515247
TMS20F1056P0061,-22.92114663031026,2.0721307334307397,-20.58735693693341
TMS20F1056P0067,-42.26650527594887,-5.1619344197389285,-10.43009370184539
TMS20F1057P0037,-35.114179969773545,-23.044289197680584,29.1142313520999
TMS20F1061P0009,-24.664711737506824,4.9565362210596025,-30.826541672630917
TMS20F1061P0015,-47.05472701367267,-0.9962658224182034,-30.98332387627356
TMS20F1062P0021,39.94909158636167,9.539661049983152,-33.47194770221286
TMS20F1062P0022,-45.97484434877013,-7.443597350018498,-32.658290739896245
TMS20F1062P0024,-22.493229501381983,-7.97603609573354,-31.97416862088294
TMS20F1068P0011,-45.94868162120643,3.1100547728979944,-23.159515921852652
TMS20F1069P0015,-44.36360996938588,-18.578217155126893,-28.42193283195166
TMS20F1072P0006,-42.94897204413835,-0.11852544889892057,-24.045325933542497
TMS20F1072P0019,-42.97310844266809,-0.1409281290225345,-18.72282467381837
TMS20F1072P0026,-36.154873162982156,-2.2301332657405046,-21.692422650474196
TMS20F1074P0008,-31.517194100560662,-12.064347133800368,-29.02917511792749
TMS20F1083P0003,24.749582696256454,12.6520623392552,22.157900981427446
TMS20F1088P0001,-3.8526402719531747,9.062831661588696,-5.161164687088724
TMS20F1089P0003,-8.891820850723404,11.395841250288733,16.267248893649523
TMS20F1098P0016,21.38255390412078,8.914324814469602,-18.312725308992853
TMS20F1104P0005,1.2173852144281974,10.928344462476423,-15.660199955767183
TMS20F1105P0014,27.874562348773544,-26.86180129154156,-30.55930153174628
TMS20F1106P0021,-47.51042976076395,4.125183160240766,-24.8551499221769
TMS20F1106P0022,-8.208235064501492,15.803984961467409,-30.12485268091779
TMS20F1109P0006,-48.49678374490188,-13.425165546255394,-52.787670997144986
TMS20F1111P0008,-44.46336316541384,-0.44807079327823746,-26.237199195176267
TMS20F1111P0014,-45.64261891627315,-5.961861374047965,-32.73028442676792
TMS20F1113P0001,-49.166621032385876,7.110964305174428,-20.21298636315656
TMS20F1113P0035,-43.83381527936861,-5.949095480211184,-13.429952707399744
TMS20F1113P0037,6.867017897471024,19.101149960829478,-22.785841342207362
TMS20F1116P0031,16.273978082436265,24.27849926934551,-21.678954851624948
TMS20F1116P0032,-0.8837103869100574,22.14911840092885,-18.303895787195167
TMS20F1116P0033,-47.74473005689541,11.280017951711026,-16.31568041374349
TMS20F1116P0042,-47.96589916956193,11.667047508287832,-15.295768732806811
TMS20F1126P0002,31.370919409884554,-39.61260939163309,-20.58237003207816
TMS20F1126P0007,35.455159729128475,-29.670982149306642,-8.129777289137998
TMS20F1126P0010,30.898559967074718,-24.390837318385117,-13.691741959122838
TMS20F1127P0004,-43.43428925011244,3.6807974203489797,-14.321129121111921
TMS20F1128P0008,19.802604155775054,24.637740819433375,-22.461925186016742
TMS20F1129P0017,-44.746701564622526,-7.626578728174487,-27.048775772291165
TMS20F1132P0006,-35.4452633600772,-9.37115950568096,-28.581644893303046
TMS20F1141P0004,75.90049657617399,34.619567769307416,-13.551159295564066
TMS20F1141P0011,17.938636262301152,19.512270071108592,-11.148139747907027
TMS20F1142P0008,20.38023599252445,13.207288329007731,-10.03084291803657
TMS20F1143P0028,13.646711123975878,22.36839044357245,-33.87590797702185
TMS20F1144P0007,15.87101246847884,15.015063726554935,-31.54099982610992
TMS20F1145P0011,-50.439435493410784,-17.880938592247674,-62.67375729460953
TMS20F1147P0003,-43.46741591097208,-5.376265593370906,-35.97379239863236
TMS20F1155P0003,-42.41409867768691,-2.483242324743599,-10.087246644495353
TMS20F1156P0003,-43.03599486046271,-0.22977162458992959,-3.0375891319559662
TMS20F1157P0002,-43.99800063850491,3.736623105493721,-3.4207974209127734
TMS20F1158P0003,-40.61021733037889,-0.9485785936170875,-2.578485634404977
TMS20F1158P0008,23.03742333352235,7.658819509365996,-8.540142794712242
TMS20F1158P0055,19.434434510777113,22.209997674095284,-33.439861110087826
TMS20F1158P0075,-40.64341895691544,-6.628482809876915,-11.717619709592578
TMS20F1158P0079,24.80744301279833,7.067746474811487,-7.965144552935197
TMS20F1158P0092,12.05539171019338,6.376003384796893,-9.16121304937153
TMS20F1158P0103,-25.54189807910268,8.48640560357927,-35.48171624988087
TMS20F1158P0106,-30.26961415671655,-5.289669714528302,-0.2618956016196566
TMS20F1159P0025,-21.006411403323657,8.446677036237496,-34.7230457789712
TMS20F1159P0032,-19.78341950026289,-3.5323873683846685,-32.91272806871894
TMS20F1161P0014,-44.42264682921725,9.433646196885013,34.92093393311181
TMS20F1165P0004,-21.880816493709748,18.78374186935827,-19.85582409718239
TMS20F1167P0010,-39.492960316421495,-1.8550583056307441,3.5802183477153227
TMS20F1179P0001,-45.17733566267056,-12.482802672819904,-14.545471011410216
TMS20F1180P0002,23.119039549239602,29.127174306723372,-6.540189125708995
TMS20F1180P0006,18.839945230450965,19.917035172495527,-24.078595229700213
TMS20F1182P0043,-32.632660022385416,4.565037183611308,-8.047566495909061
TMS20F1182P0047,18.517451954519476,14.682074599086045,-22.247281012295904
TMS20F1192P0006,33.71021258674067,28.885002819804185,1.952831033212951
TMS20F1193P0005,-14.211701784898993,-42.223439894060235,-5.480912567908616
TMS20F1193P0007,11.486830575749217,-28.872233642991024,-10.757174833197496
TMS20F1194P0025,31.08816176108117,-26.809061033781475,-12.301366300417296
TMS20F1194P0026,-4.977576453153901,-21.829640708051688,-15.725069189084449
TMS20F1205P0013,25.880821625935052,0.6474493939746684,34.956864931002436
TMS20F1221P0001,4.7126906285885335,5.306020252095791,-37.38966008806528
TMS20F1221P0015,-38.60561492450424,-2.71006586479514,-23.544594115951185
TMS20F1221P0019,-39.88864223378316,-6.082087657103217,-32.649300317154086
TMS20F1223P0009,-43.86676604174384,-11.557992356464705,-33.329403602089855
TMS20F1228P0024,-41.59632263102229,-8.333221580808958,-31.955967691595976
TMS20F1228P0028,-8.200514660582842,-7.2975940257258225,-39.372660540863286
TMS20F1228P0032,-48.59628739800224,-3.0828714590778628,-31.49134549398585
TMS20F1230P0026,-50.874240301434,23.137702020874183,7.185071476563014
TMS20F1233P0012,21.272630565035115,18.76761323529072,32.58034806463611
TMS20F1233P0039,-18.500872996135158,16.294648088835178,22.15528503742663
TMS20F1233P0049,-34.17816963137126,10.614400866949131,23.623456268243896
TMS20F1233P0060,15.518395163706856,31.083024376363685,11.289178830470831
TMS20F1234P0008,29.79339909132633,16.280488918560803,59.91051736322986
TMS20F1234P0013,22.44101836441479,19.27903050114287,55.580467073480804
TMS20F1235P0038,53.91650489811529,-16.680039423133028,33.80187605174655
TMS20F1271P0005,-53.16391674766462,22.532158490420485,-18.862224686665204
TMS20F1285P0004,-49.03493061890129,8.521207908728837,-1.4710586416774782
TMS20F1285P0014,-48.801914683635005,7.518664658446468,-6.722333520050371
TMS20F1286P0007,-33.46534751543194,-10.399868714137197,-4.353741803441925
TMS20F1286P0013,-44.381902532787855,-7.7231477917593105,-21.702818140250454
TMS20F1286P0017,-44.99958750653405,-4.235095912438214,-17.178579268941828
TMS20F1286P0032,-38.16180492133692,-1.9812507062831062,-20.151513903558886
TMS20F1286P0036,-47.27303553079936,-24.694106326365695,-58.47332331472636
TMS20F1287P0001,-8.823559348177378,11.784161914134103,-17.530892109037723
TMS20F1287P0021,-50.13036142283463,3.449534793297334,-17.634707376881096
TMS20F1289P0002,-45.9656857373982,-5.039068516293205,-14.290224428248694
TMS20F1291P0009,-36.2724670856516,-2.8878974897390752,-7.311888882360575
TMS20F1294P0021,-39.5885663723475,6.237908919540792,12.30115887151935
TMS20F1294P0032,24.038298834393842,1.9217399428746245,-1.8408853388403825
TMS20F1295P0001,-41.43587423646842,0.44944868790526094,-6.814795936837477
TMS20F1298P0014,0.5277744175671086,27.5870213525464,13.247627629265562
TMS20F1299P0004,-40.69531565950257,7.4052545589313,21.12585671968014
TMS20F1299P0015,-40.205655179568886,-2.9536706824659484,-3.8164710765636065
TMS20F1299P0016,-41.35562598964478,7.7484430914513585,-1.5016384437773296
TMS20F1302P0025,-40.34833042830517,2.583730971241431,18.07092392813582
TMS20F1306P0036,19.25339773307764,18.139739417632825,-11.982113692601287
TMS20F1306P0064,17.23764844100425,17.723460305949697,-10.663049094662492
TMS20F1306P0065,9.377919811714843,19.72699222798331,-10.825377348250175
TMS20F1307P0036,7.077456825025672,22.475154216487507,11.335753982125883
TMS20F1307P0037,9.561409336086614,27.568511048876648,6.420858022249869
TMS20F1307P0039,6.394858416927418,24.305756587426114,4.646310455385748
TMS20F1307P0055,8.472749348040573,24.716977611959745,10.32402655557055
TMS20F1307P0101,6.032740437087688,24.932399186386217,-2.2952423832828166
TMS20F1309P0015,-45.98797927702526,13.088216360415098,-4.395535529257705
TMS20F1310P0008,-48.07280129335437,6.975629757027838,-24.542968575472376
TMS20F1310P0012,5.651768873632156,22.421576270440156,-21.566196008939798
TMS20F1310P0019,7.055856089301622,18.571146823213912,-15.207084650112769
TMS20F1313P0017,21.276470946662858,-1.018312538617352,-20.38194584989269
TMS20F1322P0028,16.050531284943784,17.946277452056915,-13.392284646070626
TMS20F1323P0040,-49.60499834914287,10.262044279717802,14.130527924258214
TMS20F1323P0050,-45.60017726190041,9.099083986660617,5.876820798853665
TMS20F1326P0020,-36.45794056271334,-1.6740737136046957,-8.493797470329042
TMS20F1326P0034,-30.30660577505114,-9.649235777869276,-2.661037965749088
TMS20F1326P0045,-43.28975209119392,-1.9014496378192969,-6.594037776533657
TMS20F1336P0004,35.51234647893183,3.633466787624169,-8.367943626686253
TMS20F1336P0006,-27.737465518308422,-16.158188087369485,-8.474593910013214
TMS20F1361P0007,-46.690304376159084,-1.9143221249220903,-5.061119684849029
TMS20F1361P0013,13.931468426222521,16.478046309729347,-13.606696912699372
TMS20F1385P0030,-3.479639772579135,10.230906893240123,-11.987776711133852
TMS20F1387P0025,-44.21265702646487,-5.148081310247726,-12.819045088404081
TMS20F1389P0025,-28.5764092934417,-9.50820641123454,-3.9416954999248963
TMS20F1412P0036,-35.80313424876762,-8.404476787615629,29.482679065132526
TMS20F1412P0038,-39.35355795194349,-3.3003602703007484,8.137365830815787
TMS20F1415P0015,-36.08318366585519,0.9335650108833466,-7.812907342160685
TMS20F1423P0040,-4.533361745296484,27.242878006094816,-1.4577041485395204
TMS20F1424P0002,-36.85237125699027,-13.956044483455596,-10.5221881103578
TMS20F1424P0004,-16.89896480441678,14.582801394863537,-15.685710304893213
TMS20F1424P0009,-12.698663548708755,2.1080795053306423,-8.351531398259194
TMS20F1424P0014,-26.584146864265378,-4.877553307960263,-18.333478010608186
TMS20F1424P0022,-14.651609239316443,7.069802782297109,-3.6030378205523554
TMS20F1430P0122,-46.23849509973654,18.351825879647016,-2.6900334970577156
TMS20F1439P0003,-34.17447306655311,-28.013391378253758,-9.72676329550439
TMS20F1439P0016,31.416173948275127,-7.475631678787048,-0.27929539811689535
TMS20F1440P0039,-40.25406268026767,3.9253989032559704,0.6907234452653644
TMS20F1442P0005,-5.120290707513599,15.183011141778364,-18.083573708730704
TMS20F1443P0001,-5.073509563636795,31.624350409609402,11.834061044011053
TMS20F1445P0072,-4.312495872442335,24.021707481556277,18.16472603033896
TMS20F1445P0092,-9.232834793172636,34.83175271252618,-8.25567305800482
TMS20F1448P0009,-48.929359295850304,15.90778971700735,-27.834891801473287
TMS20F1451P0018,-6.737577237310577,31.23316215356965,-5.5392870825697225
TMS20F1451P0069,17.60043424987961,18.56371275915436,-9.41447689508083
TMS20F1452P0007,1.4809026667008023,20.75171866122635,-5.0909742401424305
TMS20F1452P0011,-44.99235712532381,11.149420437106665,11.701354307833114
TMS20F1452P0013,1.7876997412314912,22.183542691372537,-4.349073389202361
TMS20F1452P0015,-38.94923694948726,8.4184906192838,0.3380923466355079
TMS20F1452P0019,0.5470244568289896,17.410803461766246,-16.027690822978027
TMS20F1452P0020,-46.24220339701413,14.623594178967057,-6.190676787259879
TMS20F1452P0022,-47.65484649117692,7.455821827322168,0.9179444736274757
TMS20F1452P0025,-44.32763766235875,12.833059412279257,9.405778640272512
TMS20F1453P0001,-9.054382367896878,-9.433993453105336,-15.991698072719254
TMS20F1453P0002,-39.08332202486763,-3.8884978554951504,-15.479236518103102
TMS20F1454P0001,-33.82231348472735,-14.77162838370964,-2.176451492560428
TMS20F1454P0002,-31.904730603078715,-36.85450081276124,-17.201632120158084
TMS20F1454P0003,-32.413346350413036,-30.031682737572023,-10.586640797985998
TMS20F1454P0006,-38.194198484356434,-2.402168684951198,-2.5194179176255243
TMS20F1455P0001,-37.0358389824959,7.941575256528394,0.3029166218839282
TMS20F1455P0002,-4.145403363509081,6.81231676368163,-14.350641060316452
TMS20F1455P0004,-4.260991063103919,17.76534422868118,-13.093445285491919
TMS20F1456P0002,-40.03821929178456,-19.984706189443845,-25.840928799778087
TMS20F1456P0004,-41.70106345892824,-14.473320702339368,-24.449665062883426
TMS20F1456P0006,-38.903162312187554,-15.69929793635874,-24.915826013170978
TMS20F1456P0008,-42.57058879685829,-25.945607108633023,-25.654915097741068
TMS20F1457P0001,8.502467376554405,-2.2081526526132045,-18.663206772094785
TMS20F1457P0003,-42.99144239931864,-9.191335331185051,-29.394329304334875
TMS20F1457P0006,-41.43000683911899,-23.108238584018945,-41.06082429156611
TMS20F1457P0010,7.7810897327888995,-0.9583758448622224,-22.283957409686007
TMS20F1458P0004,25.868087796928975,14.133525167936657,-4.028047815526967
TMS20F1458P0006,4.691537345693416,30.302830983313815,-11.591465288471813
TMS20F1458P0009,-46.11338930894308,21.61995647263931,-9.407791692019062
TMS20F1458P0014,26.01165298383693,36.5618323914318,12.96748410821218
TMS20F1459P0002,32.33459547072668,21.345658934284774,8.65518993962569
TMS20F1459P0004,83.2323598577427,34.25579307670497,27.12087944748457
TMS20F1459P0005,-25.54163005687582,-2.024522545827096,36.96850496815791
TMS20F1459P0007,90.09204074253941,36.376904904813934,13.27470539689191
TMS20F1460P0001,-35.63820983427299,13.749926906281477,14.969194533871734
TMS20F1460P0002,-38.67859208780654,13.539069583237264,20.95339806319396
TMS20F1460P0005,84.93617074713926,42.66493189773202,-6.360958543352128
TMS20F1460P0007,-32.61897082381453,1.9804154326058008,17.379057073544672
TMS20F1460P0009,-39.86076873165638,5.301127298183215,4.871922036537286
TMS20F1460P0010,-12.976585577357199,8.17925037612396,21.4296674438817
TMS20F1460P0013,58.59341513705521,27.61954946336119,7.340909763826128
TMS20F1460P0015,-15.394829626566091,11.830975722521952,-4.311358040681814
TMS20F1460P0016,22.690850158745448,26.052682707701752,-5.532664313736522
TMS20F1460P0020,89.28647276524353,43.33565117802926,-1.1065598689874931
TMS20F1460P0021,28.366680139438063,18.25283917531208,11.492161981481305
TMS20F1460P0022,24.241544975535362,28.696521037511506,-3.3768255083840506
TMS20F1460P0025,58.745349709728174,35.0449534167939,6.245475164788568
TMS20F1460P0026,-39.858377741038694,18.665318404643386,1.7109860545847118
TMS20F1460P0027,30.434903263225866,22.26232078949078,15.763784592310966
TMS20F1460P0028,-37.36983233980851,15.575962634743448,1.878915677165978
TMS20F1460P0029,88.36968433010239,40.8043048869499,-6.15485542052069
TMS20F1460P0033,-37.439092333037365,7.2697876622178486,8.41767802753728
TMS20F1460P0034,25.367801567216784,23.417805296002484,-2.762842479816704
TMS20F1460P0036,-36.288561903023165,12.673704518831222,19.751918838644233
TMS20F1461P0001,7.540121879858577,10.17883630862537,18.172440323198376
TMS20F1461P0002,24.50725954914566,22.18211041774744,-9.08730043815434
TMS20F1461P0003,-10.44114494873886,13.976512895196988,0.1599221935280262
TMS20F1461P0007,-36.65165366339981,10.73458820396385,4.157843052090524
TMS20F1461P0010,66.6395715969285,32.27620087668012,-17.630057535269838
TMS20F1461P0014,67.367429050881,33.623402728524695,-12.831650566224837
TMS20F1462P0002,-38.007315072332055,12.139876533827575,-11.611760326931133
TMS20F1462P0010,27.42650528238821,25.464916236195112,2.8420904560103373
TMS20F1462P0011,25.3694520032123,11.582356221973207,-1.7444176819605883
TMS20F1462P0012,-35.24415562233904,5.186832635966048,10.725575580707778
TMS20F1462P0014,23.001706644521178,18.927454693543446,-10.605499108980123
TMS20F1462P0018,25.990100473234442,16.71715002250605,5.94315445425016
TMS20F1464P0001,2.4650912993293734,30.054368256255817,-2.990293899016181
TMS20F1464P0003,30.042895221797636,20.4294094554687,4.600358038768771
TMS20F1465P0001,22.76857776413661,34.331167288699284,8.155904033454728
TMS20F1466P0001,-9.31322874357807,19.729566816034495,-5.492671810295514
TMS20F1466P0002,5.631319122919871,13.153462635644033,-4.979804545768541
TMS20F1466P0003,20.934050772866723,24.83862302865003,-0.4857350992186206
TMS20F1466P0005,42.77244875109781,20.85258431213185,-10.92361065803025
TMS20F1467P0002,16.78642101667687,26.684284727964435,-5.493344584455511
TMS20F1467P0003,32.073318742694205,31.77337352663893,8.982657858124902
TMS20F1467P0004,-36.35614733717662,15.82726842025511,16.75419986406926
TMS20F1467P0005,1.7123224648619662,30.744706879931908,-4.415213148817819
TMS20F1467P0006,-10.35142739297368,13.9623677639318,11.66717921131314
TMS20F1468P0002,-37.935403501316024,-6.506422110126097,-1.6475916320957473
TMS20F1468P0004,-35.31893802825706,-3.115342681053466,-1.1684996952035296
TMS20F1468P0005,1.4638433923082645,4.8388360054244774,-13.440819091039318
TMS20F1468P0006,-30.149611428991555,5.46135397123629,7.441934562296488
TMS20F1468P0008,-22.494059625694888,6.646402720334893,-8.246079588144866
TMS20F1468P0010,22.163401347539036,13.072925716410191,-5.972336113801095
TMS20F1469P0001,-42.91380364242561,3.255963922962373,-1.3923265129783997
TMS20F1469P0002,-41.10716181999569,13.183877475537944,-24.83374335273097
TMS20F1472P0001,74.51915746589476,33.89894403414176,21.02683838155649
TMS20F1472P0002,-21.43320624043078,8.4643573117266,32.07194042953518
TMS20F1472P0003,54.884300517491994,27.291819847698555,29.85077990449988
TMS20F1472P0004,32.42467925675645,22.33768179367817,32.63741753974875
TMS20F1472P0005,2.5189488616794056,28.86883250751248,28.498945974014887
TMS20F1472P0007,56.07431114471163,47.32971023282751,8.665130560225291
TMS20F1472P0009,27.67423704693817,31.349254558309255,18.831672487401637
TMS20F1472P0010,-6.781519736766592,15.21575643808426,21.57852042739141
TMS20F1472P0011,46.228730149666845,42.98872314937467,17.818744645900942
TMS20F1472P0012,-25.47464271885464,0.700771165815788,52.515522932990436
TMS20F1472P0016,-19.736427455374262,8.673862247061457,39.365694734118485
TMS20F1472P0017,25.98032983806513,21.972460386201423,9.560099819353255
TMS20F1472P0020,67.59816651023777,20.04421525173344,44.568277798730755
TMS20F1472P0021,75.36771913645303,26.67113941362916,36.34762370715687
TMS20F1472P0022,75.25122885780021,42.405879187483286,24.118745208292896
TMS20F1472P0024,-29.99636707582903,8.477583407473505,37.85887889977959
TMS20F1472P0025,-34.02681505994968,17.4519238616516,17.77861264469299
TMS20F1472P0026,35.91666565795029,16.19595274307039,26.884236423560974
TMS20F1472P0027,92.12032386264978,29.390970094083002,31.415379625157627
TMS20F1472P0028,33.98059358437397,23.820613630040192,39.71195609419311
TMS20F1472P0029,70.4479316482677,41.23436638145978,4.989167862462245
TMS20F1472P0030,20.50465593221775,31.45573240868748,34.77061122570583
TMS20F1472P0031,14.118519910333124,16.288473062251974,26.79994728953416
TMS20F1472P0032,-31.370977297964025,21.64151171265086,27.700536310899054
TMS20F1472P0033,12.405876030856833,31.459885368913284,12.826252010952564
TMS20F1472P0034,43.786194215505724,25.437592329309673,6.741108764909607
TMS20F1472P0036,60.18319047165391,31.540966564579062,24.924391974648117
TMS20F1472P0038,65.62422901382271,36.996835142987614,4.967899289040943
TMS20F1472P0039,26.418057970334775,43.62387947752291,11.281245897138955
TMS20F1472P0040,3.4552593221119166,13.514608135329052,36.56443161752271
TMS20F1472P0041,-48.858998216690516,34.54061819579779,-3.281979647651753
TMS20F1472P0042,-33.52685365773998,28.072217548941218,20.57473344823601
TMS20F1472P0044,30.446286831227283,38.24276451696256,7.5570512107011725
TMS20F1472P0046,-1.9430966158603686,16.73935723501346,32.3472254316506
TMS20F1472P0047,-22.06627007525213,9.44728633071072,21.023371597547627
TMS20F1472P0049,-33.03893427623034,16.71446575016378,23.935856110528917
TMS20F1472P0055,27.276864812834358,27.767314851299574,16.343530124364978
TMS20F1472P0059,38.78233234325094,33.09300865010545,26.969211122966403
TMS20F1472P0063,58.72288353269996,33.09796604529947,13.63522481831342
TMS20F1472P0064,48.60181153699664,26.496503263199518,9.447168921995809
TMS20F1472P0067,-17.99340877854027,2.868613917632632,44.19559293056777
TMS20F1473P0002,29.011901003866765,24.69156748456798,46.652438243883424
TMS20F1473P0003,29.054604589386457,29.301935521263438,39.71528625122258
TMS20F1473P0008,-32.090720309576845,21.80492015282414,46.233347069385545
TMS20F1473P0009,29.731435152564995,31.197069601743404,38.78072964049678
TMS20F1473P0013,30.12492390927176,26.36327236983486,38.325358625931756
TMS20F1473P0014,30.64455681809635,24.81878459946129,40.34810631831057
TMS20F1473P0018,-34.633048874312394,24.047474708834624,31.173724052172815
TMS20F1473P0020,-2.9129568326272883,32.62199063888326,32.60057864995876
TMS20F1473P0021,10.541878679260414,35.59884203471516,42.12571605421012
TMS20F1473P0022,26.371980152189373,31.741235780150614,26.97378693553487
TMS20F1473P0023,31.013784150618118,11.084747819411975,13.487967420018254
TMS20F1473P0026,26.254731155541858,23.994342667825908,-0.6346459055100535
TMS20F1473P0028,30.438214209837913,36.75817204328789,36.19716711250022
TMS20F1473P0032,-32.73162090755843,21.313117349221272,27.498588535327617
TMS20F1473P0033,-22.96005871315357,15.252162193780471,48.75030001795813
TMS20F1473P0034,25.663925927501907,28.09397617289137,23.786873117382548
TMS20F1473P0038,26.770770105296133,30.13218830265463,39.05122682129827
TMS20F1473P0039,-34.748290690663765,19.88661332151921,31.81736297323177
TMS20F1473P0040,26.23224642828467,23.081073683952024,40.547063153264595
TMS20F1473P0041,31.573338340263774,21.78414069175596,43.86004839357229
TMS20F1473P0045,63.79199346850244,33.66667615186834,26.332905157731542
TMS20F1473P0047,24.443391903098895,35.76251928554106,25.3248733270028
TMS20F1474P0001,-33.87033131481587,9.034316382259322,9.710289627341242
TMS20F1474P0006,77.96212670305512,20.32203726232855,20.732378987433755
TMS20F1474P0007,21.822687825625547,30.693700416446493,12.077770928563998
TMS20F1474P0009,-4.533586163040946,7.456777156209487,21.847949208161126
TMS20F1474P0010,68.54213165400037,13.979502137583319,22.75783835740865
TMS20F1474P0011,31.716099639553676,10.412017069222916,-4.508355141967191
TMS20F1474P0015,-43.013410872870104,8.286840933723624,-8.66628456797844
TMS20F1475P0004,32.44082106659161,23.448392552823996,27.778897974604757
TMS20F1475P0005,-34.805327374094894,13.167383678574772,17.61109729953295
TMS20F1475P0008,26.74471832023134,29.561952102252995,16.194914712484522
TMS20F1475P0009,14.544687705208558,38.6536471186782,13.80356357977264
TMS20F1475P0011,45.019766144496515,17.917599129051,26.413297989177074
TMS20F1475P0012,10.258461819687584,30.117001601558158,25.80809412743922
TMS20F1475P0015,8.689481986204296,28.65040648324143,17.490305553697166
TMS20F1475P0016,13.213520966285087,17.468004060362098,40.97969892437644
TMS20F1475P0017,61.92414389775585,42.99329848135597,10.980501767954005
TMS20F1475P0018,29.387288493721886,30.51446232146486,12.260471496000026
TMS20F1475P0019,15.466058272167649,26.867819553513193,13.864185941691773
TMS20F1476P0002,-36.06942274344364,13.643771855801985,30.001587967946413
TMS20F1476P0004,81.40151487788175,35.26711085947156,-10.234599777233413
TMS20F1476P0006,32.50418644542293,25.567394971501724,-7.863821124590997
TMS20F1476P0007,90.3041240733221,29.50701128736059,-8.818959858849459
TMS20F1476P0010,98.51133034210231,7.023821568272424,0.32223036773586206
TMS20F1476P0012,92.56005502355632,1.1803155018824447,5.0610095305340215
TMS20F1476P0013,93.17356269652451,16.744790832772647,-8.194061990558932
TMS20F1476P0014,24.964256287843927,31.5846934190834,32.68815086414097
TMS20F1476P0017,97.14349651878479,18.554983557978666,-7.68309364426825
TMS20F1476P0019,-34.61327571250024,9.192192601218999,21.248942880362378
TMS20F1476P0020,98.05926278286096,12.800300514058932,-11.882140702506845
TMS20F1476P0021,35.96294688856419,9.08024981078083,-4.9615201404505624
TMS20F1476P0023,32.19048259900398,11.68283225864686,4.884737696592111
TMS20F1476P0025,41.32261954990311,1.4993449550581568,17.427593001278158
TMS20F1476P0026,102.50383789553796,16.892097591736025,9.828018787224986
TMS20F1476P0027,25.25301076141971,22.95477662400252,44.33954492591534
TMS20F1476P0031,95.59109483351426,12.351915160307335,4.4915427746751035
TMS20F1476P0032,88.2877539121029,18.04544037876051,4.85418718519229
TMS20F1476P0038,36.195817842238924,9.23910508559742,4.39783415523995
TMS20F1476P0039,56.98370783525175,5.231075477493475,11.273248794364296
TMS20F1476P0041,36.93524693680523,6.208171281439289,14.410673393963025
TMS20F1476P0046,93.63649975132849,24.630888033969633,-9.035307835695631
TMS20F1476P0047,76.11862311908136,12.785537276420772,9.02097781207723
TMS20F1476P0050,98.33803786948287,16.080196430337356,-0.01633820238306629
TMS20F1477P0003,25.379883332453392,32.38860404131885,34.22225805013975
TMS20F1477P0007,12.286431365290287,30.44521769238841,30.27158809285485
TMS20F1477P0010,-32.19792619792904,24.261216762604,33.2834736624337
TMS20F1477P0015,-30.758388663296714,14.842733580469806,58.01498354637449
TMS20F1477P0016,-29.090847241530494,12.987979924974178,53.351141262015844
TMS20F1477P0018,-22.00185920912986,26.630579669401712,28.25889437091344
TMS20F1477P0019,-35.925827496628074,16.216278780484167,29.557503829729864
TMS20F1477P0029,69.52047194337733,30.863212111337646,30.83553480252011
TMS20F1477P0036,15.728147652369028,23.19392494669073,34.18650103787803
TMS20F1477P0040,-25.650474121513046,13.702086134250482,18.99376173525696
TMS20F1477P0044,26.20831796250001,29.201865891999567,35.58375721157738
TMS20F1477P0045,7.974042597647205,32.62505280627614,26.3938768128506
TMS20F1478P0003,-28.1055254539857,7.028484088468454,30.90928515457232
TMS20F1478P0005,31.11108021933237,28.173292922312008,19.842279965906908
TMS20F1478P0006,-34.33475042269917,22.22601942949875,6.061362421396568
TMS20F1478P0007,26.50342822618093,25.108396191848378,10.96663303899445
TMS20F1478P0010,67.97867614110191,45.87461852572338,19.130398452450503
TMS20F1478P0013,29.513477454109708,19.04431895806379,18.345750624254432
TMS20F1478P0015,53.035834531137624,35.52541222587936,2.3526175875833046
TMS20F1478P0025,67.75156022954152,27.76106827795657,14.521764958982352
TMS20F1479P0003,23.116502826677085,47.06367565785009,12.042437526347038
TMS20F1479P0008,-35.954976519254934,29.89698515602536,18.691579262456457
TMS20F1479P0011,24.254176104638145,31.655025058167837,18.735472893265086
TMS20F1479P0013,25.290278733034818,32.803547648369985,11.302742590581811
TMS20F1479P0014,27.20060523909044,14.951962628685928,41.49731416939099
TMS20F1479P0019,-32.13093619334449,12.521554886339873,30.719750180924812
TMS20F1479P0035,-26.119586152843105,6.416075849466829,25.313302808448206
TMS20F1479P0036,28.72804792408897,27.352629274006325,25.134617860996478
TMS20F1479P0038,23.821089693071826,21.646318102589802,36.3567683127038
TMS20F1479P0040,-28.99834231670727,4.489258011459842,39.29418739138547
TMS20F1479P0052,29.406224166297278,25.132020359960926,29.490398329882172
TMS20F1479P0055,25.90188992040869,22.04588559051783,23.761431729787436
TMS20F1479P0056,-36.70042728433059,13.0481068898523,14.506163535708504
TMS20F1480P0002,30.774652622486812,17.782259898875544,14.209578415536285
TMS20F1481P0002,5.793822773690611,17.457366462576466,-28.433465800834338
TMS20F1482P0003,9.479410673642818,0.5197274713836465,-23.058712836717554
TMS20F1484P0001,-11.022446914547418,24.032132246199918,-10.51553106497133
TMS20F1484P0002,-6.956627385007524,18.227821823035896,-1.6545712946074973
TMS20F1485P0009,6.353848521788206,14.159419290135158,1.4710206461952477
TMS20F1485P0013,-35.92493588639144,7.322773261842642,3.9848245907694815
TMS20F1485P0015,2.6469586149006985,12.26387531850013,4.8274847196533655
TMS20F1485P0027,2.1179151318631257,19.255945724713726,-2.9734068977103725
TMS20F1485P0040,-1.5510118488121665,30.30469832515096,-8.845523686244015
TMS20F1485P0045,0.916612050733306,17.680656167616444,-10.545413804464635
TMS20F1485P0047,1.8208738878927462,19.261010247944185,-9.43686577192817
TMS20F1486P0001,53.41107501478617,21.095305617502802,-24.123463054285125
TMS20F1486P0006,25.49485028860813,19.36943125717666,-25.117308706907707
TMS20F1487P0001,48.416515249321684,2.6350342033385257,-35.86724089645055
TMS20F1487P0003,30.793509005259242,8.186728180553791,-16.5663135097621
TMS20F1487P0004,37.80398183522562,13.426216288843952,-20.626928971252536
TMS20F1487P0006,90.81285483405013,21.082494357882595,-27.654577984002987
TMS20F1487P0007,73.89332334439385,29.843277503226897,-24.284906085249833
TMS20F1487P0009,92.32738354506259,12.691277015295936,-25.325286886511726
TMS20F1489P0001,29.961780761442792,9.532929655449786,-8.709035321655557
TMS20F1489P0002,30.150511770841177,15.269011303556747,-8.548356868675036
TMS20F1489P0004,97.39192433367096,27.72164168972686,-4.574233022898231
TMS20F1489P0005,37.03832643402063,8.153044918524852,-5.447253039995528
TMS20F1489P0007,61.610778742227225,7.801334345940355,6.642111929407153
TMS20F1489P0008,38.554604775892955,6.9162037192503405,-12.705646752193852
TMS20F1489P0009,32.616985183063115,11.646226751738627,21.593224113542448
TMS20F1489P0011,33.74037720145509,16.0448411909564,-4.688015103735325
TMS20F1489P0013,97.42736941721327,28.657916176281347,-8.58781623389243
TMS20F1490P0001,25.35957111547309,-11.172957220548478,-43.702377034639234
TMS20F1491P0002,53.23147244286179,-0.06453307744123012,-27.246228634408588
TMS20F1491P0007,-41.82451293234766,18.665847341257177,-9.691145496931968
TMS20F1493P0001,-22.2545259823757,16.828401515323126,-0.05599585389808506
TMS20F1494P0001,21.753438383551828,5.589376226905571,-24.7741509174421
TMS20F1494P0006,-38.35127105514128,-8.909943286892938,-21.455281975229813
TMS20F1495P0001,30.697748086154046,1.3891810460650247,-15.937478448315176
TMS20F1496P0001,1.6173739571936279,10.057802144268706,14.674486825801987
TMS20F1496P0003,2.8728535544893563,15.049015957944308,15.061259761902592
TMS20F1496P0004,-38.62562577802015,10.616755458360918,15.83712618330753
TMS20F1496P0006,-39.23501205743638,3.7481965453529806,25.9686436426045
TMS20F1496P0016,28.69041788144959,-6.662630147590528,-23.67261910720688
TMS20F1496P0028,-30.1522784741839,9.446525891903304,12.1430659379344
TMS20F1497P0007,-39.56830702490788,4.212879222032412,2.810116211235963
TMS20F1497P0008,-43.14134441799619,5.955420024998849,6.507335653438396
TMS20F1498P0001,11.729296714496773,31.25907154600744,10.292596310929893
TMS20F1499P0007,21.950376024651746,21.79614931638369,-12.018282909732754
TMS20F1500P0004,89.53758682410832,33.74319486057827,9.135846620224054
TMS20F1501P0005,-36.18666798442496,0.9250751071189154,-11.12912152440463
TMS20F1501P0007,67.37450353839505,33.662434163254346,-23.829149656169253
TMS20F1502P0001,-7.5786543767729615,29.692364206563294,-13.095385383357248
TMS20F1502P0003,17.510482045373422,28.49098695888196,-11.252090826401588
TMS20F1502P0005,-40.540241088725914,6.615788386725393,-21.484117541450157
TMS20F1502P0007,-42.749012381443016,16.946624967723597,-9.556591355263219
TMS20F1503P0002,25.530240329539872,16.642934884973968,-7.734324790859583
TMS20F1504P0002,-40.2548319505695,6.163508022788245,9.784633607101942
TMS20F1504P0004,1.7380690002546293,16.70728819783371,2.0395808778289144
TMS20F1504P0005,24.979693393724787,27.457981668420835,8.119118014724187
TMS20F1504P0007,63.023113678036694,38.21715600986869,-6.109314385210714
TMS20F1504P0008,8.622733956462378,29.243963413874717,-3.3730161923383135
TMS20F1507P0001,15.574312424635846,33.601354083044455,6.941342793696844
TMS20F1507P0003,57.138506727708645,34.88272333265097,-9.350801871769043
TMS20F1507P0004,2.575366626878593,38.140672862875704,6.203376046048746
TMS20F1509P0001,-24.926785779116504,3.6364828715249944,-8.41616184325696
TMS20F1509P0003,22.145806375112603,18.2051249882595,-9.78748282100715
TMS20F1509P0009,15.601468347814762,15.343252181647776,-1.721961886730682
TMS20F1509P0010,7.5285317203801965,17.804225168305102,-7.012361387887489
TMS20F1509P0015,-38.38094420566414,-11.473167201344827,1.5275934931246924
TMS20F1509P0017,19.997006590699993,17.793914123622397,-19.84275886018843
TMS20F1510P0003,-39.845803210455884,0.8859451723896875,23.729514947256757
TMS20F1510P0004,-40.3011929053595,2.230849396224892,11.064669689735695
TMS20F1510P0005,-39.72076264989529,5.60559840204524,16.78682903087602
TMS20F1510P0007,-26.827435726815647,22.910209703395637,3.221484194493502
TMS20F1510P0008,-43.251512209180866,15.110924684086251,8.074169814005456
TMS20F1510P0009,-42.77093330808109,13.755376009133622,-0.3467468304396636
TMS20F1510P0011,21.03283054630601,18.117238005354594,8.712285467434139
TMS20F1510P0012,30.356697133546273,18.050587225757425,5.16160751732893
TMS20F1510P0014,-41.65664495434261,19.478660455510493,6.735659360014592
TMS20F1522P0002,-49.73038857515068,21.34117210436969,-1.3709585130199118
TMS20F1522P0003,14.639875979015573,27.896656187635827,-13.549349104699996
TMS20F1523P0011,-2.374905639832843,15.55449257060846,-25.550821528524498
TMS20F1530P0007,-18.294715017682815,33.911256382361664,12.663947192741649
TMS20F1533P0017,8.130039604981178,11.90263861083041,-12.533261274962742
TMS20F1533P0019,4.652139304936176,17.51059154933852,-25.412627919221187
TMS20F1533P0023,-25.568497466930218,4.704630971300373,-16.51821202254511
TMS20F1534P0038,-42.88510095920665,2.314098270443403,-5.544446517488739
TMS20F1552P0020,15.79462770850538,11.787247088662733,4.328488953084091
TMS20F1553P0005,70.46929042569174,40.54189133552104,-19.928856142981292
TMS20F1558P0003,-47.58188942751625,17.179008600892157,-9.609587868550229
TMS20F1573P0017,-53.23998195493943,11.668026162533247,-5.005945800730992
TMS20F1574P0003,-20.568513994434333,37.93240357122597,-1.7531997135686155
TMS20F1574P0006,-16.71433259212706,42.50328808705927,2.00856917526059
TMS20F1576P0011,-43.58690229868128,6.337094368844209,20.343205854859704
TMS20F1582P0021,-28.4135359022782,34.3340158340486,-2.862440795909127
TMS20F1582P0024,-54.86286924562573,35.96690009489129,-5.459101856542266
TMS20F1582P0025,-50.70659632277252,14.783590412325655,18.82120572714446
TMS20F1582P0050,-18.393646344635798,31.007460330603934,13.334232399171837
TMS20F1583P0003,-29.909466083122553,9.54367813020334,-5.2437785013170455
TMS20F1583P0053,-44.701114314007995,-5.731578893968411,5.743538766116637
TMS20F1589P0053,-17.020288264779843,30.988206554437486,11.901646578016182
TMS20F1589P0070,-20.795109055981737,34.66309851924757,7.022545821917455
TMS20F1589P0073,-52.0753411803357,24.669947655294433,16.397613678022903
TMS20F1589P0087,-51.209015391479454,23.503212004654547,22.336486490692238
TMS20F1590P0022,13.260771816493756,18.51100255915296,18.089144910849896
TMS20F1590P0040,12.5805297883504,21.674811605789856,6.251253867978889
TMS20F1590P0052,-44.46752574426102,10.926112341850612,13.420934690241157
TMS20F1590P0055,10.577378823902567,21.564098277808508,12.817100182180244
TMS20F1590P0057,16.002331539569965,20.352486797224763,26.638337546946556
TMS20F1590P0061,14.894114596249434,20.13858804729342,10.9718740717625
TMS20F1591P0002,-20.021934953760987,36.54085919020624,0.7735827014085572
TMS20F1591P0004,-51.05644165168029,28.915198706734735,2.862830822265514
TMS20F1591P0008,-52.536786896761235,31.815763019022572,-1.6376841828108144
TMS20F1593P0002,-10.142977282535671,16.167015439048594,-14.644051266012976
TMS20F1593P0014,-13.046188913004476,16.362641373624793,-24.175799875154627
TMS20F1593P0016,-13.924332444259091,15.162872461858557,-12.337922876428687
TMS20F1593P0017,-48.154091421048136,4.545913551090614,-9.049315122886558
TMS20F1593P0018,-9.662715065120418,17.530994616189176,-17.579152124233346
TMS20F1593P0031,-9.80392533971571,13.811456169242755,-16.065940877163655
TMS20F1595P0010,17.57298117653148,27.804134477940433,1.2483161608476494
TMS20F1595P0033,-53.78829634038644,31.702144531718655,7.5832717919367925
TMS20F1597P0033,-50.49031633315664,15.577918752005926,17.284987057278954
TMS20F1597P0035,-49.812421060481725,18.543197087310375,12.650997042632481
TMS20F1597P0036,-46.76457578499724,7.701333931486013,25.596619841274578
TMS20F1597P0052,-47.718103774164554,12.918205792397954,30.532431940936668
TMS20F1597P0054,-46.09787401427468,4.364224586238056,27.197483274749494
TMS20F1597P0055,-36.21973706410364,11.761881642693467,34.998274472503105
TMS20F1597P0057,-56.044857854675655,20.174027279253522,-11.63612712108102
TMS20F1597P0066,8.243199629869716,30.72877771914236,12.231530019813157
TMS20F1597P0070,-53.42375995510481,29.998619305175634,-6.2485372827440875
TMS20F1597P0071,10.570979836632992,19.278457635491545,22.678513914101455
TMS20F1598P0004,-11.806693795389062,28.78124953811057,-10.933839636495337
TMS20F1599P0011,-34.063620403658,24.580987038839314,3.372689069294598
TMS20F1600P0015,-54.70390393457778,22.985922450739125,-7.195243891169696
TMS20F1601P0015,-58.07298201575353,25.31664001030596,3.838136505830049
TMS20F1607P0007,-55.5088876656022,15.24320279385034,4.228784849395469
TMS20F1607P0010,-18.91428298928562,26.56481739462461,3.5606392753225267
TMS20F1609P0004,-10.9737083562509,20.022406375998894,-9.838772281620972
TMS20F1609P0005,-16.2950041978656,30.077376274562972,-4.58804800076591
TMS20F1609P0018,-50.375133809229936,31.387536477183485,-3.9235528049845265
TMS20F1609P0047,-46.47927216168939,19.071138556144053,-6.693194696850726
TMS20F1609P0048,-15.437450824159631,26.891333352246868,-0.4913113419076709
TMS20F1609P0049,-25.649793672726652,6.213370843338355,-1.376284331480388
TMS20F1609P0056,-47.049872772620134,21.49322562433102,-4.851029051053942
TMS20F1609P0057,-46.1376214754385,20.999021234855736,-0.8219236933437222
TMS20F1610P0008,-31.88328426332856,15.588883536392498,4.588262617127378
TMS20F1610P0011,-17.530850830072197,20.96616215421889,12.69291941200645
TMS20F1610P0021,-21.529082361376396,26.275305313453952,10.58652624446246
TMS20F1610P0032,-33.98163090711416,13.889833454793346,13.681475100270475
TMS20F1610P0034,-13.086086930281812,17.55116703594093,3.6019698374762363
TMS20F1610P0057,-20.364537133902132,16.08833654284053,8.240623324342675
TMS20F1611P0018,-17.033497533621286,24.033958930185666,10.372082682429404
TMS20F1611P0057,-50.655962395079804,11.52182636811205,12.748750005558865
TMS20F1611P0058,-15.340990995845639,27.41005349533087,9.162844271455418
TMS20F1612P0006,-52.27470607766497,12.356188913627468,-17.790489725642832
TMS20F1613P0004,-17.95032457389657,18.204132820834335,-3.6776252064573525
TMS20F1613P0027,18.38686259209084,39.28147453959993,-15.4574820780309
TMS20F1613P0032,-50.2334444781679,18.95068287713174,-3.674929433029981
TMS20F1613P0039,21.433038065078147,26.669616544089237,-13.432107698761234
TMS20F1613P0054,23.053181200448098,35.35860518562289,-12.19026395750069
TMS20F1614P0015,-21.816416631895116,33.46012422962481,-3.6914636075075484
TMS20F1617P0040,-45.78340632130598,13.050871850582094,2.9827957714585485
TMS20F1618P0037,-15.981645770171639,27.562347749331735,-1.673639544758009
TMS20F1619P0004,-38.30049997973651,-2.2683015363834516,10.963172210845293
TMS20F1619P0016,-40.64133106378007,-1.0829487122735126,9.743163984212622
TMS20F1619P0017,-24.890845278202267,4.186699682695847,1.07387244877064
TMS20F1619P0029,-23.727955220460817,7.299955012023071,6.731424046406183
TMS20F1619P0034,-25.52033566270546,10.100592062140235,4.322832733944366
TMS20F1619P0056,-44.06533783307712,2.63721960217509,2.828074793587769
TMS20F1619P0058,-21.751560218533875,2.012785425861154,3.2601734100963946
TMS20F1619P0070,-42.0084072844077,-3.389753234123097,7.412082071340285
TMS20F1620P0017,16.01226518031468,22.83285912298673,0.5013036228846148
TMS20F1620P0035,-36.017547291187235,-2.728284867178067,28.6013313088168
TMS20F1620P0043,20.156969327265664,9.76854298197346,3.044624776916657
TMS20F1620P0045,-40.00779354894369,-0.054546624737698994,16.13848018384451
TMS20F1621P0001,-45.28401196172587,13.424926671621519,-8.47591638107782
TMS20F1621P0005,-44.36917775848719,17.098997702324606,-3.1803222470623735
TMS20F1623P0017,-44.83907543876822,12.544294637031523,1.0207761317403543
TMS20F1623P0019,-46.38499638965875,12.24383988816156,-4.2965374079847
TMS20F1624P0006,-47.916305448718674,14.92861105612168,-0.06473876927192547
TMS20F1625P0004,-45.48485096755556,14.915141026672224,-6.1333083621147475
TMS20F1625P0017,-46.43272792237023,11.712691665561138,0.09755537555523663
TMS20F1628P0001,-53.49215145894336,29.242028422027463,-4.134042416257348
TMS20F1628P0005,-52.501854334747286,18.475907351244228,2.7486366620592926
TMS20F1630P0020,-49.86286405409288,9.398522231348087,-2.336456876565191
TMS20F1630P0023,-52.30883491622177,12.021315018930117,-12.792743956249256
TMS20F1630P0034,-49.3407242538054,10.680621066597528,-1.0378186128103086
TMS20F1630P0048,-47.59878626453179,7.097180878872477,0.7987620998212708
TMS20F1631P0020,-53.283915440585915,33.86352385341211,-4.576918037656131
TMS20F1633P0009,-47.31924850793033,5.750439209174443,-5.365216815721103
TMS20F1634P0006,-22.13576732807998,21.72835817671224,-4.556993412963385
TMS20F1634P0016,-20.279254509031002,19.752115986039847,-13.400258488693447
TMS20F1634P0022,-20.657016901940935,21.311455509471383,-8.23252762937593
TMS20F1635P0002,-24.64593289905651,33.19374543485171,-9.722708889169281
TMS20F1636P0019,-45.221833726446,15.169274054234604,-21.120859277961564
TMS20F1636P0030,-26.571595324424173,24.540378134204342,-6.988541567401557
TMS20F1637P0004,-49.52450066190498,21.867780934304253,-16.4433618804751
TMS20F1639P0019,-31.219534366868615,23.8992713316065,8.924648381907236
TMS20F1643P0005,-56.50206283437076,36.495993601322986,0.3814745117666431
TMS20F1643P0016,-23.216367372474878,46.515227742398494,-3.366270421224298
TMS20F1644P0065,-30.738028054398406,6.4790826359551135,0.6792333751069259
TMS20F1645P0008,-47.81637798659544,20.311094644815274,-4.192857067747173
TMS20F1645P0046,-48.529318763569066,11.663077643803957,5.831678921242308
TMS20F1650P0012,-53.64174705732498,18.82176020464176,-7.455133298525798
TMS20F1652P0009,-55.938593854334506,25.88312755174558,6.251351598018984
TMS20F1652P0019,-56.23503793448424,39.51126478555145,-4.201965263241832
TMS20F1654P0002,-50.41165153735322,23.874476360748524,1.4544363089806078
TMS20F1656P0001,-22.599951926680347,51.14731190778032,-8.678360730305842
TMS20F1656P0002,-19.983639030273363,47.24761883481573,-2.8881912464516417
TMS20F1656P0011,-23.008810387893675,42.44712282039052,2.8260415218762156
TMS20F1656P0025,-58.64400809626729,37.374654928889306,1.735406234832792
TMS20F1656P0040,-24.366778308487046,56.3342170047372,-3.4016966827423
TMS20F1657P0016,-1.6136417729268968,35.429175785520165,-24.57968873580448
TMS20F1658P0006,-30.81410546585863,8.245098089017342,-6.761257332314399
TMS20F1658P0007,-29.90147222627522,13.297472024936853,-6.3392218476651845
TMS20F1667P0007,-47.188192388973135,19.039576756884195,-13.078076819627217
TMS20F1667P0014,-45.85029759388945,14.613699951218251,-3.971389775375137
TMS20F1672P0008,-53.95020764788955,22.58352336840615,0.27148128125498866
TMS20F1673P0008,-54.315499167577904,28.343236267439142,10.738751582087177
TMS20F1673P0012,-56.13009888695284,28.81260658387024,3.262946475512827
TMS20F1673P0023,-55.72412628011547,30.727611496040147,-5.056773652255523
TMS20F1676P0005,-54.0383655474541,26.181134138982276,-4.2909909300623585
TMS20F1676P0008,-53.89486223172864,19.10907675153261,-6.3317445195278435
TMS20F1677P0003,-22.044834894860433,38.288978742401945,-10.419311488893408
TMS20F1679P0018,-51.86308235699888,38.53404597025837,1.9308893409758259
TMS20F1679P0033,-26.133203192541835,49.94247772108596,-0.39431670003617253
TMS20F1679P0035,-55.549869899868455,39.01490766346818,3.1667620292506116
TMS20F1679P0036,-21.381865727355386,39.82984293384185,0.426675530946691
TMS20F1679P0037,-56.55874243624871,38.49674286277501,-7.829162934064388
TMS20F1681P0001,-23.88726480818574,33.81134956176202,-4.8573717267717855
TMS20F1681P0002,-55.94104819474277,36.34869502619744,0.6642473852804259
TMS20F1681P0006,-23.999985547339932,41.978055706670986,-1.2863861006329804
TMS20F1681P0015,-25.13608240568553,46.477660432324576,-0.2815533592225903
TMS20F1681P0036,-23.643667505798597,42.50909285335541,3.062495480914736
TMS20F1681P0062,-23.701197925806525,37.41693274952913,-0.6716148230791427
TMS20F1681P0076,-23.5860576324728,39.7065595383741,-7.080037890834395
TMS20F1681P0083,-24.79726604252624,46.44389645447729,-2.5410402864568944
TMS20F1681P0087,-24.63474227785711,43.66441611666843,2.0165605101422712
TMS20F1681P0095,-57.99731733410576,35.3910525518622,2.681533109182228
TMS20F1681P0099,-24.215712805392887,45.89879511935157,-5.303039653915991
TMS20F1681P0132,-56.76139779668791,36.60943277261285,9.466177007607861
TMS20F1683P0025,-55.48701521659388,30.113083060678022,0.9755479452919968
TMS20F1684P0002,-49.014492822795546,11.806614121338622,-17.154351385527914
TMS20F1684P0004,-46.69749111300166,5.648268267752723,-15.225681293688924
TMS20F1684P0013,-46.609277331431485,3.836297342706166,-16.15365029420571
TMS20F1684P0015,-49.604876069027746,10.227876734009824,-29.00707481183919
TMS20F1684P0021,-46.36444258723044,2.2636857912336703,-12.823197295955545
TMS20F1684P0027,-48.99585806711377,3.9022188761617014,-22.89792960384515
TMS20F1684P0030,-51.11142474693389,17.1436264199353,-14.352801645702055
TMS20F1684P0035,-46.317432972436066,-0.6870001260754505,-10.786213040727365
TMS20F1684P0039,-53.825266788793726,13.325277099180633,-31.745565956862063
TMS20F1684P0040,-48.11934719395158,6.271544890085749,-3.8938427612082243
TMS20F1685P0011,-48.90807938079866,15.46068478953289,-4.4342948279496355
TMS20F1685P0032,-52.572831832556936,13.014319133167877,-21.091952703214474
TZ-130,-38.13653371909017,3.0272583372204243,10.77491824719678
