"Trait","Trial","VarG","VarE","Mean","H2","CV","PEV","Ac"
"BranchlevelNum","13Ayt16HighFlowerIB",0.20453132042178,0.644278544131279,3.43292354813077,0.39,0.23381517953473,0.12836977678526,0.61
"BranchlevelNum","19.East-africa.PYT.16.UB",0.085714284783296,0.24761904831064,4.26666666666666,0.41,0.116628129427272,0.0506493503821445,0.64
"BranchlevelNum","20.GS.C1.C2.C3.UYT.30.IB",1.02116405338838,0.174603169897847,2.57142857142857,0.92,0.162499338317689,0.0804258041660151,0.96
"BranchlevelNum","16.GS.C1.PYT.20.UB",0,0.242105263157895,3.2,0,0.153763103848951,0,NA
"BranchlevelNum","17.GS.C2.res.AYT.14.IB",0.14487013207126,0.203822629102681,2.12473536786711,0.67,0.21248161200231,0.0481897856962741,0.82
"BranchlevelNum","17.GS.C0.C1.AYT.20.setA.IB",0.611080096420281,0.464795976454758,2.39999999999999,0.8,0.284066446297842,0.125834329642687,0.89
"BranchlevelNum","17.GS.C1.PYT.20.IB",0.828947371372206,0.126315789083449,2.75000000000001,0.93,0.129239754947804,0.058686539203566,0.96
"BranchlevelNum","21.GS.C4C.AYT.28.IK",0.101135318704255,1.23464882230988,1.54137355083744,0.14,0.720881401133828,0.0873687684701463,0.37
"BranchlevelNum","12CETearlyBulkingDrtkano",0.142625208655919,0.191984871092322,1.03912947067467,0.67,0.421661395046905,0.0501618072780087,0.81
"BranchlevelNum","18.GS.C3.PYT.24.MK",0.88586957078972,0.387681157724019,3.04166666666667,0.82,0.204703716914753,0.15904034101514,0.91
"BranchlevelNum","20.GS.C1.C2.C3.UYT.30.IK",0.868226626521534,0.224137925794789,3.31034482758623,0.89,0.143015938096537,0.0992570594465769,0.94
"BranchlevelNum","19.GS.C3.UYT.28.AG",0.191739183990024,0.51070296669819,2.44339996873594,0.48,0.292475590426976,0.101281418080406,0.69
"BranchlevelNum","16.GS.C1.ungenotyped.AYT.21.IK",0.156638506627685,0.277156031933452,1.87130057597107,0.6,0.281331664794706,0.0643770852209023,0.77
"BranchlevelNum","20.GS.C1.C2.CMSSurveyVarieties.AYT.40.MK",0.358922564414841,0.379322144303361,2.20561592482006,0.65,0.279237801278781,0.128399126006875,0.8
"BranchlevelNum","16.GS.C1.ungenotyped.AYT.21.UB",0.0698412686944098,0.744444445410113,2.0952380952381,0.22,0.411796608170782,0.0545017556491622,0.47
"BranchlevelNum","21.Intro.Lat.Ame.UYT.30.IB",1.01034483307692,0.275862067787885,1.3,0.88,0.404019792552167,0.121362741675767,0.94
"BranchlevelNum","20.GS.C1.C2.C3.UYT.30.MK",0.39167771772239,0.297436795142349,2.6551724137931,0.72,0.205401976919819,0.109903330173759,0.85
"BranchlevelNum","19.GS.C2.UYT.36.setA.AB",0,1.23584905660377,2.90909090909091,0,0.382142571777987,0,NA
"BranchlevelNum","19.GS.C2.UYT.36.setA.ZA",0.110275473016312,0.775760801712746,3.46919489335219,0.22,0.253883932872009,0.0864747397233534,0.46
"BranchlevelNum","20.CMSSurveyVarieties.AYT.33.IB",0.484262915072999,0.387976332244882,3.28751514489418,0.72,0.189467556561098,0.136643985125567,0.85
"BranchlevelNum","21.GS.C1.C2.C3.C4.40.UYT.MK",0.503205131503646,0.408974357495473,1.575,0.71,0.406038749208242,0.145400757055016,0.84
"BranchlevelNum","21.GS.C4.AYT.45.IK",1.06818182288573,0.361111109922666,2.22222222222222,0.86,0.270416345214818,0.154448937985071,0.92
"BranchlevelNum","21.GS.C3.C4.C4B.UYT.36.IB",0.612923278537036,0.316541421756237,1.55555555555555,0.79,0.361684375612947,0.130397438509041,0.89
"BranchlevelNum","19.GS.C2.UYT.36.setB.AB",0.914285720459782,0.58531745790763,3.47222222222222,0.76,0.220337403154096,0.221695121909203,0.87
"BranchlevelNum","20.GS.C2.UYT.36.setA.IB",0.400000025992968,0.242857133037578,3.66666666666668,0.77,0.134401464638633,0.0931506834518463,0.88
"BranchlevelNum","20.GS.C2.UYT.36.setB.IB",0.451587321606208,0.242857135856246,3.52777777777778,0.79,0.139692861694907,0.0956964767621041,0.89
"BranchlevelNum","17.GS.C1.C0.AYT.25.IB",0.789929551004624,0.280391706782623,2.67999999999999,0.89,0.197582186930827,0.0849948927283922,0.94
"BranchlevelNum","18.GS.C1.C2.UYT.26.MK",0.289743591255062,0.322564102023616,3.26923076923077,0.73,0.173725047434999,0.0784202745194962,0.85
"BranchlevelNum","21.GS.C1.C2.C3.C4.40.UYT.IB",0,0.652243589743589,2.05,0,0.393959020249055,0,NA
"BranchlevelNum","20.GS.C4B.AYT.40.IK",1.00512827617513,0.140705119480765,3.425,0.93,0.109520236719115,0.0657504482970756,0.97
"BranchlevelNum","20.GS.C4B.AYT.40.MK",0.245657502187598,0.337407945013601,3.35330273509416,0.59,0.173222734151368,0.101070980296105,0.77
"BranchlevelNum","18.GS.C3.AYT.30.UB",0.352906716687374,0.293831363368833,3.78571428571428,0.78,0.143186225598844,0.0776328872165328,0.88
"BranchlevelNum","20.GS.C4B.AYT.42.IK",1.17363531396513,0.209059232514554,3.30952380952383,0.92,0.138155813993863,0.0959810788842539,0.96
"BranchlevelNum","18.CMSSurveyVarieties.AYT33.IB",0.0440627331081166,0.585261727871119,2.95735132665404,0.17,0.25868553319076,0.0364094149197349,0.42
"BranchlevelNum","21.GS.C4.AYT.45.IB",0,0.815011988011988,2.255,0,0.400345961767067,0,NA
"BranchlevelNum","20.GS.C4B.AYT.60.IB",0.0887005648302029,0.213983050947526,0.483333333333333,0.45,0.957068318482995,0.0484956174101201,0.67
"BranchlevelNum","17.CASS.PYT.46.setC.IB",0.541567434256363,0.31438069418354,2.84782608695652,0.77,0.196885834309593,0.123505012891843,0.88
"BranchlevelNum","18.GS.C3.AYT.30.IK",0.213548290291005,0.277277718217983,3.03333333333333,0.7,0.173595054344614,0.0651586209281913,0.83
"BranchlevelNum","18.GS.C3.AYT.30.MK",0.333333335014531,0.296551723620331,3.66666666666665,0.77,0.148517898650951,0.0762411347370893,0.88
"BranchlevelNum","17.GS.C1.UYT.34.UM",0.523172908271354,0.540998216533083,2.79411764705882,0.74,0.263240816054072,0.134107243949706,0.86
"BranchlevelNum","19.Hawaii.PYT.54.IK",0.756698814498944,0.231921928566919,2.72791021205368,0.86,0.176539070351079,0.10943218640288,0.92
"BranchlevelNum","18.GS.C1.UYT.34.OT",0.467023201543462,0.620320844186072,1.64705882352941,0.69,0.478188444796566,0.143319281440924,0.83
"BranchlevelNum","18.GS.C4.PYT.80.SETA.AG",0,2.17875914934739,3.38961038961039,0,0.435466579192193,0,NA
"BranchlevelNum","19.CASS.PYT.52.IK",0.779638126055242,0.21653237805718,3.84159450690117,0.88,0.121129493450076,0.0979824916843461,0.94
"BranchlevelNum","18.GS.C1.UYT.34.UM",0.169340472443531,0.282531190209274,3.29411764705884,0.64,0.161359334443394,0.060519647615809,0.8
"BranchlevelNum","16.GS.C1.UYT.34.UB",0.204396920133309,0.230837786105075,3.1764705882353,0.73,0.151254607095051,0.0559015838097477,0.85
"BranchlevelNum","17.GS.C1.UYT.34.UB",0.204396920133309,0.230837786105075,3.1764705882353,0.73,0.151254607095051,0.0559015838097477,0.85
"BranchlevelNum","18.GS.C4.PYT.54.ON",1.20821927629439,0.674436983077794,3.00844238803541,0.75,0.27297884342328,0.313398963247163,0.86
"BranchlevelNum","17.GS.C1.UYT.34.MK",0.313131315121271,0.239750445081891,1.76470588235294,0.8,0.277464469454431,0.0636676668079858,0.89
"BranchlevelNum","16.GS.C1.UYT.34.MK",0.313131315121271,0.239750445081891,1.76470588235294,0.8,0.277464469454431,0.0636676668079858,0.89
"BranchlevelNum","17.GS.C1.UYT.34.IK",0.80332740050196,0.220142601418295,2.52941176470588,0.92,0.185495130340785,0.0672388563236543,0.96
"BranchlevelNum","18.GS.C1.UYT.34.IK",0.0912061783328625,0.79738562181725,3.02941176470588,0.26,0.294764984936615,0.067904960742398,0.51
"BranchlevelNum","18.GS.C2.UYT.36.setB.AG",0.496349987402203,0.387655072568511,3.33333333333333,0.79,0.186785857417434,0.106623119120059,0.89
"BranchlevelNum","18.GS.C2.UYT.36.setA.AG",0.430158732389837,0.541005290143933,3.33333333333332,0.7,0.2206591854262,0.127065521238699,0.84
"BranchlevelNum","18.GS.C4.PYT.80.SETA.IK",0,2.18991639242597,3.39473684210526,0,0.435920861873372,0,NA
"BranchlevelNum","19.GS.C4.PYT.80.SETA.AG",0.878834451542913,0.449492435194008,3.05969861505918,0.77,0.219120264571937,0.220833160605184,0.87
"BranchlevelNum","17.GS.C3.PYT.60.UB",0.0486128626370406,0.290782971682484,3.72789492912337,0.27,0.144650794053014,0.0357680245901825,0.51
"BranchlevelNum","18.GS.C3B.AYT.40.UB",1.26939698058582,0.47413232211165,2.47169526870438,0.89,0.27858315662664,0.140545704049181,0.94
"BranchlevelNum","19.Hawaii.PYT.60.IK",0.970485136958542,0.236119220591288,2.72881355932202,0.89,0.17807042945767,0.105255293690086,0.94
"BranchlevelNum","19.Hawaii.PYT.60.IB",1.12293324109304,2.43669117371134e-14,3.16190476190476,1,4.93686737562139e-08,1.21834558685566e-14,1
"BranchlevelNum","14.GS.C0.PYT.88.IK",0.799976843709835,0.357073632005398,2.87850534195458,0.81,0.20759259162926,0.155135750403735,0.9
"BranchlevelNum","19.GS.C4B.PYT.78.MK",0.591848142920482,0.417885921814369,3.17333333333333,0.74,0.203710388272654,0.158046033728269,0.86
"BranchlevelNum","19.GS.C4.PYT.80.SETA.IK",0.592730123639111,0.274428079324342,2.33749999999998,0.81,0.224110731680155,0.112372701749447,0.9
"BranchlevelNum","19.GS.C4.PYT.80.SETB.IK",0.464642405616617,0.306555562850906,2.67088607594936,0.75,0.207299968776421,0.116135568592463,0.87
"BranchlevelNum","17.GS.C3.PYT.80.IB",0.361996608967516,0.454348392165549,3.08103349244825,0.66,0.218775194394902,0.134018874877255,0.79
"BranchlevelNum","19.GS.C4B.PYT.88.MK",0.48244347187387,0.263120552050151,3.23500068195989,0.78,0.158563421783195,0.105677904289035,0.88
"BranchlevelNum","16.GS.C0.C1.AYT.58.IB",0.406052475585287,0.478719808487581,3,0.72,0.23063193584574,0.115176057451873,0.85
"BranchlevelNum","16.GS.C0.C1.AYT.58.IK",0.210627153781544,0.167977411604933,3.60344827586207,0.79,0.11373840924456,0.0442335583219426,0.89
"BranchlevelNum","19.GS.C4B.PYT.88.AG",0.517241387821217,0.430446704598251,2.87499999999999,0.71,0.228203260201335,0.15198332334256,0.84
"BranchlevelNum","13NEXTgenC0IB",0.46189955607141,0.253640201810645,0.627817565915629,0.79,0.802186930865733,0.106036330738932,0.88
"BranchlevelNum","19.GS.C4B.PYT.135.IK",0.724578915248704,0.274762327010412,3.57515562800516,0.83,0.146616767866142,0.126339342069093,0.91
"BranchlevelNum","19.GS.C4B.PYT.160.AB",1.59268920540867,0.205670489871508,1.71088266968258,0.94,0.265073165272483,0.0979951657275018,0.97
"BranchlevelNum","13NEXTgenC0IK",0.375909060403764,0.257564442626073,1.1946719689753,0.74,0.424809558329136,0.101843036789837,0.85
"BranchlevelNum","19.GS.C4B.PYT.132.IK",1.16856185145315,0.334331330022386,2.31680806109073,0.88,0.249573507375646,0.146468218962245,0.94
"BranchlevelNum","19.GS.C4B.PYT.135.UB",0,0.368364092048302,3.84962406015038,0,0.157659565150963,0,NA
"BranchlevelNum","19.GS.C4B.PYT.140.IB",0.804616594653604,0.511136756817215,2.1492711689047,0.77,0.332642199440002,0.198734695629071,0.87
"BranchlevelNum","19.GS.C4B.PYT.500.IK",1.24354047557482,0.374579322559764,2.19560252112686,0.88,0.278752120081364,0.164566086522596,0.93
"BranchlevelNum","20.GS.C4B.PYT.500.IK",0.616464001848031,0.243161390874541,2.12719535950458,0.85,0.231814145001057,0.100894157772931,0.91
"FirstBranchHeight","19pyt57highTCIB",7.0474290803137e-05,0.38881842007151,1.33333333333333,0,0.467664795863687,7.04530083502021e-05,0.02
"FirstBranchHeight","17ayt12highDMIB",0,0,2,NA,0,0,NA
"FirstBranchHeight","17ayt23PPDIB",0.0508922795629227,0.0792330590292013,1.90380333062691,0.62,0.147853336532077,0.020304821598735,0.78
"FirstBranchHeight","15ayt15regionaltrialIB",0,0,2,NA,0,0,NA
"FirstBranchHeight","19ayt18highYldIB",0,0,2,NA,0,0,NA
"FirstBranchHeight","17ayt7pdMK",6.54562989161246e-06,0.124993454677166,0.999986909597106,0,0.353548762083514,6.54501295561072e-06,0.01
"FirstBranchHeight","18ayt10highDMIB",0.124999999976835,5.21217020313262e-11,1.75000000002172,1,4.12544922100765e-06,2.82325885923026e-11,1
"FirstBranchHeight","18ayt14wrthighDMIB",0.103903685315777,0.134878030836709,1.75,0.63,0.209861397087451,0.0405870375422996,0.78
"FirstBranchHeight","15pyt30pdIB",0,0.0952380952380952,1.85714285714286,0,0.166172838420714,0,NA
"FirstBranchHeight","19pyt15yrthighDMIB",0,0,2,NA,0,0,NA
"FirstBranchHeight","14uyt19yrtMK",0.122466633712307,1.08341482993735e-15,1.14705882352941,1,2.86953613485546e-08,8.89947896019963e-16,1
"FirstBranchHeight","18ayt28highTCAG",0,0,2,NA,0,0,NA
"FirstBranchHeight","19ayt12PDIB",0,0.177777777777778,1.8,0,0.234242789642102,0,NA
"FirstBranchHeight","19ayt28highDMIB",0,0,2,NA,0,0,NA
"FirstBranchHeight","20UYT4EVTMVZ",0.025266666788193,0.0280749999565968,0.639999999999999,0.73,0.261806188549441,0.00682899318207998,0.85
"FirstBranchHeight","15ayt14highDMIB",0.111111111092262,5.4452890319397e-11,1.50000000002042,1,4.91948011335952e-06,1.81509634365559e-11,1
"FirstBranchHeight","19pyt15pdexpdIB",8.61409395176884e-10,0.0757575748961664,1.83333333333333,0,0.150131421663689,8.61409379260424e-10,0
"FirstBranchHeight","13Ayt16HighFlowerIB",0.153671768563241,0.155768076371827,0.949769207835202,0.7,0.415547948878347,0.0467345848066161,0.83
"FirstBranchHeight","19pyt20pdIB",0.0671281932007022,0.054575163762019,1.92604768383838,0.67,0.121291534048249,0.0235168617271842,0.81
"FirstBranchHeight","20UYT6EVTMVZ",0.0789401711074128,0.0723640652508522,1.23773851202447,0.74,0.217336452585581,0.0216889321776003,0.85
"FirstBranchHeight","17uyt10pdZA",0.0555555555505869,1.86424636751548e-11,1.83333509787937,1,2.35510242694911e-06,6.21415455768986e-12,1
"FirstBranchHeight","18ayt12yrtpdIB",0.0307760566067204,0.228833739438743,1.28571428571429,0.26,0.372062208267607,0.0229245275445055,0.51
"FirstBranchHeight","17ayt28highDMIB",0.0695005606897504,0.0874188673984187,1.78496063828525,0.64,0.165643326738877,0.0266536775582999,0.79
"FirstBranchHeight","14uyt8pdIB",0.175000007451786,0.0499999993520186,1.8,0.93,0.124225997945027,0.0116666665586698,0.97
"FirstBranchHeight","14uyt21pdIB",0.125433415640911,0.0265085136874715,1.22222222222222,0.94,0.13321174372712,0.0103913731698028,0.96
"FirstBranchHeight","18ayt10highDMIK",0.0873015889547921,0.119047618377401,1.85714285714286,0.69,0.185786880838428,0.0272817460875975,0.83
"FirstBranchHeight","20C1bUYT2nonGS_set2Umudike",0.0339094334119309,0.0229457999801301,0.458400000000001,0.82,0.330450940903082,0.00624090388590857,0.9
"FirstBranchHeight","18C1aUYTnonGSset2onne",0.0988484662879886,0.0416190079171289,1.03629872823779,0.79,0.196861548368014,0.0220294328459676,0.88
"FirstBranchHeight","18ayt20highYLDIK",0.100204021881313,0.0518017239799375,1.74658693328748,0.79,0.130311246770523,0.0237957705072039,0.87
"FirstBranchHeight","20UYT8AEVTMVZ",0.0316291683784893,0.0129482139948594,0.628749999999999,0.88,0.180978479905776,0.00379782546958453,0.94
"FirstBranchHeight","20UYT8BEVTMVZ",0.0752440516688203,0.0126624996856877,0.649999999999999,0.95,0.173119650696416,0.00399664070419983,0.97
"FirstBranchHeight","20C1bUYT2nonGS_set2onne",0.0138533330890068,0.0869342335186105,1.034,0.32,0.285150984885183,0.00937262994347778,0.57
"FirstBranchHeight","20C1bUYT2nonGS_set2Ikenne",0.160888059048235,0.073990700268643,1.10599489352652,0.85,0.245943555421062,0.0242831442597542,0.92
"FirstBranchHeight","20C1bUYT2nonGS_set2kano",0,0.03112975,0.51775,0,0.340774986209528,0,NA
"FirstBranchHeight","18C1aUYTnonGSset1Onne",0,0.0465784546875,1.6636,0,0.129730958351359,0,NA
"FirstBranchHeight","19C1bUYTnonGSset2ikenne",0.0256207192133022,0.110513143479502,1.53656702896698,0.36,0.216349280947623,0.0167195211805685,0.59
"FirstBranchHeight","18C1aUYTnonGSset1ikenne",0.0622197326703385,0.0242388210050401,1.04476923076923,0.83,0.149016847655555,0.0112666488249915,0.9
"FirstBranchHeight","18ayt12highTCMK",0.0625145876776445,0.137883494698051,1.30120998261243,0.55,0.285370288736131,0.0283894001637905,0.74
"FirstBranchHeight","19C1bUYTnonGSset2umu",0.0350189490770288,0.022664701403958,0.807444444444443,0.81,0.186449983883119,0.0067359131550316,0.9
"FirstBranchHeight","18pyt48highDMIB",0.0222364192751455,0.132250825281235,1.88540903308886,0.21,0.192882848876418,0.0176670949052274,0.45
"FirstBranchHeight","21C1bUYT2GSumu",0.0071126784571305,0.0328400822592109,0.523732695944485,0.38,0.346013011992975,0.00438374609411707,0.62
"FirstBranchHeight","18C1aUYTnonGSset2umu",0.139286418047448,0.0492763529042057,1.14933515732277,0.83,0.193140159968828,0.0250587850774257,0.91
"FirstBranchHeight","18C1aUYTnonGSset1kano",0.138327899588749,0.0397943941403082,0.556750000000001,0.86,0.358303229672283,0.0199279814482822,0.93
"FirstBranchHeight","19C1bUYTnonGSset2onne",0.0224432800181242,0.0503954085729809,0.6168,0.56,0.363957874599228,0.00983373937102119,0.75
"FirstBranchHeight","18C1aUYTnonGSset2kano",0.0181473071900063,0.0299498590104429,0.4971875,0.53,0.348078492836006,0.00859155288925803,0.73
"FirstBranchHeight","20.GS.C1.C2.C3.UYT.30.IB",0.0250399604751536,0.0124852445492117,0.494814814814815,0.8,0.225816583623382,0.00512036423000356,0.89
"FirstBranchHeight","20C1bUYTGSUmudike",0.0329931888484766,0.0195858479868241,0.75712832943502,0.81,0.184842440215411,0.0071902358617714,0.88
"FirstBranchHeight","20UYT14EVTMVZ",0.0561208793159541,0.0676104394871065,1.045,0.71,0.248823038432268,0.0160796195743991,0.84
"FirstBranchHeight","20C1bUYTGSonne",0.151944083836242,0.0524941115279578,0.99643864148851,0.89,0.229934814998487,0.0181922009647868,0.94
"FirstBranchHeight","18C1aUYTnonGSset1umu",0.0928126663933715,0.0507174238548685,0.925764705882354,0.78,0.243264072671421,0.0206745138690123,0.88
"FirstBranchHeight","19C1bAYTGSkano",0.0119145517765146,0.00960123672349931,0.489874013111559,0.7,0.200022654832983,0.00362133694168039,0.83
"FirstBranchHeight","18ayt28highTCMK",0.0205314009477161,1.83400012366872e-11,1.05555553103966,1,4.05712692466539e-06,7.64166717838829e-12,1
"FirstBranchHeight","14uyt16pdIB",0.144429299808257,0.0248656415110537,1.79769141618003,0.95,0.0877171856866707,0.0099927745789343,0.96
"FirstBranchHeight","20AYT15Chitala",0.0236893068151198,0.00899821500321627,0.581473684210525,0.88,0.163135364772769,0.00292429464378358,0.94
"FirstBranchHeight","20UYT20Rufunsa",0.0323927806936684,0.0136593435555719,0.892800000000002,0.88,0.130906355669175,0.00399200071414245,0.94
"FirstBranchHeight","19C1bAYTGSumu",0.056616919434467,0.0503852495930887,0.623087118179119,0.67,0.36024912485938,0.018891337129406,0.82
"FirstBranchHeight","19C1bUYTGSikenne",0.100070931456607,0.104291392343724,1.36086012224359,0.67,0.237307106945073,0.0359196806077317,0.8
"FirstBranchHeight","20C1bUYTGSkano",0,0.0876733809523809,0.596214285714285,0,0.496628340706608,0,NA
"FirstBranchHeight","20C2bPYTnonGSUmudike",0.0264342133664154,0.0276365420283515,0.525416666666666,0.65,0.316401115548893,0.00944429881646138,0.8
"FirstBranchHeight","20UYT19Kaoma",0.00557410137585237,0.00952232748016073,0.770947368421053,0.64,0.126574676537427,0.00202244860975194,0.8
"FirstBranchHeight","16.GS.C1.PYT.20.UB",0.00407315779022248,0.0258656579850321,0.5305,0.24,0.303163126397182,0.00309758285911116,0.49
"FirstBranchHeight","17.GS.C2.res.AYT.14.IB",0.0199229926684514,0.0180447100901396,0.503725947483484,0.76,0.266673973512653,0.004847210616317,0.87
"FirstBranchHeight","17.GS.C1.PYT.20.IB",0.0465195114762378,0.0145605715749074,0.750649999999998,0.86,0.160750274361158,0.00677454899053793,0.92
"FirstBranchHeight","21.GS.C4C.AYT.28.IK",0,0.174383836805556,0.87325,0,0.478205448602815,0,NA
"FirstBranchHeight","19C1bUYTGSkano",0.00824646842275179,0.0296327516255288,0.477666666666667,0.46,0.36038031019783,0.00449431408499275,0.67
"FirstBranchHeight","18C1aUYTGSumu",0.0782167041158507,0.0955709407601059,0.86183047633313,0.69,0.358708016766065,0.025188713636846,0.82
"FirstBranchHeight","12CETearlyBulkingDrtkano",0.00707198606355588,0.0563342712614621,0.817098983473898,0.22,0.290476946172803,0.00555438345546309,0.46
"FirstBranchHeight","18C1bAYTnonGSkano",0,0.0204443433048433,0.453666666666666,0,0.315173512686358,0,NA
"FirstBranchHeight","Cycle C1b genotyped non-selected_Kano",0,0.0204443433048433,0.453666666666666,0,0.315173512686358,0,NA
"FirstBranchHeight","18C1aGSUYTAbuja",0.10805202356998,0.0608007448326123,0.883408268473049,0.81,0.279121306944408,0.0219165671600478,0.89
"FirstBranchHeight","18.GS.C3.PYT.24.MK",0.0715473580938998,0.0198514426038247,0.492782608695654,0.88,0.285917451359289,0.00871648821419995,0.94
"FirstBranchHeight","20.GS.C1.C2.C3.UYT.30.IK",0.202828889745046,0.017454642615823,0.842620689655177,0.96,0.156791805790679,0.00836729341351677,0.98
"FirstBranchHeight","19.GS.C3.UYT.28.AG",0.147762784698477,0.0794672228619761,0.814640635363809,0.82,0.346041310859529,0.0287430713312765,0.9
"FirstBranchHeight","19C1bUYTnonGSset1kano",0.0372894408785151,0.0238014445149965,0.508017192112957,0.81,0.303684934741487,0.00748058443155096,0.89
"FirstBranchHeight","16.GS.C1.ungenotyped.AYT.21.IK",0.0642441367624796,0.0319883622153427,1.21776710549997,0.84,0.14686954988122,0.0107510443703574,0.91
"FirstBranchHeight","20.GS.C1.C2.CMSSurveyVarieties.AYT.40.MK",0.035434615231726,0.0104520217084424,0.595566666666671,0.87,0.171660261133325,0.00490601886192208,0.93
"FirstBranchHeight","16.GS.C1.ungenotyped.AYT.21.UB",0.00484822990637318,0.0154591103148516,0.414237274518031,0.48,0.300153265423214,0.00254384553331978,0.69
"FirstBranchHeight","11EarlyBulkingDrtKA",0.0118512846689538,0.0555168814105332,0.524716210874897,0.35,0.449043122699235,0.0077772914312461,0.59
"FirstBranchHeight","21.Intro.Lat.Ame.UYT.30.IB",0.0610440501490216,0.0176432410601967,0.642346024908061,0.86,0.206785528926732,0.00895348882313108,0.92
"FirstBranchHeight","20.GS.C1.C2.C3.UYT.30.MK",0.0373820648973579,0.0482103592372289,0.721233333333333,0.6,0.304434868858628,0.0150817973013257,0.77
"FirstBranchHeight","19.GS.C2.UYT.36.setA.AB",0.0101885429575709,0.0472471214510134,0.571666666666667,0.26,0.380228623557326,0.00753936187977714,0.51
"FirstBranchHeight","19C1bUYTnonGSset1ikenne",0.158951741021495,0.0629124018930574,0.826945678916654,0.87,0.303313088209893,0.0221968449724492,0.93
"FirstBranchHeight","18C1bAYTGSset2umu",0.0410699992157424,0.269735158540493,0.872365434142563,0.27,0.59534721987641,0.0300677287047067,0.52
"FirstBranchHeight","17C1aAYTnonGSset2umu",0.0271810639618657,0.0988185855885732,0.994562754484076,0.34,0.316072801258202,0.0179798269626296,0.58
"FirstBranchHeight","19.GS.C2.UYT.36.setA.ZA",0.00749084421034842,0.0147872770202174,0.268711971855623,0.5,0.452540120927385,0.00379245594076689,0.7
"FirstBranchHeight","20.CMSSurveyVarieties.AYT.33.IB",0.0638227955614721,0.0135739385849066,0.812216599514243,0.91,0.143443567873153,0.00620384413771008,0.95
"FirstBranchHeight","21.GS.C1.C2.C3.C4.40.UYT.MK",0.028255121025885,0.00841223369904429,0.639650642809941,0.87,0.143388005542748,0.00387270409354219,0.93
"FirstBranchHeight","21.GS.C4.AYT.45.IK",0.130240393377022,0.0879996817472,0.970029815051503,0.73,0.305812665204117,0.0365043719636783,0.85
"FirstBranchHeight","21.GS.C3.C4.C4B.UYT.36.IB",0.00515038944706627,0.0363916719588913,0.592333333333333,0.21,0.322058548627193,0.00407449120583591,0.46
"FirstBranchHeight","20C2aAYTGSUmudike",0.0758014296624836,0.0501646957331417,0.67021382410252,0.79,0.334184043637201,0.0172233233264869,0.88
"FirstBranchHeight","20C2a_bPYTGSUmudike",1.03009192336458e-16,0.0200687921087945,0.368292682926829,0,0.384651585149698,1.03009192336457e-16,0
"FirstBranchHeight","19.GS.C2.UYT.36.setB.AB",0.00553628419840657,0.0179547330356882,0.502444444444444,0.37,0.26668674302089,0.00346928551537522,0.61
"FirstBranchHeight","20.GS.C2.UYT.36.setA.IB",0.0635141831119098,0.0236650787788686,0.698277777777781,0.84,0.22030571130132,0.00997434325621807,0.92
"FirstBranchHeight","20.GS.C2.UYT.36.setB.IB",0.0786798762523282,0.0182460993907445,0.620944444444445,0.9,0.217536567877466,0.00817513099168569,0.95
"FirstBranchHeight","17.GS.C1.C0.AYT.25.IB",0.0543103359946062,0.014070912140739,0.745119999999998,0.92,0.159197009412216,0.00447033639350939,0.96
"FirstBranchHeight","18.GS.C1.C2.UYT.26.MK",0.061808195417477,0.013141913793716,0.617307692307693,0.93,0.18570671949114,0.00409071004289677,0.97
"FirstBranchHeight","20C2aAYTGSonne",0.0863014446838588,0.0329990222898677,0.974920787564211,0.88,0.186329322837812,0.0111477893696737,0.93
"FirstBranchHeight","21.GS.C1.C2.C3.C4.40.UYT.IB",0.0635547283318252,0.0147953300533938,0.78325641025641,0.89,0.15529532109355,0.0067641891782902,0.95
"FirstBranchHeight","20.GS.C4B.AYT.40.IK",0.218473388905338,0.0241946323341175,0.894574999999992,0.95,0.173877247377479,0.0117206021316945,0.97
"FirstBranchHeight","20.GS.C4B.AYT.40.MK",0.0664402052213247,0.0128975556577719,0.591699999999998,0.91,0.191934098005013,0.00587822884128813,0.95
"FirstBranchHeight","17.GS.C2.AYT.34.MK",0.0380061604547452,0.0110547502462023,0.373937475838803,0.91,0.281174204755948,0.00348490831042144,0.95
"FirstBranchHeight","19crossingblockCETubiaja",0.00410007633624403,0.100779614326133,0.407112814158813,0.07,0.779779069203875,0.00380296908356669,0.27
"FirstBranchHeight","18.GS.C1.UYT.34.MK",0.0245361549123891,0.0255216571156072,0.465558823529411,0.74,0.34314673639541,0.00631698338411645,0.86
"FirstBranchHeight","18.GS.C3.AYT.30.UB",0.00619861524499738,0.0122339924221419,0.455321428571429,0.6,0.242921533361101,0.00245975381215302,0.78
"FirstBranchHeight","20.GS.C4B.AYT.42.IK",0.160378200559929,0.0463218977458668,0.905119047619046,0.87,0.237786649383196,0.0202382506129044,0.93
"FirstBranchHeight","18.CMSSurveyVarieties.AYT33.IB",0.00572824272152192,0.0643930499523495,1.08708178685568,0.2,0.233430326950198,0.00458953093404182,0.45
"FirstBranchHeight","21.GS.C4.AYT.45.IB",0.0110271904426967,0.121206649314738,0.814529106675151,0.14,0.427421746571451,0.00948520699011507,0.37
"FirstBranchHeight","20.GS.C4B.AYT.60.IB",0,0.0234583070750238,0.381466666666667,0,0.401505722136197,0,NA
"FirstBranchHeight","17.CASS.PYT.46.setC.IB",0.0696923547538151,0.0119310347388514,0.590345238917476,0.92,0.185026097975667,0.00580113878077302,0.96
"FirstBranchHeight","18.GS.C3.AYT.30.IK",0.0155953988190087,0.0541964193995266,0.6796,0.46,0.342556274884439,0.0084208606302943,0.68
"FirstBranchHeight","18.GS.C3.AYT.30.MK",0.0662509369676846,0.0101655767525335,0.573333333333343,0.95,0.175856659684935,0.00322364628709714,0.98
"FirstBranchHeight","17.GS.C1.UYT.34.UM",0.023680532513941,0.02246455878129,0.649970588235295,0.76,0.230597843593324,0.00568917315768419,0.87
"FirstBranchHeight","19.Hawaii.PYT.54.IK",0.16182237979878,0.074523464440769,1.08208636223236,0.79,0.252281029456546,0.0364647280073942,0.88
"FirstBranchHeight","18.GS.C1.UYT.34.OT",0.0314421757820085,0.0227894996858192,0.525749973814039,0.8,0.287136323738388,0.00649253872825861,0.89
"FirstBranchHeight","18.GS.C4.PYT.80.SETA.AG",0,0.312051644720497,0.9729,0,0.574175998847252,0,NA
"FirstBranchHeight","19.CASS.PYT.52.IK",0.1110030929746,0.01993868679857,0.896407969691294,0.92,0.157522489440502,0.00961305895506208,0.96
"FirstBranchHeight","18.GS.C1.UYT.34.UM",0.0382701381443038,0.0214141327713325,0.535882352941174,0.84,0.2730742753992,0.00601596288054189,0.92
"FirstBranchHeight","16.GS.C1.UYT.34.UB",0.0279034170436915,0.0133300355492908,0.565588235294118,0.86,0.204133972254604,0.00383298065023496,0.93
"FirstBranchHeight","17.GS.C1.UYT.34.UB",0.0272590684383726,0.01323271536809,0.556588235294117,0.86,0.206676197758301,0.00379656662431067,0.93
"FirstBranchHeight","18.GS.C4.PYT.54.ON",0.236703335852457,0.0761132668833235,1.11860207590529,0.85,0.246634916548591,0.038470680933662,0.92
"FirstBranchHeight","17.GS.C1.UYT.34.MK",0.0585132841813119,0.0180088258049167,0.659117647058815,0.91,0.203600930806235,0.00544439544141728,0.95
"FirstBranchHeight","16.GS.C1.UYT.34.MK",0.0583074005401306,0.0178364523602075,0.661470588235293,0.91,0.20190343175158,0.00539533323409826,0.95
"FirstBranchHeight","17.GS.C1.UYT.34.IK",0.0681729812819797,0.0513736053640867,0.732956684676182,0.8,0.309237185995791,0.0139878127365464,0.89
"FirstBranchHeight","18.GS.C1.UYT.34.IK",0.0679150636903886,0.0288413560398767,0.774294117647056,0.88,0.219331938993894,0.00842165016289717,0.94
"FirstBranchHeight","18.GS.C2.UYT.36.setB.AG",0.10131559857183,0.053604912033038,0.564144266130091,0.85,0.410404501275208,0.0158567720110998,0.92
"FirstBranchHeight","18.GS.C2.UYT.36.setA.AG",0.0743830380857416,0.0585753504285873,0.684666666666667,0.79,0.353490920393218,0.015465509985703,0.89
"FirstBranchHeight","18.GS.C4.PYT.80.SETA.IK",0,0.312051644720497,0.9729,0,0.574175998847252,0,NA
"FirstBranchHeight","19.GS.C4.PYT.80.SETA.AG",0.0299911666268078,0.0946955890897803,0.734918312892827,0.34,0.418722025047518,0.0201439353539367,0.57
"FirstBranchHeight","17.GS.C3.PYT.60.UB",0.0114659982816367,0.0124565172875668,0.470439517180289,0.67,0.237243608985028,0.00389168442638867,0.81
"FirstBranchHeight","18.GS.C3B.AYT.40.UB",0.0262217329108971,0.0301934792103969,0.619942961388659,0.7,0.280288220554862,0.00819538695283335,0.83
"FirstBranchHeight","19.Hawaii.PYT.60.IK",0.0892318430940088,0.108551512525108,0.889761193509314,0.61,0.370292127800691,0.035409217743448,0.78
"FirstBranchHeight","20AYTintroLatAmeUmudike",0.0647718332847782,0.0844518967191525,0.824032242145937,0.65,0.352663488483248,0.023979312061154,0.79
"FirstBranchHeight","19.Hawaii.PYT.60.IB",0.183462296675139,0.00185817912078053,0.763890909090891,0.99,0.0564303113319231,0.000924408173537825,1
"FirstBranchHeight","20AYTintroLatAmekano",0.0101457811574075,0.0229486304747385,0.618798769752492,0.51,0.244809882155517,0.00514518346329566,0.7
"FirstBranchHeight","18C1bAYTGSset1umu",0.0229031181784274,0.205565727286007,0.92604351665701,0.24,0.489602874599878,0.0175420326602123,0.48
"FirstBranchHeight","18C1bAYTGSkano",0.0578188554708582,0.0804474923859712,0.795845420686415,0.67,0.3563916612506,0.0192050352211491,0.82
"FirstBranchHeight","14.GS.C0.PYT.88.IK",0.087024573788605,0.0251145830194847,0.934452890262979,0.87,0.169592082968885,0.0119823037307801,0.93
"FirstBranchHeight","19.GS.C4B.PYT.78.MK",0.0484125682688342,0.0244220719969192,0.61929333333333,0.8,0.252345084109339,0.0100107109335964,0.89
"FirstBranchHeight","19.GS.C4.PYT.80.SETA.IK",0.0740646194011313,0.0306697334508236,0.549045161473889,0.83,0.318967865504854,0.0130544795451515,0.91
"FirstBranchHeight","19.GS.C4.PYT.80.SETB.IK",0.0876557521662055,0.0421670519898969,0.657441558441557,0.8,0.312341337939553,0.0172936896094092,0.9
"FirstBranchHeight","17.GS.C3.PYT.80.IB",0.0341900404334459,0.036902622700906,0.682547373213454,0.68,0.281446477062907,0.0116364700381006,0.81
"FirstBranchHeight","19.GS.C4B.PYT.88.MK",0.0462789523803858,0.0111246936811503,0.528609195402298,0.89,0.199530512078529,0.00505755922726724,0.94
"FirstBranchHeight","16.GS.C0.C1.AYT.58.IB",0.056334895445561,0.0159182099235548,0.831379310344809,0.91,0.151756709531483,0.00488595154604725,0.96
"FirstBranchHeight","16.GS.C0.C1.AYT.58.IK",0.0657991545593676,0.0176955805250688,1.17597117944576,0.92,0.113119044786782,0.00545439321265176,0.96
"FirstBranchHeight","19.GS.C4B.PYT.88.AG",0.0698125079010267,0.0514466661229014,0.800234001930553,0.73,0.283440312209697,0.01916617901786,0.85
"FirstBranchHeight","13NEXTgenC0IB",0.0164614025297557,0.0615238493657626,0.332545299105643,0.31,0.74588339189079,0.011505262678562,0.55
"FirstBranchHeight","19.GS.C4B.PYT.135.IK",0.0752597116759245,0.0144366297627019,1.07994019490794,0.91,0.111258500833972,0.00748994767158854,0.95
"FirstBranchHeight","13NEXTgenC0IK",0.0323079429137276,0.045253629285811,0.440650240805779,0.56,0.48276157513737,0.0148211896161433,0.74
"FirstBranchHeight","19C2aPYTGSumu",0,0.0476806872170712,1.02475773195876,0,0.213083611680184,0,NA
"FirstBranchHeight","19.GS.C4B.PYT.132.IK",0.195951464782907,0.0853366358898191,0.818290295625769,0.82,0.35699354081016,0.0368979295075994,0.9
"FirstBranchHeight","19.GS.C4B.PYT.135.UB",8.80470226301669e-05,0.0240566871310272,0.372329414682133,0.01,0.416572467158891,8.74166493863045e-05,0.08
"FirstBranchHeight","19.GS.C4B.PYT.140.IB",0.100506652583617,0.0833647401230933,0.921114816448148,0.71,0.313456609827733,0.0306288077053888,0.83
"FirstBranchHeight","13CET518TP1Otobi",0.0447452949282763,0.113654248291471,0.99014095467565,0.48,0.340483297682422,0.0236860476010961,0.69
"FirstBranchHeight","13TP1CET518kano",0.0240422215687048,0.0344651046425372,0.525767749442028,0.58,0.353098487873296,0.0107948723836917,0.74
"FirstBranchHeight","13CET518TP1umu",0.042956565460838,0.0498680637999263,0.551058281666251,0.69,0.405241318372924,0.0135852825739748,0.83
"FirstBranchHeight","16.GS.SelGain.PYT.571.IB",0.00739866903504289,0.113128270570886,0.776830259043512,0.11,0.432971629540053,0.00661252000708358,0.33
"FirstBranchHeight","19.GS.C4B.PYT.500.IK",0.0566468870141453,0.0450501788838219,0.624991840308231,0.72,0.339604872380386,0.0169695079767527,0.84
"FirstBranchHeight","12CET500TP1umu",0.00259830728007739,0.1040530951868,0.563704676669039,0.06,0.572236905903389,0.00243280957268849,0.25
"FirstBranchHeight","20.GS.C4B.PYT.500.IK",0.0597615822254935,0.0295703295578541,0.844748192433236,0.81,0.203563922706249,0.011900297366838,0.89
"PlantHeight","NPT_5CP_BUNDA_TANZANIA",0,0.323666666666667,1.86666666666667,0,0.304777017854439,0,NA
"PlantHeight","19UYT4HYLD2KYK",0,0.144166666666667,2.25,0,0.168752381479919,0,NA
"PlantHeight","19PYT14Kabangwe",0.00814073076227369,0.00149492418626148,1.14630930827627,0.9,0.0337293339417927,0.00091595971931293,0.94
"PlantHeight","18ayt5VForestKYK",0,0.0130555555555556,2.93333333333333,0,0.0389525829568241,0,NA
"PlantHeight","19C1bUYTGSumu",0.000583508270986143,0.00148949172901385,1.12145931543153,0.4,0.0344140293864676,0.000368924485201033,0.61
"PlantHeight","18AYT6HYLD2KYK",0,0.02,2.93333333333333,0,0.0482118259899919,0,NA
"PlantHeight","19UYT4HYLDKYK",0.0200000000987717,0.0255555555170513,1.4,0.7,0.114186464754757,0.00597402597652624,0.84
"PlantHeight","18UYT4HYLDKYK",0.00486111111162032,0.0261805555552285,2.725,0.43,0.0593776386508451,0.00278940470165798,0.65
"PlantHeight","18uyt4USavannahKYK",0.0029166666593733,0.0239583333386756,2.725,0.33,0.0568017603152219,0.00196150097150349,0.57
"PlantHeight","18UYT11WrtKaoma",0.00217344478890556,0.0115612415542387,1.14001250826497,0.26,0.0943175739260239,0.00162121134640951,0.5
"PlantHeight","19AYT8HYLD2KYK",0,0.181921768707483,2.65,0,0.160952030871687,0,NA
"PlantHeight","18ayt5USavannahKYK",0,0.08075,1.72,0,0.165212467888173,0,NA
"PlantHeight","18AYT6HYLDKYK",0,0.0873125,1.65,0,0.179082961419302,0,NA
"PlantHeight","19AYT8HYLDKYK",0.0292857194331586,0.0102380944722127,1.525,0.9,0.0663498159753471,0.00305651857527939,0.95
"PlantHeight","20UYT4EVTMVZ",0.0420805577115431,0.0359583326879281,2.1675,0.78,0.0874864243649687,0.00932889420201729,0.88
"PlantHeight","21UYT(Y)12MANSA",0.0145179846994175,0.0222176933281207,1.21942192217992,0.61,0.12223497432856,0.00595726679656505,0.77
"PlantHeight","18UYT9MKONDEZI",0.0616682409868635,0.118846755049908,1.54970475115373,0.63,0.222456294944385,0.0235759275934861,0.79
"PlantHeight","18UYT17YrtKaoma",0,0.0113650208333333,1.0765,0,0.0990309816242588,0,NA
"PlantHeight","13uyt15umu",0.0606903917442515,0.0116512148605049,2.773415974665,0.93,0.0389197993725267,0.00572916891463065,0.95
"PlantHeight","21UYT-Y-12RUFUNSA",0,0.0411639259259259,1.23516666666667,0,0.164260383002298,0,NA
"PlantHeight","20UYT6EVTMVZ",0.0468411127515245,0.0229655552325918,2.16166666666666,0.86,0.0701051219568644,0.00657984857017609,0.93
"PlantHeight","21PYT22WhiteKABANGWE",0.00388112978759541,0.0127839728184714,1.1035236159948,0.35,0.10245927713759,0.00258028772088317,0.58
"PlantHeight","18UYT11WrtMansa",0.00139756032073795,0.0218459632698217,1.29260283732468,0.12,0.114345873031372,0.00122766612709988,0.35
"PlantHeight","20Ayt9BestPerforming-Chambezi",0.124776391350799,0.0778722212761786,2.28444444444445,0.76,0.122154840393316,0.0296758483294452,0.87
"PlantHeight","20pyt42HTCbulkIB",0.0838829759969604,0.0445147311136237,1.77199933884814,0.78,0.11906615294405,0.0184309062895919,0.88
"PlantHeight","16ayt15Chitala",0.019371659664662,0.0157351706877859,1.34207463243776,0.77,0.0934671631820742,0.00462685708259856,0.87
"PlantHeight","18Pyt13Chambezi",0.0831775154168925,0.00923331455189632,2.28612437193776,0.94,0.042031894161431,0.00535810755905829,0.97
"PlantHeight","20C1bUYT2nonGS_set2Umudike",0.00256440778156907,0.0196631855456934,1.32476083532279,0.23,0.105849657799895,0.00197034598016625,0.48
"PlantHeight","20UYTYrII16KABANGWE",0.00890515288731448,0.0383759715744902,1.35320075602205,0.33,0.144766295159187,0.0060202092448313,0.57
"PlantHeight","21PYT20YellowKABANGWE",0.0055866121829851,0.0146185521859792,1.2499980559649,0.45,0.0967259143152892,0.00314422947395743,0.66
"PlantHeight","19pyt22VForestKYK",0,0.181206349206349,2.24666666666667,0,0.18947331934894,0,NA
"PlantHeight","18UYT11WrtKabangwe",0,0.0278508051948052,1.38981818181818,0,0.12007729305807,0,NA
"PlantHeight","18UYT11WrtRufunsa",0,0.0788700426332288,1.362,0,0.206195379967774,0,NA
"PlantHeight","18C1aUYTnonGSset2onne",0.010665745739925,0.0268506627221075,2.64124946986332,0.37,0.0620394703958076,0.00678863266013017,0.6
"PlantHeight","20UYT8AEVTMVZ",0.0326125010059459,0.0210482140402921,2.26625,0.82,0.0640176619222524,0.00577390555020797,0.91
"PlantHeight","20UYT8BEVTMVZ",0,0.0996440476190476,2.1875,0,0.144303750472358,0,NA
"PlantHeight","20C1bUYT2nonGS_set2onne",0.00904544441479278,0.0349782222417658,1.76657142857143,0.44,0.105868720477458,0.00509371052468916,0.66
"PlantHeight","19C1aUYTGSikenne",0.0594251304985323,0.059055002084327,3.07882487256547,0.7,0.0789302281592403,0.0183789059610372,0.83
"PlantHeight","20C1bUYT2nonGS_set2Ikenne",0.0975684638265691,0.064847697537425,2.10471428571428,0.82,0.12099129679188,0.0176955266945362,0.9
"PlantHeight","20C1bUYT2nonGS_set2kano",0,0.0470140158730159,1.51057142857143,0,0.143539823789029,0,NA
"PlantHeight","20UYT30CBSDMLG",0.054437838062623,0.0257336545845618,1.47432005543791,0.86,0.108807532157831,0.00813580258068086,0.92
"PlantHeight","20Uyt15BestPerforming-Chambezi",0.0645784046710288,0.0259292089925482,2.31315194492458,0.88,0.0696130196292941,0.00797552755785565,0.94
"PlantHeight","21UYT10Chitala",0.00953574720663469,0.0564883875750972,1.53653483808244,0.31,0.154681073552547,0.00659359609056024,0.56
"PlantHeight","20UYT30CBSDBLG",0.0183571729512319,0.063503400191384,1.83090759814431,0.46,0.137636006402584,0.00993132295969701,0.68
"PlantHeight","20PTY49Kabangwe",0.00133759079382522,0.0121190216895234,1.12464185783656,0.2,0.0978857647029346,0.00107978374820472,0.44
"PlantHeight","20UYTYrII16MANSA",0.0182138584113613,0.0156983469374794,1.3672,0.76,0.0916420744954559,0.00442529871343992,0.87
"PlantHeight","18C1aUYTnonGSset1Onne",0.0645652937198017,0.09659183899699,2.62252312953952,0.51,0.118508879018842,0.032794585720692,0.7
"PlantHeight","19C1bUYTnonGSset2ikenne",0,0.0300499015873016,2.77371428571429,0,0.0624970910917679,0,NA
"PlantHeight","14pyt21pdyrtIB",0.310703281748828,0.282472050692137,1.76470588235294,0.65,0.301172565243891,0.112056948770423,0.8
"PlantHeight","18C1aUYTnonGSset1ikenne",0.0433843834319767,0.0153227939579235,2.61510966504201,0.82,0.047334639631148,0.00826131830598288,0.9
"PlantHeight","19PYT22HYLD2KYK",0,0.181571428571428,2.24666666666667,0,0.189664090791535,0,NA
"PlantHeight","21C1bUYT2GSotobi",0.0176560849258747,0.043251861066721,1.83,0.55,0.113645255641974,0.00793657880678014,0.74
"PlantHeight","19C1aUYTGSotobi",0.140699879326156,0.0403285524333524,2.18890909090909,0.91,0.0917441944673875,0.0127583302381598,0.95
"PlantHeight","18UYT17YrtMansa",0.0024818864528579,0.017792827602068,1.23519835232112,0.26,0.107990557131676,0.00185622191664702,0.5
"PlantHeight","19PYT22HYLDKYK",0,0.129257934529744,1.46875,0,0.244782703092187,0,NA
"PlantHeight","20PYT38Chitala",0.0203976345860924,0.0380522931603345,1.43171130479782,0.58,0.13624951430878,0.00940193800312036,0.73
"PlantHeight","19pyt22USavannahKYK",0,0.117883700980392,1.49375,0,0.229852357655698,0,NA
"PlantHeight","20Ayt13BestPerforming_Ilonga",0.0897050010702783,0.019256458144186,1.876875,0.9,0.0739354729748075,0.00869497848785418,0.95
"PlantHeight","13pyt20nr12UM",0.12862708218872,0.131016615590673,2.24741368282261,0.67,0.161057208568467,0.0464562134506294,0.8
"PlantHeight","19C1bUYTnonGSset2umu",0.00950956600481804,0.0193405204431195,1.39268484831669,0.55,0.0998576238283746,0.00438116870953883,0.73
"PlantHeight","18UYT17YrtKabangwe",0.0115186482746132,0.0138893798035444,1.27418543791673,0.69,0.0924929837108587,0.00372094037277509,0.82
"PlantHeight","19AYT30CBSDBLG",0.0740233775721246,0.0502557597565564,1.57829361083138,0.79,0.142038187912203,0.0161517890967745,0.88
"PlantHeight","21C1bUYT2GSumu",0.0138909432206471,0.0225548865895213,1.40188825548234,0.61,0.107128969282321,0.00580770752072117,0.76
"PlantHeight","18C1aUYTnonGSset2umu",0.0636919056975409,0.0306705906344507,2.16274356288536,0.79,0.0809759481053347,0.0139236452137223,0.88
"PlantHeight","21AYT16Chitala",0.0196678298497174,0.0358469435008607,1.39981566019556,0.58,0.135255588349156,0.00849919904620321,0.75
"PlantHeight","19AYT30CBSDKIL",0.0724752130707896,0.0590040458377241,1.54619726406981,0.76,0.157099931397397,0.0189596217395335,0.86
"PlantHeight","19C1aUYTnonGSikenne",0.0190324277028238,0.0111120022329106,2.71192857142857,0.81,0.0388703018680567,0.00361486049067347,0.9
"PlantHeight","21UYT14RUFUNSA",0.00921355240350614,0.0233020838776901,1.2403255966464,0.51,0.123072684666984,0.00458320447204088,0.71
"PlantHeight","18C1aUYTnonGSset1kano",0.0380819009565286,0.0413075948147986,2.201375,0.63,0.0923253417933239,0.014595511295157,0.79
"PlantHeight","19C1bUYTnonGSset2onne",0,0.0644973098290598,1.3606,0,0.186655303292602,0,NA
"PlantHeight","19C1bAYTGSotobi",0.0153739441191105,0.0397931288896407,2.116,0.44,0.0942732286423558,0.00867264699011923,0.66
"PlantHeight","14ayt13mixedZA",0.136044246975884,0.0771293730158565,2.23076923076923,0.84,0.12449595898909,0.0222713643212741,0.91
"PlantHeight","21UYT-W-13KAOMA",0.00883543095916934,0.0164181508116008,1.48166727540329,0.61,0.0864791537828306,0.00351856186393816,0.78
"PlantHeight","20C2bPYTnonGSOtobi",0.00450203218887167,0.037501817558095,1.63566459193898,0.17,0.118394603100605,0.00376573052348131,0.4
"PlantHeight","18C1aUYTnonGSset2kano",0.00879145467734596,0.0641040204485146,1.941,0.2,0.130441894800304,0.00700312308027733,0.45
"PlantHeight","18C1bAYTnonGSset3otobi",0.00318512710760114,0.099381729562573,1.57951368028391,0.06,0.199585912333561,0.00300813495633073,0.24
"PlantHeight","18pyt28VForestKYK",0.0613568902812183,0.064217093231097,2.54467192458574,0.75,0.0995849073093206,0.0163120606268799,0.86
"PlantHeight","18UYT17YrtRufunsa",0,0.0374868823529412,1.36105882352941,0,0.142253436355369,0,NA
"PlantHeight","18C1bAYTnonGSset1Otobi",0.0663856371191204,0.0412030741118986,1.76122271410225,0.75,0.115252547032479,0.0169350400624473,0.86
"PlantHeight","19AYT30Kabangwe",0.00352285143253137,0.0222759898316812,1.24396759578351,0.3,0.119980160332111,0.00248378019137857,0.54
"PlantHeight","18PYT28HYLD2KYK",0.0600569865440856,0.0708561094444985,2.55609304979815,0.72,0.104138661601278,0.0178188052980048,0.84
"PlantHeight","19PYT51Kabangwe",0.0216881447505923,0.0285761965690096,1.33602693575134,0.56,0.126528103409321,0.00979966948961085,0.74
"PlantHeight","20AYT27Kabangwe",0.00144974801587177,0.0205274709873309,1.36981517554636,0.32,0.104593753903702,0.00102549783678875,0.54
"PlantHeight","19Ayt17BestPerforming_Ilonga",0.101076999839384,0.0512906902524272,2.20765601693433,0.84,0.102585945735464,0.0175820181972664,0.91
"PlantHeight","20.GS.C1.C2.C3.UYT.30.IB",0.11691122450043,0.0188770214797094,1.52622775375379,0.92,0.0900217369415339,0.00900198777328538,0.96
"PlantHeight","20C1bUYTGSUmudike",0,0.0407919528619529,1.34954545454545,0,0.149657929245556,0,NA
"PlantHeight","20UYT14EVTMVZ",0.0249904762090584,0.0715437728828332,2.44357142857143,0.51,0.109461370411142,0.012202917756712,0.72
"PlantHeight","20UYTYrII19KAOMA",0.0229501820242083,0.0126170437343767,1.5497681875942,0.84,0.0724789782583272,0.00362770716921476,0.92
"PlantHeight","20C1bUYTGSonne",0.0781354707559285,0.0479888795762749,1.72438461538461,0.82,0.127038736485293,0.014059378926522,0.91
"PlantHeight","19AYT30CBSDMLG",0.0597634667142374,0.0993402233074253,1.91683333333333,0.63,0.164428923262629,0.0224228730916822,0.79
"PlantHeight","18PYT28HYLDKYK",0.0314882329127841,0.0493736607681152,1.49644942570046,0.68,0.1484860384114,0.0106271497578751,0.81
"PlantHeight","18C1aUYTnonGSset1umu",0.0268885600073931,0.019704117146401,1.98416666666667,0.73,0.0707457477211556,0.00721021252161981,0.86
"PlantHeight","18pyt28USavannahKYK",0.0363598673316341,0.0466963347854237,1.48038749725032,0.72,0.145970800070618,0.0110145459306668,0.83
"PlantHeight","19C1bAYTGSkano",0.00481486645429694,0.0167592124962577,1.20934270574057,0.34,0.107047718175008,0.00320950196911271,0.58
"PlantHeight","19C1aUYTnonGSkano",0.0279297207694252,0.0216256888513494,1.28173333333334,0.79,0.114732721713874,0.00572973774017904,0.89
"PlantHeight","20AYT15Chitala",0.039499647698817,0.0130108710433525,1.25172983055372,0.87,0.0911260580695702,0.0056333666926825,0.93
"PlantHeight","20AYT15RefColMLG",0.103763842285368,0.048646573807484,1.69380000000001,0.86,0.130215895085707,0.0140239541270489,0.93
"PlantHeight","20UYT20Rufunsa",0.014116039870936,0.0329151831194952,1.65505,0.56,0.109619298672672,0.00617342078285561,0.75
"PlantHeight","19C1bAYTGSumu",0.0317830402773468,0.0162136011932814,1.39782874657452,0.79,0.0910931616257459,0.00671086233778359,0.89
"PlantHeight","19C1aUYTnonGSumu",0.0260358607372925,0.0165337942177979,1.36948408463281,0.81,0.0938921479686519,0.00507880300417053,0.9
"PlantHeight","19C1bUYTGSikenne",0.0212129553382989,0.0412451646659831,2.75779378817447,0.53,0.0736418570773571,0.0103296177897208,0.72
"PlantHeight","19C1aUYTnonGSonne",0.0282031027056261,0.0694460755211784,1.90335294117647,0.54,0.138453687373829,0.0128811683260074,0.74
"PlantHeight","21C2aUYTGSotobi",0.0310171974239622,0.0329717095171636,1.91570588235294,0.74,0.0947854987717732,0.00811508672587609,0.86
"PlantHeight","20C1bUYTGSkano",0.000436416067582978,0.0360230775777309,1.34342857142857,0.03,0.141278419009846,0.000421822490205391,0.18
"PlantHeight","17C1aAYTGSOtobi",0.0291461465508141,0.0243629017904093,1.38265309990486,0.67,0.112888908926257,0.00994947373958453,0.81
"PlantHeight","20Ayt28Chambezi",0.0581615735449197,0.118757786414563,2.10098331019998,0.48,0.164024394987669,0.0304168802578299,0.69
"PlantHeight","20Ayt28WhiteFlesh-Chambezi_setA",0.0284102214793145,0.178253813465425,2.03443868524679,0.23,0.207527096249593,0.0218604171763927,0.48
"PlantHeight","19C1bUYTGSotobi",0.0183671614591571,0.0240263256135094,2.04511111111111,0.7,0.0757925939923198,0.00557699501431809,0.83
"PlantHeight","20C2bPYTnonGSUmudike",0.00442592870481916,0.0162641728549122,1.20925790240818,0.29,0.105462255802127,0.00315457569340242,0.54
"PlantHeight","19C1bUYTnonGSset1umu",0.0186242300361527,0.0274728845196631,1.31501053005474,0.6,0.126044209773973,0.00806000145970233,0.75
"PlantHeight","20UYT19Kaoma",0.007626280926949,0.0144722455043936,1.45378947368421,0.61,0.0827497024122564,0.00295491818116296,0.78
"PlantHeight","16.GS.C1.PYT.20.UB",0,0.0212068809005083,1.14083333333333,0,0.127648641324718,0,NA
"PlantHeight","17.GS.C2.res.AYT.14.IB",0.0284445397493834,0.0208241258195612,1.40566328601369,0.73,0.102660195684818,0.00860460706293208,0.84
"PlantHeight","17.GS.C1.PYT.20.IB",0.0288093954349008,0.0250016246756686,1.59575,0.7,0.0990875892843635,0.00871796258879748,0.84
"PlantHeight","12uyt15yrt8AIB",0.0677015527730035,0.0258689404318974,2.07926666666666,0.91,0.0773533504106966,0.0059033169001032,0.96
"PlantHeight","13AYT25umu",0.056648795539206,0.0780969710584656,2.0225662012363,0.68,0.138170188359619,0.0180315135420214,0.83
"PlantHeight","21.GS.C4C.AYT.28.IK",0.00195753257555094,0.0704582726388714,2.19394722045064,0.05,0.120987309847478,0.00185806740287153,0.23
"PlantHeight","19C1bUYTGSkano",0.0170004027080047,0.0109616416105824,1.26972435021716,0.8,0.082457155881493,0.00355705369914623,0.89
"PlantHeight","17C1aAYTGSumu",0.0451558208689574,0.0341415051794201,1.39447795525013,0.69,0.132504210503082,0.0147390844478293,0.82
"PlantHeight","18C1aUYTGSumu",0.0586002431067423,0.102521408769777,1.87453526287801,0.62,0.170810147639215,0.0224946964780552,0.78
"PlantHeight","12CETearlyBulkingDrtkano",0,0.0367108465608466,1.24111111111111,0,0.154378400203952,0,NA
"PlantHeight","18C1bAYTnonGSkano",0.0513159274248215,0.0604220889330652,2.11540740740741,0.63,0.116199389714339,0.019015887985373,0.79
"PlantHeight","Cycle C1b genotyped non-selected_Kano",0.0513159274259765,0.0604220889324407,2.11540740740741,0.63,0.116199389713738,0.0190158879854079,0.79
"PlantHeight","18C1aGSUYTAbuja",0.0887783629818329,0.0492571963404708,1.9921617712127,0.84,0.111406426121753,0.0146699413982991,0.91
"PlantHeight","18.GS.C3.PYT.24.MK",0.0443611973771414,0.00839917273264064,1.6965,0.91,0.054021220556763,0.00383640183162759,0.96
"PlantHeight","20.GS.C1.C2.C3.UYT.30.IK",0.0834653739929546,0.0164848692016179,2.27857142857144,0.91,0.0563482075283586,0.00772535605985814,0.95
"PlantHeight","19C1bUYTnonGSset1otobi",0.0139164885556739,0.038395656194255,1.9545,0.52,0.100254845568566,0.00672094684909169,0.72
"PlantHeight","19.GS.C3.UYT.28.AG",0.0617821222074547,0.0156301551841768,2.50575550301343,0.91,0.0498933830079503,0.00594126252446496,0.95
"PlantHeight","19C1bUYTnonGSset1kano",0.0216247937008052,0.0297962021876881,1.26103360238684,0.63,0.136884349688298,0.00838857198646827,0.78
"PlantHeight","18AYT40NM",0.0412200870364837,0.0369292943871988,2.19074999999998,0.77,0.0877188005202228,0.00947900206914775,0.88
"PlantHeight","16PYT62Chitala",0.0288065850712927,0.0238920396587239,1.35748682721498,0.76,0.113865193761612,0.00703152330395934,0.87
"PlantHeight","16.GS.C1.ungenotyped.AYT.21.IK",0.0257667888482477,0.0238591559105525,2.44818706340625,0.75,0.0630932557949119,0.00638882309353994,0.87
"PlantHeight","20.GS.C1.C2.CMSSurveyVarieties.AYT.40.MK",0.0175944690905243,0.0133644630514922,1.25466941451961,0.73,0.0921396262216026,0.00486466428706636,0.85
"PlantHeight","16.GS.C1.ungenotyped.AYT.21.UB",0,0.0169767857142857,1.10785714285714,0,0.117609924537903,0,NA
"PlantHeight","11EarlyBulkingDrtKA",0.0152932272876051,0.051575419482671,1.38416943198177,0.42,0.164071115351095,0.00904334094822602,0.64
"PlantHeight","21.Intro.Lat.Ame.UYT.30.IB",0.0555049952909652,0.0186453350821258,1.54339999999999,0.86,0.0884721538755357,0.00798200328934707,0.93
"PlantHeight","20.GS.C1.C2.C3.UYT.30.MK",0.0561202502714031,0.0338435897993784,1.643,0.77,0.111969734350446,0.0130014892461931,0.88
"PlantHeight","19.GS.C2.UYT.36.setA.AB",0.0320411060698803,0.0491566145937326,1.40597401548671,0.52,0.157693462224714,0.0157907314377488,0.71
"PlantHeight","19C1bUYTnonGSset1ikenne",0.0299043801542451,0.0293399595702419,1.66478449169472,0.74,0.102889660446667,0.00801156229129395,0.86
"PlantHeight","21PYT58Chitala",0.0210582826822442,0.0285368853303159,1.30590804529302,0.64,0.12935722416779,0.00806654111688661,0.79
"PlantHeight","18C1bAYTGSset2umu",0,0.123636438549956,2.11666666666667,0,0.166119560184124,0,NA
"PlantHeight","19.GS.C2.UYT.36.setA.ZA",0.0129352345885355,0.00894686731430669,1.19332710729973,0.7,0.079264001342217,0.00413696579127669,0.82
"PlantHeight","20.CMSSurveyVarieties.AYT.33.IB",0.0633259582291971,0.0266049711656653,1.945594545205,0.83,0.0838357118543442,0.0108377684276701,0.91
"PlantHeight","21.GS.C1.C2.C3.C4.40.UYT.MK",0.0296031251814299,0.00884834735509685,1.38013846916514,0.87,0.0681566789087269,0.00392493037549167,0.93
"PlantHeight","21.GS.C4.AYT.45.IK",0.0402640603573523,0.0187201712389755,2.60054013735913,0.78,0.052612791789694,0.0094160836453523,0.88
"PlantHeight","21.GS.C3.C4.C4B.UYT.36.IB",0.0350241636930605,0.0184879312517768,1.4729803378316,0.78,0.0923096722721355,0.00784553603700561,0.88
"PlantHeight","20C2aAYTGSUmudike",0.0421552202345788,0.0337403434400281,1.54659126054587,0.72,0.118767932864409,0.0129842174836064,0.83
"PlantHeight","20C2a_bPYTGSUmudike",0.0135220280782201,0.0241260888263644,1.20393150517333,0.47,0.129015438186631,0.00734866298694277,0.68
"PlantHeight","19.GS.C2.UYT.36.setB.AB",0.067633110986938,0.0121680764702276,1.4904,0.91,0.0740130196483449,0.00612256980063088,0.95
"PlantHeight","20C2aAYTGSOtobi",0.0218169429327256,0.0181258905777879,1.65528168709763,0.77,0.0813350553624919,0.00524985494610459,0.87
"PlantHeight","20.GS.C2.UYT.36.setA.IB",0.075010887828625,0.0208757646190461,2.00749999999999,0.88,0.0719723431218383,0.00916285650246565,0.94
"PlantHeight","20.GS.C2.UYT.36.setB.IB",0.045585573049008,0.0316157707649645,1.78683333333333,0.74,0.099510255510811,0.0117375943995341,0.86
"PlantHeight","17.GS.C1.C0.AYT.25.IB",0.026566036643144,0.0258849926659044,1.53768,0.75,0.104630441392148,0.00660057806905147,0.87
"PlantHeight","18.GS.C1.C2.UYT.26.MK",0.0352299489261885,0.0262222050717262,2.22923076923077,0.8,0.0726406256211915,0.00700320351666875,0.9
"PlantHeight","20C2aAYTGSonne",0.0351303445310989,0.0604871976691653,2.26271528354262,0.61,0.108693061605535,0.0138491068436361,0.78
"PlantHeight","21.GS.C1.C2.C3.C4.40.UYT.IB",0.033167795200439,0.0124114409361497,1.8508,0.84,0.06019377930212,0.00522762730382434,0.92
"PlantHeight","20.GS.C4B.AYT.40.IK",0.0579677148284743,0.0266764587127411,2.46365,0.81,0.0662956569842407,0.0110288758319827,0.9
"PlantHeight","20.GS.C4B.AYT.40.MK",0.0178312731312526,0.077103463166468,1.80853165719283,0.31,0.153536214037835,0.0122493361994967,0.56
"PlantHeight","17.GS.C2.AYT.34.MK",0.0156674554973982,0.022340785290429,1.22032839925366,0.62,0.122482064821599,0.0061427952508092,0.78
"PlantHeight","19crossingblockCETubiaja",0.0386751731290481,0.0602549578548068,1.6817295239231,0.55,0.14596214767818,0.0175842551882363,0.74
"PlantHeight","18.GS.C1.UYT.34.MK",0.0341326823910214,0.0232547156113846,1.3102608349782,0.8,0.116385199850081,0.00712935574009609,0.89
"PlantHeight","18.GS.C3.AYT.30.UB",0.0128140988292372,0.0122476419546764,1.45171428571429,0.76,0.0762333650080654,0.00309612714583802,0.87
"PlantHeight","20.GS.C4B.AYT.42.IK",0.0735526861057449,0.0108997266512743,2.31942857142857,0.93,0.0450118435480093,0.00507391330273411,0.96
"PlantHeight","18.CMSSurveyVarieties.AYT33.IB",0.0127143703537,0.0711807649179652,1.87688732460156,0.33,0.142148775843909,0.00854624169332994,0.57
"PlantHeight","21.GS.C4.AYT.45.IB",0,0.0941112070707071,1.91568888888889,0,0.160138476159782,0,NA
"PlantHeight","17.CASS.PYT.46.setC.IB",0.037077347435183,0.0223037337028881,1.52252204865543,0.76,0.09809010398323,0.00903874928878957,0.87
"PlantHeight","18.GS.C3.AYT.30.IK",0.0846073043917776,0.0807374120463707,1.6098,0.75,0.176508445096995,0.0211089597145285,0.87
"PlantHeight","18.GS.C3.AYT.30.MK",0.0366909140101712,0.0227140559245766,2.38220000000001,0.83,0.0632658176217726,0.00635610104515858,0.91
"PlantHeight","17.GS.C1.UYT.34.UM",0.0137170092308991,0.0102323945713929,1.21448912393382,0.76,0.0832904118130282,0.00358466897290412,0.86
"PlantHeight","17C1aAYTnonGSsei1umu",0.0317134561251906,0.188574684256737,1.69293462736717,0.2,0.256508349633693,0.0254212781261066,0.45
"PlantHeight","19.Hawaii.PYT.54.IK",0.0788298483672752,0.0554887855660266,2.46267878742651,0.71,0.0956521729417006,0.0235917361282379,0.84
"PlantHeight","18.GS.C1.UYT.34.OT",0.00885354279583814,0.0139320872531624,1.17008767992041,0.61,0.100876425820936,0.00355014951403624,0.77
"PlantHeight","18.GS.C4.PYT.80.SETA.AG",0,0.0624204152884228,2.599625,0,0.0961064691541084,0,NA
"PlantHeight","19.CASS.PYT.52.IK",0.0973271474709593,0.015286560923626,2.53512956747957,0.92,0.048770222308806,0.00785234113037,0.96
"PlantHeight","18.GS.C1.UYT.34.UM",0.0268369652617703,0.0235295526641636,1.30236617351606,0.74,0.117780590562103,0.0076615381524609,0.85
"PlantHeight","17C1aAYTnonGSkano",0.011667454814889,0.061428870927106,1.4965995205834,0.23,0.165607753043892,0.00904595030478003,0.47
"PlantHeight","16.GS.C1.UYT.34.UB",0.0200506062083373,0.0107946383284511,1.28871310925627,0.83,0.0806209296321771,0.0035780068060728,0.91
"PlantHeight","17.GS.C1.UYT.34.UB",0.0198879121879213,0.0117387175336966,1.28156454906324,0.82,0.0845414789191864,0.00381994323856294,0.9
"PlantHeight","17C1bCETnonGSumu",0.03964431680023,0.138541047356568,1.86396800346875,0.35,0.199687454188916,0.0261116513049514,0.58
"PlantHeight","18.GS.C4.PYT.54.ON",0.0391977539245125,0.0449619175420843,2.27735185185185,0.63,0.09310913198181,0.0144102154978398,0.8
"PlantHeight","17.GS.C1.UYT.34.MK",0.0248742026894687,0.0199923481445131,1.30737380747537,0.78,0.108151394380258,0.00567242337321131,0.88
"PlantHeight","16.GS.C1.UYT.34.MK",0.0267657602608449,0.0159560858956314,1.3010136990412,0.83,0.0970915229331225,0.00477097216010646,0.91
"PlantHeight","17.GS.C1.UYT.34.IK",0.0701354980425533,0.023916169830294,1.66888235294118,0.9,0.0926659306996239,0.00715838772906296,0.95
"PlantHeight","18.GS.C1.UYT.34.IK",0.0566968582448481,0.0241186852364969,1.50503210105879,0.87,0.103188441155159,0.00721190504143013,0.93
"PlantHeight","18.GS.C2.UYT.36.setB.AG",0.0677630742133832,0.0466769367831719,2.11956572513891,0.81,0.101930530758042,0.0133313005751994,0.9
"PlantHeight","18C1bAYTGSOtobi",0.0465420924667121,0.0732237904978512,2.23543624104374,0.65,0.121049727446681,0.0164499728931035,0.8
"PlantHeight","18.GS.C2.UYT.36.setA.AG",0.0360752240450264,0.0510135434922931,2.0648364081341,0.66,0.109384830066167,0.0124650275141183,0.81
"PlantHeight","18.GS.C4.PYT.80.SETA.IK",0,0.063301363662783,2.59754838709677,0,0.0968596480357674,0,NA
"PlantHeight","19.GS.C4.PYT.80.SETA.AG",0.0148151854649171,0.0172061658341475,2.69507109951391,0.58,0.0486711743618542,0.00652259794667643,0.75
"PlantHeight","17.GS.C3.PYT.60.UB",0.00355679573862181,0.0141740410243102,1.15434343615899,0.3,0.103136361225902,0.00252541779023321,0.54
"PlantHeight","18.GS.C3B.AYT.40.UB",0.0265727170442404,0.0294483306171493,1.47605912487006,0.7,0.116259000857051,0.00822041028531437,0.83
"PlantHeight","19.Hawaii.PYT.60.IK",0.0645972795523934,0.0428984965890087,2.41506429590586,0.74,0.0857614941445119,0.0175099696601069,0.85
"PlantHeight","20AYTintroLatAmeUmudike",0.00928214999875028,0.0597615764644266,1.40895704152171,0.23,0.17350550983731,0.00716972437736517,0.48
"PlantHeight","19.Hawaii.PYT.60.IB",0.160107229004381,0.000719122566137044,2.32155252148733,1,0.0115510894036615,0.000364809021158421,1
"PlantHeight","20AYTintroLatAmekano",0.0107466485388598,0.063976549895871,1.4097786423955,0.28,0.179415302248895,0.00782200264449177,0.52
"PlantHeight","18C1bAYTGSset1umu",0,0.0913233441691184,1.92049122807017,0,0.157354285544613,0,NA
"PlantHeight","18C1bAYTGSkano",0.0290754924945239,0.034959025353114,1.48036806305968,0.7,0.126301919491953,0.00888725575480877,0.83
"PlantHeight","14.GS.C0.PYT.88.IK",0.0485915314913243,0.0355119357589712,2.08387485714303,0.72,0.0904306262546707,0.0136871238579192,0.85
"PlantHeight","19.GS.C4B.PYT.78.MK",0.0440308801131118,0.0228755580682808,1.6520357583034,0.79,0.0915516984229468,0.00938967153273731,0.89
"PlantHeight","19.GS.C4.PYT.80.SETA.IK",0.0770294027141383,0.05920250606574,1.77314321271708,0.71,0.137222785698147,0.0227440208889255,0.84
"PlantHeight","19.GS.C4.PYT.80.SETB.IK",0.0427011107974732,0.0795827434662011,1.95232785811014,0.51,0.144496291789615,0.0208705973472056,0.72
"PlantHeight","17.GS.C3.PYT.80.IB",0.0218462089477818,0.0541309723222811,1.75000387387856,0.5,0.132948641511907,0.011629193654802,0.68
"PlantHeight","19.GS.C4B.PYT.88.MK",0.0588541282611856,0.0175132597536189,1.55634090909091,0.87,0.0850312887415959,0.00768926713804926,0.93
"PlantHeight","16.GS.C0.C1.AYT.58.IB",0.0377002921483642,0.0773559435883953,1.73227685130835,0.59,0.160557109929454,0.0154853638468376,0.77
"PlantHeight","16.GS.C0.C1.AYT.58.IK",0.0456984480067135,0.0479824373814303,2.27126114579877,0.74,0.096443748324783,0.0119145488683076,0.86
"PlantHeight","19.GS.C4B.PYT.88.AG",0.0195901128026599,0.0757438485396338,1.99704819340631,0.34,0.137811398007713,0.0129415481469667,0.58
"PlantHeight","15CETtp1set2umu",0.0125358159024751,0.186815013618971,1.91934361448334,0.11,0.225192102536902,0.0112187841425546,0.32
"PlantHeight","13NEXTgenC0IB",0.0327765427158834,0.0386798598305993,1.28056597763875,0.59,0.153582059327165,0.0142540499726901,0.75
"PlantHeight","19.GS.C4B.PYT.135.IK",0.0277487225129804,0.0350999789370058,2.55262598260119,0.58,0.073394960725134,0.0118152852822667,0.76
"PlantHeight","19C2aPYTGSOtobi",0.0477531821776787,0.0956979775711306,1.98705493927003,0.48,0.155683112249275,0.0248466611987788,0.69
"PlantHeight","13NEXTgenC0IK",0.0512522529310172,0.107123036141736,1.4802050368069,0.43,0.221115689202281,0.0300344273536438,0.64
"PlantHeight","19.GS.C4B.PYT.132.IK",0.0985647982656113,0.0466405860034225,2.09948988515048,0.82,0.102865137875816,0.0187897521503846,0.9
"PlantHeight","19.GS.C4B.PYT.135.UB",0.00915159243847985,0.0249487851608784,1.25949439777865,0.37,0.125408929738023,0.00582374476707457,0.6
"PlantHeight","19.GS.C4B.PYT.140.IB",0.04574153893659,0.0296904037450065,1.71912686779826,0.76,0.100230552389613,0.0114796065875753,0.87
"PlantHeight","13CET518TP1Otobi",0.028464239732576,0.10886388876865,1.71971139396714,0.36,0.191860845159272,0.0185155038521857,0.59
"PlantHeight","13TP1CET518kano",0.0062134035975073,0.00974041145633256,1.13127440606025,0.45,0.0872410109700123,0.00352468821047254,0.66
"PlantHeight","13CET518TP1umu",0.0486646635794847,0.117409993176187,1.77301121860043,0.51,0.193259587321026,0.0241836027443805,0.71
"PlantHeight","16.GS.SelGain.PYT.571.IB",0,0.0977103492757996,1.93979775280899,0,0.161143885440662,0,NA
"PlantHeight","19.GS.C4B.PYT.500.IK",0.072220196599234,0.0303804803352573,1.5651278982563,0.84,0.111364683020305,0.0128476982940351,0.91
"PlantHeight","12CET500TP1umu",0.00341375657141973,0.0854335972995855,1.47367422987809,0.09,0.198341163970715,0.00309505244657503,0.31
"PlantHeight","20.GS.C4B.PYT.500.IK",0.0674091756243226,0.0434841779070803,1.82316237956649,0.77,0.114377416114452,0.0164109135497982,0.87
"DMC","19UYT4HYLD2KYK",0,1.73346666666667,38.98,0,0.0337765985942373,0,NA
"DMC","18ayt5VForestKYK",1.49724840141883e-18,9.6811111111111,37.6333333333333,0,0.0826779909942131,1.49724840141883e-18,0
"DMC","19C1bUYTGSumu",11.8978898383315,12.0635434950018,31.0763725934625,0.62,0.111765335818891,4.99518961318723,0.76
"DMC","19pyt57highTCIB",0,4.57999999999999,33.9,0,0.063129600469123,0,NA
"DMC","18AYT6HYLD2KYK",0.451200282879822,15.8100727529042,37.6652526985564,0.06,0.105566481946134,0.424717826075431,0.24
"DMC","19UYT4HYLDKYK",4.82582234894885,2.20429719866077,33.36,0.87,0.0445050232647426,0.637675160041143,0.93
"DMC","17ayt12highDMIB",0,67.7916666666667,31.5,0,0.261383158644055,0,NA
"DMC","15ayt15regionaltrialIB",0.822536643792799,2.45362702505541,21.7918445030496,0.47,0.071880366354253,0.459165351321361,0.66
"DMC","18UYT4HYLDKYK",1.21154290549628,21.8368341564245,38.285,0.18,0.122057982289399,0.991502296271352,0.43
"DMC","18uyt4USavannahKYK",1.16097208333934,21.7434028974855,38.275,0.18,0.121828404683838,0.956653092579451,0.42
"DMC","19ayt18highYldIB",5.82003702551193,0.628095183849762,31.4,0.94,0.0252396357822418,0.440161338356534,0.96
"DMC","18UYT11WrtKaoma",3.65441922705226,19.0575571468465,33.584282228933,0.26,0.129986288788005,2.71223887440468,0.51
"DMC","19AYT8HYLD2KYK",5.58916049308668,2.02842743586773,35.1997974899786,0.85,0.0404612758508609,0.967002185573695,0.91
"DMC","17ayt7pdMK",1.60868358192132,9.88205340714596,20.4657123961074,0.23,0.153601950873117,1.2549851258853,0.47
"DMC","18ayt10highDMIB",13.2697818585731,1.95734832851892,32.2499999999999,0.94,0.0433814776417984,0.965235719694814,0.96
"DMC","18ayt14wrthighDMIB",0,12.5765277777778,38.325,0,0.0925333347392931,0,NA
"DMC","15pyt30pdIB",6.34768415468097,22.4460206312915,34.9106725454735,0.27,0.135709879042624,4.69293334206888,0.51
"DMC","18ayt5USavannahKYK",0,94.0155000000001,43.32,0,0.223826385811386,0,NA
"DMC","18AYT6HYLDKYK",0,99.9155895833334,41.3366666666667,0,0.241813851822049,0,NA
"DMC","19pyt15yrthighDMIB",9.40608571953751,16.7065550864195,31.7,0.48,0.128938968418662,4.95545883064452,0.69
"DMC","14uyt19yrtMK",11.3418265111564,3.31614307219707,23.1213926233686,0.84,0.0787594439427097,2.14981970219722,0.9
"DMC","18ayt28highTCAG",5.31886882962199,6.27605561768517,22.4892416275216,0.53,0.111395739578924,2.57719337603772,0.72
"DMC","19ayt12PDIB",12.2767305788868,2.64830809155447,26.0334421438688,0.9,0.0625104549024354,1.29714840142161,0.95
"DMC","19ayt28highDMIB",0,5.29801851851851,31.225,0,0.0737147316616822,0,NA
"DMC","19AYT8HYLDKYK",1.22228618042694,11.1389792725305,33.70625,0.25,0.0990175691359026,0.919571090814983,0.5
"DMC","20UYT4EVTMVZ",2.27092222746078,0.854711110281424,37.705,0.89,0.0245194503004548,0.253144842526039,0.94
"DMC","18UYT9MKONDEZI",1.69959116080078,0.282153997197516,36.4528478238598,0.89,0.0145717476291773,0.197294826096207,0.94
"DMC","15ayt14highDMIB",0.838580400591037,5.79173905739315,38.65,0.32,0.0622665774842704,0.574242696375104,0.56
"DMC","19pyt15pdexpdIB",17.6775035942387,3.36826010600444,28.5319477330627,0.9,0.0643237552771,2.02197040735422,0.94
"DMC","18UYT17YrtKaoma",6.31078742588832,16.2475743583348,22.972926462103,0.38,0.175459926960119,3.99542380309164,0.61
"DMC","20UYT6EVTMVZ",4.47151010194321,0.543318883050212,39.0166666666665,0.96,0.018891969522909,0.174056607236526,0.98
"DMC","17uyt10pdZA",0.86666469102196,4.25555695940063,35.5,0.38,0.0581098629059775,0.537978776597097,0.62
"DMC","18ayt12yrtpdIB",1.21970693948533,6.02172036260015,33.8,0.34,0.0726011653242252,0.805559554288333,0.58
"DMC","18UYT11WrtMansa",0,9.04784674981104,34.3111111111111,0,0.0876673412870958,0,NA
"DMC","20Ayt9BestPerforming-Chambezi",8.79375027028678,1.65624995716149,32.9666666666667,0.91,0.0390380308689584,0.756850828541221,0.96
"DMC","14uyt8pdIB",36.7628342826394,9.34741659249531,34.4399999999999,0.94,0.0887733597213289,2.19718839811987,0.97
"DMC","18Pyt13Chambezi",0.84057636174883,4.91215343461327,33.0086607856782,0.22,0.067144130973928,0.656749245684102,0.47
"DMC","18ayt10highDMIK",7.30611144410144,2.86388883432027,31.0142857142856,0.88,0.0545652682609994,0.844310490079068,0.94
"DMC","20C1bUYT2nonGS_set2Umudike",0,4.44761160714285,37.205,0,0.0566842126486775,0,NA
"DMC","19pyt22VForestKYK",0,13.4551858304297,35.02,0,0.104743892309396,0,NA
"DMC","18UYT11WrtKabangwe",0,4.77844155844156,36.6454545454546,0,0.0596517276611353,0,NA
"DMC","18UYT11WrtRufunsa",0,6.44957264957265,32.1,0,0.0791152923337441,0,NA
"DMC","18C1aUYTnonGSset2onne",16.7570469070312,20.824334208047,30.867080848313,0.57,0.147839335926798,7.37634649612969,0.75
"DMC","18ayt20highYLDIK",16.7852568221799,4.17291286831114,28.449326254429,0.89,0.0718038403357642,2.23703880580352,0.93
"DMC","20UYT8AEVTMVZ",3.89332213400913,1.25622379421502,36.51375,0.9,0.0306956666493649,0.378077612426178,0.95
"DMC","20UYT8BEVTMVZ",1.7392476839388,1.05064522304214,36.3624999999999,0.83,0.0281886521787868,0.291515488621936,0.91
"DMC","20C1bUYT2nonGS_set2onne",0.561758726172101,3.38074286013509,32.6114285714286,0.33,0.0563814506709211,0.374882484281086,0.58
"DMC","19C1aUYTGSikenne",1.55961743373111,4.15216950121379,34.369327163167,0.46,0.0592879599483958,0.847688555374382,0.68
"DMC","20C1bUYT2nonGS_set2Ikenne",2.89061747074302,4.73149047149822,33.2557142857143,0.65,0.0654082763394566,1.02041178370299,0.8
"DMC","20C1bUYT2nonGS_set2kano",0,6.80070476190476,30.6957142857143,0,0.0849570095106144,0,NA
"DMC","20UYT30CBSDMLG",3.13019760786044,4.20362204653407,33.0966312918982,0.68,0.0619481068492782,1.02991275975529,0.82
"DMC","20Uyt15BestPerforming-Chambezi",3.45802642094953,6.90549458470358,29.5555884456232,0.59,0.0889114686497302,1.42035942744097,0.77
"DMC","21UYT10Chitala",2.6030516752959,8.18047526690378,20.5545197915586,0.46,0.139149590630224,1.42104834605131,0.67
"DMC","20UYT30CBSDBLG",2.95968341648307,10.3750018164698,35.0715737390836,0.46,0.0918414721738755,1.61091197616496,0.68
"DMC","20PTY49Kabangwe",0,79.2806482586041,29.2641176470588,0,0.304262312845863,0,NA
"DMC","18C1aUYTnonGSset1Onne",0,14.8777768939394,33.2958333333334,0,0.115845490284588,0,NA
"DMC","19C1bUYTnonGSset2ikenne",0.918796006874915,1.17213772147632,34.0012782146675,0.65,0.0318415409840455,0.34641398866598,0.79
"DMC","14pyt21pdyrtIB",8.63879001035698,9.1615881913571,33.1941176470588,0.62,0.0911851788769574,3.42076476680417,0.78
"DMC","18C1aUYTnonGSset1ikenne",8.53555543735309,4.61491974352604,36.333961815352,0.77,0.0591247504820427,1.99779976566997,0.88
"DMC","19PYT22HYLD2KYK",0,12.4320971341991,35.0233333333334,0,0.100673396222715,0,NA
"DMC","19.East-africa.PYT.16.UB",8.77609560079081,5.87342842601316,32.8733333333333,0.75,0.0737228467673338,2.20040153432587,0.87
"DMC","21C1bUYT2GSotobi",0,10.4304744444444,33.3,0,0.0969857208762079,0,NA
"DMC","18ayt12highTCMK",11.7656587883802,9.82374411021884,16.1767219461205,0.75,0.193752805636192,3.23356941109455,0.85
"DMC","19C1aUYTGSotobi",4.51263849880987,5.19409310403416,34.3306609509092,0.71,0.0663854189355408,1.32348513403523,0.84
"DMC","18UYT17YrtMansa",4.63082557841738,15.9877975549367,30.8407362354786,0.42,0.129649122929715,2.74237501755214,0.64
"DMC","19PYT22HYLDKYK",10.4744887825492,37.4869334880247,30.7166645274456,0.44,0.199326895740915,6.00422176681654,0.65
"DMC","20PYT38Chitala",0,38.5418112824675,27.2727272727273,0,0.227634189122679,0,NA
"DMC","19pyt22USavannahKYK",0,90.6104154411765,30.59375,0,0.311140358176111,0,NA
"DMC","20Ayt13BestPerforming_Ilonga",3.74183333065711,8.15414583516776,33.49375,0.48,0.0852561001310863,1.95113317006031,0.69
"DMC","19C1bUYTnonGSset2umu",4.09214313715061,16.2285146082865,33.9944444444445,0.42,0.118503570911762,2.37314144150052,0.65
"DMC","18pyt48highDMIB",2.81053349668841,4.03925163828148,43.324021957748,0.52,0.0463897132086895,1.38181228648897,0.71
"DMC","18UYT17YrtKabangwe",3.35038355843968,10.1376392659825,30.435195908446,0.47,0.104614603912241,1.81029604128566,0.68
"DMC","19AYT30CBSDBLG",8.51201323268848,32.0414412531358,34.2703608042119,0.4,0.165172348799598,5.12941684981742,0.63
"DMC","21C1bUYT2GSumu",2.90440487989604,7.33214700072422,30.56,0.54,0.0886058164761587,1.32720745136607,0.74
"DMC","18C1aUYTnonGSset2umu",5.25073941202523,8.521829458481,36.5580205570845,0.52,0.0798516228076455,2.57635036983897,0.71
"DMC","21AYT16Chitala",5.18826559185482,11.8997144665959,23.6697393375217,0.52,0.145738667701173,2.57370854178465,0.71
"DMC","19AYT30CBSDKIL",0,22.5510844379501,33.8192307692308,0,0.14041709707302,0,NA
"DMC","19C1aUYTnonGSikenne",6.66789946966709,10.7371176032831,34.5628571428572,0.61,0.0948056496779983,2.60542444363545,0.78
"DMC","18C1aUYTnonGSset1kano",0,12.489490224359,33.816875,0,0.104505436610019,0,NA
"DMC","19C1bUYTnonGSset2onne",0,2.49050461538462,32.4280000000001,0,0.0486657601211639,0,NA
"DMC","19C1bAYTGSotobi",1.03908020562904,5.93278773645101,38.0905263157895,0.25,0.0639458598708686,0.781599760593703,0.5
"DMC","14ayt13mixedZA",21.2188264375106,12.3331074503676,30.5081987960637,0.82,0.115111758901894,4.08676698825541,0.9
"DMC","20C2bPYTnonGSOtobi",1.97050747308334,7.74702566221886,35.7779907914107,0.3,0.0777949756748961,1.3903539644463,0.54
"DMC","18C1aUYTnonGSset2kano",5.43912640629888,9.28451447862158,33.5005,0.52,0.0909553626768623,2.62025345359064,0.72
"DMC","18C1bAYTnonGSset3otobi",0.129611777439183,12.5319674140907,38.4985353099323,0.02,0.0919528980977077,0.12763504181553,0.12
"DMC","18pyt28VForestKYK",4.74117056009817,32.7027754571086,38.7805326021288,0.3,0.147461462529525,3.33071199675271,0.55
"DMC","18UYT17YrtRufunsa",2.39511009637138,9.81197317209169,26.5411764705882,0.42,0.118020651156481,1.38261672290781,0.65
"DMC","18C1bAYTnonGSset1Otobi",4.74576927414957,5.85244174511355,38.4931230186949,0.57,0.0628471230908565,2.10485841140509,0.75
"DMC","19AYT30Kabangwe",10.0231828154197,14.8349028769702,32.3147924811144,0.65,0.119190319067627,3.65953477721378,0.8
"DMC","18PYT28HYLD2KYK",4.68835116617371,31.7129861658937,38.8740300098667,0.3,0.144863509877868,3.29433477019361,0.55
"DMC","20AYT27Kabangwe",5.43892581969843,13.9002664442488,33.4810798388902,0.72,0.111355611204523,1.83084400579587,0.81
"DMC","19Ayt17BestPerforming_Ilonga",2.25913921062667,6.28233382059493,31.1206571978268,0.48,0.0805400222091516,1.19562015839075,0.69
"DMC","20C1bUYTGSUmudike",13.0623218544672,21.4692046507951,35.9825462093709,0.61,0.128770412269233,5.2591315105716,0.77
"DMC","20UYT14EVTMVZ",4.16819473132968,2.44653855189396,35.3614285714285,0.84,0.0442329831563892,0.68206577360937,0.91
"DMC","20C1bUYTGSonne",0.963144203994296,11.39003076208,33.4348913316667,0.19,0.100939821521357,0.782866740882721,0.43
"DMC","19AYT30CBSDMLG",7.50964765217035,6.36302707611675,38.5900000000001,0.77,0.0653667822769456,1.77166047109919,0.87
"DMC","18PYT28HYLDKYK",4.72488686480845,31.9300372205667,35.3582324475091,0.33,0.159811918757279,3.1843401705617,0.57
"DMC","18C1aUYTnonGSset1umu",9.39130967471387,17.7197369048521,36.6699638400981,0.51,0.114793726117111,4.64666027937637,0.71
"DMC","18pyt28USavannahKYK",4.58632761649818,31.669080638731,35.4201799308216,0.32,0.158879170931977,3.14652180264314,0.56
"DMC","19C1bAYTGSkano",0,39.0422390457112,29.6521052631579,0,0.210722943884414,0,NA
"DMC","18ayt28highTCMK",9.0680807554412,5.55080355205119,17.2196560788486,0.75,0.13682121903841,2.35762781109198,0.86
"DMC","14uyt16pdIB",9.49089551578405,7.5583678360189,39.2682424658542,0.79,0.0700120102699345,2.30780974065407,0.87
"DMC","19C1aUYTnonGSkano",0,29.717593015873,34.226,0,0.159276120624592,0,NA
"DMC","20AYT15Chitala",0,32.347452040404,23.1066666666667,0,0.24614030788285,0,NA
"DMC","20AYT15RefColMLG",3.96624893140688,2.41053649802731,42.5086666666668,0.83,0.0365240873482307,0.668152807806779,0.91
"DMC","19C1bAYTGSumu",7.86339536455798,5.08534471998597,35.3310526315789,0.76,0.0638268809522977,1.9213826565809,0.87
"DMC","19C1aUYTnonGSumu",0,21.1889308527132,32.2573333333333,0,0.142700685645442,0,NA
"DMC","19C1bUYTGSikenne",4.0962342055371,1.87929023540067,32.6259548271629,0.85,0.042017837589457,0.665149418660876,0.92
"DMC","19C1aUYTnonGSonne",2.77023042939347,5.66341425796436,33.1717647058824,0.59,0.0717415224492006,1.139046111514,0.77
"DMC","21C2aUYTGSotobi",0.717205269747266,2.58538100481229,38.6629411764706,0.45,0.0415879380266752,0.391439756821142,0.67
"DMC","20C1bUYTGSkano",3.71936472543939,8.59646223169929,31.5678571428571,0.56,0.0928784110977285,1.61853183274608,0.75
"DMC","17C1aAYTGSOtobi",12.8684942663139,7.94645248528602,40.9750690492116,0.73,0.0687965961811659,3.58078106863053,0.85
"DMC","20Ayt28Chambezi",0,16.7803404837719,32.7925925925926,0,0.124917887397525,0,NA
"DMC","20Ayt28WhiteFlesh-Chambezi_setA",2.42246092905098,13.2447141315924,33.6850326306535,0.26,0.108039936972933,1.80303979676368,0.51
"DMC","19C1bUYTGSotobi",1.93108639266824,6.02979661746985,36.3838888888889,0.49,0.0674904331097474,0.984860293310121,0.7
"DMC","20C2bPYTnonGSUmudike",1.62802782867215,14.7730076356727,35.1758333333334,0.18,0.109267263390529,1.33400538636839,0.42
"DMC","19C1bUYTnonGSset1umu",3.02095708337256,7.15533785413684,32.0598090005773,0.48,0.0834361279971886,1.64194533721448,0.68
"DMC","16.GS.C1.PYT.20.UB",0,26.5312151315789,31.788,0,0.162037437390924,0,NA
"DMC","17.GS.C2.res.AYT.14.IB",12.6739936321989,5.21794855437215,24.8571428571429,0.88,0.0918964401536626,1.52942540820386,0.94
"DMC","17.GS.C0.C1.AYT.20.setA.IB",5.18249097559439,6.99122040698887,30.25,0.69,0.0874079868881216,1.63154409714994,0.83
"DMC","17.GS.C1.PYT.20.IB",18.7026324469701,2.81052620238908,33.0500000000001,0.93,0.0507250350103152,1.30705469450928,0.96
"DMC","12uyt15yrt8AIB",1.71573806540347,12.9721190689784,28.1599999999999,0.35,0.127900667994035,1.12209117399367,0.59
"DMC","19C1bUYTGSkano",4.31133493082291,14.4672213237178,29.7861111111111,0.47,0.127696430477313,2.29989896234606,0.68
"DMC","17C1aAYTGSumu",5.96857578707416,7.53573727164415,32.5986865963876,0.56,0.0842098263266909,2.70239260267318,0.74
"DMC","18C1aUYTGSumu",6.75388541967265,8.27271051193025,32.4295050209257,0.69,0.08869182545708,2.11464770788621,0.83
"DMC","12CETearlyBulkingDrtkano",0,40.4589238434949,30.0426086956522,0,0.211723723088302,0,NA
"DMC","18C1bAYTnonGSkano",3.08730234865221,18.9271290027285,32.0362962962963,0.25,0.13580009363461,2.32787784786715,0.5
"DMC","Cycle C1b genotyped non-selected_Kano",3.0873023486522,18.9271290027285,32.0362962962963,0.25,0.13580009363461,2.32787784786715,0.5
"DMC","18C1aGSUYTAbuja",1.37147467392887,9.69818729387178,30.0320991352529,0.29,0.103695424699642,0.97356265925539,0.54
"DMC","18.GS.C3.PYT.24.MK",4.61190218834522,4.55518115224885,24.0625,0.67,0.0886976430566014,1.52464416776135,0.82
"DMC","19C1bUYTnonGSset1otobi",1.97931659181729,6.43164502176198,36.3510868159475,0.45,0.0697659694563162,1.1076682422114,0.66
"DMC","19.GS.C3.UYT.28.AG",5.74903788698029,2.01192626419945,35.7475101405443,0.84,0.0396789555586144,0.935429780271142,0.92
"DMC","19C1bUYTnonGSset1kano",6.6899459694295,25.3677208232956,34.9609038368221,0.38,0.144064863787243,4.1773307892544,0.61
"DMC","18AYT40NM",3.59488551000315,6.03547189653124,35.1725,0.54,0.0698477430714385,1.65587196600691,0.73
"DMC","16.GS.C1.ungenotyped.AYT.21.IK",5.31701506576706,2.41386078337029,32.8548944942749,0.86,0.0472885538221381,0.80388438455631,0.92
"DMC","16.GS.C1.ungenotyped.AYT.21.UB",3.53484707827299,6.14539697892926,32.652380952381,0.62,0.0759206847673171,1.34646015401527,0.79
"DMC","21.Intro.Lat.Ame.UYT.30.IB",5.3518806235322,3.42999432900928,33.8473333333333,0.76,0.0547169955305488,1.29879989005368,0.87
"DMC","20.GS.C1.C2.C3.UYT.30.MK",5.80425538547251,2.71977786240211,29.9893993988853,0.81,0.0549919283672576,1.1276260696851,0.9
"DMC","19.GS.C2.UYT.36.setA.AB",6.84726011185254,3.26988118601398,34.0200000000001,0.78,0.0531534767654875,1.57501856477206,0.88
"DMC","19C1bUYTnonGSset1ikenne",5.81046261150606,1.81708875744337,33.6385185185181,0.9,0.040072940354932,0.592438514801047,0.95
"DMC","21PYT58Chitala",2.5270445691586,41.7113097383996,24.3526782364728,0.12,0.265204068836444,2.22062961721667,0.35
"DMC","18C1bAYTGSset2umu",6.29798730168776,17.3317076758413,33.5656033982083,0.48,0.124029850136015,3.33240807151257,0.69
"DMC","17C1aAYTnonGSset2umu",0,15.9730767869846,35.9872340425532,0,0.111056970277678,0,NA
"DMC","19.GS.C2.UYT.36.setA.ZA",3.05521183204083,4.44304287043271,34.0173754686688,0.57,0.0619640004281137,1.31620200284023,0.75
"DMC","20.CMSSurveyVarieties.AYT.33.IB",15.8733097438387,2.19667819992398,31.1467079797041,0.94,0.0475851090522098,1.01174469031459,0.97
"DMC","21.GS.C3.C4.C4B.UYT.36.IB",4.1975054905686,4.50201601618264,36.1333333333334,0.64,0.058721276842867,1.50451621445602,0.8
"DMC","20C2aAYTGSUmudike",1.61767832338251,12.7761381643979,36.1279878406659,0.23,0.0989363822647268,1.25394697539296,0.47
"DMC","20C2a_bPYTGSUmudike",73.2088975268251,152.970692803738,35.7769520960938,0.48,0.345701112652156,38.4145745986884,0.69
"DMC","19.GS.C2.UYT.36.setB.AB",4.44437320817502,3.01857135079016,34.6361111111111,0.75,0.0501616251859285,1.12667335337591,0.86
"DMC","20C2aAYTGSOtobi",0,733.94188344734,34.9215232938889,0,0.775778351892414,0,NA
"DMC","20.GS.C2.UYT.36.setA.IB",8.74707310048199,4.14310305739945,32.8361111111112,0.81,0.0619885034489233,1.70646156027089,0.9
"DMC","20.GS.C2.UYT.36.setB.IB",2.87050007757816,3.5003174176937,33.725,0.62,0.0554755678253722,1.08725420805328,0.79
"DMC","17.GS.C1.C0.AYT.25.IB",4.76133086456918,5.44417028211745,31.12,0.72,0.0749766897019166,1.33065342742757,0.85
"DMC","18.GS.C1.C2.UYT.26.MK",16.4175811336228,7.59284584462512,27.7384615384614,0.87,0.0993390314255197,2.19289067707405,0.93
"DMC","20C2aAYTGSonne",2.76437518360871,13.7626894927413,33.1857387146057,0.34,0.111789281887493,1.82854882608414,0.58
"DMC","21.GS.C1.C2.C3.C4.40.UYT.IB",10.2266044710741,5.88280445740395,33.70275,0.78,0.0719659176486214,2.28436678907389,0.88
"DMC","20.GS.C4B.AYT.40.IK",7.6687181870513,2.76896147523524,33.8050000000001,0.85,0.0492240696326798,1.17275591760828,0.92
"DMC","20.GS.C4B.AYT.40.MK",5.87636543520675,2.87039741929503,34.5275,0.8,0.0490688501960959,1.15348124189835,0.9
"DMC","17.GS.C2.AYT.34.MK",5.95924838345459,8.11974057026062,24.9381310636658,0.68,0.114263408156828,1.89286941949209,0.83
"DMC","19crossingblockCETubiaja",0,52.6224040349384,33.7234042553192,0,0.215106698049162,0,NA
"DMC","18.GS.C1.UYT.34.MK",8.27866908688779,8.37641115591081,28.235294117647,0.75,0.102503023838744,2.08793997551515,0.86
"DMC","18.GS.C3.AYT.30.UB",8.4822448512677,5.62528485819803,29.0714285714286,0.82,0.0815841674900711,1.57681404592835,0.9
"DMC","20.GS.C4B.AYT.42.IK",12.093792132748,5.31867594885925,33.7261904761905,0.82,0.0683808471702484,2.17997675339608,0.91
"DMC","18.CMSSurveyVarieties.AYT33.IB",11.2787614329619,9.6589150849414,29.6882829207756,0.74,0.104683707175913,3.23262184631384,0.84
"DMC","21.GS.C4.AYT.45.IB",9.49381315231478,6.71377271857308,31.9977777777777,0.74,0.0809773386760158,2.47999354742125,0.86
"DMC","20.GS.C4B.AYT.60.IB",5.40973251908127,2.74037333001184,40.0610064723617,0.78,0.0413221595288656,1.24087440243826,0.88
"DMC","17.CASS.PYT.46.setC.IB",14.0932803515448,8.77490377351413,34.3333333333335,0.75,0.0862790215519452,3.52912851982376,0.87
"DMC","18.GS.C3.AYT.30.IK",7.96321001707634,2.88124072764795,31.9333333333332,0.89,0.0531551708259191,0.869144017275805,0.94
"DMC","18.GS.C3.AYT.30.MK",11.7524751657343,8.14058618890271,25.2466666666666,0.81,0.113011800286773,2.20452581356923,0.9
"DMC","17.GS.C1.UYT.34.UM",8.90492618779662,5.62066860733289,34.5654194877256,0.82,0.0685886347297016,1.63831226942013,0.9
"DMC","17C1aAYTnonGSsei1umu",4.78634921309931,19.082388952847,36.1044448949495,0.27,0.120991733685737,3.51391927339,0.52
"DMC","19.Hawaii.PYT.54.IK",10.8558912009721,4.44768313093316,37.4407880370347,0.82,0.0563276896510617,1.97667087703549,0.9
"DMC","18.GS.C1.UYT.34.OT",5.94563282921795,4.38057040173245,36.0588235294117,0.8,0.0580435249571353,1.17228759589636,0.9
"DMC","18.GS.C4.PYT.80.SETA.AG",9.24663463306256,2.02926988255283,37.6029837624968,0.9,0.037883282077779,0.970540096314533,0.95
"DMC","19.CASS.PYT.52.IK",57.5245901665015,5.66580465585851,27.8605999884818,0.95,0.085435887183352,2.79825319233908,0.98
"DMC","18.GS.C1.UYT.34.UM",9.55615007439844,5.86155666369173,36.5294117647059,0.83,0.0662771469617063,1.62218082757174,0.91
"DMC","17C1aAYTnonGSkano",5.90595953591319,14.5248801260346,30.7987262280967,0.39,0.123743821257501,3.68334318180038,0.61
"DMC","16.GS.C1.UYT.34.UB",4.13691907396608,9.49444453306542,37.4000000000001,0.56,0.0823878517098979,1.80535729720531,0.75
"DMC","17.GS.C1.UYT.34.UB",4.13691907396608,9.49444453306542,37.4000000000001,0.56,0.0823878517098979,1.80535729720531,0.75
"DMC","17C1bCETnonGSumu",1.73449016222435,27.2876504646352,37.8927616399293,0.11,0.137856362113612,1.55300532048405,0.32
"DMC","18.GS.C4.PYT.54.ON",8.29079631375981,3.96798189937429,37.0462484168396,0.8,0.0537700705856404,1.72119701682476,0.89
"DMC","17.GS.C1.UYT.34.MK",12.0860918734481,7.24033856259725,31.9735294117648,0.83,0.0841567312424491,2.03449369652746,0.91
"DMC","16.GS.C1.UYT.34.MK",11.996568205016,7.48844600642889,31.9791176470589,0.83,0.0855715452724021,2.06622526445105,0.91
"DMC","17.GS.C1.UYT.34.IK",12.852180372444,4.24173174654471,33.5235294117647,0.9,0.0614358489885193,1.30593551427737,0.95
"DMC","18.GS.C1.UYT.34.IK",7.37873560758632,2.94634216199898,32.7872623802243,0.88,0.0523523804984273,0.887999257953569,0.94
"DMC","18.GS.C2.UYT.36.setB.AG",4.15372622500973,3.24135602498742,31.4722222222222,0.79,0.0572052593392241,0.874555024392494,0.89
"DMC","18C1bAYTGSOtobi",2.18755567992799,13.1612429802612,34.4873390826342,0.3,0.105193466390836,1.54742529434487,0.54
"DMC","18.GS.C2.UYT.36.setA.AG",4.1640214557572,4.94576708706754,31.7777777777778,0.72,0.0699831209654544,1.18101154490758,0.85
"DMC","18.GS.C4.PYT.80.SETA.IK",0.795349964192783,11.4296880531816,34.8970785016906,0.12,0.0968786589319648,0.702724422240069,0.34
"DMC","19.GS.C4.PYT.80.SETA.AG",10.2764895805702,3.89584344114554,35.7178500244965,0.82,0.0552605799680593,2.00963748379342,0.9
"DMC","17.GS.C3.PYT.60.UB",12.3331830926852,9.51522830441162,31.6493191534492,0.74,0.0974642252024912,3.37287408426149,0.85
"DMC","18.GS.C3B.AYT.40.UB",6.99870403197326,3.05737507421456,36.9917891806679,0.86,0.0472681954864452,0.964470063818591,0.93
"DMC","19.Hawaii.PYT.60.IK",11.7874116125649,4.36258476429559,37.1222996016939,0.84,0.056264837342608,1.90898233253698,0.92
"DMC","20AYTintroLatAmeUmudike",1.14213140125885,11.8271380036056,33.5902357361368,0.19,0.102382747626256,0.924830861794951,0.44
"DMC","19.Hawaii.PYT.60.IB",24.7268918715353,2.69299358718315,34.369084566733,0.95,0.0477473963817248,1.31534510360716,0.97
"DMC","20AYTintroLatAmekano",0,143.922952935082,28.7889583333333,0,0.416714948043353,0,NA
"DMC","18C1bAYTGSset1umu",1.91733552907992,12.0937868661891,35.028879512311,0.3,0.0992784321033121,1.34851291047992,0.54
"DMC","18C1bAYTGSkano",4.20372040488333,13.643580545151,29.1865022955698,0.47,0.126555821481704,2.21607071811738,0.69
"DMC","14.GS.C0.PYT.88.IK",17.7122315202895,5.47923915481636,32.1766977192438,0.86,0.0727475979185292,2.58443577441417,0.92
"DMC","19.GS.C4B.PYT.78.MK",10.7352606492173,7.44891312386235,28.4202602676043,0.73,0.0960325373352284,2.89400707654231,0.85
"DMC","19.GS.C4.PYT.80.SETA.IK",15.7518711611798,4.79014810419996,36.3863157696867,0.86,0.0601501045525979,2.3579478759972,0.92
"DMC","19.GS.C4.PYT.80.SETB.IK",12.5744282523502,4.53298036688752,38.1590040072228,0.84,0.0557949494465882,2.00969043294539,0.92
"DMC","17.GS.C3.PYT.80.IB",13.5578699956772,4.71057476974765,32.9252389860574,0.87,0.0659186060353426,1.9235147404832,0.93
"DMC","19.GS.C4B.PYT.88.MK",12.3638055979968,7.281494732,29.615691393994,0.76,0.0911146883184183,3.05953072639561,0.87
"DMC","16.GS.C0.C1.AYT.58.IB",12.7132952644812,6.76340993575792,28.1547065910032,0.84,0.092370192734767,2.02717912916756,0.92
"DMC","16.GS.C0.C1.AYT.58.IK",13.0029953304504,3.37588692568788,30.2827586206903,0.92,0.060673424929406,1.04357000511251,0.96
"DMC","19.GS.C4B.PYT.88.AG",8.02625925653415,4.13928627724353,32.7305817758574,0.79,0.0621597139186694,1.65770541107787,0.89
"DMC","19.GS.C4B.PYT.135.IK",10.9973378535983,3.16260206279674,31.023958528968,0.86,0.0573224921810421,1.58134928686479,0.93
"DMC","19.GS.C4B.PYT.160.AB",8.05134405475059,5.54132776494385,35.8134045157251,0.75,0.0657296487378383,2.13668233139286,0.86
"DMC","19C2aPYTGSOtobi",2.96833187523467,13.3437291623062,37.217818011431,0.28,0.0981494118145976,2.15989975466648,0.52
"DMC","13NEXTgenC0IK",19.9563117870208,9.25033898469304,30.9433129895024,0.81,0.0982906062583087,4.12524156698492,0.89
"DMC","19C2aPYTGSumu",5.27283873437867,15.527156922883,33.846282450898,0.38,0.116421984187352,3.31792752740778,0.61
"DMC","19.GS.C4B.PYT.132.IK",12.3990832495949,3.44189006615021,36.2091064438258,0.89,0.0512366456679725,1.48020158678096,0.94
"DMC","19.GS.C4B.PYT.135.UB",0,13.9674444614171,33.2581395348837,0,0.112372624871654,0,NA
"DMC","19.GS.C4B.PYT.140.IB",6.96374623027567,4.18749271440154,37.8182939862007,0.78,0.0541096965812097,1.65082799131097,0.87
"DMC","16.GS.SelGain.PYT.571.IB",17.3828100518318,11.3826159789861,27.5494755598369,0.74,0.122463792909566,5.09080797508354,0.84
"DMC","19.GS.C4B.PYT.500.IK",11.6285457085905,5.95038214235923,37.2081517300929,0.81,0.0655593035503087,2.48340764995512,0.89
"DMC","20.GS.C4B.PYT.500.IK",17.1580578240345,9.42640566435178,33.778153096152,0.79,0.090894407508736,3.85110262239404,0.88
"FRWT","19C1bUYTGSumu",0.000759679641143974,0.00141397088415491,0.219247422878547,0.47,0.17150853456933,0.000426405134365872,0.66
"FRWT","19pyt57highTCIB",0,0.720625,-2.40000000000001,0,-0.353706809298949,0,NA
"FRWT","17ayt12highDMIB",0.000639608803791218,0.0123432626990815,1.34065814628952,0.08,0.0828699228634965,0.0005873245545474,0.29
"FRWT","15ayt15regionaltrialIB",0.00508815279110071,0.0109082699993252,0.836908645053195,0.55,0.124795775871731,0.00245527538296093,0.72
"FRWT","19ayt18highYldIB",0.00292513399543815,0.154652408483072,-0.892165127089402,0.03,-0.440791387522212,0.00283981662867378,0.17
"FRWT","18UYT11WrtKaoma",0.00276362391700672,0.00657225545960121,-0.23206801702208,0.44,-0.34933486058915,0.00157521852180599,0.66
"FRWT","17ayt7pdMK",0.0869758630257432,0.0528897874582616,1.42517932830411,0.75,0.161367621030795,0.0241992227863315,0.85
"FRWT","18ayt10highDMIB",0.225881953870715,0.0316895012462495,0.207071154413727,0.94,0.85968252204032,0.015694838700512,0.96
"FRWT","18ayt14wrthighDMIB",0.0296871247937188,0.00151863244720242,-0.35740728888718,0.98,-0.109034247900634,0.000795138761264307,0.99
"FRWT","15pyt30pdIB",0,1.92988040123457,0.807870370370373,0,1.71958448371322,0,NA
"FRWT","19pyt15yrthighDMIB",0.732213872311062,0.105731834959794,-5.12963579500859,0.92,-0.0633893580228335,0.0636675490870103,0.96
"FRWT","14uyt19yrtMK",0.0217741944179633,0.00363053231397158,0.163155793350557,0.9,0.369302845505026,0.00258648513460616,0.94
"FRWT","18ayt28highTCAG",0.0831745594300263,0.0222478177583162,0.748185935112026,0.88,0.199358230129412,0.01139109344615,0.93
"FRWT","19ayt12PDIB",0,0.0381435056957784,-0.289179361179357,0,-0.675371933816507,0,NA
"FRWT","19ayt28highDMIB",0.0596498768287707,0.0915456355945297,-0.325413410988255,0.57,-0.929786797150981,0.0281522255740589,0.73
"FRWT","21UYT(Y)12MANSA",0.00601154677485779,0.0114476513530782,0.0607405552032499,0.56,1.76148698950737,0.00277527712083588,0.73
"FRWT","15ayt14highDMIB",0.0317300728383873,0.0298879221288465,0.286262331733085,0.78,0.603925902571743,0.00745922229095077,0.87
"FRWT","19pyt15pdexpdIB",0.218843905779344,0.0330000033564658,-2.71204468224364,0.92,-0.066982314736029,0.020342950652607,0.95
"FRWT","18UYT17YrtKaoma",0.0126100780615451,0.00346831470843324,-0.0594117063489756,0.85,-0.99125918157419,0.00208353902786992,0.91
"FRWT","13uyt15umu",0.0112158551088349,0.00348827026234088,0.130601672551706,0.89,0.45222682912165,0.00159514380790026,0.93
"FRWT","19pyt20pdIB",1.52943878807062,0.61820840032138,-0.601562437693808,0.8,-1.30703356482791,0.327566415587122,0.89
"FRWT","21UYT-Y-12RUFUNSA",0,0.027164170579228,0.0919713608957789,0,1.7920313860469,0,NA
"FRWT","21PYT22WhiteKABANGWE",0.0174671387733015,0.0245504895192062,0.0898756521359036,0.56,1.74336379817046,0.00819796317746896,0.73
"FRWT","17uyt10pdZA",0.00822474654442842,0.0122319641665495,-0.27065608573679,0.67,-0.408630052423552,0.00272595917900531,0.82
"FRWT","18ayt12yrtpdIB",0.0203294657050752,0.059296943121729,0.487708808640464,0.47,0.499293086972092,0.0108953435480085,0.68
"FRWT","18UYT11WrtMansa",0,0.0229287982185881,0.467322791541533,0,0.324021392368009,0,NA
"FRWT","20Ayt9BestPerforming-Chambezi",0.00710418887147434,0.00942911237333389,0.0510769473032154,0.6,1.90112412373994,0.00283389627498465,0.78
"FRWT","17ayt28highDMIB",0.0780448292404501,0.051906277927853,0.945960112628639,0.77,0.240844714340574,0.0201864778093315,0.86
"FRWT","14uyt8pdIB",0.039248901489187,0.00589140933309521,-4.13667228673584,0.96,-0.0185548942022395,0.00141958119949386,0.98
"FRWT","18Pyt13Chambezi",0.116333080269491,0.0952379407756732,0.07818746362263,0.68,3.94700678814494,0.0384329572983937,0.82
"FRWT","14uyt21pdIB",0.0521026573130862,0.098923003375977,0.35213824614622,0.62,0.893172719595322,0.0215836024728694,0.77
"FRWT","18ayt10highDMIK",3.7988147506963e-17,0.16241441389518,1.22330582950885,0,0.32944069031157,3.7988147506963e-17,0
"FRWT","20C1bUYT2nonGS_set2Umudike",0,0.00821288219339595,0.131338660564032,0,0.690009728221726,0,NA
"FRWT","20UYTYrII16KABANGWE",0.0586519917253647,0.0252991652796469,0.159937477710256,0.83,0.994495571272084,0.0107980012153334,0.9
"FRWT","21PYT20YellowKABANGWE",0.0143363935089702,0.0226097520597421,0.0775168262293627,0.58,1.93977749693767,0.00632791497477041,0.75
"FRWT","18UYT11WrtKabangwe",0,0.0061088127812561,0.261587624457083,0,0.298786667028765,0,NA
"FRWT","18UYT11WrtRufunsa",0,0.0531411331643463,-0.0986493456588045,0,-2.33679813062574,0,NA
"FRWT","18C1aUYTnonGSset2onne",0,1.57290825565846,0.873413042511573,0,1.43592588040486,0,NA
"FRWT","18ayt20highYLDIK",0.00119957593757312,0.291452074623033,1.09602050839614,0.01,0.492566526399576,0.00118979850858275,0.09
"FRWT","19C1aUYTGSikenne",0.00145685307223529,0.0138108167941563,0.450980758901908,0.19,0.260586353719444,0.00117675312879999,0.44
"FRWT","20Uyt15BestPerforming-Chambezi",0.0215150709169013,0.0118490281255836,0.158299360588886,0.84,0.687641698752756,0.00348243099718989,0.92
"FRWT","20UYTYrII16MANSA",0.00429952118485886,0.0102203044825352,-0.12265481571408,0.54,-0.824227903213617,0.00200042372803698,0.73
"FRWT","18C1aUYTnonGSset1Onne",0.178426898395177,1.49842683536853,1.63172501034833,0.16,0.750189188359925,0.150240934361691,0.4
"FRWT","19C1bUYTnonGSset2ikenne",0.0135752787037663,0.0103098352416673,0.437562384469976,0.76,0.232052302599558,0.00367756265830847,0.85
"FRWT","14pyt21pdyrtIB",0.870957296322311,0.332886131628585,0.375011183904926,0.82,1.53852171863456,0.169473268627465,0.9
"FRWT","18C1aUYTnonGSset1ikenne",1.98859113821915,0.833932416258123,2.48215798690132,0.81,0.367905268832168,0.396730897815445,0.89
"FRWT","19.East-africa.PYT.16.UB",0.230416641798116,0.132491012855299,0.863199998173509,0.78,0.421678811668487,0.0514526953187781,0.88
"FRWT","18ayt12highTCMK",0.00443210825261584,0.0136559025650951,0.0181527727821276,0.46,6.43749986707032,0.00244781475283354,0.67
"FRWT","19C1aUYTGSotobi",0.00105226842139291,0.0193540831662896,-0.0605468513148077,0.13,-2.29770748231113,0.000912770180346992,0.36
"FRWT","18UYT17YrtMansa",0.00477112872217521,0.00999004573319001,-0.126383812710162,0.54,-0.790846660901664,0.00225124873467868,0.73
"FRWT","20Ayt13BestPerforming_Ilonga",0.052613645975608,0.0320938142223517,0.00704341368626181,0.77,25.4347498241316,0.0122965261972727,0.88
"FRWT","19C1bUYTnonGSset2umu",0.00157679878478705,0.00363632616810391,0.0469825138496305,0.56,1.28349790812288,0.000702987613798072,0.74
"FRWT","18pyt48highDMIB",0.430175602403575,1.10962334232209,1.61579044832033,0.38,0.651932685572077,0.271315291498314,0.61
"FRWT","18UYT17YrtKabangwe",0.00564614375250283,0.00964274057673554,0.102053092473074,0.61,0.962219318387358,0.00226719416474803,0.77
"FRWT","18C1aUYTnonGSset2umu",0.0306942725655512,0.123105625112101,0.17628604700301,0.3,1.99031130368558,0.021502933702201,0.55
"FRWT","19C1aUYTnonGSikenne",0.00260444638076259,0.0133726995192327,0.318234688398283,0.33,0.363380841261735,0.00174268615834972,0.58
"FRWT","21UYT14RUFUNSA",0,0.0299054180084971,0.149676814801519,0,1.1553681894798,0,NA
"FRWT","18C1aUYTnonGSset1kano",0.0901473688160746,0.351978453292904,1.62509722445433,0.32,0.365072139240945,0.0618911094406586,0.56
"FRWT","19C1bUYTnonGSset2onne",0.00317988568062265,0.0192607647714636,0.320364410183044,0.32,0.433204041914233,0.00215299610188172,0.57
"FRWT","19C1bAYTGSotobi",0.0706408371686309,0.0522392965432003,0.254641943687434,0.72,0.897570807997246,0.0202227972053919,0.84
"FRWT","14ayt13mixedZA",0.0243510054509477,0.00710386851940165,0.0508730094017876,0.91,1.65676163128888,0.00230297247597378,0.95
"FRWT","21UYT-W-13KAOMA",0.00100670954875961,0.00898608766869695,0.171712525377413,0.24,0.55205627436991,0.000762405018919293,0.49
"FRWT","20C2bPYTnonGSOtobi",0.0226195215108965,0.133923252224631,0.554961323777194,0.21,0.659424799870097,0.0178640210880241,0.46
"FRWT","18C1aUYTnonGSset2kano",0.158987022602959,0.436244572200281,0.822763928811645,0.41,0.802767487288065,0.095029343010605,0.63
"FRWT","18C1bAYTnonGSset3otobi",0.0258935025604972,0.115238309243803,0.294283349662569,0.25,1.15354023771228,0.0196405263440142,0.49
"FRWT","18UYT17YrtRufunsa",0.00492066449603096,0.0329600885933003,-0.0278593188650317,0.31,-6.51663941817431,0.00339854278466874,0.56
"FRWT","18C1bAYTnonGSset1Otobi",0.00458446607060459,0.0615195355007049,-0.00734843585207216,0.11,-33.7529407059334,0.00409043881402819,0.33
"FRWT","20C1bUYTGSUmudike",0.00150130198853369,0.00105498194084682,0.0776561345758853,0.79,0.418260395219951,0.00032688370863174,0.88
"FRWT","20C1bUYTGSonne",0.00493939760760642,0.00795819413757368,0.120515591741596,0.63,0.740225474720372,0.00187583772586087,0.79
"FRWT","18C1aUYTnonGSset1umu",0.0328219425555324,0.160841204934437,0.106311192715814,0.28,3.77241678380809,0.0235283766809463,0.53
"FRWT","19C1bAYTGSkano",0.106485724438863,0.0867657448677402,0.625784123403162,0.7,0.470705864455265,0.0326126170802018,0.83
"FRWT","18ayt28highTCMK",0.0283634159606302,0.0178077697062222,0.0499216861844164,0.81,2.67310192962242,0.00568250722234549,0.89
"FRWT","14uyt16pdIB",0.0301675129482663,0.028365049626824,0.518539280355495,0.76,0.324795582063712,0.00823217614245384,0.85
"FRWT","19C1aUYTnonGSkano",0.000794469261935029,0.00122151129496195,0.00977284025798859,0.66,3.57625059851599,0.000269202485606759,0.81
"FRWT","19C1bAYTGSumu",0.00526459816967955,0.0246439493997107,0.312250763214311,0.3,0.502749498017818,0.00368862347046993,0.55
"FRWT","19C1aUYTnonGSumu",0.000551484935268257,0.00146856462757456,0.0771091350980019,0.5,0.49698204621448,0.000277473234950843,0.7
"FRWT","19C1bUYTGSikenne",0.0185644929529517,0.0129355630049488,0.117159796454976,0.78,0.970764886977741,0.00419969333403,0.88
"FRWT","19C1aUYTnonGSonne",0.00613690370832165,0.00324977891911099,0.146106259118132,0.85,0.390173785561251,0.000942146722269797,0.92
"FRWT","20C1bUYTGSkano",0.00501986604958485,0.0268389973802923,0.35923161102508,0.36,0.456045944507781,0.00321557727778306,0.6
"FRWT","17C1aAYTGSOtobi",0.162820669312977,0.14423399993906,0.094369463026628,0.66,4.02441111644881,0.0576741031386579,0.8
"FRWT","20Ayt28Chambezi",0.00334506679789403,0.00685193688306905,0.0576447649282961,0.48,1.43597475331393,0.00175200503664347,0.69
"FRWT","20Ayt28WhiteFlesh-Chambezi_setA",0.00669479757745184,0.0807473402491563,0.198080165518678,0.14,1.43457455243641,0.00578966805089802,0.37
"FRWT","19C1bUYTGSotobi",0.0024635013007888,0.0141650546662605,0.241073159373546,0.34,0.493696749579334,0.00161886923435453,0.59
"FRWT","20C2bPYTnonGSUmudike",0,0.148799068057084,0.19532331948439,0,1.97490408969792,0,NA
"FRWT","19C1bUYTnonGSset1umu",0.000379183242996584,0.000805548312250759,0.0775646920432436,0.51,0.365916272720015,0.000196427056132025,0.69
"FRWT","16.GS.C1.PYT.20.UB",0.0890213805526608,0.40088404689243,1.6875,0.31,0.37520239806309,0.0616438050594477,0.55
"FRWT","17.GS.C2.res.AYT.14.IB",0.0760527723768569,0.0807020565601937,0.420398718491708,0.74,0.675742007350465,0.0198718115392223,0.86
"FRWT","17.GS.C0.C1.AYT.20.setA.IB",0.165962895046667,0.131293811807756,0.612007970318615,0.79,0.592059086191693,0.0352524853446124,0.89
"FRWT","17.GS.C1.PYT.20.IB",0.394295395338171,1.10378750145445,1.83845469284974,0.42,0.57146522083336,0.229984845559217,0.65
"FRWT","12uyt15yrt8AIB",0.00869638726692958,0.0172569705727158,0.0452677135783131,0.67,2.901975355458,0.00288366705131136,0.82
"FRWT","13AYT25umu",0.099385332052497,0.0372811701017192,0.368281615067327,0.89,0.524281735351545,0.0112181353506683,0.94
"FRWT","21.GS.C4C.AYT.28.IK",0,0.0792804250926127,2.14076160735638,0,0.131526928279514,0,NA
"FRWT","19C1bUYTGSkano",0.000829455463356373,0.00188409980607292,-0.00161735547883774,0.56,-26.837772577776,0.000362061702999218,0.75
"FRWT","17C1aAYTGSumu",0.0531731573072524,0.428037391530862,-0.310794481285786,0.17,-2.1050749142403,0.0441600670537412,0.41
"FRWT","18C1aUYTGSumu",0.0662874305901056,0.099216561444769,0.169519086365906,0.65,1.8581188226982,0.0236584051105461,0.8
"FRWT","12CETearlyBulkingDrtkano",0.0288074000162697,0.0267649696314965,-0.0288557661170225,0.73,-5.6695784396312,0.00866463024827825,0.84
"FRWT","18C1bAYTnonGSkano",0.0497487485419582,0.281034676475892,0.939147057098242,0.26,0.564477132784679,0.0367409759883872,0.51
"FRWT","18C1aGSUYTAbuja",0.264073132957808,0.32694136317514,0.33425909321513,0.7,1.71061274664802,0.079526306597979,0.84
"FRWT","18.GS.C3.PYT.24.MK",0.265087184099295,0.0841223672553783,1.38541666666667,0.86,0.209351142257766,0.0363012859559075,0.93
"FRWT","20.GS.C1.C2.C3.UYT.30.IK",0.0263024223925744,0.0387117185818562,-0.0965655456632137,0.58,-2.03750661349273,0.0111503536285112,0.76
"FRWT","19C1bUYTnonGSset1otobi",0.00755199838654142,0.0108610534301528,0.141446431860584,0.66,0.736790434126878,0.00262898345941309,0.81
"FRWT","19.GS.C3.UYT.28.AG",0.0322318936269424,0.0640976226555508,0.269548575550466,0.49,0.939255874344252,0.0167421763266787,0.69
"FRWT","19C1bUYTnonGSset1kano",0.00243154949362771,0.00366892821908982,-0.0207810023857654,0.6,-2.91476210980878,0.000997396482472523,0.77
"FRWT","16.GS.C1.ungenotyped.AYT.21.IK",0.101762595345641,0.0706406772172666,1.7135047881268,0.8,0.155110823905621,0.0201868410442134,0.9
"FRWT","20.GS.C1.C2.CMSSurveyVarieties.AYT.40.MK",0.057391553946606,0.0383521945182077,0.0106297990837472,0.75,18.4234115554339,0.0142114594511502,0.87
"FRWT","16.GS.C1.ungenotyped.AYT.21.UB",0.03055767131578,0.0709472139424223,-0.359458607600635,0.56,-0.74100098472603,0.013331561962221,0.75
"FRWT","21.Intro.Lat.Ame.UYT.30.IB",0.0226536263946004,0.0137129100936489,0.742857142857143,0.77,0.157637489837438,0.00526340706075104,0.88
"FRWT","20.GS.C1.C2.C3.UYT.30.MK",0.00522892751548806,0.00530114220790647,0.0852283243368042,0.66,0.854281059176744,0.00178906875537602,0.81
"FRWT","19.GS.C2.UYT.36.setA.AB",0.0218504563971108,0.0974525333398611,-0.00384857279109276,0.28,-81.1141948264025,0.0158749963798445,0.52
"FRWT","19C1bUYTnonGSset1ikenne",0.00236540936211976,0.00207020718038913,0.0941901463575221,0.76,0.483060396569379,0.000568627257251024,0.87
"FRWT","18C1bAYTGSset2umu",0.0365492845065644,0.118543892724953,0.550738901096177,0.45,0.625163823322776,0.0205371705243882,0.66
"FRWT","19.GS.C2.UYT.36.setA.ZA",0.00151237509033808,0.0339753719041144,-0.0772436698545017,0.08,-2.3862679633644,0.00139212074949892,0.28
"FRWT","20.CMSSurveyVarieties.AYT.33.IB",0.159947873751599,0.0556040902136122,0.230083452281398,0.86,1.02486812127582,0.0233446246090038,0.92
"FRWT","21.GS.C1.C2.C3.C4.40.UYT.MK",0.00241169910744145,0.00346460538713791,0.0838395279221311,0.58,0.702066198193874,0.00100815420950831,0.76
"FRWT","21.GS.C4.AYT.45.IK",0.453268038646302,0.701933127706981,0.356894263040171,0.56,2.34751460465944,0.19953011129671,0.75
"FRWT","21.GS.C3.C4.C4B.UYT.36.IB",0.0165455169218362,0.011495797388328,-0.315634035432962,0.74,-0.339692315602395,0.00440575830214517,0.86
"FRWT","20C2aAYTGSUmudike",0.0845442804549151,0.120400428996298,0.173150638307631,0.62,2.00396402243869,0.0337496512523789,0.78
"FRWT","20C2a_bPYTGSUmudike",0.0417777304036191,0.193601553992376,0.320894989596762,0.29,1.37117057031583,0.0296144984691583,0.54
"FRWT","19.GS.C2.UYT.36.setB.AB",0.0778761476753162,0.0790209056530171,0.640758806653488,0.66,0.438708872293132,0.0262118661404456,0.81
"FRWT","20C2aAYTGSOtobi",0.00772036492413052,0.0511475272053041,0.0697088165647389,0.29,3.24432692751186,0.005491941353643,0.54
"FRWT","20.GS.C2.UYT.36.setA.IB",0.12066671441474,0.10327494252669,1.54747841576161,0.7,0.207669578192753,0.03616234842765,0.84
"FRWT","20.GS.C2.UYT.36.setB.IB",0.122662823411004,0.193918659616381,0.872017624100603,0.56,0.504992046199,0.0541534857753681,0.75
"FRWT","17.GS.C1.C0.AYT.25.IB",0.0518294968360852,0.156228751933805,2.2564440509369,0.5,0.175168460095041,0.0261835087716872,0.7
"FRWT","18.GS.C1.C2.UYT.26.MK",0.0146755548168477,0.0120599152355049,0.0611428031370779,0.78,1.7960845715213,0.00315558460002181,0.89
"FRWT","20C2aAYTGSonne",0.0381966791301946,0.189651554886444,0.421205504202785,0.34,1.03391340481421,0.025243111049113,0.58
"FRWT","21.GS.C1.C2.C3.C4.40.UYT.IB",0.00898753094645671,0.0203396276407971,0.299962373674826,0.47,0.475449852912449,0.00477109524012283,0.68
"FRWT","20.GS.C4B.AYT.40.IK",0.0803375511323751,0.107649403468477,-0.336788665578323,0.6,-0.97420049661637,0.0322307104671114,0.77
"FRWT","20.GS.C4B.AYT.40.MK",0.0468428440921725,0.0586657017833388,1.06796875,0.61,0.226795059784422,0.0180376977379579,0.78
"FRWT","17.GS.C2.AYT.34.MK",0.0168761426174996,0.0436911011799961,0.224906989746316,0.53,0.929380471195013,0.00796345802730122,0.73
"FRWT","19crossingblockCETubiaja",1.0054396276972,1.47283087659658,1.50508431947305,0.56,0.806335181303756,0.445365022832265,0.75
"FRWT","18.GS.C3.AYT.30.UB",0.0136835182616836,0.0114296785955742,0.473177518700052,0.78,0.225939886647117,0.00298013567610112,0.88
"FRWT","20.GS.C4B.AYT.42.IK",0.166957436316034,0.141985100681907,0.744215453611831,0.7,0.506317225661676,0.0498118716835595,0.84
"FRWT","18.CMSSurveyVarieties.AYT33.IB",0.171933964490385,0.121148646669335,-0.141917772685149,0.78,-2.45257612923844,0.0421827883564595,0.87
"FRWT","21.GS.C4.AYT.45.IB",0.132168123443195,0.0756013206680777,0.475299907833309,0.78,0.578491471946533,0.0293938818072117,0.88
"FRWT","20.GS.C4B.AYT.60.IB",0.100786515858444,0.151799320230608,-0.0365057601042245,0.57,-10.6726807304456,0.0435831208412818,0.75
"FRWT","17.CASS.PYT.46.setC.IB",0.293292894636161,0.249898866936151,0.662771843117692,0.7,0.754254819206939,0.0897236107513781,0.83
"FRWT","18.GS.C3.AYT.30.IK",0.0847368762936871,0.0806012308569472,1.238226989181,0.76,0.229282321866862,0.020629613525528,0.87
"FRWT","18.GS.C3.AYT.30.MK",0.0346967803121599,0.0652362452775334,0.968750000000002,0.61,0.263653027681088,0.01336758580796,0.78
"FRWT","17.GS.C1.UYT.34.UM",0.00812831047199488,0.0179626818607136,-0.284244696797151,0.57,-0.471512508438087,0.0035591621916657,0.75
"FRWT","19.Hawaii.PYT.54.IK",0.339383421381752,0.473375255496554,0.481255764163229,0.58,1.42964046481963,0.145149345053329,0.76
"FRWT","18.GS.C4.PYT.80.SETA.AG",0.541510803581171,0.444984023187554,0.156510939590559,0.7,4.26213803148013,0.162026362460171,0.84
"FRWT","19.CASS.PYT.52.IK",0.226330526555477,0.122363251025501,-0.950394227700745,0.78,-0.368062620306721,0.0506142457579493,0.88
"FRWT","18.GS.C1.UYT.34.UM",0.00168926087005719,0.0346769461166409,0.151111368530435,0.13,1.23231939308412,0.00147386609606937,0.36
"FRWT","17C1aAYTnonGSkano",25.3794802174085,62.8338105264958,3.30939440451956,0.38,2.39523522985514,15.9061484194191,0.61
"FRWT","16.GS.C1.UYT.34.UB",0.0121092438993935,0.0229023508706751,0.427510292040808,0.61,0.353992008187204,0.00468225166223755,0.78
"FRWT","17.GS.C1.UYT.34.UB",0.0116077680944476,0.023049830476622,0.438630825169282,0.6,0.346126394905687,0.00462316561732281,0.78
"FRWT","17C1bCETnonGSumu",5.472104471455,53.7252711215406,8.39757823267001,0.16,0.872841223587146,4.61135906857422,0.4
"FRWT","18.GS.C4.PYT.54.ON",0.269944193867127,0.258993377310578,0.540157999271676,0.67,0.942157516946067,0.0883416213877432,0.82
"FRWT","17.GS.C1.UYT.34.MK",0.0108079940620968,0.0145377358987948,0.314229892846119,0.69,0.383708031957411,0.00337520182087196,0.83
"FRWT","16.GS.C1.UYT.34.MK",0.0102676950284551,0.0145772561020604,0.307842155733122,0.68,0.392201996661014,0.00329823038106895,0.82
"FRWT","17.GS.C1.UYT.34.IK",0.032900749902223,0.0323607943167205,0.810142672057483,0.75,0.222048620031748,0.00812352870624381,0.87
"FRWT","18.GS.C2.UYT.36.setB.AG",0.00882606329256256,0.0296068196220018,0.681010251322751,0.47,0.252663338017451,0.00470754867548855,0.68
"FRWT","18C1bAYTGSOtobi",0.00837060869608788,0.0611071625028096,0.200639138281808,0.26,1.23205587788553,0.00620773260042937,0.51
"FRWT","18.GS.C2.UYT.36.setA.AG",0.0193774428113214,0.0146109587054111,0.674603174603172,0.8,0.179180595683506,0.00389208445021493,0.89
"FRWT","18.GS.C4.PYT.80.SETA.IK",0,2.15977485740753,0.81200688447158,0,1.80985811415236,0,NA
"FRWT","19.GS.C4.PYT.80.SETA.AG",0.335086619286585,0.56268666990359,-1.79522968147659,0.51,-0.417843156237526,0.169171688718235,0.7
"FRWT","17.GS.C3.PYT.60.UB",0.204407754603871,0.373831370120112,0.174195195307624,0.54,3.5099562175841,0.0945898660636132,0.73
"FRWT","19.Hawaii.PYT.60.IK",0.371987226312806,0.446373081827733,0.169352696453705,0.63,3.94508970253275,0.139492946222678,0.79
"FRWT","20AYTintroLatAmeUmudike",0.0128006037852341,0.0815509069649788,0.197590318364682,0.28,1.44526916388298,0.00928497807991335,0.52
"FRWT","19.Hawaii.PYT.60.IB",0.36126554063959,1.07890111176865,0.473822152036185,0.4,2.19217620509093,0.216366619262148,0.63
"FRWT","18C1bAYTGSset1umu",0,0.364994119012992,0.364527375585124,0,1.6573444739257,0,NA
"FRWT","18C1bAYTGSkano",0.0766313076089398,0.121623600183962,0.311538969888099,0.65,1.11942898524484,0.0272373566845886,0.8
"FRWT","14.GS.C0.PYT.88.IK",1.04355874255124,1.42338522846561,1.01473824083818,0.58,1.17572891760016,0.439398097878956,0.76
"FRWT","19.GS.C4B.PYT.78.MK",0.085438366764145,0.152240907295293,-0.0249481576733922,0.52,-15.639656188918,0.0408191402727658,0.72
"FRWT","19.GS.C4.PYT.80.SETA.IK",0.224084082670921,0.124920250680179,-0.262267663978429,0.78,-1.34763311903466,0.0504331819679575,0.88
"FRWT","19.GS.C4.PYT.80.SETB.IK",0.157063101065294,0.236388300458236,0.416159100937267,0.57,1.16829789047223,0.0677829365288387,0.75
"FRWT","17.GS.C3.PYT.80.IB",0,1.33853034182107,0.915985715566176,0,1.26306415135002,0,NA
"FRWT","19.GS.C4B.PYT.88.MK",0.0714952700770969,0.147640495261269,0.359769849816204,0.49,1.06801654809415,0.0365888896167287,0.7
"FRWT","16.GS.C0.C1.AYT.58.IB",0.127595306562859,0.156270883774506,0.435010352309762,0.71,0.908739575177688,0.0369894808746673,0.84
"FRWT","16.GS.C0.C1.AYT.58.IK",0.115729746319041,0.0873986019431668,1.28286637931034,0.8,0.230446872910078,0.0232740474527961,0.89
"FRWT","19.GS.C4B.PYT.88.AG",0.451733694533759,0.814870218328952,0.0452453189843344,0.53,19.9512710319174,0.214221194197687,0.73
"FRWT","15CETtp1set2umu",0.201479074139041,2.57981150734603,-0.299498917526915,0.12,-5.36288804451038,0.177078481828909,0.35
"FRWT","13NEXTgenC0IB",0.142867605095772,1.02449421380305,-0.126792032514228,0.22,-7.98293864113094,0.11235182104875,0.46
"FRWT","19.GS.C4B.PYT.135.IK",0.812134933714589,1.01245534038495,1.25726191758967,0.6,0.800317248149925,0.327267963662001,0.77
"FRWT","19.GS.C4B.PYT.160.AB",0.085466701265057,0.174975964707393,0.707678373506944,0.52,0.591089540490403,0.0429156771548761,0.71
"FRWT","19C2aPYTGSOtobi",0.0881457246548106,0.808818567390885,0.611408411887393,0.16,1.47093725169362,0.07429594160584,0.4
"FRWT","13NEXTgenC0IK",0.0211078488333629,0.21217934818132,0.395146285242158,0.16,1.16571840110448,0.0176985616705797,0.4
"FRWT","19C2aPYTGSumu",0.0100395223323993,0.0172692039012544,0.173370892312572,0.5,0.75798388806487,0.00507947159495071,0.7
"FRWT","19.GS.C4B.PYT.132.IK",0.374673938878183,0.163093950536411,0.508601103213134,0.84,0.794038624539977,0.0637766817581136,0.91
"FRWT","19.GS.C4B.PYT.135.UB",0.00423320802661576,0.579824896013778,0.745492312927616,0.01,1.02142212240779,0.00417318166959174,0.12
"FRWT","19.GS.C4B.PYT.140.IB",0.558998244292486,0.743512757028327,1.03803181577912,0.61,0.830679604277788,0.225281219416278,0.77
"FRWT","13CET518TP1Otobi",0.135757976250332,2.14309962690426,-0.0116856809467982,0.12,-125.275791613215,0.120306300901352,0.34
"FRWT","13TP1CET518kano",0.0370049325790797,0.143297775323205,0.126026873107796,0.33,3.00370005895501,0.0252611350593109,0.56
"FRWT","13CET518TP1umu",0.734399931472254,2.85608357166374,1.06258810302663,0.39,1.59045177969223,0.452341824593472,0.62
"FRWT","16.GS.SelGain.PYT.571.IB",0.487807488298703,0.427022986262265,0.406205260826055,0.69,1.60871859922557,0.168738816070258,0.81
"FRWT","19.GS.C4B.PYT.500.IK",0.72477204869357,0.495078939409419,1.20075080262235,0.72,0.585982087204012,0.225617708877116,0.83
"FRWT","12CET500TP1umu",0,3.4449539657436,-0.121978641080002,0,-15.2162600095992,0,NA
"FRWT","20.GS.C4B.PYT.500.IK",0.0873955557049923,0.0561325376272285,0.24531693223151,0.77,0.965783570337723,0.0211811196831723,0.87
"FTWT","20Ayt3-special-NM",0.000482097821831178,0.019610645930828,1.22725611884438,0.05,0.114106594271374,0.000459505345580714,0.22
"FTWT","20Tz7Pyt_Namulonge",0.0451187870591225,1.18232244975673,3.96595002626667,0.07,0.274170504063725,0.041919401713844,0.27
"FTWT","19C1bUYTGSumu",2.13826947589316e-05,5.45249691142495e-06,-0.175079909995782,0.87,-0.0133370997533347,3.45479458671509e-06,0.92
"FTWT","19pyt57highTCIB",0,2.480625,-0.116666666666688,0,-13.4999999999975,0,NA
"FTWT","20Ayt11_Namulonge",0,0.0476701218947618,1.25486478410278,0,0.173990765783478,0,NA
"FTWT","20Ayt9-Serere",0.0316853171263637,0.0357973354705579,0.25336578351568,0.72,0.746753706400422,0.00897583308629633,0.85
"FTWT","17ayt12highDMIB",0.211501076499317,0.0365716649274348,1.75602605258164,0.91,0.108903393078323,0.0226793021918707,0.94
"FTWT","15ayt15regionaltrialIB",0,0.00281781226903177,0.941703621581659,0,0.0563691890925058,0,NA
"FTWT","19ayt18highYldIB",0.232573514081151,3.08679417423442e-06,-0.103939809742796,1,-0.0169033163093006,2.36651466033545e-06,1
"FTWT","17ayt7pdMK",0,0.0191115702479339,1.63636363636364,0,0.0844828129208086,0,NA
"FTWT","18ayt10highDMIB",0.132179489321998,0.0126795929557573,-0.230660915565782,0.96,-0.488178495263803,0.00645263010394373,0.98
"FTWT","18ayt14wrthighDMIB",0.0720253292281606,0.16779845431497,-0.311878077017712,0.49,-1.31343664874417,0.0380291193313268,0.69
"FTWT","15pyt30pdIB",1.05395455241335,0.0709139272182426,0.948524190060968,0.95,0.280748443743528,0.057260395142677,0.97
"FTWT","19pyt15yrthighDMIB",1.00221541339864,0.479249820436303,-7.02836226782912,0.78,-0.0984978704116199,0.236995954242085,0.87
"FTWT","14uyt19yrtMK",0,0.0525682378391423,0.11239528389699,0,2.03992227802063,0,NA
"FTWT","18ayt28highTCAG",0.0331667051801447,0.0070877580458688,0.516793052455398,0.9,0.162906260753067,0.00374901306422631,0.94
"FTWT","19ayt12PDIB",0,0.0261312486039759,0.531238329238337,0,0.30429210090514,0,NA
"FTWT","19ayt28highDMIB",0.0168663485076021,0.0358341960815364,3.9298602113213,0.48,0.0481694547615876,0.0092305045206422,0.67
"FTWT","15ayt14highDMIB",0,0.145259611583002,1.05029461279461,0,0.362878553229429,0,NA
"FTWT","19pyt15pdexpdIB",0,0.101273425678035,-1.1877080665814,0,-0.267940303060168,0,NA
"FTWT","20Pyt27YellowFlesh-NM",0.0932392716644043,0.2641998727967,-0.0915363980086234,0.4,-5.61529379001494,0.0557155371370664,0.63
"FTWT","13uyt15umu",0.00475897610371196,0.00351848163309464,0.151291349198286,0.77,0.392069941846677,0.0012970345287941,0.85
"FTWT","19pyt20pdIB",1.26653518624952,0.812979852711727,-0.473200317135481,0.72,-1.90543818615606,0.379811534234737,0.84
"FTWT","21UYT-Y-12RUFUNSA",0,0.027164170579228,0.0919713608957789,0,1.7920313860469,0,NA
"FTWT","17uyt10pdZA",0.00342103589850808,0.00449184806066917,-0.0061243415330979,0.7,-10.9434215011959,0.00104146523514602,0.83
"FTWT","18ayt12yrtpdIB",0.0336495340159758,0.0588179000947957,1.54017623824982,0.6,0.157465109252713,0.0138045959144666,0.77
"FTWT","20Ayt9BestPerforming-Chambezi",0.0150951444426567,0.00302572541526767,0.18706849232393,0.91,0.294045210957741,0.00137505246035747,0.95
"FTWT","20Pyt36WhiteFlesh-Serere",0.298723876117121,1.20570956802403,-1.07206754318027,0.33,-1.02423404085252,0.200818378319387,0.57
"FTWT","17ayt28highDMIB",0.0784577194013328,0.0213420753993872,0.867075391595749,0.89,0.168485086113819,0.0100434190623745,0.93
"FTWT","14uyt8pdIB",0.0232812258292692,0.00711128537266036,-0.169698850207613,0.93,-0.496929928550137,0.00165169329422275,0.96
"FTWT","18Pyt13Chambezi",0.0832265786917744,0.098452335073437,0.0785414870108498,0.58,3.99497339228108,0.0356543912357306,0.76
"FTWT","14uyt21pdIB",0.00971952076445742,0.0317541583308234,0.161316880008815,0.49,1.10463929737515,0.00523665608345256,0.68
"FTWT","18ayt10highDMIK",0.0519090055872706,0.0522066853467087,0.5444662112594,0.75,0.419654734244772,0.0130329864465205,0.87
"FTWT","20C1bUYT2nonGS_set2Umudike",0,0.00903511962776706,0.255914284396997,0,0.371426106599788,0,NA
"FTWT","18C1aUYTnonGSset2onne",0.144921443426516,0.315317434222512,1.64187988329462,0.43,0.342005121935239,0.0834367065025812,0.65
"FTWT","18ayt20highYLDIK",0.0766217093978863,0.144166827025475,1.77311567169385,0.52,0.214138916913498,0.0393420387943866,0.7
"FTWT","19C1aUYTGSikenne",0,0.00131810198375887,0.273809523809524,0,0.132594636442193,0,NA
"FTWT","20Uyt15BestPerforming-Chambezi",0.00370989519098624,0.00202411846398696,0.204862222830332,0.84,0.219612007853937,0.000595799823079318,0.92
"FTWT","18C1aUYTnonGSset1Onne",0.367256201695102,0.559641205044366,1.15004149728717,0.51,0.65049105683969,0.18398595895713,0.71
"FTWT","19C1bUYTnonGSset2ikenne",0,0.0140022239060739,0.369352103003699,0,0.320374493728093,0,NA
"FTWT","14pyt21pdyrtIB",1.35382909981967,0.931253986060483,0.589572781969763,0.71,1.63680388253881,0.406838916018816,0.84
"FTWT","18C1aUYTnonGSset1ikenne",0.191413040800202,0.338737495078086,2.62083395128337,0.5,0.222071143923186,0.096810968035805,0.7
"FTWT","19.East-africa.PYT.16.UB",0.211256230849768,0.104655065405589,0.0292051427621725,0.8,11.0769652482816,0.0419392954234676,0.9
"FTWT","20Pyt62WhiteFlesh_Namulonge",1.23668266851953,1.86356642138083,-0.500243570519715,0.57,-2.72892074480823,0.531398791434132,0.76
"FTWT","18ayt12highTCMK",0.0192398818263363,0.0394922832562386,-0.112864259512883,0.57,-1.76075805996642,0.00840365904531405,0.75
"FTWT","19C1aUYTGSotobi",0.0149816161558738,0.0147791653690784,0.047552679152023,0.74,2.55652452839163,0.00393301831122921,0.86
"FTWT","20Ayt13BestPerforming_Ilonga",0.00616652856005118,0.0150571107610944,0.0796202565560748,0.45,1.54115830126254,0.00338990633218732,0.67
"FTWT","19C1bUYTnonGSset2umu",0.0012761534859787,0.00133289863403329,0.0309071760861399,0.74,1.18124296489322,0.000340386035500552,0.86
"FTWT","18pyt48highDMIB",0.117492377704972,0.705611573745544,0.150461641664713,0.21,5.58286404303538,0.0935318153246687,0.45
"FTWT","18C1aUYTnonGSset2umu",0.0336062945134603,0.0249952673979124,0.333982309730635,0.7,0.473375121651607,0.0104158909795211,0.83
"FTWT","19C1aUYTnonGSikenne",0.00227346788054975,0.00337875502103147,0.150373039614281,0.63,0.386552399508067,0.00084573777355189,0.79
"FTWT","21UYT14RUFUNSA",0.00523693374433973,0.021778426026391,0.238448566337214,0.39,0.618897215829862,0.00322820665175597,0.62
"FTWT","18C1aUYTnonGSset1kano",1.07720252499357,1.21851879928819,2.44684160779187,0.62,0.451138883083677,0.423392937263308,0.78
"FTWT","19C1bUYTnonGSset2onne",0,0.00702226661207501,0.220204324808147,0,0.380550952087182,0,NA
"FTWT","19C1bAYTGSotobi",0.00723376145242905,0.061658601724505,0.297851173942108,0.18,0.833676423387834,0.00592376659681143,0.43
"FTWT","14ayt13mixedZA",0.00425184056473716,0.00549249208651771,0.0359682540940757,0.69,2.06046557190361,0.00133957827334098,0.83
"FTWT","21UYT-W-13KAOMA",0,0.00994343930557577,0.306234219519106,0,0.325622641586351,0,NA
"FTWT","20C2bPYTnonGSOtobi",0.111431049693443,0.235503362625839,0.459788879717879,0.43,1.05545590234236,0.0644476696151594,0.65
"FTWT","18C1aUYTnonGSset2kano",0,1.21895284108463,1.74026056851312,0,0.634423369330705,0,NA
"FTWT","18C1bAYTnonGSset3otobi",0,0.0480559026433377,0.212525075101783,0,1.03148565183447,0,NA
"FTWT","18C1bAYTnonGSset1Otobi",0.0235030014495629,0.059954727434254,0.0690643171947831,0.4,3.54534084382628,0.014354612664542,0.62
"FTWT","19Ayt17BestPerforming_Ilonga",0.0419905400772276,0.0599610768664432,0.396308913926279,0.64,0.617875352459502,0.0155443317008297,0.79
"FTWT","20C1bUYTGSUmudike",0.00114345271506388,0.000612079610878842,-0.00771290211922177,0.83,-3.20764381013564,0.000200989444034702,0.91
"FTWT","20C1bUYTGSonne",0.00540681045424912,0.00333966955859472,0.0923859590322759,0.82,0.625526592923105,0.00104765198802001,0.9
"FTWT","18C1aUYTnonGSset1umu",0.0716211089206443,0.119414417930881,0.311777290226384,0.54,1.10836781182991,0.0332400863026054,0.73
"FTWT","19C1bAYTGSkano",0.0254538568066794,0.0689769620794944,0.936260129874121,0.41,0.280514620625129,0.0150606929842662,0.64
"FTWT","18ayt28highTCMK",0.0186163607356102,0.0746259776041018,0.0191567114174672,0.4,14.2601488828439,0.0112186036383026,0.63
"FTWT","14uyt16pdIB",0.0137603206921204,0.00603739710595206,0.336502460477804,0.87,0.230906749133738,0.00212884330708138,0.92
"FTWT","19C1aUYTnonGSkano",0.00184343122868268,0.00262810964672597,0.151664203260875,0.68,0.33801708504755,0.000593834258685708,0.82
"FTWT","19C1bAYTGSumu",0.00545678649589167,0.0136527675262203,0.358262608498392,0.44,0.326143602492559,0.00303261437795463,0.67
"FTWT","19C1aUYTnonGSumu",0.000302264200491808,0.000545728664208601,0.0194411904885464,0.6,1.20161551492442,0.00012359267024903,0.77
"FTWT","19C1bUYTGSikenne",0,0.0283092360128563,0.376733313101897,0,0.446611652117265,0,NA
"FTWT","19C1aUYTnonGSonne",0.00213344561208413,0.00124791474663273,0.11523197418322,0.83,0.30656280138152,0.000356021731340393,0.91
"FTWT","20C1bUYTGSkano",0.0122517902637914,0.0811299709951345,0.791748514958287,0.31,0.359752153966919,0.00843181496254206,0.56
"FTWT","17C1aAYTGSOtobi",0.146865721572047,0.138229959920239,0.147479154479906,0.64,2.52098610508288,0.0540267317943012,0.8
"FTWT","20Ayt28Chambezi",0.00112218737107372,0.00257713683418662,0.0603971698496958,0.45,0.840527932657144,0.000619313319941117,0.67
"FTWT","20Ayt28WhiteFlesh-Chambezi_setA",0,0.0690647963620144,0.353663704095284,0,0.743083942493937,0,NA
"FTWT","19C1bUYTGSotobi",0.00361941664390266,0.0275644644112749,0.317026246117515,0.28,0.523696366753157,0.00261157224444628,0.53
"FTWT","20C2bPYTnonGSUmudike",0.0368212145674424,0.116668247972755,0.0373022930164835,0.39,9.15673843879512,0.022572914232146,0.62
"FTWT","19C1bUYTnonGSset1umu",0.000650512315145645,0.000241702151707843,0.0596556403891758,0.86,0.260608601811255,0.000111362072283778,0.91
"FTWT","16.GS.C1.PYT.20.UB",0,0.213599917763158,1.309375,0,0.352968944239229,0,NA
"FTWT","17.GS.C2.res.AYT.14.IB",0.113520445889032,0.187779671436212,0.806403991601895,0.64,0.537367774504091,0.0403467299775071,0.8
"FTWT","17.GS.C0.C1.AYT.20.setA.IB",0.0653661575481244,0.0346839693647241,1.08268513043036,0.85,0.17201337805174,0.0100178872660025,0.92
"FTWT","17.GS.C1.PYT.20.IB",0.166912683356002,0.374120620810663,1.19483247425276,0.47,0.511916119912278,0.0882065550464354,0.69
"FTWT","12uyt15yrt8AIB",0.00609112558707413,0.0193981843313403,0.392003647259395,0.56,0.355296094111416,0.0026999433967199,0.75
"FTWT","13AYT25umu",0.00194559562727563,0.00961055856261082,0.136237666421823,0.37,0.719576743481138,0.0012169115889962,0.61
"FTWT","21.GS.C4C.AYT.28.IK",1.37803839999929e-16,0.0612590758071663,1.08923982275201,0,0.227227928565976,1.37803839999929e-16,0
"FTWT","19C1bUYTGSkano",0.0010058365987897,0.00155723189130269,0.0700015757573083,0.66,0.563726990035037,0.000347745395359128,0.81
"FTWT","17C1aAYTGSumu",0.324229552380112,0.284959921580902,0.158278366072819,0.65,3.3726426905212,0.116543371901828,0.8
"FTWT","18C1aUYTGSumu",0.0771393797240953,0.112399810537401,0.341037119489968,0.66,0.983062518902055,0.0270663548441089,0.81
"FTWT","18C1bAYTnonGSkano",0.465224271340745,0.398813091058462,1.61621301300323,0.7,0.390738408822036,0.139579391279656,0.84
"FTWT","18C1aGSUYTAbuja",0.390360508942338,0.54880020435474,1.20776529785897,0.67,0.613372901455116,0.128218077134015,0.82
"FTWT","18.GS.C3.PYT.24.MK",0.323312960675528,0.448992296203365,2.41666666666667,0.59,0.277269878989101,0.132495997492669,0.77
"FTWT","20.GS.C1.C2.C3.UYT.30.IK",0.0111113571761817,0.0150875746497237,-0.148631224411954,0.6,-0.826417795602485,0.00449322252223795,0.77
"FTWT","19C1bUYTnonGSset1otobi",0.00529105630484723,0.0201766427489145,0.154708141548535,0.42,0.91814502019082,0.003075584062988,0.65
"FTWT","19.GS.C3.UYT.28.AG",0.0206210184999604,0.0501229521319898,0.421157944040661,0.44,0.531585742201335,0.0117249078078494,0.66
"FTWT","19C1bUYTnonGSset1kano",0.0015069193595367,0.00456662349104356,0.00920015325662814,0.43,7.3451816618895,0.000873015815472332,0.65
"FTWT","16.GS.C1.ungenotyped.AYT.21.IK",0.0416087620003587,0.0745787434641622,2.07162650737704,0.61,0.131824481428745,0.0161774617000643,0.78
"FTWT","20.GS.C1.C2.CMSSurveyVarieties.AYT.40.MK",0.0317795758133464,0.0829615083480241,0.134460820598742,0.44,2.14211391505026,0.0178506598210886,0.66
"FTWT","16.GS.C1.ungenotyped.AYT.21.UB",0.00900692875985439,0.0303800227233841,-0.0844570811570448,0.47,-2.06375424261877,0.00476701818572327,0.69
"FTWT","21.Intro.Lat.Ame.UYT.30.IB",0.0094989378643653,0.0120574650520071,0.692921626984127,0.61,0.158468843863389,0.00368803266850034,0.78
"FTWT","20.GS.C1.C2.C3.UYT.30.MK",0.00229031532459401,0.00331436678194523,0.251880500246759,0.58,0.22856289943317,0.000975036434065702,0.76
"FTWT","19.GS.C2.UYT.36.setA.AB",0.0250630194660904,0.0640315775500884,0.0101939241297848,0.4,24.823082113289,0.0151878642023501,0.63
"FTWT","19C1bUYTnonGSset1ikenne",0.00665878281633452,0.0114072968729582,0.103833161798136,0.62,1.02862077917014,0.00254103738995954,0.79
"FTWT","18C1bAYTGSset2umu",0.0458853450092625,0.0959407497053123,0.3329588219832,0.56,0.930274309423845,0.0204808658797367,0.74
"FTWT","19.GS.C2.UYT.36.setA.ZA",0.00833454213342878,0.0236089464311038,0.0913069747016596,0.41,1.68280715524129,0.00495812437592466,0.64
"FTWT","20.CMSSurveyVarieties.AYT.33.IB",0.0154829631913167,0.0517166355616872,0.771807455241173,0.38,0.294649808174054,0.00960188921225403,0.62
"FTWT","21.GS.C1.C2.C3.C4.40.UYT.MK",0.00523438491426407,0.00593395252766421,0.0727152120468825,0.64,1.05936777724005,0.00189362417519911,0.8
"FTWT","21.GS.C4.AYT.45.IK",0.288229431397414,0.55775976530576,0.996867626549364,0.51,0.749179868740619,0.142811917137426,0.71
"FTWT","21.GS.C3.C4.C4B.UYT.36.IB",0.00587934561564373,0.023221063401634,-0.0323426198744932,0.33,-4.71157225435025,0.00394676994880597,0.57
"FTWT","20C2aAYTGSUmudike",0.0357318019557136,0.0811688399824527,0.136978123379261,0.51,2.0799048022297,0.0181899414202371,0.7
"FTWT","20C2a_bPYTGSUmudike",0.0795613738671832,0.160253250236899,0.200635651467894,0.49,1.99524079943596,0.041025202506701,0.7
"FTWT","19.GS.C2.UYT.36.setB.AB",0.0313840209284333,0.063953301697794,0.402616021742029,0.5,0.628116832642061,0.0158387821863664,0.7
"FTWT","20C2aAYTGSOtobi",0.0124869115714093,0.036153117618118,0.17626472184161,0.48,1.07871688581507,0.00650238381400969,0.69
"FTWT","20.GS.C2.UYT.36.setA.IB",0.0609069433255664,0.144825682888885,1.12808542628951,0.46,0.337350069427864,0.0330816977953301,0.68
"FTWT","20.GS.C2.UYT.36.setB.IB",0.0211500318429034,0.157471283915321,2.40626274445999,0.21,0.164914042349718,0.0166716734363818,0.46
"FTWT","17.GS.C1.C0.AYT.25.IB",0.0475005191408339,0.105743089429961,1.56679500126085,0.57,0.207545738296349,0.0204249817187184,0.75
"FTWT","18.GS.C1.C2.UYT.26.MK",0.0172965156213641,0.0541905150708446,0.472609949467333,0.49,0.492559590160809,0.00883584599552288,0.7
"FTWT","20C2aAYTGSonne",0.0186220857882278,0.116520997660279,0.203930625238587,0.29,1.6738619858515,0.0132209132309259,0.54
"FTWT","21.GS.C1.C2.C3.C4.40.UYT.IB",0.0094252252374321,0.0246773874354632,0.720168052942808,0.43,0.21813017001953,0.00534347548641816,0.66
"FTWT","20.GS.C4B.AYT.40.IK",0.0255864179358771,0.0124730367381457,-0.159786523182722,0.8,-0.69894974983481,0.00501431307050857,0.9
"FTWT","20.GS.C4B.AYT.40.MK",0,0.20625676464997,1.40457589285714,0,0.323339595245531,0,NA
"FTWT","17.GS.C2.AYT.34.MK",0.0161916003446411,0.0185972922378025,0.239616913756827,0.72,0.569124638710074,0.00456417049098601,0.85
"FTWT","19crossingblockCETubiaja",2.17439414816135,2.46650797381393,1.31469954940115,0.62,1.19457864787285,0.830306262116572,0.79
"FTWT","18.GS.C3.AYT.30.UB",0.0114644133957611,0.0163931320958815,0.377491464285382,0.68,0.339174999685258,0.00370055262365736,0.82
"FTWT","20.GS.C4B.AYT.42.IK",0.0674532154271235,0.109289569509167,1.09894912299262,0.55,0.300823507634629,0.0301885897601454,0.74
"FTWT","18.CMSSurveyVarieties.AYT33.IB",0.0687677554173951,0.177374634620071,-0.147112981507847,0.49,-2.86282472647145,0.0363786113940678,0.69
"FTWT","21.GS.C4.AYT.45.IB",0.0271924738489104,0.076220004459722,0.465871070507061,0.42,0.592609681503289,0.0158693100360753,0.65
"FTWT","20.GS.C4B.AYT.60.IB",0.021510411845048,0.0905698841183342,-0.190437099426302,0.32,-1.58030293969458,0.0146299630945029,0.57
"FTWT","17.CASS.PYT.46.setC.IB",0.0382377446105075,0.249328143216827,0.540094816160802,0.23,0.924518577621497,0.029435179319854,0.48
"FTWT","18.GS.C3.AYT.30.IK",0.0665734302822138,0.143077327712834,2.34779387901093,0.58,0.161111093025064,0.0280097368935281,0.76
"FTWT","18.GS.C3.AYT.30.MK",0.0867153919790908,0.199406948377626,2.378125,0.57,0.18777400320377,0.0376271007137609,0.75
"FTWT","17.GS.C1.UYT.34.UM",0.00966539272531126,0.00636822650960705,0.108722812006919,0.81,0.733987349342342,0.0018407140976173,0.9
"FTWT","19.Hawaii.PYT.54.IK",0.821624198230491,0.611657987160463,1.01415247289235,0.72,0.77117167857149,0.235396384137594,0.84
"FTWT","19.CASS.PYT.52.IK",0.176060734363324,0.268146496446006,-0.7538010063371,0.56,-0.686956679315528,0.0784784162651263,0.74
"FTWT","18.GS.C1.UYT.34.UM",0.00630755810716389,0.00781038198708318,0.301246445958893,0.71,0.293368989846439,0.00184282850617688,0.84
"FTWT","17C1aAYTnonGSkano",5.31530865953594,182.654656811832,6.20815709454656,0.04,2.17697116447096,5.08864155545026,0.21
"FTWT","16.GS.C1.UYT.34.UB",0.00141849813431604,0.0268744910940965,0.625742915225516,0.14,0.261983646898609,0.00122458828261542,0.37
"FTWT","17.GS.C1.UYT.34.UB",0.00141849813431604,0.0268744910940965,0.625742915225516,0.14,0.261983646898609,0.00122458828261542,0.37
"FTWT","17C1bCETnonGSumu",18.7345557591822,58.3605540029256,1.45113926346905,0.37,5.26442096486522,11.8545084435013,0.61
"FTWT","18.GS.C4.PYT.54.ON",0.418611378254864,0.436004210471974,-0.101739089759839,0.66,-6.49019123925457,0.144649697673076,0.81
"FTWT","17.GS.C1.UYT.34.MK",0.0195379965051204,0.0192445371568114,0.233388619331426,0.75,0.59439351213994,0.00487685210884231,0.87
"FTWT","16.GS.C1.UYT.34.MK",0.0192030515635825,0.0195721243411633,0.228152877323738,0.75,0.613187132652655,0.0048696331240742,0.86
"FTWT","17.GS.C1.UYT.34.IK",0.0118023568760349,0.022111868777846,0.499809821032798,0.62,0.297514364218597,0.00453715192260991,0.78
"FTWT","18.GS.C2.UYT.36.setB.AG",0.0208033058565955,0.0179865676700439,0.691550925925928,0.77,0.19393222529451,0.00474444681480409,0.88
"FTWT","18C1bAYTGSOtobi",0.00719838593929722,0.0955855050232468,0.3158764073439,0.17,0.978765898768338,0.00601966401728393,0.4
"FTWT","18.GS.C2.UYT.36.setA.AG",0.0053090604496946,0.0429883488871027,0.790137235449735,0.27,0.262405451863266,0.00387381293114477,0.52
"FTWT","19.GS.C4.PYT.80.SETA.AG",0.649072732193606,0.649073951418816,0.0186483619892013,0.63,43.2022533478724,0.247358346015765,0.79
"FTWT","17.GS.C3.PYT.60.UB",0.0472919153262551,0.236320633816623,-0.0401570618321353,0.3,-12.1056717050843,0.0330917347909478,0.55
"FTWT","19.Hawaii.PYT.60.IK",1.12470436543988,0.867560772924103,0.691009582693771,0.72,1.34792548161564,0.313044252566911,0.85
"FTWT","20AYTintroLatAmeUmudike",0.0111688093470358,0.0488219838902089,0.186714124525799,0.36,1.18339720414732,0.00721937424899153,0.59
"FTWT","19.Hawaii.PYT.60.IB",0.780948180515465,0.790939777814651,1.20317632960785,0.66,0.739166761379814,0.262526986126932,0.81
"FTWT","18C1bAYTGSset1umu",0,0.635131280832326,0.436117342872879,0,1.8273780078062,0,NA
"FTWT","18C1bAYTGSkano",0.0557235553074143,0.518131482548647,1.34758523531892,0.24,0.534150632204262,0.042395592976937,0.49
"FTWT","14.GS.C0.PYT.88.IK",1.75361974218975,0.590800878945813,0.160562007011738,0.85,4.78715818321897,0.270004791609642,0.92
"FTWT","19.GS.C4B.PYT.78.MK",0.1148522678531,0.295003848367982,0.00379056440891626,0.43,143.288045965067,0.0652777437066475,0.66
"FTWT","19.GS.C4.PYT.80.SETA.IK",0.319880826288655,0.304126432608057,-0.0254212542471587,0.67,-21.6935241519235,0.105048837782924,0.82
"FTWT","19.GS.C4.PYT.80.SETB.IK",0.372127492175768,0.34547238955102,0.985840547520776,0.68,0.596211014889164,0.118748661437225,0.83
"FTWT","17.GS.C3.PYT.80.IB",0,1.1278099481705,0.620176153900088,0,1.71239084454589,0,NA
"FTWT","19.GS.C4B.PYT.88.MK",0.120223680487423,0.206684454339317,0.436637380117997,0.53,1.04119720545678,0.0560372847692077,0.73
"FTWT","16.GS.C0.C1.AYT.58.IB",0.057809850709184,0.191648113495701,0.457753876790654,0.48,0.956357445244397,0.0303473750194198,0.69
"FTWT","16.GS.C0.C1.AYT.58.IK",0.139413703221525,0.268875775962984,2.06196120689655,0.61,0.251475307595327,0.0545539898926001,0.78
"FTWT","19.GS.C4B.PYT.88.AG",0.466593527896655,0.490809210089628,0.795435468446471,0.66,0.880747460425181,0.160820927938245,0.81
"FTWT","15CETtp1set2umu",0.313485840512799,1.49472953066422,-0.160311417551705,0.27,-7.62635211263176,0.229397495247275,0.52
"FTWT","13NEXTgenC0IB",0.0963215617826569,0.646499571262198,-0.122267834569402,0.23,-6.57615286416071,0.0747581038698815,0.47
"FTWT","19.GS.C4B.PYT.135.IK",0.106321809644196,1.27171876181223,1.72064047898476,0.14,0.655398440370196,0.0918714793313607,0.37
"FTWT","19.GS.C4B.PYT.160.AB",0.0327433609753798,0.128493288139652,0.518221850301664,0.36,0.691710711165141,0.0214792165757045,0.59
"FTWT","19C2aPYTGSOtobi",0.140665432715557,0.864843645412139,0.52313294789609,0.22,1.77769285050968,0.110156581170923,0.47
"FTWT","13NEXTgenC0IK",0.0143409887001898,0.258103029041151,0.208769548819861,0.1,2.43348905925274,0.012939775851794,0.31
"FTWT","19C2aPYTGSumu",0.00802481712535598,0.010353490123155,0.0970035235848283,0.57,1.04895263141247,0.00349891991379704,0.75
"FTWT","19.GS.C4B.PYT.132.IK",0.498120031325461,0.243073102950661,1.11048618733869,0.82,0.443971703744242,0.0930676220653495,0.9
"FTWT","19.GS.C4B.PYT.135.UB",0,0.474710207558833,0.223516749493574,0,3.08250799797483,0,NA
"FTWT","19.GS.C4B.PYT.140.IB",0.678474627405216,0.628813282249238,1.17198287307506,0.69,0.676611832176069,0.217887652354478,0.82
"FTWT","13CET518TP1Otobi",0.475037886508213,2.74372084955307,0.73415617931412,0.26,2.25622030407297,0.354546298553486,0.5
"FTWT","13TP1CET518kano",0.0403240808263087,0.241232339151782,0.375256086709203,0.24,1.30885042616553,0.0308878719844106,0.48
"FTWT","13CET518TP1umu",0.515335585237738,1.91275163399586,0.867031117511069,0.4,1.59512457642225,0.311613653369624,0.63
"FTWT","16.GS.SelGain.PYT.571.IB",0.366439507818257,0.572508675322681,0.715034076467944,0.55,1.05819156766842,0.175434144851833,0.72
"FTWT","19.GS.C4B.PYT.500.IK",0.939664671776711,0.682412819355926,1.03086044410713,0.71,0.801352715592088,0.3046139550582,0.82
"FTWT","12CET500TP1umu",0.00879289889339514,1.95306568801115,0.555068762567562,0.01,2.51774439478375,0.00867920729078825,0.11
"FTWT","20.GS.C4B.PYT.500.IK",0.0429291712322418,0.0727023122980343,0.474598276693679,0.56,0.568130303839149,0.0196054318827661,0.74
