germplasmName,Dim.1,Dim.2
IITA-TMS-IBA30572,0.022409664457494347,0.10344770249340315
IITA-TMS-IBA8700018-42(4X),0.007999564070920699,0.010970034019253401
IITA-TMS-IBA30001,0.008109711818776184,0.005394723675400777
IITA-TMS-IBA30040,0.023960384346455102,0.010209446701962277
IITA-TMS-IBA30555,0.024015729655458222,0.022600585454080353
IITA-TMS-IBA30555P3-2,0.02228999962070121,0.1037629924444411
IITA-TMS-IBA4(2)1425,0.012795451724032274,0.004578401799990549
IITA-TMS-IBA40764,0.012872778168688124,0.006519466615235335
IITA-TMS-IBA42025,0.012736395449502952,0.002414698300977001
IITA-TMS-IBA71673,0.01373247692946582,0.02656382598942237
IITA-TMS-IBA8101635,0.005352467646523185,0.04956757354559466
IITA-TMS-IBA8200058,0.012710185775091122,0.03531293088327291
IITA-TMS-IBA8400353,0.02175695304128993,0.10330357453804284
IITA-TMS-IBA8500680,0.002728712310411355,7.463532727223473e-4
IITA-TMS-IBA8700052,0.013978776616273458,0.02450171349009163
IITA-TMS-IBA8802343,0.006583742106995674,0.011990789720799689
IITA-TMS-IBA8900250,0.005659006359403132,0.033458008666552685
IITA-TMS-IBA8900963,7.728716257850171e-6,0.007212604891595023
IITA-TMS-IBA8902195,0.0021310927210446565,0.0026763467511520525
IITA-TMS-IBA9000099,6.630567171914943e-7,0.012194797081835664
IITA-TMS-IBA9100153(3X),0.018709225633077583,0.02224044090123072
IITA-TMS-IBA9100255(3X),0.0052224052460358985,0.026554118192928203
IITA-TMS-IBA9100416,0.012471661749683718,0.0156937484573399
IITA-TMS-IBA9100420,0.014799253428189009,6.086323482642899e-5
IITA-TMS-BAD9100455,0.014610028161423398,0.017341029774044715
IITA-TMS-IBA9100459,0.0016030964018159905,0.029518051991833286
IITA-TMS-IBA9101730,0.006716071297909947,0.03897416623869602
IITA-TMS-IBA9102312,0.014532644449541913,7.148731147461855e-5
IITA-TMS-IBA9102322,0.014628299128922807,8.085538370076723e-6
IITA-TMS-IBA9102324,0.00844975118412923,0.0030110257295089165
IITA-TMS-IBA9102325,0.013773892539680636,3.0356875130640185e-4
IITA-TMS-IBA91934,0.006041731398854711,0.04371764612849118
B9100462,0.014598957785125207,7.244687703287797e-5
IITA-TMS-IBA920057,0.007310474569495878,0.0018403456812092532
IITA-TMS-IBA920067,0.015557889759236599,0.002394205453049384
IITA-TMS-BAD9200061,0.013015565944398778,2.1141928854678384e-4
IITA-TMS-BAD9200068,0.013044009358153029,0.004263709284789449
IITA-TMS-IBA000338,0.008955748014144628,0.0018869048978887395
IITA-TMS-IBA000342,0.0010763203294276331,6.318985941620116e-6
IITA-TMS-IBA000345,0.008604893189572062,0.003360325214005003
IITA-TMS-IBA000346,0.008105377857991569,3.151289778884192e-4
IITA-TMS-IBA000350,0.01211799290823836,1.1626797545377737e-4
IITA-TMS-IBA000351,0.009045972908902715,5.972653975415265e-4
IITA-TMS-IBA000354,0.009385448051251119,2.2556675844611571e-4
IITA-TMS-IBA000355,0.004740318110786817,5.303878011238847e-4
IITA-TMS-IBA000364,0.011409537812665928,0.011013830646992077
IITA-TMS-IBA000378,0.016104174843041823,0.004004848732785802
IITA-TMS-IBA000388,0.009898225807345255,0.0015902671567554958
IITA-TMS-IBA011115,0.012385028524062678,0.0010607760739488068
IITA-TMS-IBA011224,0.002120826444061571,2.3542524477581633e-4
IITA-TMS-IBA011235,0.00983849788781117,0.0036506904119988377
IITA-TMS-IBA011273,0.017328157825049068,0.0018558664354772862
IITA-TMS-IBA011331,0.01714379730160903,0.00822573548748332
IITA-TMS-IBA011335,0.014676111966637323,0.02475115176285816
IITA-TMS-IBA011368,4.797806004290633e-5,0.03452917363714346
IITA-TMS-IBA011371,9.007474202061646e-4,0.08256205139524157
IITA-TMS-IBA011412,0.005423934768293363,0.004923676166318915
IITA-TMS-IBA011413,0.0024858252359015133,0.009151958069552192
IITA-TMS-IBA011442,1.065137551649181e-4,0.015170742175423114
IITA-TMS-IBA011646,0.0132363569643776,0.016136363263186862
IITA-TMS-IBA011663,0.016587492212576178,1.4001415305771954e-4
IITA-TMS-IBA30211,0.012910978159006702,0.006354311562321686
50395,0.011994092185740464,0.01752440945884901
IITA-TMS-IBA60142,0.009970561919923498,0.0027073922707549947
IITA-TMS-IBA60506,0.01302747454651663,0.00774324162504964
IITA-TMS-IBA8400316(4X),0.01596896721971612,0.04624484633533945
IITA-TMS-IBA9001554,0.010547135439713144,0.03650651986830471
IITA-TMS-IBA920110,0.009059693182979752,3.021783774170683e-4
IITA-TMS-IBA4(2)1443,0.010750458369486163,0.003175537945979377
IITA-TMS-IBA000017,0.01056502379357855,0.010956495660218253
IITA-TMS-IBA000028,0.010483157310935232,0.035768418304394034
IITA-TMS-IBA000049,0.009647419243023835,0.004681037433206416
IITA-TMS-IBA000061,5.719504531440918e-6,0.003143537436029085
IITA-TMS-IBA000070,0.013972464985376343,0.004961053384013217
IITA-TMS-IBA000093,0.013074637603766067,0.0017730116899822644
IITA-TMS-IBA000101,0.006026773710840761,0.03395354061908694
IITA-TMS-IBA000107,0.0010075402433680175,0.0027656030462858065
IITA-TMS-IBA011206,0.003730818390425016,0.004227728765028916
IITA-TMS-IBA011231,0.012082735479763762,0.01118101744354298
IITA-TMS-IBA011296,0.007591694670510435,3.6354592715003134e-4
IITA-TMS-IBA011404,0.011125913324584987,0.016786940990825366
IITA-TMS-IBA011417,3.0121571455454907e-4,0.0280856971618504
IITA-TMS-IBA011423,0.01155017490289109,0.01120122879668061
IITA-TMS-IBA011551,0.009137490245090665,8.740082316363969e-5
IITA-TMS-IBA011560,0.014748418034764042,0.0014953369333929273
IITA-TMS-IBA011635,0.014354368697619052,0.005976203441152687
IITA-TMS-IBA011659,0.0019733749054936566,4.2586812503804446e-5
IITA-TMS-IBA90853,0.01055303215717748,1.2693729419166274e-4
IITA-TMS-IBA920053,0.004723793684647993,0.023587340742233773
IITA-TMS-IBA920211,0.014814560390702555,0.003384638517980211
IITA-TMS-IBA920258,0.013323955641556346,0.032846155284217804
IITA-TMS-IBA920269,0.012162957646190143,0.002045007962086076
IITA-TMS-IBA010034,0.007933364098081378,0.0014899440142236802
IITA-TMS-IBA010040,0.012239022654879065,1.383160994854078e-6
IITA-TMS-IBA010045,0.014959382940100852,0.0013037620631039526
IITA-TMS-IBA010046,0.00247170469826425,0.007671089175233278
IITA-TMS-IBA010085,0.005653027874287263,0.028643126229200764
IITA-TMS-IBA010090,3.16567285767344e-7,3.809176017072081e-4
IITA-TMS-IBA010098,0.017833119353096515,0.002753527070233202
IITA-TMS-IBA010103,0.006159354609680244,0.010953188797991193
IITA-TMS-IBA010131,0.011634356939711522,0.007556662582338048
IITA-TMS-IBA010134,0.011460490117987212,5.398560179507018e-4
IITA-TMS-IBA010169,0.002628910850868117,0.007503050257063708
IITA-TMS-IBA010171,0.00817503623413619,0.017257495583347097
IITA-TMS-IBA010265,0.01155524071225098,0.011314330328979641
IITA-TMS-IBA010732,0.009984194919180116,1.5991777397704844e-5
IITA-TMS-IBA010760,0.016159545301786978,3.1246860329874987e-4
IITA-TMS-IBA010819,0.014098924194503464,0.012665750205838287
IITA-TMS-IBA010903,0.0045646269397315795,0.02989258452539452
IITA-TMS-IBA011086,0.004108785901079248,0.00286415980136549
IITA-TMS-IBA011097,0.007767645507107046,6.582171239538669e-4
IITA-TMS-IBA011731,0.0014208123695863843,0.0640647521970445
IITA-TMS-IBA011732,0.001337060620236582,0.06411030764252076
IITA-TMS-IBA011735,0.002535811870126462,0.07334772655644249
IITA-TMS-IBA011760,0.00441828757534907,4.979792714348211e-4
IITA-TMS-IBA011797,0.026970580450311123,0.0312320437114235
IITA-TMS-IBA011807,0.00685957499515473,0.0025982631905831937
IITA-TMS-IBA011813,0.009880497050357533,0.004138278172505811
IITA-TMS-IBA010536,0.016158003796603038,5.797300894496856e-4
IITA-TMS-IBA010615,6.673311356470889e-4,1.5652852255679904e-4
IITA-TMS-IBA010622,0.002005070426246385,0.0013686054672163185
IITA-TMS-IBA000203,0.008277818240680166,0.023959815690137085
IITA-TMS-IBA000210,0.006984755072452263,0.00369758279972098
IITA-TMS-IBA000211,0.015014811932413906,0.006244379490482537
IITA-TMS-IBA000214,6.449797946151874e-5,0.018740592314325427
IITA-TMS-IBA000222,0.01061171591292584,0.001609763936155585
IITA-TMS-IBA011802,0.0080460565155809,7.194728946497899e-4
IITA-TMS-IBA020091,0.014361507607665216,0.0036981124134534116
IITA-TMS-IBA020103,0.009437264545947349,7.214223118102647e-5
IITA-TMS-IBA020105,0.011583109656238919,0.0017827125098886323
IITA-TMS-IBA020129,0.01009383803501233,0.005745424576220095
IITA-TMS-IBA020131,0.007233907668997797,1.3065016212841153e-6
IITA-TMS-IBA020133,1.5065575641536444e-5,3.996120421337467e-5
IITA-TMS-IBA020134,0.007627112055656787,3.472738101574769e-4
IITA-TMS-IBA020233,0.006963389446443247,0.0015380657662774518
IITA-TMS-IBA020285,0.004033174419124461,0.04670910012297554
IITA-TMS-IBA020388,0.011840529362350374,0.011135630426546061
IITA-TMS-IBA020409,0.007504588719795021,0.0034672679191676183
IITA-TMS-IBA020431,0.015415629407816328,0.008654211655915072
IITA-TMS-IBA020432,0.010250887620292266,0.0012040683725311086
IITA-TMS-IBA020444,0.00765152227527101,3.475801174403641e-4
IITA-TMS-IBA020452,0.010803727608311314,0.004492374305674116
IITA-TMS-IBA030061,0.008615564453965753,0.004087929546749814
IITA-TMS-IBA030075,0.009350073043162519,2.1965330240734203e-4
IITA-TMS-IBA030141,0.016887615030837036,0.001957772137266962
IITA-TMS-IBA030177,5.852989875497114e-5,2.058103088739207e-5
IITA-TMS-IBA030213,0.00681763535172427,0.0015631657649426904
IITA-TMS-IBA9101730(4X),0.006645399730117486,0.039184738161969844
IITA-TMS-IBA9102316(4X),0.013780550730698603,3.027532330338307e-4
IITA-TMS-IBA9102325(4X),0.013490170456658429,3.506852570924294e-4
IITA-TMS-IBA91934(4X),0.005979470629211756,0.042918776262324966
IITA-TMS-IBA920057(4X),0.007238451016891226,0.0017575447293527438
IITA-TMS-IBA920067(4X),0.01545682732650178,0.0023441916214824304
IITA-TMS-IBA010606,0.002668000767304865,0.007553128583210647
IITA-TMS-IBA011752,0.03006102518392614,0.06710029763571837
IITA-TMS-IBA83672,0.01017688196978426,0.006058384713927052
IITA-TMS-IBA8801504,0.014511159774076595,0.024379516283913515
IITA-TMS-IBA020527,0.013108788156492865,0.03158191180586608
IITA-TMS-IBA020588,0.009782934002880711,0.009736530330624335
IITA-TMS-IBA020570,0.009927136199934995,0.009485269488617025
IITA-TMS-IBA020516,0.016453734448091367,1.2962906694267756e-4
IITA-TMS-IBA020510,0.01121828421919407,0.01456244361343466
IITA-TMS-IBA020514,0.00716574512600443,0.03935454316964409
IITA-TMS-IBA020540,0.002148047584053179,7.039410769620203e-5
IITA-TMS-IBA030242,0.00192905756264105,0.007077269724616036
IITA-TMS-IBA030275,0.0015279083547991784,0.021651513007542988
IITA-TMS-IBA030264,0.008099179528689951,8.147729591159684e-4
IITA-TMS-IBA030292,0.0010926320228655051,0.0013574681736261763
IITA-TMS-IBA030265,0.0011463860639965738,0.016399137282603754
IITA-TMS-IBA030279,0.0014267160785762024,0.030117108383988754
IITA-TMS-IBA030256,0.010099770830981021,0.03152085301861601
IITA-TMS-IBA030284,0.008292287481682727,9.476271245153195e-5
IITA-TMS-IBA030224,4.0049318465840656e-5,0.016710226367269293
IITA-TMS-IBA030276,0.007658696025648074,0.010643937904022674
IITA-TMS-IBA030273,0.010229816923079997,0.010539932850689923
IITA-TMS-IBA030305,0.006944347685422083,0.02173452041628261
IITA-TMS-IBA030254,0.009368735749251296,0.02058601989939132
I974045,0.012115481843878896,0.02085277486232688
IITA-TMS-IBA051646,1.0330334292590628e-4,0.02746696657033175
IITA-TMS-IBA051600,0.015698628489290798,0.02184384878517347
IITA-TMS-IBA051626,0.016091617239315546,0.023279185237392624
IITA-TMS-IBA051662,0.015723390520958835,0.02339134651141152
IITA-TMS-IBA051658,0.01278153077593534,0.013676501017035481
IITA-TMS-IBA051652,0.014229594796347268,0.02803871903456525
IITA-TMS-IBA050127,0.003437765348718981,2.8292693934228697e-4
IITA-TMS-IBA051636,0.018727542277333344,0.008199806661544204
IITA-TMS-IBA050100,0.018008951067132066,0.0011376946611684313
IITA-TMS-IBA051632,2.4402798934335956e-4,0.004552022219204991
IITA-TMS-IBA051599,0.019198922818234276,0.003688349792803838
IITA-TMS-IBA051601,0.00389943653278117,0.005238934349375454
IITA-TMS-IBA050303,0.0015813168248093171,0.002788031321859639
IITA-TMS-IBA051631,0.005417488106055471,0.008003604351646505
IITA-TMS-IBA051625,0.016077766180976293,0.02274766787483286
IITA-TMS-IBA051654,0.015197275939167568,0.008467355408752694
IITA-TMS-IBA051653,0.0064745979142409975,0.003338840229087153
IITA-TMS-IBA050473,0.0070661285788906104,8.57972066168661e-7
IITA-TMS-IBA050186,0.004208990521001997,0.08783334659408609
IITA-TMS-IBA050327,0.004523959796997553,4.8038899720527e-4
IITA-TMS-IBA051740,0.015080400683941347,1.3137437792897896e-4
IITA-TMS-IBA050741,0.004627088669007201,8.16091285283564e-4
IITA-TMS-IBA050286,9.877320883496722e-6,0.049429060376847765
IITA-TMS-IBA050099,0.014693750226598246,1.5569208479744037e-5
IITA-TMS-IBA051814,0.014727244585213071,5.00493837839971e-4
IITA-TMS-IBA050998,0.020875853693172797,3.8120955290346024e-4
IITA-TMS-IBA050231,0.004326571592935649,0.00939093599638144
IITA-TMS-IBA051553,0.006057961184702328,0.007118796237502175
IITA-TMS-IBA050128,0.019510734019894643,5.067566941400596e-5
IITA-TMS-IBA050311,0.0159624376227014,7.091654273295849e-4
IITA-TMS-IBA050024,0.011104745216493593,2.147607078397604e-4
IITA-TMS-IBA050125,0.0088945745018749,0.00453378376973953
IITA-TMS-IBA051274,0.01846900332421014,0.0026713848505414057
IITA-TMS-IBA051570,0.012672696354470275,2.788941316261957e-4
BAHKYEHEMAA,0.00560082540558629,0.006877545811170562
BA95070,0.017763698498934725,0.017415972714073705
DOKUNBAHKYE,0.003685962227708428,0.011224152495226928
IITA-TMS-IBA030007,0.006362679005124826,0.0014313350951993536
IITA-TMS-IBA030028,0.005087229983885483,0.00828487087812207
IITA-TMS-IBA030059,0.0017860248017516596,0.014867087610546123
IITA-TMS-IBA030013,0.00775663608917883,3.370526703669861e-4
IITA-TMS-IBA030042,0.004146230863325694,0.06366229713620095
IITA-TMS-IBA030060,0.010171335450551386,0.03066894639674344
IITA-TMS-IBA030006A,0.014646340384183804,0.004493550914899196
IITA-TMS-IBA030006B,0.010064114756264992,0.002824348230408842
IITA-TMS-IBA030015,0.008474607108459402,0.012240096715396147
IITA-TMS-IBA030057,0.013260812620487932,8.620057370090887e-6
ESAMBAHKYE,0.010466806619999615,0.003578264446028673
IITA-TMS-IBA030030,0.010712493039572255,0.01647626171009083
IITA-TMS-IBA030055A,0.010095710309326433,0.03111265181536158
IITA-TMS-IBA011811,0.016439372596638878,5.079553781216978e-4
95NA-00063,0.013439569500868801,1.484510786305873e-4
IITA-TMS-BAD92033,0.013863722655605159,1.0920790841085819e-5
CH92108,0.011451138681517021,0.01175116248296585
IITA-TMS-IBA070835,0.013199043783751505,0.010246460668555363
IITA-TMS-IBA070525,0.002775859889354201,0.0038793232607721214
IITA-TMS-IBA070952,0.0012189173519240486,4.17894529520138e-4
IITA-TMS-IBA070749,0.019575130844794304,0.0016556524060007316
IITA-TMS-IBA070498,0.012638180389192446,0.018600118852112477
IITA-TMS-IBA070539,0.013397778680138759,0.029345732766563142
IITA-TMS-IBA070632,0.011042071934193627,0.031766019603979206
IITA-TMS-IBA070520,0.01487845481282803,0.021770854611796956
IITA-TMS-IBA070751,0.013610116141858662,0.009148657125970155
IITA-TMS-IBA070620,0.0011643853455379518,0.009833711200676738
IITA-TMS-IBA070752,0.01285454347950301,0.005632371836813905
IITA-TMS-IBA070675,3.083068890487765e-4,0.008542934269935375
IITA-TMS-IBA070756,0.0055186664542457315,2.622797214126442e-4
IITA-TMS-IBA070999,7.167013423627174e-4,0.08035172752886718
IITA-TMS-IBA070553,0.011797913747775177,0.002820822567246762
IITA-TMS-IBA070910,0.01849988000299257,0.014455491873600642
IITA-TMS-IBA070593,0.018409756307946872,0.014406830579895415
IITA-TMS-IBA070481,0.011792066637061279,0.06808548620673577
IITA-TMS-IBA070576,0.014167294934466015,0.032880355425696214
IITA-TMS-IBA070874,0.0016233158772538424,0.1234940815628311
IITA-TMS-IBA070808,1.3482939742417475e-4,0.011954745946803517
IITA-TMS-IBA070614,0.016032020562261256,0.005258988006099831
IITA-TMS-IBA070649,5.816077415363705e-6,0.004382201462954036
IITA-TMS-IBA070974,0.01378148630715742,0.013599244240347601
IITA-TMS-IBA30555-7,0.008888327661371802,1.9001514805599775e-4
IITA-TMS-IBA020509,0.011237971913685184,0.014466574863587475
IITA-TMS-IBA071393,0.003926976670488775,0.012296723007256604
IITA-TMS-IBA071378,0.009969503196082283,0.03831643672972848
IITA-TMS-IBA070134,8.248272072641549e-4,0.011671254950162364
IITA-TMS-IBA070337,0.016805772635194744,0.002676887786688845
IITA-TMS-IBA070004,0.01158751661374742,2.5230008348254407e-4
IITA-TMS-IBA070299,2.1285471870813297e-4,0.0012342226506231917
IITA-TMS-IBA070126,0.001633235242585315,0.011347822869335056
IITA-TMS-IBA071295,0.014350967730558977,0.004809315550291985
IITA-TMS-IBA070067,0.0029345799527673816,0.07777054322622337
IITA-TMS-IBA070374,0.02027405601146521,0.016198271658290214
IITA-TMS-IBA070258,0.00681567794881164,0.025078963283739736
IITA-TMS-IBA070048,0.013626457883738551,0.015297072700938216
IITA-TMS-IBA070094,0.009244740282331274,8.354181269017745e-4
IITA-TMS-IBA071313,0.013614414900077575,0.025241839529527813
IITA-TMS-IBA070045,0.009131594563254216,0.022403441295974314
IITA-TMS-IBA062630,0.010359032399948053,0.03254847324227973
IITA-TMS-IBA063046,0.012361374906243342,0.02006891513412017
58308,0.008410958664798693,1.8169318095717716e-4
IITA-TMS-IBA060889,0.014792369517958884,0.023545005811243098
IITA-TMS-IBA061101,0.01788345459857524,0.0050800473189126895
IITA-TMS-IBA061155,7.117360841498924e-5,0.012916785873288086
IITA-TMS-IBA061348,0.010816938218059981,0.011862202354492844
IITA-TMS-IBA061404,3.084444053923469e-4,0.019784297171499828
IITA-TMS-IBA061577,0.009497518260764016,5.930645207076989e-4
IITA-TMS-IBA061635,0.012261538640773,0.06514347235020401
IITA-TMS-IBA061640,0.001024821034577306,0.04424864983345277
IITA-TMS-IBA061673,0.013971196789173286,0.00923300978365581
IITA-TMS-IBA061679,0.0013149623613634268,0.0712384854651634
IITA-TMS-IBA061744,0.009273853919618517,0.021538565048559263
IITA-TMS-IBA061766,0.01637184489218627,0.0014114035215500433
IITA-TMS-IBA061856,0.009559822339649247,8.211896749277573e-4
IITA-TMS-IBA061911,0.0032284428808063465,0.03752588924186548
IITA-TMS-IBA062021,4.92182749163395e-5,0.031061324954835667
IITA-TMS-IBA062052,0.012449542699826342,0.012926538554591027
IITA-TMS-IBA062116,2.901620443462593e-4,0.018803370740409133
IITA-TMS-IBA062231,0.015472850076609488,3.777728128398763e-4
IITA-TMS-IBA070628,0.013126803697544943,0.028136275314240775
IITA-TMS-IBA070824,0.013535595616154257,0.02955377659065621
IITA-TMS-IBA070962,0.0038076684452315484,0.01887253876041972
IITA-TMS-IBA070982,0.009704450359627578,0.004243659343868654
ICB5-10(80411),0.003419233599955887,0.03495107241485899
IITA-TMS-IBA100198,0.018020852280718546,5.38097420849546e-4
IITA-TMS-IBA100224,0.00732754823479391,6.731343250795339e-4
IITA-TMS-IBA100330,0.015883674483526837,3.9036058029146307e-4
IITA-TMS-IBA100449,0.0074922915155198515,0.007239519013153607
IITA-TMS-IBA100634,0.0030989039420507023,2.186394860504765e-4
IITA-TMS-IBA100649,0.002836666687167981,0.0011149791841968454
IITA-TMS-IBA100791,8.34344360364604e-5,0.008142354739577019
IITA-TMS-IBA101014,0.001850452308284356,7.301331095952766e-4
IITA-TMS-IBA101040,0.009040944864169719,5.535693799607248e-4
IITA-TMS-IBA101075,0.007633203147737011,0.003962302628880505
IITA-TMS-IBA101094,0.00852839069298337,0.016304503356174272
IITA-TMS-IBA101129,0.013661527922510052,7.66115320029299e-5
IITA-TMS-IBA101251,0.007203370497176692,7.555080262797794e-4
IITA-TMS-IBA010728,0.013212030131541007,0.0013043178391912156
IITA-TMS-IBA101438,0.0077752626487855156,0.0024146776783990917
IITA-TMS-IBA101457,0.006085668016056074,2.8421806149774145e-6
IITA-TMS-IBA101573,0.010806291567172213,0.006622683268396707
IITA-TMS-IBA010753,0.008624582239793099,0.012081390009750989
IITA-TMS-IBA101618,0.001015172695227334,1.5632261440288217e-4
IITA-TMS-IBA101645,0.009977446560151863,0.0051320320818746025
IITA-TMS-IBA101765,0.011471890968727756,0.017532252345530214
IITA-TMS-IBA101782,6.785667025226282e-7,0.005050909458217328
IITA-TMS-IBA101803,0.01241369264153264,0.005677131004335961
IITA-TMS-IBA101819,0.00447524482340327,2.0061382149442987e-5
IITA-TMS-IBA101841,0.004555182427597729,0.019162860609875803
IITA-TMS-IBA101857,0.006460966048115829,3.61263995141973e-4
IITA-TMS-IBA101878,0.0032036246356094995,7.298926971695664e-4
IITA-TMS-IBA101893,0.0011148089350537986,0.07966081355934083
IITA-TMS-IBA101898,1.4721529817810563e-4,0.014239593437400267
IITA-TMS-IBA101917,7.302385879801564e-4,0.042450651946366824
IITA-TMS-IBA101921,6.171363953469222e-4,0.055782547883378886
IITA-TMS-IBA101927,8.093982392482372e-4,0.06730259071633794
IITA-TMS-IBA101976,0.015478949915493189,0.005054495269466385
IITA-TMS-IBA102091,6.64415380258794e-5,0.02885059440082554
IITA-TMS-IBA102094,2.3114886322221016e-5,0.0113058161493474
IITA-TMS-IBA102097,0.014393698322214094,0.04151939720615466
IITA-TMS-IBA102122,0.015322486621821922,0.01581978413556322
IITA-TMS-IBA102123,0.01387506327115216,0.0269574816252592
IITA-TMS-IBA102125,0.01411624923206305,0.03548305150389217
IITA-TMS-IBA102133,0.015023193659609467,0.03528742980356161
IITA-TMS-IBA102178,0.016603470492086055,0.004627004896134685
IITA-TMS-IBA102199,0.015437875536136214,0.0016261859542577974
IITA-TMS-IBA102202,0.016054258906426727,8.970692628278552e-4
IITA-TMS-IBA102210,0.015205434475152834,0.0019475102618943477
IITA-TMS-IBA102217,0.01036322179994743,0.07436235954597263
IITA-TMS-IBA102219,0.00890135043361213,0.08253715189406595
IITA-TMS-IBA102222,2.9987766111674104e-4,0.03903249383322614
IITA-TMS-IBA102224,2.3127085158375262e-4,0.02995128856925704
IITA-TMS-IBA102227,0.011791025377635505,0.03858189977959755
IITA-TMS-IBA102233,0.012376212402917381,0.00891220643777345
IITA-TMS-IBA102250,0.012362930712001773,0.06075126911264885
IITA-TMS-IBA102273,0.014390634708046518,0.0033193489151544736
IITA-TMS-IBA102277,0.014385458389551605,0.019557862795867673
IITA-TMS-IBA102278,0.015312454467557532,0.007290980540923633
IITA-TMS-IBA102289,0.015531420916299237,0.008950005768548612
IITA-TMS-IBA102294,0.016340979544096697,0.01299530831646933
IITA-TMS-IBA102353,0.007902608568354702,0.07442335248268421
IITA-TMS-IBA102357,0.015160048987106923,0.049322010547106665
IITA-TMS-IBA102364,0.013166278281083752,0.050569768153593084
IITA-TMS-IBA102390,0.017271084419932293,0.0016198290978578639
IITA-TMS-IBA102397,0.012822475445321372,0.016915904283413854
IITA-TMS-IBA102399,0.001764996152142442,2.68460924875086e-4
IITA-TMS-IBA102400,0.01271169216407623,0.004148842752016912
IITA-TMS-IBA102404,0.008981074028248711,0.06548519711370392
IITA-TMS-IBA102410,0.013708789186717916,0.026867361283780544
IITA-TMS-IBA102427,0.003209366642115279,0.02060840660237832
IITA-TMS-IBA102428,4.247224702653391e-5,0.006280187111503858
IITA-TMS-IBA102431,0.016471108528684865,0.012388044308757952
IITA-TMS-IBA102448,0.014055323996841491,0.009865217861884613
IITA-TMS-IBA102480,0.0027787432212326053,5.231263445899807e-4
IITA-TMS-IBA102489,0.00821445765321168,0.02059207063903985
IITA-TMS-IBA102535,0.012172074821167908,0.00487497129985789
IITA-TMS-IBA102545,0.005083625618255266,0.035433735610478974
IITA-TMS-IBA102546,8.368089186093033e-4,0.038189327159540695
IITA-TMS-IBA102554,0.005834336036438735,0.07575842083621581
IITA-TMS-IBA102574,0.002458568723696851,0.008101526472454417
IITA-TMS-IBA102600,7.598368512739942e-4,0.03854487374907632
IITA-TMS-IBA102608,7.507429047265181e-4,0.06425173233148583
IITA-TMS-IBA102612,0.0042631675794744224,0.010202538731271193
IITA-TMS-IBA102616,9.995913627905179e-4,0.08963217416560501
IITA-TMS-IBA102618,0.009572039546715283,0.0662194928776239
IITA-TMS-IBA102638,4.2919751814936573e-4,0.05106556887205273
IITA-TMS-IBA102640,0.010733479204062164,0.04508202513575308
IITA-TMS-IBA102654,0.014354781595720506,0.022736187296119727
IITA-TMS-IBA102658,7.424299600112033e-4,0.015345463695266324
IITA-TMS-IBA102659,0.013077180895500782,0.016975390796486464
IITA-TMS-IBA102666,0.0017849132846727215,0.014243785575067811
IITA-TMS-IBA102675,0.012456780721625425,0.02911618965596709
IITA-TMS-IBA102676,0.0019331689928562211,0.01627250880101296
IITA-TMS-IBA102677,0.018108251388838523,0.011377806008778203
IITA-TMS-IBA102686,0.009932024400350643,5.917430519462148e-5
IITA-TMS-IBA102691,0.012016028125447697,0.02664267075560275
IITA-TMS-IBA102708,0.014314865883635652,0.0019279633450189511
IITA-TMS-IBA102710,0.00439927090994089,0.005417902068700319
IITA-TMS-IBA102716,0.0010948013115250114,0.06947762701014562
IITA-TMS-IBA102718,0.010796801798624533,0.07528032767560226
IITA-TMS-IBA102721,3.3188253579254714e-6,0.03314457712445329
IITA-TMS-IBA102731,0.001838721865022096,0.11489876980710398
IITA-TMS-IBA102736,0.009266132232641569,0.08396539615624056
IITA-TMS-IBA102741,2.0006068745133425e-4,0.012904163886219514
IITA-TMS-IBA102767,7.071083763001073e-4,0.03183408781299546
IITA-TMS-IBA102815,0.0034530641756717897,0.006963585678227839
IITA-TMS-IBA102820,0.0117703182250805,0.03883062356656456
IITA-TMS-IBA102896,0.01126618833836253,0.01951492103670362
IITA-TMS-IBA102898,0.011100146460308132,0.009630948778731462
IITA-TMS-IBA102910,0.012924422146300492,0.01015579403060342
IITA-TMS-IBA020093,0.004523033328603307,4.557499162623417e-4
IITA-TMS-IBA020100,0.004192710423754274,0.002711007194611933
IITA-TMS-IBA030060A,0.0036448909001909097,0.032530139929036694
IITA-TMS-IBA050251,0.005335245899659852,0.008374671688098483
IITA-TMS-IBA061365,8.019680485782553e-5,0.012598573151408653
IITA-TMS-IBA070536,0.013921281065614402,0.020306659083631304
IITA-TMS-IBA070557,0.014710023014240117,0.0019373448164016515
IITA-TMS-IBA070670,0.013403238799070547,0.010469854889095772
IITA-TMS-IBA070683,4.108784544005534e-6,0.010171429949519197
IITA-TMS-IBA070703,0.0010322537603732799,0.004087746570036588
IITA-TMS-IBA070736,1.0932812345595651e-4,0.005726207814999316
IITA-TMS-IBA070738,5.411360087171543e-6,0.010292608405218649
IITA-TMS-IBA070753,0.015696978245125833,0.018622066476283394
IITA-TMS-IBA071026,0.015678747918628166,0.011108160506062838
IITA-TMS-IBA082032,0.009175492929725061,0.01405926496579853
IITA-TMS-IBA082159,0.0060658458928729096,0.00842349616720137
IITA-TMS-IBA082189,2.9622705912238075e-4,0.047647108793885735
IITA-TMS-IBA082393,5.259216286906829e-6,0.0014215198105037691
IITA-TMS-IBA082418,0.013840486237187824,0.055129616221864436
IITA-TMS-IBA082425,3.1520535464169816e-4,0.006457902350453918
IITA-TMS-IBA082432,0.001142667578821389,0.03204508043680358
IITA-TMS-IBA082636,8.700419986802908e-5,0.04044351714984757
IITA-TMS-IBA082708,3.881867085535882e-4,0.07425746848017915
IITA-TMS-IBA082993,0.005671590469778686,0.001249564234108754
IITA-TMS-IBA083043,0.012419487899770296,0.04647900878835438
IITA-TMS-IBA083196,0.008277888889250068,0.014674678195746567
IITA-TMS-IBA083389,0.00189625874035546,0.13795657385868268
IITA-TMS-IBA083426,0.014382576583202066,0.06124577439920124
IITA-TMS-IBA083535,1.3043136722566738e-4,0.013297004430045655
IITA-TMS-IBA083565,0.011204698494819785,0.06075005978045401
IITA-TMS-IBA083568,0.006111103859801933,0.015364566992074058
IITA-TMS-IBA083579,0.014055971005858115,0.007770342920786043
IITA-TMS-IBA083580,0.005932152971821346,0.014937965436638072
IITA-TMS-IBA083594,0.0039018618371987265,0.022912951919734425
IITA-TMS-IBA083718,0.007101181623768625,0.009774277029281667
IITA-TMS-IBA083724,0.006306989335025399,0.011002252266680152
IITA-TMS-IBA083739,0.007889761099854646,0.020555476615641822
IITA-TMS-IBA083774,0.01922082039745566,0.006194225471880048
IITA-TMS-IBA083849,0.006950730946478748,0.005332606793989437
IITA-TMS-IBA088674,0.01237082148977213,0.001786272782472985
IITA-TMS-IBA088682,0.03282999859716121,0.08868771899163837
IITA-TMS-IBA088686,0.011542989042739954,0.06799688746733833
IITA-TMS-IBA088691,0.03290615415825858,0.08903852091597952
IITA-TMS-IBA088693,0.02568923695115207,0.06942449828453803
IITA-TMS-IBA088705,0.022048722781085942,0.10394144351287225
IITA-TMS-IBA088736,0.010259710773494959,9.17823841720975e-6
IITA-TMS-IBA088744,0.012337949173881528,0.0011280788703364989
IITA-TMS-IBA090454,0.0013306003385178532,0.03879253571586292
IITA-TMS-IBA090485,0.00807078063321484,0.0075032250017407496
IITA-TMS-IBA090486,0.01268360713637167,3.435036278990787e-4
IITA-TMS-IBA090488,0.010203282370472968,0.01970388133184707
IITA-TMS-IBA090498,0.01512552018619898,0.019325403135085354
IITA-TMS-IBA090504,0.001692846579979365,0.010780427169467826
IITA-TMS-IBA090506,0.0018414977618652869,0.0010739704928732082
IITA-TMS-IBA090508,0.0955019735155413,0.020355693119228854
IITA-TMS-IBA090509,0.005498904942719355,0.006450586883745182
IITA-TMS-IBA090510,0.011462440799297726,0.008928866158302132
IITA-TMS-IBA090516,0.09624743831418114,0.0033545915180539093
IITA-TMS-IBA090520,0.048855976903474284,0.003144042902558982
IITA-TMS-IBA090521,0.011199607690741726,0.0025737506618117253
IITA-TMS-IBA090522,0.01408538212919574,0.0024353383605412392
IITA-TMS-IBA090523,0.013818178977731894,0.0024841135523204394
IITA-TMS-IBA090536,0.0015574076039389937,0.010704982476041994
IITA-TMS-IBA090537,0.00904430974800617,0.049549927844100186
IITA-TMS-IBA090546,0.011130788610556568,0.0038454851659624092
IITA-TMS-IBA090564,0.005095068856745971,0.0026221617502605633
IITA-TMS-IBA090574,0.01671987693815145,0.004277339077877135
IITA-TMS-IBA090576,0.0021829612862201957,0.008086304407160337
IITA-TMS-IBA090578,0.004011882250519247,0.02371204016337297
IITA-TMS-IBA090581,0.018011974542513277,0.002688520584172004
IITA-TMS-IBA090590,0.005194576995115922,0.028921242668160905
IITA-TMS-IBA090616,0.014619757017739493,0.0027719356820321765
AR124,0.014117216996330957,0.008899312218278705
AR144,1.5873320292622063e-6,0.005057245843514899
AR155,0.014364321052995612,5.40031863785018e-4
AR182,0.024103670668720493,0.028587960773267293
AR311,0.018728734324767567,0.008107997083143942
AR3913,3.516373507267531e-4,0.008415816554405056
AR945,0.006126611652206141,0.009887330315276185
AR95,0.005006553273591626,0.026829917777997155
COB1103,0.01676848346869019,4.5767982820724177e-7
COB1139,0.00521507266802659,0.05106705270509827
COB1163,0.013433463562219023,0.024218934464912873
COB4100,0.0011906590490982458,0.004418093037374039
COB427,0.00682029534921584,0.006537620472110386
COB452,0.0012508745835608257,0.002317672544359539
COB474,0.0069660949239136365,0.006381973660290053
COB475,0.015644219179725326,0.009246700080805305
COB477,0.0027050407440383666,0.002251308616074628
COB479,0.015437117934508093,0.005275910733357531
COB5104,0.029707784251913366,0.002014847147940407
COB512,0.014724746870234746,0.008060361360493935
COB517,0.04340150666212166,0.008201577454415167
COB524,0.005893665148794081,0.03339840434870977
COB528,0.015661392272889013,0.013361360802010178
COB536,0.0141859547525101,0.017611530887867276
COB54,0.014859813829406848,0.016770883766873076
COB544,0.005957249140115935,0.0071327331238118415
COB548,0.014536075264561417,0.008056048125621098
COB553,0.0013032249692616414,0.011545695642613825
COB557,0.012301989979872675,0.019995982510102272
COB561,2.552447499509923e-4,0.006279928272204857
COB61,0.00526196148777486,0.013821965880952861
COB619,0.0018078846892683052,0.004187210881928555
COB631,0.005281558039379084,0.010925750097085593
COB641,0.006793383146100929,0.007024830580156433
COB7180,0.0011214488286554422,9.322442627191096e-4
COB7197,0.0041646139793402115,4.8098378679685e-5
COB725,0.00911413842487919,1.868327227956438e-4
CR14B218,0.002769300466462314,0.005096254022601866
CR14B67,0.01472793825598063,0.0010976812641761205
CR15B3,0.015841910893127035,0.0022594649965540967
CR15B4,0.01895193964801188,0.0010386672640304503
CR15B62,0.01041935791477007,7.359037451493046e-4
CR15B7,0.014797363440395436,0.0014327769115886292
CR20A2,0.0051244327693505416,0.01327439892746735
CR247,3.549510059437779e-4,0.0034137991456436078
CR249,0.02098959566906957,0.10004733877677185
CR346,0.004271090897313182,0.011396104977891232
CR3510,0.003881830604363837,0.011104014273223701
CR3514,0.006598239909274685,0.0036104756809771177
CR362,0.01819040444800913,0.0010474758029765528
CR3913,0.008199562250628649,0.00819386745252476
CR417,0.01571582198735679,0.004414231562100623
CR424,0.01323496588211264,0.0014337138411610081
CR446,0.01636374602676709,0.002079155705472905
CR4510,0.019888494689017367,0.004279365605791108
CR492,0.013937369678938832,0.007993536388333184
CR52A2,0.017140149584002076,0.0037395577730275904
CR52A26,0.006223899472822322,0.016965811281084413
CR52A31,0.01690299100096597,0.011839900479896364
CR52A37,0.00638949972831395,0.01896469618392913
CR52A4,3.5253957908631386e-4,0.0034360368418636035
CR52A6,0.015033074146820457,0.003408838755412838
CR533,0.01691059885285663,0.0033346114492987028
CR594,0.01526738177421827,0.005379836455906156
CR60B10,0.014274316324966311,4.098988419240196e-5
CR8A22,0.002546540761579144,0.007841556472351779
CW45036,0.013825432368364058,0.006882505198258775
CW45046,0.006324638321160927,0.010462352020596784
CW45072,0.00947739240362666,0.004868279480815508
CW45133,0.008311643326305955,0.010998336894803675
CW45180,4.217203666905626e-4,0.004570005933797853
CW48216,0.01680425642092382,0.0020996788324314465
CW4823,0.014230969595833438,0.00349239703590528
CW48515,0.014714345638279619,0.0011024507070918667
CW5251,0.0011707009330196875,0.00034339367365173275
COB511,0.014630970815872042,0.008146839997696432
CR52A9,0.004689389933688033,0.02698936180408042
AR1410,0.00792323181184719,3.93022163854229e-4
CW45617,0.014018285385418095,2.6224639037998154e-4
CR100215,0.01573745061033732,0.08178119488115672
CO08002,0.015608132391349639,0.017204918987416076
CO08016,0.015941451987284975,7.636431956170467e-4
CO08019,0.01376929928094707,0.0037431068480902885
CO08020,0.012287299500251253,0.0439870673371252
CPCR15B-16,0.015426222066527787,5.861579031614102e-6
GCO0486,0.009737157889719185,1.7514398071876057e-4
GCO076,0.014121296517968307,0.004380454348895342
GCO082,7.799708623548489e-6,0.003081079515799987
GCO084,2.270835229749221e-4,0.005128052539698919
GCO100,0.010565809594070075,1.806819648764034e-5
GCO134,0.009103614809428331,0.0023057394630827174
GCO135,0.0020935369998930408,0.007728560717233847
GCO194,0.013384182813861889,9.179250734531525e-4
GCO200,1.5105538475400346e-4,8.508627271718027e-4
GCO244,0.014448942532181427,0.003701365617943171
GCO273,0.00796888718471857,0.015311595497701284
GCO278,0.014818543084107714,0.009886950795832797
GCO279,0.007464576073524946,0.0015531518150240097
GCO282,2.0202974811321547e-4,0.00508477921584297
CR41-10,0.01998879050063339,0.004274990236197203
I991732,6.969374529228877e-5,0.03335499110419925
I996075,0.01005324468529847,8.371627217103564e-4
IITA-TMS-IBA088673,0.02187272440576762,0.1024134787289911
IITA-TMS-IBA088747,0.011116534130589812,4.288699150821455e-4
IITA-TMS-IBA088716,0.01790697549290487,0.002441046711179414
IITA-TMS-IBA088741,0.010836898011730873,3.762397148439178e-5
IITA-TMS-IBA088684,3.7135267432244644e-6,0.014472680779212717
IITA-TMS-IBA061771,0.016324355283850536,0.0031853179469949135
IITA-TMS-IBA062426,0.013457483216246381,0.0033891859815762906
IITA-TMS-IBA9102324(4X),0.006871012714913382,0.00748794916710157
ANKRA,0.03236038012027832,0.08656971255612594
IITA-TMS-IBA91934(4X)(SEX),0.005944194468880437,0.0440967377775434
ANG18,0.014949991723443367,9.87359997307732e-6
ANG14,0.02431695639950762,0.01796257294416134
ANG26,0.02024687792388513,0.004224806331793819
CM5306-8,0.0016389215136072303,0.030086888062189458
B-BLILKP,7.55674776625905e-5,0.0029756933471838895
88713,0.012914371608850582,0.0041628213679239506
IITA-TMS-IBA00070,0.013415985930321797,0.004176329596084393
F1P002,0.013676129794699024,0.006946056675654474
F3P016,0.011662657514247785,0.008844620925381986
F3P018,0.003572813069776332,0.0012927262330771835
F3P024,0.012189026678349636,0.0127480866631641
F3P027,0.012801742365256951,0.012869409568729862
F3P029,0.01255797871250677,0.010625921747082857
F3P033,0.012673833927453455,0.005117830798685146
F3P038,0.011672331045046244,0.023678699342473457
F3P039,0.012661624370763496,0.013606433192782737
F4P006,0.0037546086602389594,0.020833173895033755
F4P010,0.0015021796408695195,0.0018634975285145993
F20P001,0.001399762168375529,3.8199957243681475e-4
F21P001,0.01576834714728867,6.913122957280608e-4
F21P002,0.01852231334339138,0.003245186423146032
F21P003,0.018647906751901762,0.004435211922887884
F24P004,0.015078431931501293,0.00995138979044965
F24P005,0.013462125449497308,0.012805025075049298
F28P001,0.0018785502473699191,0.04255264357759249
F31P001,0.011263279286512096,0.013909276019147418
F33P002,0.004525924030521545,0.03405400777482493
F35P003,0.013954407423144133,4.347145885756442e-4
F35P005,0.01283160375310954,0.0012349662911631018
F37P001,0.006531177601525884,0.0021321118980636854
F37P002,0.010743367971209632,0.007954192738151497
F37P006,0.008522560869353659,0.009979051809670153
F39P005,0.016353455324435075,5.0752644670496156e-5
F39P006,0.012203332603409705,0.006927378037559032
F39P007,0.008482420509291305,5.762443353673446e-5
F40P001,0.014550833123400744,3.294264629002437e-4
F40P003,0.006703732414224207,0.0011223057647337233
F40P005,0.01739797052181747,7.322228763397081e-4
F40P007,0.004780765125844569,0.005509887871696899
F42P001,7.996018857911058e-4,0.0014041376983814787
F44P001,0.045293153934750696,0.006003205581608144
F44P003,0.007397685276112848,0.012184802277836856
F45P001,0.009090081743250718,0.008836124462019724
F52P001,0.009071548697350627,2.931302734246951e-5
F52P002,0.014367373630984072,0.009026602739918482
F66P001,0.004947878298451301,0.02470248948367598
F67P001,0.006381086018456806,1.1972402752584508e-4
F69P001,0.010314027678495088,0.0021047362589838954
F79P017,0.010933884586563981,0.029310324323764504
F86P004,0.010341537680874428,0.003904225963212666
F100P004,0.00929777742581462,1.0193839423244205e-4
F100P005,0.0037329408085672016,0.0011147811834554874
F100P006,0.00996923094332101,7.481729356302618e-4
F76P001,0.011351969761438954,0.0015260578345502784
F79P001,0.004446494225089336,0.008543928799251511
F81P002,0.012294002376720566,0.005163026885595831
F84P001,3.6146245936147654e-4,0.0023741783384204026
F84P005,0.012602536870548674,0.004116749493854472
F86P002,0.005332828595918521,4.980592304235037e-4
F89P001,8.967688640781445e-4,0.012706046556846184
F89P002,0.027423276173612007,0.0013368729485474147
F90P001,0.0018154649879143757,2.8196143647414915e-4
F93P002,0.0018146529231718922,1.3001244684033122e-4
F99P003,0.008468465313454406,2.078408128470249e-4
F99P004,0.005992953629320198,0.002522704248137559
F100P002,0.012418705191652349,8.462157772979527e-4
F100P003,0.010277389366615005,3.6349171625082766e-4
F117P003,0.010334118884130935,9.7537473934528e-6
F117P005,0.04437560789768895,0.004585122216128232
F117P007,0.011350388253961598,5.849565290903848e-4
F118P004,0.008906744873390476,0.01430005768544006
F118P007,0.007247206417832871,0.002581861977189994
F118P009,0.01147799404752544,0.00201522900026119
F118P010,9.90809705220279e-5,1.0273161702144698e-7
F118P012,0.0077839622738007765,1.9322038151272682e-11
F118P013,0.005290032207543975,0.003985456469739506
F118P016,0.011022346689183688,2.2399719921632362e-4
F118P017,0.008794947214721455,4.118422504249679e-4
F118P018,0.00816907153996157,0.0018969353673395602
F104P001,0.013866086765171617,0.006829677025850032
F105P001,0.01349075729716179,7.556398178263978e-4
F105P002,4.89066473191949e-4,1.9065539938257645e-6
F105P004,3.139044096686143e-4,0.009107876631326879
F108P001,0.009341628572535683,6.966691908001146e-4
F108P002,6.729971582904534e-5,2.6613956925839496e-4
F109P001,0.009711526457797649,0.002383544766578832
F110P001,0.008697807263575367,0.0025530271245573373
F111P003,0.0022721136133100027,0.0018535402249428882
F111P004,0.014410482266137475,0.002947091418964479
F113P001,0.006694544312199016,0.00452830206424258
F114P005,5.063100262464496e-5,0.0054941425264029295
F115P001,0.012459055697279384,5.861607094530315e-4
F117P001,0.01429851968119654,3.8991966281462444e-4
F117P002,0.008603970414025719,1.540943829065194e-4
F118P001,0.004349059400979807,0.0024212420624455957
F118P002,0.008729225462511288,0.0044168761470026
F119P001,0.04881981840369165,3.5077011335109795e-6
F120P008,0.010023565308831747,0.01660864539327607
F119P005,7.010594311907819e-4,6.081763236878046e-4
F119P006,0.0010062844041627435,0.006633331245692211
F119P008,0.008028051174831458,4.542554665643332e-4
F119P011,0.004397065745795673,5.800450658033783e-4
F119P013,0.007156490370588568,8.723636377349165e-4
F119P015,0.013621082772273656,0.0031607804627815997
F119P016,0.01258103473263418,0.001051990084173305
F119P017,0.007804291922893394,4.028261266673354e-4
F119P019,0.011153386677682495,0.01121767891815313
F119P020,0.00832890462394496,5.736572784312171e-5
F119P031,0.0060178581276540966,0.0030654696986288704
F120P001,0.009042963734429433,0.013620630895354962
F120P004,0.0023630999706381758,0.0016911914619023554
F120P006,0.006988842492955577,1.9656563368672644e-4
F123P004,0.0038443072686850667,0.009716743183201943
F124P001,0.004779704985590665,8.059136081216049e-5
F124P002,0.004262356895264008,0.0017367823649781543
F124P004,0.0030987468533932114,0.00596480953313979
F125P001,0.005899909847624576,0.01635202953682481
F126P001,0.001826877303853933,1.7379329240345003e-4
F126P002,0.0016614796879898335,0.0015119391664908048
F126P003,7.810744735039889e-4,0.007166498958084079
F127P002,0.001329215520908571,0.013277558237808887
F127P003,0.010028471059139841,0.014882952061478688
F128P001,0.0129985729684667,0.006433730742536845
F128P002,0.011941097194846392,0.001053736539981107
F129P004,0.02007132305831459,5.257062739180318e-4
F130P002,1.6922184791247154e-4,0.004115392481633528
F131P001,0.011484323291661339,7.393523986142551e-4
F132P002,0.009458274865285807,3.693439510455171e-4
F133P002,0.04391806506373921,0.00242768380847838
F133P003,0.01668273145846822,8.784039414192523e-4
F135P002,0.018783463374643778,0.002506341690743851
F137P001,0.001957897565909473,5.352988531591932e-7
F138P001,0.0018806176123727155,4.1243205205395575e-5
F138P004,3.7707901566114615e-4,0.0030857632998967546
F139P001,0.008701447690815331,0.004296966284981628
F140P001,0.012618221607309184,0.007579716225716475
F142P001,0.012553977658066214,0.01091944211787233
F142P002,0.015986846768781617,0.004415124865832361
F143P001,0.008183740341732413,7.887881214876207e-6
F143P002,0.011973978741786231,0.0020284792236836802
F144P002,6.974704837488322e-4,0.012323189735380864
F146P001,3.22182844980501e-5,0.003546456399453949
F146P002,2.1701662758970053e-4,0.004401945242032641
F147P003,0.013788219639462074,3.539721996259724e-4
F149P002,0.011218195428131156,0.024546476701542246
F152P003,0.015449254073545913,0.017369121315474894
F153P001,0.034263187545209656,0.0165767070837777
F154P001,0.010275736985684708,0.0018505990483960286
F157P001,0.008273804488368196,3.342075597295169e-4
F159P001,1.7166347137634446e-4,0.017481066118014088
F161P001,0.0015110512520770934,0.009606792870783953
F163P001,0.0014449658412302808,1.509545901475384e-5
F164P001,0.0035840766076689254,0.0014507263212410926
F165P001,0.08168337725554287,0.014966319727810653
F165P002,1.1862177575558951e-4,0.009097167788343189
F169P001,5.510824029151296e-4,0.011723083248965111
F172P001,2.884211354979411e-4,0.0025491572207183622
F179P001,0.0070123578905247255,0.007634945908111545
F187P001,0.030946804224281345,3.159992534435128e-4
F195P001,0.00402503146158225,0.015770499405319053
F196P001,0.043089841453945434,7.80646195467055e-4
F197P001,0.01650664088184673,0.04203819009180092
F199P001,9.996026463933201e-6,0.005266626843893324
F201P001,3.521870989131487e-4,0.0013328563894111703
F204P001,0.008642792733965694,0.003629728979052507
F205P001,0.010188761002630803,0.002009927036773169
F209P001,0.012754305075319258,8.84391283706574e-4
F209P002,0.009120941790023467,9.255594727922358e-4
F28R2P07,0.015858251391127995,0.004153669750088849
I030572,0.021746669362157328,0.10404017096925514
GCO047P1,0.01078713453473609,0.028055694213101813
F10_30_R2,0.0010891021325803666,0.006203487598156728
EYOPE,0.006038907892146866,0.012266411852208385
COLICANANA,0.023128281382377946,0.020720782918235994
BOUNOUA_BLANC,0.027591422513340597,0.018966560538383602
96_1444,0.01517435041855837,1.5933812794259578e-4
95_0109,0.008629492475085836,0.03008046137555672
IITA-TMS-IBA030555,2.3291823932704967e-4,0.06105805524028285
F162C1bP004,0.011404638596601192,6.732670592624418e-4
F1C1bP005,0.008891033453612302,1.1078096515819846e-4
F179C1bP002,0.003368077601132228,0.0023151705069198044
F154C1bP033,0.012275698117269461,0.01293396124219886
F135C1bP001,0.018787863893515267,1.735898114794944e-4
F136C1bP002,0.012143998417079048,0.00330689281051364
F185C1bP001,0.004651534305464909,0.005737531474888091
F171C1bP002,0.004596150780475401,0.006124486835451666
F154C1bP023,0.012306432247732457,0.001524461277507788
F161C1bP004,0.009990476520936353,7.747055548613711e-4
F159C1bP001,0.006782601916199153,0.014329668714212884
F159C1bP007,0.012990254791039912,5.721046167996172e-4
F88C1bP015,0.01300162247284134,8.019045720243636e-4
F91C1bP010,7.787645328884524e-4,0.017017357678902466
F40C1bP002,0.016825842856985566,0.002858748138192428
F78C1bP003,0.00868562189093402,0.007645558020439374
F56C1bP012,0.0104807412771885,1.9429129823952056e-4
F55C1bP020,0.009338827146794787,0.052264091703555206
F56C1bP014,0.008164668619263783,3.1502112043257284e-4
F16C1bP007,0.005346320223675273,0.0025225662293431638
F56C1bP001,0.008599005569454364,2.0158588558946052e-4
F87C1bP007,0.011503186180648533,0.018423007340456467
F81C1bP004,0.0035506431009049316,0.002846949315829101
F75C1bP012,0.003256886226082002,2.2429999336410632e-4
F55C1bP027,0.008388774539523107,0.013513526735829623
IITA-TMS-IBA154810,0.01593305600304562,0.025096033898156626
IITA-TMS-IBA090091,9.325765704647148e-4,0.04160630143495209
IITA-TMS-IBA102103,0.016654928800626537,0.005806886036582552
IITA-TMS-IBA070064,0.00455304768289919,0.05544293921560818
IITA-TMS-IBA085006,0.014758325461467263,0.044680965975100365
IITA-TMS-IBA090144,0.01767467559489034,0.013445736741635348
IITA-TMS-IBA940237,0.0011916146601173815,0.01814151544534482
IITA-TMS-IBA961642,0.017160255458515142,0.014036600223233858
IITA-TMS-ONN8500066,0.012456767001042668,2.936126721747033e-4
IITA-TMS-ONN8700813,0.006596908723283972,3.5204207225402166e-5
IITA-TMS-ONN920168,0.011028537951779258,0.011891284469757126
IITA-TMS-JOS920230,0.0076930422303402544,2.0769788900993194e-5
IITA-TMS-WAR4080,0.0220636478628745,0.10324748599068195
IITA-TMS-WAR4092,0.022369182027776567,0.10181561148187529
IITA-TMS-WAR820249,4.4146270763150086e-4,0.015571019980239272
IITA-TMS-WAR820422,2.214523321986418e-4,0.020819739088834704
IITA-TMS-WAR940009,0.011466712060976561,0.015750717544881172
IITA-TMS-JOS920253,0.005831833113870892,7.537542159732196e-6
IITA-TMS-WAR940017,6.133744792806556e-5,0.002018177773666165
IITA-TMS-WAR940038,0.009959535516186762,0.008530748586949783
IITA-TMS-WAR940727,0.012317678565771909,0.017164108054458463
IITA-TMS-ZAR920250,0.008958974697531388,0.009148495309084528
IITA-TMS-ZAR930151,0.017296626025336867,0.0045356111255299165
IITA-TMS-ZAR940153,0.014516714594888274,0.001966836559341271
IITA-TMS-ZAR940394,9.400936985474185e-4,0.012362971774741714
IITA-TMS-ZAR950154,0.01668840275815472,0.0046923419536341
IITA-TMS-ZAR950415,0.003177165156499632,0.010619556913932463
IITA-TMS-ZAR950432,0.004482399556582198,0.041039913220226334
IITA-TMS-ZAR950680,0.008095080555084597,0.034765707775418805
IITA-TMS-ZAR950826,0.009162911886445966,0.0012121538383345811
IITA-TMS-ZAR960058,0.01727347301937058,0.00190561918518362
IITA-TMS-ZAR970002,0.002755626585890082,0.0015334503587794725
IITA-TMS-IBA940239,0.007758161572684663,0.021225554749773404
IITA-TMS-MOK940583,0.011648231377715462,0.03898621406122843
IITA-TMS-IBA920325,0.013965364354032393,0.0021850692692105315
IITA-TMS-IBA920326,0.014202627448926801,0.0023295225899287496
IITA-TMS-IBA920342,0.01306113186165924,1.5515502200792965e-5
IITA-TMS-IBA920397,0.007358905454243586,0.017953557979206777
IITA-TMS-IBA920398,0.012190994318644647,0.0010096982385394047
IITA-TMS-IBA920427,0.016167884515358326,0.0011529288972610243
IITA-TMS-IBA920429,0.006906222816044291,0.00955513960235879
IITA-TMS-IBA940263,0.002017203554707176,0.00256924344325535
IITA-TMS-IBA930098,0.0013215674295943868,0.0016034368672659257
IITA-TMS-IBA930184,0.03919584042620151,0.004004221636592826
IITA-TMS-IBA930267,0.011894538712023776,1.997404358032575e-4
IITA-TMS-IBA930591(4X),0.010838160131599274,0.02182904942540597
IITA-TMS-IBA930602(4X),0.011479555229746695,0.010813435077238922
IITA-TMS-IBA940006,0.011369800872958953,0.015011508252948148
IITA-TMS-IBA940018,0.005714225084391047,1.1702008435740661e-4
IITA-TMS-IBA940020,0.013255662111071296,1.0648414923305402e-4
IITA-TMS-IBA940026,0.011216739212608132,5.632856558552633e-4
IITA-TMS-IBA940039,0.011278360623506503,0.0019705967725833547
IITA-TMS-IBA940270,0.014691579641451551,0.005034363835746094
IITA-TMS-IBA940330,0.01428725609353555,0.012893124504661213
IITA-TMS-IBA940459,0.010560913829934468,0.00567515215562993
IITA-TMS-IBA950041,0.009048784752182421,0.032891404221434974
IITA-TMS-IBA950058,0.007515006831909988,0.009480049440593418
IITA-TMS-IBA950061,0.009786984504330154,0.012998115829374487
IITA-TMS-IBA950063,0.011317776149741434,0.008290722567740915
IITA-TMS-IBA950104,0.008091783481450126,0.0036467105139996263
IITA-TMS-IBA950248,9.958180141145989e-7,0.002421121419063325
IITA-TMS-IBA950279,0.01080570362368172,0.004106717841928278
IITA-TMS-IBA950289,0.005856204019759468,0.03806968278684488
IITA-TMS-IBA950306,6.2456645294494574e-6,0.021904603478559707
IITA-TMS-IBA950379,0.0182558023271467,0.0014956414414496182
IITA-TMS-IBA950528,0.005992184361414096,0.011163155282249902
IITA-TMS-IBA950645,8.723660097524178e-4,0.0027038684556207004
IITA-TMS-ONN71762,0.009239392795352425,0.00657256518622527
IITA-TMS-IBA950902,1.033339056488973e-5,0.011347133129701849
IITA-TMS-IBA950925,0.013766942847230375,6.659250395144995e-4
IITA-TMS-IBA950971,0.019142250987058115,0.0019160751387554643
IITA-TMS-IBA950986,0.011323142471138399,0.008299835328189524
IITA-TMS-IBA951038,0.005677333101494408,1.8710806904037608e-4
IITA-TMS-IBA960011,0.01188009939420908,2.485671580411055e-4
IITA-TMS-IBA960016,1.2291815272573447e-5,0.0016586318921004628
IITA-TMS-IBA960023,0.010127737933534577,0.012466500498483949
IITA-TMS-IBA960035,0.012061630412945985,0.0033428947349284015
IITA-TMS-IBA960062,0.01378922302966595,2.831134973015864e-4
IITA-TMS-IBA960102,0.011817443511173737,3.442209344609366e-5
IITA-TMS-IBA960249,0.002439555095925587,0.013400370789217618
IITA-TMS-IBA960304,0.0013108450278063292,0.020682141875696385
IITA-TMS-IBA960409,0.018180561792512807,0.007105441488692807
IITA-TMS-IBA960532,0.01015742380829281,0.011575909270736498
IITA-TMS-IBA960557,0.01759047246346718,0.0012278797878802245
IITA-TMS-IBA960565,0.011009582562132138,0.0019123498605580693
IITA-TMS-IBA960590,0.011329442650840566,0.0038058692000686395
IITA-TMS-IBA960595,2.952609765972074e-4,0.012287139914109908
IITA-TMS-IBA960596,0.01122064806229689,0.0017621917239495186
IITA-TMS-IBA960603,0.007451988507434707,0.0024978165730203754
IITA-TMS-IBA960619,0.015627777230133977,0.0014445983662587135
IITA-TMS-IBA960869,1.766385532463867e-4,0.0030363140482128526
IITA-TMS-IBA960963,0.009974507999880195,0.004275442538471462
IITA-TMS-IBA961039,0.00562103051552123,0.012589111648619167
IITA-TMS-IBA961087,0.0030469929682962415,0.0011261925156520307
IITA-TMS-IBA961089A,0.003934589967445869,4.2639247743813524e-4
IITA-TMS-IBA961317,0.0017396593978774464,0.0054478756636533385
IITA-TMS-IBA961427,1.204988394938091e-4,0.04515777164923809
IITA-TMS-IBA961439,0.0017578396357413784,0.01625624704485585
IITA-TMS-IBA961551,0.016479603178183696,4.2230609199434585e-4
IITA-TMS-IBA961569,0.004583307466167824,4.931464039345313e-4
IITA-TMS-IBA961613,0.008306723448376048,0.0031832763410534507
IITA-TMS-IBA961630,0.014923524611329213,0.0015499145584562948
IITA-TMS-IBA961632,0.004673746618058071,0.019395408563171908
IITA-TMS-IBA970103,3.2327250677920105e-6,0.016697631154510572
IITA-TMS-IBA970162,9.535890877112113e-6,5.071001776056368e-5
IITA-TMS-IBA970211,0.015582853730221453,0.0016677222584400768
IITA-TMS-IBA970255,5.65186338255629e-6,0.016182303825651778
IITA-TMS-IBA970286,0.009169890685654016,5.693207866637773e-4
IITA-TMS-IBA970296,0.010493707355673848,0.00856410018935313
IITA-TMS-IBA970299,0.017091167230308773,0.011112116390034697
IITA-TMS-IBA970335,0.0010252067207119245,3.6088138438236193e-5
IITA-TMS-IBA970425,0.015977746176056334,0.078858363065872
IITA-TMS-IBA971149,9.310303759709918e-4,3.1574941173698906e-5
IITA-TMS-IBA971228,0.008953002889683063,0.02179798618417923
IITA-TMS-IBA972205,0.01574503241353785,0.08017601101879421
IITA-TMS-IBA974013,0.004004431423069,1.3238169668584247e-4
IITA-TMS-IBA974580,0.0021338206223807323,0.03073091579853796
IITA-TMS-IBA974766,0.009130718032945852,0.05009380211957118
IITA-TMS-IBA974779,0.010217717116441599,0.03885050252129221
IITA-TMS-IBA980002,0.00969585857852465,0.0014104601127649429
IITA-TMS-IBA980196,0.008052139181460248,0.0013907259480195838
IITA-TMS-IBA980378,1.9601129061733988e-5,0.005149501643501835
IITA-TMS-IBA980406,0.008406758457652925,0.021715310902688776
IITA-TMS-IBA980505,0.010824938113428547,0.005823211501575966
IITA-TMS-IBA980581,0.009211872754802713,0.0032272949316139903
IITA-TMS-IBA982101,1.8684930424675921e-4,0.005104587690801332
IITA-TMS-IBA982226,0.005425896954970508,0.03681501639697979
IITA-TMS-IBA991903,0.010636996249496218,6.835520184993299e-4
IITA-TMS-IBA940561,0.0017133305601238808,0.09503664464098341
IITA-TMS-IBA930007,0.016966699910462447,0.04125154092382667
IITA-TMS-IBA930084,0.016287017004127543,0.008793143597316616
IITA-TMS-IBA930114,0.003412080136015271,0.0035908238420322694
IITA-TMS-IBA930134,0.013011071852814162,2.5101446204319535e-4
IITA-TMS-IBA930223,0.007978820594274311,2.2456749089914406e-5
IITA-TMS-IBA930248,0.014129427709725133,0.018884009143064588
IITA-TMS-IBA930265,0.0098665046146484,0.0052727528679643995
IITA-TMS-IBA930266,0.013876516731414752,4.3917090093830745e-5
IITA-TMS-IBA930272,0.016328741218406363,0.008853722033432886
IITA-TMS-IBA950211,0.001449204964603428,8.673919087415073e-4
IITA-TMS-IBA950269,0.0164228166775343,0.0033071194835816563
IITA-TMS-IBA950947,9.733366638997299e-5,0.015876376380617365
IITA-TMS-IBA960860,0.0033854848093842304,9.687745630077322e-4
IITA-TMS-IBA960986,0.013783548937881704,7.861165185209035e-5
IITA-TMS-IBA961165,0.009989920463340405,0.011535959715245812
IITA-TMS-IBA961431,0.016490375582552494,0.009825565247950826
IITA-TMS-IBA961556,0.0043763747161157185,0.0019373003126159642
IITA-TMS-IBA974763,0.01391086083868422,0.023752786117144466
IITA-TMS-IBA980510,0.01702503540510123,7.100513799303064e-4
IITA-TMS-IBA982132,0.013491772002713735,7.421511576583827e-4
IITA-TMS-IBA990111,0.010633039459456902,0.030801368420409845
IITA-TMS-IBA990114,0.00627808364335876,0.038411266146410945
IITA-TMS-IBA990119,0.011079615338175138,1.4002111099455672e-4
IITA-TMS-IBA990222,0.007092753490833807,0.0073035247364388045
IITA-TMS-IBA990240,0.01057846822133836,0.0021983147400696725
IITA-TMS-IBA990304,0.010559221523375415,0.03277893769931038
IITA-TMS-IBA990411,0.009204685415309732,0.0026759051582478707
IITA-TMS-IBA990503,0.005062327678141022,0.021463561740831284
IITA-TMS-IBA990543,0.009806959440638271,0.013666959498758168
IITA-TMS-IBA990554,0.008992827393248307,9.301130800187303e-4
IITA-TMS-IBA990564,4.84091227719926e-4,0.007664816010153926
IITA-TMS-IBA990621,0.010860616351175831,9.190577468856655e-4
IITA-TMS-IBA991579,0.005588219815708418,2.742405655225688e-4
IITA-TMS-IBA991590,0.008591881558054588,0.006143438830781904
IITA-TMS-IBA991702,0.015936863684597926,0.01803091720529948
IITA-TMS-IBA991734,0.0069488559136536635,0.047719003677700954
IITA-TMS-IBA992123,0.0119935332871884,0.003013047763879802
IITA-TMS-IBA993073,0.006544103741116559,0.0060587886663469644
IITA-TMS-IBA993151,0.011935136002715115,0.0031624085926467765
IITA-TMS-IBA996012,0.013472448914288006,4.111494244102254e-6
IITA-TMS-IBA996016,0.014933356439415757,3.057031454470844e-5
IITA-TMS-IBA996017,0.014721397942062384,2.604960909226995e-4
IITA-TMS-IBA996069,0.010462153449133526,0.0029325339821913584
IITA-TMS-IBA996076,0.009991518798820914,8.760329262406548e-4
IITA-TMS-IBA997533,0.01921753160196391,0.012773263503941165
IITA-TMS-KAN950286,7.62366824938855e-4,0.02218205299537853
IITA-TMS-MOK980004,0.01275389241210578,0.002929325476259037
IITA-TMS-MOK980028,0.014939225542166592,0.01274543737428715
IITA-TMS-MOK980040,0.011580787344399702,0.0060640617859485475
IITA-TMS-MOK980057,0.010963239277901504,0.008742398519823008
IITA-TMS-MOK980068,0.008437774417929199,0.0021913073039708892
IITA-TMS-MOK980115,0.004284821809415008,0.021707434508215856
IITA-TMS-MM961751,0.0195632939879439,0.011058261073888381
IITA-TMS-MM961871,0.01050458267500122,9.657204209252529e-5
IITA-TMS-MM963665,0.0021376784329946406,0.010209037160599546
IITA-TMS-MM964496,0.013197420501131006,0.002912672292476596
IITA-TMS-MM965280,1.2236620122257143e-5,0.018831194642435715
IITA-TMS-MMM96JW1,0.013600352837891818,0.0029537195886591237
IITA-TMS-ZAR980135,0.007768965207431382,0.028581379819547403
IITA-TMS-ZAR980137,0.013689359023400295,0.0014306091228937822
IITA-TMS-ZAR980139,0.012212514083468884,0.004153258266613978
IITA-TMS-ZAR980144,0.010147709330606944,9.566429089185178e-4
IITA-TMS-ZAR980190,0.0070661902787600575,0.028618351970217438
IITA-TMS-MM970134,0.007385041051747372,0.011062462898957513
IITA-TMS-MM980299,0.0117966577686644,0.0024068250206962286
IITA-TMS-IBA920417,0.01398390206205157,9.529893387801484e-6
IITA-TMS-IBA920457,0.014660856451956425,0.0031228485776629423
IITA-TMS-IBA940066,0.045402906974931,0.03302885391693947
IITA-TMS-IBA960804,0.0013568651364319758,0.02129073286979451
IITA-TMS-IBA990313,0.0019984351268300758,5.342193592293344e-5
IITA-TMS-IBA997032,5.593633625123793e-5,0.03474309559463639
IITA-TMS-MM970016,6.438942253225743e-4,0.006497012723033602
IITA-TMS-MM971660,0.005645293257778109,1.2883530780943985e-4
MM97JW2,0.013124370895458927,1.60166569682783e-4
IITA-TMS-MM972480,0.009612855350563302,0.004542766062567455
IITA-TMS-IBA920342(4X),0.013045540383878767,3.7519913288174116e-5
IITA-TMS-IBA930070,8.785487933400248e-4,0.0066415375463623316
IITA-TMS-IBA960325,0.005984143337623807,0.011075310806000176
IITA-TMS-MH950414,0.007555347626433328,0.010562191458026907
SL861(4X),0.012862671882703399,0.0442000218082622
IITA-TMS-MM970092,0.01672212422301126,4.8740591188836343e-4
IITA-TMS-IBA970219,0.006756617207012882,0.03331055736143081
IITA-TMS-IBA997578,0.011367812287819558,0.00376013980849757
IITA-TMS-KAN930061,0.012844516314184996,1.9679887584798575e-4
IITA-TMS-MM970043,0.005529473766823511,0.0036664223089394694
IITA-TMS-MM970227,0.0077846691486684666,2.2030200364528047e-5
IITA-TMS-MM970646,0.00530926005178463,0.003245032389704574
IITA-TMS-MM970806,0.0044572588105429,3.9173671765858285e-5
IITA-TMS-MM971141,0.0037959993619554712,0.005370052192934135
IITA-TMS-MM971405,0.006679226333347315,2.630305587037023e-4
IITA-TMS-MM971899,0.009311203253042195,0.009781956479488235
IITA-TMS-MM971909,5.939310970619526e-4,4.948790891170633e-5
IITA-TMS-MM972220,0.004847452274285647,0.005986060054425935
IITA-TMS-MM972320,3.71966107462429e-5,0.022171693023297363
IITA-TMS-ONN8400401,0.008684813287119652,0.012906388351704344
IITA-TMS-ONN8800279,0.010424797929177691,0.020739003863675904
IITA-TMS-MOK000004,0.011459861519642097,0.01544570780097405
IITA-TMS-MOK000115C,0.011365114452405059,6.28388712626821e-4
IITA-TMS-MOK000141,0.007728812786391649,2.381435374557572e-4
IITA-TMS-MOK000142,0.010160885852265497,2.706582900745007e-4
IITA-TMS-MOK000146,0.011687375147010324,4.916350078568666e-4
IITA-TMS-MM980163,0.00976090254846084,0.0010046403862373492
IITA-TMS-MM990214,0.001735890211553202,0.002516835659609646
IITA-TMS-MM990302,0.014390966591602687,3.850588088930181e-5
IITA-TMS-MM990477,0.018667902907429743,0.010553243737512827
IITA-TMS-ZAR000120,0.009587871704558241,0.014098486888074874
IITA-TMS-ZAR000104,0.0194841626781498,0.0279285687174503
IITA-TMS-IBA960129,0.018524265673575565,0.007805456346514793
IITA-TMS-MOK000015,0.010970966136440496,0.016059718154914415
IITA-TMS-MOK000044,0.014859336648212953,0.025742113664670874
IITA-TMS-MOK000063,0.009442666550401558,0.0017809038871623236
IITA-TMS-MM963635,0.004170063328917248,0.010046521050283294
IITA-TMS-MM990268,0.018695379651140896,0.010937004300337852
IITA-TMS-ONN8800119,0.010558980847244505,0.0032448669328727277
IITA-TMS-MM980057,0.010759089374926666,0.00850829763992384
IITA-TMS-IBA920509(4X),0.0186630186420591,0.027395015322429887
IITA-TMS-MM966583,0.013955592581860816,4.3836631793226424e-5
IITA-TMS-MM980931,0.015344955139657557,0.01390661599179804
IITA-TMS-MM961839,0.007116690508509528,0.003511649117185036
IITA-TMS-MM980471,4.027989613931052e-4,0.0012452792722381075
IITA-TMS-MM981020,0.009666403153834711,0.012536542250662802
IITA-TMS-MM980747,0.006107314296648997,0.052287021017668016
IITA-TMS-MM013004,0.01260375751689613,3.779486138522517e-4
IITA-TMS-MM011196,0.021253904846526867,0.02141103526632581
IITA-TMS-MM985136,0.001411206506657698,0.009339913511599074
IITA-TMS-MM980034,0.011980451650938142,0.004291821372419686
IITA-TMS-MM964500,0.013908162461929345,5.798421291527573e-5
IITA-TMS-MM960287,0.01728162684493039,0.0022553879061990912
IITA-TMS-MM983437,0.009666583648528185,0.012654475442140213
IITA-TMS-MM960259,0.007018157955292655,0.014077709802574992
IITA-TMS-MM964019,0.009909722019837728,2.938954298701148e-5
IITA-TMS-MM010540,0.014804088890401417,1.4381416865824533e-4
IITA-TMS-MM968676,5.514182533699278e-4,0.01951878672800017
IITA-TMS-MM965055,0.01762842873558279,0.003554055416691304
IITA-TMS-MM961669,0.009384813276213261,0.004878137109028054
IITA-TMS-MM974580,1.896978348532116e-4,0.010663679061005142
IITA-TMS-MM970287,0.011155393979691031,0.0014958731236172221
IITA-TMS-MM972346,0.012967697944754454,0.0012142043322641606
IITA-TMS-ZAR000156,0.010704230703274309,6.047733421345963e-4
IITA-TMS-ZAR990207,0.013007179583903778,3.050508806476545e-4
IITA-TMS-MM980604,0.013356279722801083,0.012224987242662026
MV990395,0.013286871735389534,0.001533923212617547
IITA-TMS-ZAR000200,0.012149057562782662,2.5736372745983996e-4
IITA-TMS-ZAR010130,0.004097513992988468,0.005287766860350669
IITA-TMS-ZAR010087,0.01998885286516378,0.0060029430606666255
IITA-TMS-ZAR010071,0.001354010562365303,0.02421478310738963
IITA-TMS-ZAR010153,2.438732847670482e-5,0.004081015261674117
IITA-TMS-ZAR000012,0.005913557570495593,0.014428482725992873
IITA-TMS-ZAR010125,0.012242501942468653,0.002648965372646327
IITA-TMS-ZAR010053,0.01272953268059243,5.015242947649276e-4
IITA-TMS-ZAR010055,0.007188473394573382,0.0067813589092296485
IITA-TMS-ZAR010116,0.012648670132008672,4.6934618069627775e-4
IITA-TMS-IBA950961,0.003890642356870937,0.014785322264804944
SIMONYE,0.023642726881418916,0.026747716270455392
SILIRA,0.01067699634030019,0.0051070122556351105
L930447,0.013992230914673246,4.1770728149886715e-4
L930425,0.013147918531296343,5.144558912757993e-6
IITA-TMS-MM967204,8.860736909256072e-4,0.005760901523790163
IITA-TMS-ZAR970474,0.005484581697354371,0.008278228227747741
IITA-TMS-MM011161,0.01886339750953165,4.2306224094487596e-4
IITA-TMS-MM971750,0.016196612039844856,4.669022275042813e-4
IITA-TMS-IBAMP080243,0.01912873499056206,0.009168206137399272
IITA-TMS-IBAMP080340,0.004594244829358274,0.00247366890373573
IITA-TMS-IBAMP080427,8.447187619155887e-4,0.01511941756747093
IITA-TMS-IBAMP080575,0.021848692833436285,0.038836992875232824
IITA-TMS-IBAMP080742,0.013885292420047475,0.0250933542561293
IITA-TMS-IBAMP080814,0.005998709960035237,0.002567143200343665
IITA-TMS-IBAMP081175,0.01865707832189535,0.0171491972746746
IITA-TMS-IBAMP081831,0.0082337850487116,0.011169799035447351
NASE12,0.00787649687841148,0.010561260282298238
NASE8,0.013017776601891446,0.0416940071139853
NR010004,0.0020263588981548,2.4257356130696356e-5
NR7734,0.013090215815120907,0.0011629042522574415
NR8082,0.0013281522493194817,5.155714368230845e-4
NR8212,0.012872469219170065,0.009544403846753926
NR8421,0.005538346308900164,0.0072195696865457026
NR87184,0.006361937123926945,0.0035085793715038237
NR89123,0.006886202148856682,0.0018448640347459018
NR8949,0.007357040015531704,0.001834068093533056
NR930199,0.015583764792731165,0.013813665025460121
SM1620-18,9.472716502895676e-4,0.031085413075490807
SM1799-21,0.01697146697592832,0.027983927827670448
TMEB1,0.02286328965488665,0.046082081205798986
TMEB11,0.02681593973394104,0.0470468993075749
TMEB117,0.03293187627426972,0.0886650664863659
TMEB117(4X),0.03268175317064139,0.08880651003434806
TMEB119,0.0181621502401491,0.010873478324206032
TMEB12,0.026411261304458387,0.04619338573154162
TME3,0.02699085553009461,0.046765328233317444
IITA-TMS-ZAR980098,0.011244696928027252,8.790723719968029e-4
PRECOSE-DE-ANGOLA,0.017336375372689793,1.5830414501078878e-4
NR060117,0.005474180990508105,6.616780076858582e-4
NR060189,0.007091393191849163,0.004487108288117154
NR060242,0.004903844167541258,0.021464021159569587
NR060169,5.453517813416493e-4,0.029668651024153607
NR060246,0.013111348093395214,0.005169795965848815
NR060333,0.01724532700684784,0.0037849835621679715
NR060135,0.007688442912112112,0.009116827066369126
NR060080,0.004797667791030732,4.6279142492869054e-4
NR100011,5.6513632192967835e-5,0.04498422734811275
NR100024,0.0022882863893427816,0.04208790997905012
NR100079,0.01411567617469956,0.05786397639504157
NR100094,0.00759858186823445,0.002707492915493161
NR100105,0.010069987024362802,1.997552298543699e-4
NR100106,0.01627542266742888,0.005601464324433198
NR100116,9.81539297380314e-4,5.177911418146533e-4
NR100122,0.005514997868942645,0.0062017468177764405
NR100126,1.4767078969559945e-5,0.024803227590348264
NR100131,0.015319580870401132,9.050168829739806e-4
NR100145,0.012961350480780787,9.385126545142144e-7
NR100069,7.392760932796471e-5,0.029645050233012327
NR100155,0.015531093238435233,8.777528967653039e-4
NR100156,0.004097406823463224,0.027165204804193478
NR100158,0.009268681179814851,5.800299504161902e-4
NR100173,0.020730771457114137,0.0013479898228889097
NR100185,5.978312615080789e-7,0.017204392310736335
NR100194,0.011074289885289598,3.3832238733303956e-4
NR100196,0.007672267620960032,0.026400122654075528
NR100199,0.001710198215273371,0.05165831967298145
NR100070,0.009189937181919084,0.007891278405611974
NR100201,1.1895385649691914e-4,0.05447149407137376
NR100216,1.7028464154078074e-4,0.03926214908915473
NR100222,0.0022516721998041187,0.024399411978162977
NR100224,0.009355561863929334,3.935125454599983e-4
NR100225,0.0012493826413841878,0.051406325668525224
NR100226,6.076929950247373e-4,0.0012158975036176362
NR100230,0.014785286110494572,0.05652060766153198
NR100233,0.011411926299920602,0.004836258374469827
NR100238,0.016131092551743043,0.03987416689051141
NR100242,0.0108366610144349,0.001632823096873187
NR100077,9.884702386626933e-6,0.004699800977904808
NR100243,0.009108677310988175,1.803101624384196e-5
NR100248,0.06648500392822419,0.057585178105675906
NR100249,0.012753485482288055,9.754063856145886e-4
NR100252,0.011838805510147179,0.01274203556355648
NR100265,0.003407480083376457,9.976538810299167e-7
NR100268,0.01421168195793032,1.8529773159835995e-6
NR100269,5.102582190206198e-4,0.0026447512155129286
NR100273,0.010562937510402583,0.0018355535686784294
NR100287,0.017913541022202422,0.02640377794902518
NR100290,3.254622621097965e-4,0.0035268333858566184
NR100291,0.005279677892435614,0.009239493198506627
NR100297,0.013375144843283178,0.002057735080040216
NR100299,2.733714322017372e-4,0.024513199260054
NR100302,0.008405034948725035,0.006337870214137189
NR100306,0.013934971094638551,0.06215876836590136
NR100310,1.544282419891759e-5,0.026038655107642868
NR100312,0.014048039286922318,0.002418384349729624
NR100313,2.7445739478896654e-5,0.02832878739045794
NR100321,0.0024351773854837306,0.010813130675162173
NR100322,0.017469306060243963,2.155321904437963e-5
NR100323,1.8548678489479155e-5,0.004521556728221242
NR100324,0.010532281866800391,0.0057403790649440505
NR100325,0.006308959184803181,0.00979263207632508
NR100327,0.00610888993787142,0.004888925713712145
NR100329,0.0076641810079512455,7.242099953773063e-4
NR100334,0.05427750908306644,0.009316699725538068
NR100354,0.0013176459939766734,0.013680588528584997
NR100357,0.007541719825685216,8.20823445882178e-4
NR100375,0.014363396366919502,2.0059191711811137e-4
NR100401,0.015708702258297073,0.05055668280338775
NR100424,0.013269345646781009,0.031277162635561906
NR100429,0.0110963243376584,0.00116751564718912
NR100431,0.004535709700107555,0.004017602030156228
NR100432,0.010387588827194255,0.0017123746364581102
NR100433,0.013016313551352464,1.3265845074937244e-4
NR100435,9.26942546430223e-4,6.387755595548616e-4
NR100441,0.019155086015825665,0.0025647125316597638
NR100449,0.004349159329322935,0.004617696088545477
NR100450,0.014767529621308237,0.002447098729978538
NR100451,0.007998106097628115,0.0017511983236983028
NR100455,0.017888627448485243,0.016849617343244572
NR100462,0.0012036180629176661,9.656488130528289e-8
NR100474,0.015893557708619825,6.227058184245507e-4
NR100486,0.011966446323286853,0.0025532802691040166
NR100499,7.367522027747514e-5,0.026984728862147506
NR100501,0.013554296877254906,6.808680523909044e-5
NR100012,0.015778958542211643,0.005771766833622181
NR100013,0.015503978786077077,1.836682282489786e-5
NR100017,0.0064964360902221045,1.3458521063043253e-4
NR100018,0.01727746740531039,0.0033120004694488607
NR100019,0.007957990197642411,0.005990197606031833
NR100372,0.018524107047474286,0.006131235596050491
NR100022,0.01001380065798194,0.02316435077089795
NR100023,0.01807358612504074,0.0014724699522169395
NR100418,2.3361102426312045e-4,0.003845819298510319
NR100412,0.0033592979718024525,0.0030347130828515738
NR100414,0.009926243642952094,0.013144201034355572
NR100410,0.004998404862494254,0.010734462508809472
NR100417,0.012168061346663213,5.514183594589728e-4
NR100420,0.01337278541763695,0.0040807797896566895
NR100411,0.011858685402437792,9.823935281129354e-6
NR100408,2.176731401237673e-7,0.03166025336132666
NR100168,0.01121122241530141,7.830752574814061e-7
NR050100,5.508278476839719e-4,8.91723764703266e-4
NR050046,0.001957264542692476,0.0017916361544406166
NR050266,3.372657344551226e-4,3.7162497413000103e-4
NR050028,0.0010541836421654718,0.012980057231721045
NR050200,0.011527732711883119,0.013894176604627747
NR050362,0.009372455354097623,0.013739866005210084
NR050107,0.009842729159753205,0.0484766794572736
NR050067,9.771866177298075e-4,1.3019226251321625e-4
NR050052,0.001327257988644095,0.02108394568480898
NR060251,0.0040782322366634755,0.004883758777975596
NR070632,0.0040945893037747224,0.0048483026179330785
NR090022,0.0076714095514864925,0.021776291155395422
NR090026,2.4116786233525223e-5,0.0058935512485179895
NR090040,0.011648249286339315,4.150337669269622e-4
NR090054,0.007564033155545046,0.0043103476730093826
NR090068,0.01289442935316827,0.0016044081284638093
NR090072,0.00456028123752295,0.012519728715104737
NR090074,0.0075411171959301766,0.0017451451278996982
NR090076,0.002803300502971853,7.356608716322185e-4
NR090077,0.007342610484962227,0.010234970559453098
NR090078,1.3406975448886478e-4,0.0011204112964576427
NR090080,0.023001576638604766,0.0010927018427274644
NR090085,0.009732036173227075,0.003738210819614217
NR090115,0.021828613304326155,0.02035582183684686
NR090116,0.006889855003066517,2.6497530060804483e-4
NR090119,0.005686097252843577,5.078767029173246e-4
NR090127,0.013624819322821325,0.011715882842928868
NR090128,0.01140984472555702,0.0011095797244842145
NR090146,0.003981448937662369,0.0041006458194502785
NR090150,4.2293126637390983e-4,2.1431320258048927e-7
NR090162,0.012713838777926235,0.00102464748435239
NR090165,0.014552222073308795,0.007201521653112728
NR090176,0.0034627524505171435,0.0021180162942512713
NR090182,0.008528891712944284,0.008644557307026426
NR090187,0.016103645778350092,0.005893204198018974
NR090191,3.112596145748128e-5,0.0061501403613677934
NR090206,0.010466450750343687,0.007078235518514058
NR090290,0.016630473738084087,0.0012567419751761545
NR090310,0.0066870219355271866,0.007998527344082138
NR090317,0.0037179171115873477,0.0026384443362930964
NR110005,0.002552960659878264,0.006301483816747075
NR110009,0.015427655422613163,7.98622557778722e-6
NR110012,0.013552116607989098,0.0033388326239505326
NR110014,2.6811121861372556e-4,0.005069479460008047
NR110016,0.015646966977585823,0.0016503675729052933
NR110017,0.002818638742388288,0.00430764628341347
NR110021,0.012014283245251972,8.625467324544576e-4
NR110025,3.9234742217746923e-4,8.657750944763187e-4
NR110030,0.0030239284022400047,0.004410985329272032
NR110036,2.2467953953636332e-4,0.0013453990435026418
NR110044,0.012897861067995623,0.021300132403773077
NR110048,0.003178458569600174,0.007707985225701941
NR110052,0.003722002699728281,0.002002882584664974
NR110072,6.607476830183345e-5,0.03248393323584009
NR110078,0.017558682058391586,4.4092398439265644e-4
NR110079,0.014410399759787173,6.61926753263648e-5
NR110080,0.011789226331494132,0.004462619934140471
NR110081,5.752492867500818e-4,0.02053127886888043
NR110083,0.001508836317427874,0.005395644653235668
NR110084,0.011961952383009657,2.1523507370559445e-4
NR110088,0.011134466307796242,0.0070091807331586235
NR110092,0.010370468148313437,0.00641040791350359
NR110095,0.007721118826390475,8.488056046479578e-4
NR110104,0.009021023180874683,0.0028976873123342664
NR110105,0.00936825068421116,1.173059971241388e-5
NR110108,0.08524607907964625,0.010205913673217683
NR110109,0.006741850469790724,0.004281799445019312
NR110110,0.00849485081736305,0.0038184058597028054
NR110112,0.009980579379094577,0.008180475743475987
NR110115,0.017068478899068637,0.001858343667410634
NR110118,0.013634139725992731,0.04463867976669142
NR110122,0.006474868448889597,0.0036948844164632413
NR110126,1.5491496754240424e-4,0.0030432628806410325
NR110133,0.006439629923822538,0.006317047823227221
NR110141,1.7775009095374333e-4,0.014562822607516675
NR110143,0.017718899330304214,0.0012778494465548393
NR110145,0.0030172805142938326,0.00750291659411446
NR110153,0.001852492851208584,0.005192460245673112
NR110158,0.007153555358394196,1.3280946377301717e-5
NR110159,0.013410090704015448,0.016100952003888346
NR110165,2.1450751902570312e-4,1.6627765169412848e-4
NR110166,0.008937332266300106,0.016636993579755788
NR110167,0.010712529191340178,0.006365593800609159
NR110168,0.008921977126555652,0.01489600525282276
NR110171,0.012870962923457668,0.008319557965768635
NR110176,0.007797420021503552,0.007475108569778684
NR110178,2.225477468288564e-4,4.6551977849076823e-4
NR110179,0.014475703578679333,0.005074019851429018
NR110181,0.01631224757868958,0.001093386274180111
NR110183,0.011956840180936188,0.020969889291376005
NR110194,2.8660995859538256e-5,0.0025998398764010195
NR110212,0.011563608943289326,0.0024526663472427975
NR110213,0.009620407228172947,0.010829922609332961
NR110214,0.013460347882963549,0.001935639237445401
NR110223,0.007690613655914358,0.02229381734288479
NR110232,0.009298572353941147,8.267457643038551e-4
NR110237,0.001963272412247417,0.0021004597027749912
NR110255,0.011024904947579319,5.657778770526346e-7
NR110260,0.002914713088650278,4.5300333279448636e-4
NR110265,0.01363983015648644,6.842649206240726e-5
NR110267,0.013216902726933823,1.2097059130029717e-4
NR110270,0.024170309475425943,0.003722811050055266
NR110276,0.01135022617431408,9.681112038801023e-6
NR110282,0.008073940777878909,0.0028407454687841955
NR110289,0.007025124257258652,0.008924294925095815
NR110290,0.016441061901232852,0.004395403247736856
NR110294,0.006514811151880376,0.0013856779639870639
NR110295,0.021479292019291968,0.005410017103928837
NR110298,0.01202139065615523,0.0017657933460106428
NR110301,0.009406706685463529,0.03395416754964563
NR110309,0.001019007253426551,0.027394382037634488
NR110317,0.02023288382948277,0.009890922038244687
NR110320,0.014566955707427127,0.017009064067127416
NR110325,0.004113148170001906,0.01064767468764204
NR110327,0.014287382643288885,0.010034703454264039
NR110328,0.007811900117814614,0.009383690497798577
NR110330,0.0036126132957574057,0.02508463301030804
NR110331,0.005412503045184337,0.0025476536193942676
NR110337,0.0013930253499824165,0.001291794948894431
NR110341,5.843265918704929e-4,0.01358135202616941
NR110342,0.0015813808323197098,0.0010261552782426687
NR110343,0.00468013698217999,9.717978813593533e-4
NR110345,9.72707938860352e-5,4.61979832039012e-4
NR110348,0.016172423999956307,0.0016970725759700622
NR110350,0.038922693283651416,0.020965572884625163
NR110361,0.0010217710358884219,1.2501031734289036e-5
NR110365,0.022186410029230375,0.010122865030616855
NR110367,0.01239940056284338,0.022790635774434537
NR110370,2.76068295068732e-4,0.00280456139971825
NR110372,0.014644364931213915,5.156114521889777e-4
NR110376,0.013040582695252961,4.430006819674849e-4
NR110377,1.2103461909637428e-4,1.2756009760770835e-4
NR110383,0.004221219015006521,1.1046221284830359e-4
NR110385,0.002641065728348189,3.5646319731058715e-4
NR110386,0.009953203421287105,0.007417080189891141
NR110433,0.021907365397213423,0.008715143276368582
NR110439,0.013658719440843844,9.19800805964924e-4
NR110450,0.0060559464588153715,9.362111526506439e-6
NR110472,0.011072853258383844,0.010171066732440882
NR110476,0.019030039663803535,0.008643603934714791
NR110485,0.014575145172582673,1.362403547777711e-4
NR110487,0.006803674489617739,2.2551837124654977e-4
NR110489,0.0032005846198175435,0.0032673201151083007
NR110490,0.01357724764056434,0.003983393453176102
NR110493,0.01440299467095778,0.005160841512797186
NR110495,8.235662438030252e-5,0.0038795196128919955
NR110512,0.014898825094921901,0.006601042120205565
NR1S1011,0.04385605377713891,7.503795710862279e-4
NR1S1018,0.012628144619895943,0.023299804906299668
NR1S1048,5.734579719613954e-4,0.016147578424391625
NR1S1049,0.006132270126989138,0.023851727095313698
NR1S1059,0.0158851511780723,0.04094630018132165
NR1S1061,0.008849582602000302,0.003794704025295252
NR1S1070,0.008436590842296525,0.031159189669744954
NR1S1083,0.011580851532146287,0.0028277209524089734
NR1S1097,0.0013139394594086783,0.020622951132086214
NR1S1099,0.016164392587544412,5.964051421387923e-4
NR1S1106,0.006072356076195203,0.042867064426647866
NR1S1112,0.007145222215080502,0.0016222286811696676
NR1S1137,0.011383318502313437,0.004734403955684681
NR1S1141,0.024901064020399637,0.06745048219085306
NR1S1146,0.010291669354446321,0.007645196863296182
NR1S1151,0.007402039738043455,5.491702298562498e-4
NR1S1176,0.012827100398549621,0.0010852217106617442
NR1S1190,0.004744288834456174,0.03208392570689037
NR1S1200,0.015985530643635094,0.0426127302751719
NR1S1206,4.279375371616957e-5,0.029073582527527054
NR1S1210,0.0429710199555168,2.8829057760048607e-4
NR1S1217,0.012834852290301482,0.035878797342299054
NWAIBIBI,0.022710366636477627,0.015391577636853745
NR110106,0.010590275918202,3.650045831270326e-5
NR110160,3.403680649940672e-4,0.007442522640556674
NR110238,5.784238494934919e-4,0.016095544802177782
NR110312,9.875257743656886e-5,0.0027647464968871536
NR110315,4.7401138708866536e-4,0.015638527177120005
NR110031,3.13761739259041e-4,0.0066269204272675405
NR110384,9.238410832682433e-4,0.028462454606725588
NR110043,0.002199860727774473,0.0493400310658565
NR110478,3.4234403762523877e-4,0.017332802768395942
NR090200,0.010074319615434481,0.0202193677678171
NR090037,0.004253518531546502,0.01163120491770018
MH944041,0.023303463297205756,0.04622792423351218
NR020007,0.008775641926323722,0.009518891300858706
NR030174,0.011340356395299919,0.0047944321122901454
NR030211,2.83517401567547e-4,0.01084746666218072
TME11646,0.013345180609227169,0.014482290305760162
TME258,0.009394330964510537,0.006427279077742272
MM975280,0.021254057710214967,0.0990122019727666
MP080831,0.008283854414915633,0.011027026621279575
NR010161,5.8142769090362786e-5,0.022217324642303665
NR060186,4.948773062311254e-4,0.03204594876978949
NR1S1020,0.0047431957731449296,0.0032665278782027978
NR1S1050,4.902097821483018e-4,0.006498945517988972
NR1S1108,0.012446512495522036,0.004529920959644825
NR1S1159,0.01603240279471943,5.606832023431333e-4
NR1S1185,0.015275779430437078,0.0014690825779512852
RB98509,0.025826881612628725,0.07084348977118828
MV990395(DRC),0.013178012203976483,0.0017108061551597829
IITA-TMS-IBA970290,0.005971598863153662,0.028185937547554364
SS5(NASE5),0.005570227290153654,9.766230808848715e-4
IITA-TMS-IBA950594,3.575676965241597e-4,0.02048097649123579
IITA-TMS-MOK000068,0.007282554217294117,1.3136187072056035e-8
TMEB1000,0.022371880236311474,0.02269264318754977
TMEB1002,0.02280684532110942,0.014499938710464809
TMEB1006,0.02191597132722338,0.011155891053458369
TMEB1008,0.021195867057856557,0.02104285578672298
TMEB1018,0.012151172289752701,0.01709969267140569
TMEB1021,0.023161751802803103,0.015876172642411254
TMEB1022,0.012486572393523345,0.009198130348518421
TMEB1024,0.02032737318791919,0.011221326523978321
TMEB1025,0.026194601445819084,0.03026703733978355
TMEB1027,0.02178248192731735,0.10337852444637108
TMEB1040,0.018601813768361005,0.017498400558148407
TMEB1042,0.02591714213633396,0.04205628840118744
TMEB1044,0.025992171976744995,0.04239686503271808
TMEB1048,0.01227525115959313,0.008195555815445617
TMEB1050,0.018415703340110556,0.016565542665117082
TMEB1052,0.03277655480349747,0.0888671524247623
TMEB1070,0.022387536579367057,0.10247986143968989
TMEB1105,0.010725817555313788,0.00478199839067402
TMEB1108,0.014605788797143745,0.007058681165301561
TMEB1120,0.012988523147548687,0.0046281379971780745
TMEB1148,0.005275934769207829,0.028203368293799144
TMEB1156,0.031942935809735534,0.08585040580747871
TMEB1200,7.020258453130573e-4,2.5451042009409132e-5
TMEB1215,0.0038915293438128184,0.013953164294533757
TMEB1218,0.015614640206861244,0.0024029146915193946
TMEB1221,0.01094522114999932,0.010693019009191425
TMEB1222,0.012059292040712573,7.450276041617166e-4
TMEB1224,0.017428364680999703,0.003312571680405898
TMEB1227,0.026578361676911275,0.04611210729538586
TMEB1228,0.006470510795074992,0.0376481541631213
TMEB1240,0.07583601146030766,8.257913684081665e-4
TMEB1242,0.01753465824662142,0.006275164898211601
TMEB1244,0.017364813479249525,0.0032344995334985882
TMEB1248,0.005056012734438932,0.00837934943908801
TMEB1253,0.013906374439940073,2.4345177045611945e-4
TMEB1254,0.0021487431772225793,0.014196277529848379
TMEB1260,0.0035686745862713834,9.827551390655668e-6
TMEB1263,0.01821948921985964,0.0033070735879673296
TMEB1264,0.005821320477046684,0.03361662679501823
TMEB1266,0.009524610808713052,1.0682413188284078e-4
TMEB1267,5.365609875447816e-4,0.0026061838022186
TMEB1268,0.011705597651193321,0.0034056316341526836
TMEB1269,0.012200832734940438,0.004905453129631496
TMEB1272,0.03296039410978778,0.0891129325072271
ISSIANG,0.01375166911214972,8.274589631754773e-4
M.TAI-25,0.011490337457415555,0.007427697417532016
LEBAMBA,0.016204448190119725,0.004793112442810432
NO7,0.018215994403525993,0.004088816134261805
MAUNJILI,0.0141283517943625,1.5505104848155594e-5
MOCUBA,0.01841145992207456,0.0014551803978808133
NO2PLAN,0.005880459573999703,0.005607519136032894
TMEB1168,0.03269913176343342,0.08783421559771254
MBOM-9,0.001316672967286055,0.02126974917436018
MZP40003-4,0.013288826346256407,0.0012385587606509913
TMEB10,0.022351916524163747,0.01250433238952271
TMEB101,0.03288333829198575,0.0882080949411427
TMEB102,0.01885962470184552,0.006691777714806241
TMEB103,0.03260424764168281,0.08718328875104132
TMEB104,0.01838296688399048,0.006554129656325023
TMEB107,0.032960760350531165,0.08881158831632624
TMEB109,0.009514610017533752,0.02386937082287149
TMEB111,0.03294984378306643,0.08946050540505987
TMEB121,0.018778139385420257,0.005303643120573956
TMEB123,0.025236358722278557,0.05484257194792684
TMEB126,0.01044331316432062,0.02551664484096765
TMEB127,0.013170701882295188,0.04441661027454988
TMEB1001,0.022145499603329465,0.00873655373701461
TMEB1009,0.017457066742644255,0.006087901640201348
TMEB1010,0.020854009990189902,0.02154161912586497
TMEB1019,0.023073032689279863,0.01613398003920451
TMEB1032,0.021422007257387975,0.10480067393431204
TMEB1034,0.019643058255826434,0.08411747212411029
TMEB1038,0.020581678020672418,0.0018027426695160524
TMEB1045,0.019644285432684344,0.020058416394513504
TMEB1046,0.02303773976087009,0.01561951066746284
TMEB1047,0.022962838880703836,0.046341350461410254
TMEB1049,0.018944847170873445,0.014564378434767546
TMEB1099,0.01039193094013885,0.004957893719348212
TMEB1109,0.009574506167139826,0.0011346860862142848
TMEB1116,0.010244557058894875,7.007008730052208e-4
TMEB1131,0.030854062899511942,0.07927727945565308
TMEB1143,0.02299109264176863,0.046605203763018896
TMEB1164,0.010585447765875488,0.018851979974277608
TMEB1199,0.02639144796035098,0.046285850284462665
TMEB1212,0.0105665424349604,0.004896007850860084
TMEB1231,0.014067183077333997,5.230117578432837e-5
TMEB1232,2.7494472515938426e-4,0.0023269670034203617
TMEB1234,0.026475818133717407,0.04543800015123943
TMEB1237,0.013750584075757704,1.6126888990302882e-4
TMEB1243,0.017385295272773413,0.0054224066049738265
TMEB1245,0.0040594165494444445,5.94854975897048e-4
TMEB1246,0.009762821418519382,0.0018645438992137926
TMEB1249,0.013629154644652756,2.406738054264935e-4
TMEB1257,0.02300370270272766,0.040722778653046715
TMEB1258,0.017969942288484312,0.0034622882242467553
TMEB1135,0.01069384851204696,0.0045745765923996574
TMEB1238,0.014602277648682606,5.885825546788812e-5
TMEB1081,1.0059452230866765e-4,6.804543961633317e-4
TMEB115,0.02007754953454065,0.05614562992065825
NR15F1P013,0.0012963822482770528,0.01868616207938814
NR15F1P015,0.010034251921638803,0.00742990558979481
NR15F1P017,0.07232597760522763,5.46093676703978e-4
NR15F1P018,0.07935274048229307,0.0021457031652570434
NR15F1P021,0.005670635584181925,0.012549005033275832
NR15F1P024,2.0571267714428903e-4,0.006857685987661208
NR15F1P025,0.008320304393127155,1.558005601563079e-5
NR15F1P029,0.012939358620227838,9.144853449929949e-4
NR15F1P032,0.0327922886493016,0.0018401797141795568
NR15F1P040,0.013057876966613136,2.1321093944651066e-4
NR15F1P042,0.009848421687895258,0.012372889202358045
NR15F3P007,0.01728630855083363,0.002740721385306752
NR15F3P009,0.008351361873469344,0.03496114402957841
NR15F3P012,0.028270353079823625,0.003986064012421542
NR15F3P015,0.013166066241107091,0.007550188512991445
NR15F3P017,4.091673725835012e-4,0.015546093317936781
NR15F4P007,0.002540203681111693,0.004592216025234929
NR15F23P003,1.5570223456384038e-4,3.579418342701619e-4
NR15F24P001,0.003941082999027818,0.004874088783455399
NR15F24P002,0.013379730927586894,0.007602215639970598
NR15F24P007,0.003224360638173742,0.0026505717361630043
NR15F25P001,0.013264299564993469,0.018192555371354228
NR15F41P001,0.0026492689187928016,7.283813636275257e-4
NR15F41P002,0.003500079750825943,1.9879565003355094e-5
NR15F44P002,0.007392978199942965,0.011525230479119367
NR15F68P002,0.06244844754007818,0.0020737905914383825
NR15F81P001,0.002617131872869727,8.518470033437671e-4
NR15F93P001,0.010956685969543248,0.012837945673023573
NR15F99P001,0.0049373670117484085,3.6618718430931366e-4
NR15F99P006,0.009293898056933852,0.01477967718826907
NR15F100P001,0.010512316203490336,0.004002356573689735
NR15F116P003,0.008191249598683528,0.001390570507777944
NR15F116P004,0.025749890180737884,6.648593357812342e-4
NR15F118P008,0.007023119133462043,3.4396943232602905e-4
NR15F116P001,0.014756933874409229,4.861965103371783e-5
NR15F119P018,0.00763907991030733,4.547059771829826e-4
NR15F135P001,0.010034692849662272,0.002580052933335404
NR15F4R22P01,0.0026462609695422504,0.024741470789209137
NR15F4R27P05,0.013273831114245798,0.002237707584579487
NR15F12R27P05,0.0010387093077447159,0.01930219655306851
NR15F19R10P01,0.012322173199086498,8.693433229938417e-6
NR15F24R26P01,0.02037671597859444,9.110538649753382e-4
NR15F27R14P01,0.009725929407000043,0.017974792165677524
NR15F28R13P01,0.016451428830190348,0.0029697687461918225
IITA-TMS-IBA960592,0.0039693308449032065,0.004024093548849589
TAJIRIKA,0.008112546871389374,0.00604137858093676
SHIBE,0.012042997635357405,0.0037640797393652275
SAUTI,0.007063403972338274,1.4724786614636002e-4
SAGONJA,0.0071063525309527234,4.953997614265993e-5
PAPKING_IRRUA_,0.012468778350441374,0.02214439599762632
P8_P2B2,0.021718173152687203,0.0079696583356049875
ORERA,0.017897232490016915,0.0068956732956402585
NZIVA,0.011769986684118886,0.006001456252334786
NANCHINYAYA_II,0.006094275589453907,0.033981555529862824
NANCHINYAYA,0.023348940000997992,0.027179223846689873
MBOMA11,0.023403153796137575,0.03306434784854966
L9_304_714,0.014802998490178932,0.0012037702518412922
L9_304_614,0.014366873502999943,5.676490809241017e-4
L9_304_259,0.012269786857504078,1.927098621044445e-4
L9_204_1613,0.010809638260001612,0.005115810369948798
KIBANDEMENO,0.013275903840381648,0.005637358290968182
KBH2006_26,0.0029259960982356606,0.001787183482262888
KALAWE,0.016357131121523833,5.095703776343471e-7
NASE14,0.011425976261784045,0.03490520831730318
MM060130,0.020862238009945844,0.008227393770818384
Mkumba,2.202850008302477e-5,0.01765027555309659
NR15C1aF100P001,0.015105281361306355,3.029211966920508e-6
NR15C1aF116P001,0.010097563024626128,0.002643245704957846
NR15C1aF23P003,1.0449043697746646e-4,4.5765046747779187e-4
NR15C1aF24P001,0.0037087911465091584,0.0046786402273065065
NR15C1aF24R26P01,0.012219555219337904,7.375267891596682e-5
NR15C1aF25P001,3.7921175530199533e-4,0.016484860740259753
NR15C1aF28R13P01,1.2256081571321273e-4,6.588291625378569e-4
NR15C1aF44P002,0.007682454423416213,0.011925071817729513
NR15C1aF4P007,0.009799242727542484,6.141598496311006e-4
NR15C1aF4R22P01,0.0026784136643858364,0.024484911753391056
NR15C1aF68P007,1.5265689250377727e-4,6.592322378369035e-4
NR15C1aF93P001,0.011946206197704876,5.936843640717343e-4
NR15C1aF99P006,2.0878217721570397e-8,9.328696220003462e-4
NR15C1aF9P002,0.005507664113836668,0.0013172334610925729
KIZIMBANI,0.012715229010762084,0.013418966530187874
NR18C2bF10P0015,2.9076474466590695e-4,0.020573558994990637
NR18C2bF10P0019,2.1441799809724014e-4,0.026122355242389275
NR18C2bF1P0058,6.072858574274699e-4,0.005991723199455158
NR18C2bF1P0081,6.521766001577116e-5,0.004092575717305281
NR18C2bF3P0002,0.0013658098684621452,2.48795622752609e-4
NR18C2bF3P0041,0.009483959373806876,9.705455445893437e-4
NR18C2bF7P0024,0.01104418389373216,0.004862028916258707
NR18C2bF7P0043,2.0116227806285614e-4,0.016094676456256115
NR18C2bF116P0001,0.021162955795137446,1.4321736289216096e-4
NR18C2bF134P0009,3.987735881382943e-4,4.067770238297381e-4
NR18C2bF135P0043,0.011950995112844262,8.254267710249458e-7
NR18C2bF135P0089,0.013302233346750975,0.0027653544953819297
NR18C2bF139P0003,0.012965027028655794,1.6211447775785375e-5
NR18C2bF141P0005,0.01113821724654172,0.003917693294861455
NR18C2bF141P0006,0.011462405237994081,1.3390468278253961e-5
NR18C2bF143P0003,0.008116804370465408,1.7651991051697433e-4
NR18C2bF143P0004,0.011679174799204602,0.004567480511922223
NR18C2bF144P0006,0.009643273159559783,2.1259257232670878e-5
NR18C2bF144P0011,0.011329591206288566,5.542365232188003e-5
NR18C2bF146P0005,5.123342602328891e-4,0.0021947493669512656
NR18C2bF148P0010,0.009542865790485676,0.006610784268092579
NR18C2bF148P0012,0.009682891709126396,0.0017903204855669011
NR18C2bF148P0021,0.00396595548939874,4.49692433245792e-4
NR18C2bF148P0023,0.008265522936676038,0.009903151337844678
NR18C2bF151P0002,3.9981913056290444e-4,0.0016482816227975387
NR18C2bF152P0002,0.00927214112101081,0.0034617830476884395
NR18C2bF152P0020,2.018818951977884e-4,0.0035768494043882156
NR18C2bF153P0005,0.011047237441146242,0.001507978006872608
NR18C2bF154P0007,0.08793821892835568,0.0066187990565445
NR18C2bF158P0002,0.010018914467708214,0.0031130990200872698
NR18C2bF162P0010,0.0011426810904863244,0.004289206362886793
NR18C2bF171P0003,0.008829123618917375,0.002154190698255385
NR18C2bF175P0002,0.013158399099754609,1.9119974096367548e-4
NR18C2bF175P0003,0.013630656557884526,6.174410664859082e-4
NR18C2bF175P0008,0.003452175114978349,9.725592957614433e-7
NR18C2bF175P0012,0.0034994873584093655,5.8537639272097566e-6
NR18C2bF175P0014,0.004711900175961446,3.737721612563416e-5
NR18C2bF175P0017,0.011373242512047145,7.136670250680534e-5
NR18C2bF175P0019,0.003916704878451484,7.726756930766734e-5
NR18C2bF175P0037,0.010674628601954124,3.4213650602638935e-5
NR18C2bF175P0040,0.001285817192698363,7.374730524845768e-5
NR18C2bF175P0045,0.0030224580414771516,0.0013019053617961275
NR18C2bF176P0024,0.0018320808685925662,0.0027454520647406124
NR18C2bF176P0030,0.041374425386030506,0.005452181304650407
NR18C2bF11P0005,0.011082304283705812,5.115437941146204e-4
NR18C2bF11P0007,0.013409340672366652,2.6461877883750896e-4
NR18C2bF12P0010,0.007700030756469212,0.0014476750237335252
NR18C2bF13P0003,0.014395939066245884,0.006685071040873833
NR18C2bF13P0005,0.013281780592009441,2.540169880596206e-4
NR18C2bF19P0007,0.011053165948339086,0.04398841787463652
NR18C2bF22P0013,0.010530278603641804,4.1048630886234146e-4
NR18C2bF24P0004,0.015221576280957265,0.011618017992558774
NR18C2bF26P0001,0.010878851319146756,0.0013477292341181773
NR18C2bF34P0001,2.941341713301316e-4,0.002271921830307972
NR18C2bF36P0008,7.35916521935289e-4,0.003250794315470524
NR18C2bF41P0016,5.488086413694866e-4,5.184102866761913e-4
NR18C2bF47P0005,1.9891098333782702e-4,0.007056801669196212
NR18C2bF53P0003,0.010037200779474932,0.007424549679733184
NR18C2bF60P0002,0.013149455691489339,5.663944283338956e-4
NR18C2bF64P0003,0.011643267473122778,4.108081449008515e-4
NR18C2bF67P0009,0.010588905901709498,4.618426792628395e-5
NR18C2bF69P0003,0.036404975901205804,0.00860287083410401
NR18C2bF97P0006,0.012818755699477317,0.0018667120004760792
NR18C2bF98P0006,0.008954663793313677,1.2277818283193195e-4
NR18C2bF101P0001,0.003249024753708973,5.48347652672085e-4
NR18C2bF101P0005,0.01043507293731956,3.7263347659959565e-4
NR18C2bF102P0039,0.01263225684275905,0.003697278508601109
NR18C2bF106P0015,0.001019779136206122,0.005491215678071175
NR18C2bF108P0002,0.05287510333668383,3.867203006067502e-4
NR18C2bF110P0011,3.147663956029896e-4,0.0021271897042675733
NR18C2bF110P0055,0.0129794075746684,8.540805735592628e-5
NR18C2bF110P0075,2.95928331117822e-4,3.486771872587695e-4
NR18C2bF110P0081,2.191818692644566e-4,3.392236516914456e-5
NR18C2bF111P0006,0.013364620759159776,0.0011470117634323782
NR18C2bF111P0010,0.012322288273951544,8.384876639179803e-4
NR18C2bF176P0033,0.0966246772292371,0.00629345853451246
NR18C2bF177P0002,0.008891574755438166,0.0035514933991806817
NR18C2bF177P0004,0.008999658455849541,0.003448115155204875
NR18C2bF182P0007,0.01206723574563576,0.002233243587790791
NR18C2bF190P0005,0.0010214090104379316,0.003910453478312102
NR18C2bF193P0004,0.01031924605612495,0.0047406915725581615
NR18C2bF198P0002,0.0017472949958339508,0.0033005689111951274
NR18C2bF200P0003,0.022264739803586862,3.984711412573036e-5
NR18C2bF205P0010,0.00916417138913764,8.5560096585605e-5
NR18C2bF223P0002,0.009206272435263892,1.5933989616263497e-4
NR18C2bF228P0014,0.012041153013204384,0.00280407210869043
NR18C2bF239P0010,0.01094331857079485,0.002807488157010927
NR18C2bF249P0009,0.00908576244089623,2.834920706483613e-5
NR18C2bF255P0002,0.008906420031014736,0.0044449732700751
NR18C2bF255P0008,0.011424202186024135,0.0016438564521024134
NR18C2bF255P0012,0.01008673334217339,0.0010099567006340406
NR18C2bF255P0014,0.009484294996702418,5.957881537508872e-4
NR18C2bF258P0001,0.0908751886107471,0.005989997556126082
NR18C2bF258P0002,0.010477879764861836,8.070048232647723e-5
NR18C2bF258P0005,0.010175683273367759,3.7006596673587174e-4
NR18C2bF258P0011,0.027422386437309796,5.179670797842807e-4
NR18C2bF260P0001,0.01187464722393639,0.0018126911240284845
NR18C2bF260P0004,0.008372494267286949,6.204298590344683e-4
NR18C2bF277P0006,5.653305790873019e-4,2.1797604792675452e-5
NR18C2bF280P0001,0.049582374332606344,0.002647588955042217
NR18C2bF283P0010,0.011781472385045996,4.023272798110911e-4
NR18C2bF284P0004,0.007764862571930955,0.0017257597367049428
NR18C2bF284P0005,0.013344415691138537,1.0472968789062916e-5
NR18C2bF286P0004,0.010806394471409273,0.004241783426884009
NR18C2bF286P0007,0.010347076741505633,0.004997408734444985
NR18C2bF286P0008,0.009036391892630754,3.5858307539903375e-6
NR18C2bF287P0002,0.002228718214829224,3.7641186659936513e-4
NR18C2bF287P0004,0.00435211273725453,1.2920633495605926e-4
NR18C2bF287P0006,0.00979290624187387,6.267070568929515e-5
NR18C2bF287P0007,0.01870194685531563,8.840488526223494e-4
NR18C2bF287P0008,0.008702842224889693,0.0026737938687864797
NR18C2bF287P0010,0.009191491158462633,9.945066223973754e-6
NR18C2bF287P0015,0.021069966011453303,1.9574987450032106e-4
NR18C2bF287P0017,0.0027686365935744657,9.176170700396947e-4
NR18C2bF287P0018,0.010811388434181099,4.766133165570208e-4
NR18C2bF287P0019,0.018071181389706096,0.0017124336366915868
NR18C2bF289P0005,0.049520780258086726,0.003266342185395514
NR18C2bF293P0001,0.010025332020345603,0.0022823169127392804
NR18C2bF295P0001,0.011427538015653998,1.0635737036217773e-4
NR18C2bF296P0001,0.009769738757944266,0.004786322352683698
NR18C2bF299P0001,0.009703778546161683,0.0037871886763312596
NR18C2bF300P0001,0.032097689255641555,0.009506900436042255
NR18C2bF301P0003,7.898078342725687e-4,0.0049747001494972656
NR18C2bF301P0009,0.007955341767275276,0.006647483107076644
NR18C2bF302P0003,0.009526361341575057,0.004835840408785379
NR18C2bF303P0015,0.012503547242477125,5.102360515878971e-4
NR18C2bF303P0017,0.010441953170113124,0.0011270355125194004
NR18C2bF303P0018,0.008071471913464724,0.002250422201106787
NR18C2bF303P0019,0.009690229632778616,0.007364170930729111
NR18C2bF303P0020,0.00962969577376565,0.009803975005453821
NR18C2bF315P0001,0.010851592159534662,0.011935013856854656
NR18C2bF317P0010,0.010863036123402952,3.781900185360267e-5
NR18C2bF317P0011,0.0033083138095277814,1.6666883404632817e-4
NR18C2bF317P0013,0.011773169963011199,9.491892531776754e-4
NR18C2bF317P0022,0.00314977135005931,2.492965768853695e-4
NR18C2bF324P0003,0.0833656738155,0.026281732059524426
NR18C2bF326P0001,0.003277805130338215,3.011392345966579e-5
NR18C2bF336P0014,9.169927190686324e-4,0.0013728627024881873
NR18C2bF338P0005,0.0010368581860004456,0.0036202216798783718
NR18C2bF345P0006,0.012073369678211057,0.008046721152411538
NR18C2bF347P0004,0.010547632225160966,5.55409378163224e-4
NR18C2bF349P0006,4.0150193911267653e-4,1.7847199918632508e-4
NR18C2bF351P0001,0.0014221728580431762,0.001125195832445706
NR18C2bF351P0005,0.006472658581316825,0.0017058050076757731
NR18C2bF354P0006,0.02290601492355924,0.003198702218852393
NR18C2bF355P0003,0.001260490843930323,7.67391543031951e-4
NR18C2bF356P0004,0.009082469062419968,0.00215762580000813
NR18C2bF358P0005,0.012618576029004899,0.005133054842179799
NR18C2bF359P0010,0.00904080420963318,0.0015947530556854994
NR18C2bF360P0004,0.007488252870535209,0.001075290077447999
NR18C2bF360P0006,0.009113301298668644,6.998203765862285e-5
NR18C2bF361P0012,0.03874827233002577,0.004305757886329693
NR18C2bF363P0009,0.01090186143052835,8.457889649506481e-4
NR18C2bF364P0009,0.007470822938652499,0.00614804806830536
NR18C2bF365P0007,0.011055536022242634,4.7540195491084924e-5
NR18C2bF366P0020,6.529827401956297e-4,8.683803436298195e-4
NR18C2bF369P0009,0.007295500976711566,0.010576660453203756
NR18C2bF370P0004,0.00505371995081844,7.37975940406764e-5
NR18C2bF377P0002,0.011396679784700497,0.003254946760979322
NR18C2bF381P0003,0.01077607426432638,0.001762419674847057
NR18C2bF382P0012,0.05557168327185648,0.0031545379668068436
NR18C2bF384P0002,0.008271688293579736,0.015787949297766564
NR18C2bF393P0005,0.01444134139155742,0.007435022331725091
NR18C2bF394P0017,0.004037100372736735,1.7174299460226807e-4
NR18C2bF403P0004,0.010151352913421794,1.7560582245059954e-5
NR18C2bF404P0005,0.011131755688663161,0.0036795903269475406
NR18C2bF407P0005,0.00927871457278321,8.991649023172795e-4
NR18C2bF407P0015,0.05510761625407348,1.5266961995500812e-4
NR18C2bF408P0014,0.011190269880747488,5.510766479430552e-4
NR18C2bF414P0003,0.01197553241037941,9.443762146159054e-4
NR18C2bF415P0014,0.01123347594161768,5.639270787121467e-4
NR18C2bF418P0007,0.011546221728287693,2.8040338851123256e-5
NR18C2bF419P0008,0.011168333186596841,0.004880958597507068
NR18C2bF422P0003,0.008643496768001246,9.142997676824436e-4
NR18C2bF431P0002,0.011976608778074285,0.004475755397165377
NR18C2bF431P0003,0.00931237017947054,0.0012080168583381249
NR18C2bF437P0006,0.0035284825529207247,0.0030146403172833735
NR18C2bF438P0009,5.373547316229183e-4,7.232890736505183e-5
NR18C2bF438P0010,7.406566097791294e-4,1.1597492197788275e-4
NR18C2bF438P0014,6.392965959258022e-4,6.355774938308929e-6
NR18C2bF440P0001,0.014345699728979358,0.0025030345934043538
NR18C2bF440P0007,0.013419572080265998,0.002503433066342052
NR18C2bF440P0009,0.01762626665566381,0.00491518500004296
NR18C2bF450P0001,0.009213656004883589,7.371816228103689e-5
NR18C2bF452P0003,0.00808933702375534,0.0017060107394364363
NR18C2bF453P0001,0.010531005186376681,0.01682618024259273
NR18C2bF454P0034,0.032862108097222203,0.017685885504787335
NR18C2bF464P0001,0.0041613291582046795,2.1836001363962842e-5
NR18C2bF469P0008,0.009928132676678409,6.322751937436238e-4
NR18C2bF471P0004,0.007930985049967292,9.505228727201197e-4
NR18C2bF471P0007,0.011276596777702215,0.0012423710653282087
NR18C2bF471P0013,0.009143513099099856,5.440963938592647e-4
NR18C2bF471P0018,0.010913955770094587,4.44882586370137e-4
NR18C2bF472P0001,0.051904157326683575,0.02502314979850783
NR18C2bF476P0026,0.011383192663873908,0.004989280066866072
NR18C2bF476P0032,0.009064899823308272,7.837801147204781e-4
NR18C2bF483P0007,0.006622101769481539,2.8915366456451974e-4
NR18C2bF486P0011,0.012286971901551843,0.012071058202238522
NR18C2bF488P0010,7.651736267250514e-4,0.003794822184063809
NR18C2bF490P0016,0.023776865374826324,0.010726214366766542
NR18C2bF491P0002,0.00820605322960494,0.02855801301268632
NR18C2bF491P0005,0.008618708031693841,0.02691728542219511
NR18C2bF497P0008,0.019574660694004525,0.0070709552629893094
NR18C2bF497P0022,0.008631646503399015,6.387158796266384e-6
NR18C2bF502P0004,7.899850389590125e-4,0.00445371176003905
NR18C2bF502P0007,0.003224869210477125,0.008778467015978958
NR18C2bF504P0038,0.01034734185347664,5.737496915858152e-4
NR18C2bF504P0138,0.01261355283267177,7.093626285084706e-5
NR18C2bF504P0216,6.573504271847794e-4,3.317244489974315e-6
NR18C2bF504P0223,4.682088720489469e-4,0.0018522023450806156
NR18C2bF504P0247,0.010021498222813851,0.0010624366317500632
NR18C2bF505P0010,3.4969468892719703e-4,1.4473824846651545e-4
NR18C2bF505P0019,3.1212749909580544e-5,1.2985490473250866e-4
NR18C2bF505P0036,0.00866430433693323,1.9052641221051575e-8
NR18C2bF507P0009,5.40954276696681e-4,1.4123320923124428e-4
NR18C2bF507P0024,0.014307931608174769,7.032473346119591e-7
NR18C2bF508P0003,0.046788253626850615,8.471944158060756e-6
NR18C2bF510P0001,0.018014972557474793,0.005962827784665101
NR18C2bF512P0016,0.031424627757821566,0.003733448719463602
NR18C2bF513P0014,0.010448630756733267,3.5037038023464424e-6
NR18C2bF516P0042,2.647595592213126e-4,0.004551024182916709
NR18C2bF524P0005,0.00947515648302839,0.01778891356572069
NR18C2bF525P0001,0.012220659133356801,7.880325591811142e-4
NR18C2bF525P0003,0.01281893796823868,0.002536042643370528
NR18C2bF529P0018,0.042305433370601456,0.004333518907859789
NR18C2bF533P0014,0.011293560784332322,0.0030318875910037906
NR18C2bF533P0026,0.011011730383725611,7.348323040127907e-4
NR18C2bF538P0004,0.0041578143404285926,6.884549783539455e-5
NR18C2bF541P0008,0.010883225850044604,0.002556995896820245
NR18C2bF554P0005,0.013193248528179656,0.004601162059677684
NR18C2bF558P0003,0.0012960617787426707,8.949491703712359e-5
NR18C2bF558P0012,0.001938132338833183,0.001767627382818092
NR18C2bF559P0015,5.687584313928034e-4,0.0017413811119513975
NR18C2bF559P0026,4.079507108450566e-4,2.6063205292405763e-5
NR18C2bF559P0051,7.537369670385784e-4,0.0019602536506035597
NR18C2bF559P0055,0.0232546571911529,1.6612074879996885e-4
NR18C2bF559P0064,0.0014840021105819137,0.003354340430665053
NR18C2bF560P0007,0.008743119642484412,0.0036636246500596826
NR18C2bF560P0019,0.0013504335050120331,7.571999003456749e-4
NR18C2bF562P0010,0.0078294349224256,5.161079803419733e-4
NR18C2bF563P0003,0.013600810707815712,0.00253206161673039
NR18C2bF563P0008,0.013234433817609154,6.647390993912755e-4
NR18C2bF563P0010,0.013543101976068613,0.0015405499676661382
NR18C2bF563P0011,0.013398962122477421,4.6413819755348237e-4
NR18C2bF572P0007,0.009720936310089445,0.007056204931070708
NR18C2bF572P0012,0.08359044875543717,0.020186028214371703
NR18C2bF572P0014,0.011253121082938262,0.005907900779198174
NR18C2bF573P0006,0.009476217849464414,3.320324206337837e-4
NR18C2bF574P0006,0.00971120112553301,9.224135220343904e-4
NR18C2bF574P0011,0.010040726685239747,0.008665247024155352
NR18C2bF575P0026,9.409947903414392e-4,0.010987205978403563
NR18C2bF582P0008,0.00888918042911821,0.004129209312145106
NR18C2bF582P0016,0.001307338365027983,0.009294938483215078
NR18C2bF586P0008,0.008959324222402964,0.0022742916593158414
L9_304_25,0.01452443195454369,1.4553381149189095e-4
IITA-TMS-IKN120210,0.01712961869701694,3.9061699591404653e-4
IITA-TMS-IKN130010,2.968322839541284e-4,0.04054799383694601
KALESO,0.0034640354624761367,0.03033357087892651
NR130124,0.010547376863027043,1.2531066831628453e-4
TMEB1775,0.004625182969260571,0.0252676016957424
TMEB1347,0.0037784368488577836,6.202797451935208e-4
TMEB1776,0.010796210410485854,0.012104483030878
TMEB1341,0.0035686283923710023,0.007878040764052517
TMEB1981,0.013533217909165743,9.942265284882395e-4
TMEB1937,0.010207883567942421,0.007631940715502072
TMEB1349,4.793683411292631e-5,0.0019253676827214149
TMEB1788,0.005923343800233556,0.03346765624398102
TMEB1786,0.01731740886167126,0.005806373497478797
TMEB1346,0.007243752528788174,0.008089495280802658
TMEB789,0.023695901492388028,0.02792134024908312
TMEB1310,3.269021581656989e-5,0.03821591880209452
TMEB539,0.02246558641350584,0.022533264864226115
TMEB2,0.019683754743796487,0.01604765268445181
TMEB778,0.0016370184736064983,0.03420535352331853
TMEB590,0.021194606383340225,0.09274863155868134
TMEB1333,0.012846297517700493,0.03416487758392334
TMEB1332,0.012944535680113979,0.034534199693608644
TMEB2146,0.01585739668508798,0.0023608850163681955
TMEB2139,0.012937590456733717,0.042872914514833535
TMEB2135,0.006478313281422446,0.0037430849595782778
TMEB2141,0.00709955606949326,0.001903438042372837
TMEB13,0.02308438412642288,0.045764570920761534
TMEB1309,0.02149650179366475,0.02088376073729719
TMEB1334,0.022060742146197312,0.09847867171841312
TMEB1336,0.007899725255048694,0.010496961958834978
TMEB14,0.02670404885733134,0.046317726025058896
TMEB145,0.014492968409627853,0.02532810493148876
TMEB1738,0.03240041002896564,0.08819237274539307
TMEB1794,3.551562030851419e-4,2.6854421963498957e-6
TMEB199,0.025070580972008257,0.06941141459746486
TMEB203,0.023073122914947043,0.04661221117340399
TMEB203(4X),0.022844792169912028,0.046040578492908026
TMEB204,0.025673762116471363,0.07135685003748539
TMEB207,0.014786289046881762,2.6961957361623606e-5
TMEB225,0.02576329554355859,0.06952223266824457
TMEB237,0.020197679765230347,0.0024758125860869637
TMEB239,0.026078700326216613,0.04609313787291558
TMEB279,0.019143945105502193,0.016075141534278352
TMEB282,0.01078627713859054,0.02221118234956537
TMEB296,0.02756980636544964,0.018924581304471656
TMEB379,1.182381031966585e-5,0.002408414007645483
TMEB388,0.011054648402539865,0.033567757825226065
TMEB4,0.02636277657409445,0.04611516027184488
TMEB419,0.023121555726714784,0.054479966759697546
TMEB5,0.026597726493920705,0.04612742972479538
TMEB594,0.018210022145022247,0.004665435112951581
TMEB6,0.026823109180330162,0.046395005189203344
TMEB693,0.03260910169932086,0.08931143433149355
TMEB7,0.026766215444873568,0.04662106974378543
TMEB785,0.00157240421993662,0.03449933865797421
TMEB8,0.023202765646389584,0.009443608323154384
TMEB9,0.016213015493677978,0.06132781964714925
TMS000338,0.00943572965635748,0.0013511885175550497
TMS000346,0.008033745690691266,3.638680942251886e-4
TMS000354,0.009388787809216943,8.67304839184519e-5
TMS000364,0.008086999676820333,3.473773971213564e-4
TMS000388,0.009961565679121629,0.001479235080673161
TMS010128,0.019371046621437647,4.45114601887306e-5
TMS011097,0.0024888947914016466,1.6111794190313953e-4
TMS050540,0.006158514971658258,0.010967921163680876
TMS050751,0.013677522781390667,0.009566459861094445
TMS050752,0.012158968567866668,0.005788794826611965
TMS070099,0.014789618504190905,3.3010950158917987e-5
TMS070352,0.004430821079659342,5.431173072348806e-4
TMS070489,0.012265872537561203,0.017857816721918062
TMS070863,0.002127331116891365,0.019749902614529982
TMS010632,0.014259992547889082,0.0063848081176094505
TMS000355,0.05000167411915873,0.003194265439196016
TMS13F1008P0006,0.012740121729195664,7.634247126318876e-4
TMS13F1008P0020,0.011114864024485967,0.006588403082769434
TMS13F1020P0002,0.0123489214905773,0.003264475323316232
TMS13F1020P0004,0.009697001629962702,5.712008799813764e-4
TMS13F1024P0002,0.011682533114403473,0.0064202544663263675
TMS13F1028P0007,0.0792939015812395,1.607546748334831e-4
TMS13F1034P0019,0.06440765657134032,0.0031682848851155364
TMS13F1045P0019,0.018722992796987827,0.003389446647468802
TMS13F1050P0008,0.017151172761332042,0.008987280410426483
TMS000210,0.00714587845463946,0.0035040996763445725
TMS13F1024P0003,0.013590420282482108,0.0019349892177267305
TMS13F1028P0005,0.008867686588685437,0.01772269079335417
TMS13F1034P0004,0.008952565850088296,0.012875212492798093
TMS13F1037P0005,0.015229854865909095,0.0011139299636203901
TMS13F1039P0003,0.04424105516654538,0.04213276669166357
TMS13F1045P0017,0.00993712234568049,0.012110421808604827
TMS13F1047P0012,0.06479582929927186,0.02165319492511844
TMS13F1051P0010,0.007289352351126634,0.09745640909573881
TMS13F1053P0002,0.017387509810193155,0.002817393034518581
TMS13F1002P0009,0.0075829107967969435,0.0039153331744713835
TMS13F1003P0003,0.011694142454146524,9.592614225614088e-4
TMS13F1006P0002,0.012719800516466958,7.786173229048536e-4
TMS13F1006P0008,0.013712060855607501,2.6203395108669226e-4
TMS13F1006P0011,0.012940179321497908,0.0028370054971195665
TMS13F1007P0005,0.0018799732420473575,2.0825484095530344e-4
TMS13F1008P0017,2.5659652561481583e-5,5.255539162822871e-4
TMS13F1008P0023,0.009477436637494419,0.0026895153066504407
TMS13F1009P0003,0.009768484796778193,0.0038531065200474684
TMS13F1009P0012,0.012069901522248445,3.626398525237465e-4
TMS13F1016P0002,0.019998484836957073,0.002043804086147674
TMS13F1016P0005,0.012492204993315987,0.004061268327321719
TMS13F1017P0003,0.015389400851364867,3.411586611807438e-4
TMS13F1017P0006,0.008771919263536846,9.226408051578145e-4
TMS13F1017P0009,0.011740736930536509,0.012258847406971711
TMS13F1018P0003,0.0034160730020470517,8.888414659811261e-4
TMS13F1018P0009,0.00891436798484491,0.003896632736682051
TMS13F1020P0001,0.013964708462077192,5.423940802582628e-4
TMS13F1024P0005,0.012486878329085965,1.453468469676083e-4
TMS13F1028P0001,0.09376616117325257,0.008387256080713933
TMS13F1028P0004,0.0844242385375172,2.8494769296663245e-4
TMS13F1028P0010,0.06385069586053688,7.410166886021764e-4
TMS13F1034P0003,0.011068208683101875,0.0013486820077204592
TMS13F1034P0009,0.007170443645559556,7.703268771723621e-4
TMS13F1034P0012,0.0796636595762729,0.0016790169967100556
TMS13F1034P0018,0.007313478468370028,0.015757633929314868
TMS13F1036P0002,0.0012078179931500226,0.009001772242038736
TMS13F1037P0001,5.288282119987273e-5,0.008168656867053226
TMS13F1037P0004,0.013022056155592826,0.0011869719012366075
TMS13F1037P0007,0.011633094573482433,6.324995944150328e-4
TMS13F1037P0010,0.0480721951186409,2.263837394618394e-4
TMS13F1039P0008,4.943281476948291e-4,0.01940244419267793
TMS13F1039P0011,0.004180778786540237,0.02742957599699309
TMS13F1045P0013,0.009919402194415046,0.004519910086400556
TMS13F1045P0016,0.00500120604575396,0.014811362211038227
TMS13F1047P0011,0.008583057309138782,6.975601871715122e-5
TMS13F1050P0003,8.164739307270627e-4,0.008151757265367902
TMS13F1050P0006,0.006989258761182868,0.0035005722654224375
TMS13F1050P0009,0.08359884561122374,0.01940958094875016
TMS13F1050P0012,0.012522608284022923,0.007309472841881113
TMS13F1051P0003,0.00685023559119166,3.37346134138403e-4
TMS13F1051P0012,0.0019352143760223383,0.010765487874754268
TMS13F1051P0015,0.014174769205287053,0.06839751719078598
TMS13F1051P0021,0.0016843487188828025,0.02581478434120637
TMS13F1051P0024,0.001827941495808465,0.011028617600712286
TMS13F1053P0001,0.019247871623849583,0.009238182491890077
TMS13F1053P0007,0.0029125509002540222,0.002468715428155465
TMS13F1053P0010,0.016553918209274175,0.006025992572130136
TMS13F1056P0001,0.0011306332515724448,0.0019061973629937226
TMS13F1056P0010,0.004933722174625129,0.0011970123188204528
TMS13F1056P0013,0.005865004338026121,0.010752993468996667
TMS13F1056P0019,0.003097734299620469,0.002645814198128424
TMS13F1059P0003,0.01678179161822778,7.871754142005008e-4
TMS13F1002P0008,1.5879036060804754e-4,0.0023040515576626753
TMS13F1003P0011,0.01042526594710828,0.0012693284315495057
TMS13F1003P0014,0.011664140975884313,0.0023437744186443617
TMS13F1006P0017,0.005060060172433045,4.8959384619343746e-8
TMS13F1006P0020,0.01445058003960444,1.0183113001477569e-4
TMS13F1006P0029,0.008742778851247586,0.02383273098444468
TMS13F1007P0004,0.008810628816232785,4.308338117810836e-6
TMS13F1008P0001,0.010019874332707318,0.005446289383981812
TMS13F1008P0007,6.779957862583401e-5,0.004100775047674183
TMS13F1008P0016,0.008695993450149899,5.4507922579502e-7
TMS13F1008P0019,0.009511151498346613,0.01444533447696051
TMS13F1008P0022,0.01252872246551393,0.0013518418935662905
TMS13F1008P0025,0.008269998399382895,2.798627336085225e-4
TMS13F1009P0002,0.006972691384342169,0.0024099188118564575
TMS13F1009P0005,0.010697806601401334,0.002447692674991418
TMS13F1009P0020,0.011883743728231403,3.309730956332676e-4
TMS13F1009P0029,0.014194651473561169,0.0013195208856218218
TMS13F1016P0004,3.304701372777999e-5,0.0028274880488149408
TMS13F1017P0005,0.016275195811338933,0.0020798641001904352
TMS13F1017P0008,0.01004778957641926,9.78995962462578e-4
TMS13F1020P0003,0.00747335426999958,3.1331238926280486e-6
TMS13F1024P0001,0.002233602924793752,4.925181132039722e-6
TMS13F1024P0004,0.007992689689225016,2.045926163737426e-4
TMS13F1028P0006,0.0077651758876114635,0.013348155010338458
TMS13F1028P0009,0.08417354965488903,1.2644969945369822e-4
TMS13F1034P0005,0.004600130127733467,0.009087990255024827
TMS13F1034P0008,0.010936289291778305,0.009787124147359043
TMS13F1034P0020,0.010371825172367104,1.4846563596924555e-4
TMS13F1036P0010,0.0069590104057377054,0.001971944232561749
TMS13F1037P0006,0.005221312535283969,0.001712421051640869
TMS13F1039P0007,0.010971418985699434,0.029068536846778584
TMS13F1045P0006,0.009350060865480776,0.0011868887540958997
TMS13F1045P0012,0.009383751544778489,0.01472146289470894
TMS13F1050P0002,2.2673614770589843e-4,0.0044333758757505535
TMS13F1050P0005,0.008003995659001471,0.00521359200524816
TMS13F1050P0011,0.004140746345620272,0.0038499464631972114
TMS13F1050P0014,0.006069065166047289,0.003422623571976354
TMS13F1051P0005,0.005121926389156124,0.11592804739553865
TMS13F1051P0014,0.001634298529947014,0.008409505394064615
TMS13F1051P0020,1.5166020086493137e-4,0.12217272453418498
TMS13F1051P0029,0.005069881197628473,0.07724301760259482
TMS13F1051P0033,0.006986875353719725,0.003619173655989726
TMS13F1051P0052,0.00251595723497822,0.014828460507054966
TMS13F1053P0006,0.09858943253974993,0.013369179258354534
TMS13F1053P0009,0.016133609657623203,0.0016132339951640538
TMS13F1053P0012,0.005859891663387388,2.4420648675417766e-5
TMS13F1053P0015,0.012516408875194172,0.013147840505407059
TMS13F1056P0003,0.006677155375974316,4.305608323222173e-4
TMS13F1056P0021,7.075769626966078e-5,2.9628608481618315e-4
TMS13F1056P0024,1.656299046779893e-7,0.018200539418112466
TMS13F1059P0002,0.0045942767372269,0.017722464718598584
TMS13F1003P0016,0.01107989683333761,0.0029116177825724314
TMS13F1006P0027,2.334680408764012e-6,4.352893790541656e-6
TMS13F1007P0001,0.008039431854373539,0.00284249459892168
TMS13F1018P0005,0.007420121949246156,5.833808439169605e-4
TMS13F1018P0011,0.007762937088993347,0.003559310845023369
TMS13F1030P0004,0.009088884209773844,0.02048098102798047
TMS13F1034P0002,0.005662366251765181,0.007497587645819448
TMS13F1045P0018,0.01155126528908255,0.001499400997206802
TMS13F1050P0004,0.01050982629437771,0.0019366008688848494
TMEB340,0.014096268342008595,0.02977233542578404
TMEB402,0.027099219544410573,0.043123547988493105
TMEB408,0.02001244919005371,0.0011961008138741975
TMEB424,0.006495977431995907,0.001815689624957005
TMEB443,0.022540587381663202,0.045291510147943914
TMEB463,0.023422487553017735,0.014318311268308057
TMEB468,0.02045770218712974,0.04588339456119064
TMEB474,0.0228503750061396,0.045365733588919786
TMEB486,0.023693341436799395,0.016470737599259905
TMEB508,0.020370975085264233,0.021351941195597877
TMEB542,0.009684447532002663,0.025698528375308744
TMEB557,0.021244521039459306,0.034201847391364594
TMEB600,0.022812440853997723,0.03456072118680012
TMEB700,0.025120262747476536,0.02509873613795867
TMEB701,0.021090555037956697,0.1015275497441787
TMEB702,0.022735526433182964,0.018091400047164023
TMEB762,0.025180866872367286,0.030297469826924748
TMEB791,0.02797771953435359,0.04850558494870043
TMEB849,0.004868613225572491,0.009436222370786004
TMEB857,0.03163847329988245,0.08835128942373488
TMEB900,0.024009692799418916,0.03416278467387604
TMEB909,0.013403232245057446,0.044833349019123565
TMEB947,0.02097987263615404,0.0967818152668354
TMEB948,0.021198407657767062,0.09533575970914591
TMEB949,0.026008454337040077,0.04298850778844198
TMEB952,0.011108829162539895,3.096067620514597e-5
TMEB955,0.019153119505962254,0.0073193833278984944
TMEB961,0.0118235051985387,0.011970831666925367
TMEB971,0.02011623682923595,0.0070036926665473795
TMEB975,0.011363263182449481,0.006963599937652392
TMEB984,0.02655210863718753,0.046129418801079985
TMEB992,0.0221959250384771,0.035514365364773634
TMEB1274,0.017384002401849747,0.003061005807720317
TMEB1284,0.01690294700774314,0.0023748815225318946
TMEB1289,0.016937850270074467,0.002713177455603555
TMEB1368,0.03289429105175594,0.08824836144833056
TMEB1408,0.02896732660481281,0.07392835660919803
TMEB1412,0.021799233995201842,0.10093178153844026
TMEB1418,0.03304601684516526,0.0889547458468074
TMEB1428,0.023455752136016333,0.016244381958690716
TMEB1442,0.03237783967961447,0.08557253872495463
TMEB1448,0.019852028782029758,0.03543213109132521
TMEB1463,0.01197754789672353,0.01639100913058703
TMEB1468,0.019200903518020913,0.0013935723444247056
TMEB1470,0.012932059886579797,1.9435016135869692e-4
TMEB1471,0.02098738725321854,0.002336629020126617
TMEB1484,0.02082577441904416,0.03251186643911001
TMEB1490,0.023746114788812202,0.013400932338577096
TMEB1491,0.016130915643810487,0.004424990339495987
TMEB1502,0.02208070119802397,0.022381980310674756
TMEB1503,0.022431021557451233,0.1035949241121905
TMEB1515,0.019904094158946152,0.08777521430758527
TMEB1529,0.0162160009565659,0.00314906436033244
TMEB1540,0.011547892224150235,0.017266221767612812
TMEB1548,0.01632361501049414,0.0030480530883228787
TMEB1551,0.011988402243439273,0.01713846158673821
TMEB1552,0.01132534359298718,0.015423138133036437
TMEB1556,0.023860605519187526,0.014222649052932086
TMEB1559,0.03291903969102225,0.08867472511132576
TMEB1560,0.032911713375630834,0.08874374565496408
TMEB1571,0.012145564148400805,0.01675607414925004
TMEB1572,0.029841322436327797,0.0782580269813471
TMEB1574,0.03305510364895834,0.08915468751719129
TMEB1582,0.02379703707425175,0.03074668752761863
TMEB1589,0.02311035758954462,0.04083759030268755
TMEB1591,0.017947685244096654,0.0017912734976445648
TMEB1592,0.009864811126808506,0.01771757950440084
TMEB1602,0.024203957371253006,0.021245422034457246
TMEB1607,0.022378271015912065,0.1028015744266799
TMEB1608,0.024770670420064752,0.06340601779133141
TMEB1612,0.031217212514238472,0.08462922066024929
TMEB1620,0.02687290184828915,0.06538312355886608
TMEB1622,0.02471133172973564,0.04254895324984994
TMEB1624,0.02607275308449668,0.044762537237752344
TMEB1625,0.03287965551753962,0.08971730768958715
TMEB1627,6.605331461952137e-4,0.0262471799184761
TMEB1628,0.03182353446495012,0.08674367233148962
TMEB1639,0.023240547606706876,0.033195521868666984
TMEB1640,0.02679556094926081,0.06954011856949031
TMEB1648,0.02522172886972011,0.04474740544484783
TMEB1652,0.024264438712405932,0.04116144088829415
TMEB1656,0.02380606929830424,0.04117459324982133
TMEB1667,0.03297279643526315,0.08943786441718313
TMEB1669,0.03295109215646366,0.08922442120206502
TMEB1670,0.03292873767446915,0.08831464935997649
TMEB1712,0.023653934516077224,0.02419994050585026
TMEB1720,0.024351597060571495,0.025467735653582166
TMEB1740,0.018270554299045595,0.0036870912150365255
TMEB1742,0.026647372384546234,0.04592574756841622
TMEB1822,0.015375502040139481,4.737986994842642e-4
TMEB1824,0.01896582192793045,0.0041863282603229
TMEB1826,0.025628085905412677,0.020444823810431438
TMEB1827,0.019158509231265095,0.004337316408191444
TMEB1829,0.020155597181080922,0.011428927346604873
TMEB1842,0.023118566047656955,0.04663848505225072
TMEB1848,0.027736121604206396,0.04815116858838947
TMEB1853,0.026672991825712367,0.047084736583912545
TMEB1854,0.019933377057174177,0.016469206258379773
TMEB1855,0.026371511799154188,0.0429283673621816
TMEB1865,0.021005816890094314,0.021651143990545622
TMEB1869,0.0166870511430925,0.011206909311193612
TMEB1882,0.0061659063704381295,0.05204149433844927
TMEB1883,0.00958351319527761,0.012520151613307936
TMEB1884,0.00149451241926158,0.009256228832382698
TMEB1885,6.155012620617895e-4,0.019449718914872915
TMEB1889,0.017386900621813632,0.0023408370561720238
TMEB1902,0.013854124963504971,1.1324242932754824e-4
TMEB1904,0.0030283498100156323,0.045813047290067896
TMEB1906,0.015610757959759134,0.013869940062544769
TMEB1914,0.012150633467668058,0.02082404021782394
TMEB1916,0.01489987867325292,8.912904769551633e-5
TMEB1922,0.009446787929178115,0.021014882448711115
TMEB1924,0.006446360019729332,0.016483754092268176
TMEB1942,0.03242105985263436,0.08746024363627378
TMEB2001,0.0206693319913146,0.03648061397877729
TMEB2002,0.021030755768615662,0.002005697739146833
TMEB2006,0.025792757653277744,0.0698641158742553
TMEB2009,0.03193410925100987,0.08450352582739422
TMEB2010,0.022666734604190095,0.022102583400369955
TMEB2015,0.025700305231501352,0.07030422197458404
TMEB2019,0.017644471245649208,0.014854131287678724
TMEB2020,0.023257545648933866,0.04690037735585292
TMEB2021,0.021137877215752873,0.04670507517951625
TMEB2028,0.022896419479065164,0.016663037396164773
TMEB2050,0.01881832223662879,0.0025194848180985197
TMEB2055,0.021121084795779746,0.002122036299680245
TMEB2056,0.013819510364520058,1.1154410384935118e-4
TMEB2058,0.023137107560300015,0.0466750350631912
TMEB2059,0.021559410550712928,0.028631872345808246
TMEB2060,0.019674094566162485,0.016357490826157544
TMEB2065,0.019970319740851283,0.008789811521179093
TMEB2066,0.01980607656174228,0.0036670333267842673
TMEB2068,0.02107583492718949,0.046963654198755145
TMEB2080,0.02323517476043176,0.031096157427421493
TMEB2081,0.021009003581124074,0.0021256033651247713
TMEB2085,0.01380812602669527,2.2027501672829396e-4
TMEB2088,0.02399342957130205,0.02007250923974678
TMEB2089,0.013880085497703198,9.86219731854082e-5
TMEB2092,0.03283804478076174,0.08927661853812145
TMEB2095,0.022597258957423944,0.042387517394599415
TMEB2099,0.005991816014704682,0.011083411480727752
TMEB2100,0.014178996419521847,8.91080420817742e-8
TMEB2108,0.01206404845208139,0.00423066880516635
TMEB1887,5.565772229658281e-4,0.019759573609895074
TMEB2069,0.015055794571991143,0.0073185827973070074
TMEB1661,0.03249287481822997,0.08703813664683605
TMEB1462,0.021694499694848615,0.04080549984081285
TMEB19,0.024021038774435125,0.043090871683207396
TMEB20,0.0197279701183085,0.016352162849772207
TMEB21,0.02208736370189706,0.017993408237685454
TMEB23,0.02335555841738262,0.016754598657732867
TMEB24,0.023321141474523355,0.01737672374100319
TMEB25,0.026707897269174195,0.04350503390545159
TMEB26,0.022886359861130242,0.03337860611240421
TMEB28,0.017837873629618462,0.03989909888661535
TMEB30,0.01377834416236226,0.017990452787078125
TMEB31,0.02200523891654773,0.018561290576408786
TMEB33,0.02249925932853679,0.019917232058417406
TMEB34,0.02414828052857092,0.0205094636883598
TMEB35,0.026623206323387515,0.04576726546081028
TMEB37,0.018305836333312262,0.005993433937532815
TMEB43,0.032848986924440424,0.08868165965791584
TMEB47,0.0208102910673154,0.021119238980175592
TMEB49,0.0226609769434394,0.1011827793125398
TMEB51,0.03200970752118955,0.08554808088652502
TMEB55,0.015213002558918522,0.007825280045047709
TMEB62,0.024195834868353347,0.03928531677127616
TMEB63,0.023530256487934446,0.03325801076298533
TMEB69,0.03297399258740247,0.08901044477144862
TMEB72,0.03293299003439277,0.08891091139726186
TMEB75,0.03291857236126229,0.08902770003622303
TMEB77,0.03283384669851789,0.08791657241851876
TMEB78,0.031216865364411334,0.08128524798212844
TMEB81,0.0325710880505261,0.08718439663243918
TMEB84,0.02116083440726001,0.06610581113222888
TMEB86,0.033014443272061746,0.08963544602944569
TMEB91,0.03299599794923007,0.08970607872140214
TMEB93,0.033119215492295156,0.08905620799211524
TMEB95,0.03291218600572965,0.08965092838992145
TMEB96,0.032977833801089484,0.08873920235005969
TMEB98,0.030794173143271705,0.08498931748292451
TMEB99,0.00817108935279216,4.1475714288258676e-4
TMEB128,0.012276635120753084,0.03791241738703651
TMEB130,6.797139538283002e-4,7.547726706702936e-4
TMEB131,0.017899628140659436,0.0020604630762638843
TMEB132,7.554400374581697e-4,7.614076403473055e-4
TMEB134,0.01165790411890062,0.004408602047750968
TMEB135,6.412623642143749e-4,5.918288721998095e-4
TMEB136,7.559719419509925e-4,8.348929758519726e-4
TMEB137,7.738143176500975e-4,7.376065392920612e-4
TMEB138,0.018437990265154747,0.0047471987132157775
TMEB139,7.741776956673156e-4,5.458810486431774e-4
TMEB146,0.005460517013545957,0.0010313356908155079
TMEB147,0.00849109215061343,0.01094426291752328
TMEB148,0.013280519671393565,0.02014104827717558
TMEB150,0.013849903332561312,0.006437030907368075
TMEB151,8.523922057454212e-4,0.004153342781163332
TMEB152,0.008508675475047762,0.02415000464591744
TMEB153,0.001037103486350747,3.8053067860086936e-4
TMEB154,8.71678978213695e-4,4.216107948031029e-4
TMEB156,8.937058118222335e-4,0.0013961469002278701
TMEB157,2.285674112663926e-4,0.03015853845165902
TMEB158,0.017336399894201205,0.03957010433367497
TMEB159,0.01720448302333279,0.042734162674448684
TMEB160,0.011669427198487004,0.009918640332817873
TMEB161,0.010273815472582229,0.003948568881967051
TMEB162,0.0059466448769186575,0.04837185132090568
TMEB164,0.015300265137142848,0.062086425265351054
TMEB167,0.009662414639510238,0.01126045708283179
TMEB168,0.00966961254927832,0.0017906677607822466
TMEB169,0.008184665630970636,0.04345016991640301
TMEB170,0.008255100194878781,4.6500220625061804e-5
TMEB171,0.002794105196004764,0.01811418538542772
TMEB172,0.028173671443761886,0.046007393642911135
TMEB173,0.028926740368536506,0.05087128170987484
TMEB174,1.796138978744598e-4,0.0027928403904368057
TMEB175,2.04447848472624e-4,0.0020782216694949012
TMEB176,0.009712071125937924,8.529199273902828e-4
TMEB179,0.006480786703153252,0.0017014004219599215
TMEB182,0.00451630955542085,0.01510355730217277
TMEB183,0.01598619561039143,2.0651109940449446e-6
TMEB185,0.014929039817987409,0.002142311555456532
TMEB186,0.005188926569171109,0.0017319885857101365
TMEB187,1.0022910560747042e-4,0.0033581763557907047
TMEB188,0.014015858185684203,0.009454256765460307
TMEB189,0.01397989360154108,0.009673397998564126
TMEB191,4.3316932561385024e-5,6.919786593383992e-4
TMEB192,0.007039040242153039,0.035785357553098085
TMEB193,0.007014100497988753,0.0355769013291155
TMEB197,0.02146788987749352,0.020664735420757904
TMEB198,0.020425689117649717,0.0018565755357003299
TMEB202,0.021516518248625896,0.055359050467794726
TMEB205,0.00526438468747798,0.004508726076894659
TMEB206,0.00519210605600266,0.006009447292930422
TMEB208,0.014413091260843855,2.607221285674605e-5
TMEB209,0.010248154031898375,0.011399160929901194
TMEB210,0.0022229367568899917,0.004920659267596216
TMEB211,0.016695593112863512,0.04163248408430069
TMEB212,0.006416285634768781,9.58295907228583e-4
TMEB213,0.014997365631260617,0.0017636487207705147
TMEB215,0.016604762380715815,3.3988383231775077e-4
TMEB216,7.80123193666903e-6,0.0013935248443018354
TMEB219,0.0045689246466980565,0.011935347475451606
TMEB220,0.012059605481119886,0.011531780961646062
TMEB221,0.011417282304442422,0.008317157719020694
TMEB222,0.012674467286262764,0.004117530114799159
TMEB223,0.012399701337709922,0.009417726656279306
TMEB224,0.010098482524223832,0.008897739803153877
TMEB232,0.013190518574345087,0.04076025061529319
TMEB234,0.03256963959758947,0.08780692213431428
TMEB235,0.023486824334535958,0.013468208340575005
TMEB243,0.02391808324268098,0.0266835197477109
TMEB247,0.023025849003639087,0.04633398006193557
TMEB251,0.001104109391104728,0.01045365442553444
TMEB252,0.022380189416194414,0.026522100834113924
TMEB255,0.0077708560250304435,8.877670046973146e-5
TMEB256,0.02499570297744216,0.02489149916843437
TMEB262,0.021594251641079917,0.032111812821692794
TMEB265,0.022913002830403477,0.019991392295907812
TMEB270,0.01683512102820978,0.028431868020936793
TMEB274,0.011289021698624854,0.007317390379859061
TMEB286,0.019675971915794607,0.015987662782881936
TMEB287,0.0037953886242478333,0.010140677150585996
TMEB288,0.02064685140719625,0.03998331775291024
TMEB291,0.032797805695495306,0.08946737110632684
TMEB329,0.014996923725647537,0.007400396219178671
TMEB339,0.010341868719697847,0.009953984141402866
TMEB380,0.03298521451012695,0.08916897951397684
TMEB381,0.03294567587682,0.0894705398368746
TMEB391,0.032776672391385445,0.088178403435068
TMEB394,0.020997534739241975,0.0020234026033827527
TMEB396,0.02053880966153265,0.0019876798920416094
TMEB397,0.02496992400706307,0.039393218828630526
TMEB398,0.02102614459169896,0.0019740244924428534
TMEB401,0.024025118019501333,0.020879576975401683
TMEB403,0.027196825603763283,0.0374923104678254
TMEB410,0.028172741039927004,0.0510785118597614
TMEB412,0.026548342141027543,0.03901864626481626
TMEB416,0.02687119860604425,0.039305140186887376
TMEB418,0.03190051168374641,0.08595899998419629
TMEB421,0.007514504647797477,0.020599984413313444
TMEB422,0.006619648831182816,0.03296043804350013
TMEB423,0.006560077560969097,0.0018169687255343082
TMEB427,0.003596083319079058,0.011939976213362949
TMEB428,0.009598311167342255,0.007972172873175405
TMEB430,0.0013107927656291162,7.051146666115171e-4
TMEB431,0.0010242524336008083,9.594881950678897e-4
TMEB433,0.0232091273578074,0.046801508946686374
TMEB435,0.02586751122570787,0.07040900171334982
TMEB437,0.022938462093083267,0.046115327862915605
TMEB439,0.012184637241671315,0.016368749120851078
TMEB440,0.01194532658760689,0.01579236761810951
TMEB449,0.023055466380662533,0.04557376636095638
TMEB454,0.01996731651736899,0.0012601676389198502
TMEB455,0.025777627417964636,0.07010584519763653
TMEB459,0.018288744639063017,0.00686980802291799
TMEB469,0.018596183247210345,0.038315249029032813
TMEB477,0.02575705784155381,0.06926451381741651
TMEB478,0.02314977230742115,0.04583198011684303
TMEB480,0.025445653709953664,0.06861030071095126
TMEB481,0.025722970730343228,0.0690787368381829
TMEB482,0.025784452260011106,0.07036913015850282
TMEB491,0.020121734543568037,0.021555519973597805
TMEB494,0.02505848646493921,0.06514680714537728
TMEB496,0.024386034631771067,0.04719839045724967
TMEB497,0.0241676144291836,0.02425859604054044
TMEB499,0.02006286849221711,0.013386327650476407
TMEB503,0.014915500419301501,1.238547598649624e-5
TMEB506,0.02762765510491164,0.019080367602618397
TMEB507,0.020811706365911096,0.0038243106591353965
TMEB514,0.019845390684228307,0.008281021984374817
TMEB515,0.02078127670372001,0.0019508298587969071
TMEB516,0.016954170895315323,0.0034810618953687966
TMEB527,0.025836283472658143,0.07003056146098621
TMEB533,0.031222789132136084,0.0785337831598531
TMEB534,0.03220429596930417,0.08289761892783648
TMEB537,0.01733940880217563,0.005166868315847091
TMEB538,0.0166498521293065,4.7502575683549517e-4
TMEB540,0.02324672377704954,0.03357467412784965
TMEB546,0.02313674471759705,0.019573562863226878
TMEB568,0.03256210553061247,0.08638890508333012
TMEB583,0.0210315953594485,0.002041058862870398
TMEB585,0.018800595363218573,0.005224787363382244
TMEB586,0.028406002155770473,0.06697085491671492
TMEB591,0.011967969361068552,0.005335931915026487
TMEB592,0.018462465794067875,0.00532996453434775
TMEB597,0.018637450472975638,0.007759707275971282
TMEB599,0.025443922874070855,0.037427590215761745
TMEB604,2.3767279252344316e-4,0.001617945880959086
TMEB613,0.009573096099703866,0.007080182696428063
TMEB614,0.02017817902115099,0.03969165438051154
TMEB615,0.02195927373307094,0.10315357217352052
TMEB620,0.028680131750870426,0.055358227932629754
TMEB621,0.021439091060548622,0.017247729588109988
TMEB624,0.019628374987692123,0.016922478287494856
TMEB625,0.013811130282793833,1.271993936835742e-4
TMEB628,6.527956400206941e-4,0.027392706678102872
TMEB629,5.888410107475376e-4,0.027120679241771493
TMEB630,6.21547359638296e-4,0.02621348287711468
TMEB633,0.022955532667465608,0.040161873618155805
TMEB634,0.030607266967718618,0.07010204925096138
TMEB636,0.03283475132608015,0.08981470523834
TMEB637,0.026606194271872708,0.037011993558112334
TMEB638,0.03291929100334468,0.08786146076120606
TMEB640,0.029407047394753034,0.07583067516587352
TMEB641,0.030125721263985786,0.03170984794256399
TMEB644,0.02101222628544406,0.01138025579111768
TMEB708,0.024138103946303516,0.021442982783404542
TMEB711,0.026050684386393436,0.030811296911630454
TMEB713,0.02419174514274146,0.03633175804372678
TMEB721,0.017643590505817965,0.01141168164438735
TMEB735,0.014274754674960486,0.044995149891932804
TMEB738,0.022214340072786155,0.038945678061245034
TMEB745,0.03287348759097989,0.08895223587404642
TMEB757,0.02535601348447268,0.031175485248925706
TMEB771,0.02249606397429548,0.10170843765076257
TMEB781,0.0014271292622466377,0.03099613757579018
TMEB783,0.0010589380410621872,0.0094853187181758
TMEB786,0.004326714625556479,0.005972803307976593
TMEB790,0.017718042098198102,0.0019707506798671733
TMEB813,0.026072997564642028,0.06629056718925079
TMEB829,0.00897438593014937,2.5011979391097834e-4
TMEB885,0.027977842008955704,0.05934978418643096
TMEB898,0.02443387451813816,0.03385310138514139
TMEB911,0.013083597108570736,0.0432521412350673
TMEB916,0.010235278406728106,0.008819497891468379
TMEB921,0.01799160867891465,0.00819460936275476
TMEB922,0.026770476617171673,0.05045300948922145
TMEB923,0.022788157095313236,0.03208943729243788
TMEB930,0.018633878755711982,0.007352955072770155
TMEB931,0.021672390888518935,0.09732268842138249
TMEB933,0.013664672311826647,1.0581523921408517e-4
TMEB937,0.020502775019746493,0.09177307107827322
TMEB939,0.022971852855570105,0.04543133413585003
TMEB941,0.01895368955846855,0.07800404766022125
TMEB934,0.023129844003911704,0.04645692064287572
TMEB953,0.018057605004653084,0.0238207758018775
TMEB956,0.004029775288252256,0.002924932044868958
TMEB960,0.02307267281812757,0.010101330876793617
TMEB977,0.02597036845482495,0.044861129774420486
TMEB981,0.019013840779639305,0.02943999523628662
TMEB982,0.02239304910956536,0.040208919619056954
TMEB983,6.383567296947258e-4,1.231226546674685e-5
TMEB985,0.024996901684088725,0.034861343619419755
TMEB945,0.017661783573561678,0.010127810132136046
TMEB965,0.0207793494033546,0.006756092241650658
TMEB966,0.020310919297510326,0.006328340656449169
TMEB990,0.021102247397646764,0.0024704175106157766
TMEB994,0.018646002659731153,0.0018824077071436524
TMEB996,0.020669900968346033,0.021226890122522653
TMEB998,0.02086293698006386,0.0217400815628929
TMEB1273,0.009684060119641416,0.01292224578501558
TMEB1275,0.016633266460262426,0.0026393721678385934
TMEB1276,0.02100945418286954,0.09538710974881436
TMEB1277,0.007874896561822076,0.013635491195362679
TMEB1278,0.01812854174518174,0.006165772806677595
TMEB1279,0.010900085462813106,5.664077167326537e-4
TMEB1280,0.020921295490640725,0.002067058656407125
TMEB1282,0.025255279044226378,0.03762003156998624
TMEB1283,0.017564443115607616,0.0031491212146129554
TMEB1286,0.010825621965717869,4.645504955405679e-4
TMEB1294,0.014739202134901395,0.0023035250280863855
TMEB1295,0.003698894902317696,4.090136602358331e-6
TMEB1296,0.021987040177780092,0.10259773274206374
TMEB1298,0.0014029141073223803,0.003758194101729977
TMEB1299,0.012877636991366044,0.05592277588250885
TMEB1303,0.017238974250330264,0.0030113043610655206
TMEB1304,0.013995136315852755,5.1076264317344715e-6
TMEB1305,0.013817322961204895,3.2153567800950094e-4
TMEB1314,0.006719200579524632,5.467690655410843e-4
TMEB1315,0.010603279527925039,0.001156666225526156
TMEB1317,0.00196284185124128,0.0031061485507729147
TMEB1321,0.010786842777498931,0.0069819699062364125
TMEB1329,0.0247144231000368,0.0366395245644366
TMEB1335,0.019588987131923224,0.031428184243993185
TMEB1337,0.0037135778147870543,0.00807596942616872
TMEB1340,0.019357115842308925,0.03651974498235809
TMEB1342,2.082140111358587e-4,0.001459772164536338
TMEB1345,3.9140010974619886e-4,1.3651959932369075e-6
TMEB1348,0.015467554783273912,3.769985317649161e-4
TMEB1350,0.0021793691164716336,0.0024016684300310963
TMEB1351,0.0037736604149050355,0.00764021177739257
TMEB1353,0.032641703300939726,0.08831722152234586
TMEB1360,0.01881917803015134,0.009396594430865043
TMEB1364,0.017476996123592378,7.137324340578016e-5
TMEB1367,0.03222778050305787,0.08661016369845595
TMEB1369,0.028326925582339547,0.08258314971006318
TMEB1370,0.02725405813771171,0.07122890798613639
TMEB1380,0.0212004208490498,0.02220181178160839
TMEB1381,0.02602845179127454,0.030048540195334313
TMEB1382,0.026077704479092783,0.02955377674574101
TMEB1383,0.02088807856138732,0.0021283905816535014
TMEB1384,0.025690568117541876,0.0691758997404715
TMEB1386,0.019249209924859834,0.028551039741109455
TMEB1391,0.025463619703614656,0.025470265100437237
TMEB1393,0.032082487559453414,0.08724893722857358
TMEB1394,0.025566392535562497,0.025914228690103666
TMEB1411,0.019882439530665274,0.01331724214872261
TMEB1417,0.026007073906191853,0.03333242827959389
TMEB1419,0.025289118459619266,0.06240312604901691
TMEB1430,0.03234106705743543,0.08706386446203623
TMEB1431,0.0026375449150157436,0.003517792831429722
TMEB1432,0.021781808475348833,0.09934744959471913
TMEB1433,0.028230723456893096,0.0446903166895299
TMEB1441,0.031983789822705694,0.08480160160471294
TMEB1443,0.03296829732804593,0.08902923510818755
TMEB1446,0.024035142115149524,0.02035895996602225
TMEB1447,0.02286843440076803,0.010318887899878091
TMEB1450,0.023122855798195466,0.04617855085504334
TMEB1458,0.012848944533178981,0.008041235182613335
TMEB1485,0.016759068497199957,0.007477562678188835
TMEB1486,0.02099679031603442,0.0020895897146710504
TMEB1488,0.023464079579017562,0.02760158116414858
TMEB1497,0.011315001765585978,2.0742267088732738e-5
TMEB1499,0.021185938109432267,0.04992066759222055
TMEB1501,0.002277895120523377,0.0055828560501349645
TMEB1509,0.020736596068719963,0.03318412649674479
TMEB1510,0.024861131664687033,0.053630995804312714
TMEB1517,0.008316014973963061,2.1636142405919553e-5
TMEB1519,0.02383003317386525,0.030504471228096634
TMEB1531,0.020864927952941165,0.0021003593582516245
TMEB1534,0.016217018914853453,0.0031894348314114146
TMEB1541,0.011871229054930179,0.017075918333400025
TMEB1549,0.024345918543697633,0.030972901537357912
TMEB1575,0.012018259245068823,0.01710625730777846
TMEB1588,0.022123030311123563,0.10295669534238619
TMEB1590,0.02385229937980892,0.03100640155667113
TMEB1593,0.023151290367325154,0.04687680615760141
TMEB1597,0.03292005428325355,0.08928272301558232
TMEB1599,0.026170954447506244,0.03371906964423593
TMEB1601,0.03299607845666959,0.0890099511315982
TMEB1609,0.02615186166529188,0.0741928711284005
TMEB1631,0.030768758415669995,0.07379994840594319
TMEB1635,0.03240642170396228,0.08776879422097965
TMEB1641,0.022953878963229785,0.019681331196640027
TMEB1646,0.027497361369375063,0.05400260699849153
TMEB1705,0.027334942814172147,0.05361587655263777
TMEB1709,0.014266185580677838,0.044844789544983894
TMEB1711,0.0236812456718595,0.024622447592367838
TMEB1715,0.01683588299710213,4.8379259251194823e-4
TMEB1718,0.01922657358410752,0.007167853364689505
TMEB1719,0.02465941326188599,0.02623018425247396
TMEB1783,0.019614941950153217,0.007682739993238458
TMEB1732,0.025189236629582817,0.03668033688269147
TMEB1733,0.02314888759961909,0.07688771954896353
TMEB1735,0.006214356161321672,0.006600542732706411
TMEB1736,0.019715138072064226,0.008306937919790845
TMEB1741,0.02652166542165302,0.045365531663494454
TMEB1765,0.025948978601488388,0.051666452571873286
TMEB1774,0.022289623007717047,0.018284053035289842
TMEB1777,0.011124241091121518,0.00998601233294841
TMEB1785,0.019212727767802792,0.0046797622983658195
TMEB1787,0.0037394112844210473,0.02015173533014869
TMEB1793,0.00969744133320413,0.0024639657496009645
TMEB1795,0.01503984565600929,8.654288113408185e-5
TMEB1796,0.010709235074556957,0.0113188008806256
TMEB1797,0.02232296409570694,0.021084453183557773
TMEB1798,0.01017699197337062,0.013145655786923869
TMEB1800,0.0037851135337305403,6.42990089157721e-4
TMEB1803,0.014380618839536926,1.1005657371542123e-5
TMEB1804,0.0033938047148353635,7.230286182932945e-4
TMEB1805,0.01522640735742301,1.4456196766252492e-4
TMEB1806,0.014141616063779968,0.0030711227769450937
TMEB1808,0.023088003888495967,0.04642527641144136
TMEB1809,6.015788285558787e-5,0.004765106052849954
TMEB1810,0.015474967358178202,3.461274432659446e-4
TMEB1812,0.011760564869413037,0.022057975679220188
TMEB1813,0.01031554845989883,0.018577512708146372
TMEB1815,0.013243728416557785,0.0016882062560624118
TMEB1816,0.004295723448032001,0.014377012612986632
TMEB1818,0.012111668987509793,0.001784579103410675
TMEB1821,3.7161011297841767e-4,3.3342181655562257e-6
TMEB1831,0.019131709498831143,0.005014826409024123
TMEB1833,4.4126397893740163e-5,0.00440327215773157
TMEB1837,0.0022382178930201294,0.0027096187626442975
TMEB1841,0.026555524637735455,0.046282288689775075
TMEB1845,0.026534679536697386,0.04556577973910454
TMEB1945,0.01958032092383781,0.010956149918605877
TMEB1846,0.023191246108726457,0.04629707957861183
TMEB1851,0.02557816168764099,0.04131422982145938
TMEB1858,0.02038659521402875,0.012868153639599872
TMEB1875,0.016608629587227267,0.010999897882769553
TMEB1876,0.021717499227549456,0.008024869700722437
TMEB1879,0.012051333714815229,0.021589432782100768
TMEB1886,0.00972297572043537,2.8704800817422932e-5
TMEB1888,6.265250138444163e-4,0.01898563555315434
TMEB1890,0.01961634322819545,0.0068684105969739765
TMEB1891,0.0070134373495121935,0.013749431945858101
TMEB1894,0.012041601270635326,0.01992469062947274
TMEB1897,0.014875253986314877,0.00537154919733654
TMEB1907,0.011414851747032925,0.003931505669615787
TMEB1908,0.013584908791644791,0.0011880570722958197
TMEB1909,0.009523484223745651,0.004565347875659865
TMEB1913,0.018609660000509114,4.2747359283002123e-4
TMEB1915,0.009194042072948624,0.0012161291072198752
TMEB1917,0.012565221502654336,0.004246046125341257
TMEB1921,0.009975529972142908,7.440108643627567e-4
TMEB1923,0.04554543783198642,0.03308563420623905
TMEB1928,0.010019285842476904,0.00892332336738018
TMEB1931,0.007903114944900294,0.023334777451136622
TMEB1932,0.010425377806825151,0.01348948401764325
TMEB1941,0.0326603102985157,0.08796390214182664
TMEB1947,0.021001890285985998,0.001960014852566883
TMEB1949,0.021354052629199382,0.025466154127160332
TMEB1951,0.03205013973554711,0.08627897770593612
TMEB1952,0.01715311275866612,0.005697287693288134
TMEB1955,0.026776634371457383,0.06578379237572454
TMEB1956,0.030959051889877024,0.07768578048480292
TMEB1960,0.020834412254112412,0.0037842322108776233
TMEB1963,0.009049274327702184,7.794054429839549e-4
TMEB1982,0.01151499833484922,0.03670538481678566
TMEB1989,0.02578345822009667,0.06915385420868332
TMEB1992,0.023130971365124,0.02029966845414034
TMEB1994,0.0252012356814191,0.06158405141977135
TMEB1996,0.019762770293224718,0.017147073869172066
TMEB1997,0.026449024726483288,0.05109340986864713
TMEB2004,0.023094123162123576,0.04693645197012441
TMEB2007,0.023071743516431025,0.04539558210081071
TMEB2011,0.02391257999643884,0.019877800123833975
TMEB2012,0.03300184107545502,0.08911241331692736
TMEB2017,0.00469808016174417,0.0210583808245178
TMEB2023,0.021062123917612235,0.04727657900269968
TMEB2025,0.023832987328726615,0.01987035265520031
TMEB2026,0.02363864938579952,0.036730059073472716
TMEB2030,0.02108568974849213,0.0022143035990826545
TMEB2031,0.01982100411932678,0.016602023600590196
TMEB2032,0.02309323781381969,0.046881541095179204
TMEB2036,0.021084049328834533,0.002137601263395513
TMEB2037,0.020275525567347023,0.017880647028153188
TMEB2038,0.013243542391185234,0.004569245732177796
TMEB2039,0.022612272733544794,0.021876806840742877
TMEB2040,0.025842925815234567,0.07020332396965787
TMEB2041,0.023985099711672224,0.02004586002287795
TMEB2043,0.02359028577004415,0.02063891058673264
TMEB2044,0.022945595431964932,0.04155501416167095
TMEB2045,0.022783872795555587,0.02115214548425805
TMEB2047,0.019790680325713655,0.016261319421473443
TMEB2048,0.022563695922930622,0.016530649603334724
TMEB2049,0.021898059433964463,0.029270396678875113
TMEB2057,0.02308962447270244,0.04552412420662728
TMEB2063,0.0146080134036752,0.004510856683146083
TMEB2064,0.014571527844802567,0.004373187734217161
TMEB2067,0.020957584231720863,0.0019157761786796422
TMEB2071,0.021083374721348982,0.0020627003850898704
TMEB2072,0.02305301489658681,0.02151329901950766
TMEB2073,0.021037723760345583,0.0021115171044042464
TMEB2074,0.02109757534099011,0.017874836311317657
TMEB2075,0.02003480898681854,0.022666190060855615
TMEB2076,0.020037380662634458,0.0011964852807616908
TMEB2077,0.025180569458590246,0.06070532971513025
TMEB2078,0.02240494488144726,0.03967788206228101
TMEB2082,0.032970842846994,0.08926023540818434
TMEB2083,0.030863871156276538,0.06975846995117688
TMEB2084,0.01633936243023982,3.880736760586727e-4
TMEB2087,0.020612727615703437,0.0028795484538748873
TMEB2090,0.003876233932766313,5.01309824537175e-4
TMEB2093,0.023809328150623418,0.05149750758090201
TMEB2096,0.024422716928407213,0.05801249371713088
TMEB2097,0.019855116351274425,0.016484267496552834
TMEB15,0.019881986859763202,0.016550412612098768
TMEB90,0.0327549730661793,0.0884105766697526
TMEB165,2.6708488496328994e-4,0.03055011580364562
TMEB258,0.014106912378747538,0.024271541599340436
TMEB577,2.649713967722466e-4,0.0010419222886015038
TMEB2101,0.01906824877831522,0.008100815400468739
TMEB2102,0.0060997763892321095,0.02662283650262723
TMEB2103,0.017601633128293877,0.0032987953169688077
TMEB2104,0.013907268979368588,0.0016957531629248966
TMEB2105,0.01205793684759894,0.020957810321291258
TMEB2106,5.936438129406463e-4,0.002296397741525226
TMEB2107,0.013475856070018838,0.01215967616705592
TMEB2109,2.6843245558946556e-5,2.215538801772538e-4
TMEB2110,0.010954280370137296,0.005862707692714501
TMEB2111,0.013027331259830495,0.0013508173856128047
TMEB2112,0.00957258863493089,8.586083340580466e-4
TMEB2113,0.01041629293874018,0.01826373739719371
TMEB2115,0.018904689495436753,3.947547540548743e-4
TMEB2118,0.023858734376501906,0.02256189374544183
TMEB2119,0.02370466350756632,0.017562679168257985
TMEB2121,0.00977916739392912,0.0038201467680657234
TMEB2122,0.016595056083423692,0.02314949038738487
TMEB2123,0.00878761563484393,2.0949606382023562e-4
TMEB17,0.032977662022996214,0.08903677553654958
TMEB793,0.03239921303641831,0.0860977705549659
TMEB979,0.021801423180877088,0.036770026663801844
TMEB1330,0.013753149477786107,0.0022209788592589858
TMEB1723,0.019878913702708865,0.008297288156933317
TMEB2053,0.025706231762802047,0.0690419633301382
TMEB299,0.02572261051235007,0.06989940195741962
TMEB525,0.020665814249130582,0.020153188525336103
TMEB1643,0.02316937737239137,0.02023682127460803
TMS13F1021P0005,0.01460550596034518,0.009727619727965268
TMS13F1021P0008,0.00921680733648498,0.0040906746919147545
TMS13F1035P0001,0.02546805510664437,0.06991083282810868
TMS13F1042P0001,0.006760062810203231,0.025355540119199247
TMS13F1049P0001,0.006599279773844834,0.0019522068070982855
TMS13F1052P0013,2.512067669811082e-4,0.02499865967257423
TMS13F1052P0023,0.015456623877132895,1.5353792189679448e-4
TMS13F1052P0046,0.007065680476867582,0.03865078795535036
TMS13F1058P0001,0.013452123944584449,9.668405495650544e-4
TMS13F1059P0006,0.016542985481725943,9.764343994701089e-4
TMS13F1063P0007,0.008466790451527383,0.0033762457216183887
TMS13F1063P0009,4.902074691439292e-4,0.0336627153409092
TMS13F1063P0019,0.10238829648542,0.00239478682422264
TMS13F1079P0002,0.005736465426943301,0.0025974810340827505
TMS13F1079P0005,0.0023269291359237685,0.0025973565312810937
TMS13F1079P0007,0.005099845560786379,0.006250950836768805
TMS13F1084P0006,0.00899720726881352,0.0017429903134225204
TMS13F1084P0018,0.01637213593010736,0.002986289843020435
TMS13F1086P0003,0.0848212960251852,0.08108234622729478
TMS13F1107P0004,0.01309291991773852,0.01060777792999704
TMS13F1107P0010,0.06588319648500929,0.011513885500123937
TMS13F1108P0007,0.011639784711666226,0.009656104977545227
TMS13F1109P0009,0.009778284022444132,0.008750731600522052
TMS13F1111P0012,0.00672003112685581,0.008993723471369433
TMS13F1120P0001,0.04686035826311502,0.034978204213972
TMS13F1124P0002,0.010755500566595322,0.026637558991377295
TMS13F1145P0023,0.0017173896401195675,0.08117081501910417
TMS13F1153P0007,0.009573378116456923,4.3724665636612965e-4
TMS13F1153P0011,0.012525158016670673,0.0046654684424807715
TMS13F1154P0008,0.029025790685758255,0.07491493843907994
TMS13F1154P0010,0.09378731229375223,0.07767620672183774
TMS13F1160P0003,0.005694106193260536,2.624814398182198e-4
TMS13F1160P0009,0.004227711957514328,0.021532174687236078
TMS13F1176P0003,0.009858572373529028,2.305308962814009e-6
TMS13F1202P0046,0.011275641735025705,0.027992959320596426
TMS13F1212P0002,0.009252715366281916,0.037312621068159156
TMS13F1212P0055,0.011063965461188792,0.02221520708213227
TMS13F1212P0058,0.01120698504993045,0.013429247078868032
TMS13F1212P0061,0.009680698235934003,0.019740677281977516
TMS13F1214P0004,0.010753672265358357,0.02204053141205898
TMS13F1212P0072,0.008884902027433854,0.04201949921600517
TMS13F1214P0014,0.008978856239010657,0.006028985904313458
TMS13F1212P0079,0.014154621529032213,8.229363930483937e-5
TMS13F1214P0029,0.006276292836320594,7.007813361605539e-4
TMS13F1214P0036,0.005824033638605605,7.239319613705774e-4
TMS13F1216P0010,0.008077356061398363,0.014850045415345306
TMS13F1216P0015,0.008267480308049965,0.024551255898842907
TMS13F1216P0026,0.002625937511250297,0.029870578054045988
TMS13F1064P0009,0.00809786415026808,8.972626207727528e-4
TMS13F1069P0047,0.017305094279044992,0.009371184511311956
TMS13F1083P0004,0.00273711791232975,0.0734506116962943
TMS13F1084P0021,0.0025512328383540377,0.003067574351139311
TMS13F1086P0006,0.003955277330200497,0.02594596750132354
TMS13F1093P0010,0.009927792920572257,0.014974628633895433
TMS13F1095P0011,0.01074134189272807,7.029545467626093e-5
TMS13F1106P0004,0.008769437235303485,0.00828084319300982
TMS13F1106P0007,0.008768732416400282,4.9488975950534104e-5
TMS13F1108P0010,0.008135572142226388,0.0012718257407061478
TMS13F1124P0004,1.6018293113498927e-4,0.02278158840185732
TMS13F1128P0010,0.02643916933196989,0.06833838229069433
TMS13F1128P0016,0.0265718122334169,0.07731796695156315
TMS13F1134P0002,0.019515693547456445,0.023998652830681026
TMS13F1139P0006,0.02402958365883948,0.04946212653027306
TMS13F1139P0009,0.024458162221238457,0.04170395753264746
TMS13F1143P0002,0.01604457450261353,0.00135116398070813
TMS13F1145P0009,0.025387924981621932,0.040807499630559074
TMS13F1151P0002,0.006998278510843602,0.021314940065079054
TMS13F1151P0035,0.008818141860554525,0.013239627723497611
TMS13F1153P0001,0.00836570476883376,0.0024678398709470665
TMS13F1203P0002,0.012997435362343867,0.0186764302568893
TMS13F1203P0032,0.017508506136869658,0.0016387308641561582
TMS13F1212P0036,0.009657736423033797,0.03952494031027779
TMS13F1214P0013,0.007516101119926567,0.01154566261950054
TMS13F1214P0016,0.00663499634527695,5.71125450801663e-4
TMS13F1214P0028,0.005954426237732835,0.0022323300166301394
TMS13F1214P0037,0.004577172782628785,2.1671590687715253e-4
TMS13F1216P0013,0.001066345876816593,0.0029388027041011263
TMS13F1223P0012,0.00703889366454455,0.01267010648331407
TMS13F1223P0018,0.009510399000607418,0.005577341478435511
TMS13F1059P0009,0.007062065154947025,0.004224546977699064
TMS13F1059P0012,0.005809472951867985,0.013822879026755736
TMS13F1060P0002,0.008703572430550945,6.224866741178927e-4
TMS13F1060P0005,2.685511926671785e-4,0.00966794300775061
TMS13F1060P0011,0.033549564239932016,0.01588400520311733
TMS13F1060P0014,7.129031862802893e-4,4.5501759782650303e-4
TMS13F1060P0020,0.010776191877629362,0.01539359953888416
TMS13F1060P0023,0.008467925558965748,0.009065733598434439
TMS13F1063P0001,0.016194692881674248,0.005561767135267538
TMS13F1063P0013,0.015512794089688446,0.016554325435712097
TMS13F1063P0016,3.367414782532344e-4,0.02339007961539251
TMS13F1063P0026,0.0036272300976475996,0.015108479083499566
TMS13F1063P0055,0.014188296722981431,0.012076120316373168
TMS13F1064P0002,0.013234829246402565,2.7165982794898924e-5
TMS13F1064P0005,0.006580833323546906,0.007899532170996317
TMS13F1064P0026,0.0020590743868449763,0.00535877469371193
TMS13F1064P0032,0.011849507274563586,1.9437990385971817e-4
TMS13F1064P0038,0.013624325565079587,5.454180633980462e-5
TMS13F1069P0010,0.016622932881732493,0.0092523157298023
TMS13F1074P0002,0.0070097549416857615,0.027258901133712897
TMS13F1074P0005,0.012865918595949736,0.012153244261259038
TMS13F1074P0017,0.008912207170228503,0.006023853222160878
TMS13F1079P0003,6.698744149373067e-4,4.357315119325184e-5
TMS13F1079P0006,0.005407075324030862,0.006133524770791044
TMS13F1079P0009,5.345837377742568e-4,0.0023791620490642897
TMS13F1083P0003,0.0027292569224272962,0.09093006893558277
TMS13F1083P0006,0.019593137699096704,0.03547988506997425
TMS13F1083P0018,0.02058595012239931,0.02609164403816949
TMS13F1083P0021,0.0028533397972044573,0.08325715244428832
TMS13F1084P0002,0.005256803274432791,0.028611258189840547
TMS13F1084P0011,0.006751145276780423,0.006128493755630766
TMS13F1084P0014,0.009497362761909583,0.0022360161190201964
TMS13F1084P0017,6.403442612928492e-4,3.3240760163845194e-5
TMS13F1086P0002,0.005359787791992913,0.041082029337186646
TMS13F1086P0005,0.008493180600280894,0.05002221819797829
TMS13F1087P0008,0.004778382256176876,0.0018487145361299757
TMS13F1087P0017,0.0065017609410872755,0.013125543422014439
TMS13F1088P0002,4.0210166190917925e-4,0.006641372005815439
TMS13F1088P0005,0.015355942817252576,0.014940646570400487
TMS13F1093P0009,0.010603474728909447,0.02710324649797106
TMS13F1095P0001,0.011125990286544625,0.015896817436615546
TMS13F1095P0004,0.009570902144594292,1.9287490768084188e-5
TMS13F1095P0007,0.006707892146260652,0.004971310061025806
TMS13F1095P0010,0.08386116686721862,0.009152416166647605
TMS13F1095P0016,0.034877039822011464,0.007511443412306311
TMS13F1095P0019,0.0014074857131733379,9.462406902098882e-4
TMS13F1101P0001,0.007915677795544718,0.007094258886912967
TMS13F1101P0004,0.032795524657421936,0.0032663141343722626
TMS13F1106P0009,0.00733678757111923,0.01072820267809721
TMS13F1106P0012,0.009487876961475442,2.560494863588437e-4
TMS13F1106P0015,0.004116167994058321,0.0022323229913865698
TMS13F1108P0003,0.012350980783731109,0.025072451966528523
TMS13F1109P0005,0.012278401259813951,0.004621646894089973
TMS13F1109P0011,0.012303294318384658,0.005521795538449896
TMS13F1109P0014,0.005431680415840614,0.0015058584397907697
TMS13F1111P0006,0.009473069030378863,0.002592805872116823
TMS13F1111P0015,3.4945510685932335e-4,0.003933753673967426
TMS13F1113P0006,0.010734711301798273,0.00330229585647532
TMS13F1113P0009,0.00119309996801515,0.017081508750565855
TMS13F1119P0003,0.05225323285660874,0.0019470124096763462
TMS13F1119P0006,0.00494133991552016,0.02678342837259961
TMS13F1120P0006,0.011643090938194047,0.0038849155087652674
TMS13F1120P0009,0.008231837028012497,0.00483905845959993
TMS13F1122P0006,0.008954057616813256,0.022001031510469834
TMS13F1124P0006,0.001494138578322205,0.024221599190382193
TMS13F1124P0009,6.179259488190673e-4,0.02410339673966093
TMS13F1126P0003,0.009442098536443967,0.005839035626660372
TMS13F1126P0006,0.007683186762777859,1.7777842810736221e-4
TMS13F1134P0013,0.014669724869423622,0.007364304712250365
TMS13F1139P0014,3.303967930144668e-4,0.05441214640577063
TMS13F1139P0023,1.6420938503830214e-4,0.0805338568616967
TMS13F1143P0001,0.015688283709914742,4.390373695295972e-4
TMS13F1143P0004,0.012974394730752601,0.008923049839538578
TMS13F1145P0002,0.02133589739264121,0.015763200955065573
TMS13F1145P0005,0.025133176102422668,0.027422305597345584
TMS13F1145P0008,0.026000642972266827,0.03210117053568213
TMS13F1145P0014,0.023681990761285868,0.03370775768499229
TMS13F1145P0017,0.002564928612527953,0.04631417319120859
TMS13F1145P0020,0.0030794081550512917,0.04631246396733458
TMS13F1145P0026,0.02114542564217398,0.0287652570909303
TMS13F1145P0029,0.023440954397022862,0.025566385278046028
TMS13F1145P0032,0.022328187133516156,0.029388694215308733
TMS13F1145P0044,0.024652466552961154,0.03211630241402009
TMS13F1151P0037,0.008819385295229472,0.00879689706545075
TMS13F1153P0009,0.009408446485923405,1.3108531106086543e-4
TMS13F1154P0001,0.010687021699870762,0.031201416628927434
TMS13F1154P0004,1.97411701736398e-4,0.04667178488800196
TMS13F1160P0005,0.00367255035956102,0.024112676108359803
TMS13F1176P0006,9.902499175808731e-5,0.014546298874367513
TMS13F1176P0009,0.0016539276386658382,6.605556850445792e-4
TMS13F1177P0009,4.038969041223365e-4,0.0017357566326519263
TMS13F1177P0012,0.0032433128238886872,0.01655472836685273
TMS13F1177P0015,0.01696231261921069,7.213204568599544e-5
TMS13F1184P0009,0.01724544085021233,0.0016680701032605225
TMS13F1195P0006,0.010140034333254772,0.0029071321901741783
TMS13F1198P0002,0.014123198769489819,9.655300673554746e-4
TMS13F1198P0008,0.009246476054875469,0.018543345571230007
TMS13F1202P0002,0.010326965857886793,0.03541460642431847
TMS13F1202P0020,0.010329472035857608,0.03326126597265675
TMS13F1202P0029,0.012924304344677198,0.0184361259001855
TMS13F1202P0044,3.0860503641522635e-4,0.018593806060771132
TMS13F1203P0004,0.012536956819971325,0.011197227580486212
TMS13F1203P0028,0.011635504205726793,0.007165021605291487
TMS13F1204P0002,0.012687010094787123,0.01939683925278201
TMS13F1204P0005,0.013694700444726792,0.002281812753839814
TMS13F1204P0011,0.0015521122208294175,0.026194882640987478
TMS13F1204P0014,0.007002890567375421,0.09532145460637392
TMS13F1212P0005,0.011052625744879564,0.02142968269203657
TMS13F1212P0008,0.012646315877644714,0.0103724804193201
TMS13F1212P0026,0.010695215474272062,0.022805730357950492
TMS13F1212P0041,0.010701909820729917,0.030489625795316513
TMS13F1212P0053,0.007878471147944181,0.032961045057172
TMS13F1212P0059,0.009016028190926052,0.040330698065420376
TMS13F1212P0062,0.012908631901186067,0.006095961590093507
TMS13F1212P0068,0.01010681017045687,0.014792267920070181
TMS13F1212P0071,0.006875096130968746,0.040013864913512665
TMS13F1212P0077,0.013528645856143268,0.0042400821933797975
TMS13F1214P0009,0.011335563092784435,0.008984719933172503
TMS13F1214P0012,0.00934920216018457,0.013055699446878715
TMS13F1214P0030,0.010239057171744032,0.020365460616257585
TMS13F1216P0009,2.8877894262802734e-4,0.0011343269334808097
TMS13F1216P0012,0.002622102709405785,0.024011240548999703
TMS13F1216P0021,0.007163094921253668,0.016402150448327907
TMS13F1221P0003,0.008041198210779813,0.002791131205465299
TMS13F1223P0005,0.006874262220924298,0.016838486577697973
TMS13F1232P0003,0.00888973284265616,6.2513284456693215e-6
TMS13F1232P0009,0.005649057976939062,0.022219093503498034
TMS13F1241P0001,0.013923435038319136,0.0011361637638649619
TMS13F1241P0023,0.008871094497928306,0.0013370257404543302
TMS13F1060P0016,0.006930891027569683,0.005548847187970745
TMS13F1060P0019,0.05825578541773133,0.013020926699968542
TMS13F1063P0012,4.2246106089024405e-6,0.027334970644737454
TMS13F1063P0028,0.00531463641351591,0.02178232007636857
TMS13F1063P0054,0.002482328198430295,0.06294975281495432
TMS13F1064P0001,0.010775021406318669,0.001467815682731828
TMS13F1064P0031,0.009042375527969576,8.073746761530215e-4
TMS13F1064P0034,0.011190488255923078,0.0018532996157553927
TMS13F1069P0021,0.001312918655289667,0.012197973606659761
TMS13F1069P0024,0.0018712463229923247,0.01677574343356043
TMS13F1069P0042,0.01770351230945831,0.011757252938189553
TMS13F1074P0007,0.00973058614420087,0.005873114664594926
TMS13F1074P0022,0.007772728452727526,0.0015652121529154727
TMS13F1079P0011,0.01306927834197028,1.1270744940217973e-5
TMS13F1083P0011,0.01574094313895501,0.039679862085562234
TMS13F1084P0001,0.0025297228718209686,0.0010754706710435235
TMS13F1084P0007,0.008444763759884486,0.0011775693581097628
TMS13F1084P0010,0.0022024568168973707,0.004415452855342002
TMS13F1084P0013,0.009033932572952269,0.0013977601261013135
TMS13F1084P0016,0.009330357613678631,0.002009642307746055
TMS13F1086P0004,0.014112493762247673,0.03423110875063201
TMS13F1087P0007,0.012993032845158336,0.001716396893763669
TMS13F1087P0013,0.008493230784348696,0.007649431901215509
TMS13F1088P0001,5.375030824676087e-4,0.012385276915429856
TMS13F1088P0004,0.0067447307117563925,0.011854307478558198
TMS13F1088P0007,0.006483919534166762,0.032183609002180986
TMS13F1093P0005,0.006161537174321078,0.03700077895667966
TMS13F1095P0006,0.026988891016902813,0.024259795656808945
TMS13F1095P0015,0.013205280726145786,9.446673411901851e-4
TMS13F1095P0021,0.09144104574761724,0.017267386269220957
TMS13F1106P0008,0.011741540633439886,0.0011207780110512747
TMS13F1107P0007,0.06954378344247479,0.010064125575047456
TMS13F1108P0014,0.013157158338505106,0.00863718165890059
TMS13F1108P0017,0.00930499526333514,0.022060617130527625
TMS13F1108P0026,0.0025975932774050486,1.5165528062404594e-5
TMS13F1109P0001,0.005872251925132045,1.1771515692619183e-4
TMS13F1109P0004,0.009169211883734768,9.94871417540182e-4
TMS13F1111P0005,0.001459972467612051,0.0023930600144802883
TMS13F1113P0005,0.010274216789935205,5.360650071102903e-5
TMS13F1119P0002,0.00478282467175559,0.023557878677750187
TMS13F1120P0002,0.002890895553345817,0.0071744618876219465
TMS13F1120P0008,0.015087014659308284,0.008768252207023446
TMS13F1122P0002,0.010367051603975778,1.744387419494039e-4
TMS13F1122P0005,0.010843605446478765,0.007466724716844166
TMS13F1124P0005,0.010984238894402386,0.024990675588514515
TMS13F1124P0008,0.008198697045235176,0.034505737302498486
TMS13F1126P0002,0.0073899891166310195,2.9741519420332257e-4
TMS13F1126P0005,0.006172607295841437,0.001361019809226195
TMS13F1139P0001,0.025832163931781192,0.05174476795579738
TMS13F1139P0010,0.02354918636203798,0.04597038299464699
TMS13F1139P0016,2.6720180809338144e-4,0.08508544471433187
TMS13F1145P0004,0.0016259635298271334,0.0744923586661736
TMS13F1145P0007,0.021320140213956146,0.023127776253847016
TMS13F1145P0010,0.0017672026838317296,0.018119692674341423
TMS13F1145P0016,0.020385696489161595,0.013611080311624528
TMS13F1145P0034,0.0018469498473086224,0.061399021158975754
TMS13F1145P0040,0.001893867671683222,0.04817495923771059
TMS13F1145P0043,0.0033381913254955076,0.05310117384471142
TMS13F1151P0036,0.0095084645528982,0.009930611651575948
TMS13F1151P0063,0.007148998942247618,0.021838679936520545
TMS13F1153P0002,0.01620888498327092,0.011694434025931356
TMS13F1153P0005,0.00801631012106877,0.00699649891410228
TMS13F1153P0008,0.01042596695511241,0.013065200251656328
TMS13F1154P0003,0.007812518891508158,0.039249114882883046
TMS13F1154P0006,0.02046326746502095,0.0112460284632173
TMS13F1160P0001,0.01253225091643624,0.001146164056280166
TMS13F1160P0004,7.673463746813365e-7,6.11975028754916e-4
TMS13F1176P0002,0.017436802602969256,0.001666289638261195
TMS13F1176P0005,0.013304881034689329,6.046436411271923e-4
TMS13F1176P0008,0.008553966402130946,2.7185649744048735e-4
TMS13F1177P0002,0.012715863498023264,0.019017248223148524
TMS13F1177P0008,0.015802386514423405,0.0029481643005731077
TMS13F1184P0002,0.01427047422907048,0.008231724733817924
TMS13F1194P0004,0.010217039886850897,0.02828979426337662
TMS13F1194P0007,0.01175026272119569,0.019259646816129076
TMS13F1195P0005,0.010080796349673122,7.558189307394818e-4
TMS13F1198P0007,0.008134397934684783,0.006816516900617968
TMS13F1198P0010,0.009208652265476359,0.04331788988654372
TMS13F1202P0013,0.013894148913143925,0.009352897039804004
TMS13F1202P0016,2.908377461151939e-7,0.05238554904244846
TMS13F1203P0039,0.017675379809974526,0.0016588860494133725
TMS13F1203P0042,0.014877863408732074,9.68482186203055e-4
TMS13F1204P0007,0.008875107897389836,0.0199602851240183
TMS13F1204P0010,2.4474790764336793e-4,0.02996025926954287
TMS13F1212P0019,0.009558655537124181,0.04268222206552252
TMS13F1212P0022,0.008270797673454271,0.03534663479039946
TMS13F1212P0025,0.013194017809887236,0.009510247209831742
TMS13F1212P0028,0.011744790534729663,0.006397166365901997
TMS13F1212P0040,0.013788092930227473,0.011326237699820895
TMS13F1212P0052,0.010549687005421212,0.010662310300824231
TMS13F1212P0073,0.009933531921411132,0.04559007682885164
TMS13F1212P0076,0.013042126823351414,0.004969899726996164
TMS13F1214P0005,0.009637767351079457,0.015774886590237968
TMS13F1214P0020,0.008351789010523207,0.06397562602298003
TMS13F1216P0002,0.010676480428793452,0.0050821023355195165
TMS13F1216P0008,0.007723523511051611,0.01809671893802372
TMS13F1216P0017,0.006902851595749938,0.04206797660911665
TMS13F1216P0020,0.011750614075304838,0.002675928361084437
TMS13F1216P0029,0.002528186794303753,0.02577264832494832
TMS13F1221P0002,0.006660190531667029,0.002248657760681568
TMS13F1221P0011,0.010861964945931793,0.058256833375655674
TMS13F1223P0007,0.010251509860662573,2.287434520172046e-5
TMS13F1223P0010,0.008682339835742302,2.574047294850165e-4
TMS13F1223P0016,0.00923261104867327,7.904393239444067e-4
TMS13F1223P0025,0.01416407269721447,0.0018616355723939592
TMS13F1232P0005,0.007981352283222205,0.00912106114112407
TMS13F1232P0014,0.0013573592982864863,1.3817723026922817e-6
TMS13F1241P0025,0.009453137526067312,0.0036131309362261253
TMS13F1059P0008,0.00497144671533674,1.4304004832823607e-4
TMS13F1060P0026,0.008137922548559667,3.466603764275446e-5
TMS13F1063P0002,0.014361561328435773,0.005492442671505577
TMS13F1064P0025,0.009203993013189265,0.012113286982676573
TMS13F1069P0007,0.0016441134392892862,0.010276145453901311
TMS13F1079P0014,0.005308136403715759,6.347197495616063e-4
TMS13F1084P0003,0.018250856144274092,0.026379397756905818
TMS13F1093P0011,0.010863873848504704,0.01253113372962882
TMS13F1107P0002,0.008498490185377114,6.271026744367263e-4
TMS13F1109P0007,0.010326548654691691,0.005730155144441143
TMS13F1111P0007,0.06800752144768685,0.0011268297091188647
TMS13F1111P0014,0.008637906102372129,2.864064619993102e-4
TMS13F1113P0011,0.0021389276447528003,3.7812118862003322e-6
TMS13F1120P0003,0.007619629092852717,0.025104273072719625
TMS13F1122P0003,0.011809990071276427,0.016563838445109662
TMS13F1122P0004,0.011120293801253853,0.005107028737845692
TMS13F1124P0003,0.010458796088364123,0.01799871331320957
TMS13F1145P0031,0.0022867661518126228,0.056463842696596045
TMS13F1160P0008,0.005414973940958389,0.002432923932387589
TMS13F1212P0007,0.009314399297333752,0.022114895104993464
TMS13F1212P0034,0.013828288392759087,0.007405296487834334
TMS13F1214P0019,0.01099751924232222,0.009948959921009947
TMS13F1241P0016,0.012123914719665726,3.9810528334857203e-4
TMS13F1241P0021,0.005826693420360091,0.0031793403893415183
TMS13F1204P0008,0.006531825400404047,0.0220019632218714
TMS13F1062P0001,0.007789777661011041,0.027758525601770934
TMS13F1064P0053,0.010744629543847832,0.022582401708331045
TMS13F1064P0062,0.005249129405816061,0.0021360214350535215
TMS13F1064P0072,0.006442718552447926,0.001531505253824239
TMS13F1064P0074,0.010252871537447915,0.001839111146485799
TMS13F1066P0012,0.007206193226873365,0.014426000079776246
TMS13F1066P0021,0.01165735345556755,2.737246470068014e-5
TMS13F1066P0033,0.005599165992261548,0.016560217774103464
TMS13F1068P0004,2.204516997617865e-4,0.017413982555820013
TMS13F1068P0024,0.011015284077779446,0.0033904122380341213
TMS13F1072P0002,0.0067499219455098205,0.004365497702055255
TMS13F1081P0010,0.008647455771759311,0.043953512299551016
TMS13F1081P0015,0.016851694753983786,0.006839261200874272
TMS13F1094P0003,0.012032636090329112,0.006684151765078144
TMS13F1098P0003,0.09403897671438884,0.002128430643397918
TMS13F1102P0002,0.0023074454950004633,0.0035987325352176457
TMS13F1103P0003,0.022084219348040935,0.0185014626508333
TMS13F1104P0001,0.0029910165369447916,0.013819754805053529
TMS13F1105P0007,0.012499516988352723,0.011559230951263303
TMS13F1112P0001,0.0013729366450486063,0.016515212710756223
TMS13F1114P0001,0.008913860032844369,0.005950013053809286
TMS13F1114P0005,0.007532871419559614,1.6594578874958696e-4
TMS13F1116P0001,0.009180672588054013,7.662425176837154e-5
TMS13F1142P0002,0.002339090060971145,0.00795530322545863
TMS13F1168P0001,0.009064213671632751,6.375078822225078e-4
TMS13F1168P0004,0.008348202791350123,0.008812112603260671
TMS13F1172P0001,0.07212361051508757,0.02282549651534552
TMS13F1174P0001,0.013087124199468309,3.240203902157498e-5
TMS13F1178P0001,0.008355533105779024,0.04422451420603786
TMS13F1182P0002,0.002701939411109888,0.062147587487432925
TMS13F1186P0017,0.047626155746588475,0.028925214407759536
TMS13F1187P0001,0.0040739747062053435,2.8523652313846854e-4
TMS13F1188P0002,0.01216623273883058,0.028797991489896417
TMS13F1192P0001,0.01046269111997432,0.02429210686517026
TMS13F1201P0004,0.014048307307677383,0.007027601719467228
TMS13F1201P0018,0.01660642844209636,0.00377510706300303
TMS13F1201P0022,0.01391019454640116,8.16905444482812e-5
TMS13F1205P0020,0.017857066177252152,0.02467353641362836
TMS13F1208P0017,0.011833631537380684,0.008653467757900612
TMS13F1217P0043,0.015931417138724934,0.00363525148531968
TMS13F1230P0001,0.01033623006203157,0.016253756001724743
TMS13F1288P0009,0.004299266542624845,0.023810308396311406
TMS13F1332P0045,0.022909024240621717,0.06267389412059547
TMS13F1420P0006,0.009661550796106637,0.007035351834360234
TMS13F1303P0001,0.01109041020960844,0.018148151155403674
TMS13F1333P0002,0.03865368834748244,0.01742720300285556
TMS13F1253P0011,0.007226698104930819,0.01067301596383723
TMS13F1332P0042,0.008657363158210883,0.027458524151962725
TMS13F1306P0003,0.010006666317627725,0.008065705022088962
TMS13F1333P0003,0.002550605747320571,0.016386518978319182
TMS13F1436P0004,0.008856995317717069,0.015325838084793526
TMS13F1306P0004,0.0018335141973794247,0.0015854898445102083
TMS13F1333P0014,0.03692607546311437,0.018496837345663514
TMS13F1436P0005,0.003092350350793915,0.001820821871136056
TMS13F1307P0008,0.006876378220160095,0.037148972328846466
TMS13F1333P0017,0.031131564780565377,0.013186668679116437
TMS13F1436P0006,0.0678614841721218,0.00214565953007293
TMS13F1307P0011,0.010277532038639205,0.03397247461595064
TMS13F1333P0027,0.036967034621553714,0.017065542290009075
TMS13F1436P0012,0.010900568123865206,0.01580678834731426
TMS13F1307P0020,0.005886479803513022,0.023012307607095203
TMS13F1309P0001,0.0038467753758349463,0.043049388797490776
TMS13F1336P0023,0.03918574431716617,0.044204078150654615
TMS13F1324P0002,1.7556393188213998e-4,0.002900224107837851
TMS13F1381P0005,0.022282699927698747,0.014986256646510637
TMS13F2077P0043,0.01590512548427695,0.007341677856788966
TMS13F2077P0021,0.015383474379616714,1.2833296826452573e-4
TMS13F2077P0044,0.016007479176827558,0.001226712718297354
TMS13F1245P0016,0.0012048248379128875,2.895222242158246e-4
TMS13F1254P0010,0.005242031125279807,0.0011890353464009615
TMS13F1273P0016,0.00961060998789082,4.578648462315132e-5
TMS13F1288P0005,0.004800318009342566,0.01876302887256858
TMS13F1307P0016,0.010584918174008329,0.03753389689795983
TMS13F1329P0003,0.012663805896912328,0.004223114818314176
TMS13F1336P0024,1.0068379962379913e-4,0.017924104601082784
TMS13F1339P0006,8.613040780886813e-5,0.013649574408741672
TMS13F1343P0002,0.01294017978366548,0.008961609931470636
TMS13F1343P0005,0.013464632755815834,0.0047439457385177915
TMS13F1343P0026,0.0048570726442699105,2.0624788795973754e-4
TMS13F1343P0029,0.01504480785308062,0.0018444991345780521
TMS13F1343P0038,0.03143359324671894,2.4413805539124766e-4
TMS13F1343P0044,0.013967688256350096,0.0035832794303354456
TMS13F1352P0002,0.007008544272601611,0.0016305454103963126
TMS13F1362P0001,0.004962783443921433,0.0011784289379859658
TMS13F1362P0004,0.0075732417931754096,0.007953008788512558
TMS13F1364P0001,0.017614904174866223,0.05055231594346045
TMS13F1365P0002,0.010896492723040576,0.0018075669109641665
TMS13F1365P0036,0.009596726034078969,0.012070279163193203
TMS13F1378P0001,0.011926331908235622,0.002643412924636362
TMS13F1381P0004,0.01699225400411236,0.026554486585825196
TMS13F1381P0007,0.014991867675475392,0.02282793700296345
TMS13F1420P0014,0.010442177421978586,0.004747471948299916
TMS13F1436P0001,0.009280870068648864,2.2231366438585468e-4
TMS13F1439P0006,0.01664781931218225,0.013153000003216063
TMS13F2077P0037,0.005424327540162026,0.01878275665093297
TMS13F2101P0003,0.012640057703584865,0.024898911094253462
TMS13F1253P0003,0.004362353374128909,0.020366085643920763
TMS13F1254P0003,0.012274896213560538,7.29508528584464e-5
TMS13F1254P0009,5.3538013352235375e-5,0.00564499043512078
TMS13F1254P0012,4.0952041238885716e-5,4.656200883530712e-4
TMS13F1260P0012,2.7404754073545905e-6,2.5211060789361075e-6
TMS13F1273P0015,0.009557264529946334,5.662726578484906e-5
TMS13F1286P0005,0.008680051771749584,0.007548385704862899
TMS13F1287P0005,0.01341518968072614,0.0011117871688859382
TMS13F1287P0011,0.0075263003717394045,0.01549317969728665
TMS13F1288P0010,0.00765006104084454,0.008364660727583045
TMS13F1288P0013,0.00796586114630245,0.027381444795860355
TMS13F1291P0003,0.008877906892016873,0.00639886297617857
TMS13F1291P0012,0.009856546208778726,0.0026217439613065744
TMS13F1303P0005,0.00831665261857776,0.061241638663512725
TMS13F1306P0002,0.01085144183510518,0.0023939887387509104
TMS13F1306P0005,0.00937639953186615,0.019212459529010635
TMS13F1307P0006,0.004685943079629445,0.028990024873338568
TMS13F1307P0015,0.006435190645659777,0.015288372317239072
TMS13F1307P0018,0.008324026397192912,0.03986988271442519
TMS13F1307P0021,0.0077912245670296205,0.04343294058565658
TMS13F1307P0024,0.008130427973422238,0.05678993187680359
TMS13F1324P0008,0.009134408255688972,0.0041607606062031175
TMS13F1329P0005,9.166161057665844e-6,0.03999686101289467
TMS13F1329P0017,0.01591187675507608,0.04854189794560192
TMS13F1332P0004,7.015448541238569e-4,0.022131771115779873
TMS13F1332P0010,4.426772205707999e-4,0.02507836099295723
TMS13F1332P0016,2.5038386960963237e-4,0.024318576032708466
TMS13F1333P0007,9.0042698792479e-5,0.009624385709126469
TMS13F1333P0019,0.001061751330644714,0.02042402840122913
TMS13F1333P0022,0.009191877349896902,0.0020946850819543515
TMS13F1333P0025,0.009553958220426663,0.003847868866622821
TMS13F1333P0028,0.0011355780237014234,0.010735848985528432
TMS13F1336P0026,0.006885627130442178,0.021449954277696515
TMS13F1339P0002,0.04624375336660601,0.02849581927221755
TMS13F1340P0001,5.99503022781958e-4,6.440720321063749e-4
TMS13F1340P0004,0.007697243822764972,0.005096005685800045
TMS13F1343P0001,0.004483545834744531,1.3473372666308861e-4
TMS13F1343P0010,0.01345498330500721,0.004570354514989272
TMS13F1343P0013,0.003996610488535078,2.522870221820163e-5
TMS13F1343P0016,0.004594186500880987,2.305018500198516e-4
TMS13F1343P0019,0.09696289153390525,0.008368281715708997
TMS13F1343P0022,0.024571817024053918,9.599124918103704e-4
TMS13F1343P0031,0.018954108199338716,1.184778689689316e-4
TMS13F1343P0040,0.01718580565554118,8.919354432193037e-4
TMS13F1343P0051,0.015034507867828412,0.017849735630786224
TMS13F1344P0002,0.05712253047766684,0.005668959160130934
TMS13F1344P0008,0.024561302937275892,0.01824648432477295
TMS13F1350P0002,0.01466043602609637,0.0038674702419188092
TMS13F1350P0005,0.009714751841736044,1.221103631415167e-4
TMS13F1352P0001,0.002408740139824737,0.0034951996211969815
TMS13F1352P0010,0.00870871743686944,0.001339587623267043
TMS13F1357P0008,0.011026529028621503,0.0018557724518421324
TMS13F1362P0009,0.008957453125554017,0.009517330738904187
TMS13F1364P0012,0.00540127389354133,0.04438500793337901
TMS13F1365P0001,0.0032234574271914084,7.341001408629745e-7
TMS13F1365P0004,0.005249853349525718,0.00938934781233971
TMS13F1365P0011,0.014966834549538555,0.0020607610298303885
TMS13F1365P0014,0.09256844601512104,3.7444242365656047e-4
TMS13F1365P0017,0.01084261765098987,4.8159184711822763e-4
TMS13F1365P0023,0.011343551397767276,7.978537358480859e-5
TMS13F1365P0026,0.020782793107667688,3.283090151327115e-4
TMS13F1365P0029,0.012809480695738272,1.3382125321519866e-5
TMS13F1365P0032,0.006221062064004485,0.015856805823855014
TMS13F1365P0038,0.014419456448593998,0.007828035571678278
TMS13F1368P0007,0.007210688101364117,0.004197717737872242
TMS13F1368P0010,0.009491813374091034,8.824172202574721e-4
TMS13F1368P0016,0.011118023432014523,5.9253365193550805e-5
TMS13F1375P0003,0.013605907602461751,0.0013312333919044666
TMS13F1377P0003,0.0046427680784646135,0.04465864980279723
TMS13F1377P0006,0.002574234325158534,0.06139293809800853
TMS13F1377P0009,0.003453704466771893,0.02715281338013201
TMS13F1377P0012,0.020027431188004145,0.03994707374178018
TMS13F1377P0018,0.11652031654749707,0.02101658283937145
TMS13F1378P0006,1.3928865153299222e-4,0.013169683523315887
TMS13F1381P0003,0.09395764340957051,0.013545146458117423
TMS13F1383P0003,8.391460594687747e-4,5.024536711192402e-4
TMS13F1383P0006,0.05719730362516188,0.001377022702452851
TMS13F1383P0009,7.822664335414601e-4,0.0017673942411006245
TMS13F1383P0012,7.545068669287863e-4,7.680171372240645e-4
TMS13F1387P0002,0.001624991807911115,0.009821086390056055
TMS13F1391P0012,0.012474975477699834,0.004603802129857966
TMS13F1391P0015,0.013922014606845006,0.010052029670861917
TMS13F1391P0027,0.0034699515525191856,0.0017305702985877037
TMS13F1391P0036,0.009988554001342131,0.003729882294775711
TMS13F1395P0002,0.01042227514541822,2.404251867684392e-6
TMS13F1401P0004,3.438541142496682e-6,1.1435280703001353e-4
TMS13F1401P0010,0.002019335013777438,0.005224325253254996
TMS13F1401P0013,0.0036862982116188337,0.0178127100962185
TMS13F1401P0016,0.017518229038721883,6.657694343090308e-4
TMS13F1401P0019,0.06040839396370574,5.610714776982774e-5
TMS13F1420P0001,0.009034395511017366,0.002187455151936768
TMS13F1420P0004,0.01961193841456809,0.05023793051524953
TMS13F1420P0007,0.00898444871117064,0.012715711785402775
TMS13F1420P0010,0.011488891225201647,0.0229256232717705
TMS13F1423P0006,1.3055174400551166e-5,0.02885635748498564
TMS13F1436P0003,0.03193325561533605,0.021662468508683273
TMS13F1436P0009,0.009604982686561021,8.096777902421459e-4
TMS13F1439P0002,0.007163713886675114,0.006361278906877267
TMS13F1439P0005,0.01549309380216999,0.014202126480452786
TMS13F1439P0011,0.011716016357050055,0.0023624977001822276
TMS13F1446P0001,1.6632074985427494e-4,0.022591763343580713
TMS13F1446P0004,0.016198524417556724,0.007808281994645213
TMS13F1446P0013,0.015962991784143007,0.004511609898290298
TMS13F1449P0009,0.01359707615889358,1.688849254312945e-5
TMS13F1452P0009,0.011684079691490164,0.012688850851324525
TMS13F1455P0002,0.014138608762655262,0.011225208813533475
TMS13F1466P0001,0.02040430725743891,0.02097011668232964
TMS13F1467P0001,4.1891604295504616e-5,0.014336741376198168
TMS13F1474P0004,0.0054584466685182655,2.512665048795941e-4
TMS13F2005P0009,0.012287606859718239,0.00488729394369943
TMS13F2077P0001,0.016442099850172066,0.0012012612769862407
TMS13F2101P0002,0.00885799477470614,0.02547261560738267
TMS13F2101P0008,0.007610248866595823,0.013160049932274107
TMS13F2101P0014,0.08387034914095472,0.048262004205881136
TMS13F2110P0002,0.00748826749861048,1.8652139038017408e-4
TMS13F2110P0005,0.006841597259493354,0.003865588068468146
TMS13F2110P0008,4.4061742043902555e-6,1.0230677525708512e-4
TMS13F2110P0011,0.0107662427182027,0.005327162660054512
TMS13F2110P0017,0.013183718997375148,9.503052207269232e-4
TMS13F1245P0001,0.016414177224797207,0.010290640634615048
TMS13F1253P0002,0.0067921299304751085,0.008552009896407356
TMS13F1254P0002,0.003454986986613984,0.00899568758638527
TMS13F1254P0008,0.0018893920633102886,0.004233892783379761
TMS13F1254P0014,0.0021690425049736488,5.397433007605249e-4
TMS13F1266P0003,0.012878971995796825,0.0035673336451103274
TMS13F1266P0018,0.0026279828455352807,0.006434157214567436
TMS13F1266P0027,0.0023285396098972275,0.0019188013724395904
TMS13F1273P0005,0.00993810387270052,5.451503359048814e-4
TMS13F1273P0017,0.0038920556605244578,0.0040926501150284665
TMS13F1286P0010,0.012169100335019672,5.405270690518109e-7
TMS13F1287P0001,0.011282491072747328,0.0014196831681219956
TMS13F1287P0004,0.010039716517763503,0.003712153809995517
TMS13F1287P0016,0.011016638795625758,3.618119244032022e-5
TMS13F1288P0003,0.007985949802799546,0.02594363093716495
TMS13F1288P0006,0.012043962903052517,0.009288990721988504
TMS13F1288P0021,0.010132131782998283,0.022168264302206492
TMS13F1288P0024,0.00847301724149243,0.002731800975294293
TMS13F1291P0002,0.00945673633685596,0.0021519722370300417
TMS13F1291P0005,0.011943770591678433,0.004387880045851837
TMS13F1291P0014,0.008818563881918158,0.002311792550923111
TMS13F1307P0002,0.006023927800035553,0.03412384865568473
TMS13F1307P0017,0.005962567050093035,0.01651347054031401
TMS13F1309P0003,0.01419921540213372,0.005661361527269936
TMS13F1324P0004,0.0021660610269280184,0.001452521520311303
TMS13F1329P0001,0.014030855925167063,2.5809537320156426e-5
TMS13F1329P0007,6.0959137174876894e-6,0.04212142202500062
TMS13F1332P0015,3.524875876607935e-4,0.02717985881552925
TMS13F1332P0039,0.02098150331838175,0.04426721228759494
TMS13F1333P0012,0.01046488471707436,0.004857383709306112
TMS13F1333P0021,9.084118424826776e-4,0.002042693407793634
TMS13F1336P0003,3.3378275166031594e-5,0.01689250600856954
TMS13F1336P0021,0.03905522845804031,0.030991513777755407
TMS13F1336P0028,0.013391205125124225,0.00864837228330869
TMS13F1339P0007,0.0075884536342386896,7.046863246275129e-4
TMS13F1343P0003,0.07026602876705125,0.00628198289308728
TMS13F1343P0009,0.08530434733791134,0.0015796129760623696
TMS13F1343P0018,0.01784372064212065,0.003576742868886154
TMS13F1343P0024,2.819164661040967e-4,7.135093348371467e-5
TMS13F1343P0027,0.004636844769150011,5.6735033036410865e-5
TMS13F1343P0030,0.0036283671037808576,7.554297426067499e-4
TMS13F1343P0033,0.017723005242909047,0.0014678940494249277
TMS13F1343P0042,2.8297453502191285e-5,0.005258407908469051
TMS13F1343P0045,1.1236779520381636e-4,6.645427397205922e-4
TMS13F1344P0001,0.001936832775160904,0.008448830764160871
TMS13F1350P0001,0.008081766885591729,0.018379043742068456
TMS13F1357P0007,0.012607190070313223,0.0024971354109016497
TMS13F1362P0002,0.009549224129904688,8.807564949819846e-4
TMS13F1362P0005,0.001993762552894175,5.360527166298357e-4
TMS13F1362P0008,2.0245141223226417e-4,0.001788703551115601
TMS13F1364P0002,0.017864183012179426,0.049828846715839724
TMS13F1365P0003,0.03223836900840306,1.8769605346661216e-4
TMS13F1365P0006,0.012042819638756237,5.913243708950377e-4
TMS13F1365P0013,0.016358357659543025,1.5463215937023682e-4
TMS13F1365P0019,1.5166953164611027e-4,3.210025366483741e-4
TMS13F1365P0028,0.014766606030568945,0.0021292750224598082
TMS13F1365P0031,0.008933605544473826,0.005172109474392683
TMS13F1365P0037,0.10005445916848077,0.004516454862308674
TMS13F1365P0040,0.013871561800996272,3.604872750743046e-4
TMS13F1368P0012,0.01059274893576606,6.1602795950343615e-6
TMS13F1368P0021,0.031231767046316174,2.4588628798919704e-5
TMS13F1377P0008,0.014027665615727299,0.011741623776455214
TMS13F1377P0011,0.07343351677607216,9.708843970563173e-4
TMS13F1377P0017,0.018033053935521022,0.022676328567145337
TMS13F1377P0020,0.0038176340205611403,0.04320740897202373
TMS13F1378P0005,0.033146153432759465,0.0060718326055361534
TMS13F1383P0002,0.0019445304922627007,0.0014872565101359703
TMS13F1383P0008,0.013309128265192684,0.008480827321783905
TMS13F1383P0014,0.009358025068385623,1.735334904139115e-5
TMS13F1391P0005,0.006657585812331111,0.01591232432371052
TMS13F1391P0011,0.01241727536809788,1.5707351566573803e-5
TMS13F1391P0026,0.01009016331457316,6.336964309107345e-4
TMS13F1391P0029,0.008457044163993498,0.015147500687079672
TMS13F1391P0032,0.00948707581776195,0.005432576255555606
TMS13F1391P0038,0.01409586773650262,0.02046201692691811
TMS13F1395P0004,0.00906853250234538,0.010286438820987284
TMS13F1401P0003,0.09241466133439816,0.012531804374555427
TMS13F1401P0006,0.018434402134725626,0.004958342102109007
TMS13F1401P0009,0.018567372046335823,0.00457499265082197
TMS13F1401P0015,0.009811131850843199,4.7663653929233016e-5
TMS13F1401P0018,0.01831313869886959,4.549964619058092e-4
TMS13F1420P0003,0.006037461886349184,0.009930781982910154
TMS13F1420P0012,0.009014523296395105,0.010188602036287435
TMS13F1423P0002,0.006480997091984832,0.038782552144293915
TMS13F1423P0008,0.0059077135231181705,0.019555724098380387
TMS13F1436P0011,0.0073867867558891015,0.02009969097752477
TMS13F1439P0001,0.013565062754021926,0.001978108848435392
TMS13F1455P0004,0.0011270543812428088,0.0044672318265782515
TMS13F1465P0002,0.007887018182905702,0.004983356193001923
TMS13F1465P0005,0.014464131683171172,0.0028039420286149795
TMS13F2005P0002,0.014338638112961481,0.001190477499482439
TMS13F2077P0003,0.005985872266638597,0.017465773223933313
TMS13F2077P0010,0.019327890861961003,0.00816431289574552
TMS13F2077P0017,0.0035501531226031493,0.011623457504857087
TMS13F2077P0047,0.015469807513868273,0.0011822671131934822
TMS13F2077P0050,0.0016510301559556565,0.01512298641406158
TMS13F2101P0001,0.006046672864096546,0.014027404374704953
TMS13F2101P0004,3.3641977630613573e-7,0.0010505733607071373
TMS13F2101P0010,0.0018871046934970535,0.018989946865270214
TMS13F2101P0013,0.006132622624554337,0.013797092372573878
TMS13F2110P0010,0.013934821422797086,0.0018792680985219752
TMS13F2110P0013,0.01005990496358603,0.0028231204519279128
TMS13F1254P0011,0.008995839610223566,0.0023033690854065364
TMS13F1254P0015,0.012132384966694226,0.0015997690280801012
TMS13F1288P0014,0.0037790100262021565,0.022736588519023656
TMS13F1303P0002,0.01267473225739819,1.425217760358782e-5
TMS13F1303P0003,0.006308522886959436,0.01873160434152551
TMS13F1306P0001,0.01323187285108135,0.00466334472934477
TMS13F1307P0001,0.0035823453671817765,0.031025407661349886
TMS13F1307P0004,0.004482907412217271,0.03095808844299081
TMS13F1307P0005,0.006029598925649501,0.02289933067974664
TMS13F1307P0007,0.009500916519982479,0.04057631207001703
TMS13F1307P0010,0.008849994854906609,0.024325183673426568
TMS13F1307P0012,0.006111150987517345,0.03443339751297287
TMS13F1307P0023,0.009290374484367857,0.03041150552962169
TMS13F1332P0027,0.007793390382035346,0.021971155552925108
TMS13F1333P0001,0.004242325072295072,0.022463352809711144
TMS13F1333P0010,0.002595658827390483,0.021801351046898503
TMS13F1339P0009,0.02757738208118441,0.05299078518929909
TMS13F1339P0011,0.04332976321718822,0.05396820205869346
TMS13F1381P0009,0.005379962691886472,0.005882969721406438
TMS13F1423P0004,0.013106029277208353,0.01115524026810609
TMS13F1439P0004,0.007043882002804267,0.027981473516780743
TMS14F1020P0009,0.009622456514626803,6.442570193707544e-4
TMS14F1020P0012,0.011537840290504848,2.5985520236213365e-7
TMS14F1020P0013,0.009945041668748544,2.9411551914159474e-4
TMS14F1022P0001,0.007727248558282995,0.028506299697193992
TMS14F1022P0003,5.039646657944895e-4,0.017261368961790955
TMS14F1022P0004,3.660908468235571e-4,0.0021094670109120758
TMS14F1019P0001,0.009084082942986812,0.03299498186202991
TMS14F1019P0003,0.010303907550267617,0.02429505935229229
TMS14F1019P0004,0.0061626535919504675,0.04391083650434477
TMS14F1019P0006,7.442396837405755e-5,0.0070877903705049644
TMS14F1019P0007,1.3697517253302837e-4,0.03208357626622272
TMS14F1019P0008,0.006691562693479097,0.038899487197895065
TMS14F1019P0014,0.015029213453879559,0.031120482665394314
TMS14F1019P0015,0.012171456392191,0.01179263875168156
TMS14F1019P0016,0.010443924253750845,0.02537342291962918
TMS14F1019P0017,4.1578719173318075e-4,0.001288708967013856
TMS14F1019P0018,0.009461848202709799,0.003472658007658265
TMS14F1020P0005,0.008816443581790763,0.001372401356251452
TMS14F1020P0006,0.0061902534303669736,0.014209140869387994
TMS14F1001P0001,0.008082434109219149,9.717662983829371e-5
TMS14F1001P0002,0.006995860258417638,6.786370693289723e-5
TMS14F1001P0004,0.007114902444589589,0.005060640829347664
TMS14F1001P0005,0.006742764613334138,3.087289092020958e-4
TMS14F1003P0001,0.00789100477969482,0.0013757272622230382
TMS14F1004P0003,6.649559855119575e-7,0.0020696997843416814
TMS14F1008P0006,7.381494870730149e-5,0.002938440257534433
TMS14F1008P0007,0.006237505361650001,0.015148442059680313
TMS14F1008P0012,0.007266277848286376,0.0011729456801477952
TMS14F1008P0014,0.009340501114952543,0.004597044373119745
TMS14F1008P0017,0.0022993902786715313,0.026360723370870746
TMS14F1008P0018,0.007399195451346272,7.57369707990243e-4
TMS14F1008P0020,0.007854572670831636,9.819270436150556e-4
TMS14F1011P0001,0.011395301243852525,0.0011953343434241315
TMS14F1011P0002,0.010837841617188195,3.704925997461141e-4
TMS14F1011P0005,0.008440683947950436,0.008817253393223526
TMS14F1011P0006,0.0037397761926353935,0.0039276438906124395
TMS14F1012P0002,0.012768804047869066,0.0035886021563550923
TMS14F1012P0004,0.011882221362922215,1.435521716242843e-4
TMS14F1012P0006,0.01159990765403603,0.0021109252355932854
TMS14F1012P0007,0.009438681235455677,0.001651811069641784
TMS14F1012P0008,0.0120736989300406,0.0060902840313884115
TMS14F1012P0009,0.009492846265630944,0.0014502302718233152
TMS14F1012P0012,0.007077566146322447,0.0010407592075110208
TMS14F1012P0015,0.012789418197869332,0.0018982655287972747
TMS14F1012P0017,7.877869682566457e-4,0.0018602495233336013
TMS14F1013P0001,0.01169018287249328,0.012590322695391128
TMS14F1013P0002,0.006984830284005539,0.04422896165121116
TMS14F1013P0004,4.701006819817286e-7,0.05324364195687475
TMS14F1013P0007,0.0023730334172690428,0.03428867493774909
TMS14F1013P0008,0.006974066629148771,0.030271726633189094
TMS14F1014P0005,0.007551416247260123,0.01772665575867396
TMS14F1014P0006,0.0019608134126845125,0.012382140010052424
TMS14F1014P0008,0.012812217044346028,0.017587260384854315
TMS14F1014P0009,0.009058519670883598,8.96902299874994e-5
TMS14F1014P0011,0.008688271422539726,0.0027364829737248635
TMS14F1014P0014,0.012667853734346838,0.020404888488723523
TMS14F1014P0015,0.009142230439349794,0.008978412397438929
TMS14F1014P0016,0.010134386969451419,0.016921542485673485
TMS14F1014P0017,0.007538831471235478,0.03001634414167294
TMS14F1016P0002,0.011503936981951783,0.015817110078853627
TMS14F1016P0003,0.007359600247866471,0.04582709560997018
TMS14F1016P0006,6.755812866678201e-4,0.00365869179959645
TMS14F1016P0007,0.007866897885097033,0.018620179623638242
TMS14F1017P0001,0.010261940701247195,0.01524335166977657
TMS14F1017P0002,0.007199662167321668,0.07111804240642194
TMS14F1017P0004,0.010628436417021367,0.003265457946017352
TMS14F1017P0005,0.00933728049535483,0.00138889267004466
TMS14F1017P0007,0.012664767087289534,0.03615195610789196
TMS14F1017P0009,0.00562496578921611,0.08707157559499719
TMS14F1017P0011,9.853529328953754e-4,0.018214866641566588
TMS14F1017P0013,0.010048831036095069,0.005056633981626402
TMS14F1018P0001,0.005659174752466253,0.001085198365358534
TMS14F1018P0002,0.00935685000596221,0.01687605801621539
TMS14F1018P0004,0.010334835391073875,0.014753511540124538
TMS13F1246P0001,0.012018247406310481,0.004392770416994429
TMS13F1247P0006,0.008168315188026253,0.006491716795649165
TMS13F1261P0001,0.010717482408536516,0.007091017043666865
TMS13F1262P0001,0.0032640682824668964,0.03681304443949233
TMS13F1256P0003,0.030823224829802917,0.0033823969968738866
TMS13F1274P0001,1.540973692848567e-4,0.008624480311337614
TMS13F1274P0004,0.001295820018277841,0.005876385122327381
TMS13F1283P0002,0.011419424978828231,3.454276477056105e-4
TMS13F1296P0006,0.012577971513383588,0.010035942209092123
TMS13F1297P0002,0.005393926060127313,0.012855382520540715
TMS13F1298P0007,0.010706218649629095,0.002351698705761819
TMS13F1302P0001,0.010046050378097079,0.01582811556844659
TMS13F1304P0002,6.67254493572549e-4,0.0060640130666312205
TMS13F1304P0003,6.340083815287086e-4,3.1480809564356227e-4
TMS13F1310P0004,0.0060721493499058775,0.011655837586209139
TMS13F1315P0001,0.016948304635068197,5.855616204302964e-4
TMS13F1315P0008,0.009879508020028058,0.016256169403458826
TMS13F1319P0013,0.0028587905446975205,4.4294682292703435e-4
TMS13F1334P0006,0.06345580567036033,0.018800929760374528
TMS13F1353P0002,8.839961107980506e-4,0.004122272173076201
TMS13F1376P0018,0.02281001972021544,0.10369434855390151
TMS13F1400P0001,7.630630230185958e-4,9.755668875231437e-4
TMS13F1414P0009,0.009785580248119933,0.004051857075127615
TMS13F1425P0004,1.0196758156302644e-4,8.503574698782043e-4
TMS13F1425P0009,0.006793685416619639,1.448900630427291e-6
TMS13F1426P0005,0.0166226574770252,0.005068333103911405
TMS13F1426P0009,0.006873738058126726,0.0034165511856530605
TMS13F1461P0002,0.007279866062122011,0.0015936189450026965
TMS13F2006P0006,0.009894066585030852,0.016008126160924306
TMS13F2008P0017,0.01221889014222983,0.00902065925021765
TMS13F2028P0001,0.02755124316725964,0.011523735827463202
TMS13F2032P0014,0.02113784834424674,1.7368402987883409e-6
TMS13F2046P0002,0.08356944285416512,0.004781614471734432
TMS13F2059P0002,0.011326483844254663,0.008605344610726318
TMS13F2051P0005,0.006446128719768998,2.0216500843467182e-4
TMS13F2052P0002,0.009497601252431953,0.04585873712388015
TMS13F2061P0005,0.006897092334118678,2.108899068251848e-6
TMS13F2065P0005,0.014523258573170507,6.51517138565061e-5
TMS13F2069P0026,0.008448237415920531,0.04341803159004704
TMS13F2074P0003,0.003557659194605485,0.04303269717251955
TMS13F2084P0002,0.00847484084440176,9.936369826779238e-4
TMS13F2085P0004,0.01619548371306258,1.8015214033046173e-4
TMS13F2207P0001,0.013887760399946287,3.1213753505572e-5
TMS14F1022P0006,0.011203716360184027,0.005573942754721396
TMS14F1023P0003,0.0071423871430407295,0.013656301142459224
TMS14F1023P0004,0.008502572472154446,0.025325925203019805
TMS14F1023P0007,4.228311708759059e-11,0.017180493597555094
TMS14F1023P0008,0.005573506290958671,0.03354728793436764
TMS14F1023P0009,0.010057374791302707,0.010654065115495544
TMS14F1024P0001,0.0043687134617875455,0.013406634123749874
TMS14F1024P0004,0.008112005171702583,1.9558254138290798e-4
TMS14F1025P0001,0.01105371053271052,0.0012593077991839227
TMS14F1025P0003,0.009664318870030981,9.248202197580072e-6
TMS14F1025P0006,0.010398767079387703,0.0034131553352374296
TMS14F1025P0011,0.010144539348201703,0.0018852381218692248
TMS14F1025P0012,0.00691926280429092,0.024363375818196618
TMS14F1025P0013,0.013587502436128555,0.008759784803108366
TMS14F1026P0001,0.005081989712723886,0.0031053959321478415
TMS14F1026P0004,0.009890479693341071,0.0030129517428327673
TMS14F1026P0007,0.00636539963315108,4.424104542455345e-6
TMS14F1026P0009,0.005867554042485945,0.00966158762077838
TMS14F1027P0001,0.007778117787562712,0.010743120721522975
TMS14F1027P0004,0.009081057258722033,0.0018449684637606902
TMS14F1027P0008,0.008572879346102555,0.0059068716098834234
TMS14F1027P0010,0.009649066997912579,0.002159716567601028
TMS14F1027P0011,0.010400675043461852,8.996863013527173e-4
TMS14F1028P0001,0.009839538868449434,0.0038064724454907255
TMS14F1028P0003,0.010362230250337438,0.0011474553330976128
TMS14F1030P0001,0.00871735569833494,0.006235754668707885
TMS14F1030P0005,0.01055771621689328,0.0035241404805472065
TMS14F1030P0008,0.002739175179737157,0.0012221281922751548
TMS14F1031P0002,0.006262988302324424,0.0013268911551118352
TMS14F1031P0004,0.006263999334529742,4.392595026816246e-4
TMS14F1032P0003,0.009456443796507926,0.015313003978587836
TMS14F1032P0004,2.9018165372866016e-4,8.487951048305673e-5
TMS14F1032P0007,0.007611917239032818,1.6130147544782934e-7
TMS14F1032P0008,0.009027379335864867,0.005024126183100018
TMS14F1032P0009,0.010968714801838435,0.012164273659572488
TMS14F1033P0005,0.007541772217654054,1.0368331881679546e-4
TMS14F1033P0008,0.008705444013082816,0.01618418752639468
TMS14F1035P0001,0.008405927425977266,0.001919786577888432
TMS14F1035P0002,0.008611067803013427,0.004524505415601031
TMS14F1035P0003,0.00806477890390021,6.030128056504867e-6
TMS14F1035P0004,0.006932910130460222,2.2459242637340405e-4
TMS14F1035P0006,0.015066823644935341,0.00910918511558746
TMS14F1035P0007,0.009786035469541647,0.014520803143468666
TMS14F1035P0008,0.01524955087233481,0.0049611899577867696
TMS14F1036P0001,0.008448325252626178,5.123568776656897e-4
TMS14F1036P0002,0.008457409825282518,1.9759285713213303e-5
TMS14F1036P0003,0.010063849416855612,0.002329586599686795
TMS14F1036P0004,0.00947785067913684,0.012104812402679108
TMS14F1036P0005,0.0065464823878528195,2.4758572205097113e-5
TMS14F1036P0007,0.007049230182943493,0.013330412675683705
TMS14F1036P0010,0.006718095991459651,0.01576186962335964
TMS14F1036P0011,0.0028465083163236953,0.00916404340781426
TMS14F1037P0003,0.012391697520436912,0.004841155354667758
TMS14F1038P0001,0.007415259862994553,0.0013890122576116117
TMS14F1038P0002,0.007155630860092324,4.571266938250495e-4
TMS14F1038P0003,0.005997680401972662,0.001089180599647779
TMS14F1038P0004,0.0021599733516288805,2.1944501089538935e-6
TMS14F1038P0005,0.0066173426788148654,1.795246416117213e-4
TMS14F1041P0002,0.0045256355670648864,0.004875876452364009
TMS14F1042P0001,0.008380620739487428,0.005754756781173045
TMS14F1042P0005,0.0037351623732113986,0.021308923054405158
TMS14F1042P0007,0.004075820845014193,0.021895470788747807
TMS14F1042P0008,0.007520357639560938,0.004078818943741841
TMS14F1042P0010,0.0015527140832892433,0.002315425728471473
TMS14F1044P0002,0.010759245366982768,0.0032252598962703724
TMS14F1045P0004,0.003724942968720082,0.009018263153617301
TMS14F1045P0005,0.0022701987148989224,1.7105498124354268e-4
TMS14F1045P0006,7.247649343299147e-4,1.9654951612236803e-4
TMS14F1045P0008,9.846157861161868e-4,2.817488150005406e-7
TMS14F1047P0003,8.332590139008331e-4,0.0014361112912235929
TMS14F1047P0008,0.0012223113701763236,8.949052009199048e-5
TMS14F1047P0009,0.002089072852121914,0.0019031065719441395
TMS14F1048P0002,0.007220638386281664,9.707270650789623e-4
TMS14F1048P0003,0.003917912680047103,0.00208727855704837
TMS14F1049P0001,0.00935166641060057,0.013825534050463916
TMS14F1050P0003,0.008622229453521495,0.014421888123259608
TMS14F1050P0007,3.6973219485228443e-4,0.0044802297130450254
TMS14F1052P0003,0.011457321042610017,0.009727931096623782
TMS14F1052P0004,0.010201162151926376,0.0024651211361013813
TMS14F1052P0005,0.011651140526417005,0.013468372774574421
TMS14F1053P0002,0.005544192518020936,0.0018318049524722196
TMS14F1053P0003,0.008987204447449517,0.007693509499368458
TMS14F1053P0004,0.01419511813813083,1.9732310382907564e-5
TMS14F1054P0001,0.007341481601034839,0.00973248099330768
TMS14F1054P0003,0.009440570933817885,0.0030642556447167376
TMS14F1055P0002,6.388003804193709e-4,5.9990057650252715e-5
TMS14F1055P0003,0.010118218903415925,4.1081230169168946e-4
TMS14F1055P0004,0.00852075660056017,5.772996396438993e-4
TMS14F1055P0007,0.013220780396028205,0.001124806101667332
TMS14F1056P0001,0.0020752308544937344,0.009045433726616772
TMS14F1056P0003,0.011059851526962651,0.017352563799449088
TMS14F1056P0004,0.005990008724348384,0.01668194504118647
TMS14F1057P0001,0.004305133635180527,0.010098143556679817
TMS14F1057P0002,0.013055560942104166,0.012710231409822094
TMS14F1057P0005,0.00694882492710046,0.009213179192934549
TMS14F1057P0006,0.00464035597576848,0.016453077274402515
TMS14F1057P0007,0.008683124569580033,0.0031263094024462507
TMS14F1057P0009,0.0048126781528594715,0.019066696223104748
TMS14F1057P0010,0.009357301458480126,0.004572078653906213
TMS14F1058P0002,0.0061781378069760695,0.011531368545370875
TMS14F1058P0003,0.012321010436781769,0.01770440604780768
TMS14F1059P0001,0.004636941223644889,0.0027005556029527735
TMS14F1059P0004,0.01147441003090048,2.305574479779162e-4
TMS14F1059P0005,0.003208817552792583,0.013978345386473901
TMS14F1059P0006,0.005055016246953353,0.010720194802996142
TMS14F1059P0020,0.007695468912172742,0.001795823516298682
TMS14F1060P0001,0.008586490452290098,0.020859133762111993
TMS14F1060P0003,0.0068538989982024085,0.004672743970923848
TMS14F1060P0004,0.009002006670783082,0.023567026119140033
TMS14F1060P0007,0.013441540648436827,0.0030529095105566013
TMS14F1060P0008,0.0074945074173770184,0.014905145681721271
TMS14F1060P0009,0.009521851162405236,0.020508913888715258
TMS14F1060P0010,0.008256445781739195,0.025500780867069226
TMS14F1060P0011,0.006715601150784603,0.03418541513469479
TMS14F1060P0012,0.010316058307448835,0.019927643897333487
TMS14F1060P0014,0.007430939362909402,0.008320151365953501
TMS14F1062P0002,0.009601709638014344,0.004570991608575311
TMS14F1063P0001,0.0017606529434542578,1.9111286811204412e-4
TMS14F1063P0004,0.014169255241165413,0.0010514253244563942
TMS14F1063P0005,0.007859273270270415,0.023751225417959012
TMS14F1063P0006,0.0017174063547593281,0.0028719702470446614
TMS14F1063P0009,0.015377849082561968,3.163150501619376e-4
TMS14F1063P0010,0.004012519525119549,0.01006259953707886
TMS14F1063P0011,0.002887087421181549,1.306248329395662e-5
TMS14F1065P0002,0.008801563294317217,0.007142261014254934
TMS14F1065P0004,0.013588206024591135,0.0014077302105719267
TMS14F1065P0008,0.013196420298260557,0.003481929490725986
TMS14F1067P0002,0.059758570711628815,6.169472895449285e-4
TMS14F1067P0007,0.009331311349372972,5.413710473028377e-5
TMS14F1067P0011,0.03462179340264363,8.054223864196322e-5
TMS14F1067P0014,0.09005049991326634,0.0016788193963081389
TMS14F1068P0001,0.008578998745617997,0.0035153959309557814
TMS14F1068P0002,0.007864875665336413,3.3849371715438556e-4
TMS14F1068P0004,0.010001373226162374,0.0017625825709226576
TMS14F1068P0006,0.012563065168107842,0.0015343106338802622
TMS14F1068P0008,0.0338343332754869,0.03960625381234845
TMS14F1068P0009,0.012073261581419923,0.020441554115562113
TMS14F1068P0010,0.014173366882117337,0.0010197409477332943
TMS14F1068P0011,0.0063728491075147,8.803151500428662e-5
TMS14F1069P0001,0.012882334498920135,0.0011602435418534938
TMS14F1069P0004,0.0076224038892303125,0.007660805309222116
TMS14F1069P0006,0.006054323122142363,0.0059891547791514526
TMS14F1069P0007,0.012530421355883134,0.004195127537281228
TMS14F1070P0002,0.10001627751820136,6.894511221783095e-5
TMS14F1070P0003,0.008024756787081895,5.310612112730997e-4
TMS14F1070P0004,0.08598344109471391,0.018367649023870912
TMS14F1071P0001,0.009812551778704003,0.005391367199334439
TMS14F1072P0001,0.011507285524893435,4.0100239794575173e-4
TMS14F1072P0003,0.010377738059874929,0.005346936889893633
TMS14F1072P0005,0.013212263041522565,0.0023734578748260326
TMS14F1072P0007,0.012367647083775586,5.97056973218796e-4
TMS14F1072P0008,0.008572428351471123,0.002247476851088822
TMS14F1073P0001,0.005870427139808367,0.001286394895208201
TMS14F1073P0003,0.011406668646949268,0.008431245384912427
TMS14F1073P0004,0.01063388643868487,0.003639400745718682
TMS14F1073P0005,0.011780050896039842,0.008030715948843288
TMS14F1073P0007,0.007461484863361083,0.006430360762660006
TMS14F1074P0001,4.436762668927034e-4,0.0035235576644494066
TMS14F1074P0003,1.1063119987071774e-5,0.0034063404953645245
TMS14F1074P0005,0.006156049006865242,6.487503252403843e-4
TMS14F1074P0008,0.00270757205637924,0.0015200975183325633
TMS14F1074P0011,0.0012234127283122292,0.002300683888583659
TMS14F1074P0012,0.011374812385249367,8.675631149016514e-4
TMS14F1074P0013,5.244444670342314e-4,6.914401077152141e-5
TMS14F1074P0015,0.0014342857789127123,1.166750685737694e-4
TMS14F1074P0017,1.8527097885720291e-4,4.645716192932832e-4
TMS14F1075P0001,0.0018077362321584083,0.0018608457921797745
TMS14F1075P0004,0.0010019465265815595,0.004183504432026448
TMS14F1075P0005,0.010863854623952484,0.0011277748895982046
TMS14F1075P0007,0.004734329372567423,1.924912949733103e-6
TMS14F1076P0001,7.725809164698476e-4,0.0010797820278237045
TMS14F1077P0002,0.004342452049940202,0.012337877060956312
TMS14F1077P0003,0.005331827804099776,0.005840280234376835
TMS14F1077P0004,0.007557598134970028,2.78847905417982e-4
TMS14F1077P0009,0.004402108728620101,0.0069050130459448935
TMS14F1077P0010,0.00526873421138235,8.620177867823602e-4
TMS14F1078P0003,0.006619162038785642,0.0037552135789819096
TMS14F1078P0010,0.008266910243996782,0.004970094043500791
TMS14F1079P0001,0.0048701178137065424,7.431397961060757e-6
TMS14F1079P0003,0.007468530539481809,8.956212480827377e-4
TMS14F1079P0004,0.007138930122043766,2.2815255173215238e-5
TMS14F1079P0005,0.007762589820578556,3.4776915246754905e-4
TMS14F1079P0006,0.0017268640995691724,0.0027058793615043356
TMS14F1080P0001,0.00968186432176168,0.0010643672152846056
TMS14F1081P0001,0.002860935937343694,0.004751668193094821
TMS14F1081P0003,0.011049931043123623,0.0072746434382977695
TMS14F1082P0002,0.011236786681215593,0.010011605022179182
TMS14F1082P0003,0.08923955515682545,0.033532103320458514
TMS14F1082P0005,0.09496479655103832,0.03581356758182222
TMS14F1084P0001,0.007258110186494977,0.0041209189487180845
TMS14F1084P0002,0.007272210674593968,0.011320229611854202
TMS14F1084P0005,9.500101957917497e-4,0.0038566004278314503
TMS14F1084P0006,0.007656947790405359,0.011847098969147804
TMS14F1084P0008,8.96883095945937e-4,0.006197404706607238
TMS14F1085P0002,0.006062640293491426,1.7384938057001556e-4
TMS14F1086P0003,0.015064565867382041,1.4729429184443316e-4
TMS14F1087P0001,3.1254561217319566e-4,0.001117459814754189
TMS14F1087P0002,0.010547292781033897,0.002295982855789326
TMS14F1088P0002,0.016336502761215628,0.0016404835461730793
TMS14F1089P0001,0.0012620442504595898,9.306625902951989e-4
TMS14F1089P0002,5.241064354038357e-4,4.1757717367154994e-4
TMS14F1089P0004,1.8740265519171133e-4,0.0037883178311585446
TMS14F1089P0005,0.0023481631648356737,0.0020033918760564186
TMS14F1089P0010,6.762794205324521e-4,0.0033755131481192106
TMS14F1090P0001,6.369109010690584e-4,3.683680014198084e-4
TMS14F1090P0002,8.968563401179569e-4,0.0017958996140197605
TMS14F1091P0001,2.3304590483720533e-4,1.5136914862104138e-4
TMS14F1091P0002,0.009193206886538286,2.7049312238515654e-6
TMS14F1091P0003,3.304441771069538e-6,0.002217025384946317
TMS14F1091P0004,0.006726772199669519,0.005404039804572833
TMS14F1091P0006,0.006605535009434399,0.0012402797925318552
TMS14F1091P0007,2.7835535928238026e-4,0.0022363743785762938
TMS14F1091P0010,0.0069115382528978815,0.001020434051742065
TMS14F1091P0011,4.597841263365793e-6,7.417597204125693e-5
TMS14F1092P0002,0.013667180722140024,0.023487102729521064
TMS14F1092P0005,0.012005170041866277,0.009689508479314615
TMS14F1092P0006,0.004866430755487132,0.028221270412906906
TMS14F1093P0003,0.007975860397478123,0.005846437056512508
TMS14F1094P0001,0.006401080369434847,0.0033959560207752547
TMS14F1094P0002,0.009740076313367612,0.01986648518218813
TMS14F1094P0003,0.009950565239567255,0.02552210548967474
TMS14F1094P0006,0.006407442298807256,0.025385391716902145
TMS14F1095P0001,0.0027291463650118662,0.014050220420080582
TMS14F1095P0002,0.06718827818183139,0.012528468231194117
TMS14F1095P0007,0.008784463280686721,0.009384233496836918
TMS14F1095P0012,0.006651990117431737,0.0010753659523014027
TMS14F1096P0002,0.001199285299647959,4.1110615374219796e-4
TMS14F1096P0003,0.050576150038150365,0.01410009560233355
TMS14F1096P0005,0.04916387303277002,0.013022780775491188
TMS14F1096P0009,0.0702019049278971,0.005916909625968745
TMS14F1096P0012,0.0018004559361690046,2.7423891665570506e-4
TMS14F1097P0001,0.010986314018888351,0.005875304342867927
TMS14F1097P0003,0.03437316578867604,0.019520372412160203
TMS14F1097P0005,0.010391772574552526,5.683164861166576e-4
TMS14F1097P0008,0.0023398760108083116,0.0014608885048932375
TMS14F1097P0009,0.008131911075941882,0.014492153971531413
TMS14F1097P0010,0.00951441775879593,8.29664642246391e-4
TMS14F1097P0017,0.0026237410430393275,8.796636847351757e-5
TMS14F1097P0020,0.010757610243511427,0.0066489997654439305
TMS14F1098P0001,0.009385050946661467,0.004465342570858061
TMS14F1098P0003,0.05865725916696823,0.030886882018075785
TMS14F1098P0004,0.00767443438997868,0.017539811239996792
TMS14F1098P0006,0.008526733580646928,0.00802194330502081
TMS14F1098P0013,0.003244227044902231,0.015279559498052212
TMS14F1098P0014,0.0052421162230617815,0.001491288474232397
TMS14F1098P0015,0.005498164172090112,3.2343796261437584e-4
TMS14F1099P0001,0.005955051123927726,0.002145270460627659
TMS14F1099P0005,0.006659019140067167,0.0018382120018132393
TMS14F1099P0008,0.007427499005402325,0.007946876692762684
TMS14F1099P0009,0.010213230351312566,0.0017659848091588993
TMS14F1099P0010,0.058374539201463765,0.0027183547570674895
TMS14F1100P0001,0.05542535444435421,0.001937319818098243
TMS14F1100P0002,0.004666777135825636,5.613653786405974e-4
TMS14F1100P0004,0.06843550395043614,0.0011529879070617329
TMS14F1100P0007,0.047537944667045376,0.008089184049056654
TMS14F1100P0010,0.002602970399502987,4.8141151608415674e-5
TMS14F1100P0011,0.04977188161510173,0.004075599378023134
TMS14F1101P0001,0.004828528338629441,0.01265365842532429
TMS14F1101P0002,0.00827440311774222,3.145396210299633e-4
TMS14F1101P0003,3.979829289289241e-7,0.001570682221808579
TMS14F1101P0005,0.010416884206711951,8.225728366812757e-4
TMS14F1102P0001,0.010093128913901104,6.951458955556307e-4
TMS14F1102P0002,0.010391849109383637,0.0011975651515572546
TMS14F1102P0003,0.010184918372844498,1.3470585100429617e-8
TMS14F1104P0001,0.007337952580545746,0.01487957893658059
TMS14F1104P0005,0.05635237341765004,0.05798022857103609
TMS14F1104P0010,0.010116620746366453,0.0097520092202194
TMS14F1105P0001,0.009568373254318986,0.008368358970056616
TMS14F1106P0001,0.010068110100563148,0.007108314497956254
TMS14F1106P0003,0.012363893442628367,0.011708145353447632
TMS14F1106P0004,0.007276388606777213,0.0024455733015755917
TMS14F1106P0005,0.06634618391105188,0.030593572322323178
TMS14F1106P0006,0.06401257451964658,0.0294530032467335
TMS14F1106P0007,0.009827531668357103,0.014966479276607908
TMS14F1106P0013,0.012530290559826253,0.003406282736548729
TMS14F1107P0001,8.368184776486046e-4,0.013925750838249635
TMS14F1107P0002,0.012199455433247368,9.508446175520414e-4
TMS14F1107P0003,0.007964224112410665,2.9654055036615e-4
TMS14F1107P0005,0.006674241059338936,0.02353359008065832
TMS14F1108P0001,1.7619770336245702e-4,0.032471710103619746
TMS14F1108P0002,0.05055311128310823,0.05777982646641357
TMS14F1110P0002,0.00727602555559038,0.0010205719825650262
TMS14F1110P0005,0.002086088023772358,0.0030557666067914427
TMS14F1110P0007,0.002036453890294358,0.0018230455778764948
TMS14F1110P0008,0.046372458666456944,0.024053738108641184
TMS14F1110P0009,0.014666118837623247,0.006219187208662702
TMS14F1110P0014,0.04355843321949195,0.015054486132590063
TMS14F1111P0004,0.05067633347250939,0.010017977447749224
TMS14F1112P0004,0.05616727114693657,0.02292794393276562
TMS14F1112P0009,0.001074913593869676,0.01230155532921344
TMS14F1112P0017,0.0066981038135537985,0.00326628775447675
TMS14F1112P0020,0.006166357446598549,0.0021697021853810654
TMS14F1114P0001,0.008130656761532145,0.031764915082569956
TMS14F1114P0002,0.00961566933646141,0.05589211736294026
TMS14F1116P0002,0.006860522566577619,0.04265228366153802
TMS14F1116P0004,0.0010867759546019852,0.03744587816763217
TMS14F1117P0003,0.005245577247769483,0.007003293339490533
TMS14F1117P0006,0.012369086994791209,0.001944718426743032
TMS14F1117P0013,0.005369505139582147,0.007025589334214218
TMS14F1117P0016,0.009847330619227452,0.0011283281433700032
TMS14F1118P0001,0.006316848359769776,0.0010678951364029355
TMS14F1120P0001,0.0074696464102590515,0.0026936456860226312
TMS14F1120P0003,0.0010297960579120598,0.0021272667325807773
TMS14F1120P0004,0.06070827770498794,0.006784561990692663
TMS14F1120P0005,0.011397810803157453,1.0447427914522147e-5
TMS14F1120P0006,0.058263627048398006,0.00772704364809375
TMS14F1120P0007,0.010721874185847304,1.081153854602942e-4
TMS14F1121P0003,0.014865106790701759,0.0136326858932024
TMS14F1121P0007,0.0034093821713833497,0.018941327814647833
TMS14F1121P0008,0.02618060936629344,0.034235915382517995
TMS14F1122P0005,0.03141278506734174,0.042225870602222194
TMS14F1124P0001,0.04717681681791103,0.03492361248133959
TMS14F1124P0003,0.0586493408191711,0.031390377077061445
TMS14F1124P0006,0.04943708296917287,0.025581333087933523
TMS14F1125P0005,0.05689100690320978,4.30428051499773e-6
TMS14F1125P0008,0.0027043985733917974,1.9705846020419762e-4
TMS14F1125P0009,0.0061332006023311,0.0027276726487665006
TMS14F1125P0010,0.0036832987218170144,4.1825957864336747e-4
TMS14F1125P0012,0.05012717163263722,0.008488631812976932
TMS14F1128P0005,0.008288039709781994,2.6308362013263817e-4
TMS14F1128P0008,0.008608386290963818,1.0109773923764687e-4
TMS14F1128P0011,0.007147029828860076,0.0019654250768323155
TMS14F1129P0001,0.007377008893745132,0.002154479129404137
TMS14F1129P0002,0.005566140883008577,0.0010781243869660189
TMS14F1129P0003,0.010434910182504205,0.013258004469363607
TMS14F1129P0005,0.004476644433270233,9.245321208722251e-4
TMS14F1130P0001,0.006748049813514884,0.02165423189639644
TMS14F1130P0003,0.006790183138221354,0.02304852014373285
TMS14F1130P0004,0.006818418346761585,0.010477444723738858
TMS14F1130P0008,0.009069369761271137,0.009851048790252242
TMS14F1130P0009,0.007459767608567905,0.016891873384435045
TMS14F1131P0001,0.007860514508340358,0.003537257509711736
TMS14F1131P0002,0.004054752867977566,0.021973311087307507
TMS14F1131P0003,0.00689581947501241,0.005610832425366409
TMS14F1131P0004,0.006511365897611709,0.009683218161245937
TMS14F1132P0002,0.009168793215592063,0.0011552216527790898
TMS14F1133P0001,0.009953388125033229,5.207602969810204e-4
TMS14F1133P0004,0.013042664949906517,0.0027471344177614704
TMS14F1133P0006,0.00877802080304073,0.0024550348222678237
TMS14F1135P0001,0.009002011823804962,0.006820311454333909
TMS14F1135P0005,0.008593005366158892,3.7427118461718895e-5
TMS14F1136P0003,0.01061746344090196,0.009572878500843042
TMS14F1137P0001,0.008301639464756377,3.4899679729722365e-4
TMS14F1138P0001,0.001240521932360884,0.01143680883293594
TMS14F1138P0002,0.009266279394936527,0.02104222828197404
TMS14F1138P0003,0.007457163580556309,0.02295165390462544
TMS14F1138P0006,0.0012945706449719366,0.0046625611215758145
TMS14F1139P0001,0.005724215749963018,0.002391834673144808
TMS14F1139P0002,0.004159047328296541,0.0013226545952320517
TMS14F1140P0002,0.01633015269799865,0.005272199619607139
TMS14F1140P0004,0.003502570711757452,0.0067791542661463765
TMS14F1140P0006,0.004516619512254454,0.0057423737462013805
TMS14F1140P0007,0.003242859543710399,0.01278742721020866
TMS14F1140P0008,0.01509219607859543,8.212533245926315e-4
TMS14F1140P0009,0.015412452187569764,0.00811534311322908
TMS14F1141P0002,0.017484331017238987,0.007131101553753307
TMS14F1141P0005,1.3377774434423335e-4,0.013272468005873507
TMS14F1142P0002,0.008399140980585066,0.004550267893913082
TMS14F1142P0004,2.887333888013904e-7,0.013046374396618795
TMS14F1142P0008,0.0054204183521957315,0.024374404977106134
TMS14F1142P0009,0.006990314353905405,0.01357693083054458
TMS14F1142P0010,4.982588824524447e-6,0.011090842625029015
TMS14F1142P0016,1.5200082326379988e-5,0.004585173329852256
TMS14F1142P0017,2.767424542530584e-5,0.004773917988486555
TMS14F1142P0020,3.3889899676254964e-5,0.013507660703476825
TMS14F1143P0002,0.007459257942829946,0.03379090705317674
TMS14F1145P0001,0.005680344424395069,0.07853866053876016
TMS14F1145P0003,0.006373101689689375,0.06611019607930474
TMS14F1145P0006,0.00904298823477946,0.03174160572976936
TMS14F1145P0007,0.0087244031570674,0.025725535634148186
TMS14F1145P0009,0.007962042821299859,0.025724322496962167
TMS14F1145P0010,0.008992697261407764,0.03184648321613207
TMS14F1145P0011,0.008784275481541174,0.02768919482504739
TMS14F1145P0013,0.007500960645376232,0.06990278679015481
TMS14F1145P0015,0.007561401393936807,0.03525460605922856
TMS14F1146P0002,0.010394863319645882,0.027491506172717367
TMS14F1146P0003,0.007221397626160089,0.05723234080613294
TMS14F1146P0004,0.011423041130918089,0.008024340617721932
TMS14F1146P0008,0.011730702552335218,0.02493483103565121
TMS14F1147P0001,0.006735514034051881,0.04941032635622903
TMS14F1147P0002,0.007990375882175839,0.029027693272972208
TMS14F1147P0003,0.011872401053432272,0.01589397963193472
TMS14F1147P0006,0.009545100931581807,0.029253176631026157
TMS14F1147P0009,0.010940197444247842,0.016300812381340707
TMS14F1149P0002,0.007363142801118093,8.302715575792589e-5
TMS14F1151P0002,0.00855324006533154,0.0020876049263576757
TMS14F1151P0003,0.012599712559264014,0.004209238167762364
TMS14F1151P0005,0.006045677060606171,0.019380240264764693
TMS14F1151P0006,0.0085956320982844,0.0026370564534167096
TMS14F1151P0007,0.007902601423366183,0.017441400234860387
TMS14F1152P0001,0.012218186705248943,0.006146246298854911
TMS14F1152P0002,0.012820346262360475,7.201062717402778e-4
TMS14F1152P0006,0.002633679523880646,0.02183152436837067
TMS14F1152P0007,0.011478639360742149,0.007863667392821723
TMS14F1153P0002,0.014147338324854035,6.147699030192662e-5
TMS14F1153P0005,0.01132449966707245,5.908492536641849e-7
TMS14F1153P0006,0.006399642805762429,0.008636253062313672
TMS14F1153P0007,0.010597455323389335,0.015396620192205368
TMS14F1153P0008,0.0077365339968972135,0.006380434577348859
TMS14F1153P0009,0.012878673543667805,1.872739208185574e-4
TMS14F1154P0006,0.008254099100915267,0.015346077101351129
TMS14F1154P0007,0.008522828272925092,0.0020098861246973395
TMS14F1154P0008,0.009203923027807755,0.004149200002971232
TMS14F1156P0001,0.0094312071087861,4.8567793509511956e-4
TMS14F1156P0002,0.006529358624876528,3.1627289608602145e-4
TMS14F1159P0001,0.005642847217672007,0.015971576486697493
TMS14F1159P0003,0.006799652339991681,0.023094845920389687
TMS14F1159P0008,0.01047338484874722,0.019190392340115766
TMS14F1161P0001,0.007646879396694913,4.9526308024701204e-5
TMS14F1161P0002,0.005392017395434231,0.0027431808099293853
TMS14F1162P0001,0.007476712820146285,0.0019470666510572419
TMS14F1162P0002,0.0010664103064975605,0.0021096552440952676
TMS14F1162P0003,0.01520752247507763,1.1913907486881139e-5
TMS14F1162P0004,0.011764494769027937,0.0017411229834275275
TMS14F1163P0001,0.008695955276584897,0.022564199780698558
TMS14F1163P0002,0.00764036643386156,0.01796998183581139
TMS14F1163P0005,0.010080690482636245,0.0145719266301389
TMS14F1163P0007,0.008620312369706543,0.028227718810350844
TMS14F1163P0008,0.010245684532117784,0.029295628128889074
TMS14F1165P0001,0.010332728316954299,0.001171522318729942
TMS14F1165P0002,0.012599301205321713,0.0017720793920106702
TMS14F1166P0001,0.05836042830908169,0.026457757361207344
TMS14F1166P0003,0.012161470943489563,5.792417154798984e-5
TMS14F1166P0004,0.05190691358070811,0.017120599032135902
TMS14F1166P0005,0.059578353999582015,0.0036672346471824887
TMS14F1166P0007,0.054941412048900386,0.0063821070035282685
TMS14F1167P0001,0.011512024313921586,3.342388170808846e-4
TMS14F1167P0004,0.012173843952242806,1.8570431281852537e-4
TMS14F1167P0005,0.005797255357400802,9.410911057446936e-4
TMS14F1169P0003,0.0069273448830034935,0.029121498516849902
TMS14F1169P0005,0.006574622488878623,0.03113384010619101
TMS14F1169P0007,0.01402803048353682,0.011267670280632452
TMS14F1169P0010,0.0012879852347989426,0.016007615104039807
TMS14F1169P0011,1.664692430394091e-5,0.019729722790236805
TMS14F1170P0002,0.002217875027986585,2.412501012796291e-4
TMS14F1170P0003,0.0035527911636248515,0.0016080834244976375
TMS14F1170P0006,0.0011433029571606456,5.821167740116178e-6
TMS14F1170P0008,0.0026675990910202036,4.125776719907995e-4
TMS14F1170P0010,0.004985136099474007,0.00808326486531576
TMS14F1170P0013,6.795763901068636e-4,7.153519485062991e-4
TMS14F1170P0016,0.0019939011955268297,8.15261654910535e-7
TMS14F1170P0017,0.00397725397776859,0.009998538082307211
TMS14F1170P0018,0.0038265681864859224,1.5073669359763698e-4
TMS14F1170P0020,0.006677663736980458,0.04347345296847169
TMS14F1171P0002,0.009423926254631116,0.00705389245842645
TMS14F1171P0005,0.0014569330003557184,8.471613919739046e-4
TMS14F1171P0010,0.007416801931799659,0.009486561119305653
TMS14F1171P0011,0.0017124375841078227,8.173835480545527e-4
TMS14F1171P0012,0.0018010852519236892,4.0739407798222744e-4
TMS14F1171P0013,7.742221018594097e-4,0.0025555495720166834
TMS14F1172P0001,0.01020330951923979,0.0234967829467612
TMS14F1173P0003,0.004223732636556505,0.004948430993423465
TMS14F1173P0005,0.0013268043419317269,0.0034217447470050537
TMS14F1173P0008,0.008086387029442376,0.010019659419681045
TMS14F1173P0009,0.0017480074561581627,0.0035911627917628356
TMS14F1174P0002,1.8445181770742145e-5,0.002576682038136335
TMS14F1174P0006,0.010579778875409033,1.700802932429218e-4
TMS14F1174P0007,0.009415700247019173,8.575816608364623e-6
TMS14F1174P0008,0.00195516975478098,3.872268082786476e-4
TMS14F1174P0010,0.012019143509027969,0.012501468085105003
TMS14F1176P0001,0.0014106111118264483,0.005706676207510705
TMS14F1176P0004,0.010984098845874663,4.04116416777579e-4
TMS14F1176P0005,0.003196245113327871,0.003910107589986163
TMS14F1176P0007,0.00898313359829794,0.0035833333886003747
TMS14F1176P0009,0.0037793424095019157,0.0019201670645653329
TMS14F1176P0011,0.0018809317472664336,2.000797082286532e-4
TMS14F1176P0012,0.012319033284013384,2.2955673203739048e-5
TMS14F1177P0001,0.009099204618515062,0.010860285976857561
TMS14F1177P0002,0.007478745504887036,0.012615756065490938
TMS14F1177P0003,0.0025911968159714775,0.0037461164343163917
TMS14F1178P0001,0.0015954976718766628,0.009217377663467296
TMS14F1179P0001,9.482994921409911e-4,0.007235517547129574
TMS14F1180P0002,0.010248315951113507,1.5666287105383695e-4
TMS14F1180P0005,0.00989596027119089,0.0013104870169653412
TMS14F1181P0001,0.001328884683885096,0.01028059960212506
TMS14F1181P0002,0.001741876501209802,0.007372558855410186
TMS14F1181P0003,0.0017886887101068378,0.0016993682124043974
TMS14F1181P0004,0.012298453540010404,0.0025708371610894862
TMS14F1181P0005,0.0014519768700395816,0.007735244146615089
TMS14F1181P0007,0.007294636362064463,0.0033336087086334983
TMS14F1183P0003,0.0064147867030743475,9.006970048510456e-6
TMS14F1186P0001,0.010881198246855097,0.002678512989793161
TMS14F1186P0002,0.009155506402610258,0.0015635665907439747
TMS14F1186P0003,0.009903771083152187,0.0016609417900079121
TMS14F1186P0005,9.354244301681341e-4,0.0038936216574378536
TMS14F1186P0007,0.009871944830919941,0.00149178710001059
TMS14F1186P0008,0.008354973193252553,0.013978692027865254
TMS14F1187P0001,0.0066736351300908485,0.02827738244794079
TMS14F1188P0001,0.0016154695712859515,0.006577973253012401
TMS14F1189P0002,0.036934924014428376,0.008216458893638985
TMS14F1189P0003,0.04108328308671631,2.2320109961115964e-5
TMS14F1189P0004,0.004419421927077051,0.0019727808077150276
TMS14F1189P0005,0.0012363976764022187,1.3699149088264849e-6
TMS14F1190P0001,0.009017188640729168,0.02457005577676829
TMS14F1191P0005,0.01558125867686596,1.8603219230576196e-5
TMS14F1191P0007,0.01532976968233671,0.0036139793393356132
TMS14F1191P0008,0.018131918226068567,3.2789163327054345e-4
TMS14F1192P0001,0.010900535940130855,0.006701556230707453
TMS14F1193P0001,0.006403935243110666,0.0019250599116672075
TMS14F1193P0002,0.007837076916402055,8.300365822679809e-4
TMS14F1194P0002,0.009402058706432613,0.007909867717342513
TMS14F1195P0001,5.252449128715839e-5,9.881005310510855e-4
TMS14F1195P0002,0.00427461093550358,0.015425717650885512
TMS14F1195P0004,0.0071965013858180955,0.04322876811313897
TMS14F1195P0005,8.722250014281584e-4,0.027992406892985624
TMS14F1195P0006,0.007246390440661862,0.012414693891747808
TMS14F1195P0007,0.0020433708046306465,0.002287478615957299
TMS14F1195P0009,0.004230069155080892,0.0015248070751497874
TMS14F1195P0012,0.013844311771662537,2.4424188003170297e-4
TMS14F1195P0013,0.009685899683116119,0.010375715438765004
TMS14F1195P0014,0.011844349976015378,2.5782899515922443e-4
TMS14F1196P0002,0.0033248632131306207,0.0024448209243014326
TMS14F1196P0003,0.004579602552655114,0.00548279209430426
TMS14F1196P0004,0.0027809277901860003,7.849339879331822e-4
TMS14F1196P0006,0.00955819899733492,2.0104741339045272e-4
TMS14F1196P0007,0.01007459980259451,0.0014366521843013084
TMS14F1199P0001,0.09276489328556455,0.008082506472976871
TMS14F1199P0002,0.006099742089675911,0.0015190040464931921
TMS14F1199P0003,0.006143083639007456,1.1811255193457557e-4
TMS14F1199P0004,0.009278733363938236,0.006153031468065999
TMS14F1199P0005,0.004399479602066024,4.84215079006511e-4
TMS14F1199P0007,0.03232052494233739,0.014099239704774266
TMS14F1199P0008,0.009357160759322842,0.008197733666352089
TMS14F1200P0002,0.0037886208922150865,0.004005606188233247
TMS14F1200P0004,0.0037858340719507575,0.004402062048198873
TMS14F1201P0003,3.3799781487912195e-4,9.617873108232303e-4
TMS14F1201P0004,0.00219809394768665,2.3831764124403854e-4
TMS14F1201P0006,6.345576593028637e-4,0.001643431560242826
TMS14F1201P0008,7.816253413758387e-4,0.006596925049802103
TMS14F1202P0003,0.0032488305493573095,0.0031036992529214526
TMS14F1202P0004,0.002090656546789895,0.0011092833515568515
TMS14F1203P0001,0.0012564482836000153,9.160623893943571e-4
TMS14F1204P0001,0.002974154819454143,6.013471696071634e-4
TMS14F1204P0002,0.004844998607073706,0.007631538423272842
TMS14F1204P0003,0.004373044982719607,1.6318662697809694e-4
TMS14F1204P0004,0.002643407460025754,9.320952088017323e-4
TMS14F1204P0005,0.005354348129597968,0.002051996705000759
TMS14F1204P0007,0.0020355654666679083,0.0019599992574574365
TMS14F1204P0012,0.004755140079364805,0.0015920921486604297
TMS14F1205P0012,0.0028187069898312563,8.924947604078161e-4
TMS14F1205P0013,0.003560110685979999,0.004300334591031484
TMS14F1205P0018,0.010762424437194001,0.0019481484499876914
TMS14F1207P0002,5.530966081444469e-4,0.008221594001436709
TMS14F1208P0002,5.247283379721317e-5,3.8181970811556e-4
TMS14F1208P0003,0.010053873088803254,5.475442529285409e-4
TMS14F1208P0005,4.541784244709875e-4,7.24477576999754e-5
TMS14F1208P0007,0.009159114039109332,1.9136332728207257e-4
TMS14F1208P0008,0.016169585878787494,9.412303027393716e-6
TMS14F1209P0001,0.0836149950598603,3.6582240495329737e-4
TMS14F1210P0003,0.014095061762801219,0.005105149501194104
TMS14F1210P0004,0.09074456309649846,0.009048475933483712
TMS14F1210P0005,0.06386397416669472,0.008522997227366371
TMS14F1210P0006,0.01569836372641997,0.0013672589516326062
TMS14F1213P0003,0.10502328513885185,0.017269925857268813
TMS14F1281P0017,0.012824380427279864,0.006894799937201961
TMS14F1297P0005,0.014700407039484076,2.3914653420177597e-4
TMS14F1297P0007,0.005480380860836302,0.004395649132773626
TMS14F1297P0013,0.013763119464226798,1.537213044637846e-4
TMS14F1297P0017,0.013457847417654078,2.9026056496396886e-6
TMS14F1297P0019,0.004295287903353164,0.002606822620328998
TMS14F1289P0013,0.0080196488598649,0.0018386078355442927
TMS14F1289P0016,0.008380797302347691,0.002426927647874472
TMS14F1310P0016,0.00865608688573326,0.023172314319084245
TMS14F1290P0007,0.0142823425020715,0.00515792304970147
TMS14F1290P0012,0.0062852943857508396,0.01849469825052159
TMS14F1290P0013,0.008137571841718337,0.018244793020236592
TMS14F1290P0016,0.005022553656311287,0.0068004754339700355
TMS14F1290P0017,0.017019799028548423,0.008771926547760493
TMS14F1290P0018,0.0021831560759720853,0.007738737451765388
TMS14F1290P0020,0.008327173527585758,0.014843407492564027
TMS14F1293P0008,0.011202812223231317,0.009326736816503811
TMS14F1293P0020,0.011059778678991484,7.678297974893223e-4
TMS14F1295P0012,0.01044729930024235,0.03446663439076096
TMS14F1295P0013,0.010340277578496851,0.03171666383902384
TMS14F1295P0017,0.009498935582112724,0.052660186065319914
TMS14F1295P0018,0.013530402895914947,0.029421113168725845
TMS14F1285P0012,0.015402725069837328,0.006267753831887993
TMS14F1285P0013,0.011400895009271066,2.7326373003572913e-5
TMS14F1285P0016,0.006577884557383756,0.01449112429477376
TMS14F1285P0017,0.00609448538279383,0.015324733483474472
TMS14F1291P0016,0.0076645468462736574,8.879735948282459e-4
TMS14F1298P0012,0.011132994942916304,0.0037334682170562777
TMS14F1298P0016,2.1171230879234596e-4,0.0013683976017411176
TMS14F1298P0017,0.004806924299443958,0.009884247957772558
TMS14F1298P0018,0.010237762303626705,1.8247182210503687e-4
TMS14F1299P0008,0.01255630329952882,0.0065039741398076585
TMS14F1299P0012,0.0019680640572643537,0.001455224485814464
TMS14F1299P0016,0.07386359636619975,3.677871630473359e-4
TMS14F1299P0018,0.005540002066504039,0.009078918770837476
TMS14F1287P0013,0.01789309123067572,0.0052338533604234195
TMS14F1287P0017,0.011538067782800025,0.001531686790066063
TMS14F1281P0002,0.005768549271318725,6.417677412501834e-5
TMS14F1281P0004,0.0013967487778174898,0.0013861481840921736
TMS14F1281P0007,0.005368564470905588,1.9845499093522012e-4
TMS14F1281P0008,0.004170084219410657,0.008444001901216257
TMS14F1281P0010,8.36140733613699e-4,2.4501809890702597e-4
TMS14F1281P0011,0.008472938309287522,0.011406931789684818
TMS14F1281P0012,6.837604468891577e-5,0.006270261309347049
TMS14F1301P0004,0.016374588623162795,4.468010398151412e-5
TMS14F1301P0005,0.01457505727592377,0.0016907477681121887
TMS14F1301P0006,0.011068832135166646,0.006533560808340281
TMS14F1301P0007,0.012278736675224822,0.005305674946006712
TMS14F1301P0008,0.011962320278424598,0.0026136588077967844
TMS14F1301P0010,0.01321790436775739,1.4179695351191158e-5
TMS14F1301P0011,0.01507805042252208,2.388658427035043e-7
TMS14F1301P0012,0.013107386597298243,0.0020311701930829486
TMS14F1301P0013,0.014502740304136251,4.542977264303819e-4
TMS14F1301P0014,0.01067883557351324,0.015139053616925769
TMS14F1301P0017,0.010928475831339213,0.0017135536791678867
TMS14F1301P0019,0.010302781747096505,0.010101669982279902
TMS14F1301P0020,0.018083762369499153,0.002827465002029805
TMS14F1296P0001,1.0957234743034485e-7,0.0018795057163815687
TMS14F1296P0003,0.015701151949415217,0.0028067062347296944
TMS14F1296P0004,1.822521889863491e-4,0.0024470470333158288
TMS14F1296P0006,0.014875872676122842,0.001230178053082948
TMS14F1296P0008,0.01642706251834239,0.0017074612307474096
TMS14F1296P0009,0.005477739449287793,0.002958789479182066
TMS14F1296P0010,0.015243197657817672,0.0010704460642648318
TMS14F1296P0011,0.006259056009929215,0.0051912353957452055
TMS14F1296P0013,0.006563559263122777,0.008946360595478252
TMS14F1296P0020,0.005893105186560858,0.010800368159386653
TMS14F1297P0003,0.01654356780750583,0.003471226963732878
TMS14F1297P0006,3.2480503262019767e-4,0.0032670485060281905
TMS14F1297P0008,2.3197908494963277e-4,0.0034591683231591356
TMS14F1297P0009,0.004177948170691835,5.053398324635004e-4
TMS14F1297P0010,2.6163174350130186e-6,0.0034816334223100117
TMS14F1297P0014,0.0015802532816154324,0.0033731081169203914
TMS14F1297P0020,0.015360808073530794,1.372692943075702e-5
TMS14F1288P0001,0.0016084309330361107,0.0022921819919421004
TMS14F1288P0003,0.0031330515876927655,0.02056711219340211
TMS14F1288P0004,0.002021517872301592,0.01961503491899229
TMS14F1288P0006,0.0036969186357458613,0.01750379148457368
TMS14F1288P0008,1.0482996865249301e-4,0.034887560112525605
TMS14F1288P0009,0.007868052758150756,0.02676349858590127
TMS14F1288P0010,0.007691887477251829,0.020722924717072166
TMS14F1288P0011,0.0013660535790819641,0.0050574865506212395
TMS14F1288P0014,0.009995359772602788,0.009549820519746467
TMS14F1288P0015,7.042334505834617e-4,3.6051038449214007e-6
TMS14F1288P0016,0.008512633768550524,0.016365655937555592
TMS14F1288P0020,7.865733101729801e-4,8.485936927825213e-4
TMS14F1289P0002,0.009523130998769112,0.003697154371394897
TMS14F1289P0003,0.0021460103768656154,4.8629046780031976e-4
TMS14F1289P0007,0.008057498758216913,0.0059906208569661095
TMS14F1289P0009,7.889519189675279e-4,0.005058570646296978
TMS14F1289P0010,0.008160329828564399,0.015502681865331287
TMS14F1289P0011,6.956427665054356e-4,0.0063714691604435545
TMS14F1289P0014,0.009833414188931607,0.0022780265722713174
TMS14F1289P0015,7.740908914612083e-4,0.0050290471478523936
TMS14F1289P0018,0.009001545753712254,7.165168135571305e-4
TMS14F1282P0005,7.615789318523392e-4,0.004186102836425167
TMS14F1282P0008,0.0016970066566897937,3.3426576550364845e-5
TMS14F1282P0010,4.900761908822674e-6,0.00091382949104366765
TMS14F1282P0011,1.9349851332255656e-4,0.009452518704861374
TMS14F1282P0012,0.011576290920518022,4.2035224003033494e-4
TMS14F1282P0015,0.010877758573486844,0.0026977471937132723
TMS14F1282P0016,4.7827870872104155e-4,0.012567539417355778
TMS14F1282P0018,7.651711379309447e-4,2.846997988077692e-4
TMS14F1282P0020,3.0195060630023945e-4,0.0022328154645107983
TMS14F1304P0005,0.011828791933890383,0.005577765170298713
TMS14F1304P0006,0.012186160200057979,0.0075764406977669565
TMS14F1304P0009,0.0012536091468725555,0.00742528636567056
TMS14F1304P0010,0.010693058873928499,0.0044765794370601845
TMS14F1304P0011,0.001645742579450424,0.00844281865872995
TMS14F1304P0012,0.004042861426814843,0.008821781390380668
TMS14F1304P0014,0.009928153887729161,0.01401200777931104
TMS14F1304P0015,0.01379139939357615,7.476990459133867e-4
TMS14F1304P0017,0.008065876944179406,0.011106086808885916
TMS14F1304P0020,0.014197402438302809,0.008390217588582693
TMS14F1305P0001,0.011721847721662817,0.020312934544401022
TMS14F1305P0002,0.0035557225592249653,0.02219193279113119
TMS14F1305P0004,0.006567062450035634,0.011883201761457636
TMS14F1305P0005,0.004836774369208026,0.00441074123302815
TMS14F1305P0006,0.013578339913614682,0.019929873575607677
TMS14F1305P0010,0.008749053157671311,0.01357027763712826
TMS14F1305P0011,0.007769916572114474,0.012929762009340564
TMS14F1305P0012,0.013298973537044949,0.007012051145412154
TMS14F1305P0013,0.015052915152833657,0.0033321225910671022
TMS14F1305P0017,0.011860850493425522,0.008223318084110367
TMS14F1305P0019,0.014680730551661608,0.009446166405109431
TMS14F1310P0001,0.012424206536358107,0.005293165456897994
TMS14F1310P0004,0.0029224660837881555,0.003939582890412544
TMS14F1310P0005,0.01185108624714639,0.013900287879400517
TMS14F1310P0007,0.013788819810750171,0.002315359564356363
TMS14F1310P0010,0.011927844309355643,0.012346491087732761
TMS14F1310P0011,0.010433860810151487,0.023188261287982157
TMS14F1310P0012,0.0097905134219823,0.022028368866009777
TMS14F1310P0014,0.00931101421353972,0.030827520549285205
TMS14F1310P0015,0.012536583020388379,0.0022952918734980574
TMS14F1310P0017,0.016538685365517395,7.823374007151939e-4
TMS14F1306P0001,0.0017610821274404774,7.778224379416664e-6
TMS14F1306P0005,0.010952126620449316,0.015272653429749988
TMS14F1306P0006,0.009849243669842573,0.006152522577971798
TMS14F1306P0007,0.013824275679752031,0.003000238263821733
TMS14F1306P0008,0.011217516040793157,0.012863176903298837
TMS14F1306P0011,0.009730517922895908,0.0063099848940925945
TMS14F1306P0012,0.014540634414217496,0.0024089073223716733
TMS14F1306P0013,9.250063235885484e-6,5.234397738435702e-4
TMS14F1306P0014,0.0014411403891198987,0.002717345728785987
TMS14F1306P0015,0.0010039492418510766,0.012588445107112923
TMS14F1306P0017,0.00158348619859378,0.0011157161319011745
TMS14F1306P0018,4.2677474740848866e-4,2.3277775511184324e-4
TMS14F1306P0020,0.005750200393532068,6.166892042614203e-4
TMS14F1307P0001,0.012841409176640032,0.012726532271052207
TMS14F1307P0003,0.009400003436958636,0.010064717583824486
TMS14F1307P0005,5.087484969626571e-4,0.005772700282621551
TMS14F1307P0006,0.006413600752137368,0.0048174961444622105
TMS14F1307P0007,0.010217403278244847,0.021347161073764127
TMS14F1307P0008,0.012758347916253462,0.007484128261463696
TMS14F1307P0009,0.010091108782130874,0.00443687528443706
TMS14F1307P0010,0.003371472180646929,0.0028343596961676754
TMS14F1307P0014,0.010127116155714514,0.0068553152881025954
TMS14F1307P0015,0.009244915534162847,0.007002657159925328
TMS14F1307P0016,0.004491511415543657,0.0058068058657924256
TMS14F1307P0017,0.006312653223452695,8.987792889816566e-5
TMS14F1307P0019,0.003280018907312758,0.006329422458411839
TMS14F1309P0001,0.016327581110175512,0.0034633795154326553
TMS14F1309P0007,0.007931145569139092,0.002004297302865795
TMS14F1309P0008,0.011621613819568387,8.041239043797162e-4
TMS14F1309P0009,0.013869924389105562,5.396918506476326e-4
TMS14F1309P0011,0.006477217715842466,0.0035208643825840598
TMS14F1309P0013,0.01536018975860366,0.00096077873385759635
TMS14F1309P0014,0.014639113524425717,3.6134549960861414e-5
TMS14F1309P0015,0.0014080930085980006,7.888364132999033e-4
TMS14F1309P0017,0.013067674866121993,1.028747255815725e-7
TMS14F1309P0018,0.01272218895569074,0.0011535147032311795
TMS14F1309P0019,0.007053492260596368,7.600414453264973e-4
TMS14F1308P0001,0.005773991145008467,0.010141286683139072
TMS14F1308P0002,0.01161586886628004,0.008080161928258417
TMS14F1308P0003,5.006159855290973e-4,0.006967735154033571
TMS14F1308P0006,1.45887828263572e-6,0.015964164884619925
TMS14F1308P0007,0.003612258779055018,1.8647922025811107e-4
TMS14F1308P0008,0.014410341972420068,0.0014891210949089502
TMS14F1308P0010,0.004292024565074957,0.00950667950146068
TMS14F1308P0013,0.007583229276498795,0.007716510802589327
TMS14F1308P0017,0.009556211501135706,0.032936320977527016
TMS14F1308P0018,0.005788320523428793,0.0055299594841979
TMS14F1308P0019,0.006857226246536487,0.008748839330522588
TMS14F1308P0020,0.004742075558244412,1.2820153698463e-4
TMS14F1311P0002,0.01631473989055801,2.7608748762125406e-5
TMS14F1311P0004,0.01303909338594781,1.395059525927237e-4
TMS14F1311P0006,0.010400798707292843,0.003968487833624617
TMS14F1311P0007,0.012763120088091781,9.387320454151419e-4
TMS14F1311P0008,0.01522383369186332,0.006555683510924166
TMS14F1311P0011,0.015321485685011595,5.900755466975516e-5
TMS14F1311P0015,0.018067734227335416,1.239999865818907e-4
TMS14F1311P0017,0.0033451222415636804,6.042001569870958e-4
TMS14F1290P0002,0.012698897409114243,0.004762124595834568
TMS14F1290P0006,0.01375428784059517,0.006353154837861015
TMS14F1290P0008,0.016094328565636876,0.012602307079206232
TMS14F1290P0009,0.0060383950650444275,0.028164643808969252
TMS14F1290P0011,0.01592006199378135,0.005194154714797842
TMS14F1290P0015,0.007672190963608935,0.007598571477489894
TMS14F1283P0001,0.012133132369209302,0.01024579881917619
TMS14F1283P0008,0.009791207528065045,0.012713729016687448
TMS14F1283P0014,0.012789178880898252,0.00369710660135409
TMS14F1283P0016,0.006584023056632025,0.042346346620904106
TMS14F1283P0017,0.011218353854679255,0.001478839783724682
TMS14F1284P0001,0.006877187467564854,0.0267102465186594
TMS14F1284P0002,0.013012684682109667,0.001238580470325763
TMS14F1284P0004,0.006009602726226506,0.030636981491311645
TMS14F1284P0005,0.0156833016660814,0.002709616309276273
TMS14F1284P0007,0.01719243034092325,0.004741071334362595
TMS14F1284P0008,0.005685952169967499,0.014131351345888147
TMS14F1284P0009,0.0055539126704041404,0.029772815321711568
TMS14F1284P0010,0.006287188245878638,0.014841980359579626
TMS14F1284P0012,0.006879910891591183,0.010876338346560913
TMS14F1284P0016,0.005041591625676298,0.03426487327551935
TMS14F1284P0017,0.00473080306791554,0.019142967323366258
TMS14F1284P0018,0.015776322382074614,0.010011840427601535
TMS14F1284P0019,0.015072214413907622,0.01083503943615246
TMS14F1284P0020,0.01906792080617521,0.015662982795356557
TMS14F1312P0001,0.013886596566148001,1.5438473812977595e-4
TMS14F1312P0003,0.01294563713902483,0.0018243095699654252
TMS14F1312P0006,0.016776225901990828,8.745750428999649e-4
TMS14F1312P0008,0.01287909283277164,9.255430593333328e-4
TMS14F1312P0011,0.01662955785142158,8.456818103471562e-4
TMS14F1312P0012,0.013939798474625113,2.192910580883761e-5
TMS14F1312P0013,0.01639088613950614,6.037175660798098e-4
TMS14F1312P0017,0.01664707471967082,0.0014221854387307796
TMS14F1312P0018,0.012351606715662737,1.1012496337001129e-4
TMS14F1312P0020,0.01665381915243963,0.002288885240760266
TMS14F1293P0001,0.0013365850595161376,0.009131581409466866
TMS14F1293P0002,0.007988372394794446,0.026198005528479885
TMS14F1293P0004,0.008956063820827842,0.016545928188144154
TMS14F1293P0006,2.280522846001999e-5,0.0012771236391000244
TMS14F1293P0009,0.010901549651844564,0.0029290089160155016
TMS14F1293P0012,0.007756797158155495,0.007601920624617427
TMS14F1293P0013,0.0074296879619078,0.025241416500204502
TMS14F1293P0014,0.001237788798584965,0.001101127616036546
TMS14F1293P0016,0.010952163255972338,0.0066228256952787
TMS14F1293P0017,9.399173258587194e-4,0.0056698028384194726
TMS14F1293P0018,9.287215653676663e-4,0.003669862261438239
TMS14F1293P0019,0.01074701817142133,0.012126470399713396
TMS14F1295P0001,0.009138342833220422,0.07021401118591857
TMS14F1295P0003,0.008604311842234499,0.01216540998900765
TMS14F1295P0008,0.010090065356172797,0.004447556945606443
TMS14F1295P0010,0.009361928625006316,0.012503648924516653
TMS14F1295P0011,0.010993825076407875,0.00903376540064267
TMS14F1295P0014,0.011916353534097134,0.03471252961471865
TMS14F1295P0015,0.010161570958055165,0.04379771076453062
TMS14F1295P0019,0.00961152483148238,0.037757510735408006
TMS14F1294P0001,0.006113878898892997,4.0601092150478394e-4
TMS14F1294P0002,0.007221626376670289,4.7277717977481983e-4
TMS14F1294P0007,0.014422297402158855,0.0013678326219693298
TMS14F1294P0008,0.010884547266173066,0.005507259562762991
TMS14F1294P0010,0.006724684919873313,0.003233480518177487
TMS14F1294P0011,0.0068771661544806215,2.1843373063112994e-6
TMS14F1294P0013,0.01391157131146467,1.7304180534158677e-4
TMS14F1294P0014,0.002113900899540508,0.001760568375678008
TMS14F1285P0001,0.005556091421709416,0.02830247224869373
TMS14F1285P0005,0.013190201017994754,0.0018354355371526842
TMS14F1285P0006,0.0052225292589441995,0.016224361332045835
TMS14F1285P0007,0.006005162408985266,0.01218826369708952
TMS14F1285P0009,0.014913682458063855,4.1571800219689225e-7
TMS14F1285P0010,0.00689721121988037,0.015327515145356267
TMS14F1285P0011,0.005991975909755537,0.0206436115248734
TMS14F1285P0014,0.01861875651989168,0.01970767107724665
TMS14F1285P0015,0.006947633092688156,6.187533442735113e-4
TMS14F1285P0018,0.01164812841148297,0.003224433237821853
TMS14F1285P0019,0.004594884457093351,0.032703628614904494
TMS14F1291P0003,0.007685388393627902,9.424150910646205e-5
TMS14F1291P0004,0.006487376405128725,8.825370771937801e-4
TMS14F1291P0005,0.012339915380091847,0.004643734723447702
TMS14F1291P0007,0.014052945032285123,3.064661143945291e-4
TMS14F1291P0009,0.0072382560620433065,1.7781431307705945e-5
TMS14F1291P0010,0.010170864198348277,1.5117615337811005e-5
TMS14F1291P0011,0.008561248008011153,0.0013969243441330928
TMS14F1291P0012,0.01461783482917311,0.001702181869182324
TMS14F1291P0013,0.014713500925108786,4.743607461636842e-6
TMS14F1291P0014,0.009457961661479513,0.0011367172630047334
TMS14F1291P0015,0.009082009736445332,0.0018262167261488375
TMS14F1302P0002,0.012513551422629268,3.927967784268748e-4
TMS14F1302P0007,0.0038734130778181096,0.02053366306384772
TMS14F1302P0009,0.0054851108356945835,0.013813357871414621
TMS14F1302P0010,0.013025128829689765,9.190554748564744e-6
TMS14F1302P0012,0.01695566578364139,0.006689470743982219
TMS14F1302P0014,0.011985342654234971,0.001316877808241745
TMS14F1302P0016,0.0038833802627617608,0.008976775232069046
TMS14F1302P0017,5.256314351265015e-4,0.017418795190319452
TMS14F1298P0002,0.008223056334654553,0.00692159882931161
TMS14F1298P0003,0.006060252814053641,0.0013511475959680304
TMS14F1298P0004,0.011657456387447918,1.3086608595680373e-4
TMS14F1298P0006,1.5404996026988367e-4,8.659812668481772e-4
TMS14F1298P0008,0.009785509886574189,1.0930773347587613e-4
TMS14F1298P0009,0.012566277750725734,4.629940206133172e-6
TMS14F1298P0011,2.1852115256348843e-4,0.0027948339427376796
TMS14F1298P0020,0.03978952976519358,0.003012936217906173
TMS14F1299P0005,0.014413040680949441,1.4742566675248622e-4
TMS14F1299P0006,0.004917501227850022,3.203905375896787e-4
TMS14F1299P0007,0.00423371195069839,0.0010160656596796967
TMS14F1299P0010,0.005488390948764795,0.007228118890013307
TMS14F1286P0003,0.016047118422732234,0.0014106437933441023
TMS14F1286P0005,0.007116671342860175,0.004116002279204151
TMS14F1286P0006,0.016190954696535212,1.9054270188204462e-4
TMS14F1286P0008,0.005972648235192877,0.0061985162431297605
TMS14F1286P0009,0.016117773520553703,1.082818424641443e-5
TMS14F1286P0010,0.014328596278918882,3.586207213181918e-4
TMS14F1286P0012,2.1153932642405127e-5,2.8261830348254676e-4
TMS14F1286P0013,0.015237918165816563,2.8501575858517065e-4
TMS14F1286P0014,0.005814992013425446,8.10418599357412e-4
TMS14F1286P0015,0.0016383125928798204,0.0029500103044463157
TMS14F1286P0016,0.0067797282228097356,6.776653831164681e-4
TMS14F1286P0018,0.011973218284090271,0.004401175483355902
TMS14F1286P0019,0.006704732574712323,0.0017567883869454913
TMS14F1292P0001,0.007238696743075849,0.009350150984128225
TMS14F1292P0004,0.010528924230154758,0.01497799325484082
TMS14F1292P0005,0.010111919198158813,0.011564436191735654
TMS14F1292P0007,0.00380038213974202,0.026778989322015303
TMS14F1292P0008,0.0062890325676558095,0.008178067777252825
TMS14F1292P0009,0.007128616107264676,0.002140116964437075
TMS14F1292P0011,0.013308342777063845,0.016145754101597624
TMS14F1292P0012,0.00738458802738868,0.011856624941503
TMS14F1287P0001,0.0022366377851456205,0.003144977457959947
TMS14F1287P0003,0.018290378295776972,0.0029494339917869625
TMS14F1287P0004,0.015067939938037136,2.392768926227596e-4
TMS14F1287P0005,0.018195298972864704,6.836013025374594e-4
TMS14F1287P0006,0.016731845939001285,7.34872016844382e-4
TMS14F1287P0007,0.018995587214863167,0.00975108668243198
TMS14F1287P0008,0.016252411939849335,1.4045702958056626e-5
TMS14F1287P0009,0.001552311557752112,7.555506380769709e-4
TMS14F1287P0010,0.004124467403473993,0.002552241340961358
TMS14F1287P0011,0.0029912601072491296,0.004230593541717733
TMS14F1287P0012,0.0037895085143218412,0.004474303406390706
TMS14F1287P0014,0.01687629118165862,0.0031941995256463645
TMS14F1287P0018,0.009422983497443294,0.003795950663404433
TMS14F1287P0019,0.0038047334158301718,0.003619836379205526
TMS14F1303P0002,0.015506493099301638,9.319844826704325e-5
TMS14F1303P0003,0.014755716358322945,3.982319118726716e-4
TMS14F1303P0004,0.01696149098869154,0.004666997046951792
TMS14F1303P0006,0.01466431071612027,0.002071755611244996
TMS14F1303P0007,0.01508620322417433,8.108983891609738e-4
TMS14F1303P0008,0.012751440661898221,4.5443242881688054e-5
TMS14F1303P0009,0.01611895030066883,0.003023356461496258
TMS14F1303P0010,0.012221064885663893,1.8859255912387295e-4
TMS14F1303P0011,0.014388934123798505,4.158054321836109e-4
TMS14F1303P0012,0.01325456152963399,0.0016190981864854914
TMS14F1303P0013,0.014297402060165117,0.006125748863250698
TMS14F1303P0014,0.017011249790783195,0.009850824340712714
TMS14F1303P0017,0.0181553693181018,0.006750901447112942
TMS14F1303P0019,0.020659981752858454,0.008090230791491914
TMS14F1303P0020,0.01401696208531401,4.889377873774986e-5
TMS14F1300P0001,0.01682989730183502,7.241413793768385e-4
TMS14F1300P0002,0.007222037571677121,3.626414567322233e-4
TMS14F1300P0003,0.005611191818911567,0.004308041096030372
TMS14F1300P0004,0.006893531392084362,5.017425313200087e-4
TMS14F1300P0007,0.019858363209269373,6.490868663137253e-4
TMS14F1300P0008,0.0173062400994751,0.0034265723353530913
TMS14F1300P0009,0.017739232606016002,0.0026922817049159216
TMS14F1300P0010,0.0033257436200557896,0.0020945864727011116
TMS14F1300P0012,5.445534686240531e-5,0.007242076491642016
TMS14F1300P0013,2.1144452043108633e-4,0.007296099179223629
TMS14F1300P0014,0.016243283947826818,0.00244767222150995
TMS14F1300P0015,0.0039057508386993235,0.009463122233792752
TMS14F1300P0017,0.006002494299103388,0.007403840726898258
TMS14F1300P0019,0.018251814294769478,0.0015280527368222282
TMS14F1213P0006,0.032713362755426426,0.022358276073202274
TMS14F1214P0002,0.0014413521213949934,5.560778809219907e-4
TMS14F1216P0001,0.01041473295955209,4.051594579226669e-4
TMS14F1216P0002,0.07378049625540957,0.03772786400308908
TMS14F1216P0003,0.05295770204357679,0.05105778990337519
TMS14F1216P0005,0.061577713976808314,0.04614998960835226
TMS14F1216P0008,0.05864744809544101,0.01931152043977611
TMS14F1218P0001,0.06044347918799746,0.050184567756994945
TMS14F1218P0002,0.05816182123869029,0.043863736404174
TMS14F1219P0001,0.06901939050453584,0.036463409282601195
TMS14F1219P0002,0.05206527118249603,0.051004217039705216
TMS14F1221P0001,0.011569363529541122,0.04355382508192185
TMS14F1222P0001,0.012602624312308441,0.023061887662415265
TMS14F1223P0002,0.010227974173475535,7.485472586886048e-4
TMS14F1223P0003,0.038792460310479074,3.6339417610768286e-4
TMS14F1223P0004,0.01470533942896668,0.0018798840857446489
TMS14F1223P0005,0.013288306437548095,0.012480132270901582
TMS14F1223P0006,0.0038352190508051565,0.02297233433226585
TMS14F1223P0007,0.013499198840173084,0.0037460020829680175
TMS14F1223P0008,0.055797683327806415,0.002513046680735509
TMS14F1223P0009,0.00932502781755907,0.0032237240251715214
TMS14F1223P0011,0.09000682618067996,0.001970169603591767
TMS14F1223P0012,0.01341800524027026,0.012962207888716866
TMS14F1224P0003,0.010734156398927283,0.003800487683817679
TMS14F1224P0004,0.00874088109221031,0.0022299234674552242
TMS14F1224P0005,0.010359196594318481,4.1024956499063274e-4
TMS14F1224P0008,3.231729248862401e-4,3.0817731749238517e-4
TMS14F1225P0001,0.012472822691216027,0.0027628944834540703
TMS14F1226P0001,0.039969157432696384,2.447816545704133e-4
TMS14F1226P0002,0.002772207233349183,0.0011003697510873199
TMS14F1226P0003,0.02075203442574071,3.952168528278849e-4
TMS14F1226P0005,0.09163060904594045,0.007281605345878483
TMS14F1226P0009,0.0364200675659515,0.0018147659896224605
TMS14F1226P0010,0.07208603876341316,1.2793626540669894e-4
TMS14F1226P0012,0.013750405180367848,0.0023980109072010806
TMS14F1226P0013,0.004468360423714901,0.004667554896676894
TMS14F1226P0014,0.002787578961354387,8.544323935015177e-4
TMS14F1226P0015,0.019427137083362488,0.004148010145207815
TMS14F1226P0016,0.060258562636574024,0.016710684366391743
TMS14F1227P0002,0.0025648585463874255,1.2010784622408212e-4
TMS14F1227P0003,8.168071934971166e-4,0.0016080675006370638
TMS14F1228P0001,0.038473934354680446,8.736373588474107e-5
TMS14F1228P0003,0.0050847165578787505,0.006663443181909441
TMS14F1228P0004,0.026390426651518605,0.005746316102570947
TMS14F1228P0008,0.026954011723338094,0.0011563397814443985
TMS14F1228P0009,0.014590388268995023,0.003208386280591514
TMS14F1228P0010,0.09371835519263667,0.006482877721137408
TMS14F1229P0001,0.0017256502176710355,1.207431965242472e-4
TMS14F1229P0007,0.012301980726534836,0.001455330131205568
TMS14F1230P0001,0.0018074372482307244,0.0031431665129616525
TMS14F1233P0002,0.002453243662932989,4.7586566643401856e-6
TMS14F1233P0004,0.0029879559240756767,3.376113934694844e-6
TMS14F1233P0005,0.001996077323292305,7.541103768061637e-5
TMS14F1234P0001,2.279089956284093e-4,0.001696513423271294
TMS14F1234P0003,3.227814701414594e-4,0.010117061552552927
TMS14F1235P0002,0.05729951979021432,1.70236045271362e-5
TMS14F1235P0003,0.0015705478293502725,1.2852966176902969e-5
TMS14F1235P0005,0.050598793562874465,0.0014672424247631
TMS14F1235P0006,0.002462456389217376,6.305150110808983e-6
TMS14F1235P0007,0.06018432131519326,1.5440262019507373e-4
TMS14F1236P0002,0.0025187127911886166,0.010998437866308587
TMS14F1236P0003,0.00342934138886807,8.543018000286259e-5
TMS14F1236P0005,0.002749833997702023,9.58914725205999e-7
TMS14F1237P0002,0.007760070920769912,0.001966493355015083
TMS14F1240P0001,0.002644321494223063,0.008568249815199734
TMS14F1240P0002,0.0016162661993254623,8.545798763837219e-4
TMS14F1240P0006,0.0010440923135056,5.655102514237807e-4
TMS14F1241P0001,0.0010957834132898328,2.075436413752639e-4
TMS14F1242P0001,0.001859494372165687,0.004998495051396633
TMS14F1243P0002,4.6539503910962023e-4,0.0037221808207414217
TMS14F1243P0006,0.001742162277742133,0.004423577216276335
TMS14F1243P0011,1.910270903163869e-4,2.320985600825058e-4
TMS14F1243P0014,0.007895114563500897,0.004203053797110132
TMS14F1243P0015,0.009106611430465403,0.009879780246632797
TMS14F1243P0017,0.008893040171603384,0.008827878658316881
TMS14F1244P0003,0.008798681717295049,0.0069378202614839195
TMS14F1244P0009,0.00220297263691164,1.2884338484425742e-5
TMS14F1245P0001,2.9366224595874155e-5,3.6057879816630043e-4
TMS14F1245P0003,0.012721610135875232,2.5004264743912536e-5
TMS14F1245P0004,0.004579866578697244,0.006226364200136452
TMS14F1245P0006,0.012719916465368611,0.0012790221839371445
TMS14F1245P0010,0.012345008994258812,7.423693006202432e-4
TMS14F1245P0011,0.012013439384940185,4.3930731414713254e-5
TMS14F1245P0012,0.011141452500180254,5.279492755290085e-4
TMS14F1247P0004,0.011871158054357284,0.002079027083725752
TMS14F1247P0006,0.0030817129735220975,0.005796489369925611
TMS14F1247P0009,0.009127341432728515,0.0036459185966649954
TMS14F1247P0010,0.009185549669356604,0.0063435098724163716
TMS14F1247P0012,0.011822701835696415,1.5708106910058144e-5
TMS14F1248P0001,0.0779855509571758,0.003990467017193736
TMS14F1248P0002,0.07146174251784236,4.941028447888748e-4
TMS14F1248P0003,0.008209684061279957,0.0059220661333310096
TMS14F1248P0005,0.004762872383814823,0.004803371355444939
TMS14F1248P0007,0.011841860559115859,2.0734750125693478e-4
TMS14F1248P0008,0.07571195530594685,9.511879142584805e-4
TMS14F1248P0009,0.003646376301684849,3.06930907376179e-4
TMS14F1248P0011,0.014415498346398627,1.9023113144622992e-4
TMS14F1250P0001,0.0018279000620995743,0.003584238741143575
TMS14F1250P0002,0.012754496961415911,5.456903770504851e-4
TMS14F1250P0003,0.002012152778479576,6.048550171903064e-4
TMS14F1250P0004,0.001708238028185403,0.0023593266433733235
TMS14F1250P0005,0.0017023133569458364,0.0011951341117676598
TMS14F1250P0006,0.0033458063862754858,0.005447038973224684
TMS14F1250P0007,0.0013497644754294337,0.003401070166362437
TMS14F1250P0008,0.008817030293117692,0.004464379874865079
TMS14F1250P0009,0.012655012425450892,1.6997241840343641e-4
TMS14F1250P0010,0.012591153517433194,0.003304202365627564
TMS14F1252P0001,0.05421538438579931,0.006653700548788302
TMS14F1253P0001,0.003694554187422284,0.0012300154333410905
TMS14F1253P0002,0.004415576240040182,0.003116980152959098
TMS14F1255P0004,0.008133192129608653,0.0016542824271095422
TMS14F1255P0005,0.0080073887689855,0.008550803325798105
TMS14F1255P0007,0.008478237198882053,0.006509079258809676
TMS14F1255P0011,0.007803193434593216,0.009102298425701304
TMS14F1255P0018,0.008890340808348843,0.003347369925590638
TMS14F1255P0020,0.0013740960332503823,0.011608527903845312
TMS14F1256P0003,0.0018144470272751189,0.0018422608486550773
TMS14F1256P0004,0.0017393179748459674,0.004687108973359007
TMS14F1257P0001,0.002778321811670264,0.001970235823247333
TMS14F1257P0002,0.0016602866421285818,6.70884122792854e-4
TMS14F1257P0003,0.0027124957370643476,1.928294086617059e-4
TMS14F1257P0004,0.0028842348551915776,0.0032901560330189533
TMS14F1257P0005,0.0025887390861645096,5.794579920720546e-4
TMS14F1257P0006,9.88379410239855e-4,0.004056471045803496
TMS14F1258P0001,1.4814729572367515e-4,0.008401329016620758
TMS14F1259P0002,0.0141341438418787,2.7939519145791716e-4
TMS14F1259P0005,0.002787514986272396,0.0010823384601919696
TMS14F1259P0006,3.2621978560496475e-4,6.330398668775012e-6
TMS14F1259P0010,0.011406012529966784,0.0023803756763834476
TMS14F1259P0016,0.011362262277938684,4.548627343090171e-5
TMS14F1259P0017,7.186588990717822e-4,0.01195371222844731
TMS14F1260P0002,0.010222593058629381,0.00554541231347432
TMS14F1260P0004,0.010372453966429095,0.016773271189691612
TMS14F1260P0008,0.010841959810312086,0.009423003862504435
TMS14F1261P0001,0.010495171985474533,0.016340066620015484
TMS14F1262P0001,0.005489559853298615,0.05402245527670858
TMS14F1262P0002,0.007329007625718978,0.016571946553411637
TMS14F1262P0003,0.005024210950664007,0.04557992696618828
TMS14F1263P0001,0.008253935036479733,0.0036334252345784322
TMS14F1263P0002,0.009293718089487743,0.002917694860352567
TMS14F1264P0001,0.001265597054625102,0.02948656877614216
TMS14F1264P0002,0.010515450281579495,0.0023692821960810285
TMS14F1264P0003,8.055254512060279e-4,0.03144737717915919
TMS14F1264P0004,4.467141356622538e-4,0.010737107002444573
TMS14F1264P0005,0.008483577769194995,0.047956516370304875
TMS14F1265P0001,2.0949795186841295e-4,0.0016398530958910166
TMS14F1265P0002,1.356735733170596e-4,2.506694921092873e-4
TMS14F1265P0003,7.440143697122512e-6,0.009584072529852248
TMS14F1265P0004,3.973776302273085e-5,0.0014316575052034
TMS14F1265P0005,3.449559798507676e-4,0.02267341626198469
TMS14F1265P0006,0.012067327038733311,0.006472421858562293
TMS14F1267P0001,0.011148195111160443,0.004483805335067353
TMS14F1268P0001,0.01212065058041438,0.01521965393891175
TMS14F1268P0004,0.005063675335817807,0.005770244440693632
TMS14F1268P0005,0.008099086059280804,0.026706340946350125
TMS14F1268P0006,0.011335799681822436,0.013346033993044425
TMS14F1269P0001,0.008452863410462969,0.03677349582158025
TMS14F1269P0002,1.831248621878983e-4,0.04619250228047968
TMS14F1269P0003,0.009149518794854941,0.014485709096778513
TMS14F1269P0006,2.1687875793233264e-4,0.03458946252550239
TMS14F1270P0001,0.005442911640516296,7.332276654423036e-4
TMS14F1270P0002,0.004167247638736743,0.009662244661941568
TMS14F1270P0003,0.005956243816094125,0.008792917658793602
TMS14F1270P0004,0.007329804646380719,0.002459923687669645
TMS14F1270P0005,0.006720050430296143,0.005469895189607724
TMS14F1270P0007,0.013463665506275025,3.42181108141198e-7
TMS14F1271P0002,0.01346620628677231,0.0014008917084488354
TMS14F1272P0007,0.008659067271039215,0.04578357813654509
TMS14F1272P0008,0.01093044404208569,0.003883361766250866
TMS14F1272P0012,0.0072454117676724016,0.028250482171231394
TMS14F1272P0014,0.009279626097275609,0.017569391654893074
TMS14F1272P0016,0.007501786999716268,0.02147077318538441
TMS14F1272P0017,0.009366718423924615,0.017095792867819107
TMS14F1273P0001,0.009552360345913297,0.016558257840959725
TMS14F1273P0004,0.010365059570239803,0.017496576030533336
TMS14F1273P0005,0.005599347355295985,0.04798023529127407
TMS14F1273P0006,0.006777057535549952,0.04789510825602492
TMS14F1273P0010,0.008517712298328615,0.03179753101299417
TMS14F1273P0011,0.006145495763412112,0.044598520583754124
TMS14F1273P0012,0.00871848781659644,0.011924860101087467
TMS14F1273P0017,0.008266266179551547,0.02750934415418232
TMS14F1273P0018,0.0075975606707948005,0.03095526793100748
TMS14F1275P0002,0.008007364592033965,0.01170025105086701
TMS14F1275P0005,0.0071487536890177785,0.015094394670614932
TMS14F1276P0003,0.007932311175639752,6.675805002621165e-4
TMS14F1276P0004,0.00575915027891454,0.008393834189768551
TMS14F1276P0006,0.009971821791661858,0.00520692478887321
TMS14F1276P0008,1.569005173897159e-4,1.634145727318786e-4
TMS14F1276P0009,0.009482041061312658,8.47000284533484e-5
TMS14F1276P0010,0.00900677625813507,0.0026702207628665217
TMS14F1276P0013,0.00943387112431866,5.544970539483946e-4
TMS14F1276P0014,0.009394553889023261,0.0019217992115442499
TMS14F1277P0006,2.4671130387736803e-4,0.027170726718044727
TMS14F1277P0008,0.044824554309989766,6.663517048248789e-4
TMS14F1277P0009,0.050372137504570244,0.006192577361436964
TMS14F1277P0010,0.004009860240432089,0.02984271296974485
TMS14F1277P0011,0.03748668857307116,0.007060929881990147
TMS14F1277P0013,4.892365331538931e-5,0.004074234397086058
TMS14F1277P0015,0.047382650470869515,0.006338525918990198
TMS14F1278P0001,0.009011512274621259,3.5894764584338716e-4
TMS14F1278P0002,0.010679754235822844,0.003331915277109248
TMS14F1278P0003,0.012680777589525589,0.0038721366848860324
TMS14F1278P0007,0.008913513541525427,8.908645507595719e-5
TMS14F1278P0009,4.2044987123304457e-4,0.0025654635147394616
TMS14F1278P0010,0.004291351219357116,0.002664047183380223
TMS14F1278P0011,0.0019803570296365626,3.2847027043290467e-4
TMS14F1278P0012,0.011812306834519334,7.717019954776662e-5
TMS14F1278P0013,0.00929598471288959,0.0016262381298618254
TMS14F1278P0014,0.00917532223406781,8.044443153241904e-4
TMS14F1278P0016,0.007428815110535426,1.242478840736458e-4
TMS14F1278P0018,0.002619782594542088,0.00692673812693891
TMS14F1278P0020,0.01001271824486314,0.009914142844537437
TMS14F1279P0001,6.862932548029701e-4,1.0140095877236681e-4
TMS14F1279P0002,0.006667781039839653,0.0016139644364455126
TMS14F1279P0003,0.0015626740585707743,0.0022023728850984726
TMS14F1279P0004,0.014119100326101053,7.625637478334485e-7
TMS14F1280P0001,0.0057878079440456445,0.031094084516149288
TMS14F1280P0002,0.012898757211100037,1.8107180195566165e-8
TMS14F1280P0003,0.013412263879898401,0.0016273485619047307
TMS14F1280P0005,0.01421558631075214,0.0013543159208235407
TMS14F1280P0007,0.0068672811482491485,0.01773452794071039
TMS14F1280P0009,0.014084592815677758,0.0024097856431848433
TMS14F1280P0013,1.4231402933833732e-6,0.006156581361189215
TMS14F1280P0015,2.5083804181848192e-5,0.0030793146590255348
TMS14F1280P0018,0.007136444448770898,0.007567058146896257
TMS14F1280P0019,0.0068886266985113305,0.0035304203697517854
TMS14F1363P0001,0.007968489058017461,2.0214728145410933e-5
TMS14F1363P0004,0.009515189326040768,0.0018592165615583668
TMS14F1363P0006,0.0070261872720986775,8.159797238488398e-4
TMS15F1073P0005,0.009544456837229674,0.0024591892078058225
TMS15F1073P0003,0.01139177122242809,0.008546339611261554
TMS15F1072P0027,0.014001629875215067,0.0038868969491285365
TMS15F1072P0018,0.012596120156769225,3.9786141719659244e-4
TMS15F1072P0016,0.013207073084554894,0.004841284716612086
TMS15F1072P0012,0.10180556239125464,3.670486508975564e-4
TMS15F1072P0009,0.09133119866386011,7.39115509122617e-4
TMS15F1072P0005,0.008820439292878544,1.273693143430065e-4
TMS15F1071P0045,0.011338365786712956,0.004295868222533437
TMS15F1071P0027,0.0020650343070635693,0.006035854858136752
TMS15F1071P0015,0.012102124012776569,0.006557625157654101
TMS15F1071P0003,0.011180713874706052,0.008546817117892826
TMS15F1069P0007,0.02569491209472768,0.017783592222315216
TMS15F1069P0001,0.09949221834748727,0.0018627187491470102
TMS15F1067P0013,0.012756666508385537,0.002464624281473833
TMS15F1064P0001,0.011288022482413047,0.011684346301734379
TMS15F1057P0004,0.007433623471596596,5.899442646470876e-6
TMS15F1056P0002,0.010937393314667133,2.998696130169921e-4
TMS15F1051P0007,0.09460040025000624,2.4404508580200778e-4
TMS15F1040P0005,0.00697699258429926,0.008888062245848295
TMS15F1037P0004,0.010249302242381407,3.8786019713585247e-4
TMS15F1033P0004,0.009521556852450186,6.481985301364259e-4
TMS15F1031P0008,0.0035093055042396386,6.047350540454194e-5
TMS15F1029P0001,0.035775151630981314,0.007523480684080635
TMS15F1025P0002,0.009257332710350116,3.1734458735355235e-4
TMS15F1025P0001,0.012422681643997551,7.391964932440621e-4
TMS15F1024P0006,0.020948523377439323,4.576934029717211e-4
TMS15F1024P0002,0.017370665602956765,0.0012442687035045196
TMS15F1023P0010,0.004858144223610279,0.0029124513952435466
TMS15F1021P0037,0.011540660936696317,0.00923473281026377
TMS15F1021P0028,0.005203142808183477,0.005244564319326673
TMS15F1021P0018,0.005004473476387336,0.005290141933227341
TMS15F1021P0013,0.009421885010719125,0.015854084270756533
TMS15F1021P0011,0.015120648044891107,0.014296207770592099
TMS15F1021P0009,0.0878697644190188,0.024216844397319193
TMS15F1021P0003,0.017933513776877425,0.02169121947135998
TMS15F1021P0002,0.011043176713403062,0.02353803381655194
TMS15F1017P0011,0.008976575163566565,2.4364797181049606e-5
TMS15F1017P0004,0.008670509586851047,7.816144363233122e-7
TMS15F1015P0003,0.016536161979484338,0.0017708918760201723
TMS15F1012P0001,7.693712120140419e-4,9.942238518681601e-6
TMS15F1011P0005,0.010509687182198022,3.0215223591112666e-7
TMS15F1009P0004,0.09045162929781896,8.743228227469067e-4
TMS15F1004P0019,0.0129199059429358,0.012562182076375125
TMS15F1004P0012,0.0022024765718159944,0.06443321147859372
TMS15F1004P0001,0.016744064300783235,0.006705896765025683
TMS15F1003P0006,0.028991762496996934,0.024192629543362217
TMS15F1001P0003,0.017109013965367147,0.04104613690966089
TMS15F1001P0001,0.023367072273551448,0.027192762729241576
TMS15F1473P0003,0.03238298049449003,0.08636059109502316
TMS15F1472P0056,0.03318622767763257,0.07235879872599864
TMS15F1472P0002,4.162970444311476e-4,0.02348997179678072
TMS15F1471P0080,0.03235892233662209,0.09143023361471123
TMS15F1471P0057,0.032856470285020895,0.08288301675284973
TMS15F1471P0056,0.031504282080976026,0.09803023834022155
TMS15F1461P0009,0.010967714320092426,0.00524795411694544
TMS15F1452P0005,0.013173257125623866,0.006180438582314794
TMS15F1450P0002,0.0059169512003308545,0.017710425879881003
TMS15F1444P0015,0.01706546600495046,0.03199620229072297
TMS15F1444P0003,0.010048637384126011,0.012578212777571547
TMS15F1442P0004,0.002549892168619281,0.011721053435017118
TMS15F1440P0003,0.0051441597607271615,0.019088011794739124
TMS15F1438P0004,0.008029973258441023,0.006655213601734303
TMS15F1431P0001,0.011117099223838058,0.0033841396035082815
TMS15F1429P0002,5.048262497120776e-5,2.0054605369571693e-5
TMS15F1427P0003,0.014817310157946791,8.787518971782426e-4
TMS15F1425P0005,0.08067249460484824,0.01550896238595537
TMS15F1424P0015,0.006852906341860034,0.021634901663644124
TMS15F1424P0004,0.0857914711690166,0.017533893495186016
TMS15F1424P0002,0.001505846498915133,0.006758903324362994
TMS15F1420P0011,0.0031616567953211628,0.0012358747883748568
TMS15F1414P0001,2.4193873744970582e-4,7.606667585230233e-5
TMS15F1411P0021,1.771973422174699e-4,0.008390573063227477
TMS15F1409P0003,0.02561826495293279,0.00270719708713729
TMS15F1404P0007,3.588121276364022e-4,0.004837617921802106
TMS15F1403P0019,0.008553310839948291,0.014531922306983134
TMS15F1403P0018,0.003470583454112602,0.009154419901188543
TMS15F1403P0013,0.0014220471850807902,1.4686480585355806e-4
TMS15F1403P0010,0.00788516427634532,0.01153660486384812
TMS15F1403P0008,0.01191679438645344,0.0032433081889684657
TMS15F1403P0005,0.012742100298851911,0.0012125981657813486
TMS15F1401P0002,0.063862699691428,3.8730672338954653e-4
TMS15F1400P0030,0.010263034843543064,0.004790612533921235
TMS15F1400P0021,0.06096961423399687,0.029495769361333666
TMS15F1400P0015,0.00355941046617356,0.0025823867827515874
TMS15F1400P0002,0.009606562751684405,0.00710706208262458
TMS15F1399P0001,0.04595816488010733,0.0019729978376933134
TMS15F1398P0008,0.002247638457285737,0.013680577212334415
TMS15F1398P0003,0.08319777394416873,0.039738459507405656
TMS15F1396P0004,0.08232396169480573,0.023993361755031754
TMS15F1396P0001,0.05152215211899386,0.027880920330353023
TMS15F1394P0012,0.01424117329659433,0.005539058856116768
TMS15F1394P0007,0.007998867699335083,0.0022817732072954572
TMS15F1393P0007,0.061329228757792405,0.0015118762538494541
TMS15F1393P0006,0.003519877338950873,0.008474227863803073
TMS15F1393P0002,0.002365847762953409,5.148221733299585e-4
TMS15F1392P0002,0.0755649889227997,1.3962052895713625e-4
TMS15F1392P0001,0.010024683775025935,0.009234486719692476
TMS15F1390P0012,0.011037408769902338,2.0886866713828365e-6
TMS15F1390P0007,5.705658349177727e-5,0.001103931792954906
TMS15F1390P0003,0.004705450915457449,1.4739336527464173e-4
TMS15F1386P0002,0.010655406004299296,6.886922658726667e-5
TMS15F1381P0010,0.01017945005071312,0.003141221019690626
TMS15F1381P0007,0.03411140655641679,5.4475357726715996e-5
TMS15F1380P0002,0.013307998390472385,6.098942780457673e-4
TMS15F1379P0004,0.0797548366139464,0.013302127063500023
TMS15F1378P0006,0.005975418141745559,0.0044768984998358975
TMS15F1374P0012,0.0028885656053224485,0.0025231022223230416
TMS15F1374P0004,1.4680450802916791e-4,0.007005369524774611
TMS15F1371P0002,0.007362801755195282,0.0036184138352520624
TMS15F1370P0007,0.010551313951052906,8.119775773940279e-5
TMS15F1370P0004,0.046812005084316474,0.006732578926646115
TMS15F1370P0002,0.014109730369016124,0.008931182715740072
TMS15F1369P0002,0.00216350221844283,0.015617091393712005
TMS15F1368P0002,1.7682800760456248e-6,0.006265757022145513
TMS15F1367P0001,1.870320315873456e-4,0.006889146315089819
TMS15F1366P0002,0.0069284564389142465,8.140173553485167e-4
TMS15F1365P0003,0.012860118082568324,0.024272756423214383
TMS15F1364P0004,0.001287380565460129,3.275218710394389e-4
TMS15F1357P0001,0.054500221451556766,0.004176126422201891
TMS15F1356P0003,0.008505932099159098,0.01862075859142424
TMS15F1354P0001,0.009600696549071797,0.018677704887239775
TMS15F1352P0002,0.0033586840255743554,0.011621450690651245
TMS15F1351P0014,0.00973466148708331,0.0011929272019522976
TMS15F1351P0009,0.0094272752751731,0.0019834562650410384
TMS15F1351P0003,0.007650995970496921,8.951355501352351e-4
TMS15F1351P0001,0.009152121721952114,9.231341427058113e-5
TMS15F1349P0001,0.013854284937233036,0.0069220266055318135
TMS15F1345P0002,0.012846857151438266,2.3453629206577107e-4
TMS15F1344P0010,0.0042153969619439825,0.0059279011841970874
TMS15F1344P0008,0.0016204909899125647,0.010757879040606566
TMS15F1344P0003,0.011027097510421068,7.216646036966714e-4
TMS15F1338P0003,0.009651247049402883,7.478066794734598e-4
TMS15F1336P0002,0.0016543170957746534,0.010605263114419975
TMS15F1335P0001,0.0051797608092756095,0.03241407605248279
TMS15F1334P0004,0.011679814576014656,0.0055212104067458925
TMS15F1333P0001,2.2563863874780447e-4,1.0278788109752772e-5
TMS15F1331P0003,0.004278532889447158,0.021455240407107227
TMS15F1329P0005,0.00810953416500205,0.00610663241485614
TMS15F1328P0001,0.010951411452091974,0.0030047314280514602
TMS15F1327P0002,0.006632350168845892,0.035511103352593276
TMS15F1326P0004,0.032190715203249246,0.028723148221668243
TMS15F1324P0008,0.010155765925756597,4.4524453800609494e-4
TMS15F1324P0004,0.007028654519828322,0.0022375652980613707
TMS15F1324P0003,0.002498855999345694,0.004388267797482867
TMS15F1323P0004,0.0047366465991793,0.004675838457594091
TMS15F1321P0003,0.009833388747599469,0.0019691802276245464
TMS15F1321P0001,0.007679974186982813,0.010859416384033453
TMS15F1319P0001,0.009974659053798091,0.006973606942378802
TMS15F1318P0024,0.014356425995390316,0.02093183273546038
TMS15F1318P0022,0.011383428180872929,0.012153046608492228
TMS15F1318P0019,0.012666578790312225,0.023225804108814092
TMS15F1318P0011,0.004232262754112491,0.04074716809678071
TMS15F1318P0007,0.003103588475085375,0.05737573373854927
TMS15F1318P0002,0.013530215658633136,0.0216259724127156
TMS15F1317P0007,0.0018026960813335993,0.1045560710296186
TMS15F1317P0003,0.01068655091915259,0.01364329065332362
TMS15F1317P0002,0.0030539922163916908,0.048471931451317
TMS15F1316P0014,0.0025186681154206847,0.040865445600662
TMS15F1316P0009,0.013803493796779084,0.010470293814332808
TMS15F1316P0001,0.01041351676169826,0.0019689036277234164
TMS15F1315P0002,0.0057208346447894624,0.0014237513078699175
TMS15F1313P0003,0.011104258824411293,7.503200159058153e-5
TMS15F1313P0002,0.01026474994991283,5.586889049713655e-5
TMS15F1312P0001,0.002364337897816714,6.706115082378506e-4
TMS15F1310P0023,0.005015170900290422,0.005380844265050933
TMS15F1310P0021,0.011639726514337026,0.015713791063864446
TMS15F1310P0020,0.006304333117327913,0.004224829409338147
TMS15F1310P0019,0.006543162581980218,0.0038562164539182532
TMS15F1310P0014,0.011054355798925882,0.02539715252164514
TMS15F1310P0008,0.008086484343604585,0.014940228293033708
TMS15F1310P0004,0.00945005457353226,0.03462317504342767
TMS15F1307P0003,0.011638636964499566,0.02363247527188625
TMS15F1305P0023,0.015612955321039023,0.011119276963164308
TMS15F1305P0021,0.014323821900562167,0.023652369925325104
TMS15F1305P0017,0.015205084129186258,0.022105768936112467
TMS15F1305P0013,0.013014443839920122,0.012994721220881017
TMS15F1305P0012,0.015300604579987477,0.0012795418185087579
TMS15F1305P0008,0.01189995306661513,0.009825858179223561
TMS15F1305P0002,0.01463199286067754,0.007301679007072563
TMS15F1303P0007,0.012139963968044506,0.00405077983902267
TMS15F1303P0005,0.006332266614089644,0.0034841997216144647
TMS15F1302P0027,0.013828967550280834,0.014002938820767629
TMS15F1302P0020,0.01065346991293743,0.005020889041686952
TMS15F1302P0018,0.010427822548380365,0.004278812211421993
TMS15F1301P0002,0.01088677851352492,0.010870352153369353
TMS15F1300P0002,0.012381803895714465,0.012031592003161907
TMS15F1298P0003,0.013131177444297929,0.019531125191230445
TMS15F1298P0001,0.011959816736209593,0.011629307440515279
TMS15F1296P0003,0.013481402499653183,0.010214987564648266
TMS15F1295P0017,0.01269207094089753,0.01381538706581788
TMS15F1295P0009,0.013867116859775064,0.030282186295081816
TMS15F1295P0004,0.009265844540709528,0.00908063318914112
TMS15F1295P0001,0.01202458501370416,0.00911203221567939
TMS15F1294P0001,0.012797936464255498,0.010855829864062262
TMS15F1292P0001,0.06385129971475487,0.002631231825814236
TMS15F1290P0009,0.009974221765512183,4.5271204455085863e-4
TMS15F1290P0005,0.00805644002039739,0.0023528345568198028
TMS15F1288P0002,0.008921890024621938,0.0035461846041491135
TMS15F1286P0012,0.017751530654411526,0.030735496403524562
TMS15F1286P0011,0.011471407600073629,2.7260729568461386e-5
TMS15F1286P0007,0.008173133528405686,0.012896287330603091
TMS15F1284P0001,0.012318912394232077,0.005854162287334928
TMS15F1280P0001,0.01057649706673032,0.008080017401588157
TMS15F1279P0006,0.009011417730388981,3.7356129047309356e-4
TMS15F1279P0001,0.008569077026745997,1.341682055349419e-5
TMS15F1276P0004,0.011746137682642935,0.005677745548064983
TMS15F1276P0003,0.008199642137084528,4.540421968376609e-4
TMS15F1273P0002,0.08952268273890963,9.470638168454243e-6
TMS15F1271P0002,0.015068146733269628,0.01379550580158893
TMS15F1270P0001,0.014344253280104394,0.00278124190125049
TMS15F1269P0008,0.012256737914944329,0.021052710542906184
TMS15F1269P0004,0.01315423871207509,0.014443472201124
TMS15F1266P0009,0.009172132982628086,1.516208607640591e-4
TMS15F1260P0001,4.300579475898435e-4,1.738773037672205e-4
TMS15F1259P0005,0.00874235251805392,1.697016315790073e-6
TMS15F1259P0003,8.970707834732738e-4,2.919858369592484e-4
TMS15F1257P0005,0.01064779687031223,0.0014814715849798452
TMS15F1257P0001,0.08692722141258687,0.01857522938195729
TMS15F1256P0011,0.009385906207454798,4.872264461435769e-6
TMS15F1254P0006,0.008746881853587818,0.009958673636005545
TMS15F1253P0006,0.0015183969970493072,0.007958393663140138
TMS15F1253P0003,0.0023996212909996486,0.008853795934551104
TMS15F1251P0001,0.0013843704999281356,0.00760605528168068
TMS15F1248P0012,0.002620660151714531,0.015487391711168374
TMS15F1245P0018,8.665652898030083e-6,0.010636497621351248
TMS15F1245P0009,0.011877326117357537,0.008091260907440966
TMS15F1244P0013,0.009770919290488355,0.010690170295362528
TMS15F1244P0010,0.055859056403358504,0.01766999896015817
TMS15F1244P0005,0.0024181038121407574,0.01553476361976721
TMS15F1244P0004,0.06325124742696207,0.02631236486552691
TMS15F1244P0001,0.0025851403260340896,0.00828870133248595
TMS15F1243P0027,0.012174291512636189,0.002693288151204879
TMS15F1242P0009,0.036876287033458965,0.006270636381115609
TMS15F1242P0002,8.260696485404417e-4,1.1913763103426244e-6
TMS15F1241P0005,0.03350850270423054,0.03802646095750832
TMS15F1240P0003,0.004000513338990454,0.0010615893010622664
TMS15F1236P0007,0.0017817655905861336,0.025606261164958143
TMS15F1236P0005,0.0073455345412829455,0.009636656000659756
TMS15F1236P0001,0.016584744460224714,0.011472903077490501
TMS15F1234P0001,0.00300612889725373,0.0015744587203317816
TMS15F1233P0005,0.01022991893298653,6.694165708460435e-7
TMS15F1230P0021,0.0012328386358493818,0.004102207316676735
TMS15F1230P0006,0.013395363481415408,0.00807132519343314
TMS15F1230P0005,0.009866246095669563,4.255092796997894e-6
TMS15F1229P0015,0.03345626496965237,0.0012381757317101638
TMS15F1228P0011,0.010393389102416876,0.02257394229408194
TMS15F1228P0006,0.015387025841759062,0.011683877570379352
TMS15F1225P0004,0.059702282771142805,0.014116127126613037
TMS15F1224P0005,6.48728519682962e-5,3.196921682941759e-4
TMS15F1223P0008,0.01079903028619769,0.0020819832027010377
TMS15F1221P0002,0.07479517326995741,0.004434465143033931
TMS15F1219P0006,0.00453798725701941,0.0017519030559674425
TMS15F1218P0001,0.008875881023348539,1.6285600171635014e-4
TMS15F1215P0002,0.06342988288899433,0.0010542502116529333
TMS15F1214P0002,0.08588215625840077,0.008948669154980098
TMS15F1213P0001,0.005981464137873285,0.002736760303761799
TMS15F1212P0003,3.8442597766735504e-4,0.003993880412284695
TMS15F1212P0001,0.013986367899504144,0.010507549227511207
TMS15F1209P0004,0.00421267896211118,0.008403873405421492
TMS15F1205P0002,0.08849174372647256,0.0040044066095972965
TMS15F1204P0005,0.006568326311555157,0.004689207013661434
TMS15F1201P0009,0.08241216555123863,0.011450581823801499
TMS15F1199P0007,0.009875653045078571,0.003989393443918753
TMS15F1197P0022,0.06359980551785252,0.0016016677079589538
TMS15F1197P0006,0.0040183155083608575,0.004841406703757918
TMS15F1196P0016,0.006608521446078351,0.011238568729663272
TMS15F1196P0012,0.0085476942518727915,0.0010478634364237194
TMS15F1196P0010,0.0028892336751046013,1.108195621584932e-4
TMS15F1195P0010,0.05096708680907733,0.009292483123259537
TMS15F1195P0009,0.009912427432800235,3.317764225223021e-5
TMS15F1195P0006,2.846328741338191e-4,2.9975183915212615e-5
TMS15F1195P0001,3.891947164120836e-7,4.833954036079151e-7
TMS15F1193P0014,0.012360812290938158,2.3638972157984412e-4
TMS15F1191P0001,0.06384239692619871,1.309572655694956e-4
TMS15F1190P0001,0.010228307490324676,0.0011152718006153216
TMS15F1188P0001,0.009704956031012638,4.1778413313071726e-4
TMS15F1181P0009,0.0025503264308720233,8.493665457245326e-5
TMS15F1179P0047,0.011414556596953299,6.807951926335457e-4
TMS15F1179P0015,0.002653680688037937,6.07504979421562e-4
TMS15F1179P0001,0.007054505681970553,0.0015152911449691964
TMS15F1177P0004,0.001049065243464527,0.0016501141716019822
TMS15F1172P0010,0.018573410545142843,8.023944562609306e-4
TMS15F1172P0005,0.0029388668939836723,0.015425515229240846
TMS15F1165P0002,5.127265843176449e-4,0.009791296800246525
TMS15F1162P0001,0.009654430386988362,0.0072508851933184
TMS15F1160P0010,0.014882582085010592,6.88630481154097e-4
TMS15F1160P0005,0.012291659754435521,8.915205982093367e-4
TMS15F1159P0006,0.011237206811246297,0.003315949459421884
TMS15F1159P0005,0.018890007307145018,5.136569980296078e-8
TMS15F1159P0003,0.009849658895007152,5.301692819834399e-4
TMS15F1159P0001,0.06041185985224624,3.3845377861929275e-4
TMS15F1158P0006,0.04712389438427676,0.001717368026484761
TMS15F1156P0014,0.07716889476437967,4.386912267362744e-4
TMS15F1156P0007,0.013280964577119213,0.011174695098384414
TMS15F1156P0006,0.01348807496125529,0.009225180065428794
TMS15F1156P0005,0.009477030226122509,2.4703157614072344e-4
TMS15F1156P0003,0.011781909098430682,0.0036442365215601626
TMS15F1154P0020,0.055732798307925525,9.474650392613964e-4
TMS15F1154P0015,0.012156633958770426,3.9674568584897193e-7
TMS15F1154P0012,0.04182662454962026,9.657645210390086e-5
TMS15F1154P0005,0.010536707381557412,0.0027304899582260883
TMS15F1154P0002,0.014476362731562975,2.326936727838222e-5
TMS15F1154P0001,0.012183519706874188,7.811503987905922e-4
TMS15F1153P0047,0.014294411750564,0.006433723273136272
TMS15F1153P0031,0.01607668654849305,0.014731283415896503
TMS15F1153P0022,0.019535575070335816,0.007026483480328674
TMS15F1153P0020,0.013974552611453193,0.019733279465011442
TMS15F1153P0009,0.027514832844904424,0.022871301597869126
TMS15F1152P0016,0.012123342567611427,0.002697780605594331
TMS15F1151P0003,0.0022660731287301077,0.00569149203819818
TMS15F1148P0003,0.004262575238620084,0.014585960519482251
TMS15F1147P0001,0.011971170064341693,0.018550330090319533
TMS15F1146P0001,0.010223407569349146,2.771043702878201e-4
TMS15F1145P0002,0.015333910479345481,8.789092420885612e-4
TMS15F1144P0006,0.005279130179603547,0.016501204147250946
TMS15F1144P0002,0.008259224668711105,8.908615697528641e-6
TMS15F1143P0004,0.010790201558075455,0.024247567664804667
TMS15F1143P0001,0.007672340571361071,0.006034723243082695
TMS15F1142P0012,0.007686711586488607,7.849890408202169e-4
TMS15F1142P0008,0.009439040950081164,0.006102485358184424
TMS15F1142P0006,5.804617239251915e-4,0.00973082142168834
TMS15F1142P0004,0.011206886424982772,0.003244043189620277
TMS15F1142P0001,2.9054987057365138e-8,0.003522588325084553
TMS15F1135P0014,0.0012518313884094217,0.002261640563471079
TMS15F1132P0013,0.008596664402333417,0.004359666307366634
TMS15F1132P0011,0.007872295249054967,8.605550668544264e-4
TMS15F1132P0003,6.711223220777047e-5,0.0014644409136589961
TMS15F1132P0001,0.0016468547661086686,0.001830435892061043
TMS15F1131P0007,1.3779958993829463e-5,0.006665221314417277
TMS15F1130P0012,0.00652886728826077,0.014570638391196454
TMS15F1130P0007,0.008034566345706476,0.007461969202864992
TMS15F1130P0002,6.544952304895458e-4,0.052418436472789653
TMS15F1129P0009,0.008846692508767717,1.7469654963400078e-4
TMS15F1128P0006,0.005188811264880299,2.5358479758875633e-4
TMS15F1127P0013,0.003901675532181791,0.02537229288092076
TMS15F1127P0005,0.016269232468174695,0.03462919296904928
TMS15F1127P0002,0.0027302430510298677,0.0492917605445375
TMS15F1126P0008,0.006625040995436431,5.188062880980499e-4
TMS15F1126P0007,0.0027866430161374613,1.4686566266718557e-4
TMS15F1124P0001,0.008079341989652192,0.001204456739448867
TMS15F1121P0038,0.013214409702646089,0.0026019697739440716
TMS15F1121P0035,0.0015063087201048697,6.900045772668761e-4
TMS15F1117P0001,0.006894428856444875,7.757200902479527e-6
TMS15F1112P0007,0.006266739402798761,0.07106405652976464
TMS15F1111P0011,0.0048775027520219,0.006172949005074721
TMS15F1109P0004,0.009347905047223128,0.0035324438970163233
TMS15F1109P0003,0.006410486180938762,0.00141440009054513
TMS15F1107P0004,0.011273764721639152,1.665849453684489e-4
TMS15F1107P0002,0.011223705885398913,1.0892976295628868e-5
TMS15F1105P0002,0.0098773039369943,1.1062642179951671e-4
TMS15F1104P0006,0.011749705176874113,0.008791442238013904
TMS15F1103P0006,0.007149634215018528,0.01359154677988773
TMS15F1102P0006,0.013692623191403271,3.1709506280647734e-4
TMS15F1102P0002,0.012038109249106067,1.1454749875183248e-4
TMS15F1100P0005,0.008933813169825059,1.780689725074093e-9
TMS15F1099P0004,0.010734302420703992,2.5422302076679153e-4
TMS15F1095P0005,0.0113326660188446,6.430669701280731e-5
TMS15F1094P0006,0.008729591257678384,0.0012730894490777169
TMS15F1092P0023,0.016411929539258435,1.1330265986487892e-5
TMS15F1092P0016,0.016410073329734865,7.62360005929345e-5
TMS15F1092P0001,0.013237158688176981,0.0017832726200292133
TMS15F1085P0005,0.01483930385005605,0.026102047241539018
TMS15F1082P0002,0.011631889005988754,0.012682152860488807
TMS15F1081P0003,0.006561176052970821,3.136600509380492e-5
TMS15F1081P0002,0.009839129089203437,0.0059651557230065416
TMS15F1080P0012,0.012266706814176976,0.002507748803978061
TMS15F1080P0007,0.011484862939201186,5.786773215824899e-4
TMS15F1080P0004,0.020659820427383634,0.009245639097101258
TMS15F1079P0025,4.8179617533524653e-4,0.01150953450601675
TMS15F1079P0020,0.012136330898186514,0.010058342656943938
TMS15F1079P0016,0.01161847842398973,0.005801608289523513
TMS15F1079P0008,0.009099958542538375,3.028423794753278e-4
TMS15F1077P0013,0.007693683020582109,0.022972352439674906
TMS15F1075P0012,0.00809862722040131,0.0021273676709063194
TMS15F1074P0003,0.008807061626982186,0.017405621741873767
TMS15F1092P0026,0.007017748484582141,0.002164129536702793
TMS18F1020P0027,0.03836492491867099,0.009887108365652245
TMS18F1076P0117,0.004824301268791103,6.989119767843709e-4
TMS18F1010P0011,2.911195926204737e-4,0.01652748990238416
TMS18F1056P0016,0.062201977047200194,0.015273295510486048
TMS18F1001P0014,0.004702464933564519,0.012132200000780226
TMS18F1016P0010,0.003689349483089955,0.003510684897078269
TMS18F1076P0114,0.010938723901531453,4.4126862899105627e-4
TMS18F1058P0020,0.00841091806277635,0.012967835778422388
TMS18F1040P0032,0.015347127027975964,1.7799689044944888e-4
TMS18F1142P0017,0.010919390021874933,0.003280139700048626
TMS18F1132P0042,0.0077694109874318065,0.010356822983224753
TMS18F1018P0001,0.0034477212580269617,0.02821711288047648
TMS18F1134P0010,0.006434822156279538,0.023432137268273593
TMS18F1026P0009,0.06405309469044808,0.020078851013512575
TMS18F1041P0005,0.013841031309976055,0.0023480447533729297
TMS18F1059P0015,0.0020485480201969147,0.037363486737850164
TMS18F1005P0023,0.01190638955726389,0.0038140692929371912
TMS18F1127P0010,0.009897086892637354,0.0018871589168231839
TMS18F1001P0020,0.004622227801825252,0.012667589309469698
TMS18F1104P0007,0.0055852514104982225,0.006242359687758718
TMS18F1039P0021,0.011627162163708108,1.4350560626697793e-4
TMS18F1083P0014,0.011394454286521997,0.010203824197037439
TMS18F1066P0022,0.007895063150582929,0.004595144600923745
TMS18F1042P0009,0.033833002419004304,0.017855840912596205
TMS18F1120P0006,0.0037507637920177507,0.004677748749322225
TMS18F1058P0019,0.010011812433172743,0.004568234680506617
TMS18F1076P0001,0.013657573883228066,2.0910092224334475e-7
TMS18F1063P0009,0.004083705861164001,0.011932594919502904
TMS18F1121P0029,0.012912466786126774,0.0010369401341215518
TMS18F1079P0003,0.003835051731044581,0.004943379056028626
TMS18F1003P0014,2.1591445790362068e-7,0.0046773024638480055
TMS18F1113P0002,0.08623219063672559,0.006667904642984213
TMS18F1099P0017,1.7451152458510022e-5,0.0019320990653399703
TMS18F1092P0016,0.012301058988423194,0.0015221099013179489
TMS18F1144P0010,0.008096256457120385,0.021646464281832433
TMS18F1135P0025,0.0942962434045191,0.007355738685034889
TMS18F1143P0034,0.007879405629547039,0.011618574246083911
TMS18F1143P0028,0.01226435136574925,6.178008294502828e-5
TMS18F1114P0032,2.839716204492494e-6,0.005791086883571328
TMS18F1090P0029,0.013874526276799384,0.026501299181883098
TMS18F1068P0093,1.2301341127876001e-4,0.0020974334993315168
TMS18F1066P0024,0.010413323398270375,3.344080975312071e-5
TMS18F1098P0004,0.03444172205129145,0.0013716127562248509
TMS18F1090P0020,0.005002857904961763,0.00798494047790582
TMS18F1132P0083,0.004248994838721539,5.262837288390467e-4
TMS18F1047P0062,0.05380547597735956,0.026021308697098084
TMS18F1113P0038,0.017709616762548,0.0025555312870080885
TMS18F1083P0028,2.1044285782275806e-4,0.002368411264173907
TMS18F1132P0058,0.007392007482647029,0.01984545325425754
TMS18F1040P0054,0.0015874608127276727,0.017109053977352035
TMS18F1132P0144,0.020578516033541553,0.050218291257089556
TMS18F1156P0001,6.802162971016642e-5,4.947344919866448e-4
TMS18F1073P0038,0.010970968837044943,9.411164655577483e-4
TMS18F1076P0077,0.009893477452330879,1.6753104833279085e-4
TMS18F1090P0031,0.007575472519876763,0.01537873787431392
TMS18F1056P0052,0.06328211752686703,0.027695383178321566
TMS18F1138P0037,0.003388612487124161,0.00532254820548514
TMS18F1056P0065,0.014965522509529114,0.005638667344737516
TMS18F1056P0064,0.002232572612190897,0.007555203457127644
TMS18F1068P0090,0.004884647271142536,0.03748570502316659
TMS18F1040P0067,0.005116537049127515,0.0026744364205056924
TMS18F1060P0068,0.05581826365072913,9.50346198708941e-4
TMS18F1114P0039,0.0017804525102865713,0.046039967760781786
TMS18F1083P0032,4.0919496291186964e-4,2.4185738833866767e-5
TMS18F1040P0063,0.0026680343575222086,0.0011060385860738246
TMS18F1102P0031,0.002437596566761256,0.056305148494951204
TMS18F1068P0082,9.197686076701387e-4,0.016714771823737207
TMS18F1138P0030,0.09306075154801013,5.027855632419756e-5
TMS18F1055P0044,0.022393435006210192,0.005346131660797784
TMS18F1038P0087,0.034457377949310315,0.0043627276047856715
TMS18F1065P0037,3.069811754739484e-4,0.0024414676383864853
TMS18F1138P0028,0.002172365364059723,0.0018409766843274476
TMS18F1139P0076,0.010770150731951707,0.002963140347085327
TMS18F1025P0041,0.07356524079407936,0.003657477984874685
TMS18F1157P0041,0.027435194960131883,6.770329771106769e-6
TMS18F1025P0038,0.010984762449511284,0.005844197310081425
TMS18F1139P0097,0.012229629064766523,0.00768891510014867
TMS18F1028P0033,0.10278118905916969,8.173662414276629e-4
TMS18F1037P0037,5.635810325623305e-4,1.256458081746179e-7
TMS18F1083P0025,0.010135365408872754,0.005085912379388809
TMS18F1113P0031,0.01957154725295815,6.914434469908114e-4
TMS18F1119P0037,0.010035048776945723,4.4481244684081337e-4
TMS18F1124P0041,0.01325400735260529,6.133742471076772e-4
TMS18F1119P0039,0.032400702109705505,0.0020955329279110863
TMS18F1057P0030,0.10928044216241348,0.017971084344441408
TMS18F1069P0028,0.0068114607979366,0.032169089587911585
TMS18F1095P0041,0.0032360407922009116,0.001270288396563606
TMS18F1090P0023,0.019327633165756402,0.01581269417252549
TMS18F1068P0085,0.007025700252346913,0.03692044954759315
TMS18F1010P0027,0.005903816315484127,0.008741528315505015
TMS18F1051P0072,0.006214766576108993,1.030600386006695e-6
TMS18F1037P0025,0.0055640346563370895,0.0034274797162765847
TMS18F1119P0043,0.001841906518010332,6.478551222925356e-5
TMS18F1056P0077,0.00245406263166119,0.004085284567568071
TMS18F1157P0033,0.0025632650505046555,7.355051926295128e-5
TMS18F1040P0047,9.264876761976715e-4,0.013621274450568746
TMS18F1065P0035,0.0011672669193740488,0.006426026303622931
TMS18F1040P0052,0.01219921051198966,0.0020383730602379154
TMS18F1157P0038,0.0570811627163295,9.114809311599986e-4
TMS18F1051P0069,0.010310304966164401,3.506755271921469e-4
TMS18F1010P0030,0.01637023827930239,0.009328468068507942
TMS18F1096P0042,1.1211635892563819e-4,6.458365631254694e-4
TMS18F1038P0078,8.60648657209143e-4,0.007729566034841488
TMS18F1106P0028,0.0016032579821014148,0.028356352859154062
TMS18F1040P0064,0.0018324670291374231,0.0014382948182309699
TMS18F1040P0069,0.10371387168919352,0.0013713267133928226
TMS18F1068P0065,0.014652133948521733,0.011032128719224977
TMS18F1119P0042,0.011607536615128158,0.006598872100368563
TMS18F1065P0032,0.01024584609054792,0.0023755386450979707
TMS18F1051P0050,0.08038036170649955,0.002291454926635085
TMS18F1068P0066,0.0053057635060664654,0.008988621239555405
TMS18F1106P0031,0.01363082262257785,0.0186830266431529
TMS18F1056P0057,0.007752369095878436,0.0019286461597251478
TMS18F1037P0043,0.0011745152537113541,0.0014104762483582933
TMS18F1066P0033,0.007606075198280762,0.006467993345696444
TMS18F1025P0029,0.07177511947073022,2.0192155373774254e-4
TMS18F1040P0057,0.0025991793048072607,0.006351227761828119
TMS18F1069P0035,2.6007090246124543e-4,0.039926882073280365
TMS18F1083P0034,0.008394585081920104,0.0017369570438397846
TMS18F1025P0024,0.011100097160723762,0.0027544566976436032
TMS15F1475P0011,7.502768978215608e-4,0.002211101760419799
TMS18F1068P0088,0.006424330489582784,0.0242507049856443
TMS18F1008P0012,0.009947750568507507,0.009280193127244925
TMS18F1076P0104,0.0588914749997022,0.0032060569230314842
TMS18F1040P0043,0.028893475677814997,0.003528183282119629
TMS18F1106P0037,0.003128501292474256,0.015900395853688982
TMS18F1114P0038,0.02969006561854009,0.0022004491200319416
TMS18F1056P0050,0.02135759758353594,0.01012983385802138
TMS18F1056P0053,0.011712444793966563,0.007552315052020159
TMS18F1106P0044,0.003335440308738354,0.011384670786555716
TMS18F1083P0031,0.008951553075025785,0.0036336132408555824
TMS18F1071P0028,4.484575028074009e-4,0.01804886454779717
TMS18F1106P0035,0.013200563822547208,0.017156247029943554
TMS18F1051P0039,0.012338365477909796,9.589972514175538e-5
TMS18F1057P0037,0.0019245992979317003,0.004687307004244083
TMS18F1057P0033,0.02186141312216655,0.02810959029576977
TMS18F1113P0027,0.017688006205192463,0.0010246983434779736
TMS18F1106P0045,0.012829041894175337,0.00257072190389668
TMS18F1057P0025,0.09987288100455877,0.0011926068754387407
TMS18F1068P0055,0.0014858882294511509,0.013612945041712827
TMS18F1119P0029,0.013851809948284804,0.0010580384530139877
TMS18F1065P0026,2.121687942079982e-7,0.00632151456311065
TMS18F1004P0010,0.024408843844882504,3.846560232346616e-5
TMS18F1006P0005,0.02586114337813288,0.07277680054164978
TMS18F1088P0026,3.251751465268917e-4,0.01152774372873278
TMS18F1049P0022,0.019248768919247993,2.967216083454519e-5
TMS18F1051P0030,0.010452653107026665,2.2158525048969602e-4
TMS18F1091P0014,0.004913905734390333,0.0013861905426089361
TMS18F1088P0022,0.004954932030625927,0.007954181726397497
TMS18F1010P0005,0.011564287726588561,0.004283328335734713
TMS18F1039P0011,0.012292080287330127,2.588284581604395e-4
TMS18F1020P0001,0.037534797267624535,0.00981012840419585
TMS18F1076P0010,0.010947141547374976,0.002194742294751146
TMS18F1101P0014,0.0018695724620591942,0.002411090802494072
TMS18F1058P0010,0.0026388161236394706,0.0036167077158481965
TMS18F1075P0001,0.002640535051208969,0.022643170282488925
TMS18F1020P0008,0.09288578437614803,0.0169102825585781
TMS18F1056P0032,0.013457607504178412,0.0036373594250845905
TMS18F1081P0010,0.011946659131083767,0.002414781281821394
TMS18F1082P0023,0.012208060120080915,0.004274879895809002
TMS18F1099P0015,0.006728428532121519,0.010744854143432986
TMS18F1137P0014,0.07129284762690692,6.350030811685116e-4
TMS18F1051P0033,0.01211600067314723,1.651615863945028e-4
TMS18F1058P0005,0.009701581257477075,9.160701936184053e-5
TMS18F1092P0022,0.010329323604620008,0.0012848499981605273
TMS18F1025P0013,0.06673112050602344,1.9036443009951198e-5
TMS18F1123P0019,0.0060451382133629526,6.420198680655832e-5
TMS18F1056P0040,0.052820995660598974,0.02289919270063543
TMS18F1089P0001,0.0049667126772072615,0.0029036743180301736
TMS18F1087P0001,0.0013139810112720645,0.0014572390709979577
TMS18F1044P0018,0.010044848211019485,0.007057306529992013
TMS18F1109P0011,0.020010613303302418,0.0523686563385656
TMS18F1065P0016,4.180815908248471e-4,1.795873146711879e-5
TMS18F1101P0012,9.413870749682567e-4,0.0020529339999640324
TMS18F1026P0014,0.008999730768534912,5.708275392937457e-6
TMS18F1084P0014,0.011954666470373186,0.0015309414126314876
TMS18F1017P0025,0.010672362784162373,0.005751249983277268
TMS18F1091P0010,0.0063728081817037985,0.0032617291104729837
TMS18F1039P0024,0.0724491412091142,0.0010716043329102693
TMS18F1057P0011,0.09525316551031303,0.0019625565486673957
TMS18F1126P0020,0.0649693104485009,0.007131938404551155
TMS18F1071P0008,0.002245723103540791,8.429328250294925e-4
TMS18F1108P0012,0.012056129008840235,0.008375422845079876
TMS18F1030P0019,0.011658218506540334,0.003223963830541373
TMS18F1082P0006,0.010904598430428451,7.249585467600949e-4
TMS18F1047P0024,0.001193332486635532,0.0016124326117553174
TMS18F1059P0012,0.07756266490112404,0.0012294527044796996
TMS18F1087P0003,0.007045274271737476,0.0027116010446827364
TMS18F1090P0001,7.728901880411126e-4,0.021147952562523224
TMS18F1100P0008,0.012740099102501143,1.6713714459387432e-5
TMS18F1046P0001,0.0832783198069054,8.42397753754279e-4
TMS18F1056P0025,0.008349997322724498,7.732533750030975e-7
TMS18F1051P0037,0.00592018661938376,1.9508936740479213e-4
TMS18F1014P0004,0.09830624366220599,2.8632893603413684e-4
TMS18F1015P0003,0.03734856332819042,0.010353304344709527
TMS18F1082P0010,0.004997302219292657,0.0017636315410741782
TMS18F1033P0018,0.010492426243586124,4.6860188545967647e-4
TMS18F1083P0008,0.007894526460340159,0.003925859597782017
TMS18F1005P0015,0.07235527763377499,0.026915992776679103
TMS18F1048P0013,0.014278693035485901,7.679133979357242e-5
TMS18F1143P0033,0.007703235394905938,0.0038731944871414166
TMS18F1093P0016,0.013363304841567393,0.0024424987409074252
TMS18F1006P0009,0.01747149371346591,0.005507476872392666
TMS18F1024P0004,0.059125925670323085,0.013199803923752163
TMS18F1133P0001,0.031572640602113504,0.0013972576710037726
TMS18F1075P0011,0.022632996118113684,0.0033231947672526427
TMS18F1059P0013,0.02270435441475,3.233273577173903e-4
TMS18F1002P0005,0.003285744417542452,7.330979071121931e-6
TMS18F1009P0028,0.015826933038029043,0.0039148053683430275
TMS18F1044P0016,0.010915807193478753,0.004731297599365931
TMS18F1015P0015,0.0027817385103198,1.5652408179768032e-4
TMS18F1091P0004,0.009201298201664532,0.0030423645212984823
TMS18F1037P0012,0.0023931534473756247,0.0019128029698307798
TMS18F1053P0007,0.0073573712500460565,0.002967122925712148
TMS18F1084P0001,0.010650020975054368,1.3359537047225582e-4
TMS18F1159P0030,0.014756280046800409,0.004787568621049283
TMS18F1002P0021,0.009652967697753008,0.0053456325619427305
TMS18F1088P0008,0.011386807854634024,4.18811134629988e-6
TMS18F1092P0007,0.009531175160727327,0.007322053810755717
TMS18F1009P0002,2.624402481600951e-4,0.005337395230687509
TMS18F1059P0010,0.09088171199408435,2.940268307333195e-4
TMS18F1009P0020,0.008610602604135114,8.750403309359633e-4
TMS18F1003P0011,0.008827416270380594,0.007595174312967771
TMS18F1163P0004,0.008321911949351151,0.0018243475657487402
TMS18F1150P0012,0.011692923115829075,0.00444775936861952
TMS18F1150P0007,0.009752807647093074,0.0011976361468608138
TMS18F1120P0025,0.011730346483102075,3.0177113026901546e-4
TMS18F1148P0001,0.003270239043832616,7.142689179594554e-4
TMS18F1159P0002,0.003076184228293148,0.0011749905480663708
TMS18F1146P0009,0.011304463346570816,0.0021243543663113716
TMS18F1101P0008,0.001889269016649629,0.00269978743252668
TMS18F1141P0021,2.668987249226708e-6,2.307175221277742e-4
TMS18F1147P0010,0.008506786007553037,0.03882377966500947
TMS18F1152P0017,0.0021416923057689715,0.015286785017680793
TMS18F1161P0029,0.003546653662905654,2.52934034040525e-5
TMS18F1141P0007,4.771584374515571e-5,0.002191720791619273
TMS18F1124P0006,0.01180037869734586,5.212630048409476e-4
TMS18F1161P0009,0.012712059976034851,6.790582822143086e-5
TMS18F1159P0011,0.01293671015095157,0.002039317640528691
TMS18F1146P0012,0.08030727494551511,4.58757400927257e-4
TMS18F1162P0019,0.013973670190256858,0.0013638158577395155
TMS18F1162P0018,0.012379940228337579,5.971686332385668e-4
TMS18F1163P0008,0.008808665472671243,0.004551139949758943
TMS18F1094P0010,0.08073664775261241,0.001453274355125804
TMS18F1143P0036,0.00825918442871111,1.6664264299077428e-4
TMS18F1124P0017,0.007975382909486272,0.006557528405218188
TMS18F1154P0003,0.0069666395765066004,0.008474083929386601
TMS18F1024P0017,0.023493147338628853,0.015136132926880074
TMS18F1024P0031,0.015797187222583813,0.0018572307564359391
TMS18F1024P0005,0.07206037287343878,0.0013227296921617452
TMS18F1032P0018,0.009712497949070842,0.006564250882329159
TMS18F1149P0020,0.010177930723086747,0.0010726359437085984
TMS18F1150P0015,0.014246655365280358,1.0179056233826567e-4
TMS18F1094P0004,0.009873603171522218,9.151897094912364e-4
TMS18F1073P0024,0.012089622987478657,0.00329426696371642
TMS18F1020P0026,0.03958115286469321,0.0063260995127039366
TMS18F1020P0033,0.07612929725077115,0.014627588250573611
TMS18F1073P0030,0.02274872449999985,0.0017126961495512977
TMS18F1159P0001,0.005717049927851987,0.036382525434309324
TMS18F1095P0020,0.008603861977043867,0.008353464800250279
TMS18F1040P0005,0.004061203315260853,1.1861820699692062e-4
TMS18F1047P0045,0.0057777279537503555,0.005882792416873429
TMS18F1003P0010,0.004876342362693729,0.002019297679539898
TMS18F1047P0012,5.428959416669575e-4,0.003962376873907265
TMS18F1152P0003,0.010300115856675559,0.007621665355258128
TMS18F1150P0011,0.013482029415658441,0.001366709641455072
TMS18F1024P0020,0.003703062272235125,0.0065423096987755475
TMS18F1044P0013,0.00867891498347962,0.004224566346976001
TMS16F1016P0007,4.829867099757777e-4,0.003207827911141511
TMS15F1474P0007,0.007000994948422061,0.008534032843713533
TMS18F1047P0042,0.008143305639554302,0.0011907962045254986
TMS18F1153P0058,0.012630341019530283,0.008846859214218072
TMS18F1125P0004,0.010152626840507968,0.028347253322070734
TMS18F1132P0062,0.0044469344822224335,0.007029291730611421
TMS18F1004P0008,2.5148495174275644e-4,0.0014499096140147393
TMS18F1051P0059,0.03409291594867642,8.737942977996046e-4
TMS18F1056P0066,0.0015910748079202813,5.71672349111797e-4
TMS18F1153P0053,0.004402683032488924,0.001504021749585387
TMS18F1068P0063,7.26977402080614e-5,1.784636742415917e-4
TMS18F1047P0049,0.01590109067969291,0.0032824133194554427
TMS18F1028P0003,0.004267336556454329,0.023300452304948517
TMS18F1007P0004,0.00841987611523852,0.005655866540917712
TMS18F1096P0013,0.01479981523829087,0.020822796031292633
TMS18F1076P0121,0.04238639566261864,0.009268680222732651
TMS18F1127P0011,8.727721406669277e-5,0.0018904651052258049
TMS18F1069P0023,0.0020443114738664912,0.06199711897806643
TMS18F1019P0018,0.0019384098802639226,0.003920727708877495
TMS18F1064P0027,0.005147808434246236,0.0017992494654894677
TMS18F1120P0004,0.018625559526727054,0.05203619964664211
TMS18F1082P0024,0.006148910442971985,0.018503358743255195
TMS18F1076P0106,0.005310000025070316,0.023813266768169607
TMS18F1038P0056,0.005535816685818154,2.987302969405127e-4
TMS18F1149P0024,0.010061922591529372,0.009079023454286772
TMS18F1068P0077,0.015598820032483215,0.007099287561652061
TMS18F1055P0036,0.002107491348341783,0.0015971890686580594
TMS18F1007P0005,0.008022102997783805,1.1292218261397425e-6
TMS18F1076P0110,0.010154651245150748,0.007350051604888618
TMS18F1085P0012,0.012268717802597471,0.0033274562329549864
TMS18F1056P0019,0.004350447415365694,0.049499627470925844
TMS18F1028P0030,0.04740350564754615,2.075451925602725e-4
TMS18F1041P0002,0.003984441987965351,0.02425718606036694
TMS18F1003P0009,0.00832830111837387,0.01594604657088051
TMS18F1069P0033,0.07426189329909835,0.021459018007107984
TMS18F1060P0067,0.010990380057642175,8.273350569840565e-4
TMS18F1132P0078,0.020103221079759804,0.049031133575799746
TMS18F1076P0103,0.01920439217962347,2.0093546156718953e-5
TMS18F1096P0024,0.013514283398007074,3.7467251805587197e-7
TMS18F1156P0016,0.011847642856521257,9.813170419420052e-5
TMS18F1003P0003,0.008852967379063534,0.0024716308096005826
TMS18F1047P0046,0.022404563270639135,0.04945380528901178
TMS18F1048P0023,0.0032971720825902,0.002001410731972806
TMS18F1076P0066,0.014656742360458613,0.021501837923142385
TMS18F1040P0044,0.009153227777612056,0.001132884292467521
TMS18F1051P0063,0.006198497785086412,9.23664944473218e-4
TMS18F1076P0112,0.004483876089373925,0.0020534054291711156
TMS18F1063P0008,0.008447669796902826,7.564073157332251e-5
TMS18F1038P0010,0.005517084306331548,8.200242816615e-4
TMS18F1107P0020,0.09378445826977834,3.2290522263802034e-4
TMS18F1073P0035,0.010831911917314013,5.209051022869239e-5
TMS18F1138P0035,0.012016689231582505,0.0013450033949936571
TMS18F1081P0014,0.005335299277773927,0.03329463788011888
TMS17F1439P0047,1.5930813828319e-4,5.838938416457137e-5
TMS17F1420P0003,2.755678317654363e-4,0.008550182078636118
TMS17F1386P0069,0.00445296139616621,0.004011582091756952
TMS17F1366P0037,0.007683581899510484,0.015941223016074268
TMS17F1416P0013,0.008094007151708934,0.0020612906758158116
TMS17F1194P0005,0.00416889430181868,3.078453108341515e-4
TMS17F1322P0001,0.03007320205629321,7.953321589004986e-4
TMS17F1071P0008,0.00897176257386884,1.0676084157913689e-4
TMS17F1439P0095,0.012465761122823082,4.290630175758868e-6
TMS17F1409P0014,0.001999100637468601,1.1040011738863497e-5
TMS17F1416P0007,0.009200995318943498,0.0015951922339616086
TMS17F1477P0001,0.005534346436208846,0.0010952301724314027
TMS17F1364P0003,0.011361633662443586,0.014981035109975397
TMS17F1028P0001,0.0055021813090243305,0.012214724487403591
TMS17F1411P0006,0.00836898658151223,2.539048682619091e-4
TMS17F1413P0007,0.00600392226014523,2.2819935212650398e-4
TMS17F1454P0036,0.016396737787797565,0.016046558466464283
TMS17F1482P0027,0.008103648510490325,3.933532484890042e-4
TMS18F1035P0011,0.003431919902656816,0.0053605861407327385
TMS17F1388P0034,0.013457581190821142,9.717883483206516e-4
TMS17F1566P0010,0.0017101868740206287,5.513759021113334e-4
TMS17F1375P0052,0.010348739170685796,0.003820327031834624
TMS17F1362P0002,0.02126096479007381,0.02765909905925231
TMS17F1419P0077,0.005749919384888799,0.0013779833077962919
TMS17F1395P0019,0.006338959239229046,8.741227117406242e-4
TMS17F1055P0019,0.013797420633691828,0.0019405588270784751
TMS17F1363P0001,0.011816356905690233,5.939681583835826e-4
TMS17F1533P0001,0.004384651636888678,0.002627171502556611
TMS17F1061P0067,0.00681382953817546,0.0016085849061892286
TMS17F1467P0005,0.0036483626852149074,0.014406905927762415
TMS17F1477P0045,0.007416913655972066,0.002342614826188961
TMS17F1362P0015,0.004902663355734237,0.05360078049272773
TMS17F1034P0003,0.0011216883919863147,0.0018890969776456021
TMS17F1283P0010,0.013668874210416751,0.003384875291869221
TMS17F1387P0008,0.008220893095063825,0.0033404241637364153
TMS17F1377P0009,0.0015850159406875376,0.007561086411270304
TMS17F1308P0012,0.06200234236942292,0.00249772868760413
TMS17F1411P0063,0.007668494803962317,0.0033814098624841984
TMS18F1324P0003,0.10596935089971284,0.04559865283411325
TMS18F1366P0014,2.7337528470757463e-5,6.225691754997869e-4
TMS18F1320P0101,0.003593572398002415,0.040154755664030324
TMS18F1331P0013,0.006711517541839749,0.020788487815445806
TMS18F1371P0001,0.015967252174169364,0.04864417609222249
TMS18F1408P0006,0.01854386683235672,8.161818810293776e-5
TMS18F1318P0018,0.06908817596993505,4.312374108371149e-5
TMS18F1324P0070,0.015507098558987967,0.03773854089961377
TMS18F1317P0059,0.0033018461138359136,2.6502129498761696e-4
TMS18F1485P0020,0.005832580740017303,0.024749657998370592
TMS18F1369P0023,0.007841574451113305,0.0072755507732504
TMS18F1339P0015,0.00764756950408197,0.01351276757261549
TMS18F1377P0007,0.008040069052813731,8.354828512670815e-4
TMS18F1338P0053,0.010229834322053443,0.023615392318233806
TMS18F1377P0023,0.011668894105290924,0.0013439328045800967
TMS18F1333P0012,0.009409921434511722,0.005902259266872293
TMS18F1369P0014,0.0090296284189661,0.00525753989921103
TMS18F1330P0008,0.018064265367075998,0.017290390746740478
TMS18F1421P0005,0.006653096183892694,0.006437742857464569
TMS18F1371P0011,0.014113319872295506,0.016828907678330392
TMS18F1426P0001,0.004640687955647713,0.11639508885596668
TMS18F1421P0025,0.0093325506547077,5.757716825692915e-4
TMS18F1337P0044,0.014094432380739316,0.003928651448652104
TMS18F1320P0087,0.00481162139279727,0.040922560269805563
TMS18F1278P0165,0.014983225015870155,0.021117597347779998
TMS18F1342P0017,0.016588822700645347,0.022829131669676192
TMS18F1369P0015,0.008449750055924405,0.0015354690690825043
TMS18F1367P0030,0.005845347451451876,0.024716418620494632
TMS18F1320P0086,0.004832974633642678,0.048962811841899274
TMS18F1396P0017,0.008568322933436928,0.0015767020101188167
TMS18F1395P0010,0.009343075175781103,0.046352491922189085
TMS18F1319P0159,0.005636280736496831,0.019779391261749685
TMS18F1217P0121,0.019307558115149583,0.009074885935579117
TMS18F1349P0157,0.010627685211584097,0.049614667438062844
TMS18F1352P0002,0.003807699558048075,0.02645831838814945
TMS18F1355P0025,0.014896185837504156,4.482946323146098e-4
TMS18F1373P0028,0.004377918353668281,0.00901300473038281
TMS18F1361P0018,0.016297079745431098,3.9496988551927906e-4
TMS18F1250P0050,0.014716786523621664,2.1842843217212158e-4
TMS18F1217P0091,0.030499486963002614,0.001488411196696161
TMS18F1348P0039,0.0799521108219266,0.0014475824128448555
TMS18F1217P0095,0.08568098905017696,1.7826185847377325e-4
TMS18F1330P0020,0.007129392985429386,0.00929354217805486
TMS18F1278P0180,0.006252482093780876,0.014105847020320429
TMS18F1265P0030,0.011043404022336462,3.650968685552726e-4
TMS18F1424P0020,0.004729799122783891,0.03265914380948325
TMS18F1317P0123,1.8783683507347214e-5,4.3654412812184764e-5
TMS18F1319P0033,0.10483632017041532,0.051322827202183174
TMS18F1409P0008,0.017703356809111833,7.352415098460482e-4
TMS18F1324P0107,0.021559459546064013,0.012059726245395577
TMS18F1336P0015,0.015067602756962,0.010653818343640214
TMS18F1296P0071,0.013683095011927068,0.03451834382880146
TMS18F1480P0032,0.016542449823815208,0.003310089704212218
TMS18F1348P0156,0.0067556084023912225,0.008694016488017632
TMS18F1389P0031,4.1150357306383507e-4,5.447752236955182e-4
TMS18F1447P0045,0.009082356288752761,0.054778983775946
TMS18F1370P0008,1.9775682590513914e-5,0.018985052084633747
TMS18F1345P0001,0.0069423618631712335,0.03856899438867517
TMS18F1306P0129,0.011776809922210111,0.00851723695772916
TMS18F1383P0019,0.014629954337756216,0.035776463853313616
TMS18F1319P0061,0.0029562762535377354,0.0048952762831720046
TMS18F1348P0131,0.0064053986413900995,0.008737165901453304
TMS18F1338P0116,0.007174277872416494,5.5244669445166654e-5
TMS18F1359P0001,0.04509902638082217,0.015562516010337452
TMS18F1338P0085,0.0625920643997789,0.03569792387710078
TMS18F1317P0048,0.001990335599872012,0.016667439761735722
TMS18F1369P0010,6.015142905229469e-8,0.001196428031736494
TMS18F1339P0012,0.014573047277170504,2.0442929056830868e-4
TMS18F1480P0023,0.02033260866162125,0.017859050497465126
TMS18F1338P0067,7.725975090399263e-5,0.0019447432180100474
TMS18F1306P0130,0.00695721444877092,9.786814116069678e-5
TMS18F1344P0100,0.04417579830415205,0.04697939058150418
TMS18F1324P0092,0.11840782436940177,0.027504248940259903
TMS18F1240P0026,0.010261483655909887,0.0025262616423585567
TMS18F1352P0016,0.018574588303631987,0.013408114710575805
TMS18F1320P0051,0.013859633766725317,0.026965019872929468
TMS18F1364P0022,0.0070895762621359425,0.031489612458649716
TMS18F1335P0001,0.007511416495545644,0.02352943062427695
TMS18F1362P0007,0.005342425506593706,0.003003412386932005
TMS18F1309P0074,0.013167974961845234,1.241580707933947e-4
TMS18F1391P0004,0.02205849000981513,6.619019129295287e-4
TMS18F1314P0042,0.0089332057071642,0.036308685585326884
TMS18F1343P0064,0.11383076413001605,0.03915704605435535
TMS18F1353P0017,0.006735149154834891,0.030690355529082277
TMS18F1348P0051,0.010761689779575643,3.512397584566783e-4
TMS18F1350P0056,0.018808306322781968,0.04162112226691183
TMS18F1330P0009,0.006308591276672044,0.010242946021611838
TMS18F1340P0001,0.0344753868840396,0.01500688098588421
TMS18F1365P0022,2.7367023989264538e-5,0.034040541423272404
TMS18F1336P0014,0.005216794009262292,0.052882259270572135
TMS18F1334P0003,0.008887322391977131,0.0026032530311132836
TMS18F1278P0183,0.10083204416445933,0.06549019546941952
TMS18F1365P0005,0.009855070021506594,0.054479490349080305
TMS18F1338P0013,0.03325603298466384,0.018111480781881423
TMS18F1324P0089,0.03160890674728623,0.013125117314752573
TMS18F1233P0013,0.00860319839494596,0.00778482203600527
TMS18F1295P0023,0.01929656969429435,0.021502822674649764
TMS18F1332P0002,0.014349603374242181,0.00403100621297762
TMS18F1303P0027,0.009307070822477451,0.050779626697477875
TMS18F1349P0064,0.004020304311917033,0.05877907241913569
TMS18F1264P0058,0.0067022533848547575,0.008361096250071287
TMS18F1305P0017,0.00625271681890937,0.06620366793574262
TMS18F1329P0011,0.010592942037530395,0.0020729005895338084
TMS18F1306P0135,0.0031818090833240016,0.0035518989531130537
TMS18F1333P0013,0.012169783606110535,0.004533396416973147
TMS18F1208P0004,0.09872005672485021,0.0027371323030712324
TMS18F1262P0015,0.0015353738622938188,0.006605488780903559
TMS18F1210P0021,5.870172088700606e-4,0.008364448471117183
TMS18F1207P0008,0.008539478288917317,4.438530106916128e-5
TMS18F1165P0018,0.011475600838131303,0.003568537384936305
TMS18F1217P0034,0.0013226925201365548,0.027714311023803888
TMS18F1215P0027,0.03778203420679751,0.0014083202239905874
TMS18F1298P0017,0.01664268543570865,0.012307789703424025
TMS18F1277P0007,0.01756472059099905,0.004122470198348123
TMS18F1302P0018,0.013535860017272335,0.004117653362473314
TMS18F1205P0010,0.01213331333421185,0.0027520315618559305
TMS18F1218P0003,0.08530458862104778,0.011672178332416612
TMS18F1180P0033,0.012892841484452069,0.003157827784449397
TMS18F1189P0008,0.004131938036601345,0.0016581859412404677
TMS18F1311P0007,1.063439355071514e-7,0.00338480629782315
TMS18F1286P0012,0.019467491991772935,0.05546115212478997
TMS18F1286P0006,0.010218747810285127,0.030986698840748745
TMS18F1260P0004,0.017897466729812562,0.00960064379588581
TMS18F1220P0023,0.00873702351888795,4.5215128500172966e-4
TMS18F1278P0009,0.006258951410987044,0.018221746287155602
TMS18F1165P0008,0.007960496379002847,0.039658498248593195
TMS18F1225P0002,0.018012839035958492,0.00966567537724726
TMS18F1217P0026,0.03311046114725512,0.001142516309947161
TMS18F1276P0010,9.270393834878562e-5,0.022722840179981905
TMS18F1305P0019,0.012304269315466038,0.0327078610687203
TMS18F1447P0017,0.014371256363382422,0.05877680713023656
TMS18F1295P0030,0.019092754539715606,0.03214955604014733
TMS18F1209P0015,0.08927065332282777,4.076335286761024e-4
TMS18F1211P0035,0.010601349610290193,3.6456407788023357e-4
TMS18F1205P0015,5.001286223516754e-4,4.898698454009179e-4
TMS18F1272P0026,0.012336833195581352,2.976869619602719e-4
TMS18F1192P0009,0.0032388090647933166,0.002381518059182971
TMS18F1180P0018,0.01372209623389267,0.008850461032663258
TMS18F1399P0033,0.02472413734066093,0.005677145950772244
TMS18F1341P0036,0.05733450272994495,0.005100997662397613
TMS18F1178P0046,0.012373919485204958,0.0015434437662516232
TMS18F1325P0032,0.00921792382973049,0.02933946621421265
TMS18F1221P0059,0.0014781840156084176,0.007769646088851616
TMS18F1305P0130,0.006511235091675855,0.06566205580829405
TMS18F1348P0157,0.08769392601713787,0.005146291571824277
TMS18F1341P0037,0.08778279972402005,0.01528723782423671
TMS18F1186P0030,0.008569697011892578,1.8937119972640154e-4
TMS18F1305P0138,0.00739623962660035,0.03200204865491426
TMS18F1338P0089,0.015306278471425789,0.02590221262489159
TMS18F1355P0081,0.014496005562347937,0.00205682227992315
TMS18F1338P0115,0.10645559354237064,0.029004163891403548
TMS18F1353P0038,0.010666250225259886,5.624023973606329e-4
TMS18F1396P0053,0.009344722826953193,0.011659126337763488
TMS18F1334P0044,0.011288296964826994,0.0012985517703258198
TMS18F1453P0051,0.0024347069145348745,0.006910621938668155
TMS18F1259P0099,0.009232729064706914,0.00965563554532535
TMS18F1302P0059,0.013193431115284761,0.004361637035533525
TMS18F1395P0046,3.520710563526005e-4,0.01456011796714071
TMS18F1344P0156,0.018485252022498268,0.03470457815122011
TMS18F1310P0146,0.006865077884309637,3.499066039460707e-4
TMS18F1344P0153,0.013613270302593888,0.04472723987297891
TMS18F1259P0131,0.009662045752775633,0.021592536192798748
TMS18F1344P0159,0.017283702961693254,0.04041660626331062
TMS18F1447P0077,0.03845190759567122,0.09058454239958763
TMS18F1344P0152,0.0011193799628522573,0.00914244848068568
TMS18F1343P0171,0.021152508186303796,0.007197272651458298
TMS18F1324P0132,0.01740001666062243,0.037462859121933624
TMS18F1309P0062,0.015212911485488267,7.694652271496194e-4
TMS18F1265P0031,0.009397866348104668,0.0012511478075023163
TMS18F1310P0151,0.011707568397243809,2.3260716712334619e-4
TMS18F1349P0142,0.026462487211613227,0.065432238735428
TMS18F1310P0168,0.012157505766298867,0.0021582483392011006
TMS18F1395P0038,0.009565763190426369,0.025474927143158282
TMS18F1343P0189,0.10022450054923843,9.098116846594917e-4
TMS18F1259P0139,0.009180652498949896,0.027010695208776792
TMS18F1312P0033,0.0027387098072554888,0.022257418823222103
TMS18F1345P0043,0.008783113268313594,0.0343544546777953
TMS18F1317P0102,0.011698871339066738,3.916341378874162e-6
TMS18F1341P0030,2.115260605270382e-5,4.768730530145642e-6
TMS18F1296P0042,3.577911029806275e-4,0.02211752729501548
TMS18F1306P0125,7.738344592456783e-4,3.6959816264168425e-4
TMS18F1306P0127,0.014794170971269512,2.2796575090128077e-4
TMS18F1324P0135,0.00272917780435504,0.011391030524052416
TMS18F1341P0027,0.001369408722408054,0.0024278431916930697
TMS18F1345P0056,0.011637366438411994,0.00837157755922986
TMS18F1355P0085,0.016090924277006705,0.028237688616840687
TMS18F1310P0171,0.007564266639569148,6.91725486562196e-4
TMS18F1258P0113,0.01327583879038206,0.025794093032083062
TMS18F1314P0033,0.0027441306894599336,0.016286463338765864
TMS18F1350P0082,0.0032098200082500915,0.08228559910640167
TMS18F1350P0096,0.022878653795221252,0.05213148398511522
TMS18F1263P0103,0.009349624693805594,0.02568211646436217
TMS18F1324P0128,0.019250192235659182,0.02176718752328557
TMS18F1221P0048,0.05338953818414707,0.01766048464301628
TMS18F1353P0023,1.0174573698767889e-4,0.0026053961994872967
TMS18F1317P0119,0.00624394437024395,0.005301211888470196
TMS18F1221P0068,0.002610271999635572,0.0032272717358644847
TMS18F1348P0117,0.012127571498202363,5.595828003883977e-6
TMS18F1348P0097,0.0035162788027804496,0.0043157425677076864
TMS18F1341P0044,0.01424781699308554,0.003048844100486219
TMS18F1399P0036,0.024188470262440993,0.011180236421503426
TMS18F1350P0067,0.0025072609462495213,0.0718490064136846
TMS18F1258P0128,0.012023380154815615,0.013365088168586576
TMS18F1340P0027,0.0015144096671192168,0.012424618506910434
TMS18F1269P0031,0.04334362695744252,0.06054415738651319
TMS18F1395P0058,0.008523933008619434,0.04235190408370571
TMS18F1298P0044,0.007542540339845204,0.027606500946892484
TMS18F1340P0030,0.0045118935816153005,2.3245967931784941e-4
TMS18F1338P0108,0.016487203968965077,0.015471699190823217
TMS18F1310P0156,0.00947956804348097,1.2297854582357374e-5
TMS18F1250P0049,0.04302136620627964,0.006121248925833254
TMS18F1361P0034,0.0013645859930822056,1.5577279606112183e-6
TMS18F1302P0057,0.013435098355183424,4.1669147035669404e-4
TMS18F1314P0029,0.01653015162146478,0.010451280592194558
TMS18F1313P0032,0.007050131668895123,5.350972466871103e-4
TMS18F1163P0040,0.0036520153879888322,9.153820496978585e-4
TMS18F1317P0097,0.0091224642000489,6.679047863821584e-10
TMS18F1352P0035,0.014149228014602151,0.007369308661485849
TMS18F1336P0035,0.00839469331586306,0.012509600681585631
TMS18F1306P0228,0.013213862162946765,0.0013240038113036651
TMS18F1163P0024,0.0018412533822821128,0.009246611394620897
TMS18F1221P0055,0.006950674617489701,0.009232462972696153
TMS18F1308P0138,4.4335621406069755e-4,8.961804423647007e-6
TMS18F1317P0114,0.009287169244034783,0.0023033018379319497
TMS18F1366P0031,0.009598299894257154,0.0028471683527579107
TMS18F1480P0048,0.023418807819438003,0.02385688851817461
TMS18F1338P0087,0.11155452035288006,0.019605158645430734
TMS18F1396P0049,0.010814875678448093,0.003026976156739667
TMS18F1355P0089,0.014395887307696004,0.00469887840138105
TMS18F1359P0023,2.206340400847446e-5,0.0034152509666632263
TMS18F1259P0149,0.002306491354882549,0.011679314123697356
TMS18F1355P0104,0.005512899400734605,0.00580390339843277
TMS18F1395P0053,0.009221456270464471,0.031084242853372232
TMS18F1179P0029,0.007011468640092126,0.0221034678625759
TMS18F1343P0179,0.11440765610800055,0.004490074953476546
TMS18F1481P0075,0.00952960737165945,0.004958950253169727
TMS18F1396P0081,0.011288607075099754,0.004939825866895394
TMS18F1251P0039,8.773657993289852e-4,0.028829995566759376
TMS18F1260P0062,0.019270969963983028,0.013366347193820807
TMS18F1419P0044,0.010191765985228482,0.001454964147199516
TMS18F1395P0042,0.010109710701856702,0.02818853008175044
TMS18F1334P0048,0.013111526694199516,7.797804969168606e-5
TMS18F1177P0038,0.0075123570543378215,0.001408513784822321
TMS18F1343P0151,0.006028136943045781,0.007687280767021444
TMS18F1419P0032,0.012165865931255775,0.003677080799026348
TMS18F1280P0145,3.180504107924309e-5,0.012878173018766398
TMS18F1344P0136,0.1099612864647349,0.062089784272388426
TMS18F1436P0038,2.3157725574669821e-4,0.004030727502740505
TMS18F1310P0138,0.012937007832314888,0.001255234879246608
TMS18F1295P0049,0.020120528974067905,0.02730614129661969
TMS18F1178P0034,0.011581773325771694,0.0012956610416265317
TMS18F1355P0063,0.004486956768629085,0.0030736350466675855
TMS18F1353P0027,5.99863962622299e-5,0.006205583850999322
TMS18F1361P0045,1.0110871749611189e-4,2.6665978643203804e-5
TMS18F1269P0025,0.010349159419153785,0.005043908028308304
TMS18F1352P0047,0.016991448371597873,0.01612560889418761
TMS18F1339P0027,0.0028527161772599592,0.00863558909196232
TMS18F1344P0184,7.792005923887521e-4,0.03698409132112455
TMS18F1478P0055,0.02258051222434295,0.021967594883501713
TMS18F1421P0055,0.007771601823946175,0.005822458365110803
TMS18F1298P0052,0.01332028120304455,0.004113665829160319
TMS18F1350P0086,0.021280888795287254,0.04808310082064565
TMS18F1282P0053,0.013412913818970765,0.011993431414226466
TMS18F1350P0078,0.0041419240829281305,0.03294349774780322
TMS18F1276P0035,0.011944391226546329,0.004917423380300296
TMS18F1258P0119,0.00856302554322552,0.019470793113308717
TMS18F1305P0155,0.00783175817767346,0.005425117948739348
TMS18F1259P0144,0.007719372746625313,0.00101519448611231
TMS18F1217P0013,0.009789710866612324,0.06463080132425988
TMS18F1282P0055,0.004995641987521187,0.04026619575063788
TMS18F1338P0078,0.06503224241330537,0.017629627286833916
TMS18F1328P0035,0.014619396365000648,0.006402762321094036
TMS18F1308P0112,0.009666385739914483,2.082371062111563e-5
TMS18F1348P0139,0.008435548800405314,0.007075719779843917
TMS18F1287P0047,0.009821958695660809,0.026784097441149866
TMS18F1211P0026,0.0036385921497220862,0.007593489207079283
TMS18F1263P0095,0.007621019488602793,0.0036530490825858264
TMS18F1419P0039,0.009366457059295608,1.3040041439680303e-4
TMS18F1340P0045,1.799086640532632e-4,4.348416912049928e-4
TMS18F1343P0084,0.005933555005004638,0.013640025505883712
TMS18F1336P0031,0.009720779220768649,0.010526651092707557
TMS18F1287P0087,0.010315127692965383,0.033813733129832865
TMS18F1178P0025,0.002341550792415566,5.367103063868888e-4
TMS18F1269P0003,0.0015356799127442334,0.0014871880398129418
TMS18F1282P0038,0.06054242115287941,0.016960316068965305
TMS18F1355P0119,0.003359758620388771,0.0197837096909162
TMS18F1344P0171,0.11130044780753098,0.04492153096812033
TMS18F1469P0066,0.011845268851712753,3.619513515384997e-4
TMS18F1250P0033,0.04310236134931563,0.0018120013729096196
TMS18F1257P0027,0.012678209649080618,0.007806629048386193
TMS18F1310P0109,0.014206377767062624,0.00207446698067531
TMS18F1217P0092,0.004264204002093227,1.2804474670299236e-5
TMS18F1396P0067,0.008812041730006602,2.7358962646431085e-4
TMS18F1352P0041,4.004954838011919e-6,0.027250851869237074
TMS18F1334P0034,0.009904789765732133,0.003648617413620378
TMS18F1324P0186,0.02368092488593404,0.01043606772054772
TMS18F1250P0037,0.010976019958330693,6.861066656193745e-5
TMS18F1343P0078,0.017931503092464756,0.003487604541166675
TMS18F1310P0128,0.008794058395473788,3.369071196576224e-7
TMS18F1271P0002,0.07273775977766804,1.7575785900769032e-9
TMS18F1395P0033,0.004113845554232608,6.0412063129719256e-5
TMS18F1276P0049,0.006810946583264776,0.004599259200913539
TMS18F1436P0062,0.0041799307939969265,0.0013067904358278802
TMS18F1353P0026,6.701769301228515e-4,0.0073248111438673335
TMS18F1186P0025,0.010809814054480683,0.009082808153364501
TMS18F1350P0075,0.019514372821604935,0.04017264253716729
TMS18F1353P0033,0.009296027435231008,0.0024795650998634664
TMS18F1250P0048,0.06529961754057852,0.00411611830043336
TMS18F1310P0166,0.005188901671749117,0.012621083554318551
TMS18F1177P0042,0.00942341132091881,9.517426814983051e-5
TMS18F1310P0142,0.011328278326267507,0.004596185972160645
TMS18F1263P0097,0.011246849842060052,0.0030945571607561046
TMS18F1211P0033,0.02615562760209184,0.0033634009506208398
TMS18F1355P0107,0.0034869513052061822,0.015527380969712913
TMS18F1419P0037,0.009574962858796339,1.8147633236572214e-6
TMS18F1270P0042,0.006640616948032212,1.410033599286506e-4
TMS18F1280P0080,0.009511630671953847,2.1451810256976976e-5
TMS18F1287P0045,0.022360222283078775,0.09962662864725598
TMS18F1324P0179,0.011694620328039087,0.037431984337196765
TMS18F1295P0054,0.001806887934488125,0.048280664939468865
TMS18F1263P0098,0.011670592937642638,0.009292206778353044
TMS18F1355P0066,0.015552163191826065,0.00821664550689396
TMS18F1355P0088,0.003649948206044852,0.0028372765797397086
TMS18F1251P0038,0.00835505788176368,0.00267234472545922
TMS18F1481P0073,0.005457206300878207,0.01604142101734982
TMS18F1258P0136,0.008111888866679443,0.01657472307637534
TMS18F1310P0161,0.015090644589603725,0.0021225024108868784
TMS18F1269P0034,0.05876825583343679,0.001122122559672396
TMS18F1280P0152,0.006774386796856009,3.4477360095303596e-4
TMS18F1280P0105,0.012894207504649677,4.6487343977894425e-4
TMS18F1280P0103,0.00864288026151534,0.03498401700915053
TMS18F1421P0050,0.008679776083612057,0.004032336064067212
TMS18F1336P0029,0.015479181459983582,0.015377738409034917
TMS18F1272P0038,0.012720989604902354,2.653834010891288e-4
TMS18F1308P0096,6.340217827962002e-5,1.3070636334082034e-4
TMS18F1280P0092,0.010848097083303213,0.017989159471078632
TMS18F1258P0122,0.008445503369465873,0.015450342271324021
TMS18F1306P0230,0.001668504469814537,3.4561948361899487e-4
TMS18F1359P0027,0.011340376861092304,2.2890720002743462e-4
TMS18F1259P0098,0.009197054948260017,0.023493764240966837
TMS18F1217P0079,0.014015986400515209,0.015580027354954642
TMS18F1276P0027,0.0010825440258915393,0.0022819415579469295
TMS18F1306P0237,0.0069024237920875505,0.0016257960200394277
TMS18F1320P0113,0.01638648960667793,0.0025569980945382297
TMS18F1276P0041,0.014719758952739335,0.003946750846205257
TMS18F1348P0134,0.014779352248495763,0.002169166321667952
TMS18F1361P0038,0.0018408014035276462,0.016401335771603638
TMS18F1175P0039,0.013620991288929308,0.0023045183022057892
TMS18F1276P0028,2.592370019258023e-4,0.0014420824222662954
TMS18F1481P0054,0.009034009246049881,0.001019403695388668
TMS18F1263P0109,0.009315092170962613,0.001422654100045734
TMS18F1276P0042,0.005902886044642531,0.01783599408846183
TMS18F1280P0120,8.646933357397292e-4,0.01805884349290303
TMS18F1306P0121,0.006768862402137442,0.03193902282463011
TMS18F1355P0113,0.010516449637271115,0.009224998605490909
TMS18F1259P0133,0.01700455513035333,6.735525238937394e-4
TMS18F1359P0024,5.30102618004353e-6,0.00488883736640573
TMS18F1353P0037,0.0027577707983257927,0.0027124494521504824
TMS18F1344P0158,0.07519792671343846,0.021499210530308857
TMS18F1395P0050,0.010842541689126602,0.025562767391025937
TMS18F1480P0036,0.02017986202705334,0.02234769482964203
TMS18F1280P0130,0.009423372818058415,0.020519357717688067
TMS18F1305P0100,0.005135566998242017,0.0454113327722823
TMS18F1186P0039,0.009849030823103637,0.002582943323530375
TMS18F1260P0056,0.018222853465279163,0.01665268523571675
TMS18F1258P0088,0.002127716195854526,0.010424763986561931
TMS18F1251P0037,0.0063318527793292485,0.03589308804213197
TMS18F1260P0060,0.021160124424529074,0.01186014744136339
TMS18F1277P0072,0.03505431992734254,0.007152478018206409
TMS18F1421P0059,0.0076042120854194605,0.001732961332438681
TMS18F1251P0048,4.6714685618991887e-4,0.01640693104387669
TMS18F1348P0110,0.0020483273391443714,0.005482996143198067
TMS18F1260P0052,0.020128108839832543,0.014974724208844582
TMS18F1344P0164,0.00521354151274587,0.014320204206288883
TMS18F1472P0039,0.014265429859129262,0.025017602921094128
TMS18F1436P0041,0.0037490467533535916,2.690358000870394e-4
TMS18F1277P0066,0.013600311180400408,7.883640221636217e-4
TMS18F1320P0109,4.8368227202487e-4,0.010334584586011535
TMS18F1231P0024,0.010679911210897305,0.002149088696658649
TMS18F1264P0109,0.01971241932459196,0.012551321321862948
TMS18F1306P0277,0.005907012611472137,7.431153110460322e-5
TMS18F1308P0122,0.003595599992378514,0.0013776269964567863
TMS18F1306P0272,0.0033613764107999766,2.343017101826369e-6
TMS18F1324P0199,0.024720317069517977,0.011054640089996182
TMS18F1238P0063,0.01030825120158208,1.1020982143437595e-4
TMS18F1306P0285,0.0067810288441020085,0.009389346211001513
TMS18F1177P0064,0.007482466037918684,0.005727678378968968
TMS18F1177P0049,0.008415586059645938,0.004000550398419752
TMS18F1481P0043,0.00811348510332977,0.009697992365654662
TMS18F1480P0033,0.021017976621935802,0.010469469424191998
TMS18F1324P0169,3.965208056669627e-5,0.02135631184456682
TMS18F1344P0150,0.015194091450094632,0.03270434785985254
TMS18F1258P0124,0.009069492360124736,0.017873057558239175
TMS18F1258P0084,0.0067363356464909575,0.021394406895358733
TMS18F1317P0093,0.007365522702893626,0.005657276055542161
TMS18F1186P0035,0.007114306464011121,1.5904958676950636e-4
TMS18F1332P0034,0.0015800871177439847,0.04615504174607649
TMS18F1313P0038,0.008370107933859238,8.348963755341456e-4
TMS18F1259P0083,0.009207857833916313,0.05787229170635755
TMS18F1317P0086,0.013026901032815676,0.0021944695388461523
TMS18F1352P0132,0.06333424203028405,0.005765784939438188
TMS18F1305P0166,0.015775192178551032,0.05499369053438636
TMS18F1324P0142,0.016879498647818274,0.02155952556295858
TMS18F1280P0071,0.01250452735979926,0.02237524751102382
TMS18F1306P0289,0.0061044580304013725,0.0015968659171523402
TMS18F1260P0071,0.017818361665233446,0.016247519993730735
TMS18F1276P0040,0.006945180066723088,8.2870581693123e-6
TMS18F1480P0059,0.021587389929188024,0.010458244923016358
TMS18F1259P0115,0.010200076081057193,0.0027349396926029446
TMS18F1348P0108,0.008199712101851957,9.290399115425064e-4
TMS18F1227P0058,0.004992118030549529,0.017430359356043767
TMS18F1236P0002,0.01187200344944972,0.0029582571322259756
TMS18F1173P0009,0.009840302655922922,0.00868623204808816
TMS18F1168P0005,0.026676717595023193,0.01722073733636619
TMS18F1175P0013,0.007790764176530974,0.01069513789422451
TMS18F1194P0007,0.00306576814666151,0.003802337569327752
TMS18F1217P0061,0.012581504515554575,6.844732691989276e-4
TMS18F1210P0008,4.899611356147043e-4,0.025084592508950527
TMS18F1216P0006,0.03865043464927967,7.444773168718893e-4
TMS18F1199P0003,0.011184776333222032,0.0027938415081830694
TMS18F1192P0021,0.01004517794543144,0.002848713578599609
TMS18F1163P0020,0.010434846742098302,0.003280815423202166
TMS18F1217P0043,0.003172957782162255,0.0030043103265656144
TMS18F1188P0020,0.10057368473640856,0.0041539717858892315
TMS18F1211P0006,0.10624580593002196,4.7472352452839265e-4
TMS18F1167P0018,0.09007104955544327,7.015493619719266e-5
TMS18F1184P0024,3.126851800645674e-4,0.0018182106958037018
TMS18F1214P0016,0.049124496628176764,0.009084207015628426
TMS18F1200P0002,5.875903159083856e-4,0.001921747693330202
TMS18F1345P0074,0.006762255883983357,0.057674741268005106
TMS18F1196P0019,0.0230655818571352,0.021632809368978382
TMS18F1167P0007,0.007442447094784278,0.03744345177588348
TMS18F1203P0014,0.017147111379759855,0.018232035010344275
TMS18F1170P0010,0.02824571586309292,0.0036401486507006407
TMS18F1220P0006,0.007554974058626502,0.0012032032258100195
TMS18F1264P0016,1.9383839436984747e-5,0.023835113976349288
TMS18F1164P0014,0.013217289301703423,0.002619412303954632
TMS18F1177P0008,0.010355668752432596,4.763863549687284e-5
TMS18F1213P0002,0.003903877749782911,0.0013966135456794238
TMS18F1166P0012,0.002381527542476549,0.0013193170494524076
TMS18F1204P0026,4.42618527101762e-4,0.02058468153157948
TMS18F1223P0022,0.017428712046377574,0.03143511667941869
TMS18F1217P0002,0.017653892188009345,1.2044615648116053e-4
TMS18F1217P0039,0.01559844756947246,0.010973266791352302
TMS18F1217P0047,0.01873416309844675,0.013850737562553703
TMS18F1165P0011,0.0022856818085183945,0.001473798915888939
TMS18F1211P0017,0.020575049353299516,0.001546245534520643
TMS18F1186P0019,0.01084537963267593,0.0045869343818189445
TMS18F1177P0024,0.008737450396010859,0.0021239057086205786
TMS18F1209P0011,0.05945598613135157,0.019555196410816936
TMS18F1201P0005,0.0264295107422799,0.004461630005660358
TMS18F1171P0030,0.007471203303474581,0.03598397584745494
TMS18F1216P0001,6.960565281348799e-4,4.2583691167301304e-4
TMS18F1209P0002,0.03404329449450218,0.004553756358270658
TMS18F1211P0005,0.023627145698412656,0.017312027700360298
TMS18F1348P0104,0.011218758176526558,1.0411586589344419e-4
TMS18F1296P0045,4.488498624855781e-4,6.028849561868314e-4
TMS18F1164P0016,0.09325651199318827,0.005163491207841636
TMS18F1170P0012,0.031974955151420716,0.011818138295088432
TMS18F1174P0015,0.10593937289482375,0.001954896560962692
TMS18F1207P0010,0.07928554605536188,0.010608557878061258
TMS18F1170P0011,0.0051105056450210795,0.01727915007785903
TMS18F1217P0033,0.011960044926384559,0.0030474938662813024
TMS18F1191P0013,0.0030099084968789954,7.652926803173597e-4
TMS18F1167P0020,0.0634795368529302,0.009099755261419065
TMS18F1207P0014,0.06259585349329545,5.535167659263831e-4
TMS18F1213P0005,0.006839671586608722,0.00757946342796684
TMS18F1189P0021,0.10092436073022722,8.690771191041058e-4
TMS18F1258P0070,0.0010502820338019378,0.028345063559426453
TMS18F1263P0059,0.014850846469546819,0.0012781514133741942
TMS18F1294P0005,0.002227194256770643,0.0313460704531354
TMS18F1280P0097,0.010817958913271352,0.03786487504670916
TMS18F1297P0008,0.005871001633757395,0.004468869216347102
TMS18F1292P0008,0.01805730940296676,0.029153243237228774
TMS18F1273P0019,0.018569430985075255,0.0016284669975796056
TMS18F1264P0060,0.003840572388705191,0.001736732460012533
TMS18F1279P0006,0.015326874623840608,0.019714399610493497
TMS18F1278P0080,0.03963709482024616,0.037954583925231725
TMS18F1289P0004,4.241567787016606e-4,0.03521620288403076
TMS18F1272P0001,0.00678424820370491,0.015054888492636292
TMS18F1288P0003,1.694552257597053e-5,0.0013009878920042751
TMS18F1287P0017,7.445028250807247e-4,0.024721491684092833
TMS18F1263P0040,0.006859775564969106,0.01509933233778015
TMS18F1293P0011,0.002018662677553705,3.513306328539419e-4
TMS18F1260P0009,0.018153548608465846,0.014477035683574484
TMS18F1267P0012,0.006241229610997631,0.03611750686977547
TMS18F1207P0034,0.01861488491433184,0.0016037514378913443
TMS18F1258P0078,0.007268286796408558,0.017563173127882484
TMS18F1288P0006,0.010892130930342931,0.003179334160977818
TMS18F1276P0008,1.7975712513599586e-4,5.984333188515812e-6
TMS18F1278P0077,0.006029390477045569,0.0028978779678414776
TMS18F1280P0031,5.425731869377009e-4,0.003920064029193119
TMS18F1279P0001,0.001750962572289021,0.04939755024665847
TMS18F1296P0035,0.012065223508458347,0.017748235886467487
TMS18F1298P0008,0.012098686877084291,0.010616836561535368
TMS18F1275P0004,0.00909934996383934,0.008141914340688753
TMS18F1286P0003,0.009517037024840934,0.05830965823008755
TMS18F1263P0036,0.013483685277734307,0.002256021750653538
TMS18F1263P0023,0.008025697150919522,0.0015130848030341633
TMS18F1297P0006,0.010678243584974725,0.03630328413272793
TMS18F1284P0014,0.007251868138533683,0.010756845823091858
TMS18F1262P0017,0.006676097374623146,0.0011516702629576474
TMS18F1295P0024,0.0022329146989767653,0.03468267889924466
TMS18F1296P0020,0.015381939119521465,0.004726096309950229
TMS18F1307P0042,0.01703950874972192,0.0012179240965309694
TMS18F1348P0102,0.015237277272356037,8.241101555895346e-4
TMS18F1280P0058,0.010936493334799248,0.01845641193235107
TMS18F1289P0010,0.03852351424453151,0.036538608530851197
TMS18F1263P0064,0.009892652009956445,0.013084334851727726
TMS18F1266P0005,0.02833037405837235,0.03406440355855971
TMS18F1280P0032,0.005853586376653111,0.013322189127196604
TMS18F1264P0028,0.001677000606656684,8.27105865685369e-4
TMS18F1278P0037,2.682768231876027e-4,0.015087604180834392
TMS18F1298P0010,0.01595293169769759,0.015369229643252049
TMS18F1288P0032,0.001251255116814088,0.006913960323646807
TMS18F1289P0012,0.006713671246216231,0.03586696432244641
TMS18F1288P0031,3.6855359658811987e-4,2.607177340285936e-4
TMS18F1288P0021,0.00444153859935416,0.03378999947127168
TMS18F1296P0018,0.017393830854023715,0.016517767264197198
TMS18F1263P0047,0.01034642418531952,0.004234737201530219
TMS18F1296P0027,0.015088862390160157,0.006350821782816037
TMS18F1285P0003,0.005693488986821993,0.004848579657689762
TMS18F1281P0009,0.0016290992744601134,7.095355346314263e-4
TMS18F1287P0003,0.00710526483613807,0.01851379615643841
TMS18F1297P0009,9.834414744298726e-4,0.024914357645101273
TMS18F1270P0012,0.008228600703701149,0.00816773972469266
TMS18F1294P0011,0.0025278997775432794,0.04293975631077702
TMS18F1290P0024,8.678764765094244e-4,0.004726251155023744
TMS18F1279P0008,0.006168755370160694,0.05515473873707871
TMS18F1273P0011,0.033939120794729945,0.001494079775237687
TMS18F1296P0002,0.01507095166831053,0.02383092808711492
TMS18F1296P0019,0.007262579503344231,0.010624176551847301
TMS18F1289P0016,3.205677635097532e-4,0.013213477114044626
TMS18F1297P0005,0.007612005857444063,0.066804071322176
TMS18F1275P0015,4.683688092945611e-4,0.015601618138667997
TMS18F1260P0023,0.010424822357350306,0.004026926388119076
TMS18F1287P0005,0.01277769504926148,0.04220757394915013
TMS18F1289P0007,0.03639091707685622,0.03887113182924233
TMS18F1303P0010,0.021918545932473662,0.005821965194311438
TMS18F1262P0003,0.013028926468654908,3.078180876114425e-4
TMS18F1286P0001,0.00934880831431233,0.031710275610376246
TMS18F1259P0022,0.009536021133165417,0.014730987429177776
TMS18F1264P0069,0.01329849341515822,6.672398668370405e-4
TMS18F1295P0022,0.02244058917945344,0.02535907064488524
TMS18F1259P0069,0.01267207285973385,0.011079809317565255
TMS18F1261P0015,0.0012523916538100378,0.009868796468877271
TMS18F1289P0024,0.015435185039762418,0.0015877314829883843
TMS18F1298P0005,0.009132391353702765,0.004521086558882497
TMS18F1278P0024,0.008764478899130223,0.031188459275326593
TMS18F1263P0015,0.01194482247478137,0.008618802235124868
TMS18F1278P0032,3.441758977714361e-4,0.05836668860283288
TMS18F1298P0026,0.00589282471022913,0.023782605699373727
TMS18F1342P0016,0.01887229690945937,0.024036104867043596
TMS18F1298P0024,0.015491468434629606,0.015779035951051835
TMS18F1300P0017,0.0078038330837083645,0.016280715366136376
TMS18F1302P0010,0.012569682655219459,0.005678427957692108
TMS18F1363P0007,1.0234974787074155e-5,0.026861956243678535
TMS18F1307P0063,0.017774677089228474,1.1000101687043417e-4
TMS18F1306P0069,0.010023689340200915,0.001622689685116383
TMS18F1306P0042,8.10358011772331e-5,9.598462390914023e-5
TMS18F1453P0023,0.00688217707378605,0.0011523413050092348
TMS18F1395P0029,0.010618693408617812,0.014189438235363418
TMS18F1298P0027,0.006376012253935501,0.012736224591356756
TMS18F1390P0006,0.017523574659769895,7.737242658372203e-5
TMS18F1335P0019,0.010070628262537244,0.0025103013683613895
TMS18F1349P0101,0.04256711883289007,0.10243074213148307
TMS18F1308P0066,0.009482330285135655,0.002071032010517323
TMS18F1319P0112,0.007093294824728414,0.038203202511898765
TMS18F1302P0028,0.012624250652696112,0.0046205568236608015
TMS18F1415P0046,0.017814542582343728,8.414436606952379e-5
TMS18F1306P0077,0.05160855689398564,0.02803255678372135
TMS18F1324P0005,0.003297069041839703,0.01241033847371653
TMS18F1451P0013,0.011843292589932237,0.009742386352879905
TMS18F1365P0001,0.009915968033739791,0.0035229408530036413
TMS18F1306P0079,0.007451378079014433,0.0019098881485246665
TMS18F1307P0059,0.016792337531700136,0.003978194322768112
TMS18F1299P0012,0.005406796704252392,0.05116105635024131
TMS18F1305P0084,0.012704616463006572,0.024761408822392535
TMS18F1349P0106,0.10081654018309398,0.0659898378757595
TMS18F1307P0038,0.01627214923235177,2.0648456360811582e-4
TMS18F1307P0014,0.016703303966391844,9.141664235336152e-5
TMS18F1319P0168,0.01630246503656273,0.013795395533681455
TMS18F1299P0027,0.004530526471623691,0.056397106249763275
TMS18F1453P0030,0.01099649815383675,0.0020748439775512702
TMS18F1483P0001,4.7002209060012e-4,0.050553044360286514
TMS18F1396P0001,0.009175605418464077,7.051118361859911e-4
TMS18F1453P0026,0.009063847024816617,0.013673701725083922
TMS18F1451P0015,0.013607432651843226,0.024190074174693738
TMS18F1482P0013,0.003634652718604998,0.010432721737202864
TMS18F1301P0028,0.04186088883557976,0.01516075737973273
TMS18F1369P0016,0.01301407968470409,3.687694437270082e-4
TMS18F1421P0040,0.008935782837246858,0.0010669304169715584
TMS18F1354P0022,0.004242725548134466,0.002997981830179992
TMS18F1364P0007,0.025833879697930377,0.07323468548690244
TMS18F1336P0006,0.01160980709397801,0.0017237501424232431
TMS18F1324P0099,0.10745162123397681,0.05912645012513797
TMS18F1298P0013,0.012370772426897533,0.010254403469339307
TMS18F1395P0014,0.0079375085492644,0.008452532908274746
TMS18F1367P0011,0.007931938444617424,1.8852999769797588e-4
TMS18F1300P0009,0.007873019335111158,0.005202955725308382
TMS18F1291P0042,0.00754059797917989,0.010258376232398107
TMS18F1344P0024,0.013507569773368958,1.625181608102714e-5
TMS18F1336P0004,0.004350619619585417,0.049870198468000226
TMS18F1338P0006,6.984068521441077e-4,0.02372196470095833
TMS18F1265P0029,0.006760618615533133,0.01027778830890017
TMS18F1342P0005,0.006168059367793826,2.709538981453317e-4
TMS18F1396P0007,0.009606305765738203,4.717402673497203e-4
TMS18F1280P0153,8.705985934502694e-4,0.02414062537469021
TMS18F1484P0032,0.011185682607874472,0.02564402681774988
TMS18F1299P0007,0.0048749769198917535,0.04260418631719296
TMS18F1484P0004,0.013304685909801495,0.002544943719598951
TMS18F1355P0002,0.003649769837036183,0.029833606648634572
TMS18F1330P0003,0.004404916859602881,0.028974861524567932
TMS18F1300P0015,0.0106622436663852,0.0013409239725884518
TMS18F1308P0073,0.011995141163609882,2.980116151220611e-6
TMS18F1306P0055,0.009526834694109948,0.018004814772256825
TMS18F1372P0020,0.013984313718952984,0.0030218970479910464
TMS18F1385P0002,0.0023858964735090447,0.009591953353483859
TMS18F1318P0002,0.004317090612272757,0.010287114581584093
TMS18F1339P0034,0.0063874219833123065,0.02600082625795444
TMS18F1301P0001,0.006412178399888956,0.006952980424141968
TMS18F1278P0181,0.01400027714367674,0.04549711512752081
TMS18F1439P0020,0.012808560447059036,0.013346673605727105
TMS18F1308P0070,0.0084121935732565,0.009119958567502941
TMS18F1333P0002,0.008915295505737516,0.015194040232753746
TMS18F1319P0031,0.07806181560384332,0.051346678143899226
TMS18F1324P0040,0.10211661027963019,0.03321978334052542
TMS18F1327P0002,0.006563678038508817,0.011656131885698555
TMS18F1323P0058,0.08539252280401202,0.0017698408172503292
TMS18F1278P0136,0.10017526491020651,0.0831434249754114
TMS18F1340P0010,9.931157003191967e-4,6.939903321419115e-4
TMS18F1323P0016,0.0022044328354746214,0.021666271365008972
TMS18F1484P0009,0.011029047129691561,8.123511425455511e-5
TMS18F1367P0034,0.003987425206325099,0.017011476498760364
TMS18F1343P0052,0.003650118930973543,0.01667170149076988
TMS18F1324P0076,7.816494390407975e-4,0.026625095368454112
TMS18F1339P0001,0.014173242667194727,0.0013124279126337168
TMS18F1344P0107,5.649261576637563e-5,0.004514979957675907
TMS18F1344P0021,6.722073549459444e-5,0.00293122887411334
TMS18F1343P0044,0.003820000522960956,0.0025852647488821003
TMS18F1424P0005,0.0048759605897726235,0.05199564545136099
TMS18F1311P0022,0.008625341903848525,0.005773145249860908
TMS18F1366P0017,0.02089183276159551,0.0025875141465272556
TMS18F1375P0016,0.014604368380210776,4.956273939638302e-4
TMS18F1318P0021,0.1032886855086228,3.3764301627741767e-4
TMS18F1343P0001,0.001483579604678985,0.007780274617810208
TMS18F1484P0024,0.009269180958130858,0.0049492550364364524
TMS18F1352P0012,0.014012987907170706,0.014961127792761836
TMS18F1324P0104,0.020958023978309908,0.034976467110196176
TMS18F1327P0021,0.012891580184586441,0.003932288788357605
TMS18F1420P0006,0.014190922978241685,0.011341266817845959
TMS18F1387P0006,0.01651939198177371,5.281637039378088e-4
TMS18F1344P0103,0.010016158722956829,0.02496345653271071
TMS18F1320P0028,0.003727568523558357,0.03295821687748554
TMS18F1263P0056,0.007658717428396661,6.192851081740395e-5
TMS18F1379P0019,0.01664290005792219,0.028014972186700463
TMS18F1318P0014,0.005638075492219856,0.013066637375681539
TMS18F1415P0045,0.014334503172487533,0.0034901406549821875
TMS18F1278P0128,3.212659291756159e-4,0.0226023330907507
TMS18F1328P0016,0.01636946838907718,0.008157427493296607
TMS18F1328P0034,0.014901412486040865,0.013250186312151132
TMS18F1397P0042,0.01878088723554483,0.0050208783579050054
TMS18F1317P0033,0.005709075111557473,0.007893655454985543
TMS18F1328P0020,0.005324816095411713,1.8704098034821802e-4
TMS18F1451P0025,0.0014724511552550617,0.009703986705284788
TMS18F1331P0008,0.006982437406864061,0.014944080169909977
TMS18F1278P0168,0.10499746223072078,0.07712062389388757
TMS18F1348P0029,0.013234729608307185,0.0011663198719435506
TMS18F1484P0002,1.9199099291437714e-4,0.006860232783945976
TMS18F1349P0115,0.009544428679044974,0.05456383440559095
TMS18F1356P0018,0.012650364616721721,0.004362600376071651
TMS18F1265P0026,0.016676178711350274,0.0075538464559590625
TMS18F1319P0034,0.02001360467724548,0.025092404013108194
TMS18F1368P0014,0.061700739948339835,0.005633903387193314
TMS18F1420P0005,0.05598949502002697,8.568928988749969e-4
TMS18F1318P0033,0.007611713492943136,0.0025537489040229427
TMS18F1337P0012,0.0090356106223576,0.004618193815211435
TMS18F1388P0011,0.013519374348272734,0.03120395165511347
TMS18F1349P0143,0.01033921830408359,0.06029512852449577
TMS18F1348P0075,0.08946144216676157,0.002300575941159732
TMS18F1330P0017,0.01891615830790913,0.005048956266260555
TMS18F1348P0056,0.016201257050581366,0.008292510667036231
TMS18F1323P0012,0.02090042429575005,0.00901709399169966
TMS18F1362P0003,0.09103369295868959,0.019697477008011794
TMS18F1328P0018,0.014971221173395305,0.022673710332609794
TMS18F1373P0026,0.015770689383229754,0.0019637644929956346
TMS18F1363P0002,0.011175217163283223,0.0026171129275830225
TMS18F1350P0057,0.018371249480302575,0.02258107851964279
TMS18F1343P0054,0.01684676599845636,0.026205123782178236
TMS18F1352P0026,0.014841031550580223,0.0043916573422751685
TMS18F1319P0043,0.004737636273721722,0.015613828878730019
TMS18F1348P0050,0.008933732797618117,0.002180262071148001
TMS18F1391P0008,0.021227361967687097,1.2033179413329779e-4
TMS18F1329P0002,0.016670270535127905,0.0075562056438079036
TMS18F1338P0008,2.594203910879775e-5,0.02154234070120575
TMS18F1379P0008,0.014697331727300427,0.009703250410964596
TMS18F1342P0015,0.02221382559250761,0.0036155277891751236
TMS18F1355P0018,0.01414946731419792,5.229091345170857e-4
TMS18F1309P0057,3.8246546536696525e-4,5.979424128636806e-4
TMS18F1359P0015,0.009186936830914327,0.0044908806490181336
TMS18F1453P0025,2.5156034419217813e-4,0.004907769552300103
TMS18F1390P0010,4.0624494975519586e-5,0.022626233058389365
TMS18F1307P0077,0.014142438890879598,0.0014129732851390433
TMS18F1380P0027,0.002334339156138354,0.02162991547950636
TMS18F1389P0003,0.005294622454058327,0.001200964581703125
TMS18F1336P0001,0.008256150026462716,0.009819924620843534
TMS18F1331P0005,0.009784007993165773,0.0032343111085802265
TMS18F1482P0002,0.015260543386226203,0.0014501320033639205
TMS18F1329P0004,0.002910694178251603,0.0022676055248835787
TMS18F1384P0022,0.0034821955109754377,2.6392121175837415e-4
TMS18F1389P0036,0.013195027385327003,0.018346017092418895
TMS18F1389P0028,0.013624174030259145,0.030770453944260603
TMS18F1317P0041,0.008686194855725303,7.976925499365929e-4
TMS18F1367P0001,0.009159196558654778,0.01526708640743409
TMS18F1319P0028,0.018164758821113066,0.014284462273876529
TMS18F1390P0023,0.016896934435313832,0.01719151972987534
TMS18F1320P0055,0.006895184541159259,0.02067543470055969
TMS18F1343P0029,0.01757671260459334,0.023954319640637763
TMS18F1395P0006,0.011230151224939542,0.030667640541867665
TMS18F1353P0019,0.013636092800871982,0.0017249062498056985
TMS18F1265P0033,0.012245658111254705,0.03712726715403459
TMS18F1451P0005,0.010661808422881612,0.031976506716519665
TMS18F1481P0029,0.011958176594165204,1.7886949788825185e-4
TMS18F1384P0025,0.00445485554992821,0.0278369608234515
TMS18F1457P0009,0.023639534421111833,0.028523964861145574
TMS18F1453P0017,0.002106940893408631,1.524810788978758e-4
TMS18F1278P0152,0.012888768560382435,0.047176077671269745
TMS18F1323P0056,0.01194912260505311,0.010587256368760421
TMS18F1278P0095,0.09904106024974187,0.07367785079135328
TMS18F1483P0010,0.022058454155350102,0.0341299154671685
TMS18F1384P0023,0.01626664452092809,0.003748253178395729
TMS18F1291P0045,0.008397507119527775,0.03291048211394334
TMS18F1484P0035,0.010678149891974898,7.581456316767194e-4
TMS18F1309P0070,8.108063603270941e-4,0.0011244677947654894
TMS18F1457P0012,0.024435631908286983,0.024452165839852488
TMS18F1309P0042,0.014291360303311448,5.521916251572964e-4
TMS18F1453P0007,0.007046036919538282,3.749216947345881e-4
TMS18F1386P0018,0.02491517203952547,0.012312479489759973
TMS18F1466P0006,0.0056493617954736595,0.010372558347853094
TMS18F1391P0002,0.007387958418674381,9.348757504622249e-4
TMS18F1349P0005,0.10179718662121622,0.061725051740358305
TMS18F1358P0001,0.008787218696910914,0.0031925175552127336
TMS18F1309P0034,0.012792061925921723,8.726265247378399e-4
TMS18F1453P0027,0.010269000476799022,0.0038771809699902167
TMS18F1421P0022,0.00880954829344078,0.0019426512268256345
TMS18F1309P0015,0.008913654633385506,7.643680224739007e-4
TMS18F1391P0001,0.022156744741274124,1.6504176965194758e-4
TMS18F1309P0048,7.584560661444644e-4,2.3553069266362133e-6
TMS18F1325P0008,0.01157714439968959,0.02437787151384352
TMS18F1366P0001,0.020492367912595386,2.1443528406035438e-4
TMS18F1318P0010,3.105660580166336e-4,2.139157031875141e-5
TMS18F1482P0008,0.016877841994124294,5.436368097359118e-4
TMS18F1485P0015,0.005562032625023316,0.02128533902903447
TMS18F1396P0014,0.008762300586751025,0.02066509450611654
TMS18F1323P0029,0.022186055947859332,0.0014669608753181632
TMS18F1330P0007,0.016174746483986355,0.002351331749120978
TMS18F1320P0110,0.005201692522858386,0.04511655752832299
TMS18F1481P0027,0.005168862541261322,1.045457208190266e-4
TMS18F1317P0044,0.012885457296388377,0.008222034617770527
TMS18F1339P0024,6.865879831099773e-4,0.0025787658389756414
TMS18F1308P0029,0.004630954342510299,0.0012536557488039676
TMS18F1291P0035,0.01823786311104466,0.01489027940723469
TMS18F1319P0094,0.017735180875346826,0.029140261589155968
TMS18F1373P0040,0.016188981237146686,1.8162783856274593e-6
TMS18F1264P0063,0.0023781614033110666,0.01970954608288872
TMS18F1356P0022,0.049382252135960786,0.027149707168250596
TMS18F1310P0081,0.011663570330082756,0.0012352986137377966
TMS18F1483P0005,8.295141345689019e-4,0.046914118796790305
TMS18F1481P0016,0.006057260194146102,3.8099283439046387e-4
TMS18F1453P0002,0.01564848060069625,0.0168947926045035
TMS18F1344P0044,0.01617656969597217,0.00922361475060765
TMS18F1319P0018,0.018532306971905863,0.008727384262074108
TMS18F1278P0084,0.006258647177433798,0.005267655568131393
TMS18F1372P0017,0.016666657476002572,0.007493650718336219
TMS18F1480P0010,4.3136288422496806e-4,0.019009108445171296
TMS18F1318P0023,0.09660871988375455,0.0018680803241324661
TMS18F1389P0016,0.014421776187417705,0.011052822931726632
TMS18F1361P0023,7.410401289578392e-4,0.005212441396872735
TMS18F1335P0008,0.011685927798825742,0.015772913692417755
TMS18F1355P0001,0.004952282215802509,2.620308511830434e-4
TMS18F1483P0002,0.013679479419977231,0.0015890441040950576
TMS18F1451P0026,0.008690225708151332,0.006862875278563719
TMS18F1381P0002,3.664842338631494e-5,1.6108117950635817e-4
TMS18F1319P0124,2.575703032613379e-4,0.030593187952178417
TMS18F1323P0046,0.023968292303567944,0.01499996552431584
TMS18F1373P0003,0.015163121185168427,3.7632306345415473e-6
TMS18F1334P0024,0.0010837578162780927,0.003151378262082195
TMS18F1337P0007,0.012641873609414973,0.006427276796629045
TMS18F1361P0004,0.01655203817782859,0.0014370678796721602
TMS18F1354P0030,0.006161054260301908,0.0030784744227571686
TMS18F1397P0036,0.01774326744911535,0.0050719286837347145
TMS18F1324P0101,0.0178214929176355,0.045407439238442225
TMS18F1383P0023,0.013371333978542461,0.054830283772709515
TMS18F1381P0004,2.0231036940109953e-4,0.0012004842534947386
TMS18F1354P0010,0.0064429037362754805,6.341555226371549e-4
TMS18F1352P0004,0.0053554926591052945,0.018192392267262537
TMS18F1320P0018,0.005559985823951391,0.040522776799705874
TMS18F1358P0003,0.015472326045279977,0.004680141201342614
TMS18F1349P0137,0.0038623839114454907,0.05585104197540463
TMS18F1344P0110,0.01887955327234903,0.029666349452138523
TMS18F1373P0019,0.011276174364033375,0.0026189394535325503
TMS18F1354P0025,0.013980381003629796,0.006935706320743677
TMS18F1345P0019,0.01566795417583701,0.033064458215484996
TMS18F1324P0007,0.014898629005538927,0.03136153772061059
TMS18F1344P0004,0.019587358672304635,0.02704863750366398
TMS18F1453P0004,0.011124398223851303,5.282808000197699e-4
TMS18F1379P0021,0.018274606951700058,0.022638268400172586
TMS18F1338P0012,0.08631025382181522,0.05199570907163483
TMS18F1426P0024,0.01063581249036129,0.032365620229516445
TMS18F1380P0018,8.385815697066227e-5,0.037134224266233036
TMS18F1343P0037,0.011845091640079191,0.03981645075249591
TMS18F1373P0018,0.007142465434037905,3.766560392891159e-6
TMS18F1309P0049,0.008859745081984798,0.0014449247329507218
TMS18F1364P0029,4.139807475110803e-4,0.05176845806850364
TMS18F1349P0132,7.878819479039295e-4,0.07605143936929995
TMS18F1319P0114,3.790068487089068e-6,0.00764250208876075
TMS18F1319P0024,0.0172867696867334,0.05162180619787338
TMS18F1325P0001,0.0015300120078503084,0.010165540783661123
TMS18F1320P0084,0.005330249637294083,0.036952749017184636
TMS18F1372P0010,0.005530116005174437,0.009403676836707668
TMS18F1480P0007,0.019906071905258275,0.008982794610846185
TMS18F1357P0020,0.012096475771467372,0.0015397542795612075
TMS18F1424P0026,0.0028299711793304833,0.028000589087208618
TMS18F1457P0002,0.02303956793750476,0.022730753904883074
TMS18F1339P0021,0.012828832593697923,0.0018422852090608025
TMS18F1484P0008,0.010574537185642564,0.003698441959648794
TMS18F1389P0027,0.006880907152642897,0.0014685869263729983
TMS18F1340P0018,0.03655486595856682,0.003495465968795869
TMS18F1451P0002,0.016094716525548745,0.03649900488834515
TMS18F1390P0037,1.2590208002469368e-6,0.012038719762758852
TMS18F1376P0012,0.011477065935557347,0.0025430492809396447
TMS18F1367P0025,0.01497342703973159,0.017417004872406824
TMS18F1453P0014,0.011881349920553157,5.335582287077033e-7
TMS18F1350P0033,0.02183789404725477,7.230751490853014e-5
TMS18F1324P0078,0.02279817257167163,0.02636721952006483
TMS18F1309P0039,1.6711835274782678e-4,0.01098036084572136
TMS18F1319P0113,0.004368410462988126,0.010178722802416554
TMS18F1372P0019,0.006347949520991757,0.003465657033103319
TMS18F1352P0015,0.004928090676753146,0.017359182765285478
TMS18F1331P0022,0.008697263850272023,0.006801464085131788
TMS18F1323P0018,0.020289771506206884,0.012330901675004207
TMS18F1374P0007,0.011410885093454066,2.944472891693089e-4
TMS18F1344P0113,0.06156588508216403,0.03175649095093817
TMS18F1309P0059,0.013910137635705895,1.4600013296000704e-4
TMS18F1319P0004,0.040376087037290634,0.05071609179052136
TMS18F1337P0033,0.017014450947480938,0.008736605964937257
TMS18F1345P0005,0.008196636320808167,0.016548042480133404
TMS18F1323P0042,0.11861948263845828,0.002815823104408955
TMS18F1397P0031,0.01619240912343404,0.0037936549157464605
TMS18F1451P0009,0.015579251329049299,0.025179525796541497
TMS18F1395P0030,0.011045694569222962,0.023517725440652892
TMS18F1335P0014,0.015106158304451032,0.020104844729834197
TMS18F1480P0020,0.0012195072817643951,0.0441565743629143
TMS18F1378P0019,0.0013709659750221056,1.8369213971378078e-5
TMS18F1378P0012,0.021227044046418977,4.1069963578593236e-4
TMS18F1424P0001,0.006048080711331695,0.022524094252732146
TMS18F1421P0020,0.00837304401489797,0.002375136587269166
TMS18F1484P0012,0.01329576669171116,0.006942871128412225
TMS18F1378P0033,0.02099305740562803,0.0015493014646939176
TMS18F1372P0005,0.012509415221307957,0.005596767107444986
TMS18F1409P0002,0.014545059672092775,0.04823385009463422
TMS18F1395P0031,0.010868377734232465,0.021678262144619227
TMS18F1345P0030,0.013832639547591978,0.022510943457765668
TMS18F1318P0027,0.05847323301956684,0.005961077500153472
TMS18F1357P0004,0.002605921953167982,9.159616563008291e-4
TMS18F1484P0019,0.010340310975614695,0.056786405757789794
TMS18F1309P0044,8.184992487195083e-4,0.003627419463176578
TMS18F1336P0021,0.006861691884895167,0.006288606068759101
TMS18F1366P0002,0.003334962136720584,4.4885216415211065e-4
TMS18F1324P0016,0.0017394405485943302,0.005015363622423028
TMS18F1278P0175,0.041371212266281,0.05382956025883854
TMS18F1350P0019,0.003774615964243686,0.06028037648047779
TMS18F1291P0028,0.01718676042140453,0.024993605880757393
TMS18F1391P0023,0.02322083599844251,0.03759884715194581
TMS18F1322P0016,7.95631504423887e-4,0.0027665392301137303
TMS18F1349P0018,0.010354102962328856,0.05693391351136986
TMS18F1366P0018,0.008920880754386748,0.0017400804145669018
TMS18F1324P0094,0.04360290243980034,0.01540463248498118
TMS18F1345P0037,0.007808858865290709,0.03871671401535729
TMS18F1323P0015,0.08610422307248258,0.001932740452100381
TMS18F1378P0009,1.596817322587566e-4,1.0742449852204613e-5
TMS18F1319P0110,0.08641413141782137,0.06964821914850972
TMS18F1361P0024,4.953164008431802e-4,0.007584846880987831
TMS18F1318P0049,0.013745560113512936,0.0015841716194412384
TMS18F1481P0014,0.010213091979624974,7.679828100530724e-4
TMS18F1324P0043,0.02393423152176052,0.013443146467860871
TMS18F1453P0029,0.002673441611925391,4.5375921299852775e-4
TMS18F1396P0025,1.5644673974295022e-4,0.00848177299428444
TMS18F1348P0044,0.08965930617890276,0.006006807470300407
TMS18F1319P0009,9.197472613765596e-4,0.018719828236316773
TMS18F1311P0002,1.9291867726224594e-4,0.004939936108348438
TMS18F1356P0026,0.008792381385610643,0.006685683004096179
TMS18F1438P0019,4.695444126661256e-4,2.8704435669578835e-5
TMS18F1338P0061,0.02735125552040678,0.014619638571253323
TMS18F1382P0019,4.708943535899563e-4,0.04822727152573067
TMS18F1349P0147,0.007829806257664733,0.02793798825417164
TMS18F1457P0005,0.024749266009498776,0.029103500800054742
TMS18F1370P0012,0.01741867699261878,0.006458300188259201
TMS18F1335P0016,0.012897142497048838,0.005544041683408366
TMS18F1391P0011,0.026196786369393085,0.004822526081765548
TMS18F1333P0006,0.009916956230346361,0.009977021304193619
TMS18F1324P0120,5.865242078901088e-4,0.018385787825510706
TMS18F1318P0043,0.026316412594103965,0.00763901468510189
TMS18F1481P0005,0.008297841823827444,0.006434331001936557
TMS18F1291P0025,8.73664136099683e-5,0.018304162941482145
TMS18F1372P0013,0.017130204546641874,0.012454964229849617
TMS18F1409P0005,4.251989296033755e-5,0.0373639446095192
TMS18F1348P0085,0.008873352539370431,6.617088023022015e-4
TMS18F1349P0155,0.011952805019675508,0.05441735842447121
TMS18F1319P0016,0.06790055506078575,0.039445133813272006
TMS18F1357P0024,0.01880172593363508,0.0066307434689611535
TMS18F1348P0006,0.05976194490618131,7.131148024373065e-6
TMS18F1397P0021,0.008888040950047036,0.0018250967744039804
TMS18F1343P0072,0.10153762348898504,0.0765707980330574
TMS18F1349P0095,0.007543795914838467,0.08623652664511947
TMS18F1353P0014,0.04881026348382563,0.009977452767419221
TMS18F1309P0052,6.606495827710667e-4,3.9904659104290517e-4
TMS18F1324P0200,4.994789038720791e-4,5.307364099433625e-4
TMS18F1287P0039,0.005914622680178706,0.00678273342995069
TMS18F1349P0126,0.004836260339618249,0.04244749600428006
TMS18F1179P0008,0.012758456322141155,8.392529524457305e-4
TMS18F1447P0002,0.006450400361586942,0.021093361838248618
TMS18F1388P0012,1.8644261048568136e-4,0.021261686518155208
TMS18F1305P0039,0.00812479501553642,1.3653656474113838e-4
TMS18F1318P0036,0.012852660617865828,0.021542084034395937
TMS18F1344P0176,0.013632888422654284,0.028265888938569423
TMS18F1331P0016,0.008292019776618018,1.0612363980722044e-5
TMS18F1260P0054,0.011821735792451302,4.644504290328608e-4
TMS18F1349P0149,0.014036652996397893,3.096286226999425e-4
TMS18F1469P0062,0.008613244333034151,1.1226951480198638e-4
TMS18F1334P0023,0.011911943034490096,9.451729450142665e-4
TMS18F1414P0014,0.01474555314494644,0.0010567852371383168
TMS18F1299P0005,0.01973599701272425,0.0484931331092121
TMS18F1335P0035,0.011547002637784354,0.0021992139575634333
TMS18F1348P0095,0.01298123854067532,0.014315215116442603
TMS18F1364P0018,0.01389268389765852,3.5530452046020203e-4
TMS18F1353P0022,0.006676340328290994,0.01868664803276312
TMS18F1261P0005,0.011312482129600638,0.0018748469523424697
TMS18F1347P0029,0.021140918399905728,0.034074926799458345
TMS18F1163P0035,0.007398749724132962,0.005011002048874911
TMS18F1280P0091,0.0036585791563148234,0.004580140097869724
TMS18F1462P0017,0.013016847006671082,9.565057659205501e-4
TMS18F1259P0092,2.6717135202183694e-4,0.03766781435908035
TMS18F1281P0003,0.0074203703897134255,0.04236953910635153
TMS18F1480P0055,0.002485807242279504,3.810160990148343e-5
TMS18F1476P0048,0.003261902848109775,0.05674856332572466
TMS18F1352P0043,0.004135339637509339,0.016141124602301903
TMS18F1178P0048,0.011532317584749074,0.003531432279707862
TMS18F1339P0033,0.016203298622842317,0.0010930509795664214
TMS18F1314P0024,0.016841509202259727,0.028535108030469034
TMS18F1175P0036,0.010448131924967791,0.0013969276217223677
TMS18F1295P0045,0.012073716339521366,4.511325849484265e-4
TMS18F1295P0036,0.010793034602130602,0.006468197087804027
TMS18F1288P0027,0.0013782868020782017,3.437554990357806e-5
TMS18F1305P0168,0.00941754794376508,0.020092165001468702
TMS18F1274P0025,0.013559189084210175,0.00891970598465614
TMS18F1310P0132,0.013626240864164835,3.5504198374799946e-4
TMS18F1211P0003,0.003695250348208166,0.0020734366794088
TMS18F1481P0046,0.015367661136238674,3.310406805407585e-9
TMS18F1217P0114,0.013248050122562699,0.028909201047623824
TMS18F1343P0012,0.0016860107810341089,0.006616438283820772
TMS18F1352P0049,0.00317387164788838,1.1696163918629559e-4
TMS18F1328P0027,0.003773671107753405,0.0030022183814602983
TMS18F1324P0171,0.016746840915670098,0.026353413391524142
TMS18F1355P0038,0.0040344103432557454,0.007581773039940329
TMS18F1272P0037,0.07802577559275974,0.0021552192490608764
TMS18F1314P0007,0.07446290894807742,2.3151605607922037e-4
TMS18F1305P0040,0.005210571297720217,0.06164579868794822
TMS18F1262P0008,0.017118135200454267,0.0011586709165549971
TMS18F1308P0077,0.011360101998053394,0.001815522949795347
TMS18F1372P0024,0.013648886904410549,1.844745405904001e-4
TMS18F1344P0014,0.008893976588639612,0.018038346568186054
TMS18F1337P0049,0.07975335365967802,0.0035251545401712957
TMS18F1306P0114,0.007879822036259912,0.0035934005893460417
TMS18F1287P0029,0.09029076233920398,0.05980602517550858
TMS18F1313P0013,0.006444711816691567,0.0012726525184682507
TMS18F1342P0003,0.013706828705614028,0.006055475456124892
TMS18F1174P0011,0.009912947096964497,1.1449911428424318e-6
TMS18F1389P0021,0.0068719003267223005,0.01566504863150683
TMS18F1472P0042,0.015700416579983844,0.009202077550179865
TMS18F1354P0027,0.0026997423219665114,0.0013533638734788457
TMS18F1278P0068,0.001991182209319093,0.0038530176423656037
TMS18F1366P0012,8.483992591025172e-4,9.180403883092119e-4
TMS18F1280P0151,0.06038949322219971,0.029028820006183325
TMS18F1365P0018,0.011611868995701777,0.011896322107353533
TMS18F1277P0045,0.005558275901382043,0.021774638240701492
TMS18F1305P0007,0.003023390933741617,9.786425553214504e-6
TMS18F1344P0003,0.004410185654672683,0.005528239227282637
TMS18F1278P0098,5.243372444220077e-4,4.429398789030275e-6
TMS18F1258P0153,0.012009526207673366,2.651065756141184e-4
TMS18F1343P0014,0.01697373009287498,0.04013415137240849
TMS18F1481P0009,0.015461925321674374,0.00485149001732607
TMS18F1163P0042,0.00818738276347943,8.170963750603248e-4
TMS18F1208P0005,0.008720472113219307,0.0051097050357327535
TMS18F1258P0062,0.10022538149348728,0.002400128927275946
TMS18F1349P0065,0.013048772765894763,7.989718587955822e-4
TMS18F1328P0032,0.0072660419432554685,0.015679120656255104
TMS18F1320P0082,0.004276634422450461,0.009759640263587725
TMS18F1436P0049,0.01990556640777414,0.004466433653803802
TMS18F1350P0026,0.01494918175110905,0.0430254887038795
TMS18F1348P0088,0.00662871296224606,0.012468522549434966
TMS18F1280P0107,0.009430823192786073,0.03132338782411996
TMS18F1312P0039,0.01264076025761219,0.007165733012581908
TMS18F1318P0007,0.012579707215410584,0.00556631164542953
TMS18F1291P0014,0.021976703715729438,8.873226189850008e-4
TMS18F1284P0003,0.01607071259931768,0.005275599789300094
TMS18F1323P0024,0.05880068057556213,1.1367537322212662e-4
TMS18F1346P0023,0.021090924467595713,0.03249864753890398
TMS18F1310P0088,0.012820731123384912,0.0039802219110780445
TMS18F1191P0002,0.012059182325546815,0.026577431297683318
TMS18F1343P0153,0.060455949087067605,0.029274213125399916
TMS18F1350P0065,0.005975344067755201,0.0015145287402507548
TMS18F1308P0082,0.0017616455386644046,0.0014406109301289835
TMS18F1282P0049,0.004056461752554413,9.504999302533108e-4
TMS18F1372P0041,0.003931174577335163,0.07086578893099865
TMS18F1175P0053,3.76994750175854e-7,0.009555629963521618
TMS18F1222P0012,0.016615991008930468,1.9805933397821942e-4
TMS18F1323P0002,0.011547099739985392,4.90329066205314e-4
TMS18F1280P0112,0.011446740088474386,0.0021934847574452843
TMS18F1280P0086,0.003223115339127226,0.017507864069788857
TMS18F1348P0098,0.008145832884709494,2.076981502899091e-4
TMS18F1322P0019,0.005182910891122481,0.017809043347178196
TMS18F1319P0100,0.09018488446936683,1.1755143566856884e-7
TMS18F1344P0198,0.01345844412270216,0.01919711703738484
TMS18F1319P0121,1.5785820920631e-4,0.0026089897786472026
TMS18F1263P0037,6.039124329422924e-4,0.009311778651062143
TMS18F1484P0036,0.026227016794673215,2.75140704516517e-4
TMS18F1240P0024,0.008126814694643781,0.0012491039902845997
TMS18F1271P0001,0.01247213506229252,0.0022917813077421617
TMS18F1436P0053,1.5422138121921528e-4,0.027562507692706587
TMS18F1258P0147,0.015748847144946742,2.65868340628945e-4
TMS18F1277P0031,0.009593729461874574,0.04561704576914105
TMS18F1313P0053,0.0037625811844603303,0.0015982559093910857
TMS18F1344P0147,0.0014131405602230429,0.017722769855517056
TMS18F1365P0024,0.019093642632712758,0.002438195070951419
TMS18F1348P0101,0.007447778599752014,0.010691215454633357
TMS18F1310P0148,0.006522542921524548,7.011382871387608e-4
TMS18F1291P0026,0.08899733609260485,0.07577341729697869
TMS18F1208P0007,0.007841471642386275,0.012490802334608359
TMS18F1323P0025,0.014963500887262124,0.01880115474284767
TMS18F1361P0041,0.008877576238721391,0.003319996278476544
TMS18F1324P0026,0.011880828866290398,0.006907823860087107
TMS18F1274P0020,0.02399577935579696,0.030584984855893237
TMS18F1280P0126,0.010140655894899462,0.010774043789442729
TMS18F1163P0044,0.01341765550708479,0.001475267602852498
TMS18F1447P0062,0.008934130671150276,0.0030245531558897275
TMS18F1335P0021,0.016883496695001946,0.032478918172652985
TMS18F1224P0014,0.01096150611297365,0.010987876607510157
TMS18F1289P0014,0.018390760525951944,0.016426034248249937
TMS18F1348P0024,0.009731423719922312,0.0074635673483391925
TMS18F1305P0031,4.580765279989365e-6,0.011669749724293134
TMS18F1295P0035,0.053308624115962606,0.0038022040800158538
TMS18F1308P0084,0.00726427647084429,0.003880127247804289
TMS18F1414P0017,0.002377408562490094,0.002501044288222053
TMS18F1231P0011,0.012355061952392414,0.0016038686863016408
TMS18F1345P0012,0.007112266132515477,2.0112139820168038e-4
TMS18F1478P0047,0.08071324718060868,6.294196702211196e-5
TMS18F1318P0016,0.005162826998243996,0.05016243155568399
TMS18F1348P0113,0.014672593115064119,0.003247461648004101
TMS18F1308P0114,0.007885219461088193,3.328814103516503e-4
TMS18F1314P0026,0.007377550299005666,0.0010249362232411375
TMS18F1324P0046,0.01461731056798302,0.00401837967650049
TMS18F1364P0027,0.016884195258546154,2.0070111859403353e-4
TMS18F1280P0140,0.01010246741244502,2.493000464946179e-4
TMS18F1380P0003,5.800177985615162e-6,0.007801703900525726
TMS18F1280P0057,0.005997944330936126,0.016761517714151443
TMS18F1350P0041,0.006559117374219406,0.008463985275191096
TMS18F1306P0149,0.011303505867199264,0.002259194574089879
TMS18F1202P0001,0.009056779849263192,4.013346212165139e-4
TMS18F1476P0047,0.010464763058292716,0.006250740102666456
TMS18F1348P0092,0.0067551085174630075,0.01813597961315712
TMS18F1278P0118,0.010790771423005165,2.741074197225756e-4
TMS18F1355P0120,0.00246357416781777,0.004132812219291271
TMS18F1326P0007,0.07328198597304446,1.636924551327662e-4
TMS18F1324P0093,0.0022298116697589336,0.010233922951360318
TMS18F1258P0156,0.00507807544737202,0.00239081951823282
TMS18F1225P0030,0.022212830802247684,0.0194483446289459
TMS18F1350P0038,0.015424360353413442,0.005532761128600935
TMS18F1295P0034,0.009442553143470617,3.972006586561392e-4
TMS18F1327P0013,0.023822562767085855,5.509117935211087e-4
TMS18F1344P0133,0.010266632094386692,0.007578290218991875
TMS18F1447P0078,0.01146681252513275,7.549997324213584e-4
TMS18F1280P0136,0.0021088410926768026,0.01396721706969189
TMS18F1221P0053,0.017680437968358626,0.009525231386527335
TMS18F1355P0030,0.010334911124604917,0.024083572562160035
TMS18F1323P0041,0.013774826963192089,0.02889286231155965
TMS18F1327P0006,0.00791346909223512,0.04105946040145903
TMS18F1178P0010,1.0115320519299287e-4,0.02877425665054778
TMS18F1217P0075,0.004799921760706822,0.06280336049346603
TMS18F1307P0001,0.0562389574742983,0.015448291165572028
TMS18F1350P0091,0.006035045737907914,0.010171054541647491
TMS18F1481P0015,0.05868490038127285,0.001696715670754487
TMS18F1313P0001,0.01590810967526907,0.01335327900434511
TMS18F1320P0032,0.046404344162120525,0.021050567849107332
TMS18F1395P0055,0.007563758368182516,0.002015612741504007
TMS18F1318P0054,0.03349973200852368,0.040732255503445815
TMS18F1338P0099,0.019576600019670293,0.02041889622916671
TMS18F1217P0019,0.0022511597692221877,0.0034493386442718127
TMS18F1349P0123,2.3354119440056534e-4,0.002781337579199798
UKG41-9,0.014420588619196064,5.498800756639878e-4
TMS950211,0.001273032632464079,5.496710282373746e-4
TMS961708,0.006846490788552406,2.229042761508171e-5
X.TMS982132,0.013451389212749026,7.593064570197446e-4
TMS990240,3.5836270877948116e-4,7.220438317895079e-4
TMS990554,0.008491722376162887,9.799190272702506e-4
TMS911730,0.004644683469530181,0.032561981306631654
TMS870052,0.013067008460094494,1.7931359079740339e-4
TMS892831,0.011423397865460743,0.004741440884401088
TMS63397,0.0056696128728329345,0.009239678172948145
TMS920168,0.011198944420023062,0.012114004663598514
TMS950414,0.00783756581231166,0.010426799533954437
TMS960035,9.964548906140783e-4,0.01465713752897397
Z790474,2.3769257144560038e-4,0.010192697580360602
Z956033,0.006023789483479339,0.03007429381889017
TMS961413,0.009710825859397422,0.0036409582915278905
TMS982123,0.024281563317520617,0.02896153263230688
TMS990558,0.005815756992194133,0.0017131824926435268
TOMA326(4X),0.019836462846831413,9.767643822453775e-4
UG110017,0.00959200391467846,0.015095212652997592
UG110001,0.010069212265418258,0.0030381371326468564
XO0214,0.003156389391277523,7.140846582348108e-4
TZ-130,0.009590321681730265,0.014792995470272921
TMS18F1489P0044,0.00419018682382497,0.0219255442024299
TMS18F1485P0022,0.007073510289034119,0.025064094615346824
TMS18F1558P0040,0.01165333442676179,0.001516335199144459
TMS18F1539P0056,0.004590023194395754,0.03410701278922539
TMS18F1562P0059,0.09999488866010352,2.6945439358117977e-4
TMS18F1561P0025,0.0102702065228998,0.0446262200463346
TMS18F1520P0050,0.015655530386958213,0.0025440022458601648
TMS18F1490P0026,1.4048894200575864e-4,0.03758046193994751
TMS18F1490P0023,0.008597978464692426,0.007922734863887292
TMS18F1505P0127,0.006812843948266763,0.046657945075823486
TMS18F1539P0086,0.003032055652493402,0.0394727479858867
TMS18F1562P0055,0.10027434586378894,0.003091455678120199
TMS18F1539P0075,0.018770385001521585,0.02130965945361493
TMS18F1522P0141,0.028100348657375773,0.014599571893176632
TMS18F1562P0068,0.007183203351626167,9.932522572804723e-4
TMS18F1539P0065,9.262493961930939e-4,0.0379102306012758
TMS18F1562P0046,0.019123041288158213,0.002022375438113932
TMS18F1539P0043,0.0026049363446706193,0.036706078723019606
TMS18F1539P0047,0.005108212842717622,0.03715277651695834
TMS18F1522P0144,7.011804840874528e-5,4.3566345822454477e-4
TMS18F1505P0081,3.3111551584937704e-4,0.038280473455934584
TMS18F1505P0079,0.006316664105792396,0.05216120885463829
TMS18F1539P0055,0.003591399156317366,0.044966808373416274
TMS18F1505P0097,0.001976651721469768,0.044432215626899765
TMS18F1562P0014,0.01589574195246861,2.1167354775671854e-4
TMS18F1486P0003,0.006530831119778642,0.029515560757314454
TMS18F1485P0024,0.015126219088938072,0.0272540921039603
TMS18F1560P0006,0.013501856702603615,0.04933032313486227
TMS18F1563P0016,0.011897496112463116,0.023880596601557322
TMS18F1489P0036,0.00528827288576772,0.011434325036949236
TMS18F1505P0066,8.113603692765019e-4,0.03763101013928384
TMS18F1506P0012,0.0038065300054997476,0.0023795492919389746
TMS18F1507P0002,1.5570547134895687e-4,0.025303021895508985
TMS18F1506P0001,5.600761955198273e-5,1.6030136237577488e-4
TMS18F1541P0002,0.018691634473260364,0.007932828755891666
TMS18F1541P0009,0.009279282091203102,0.017712908973476302
TMS18F1490P0013,0.05598835357486019,0.026083482506469725
TMS18F1505P0073,0.004320935969208541,0.026723516925959374
TMS18F1506P0004,0.008008050316743686,7.400206728374199e-5
TMS18F1485P0030,0.01746929451174307,0.02951464924372154
TMS18F1542P0018,0.00842339859532991,0.017803738278956864
TMS18F1485P0028,0.01721664684918583,0.034725622595432236
TMS18F1562P0004,0.01613951010425574,1.248008007549083e-4
TMS18F1490P0008,0.009384372852168605,0.010195480417747904
TMS18F1489P0013,0.015527341189581392,0.01567551201231834
TMS18F1505P0077,0.008465756808080713,0.03012892154245499
TMS18F1490P0005,0.0015126450377782523,0.00372645105810703
TMS18F1505P0049,0.008906874652968117,0.001969057973884578
TMS18F1485P0043,0.006120940879545759,0.018920055640629013
TMS18F1506P0013,0.0058877749240787165,2.4079243654745938e-4
TMS18F1562P0029,0.039546378921944805,7.724187473288674e-6
TMS18F1505P0064,1.1050450477037423e-6,0.025047001981320295
TMS18F1563P0014,0.006877143580630482,0.03683823778116776
TMS18F1506P0003,0.011399926758104756,1.3101050696083793e-4
TMS18F1485P0037,0.01588579115968745,0.028096588984430827
TMS18F1562P0001,0.01776390565211068,0.002476449678248034
TMS18F1489P0018,0.0035051831433154145,0.014969845011860394
TMS18F1489P0029,7.597074988450917e-4,0.01971243459266825
TMS18F1561P0009,0.009238661020536424,0.031599034453809544
TMS18F1541P0005,0.019299340803453836,0.021241116655994503
TMS18F1487P0001,0.007577152664543895,0.008113962833978082
TMS18F1541P0001,0.005360176322896015,0.042127459000223084
TMS18F1507P0008,0.004729019815110486,0.03765302000480802
TMS18F1542P0006,0.006403613545288027,0.0362928216171789
TMS18F1561P0024,0.007592167532916898,0.07717415779340009
TMS18F1542P0001,0.010731523963240938,0.0032893008431647487
TMS18F1490P0021,0.011648088511509211,0.018359529168776575
TMS18F1506P0006,0.005692704447011598,0.0017972715147177244
TMS18F1562P0016,0.10210902264522477,8.302495277791357e-4
TMS20F1683P0025,0.017314944761366805,0.022849732345423132
TMS20F1599P0011,0.004635672882750224,0.019427584964012284
TMS20F1685P0032,0.02352210728605369,0.0010871681760928132
TMS20F1285P0004,0.014629845305260396,0.011083217314754246
TMS20F1684P0013,0.019473373903542174,0.0022480384833715567
TMS20F1685P0011,0.017053346807396123,0.0023452801352529897
TMS20F1582P0025,0.012647600618927566,0.05272940802913683
TMS20F1613P0032,0.015546642910270964,0.013397461300328513
TMS20F1582P0021,0.0024447998587003913,0.011107715601588651
TMS20F1589P0073,0.012970471210457645,0.06063366785578267
TMS20F1601P0015,0.01787185980814991,0.03609557884521561
TMS20F1048P0026,0.005581537678298251,0.0091881825323756
TMS20F1005P0009,0.010899944811051332,1.5384090189869486e-5
TMS20F1595P0010,0.007779857844686805,0.0017122488792057917
TMS20F1684P0027,0.02106512932288726,0.002815017337689239
TMS20F1679P0037,0.016751423283265867,0.021906126154080045
TMS20F1591P0004,0.01392966685055477,0.029385527477155962
TMS20F1677P0003,5.790913664920395e-4,0.01236972332429344
TMS20F1003P0004,0.04440089875546874,0.005881194359994036
TMS20F1684P0015,0.023353114946383428,0.00986538698385372
TMS20F1589P0087,0.012633797379576655,0.07014125516883236
TMS20F1589P0070,3.058960965715103e-4,0.040707113254485325
TMS20F1593P0014,2.051212184898017e-4,0.0010851198590492556
TMS20F1593P0016,2.253900284008175e-4,9.488834736181852e-4
TMS20F1628P0005,0.014139639531697522,0.023111059190514305
TMS20F1583P0003,0.004768043920284506,0.001402376674317896
TMS20F1573P0017,0.01794640483476284,0.0095917914213196
TMS20F1590P0061,0.00723565043707263,0.013348860466719164
TMS20F1684P0004,0.019509677360636083,0.0018056413082766316
TMS20F1635P0002,0.0014524489010290032,0.010431973504867532
TMS20F1598P0004,2.3695408626496955e-7,0.0022467479743996984
TMS20F1005P0001,0.006114407258757363,3.9388426422108696e-4
TMS20F1591P0002,1.9428610173349297e-4,0.02954024183493249
TMS20F1613P0054,0.012358744284274172,0.0018524201239516727
TMS20F1591P0008,0.014391612007816457,0.031645284211487164
TMS20F1684P0040,0.020916773848185757,7.656831536354407e-5
TMS20F1630P0034,0.015022105477020254,0.0101427365674162
TMS20F1607P0010,2.6364647904952225e-4,0.019506033307142814
TMS20F1679P0035,0.016344842802689805,0.030772988073904804
TMS20F1583P0053,0.013796620055986732,0.005114910017409436
TMS20F1286P0017,0.015318497974160664,1.3241780077464794e-4
TMS20F1593P0031,2.5680724747180073e-6,4.076162022003021e-5
TMS20F1020P0017,0.007064146261958354,0.005693652769818863
TMS20F1650P0012,0.017994061887201526,0.008316179561713608
TMS20F1679P0036,2.32175323930092e-4,0.02811065632523525
TMS20F1613P0022,2.103728693521485e-4,0.012379467575370664
TMS20F1634P0006,0.001738020811921154,0.0039758204567722074
TMS20F1593P0017,0.015768299626288607,0.004712959889918363
TMS20F1600P0015,0.01863858120126141,0.009623086685447223
TMS20F1684P0002,0.021978904456689003,0.002385282034909651
TMS20F1582P0050,6.684580678910102e-5,0.03824787183239361
TMS20F1613P0004,5.513621889829295e-4,0.0038889995878226445
TMS20F1623P0017,0.012719379027237758,0.011487890103197387
TMS20F1593P0018,9.474998237227827e-6,1.5338991833710892e-4
TMS20F1590P0055,0.0048796455162980505,0.010938316233320205
TMS20F1004P0006,0.014419004779038883,0.030530486094504084
TMS20F1621P0001,0.0137688051991989,0.0026558086845136996
TMS20F1558P0003,0.014497153919639554,0.0052728496659206064
TMS20F1595P0033,0.014844391632827124,0.03828478603633446
TMS20F1684P0021,0.01919623768471677,2.6856185219877987e-4
TMS20F1621P0005,0.01247103376873099,0.005247964296255117
TMS20F1008P0004,0.002034872552171191,2.5107318307986224e-4
TMS20F1684P0039,0.027139941144085928,0.01205010596400766
TMS20F1593P0002,5.677503092247891e-6,7.121765350211038e-4
TMS20F1613P0027,0.009512346119686538,9.368298958610461e-4
TMS20F1681P0083,6.733836645844134e-4,0.024026270695199577
TMS20F1613P0039,0.01080349353320235,1.2906465044606113e-4
TMS20F1574P0003,2.520335276584154e-4,0.0216380110194903
TMS20F1286P0007,0.007494585761513161,7.948156853513302e-4
TMS20F1287P0021,0.020382728766878053,9.733051193719219e-4
TMS20F1582P0024,0.017551984782502965,0.0167232000382087
TMS20F1048P0031,0.00270964591526169,0.020631809557164205
TMS20F1643P0005,0.01642691754552438,0.03482546560944222
TMS20F1631P0020,0.015958375850734636,0.017180478300334336
TMS20F1679P0033,5.809434660987817e-4,0.030182228488222003
TMS20F1590P0052,0.011442520462683065,0.03707032221078929
TMS20F1031P0002,0.01137483926902563,1.0138669510803253e-5
TMS20F1574P0006,1.2193549017502813e-5,0.024920493120659356
TMS20F1286P0032,0.010509770069196902,0.0013734165615326007
TMS20F1083P0003,0.01036194410985756,0.012004161323493837
TMS20F1113P0035,0.014593335051597591,4.651458015155194e-4
TMS20F1072P0019,0.013947394530600166,6.893539383904204e-4
TMS20F1048P0014,0.0038075843269392462,0.012734811316013292
TMS20F1194P0025,0.009559949759980767,0.012672506165222558
TMS20F1113P0001,0.018626985205392323,9.895584534644996e-4
TMS20F1141P0011,0.006716768831996728,1.5177055358271113e-4
TMS20F1050P0032,0.02018414878751283,0.023298067402166008
TMS20F1126P0010,0.01194301810754969,0.004710216341894677
TMS20F1048P0050,0.032199775043336015,0.019192199251972547
TMS20F1141P0004,0.07333239696342354,0.0025686235255671062
TMS20F1068P0011,0.01884570845685243,0.003419882188990023
TMS20F1050P0004,0.02091258340744841,0.018541195723651104
TMS20F1155P0003,0.014597066213943069,2.7563434989271616e-5
TMS20F1158P0079,0.010166955329149798,1.7644684849912887e-4
TMS20F1128P0008,0.006562114897140032,0.005217240087442289
TMS20F1001P0002,0.018692351916317258,0.009338592841847876
TMS20F1057P0037,0.009202565835650194,0.01216214971634255
TMS20F1116P0032,4.370138725639447e-4,0.0011442581214707779
TMS20F1062P0021,0.017602854475294583,0.031841382715682306
TMS20F1147P0003,0.015868973149090228,0.011532017474748807
TMS20F1180P0002,0.008238468121637612,0.001647994516698163
TMS20F1109P0006,0.023114468772512095,0.04602586405808579
TMS20F1104P0005,4.4881431697009927e-4,0.0053591100118269485
TMS20F1007P0007,0.015049728714507939,0.007751613645132483
TMS20F1008P0006,7.370966132206183e-4,2.4461997867366592e-5
TMS20F1062P0022,0.021464015211430758,0.021330140209359784
TMS20F1072P0006,0.014669599616882743,0.0026920206388005587
TMS20F1007P0016,3.6120410541563434e-4,0.0046407006450139366
TMS20F1182P0047,0.004540832163503728,0.011548027404281107
TMS20F1129P0017,0.016934442813843813,0.0083964063119714525
TMS20F1007P0002,0.0011915661372355515,0.0018701987358848936
TMS20F1089P0003,2.7462079829926604e-4,0.015151709882478343
TMS20F1004P0002,0.004261365381757459,0.0021616242373556707
TMS20F1056P0067,0.01503699756778634,0.001010997414342186
TMS20F1072P0026,0.011577033751390952,0.0032242579597108706
TMS20F1158P0003,0.010742106441597515,0.0025577436417102742
TMS20F1040P0001,0.01009499378589855,0.002299272341890362
TMS20F1007P0003,0.050082061531662794,9.547247671189694e-4
TMS20F1069P0015,0.019222109267601612,0.01955032115659067
TMS20F1007P0013,0.024789418665097224,7.925058871767575e-4
TMS20F1056P0060,0.01694000105906223,0.003113882352658383
TMS20F1111P0008,0.018394759790241154,0.007908111632361976
TMS20F1142P0008,0.006609650719608245,0.0012989660008463993
TMS20F1156P0003,0.014674616182877943,2.016135454070657e-4
TMS20F1061P0015,0.020554232090936278,0.014701491414461948
TMS20F1088P0001,2.2220434192708962e-5,0.0038453081470843156
TMS20F1116P0042,0.01592778538089248,1.05443562079954e-6
TMS20F1074P0008,0.009776708760470439,0.016545801535371704
TMS20F1025P0005,0.010364331649558684,1.5541625677611317e-5
TMS20F1106P0022,5.0069453916522795e-5,0.012510403812598754
TMS20F1001P0004,0.011893203250309507,4.670937066166483e-5
TMS20F1111P0014,0.019966609755799128,0.01580686470130853
TMS20F1041P0009,0.02075214345975727,0.02245905686932206
TMS20F1158P0008,0.009018504544976437,4.381533669683832e-4
TMS20F1098P0016,0.006770367514645283,0.009360540517025454
TMS20F1145P0011,0.028145948413152603,0.08102773156718546
TMS20F1106P0021,0.018737504197961753,0.008226653447979428
TMS20F1143P0028,0.002897044227080385,0.019174194499210633
TMS20F1056P0029,0.01373265730819297,7.026481177492229e-4
TMS20F1051P0006,0.014576535824585762,0.009437474483151381
TMS20F1127P0004,0.013501815192175972,4.4906073521374275e-8
TMS20F1113P0037,0.001617329796043871,0.005280484886411196
TMS20F1167P0010,0.011261469813847437,8.682869138526073e-4
TMS20F1228P0032,0.022556321337848052,0.017330217323714633
TMS20F1007P0014,0.0028751068915250384,0.01955584703658068
TMS20F1002P0005,0.005635515347170692,0.012212452392253116
TMS20F1056P0061,0.003632712901711393,0.004842339013213769
TMS20F1061P0009,0.005401738344650283,0.019079281262380853
TMS20F1031P0005,0.014096450006160248,0.0023827072362691904
TMS20F1159P0025,0.0024348150712977445,0.01781905913036733
TMS20F1158P0075,0.0117944514431884,2.9331460979806957e-5
TMS20F1158P0103,0.004401843941344816,0.011458818046346173
TMS20F1132P0006,0.011200057118116133,0.013717722972178246
TMS20F1116P0031,0.005614766458776623,0.004980797994533619
TMS20F1062P0024,0.0045122190417899765,0.018753298052846784
TMS20F1157P0002,0.015085807745563094,3.384339487142282e-4
TMS20F1116P0033,0.016330812666970652,3.82031810716569e-4
TMS20F1037P0003,1.7221451555903393e-4,0.0015099580723371435
TMS20F1048P0012,0.001036806561898376,0.016590979440604416
TMS20F1221P0015,0.012576530493302731,0.0037469030269058944
TMS20F1610P0021,5.074788366818277e-4,0.014495298066307956
TMS20F1205P0013,0.013673319590806749,0.022002776500346783
TMS20F1451P0069,0.00715555747526834,7.85395762860155e-6
TMS20F1619P0034,0.003110283731832497,0.004042112260105239
TMS20F1597P0054,0.011570659691878845,0.03315326253530118
TMS20F1634P0022,0.0015253805236773257,0.0024206826095827297
TMS20F1424P0014,0.003550004053263193,2.74478487447284e-4
TMS20F1336P0006,0.005876391534280385,6.280922631228602e-4
TMS20F1614P0015,6.107549983405674e-4,0.014414091384427629
TMS20F1387P0025,0.015133260998532272,1.0185217493115897e-4
TMS20F1610P0034,7.325367382322176e-5,0.003604038148917986
TMS20F1179P0001,0.019430121538014513,0.01228295557983165
TMS20F1589P0053,1.3921348265925497e-5,0.04694458310375228
TMS20F1440P0039,0.007952587530367223,0.017411283350416557
TMS20F1610P0032,0.004768446542465463,0.011687081634168539
TMS20F1597P0052,0.011465500794398916,0.04101034356757587
TMS20F1658P0007,0.004889264762749374,7.396953618998993e-4
TMS20F1552P0020,0.005725572277241249,2.532702375146106e-4
TMS20F1105P0014,0.009360833405184845,0.021268296948538348
TMS20F1412P0038,0.008233805075399845,0.02051081656762781
TMS20F1611P0057,0.014132031276020418,0.020846437383597604
TMS20F1597P0055,0.004176858998243628,0.06005622193387467
TMS20F1424P0002,0.007760455401168781,0.0014821681584507166
TMS20F1180P0006,0.004953212011051005,0.01668772565438725
TMS20F1609P0056,0.01304768318237021,0.006137672852449939
TMS20F1336P0004,0.016120451955350223,0.002247284426538972
TMS20F1597P0036,0.01157661315503365,0.03554749806435495
TMS20F1412P0036,0.0063439991082137595,0.048321092577305824
TMS20F1656P0002,1.8379556108251207e-4,0.021237328881683577
TMS20F1221P0001,6.527584134396924e-4,0.017770426300429087
TMS20F1424P0009,3.212058901636304e-4,1.4093143868320826e-4
TMS20F1389P0025,0.005778924983735484,4.674715337073652e-4
TMS20F1223P0009,0.018410422841202458,0.017847696269174387
TMS20F1361P0013,0.005622003296333413,6.385363756042598e-5
TMS20F1323P0050,0.011386430141627242,0.020633438695289295
TMS20F1326P0020,0.009071770158051615,6.35230061872703e-5
TMS20F1597P0057,0.02018216291311936,0.005729563772320301
TMS20F1126P0002,0.010412836102481886,0.013323747636273338
TMS20F1182P0043,0.008276877238452296,4.3064897870220874e-4
TMS20F1439P0003,0.009390634858025673,5.735350035034947e-4
TMS20F1144P0007,0.0041258965264395495,0.013232869963998445
TMS20F1609P0004,1.230591755196568e-5,0.0026211784720382436
TMS20F1609P0005,2.000677314949048e-4,0.006637383278960479
TMS20F1194P0026,6.671899336998651e-5,0.0058132284649611045
TMS20F1158P0092,0.0036243233832874318,6.406613274771619e-4
TMS20F1385P0030,1.2970186041916903e-6,0.00389471812983244
TMS20F1326P0045,0.013217317798569356,5.86052500860406e-4
TMS20F1286P0036,0.024128336686796613,0.06993584319716195
TMS20F1423P0040,6.786623180006303e-4,0.012195519635433987
TMS20F1590P0040,0.005496757890246074,0.008377317957090374
TMS20F1228P0028,4.936685439897015e-4,0.0379543644472055
TMS20F1445P0072,0.001078927165825483,0.043874473924209775
TMS20F1424P0004,7.601207804169174e-4,1.1555860908916212e-4
TMS20F1193P0005,0.0020251789622430473,0.006952958720610607
TMS20F1323P0040,0.012777980691155058,0.03319747830287678
TMS20F1553P0005,0.06486434920178395,0.0033392290781718292
TMS20F1443P0001,4.441221731309589e-4,0.023269422300704907
TMS20F1161P0014,0.009083256180641982,0.05506029322870829
TMS20F1442P0005,1.1855784565726951e-4,1.6316408794850407e-4
TMS20F1159P0032,0.0017479686601065746,0.019054741194276473
TMS20F1415P0015,0.008238047059239011,0.0038287532179019958
TMS20F1158P0055,0.005947870817521919,0.015444446724910058
TMS20F1609P0018,0.014182668538483708,0.015151729046627566
TMS20F1326P0034,0.005641775933080695,8.963115349521309e-4
TMS20F1609P0049,0.003443216746022962,0.0012943352175144095
TMS20F1610P0057,6.92723105056155e-4,0.005612876814500152
TMS20F1221P0019,0.016210102489188635,0.025464777489949155
TMS20F1619P0056,0.013924215255793702,0.0010912190349277456
TMS20F1681P0099,6.705455389632885e-4,0.02028535723487914
TMS20F1361P0007,0.013999456180374806,0.0030394540817683356
TMS20F1620P0017,0.006558567459435516,2.701450915609174e-4
TMS20F1630P0023,0.01838905747395634,0.0011611002444761702
TMS20F1193P0007,0.0017075616710324733,0.012124240609151687
TMS20F1597P0035,0.014057796516377865,0.014627285255059453
TMS20F1612P0006,0.01931117330765569,0.001294590484671103
TMS20F1228P0024,0.01594647541413217,0.014207410737707492
TMS20F1126P0007,0.014366145439033246,0.003034837460079834
TMS20F1619P0070,0.012068743774147631,0.0013533594055791152
TMS20F1192P0006,0.015333383290194572,0.0012221259946680755
TMS20F1165P0004,0.0022813937482536024,0.007843231577347025
TMS20F1291P0009,0.009021684794775098,3.047377275505659e-4
TMS20F1158P0106,0.005505172817021517,0.003133858742605945
TMS20F1607P0007,0.017113383963797673,0.02587296434882098
TMS20F1656P0001,5.313196628441796e-4,0.016514090760955735
TMS20F1234P0013,0.01205368889555433,0.05062367293508571
TMS20F1619P0004,0.010027038255103588,0.004078800101725257
TMS20F1597P0070,0.01789471650635881,0.009563541545605132
TMS20F1619P0058,0.0026783428808766383,1.1132782502114457e-4
TMS20F1299P0004,0.009690403618329135,0.02596259274904213
TMS20F1681P0076,4.879238650672619e-4,0.018823160173624016
TMS20F1684P0030,0.023091290621671094,0.0011944727292692978
TMS20F1590P0022,0.006757783523566741,0.018519844957834524
TMS20F1618P0037,1.6012454498208023e-4,0.00698300994157544
TMS20F1623P0019,0.014702593589874817,0.004434246780908673
TMS20F1676P0005,0.017968173984788952,0.009751248958940776
TMS20F1451P0018,2.0977508080962474e-4,0.007359899104899158
TMS20F1624P0006,0.01363454538092042,0.007491822992157965
TMS20F1630P0020,0.015266102980156552,0.009668111532783324
TMS20F1533P0019,0.001618175012301811,0.002517568348616326
TMS20F1619P0017,0.003229309523458335,9.160624812917942e-4
TMS20F1652P0009,0.014935456589825168,0.035442551834131204
TMS20F1620P0043,0.006678633399229229,5.916157087869191e-4
TMS20F1234P0008,0.018410639021959885,0.06579755844612606
TMS20F1307P0055,0.004961218945069498,0.019909555299218364
TMS20F1679P0018,0.012548793961588318,0.030462584081662844
TMS20F1657P0016,9.111190344703734e-4,1.6790599585898773e-5
TMS20F1533P0023,0.003545263268381669,1.5224078355495737e-5
TMS20F1530P0007,2.6249715196810218e-5,0.05459946478626418
TMS20F1285P0014,0.01596050241462795,0.0017981228746869944
TMS20F1445P0092,1.1705660439527848e-4,0.014606736822233526
TMS20F1637P0004,0.01322347258702607,0.002766313557229563
TMS20F1597P0066,0.004832572631924076,0.010675947311915478
TMS20F1522P0002,0.015595765898452862,0.01265257747958921
TMS20F1610P0008,0.003906768056359739,0.01008642564662401
TMS20F1576P0011,0.010566925240345386,0.018376459193171296
TMS20F1424P0022,3.5358846472562403e-4,0.0024370420505798987
TMS20F1609P0057,0.011083348403928675,0.015935450675887773
TMS20F1644P0065,0.005407695565739049,0.002180495408678707
TMS20F1610P0011,2.782180428986826e-4,0.011560218324482282
TMS20F1645P0008,0.014143013824822534,0.007770959059843616
TMS20F1643P0016,3.768229544411824e-4,0.025736744842844182
TMS20F1667P0007,0.014295196346919703,0.0012481458397881142
TMS20F1620P0045,0.010319653491081092,0.006993187345435224
TMS20F1645P0046,0.01432802436451063,0.011775748586133158
TMS20F1639P0019,0.0032731256882310438,0.028054745583463388
TMS20F1619P0016,0.01091749360058584,0.004274219089758981
TMS20F1681P0015,5.770269983427233e-4,0.025256420134883033
TMS20F1656P0040,4.911753883538124e-4,0.03397479380204576
TMS20F1430P0122,0.014129041909808026,0.00690083635068535
TMS20F1673P0023,0.01579401081300507,0.022391569791584885
TMS20F1590P0057,0.009267363702915707,0.04257779691630476
TMS20F1684P0035,0.01888741336777651,3.3492792611915825e-4
TMS20F1307P0036,0.004486769011464844,0.026628119022867255
TMS20F1307P0101,0.0035640010521935167,0.004404156021829174
TMS20F1313P0017,0.00907290236348305,1.7084468864918037e-4
TMS20F1681P0132,0.01513338705129593,0.04610046474170768
TMS20F1667P0014,0.012964291661580758,0.0068851612550776984
TMS20F1620P0035,0.006514241909874539,0.024647263019911464
TMS20F1654P0002,0.014334511194501626,0.017525079211259176
TMS20F1681P0006,5.93961441205346e-4,0.01758445279524214
TMS20F1611P0058,9.006448614662047e-5,0.011312929213271757
TMS20F1534P0038,0.0137921051867723,8.045749808291577e-4
TMS20F1681P0087,5.154562764483673e-4,0.026828713927618188
TMS20F1679P0031,0.013531596277722267,0.07788159995608392
TMS20F1681P0062,3.505091688794985e-4,0.02615540506107152
TMS20F1533P0017,0.002363221657089144,2.162388632216877e-5
TMS20F1673P0008,0.014263108608823422,0.04466801099281496
TMS20F1681P0095,0.016651715799931646,0.032761115427759044
TMS20F1636P0019,0.013779116664591464,3.346811445673384e-4
TMS20F1652P0019,0.01594772469264,0.02322112884665535
TMS20F1625P0004,0.012499319401743647,0.004444225205942508
TMS20F1619P0029,0.0029871986953801163,0.0032241060433808753
TMS20F1681P0002,0.016025914120897204,0.034314425303202195
TMS20F1611P0018,1.1157958726793468e-4,0.01533292379023533
TMS20F1287P0001,1.7992089916335404e-4,0.005777641723451161
TMS20F1656P0011,2.6016158883579134e-4,0.029841236435086835
TMS20F1007P0008,4.060228467303625e-5,0.006500860132271343
TMS20F1439P0016,0.013423700062954728,6.79555652881558e-7
TMS20F1658P0006,0.005460021967996213,9.025780158284844e-4
TMS20F1609P0048,8.812375213802989e-5,0.01070126992659841
TMS20F1597P0071,0.006295859894182607,0.021431341664473698
TMS20F1597P0033,0.014923852558096138,0.01848513127135504
TMS20F1633P0009,0.01599357744540667,0.0013625647711230104
TMS20F1681P0001,5.447279842827055e-4,0.017705781722470604
TMS20F1673P0012,0.015513656131157008,0.04093266685439258
TMS20F1630P0048,0.013781573668313217,0.011675138270523232
TMS20F1617P0040,0.011621418769462185,0.016724974991698317
TMS20F1672P0008,0.015287335677474251,0.024731554713498905
TMS20F1625P0017,0.012311885596977747,0.010499984171178589
TMS20F1310P0019,0.0017538366858561665,0.001250761093465168
TMS20F1656P0025,0.017002870197521988,0.03111121864434756
TMS20F1523P0011,3.5103018222907684e-7,0.009048233861282506
TMS20F1522P0003,0.006688084786175763,8.534061043741941e-4
TMS20F1676P0008,0.018059782257234595,0.0070754210188181624
TMS20F1634P0016,0.0016349530516470581,2.3798564495510085e-4
TMS20F1448P0009,0.01999490472330044,0.004735482858003833
TMS20F1609P0047,0.012007613390439278,0.006980467087342513
TMS20F1628P0001,0.016027027144847297,0.016876042566340767
TMS20F1636P0030,0.0030977054994512664,0.001849128290373091
TMS20F1479P0038,0.01240391062231826,0.0493857132703227
TMS20F1509P0009,0.0050450725339020105,3.358982184582796e-4
TMS20F1507P0001,0.006976431837380315,0.014067251160161215
TMS20F1307P0037,0.004754826545050949,0.011090024379076276
TMS20F1478P0015,0.0361441517834209,6.262569321579433e-7
TMS20F1306P0064,0.006119935342224116,3.704163486578849e-4
TMS20F1507P0004,0.002137690935896127,0.012486683762765927
TMS20F1473P0045,0.05513402849279082,0.014411944650612475
TMS20F1496P0006,0.006633552837434055,0.04821246247161904
TMS20F1472P0002,0.002099478578500449,0.030074759672143583
TMS20F1502P0005,0.014355454040725805,0.005295933214777238
TMS20F1479P0036,0.014481445644711476,0.029705870288538893
TMS20F1271P0005,0.022318153440530352,5.872776189083694e-5
TMS20F1473P0032,0.00587542455072189,0.036064457741645226
TMS20F1501P0005,0.009154701832102543,2.899507918723766e-4
TMS20F1510P0005,0.009632425997214627,0.02018063803955923
TMS20F1496P0003,0.002957746057319705,0.023842179382031706
TMS20F1476P0012,0.09850180242804733,4.283283492866246e-4
TMS20F1464P0003,0.015524727471743927,0.00208303431515047
TMS20F1307P0039,0.003372522162211836,0.009594652164653376
TMS20F1476P0026,0.12416196103711395,0.005392292320031362
TMS20F1502P0007,0.014907416385180968,2.0849360925938776e-4
TMS20F1476P0021,0.017037040576502217,1.4064215006424465e-5
TMS20F1289P0002,0.015276164215513584,9.281590117080141e-4
TMS20F1475P0016,0.00621519990538137,0.045677014872051745
TMS20F1494P0001,0.007784026489315083,0.0057124969734402955
TMS20F1299P0015,0.010018677282457901,0.005579370395112004
TMS20F1235P0038,0.03390155766010584,0.014623376976621989
TMS20F1473P0039,0.006579083083337701,0.04246829195761729
TMS20F1472P0003,0.03832020131275363,0.016073447246186853
TMS20F1233P0012,0.010074302471420967,0.034049800239126064
TMS20F1486P0001,0.03701680931978069,0.019786111156397005
TMS20F1294P0032,0.01129975746453859,0.004242057700171336
TMS20F1473P0047,0.010431564212999586,0.019233951802418412
TMS20F1294P0021,0.007847899926080901,0.015349662525766231
TMS20F1299P0016,0.010602175196514897,0.0038547484622725586
TMS20F1487P0004,0.019554201843466186,0.004373658526864953
TMS20F1452P0015,0.009699812714339335,0.009348459730389927
TMS20F1452P0025,0.012262267228800694,0.021206512478602894
TMS20F1476P0017,0.10626458850434868,0.0011349405736491487
TMS20F1499P0007,0.00908684971383754,0.0022567036273537576
TMS20F1504P0008,0.0033236500094617843,0.0010839700418138198
TMS20F1476P0014,0.014572669460098052,0.05033418425777691
TMS20F1496P0028,0.0037502483585208834,0.017902593304517534
TMS20F1510P0007,0.0031923168726710233,0.007600324795520809
TMS20F1487P0001,0.025487715446481728,0.02596432430188736
TMS20F1504P0007,0.05393832360822007,6.952405933321585e-5
TMS20F1302P0025,0.008889760172196188,0.014439826505599615
TMS20F1472P0024,0.004803029507548934,0.04914347415278764
TMS20F1475P0008,0.014368017813146047,0.01946522417288639
TMS20F1473P0041,0.01707767610301579,0.04532349824254024
TMS20F1507P0003,0.04382364269124406,1.8627069279250182e-4
TMS20F1476P0031,0.10712672106622914,3.237630812958065e-4
TMS20F1509P0010,0.002116330239843482,2.2192629061444764e-7
TMS20F1510P0009,0.011778519607520861,0.0057250923004713095
TMS20F1479P0013,0.012744993998143429,0.015623601682619408
TMS20F1503P0002,0.010667448732450948,8.684942714832989e-6
TMS20F1233P0060,0.005691946691938553,0.008152371872599004
TMS20F1476P0023,0.014469452036301816,0.003989303191523277
TMS20F1310P0012,0.0013539729966454118,0.0019453902499792506
TMS20F1496P0016,0.01147269806587266,0.005509929706114885
TMS20F1510P0003,0.009381290465172257,0.023136958746904805
TMS20F1473P0040,0.013479542015972233,0.04529272799328134
TMS20F1476P0004,0.07713456453422023,2.97331635049482e-4
TMS20F1309P0015,0.013696492253065372,0.00699973194445036
TMS20F1461P0014,0.056523467990425534,0.007492972035754049
TMS20F1476P0006,0.016138504609137565,3.508794460879858e-4
TMS20F1498P0001,0.004956301734608148,0.010358601331442143
TMS20F1230P0026,0.015311058825920645,0.028200629418003883
TMS20F1502P0003,0.005584820831876159,0.0028347588787653085
TMS20F1473P0034,0.011557051302298211,0.013818921824184354
TMS20F1476P0002,0.006963097179804938,0.05121102173243231
TMS20F1504P0004,0.0013046265447598045,0.004531988803737755
TMS20F1473P0033,0.0019605390071030762,0.05947374580158865
TMS20F1322P0028,0.006923099146026434,3.5331413087976742e-6
TMS20F1310P0008,0.01878511841595477,3.7909402962153224e-4
TMS20F1473P0038,0.013805360245516056,0.039549372494176026
TMS20F1465P0001,0.008747599374217515,2.2941091066237568e-4
TMS20F1233P0039,0.0012199693240349356,0.020097492752346867
TMS20F1286P0013,0.01631736682237368,0.003386888220642845
TMS20F1475P0017,0.05376788482692952,0.00927647316283619
TMS20F1233P0049,0.00715520951802315,0.027149777102223972
TMS20F1306P0065,0.0030790943592550616,7.011968148454325e-6
TMS20F1504P0002,0.010337884288929438,0.016297114041353637
TMS20F1458P0014,0.012201294435318541,0.009721804969923666
TMS20F1478P0025,0.05356103253598011,3.627610107988254e-4
TMS20F1510P0008,0.011655555549792885,0.010208826737326517
TMS20F1295P0001,0.010973989484331197,9.071733982199628e-4
TMS20F1298P0014,0.0015745117577901304,0.01978008758532042
TMS20F1479P0003,0.012747259610876959,0.02527814975141632
TMS20F1475P0012,0.0053948853480699655,0.03647824938133707
TMS20F1479P0011,0.013208960351257853,0.0244583821372723
TMS20F1454P0001,0.008439828211739062,6.714507604807025e-4
TMS20F1479P0008,0.00591078159029195,0.04927569532081448
TMS20F1496P0001,0.00209541561328027,0.01752997585333994
TMS20F1476P0010,0.10774480411453445,1.3977337221425075e-5
TMS20F1472P0004,0.016622615925463012,0.022302407934805958
TMS20F1472P0010,3.5047948594338955e-5,0.015149928180833955
TMS20F1489P0004,0.10953306510993811,3.49981431312106e-4
TMS20F1475P0011,0.03149506031048583,0.02522998548359502
TMS20F1476P0013,0.09794596272336412,0.00238513559184399
TMS20F1472P0012,0.00273679135076474,0.08524018801740539
TMS20F1479P0014,0.01548987218756781,0.061067044145405806
TMS20F1474P0007,0.008958905522500787,0.00295773485513493
TMS20F1475P0019,0.008507055162822517,0.02025282748113932
TMS20F1472P0049,0.006449678407056506,0.01976665291742335
TMS20F1452P0022,0.016336384265971327,0.007073272622704258
TMS20F1455P0004,1.3732014606159833e-5,1.8863702741900196e-5
TMS20F1475P0004,0.018555745200500712,0.0270861155442119
TMS20F1489P0011,0.015983353891643466,5.509076647491181e-4
TMS20F1495P0001,0.014979958953915188,3.227890475117683e-5
TMS20F1472P0030,0.00970642195865554,0.031430793799047396
TMS20F1460P0009,0.012776562387030106,2.0355251541317895e-4
TMS20F1485P0047,0.001368261452259784,1.28466907290169e-4
TMS20F1472P0034,0.024051048664703985,0.0010132904523286843
TMS20F1460P0005,0.08532252266280442,0.006241899381946704
TMS20F1462P0011,0.010394228451073413,3.9231518766657e-4
TMS20F1472P0028,0.01827221849024731,0.03829925991247109
TMS20F1452P0013,0.0011845752420758355,0.0036952373903697527
TMS20F1475P0015,0.004765935953262644,0.02967388394916125
TMS20F1474P0011,0.013647550043532061,1.7922184972162607e-4
TMS20F1468P0010,0.006865123071865563,4.379991852470998e-4
TMS20F1472P0033,0.004285796205187037,0.008516442049815838
TMS20F1472P0041,0.013881503210442113,0.025550642207012645
TMS20F1472P0040,0.0013260021341378098,0.03915209920568847
TMS20F1509P0003,0.008336820609364248,8.408101045556397e-5
TMS20F1489P0007,0.04838570537140703,0.004831613856565758
TMS20F1489P0008,0.0186321677374373,1.9051773393956732e-4
TMS20F1474P0015,0.013408794357499226,6.310858630747359e-5
TMS20F1504P0005,0.013361636797723312,0.008407339731787962
TMS20F1472P0005,0.0015324507833049982,0.02671537518917895
TMS20F1474P0010,0.05699799936761736,0.008085516181629074
TMS20F1493P0001,0.002299958145024974,0.002275013664250102
TMS20F1472P0021,0.07249671780548336,0.02565193709353482
TMS20F1489P0005,0.016575459643455092,1.0607401122392691e-4
TMS20F1474P0006,0.07281540903563402,0.006190710519350176
TMS20F1486P0006,0.009568689722600192,0.011550864272640465
TMS20F1489P0013,0.10803977151397469,0.002290510305251726
TMS20F1475P0009,0.00661133036210011,0.015537421056061073
TMS20F1500P0004,0.09198870400822207,6.78989313919108e-5
TMS20F1487P0009,0.0922931885387992,0.02273348592056984
TMS20F1509P0017,0.005643574866473828,0.005197720152694455
TMS20F1510P0004,0.009867802205197894,0.014471201731999847
TMS20F1472P0029,0.05986774224904326,1.0754368663823604e-5
TMS20F1460P0013,0.043946175273142984,1.7496166112567085e-4
TMS20F1489P0002,0.014168580409004919,5.382338785228794e-4
TMS20F1476P0019,0.00710953359190889,0.028307118641253043
TMS20F1462P0002,0.009581889855130794,2.1276459778442756e-4
TMS20F1487P0006,0.09384052889401125,0.014590271019783333
TMS20F1454P0002,0.009462404757327727,0.0034849748996729577
TMS20F1472P0039,0.011781936726454143,0.0077005761661569
TMS20F1474P0001,0.007694485193553689,0.006558563026564941
TMS20F1491P0002,0.0320259752457845,0.01741295791367458
TMS20F1490P0001,0.0055191742507390085,0.050983003991731106
TMS20F1453P0001,5.933653550726737e-4,0.009364111890937634
TMS20F1460P0022,0.009386539040431772,1.7278449851943444e-4
TMS20F1472P0038,0.0508568977198799,2.827149381794091e-4
TMS20F1474P0009,1.0502443473803815e-4,0.0162633297364667
TMS20F1472P0022,0.07150400685099044,0.010529826720845197
TMS20F1453P0002,0.014183991157272851,0.0012977257806521519
TMS20F1491P0007,0.011388382054504886,6.679358505557343e-4
TMS20F1489P0009,0.017374381256960298,0.017264411319868406
TMS20F1489P0001,0.014746430926641598,0.001218435904491897
TMS20F1464P0001,0.001709757263091656,0.0014837505178343755
TMS20F1509P0001,0.004410531818674553,9.757278333365024e-5
TMS20F1487P0003,0.013411298080884546,0.002280045560340952
TMS20F1496P0004,0.006801647640343282,0.030049269080439544
TMS20F1475P0018,0.014885890686868675,0.009860812282962877
TMS20F1472P0042,0.0067178745872333474,0.021192023649591062
TMS20F1473P0023,0.012423827675228346,0.003039601367353548
TMS20F1472P0027,0.10190376310165775,0.01262596716923406
TMS20F1472P0055,0.011224662259424426,0.004963711407508243
TMS20F1509P0015,0.011008815447907886,0.0014537718584652253
TMS20F1472P0020,0.05887316125633105,0.03136343501133283
TMS20F1494P0006,0.011669464607199599,0.004633730001572647
TMS20F1460P0020,0.09381540671004786,0.0019851590065665006
TMS20F1477P0036,0.008723001517809007,0.05941293071789386
TMS20F1487P0007,0.06382197178733039,0.011503814552424708
TMS20F1473P0021,0.004765667387350886,0.06361662853866996
TMS20F1472P0047,0.003331890629688241,0.009156780415852566
TMS20F1461P0001,0.0032121713772143828,0.009560836938397807
TMS20F1460P0007,0.008196876508096368,0.006135403176700982
TMS20F1458P0004,0.010260841604561149,1.9360119234066301e-4
TMS20F1452P0020,0.014152066912308988,0.006059281752343786
TMS20F1457P0006,0.020382863959536996,0.04614082188615524
TMS20F1452P0011,0.01305829501750645,0.024782193861158236
TMS20F1460P0010,5.68003919494493e-4,0.007116095880684097
TMS20F1485P0015,0.0020969511227801156,0.008626266072973473
TMS20F1457P0001,9.601660879375018e-4,0.014571959683246174
TMS20F1469P0001,0.013744663488902898,0.0027683261692475936
TMS20F1460P0016,0.008507530831378835,9.732288265284062e-4
TMS20F1459P0007,0.09377308771999923,0.0018263069299098798
TMS20F1472P0011,0.02949457619988459,0.007843642514898178
TMS20F1460P0029,0.08726029980183743,0.006286828254367374
TMS20F1472P0036,0.0468062749781943,0.01280233704137931
TMS20F1462P0012,0.007585205133365486,0.008333695580501125
TMS20F1473P0022,0.012604243496072377,0.02075944748774169
TMS20F1460P0021,0.012255033068055084,0.0011129554480012185
TMS20F1472P0025,0.006539020147415404,0.021158921963147354
TMS20F1473P0013,0.017036852480558678,0.04637994184213628
TMS20F1460P0033,0.010508151133338337,0.0017258751359339154
TMS20F1472P0031,0.004639483112830634,0.020184714645170236
TMS20F1472P0044,0.01512288314848877,0.004390800067761124
TMS20F1473P0020,5.107407027763535e-4,0.04330794393928983
TMS20F1458P0006,0.0016593113896273496,5.936443989359081e-4
TMS20F1472P0009,0.011747376362387983,0.005865704608593972
TMS20F1452P0007,6.266236321910179e-4,5.508034922609872e-4
TMS20F1462P0018,0.01083143900091916,4.0712364121793857e-4
TMS20F1477P0029,0.06800771853109189,0.03447579959351822
TMS20F1461P0002,0.01007336615397533,6.636588081635299e-4
TMS20F1459P0002,0.016226437371198853,0.004709295191055596
TMS20F1457P0010,7.259722396488691e-4,0.018276344554804043
TMS20F1477P0015,0.002443477065750874,0.14841604889379245
TMS20F1467P0006,8.257491540190316e-5,0.010153565628816145
TMS20F1460P0001,0.008597652055911722,0.007353877574012128
TMS20F1473P0008,0.0045808388190075955,0.07552505550261672
TMS20F1473P0002,0.016452688292491427,0.0636879007628597
TMS20F1460P0002,0.009214940499208808,0.014188702927702456
TMS20F1473P0014,0.01603589029718186,0.03538502620331626
TMS20F1460P0026,0.011716432300829825,0.001456778694067832
TMS20F1473P0028,0.017051697983989738,0.04238608094287381
TMS20F1473P0026,0.008705269994095745,1.262852223250962e-4
TMS20F1460P0015,0.0015551522257571788,1.740542779199654e-4
TMS20F1462P0010,0.01164760551946526,5.948046290166934e-4
TMS20F1472P0032,0.0053566404627811565,0.03150549355473195
TMS20F1466P0001,1.4756728315484176e-4,3.740320138743865e-5
TMS20F1469P0002,0.012623049710574293,0.0010476556524050907
TMS20F1502P0001,1.5806995792910384e-5,0.0010539768204073563
TMS20F1460P0036,0.008195229207723538,0.013205281831245235
TMS20F1472P0046,6.243995732255857e-4,0.029111468882455513
TMS20F1466P0002,0.0012767295274904763,0.0022303836490375926
TMS20F1459P0004,0.08700622136348739,0.008732696822720876
TMS20F1473P0009,0.01616946870335429,0.04311673338148843
TMS20F1452P0019,5.48831032747502e-4,9.100445121317625e-5
TMS20F1468P0008,0.0040607258671098755,0.001734132320518143
TMS20F1472P0059,0.02206471740371032,0.01699781131309855
TMS20F1468P0006,0.006091283237337334,0.004630048312699987
TMS20F1479P0019,0.004039267276634571,0.06442876683478863
TMS20F1473P0003,0.014729398292329185,0.0393888403421458
TMS20F1466P0005,0.022513586335097306,0.012253794778534383
TMS20F1472P0016,0.0017168071408024629,0.04216155737483863
TMS20F1460P0027,0.01381021609553097,0.005062751667553333
TMS20F1479P0035,0.0029491237693662505,0.03716681758126548
TMS20F1478P0006,0.0070416689500791725,0.009452240675664372
TMS20F1477P0045,0.00514699598464035,0.05966886019856741
TMS20F1479P0056,0.007496177862105595,0.02451149729085628
TMS20F1472P0001,0.06873649695753618,0.008230021361385563
TMS20F1476P0007,0.09382086049884701,5.957359378710337e-4
TMS20F1510P0014,0.011090187642744772,0.008771269697419846
TMS20F1467P0002,0.005270727417950172,0.0011192294343992416
TMS20F1476P0020,0.1060909310699485,0.0035339945097308096
TMS20F1467P0005,9.028974419058955e-4,0.0025278939171930435
TMS20F1480P0002,0.015300822714599907,0.005870457229160574
TMS20F1456P0002,0.014176596503087632,0.008811033149024202
TMS20F1479P0040,0.0033151576545898767,0.07864334217917428
TMS20F1468P0005,6.385555143116057e-5,0.005155725709928694
TMS20F1485P0027,0.001726128022485528,0.005623731874806834
TMS20F1477P0003,0.015427117753707522,0.0559913897906655
TMS20F1479P0055,0.01224107559084101,0.025053823460300426
TMS20F1459P0005,0.0037297480949297604,0.027655261789703612
TMS20F1476P0041,0.02008548272271464,0.009591333586538034
TMS20F1456P0004,0.015132259089573481,0.007177333965242581
TMS20F1482P0003,0.0018997777041340367,0.018521145627708704
TMS20F1468P0004,0.00991364339900895,3.0740633410677896e-6
TMS20F1478P0007,0.010998047906377229,0.0017386460786618695
TMS20F1460P0028,0.011016197088084519,4.320161959707847e-4
TMS20F1476P0038,0.019003267218997033,0.005380898323846652
TMS20F1478P0003,0.003993781468936982,0.030194292485092686
TMS20F1478P0005,0.01584599519323901,0.01611440752029326
TMS20F1477P0018,7.851849007341136e-4,0.05558114063335407
TMS20F1478P0010,0.06098349591364148,0.01990660077697931
TMS20F1476P0047,0.0699037889909292,0.004252286713711945
TMS20F1461P0010,0.055956236861444006,0.010432892480391318
TMS20F1472P0067,0.0010179717104325074,0.04864941453865004
TMS20F1456P0006,0.013437202649657832,0.009610256659417726
TMS20F1477P0016,0.0018561534197869436,0.1369079822652127
TMS20F1510P0011,0.009141639486716287,0.005220017471980557
TMS20F1485P0045,0.0017277057801098465,8.49029497141524e-4
TMS20F1476P0050,0.11296573821893657,8.014936427514183e-4
TMS20F1456P0008,0.016745240774906637,0.012541934145613935
TMS20F1472P0007,0.04109932704244041,0.003673036321584927
TMS20F1475P0005,0.006082204209613468,0.030950408448359522
TMS20F1467P0003,0.015586778705549179,7.065842731380096e-4
TMS20F1476P0027,0.01446187776707408,0.07227408455711261
TMS20F1455P0002,6.084718577667662e-6,0.0013488970380502179
TMS20F1477P0019,0.006183063662085609,0.0521265937917808
TMS20F1484P0001,1.8562520853233698e-5,4.0112575246485107e-4
TMS20F1462P0014,0.008541571059631005,0.002450045063406139
TMS20F1478P0013,0.012383016423404385,0.003383100797797369
TMS20F1485P0040,0.0011653163619038706,0.003786258721078452
TMS20F1461P0003,1.3874802478461302e-5,0.0015373692872662514
TMS20F1485P0009,0.003422126378587596,0.010391016236180642
TMS20F1454P0003,0.008773777411519168,3.370829588234041e-4
TMS20F1497P0007,0.00881800517560027,0.01134276747191781
TMS20F1477P0007,0.005835116189116422,0.0395138476269197
TMS20F1477P0044,0.016467805261255224,0.07196844433091434
TMS20F1460P0025,0.04242425403534467,5.49988865315123e-5
TMS20F1476P0032,0.0915168151107353,0.0018441575149383811
TMS20F1472P0063,0.04610511362542404,0.0030169164307136
TMS20F1472P0064,0.03045270808029032,0.001144337634015242
TMS20F1476P0046,0.09713880844975979,0.0035279269391215937
TMS20F1467P0004,0.007939824405815999,0.011912988203933052
TMS20F1510P0012,0.013860745915706992,0.0030067892151341606
TMS20F1485P0013,0.006200082102323649,0.018880920673871624
TMS20F1468P0002,0.012057311959878768,5.393222337434052e-5
TMS20F1460P0034,0.009278102888292407,0.0012682021171676757
TMS20F1454P0006,0.011413267448016776,0.0017155572132320773
TMS20F1457P0003,0.019212293927388362,0.017070943562812392
TMS20F1473P0018,0.006730038554841619,0.0369216507757068
TMS20F1472P0017,0.009691622801218398,0.0019877759221652415
TMS20F1479P0052,0.016645500797356803,0.03944671277616993
TMS20F1477P0010,0.003672632919290019,0.08087518833352592
TMS19F1192P0003,0.02054135829191161,1.6367146031960388e-4
TMS19F1225P0006,0.01996300888283147,0.008507776062466438
TMS20F1484P0002,3.986609869869187e-5,0.0027901280188724863
TMS19F1219P0131,0.0018282988833500792,0.008070072961094691
TMS20F1458P0009,0.014896233230794106,0.0012592326527228314
TMS19F1509P0026,0.0193574171061993,0.001607197406922232
TMS19F1517P0034,0.0170119538458085,2.519965002045868e-4
TMS20F1472P0026,0.018124164225999825,0.018155926365301497
TMS19F1219P0072,0.001631422593761628,0.011846000701947973
TMS19F1072P0121,0.0098486234489664,0.009240838926251785
TMS19F1219P0007,0.020639934448086414,0.0023730702970275407
TMS20F1481P0002,0.0011910217266957637,0.012257171120333083
TMS19F1225P0014,0.021506097652983606,0.025361200286627698
TMS19F1193P0073,8.964535537588382e-6,0.013509925556220112
TMS19F1406P0009,0.002090966356803144,0.009409060669624084
TMS20F1461P0007,0.008504442943577474,0.005481688405581349
TMS19F1219P0090,0.0012569921359190286,0.006366808957433984
TMS20F1501P0007,0.05643723931551633,0.011862546945168502
TMS19F1406P0002,0.0067805608243994425,0.009104844572355332
TMS20F1476P0025,0.02413066057799341,0.015558387200364255
TMS19F1233P0019,0.021562238547899796,0.0015791232500609808
TMS19F1224P0002,0.021496098925074484,0.007740925349113715
TMS19F1397P0019,0.01541776169526531,0.02837386608382704
TMS20F1466P0003,0.007875331698329236,5.315091038088245e-4
TMS19F1193P0024,1.2003719582461815e-4,0.018450172701035904
TMS19F1192P0004,0.02096109570373567,4.716708830874397e-4
TMS19F1408P0002,0.008512010624719337,0.061066176578276433
TMS19F1219P0180,0.017651370803126065,3.5857485732621416e-4
TMS19F1233P0024,0.02204888281157268,0.004534102479288708
TMS19F1407P0010,6.345977745252784e-4,0.018567211551186517
TMS19F1194P0053,0.021743032080318712,6.633376611006129e-4
TMS19F1219P0089,0.0014175381725795766,0.004343398063976817
TMS19F1069P0015,0.0063017608054147505,0.010259642843784137
TMS19F1228P0027,0.028634431262615088,0.03389469854450222
TMS19F1219P0038,0.0025560912835582957,0.003928428930990439
TMS19F1371P0025,0.010187588483868332,7.608128077079524e-4
TMS19F1228P0001,0.026473474342141066,0.03130037968818499
TMS19F1507P0030,0.021095027643718244,6.113897681103575e-4
TMS19F1011P0056,0.008467767564269464,8.508223211024897e-5
TMS19F1527P0041,0.016409874344932775,2.9381855423177712e-5
TMS19F1233P0036,0.02150338830972224,0.0026456442509050528
TMS19F1225P0017,0.021919589874110166,0.021457394645237073
TMS19F1507P0003,0.029213052109174416,0.007037029316685995
TMS19F1194P0013,0.021321137601957068,8.034363681487835e-6
TMS19F1189P0043,0.021118882190011838,0.0037032186151320953
TMS19F1210P0006,0.006880037179053709,8.279502066708632e-4
TMS19F1219P0139,4.674913735357558e-4,0.012307478072132609
TMS19F1394P0001,0.005021864123897474,0.004811527205061209
TMS19F1509P0021,0.02150838581462455,0.006392651649894955
TMS19F1527P0070,0.004012942688562986,0.0013026685818946409
TMS19F1228P0017,0.023274283793158962,0.02578417197884172
TMS19F1219P0177,0.01939564487152426,3.903131996559446e-4
TMS19F1219P0030,0.018402744000182446,0.0013215260422107036
TMS19F1225P0020,0.02050774402998358,0.018102520195655142
TMS19F1189P0045,0.02127223503935431,0.0010275107440278618
TMS19F1397P0021,0.006475632619203684,0.015459979144911106
TMS19F1537P0009,0.01972159315268704,3.778881554780812e-4
TMS19F1513P0015,0.011027312929652807,0.02471385938587374
TMS19F1253P0020,0.0081156122651357,0.01223544234351988
TMS19F1189P0037,0.02383062436376492,0.0056270545517879125
TMS19F1181P0008,0.021324346163631366,1.465697188835504e-4
TMS19F1193P0010,1.7567061748838667e-5,0.013271156370504154
TMS19F1509P0005,8.333943062860181e-5,0.0072846312152471315
TMS19F1395P0009,0.009120119616882078,0.014901415207477106
TMS19F1225P0010,0.021380201564257153,0.02239022773082379
TMS19F1069P0053,0.007154292893413979,0.015190660211212613
TMS19F1011P0025,0.008242782216207233,0.00208392665646098
TMS19F1233P0045,0.022058695312578213,0.01294315587333465
TMS19F1397P0011,0.005085141850280875,0.0035159767794096953
TMS19F1194P0103,0.020932025193017387,0.0017951141574414867
TMS19F1527P0046,0.016390656825898617,2.895536089178699e-5
TMS19F1219P0003,0.0015864743793617606,0.0020608264319403008
TMS19F1498P0029,0.002987726136272527,0.0012774168931830544
TMS19F1225P0012,0.02249046023676976,0.013110840904776929
TMS19F1394P0035,0.00533601932749135,0.00670194985153699
TMS19F1182P0020,9.81833528852916e-4,0.00846187327245053
TMS19F1193P0055,2.6245152500200185e-5,0.012308717158550458
TMS19F1359P0027,0.00755590619958367,1.8048867269108035e-5
TMS19F1270P0019,7.795733964203722e-4,0.010850552668250293
TMS19F1181P0056,0.006608138825317358,2.576665848421904e-4
TMS19F1233P0090,0.02329405047013532,0.011517600444956411
TMS19F1359P0051,0.006556476237748389,0.009281422518572188
TMS19F1270P0016,0.003665756370205016,4.778952424072747e-4
TMS19F1397P0059,2.1954353920082082e-4,0.009665208406056782
TMS19F1527P0042,0.019079890885730547,5.791890039314172e-5
TMS19F1270P0011,0.006710899173049234,0.008712033018705578
TMS19F1394P0038,0.006887091509640637,0.011219936259433315
TMS19F1537P0015,0.016621547459311502,4.5702138011770874e-4
TMS19F1527P0015,0.018848440543891724,5.55422566536774e-4
TMS19F1219P0127,0.018327717316329047,0.0024011689449358474
TMS19F1395P0004,0.005896885309742057,0.006643082105391949
TMS19F1509P0013,0.027184311662685524,0.018337984214574488
TMS19F1189P0046,0.018795869977732745,1.4964977839450795e-5
TMS20F1306P0036,0.007808772503852735,5.702114198571476e-5
TMS20F1476P0039,0.03898210691417897,0.004377814139925923
TMS18F1505P0057,6.086295904892031e-4,0.0016307386320135381
TMS18F1520P0039,0.0018054280037735476,0.007966929077416557
TMS20F1477P0040,0.0020642370141183315,0.03746411740033979
TMS20F1497P0008,0.010963043750395519,0.013842952189137055
TMS20F1681P0036,4.0502745575653643e-4,0.027269266127519332
TMS20F1006P0007,0.01203593341264937,7.715540502551436e-4
TMS20F1158P0021,0.013995561551177729,0.006350662481261393
TMS18F1489P0038,0.06316313280992096,0.008277113369146723
TMS20F1455P0001,0.009259038356196111,0.002882698187857361
TMS18F1562P0023,0.02403751412697738,0.008067804617241919
TMS18F1489P0040,0.012587612739820809,0.00427365356996758
TMS18F1562P0030,0.01387645582967006,0.004029249108270163
TMS18F1539P0063,0.011125704320804482,0.0064377658242077695
TMS18F1539P0073,0.017805570851200717,0.030964511903404456
TMS18F1505P0047,1.8876502402069657e-5,1.9293626123993215e-5
TMS19F1142P0014,0.009736204510549297,0.005601457210733983
TMS19F1017P0043,0.09177846313747341,0.02318367954627779
TMS19F1015P0001,0.015138450865000088,0.001707900134402737
TMS19F1147P0030,0.009477879770518586,0.0025821614035004105
TMS19F1293P0042,0.007622018442019643,7.280524013366971e-5
TMS19F1110P0029,0.004124314100416511,8.354968623182561e-4
TMS18F1562P0025,0.09347612550805211,0.006392016219351016
TMS18F1562P0026,0.002859846856063528,0.09028695309925
TMS19F1301P0001,0.02152193939546343,6.704731963158897e-4
TMS19F1196P0001,0.007314880087487995,0.036344265821320165
TMS19F1360P0008,0.004673869133097099,0.02462401705408131
TMS19F1063P0053,0.010709412596760379,0.0031162304351947385
TMS19F1077P0028,0.012898942292863326,0.005651331385678061
TMS19F1466P0016,0.0046617197742867674,5.561689556058972e-4
TMS19F1304P0114,0.014720283075039269,0.002154552453389302
TMS19F1351P0040,0.0015829879350241593,0.029850279845454616
TMS19F1015P0002,0.014351296885132982,0.0037085702768724577
TMS19F1017P0097,0.008577060689726702,0.0010969781034067699
TMS18F1506P0018,0.010049368701073105,0.0013361446370458835
TMS19F1066P0026,0.016192865522348967,1.74063935878479e-5
TMS19F1060P0009,0.01425033009175227,0.016148382751299383
TMS19F1292P0003,0.00843266797527431,0.0031533014235018745
TMS19F1300P0036,0.006235908468230353,0.0022947059501099596
TMS19F1226P0213,0.00727080651625802,8.167199264139352e-5
TMS19F1017P0029,0.012026233764168243,0.006942919762573332
TMS19F1316P0116,1.2113163011730968e-7,7.509270850462023e-4
TMS19F1205P0062,0.020975801609685697,0.011795498388672835
TMS19F1286P0065,0.027564261007974836,0.0027674119762662558
TMS19F1086P0014,0.010944869219404754,0.01892158072877506
TMS19F1437P0004,0.017705166912816303,0.01527041055966335
TMS19F1041P0120,0.016860756978533932,7.913797054148282e-4
TMS19F1361P0001,0.00898640452046736,0.0038533396921682467
TMS19F1295P0033,0.03370325311848424,3.4343340345223454e-4
TMS19F1142P0003,0.06155594527250792,2.6350377627095523e-4
TMS19F1017P0089,0.011755120121297901,0.001078820920892036
TMS19F1024P0019,0.00793625407055397,0.005639486077588505
TMS19F1440P0074,0.004368435516633912,0.0014179858719935224
TMS19F1366P0016,0.009897764886789825,0.020718353327118313
TMS19F1293P0011,0.007392100163604387,4.169966572267715e-8
TMS19F1301P0020,0.017054865129091268,1.850848644470279e-4
TMS19F1071P0017,0.013577886312768886,0.0048068881101458035
TMS19F1385P0007,0.020136897475652185,2.985454330504572e-4
TMS19F1329P0033,0.0027226381985630942,0.00933458066758903
TMS19F1026P0004,0.0016442971701251877,0.0028643679064858543
TMS19F1183P0037,0.023041925674866647,0.0180137028389545
TMS19F1331P0004,0.0025043037742635455,9.573187553662719e-5
TMS19F1329P0025,0.00319588691863882,0.0029390345604513716
TMS19F1057P0002,0.02013648880056,0.0018191276049946935
TMS19F1437P0047,0.016280366964872412,0.008528100260509139
TMS19F1384P0056,0.018807938548606788,0.0020651031359130633
TMS19F1218P0020,0.06055746918325743,0.002355448056337156
TMS19F1080P0071,0.007807998449134784,5.562079815516219e-4
TMS19F1091P0065,0.008898516145991861,0.007385380497357412
TMS19F1386P0058,0.014545485067525704,5.278464017375139e-5
TMS19F1090P0030,0.0012947388208449072,2.0425961087532033e-6
TMS19F1423P0003,0.0014527958638622005,0.0011136957790817592
TMS19F1043P0036,0.008602853758157874,0.011468184741505435
TMS19F1086P0030,0.012381894615698871,0.013416414517762244
TMS19F1067P0043,0.00722627161113029,0.010265781541665655
TMS19F1440P0022,1.642017688612811e-4,2.9215131085946674e-4
TMS19F1063P0176,0.02749089112386643,1.8706247751113571e-4
TMS19F1329P0008,0.002378733073141239,0.005106442979524734
TMS19F1388P0043,0.0022724202076382792,3.386299549127903e-4
TMS19F1007P0004,0.02021249208352835,0.045803470471390204
TMS19F1286P0006,0.017103684948815586,0.013440964562897286
TMS19F1503P0016,0.0028401649802911755,9.800908755718373e-4
TMS19F1087P0045,0.016786155689387298,0.029888596938787475
TMS19F1271P0016,0.014786891153833368,0.002821484037579289
TMS19F1421P0005,0.003018929874507434,0.0030256646097837096
TMS19F1437P0065,0.01540018814500722,0.01346759881230437
TMS19F1338P0038,1.0822528787053935e-4,4.840244772283265e-4
TMS19F1293P0082,0.005859501066877313,4.705802763579073e-4
TMS19F1410P0014,0.02125707836101124,0.012525267572539587
TMS19F1267P0009,0.020201799431075106,9.042668696722738e-5
TMS19F1350P0007,0.009762392742736213,3.588513117463396e-4
TMS19F1414P0076,0.012921249816523773,1.3203075562853584e-4
TMS19F1293P0037,0.004202140136630025,1.4437279010160203e-5
TMS19F1351P0042,0.011101166174808549,0.05547603527667121
TMS19F1304P0001,0.015368261842010967,0.006388807485442976
TMS19F1375P0045,0.007538891560555003,0.018819654129610307
TMS19F1078P0041,0.010585766999674215,0.0024244382198736563
TMS19F1379P0032,0.0010599004323592273,0.00701477503031621
TMS19F1304P0044,0.014634320869711148,0.039983102439616655
TMS19F1365P0061,0.012735133906741839,0.005678279423638133
TMS19F1422P0002,0.00938564046316849,6.688410057979656e-5
TMS19F1041P0112,0.013092890036297702,6.084551515530259e-4
TMS19F1024P0006,4.3955974258725576e-5,0.0038884960262990935
TMS19F1014P0048,0.013563862982852044,1.079178727300098e-5
TMS19F1286P0075,5.162996608799497e-4,0.005124244638439802
TMS19F1143P0036,1.581664909474942e-4,0.03903490070986251
TMS19F1240P0143,0.027208340260468953,0.04105751612521067
TMS19F1198P0059,0.026186619246706098,0.023760309765539007
TMS19F1080P0090,0.0103053070834552,8.351583057870345e-4
TMS19F1315P0070,8.549759794416443e-7,0.0013794933127795263
TMS19F1016P0044,0.00946298921397622,0.0026283722392255356
TMS19F1218P0011,0.002408947845915838,4.609798599622039e-4
TMS19F1050P0056,0.013280845896613672,0.0014631858963875543
TMS19F1439P0025,0.015698549056525894,0.04162331908287982
TMS19F1271P0027,0.017226188286506308,0.007737190243169911
TMS19F1285P0009,0.005771589537079588,0.009300947310887962
TMS19F1219P0084,0.002440277086448343,0.0017585266063548145
