GermplasmName,Compact,Cylindrical,Open,Umbrella
50395,-0.068162550719277,-0.0785305375734872,0.303632772305898,-0.406830692835199
58308,1.76438474122749,-0.0785305375734872,-0.325985136682494,-0.406830692835199
95NA-00063,-0.068162550719277,-0.0785305375734872,-0.325985136682494,0.647832658387614
BAHKYEHEMAA,-0.068162550719277,-0.0785305375734872,0.303632772305898,-0.406830692835199
BONOUA BLANC,-0.068162550719277,1.46105802335842,-0.325985136682494,-0.406830692835199
CARICASS 1,-0.068162550719277,-0.0785305375734872,-0.325985136682494,0.647832658387614
CE85,-0.068162550719277,-0.0785305375734872,0.303632772305898,-0.406830692835199
CH92108,-0.068162550719277,-0.0785305375734872,-0.325985136682494,0.647832658387614
DOKUNBAHKYE,-0.068162550719277,-0.0785305375734872,0.303632772305898,-0.406830692835199
ESAMBAHKYE,-0.068162550719277,-0.0785305375734872,0.303632772305898,-0.406830692835199
I95D069,-0.068162550719277,-0.0785305375734872,0.303632772305898,-0.406830692835199
IITA-TMS-BAD1090592-20,-0.068162550719277,-0.0785305375734872,0.303632772305898,-0.406830692835199
IITA-TMS-BAD9100455,-0.068162550719277,-0.0785305375734872,0.303632772305898,-0.406830692835199
IITA-TMS-BAD9100462,-0.068162550719277,-0.0785305375734872,0.303632772305898,-0.406830692835199
IITA-TMS-BAD9200061,1.76438474122749,-0.0785305375734872,-0.325985136682494,-0.406830692835199
IITA-TMS-BAD9200068,1.76438474122749,-0.0785305375734872,-0.325985136682494,-0.406830692835199
IITA-TMS-BAD92033,-0.068162550719277,-0.0785305375734872,0.303632772305898,-0.406830692835199
IITA-TMS-BAD95070,-0.068162550719277,-0.0785305375734872,-0.325985136682494,0.647832658387614
IITA-TMS-IBA000017,-0.068162550719277,-0.0785305375734872,0.303632772305898,-0.406830692835199
IITA-TMS-IBA000049,-0.068162550719277,-0.0785305375734872,-0.325985136682494,0.647832658387614
IITA-TMS-IBA000061,-0.068162550719277,1.46105802335842,-0.325985136682494,-0.406830692835199
IITA-TMS-IBA000070,0.915364550131376,-0.727524872536451,0.0908796740231863,-0.372250119904851
IITA-TMS-IBA000093,-0.068162550719277,-0.0785305375734872,-0.325985136682494,0.647832658387614
IITA-TMS-IBA000101,-0.068162550719277,-0.0785305375734872,0.303632772305898,-0.406830692835199
IITA-TMS-IBA000107,-0.068162550719277,-0.0785305375734872,0.303632772305898,-0.406830692835199
IITA-TMS-IBA000203,-0.068162550719277,-0.0785305375734872,0.303632772305898,-0.406830692835199
IITA-TMS-IBA000210,-0.068162550719277,-0.0785305375734872,-0.325985136682494,0.647832658387614
IITA-TMS-IBA000211,-0.068162550719277,-0.0785305375734872,-0.325985136682494,0.647832658387614
IITA-TMS-IBA000214,-0.068162550719277,-0.0785305375734872,0.303632772305898,-0.406830692835199
IITA-TMS-IBA000222,-0.068162550719277,-0.0785305375734872,-0.325985136682494,0.647832658387614
IITA-TMS-IBA000338,-0.12857457078967,-0.147085433667252,-0.565696842611418,1.0334902609656
IITA-TMS-IBA000342,-0.068162550719277,-0.0785305375734872,0.303632772305898,-0.406830692835199
IITA-TMS-IBA000345,-0.068162550719277,1.46105802335842,-0.325985136682494,-0.406830692835199
IITA-TMS-IBA000346,-0.068162550719277,-0.0785305375734872,0.303632772305898,-0.406830692835199
IITA-TMS-IBA000350,-0.068162550719277,-0.0785305375734872,0.303632772305898,-0.406830692835199
IITA-TMS-IBA000351,-0.068162550719277,-0.0785305375734872,-0.325985136682494,0.647832658387614
IITA-TMS-IBA000354,-0.068162550719277,-0.0785305375734872,0.303632772305898,-0.406830692835199
IITA-TMS-IBA000355,-0.068162550719277,-0.0785305375734872,-0.325985136682494,0.647832658387614
IITA-TMS-IBA000364,-0.068162550719277,-0.0785305375734872,0.303632772305898,-0.406830692835199
IITA-TMS-IBA000378,-0.068162550719277,-0.0785305375734872,0.303632772305898,-0.406830692835199
IITA-TMS-IBA000388,-0.068162550719277,-0.0785305375734872,-0.325985136682494,0.647832658387614
IITA-TMS-IBA010034,-0.068162550719277,-0.0785305375734872,-0.325985136682494,0.647832658387614
IITA-TMS-IBA010040,-0.068162550719277,-0.0785305375734872,-0.325985136682494,0.647832658387614
IITA-TMS-IBA010045,-0.068162550719277,-0.0785305375734872,-0.325985136682494,0.647832658387614
IITA-TMS-IBA010046,-0.068162550719277,-0.0785305375734872,0.303632772305898,-0.406830692835199
IITA-TMS-IBA010085,-0.068162550719277,-0.0785305375734872,0.303632772305898,-0.406830692835199
IITA-TMS-IBA010098,-0.068162550719277,-0.0785305375734872,-0.325985136682494,0.647832658387614
IITA-TMS-IBA010103,-0.068162550719277,-0.0785305375734872,-0.325985136682494,0.647832658387614
IITA-TMS-IBA010131,-0.068162550719277,-0.0785305375734872,0.303632772305898,-0.406830692835199
IITA-TMS-IBA010169,-0.068162550719277,-0.0785305375734872,0.303632772305898,-0.406830692835199
IITA-TMS-IBA010171,-0.068162550719277,-0.0785305375734872,0.303632772305898,-0.406830692835199
IITA-TMS-IBA010265,-0.068162550719277,-0.0785305375734872,-0.325985136682494,0.647832658387614
IITA-TMS-IBA010536,-0.068162550719277,-0.0785305375734872,-0.325985136682494,0.647832658387614
IITA-TMS-IBA010606,-0.068162550719277,-0.0785305375734872,0.303632772305898,-0.406830692835199
IITA-TMS-IBA010615,-0.068162550719277,-0.0785305375734872,0.303632772305898,-0.406830692835199
IITA-TMS-IBA010622,-0.068162550719277,-0.0785305375734872,-0.325985136682494,0.647832658387614
IITA-TMS-IBA010728,-0.068162550719277,-0.0785305375734872,0.303632772305898,-0.406830692835199
IITA-TMS-IBA010732,-0.068162550719277,-0.0785305375734872,0.303632772305898,-0.406830692835199
IITA-TMS-IBA010753,-0.068162550719277,-0.0785305375734872,0.303632772305898,-0.406830692835199
IITA-TMS-IBA010760,-0.068162550719277,-0.0785305375734872,0.303632772305898,-0.406830692835199
IITA-TMS-IBA010819,-0.068162550719277,-0.0785305375734872,-0.325985136682494,0.647832658387614
IITA-TMS-IBA010903,-0.068162550719277,-0.0785305375734872,0.303632772305898,-0.406830692835199
IITA-TMS-IBA011086,-0.068162550719277,-0.0785305375734872,-0.325985136682494,0.647832658387614
IITA-TMS-IBA011097,-0.068162550719277,-0.0785305375734872,0.303632772305898,-0.406830692835199
IITA-TMS-IBA011115,-0.068162550719277,-0.0785305375734872,0.303632772305898,-0.406830692835199
IITA-TMS-IBA011206,-0.068162550719277,-0.0785305375734872,-0.325985136682494,0.647832658387614
IITA-TMS-IBA011224,-0.068162550719277,-0.0785305375734872,0.303632772305898,-0.406830692835199
IITA-TMS-IBA011231,-0.068162550719277,-0.0785305375734872,0.303632772305898,-0.406830692835199
IITA-TMS-IBA011273,-0.068162550719277,-0.0785305375734872,0.303632772305898,-0.406830692835199
IITA-TMS-IBA011296,-0.068162550719277,-0.0785305375734872,0.303632772305898,-0.406830692835199
IITA-TMS-IBA011331,-0.068162550719277,-0.0785305375734872,-0.325985136682494,0.647832658387614
IITA-TMS-IBA011335,-0.068162550719277,-0.0785305375734872,-0.325985136682494,0.647832658387614
IITA-TMS-IBA011368,-0.068162550719277,-0.0785305375734872,0.303632772305898,-0.406830692835199
IITA-TMS-IBA011371,-0.182947690594565,-0.208082517151866,0.213816875394086,-0.098518042395216
IITA-TMS-IBA011404,-0.068162550719277,-0.0785305375734872,0.303632772305898,-0.406830692835199
IITA-TMS-IBA011412,-0.068162550719277,-0.0785305375734872,0.303632772305898,-0.406830692835199
IITA-TMS-IBA011413,-0.068162550719277,-0.0785305375734872,0.303632772305898,-0.406830692835199
IITA-TMS-IBA011417,-0.068162550719277,-0.0785305375734872,0.303632772305898,-0.406830692835199
IITA-TMS-IBA011423,-0.068162550719277,-0.0785305375734872,-0.325985136682494,0.647832658387614
IITA-TMS-IBA011442,-0.068162550719277,-0.0785305375734872,0.303632772305898,-0.406830692835199
IITA-TMS-IBA011551,-0.068162550719277,-0.0785305375734872,0.303632772305898,-0.406830692835199
IITA-TMS-IBA011560,-0.068162550719277,-0.0785305375734872,-0.325985136682494,0.647832658387614
IITA-TMS-IBA011635,-0.068162550719277,-0.0785305375734872,-0.325985136682494,0.647832658387614
IITA-TMS-IBA011646,-0.068162550719277,1.46105802335842,-0.325985136682494,-0.406830692835199
IITA-TMS-IBA011659,-0.068162550719277,-0.0785305375734872,0.303632772305898,-0.406830692835199
IITA-TMS-IBA011663,-0.068162550719277,-0.0785305375734872,-0.325985136682494,0.647832658387614
IITA-TMS-IBA011732,-0.068162550719277,-0.0785305375734872,-0.325985136682494,0.647832658387614
IITA-TMS-IBA011735,-0.068162550719277,-0.0785305375734872,0.303632772305898,-0.406830692835199
IITA-TMS-IBA011752,-0.068162550719277,-0.0785305375734872,-0.325985136682494,0.647832658387614
IITA-TMS-IBA011760,-0.068162550719277,-0.0785305375734872,-0.325985136682494,0.647832658387614
IITA-TMS-IBA011797,-0.068162550719277,-0.0785305375734872,-0.325985136682494,0.647832658387614
IITA-TMS-IBA011802,-0.068162550719277,-0.0785305375734872,0.303632772305898,-0.406830692835199
IITA-TMS-IBA011807,-0.068162550719277,-0.0785305375734872,-0.325985136682494,0.647832658387614
IITA-TMS-IBA011811,-0.068162550719277,-0.0785305375734872,0.303632772305898,-0.406830692835199
IITA-TMS-IBA011813,-0.068162550719277,-0.0785305375734872,0.303632772305898,-0.406830692835199
IITA-TMS-IBA020091,-0.068162550719277,-0.0785305375734872,-0.325985136682494,0.647832658387614
IITA-TMS-IBA020093,-0.068162550719277,-0.0785305375734872,0.303632772305898,-0.406830692835199
IITA-TMS-IBA020100,-0.068162550719277,-0.0785305375734872,0.303632772305898,-0.406830692835199
IITA-TMS-IBA020103,-0.068162550719277,-0.0785305375734872,0.303632772305898,-0.406830692835199
IITA-TMS-IBA020105,-0.068162550719277,-0.0785305375734872,-0.325985136682494,0.647832658387614
IITA-TMS-IBA020129,-0.068162550719277,-0.0785305375734872,-0.325985136682494,0.647832658387614
IITA-TMS-IBA020131,-0.068162550719277,-0.0785305375734872,-0.325985136682494,0.647832658387614
IITA-TMS-IBA020133,-0.068162550719277,-0.0785305375734872,-0.325985136682494,0.647832658387614
IITA-TMS-IBA020134,-0.068162550719277,-0.0785305375734872,-0.325985136682494,0.647832658387614
IITA-TMS-IBA020233,-0.068162550719277,-0.0785305375734872,-0.325985136682494,0.647832658387614
IITA-TMS-IBA020285,-0.068162550719277,-0.0785305375734872,-0.325985136682494,0.647832658387614
IITA-TMS-IBA020388,-0.068162550719277,-0.0785305375734872,-0.325985136682494,0.647832658387614
IITA-TMS-IBA020409,-0.068162550719277,-0.0785305375734872,-0.325985136682494,0.647832658387614
IITA-TMS-IBA020431,-0.068162550719277,-0.0785305375734872,0.303632772305898,-0.406830692835199
IITA-TMS-IBA020432,-0.068162550719277,-0.0785305375734872,-0.325985136682494,0.647832658387614
IITA-TMS-IBA020444,-0.068162550719277,-0.0785305375734872,-0.325985136682494,0.647832658387614
IITA-TMS-IBA020452,-0.068162550719277,-0.0785305375734872,-0.325985136682494,0.647832658387614
IITA-TMS-IBA020509,-0.068162550719277,-0.0785305375734872,0.303632772305898,-0.406830692835199
IITA-TMS-IBA020510,-0.068162550719277,-0.0785305375734872,0.303632772305898,-0.406830692835199
IITA-TMS-IBA020514,-0.068162550719277,-0.0785305375734872,-0.325985136682494,0.647832658387614
IITA-TMS-IBA020516,-0.068162550719277,-0.0785305375734872,0.303632772305898,-0.406830692835199
IITA-TMS-IBA020540,-0.068162550719277,-0.0785305375734872,0.303632772305898,-0.406830692835199
IITA-TMS-IBA020570,-0.068162550719277,-0.0785305375734872,-0.325985136682494,0.647832658387614
IITA-TMS-IBA020588,-0.068162550719277,-0.0785305375734872,0.303632772305898,-0.406830692835199
IITA-TMS-IBA030006A,-0.068162550719277,-0.0785305375734872,0.303632772305898,-0.406830692835199
IITA-TMS-IBA030006B,-0.068162550719277,-0.0785305375734872,0.303632772305898,-0.406830692835199
IITA-TMS-IBA030007,-0.068162550719277,-0.0785305375734872,-0.325985136682494,0.647832658387614
IITA-TMS-IBA030013,-0.068162550719277,-0.0785305375734872,0.303632772305898,-0.406830692835199
IITA-TMS-IBA030015,-0.068162550719277,-0.0785305375734872,-0.325985136682494,0.647832658387614
IITA-TMS-IBA030028,-0.068162550719277,-0.0785305375734872,-0.325985136682494,0.647832658387614
IITA-TMS-IBA030030,-0.068162550719277,1.46105802335842,-0.325985136682494,-0.406830692835199
IITA-TMS-IBA030042,-0.068162550719277,-0.0785305375734872,-0.325985136682494,0.647832658387614
IITA-TMS-IBA030055A,-0.068162550719277,-0.0785305375734872,0.303632772305898,-0.406830692835199
IITA-TMS-IBA030059,-0.068162550719277,-0.0785305375734872,-0.325985136682494,0.647832658387614
IITA-TMS-IBA030060,-0.068162550719277,-0.0785305375734872,-0.325985136682494,0.647832658387614
IITA-TMS-IBA030060A,-0.068162550719277,-0.0785305375734872,-0.325985136682494,0.647832658387614
IITA-TMS-IBA030061,-0.068162550719277,1.46105802335842,-0.325985136682494,-0.406830692835199
IITA-TMS-IBA030075,-0.068162550719277,-0.0785305375734872,-0.325985136682494,0.647832658387614
IITA-TMS-IBA030141,-0.068162550719277,-0.0785305375734872,-0.325985136682494,0.647832658387614
IITA-TMS-IBA030177,-0.068162550719277,-0.0785305375734872,0.303632772305898,-0.406830692835199
IITA-TMS-IBA030213,-0.068162550719277,-0.0785305375734872,0.303632772305898,-0.406830692835199
IITA-TMS-IBA030242,-0.068162550719277,-0.0785305375734872,0.303632772305898,-0.406830692835199
IITA-TMS-IBA030254,-0.068162550719277,-0.0785305375734872,0.303632772305898,-0.406830692835199
IITA-TMS-IBA030256,-0.068162550719277,-0.0785305375734872,-0.325985136682494,0.647832658387614
IITA-TMS-IBA030264,-0.068162550719277,-0.0785305375734872,-0.325985136682494,0.647832658387614
IITA-TMS-IBA030265,-0.068162550719277,-0.0785305375734872,-0.325985136682494,0.647832658387614
IITA-TMS-IBA030273,-0.068162550719277,-0.0785305375734872,-0.325985136682494,0.647832658387614
IITA-TMS-IBA030275,-0.068162550719277,-0.0785305375734872,-0.325985136682494,0.647832658387614
IITA-TMS-IBA030276,-0.068162550719277,-0.0785305375734872,-0.325985136682494,0.647832658387614
IITA-TMS-IBA030279,-0.068162550719277,-0.0785305375734872,-0.325985136682494,0.647832658387614
IITA-TMS-IBA030284,-0.068162550719277,-0.0785305375734872,-0.325985136682494,0.647832658387614
IITA-TMS-IBA030292,-0.068162550719277,-0.0785305375734872,0.303632772305898,-0.406830692835199
IITA-TMS-IBA030305,-0.068162550719277,-0.0785305375734872,0.303632772305898,-0.406830692835199
IITA-TMS-IBA050099,-0.068162550719277,-0.0785305375734872,-0.325985136682494,0.647832658387614
IITA-TMS-IBA050100,-0.068162550719277,-0.0785305375734872,0.303632772305898,-0.406830692835199
IITA-TMS-IBA050127,-0.068162550719277,-0.0785305375734872,0.303632772305898,-0.406830692835199
IITA-TMS-IBA050128,-0.068162550719277,-0.0785305375734872,-0.325985136682494,0.647832658387614
IITA-TMS-IBA050186,-0.068162550719277,-0.0785305375734872,0.303632772305898,-0.406830692835199
IITA-TMS-IBA050231,-0.068162550719277,-0.0785305375734872,-0.325985136682494,0.647832658387614
IITA-TMS-IBA050286,-0.068162550719277,-0.0785305375734872,0.303632772305898,-0.406830692835199
IITA-TMS-IBA050303,-0.068162550719277,-0.0785305375734872,0.303632772305898,-0.406830692835199
IITA-TMS-IBA050311,-0.068162550719277,-0.0785305375734872,0.303632772305898,-0.406830692835199
IITA-TMS-IBA050327,-0.068162550719277,-0.0785305375734872,-0.325985136682494,0.647832658387614
IITA-TMS-IBA050998,-0.068162550719277,1.46105802335842,-0.325985136682494,-0.406830692835199
IITA-TMS-IBA051274,-0.068162550719277,-0.0785305375734872,-0.325985136682494,0.647832658387614
IITA-TMS-IBA051553,-0.068162550719277,-0.0785305375734872,-0.325985136682494,0.647832658387614
IITA-TMS-IBA051599,-0.068162550719277,-0.0785305375734872,-0.325985136682494,0.647832658387614
IITA-TMS-IBA051601,-0.068162550719277,-0.0785305375734872,0.303632772305898,-0.406830692835199
IITA-TMS-IBA051625,-0.068162550719277,-0.0785305375734872,-0.325985136682494,0.647832658387614
IITA-TMS-IBA051626,-0.068162550719277,-0.0785305375734872,-0.325985136682494,0.647832658387614
IITA-TMS-IBA051631,-0.068162550719277,-0.0785305375734872,0.303632772305898,-0.406830692835199
IITA-TMS-IBA051632,-0.068162550719277,-0.0785305375734872,0.303632772305898,-0.406830692835199
IITA-TMS-IBA051646,-0.068162550719277,-0.0785305375734872,-0.325985136682494,0.647832658387614
IITA-TMS-IBA051652,-0.068162550719277,-0.0785305375734872,-0.325985136682494,0.647832658387614
IITA-TMS-IBA051653,-0.068162550719277,-0.0785305375734872,0.303632772305898,-0.406830692835199
IITA-TMS-IBA051654,-0.068162550719277,-0.0785305375734872,0.303632772305898,-0.406830692835199
IITA-TMS-IBA051658,-0.068162550719277,-0.0785305375734872,0.303632772305898,-0.406830692835199
IITA-TMS-IBA051740,-0.068162550719277,-0.0785305375734872,0.303632772305898,-0.406830692835199
IITA-TMS-IBA051814,-0.068162550719277,-0.0785305375734872,-0.325985136682494,0.647832658387614
IITA-TMS-IBA060889,-0.068162550719277,-0.0785305375734872,-0.325985136682494,0.647832658387614
IITA-TMS-IBA061101,-0.068162550719277,-0.0785305375734872,0.303632772305898,-0.406830692835199
IITA-TMS-IBA061155,-0.068162550719277,-0.0785305375734872,-0.325985136682494,0.647832658387614
IITA-TMS-IBA061348,-0.068162550719277,-0.0785305375734872,-0.325985136682494,0.647832658387614
IITA-TMS-IBA061365,-0.068162550719277,-0.0785305375734872,0.303632772305898,-0.406830692835199
IITA-TMS-IBA061404,-0.068162550719277,-0.0785305375734872,-0.325985136682494,0.647832658387614
IITA-TMS-IBA061577,-0.068162550719277,-0.0785305375734872,0.303632772305898,-0.406830692835199
IITA-TMS-IBA061635,-0.068162550719277,-0.0785305375734872,0.303632772305898,-0.406830692835199
IITA-TMS-IBA061640,-0.068162550719277,-0.0785305375734872,0.303632772305898,-0.406830692835199
IITA-TMS-IBA061673,-0.068162550719277,-0.0785305375734872,0.303632772305898,-0.406830692835199
IITA-TMS-IBA061679,-0.068162550719277,-0.0785305375734872,0.303632772305898,-0.406830692835199
IITA-TMS-IBA061744,-0.068162550719277,-0.0785305375734872,-0.325985136682494,0.647832658387614
IITA-TMS-IBA061766,-0.068162550719277,-0.0785305375734872,0.303632772305898,-0.406830692835199
IITA-TMS-IBA061856,-0.068162550719277,-0.0785305375734872,-0.325985136682494,0.647832658387614
IITA-TMS-IBA061911,-0.068162550719277,-0.0785305375734872,-0.325985136682494,0.647832658387614
IITA-TMS-IBA062021,-0.068162550719277,-0.0785305375734872,0.303632772305898,-0.406830692835199
IITA-TMS-IBA062052,-0.068162550719277,-0.0785305375734872,0.303632772305898,-0.406830692835199
IITA-TMS-IBA062116,-0.068162550719277,-0.0785305375734872,-0.325985136682494,0.647832658387614
IITA-TMS-IBA062231,-0.068162550719277,-0.0785305375734872,-0.325985136682494,0.647832658387614
IITA-TMS-IBA062630,-0.068162550719277,-0.0785305375734872,-0.325985136682494,0.647832658387614
IITA-TMS-IBA063046,-0.068162550719277,-0.0785305375734872,0.303632772305898,-0.406830692835199
IITA-TMS-IBA070004,-0.068162550719277,-0.0785305375734872,0.303632772305898,-0.406830692835199
IITA-TMS-IBA070045,-0.068162550719277,-0.0785305375734872,-0.325985136682494,0.647832658387614
IITA-TMS-IBA070048,-0.068162550719277,-0.0785305375734872,0.303632772305898,-0.406830692835199
IITA-TMS-IBA070052,-0.068162550719277,-0.0785305375734872,0.303632772305898,-0.406830692835199
IITA-TMS-IBA070055,-0.068162550719277,-0.0785305375734872,0.303632772305898,-0.406830692835199
IITA-TMS-IBA070064,-0.068162550719277,-0.0785305375734872,0.303632772305898,-0.406830692835199
IITA-TMS-IBA070066,-0.068162550719277,-0.0785305375734872,0.303632772305898,-0.406830692835199
IITA-TMS-IBA070067,-0.068162550719277,-0.0785305375734872,-0.325985136682494,0.647832658387614
IITA-TMS-IBA070094,-0.068162550719277,1.46105802335842,-0.325985136682494,-0.406830692835199
IITA-TMS-IBA070100,-0.068162550719277,-0.0785305375734872,0.303632772305898,-0.406830692835199
IITA-TMS-IBA070108,-0.068162550719277,-0.0785305375734872,0.303632772305898,-0.406830692835199
IITA-TMS-IBA070119,-0.068162550719277,-0.0785305375734872,0.303632772305898,-0.406830692835199
IITA-TMS-IBA070126,-0.068162550719277,-0.0785305375734872,-0.325985136682494,0.647832658387614
IITA-TMS-IBA070134,-0.068162550719277,-0.0785305375734872,-0.325985136682494,0.647832658387614
IITA-TMS-IBA070141,-0.068162550719277,-0.0785305375734872,-0.325985136682494,0.647832658387614
IITA-TMS-IBA070170,-0.068162550719277,-0.0785305375734872,0.303632772305898,-0.406830692835199
IITA-TMS-IBA070172,-0.068162550719277,-0.0785305375734872,-0.325985136682494,0.647832658387614
IITA-TMS-IBA070178,-0.068162550719277,-0.0785305375734872,0.303632772305898,-0.406830692835199
IITA-TMS-IBA070180,-0.068162550719277,-0.0785305375734872,0.303632772305898,-0.406830692835199
IITA-TMS-IBA070181,-0.068162550719277,-0.0785305375734872,-0.325985136682494,0.647832658387614
IITA-TMS-IBA070190,-0.068162550719277,-0.0785305375734872,0.303632772305898,-0.406830692835199
IITA-TMS-IBA070204,-0.068162550719277,-0.0785305375734872,-0.325985136682494,0.647832658387614
IITA-TMS-IBA070258,-0.068162550719277,-0.0785305375734872,0.303632772305898,-0.406830692835199
IITA-TMS-IBA070299,-0.068162550719277,1.46105802335842,-0.325985136682494,-0.406830692835199
IITA-TMS-IBA070337,-0.068162550719277,-0.0785305375734872,0.303632772305898,-0.406830692835199
IITA-TMS-IBA070374,-0.068162550719277,1.46105802335842,-0.325985136682494,-0.406830692835199
IITA-TMS-IBA070481,-0.068162550719277,-0.0785305375734872,0.303632772305898,-0.406830692835199
IITA-TMS-IBA070498,-0.068162550719277,-0.0785305375734872,-0.325985136682494,0.647832658387614
IITA-TMS-IBA070520,-0.068162550719277,-0.0785305375734872,-0.325985136682494,0.647832658387614
IITA-TMS-IBA070525,-0.068162550719277,-0.0785305375734872,0.303632772305898,-0.406830692835199
IITA-TMS-IBA070536,-0.12857457078967,-0.147085433667252,0.528333783007342,-0.670187186669052
IITA-TMS-IBA070539,-0.068162550719277,-0.0785305375734872,0.303632772305898,-0.406830692835199
IITA-TMS-IBA070553,-0.068162550719277,-0.0785305375734872,-0.325985136682494,0.647832658387614
IITA-TMS-IBA070557,-0.068162550719277,-0.0785305375734872,-0.325985136682494,0.647832658387614
IITA-TMS-IBA070576,-0.068162550719277,-0.0785305375734872,-0.325985136682494,0.647832658387614
IITA-TMS-IBA070593,-0.12857457078967,-0.147085433667252,0.528333783007342,-0.670187186669052
IITA-TMS-IBA070609,-0.068162550719277,-0.0785305375734872,0.303632772305898,-0.406830692835199
IITA-TMS-IBA070614,-0.068162550719277,-0.0785305375734872,0.303632772305898,-0.406830692835199
IITA-TMS-IBA070620,-0.068162550719277,-0.0785305375734872,-0.325985136682494,0.647832658387614
IITA-TMS-IBA070632,-0.068162550719277,-0.0785305375734872,0.303632772305898,-0.406830692835199
IITA-TMS-IBA070649,-0.068162550719277,1.46105802335842,-0.325985136682494,-0.406830692835199
IITA-TMS-IBA070670,-0.068162550719277,-0.0785305375734872,-0.325985136682494,0.647832658387614
IITA-TMS-IBA070675,-0.068162550719277,1.46105802335842,-0.325985136682494,-0.406830692835199
IITA-TMS-IBA070683,-0.068162550719277,-0.0785305375734872,-0.325985136682494,0.647832658387614
IITA-TMS-IBA070703,-0.068162550719277,-0.0785305375734872,0.303632772305898,-0.406830692835199
IITA-TMS-IBA070736,-0.068162550719277,-0.0785305375734872,-0.325985136682494,0.647832658387614
IITA-TMS-IBA070749,-0.068162550719277,-0.0785305375734872,0.303632772305898,-0.406830692835199
IITA-TMS-IBA070751,-0.068162550719277,-0.0785305375734872,0.303632772305898,-0.406830692835199
IITA-TMS-IBA070752,-0.068162550719277,-0.0785305375734872,-0.325985136682494,0.647832658387614
IITA-TMS-IBA070753,-0.068162550719277,-0.0785305375734872,-0.325985136682494,0.647832658387614
IITA-TMS-IBA070756,-0.068162550719277,-0.0785305375734872,0.303632772305898,-0.406830692835199
IITA-TMS-IBA070808,-0.068162550719277,-0.0785305375734872,0.303632772305898,-0.406830692835199
IITA-TMS-IBA070824,-0.068162550719277,-0.0785305375734872,-0.325985136682494,0.647832658387614
IITA-TMS-IBA070835,-0.068162550719277,-0.0785305375734872,0.303632772305898,-0.406830692835199
IITA-TMS-IBA070874,-0.068162550719277,-0.0785305375734872,0.303632772305898,-0.406830692835199
IITA-TMS-IBA070910,-0.068162550719277,-0.0785305375734872,0.303632772305898,-0.406830692835199
IITA-TMS-IBA070952,-0.068162550719277,-0.0785305375734872,0.303632772305898,-0.406830692835199
IITA-TMS-IBA070962,-0.068162550719277,-0.0785305375734872,0.303632772305898,-0.406830692835199
IITA-TMS-IBA070974,-0.068162550719277,-0.0785305375734872,-0.325985136682494,0.647832658387614
IITA-TMS-IBA071295,-0.068162550719277,-0.0785305375734872,-0.325985136682494,0.647832658387614
IITA-TMS-IBA071313,-0.068162550719277,-0.0785305375734872,-0.325985136682494,0.647832658387614
IITA-TMS-IBA071378,-0.068162550719277,-0.0785305375734872,0.303632772305898,-0.406830692835199
IITA-TMS-IBA071393,-0.068162550719277,-0.0785305375734872,-0.325985136682494,0.647832658387614
IITA-TMS-IBA079593,-0.068162550719277,-0.0785305375734872,0.303632772305898,-0.406830692835199
IITA-TMS-IBA081904,-0.068162550719277,-0.0785305375734872,0.303632772305898,-0.406830692835199
IITA-TMS-IBA082159,-0.068162550719277,-0.0785305375734872,-0.325985136682494,0.647832658387614
IITA-TMS-IBA082161,-0.068162550719277,-0.0785305375734872,-0.325985136682494,0.647832658387614
IITA-TMS-IBA082189,-0.068162550719277,-0.0785305375734872,0.303632772305898,-0.406830692835199
IITA-TMS-IBA082264,-0.068162550719277,-0.0785305375734872,0.303632772305898,-0.406830692835199
IITA-TMS-IBA082393,-0.068162550719277,-0.0785305375734872,0.303632772305898,-0.406830692835199
IITA-TMS-IBA082418,-0.068162550719277,-0.0785305375734872,0.303632772305898,-0.406830692835199
IITA-TMS-IBA082425,-0.068162550719277,-0.0785305375734872,-0.325985136682494,0.647832658387614
IITA-TMS-IBA082432,-0.068162550719277,-0.0785305375734872,-0.325985136682494,0.647832658387614
IITA-TMS-IBA082636,-0.068162550719277,-0.0785305375734872,0.303632772305898,-0.406830692835199
IITA-TMS-IBA082993,-0.068162550719277,-0.0785305375734872,-0.325985136682494,0.647832658387614
IITA-TMS-IBA083043,-0.068162550719277,-0.0785305375734872,0.303632772305898,-0.406830692835199
IITA-TMS-IBA083196,-0.068162550719277,-0.0785305375734872,-0.325985136682494,0.647832658387614
IITA-TMS-IBA083389,-0.068162550719277,-0.0785305375734872,0.303632772305898,-0.406830692835199
IITA-TMS-IBA083426,-0.068162550719277,-0.0785305375734872,-0.325985136682494,0.647832658387614
IITA-TMS-IBA083535,-0.068162550719277,-0.0785305375734872,-0.325985136682494,0.647832658387614
IITA-TMS-IBA083565,-0.068162550719277,-0.0785305375734872,0.303632772305898,-0.406830692835199
IITA-TMS-IBA083568,-0.068162550719277,-0.0785305375734872,0.303632772305898,-0.406830692835199
IITA-TMS-IBA083579,-0.068162550719277,-0.0785305375734872,0.303632772305898,-0.406830692835199
IITA-TMS-IBA083580,-0.068162550719277,-0.0785305375734872,-0.325985136682494,0.647832658387614
IITA-TMS-IBA083703,-0.068162550719277,-0.0785305375734872,0.303632772305898,-0.406830692835199
IITA-TMS-IBA083718,-0.12857457078967,-0.147085433667252,0.528333783007342,-0.670187186669052
IITA-TMS-IBA083724,-0.068162550719277,-0.0785305375734872,0.303632772305898,-0.406830692835199
IITA-TMS-IBA083739,-0.068162550719277,-0.0785305375734872,-0.325985136682494,0.647832658387614
IITA-TMS-IBA083774,-0.12857457078967,-0.147085433667252,-0.565696842611418,1.0334902609656
IITA-TMS-IBA084563,-0.068162550719277,-0.0785305375734872,0.303632772305898,-0.406830692835199
IITA-TMS-IBA084955,-0.068162550719277,-0.0785305375734872,0.303632772305898,-0.406830692835199
IITA-TMS-IBA085006,-0.068162550719277,-0.0785305375734872,0.303632772305898,-0.406830692835199
IITA-TMS-IBA085056,-0.068162550719277,-0.0785305375734872,0.303632772305898,-0.406830692835199
IITA-TMS-IBA085392,-0.068162550719277,-0.0785305375734872,-0.325985136682494,0.647832658387614
IITA-TMS-IBA085613,-0.068162550719277,-0.0785305375734872,0.303632772305898,-0.406830692835199
IITA-TMS-IBA085894,-0.068162550719277,-0.0785305375734872,0.303632772305898,-0.406830692835199
IITA-TMS-IBA086001,-0.068162550719277,-0.0785305375734872,0.303632772305898,-0.406830692835199
IITA-TMS-IBA090006,-0.068162550719277,-0.0785305375734872,-0.325985136682494,0.647832658387614
IITA-TMS-IBA090059,-0.068162550719277,-0.0785305375734872,0.303632772305898,-0.406830692835199
IITA-TMS-IBA090067,-0.068162550719277,-0.0785305375734872,0.303632772305898,-0.406830692835199
IITA-TMS-IBA090073,-0.068162550719277,-0.0785305375734872,0.303632772305898,-0.406830692835199
IITA-TMS-IBA090076,-0.068162550719277,-0.0785305375734872,0.303632772305898,-0.406830692835199
IITA-TMS-IBA090081,-0.068162550719277,-0.0785305375734872,0.303632772305898,-0.406830692835199
IITA-TMS-IBA090090,-0.068162550719277,-0.0785305375734872,-0.325985136682494,0.647832658387614
IITA-TMS-IBA090091,-0.068162550719277,-0.0785305375734872,0.303632772305898,-0.406830692835199
IITA-TMS-IBA090107,-0.068162550719277,-0.0785305375734872,-0.325985136682494,0.647832658387614
IITA-TMS-IBA090144,-0.068162550719277,-0.0785305375734872,0.303632772305898,-0.406830692835199
IITA-TMS-IBA090151,-0.068162550719277,-0.0785305375734872,0.303632772305898,-0.406830692835199
IITA-TMS-IBA090170,-0.068162550719277,-0.0785305375734872,0.303632772305898,-0.406830692835199
IITA-TMS-IBA090454,-0.068162550719277,-0.0785305375734872,0.303632772305898,-0.406830692835199
IITA-TMS-IBA090482,-0.068162550719277,-0.0785305375734872,0.303632772305898,-0.406830692835199
IITA-TMS-IBA090483,-0.068162550719277,-0.0785305375734872,0.303632772305898,-0.406830692835199
IITA-TMS-IBA090485,-0.068162550719277,-0.0785305375734872,0.303632772305898,-0.406830692835199
IITA-TMS-IBA090486,-0.068162550719277,-0.0785305375734872,0.303632772305898,-0.406830692835199
IITA-TMS-IBA090498,-0.068162550719277,-0.0785305375734872,0.303632772305898,-0.406830692835199
IITA-TMS-IBA090504,1.76438474122749,-0.0785305375734872,-0.325985136682494,-0.406830692835199
IITA-TMS-IBA090506,1.76438474122749,-0.0785305375734872,-0.325985136682494,-0.406830692835199
IITA-TMS-IBA090508,-0.068162550719277,-0.0785305375734872,-0.325985136682494,0.647832658387614
IITA-TMS-IBA090509,-0.068162550719277,-0.0785305375734872,0.303632772305898,-0.406830692835199
IITA-TMS-IBA090510,-0.068162550719277,-0.0785305375734872,0.303632772305898,-0.406830692835199
IITA-TMS-IBA090516,1.76438474122749,-0.0785305375734872,-0.325985136682494,-0.406830692835199
IITA-TMS-IBA090520,-0.068162550719277,-0.0785305375734872,-0.325985136682494,0.647832658387614
IITA-TMS-IBA090521,-0.068162550719277,-0.0785305375734872,0.303632772305898,-0.406830692835199
IITA-TMS-IBA090522,-0.068162550719277,-0.0785305375734872,0.303632772305898,-0.406830692835199
IITA-TMS-IBA090523,-0.068162550719277,-0.0785305375734872,0.303632772305898,-0.406830692835199
IITA-TMS-IBA090537,-0.068162550719277,-0.0785305375734872,0.303632772305898,-0.406830692835199
IITA-TMS-IBA090546,-0.068162550719277,-0.0785305375734872,0.303632772305898,-0.406830692835199
IITA-TMS-IBA090564,-0.068162550719277,-0.0785305375734872,-0.325985136682494,0.647832658387614
IITA-TMS-IBA090574,-0.068162550719277,-0.0785305375734872,-0.325985136682494,0.647832658387614
IITA-TMS-IBA090576,-0.068162550719277,-0.0785305375734872,0.303632772305898,-0.406830692835199
IITA-TMS-IBA090581,-0.068162550719277,-0.0785305375734872,0.303632772305898,-0.406830692835199
IITA-TMS-IBA090590,-0.068162550719277,-0.0785305375734872,0.303632772305898,-0.406830692835199
IITA-TMS-IBA090597,-0.068162550719277,-0.0785305375734872,0.303632772305898,-0.406830692835199
IITA-TMS-IBA090616,-0.068162550719277,-0.0785305375734872,0.303632772305898,-0.406830692835199
IITA-TMS-IBA096051,-0.068162550719277,-0.0785305375734872,0.303632772305898,-0.406830692835199
IITA-TMS-IBA101993,-0.068162550719277,-0.0785305375734872,0.303632772305898,-0.406830692835199
IITA-TMS-IBA102096,-0.068162550719277,-0.0785305375734872,-0.325985136682494,0.647832658387614
IITA-TMS-IBA102103,-0.068162550719277,-0.0785305375734872,0.303632772305898,-0.406830692835199
IITA-TMS-IBA102289,-0.068162550719277,-0.0785305375734872,-0.325985136682494,0.647832658387614
IITA-TMS-IBA102405,-0.068162550719277,-0.0785305375734872,0.303632772305898,-0.406830692835199
IITA-TMS-IBA102427,-0.068162550719277,-0.0785305375734872,0.303632772305898,-0.406830692835199
IITA-TMS-IBA102429,-0.068162550719277,-0.0785305375734872,0.303632772305898,-0.406830692835199
IITA-TMS-IBA102432,-0.068162550719277,-0.0785305375734872,0.303632772305898,-0.406830692835199
IITA-TMS-IBA102446,-0.068162550719277,-0.0785305375734872,0.303632772305898,-0.406830692835199
IITA-TMS-IBA102455,-0.068162550719277,1.46105802335842,-0.325985136682494,-0.406830692835199
IITA-TMS-IBA102480,-0.068162550719277,-0.0785305375734872,-0.325985136682494,0.647832658387614
IITA-TMS-IBA102510,-0.068162550719277,-0.0785305375734872,0.303632772305898,-0.406830692835199
IITA-TMS-IBA102521,-0.068162550719277,-0.0785305375734872,-0.325985136682494,0.647832658387614
IITA-TMS-IBA102535,-0.068162550719277,-0.0785305375734872,0.303632772305898,-0.406830692835199
IITA-TMS-IBA102612,-0.068162550719277,-0.0785305375734872,0.303632772305898,-0.406830692835199
IITA-TMS-IBA102641,-0.068162550719277,-0.0785305375734872,0.303632772305898,-0.406830692835199
IITA-TMS-IBA102708,-0.068162550719277,-0.0785305375734872,0.303632772305898,-0.406830692835199
IITA-TMS-IBA102721,-0.068162550719277,-0.0785305375734872,0.303632772305898,-0.406830692835199
IITA-TMS-IBA102731,-0.068162550719277,-0.0785305375734872,-0.325985136682494,0.647832658387614
IITA-TMS-IBA102831,-0.068162550719277,-0.0785305375734872,0.303632772305898,-0.406830692835199
IITA-TMS-IBA102910,-0.068162550719277,-0.0785305375734872,-0.325985136682494,0.647832658387614
IITA-TMS-IBA30040,1.76438474122749,-0.0785305375734872,-0.325985136682494,-0.406830692835199
IITA-TMS-IBA30211,-0.068162550719277,-0.0785305375734872,-0.325985136682494,0.647832658387614
IITA-TMS-IBA30555,-0.12857457078967,-0.147085433667252,-0.0197244629390703,0.201903220933116
IITA-TMS-IBA30555-7,-0.068162550719277,-0.0785305375734872,0.303632772305898,-0.406830692835199
IITA-TMS-IBA30555P3-2,-0.068162550719277,-0.0785305375734872,0.303632772305898,-0.406830692835199
IITA-TMS-IBA30572,0.276360133822543,-1.68829799982391,0.445326352255311,0.106114878212149
IITA-TMS-IBA4(2)1425,-0.068162550719277,-0.0785305375734872,0.303632772305898,-0.406830692835199
IITA-TMS-IBA4(2)1443,1.76438474122749,-0.0785305375734872,-0.325985136682494,-0.406830692835199
IITA-TMS-IBA40764,-0.068162550719277,-0.0785305375734872,0.303632772305898,-0.406830692835199
IITA-TMS-IBA60142,-0.068162550719277,-0.0785305375734872,0.303632772305898,-0.406830692835199
IITA-TMS-IBA60506,-0.068162550719277,1.46105802335842,-0.325985136682494,-0.406830692835199
IITA-TMS-IBA63397,-0.068162550719277,-0.0785305375734872,0.303632772305898,-0.406830692835199
IITA-TMS-IBA71673,1.76438474122749,-0.0785305375734872,-0.325985136682494,-0.406830692835199
IITA-TMS-IBA8100045,-0.068162550719277,-0.0785305375734872,0.303632772305898,-0.406830692835199
IITA-TMS-IBA8101623(4X),-0.068162550719277,-0.0785305375734872,0.303632772305898,-0.406830692835199
IITA-TMS-IBA8101635,-0.068162550719277,-0.0785305375734872,0.303632772305898,-0.406830692835199
IITA-TMS-IBA8200058,-0.12857457078967,-0.147085433667252,-0.0197244629390703,0.201903220933116
IITA-TMS-IBA83672,-0.068162550719277,-0.0785305375734872,0.303632772305898,-0.406830692835199
IITA-TMS-IBA8400316(4X),-0.068162550719277,-0.0785305375734872,0.303632772305898,-0.406830692835199
IITA-TMS-IBA8400353,-0.068162550719277,-0.0785305375734872,0.303632772305898,-0.406830692835199
IITA-TMS-IBA84537,-0.068162550719277,-0.0785305375734872,0.303632772305898,-0.406830692835199
IITA-TMS-IBA8500680,-0.068162550719277,1.46105802335842,-0.325985136682494,-0.406830692835199
IITA-TMS-IBA8700018-42(4X),-0.068162550719277,-0.0785305375734872,-0.325985136682494,0.647832658387614
IITA-TMS-IBA8700052,-0.068162550719277,-0.0785305375734872,0.303632772305898,-0.406830692835199
IITA-TMS-IBA8800695,-0.068162550719277,-0.0785305375734872,0.303632772305898,-0.406830692835199
IITA-TMS-IBA8801504,-0.068162550719277,-0.0785305375734872,0.303632772305898,-0.406830692835199
IITA-TMS-IBA8802343,-0.068162550719277,-0.0785305375734872,0.303632772305898,-0.406830692835199
IITA-TMS-IBA88112-7(3X),-0.068162550719277,-0.0785305375734872,0.303632772305898,-0.406830692835199
IITA-TMS-IBA8900003,-0.068162550719277,-0.0785305375734872,0.303632772305898,-0.406830692835199
IITA-TMS-IBA8900250,-0.068162550719277,-0.0785305375734872,-0.325985136682494,0.647832658387614
IITA-TMS-IBA8900963,-0.068162550719277,-0.0785305375734872,-0.325985136682494,0.647832658387614
IITA-TMS-IBA8902195,-0.068162550719277,-0.0785305375734872,0.303632772305898,-0.406830692835199
IITA-TMS-IBA900099,-0.068162550719277,-0.0785305375734872,-0.325985136682494,0.647832658387614
IITA-TMS-IBA9001554,-0.068162550719277,-0.0785305375734872,-0.325985136682494,0.647832658387614
IITA-TMS-IBA90853,-0.068162550719277,-0.0785305375734872,-0.325985136682494,0.647832658387614
IITA-TMS-IBA9100090(4X),-0.068162550719277,-0.0785305375734872,0.303632772305898,-0.406830692835199
IITA-TMS-IBA9100153(3X),-0.068162550719277,-0.0785305375734872,0.303632772305898,-0.406830692835199
IITA-TMS-IBA9100255(3X),-0.068162550719277,-0.0785305375734872,0.303632772305898,-0.406830692835199
IITA-TMS-IBA9100416,-0.068162550719277,-0.0785305375734872,-0.325985136682494,0.647832658387614
IITA-TMS-IBA9100420,-0.068162550719277,-0.0785305375734872,0.303632772305898,-0.406830692835199
IITA-TMS-IBA9100455,-0.068162550719277,-0.0785305375734872,0.303632772305898,-0.406830692835199
IITA-TMS-IBA9100459,-0.068162550719277,-0.0785305375734872,-0.325985136682494,0.647832658387614
IITA-TMS-IBA9101730,-0.068162550719277,-0.0785305375734872,-0.325985136682494,0.647832658387614
IITA-TMS-IBA9101730(4X),-0.068162550719277,-0.0785305375734872,-0.325985136682494,0.647832658387614
IITA-TMS-IBA9102312,-0.068162550719277,-0.0785305375734872,0.303632772305898,-0.406830692835199
IITA-TMS-IBA9102316(4X),-0.068162550719277,-0.0785305375734872,0.303632772305898,-0.406830692835199
IITA-TMS-IBA9102322,-0.068162550719277,-0.0785305375734872,0.303632772305898,-0.406830692835199
IITA-TMS-IBA9102324,-0.068162550719277,-0.0785305375734872,0.303632772305898,-0.406830692835199
IITA-TMS-IBA9102324(4X),-0.068162550719277,-0.0785305375734872,0.303632772305898,-0.406830692835199
IITA-TMS-IBA9102325,-0.068162550719277,-0.0785305375734872,0.303632772305898,-0.406830692835199
IITA-TMS-IBA9102325(4X),-0.068162550719277,-0.0785305375734872,-0.325985136682494,0.647832658387614
IITA-TMS-IBA91934,-0.068162550719277,-0.0785305375734872,0.303632772305898,-0.406830692835199
IITA-TMS-IBA91934(4X),-0.068162550719277,-0.0785305375734872,0.303632772305898,-0.406830692835199
IITA-TMS-IBA91934(4X)(SEX),-0.068162550719277,-0.0785305375734872,0.303632772305898,-0.406830692835199
IITA-TMS-IBA920053,-0.068162550719277,-0.0785305375734872,-0.325985136682494,0.647832658387614
IITA-TMS-IBA920057,-0.068162550719277,-0.0785305375734872,0.303632772305898,-0.406830692835199
IITA-TMS-IBA920057(4X),-0.068162550719277,-0.0785305375734872,-0.325985136682494,0.647832658387614
IITA-TMS-IBA920067,-0.068162550719277,-0.0785305375734872,0.303632772305898,-0.406830692835199
IITA-TMS-IBA920067(4X),-0.068162550719277,-0.0785305375734872,-0.325985136682494,0.647832658387614
IITA-TMS-IBA920110,-0.068162550719277,-0.0785305375734872,0.303632772305898,-0.406830692835199
IITA-TMS-IBA920258,-0.068162550719277,-0.0785305375734872,0.303632772305898,-0.406830692835199
IITA-TMS-IBA920269,-0.068162550719277,-0.0785305375734872,-0.325985136682494,0.647832658387614
IITA-TMS-IBA920325,-0.068162550719277,-0.0785305375734872,0.303632772305898,-0.406830692835199
IITA-TMS-IBA920326,-0.068162550719277,-0.0785305375734872,-0.325985136682494,0.647832658387614
IITA-TMS-IBA920342,-0.068162550719277,1.46105802335842,-0.325985136682494,-0.406830692835199
IITA-TMS-IBA920342(4X),-0.068162550719277,1.46105802335842,-0.325985136682494,-0.406830692835199
IITA-TMS-IBA920397,1.76438474122749,-0.0785305375734872,-0.325985136682494,-0.406830692835199
IITA-TMS-IBA920398,-0.068162550719277,-0.0785305375734872,0.303632772305898,-0.406830692835199
IITA-TMS-IBA920427,-0.068162550719277,-0.0785305375734872,-0.325985136682494,0.647832658387614
IITA-TMS-IBA920429,1.76438474122749,-0.0785305375734872,-0.325985136682494,-0.406830692835199
IITA-TMS-IBA920457,-0.068162550719277,-0.0785305375734872,0.303632772305898,-0.406830692835199
IITA-TMS-IBA920509(4X),-0.068162550719277,-0.0785305375734872,-0.325985136682494,0.647832658387614
IITA-TMS-IBA930007,-0.068162550719277,-0.0785305375734872,0.303632772305898,-0.406830692835199
IITA-TMS-IBA930070,1.76438474122749,-0.0785305375734872,-0.325985136682494,-0.406830692835199
IITA-TMS-IBA930084,-0.068162550719277,-0.0785305375734872,0.303632772305898,-0.406830692835199
IITA-TMS-IBA930098,1.76438474122749,-0.0785305375734872,-0.325985136682494,-0.406830692835199
IITA-TMS-IBA930114,-0.068162550719277,-0.0785305375734872,0.303632772305898,-0.406830692835199
IITA-TMS-IBA930134,-0.068162550719277,-0.0785305375734872,0.303632772305898,-0.406830692835199
IITA-TMS-IBA930184,-0.068162550719277,-0.0785305375734872,0.303632772305898,-0.406830692835199
IITA-TMS-IBA930223,-0.068162550719277,1.46105802335842,-0.325985136682494,-0.406830692835199
IITA-TMS-IBA930248,-0.068162550719277,-0.0785305375734872,0.303632772305898,-0.406830692835199
IITA-TMS-IBA930265,1.76438474122749,-0.0785305375734872,-0.325985136682494,-0.406830692835199
IITA-TMS-IBA930266,-0.068162550719277,-0.0785305375734872,0.303632772305898,-0.406830692835199
IITA-TMS-IBA930267,-0.068162550719277,-0.0785305375734872,0.303632772305898,-0.406830692835199
IITA-TMS-IBA930272,1.76438474122749,-0.0785305375734872,-0.325985136682494,-0.406830692835199
IITA-TMS-IBA930591(4X),-0.068162550719277,-0.0785305375734872,-0.325985136682494,0.647832658387614
IITA-TMS-IBA930602(4X),-0.068162550719277,-0.0785305375734872,0.303632772305898,-0.406830692835199
IITA-TMS-IBA930614(4X),-0.068162550719277,-0.0785305375734872,0.303632772305898,-0.406830692835199
IITA-TMS-IBA940018,-0.068162550719277,-0.0785305375734872,0.303632772305898,-0.406830692835199
IITA-TMS-IBA940020,-0.068162550719277,-0.0785305375734872,0.303632772305898,-0.406830692835199
IITA-TMS-IBA940026,-0.068162550719277,-0.0785305375734872,0.303632772305898,-0.406830692835199
IITA-TMS-IBA940039,-0.068162550719277,-0.0785305375734872,-0.325985136682494,0.647832658387614
IITA-TMS-IBA940066,1.76438474122749,-0.0785305375734872,-0.325985136682494,-0.406830692835199
IITA-TMS-IBA940237,-0.068162550719277,-0.0785305375734872,0.303632772305898,-0.406830692835199
IITA-TMS-IBA940239,-0.068162550719277,-0.0785305375734872,0.303632772305898,-0.406830692835199
IITA-TMS-IBA940263,-0.068162550719277,-0.0785305375734872,-0.325985136682494,0.647832658387614
IITA-TMS-IBA940270,-0.068162550719277,-0.0785305375734872,-0.325985136682494,0.647832658387614
IITA-TMS-IBA940330,-0.068162550719277,-0.0785305375734872,0.303632772305898,-0.406830692835199
IITA-TMS-IBA940459,-0.068162550719277,-0.0785305375734872,0.303632772305898,-0.406830692835199
IITA-TMS-IBA940561,-0.068162550719277,-0.0785305375734872,0.303632772305898,-0.406830692835199
IITA-TMS-IBA950041,1.76438474122749,-0.0785305375734872,-0.325985136682494,-0.406830692835199
IITA-TMS-IBA950058,-0.068162550719277,-0.0785305375734872,0.303632772305898,-0.406830692835199
IITA-TMS-IBA950061,-0.068162550719277,-0.0785305375734872,-0.325985136682494,0.647832658387614
IITA-TMS-IBA950063,-0.068162550719277,-0.0785305375734872,0.303632772305898,-0.406830692835199
IITA-TMS-IBA950104,1.76438474122749,-0.0785305375734872,-0.325985136682494,-0.406830692835199
IITA-TMS-IBA950211,-0.068162550719277,-0.0785305375734872,-0.325985136682494,0.647832658387614
IITA-TMS-IBA950248,-0.068162550719277,-0.0785305375734872,-0.325985136682494,0.647832658387614
IITA-TMS-IBA950269,-0.068162550719277,-0.0785305375734872,-0.325985136682494,0.647832658387614
IITA-TMS-IBA950279,-0.309157859243099,-0.573832544535172,0.303632772305898,0.478407940862305
IITA-TMS-IBA950286,1.76438474122749,-0.0785305375734872,-0.325985136682494,-0.406830692835199
IITA-TMS-IBA950306,-0.068162550719277,-0.0785305375734872,-0.325985136682494,0.647832658387614
IITA-TMS-IBA950379,1.76438474122749,-0.0785305375734872,-0.325985136682494,-0.406830692835199
IITA-TMS-IBA950442,-0.068162550719277,-0.0785305375734872,-0.325985136682494,0.647832658387614
IITA-TMS-IBA950528,-0.068162550719277,-0.0785305375734872,0.303632772305898,-0.406830692835199
IITA-TMS-IBA950594,-0.068162550719277,-0.0785305375734872,0.303632772305898,-0.406830692835199
IITA-TMS-IBA950645,-0.068162550719277,-0.0785305375734872,0.303632772305898,-0.406830692835199
IITA-TMS-IBA950902,-0.068162550719277,-0.0785305375734872,0.303632772305898,-0.406830692835199
IITA-TMS-IBA950925,-0.068162550719277,-0.0785305375734872,-0.325985136682494,0.647832658387614
IITA-TMS-IBA950947,-0.068162550719277,-0.0785305375734872,0.303632772305898,-0.406830692835199
IITA-TMS-IBA950961,-0.068162550719277,-0.0785305375734872,-0.325985136682494,0.647832658387614
IITA-TMS-IBA950971,-0.068162550719277,-0.0785305375734872,-0.325985136682494,0.647832658387614
IITA-TMS-IBA950986,-0.068162550719277,-0.0785305375734872,0.303632772305898,-0.406830692835199
IITA-TMS-IBA951038,-0.068162550719277,-0.0785305375734872,0.303632772305898,-0.406830692835199
IITA-TMS-IBA960016,-0.068162550719277,-0.0785305375734872,0.303632772305898,-0.406830692835199
IITA-TMS-IBA960023,-0.068162550719277,-0.0785305375734872,-0.325985136682494,0.647832658387614
IITA-TMS-IBA960035,-0.068162550719277,-0.0785305375734872,0.303632772305898,-0.406830692835199
IITA-TMS-IBA960062,-0.068162550719277,-0.0785305375734872,-0.325985136682494,0.647832658387614
IITA-TMS-IBA960102,-0.068162550719277,-0.0785305375734872,0.303632772305898,-0.406830692835199
IITA-TMS-IBA960129,-0.068162550719277,-0.0785305375734872,0.303632772305898,-0.406830692835199
IITA-TMS-IBA960304,-0.068162550719277,-0.0785305375734872,-0.325985136682494,0.647832658387614
IITA-TMS-IBA960325,-0.068162550719277,-0.0785305375734872,-0.325985136682494,0.647832658387614
IITA-TMS-IBA960409,-0.068162550719277,-0.0785305375734872,-0.325985136682494,0.647832658387614
IITA-TMS-IBA960532,-0.068162550719277,-0.0785305375734872,-0.325985136682494,0.647832658387614
IITA-TMS-IBA960557,-0.068162550719277,-0.0785305375734872,-0.325985136682494,0.647832658387614
IITA-TMS-IBA960565,-0.068162550719277,-0.0785305375734872,0.303632772305898,-0.406830692835199
IITA-TMS-IBA960590,-0.068162550719277,-0.0785305375734872,-0.325985136682494,0.647832658387614
IITA-TMS-IBA960595,-0.068162550719277,-0.0785305375734872,-0.325985136682494,0.647832658387614
IITA-TMS-IBA960596,1.76438474122749,-0.0785305375734872,-0.325985136682494,-0.406830692835199
IITA-TMS-IBA960603,-0.068162550719277,-0.0785305375734872,-0.325985136682494,0.647832658387614
IITA-TMS-IBA960619,-0.068162550719277,-0.0785305375734872,0.303632772305898,-0.406830692835199
IITA-TMS-IBA960804,-0.068162550719277,1.46105802335842,-0.325985136682494,-0.406830692835199
IITA-TMS-IBA960860,-0.068162550719277,-0.0785305375734872,-0.325985136682494,0.647832658387614
IITA-TMS-IBA960869,-0.068162550719277,-0.0785305375734872,0.303632772305898,-0.406830692835199
IITA-TMS-IBA960963,1.76438474122749,-0.0785305375734872,-0.325985136682494,-0.406830692835199
IITA-TMS-IBA960986,-0.068162550719277,-0.0785305375734872,-0.325985136682494,0.647832658387614
IITA-TMS-IBA961039,-0.068162550719277,1.46105802335842,-0.325985136682494,-0.406830692835199
IITA-TMS-IBA961087,-0.068162550719277,-0.0785305375734872,-0.325985136682494,0.647832658387614
IITA-TMS-IBA961089A,-0.068162550719277,-0.0785305375734872,0.303632772305898,-0.406830692835199
IITA-TMS-IBA961165,-0.068162550719277,-0.0785305375734872,0.303632772305898,-0.406830692835199
IITA-TMS-IBA961427,-0.068162550719277,-0.0785305375734872,-0.325985136682494,0.647832658387614
IITA-TMS-IBA961431,-0.068162550719277,-0.0785305375734872,0.303632772305898,-0.406830692835199
IITA-TMS-IBA961439,1.76438474122749,-0.0785305375734872,-0.325985136682494,-0.406830692835199
IITA-TMS-IBA961551,-0.068162550719277,-0.0785305375734872,-0.325985136682494,0.647832658387614
IITA-TMS-IBA961556,-0.068162550719277,-0.0785305375734872,0.303632772305898,-0.406830692835199
IITA-TMS-IBA961569,-0.068162550719277,-0.0785305375734872,0.303632772305898,-0.406830692835199
IITA-TMS-IBA961613,-0.068162550719277,-0.0785305375734872,0.303632772305898,-0.406830692835199
IITA-TMS-IBA961630,-0.068162550719277,1.46105802335842,-0.325985136682494,-0.406830692835199
IITA-TMS-IBA961632,-0.068162550719277,-0.0785305375734872,-0.325985136682494,0.647832658387614
IITA-TMS-IBA961642,-0.068162550719277,-0.0785305375734872,-0.325985136682494,0.647832658387614
IITA-TMS-IBA970103,-0.068162550719277,-0.0785305375734872,0.303632772305898,-0.406830692835199
IITA-TMS-IBA970162,-0.068162550719277,-0.0785305375734872,-0.325985136682494,0.647832658387614
IITA-TMS-IBA970211,-0.068162550719277,-0.0785305375734872,0.303632772305898,-0.406830692835199
IITA-TMS-IBA970219,-0.068162550719277,-0.0785305375734872,-0.325985136682494,0.647832658387614
IITA-TMS-IBA970255,-0.068162550719277,-0.0785305375734872,-0.325985136682494,0.647832658387614
IITA-TMS-IBA970286,-0.068162550719277,-0.0785305375734872,-0.325985136682494,0.647832658387614
IITA-TMS-IBA970290,-0.068162550719277,-0.0785305375734872,-0.325985136682494,0.647832658387614
IITA-TMS-IBA970296,-0.068162550719277,-0.0785305375734872,-0.325985136682494,0.647832658387614
IITA-TMS-IBA970299,-0.068162550719277,-0.0785305375734872,0.303632772305898,-0.406830692835199
IITA-TMS-IBA970335,-0.068162550719277,-0.0785305375734872,-0.325985136682494,0.647832658387614
IITA-TMS-IBA970353,-0.068162550719277,-0.0785305375734872,0.303632772305898,-0.406830692835199
IITA-TMS-IBA970425,-0.068162550719277,-0.0785305375734872,0.303632772305898,-0.406830692835199
IITA-TMS-IBA971149,-0.068162550719277,-0.0785305375734872,-0.325985136682494,0.647832658387614
IITA-TMS-IBA971228,-0.068162550719277,-0.0785305375734872,0.303632772305898,-0.406830692835199
IITA-TMS-IBA972205,-0.068162550719277,-0.0785305375734872,0.303632772305898,-0.406830692835199
IITA-TMS-IBA974013,-0.068162550719277,-0.0785305375734872,0.303632772305898,-0.406830692835199
IITA-TMS-IBA974045,-0.068162550719277,-0.0785305375734872,0.303632772305898,-0.406830692835199
IITA-TMS-IBA974580,1.76438474122749,-0.0785305375734872,-0.325985136682494,-0.406830692835199
IITA-TMS-IBA974763,-0.068162550719277,-0.0785305375734872,-0.325985136682494,0.647832658387614
IITA-TMS-IBA974766,-0.068162550719277,-0.0785305375734872,0.303632772305898,-0.406830692835199
IITA-TMS-IBA974779,-0.068162550719277,-0.0785305375734872,-0.325985136682494,0.647832658387614
IITA-TMS-IBA980002,-0.068162550719277,-0.0785305375734872,0.303632772305898,-0.406830692835199
IITA-TMS-IBA980196,-0.068162550719277,-0.0785305375734872,0.303632772305898,-0.406830692835199
IITA-TMS-IBA980378,-0.068162550719277,-0.0785305375734872,-0.325985136682494,0.647832658387614
IITA-TMS-IBA980406,-0.068162550719277,-0.0785305375734872,-0.325985136682494,0.647832658387614
IITA-TMS-IBA980505,-0.068162550719277,-0.0785305375734872,0.303632772305898,-0.406830692835199
IITA-TMS-IBA980581,-1.6350796178972,0.352288497582382,0.834624305429079,0.868026691286966
IITA-TMS-IBA982101,1.49812925288129,-0.725256819550822,-0.421410300425263,-0.521371559435937
IITA-TMS-IBA982132,-0.068162550719277,-0.0785305375734872,0.303632772305898,-0.406830692835199
IITA-TMS-IBA982226,-0.068162550719277,1.46105802335842,-0.325985136682494,-0.406830692835199
IITA-TMS-IBA990111,-0.068162550719277,-0.0785305375734872,0.303632772305898,-0.406830692835199
IITA-TMS-IBA990114,-0.068162550719277,-0.0785305375734872,-0.325985136682494,0.647832658387614
IITA-TMS-IBA990119,-0.068162550719277,-0.0785305375734872,-0.325985136682494,0.647832658387614
IITA-TMS-IBA990222,-0.068162550719277,-0.0785305375734872,-0.325985136682494,0.647832658387614
IITA-TMS-IBA990240,-0.068162550719277,-0.0785305375734872,-0.325985136682494,0.647832658387614
IITA-TMS-IBA990304,-0.068162550719277,-0.0785305375734872,-0.325985136682494,0.647832658387614
IITA-TMS-IBA990313,1.76438474122749,-0.0785305375734872,-0.325985136682494,-0.406830692835199
IITA-TMS-IBA990411,-0.068162550719277,-0.0785305375734872,-0.325985136682494,0.647832658387614
IITA-TMS-IBA990503,-0.068162550719277,-0.0785305375734872,-0.325985136682494,0.647832658387614
IITA-TMS-IBA990543,-0.068162550719277,-0.0785305375734872,-0.325985136682494,0.647832658387614
IITA-TMS-IBA990554,-0.068162550719277,1.46105802335842,-0.325985136682494,-0.406830692835199
IITA-TMS-IBA990564,-0.068162550719277,-0.0785305375734872,-0.325985136682494,0.647832658387614
IITA-TMS-IBA990621,-0.068162550719277,-0.0785305375734872,-0.325985136682494,0.647832658387614
IITA-TMS-IBA991579,-0.068162550719277,-0.0785305375734872,0.303632772305898,-0.406830692835199
IITA-TMS-IBA991590,-0.068162550719277,-0.0785305375734872,0.303632772305898,-0.406830692835199
IITA-TMS-IBA991702,-0.068162550719277,-0.0785305375734872,0.303632772305898,-0.406830692835199
IITA-TMS-IBA991734,-0.068162550719277,-0.0785305375734872,0.303632772305898,-0.406830692835199
IITA-TMS-IBA991903,-0.068162550719277,-0.0785305375734872,0.303632772305898,-0.406830692835199
IITA-TMS-IBA992123,-0.068162550719277,-0.0785305375734872,0.303632772305898,-0.406830692835199
IITA-TMS-IBA993073,1.97407051057455,-0.573832544535172,0.303632772305898,-1.3890263276559
IITA-TMS-IBA993151,-0.068162550719277,-0.0785305375734872,0.303632772305898,-0.406830692835199
IITA-TMS-IBA996012,-0.068162550719277,1.46105802335842,-0.325985136682494,-0.406830692835199
IITA-TMS-IBA996016,-0.068162550719277,-0.0785305375734872,0.303632772305898,-0.406830692835199
IITA-TMS-IBA996017,-0.068162550719277,-0.0785305375734872,-0.325985136682494,0.647832658387614
IITA-TMS-IBA996069,-0.068162550719277,-0.0785305375734872,-0.325985136682494,0.647832658387614
IITA-TMS-IBA996076,-0.068162550719277,-0.0785305375734872,0.303632772305898,-0.406830692835199
IITA-TMS-IBA997032,-0.068162550719277,-0.0785305375734872,0.303632772305898,-0.406830692835199
IITA-TMS-IBA997533,-0.068162550719277,-0.0785305375734872,-0.325985136682494,0.647832658387614
IITA-TMS-IBA997578,-0.068162550719277,-0.0785305375734872,-0.325985136682494,0.647832658387614
IITA-TMS-IKN950286,-0.068162550719277,-0.0785305375734872,-0.325985136682494,0.647832658387614
IITA-TMS-IKN950562,-0.068162550719277,-0.0785305375734872,0.303632772305898,-0.406830692835199
IITA-TMS-IKN950671,-0.068162550719277,-0.0785305375734872,-0.325985136682494,0.647832658387614
IITA-TMS-IKN950725,-0.068162550719277,-0.0785305375734872,-0.325985136682494,0.647832658387614
IITA-TMS-JOS920230,-0.068162550719277,-0.0785305375734872,0.303632772305898,-0.406830692835199
IITA-TMS-KAN930061,-0.068162550719277,-0.0785305375734872,0.303632772305898,-0.406830692835199
IITA-TMS-MM010540,-0.068162550719277,-0.0785305375734872,-0.325985136682494,0.647832658387614
IITA-TMS-MM011161,-0.068162550719277,-0.0785305375734872,0.303632772305898,-0.406830692835199
IITA-TMS-MM011196,-0.068162550719277,-0.0785305375734872,0.303632772305898,-0.406830692835199
IITA-TMS-MM013004,-0.068162550719277,-0.0785305375734872,0.303632772305898,-0.406830692835199
IITA-TMS-MM180010,NA,NA,NA,1.22483687930468
IITA-TMS-MM180011,NA,NA,0.266232797165526,0.580036927572828
IITA-TMS-MM180017,NA,NA,0.266232797165526,0.855257609766226
IITA-TMS-MM180022,-0.509844986870833,NA,0.471886520149374,NA
IITA-TMS-MM180032,1.79834363899236,NA,-0.625320004511027,NA
IITA-TMS-MM180037,-0.509844986870833,NA,0.555222878574224,-0.708131902882064
IITA-TMS-MM180043,NA,NA,NA,-0.523350649611492
IITA-TMS-MM180054,NA,NA,0.753846814794315,-0.946919214858698
IITA-TMS-MM180055,NA,NA,NA,-0.523350649611492
IITA-TMS-MM180067,NA,NA,0.753846814794315,-0.946919214858698
IITA-TMS-MM180070,NA,NA,0.753846814794315,-0.946919214858698
IITA-TMS-MM180079,NA,NA,0.266232797165526,-0.253196817504432
IITA-TMS-MM190007,0.885829383577015,NA,-0.260026431306995,-0.392208247826052
IITA-TMS-MM190012,0.622352003849572,NA,-0.00130606771320517,0.422771283025703
IITA-TMS-MM190016,2.10452721715928,NA,-0.827553155446098,-0.619215541984606
IITA-TMS-MM190020,0.329221555554169,NA,0.545367410286965,-1.06974118049417
IITA-TMS-MM190022,-0.569225824195363,NA,-0.0584428891472715,0.505972668385403
IITA-TMS-MM190023,0.74889778509636,NA,-0.659424385156348,1.36822779585348
IITA-TMS-MM190024,-0.476877485514918,NA,-0.00130606771320517,0.422771283025703
IITA-TMS-MM190031,-0.476877485514918,NA,0.545678908970639,-0.496654780822345
IITA-TMS-MM190045,-0.559440494261244,NA,-0.00130606771320517,0.422771283025703
IITA-TMS-MM190057,1.50233543939044,NA,-0.88955896500062,0.505972668385403
IITA-TMS-MM190059,-0.569225824195363,NA,0.794785482210051,-0.802081528749637
IITA-TMS-MM190062,0.2415290443279,NA,-0.260026431306995,0.24300877930507
IITA-TMS-MM190064,-0.476877485514918,NA,0.775226056044488,-0.805213704854626
IITA-TMS-MM190065,-0.476877485514918,NA,0.545678908970639,-0.496654780822345
IITA-TMS-MM190066,0.604772149842897,NA,0.331907792632688,-0.596672583591443
IITA-TMS-MM190069,1.85445299208313,NA,0.0911130454077435,-1.07427493517354
IITA-TMS-MM190071,0.801947456736145,NA,0.521611183496594,-1.07427493517354
IITA-TMS-MM190072,1.50233543939044,NA,-0.672342409375511,-0.00515664825865802
IITA-TMS-MM190077,-0.569225824195363,NA,-0.88955896500062,1.64988972585822
IITA-TMS-MM190078,-0.388033159803378,NA,0.441341948807448,-0.434007014488727
IITA-TMS-MM190090,-0.48170344377436,NA,0.441341948807448,-0.434007014488727
IITA-TMS-MM190094,-0.741391748817379,NA,1.00288921971427,-1.06974118049417
IITA-TMS-MM190096,-0.559440494261244,NA,-0.548152906690118,1.25704521141232
IITA-TMS-MM190101,-0.48170344377436,NA,0.439852057060862,-0.321228347050217
IITA-TMS-MM190105,-0.476877485514918,NA,0.521611183496594,-0.366197147795764
IITA-TMS-MM190117,-0.569225824195363,NA,-0.175675525364901,0.711847556340682
IITA-TMS-MM190118,-0.569225824195363,NA,0.331907792632688,-0.0304392161783613
IITA-TMS-MM190119,0.604772149842897,NA,0.331907792632688,-0.596672583591443
IITA-TMS-MM190122,-0.476877485514918,NA,0.545678908970639,-0.496654780822345
IITA-TMS-MM190123,-0.569225824195363,NA,0.307166416677244,-0.00515664825865802
IITA-TMS-MM190124,-0.476877485514918,NA,0.96368520480232,-1.07427493517354
IITA-TMS-MM190125,-0.476877485514918,NA,0.96368520480232,-1.07427493517354
IITA-TMS-MM190129,0.225759094342314,NA,0.545367410286965,-1.06974118049417
IITA-TMS-MM190132,-0.569225824195363,NA,-0.672342409375511,1.42607480025274
IITA-TMS-MM190133,-0.741391748817379,NA,-0.824787805760944,1.60990683438985
IITA-TMS-MM190143,0.604772149842897,NA,0.331907792632688,-0.596672583591443
IITA-TMS-MM190146,-0.559440494261244,NA,-0.344061178077739,0.882432305420766
IITA-TMS-MM190153,NA,NA,-0.439311172904986,0.809909564986027
IITA-TMS-MM190155,-0.79776375386344,NA,-0.824787805760944,1.60990683438985
IITA-TMS-MM190158,-0.569225824195363,NA,-0.88955896500062,1.05216169920399
IITA-TMS-MM190163,-0.48170344377436,NA,0.441341948807448,-0.434007014488727
IITA-TMS-MM190164,0.74889778509636,NA,-0.115090450238787,-0.434007014488727
IITA-TMS-MM190167,-0.569225824195363,NA,0.72378055487643,-0.596672583591443
IITA-TMS-MM190171,-0.569225824195363,NA,1.130879651045,-1.24261376721748
IITA-TMS-MM190175,NA,NA,-0.439311172904986,0.809909564986027
IITA-TMS-MM190178,-0.545103695243688,NA,0.792111145016447,-0.913339992218309
IITA-TMS-MM190179,-0.476877485514918,NA,0.96368520480232,-1.07427493517354
IITA-TMS-MM190180,-0.569225824195363,NA,-0.0584428891472712,0.505972668385403
IITA-TMS-MM190185,-0.642217324284964,NA,0.958420928970921,-0.971344921195324
IITA-TMS-MM190188,-0.569225824195363,NA,-0.175675525364901,0.711847556340682
IITA-TMS-MM190191,1.85445299208313,NA,-0.548152906690118,-0.496654780822345
IITA-TMS-MM190196,1.52599875852396,NA,-0.548152906690118,0.422771283025703
IITA-TMS-MM190203,-0.741391748817379,NA,-0.355876622050599,0.304775940699672
IITA-TMS-MM190208,-0.388033159803378,NA,0.441341948807448,-0.434007014488727
IITA-TMS-MM190211,-0.569225824195363,NA,-0.460877094533489,1.05216169920399
IITA-TMS-MM190212,-0.79776375386344,NA,-0.355876622050598,0.942389710030135
IITA-TMS-MM190214,-0.569225824195363,NA,-0.88955896500062,1.64988972585822
IITA-TMS-MM190217,-0.79776375386344,NA,0.545367410286965,-0.348019296945013
IITA-TMS-MM190229,-0.48170344377436,NA,0.441341948807448,-0.434007014488727
IITA-TMS-MM190232,0.801947456736145,NA,-0.800222306644661,0.266881632978801
IITA-TMS-MM190234,1.67018078228513,NA,0.00176205993502385,-1.04433394403512
IITA-TMS-MM190235,-0.545103695243688,NA,-0.334996795934201,0.780564795097265
IITA-TMS-MM190237,-0.848620537205861,NA,-0.260026431306995,0.862623037147283
IITA-TMS-MM190240,-0.476877485514918,NA,-0.00130606771320523,0.422771283025703
IITA-TMS-MM190244,NA,NA,-0.439311172904986,-0.0406075827575243
IITA-TMS-MM190245,-0.559440494261244,NA,-0.800222306644661,1.53245112911357
IITA-TMS-MM190247,-0.476877485514918,NA,-0.00130606771320523,0.422771283025703
IITA-TMS-MM190248,0.725357428577906,NA,-0.334996795934201,-0.0737137205137285
IITA-TMS-MM190253,0.711877343951761,NA,-0.265519876868352,-0.0102888459346316
IITA-TMS-MM190258,-0.48170344377436,NA,0.441341948807448,-0.434007014488727
IITA-TMS-MM190264,-0.569225824195363,NA,0.331907792632688,-0.596672583591443
IITA-TMS-MM190265,2.34071001406157,NA,-0.672342409375511,-0.802081528749637
IITA-TMS-MM190268,-0.48170344377436,NA,0.441341948807448,-0.434007014488727
IITA-TMS-MM190271,-0.569225824195363,NA,-0.460877094533489,1.05216169920399
IITA-TMS-MM190272,0.801947456736145,NA,-0.00130606771320517,-0.496654780822345
IITA-TMS-MM190273,0.74889778509636,NA,-0.115090450238787,-0.434007014488727
IITA-TMS-MM190276,0.604772149842897,NA,-0.175675525364901,-0.00515664825865802
IITA-TMS-MM190284,-0.476877485514918,NA,-0.548152906690118,1.25704521141232
IITA-TMS-MM190287,1.85445299208313,NA,-0.344061178077738,-1.07427493517354
IITA-TMS-MM190290,-0.848620537205861,NA,0.186960124832819,0.24300877930507
IITA-TMS-MM190299,-0.48170344377436,NA,-0.659424385156348,1.36822779585348
IITA-TMS-MM190300,1.50233543939044,NA,-0.460877094533489,-0.0304392161783613
IITA-TMS-MM190302,-0.796521616650634,NA,-0.730556157233767,1.51742455883635
IITA-TMS-MM190307,-0.569225824195363,NA,-0.175675525364901,0.711847556340683
IITA-TMS-MM190316,0.32922155555417,NA,0.545367410286966,-1.06974118049417
IITA-TMS-MM190318,0.622352003849572,NA,0.521611183496594,-1.07427493517354
IITA-TMS-MM190320,-0.476877485514918,NA,-0.00130606771320517,0.422771283025703
IITA-TMS-MM190323,-0.545103695243688,NA,0.24066387322048,-0.0737137205137283
IITA-TMS-MM190328,-0.79776375386344,NA,-0.355876622050598,0.942389710030135
IITA-TMS-MM190329,-0.48170344377436,NA,-0.436418678654841,0.961966805260998
IITA-TMS-MM190331,0.622352003849571,NA,0.521611183496593,-1.07427493517354
IITA-TMS-MM190337,-0.848620537205861,NA,-0.730556157233767,1.51742455883635
IITA-TMS-MM200001,-0.0321993270729366,-0.00958529569329657,-0.0423957304402987,-0.0653264210119419
IITA-TMS-MM200002,0.156866291151085,-0.00958529569329657,-0.0423957304402987,-0.0653264210119419
IITA-TMS-MM200003,1.45705733035123,-0.00958529569329657,-0.0423957304402987,-0.0653264210119419
IITA-TMS-MM200004,0.156866291151085,-0.00958529569329657,-0.0423957304402987,-0.0653264210119419
IITA-TMS-MM200005,-0.0321993270729366,-0.00958529569329657,-0.0423957304402987,-0.0653264210119419
IITA-TMS-MM200006,0.156866291151085,-0.00958529569329657,-0.0423957304402987,-0.0653264210119419
IITA-TMS-MM200007,0.156866291151085,-0.00958529569329657,-0.0423957304402987,-0.0653264210119419
IITA-TMS-MM200008,1.45705733035123,-0.00958529569329657,-0.0423957304402987,-0.0653264210119419
IITA-TMS-MM200009,-0.0321993270729366,-0.00958529569329657,-0.0423957304402987,-0.0653264210119419
IITA-TMS-MM200010,0.156866291151085,-0.00958529569329657,-0.0423957304402987,-0.0653264210119419
IITA-TMS-MM200011,-0.0321993270729366,-0.00958529569329657,-0.0423957304402987,-0.0653264210119419
IITA-TMS-MM200012,0.156866291151085,-0.00958529569329657,-0.0423957304402987,-0.0653264210119419
IITA-TMS-MM200013,0.156866291151085,-0.00958529569329657,-0.0423957304402987,-0.0653264210119419
IITA-TMS-MM200014,-0.0321993270729366,-0.00958529569329657,-0.0423957304402987,-0.0653264210119419
IITA-TMS-MM200015,-0.0321993270729366,-0.00958529569329657,-0.0423957304402987,-0.0653264210119419
IITA-TMS-MM200016,1.45705733035123,-0.00958529569329657,-0.0423957304402987,-0.0653264210119419
IITA-TMS-MM200017,-1.50175260398347,-0.00958529569329657,-0.0423957304402987,1.19869253212051
IITA-TMS-MM200018,0.156866291151085,-0.00958529569329657,-0.0423957304402987,-0.0653264210119419
IITA-TMS-MM200019,0.156866291151085,-0.00958529569329657,-0.0423957304402987,-0.0653264210119419
IITA-TMS-MM200020,0.156866291151085,-0.00958529569329657,-0.0423957304402987,-0.0653264210119419
IITA-TMS-MM200021,-0.0321993270729366,-0.00958529569329657,-0.0423957304402987,-0.0653264210119419
IITA-TMS-MM200022,-0.0321993270729366,-0.00958529569329657,-0.0423957304402987,-0.0653264210119419
IITA-TMS-MM200023,-0.0321993270729366,-0.00958529569329657,-0.0423957304402987,-0.0653264210119419
IITA-TMS-MM200024,-0.0321993270729366,-0.00958529569329657,-0.0423957304402987,-0.0653264210119419
IITA-TMS-MM200025,0.156866291151085,-0.00958529569329657,-0.0423957304402987,-0.0653264210119419
IITA-TMS-MM200026,0.156866291151085,-0.00958529569329657,-0.0423957304402987,-0.0653264210119419
IITA-TMS-MM200027,-0.0321993270729366,-0.00958529569329657,-0.0423957304402987,-0.0653264210119419
IITA-TMS-MM200028,0.156866291151085,-0.00958529569329657,-0.0423957304402987,-0.0653264210119419
IITA-TMS-MM200029,0.156866291151085,-0.00958529569329657,-0.0423957304402987,-0.0653264210119419
IITA-TMS-MM200030,-0.0321993270729366,-0.00958529569329657,-0.0423957304402987,-0.0653264210119419
IITA-TMS-MM200031,-0.0321993270729366,-0.00958529569329657,-0.0423957304402987,-0.0653264210119419
IITA-TMS-MM200032,1.45705733035123,-0.00958529569329657,-0.0423957304402987,-0.0653264210119419
IITA-TMS-MM200033,-0.0321993270729366,-0.00958529569329657,-0.0423957304402987,-0.0653264210119419
IITA-TMS-MM200034,1.45705733035123,-0.00958529569329657,-0.0423957304402987,-0.0653264210119419
IITA-TMS-MM200035,0.156866291151085,-0.00958529569329657,-0.0423957304402987,-0.0653264210119419
IITA-TMS-MM200036,-0.0321993270729366,-0.00958529569329657,-0.0423957304402987,-0.0653264210119419
IITA-TMS-MM200037,-0.0321993270729366,-0.00958529569329657,-0.0423957304402987,-0.0653264210119419
IITA-TMS-MM200038,-0.0321993270729366,-0.00958529569329657,-0.0423957304402987,-0.0653264210119419
IITA-TMS-MM200039,-0.0321993270729366,-0.00958529569329657,-0.0423957304402987,-0.0653264210119419
IITA-TMS-MM200040,0.156866291151085,-0.00958529569329657,-0.0423957304402987,-0.0653264210119419
IITA-TMS-MM200041,0.156866291151085,-0.00958529569329657,-0.0423957304402987,-0.0653264210119419
IITA-TMS-MM200042,-0.0321993270729366,-0.00958529569329657,-0.0423957304402987,-0.0653264210119419
IITA-TMS-MM200043,-0.0321993270729366,-0.00958529569329657,-0.0423957304402987,-0.0653264210119419
IITA-TMS-MM200044,1.45705733035123,-0.00958529569329657,-0.0423957304402987,-0.0653264210119419
IITA-TMS-MM200045,-0.0321993270729366,-0.00958529569329657,-0.0423957304402987,-0.0653264210119419
IITA-TMS-MM200046,-0.0321993270729366,-0.00958529569329657,-0.0423957304402987,-0.0653264210119419
IITA-TMS-MM200047,0.156866291151085,-0.00958529569329657,-0.0423957304402987,-0.0653264210119419
IITA-TMS-MM200048,-0.0321993270729366,-0.00958529569329657,-0.0423957304402987,-0.0653264210119419
IITA-TMS-MM200049,0.156866291151085,-0.00958529569329657,-0.0423957304402987,-0.0653264210119419
IITA-TMS-MM200050,0.156866291151085,-0.00958529569329657,-0.0423957304402987,-0.0653264210119419
IITA-TMS-MM200051,0.156866291151085,-0.00958529569329657,-0.0423957304402987,-0.0653264210119419
IITA-TMS-MM200052,0.156866291151085,-0.00958529569329657,-0.0423957304402987,-0.0653264210119419
IITA-TMS-MM200052A,-0.189786890561631,NA,NA,NA
IITA-TMS-MM200052B,-0.189786890561631,NA,NA,NA
IITA-TMS-MM200053,0.156866291151085,-0.00958529569329657,-0.0423957304402987,-0.0653264210119419
IITA-TMS-MM200054,-1.50175260398347,-0.00958529569329657,-0.0423957304402987,1.19869253212051
IITA-TMS-MM200055,0.156866291151085,-0.00958529569329657,-0.0423957304402987,-0.0653264210119419
IITA-TMS-MM200056,-0.0321993270729366,-0.00958529569329657,-0.0423957304402987,-0.0653264210119419
IITA-TMS-MM200057,0.156866291151085,-0.00958529569329657,-0.0423957304402987,-0.0653264210119419
IITA-TMS-MM200058,0.156866291151085,-0.00958529569329657,-0.0423957304402987,-0.0653264210119419
IITA-TMS-MM200059,0.156866291151085,-0.00958529569329657,-0.0423957304402987,-0.0653264210119419
IITA-TMS-MM200060,-1.50175260398347,-0.00958529569329657,0.664731305190413,-0.0653264210119419
IITA-TMS-MM200061,-1.50175260398347,-0.00958529569329657,-0.0423957304402987,1.19869253212051
IITA-TMS-MM200062,-1.50175260398347,-0.00958529569329657,-0.0423957304402987,1.19869253212051
IITA-TMS-MM200063,0.156866291151085,-0.00958529569329657,-0.0423957304402987,-0.0653264210119419
IITA-TMS-MM200064,0.156866291151085,-0.00958529569329657,-0.0423957304402987,-0.0653264210119419
IITA-TMS-MM200065,-0.0321993270729366,-0.00958529569329657,-0.0423957304402987,-0.0653264210119419
IITA-TMS-MM200066,0.156866291151085,-0.00958529569329657,-0.0423957304402987,-0.0653264210119419
IITA-TMS-MM200067,0.156866291151085,-0.00958529569329657,-0.0423957304402987,-0.0653264210119419
IITA-TMS-MM200068,-1.50175260398347,1.72329467565072,-0.0423957304402987,-0.0653264210119419
IITA-TMS-MM200069,0.156866291151085,-0.00958529569329657,-0.0423957304402987,-0.0653264210119419
IITA-TMS-MM200070,-0.0321993270729366,-0.00958529569329657,-0.0423957304402987,-0.0653264210119419
IITA-TMS-MM200071,0.156866291151085,-0.00958529569329657,-0.0423957304402987,-0.0653264210119419
IITA-TMS-MM200072,0.156866291151085,-0.00958529569329657,-0.0423957304402987,-0.0653264210119419
IITA-TMS-MM200073,-0.0321993270729366,-0.00958529569329657,-0.0423957304402987,-0.0653264210119419
IITA-TMS-MM200074,0.156866291151085,-0.00958529569329657,-0.0423957304402987,-0.0653264210119419
IITA-TMS-MM200075,-0.0321993270729366,-0.00958529569329657,-0.0423957304402987,-0.0653264210119419
IITA-TMS-MM200076,-0.0321993270729366,-0.00958529569329657,-0.0423957304402987,-0.0653264210119419
IITA-TMS-MM200077,0.156866291151085,-0.00958529569329657,-0.0423957304402987,-0.0653264210119419
IITA-TMS-MM200078,-0.0321993270729366,-0.00958529569329657,-0.0423957304402987,-0.0653264210119419
IITA-TMS-MM200079,-0.0321993270729366,-0.00958529569329657,-0.0423957304402987,-0.0653264210119419
IITA-TMS-MM200080,-0.0321993270729366,-0.00958529569329657,-0.0423957304402987,-0.0653264210119419
IITA-TMS-MM200081,-0.0321993270729366,-0.00958529569329657,-0.0423957304402987,-0.0653264210119419
IITA-TMS-MM200082,0.156866291151085,-0.00958529569329657,-0.0423957304402987,-0.0653264210119419
IITA-TMS-MM200083,-0.0321993270729366,-0.00958529569329657,-0.0423957304402987,-0.0653264210119419
IITA-TMS-MM200084,-0.0321993270729366,-0.00958529569329657,-0.0423957304402987,-0.0653264210119419
IITA-TMS-MM200085,-1.50175260398347,-0.00958529569329657,0.664731305190413,-0.0653264210119419
IITA-TMS-MM200086,-0.0321993270729366,-0.00958529569329657,-0.0423957304402987,-0.0653264210119419
IITA-TMS-MM200087,-0.0321993270729366,-0.00958529569329657,-0.0423957304402987,-0.0653264210119419
IITA-TMS-MM200088,-0.0321993270729366,-0.00958529569329657,-0.0423957304402987,-0.0653264210119419
IITA-TMS-MM200089,-1.53824369036185,-0.00958529569329657,0.664731305190413,-0.0653264210119419
IITA-TMS-MM200090,-0.0321993270729366,-0.00958529569329657,-0.0423957304402987,-0.0653264210119419
IITA-TMS-MM200091,0.156866291151085,-0.00958529569329657,-0.0423957304402987,-0.0653264210119419
IITA-TMS-MM200092,0.156866291151085,-0.00958529569329657,-0.0423957304402987,-0.0653264210119419
IITA-TMS-MM200093,-0.0321993270729366,-0.00958529569329657,-0.0423957304402987,-0.0653264210119419
IITA-TMS-MM200094,0.156866291151085,-0.00958529569329657,-0.0423957304402987,-0.0653264210119419
IITA-TMS-MM200095,0.156866291151085,-0.00958529569329657,-0.0423957304402987,-0.0653264210119419
IITA-TMS-MM200096,1.45705733035123,-0.00958529569329657,-0.0423957304402987,-0.0653264210119419
IITA-TMS-MM200097,-0.0321993270729366,-0.00958529569329657,-0.0423957304402987,-0.0653264210119419
IITA-TMS-MM200098,0.156866291151085,-0.00958529569329657,-0.0423957304402987,-0.0653264210119419
IITA-TMS-MM200099,0.156866291151085,-0.00958529569329657,-0.0423957304402987,-0.0653264210119419
IITA-TMS-MM200100,0.156866291151085,-0.00958529569329657,-0.0423957304402987,-0.0653264210119419
IITA-TMS-MM200101,0.156866291151085,-0.00958529569329657,-0.0423957304402987,-0.0653264210119419
IITA-TMS-MM200102,0.156866291151085,-0.00958529569329657,-0.0423957304402987,-0.0653264210119419
IITA-TMS-MM200103,0.156866291151085,-0.00958529569329657,-0.0423957304402987,-0.0653264210119419
IITA-TMS-MM200104,0.156866291151085,-0.00958529569329657,-0.0423957304402987,-0.0653264210119419
IITA-TMS-MM200105,0.156866291151085,-0.00958529569329657,-0.0423957304402987,-0.0653264210119419
IITA-TMS-MM200106,0.156866291151085,-0.00958529569329657,-0.0423957304402987,-0.0653264210119419
IITA-TMS-MM200107,-0.0321993270729366,-0.00958529569329657,-0.0423957304402987,-0.0653264210119419
IITA-TMS-MM200108,-0.0321993270729366,-0.00958529569329657,-0.0423957304402987,-0.0653264210119419
IITA-TMS-MM200109,0.156866291151085,-0.00958529569329657,-0.0423957304402987,-0.0653264210119419
IITA-TMS-MM200110,-0.0321993270729366,-0.00958529569329657,-0.0423957304402987,-0.0653264210119419
IITA-TMS-MM200111,0.156866291151085,-0.00958529569329657,-0.0423957304402987,-0.0653264210119419
IITA-TMS-MM200112,0.156866291151085,-0.00958529569329657,-0.0423957304402987,-0.0653264210119419
IITA-TMS-MM200113,0.156866291151085,-0.00958529569329657,-0.0423957304402987,-0.0653264210119419
IITA-TMS-MM200114,0.156866291151085,-0.00958529569329657,-0.0423957304402987,-0.0653264210119419
IITA-TMS-MM200115,0.156866291151085,-0.00958529569329657,-0.0423957304402987,-0.0653264210119419
IITA-TMS-MM200116,0.156866291151085,-0.00958529569329657,-0.0423957304402987,-0.0653264210119419
IITA-TMS-MM200117,0.156866291151085,-0.00958529569329657,-0.0423957304402987,-0.0653264210119419
IITA-TMS-MM200118,-1.50175260398347,-0.00958529569329657,0.664731305190413,-0.0653264210119419
IITA-TMS-MM200119,-0.0321993270729366,-0.00958529569329657,-0.0423957304402987,-0.0653264210119419
IITA-TMS-MM200120,-0.0321993270729366,-0.00958529569329657,-0.0423957304402987,-0.0653264210119419
IITA-TMS-MM200121,-1.50175260398347,-0.00958529569329657,-0.0423957304402987,1.19869253212051
IITA-TMS-MM200122,-0.0321993270729366,-0.00958529569329657,-0.0423957304402987,-0.0653264210119419
IITA-TMS-MM200123,-0.0321993270729366,-0.00958529569329657,-0.0423957304402987,-0.0653264210119419
IITA-TMS-MM200124,-0.0321993270729366,-0.00958529569329657,-0.0423957304402987,-0.0653264210119419
IITA-TMS-MM200125,0.156866291151085,-0.00958529569329657,-0.0423957304402987,-0.0653264210119419
IITA-TMS-MM200126,-1.53824369036185,-0.00958529569329657,-0.0423957304402987,1.19869253212051
IITA-TMS-MM200127,0.156866291151085,-0.00958529569329657,-0.0423957304402987,-0.0653264210119419
IITA-TMS-MM200128,-1.50175260398347,-0.00958529569329657,-0.0423957304402987,1.19869253212051
IITA-TMS-MM200129,0.156866291151085,-0.00958529569329657,-0.0423957304402987,-0.0653264210119419
IITA-TMS-MM200130,0.156866291151085,-0.00958529569329657,-0.0423957304402987,-0.0653264210119419
IITA-TMS-MM200131,0.156866291151085,-0.00958529569329657,-0.0423957304402987,-0.0653264210119419
IITA-TMS-MM200132,-0.0321993270729366,-0.00958529569329657,-0.0423957304402987,-0.0653264210119419
IITA-TMS-MM200133,0.156866291151085,-0.00958529569329657,-0.0423957304402987,-0.0653264210119419
IITA-TMS-MM200134,0.156866291151085,-0.00958529569329657,-0.0423957304402987,-0.0653264210119419
IITA-TMS-MM200135,1.45705733035123,-0.00958529569329657,-0.0423957304402987,-0.0653264210119419
IITA-TMS-MM200136,-1.53824369036185,-0.00958529569329657,0.664731305190413,-0.0653264210119419
IITA-TMS-MM200137,1.45705733035123,-0.00958529569329657,-0.0423957304402987,-0.0653264210119419
IITA-TMS-MM200138,0.156866291151085,-0.00958529569329657,-0.0423957304402987,-0.0653264210119419
IITA-TMS-MM200139,-1.50175260398347,-0.00958529569329657,0.664731305190413,-0.0653264210119419
IITA-TMS-MM200140,0.156866291151085,-0.00958529569329657,-0.0423957304402987,-0.0653264210119419
IITA-TMS-MM200141,-0.0321993270729366,-0.00958529569329657,-0.0423957304402987,-0.0653264210119419
IITA-TMS-MM200142,-0.0321993270729366,-0.00958529569329657,-0.0423957304402987,-0.0653264210119419
IITA-TMS-MM200143,-0.0321993270729366,-0.00958529569329657,-0.0423957304402987,-0.0653264210119419
IITA-TMS-MM200144,0.156866291151085,-0.00958529569329657,-0.0423957304402987,-0.0653264210119419
IITA-TMS-MM200145,-0.0321993270729366,-0.00958529569329657,-0.0423957304402987,-0.0653264210119419
IITA-TMS-MM200146,-0.0321993270729366,-0.00958529569329657,-0.0423957304402987,-0.0653264210119419
IITA-TMS-MM200147,0.156866291151085,-0.00958529569329657,-0.0423957304402987,-0.0653264210119419
IITA-TMS-MM200148,0.156866291151085,-0.00958529569329657,-0.0423957304402987,-0.0653264210119419
IITA-TMS-MM200149,0.156866291151085,-0.00958529569329657,-0.0423957304402987,-0.0653264210119419
IITA-TMS-MM200150,0.156866291151085,-0.00958529569329657,-0.0423957304402987,-0.0653264210119419
IITA-TMS-MM200151,-1.53824369036185,-0.00958529569329657,0.664731305190413,-0.0653264210119419
IITA-TMS-MM200152,0.156866291151085,-0.00958529569329657,-0.0423957304402987,-0.0653264210119419
IITA-TMS-MM200153,0.156866291151085,-0.00958529569329657,-0.0423957304402987,-0.0653264210119419
IITA-TMS-MM200154,1.45705733035123,-0.00958529569329657,-0.0423957304402987,-0.0653264210119419
IITA-TMS-MM200155,0.156866291151085,-0.00958529569329657,-0.0423957304402987,-0.0653264210119419
IITA-TMS-MM200156,-0.0321993270729366,-0.00958529569329657,-0.0423957304402987,-0.0653264210119419
IITA-TMS-MM200157,0.156866291151085,-0.00958529569329657,-0.0423957304402987,-0.0653264210119419
IITA-TMS-MM200158,0.156866291151085,-0.00958529569329657,-0.0423957304402987,-0.0653264210119419
IITA-TMS-MM200159,-0.0321993270729366,-0.00958529569329657,-0.0423957304402987,-0.0653264210119419
IITA-TMS-MM200160,0.156866291151085,-0.00958529569329657,-0.0423957304402987,-0.0653264210119419
IITA-TMS-MM200161,-0.0321993270729366,-0.00958529569329657,-0.0423957304402987,-0.0653264210119419
IITA-TMS-MM200162,0.156866291151085,-0.00958529569329657,-0.0423957304402987,-0.0653264210119419
IITA-TMS-MM200163,0.156866291151085,-0.00958529569329657,-0.0423957304402987,-0.0653264210119419
IITA-TMS-MM200164,0.156866291151085,-0.00958529569329657,-0.0423957304402987,-0.0653264210119419
IITA-TMS-MM200165,0.156866291151085,-0.00958529569329657,-0.0423957304402987,-0.0653264210119419
IITA-TMS-MM200166,0.156866291151085,-0.00958529569329657,-0.0423957304402987,-0.0653264210119419
IITA-TMS-MM200167,0.156866291151085,-0.00958529569329657,-0.0423957304402987,-0.0653264210119419
IITA-TMS-MM200168,0.156866291151085,-0.00958529569329657,-0.0423957304402987,-0.0653264210119419
IITA-TMS-MM200169,-0.0321993270729366,-0.00958529569329657,-0.0423957304402987,-0.0653264210119419
IITA-TMS-MM200170,0.156866291151085,-0.00958529569329657,-0.0423957304402987,-0.0653264210119419
IITA-TMS-MM200171,0.156866291151085,-0.00958529569329657,-0.0423957304402987,-0.0653264210119419
IITA-TMS-MM200172,0.156866291151085,-0.00958529569329657,-0.0423957304402987,-0.0653264210119419
IITA-TMS-MM200173,0.156866291151085,-0.00958529569329657,-0.0423957304402987,-0.0653264210119419
IITA-TMS-MM200174,0.156866291151085,-0.00958529569329657,-0.0423957304402987,-0.0653264210119419
IITA-TMS-MM200175,0.156866291151085,-0.00958529569329657,-0.0423957304402987,-0.0653264210119419
IITA-TMS-MM200176,0.156866291151085,-0.00958529569329657,-0.0423957304402987,-0.0653264210119419
IITA-TMS-MM200177,-0.0321993270729366,-0.00958529569329657,-0.0423957304402987,-0.0653264210119419
IITA-TMS-MM960093,-0.068162550719277,-0.0785305375734872,-0.325985136682494,0.647832658387614
IITA-TMS-MM960259,-0.068162550719277,-0.0785305375734872,0.303632772305898,-0.406830692835199
IITA-TMS-MM960287,-0.068162550719277,-0.0785305375734872,-0.325985136682494,0.647832658387614
IITA-TMS-MM961669,-0.068162550719277,-0.0785305375734872,-0.325985136682494,0.647832658387614
IITA-TMS-MM961751,-0.068162550719277,-0.0785305375734872,-0.325985136682494,0.647832658387614
IITA-TMS-MM961871,-0.068162550719277,-0.0785305375734872,0.303632772305898,-0.406830692835199
IITA-TMS-MM963635,-0.068162550719277,-0.0785305375734872,0.303632772305898,-0.406830692835199
IITA-TMS-MM963665,-0.068162550719277,-0.0785305375734872,-0.325985136682494,0.647832658387614
IITA-TMS-MM964019,-0.068162550719277,-0.0785305375734872,-0.325985136682494,0.647832658387614
IITA-TMS-MM964496,-0.068162550719277,-0.0785305375734872,0.303632772305898,-0.406830692835199
IITA-TMS-MM964500,-0.068162550719277,-0.0785305375734872,0.303632772305898,-0.406830692835199
IITA-TMS-MM965055,-0.068162550719277,-0.0785305375734872,0.303632772305898,-0.406830692835199
IITA-TMS-MM965280,-0.068162550719277,-0.0785305375734872,-0.325985136682494,0.647832658387614
IITA-TMS-MM966583,-0.068162550719277,-0.0785305375734872,0.303632772305898,-0.406830692835199
IITA-TMS-MM967204(DRC),-0.068162550719277,-0.0785305375734872,-0.325985136682494,0.647832658387614
IITA-TMS-MM968676,-0.068162550719277,1.46105802335842,-0.325985136682494,-0.406830692835199
IITA-TMS-MM968876,-0.068162550719277,-0.0785305375734872,-0.325985136682494,0.647832658387614
IITA-TMS-MM96JW1,-0.068162550719277,-0.0785305375734872,-0.325985136682494,0.647832658387614
IITA-TMS-MM970016,-0.068162550719277,-0.0785305375734872,-0.325985136682494,0.647832658387614
IITA-TMS-MM970043,-0.068162550719277,1.46105802335842,-0.325985136682494,-0.406830692835199
IITA-TMS-MM970092,-0.068162550719277,-0.0785305375734872,0.303632772305898,-0.406830692835199
IITA-TMS-MM970134,-0.068162550719277,-0.0785305375734872,0.303632772305898,-0.406830692835199
IITA-TMS-MM970287,-0.068162550719277,1.46105802335842,-0.325985136682494,-0.406830692835199
IITA-TMS-MM970646,-0.068162550719277,1.46105802335842,-0.325985136682494,-0.406830692835199
IITA-TMS-MM970806,-0.068162550719277,-0.0785305375734872,-0.325985136682494,0.647832658387614
IITA-TMS-MM971141,-0.068162550719277,-0.0785305375734872,-0.325985136682494,0.647832658387614
IITA-TMS-MM971405,-0.068162550719277,-0.0785305375734872,0.303632772305898,-0.406830692835199
IITA-TMS-MM971660,-0.068162550719277,-0.0785305375734872,0.303632772305898,-0.406830692835199
IITA-TMS-MM971750,-0.068162550719277,-0.0785305375734872,0.303632772305898,-0.406830692835199
IITA-TMS-MM971899,-0.068162550719277,-0.0785305375734872,0.303632772305898,-0.406830692835199
IITA-TMS-MM971909,-0.068162550719277,-0.0785305375734872,0.303632772305898,-0.406830692835199
IITA-TMS-MM972220,-0.068162550719277,-0.0785305375734872,0.303632772305898,-0.406830692835199
IITA-TMS-MM972320,-0.068162550719277,-0.0785305375734872,0.303632772305898,-0.406830692835199
IITA-TMS-MM972346,-0.068162550719277,-0.0785305375734872,-0.325985136682494,0.647832658387614
IITA-TMS-MM972480,-0.068162550719277,-0.0785305375734872,0.303632772305898,-0.406830692835199
IITA-TMS-MM974580,-0.068162550719277,-0.0785305375734872,-0.325985136682494,0.647832658387614
IITA-TMS-MM97JW2,-0.068162550719277,-0.0785305375734872,-0.325985136682494,0.647832658387614
IITA-TMS-MM980034,-0.068162550719277,-0.0785305375734872,-0.325985136682494,0.647832658387614
IITA-TMS-MM980057,-0.068162550719277,-0.0785305375734872,-0.325985136682494,0.647832658387614
IITA-TMS-MM980163,-0.068162550719277,-0.0785305375734872,-0.325985136682494,0.647832658387614
IITA-TMS-MM980471,-0.068162550719277,-0.0785305375734872,-0.325985136682494,0.647832658387614
IITA-TMS-MM980604,-0.068162550719277,-0.0785305375734872,0.303632772305898,-0.406830692835199
IITA-TMS-MM980747,-0.068162550719277,-0.0785305375734872,0.303632772305898,-0.406830692835199
IITA-TMS-MM980931,-0.068162550719277,-0.0785305375734872,-0.325985136682494,0.647832658387614
IITA-TMS-MM981020,-0.068162550719277,-0.0785305375734872,0.303632772305898,-0.406830692835199
IITA-TMS-MM983437,-0.068162550719277,-0.0785305375734872,-0.325985136682494,0.647832658387614
IITA-TMS-MM990214,-0.068162550719277,-0.0785305375734872,0.303632772305898,-0.406830692835199
IITA-TMS-MM990268,-0.068162550719277,-0.0785305375734872,0.303632772305898,-0.406830692835199
IITA-TMS-MM990302,-0.068162550719277,-0.0785305375734872,-0.325985136682494,0.647832658387614
IITA-TMS-MM990477,-0.068162550719277,-0.0785305375734872,0.303632772305898,-0.406830692835199
IITA-TMS-MOK000004,-0.068162550719277,-0.0785305375734872,-0.325985136682494,0.647832658387614
IITA-TMS-MOK000015,-0.068162550719277,-0.0785305375734872,0.303632772305898,-0.406830692835199
IITA-TMS-MOK000044,-0.068162550719277,-0.0785305375734872,0.303632772305898,-0.406830692835199
IITA-TMS-MOK000068,-0.068162550719277,-0.0785305375734872,0.303632772305898,-0.406830692835199
IITA-TMS-MOK000115C,-0.068162550719277,-0.0785305375734872,0.303632772305898,-0.406830692835199
IITA-TMS-MOK000141,-0.068162550719277,-0.0785305375734872,-0.325985136682494,0.647832658387614
IITA-TMS-MOK000142,-0.068162550719277,-0.0785305375734872,-0.325985136682494,0.647832658387614
IITA-TMS-MOK000146,-0.068162550719277,-0.0785305375734872,0.303632772305898,-0.406830692835199
IITA-TMS-MOK000175,-0.068162550719277,-0.0785305375734872,0.303632772305898,-0.406830692835199
IITA-TMS-MOK940583,-0.068162550719277,-0.0785305375734872,-0.325985136682494,0.647832658387614
IITA-TMS-MOK980004,-0.068162550719277,-0.0785305375734872,-0.325985136682494,0.647832658387614
IITA-TMS-MOK980028,-0.068162550719277,-0.0785305375734872,-0.325985136682494,0.647832658387614
IITA-TMS-MOK980040,-0.068162550719277,-0.0785305375734872,-0.325985136682494,0.647832658387614
IITA-TMS-MOK980057,-0.068162550719277,-0.0785305375734872,0.303632772305898,-0.406830692835199
IITA-TMS-MOK980068,-0.309157859243099,-0.573832544535172,-0.325985136682494,1.16344768729055
IITA-TMS-MOK980115,-0.068162550719277,-0.0785305375734872,-0.325985136682494,0.647832658387614
IITA-TMS-MV990395,-0.068162550719277,-0.0785305375734872,0.303632772305898,-0.406830692835199
IITA-TMS-MV990395(DRC),-0.068162550719277,-0.0785305375734872,-0.325985136682494,0.647832658387614
IITA-TMS-ONN71762,-0.068162550719277,-0.0785305375734872,0.303632772305898,-0.406830692835199
IITA-TMS-ONN8400401,-0.068162550719277,-0.0785305375734872,-0.325985136682494,0.647832658387614
IITA-TMS-ONN850066,-0.068162550719277,-0.0785305375734872,0.303632772305898,-0.406830692835199
IITA-TMS-ONN8700813,-0.068162550719277,-0.0785305375734872,0.303632772305898,-0.406830692835199
IITA-TMS-ONN8800119,-0.068162550719277,-0.0785305375734872,-0.325985136682494,0.647832658387614
IITA-TMS-ONN8800279,-0.068162550719277,-0.0785305375734872,0.303632772305898,-0.406830692835199
IITA-TMS-ONN920168,-0.068162550719277,-0.0785305375734872,0.303632772305898,-0.406830692835199
IITA-TMS-WAR4080,-0.068162550719277,-0.0785305375734872,0.303632772305898,-0.406830692835199
IITA-TMS-WAR4092,-0.068162550719277,-0.0785305375734872,0.303632772305898,-0.406830692835199
IITA-TMS-WAR820249,-0.068162550719277,-0.0785305375734872,0.303632772305898,-0.406830692835199
IITA-TMS-WAR820422,-0.068162550719277,-0.0785305375734872,-0.325985136682494,0.647832658387614
IITA-TMS-WAR820447,-0.068162550719277,-0.0785305375734872,-0.325985136682494,0.647832658387614
IITA-TMS-WAR940009,-0.068162550719277,-0.0785305375734872,0.303632772305898,-0.406830692835199
IITA-TMS-WAR940017,-0.068162550719277,-0.0785305375734872,0.303632772305898,-0.406830692835199
IITA-TMS-WAR940038,-0.068162550719277,-0.0785305375734872,0.303632772305898,-0.406830692835199
IITA-TMS-WAR940102,-0.068162550719277,1.46105802335842,-0.325985136682494,-0.406830692835199
IITA-TMS-WAR940727,1.76438474122749,-0.0785305375734872,-0.325985136682494,-0.406830692835199
IITA-TMS-ZAR000012,-0.068162550719277,-0.0785305375734872,0.303632772305898,-0.406830692835199
IITA-TMS-ZAR000104,-0.068162550719277,1.46105802335842,-0.325985136682494,-0.406830692835199
IITA-TMS-ZAR000120,-0.068162550719277,-0.0785305375734872,-0.325985136682494,0.647832658387614
IITA-TMS-ZAR000156,-0.068162550719277,-0.0785305375734872,0.303632772305898,-0.406830692835199
IITA-TMS-ZAR000200,-0.068162550719277,-0.0785305375734872,0.303632772305898,-0.406830692835199
IITA-TMS-ZAR010053,-0.068162550719277,-0.0785305375734872,-0.325985136682494,0.647832658387614
IITA-TMS-ZAR010055,-0.068162550719277,-0.0785305375734872,-0.325985136682494,0.647832658387614
IITA-TMS-ZAR010071,-0.068162550719277,-0.0785305375734872,-0.325985136682494,0.647832658387614
IITA-TMS-ZAR010087,-0.068162550719277,-0.0785305375734872,0.303632772305898,-0.406830692835199
IITA-TMS-ZAR010116,-0.068162550719277,-0.0785305375734872,-0.325985136682494,0.647832658387614
IITA-TMS-ZAR010125,-0.068162550719277,-0.0785305375734872,-0.325985136682494,0.647832658387614
IITA-TMS-ZAR010130,-0.068162550719277,1.46105802335842,-0.325985136682494,-0.406830692835199
IITA-TMS-ZAR010153,-0.068162550719277,-0.0785305375734872,-0.325985136682494,0.647832658387614
IITA-TMS-ZAR920250,-0.068162550719277,-0.0785305375734872,0.303632772305898,-0.406830692835199
IITA-TMS-ZAR930151,1.76438474122749,-0.0785305375734872,-0.325985136682494,-0.406830692835199
IITA-TMS-ZAR940153,-0.068162550719277,-0.0785305375734872,-0.325985136682494,0.647832658387614
IITA-TMS-ZAR950154,-0.068162550719277,-0.0785305375734872,-0.325985136682494,0.647832658387614
IITA-TMS-ZAR950286,-0.068162550719277,-0.0785305375734872,0.303632772305898,-0.406830692835199
IITA-TMS-ZAR950415,-0.068162550719277,-0.0785305375734872,0.303632772305898,-0.406830692835199
IITA-TMS-ZAR950432,-0.068162550719277,-0.0785305375734872,-0.325985136682494,0.647832658387614
IITA-TMS-ZAR950680,-0.068162550719277,-0.0785305375734872,-0.325985136682494,0.647832658387614
IITA-TMS-ZAR960058,-0.068162550719277,-0.0785305375734872,-0.325985136682494,0.647832658387614
IITA-TMS-ZAR970002,-0.068162550719277,-0.0785305375734872,0.303632772305898,-0.406830692835199
IITA-TMS-ZAR970474,-0.068162550719277,-0.0785305375734872,0.303632772305898,-0.406830692835199
IITA-TMS-ZAR980098,-0.068162550719277,-0.0785305375734872,-0.325985136682494,0.647832658387614
IITA-TMS-ZAR980135,-0.068162550719277,-0.0785305375734872,0.303632772305898,-0.406830692835199
IITA-TMS-ZAR980137,-0.068162550719277,-0.0785305375734872,0.303632772305898,-0.406830692835199
IITA-TMS-ZAR980139,-0.068162550719277,-0.0785305375734872,0.303632772305898,-0.406830692835199
IITA-TMS-ZAR980144,-0.068162550719277,-0.0785305375734872,-0.325985136682494,0.647832658387614
IITA-TMS-ZAR980190,-0.068162550719277,-0.0785305375734872,0.303632772305898,-0.406830692835199
IITA-TMS-ZAR990207,1.76438474122749,-0.0785305375734872,-0.325985136682494,-0.406830692835199
KALESO,-0.068162550719277,-0.0785305375734872,-0.325985136682494,0.647832658387614
KBH2016B020,-0.438720544110194,NA,0.531099732808171,-0.567875951417393
KBH2016B087,-0.438720544110194,NA,0.531099732808171,-0.567875951417393
KBH2016B185,1.92119489345756,NA,-0.562875631257871,-0.567875951417393
KBH2016B504,-0.438720544110194,NA,-0.562875631257871,1.15952568945882
KBH2016B521,-0.438720544110194,NA,-0.562875631257871,1.15952568945882
KIBAHA,-0.068162550719277,-0.0785305375734872,-0.325985136682494,0.647832658387614
KIBANDAMENO WHITE,-0.068162550719277,-0.0785305375734872,0.303632772305898,-0.406830692835199
KIGOMA RED,-0.068162550719277,-0.0785305375734872,-0.325985136682494,0.647832658387614
KIZIMBANI,-0.068162550719277,-0.0785305375734872,0.303632772305898,-0.406830692835199
L930425,-0.068162550719277,1.46105802335842,-0.325985136682494,-0.406830692835199
L930447,-0.068162550719277,-0.0785305375734872,-0.325985136682494,0.647832658387614
MANIHOT ROUGE,-0.068162550719277,-0.0785305375734872,0.303632772305898,-0.406830692835199
MN2-13,-0.068162550719277,-0.0785305375734872,0.303632772305898,-0.406830692835199
NANKHINYAYA 2,-0.068162550719277,-0.0785305375734872,0.303632772305898,-0.406830692835199
NAROCASS-1,-0.816998995846735,-0.0189920632085946,1.62610933935428,-1.85443524680196
NASE12,-0.068162550719277,-0.0785305375734872,0.303632772305898,-0.406830692835199
NASE8,-0.068162550719277,-0.0785305375734872,-0.325985136682494,0.647832658387614
NR16F10P0002,1.04772548423453,-0.54072826571625,-0.0591246472027596,-0.286090028953428
NR16F2P0002,-1.11204232733728,1.49541938240933,-0.0591246472027596,-0.286090028953428
NR16F3P0001,-1.11204232733728,1.49541938240933,-0.0591246472027596,-0.286090028953428
NR16F5P0001,1.04772548423453,-0.54072826571625,-0.0591246472027596,-0.286090028953428
NR16F8P0004,1.04772548423453,-0.54072826571625,-0.0591246472027596,-0.286090028953428
NR17F11P0060,-1.11204232733728,-0.54072826571625,-0.0591246472027596,1.60531627221656
NR17F17P0032,1.04772548423453,-0.54072826571625,-0.0591246472027596,-0.286090028953428
NR17F18P0077,1.04772548423453,-0.54072826571625,-0.0591246472027596,-0.286090028953428
NR17F18P0086,-1.11204232733728,-0.54072826571625,-0.0591246472027596,1.60531627221656
NR17F18P0123,-1.11204232733728,-0.54072826571625,1.28764015857604,-0.286090028953428
NR17F23P0226,-0.0371572906096445,-0.54072826571625,-0.0591246472027596,0.733583931614159
NR17F30P0076,1.04772548423453,-0.54072826571625,-0.0591246472027596,-0.286090028953428
NR17F42P0064,1.04772548423453,-0.54072826571625,-0.0591246472027596,-0.286090028953428
NR17F5P0003,-1.11204232733728,1.49541938240933,-0.0591246472027596,-0.286090028953428
NR17F6P0011,-1.11204232733728,1.49541938240933,-0.0591246472027596,-0.286090028953428
NR17F7P0011,1.04772548423453,-0.54072826571625,-0.0591246472027596,-0.286090028953428
NR17F8P0003,1.04772548423453,-0.54072826571625,-0.0591246472027596,-0.286090028953428
NR17F8P0028,-0.0371572906096445,0.543884684895764,-0.0591246472027596,-0.286090028953428
NR17F8P0061,1.04772548423453,-0.54072826571625,-0.0591246472027596,-0.286090028953428
NR7734,-0.068162550719277,-0.0785305375734872,-0.325985136682494,0.647832658387614
NR8212,-0.068162550719277,-0.0785305375734872,0.303632772305898,-0.406830692835199
NR8421,-0.068162550719277,-0.0785305375734872,0.303632772305898,-0.406830692835199
NR87184,-0.068162550719277,-0.0785305375734872,0.303632772305898,-0.406830692835199
NR89123,-0.068162550719277,-0.0785305375734872,0.303632772305898,-0.406830692835199
NR8949,-0.12857457078967,-0.147085433667252,-0.565696842611418,1.0334902609656
NR930199,-0.068162550719277,-0.0785305375734872,0.303632772305898,-0.406830692835199
RB98509,-0.068162550719277,1.46105802335842,-0.325985136682494,-0.406830692835199
SIMONYE,-0.068162550719277,-0.0785305375734872,0.303632772305898,-0.406830692835199
SL861(4X),-0.068162550719277,-0.0785305375734872,-0.325985136682494,0.647832658387614
SM1620-18,-0.068162550719277,-0.0785305375734872,0.303632772305898,-0.406830692835199
SM1799-21,-0.068162550719277,-0.0785305375734872,0.303632772305898,-0.406830692835199
SS5(NASE5),-0.068162550719277,-0.0785305375734872,0.303632772305898,-0.406830692835199
TME3,-0.0588294630363943,-0.0219807789206095,-0.387726229577698,NA
TMEB1,-0.741044852427194,1.16285495170152,-0.758592479347758,0.9812747922281
TMEB10,-0.0588294630363943,-0.0219807789206095,0.245490955417124,NA
TMEB1000,-0.0588294630363943,-0.0219807789206095,0.245490955417124,NA
TMEB1001,-0.0588294630363943,-0.0219807789206095,-0.387726229577698,NA
TMEB1002,-0.0588294630363943,-0.0219807789206095,-0.387726229577698,NA
TMEB1006,-0.0588294630363943,-0.0219807789206095,-0.387726229577698,NA
TMEB1008,-0.0588294630363943,-0.0219807789206095,0.245490955417124,NA
TMEB1009,-0.0588294630363943,-0.0219807789206095,-0.387726229577698,NA
TMEB101,1.80059730130423,-0.0219807789206095,-0.387726229577698,NA
TMEB1010,-0.0588294630363943,-0.0219807789206095,-0.387726229577698,NA
TMEB1018,-0.0588294630363943,-0.0219807789206095,-0.387726229577698,NA
TMEB1019,-0.0588294630363943,-0.0219807789206095,-0.387726229577698,NA
TMEB102,-0.0588294630363943,-0.0219807789206095,0.245490955417124,NA
TMEB1021,-0.0588294630363943,-0.0219807789206095,-0.387726229577698,NA
TMEB1022,-0.0588294630363943,-0.0219807789206095,0.245490955417124,NA
TMEB1024,-0.0588294630363943,-0.0219807789206095,-0.387726229577698,NA
TMEB1025,-0.0588294630363943,-0.0219807789206095,-0.387726229577698,NA
TMEB1027,-0.0588294630363943,-0.0219807789206095,0.245490955417124,NA
TMEB103,-0.0588294630363943,-0.0219807789206095,0.245490955417124,NA
TMEB1032,-0.0588294630363943,-0.0219807789206095,0.245490955417124,NA
TMEB1034,-0.0588294630363943,-0.0219807789206095,0.245490955417124,NA
TMEB1038,-0.0588294630363943,-0.0219807789206095,0.245490955417124,NA
TMEB104,1.80059730130423,-0.0219807789206095,-0.387726229577698,NA
TMEB1040,-0.0588294630363943,-0.0219807789206095,0.245490955417124,NA
TMEB1042,-0.0588294630363943,-0.0219807789206095,-0.387726229577698,NA
TMEB1044,-0.0588294630363943,-0.0219807789206095,-0.387726229577698,NA
TMEB1045,-0.0588294630363943,-0.0219807789206095,-0.387726229577698,NA
TMEB1046,-0.0588294630363943,-0.0219807789206095,-0.387726229577698,NA
TMEB1047,-0.0588294630363943,-0.0219807789206095,-0.387726229577698,NA
TMEB1048,-0.0588294630363943,-0.0219807789206095,0.245490955417124,NA
TMEB1049,-0.0588294630363943,-0.0219807789206095,-0.387726229577698,NA
TMEB1050,-0.0588294630363943,-0.0219807789206095,-0.387726229577698,NA
TMEB1052,-0.0588294630363943,-0.0219807789206095,-0.387726229577698,NA
TMEB107,-0.0588294630363943,-0.0219807789206095,0.245490955417124,NA
TMEB1070,-0.0588294630363943,-0.0219807789206095,0.245490955417124,NA
TMEB1081,-0.0588294630363943,-0.0219807789206095,0.245490955417124,NA
TMEB109,-0.0588294630363943,-0.0219807789206095,0.245490955417124,NA
TMEB1099,-0.0588294630363943,-0.0219807789206095,0.245490955417124,NA
TMEB11,-0.0588294630363943,-0.0219807789206095,-0.387726229577698,NA
TMEB1105,-0.0588294630363943,-0.0219807789206095,0.245490955417124,NA
TMEB1108,-0.0588294630363943,-0.0219807789206095,-0.387726229577698,NA
TMEB1109,-0.0588294630363943,-0.0219807789206095,-0.387726229577698,NA
TMEB111,1.80059730130423,-0.0219807789206095,-0.387726229577698,NA
TMEB1116,-0.0588294630363943,-0.0219807789206095,-0.387726229577698,NA
TMEB1120,-0.0588294630363943,-0.0219807789206095,0.245490955417124,NA
TMEB1131,-0.0588294630363943,-0.0219807789206095,0.245490955417124,NA
TMEB1135,-0.0588294630363943,-0.0219807789206095,0.245490955417124,NA
TMEB1143,-0.0588294630363943,-0.0219807789206095,-0.387726229577698,NA
TMEB1148,-0.0588294630363943,-0.0219807789206095,0.245490955417124,NA
TMEB115,-0.0588294630363943,-0.0219807789206095,0.245490955417124,NA
TMEB1156,-0.0588294630363943,-0.0219807789206095,-0.387726229577698,NA
TMEB1164,-0.0588294630363943,-0.0219807789206095,0.245490955417124,NA
TMEB1168,-0.0588294630363943,-0.0219807789206095,0.245490955417124,NA
TMEB117,-0.0588294630363943,-0.0219807789206095,0.245490955417124,NA
TMEB117(4X),-0.068162550719277,-0.0785305375734872,0.303632772305898,-0.406830692835199
TMEB119,-0.0588294630363943,-0.0219807789206095,0.245490955417124,NA
TMEB1199,-0.0588294630363943,-0.0219807789206095,0.245490955417124,NA
TMEB12,-0.120227076119965,-0.0975176133991575,-0.0725882515955259,0.647832658387614
TMEB1200,-0.0588294630363943,-0.0219807789206095,-0.387726229577698,NA
TMEB121,-0.0588294630363943,-0.0219807789206095,-0.387726229577698,NA
TMEB1212,-0.0588294630363943,-0.0219807789206095,0.245490955417124,NA
TMEB1215,-0.0588294630363943,-0.0219807789206095,0.245490955417124,NA
TMEB1218,-0.0588294630363943,-0.0219807789206095,-0.387726229577698,NA
TMEB1221,-0.0588294630363943,1.66369776451664,-0.387726229577698,NA
TMEB1222,-0.0588294630363943,-0.0219807789206095,0.245490955417124,NA
TMEB1224,-0.0588294630363943,-0.0219807789206095,-0.387726229577698,NA
TMEB1227,-0.0588294630363943,-0.0219807789206095,-0.387726229577698,NA
TMEB1228,-0.0588294630363943,-0.0219807789206095,0.245490955417124,NA
TMEB123,-0.0588294630363943,-0.0219807789206095,0.245490955417124,NA
TMEB1231,-0.0588294630363943,-0.0219807789206095,-0.387726229577698,NA
TMEB1232,-0.0588294630363943,-0.0219807789206095,0.245490955417124,NA
TMEB1234,-0.0588294630363943,-0.0219807789206095,0.245490955417124,NA
TMEB1237,-0.0588294630363943,-0.0219807789206095,0.245490955417124,NA
TMEB1238,-0.0588294630363943,-0.0219807789206095,0.245490955417124,NA
TMEB1240,-0.0588294630363943,-0.0219807789206095,-0.387726229577698,NA
TMEB1242,-0.0588294630363943,-0.0219807789206095,-0.387726229577698,NA
TMEB1243,-0.0588294630363943,-0.0219807789206095,0.245490955417124,NA
TMEB1244,-0.0588294630363943,-0.0219807789206095,-0.387726229577698,NA
TMEB1245,-0.0588294630363943,-0.0219807789206095,-0.387726229577698,NA
TMEB1246,-0.0588294630363943,-0.0219807789206095,0.245490955417124,NA
TMEB1248,-0.0588294630363943,-0.0219807789206095,0.245490955417124,NA
TMEB1249,-0.0588294630363943,-0.0219807789206095,-0.387726229577698,NA
TMEB1253,-0.0588294630363943,-0.0219807789206095,0.245490955417124,NA
TMEB1254,-0.0588294630363943,-0.0219807789206095,0.245490955417124,NA
TMEB1257,-0.0588294630363943,-0.0219807789206095,-0.387726229577698,NA
TMEB1258,-0.0588294630363943,-0.0219807789206095,-0.387726229577698,NA
TMEB126,-0.0588294630363943,-0.0219807789206095,0.245490955417124,NA
TMEB1260,-0.0588294630363943,-0.0219807789206095,0.245490955417124,NA
TMEB1263,-0.0588294630363943,-0.0219807789206095,0.245490955417124,NA
TMEB1264,-0.0588294630363943,-0.0219807789206095,0.245490955417124,NA
TMEB1266,-0.0588294630363943,-0.0219807789206095,-0.387726229577698,NA
TMEB1267,-0.0588294630363943,-0.0219807789206095,-0.387726229577698,NA
TMEB1268,-0.0588294630363943,-0.0219807789206095,0.245490955417124,NA
TMEB1269,-0.0588294630363943,-0.0219807789206095,0.245490955417124,NA
TMEB127,-0.0588294630363943,-0.0219807789206095,-0.387726229577698,NA
TMEB1272,-0.0588294630363943,-0.0219807789206095,-0.387726229577698,NA
TMEB1273,-0.0588294630363943,-0.0219807789206095,-0.387726229577698,NA
TMEB1274,-0.0588294630363943,-0.0219807789206095,-0.387726229577698,NA
TMEB1275,-0.0588294630363943,-0.0219807789206095,-0.387726229577698,NA
TMEB1276,-0.0588294630363943,-0.0219807789206095,0.245490955417124,NA
TMEB1277,-0.0588294630363943,-0.0219807789206095,0.245490955417124,NA
TMEB1278,-0.0588294630363943,-0.0219807789206095,-0.387726229577698,NA
TMEB1279,-0.0588294630363943,-0.0219807789206095,-0.387726229577698,NA
TMEB128,-0.0588294630363943,-0.0219807789206095,0.245490955417124,NA
TMEB1280,-0.0588294630363943,-0.0219807789206095,-0.387726229577698,NA
TMEB1282,-0.0588294630363943,-0.0219807789206095,-0.387726229577698,NA
TMEB1283,-0.0588294630363943,-0.0219807789206095,-0.387726229577698,NA
TMEB1284,-0.0588294630363943,-0.0219807789206095,-0.387726229577698,NA
TMEB1286,-0.0588294630363943,1.66369776451664,-0.387726229577698,NA
TMEB1289,-0.0588294630363943,-0.0219807789206095,-0.387726229577698,NA
TMEB1294,-0.0588294630363943,-0.0219807789206095,0.245490955417124,NA
TMEB1295,-0.0588294630363943,-0.0219807789206095,0.245490955417124,NA
TMEB1296,-0.0588294630363943,-0.0219807789206095,0.245490955417124,NA
TMEB1298,-0.0588294630363943,-0.0219807789206095,-0.387726229577698,NA
TMEB1299,-0.0588294630363943,-0.0219807789206095,0.245490955417124,NA
TMEB13,-0.0588294630363943,-0.0219807789206095,0.245490955417124,NA
TMEB130,1.80059730130423,-0.0219807789206095,-0.387726229577698,NA
TMEB1303,-0.0588294630363943,-0.0219807789206095,-0.387726229577698,NA
TMEB1304,-0.0588294630363943,-0.0219807789206095,0.245490955417124,NA
TMEB1305,-0.0588294630363943,-0.0219807789206095,0.245490955417124,NA
TMEB1309,-0.0588294630363943,-0.0219807789206095,0.245490955417124,NA
TMEB131,-0.0588294630363943,-0.0219807789206095,0.245490955417124,NA
TMEB1310,-0.17538160658745,-0.163845294172093,0.664703950033582,-0.670187186669052
TMEB1314,-0.0588294630363943,-0.0219807789206095,-0.387726229577698,NA
TMEB1315,-0.0588294630363943,-0.0219807789206095,0.245490955417124,NA
TMEB1317,-0.0588294630363943,-0.0219807789206095,0.245490955417124,NA
TMEB132,-0.0588294630363943,-0.0219807789206095,0.245490955417124,NA
TMEB1321,-0.0588294630363943,-0.0219807789206095,-0.387726229577698,NA
TMEB1329,-0.0588294630363943,-0.0219807789206095,0.245490955417124,NA
TMEB1330,-0.0588294630363943,-0.0219807789206095,0.245490955417124,NA
TMEB1331,-0.068162550719277,1.46105802335842,-0.325985136682494,-0.406830692835199
TMEB1332,-0.120227076119965,-0.0975176133991575,-0.0725882515955259,0.647832658387614
TMEB1333,-0.0588294630363943,-0.0219807789206095,-0.387726229577698,NA
TMEB1334,-0.0588294630363943,-0.0219807789206095,0.245490955417124,NA
TMEB1335,-0.0588294630363943,-0.0219807789206095,-0.387726229577698,NA
TMEB1336,-0.120227076119965,-0.0975176133991575,0.480747002897143,-0.406830692835199
TMEB1337,-0.0588294630363943,-0.0219807789206095,0.245490955417124,NA
TMEB134,-0.0588294630363943,-0.0219807789206095,0.245490955417124,NA
TMEB1340,-0.0588294630363943,-0.0219807789206095,-0.387726229577698,NA
TMEB1341,-0.120227076119965,-0.0975176133991575,0.480747002897143,-0.406830692835199
TMEB1342,-0.0588294630363943,-0.0219807789206095,-0.387726229577698,NA
TMEB1345,-0.0588294630363943,-0.0219807789206095,-0.387726229577698,NA
TMEB1346,-0.120227076119965,-0.0975176133991575,-0.072588251595526,-0.406830692835199
TMEB1347,-0.120227076119965,-0.0975176133991575,-0.0725882515955259,0.647832658387614
TMEB1348,-0.0588294630363943,-0.0219807789206095,-0.387726229577698,NA
TMEB1349,-0.120227076119965,-0.0975176133991575,-0.072588251595526,-0.406830692835199
TMEB135,-0.0588294630363943,-0.0219807789206095,0.245490955417124,NA
TMEB1350,-0.0588294630363943,-0.0219807789206095,0.245490955417124,NA
TMEB1351,-0.0588294630363943,-0.0219807789206095,-0.387726229577698,NA
TMEB1353,-0.0588294630363943,-0.0219807789206095,0.245490955417124,NA
TMEB136,-0.0588294630363943,-0.0219807789206095,0.245490955417124,NA
TMEB1360,-0.0588294630363943,-0.0219807789206095,0.245490955417124,NA
TMEB1364,-0.0588294630363943,-0.0219807789206095,0.245490955417124,NA
TMEB1367,-0.0588294630363943,-0.0219807789206095,-0.387726229577698,NA
TMEB1368,-0.0588294630363943,-0.0219807789206095,-0.387726229577698,NA
TMEB1369,-0.0588294630363943,-0.0219807789206095,0.245490955417124,NA
TMEB137,-0.0588294630363943,-0.0219807789206095,0.245490955417124,NA
TMEB1370,-0.0588294630363943,-0.0219807789206095,0.245490955417124,NA
TMEB138,-0.0588294630363943,-0.0219807789206095,-0.387726229577698,NA
TMEB1380,-0.0588294630363943,-0.0219807789206095,0.245490955417124,NA
TMEB1381,-0.0588294630363943,-0.0219807789206095,0.245490955417124,NA
TMEB1382,-0.0588294630363943,-0.0219807789206095,0.245490955417124,NA
TMEB1383,-0.0588294630363943,-0.0219807789206095,0.245490955417124,NA
TMEB1384,-0.0588294630363943,-0.0219807789206095,-0.387726229577698,NA
TMEB1386,-0.0588294630363943,-0.0219807789206095,-0.387726229577698,NA
TMEB139,-0.0588294630363943,-0.0219807789206095,0.245490955417124,NA
TMEB1391,-0.0588294630363943,-0.0219807789206095,0.245490955417124,NA
TMEB1393,-0.0588294630363943,-0.0219807789206095,0.245490955417124,NA
TMEB1394,-0.0588294630363943,-0.0219807789206095,0.245490955417124,NA
TMEB14,-0.546174269672604,-0.113333370261762,-0.515212995221407,0.87277876646598
TMEB1408,-0.0588294630363943,-0.0219807789206095,-0.387726229577698,NA
TMEB1411,-0.0588294630363943,-0.0219807789206095,0.245490955417124,NA
TMEB1412,-0.0588294630363943,-0.0219807789206095,0.245490955417124,NA
TMEB1417,-0.0588294630363943,-0.0219807789206095,-0.387726229577698,NA
TMEB1418,-0.0588294630363943,-0.0219807789206095,-0.387726229577698,NA
TMEB1419,-0.0588294630363943,-0.0219807789206095,-0.387726229577698,NA
TMEB1428,-0.0588294630363943,-0.0219807789206095,0.245490955417124,NA
TMEB1430,-0.0588294630363943,-0.0219807789206095,-0.387726229577698,NA
TMEB1431,-0.0588294630363943,-0.0219807789206095,-0.387726229577698,NA
TMEB1432,-0.0588294630363943,-0.0219807789206095,0.245490955417124,NA
TMEB1433,-0.0588294630363943,-0.0219807789206095,-0.387726229577698,NA
TMEB1441,-0.0588294630363943,-0.0219807789206095,-0.387726229577698,NA
TMEB1442,-0.0588294630363943,-0.0219807789206095,-0.387726229577698,NA
TMEB1443,-0.0588294630363943,-0.0219807789206095,-0.387726229577698,NA
TMEB1446,-0.0588294630363943,-0.0219807789206095,-0.387726229577698,NA
TMEB1447,-0.0588294630363943,-0.0219807789206095,0.245490955417124,NA
TMEB1448,-0.0588294630363943,-0.0219807789206095,0.245490955417124,NA
TMEB1450,-0.0588294630363943,-0.0219807789206095,0.245490955417124,NA
TMEB1458,-0.0588294630363943,-0.0219807789206095,-0.387726229577698,NA
TMEB146,-0.0588294630363943,-0.0219807789206095,0.245490955417124,NA
TMEB1463,-0.0588294630363943,-0.0219807789206095,0.245490955417124,NA
TMEB1468,-0.0588294630363943,-0.0219807789206095,-0.387726229577698,NA
TMEB147,-0.0588294630363943,-0.0219807789206095,0.245490955417124,NA
TMEB1470,-0.0588294630363943,-0.0219807789206095,-0.387726229577698,NA
TMEB1471,-0.0588294630363943,-0.0219807789206095,-0.387726229577698,NA
TMEB148,-0.0588294630363943,-0.0219807789206095,-0.387726229577698,NA
TMEB1484,-0.0588294630363943,-0.0219807789206095,-0.387726229577698,NA
TMEB1485,-0.0588294630363943,-0.0219807789206095,-0.387726229577698,NA
TMEB1486,-0.0588294630363943,-0.0219807789206095,-0.387726229577698,NA
TMEB15,-0.0588294630363943,-0.0219807789206095,-0.387726229577698,NA
TMEB150,-0.0588294630363943,-0.0219807789206095,0.245490955417124,NA
TMEB151,-0.0588294630363943,-0.0219807789206095,0.245490955417124,NA
TMEB152,-0.0588294630363943,-0.0219807789206095,0.245490955417124,NA
TMEB153,-0.0588294630363943,-0.0219807789206095,0.245490955417124,NA
TMEB154,-0.0588294630363943,-0.0219807789206095,0.245490955417124,NA
TMEB156,-0.0588294630363943,-0.0219807789206095,0.245490955417124,NA
TMEB157,-0.0588294630363943,-0.0219807789206095,0.245490955417124,NA
TMEB158,-0.0588294630363943,-0.0219807789206095,0.245490955417124,NA
TMEB159,-0.0588294630363943,-0.0219807789206095,0.245490955417124,NA
TMEB160,-0.0588294630363943,-0.0219807789206095,0.245490955417124,NA
TMEB161,-0.0588294630363943,-0.0219807789206095,0.245490955417124,NA
TMEB162,-0.0588294630363943,-0.0219807789206095,0.245490955417124,NA
TMEB164,-0.0588294630363943,-0.0219807789206095,0.245490955417124,NA
TMEB165,-0.0588294630363943,-0.0219807789206095,0.245490955417124,NA
TMEB167,-0.0588294630363943,-0.0219807789206095,0.245490955417124,NA
TMEB168,-0.0588294630363943,-0.0219807789206095,0.245490955417124,NA
TMEB169,-0.0588294630363943,-0.0219807789206095,0.245490955417124,NA
TMEB17,-0.0588294630363943,-0.0219807789206095,-0.387726229577698,NA
TMEB170,-0.0588294630363943,-0.0219807789206095,0.245490955417124,NA
TMEB171,-0.0588294630363943,-0.0219807789206095,0.245490955417124,NA
TMEB172,-0.0588294630363943,-0.0219807789206095,0.245490955417124,NA
TMEB173,-0.0588294630363943,-0.0219807789206095,0.245490955417124,NA
TMEB1738,-0.068162550719277,-0.0785305375734872,0.303632772305898,-0.406830692835199
TMEB174,-0.0588294630363943,-0.0219807789206095,0.245490955417124,NA
TMEB175,-0.0588294630363943,-0.0219807789206095,0.245490955417124,NA
TMEB176,-0.0588294630363943,-0.0219807789206095,0.245490955417124,NA
TMEB1776,-0.068162550719277,-0.0785305375734872,-0.325985136682494,0.647832658387614
TMEB1788,-0.068162550719277,-0.0785305375734872,0.303632772305898,-0.406830692835199
TMEB179,-0.0588294630363943,-0.0219807789206095,0.245490955417124,NA
TMEB182,-0.0588294630363943,-0.0219807789206095,0.245490955417124,NA
TMEB183,-0.0588294630363943,-0.0219807789206095,0.245490955417124,NA
TMEB185,-0.0588294630363943,-0.0219807789206095,0.245490955417124,NA
TMEB186,-0.0588294630363943,-0.0219807789206095,0.245490955417124,NA
TMEB187,-0.0588294630363943,-0.0219807789206095,-0.387726229577698,NA
TMEB188,-0.0588294630363943,-0.0219807789206095,0.245490955417124,NA
TMEB189,-0.0588294630363943,-0.0219807789206095,0.245490955417124,NA
TMEB19,-0.0588294630363943,-0.0219807789206095,0.245490955417124,NA
TMEB191,-0.0588294630363943,-0.0219807789206095,0.245490955417124,NA
TMEB192,-0.0588294630363943,-0.0219807789206095,0.245490955417124,NA
TMEB193,-0.0588294630363943,-0.0219807789206095,0.245490955417124,NA
TMEB1937,-0.068162550719277,-0.0785305375734872,0.303632772305898,-0.406830692835199
TMEB197,-0.0588294630363943,-0.0219807789206095,-0.387726229577698,NA
TMEB198,-0.0588294630363943,-0.0219807789206095,-0.387726229577698,NA
TMEB1981,-0.068162550719277,1.46105802335842,-0.325985136682494,-0.406830692835199
TMEB199,-0.0588294630363943,-0.0219807789206095,0.245490955417124,NA
TMEB2,1.55667156319909,-0.0975176133991575,-0.0725882515955259,-0.406830692835199
TMEB20,-0.0588294630363943,-0.0219807789206095,0.245490955417124,NA
TMEB202,-0.0588294630363943,-0.0219807789206095,0.245490955417124,NA
TMEB203,-0.120227076119965,-0.0975176133991575,-0.0725882515955259,0.647832658387614
TMEB203(4X),-0.068162550719277,-0.0785305375734872,-0.325985136682494,0.647832658387614
TMEB204,-0.068162550719277,1.46105802335842,-0.325985136682494,-0.406830692835199
TMEB205,-0.0588294630363943,-0.0219807789206095,0.245490955417124,NA
TMEB206,-0.0588294630363943,-0.0219807789206095,0.245490955417124,NA
TMEB207,-0.0588294630363943,-0.0219807789206095,0.245490955417124,NA
TMEB208,-0.0588294630363943,-0.0219807789206095,0.245490955417124,NA
TMEB209,-0.0588294630363943,-0.0219807789206095,0.245490955417124,NA
TMEB21,-0.0588294630363943,-0.0219807789206095,-0.387726229577698,NA
TMEB210,-0.0588294630363943,-0.0219807789206095,0.245490955417124,NA
TMEB211,-0.0588294630363943,-0.0219807789206095,0.245490955417124,NA
TMEB212,-0.0588294630363943,-0.0219807789206095,0.245490955417124,NA
TMEB213,-0.0588294630363943,-0.0219807789206095,0.245490955417124,NA
TMEB2135,1.76438474122749,-0.0785305375734872,-0.325985136682494,-0.406830692835199
TMEB2139,-0.068162550719277,-0.0785305375734872,0.303632772305898,-0.406830692835199
TMEB2141,-0.068162550719277,-0.0785305375734872,-0.325985136682494,0.647832658387614
TMEB2146,-0.068162550719277,1.46105802335842,-0.325985136682494,-0.406830692835199
TMEB215,-0.0588294630363943,-0.0219807789206095,0.245490955417124,NA
TMEB216,-0.0588294630363943,-0.0219807789206095,-0.387726229577698,NA
TMEB219,-0.0588294630363943,-0.0219807789206095,-0.387726229577698,NA
TMEB220,-0.0588294630363943,-0.0219807789206095,0.245490955417124,NA
TMEB221,-0.0588294630363943,-0.0219807789206095,0.245490955417124,NA
TMEB222,-0.0588294630363943,-0.0219807789206095,0.245490955417124,NA
TMEB223,-0.0588294630363943,-0.0219807789206095,0.245490955417124,NA
TMEB224,-0.0588294630363943,-0.0219807789206095,0.245490955417124,NA
TMEB225,-0.120227076119965,-0.0975176133991575,-0.0725882515955259,0.647832658387614
TMEB23,-0.0588294630363943,-0.0219807789206095,0.245490955417124,NA
TMEB232,-0.0588294630363943,-0.0219807789206095,0.245490955417124,NA
TMEB234,-0.0588294630363943,-0.0219807789206095,0.245490955417124,NA
TMEB235,-0.0588294630363943,-0.0219807789206095,-0.387726229577698,NA
TMEB237,-0.0588294630363943,-0.0219807789206095,-0.387726229577698,NA
TMEB237(4X),-0.068162550719277,-0.0785305375734872,-0.325985136682494,0.647832658387614
TMEB239,-0.120227076119965,1.39164171779493,-0.0725882515955259,-0.406830692835199
TMEB24,-0.0588294630363943,-0.0219807789206095,0.245490955417124,NA
TMEB243,-0.0588294630363943,-0.0219807789206095,0.245490955417124,NA
TMEB247,-0.0588294630363943,-0.0219807789206095,-0.387726229577698,NA
TMEB25,-0.0588294630363943,-0.0219807789206095,0.245490955417124,NA
TMEB251,-0.0588294630363943,-0.0219807789206095,-0.387726229577698,NA
TMEB252,-0.0588294630363943,-0.0219807789206095,0.245490955417124,NA
TMEB255,-0.0588294630363943,-0.0219807789206095,-0.387726229577698,NA
TMEB256,-0.0588294630363943,-0.0219807789206095,0.245490955417124,NA
TMEB258,1.80059730130423,-0.0219807789206095,-0.387726229577698,NA
TMEB26,-0.0588294630363943,-0.0219807789206095,0.245490955417124,NA
TMEB262,-0.0588294630363943,-0.0219807789206095,0.245490955417124,NA
TMEB265,-0.0588294630363943,-0.0219807789206095,0.245490955417124,NA
TMEB270,-0.0588294630363943,-0.0219807789206095,0.245490955417124,NA
TMEB274,-0.0588294630363943,-0.0219807789206095,0.245490955417124,NA
TMEB279,-0.0588294630363943,-0.0219807789206095,-0.387726229577698,NA
TMEB28,-0.0588294630363943,-0.0219807789206095,0.245490955417124,NA
TMEB282,-0.0588294630363943,-0.0219807789206095,0.245490955417124,NA
TMEB286,-0.0588294630363943,-0.0219807789206095,0.245490955417124,NA
TMEB287,-0.0588294630363943,-0.0219807789206095,0.245490955417124,NA
TMEB288,-0.0588294630363943,-0.0219807789206095,0.245490955417124,NA
TMEB291,-0.0588294630363943,-0.0219807789206095,0.245490955417124,NA
TMEB296,-0.0588294630363943,-0.0219807789206095,0.245490955417124,NA
TMEB299,-0.0588294630363943,-0.0219807789206095,0.245490955417124,NA
TMEB30,-0.0588294630363943,-0.0219807789206095,0.245490955417124,NA
TMEB31,-0.0588294630363943,-0.0219807789206095,0.245490955417124,NA
TMEB329,-0.0588294630363943,-0.0219807789206095,0.245490955417124,NA
TMEB33,-0.0588294630363943,-0.0219807789206095,-0.387726229577698,NA
TMEB339,-0.0588294630363943,-0.0219807789206095,0.245490955417124,NA
TMEB34,1.80059730130423,-0.0219807789206095,-0.387726229577698,NA
TMEB340,-0.0588294630363943,-0.0219807789206095,0.245490955417124,NA
TMEB35,-0.0588294630363943,-0.0219807789206095,0.245490955417124,NA
TMEB37,-0.0588294630363943,-0.0219807789206095,0.245490955417124,NA
TMEB379,-0.0588294630363943,-0.0219807789206095,0.245490955417124,NA
TMEB380,-0.0588294630363943,-0.0219807789206095,-0.387726229577698,NA
TMEB381,-0.0588294630363943,-0.0219807789206095,0.245490955417124,NA
TMEB388,-0.120227076119965,-0.0975176133991575,0.480747002897143,-0.406830692835199
TMEB391,-0.0588294630363943,-0.0219807789206095,0.245490955417124,NA
TMEB394,-0.0588294630363943,-0.0219807789206095,0.245490955417124,NA
TMEB396,-0.0588294630363943,1.66369776451664,-0.387726229577698,NA
TMEB397,-0.0588294630363943,-0.0219807789206095,-0.387726229577698,NA
TMEB398,-0.0588294630363943,-0.0219807789206095,-0.387726229577698,NA
TMEB4,-0.120227076119965,-0.0975176133991575,-0.072588251595526,-0.406830692835199
TMEB401,-0.0588294630363943,-0.0219807789206095,0.245490955417124,NA
TMEB402,-0.0588294630363943,-0.0219807789206095,0.245490955417124,NA
TMEB403,-0.0588294630363943,-0.0219807789206095,-0.387726229577698,NA
TMEB408,-0.0588294630363943,-0.0219807789206095,-0.387726229577698,NA
TMEB410,1.80059730130423,-0.0219807789206095,-0.387726229577698,NA
TMEB412,-0.0588294630363943,-0.0219807789206095,0.245490955417124,NA
TMEB416,-0.0588294630363943,-0.0219807789206095,0.245490955417124,NA
TMEB418,1.80059730130423,-0.0219807789206095,-0.387726229577698,NA
TMEB419,-1.62225796428802,3.20432812137515,-1.11372689054002,-1.1648954811384
TMEB421,-0.0588294630363943,-0.0219807789206095,0.245490955417124,NA
TMEB422,-0.0588294630363943,-0.0219807789206095,0.245490955417124,NA
TMEB423,-0.0588294630363943,-0.0219807789206095,0.245490955417124,NA
TMEB424,-0.0588294630363943,-0.0219807789206095,0.245490955417124,NA
TMEB427,-0.0588294630363943,-0.0219807789206095,0.245490955417124,NA
TMEB428,-0.0588294630363943,-0.0219807789206095,0.245490955417124,NA
TMEB43,1.80059730130423,-0.0219807789206095,-0.387726229577698,NA
TMEB430,-0.0588294630363943,-0.0219807789206095,0.245490955417124,NA
TMEB431,-0.0588294630363943,-0.0219807789206095,-0.387726229577698,NA
TMEB433,-0.0588294630363943,-0.0219807789206095,0.245490955417124,NA
TMEB435,-0.0588294630363943,-0.0219807789206095,-0.387726229577698,NA
TMEB437,-0.0588294630363943,-0.0219807789206095,0.245490955417124,NA
TMEB439,-0.0588294630363943,-0.0219807789206095,0.245490955417124,NA
TMEB440,-0.0588294630363943,-0.0219807789206095,0.245490955417124,NA
TMEB443,-0.0588294630363943,-0.0219807789206095,0.245490955417124,NA
TMEB449,-0.0588294630363943,-0.0219807789206095,-0.387726229577698,NA
TMEB454,-0.0588294630363943,-0.0219807789206095,-0.387726229577698,NA
TMEB455,-0.0588294630363943,-0.0219807789206095,0.245490955417124,NA
TMEB459,-0.0588294630363943,-0.0219807789206095,-0.387726229577698,NA
TMEB463,-0.0588294630363943,-0.0219807789206095,-0.387726229577698,NA
TMEB468,-0.0588294630363943,-0.0219807789206095,-0.387726229577698,NA
TMEB469,-0.0588294630363943,-0.0219807789206095,0.245490955417124,NA
TMEB47,-0.0588294630363943,-0.0219807789206095,-0.387726229577698,NA
TMEB474,-0.0588294630363943,-0.0219807789206095,0.245490955417124,NA
TMEB477,-0.0588294630363943,-0.0219807789206095,0.245490955417124,NA
TMEB478,-0.0588294630363943,-0.0219807789206095,0.245490955417124,NA
TMEB480,-0.0588294630363943,-0.0219807789206095,-0.387726229577698,NA
TMEB481,-0.0588294630363943,-0.0219807789206095,0.245490955417124,NA
TMEB482,-0.0588294630363943,-0.0219807789206095,-0.387726229577698,NA
TMEB486,-0.0588294630363943,-0.0219807789206095,-0.387726229577698,NA
TMEB49,-0.0588294630363943,-0.0219807789206095,0.245490955417124,NA
TMEB491,-0.0588294630363943,-0.0219807789206095,0.245490955417124,NA
TMEB494,-0.0588294630363943,-0.0219807789206095,0.245490955417124,NA
TMEB496,-0.0588294630363943,-0.0219807789206095,-0.387726229577698,NA
TMEB497,-0.0588294630363943,-0.0219807789206095,0.245490955417124,NA
TMEB499,-0.0588294630363943,-0.0219807789206095,0.245490955417124,NA
TMEB5,-0.0588294630363943,-0.0219807789206095,0.245490955417124,NA
TMEB503,-0.0588294630363943,-0.0219807789206095,0.245490955417124,NA
TMEB506,-0.0588294630363943,-0.0219807789206095,0.245490955417124,NA
TMEB507,-0.0588294630363943,-0.0219807789206095,-0.387726229577698,NA
TMEB508,-0.0588294630363943,-0.0219807789206095,-0.387726229577698,NA
TMEB51,-0.0588294630363943,-0.0219807789206095,0.245490955417124,NA
TMEB514,-0.0588294630363943,-0.0219807789206095,0.245490955417124,NA
TMEB515,1.80059730130423,-0.0219807789206095,-0.387726229577698,NA
TMEB516,-0.0588294630363943,-0.0219807789206095,-0.387726229577698,NA
TMEB525,-0.0588294630363943,-0.0219807789206095,0.245490955417124,NA
TMEB527,-0.0588294630363943,-0.0219807789206095,-0.387726229577698,NA
TMEB533,-0.0588294630363943,-0.0219807789206095,-0.387726229577698,NA
TMEB534,-0.0588294630363943,-0.0219807789206095,-0.387726229577698,NA
TMEB537,-0.0588294630363943,-0.0219807789206095,-0.387726229577698,NA
TMEB538,-0.0588294630363943,-0.0219807789206095,-0.387726229577698,NA
TMEB539,-0.0588294630363943,1.66369776451664,-0.387726229577698,NA
TMEB540,-0.0588294630363943,-0.0219807789206095,-0.387726229577698,NA
TMEB542,-0.0588294630363943,-0.0219807789206095,0.245490955417124,NA
TMEB546,-0.0588294630363943,-0.0219807789206095,-0.387726229577698,NA
TMEB55,-0.0588294630363943,-0.0219807789206095,-0.387726229577698,NA
TMEB557,-0.0588294630363943,-0.0219807789206095,0.245490955417124,NA
TMEB568,-0.0588294630363943,-0.0219807789206095,-0.387726229577698,NA
TMEB577,-0.0588294630363943,-0.0219807789206095,0.245490955417124,NA
TMEB583,1.80059730130423,-0.0219807789206095,-0.387726229577698,NA
TMEB585,-0.0588294630363943,-0.0219807789206095,0.245490955417124,NA
TMEB586,-0.0588294630363943,-0.0219807789206095,-0.387726229577698,NA
TMEB590,-0.17538160658745,-0.163845294172093,0.168717050912074,0.201903220933116
TMEB591,-0.0588294630363943,-0.0219807789206095,0.245490955417124,NA
TMEB592,-0.0588294630363943,-0.0219807789206095,-0.387726229577698,NA
TMEB594,-0.0588294630363943,-0.0219807789206095,0.245490955417124,NA
TMEB597,-0.0588294630363943,-0.0219807789206095,-0.387726229577698,NA
TMEB599,-0.0588294630363943,-0.0219807789206095,-0.387726229577698,NA
TMEB6,-0.120227076119965,-0.0975176133991575,-0.0725882515955259,0.647832658387614
TMEB600,-0.0588294630363943,-0.0219807789206095,0.245490955417124,NA
TMEB604,-0.0588294630363943,-0.0219807789206095,0.245490955417124,NA
TMEB613,-0.0588294630363943,-0.0219807789206095,0.245490955417124,NA
TMEB614,-0.0588294630363943,-0.0219807789206095,0.245490955417124,NA
TMEB615,-0.0588294630363943,-0.0219807789206095,0.245490955417124,NA
TMEB62,-0.0588294630363943,-0.0219807789206095,0.245490955417124,NA
TMEB620,-0.0588294630363943,-0.0219807789206095,0.245490955417124,NA
TMEB621,-0.0588294630363943,-0.0219807789206095,-0.387726229577698,NA
TMEB624,-0.0588294630363943,-0.0219807789206095,0.245490955417124,NA
TMEB625,-0.0588294630363943,-0.0219807789206095,0.245490955417124,NA
TMEB628,-0.0588294630363943,-0.0219807789206095,0.245490955417124,NA
TMEB629,-0.0588294630363943,-0.0219807789206095,0.245490955417124,NA
TMEB63,1.80059730130423,-0.0219807789206095,-0.387726229577698,NA
TMEB630,-0.0588294630363943,-0.0219807789206095,0.245490955417124,NA
TMEB633,-0.0588294630363943,-0.0219807789206095,0.245490955417124,NA
TMEB634,-0.0588294630363943,-0.0219807789206095,0.245490955417124,NA
TMEB636,-0.0588294630363943,-0.0219807789206095,0.245490955417124,NA
TMEB637,-0.0588294630363943,-0.0219807789206095,-0.387726229577698,NA
TMEB638,-0.0588294630363943,-0.0219807789206095,0.245490955417124,NA
TMEB640,-0.0588294630363943,-0.0219807789206095,0.245490955417124,NA
TMEB641,-0.0588294630363943,-0.0219807789206095,-0.387726229577698,NA
TMEB644,-0.0588294630363943,-0.0219807789206095,0.245490955417124,NA
TMEB69,-0.0588294630363943,-0.0219807789206095,0.245490955417124,NA
TMEB693,-1.14918560255167,1.19032173795808,-0.341596577450532,0.656410891846201
TMEB7,-1.1233993469769,1.44638361625899,0.181690766247161,-0.286090028953428
TMEB700,-0.0588294630363943,-0.0219807789206095,0.245490955417124,NA
TMEB701,-0.0588294630363943,-0.0219807789206095,0.245490955417124,NA
TMEB702,-0.0588294630363943,-0.0219807789206095,0.245490955417124,NA
TMEB708,-0.0588294630363943,-0.0219807789206095,0.245490955417124,NA
TMEB711,-0.0588294630363943,-0.0219807789206095,-0.387726229577698,NA
TMEB713,-0.0588294630363943,-0.0219807789206095,0.245490955417124,NA
TMEB72,-0.0588294630363943,-0.0219807789206095,-0.387726229577698,NA
TMEB721,-0.0588294630363943,-0.0219807789206095,-0.387726229577698,NA
TMEB735,-0.0588294630363943,-0.0219807789206095,0.245490955417124,NA
TMEB738,-0.0588294630363943,-0.0219807789206095,0.245490955417124,NA
TMEB745,-0.0588294630363943,-0.0219807789206095,0.245490955417124,NA
TMEB748,-0.0588294630363943,-0.0219807789206095,-0.387726229577698,NA
TMEB75,-0.0588294630363943,-0.0219807789206095,0.245490955417124,NA
TMEB757,-0.0588294630363943,-0.0219807789206095,0.245490955417124,NA
TMEB762,-0.0588294630363943,-0.0219807789206095,0.245490955417124,NA
TMEB77,-0.0588294630363943,-0.0219807789206095,-0.387726229577698,NA
TMEB771,-0.0588294630363943,-0.0219807789206095,0.245490955417124,NA
TMEB778,-0.17538160658745,1.19843949791912,-0.312603601136928,0.201903220933116
TMEB78,-0.0588294630363943,-0.0219807789206095,0.245490955417124,NA
TMEB781,-0.0588294630363943,-0.0219807789206095,-0.387726229577698,NA
TMEB783,-0.0588294630363943,-0.0219807789206095,0.245490955417124,NA
TMEB785,-0.0588294630363943,-0.0219807789206095,-0.387726229577698,NA
TMEB786,-0.0588294630363943,-0.0219807789206095,-0.387726229577698,NA
TMEB789,-0.068162550719277,-0.0785305375734872,0.303632772305898,-0.406830692835199
TMEB790,-0.0588294630363943,-0.0219807789206095,-0.387726229577698,NA
TMEB791,-0.0588294630363943,-0.0219807789206095,-0.387726229577698,NA
TMEB793,-0.0588294630363943,-0.0219807789206095,-0.387726229577698,NA
TMEB81,-0.0588294630363943,-0.0219807789206095,0.245490955417124,NA
TMEB813,-0.0588294630363943,-0.0219807789206095,-0.387726229577698,NA
TMEB829,-0.0588294630363943,-0.0219807789206095,0.245490955417124,NA
TMEB84,1.80059730130423,-0.0219807789206095,-0.387726229577698,NA
TMEB849,-0.0588294630363943,-0.0219807789206095,0.245490955417124,NA
TMEB857,-0.0588294630363943,-0.0219807789206095,0.245490955417124,NA
TMEB86,-0.0588294630363943,-0.0219807789206095,0.245490955417124,NA
TMEB885,-0.0588294630363943,-0.0219807789206095,0.245490955417124,NA
TMEB898,-0.0588294630363943,1.66369776451664,-0.387726229577698,NA
TMEB9,-0.0588294630363943,-0.0219807789206095,0.245490955417124,NA
TMEB90,1.80059730130423,-0.0219807789206095,-0.387726229577698,NA
TMEB900,-0.0588294630363943,-0.0219807789206095,-0.387726229577698,NA
TMEB909,-0.0588294630363943,-0.0219807789206095,0.245490955417124,NA
TMEB91,-0.0588294630363943,-0.0219807789206095,-0.387726229577698,NA
TMEB911,-0.0588294630363943,-0.0219807789206095,-0.387726229577698,NA
TMEB916,-0.0588294630363943,-0.0219807789206095,-0.387726229577698,NA
TMEB921,-0.0588294630363943,-0.0219807789206095,0.245490955417124,NA
TMEB922,-0.0588294630363943,-0.0219807789206095,0.245490955417124,NA
TMEB923,-0.0588294630363943,-0.0219807789206095,0.245490955417124,NA
TMEB93,-0.0588294630363943,-0.0219807789206095,0.245490955417124,NA
TMEB930,-0.0588294630363943,-0.0219807789206095,0.245490955417124,NA
TMEB931,1.80059730130423,-0.0219807789206095,-0.387726229577698,NA
TMEB933,-0.0588294630363943,-0.0219807789206095,0.245490955417124,NA
TMEB934,-0.0588294630363943,-0.0219807789206095,0.245490955417124,NA
TMEB937,-0.0588294630363943,-0.0219807789206095,0.245490955417124,NA
TMEB939,-0.0588294630363943,-0.0219807789206095,-0.387726229577698,NA
TMEB941,-0.0588294630363943,-0.0219807789206095,0.245490955417124,NA
TMEB945,-0.0588294630363943,-0.0219807789206095,0.245490955417124,NA
TMEB947,-0.0588294630363943,-0.0219807789206095,0.245490955417124,NA
TMEB948,-0.0588294630363943,-0.0219807789206095,0.245490955417124,NA
TMEB949,-0.0588294630363943,-0.0219807789206095,-0.387726229577698,NA
TMEB95,1.80059730130423,-0.0219807789206095,-0.387726229577698,NA
TMEB952,-0.0588294630363943,-0.0219807789206095,0.245490955417124,NA
TMEB953,-0.0588294630363943,-0.0219807789206095,-0.387726229577698,NA
TMEB955,-0.0588294630363943,-0.0219807789206095,-0.387726229577698,NA
TMEB956,-0.0588294630363943,-0.0219807789206095,-0.387726229577698,NA
TMEB96,-0.0588294630363943,-0.0219807789206095,0.245490955417124,NA
TMEB960,-0.0588294630363943,-0.0219807789206095,0.245490955417124,NA
TMEB961,-0.0588294630363943,-0.0219807789206095,0.245490955417124,NA
TMEB965,-0.0588294630363943,-0.0219807789206095,0.245490955417124,NA
TMEB966,-0.0588294630363943,-0.0219807789206095,-0.387726229577698,NA
TMEB971,-0.0588294630363943,-0.0219807789206095,-0.387726229577698,NA
TMEB975,-0.0588294630363943,-0.0219807789206095,-0.387726229577698,NA
TMEB977,-0.0588294630363943,-0.0219807789206095,-0.387726229577698,NA
TMEB979,-0.0588294630363943,1.66369776451664,-0.387726229577698,NA
TMEB98,-0.0588294630363943,-0.0219807789206095,0.245490955417124,NA
TMEB981,-0.0588294630363943,-0.0219807789206095,-0.387726229577698,NA
TMEB982,-0.0588294630363943,-0.0219807789206095,0.245490955417124,NA
TMEB983,-0.0588294630363943,-0.0219807789206095,0.245490955417124,NA
TMEB984,-0.0588294630363943,-0.0219807789206095,-0.387726229577698,NA
TMEB985,-0.0588294630363943,-0.0219807789206095,-0.387726229577698,NA
TMEB99,-0.0588294630363943,-0.0219807789206095,0.245490955417124,NA
TMEB990,-0.0588294630363943,-0.0219807789206095,-0.387726229577698,NA
TMEB992,-0.0588294630363943,-0.0219807789206095,0.245490955417124,NA
TMEB994,-0.0588294630363943,-0.0219807789206095,0.245490955417124,NA
TMEB996,-0.0588294630363943,-0.0219807789206095,-0.387726229577698,NA
TMEB998,-0.0588294630363943,-0.0219807789206095,-0.387726229577698,NA
TMS13F1036P0007,1.04772548423453,-0.54072826571625,-0.0591246472027596,-0.286090028953428
TMS13F1053P0010,-0.0371572906096445,0.543884684895764,-0.0591246472027596,-0.286090028953428
TMS13F1160P0004,0.961087325496104,-0.701730069345084,-0.192417935561703,-0.210069009448268
TMS13F1343P0022,-0.152881376254661,0.227831792925748,-0.192417935561703,0.322438890882265
TMS13F1343P0044,-1.11204232733728,1.49541938240933,-0.0591246472027596,-0.286090028953428
TMS14F1001P0004,-0.103549824363571,-0.236039557430625,NA,0.411436580517177
TMS14F1003P0001,-0.103549824363571,-0.236039557430625,NA,0.411436580517177
TMS14F1008P0006,-0.103549824363571,-0.236039557430625,NA,0.411436580517177
TMS14F1008P0012,-0.103549824363571,-0.236039557430625,NA,-0.642532443021546
TMS14F1011P0001,-0.103549824363571,-0.236039557430625,NA,0.411436580517177
TMS14F1012P0002,-0.103549824363571,-0.236039557430625,NA,0.411436580517177
TMS14F1012P0012,-0.103549824363571,-0.236039557430625,NA,-0.642532443021546
TMS14F1013P0004,-0.103549824363571,-0.236039557430625,NA,0.411436580517177
TMS14F1014P0009,1.64547987774994,-0.236039557430625,NA,-0.642532443021546
TMS14F1014P0015,-0.103549824363571,-0.236039557430625,NA,0.411436580517177
TMS14F1016P0002,-0.103549824363571,-0.236039557430625,NA,0.411436580517177
TMS14F1016P0006,-0.103549824363571,-0.236039557430625,NA,0.411436580517177
TMS14F1017P0007,-0.103549824363571,-0.236039557430625,NA,-0.642532443021546
TMS14F1017P0013,-0.103549824363571,-0.236039557430625,NA,-0.642532443021546
TMS14F1018P0004,-0.103549824363571,-0.236039557430625,NA,-0.642532443021546
TMS14F1019P0001,-0.103549824363571,-0.236039557430625,NA,0.411436580517177
TMS14F1019P0007,-0.103549824363571,-0.236039557430625,NA,0.411436580517177
TMS14F1019P0017,-0.103549824363571,-0.236039557430625,NA,0.411436580517177
TMS14F1020P0005,-0.103549824363571,-0.236039557430625,NA,0.411436580517177
TMS14F1020P0012,-0.103549824363571,-0.236039557430625,NA,-0.642532443021546
TMS14F1022P0004,-0.103549824363571,-0.236039557430625,NA,0.411436580517177
TMS14F1023P0003,-0.103549824363571,-0.236039557430625,NA,0.411436580517177
TMS14F1023P0008,-0.103549824363571,-0.236039557430625,NA,0.411436580517177
TMS14F1026P0001,-0.103549824363571,-0.236039557430625,NA,-0.642532443021546
TMS14F1026P0009,-0.103549824363571,1.11559390639047,NA,-0.642532443021546
TMS14F1027P0008,-0.103549824363571,-0.236039557430625,NA,0.411436580517177
TMS14F1027P0011,-0.103549824363571,-0.236039557430625,NA,0.411436580517177
TMS14F1030P0001,-0.103549824363571,-0.236039557430625,NA,0.411436580517177
TMS14F1031P0002,-0.103549824363571,-0.236039557430625,NA,0.411436580517177
TMS14F1032P0004,-0.103549824363571,-0.236039557430625,NA,0.411436580517177
TMS14F1032P0009,-0.103549824363571,-0.236039557430625,NA,0.411436580517177
TMS14F1035P0003,-0.103549824363571,1.11559390639047,NA,-0.642532443021546
TMS14F1035P0006,-0.103549824363571,-0.236039557430625,NA,0.411436580517177
TMS14F1036P0001,-0.103549824363571,-0.236039557430625,NA,0.411436580517177
TMS14F1036P0005,-0.103549824363571,-0.236039557430625,NA,0.411436580517177
TMS14F1036P0007,1.30690294840993,-0.329853756085949,-0.146649960291397,-0.689976240907643
TMS14F1036P0011,-0.103549824363571,1.11559390639047,NA,-0.642532443021546
TMS14F1042P0005,-0.103549824363571,-0.236039557430625,NA,0.411436580517177
TMS14F1045P0006,-0.103549824363571,-0.236039557430625,NA,0.411436580517177
TMS14F1052P0004,-0.103549824363571,1.11559390639047,NA,-0.642532443021546
TMS14F1053P0002,-0.103549824363571,-0.236039557430625,NA,-0.642532443021546
TMS14F1056P0001,-0.103549824363571,1.11559390639047,NA,-0.642532443021546
TMS14F1057P0001,-0.103549824363571,-0.236039557430625,NA,0.411436580517177
TMS14F1057P0005,-0.103549824363571,-0.236039557430625,NA,-0.642532443021546
TMS14F1057P0009,-0.103549824363571,-0.236039557430625,NA,0.411436580517177
TMS14F1059P0004,-0.103549824363571,-0.236039557430625,NA,-0.642532443021546
TMS14F1059P0020,-0.103549824363571,-0.236039557430625,NA,0.411436580517177
TMS14F1060P0004,1.64547987774994,-0.236039557430625,NA,-0.642532443021546
TMS14F1060P0009,-0.103549824363571,-0.236039557430625,NA,-0.642532443021546
TMS14F1060P0012,-0.103549824363571,-0.236039557430625,NA,-0.642532443021546
TMS14F1063P0009,-0.103549824363571,-0.236039557430625,NA,0.411436580517177
TMS14F1065P0008,-0.103549824363571,-0.236039557430625,NA,-0.642532443021546
TMS14F1067P0007,-0.103549824363571,-0.236039557430625,NA,-0.642532443021546
TMS14F1068P0009,1.64547987774994,-0.236039557430625,NA,-0.642532443021546
TMS14F1069P0001,-0.103549824363571,-0.236039557430625,NA,-0.642532443021546
TMS14F1069P0007,-0.103549824363571,-0.236039557430625,NA,-0.642532443021546
TMS14F1071P0001,-0.103549824363571,-0.236039557430625,NA,0.411436580517177
TMS14F1072P0005,-0.103549824363571,-0.236039557430625,NA,0.411436580517177
TMS14F1073P0004,-0.103549824363571,-0.236039557430625,NA,-0.642532443021546
TMS14F1074P0005,-0.103549824363571,-0.236039557430625,NA,0.411436580517177
TMS14F1074P0012,-0.103549824363571,-0.236039557430625,NA,0.411436580517177
TMS14F1074P0017,-0.103549824363571,-0.236039557430625,NA,0.411436580517177
TMS14F1075P0005,-0.103549824363571,-0.236039557430625,NA,0.411436580517177
TMS14F1077P0004,-0.103549824363571,-0.236039557430625,NA,0.411436580517177
TMS14F1077P0010,-0.103549824363571,-0.236039557430625,NA,0.411436580517177
TMS14F1079P0003,-0.103549824363571,-0.236039557430625,NA,-0.642532443021546
TMS14F1081P0001,-0.103549824363571,-0.236039557430625,NA,-0.642532443021546
TMS14F1082P0002,-0.103549824363571,-0.236039557430625,NA,0.411436580517177
TMS14F1084P0001,-0.103549824363571,-0.236039557430625,NA,0.411436580517177
TMS14F1084P0006,-0.103549824363571,-0.236039557430625,NA,-0.642532443021546
TMS14F1088P0002,-0.103549824363571,-0.236039557430625,NA,0.411436580517177
TMS14F1089P0005,-0.103549824363571,-0.236039557430625,NA,-0.642532443021546
TMS14F1090P0001,-0.103549824363571,-0.236039557430625,NA,0.411436580517177
TMS14F1091P0002,-0.103549824363571,-0.236039557430625,NA,0.411436580517177
TMS14F1091P0010,1.64547987774994,-0.236039557430625,NA,-0.642532443021546
TMS14F1094P0002,-0.103549824363571,-0.236039557430625,NA,0.411436580517177
TMS14F1095P0001,-0.103549824363571,-0.236039557430625,NA,0.411436580517177
TMS14F1095P0012,-0.103549824363571,-0.236039557430625,NA,-0.642532443021546
TMS14F1096P0009,-0.103549824363571,-0.236039557430625,NA,0.411436580517177
TMS14F1097P0005,-0.103549824363571,-0.236039557430625,NA,-0.642532443021546
TMS14F1098P0004,-0.103549824363571,-0.236039557430625,NA,0.411436580517177
TMS14F1098P0014,-0.103549824363571,-0.236039557430625,NA,-0.642532443021546
TMS14F1099P0005,-0.103549824363571,-0.236039557430625,NA,0.411436580517177
TMS14F1100P0002,-0.103549824363571,1.11559390639047,NA,-0.642532443021546
TMS14F1100P0011,-0.103549824363571,-0.236039557430625,NA,0.411436580517177
TMS14F1101P0001,-0.103549824363571,1.11559390639047,NA,-0.642532443021546
TMS14F1102P0001,-0.103549824363571,-0.236039557430625,NA,0.411436580517177
TMS14F1104P0001,-0.103549824363571,-0.236039557430625,NA,0.411436580517177
TMS14F1106P0004,-0.103549824363571,-0.236039557430625,NA,-0.642532443021546
TMS14F1106P0007,-0.103549824363571,-0.236039557430625,NA,0.411436580517177
TMS14F1107P0003,-0.103549824363571,-0.236039557430625,NA,-0.642532443021546
TMS14F1108P0002,-0.103549824363571,1.11559390639047,NA,-0.642532443021546
TMS14F1116P0004,-0.103549824363571,-0.236039557430625,NA,-0.642532443021546
TMS14F1117P0006,1.64547987774994,-0.236039557430625,NA,-0.642532443021546
TMS14F1118P0001,-0.103549824363571,-0.236039557430625,NA,-0.642532443021546
TMS14F1120P0005,-0.103549824363571,-0.236039557430625,NA,0.411436580517177
TMS14F1121P0007,-0.103549824363571,1.11559390639047,NA,-0.642532443021546
TMS14F1124P0003,-0.103549824363571,-0.236039557430625,NA,0.411436580517177
TMS14F1125P0008,-0.103549824363571,-0.236039557430625,NA,0.411436580517177
TMS14F1128P0011,1.64547987774994,-0.236039557430625,NA,-0.642532443021546
TMS14F1129P0001,-0.103549824363571,-0.236039557430625,NA,0.411436580517177
TMS14F1129P0005,-0.103549824363571,-0.236039557430625,NA,0.411436580517177
TMS14F1130P0004,-0.103549824363571,-0.236039557430625,NA,-0.642532443021546
TMS14F1131P0001,-0.103549824363571,-0.236039557430625,NA,0.411436580517177
TMS14F1131P0004,-0.103549824363571,-0.236039557430625,NA,0.411436580517177
TMS14F1133P0004,-0.103549824363571,1.11559390639047,NA,-0.642532443021546
TMS14F1137P0001,-0.103549824363571,-0.236039557430625,NA,0.411436580517177
TMS14F1138P0003,-0.103549824363571,-0.236039557430625,NA,-0.642532443021546
TMS14F1139P0002,-0.103549824363571,-0.236039557430625,NA,0.411436580517177
TMS14F1140P0006,-0.103549824363571,-0.236039557430625,NA,0.411436580517177
TMS14F1141P0005,-0.103549824363571,-0.236039557430625,NA,-0.642532443021546
TMS14F1142P0008,-0.103549824363571,-0.236039557430625,NA,-0.642532443021546
TMS14F1142P0009,-0.103549824363571,-0.236039557430625,NA,-0.642532443021546
TMS14F1142P0016,-0.103549824363571,-0.236039557430625,NA,0.411436580517177
TMS14F1145P0006,-0.103549824363571,1.11559390639047,NA,-0.642532443021546
TMS14F1145P0010,-0.103549824363571,-0.236039557430625,NA,0.411436580517177
TMS14F1146P0003,-0.103549824363571,-0.236039557430625,NA,0.411436580517177
TMS14F1147P0002,-0.103549824363571,-0.236039557430625,NA,-0.642532443021546
TMS14F1147P0009,-0.103549824363571,-0.236039557430625,NA,0.411436580517177
TMS14F1151P0003,-0.103549824363571,-0.236039557430625,NA,0.411436580517177
TMS14F1151P0005,-0.103549824363571,-0.236039557430625,NA,0.411436580517177
TMS14F1151P0007,-0.103549824363571,-0.236039557430625,NA,0.411436580517177
TMS14F1152P0006,-0.103549824363571,-0.236039557430625,NA,0.411436580517177
TMS14F1153P0005,-0.103549824363571,-0.236039557430625,NA,0.411436580517177
TMS14F1153P0008,1.64547987774994,-0.236039557430625,NA,-0.642532443021546
TMS14F1154P0007,-0.103549824363571,-0.236039557430625,NA,0.411436580517177
TMS14F1156P0002,-0.103549824363571,-0.236039557430625,NA,0.411436580517177
TMS14F1159P0001,1.64547987774994,-0.236039557430625,NA,-0.642532443021546
TMS14F1161P0002,-0.103549824363571,-0.236039557430625,NA,0.411436580517177
TMS14F1162P0003,-0.103549824363571,-0.236039557430625,NA,0.411436580517177
TMS14F1163P0002,-0.103549824363571,-0.236039557430625,NA,0.411436580517177
TMS14F1163P0008,-0.103549824363571,-0.236039557430625,NA,0.411436580517177
TMS14F1166P0001,-0.103549824363571,1.11559390639047,NA,-0.642532443021546
TMS14F1166P0005,1.64547987774994,-0.236039557430625,NA,-0.642532443021546
TMS14F1167P0001,-0.103549824363571,-0.236039557430625,NA,0.411436580517177
TMS14F1169P0003,-0.103549824363571,-0.236039557430625,NA,0.411436580517177
TMS14F1170P0013,-0.103549824363571,-0.236039557430625,NA,0.411436580517177
TMS14F1170P0018,-0.103549824363571,-0.236039557430625,NA,0.411436580517177
TMS14F1171P0002,-0.103549824363571,-0.236039557430625,NA,0.411436580517177
TMS14F1171P0012,-0.103549824363571,-0.236039557430625,NA,0.411436580517177
TMS14F1173P0003,1.64547987774994,-0.236039557430625,NA,-0.642532443021546
TMS14F1173P0009,-0.103549824363571,-0.236039557430625,NA,0.411436580517177
TMS14F1174P0006,1.64547987774994,-0.236039557430625,NA,-0.642532443021546
TMS14F1176P0004,-0.103549824363571,-0.236039557430625,NA,0.411436580517177
TMS14F1176P0009,1.64547987774994,-0.236039557430625,NA,-0.642532443021546
TMS14F1177P0001,-0.103549824363571,-0.236039557430625,NA,0.411436580517177
TMS14F1178P0001,-0.103549824363571,-0.236039557430625,NA,0.411436580517177
TMS14F1181P0001,-0.103549824363571,-0.236039557430625,NA,-0.642532443021546
TMS14F1181P0007,-0.103549824363571,-0.236039557430625,NA,0.411436580517177
TMS14F1186P0003,-0.103549824363571,-0.236039557430625,NA,0.411436580517177
TMS14F1186P0008,-0.103549824363571,-0.236039557430625,NA,-0.642532443021546
TMS14F1189P0002,-0.103549824363571,-0.236039557430625,NA,0.411436580517177
TMS14F1189P0004,-0.103549824363571,-0.236039557430625,NA,0.411436580517177
TMS14F1189P0005,-0.103549824363571,-0.236039557430625,NA,0.411436580517177
TMS14F1191P0005,-0.103549824363571,-0.236039557430625,NA,0.411436580517177
TMS14F1191P0007,-0.103549824363571,-0.236039557430625,NA,0.411436580517177
TMS14F1193P0001,1.64547987774994,-0.236039557430625,NA,-0.642532443021546
TMS14F1195P0001,-0.103549824363571,-0.236039557430625,NA,0.411436580517177
TMS14F1195P0002,-0.103549824363571,-0.236039557430625,NA,0.411436580517177
TMS14F1195P0005,-0.103549824363571,-0.236039557430625,NA,0.411436580517177
TMS14F1195P0009,-0.103549824363571,1.11559390639047,NA,-0.642532443021546
TMS14F1195P0013,-0.103549824363571,-0.236039557430625,NA,0.411436580517177
TMS14F1196P0003,-0.103549824363571,-0.236039557430625,NA,0.411436580517177
TMS14F1196P0004,-0.103549824363571,-0.236039557430625,NA,0.411436580517177
TMS14F1196P0006,1.64547987774994,-0.236039557430625,NA,-0.642532443021546
TMS14F1199P0002,1.64547987774994,-0.236039557430625,NA,-0.642532443021546
TMS14F1199P0003,-0.103549824363571,-0.236039557430625,NA,0.411436580517177
TMS14F1199P0005,1.64547987774994,-0.236039557430625,NA,-0.642532443021546
TMS14F1200P0002,-0.103549824363571,1.11559390639047,NA,-0.642532443021546
TMS14F1201P0006,-0.103549824363571,-0.236039557430625,NA,0.411436580517177
TMS14F1202P0003,-0.103549824363571,-0.236039557430625,NA,-0.642532443021546
TMS14F1203P0001,-0.103549824363571,-0.236039557430625,NA,0.411436580517177
TMS14F1205P0012,-0.103549824363571,1.11559390639047,NA,-0.642532443021546
TMS14F1207P0002,-0.103549824363571,-0.236039557430625,NA,-0.642532443021546
TMS14F1208P0007,-0.103549824363571,-0.236039557430625,NA,0.411436580517177
TMS14F1210P0003,-0.103549824363571,-0.236039557430625,NA,-0.642532443021546
TMS14F1210P0006,-0.103549824363571,-0.236039557430625,NA,0.411436580517177
TMS14F1214P0002,-0.103549824363571,-0.236039557430625,NA,0.411436580517177
TMS14F1216P0003,-0.103549824363571,-0.236039557430625,NA,0.411436580517177
TMS14F1218P0001,-0.103549824363571,-0.236039557430625,NA,0.411436580517177
TMS14F1219P0001,-0.103549824363571,1.11559390639047,NA,-0.642532443021546
TMS14F1221P0001,-0.103549824363571,-0.236039557430625,NA,0.411436580517177
TMS14F1223P0003,1.64547987774994,-0.236039557430625,NA,-0.642532443021546
TMS14F1223P0008,-0.103549824363571,-0.236039557430625,NA,0.411436580517177
TMS14F1223P0012,-0.103549824363571,-0.236039557430625,NA,0.411436580517177
TMS14F1224P0003,-0.103549824363571,-0.236039557430625,NA,0.411436580517177
TMS14F1224P0005,-0.103549824363571,-0.236039557430625,NA,0.411436580517177
TMS14F1225P0001,-0.103549824363571,-0.236039557430625,NA,-0.642532443021546
TMS14F1226P0003,-0.103549824363571,-0.236039557430625,NA,0.411436580517177
TMS14F1226P0009,-0.103549824363571,-0.236039557430625,NA,0.411436580517177
TMS14F1226P0013,-0.103549824363571,-0.236039557430625,NA,0.411436580517177
TMS14F1226P0016,-0.103549824363571,1.11559390639047,NA,-0.642532443021546
TMS14F1228P0001,-0.103549824363571,-0.236039557430625,NA,0.411436580517177
TMS14F1228P0009,-0.103549824363571,-0.236039557430625,NA,0.411436580517177
TMS14F1233P0005,-0.103549824363571,-0.236039557430625,NA,0.411436580517177
TMS14F1235P0002,-0.103549824363571,-0.236039557430625,NA,0.411436580517177
TMS14F1235P0006,-0.103549824363571,-0.236039557430625,NA,0.411436580517177
TMS14F1236P0005,-0.103549824363571,-0.236039557430625,NA,0.411436580517177
TMS14F1240P0002,-0.103549824363571,-0.236039557430625,NA,0.411436580517177
TMS14F1241P0001,-0.103549824363571,-0.236039557430625,NA,-0.642532443021546
TMS14F1243P0006,-0.103549824363571,-0.236039557430625,NA,0.411436580517177
TMS14F1243P0017,-0.103549824363571,-0.236039557430625,NA,0.411436580517177
TMS14F1244P0009,-0.103549824363571,1.11559390639047,NA,-0.642532443021546
TMS14F1245P0004,-0.103549824363571,-0.236039557430625,NA,0.411436580517177
TMS14F1247P0004,-0.103549824363571,-0.236039557430625,NA,-0.642532443021546
TMS14F1247P0006,-0.103549824363571,-0.236039557430625,NA,0.411436580517177
TMS14F1247P0009,-0.103549824363571,-0.236039557430625,NA,-0.642532443021546
TMS14F1248P0001,-0.103549824363571,1.11559390639047,NA,-0.642532443021546
TMS14F1248P0005,-0.103549824363571,-0.236039557430625,NA,0.411436580517177
TMS14F1248P0009,-0.103549824363571,-0.236039557430625,NA,0.411436580517177
TMS14F1250P0001,-0.103549824363571,-0.236039557430625,NA,0.411436580517177
TMS14F1250P0005,-0.103549824363571,-0.236039557430625,NA,0.411436580517177
TMS14F1250P0008,-0.103549824363571,-0.236039557430625,NA,0.411436580517177
TMS14F1252P0001,-0.103549824363571,-0.236039557430625,NA,-0.642532443021546
TMS14F1255P0007,-0.103549824363571,-0.236039557430625,NA,-0.642532443021546
TMS14F1256P0003,-0.103549824363571,-0.236039557430625,NA,-0.642532443021546
TMS14F1257P0002,-0.103549824363571,-0.236039557430625,NA,-0.642532443021546
TMS14F1257P0005,-0.103549824363571,-0.236039557430625,NA,0.411436580517177
TMS14F1258P0001,-0.103549824363571,1.11559390639047,NA,-0.642532443021546
TMS14F1259P0006,-0.103549824363571,-0.236039557430625,NA,0.411436580517177
TMS14F1260P0002,-0.103549824363571,-0.236039557430625,NA,-0.642532443021546
TMS14F1262P0001,-0.103549824363571,-0.236039557430625,NA,0.411436580517177
TMS14F1263P0002,-0.103549824363571,-0.236039557430625,NA,-0.642532443021546
TMS14F1264P0003,1.64547987774994,-0.236039557430625,NA,-0.642532443021546
TMS14F1265P0002,-0.103549824363571,-0.236039557430625,NA,0.411436580517177
TMS14F1265P0006,-0.103549824363571,-0.236039557430625,NA,0.411436580517177
TMS14F1268P0001,-0.103549824363571,-0.236039557430625,NA,0.411436580517177
TMS14F1268P0006,-0.103549824363571,-0.236039557430625,NA,0.411436580517177
TMS14F1269P0002,-0.103549824363571,-0.236039557430625,NA,0.411436580517177
TMS14F1270P0001,1.64547987774994,-0.236039557430625,NA,-0.642532443021546
TMS14F1270P0004,-0.103549824363571,-0.236039557430625,NA,-0.642532443021546
TMS14F1272P0007,-0.103549824363571,-0.236039557430625,NA,0.411436580517177
TMS14F1272P0012,-0.103549824363571,1.11559390639047,NA,-0.642532443021546
TMS14F1272P0016,-0.103549824363571,-0.236039557430625,NA,0.411436580517177
TMS14F1273P0001,-0.103549824363571,-0.236039557430625,NA,0.411436580517177
TMS14F1273P0006,-0.103549824363571,-0.236039557430625,NA,-0.642532443021546
TMS14F1273P0010,-0.103549824363571,1.11559390639047,NA,-0.642532443021546
TMS14F1276P0004,-0.103549824363571,1.11559390639047,NA,-0.642532443021546
TMS14F1276P0009,-0.103549824363571,1.11559390639047,NA,-0.642532443021546
TMS14F1277P0008,-0.103549824363571,-0.236039557430625,NA,-0.642532443021546
TMS14F1277P0011,-0.103549824363571,-0.236039557430625,NA,0.411436580517177
TMS14F1278P0002,-0.103549824363571,-0.236039557430625,NA,0.411436580517177
TMS14F1278P0009,-0.103549824363571,1.11559390639047,NA,-0.642532443021546
TMS14F1278P0013,-0.103549824363571,-0.236039557430625,NA,0.411436580517177
TMS14F1279P0003,-0.103549824363571,-0.236039557430625,NA,0.411436580517177
TMS14F1280P0002,-0.103549824363571,-0.236039557430625,NA,-0.642532443021546
TMS14F1280P0015,-0.103549824363571,-0.236039557430625,NA,0.411436580517177
TMS14F1280P0019,-0.103549824363571,1.11559390639047,NA,-0.642532443021546
TMS14F1281P0007,-0.103549824363571,-0.236039557430625,NA,0.411436580517177
TMS14F1281P0017,-0.103549824363571,-0.236039557430625,NA,0.411436580517177
TMS14F1282P0012,-0.103549824363571,-0.236039557430625,NA,0.411436580517177
TMS14F1282P0018,-0.103549824363571,-0.236039557430625,NA,0.411436580517177
TMS14F1283P0016,-0.103549824363571,-0.236039557430625,NA,0.411436580517177
TMS14F1284P0005,-0.103549824363571,1.11559390639047,NA,-0.642532443021546
TMS14F1284P0012,-0.103549824363571,1.11559390639047,NA,-0.642532443021546
TMS14F1284P0020,-0.103549824363571,1.11559390639047,NA,-0.642532443021546
TMS14F1285P0005,-0.103549824363571,1.11559390639047,NA,-0.642532443021546
TMS14F1285P0009,-0.103549824363571,-0.236039557430625,NA,0.411436580517177
TMS14F1285P0012,-0.103549824363571,1.11559390639047,NA,-0.642532443021546
TMS14F1285P0016,-0.103549824363571,-0.236039557430625,NA,0.411436580517177
TMS14F1285P0019,-0.103549824363571,-0.236039557430625,NA,0.411436580517177
TMS14F1286P0009,-0.103549824363571,-0.236039557430625,NA,0.411436580517177
TMS14F1286P0014,-0.103549824363571,1.11559390639047,NA,-0.642532443021546
TMS14F1286P0015,-0.103549824363571,1.11559390639047,NA,-0.642532443021546
TMS14F1286P0018,-0.103549824363571,-0.236039557430625,NA,0.411436580517177
TMS14F1287P0004,-0.103549824363571,-0.236039557430625,NA,0.411436580517177
TMS14F1287P0007,-0.103549824363571,1.11559390639047,NA,-0.642532443021546
TMS14F1287P0010,-0.103549824363571,1.11559390639047,NA,-0.642532443021546
TMS14F1287P0011,-0.103549824363571,-0.236039557430625,NA,0.411436580517177
TMS14F1287P0013,-0.103549824363571,1.11559390639047,NA,-0.642532443021546
TMS14F1287P0019,-0.103549824363571,1.11559390639047,NA,-0.642532443021546
TMS14F1288P0004,-0.103549824363571,-0.236039557430625,NA,0.411436580517177
TMS14F1288P0009,-0.103549824363571,-0.236039557430625,NA,-0.642532443021546
TMS14F1288P0014,-0.103549824363571,-0.236039557430625,NA,0.411436580517177
TMS14F1289P0003,-0.103549824363571,1.11559390639047,NA,-0.642532443021546
TMS14F1289P0011,-0.103549824363571,-0.236039557430625,NA,0.411436580517177
TMS14F1289P0013,1.64547987774994,-0.236039557430625,NA,-0.642532443021546
TMS14F1289P0015,-0.103549824363571,-0.236039557430625,NA,0.411436580517177
TMS14F1289P0018,-0.103549824363571,-0.236039557430625,NA,0.411436580517177
TMS14F1290P0007,-0.103549824363571,-0.236039557430625,NA,0.411436580517177
TMS14F1290P0017,-0.103549824363571,1.11559390639047,NA,-0.642532443021546
TMS14F1291P0003,-0.103549824363571,1.11559390639047,NA,-0.642532443021546
TMS14F1291P0004,-0.103549824363571,1.11559390639047,NA,-0.642532443021546
TMS14F1291P0011,-0.103549824363571,-0.236039557430625,NA,0.411436580517177
TMS14F1291P0014,-0.103549824363571,1.11559390639047,NA,-0.642532443021546
TMS14F1292P0001,-0.103549824363571,1.11559390639047,NA,-0.642532443021546
TMS14F1292P0007,-0.103549824363571,-0.236039557430625,NA,0.411436580517177
TMS14F1293P0002,-0.103549824363571,-0.236039557430625,NA,0.411436580517177
TMS14F1293P0009,-0.103549824363571,-0.236039557430625,NA,0.411436580517177
TMS14F1293P0013,-0.103549824363571,1.11559390639047,NA,-0.642532443021546
TMS14F1293P0018,-0.103549824363571,1.11559390639047,NA,-0.642532443021546
TMS14F1294P0007,-0.103549824363571,-0.236039557430625,NA,0.411436580517177
TMS14F1294P0011,-0.103549824363571,-0.236039557430625,NA,0.411436580517177
TMS14F1295P0001,-0.103549824363571,-0.236039557430625,NA,0.411436580517177
TMS14F1295P0008,-0.103549824363571,-0.236039557430625,NA,0.411436580517177
TMS14F1295P0014,-0.103549824363571,1.11559390639047,NA,-0.642532443021546
TMS14F1295P0018,-0.103549824363571,-0.236039557430625,NA,0.411436580517177
TMS14F1296P0003,-0.103549824363571,1.11559390639047,NA,-0.642532443021546
TMS14F1296P0008,-0.103549824363571,-0.236039557430625,NA,0.411436580517177
TMS14F1296P0011,-0.103549824363571,-0.236039557430625,NA,0.411436580517177
TMS14F1297P0006,-0.103549824363571,-0.236039557430625,NA,0.411436580517177
TMS14F1297P0009,-0.103549824363571,-0.236039557430625,NA,-0.642532443021546
TMS14F1297P0013,-0.103549824363571,-0.236039557430625,NA,0.411436580517177
TMS14F1298P0002,1.64547987774994,-0.236039557430625,NA,-0.642532443021546
TMS14F1298P0006,-0.103549824363571,-0.236039557430625,NA,0.411436580517177
TMS14F1298P0012,-0.103549824363571,-0.236039557430625,NA,0.411436580517177
TMS14F1298P0018,-0.103549824363571,-0.236039557430625,NA,0.411436580517177
TMS14F1299P0005,-0.103549824363571,-0.236039557430625,NA,0.411436580517177
TMS14F1299P0012,-0.103549824363571,-0.236039557430625,NA,0.411436580517177
TMS14F1300P0001,-0.103549824363571,-0.236039557430625,NA,0.411436580517177
TMS14F1300P0004,-0.103549824363571,1.11559390639047,NA,-0.642532443021546
TMS14F1300P0014,-0.103549824363571,-0.236039557430625,NA,0.411436580517177
TMS14F1300P0019,-0.103549824363571,-0.236039557430625,NA,0.411436580517177
TMS14F1301P0004,-0.103549824363571,1.11559390639047,NA,-0.642532443021546
TMS14F1301P0007,-0.103549824363571,1.11559390639047,NA,-0.642532443021546
TMS14F1301P0011,-0.103549824363571,-0.236039557430625,NA,0.411436580517177
TMS14F1301P0014,-0.103549824363571,-0.236039557430625,NA,-0.642532443021546
TMS14F1301P0020,-0.103549824363571,1.11559390639047,NA,-0.642532443021546
TMS14F1302P0007,-0.103549824363571,1.11559390639047,NA,-0.642532443021546
TMS14F1302P0014,-0.103549824363571,-0.236039557430625,NA,0.411436580517177
TMS14F1303P0002,-0.103549824363571,1.11559390639047,NA,-0.642532443021546
TMS14F1303P0006,-0.103549824363571,-0.236039557430625,NA,0.411436580517177
TMS14F1303P0011,-0.103549824363571,-0.236039557430625,NA,0.411436580517177
TMS14F1303P0014,-0.103549824363571,-0.236039557430625,NA,0.411436580517177
TMS14F1303P0019,-0.103549824363571,-0.236039557430625,NA,0.411436580517177
TMS14F1304P0010,-0.103549824363571,-0.236039557430625,NA,-0.642532443021546
TMS14F1304P0014,-0.103549824363571,-0.236039557430625,NA,0.411436580517177
TMS14F1304P0017,-0.103549824363571,1.11559390639047,NA,-0.642532443021546
TMS14F1305P0002,-0.103549824363571,-0.236039557430625,NA,0.411436580517177
TMS14F1305P0006,-0.103549824363571,1.11559390639047,NA,-0.642532443021546
TMS14F1305P0013,-0.103549824363571,1.11559390639047,NA,-0.642532443021546
TMS14F1305P0019,-0.103549824363571,-0.236039557430625,NA,0.411436580517177
TMS14F1306P0005,-0.103549824363571,1.11559390639047,NA,-0.642532443021546
TMS14F1306P0011,-0.103549824363571,-0.236039557430625,NA,0.411436580517177
TMS14F1306P0017,-0.103549824363571,-0.236039557430625,NA,0.411436580517177
TMS14F1307P0001,-0.103549824363571,-0.236039557430625,NA,0.411436580517177
TMS14F1307P0006,-0.103549824363571,-0.236039557430625,NA,0.411436580517177
TMS14F1307P0009,-0.103549824363571,-0.236039557430625,NA,0.411436580517177
TMS14F1307P0015,-0.103549824363571,-0.236039557430625,NA,0.411436580517177
TMS14F1308P0001,-0.103549824363571,-0.236039557430625,NA,0.411436580517177
TMS14F1308P0017,-0.103549824363571,-0.236039557430625,NA,0.411436580517177
TMS14F1308P0020,-0.103549824363571,-0.236039557430625,NA,0.411436580517177
TMS14F1309P0007,-0.103549824363571,1.11559390639047,NA,-0.642532443021546
TMS14F1309P0011,-0.103549824363571,-0.236039557430625,NA,0.411436580517177
TMS14F1309P0015,-0.103549824363571,-0.236039557430625,NA,0.411436580517177
TMS14F1309P0019,-0.103549824363571,-0.236039557430625,NA,0.411436580517177
TMS14F1310P0007,-0.103549824363571,1.11559390639047,NA,-0.642532443021546
TMS14F1310P0011,-0.103549824363571,-0.236039557430625,NA,0.411436580517177
TMS14F1310P0014,-0.103549824363571,-0.236039557430625,NA,0.411436580517177
TMS14F1311P0002,-0.103549824363571,-0.236039557430625,NA,0.411436580517177
TMS14F1311P0008,-0.103549824363571,1.11559390639047,NA,-0.642532443021546
TMS14F1311P0017,-0.103549824363571,1.11559390639047,NA,-0.642532443021546
TMS14F1312P0001,-0.103549824363571,-0.236039557430625,NA,0.411436580517177
TMS14F1312P0013,-0.103549824363571,1.11559390639047,NA,-0.642532443021546
TMS14F1312P0020,-0.103549824363571,1.11559390639047,NA,-0.642532443021546
TMS15F1302P0027,-0.186103805014784,-0.329853756085949,1.57439098560714,-1.35190809014308
TMS15F1310P0019,-1.12736931759932,-0.329853756085949,-0.146649960291397,1.21880707653209
TMS15F1474P0007,-1.12736931759932,-0.329853756085949,-0.146649960291397,1.21880707653209
TMS16F1078P0006,-0.186103805014784,-0.329853756085949,-0.146649960291397,0.539141435294333
TMS16F1155P0004,0.58126687668261,-0.329853756085949,-0.146649960291397,-0.0781264336560341
TMS16F1507P0019,-1.12736931759932,-0.329853756085949,-0.146649960291397,1.21880707653209
TMS16F1522P0022,-0.186103805014784,-0.329853756085949,1.05602797014607,-0.689976240907643
TMS16F2003P0029,-1.12736931759932,-0.329853756085949,0.48270935559296,0.539141435294333
TMS16F2006P0038,1.30690294840993,-0.329853756085949,0.48270935559296,-1.35190809014308
TMS18F1047P0024,-1.12736931759932,-0.329853756085949,-0.146649960291397,1.21880707653209
TMS18F1092P0007,0.58126687668261,-0.329853756085949,1.05602797014607,-1.35190809014308
TMS18F1108P0012,0.58126687668261,-0.329853756085949,-0.146649960291397,-0.0781264336560341
TMS18F1163P0020,2.09263154058101,-0.329853756085949,-0.146649960291397,-1.35190809014308
TMS18F1173P0009,0.581266876682609,-0.329853756085949,1.05602797014607,-1.35190809014308
TMS18F1175P0039,-1.12736931759932,-0.329853756085949,-0.146649960291397,1.21880707653209
TMS18F1275P0004,0.58126687668261,-0.329853756085949,-0.146649960291397,-0.0781264336560341
TMS18F1288P0021,-1.12736931759932,-0.329853756085949,-0.146649960291397,1.21880707653209
TMS18F1297P0008,-1.12736931759932,-0.329853756085949,-0.146649960291397,1.21880707653209
TMS18F1298P0026,-1.12736931759932,3.00500740266507,-0.146649960291397,-1.35190809014308
TMS18F1302P0057,-0.186103805014784,-0.329853756085949,-0.146649960291397,0.539141435294333
TMS18F1307P0038,2.09263154058101,-0.329853756085949,-0.146649960291397,-1.35190809014308
TMS18F1307P0077,-1.12736931759932,-0.329853756085949,-0.146649960291397,1.21880707653209
TMS18F1309P0044,-1.12736931759932,-0.329853756085949,-0.146649960291397,1.21880707653209
TMS18F1331P0005,2.09263154058101,-0.329853756085949,-0.146649960291397,-1.35190809014308
TMS18F1336P0029,-1.12736931759932,-0.329853756085949,-0.146649960291397,1.21880707653209
TMS18F1339P0034,-1.12736931759932,-0.329853756085949,-0.146649960291397,1.21880707653209
TMS18F1352P0015,-1.12736931759932,-0.329853756085949,-0.146649960291397,1.21880707653209
TMS18F1472P0039,1.30690294840993,-0.329853756085949,-0.146649960291397,-0.689976240907643
TMS18F1481P0029,-0.186103805014784,0.825321794486372,-0.146649960291397,-0.0781264336560341
TMS18F1481P0075,-1.12736931759932,0.825321794486372,-0.146649960291397,0.539141435294333
TMS18F1485P0028,-1.12736931759932,-0.329853756085949,-0.146649960291397,1.21880707653209
TMS18F1562P0004,0.58126687668261,-0.329853756085949,-0.146649960291397,-0.0781264336560341
UKG41-9,-0.068162550719277,1.46105802335842,-0.325985136682494,-0.406830692835199
